timestamp,ch1 (µV),event
5.3400,17.66,0
5.3450,-9.38,0
5.3500,-9.38,0
5.3550,-9.38,0
5.3600,-9.38,0
5.3650,9.03,0
5.3700,9.03,0
5.3750,-3.64,0
5.3800,-3.64,0
5.3850,-3.64,0
5.3900,-5.55,0
5.3950,-5.55,0
5.4000,-5.70,0
5.4050,16.91,0
5.4100,16.53,0
5.4150,16.53,0
5.4200,16.53,0
5.4250,16.53,0
5.4300,16.53,0
5.4350,16.53,0
5.4400,8.84,0
5.4450,8.84,0
5.4500,17.84,0
5.4550,17.84,0
5.4600,-3.64,0
5.4650,-6.17,0
5.4700,-6.17,0
5.4750,-6.17,0
5.4800,-6.17,0
5.4850,9.24,0
5.4900,9.24,0
5.4950,-5.15,0
5.5000,-8.39,0
5.5050,-6.41,0
5.5100,-6.41,0
5.5150,9.71,0
5.5200,3.16,0
5.5250,3.16,0
5.5300,9.24,0
5.5350,-6.40,0
5.5400,-6.40,0
5.5450,19.21,0
5.5500,19.21,0
5.5550,8.24,0
5.5600,8.24,0
5.5650,7.99,0
5.5700,7.99,0
5.5750,-6.40,0
5.5800,-3.98,0
5.5850,-5.15,0
5.5900,-5.15,0
5.5950,-5.15,0
5.6000,-5.15,0
5.6050,9.42,0
5.6100,9.42,0
5.6150,-4.86,0
5.6200,-4.86,0
5.6250,-4.24,0
5.6300,-4.24,0
5.6350,9.41,0
5.6400,9.41,0
5.6450,8.04,0
5.6500,8.04,0
5.6550,-5.42,0
5.6600,-5.42,0
5.6650,19.22,0
5.6700,19.22,0
5.6750,-3.98,0
5.6800,14.85,0
5.6850,14.73,0
5.6900,14.73,0
5.6950,-0.52,0
5.7000,-0.52,0
5.7050,0.16,0
5.7100,0.16,0
5.7150,16.81,0
5.7200,16.81,0
5.7250,15.46,0
5.7300,18.35,0
5.7350,1.22,0
5.7400,1.22,0
5.7450,-0.05,0
5.7500,-0.05,0
5.7550,-7.59,0
5.7600,-7.59,0
5.7650,14.75,0
5.7700,14.75,0
5.7750,14.75,0
5.7800,14.75,0
5.7850,14.75,0
5.7900,-0.12,0
5.7950,-0.12,0
5.8000,13.63,0
5.8050,-7.17,0
5.8100,18.09,0
5.8150,0.57,0
5.8200,0.57,0
5.8250,0.57,0
5.8300,0.57,0
5.8350,0.59,0
5.8400,0.59,0
5.8450,-7.00,0
5.8500,-7.00,0
5.8550,2.33,0
5.8600,2.33,0
5.8650,5.06,0
5.8700,5.06,0
5.8750,5.06,0
5.8800,5.06,0
5.8850,17.31,0
5.8900,17.31,0
5.8950,-6.48,0
5.9000,-6.48,0
5.9050,17.48,0
5.9100,17.48,0
5.9150,17.48,0
5.9200,14.39,0
5.9250,14.39,0
5.9300,14.39,0
5.9350,16.10,0
5.9400,16.10,0
5.9450,-1.80,0
5.9500,-1.80,0
5.9550,15.28,0
5.9600,15.28,0
5.9650,-9.55,0
5.9700,7.35,0
5.9750,-9.55,0
5.9800,6.78,0
5.9850,-12.01,0
5.9900,2.53,0
5.9950,2.53,0
6.0000,-8.06,0
6.0050,-8.06,0
6.0100,19.24,0
6.0150,19.24,0
6.0200,19.24,0
6.0250,19.24,0
6.0300,2.08,0
6.0350,2.08,0
6.0400,13.61,0
6.0450,13.61,0
6.0500,19.36,0
6.0550,19.36,0
6.0600,-1.79,0
6.0650,-1.91,0
6.0700,2.82,0
6.0750,2.82,0
6.0800,2.82,0
6.0850,18.32,0
6.0900,-9.55,0
6.0950,-9.55,0
6.1000,1.52,0
6.1050,1.52,0
6.1100,4.43,0
6.1150,4.43,0
6.1200,-8.40,0
6.1250,-8.40,0
6.1300,14.87,0
6.1350,14.87,0
6.1400,14.87,0
6.1450,14.87,0
6.1500,14.87,0
6.1550,5.57,0
6.1600,15.22,0
6.1650,15.22,0
6.1700,19.96,0
6.1750,19.96,0
6.1800,2.91,0
6.1850,2.91,0
6.1900,2.91,0
6.1950,2.91,0
6.2000,16.54,0
6.2050,-12.09,0
6.2100,-12.09,0
6.2150,-12.09,0
6.2200,-1.56,0
6.2250,-1.56,0
6.2300,4.36,0
6.2350,4.36,0
6.2400,4.36,0
6.2450,4.53,0
6.2500,-8.16,0
6.2550,19.28,0
6.2600,19.28,0
6.2650,3.57,0
6.2700,14.89,0
6.2750,12.44,0
6.2800,12.44,0
6.2850,12.44,0
6.2900,12.44,0
6.2950,18.31,0
6.3000,18.31,0
6.3050,-5.40,0
6.3100,-5.40,0
6.3150,15.44,0
6.3200,15.44,0
6.3250,2.19,0
6.3300,15.44,0
6.3350,15.44,0
6.3400,15.44,0
6.3450,-1.18,0
6.3500,6.15,0
6.3550,20.55,0
6.3600,4.01,0
6.3650,-9.84,0
6.3700,-9.84,0
6.3750,19.10,0
6.3800,19.10,0
6.3850,19.10,0
6.3900,19.10,0
6.3950,19.10,0
6.4000,19.10,0
6.4050,2.89,0
6.4100,2.89,0
6.4150,2.89,0
6.4200,20.82,0
6.4250,20.82,0
6.4300,0.24,0
6.4350,0.24,0
6.4400,7.81,0
6.4450,-9.96,0
6.4500,-9.96,0
6.4550,-9.96,0
6.4600,-9.96,0
6.4650,1.15,0
6.4700,1.15,0
6.4750,5.26,0
6.4800,5.26,0
6.4850,-8.15,0
6.4900,-8.15,0
6.4950,-6.80,0
6.5000,3.88,0
6.5050,21.40,0
6.5100,21.40,0
6.5150,21.40,0
6.5200,21.40,0
6.5250,17.50,0
6.5300,17.50,0
6.5350,4.53,0
6.5400,-11.13,0
6.5450,17.72,0
6.5500,17.72,0
6.5550,-10.90,0
6.5600,-10.90,0
6.5650,-10.90,0
6.5700,-10.90,0
6.5750,6.49,0
6.5800,-6.65,0
6.5850,-1.27,0
6.5900,20.41,0
6.5950,9.49,0
6.6000,18.20,0
6.6050,12.76,0
6.6100,12.76,0
6.6150,12.76,0
6.6200,5.87,0
6.6250,5.87,0
6.6300,17.29,0
6.6350,17.29,0
6.6400,4.03,0
6.6450,17.29,0
6.6500,11.03,0
6.6550,11.03,0
6.6600,11.03,0
6.6650,11.03,0
6.6700,-1.48,0
6.6750,-1.48,0
6.6800,-9.52,0
6.6850,-9.52,0
6.6900,-9.52,0
6.6950,-9.52,0
6.7000,-7.14,0
6.7050,15.81,0
6.7100,4.54,0
6.7150,9.41,0
6.7200,-8.29,0
6.7250,-8.29,0
6.7300,-8.29,0
6.7350,17.29,0
6.7400,-8.29,0
6.7450,-8.29,0
6.7500,2.71,0
6.7550,2.71,0
6.7600,-4.87,0
6.7650,15.96,0
6.7700,12.65,0
6.7750,12.65,0
6.7800,21.09,0
6.7850,12.65,0
6.7900,12.65,0
6.7950,12.65,0
6.8000,18.06,0
6.8050,18.06,0
6.8100,-10.21,0
6.8150,-10.21,0
6.8200,4.06,0
6.8250,4.06,0
6.8300,-6.16,0
6.8350,-6.16,0
6.8400,17.32,0
6.8450,17.32,0
6.8500,-5.77,0
6.8550,18.41,0
6.8600,14.90,0
6.8650,14.90,0
6.8700,4.49,0
6.8750,4.49,0
6.8800,14.07,0
6.8850,-8.52,0
6.8900,-8.52,0
6.8950,-8.52,0
6.9000,14.07,0
6.9050,10.35,0
6.9100,6.21,0
6.9150,20.60,0
6.9200,20.60,0
6.9250,20.60,0
6.9300,-7.99,0
6.9350,13.21,0
6.9400,-0.85,0
6.9450,5.71,0
6.9500,-1.69,0
6.9550,-1.69,0
6.9600,-1.69,0
6.9650,-1.69,0
6.9700,-10.15,0
6.9750,-10.15,0
6.9800,14.17,0
6.9850,17.61,0
6.9900,-1.12,0
6.9950,-1.12,0
7.0000,20.91,0
7.0050,20.91,0
7.0100,20.91,0
7.0150,12.82,0
7.0200,12.82,0
7.0250,1.69,0
7.0300,20.91,0
7.0350,20.08,0
7.0400,20.08,0
7.0450,-7.71,0
7.0500,-7.71,0
7.0550,-7.71,0
7.0600,-7.71,0
7.0650,-7.71,0
7.0700,3.31,0
7.0750,3.31,0
7.0800,-1.52,0
7.0850,-1.52,0
7.0900,-8.97,0
7.0950,19.32,0
7.1000,17.79,0
7.1050,17.79,0
7.1100,1.63,0
7.1150,1.63,0
7.1200,18.71,0
7.1250,18.71,0
7.1300,18.71,0
7.1350,12.81,0
7.1400,15.23,0
7.1450,0.48,0
7.1500,0.48,0
7.1550,17.26,0
7.1600,17.26,0
7.1650,17.26,0
7.1700,-7.57,0
7.1750,-7.57,0
7.1800,-7.57,0
7.1850,-7.57,0
7.1900,2.79,0
7.1950,-1.63,0
7.2000,-1.63,0
7.2050,-1.63,0
7.2100,-10.04,0
7.2150,-8.22,0
7.2200,15.20,0
7.2250,-1.23,0
7.2300,15.20,0
7.2350,15.20,0
7.2400,15.20,0
7.2450,15.88,0
7.2500,7.42,0
7.2550,19.04,0
7.2600,19.04,0
7.2650,1.87,0
7.2700,1.87,0
7.2750,1.87,0
7.2800,1.87,0
7.2850,1.87,0
7.2900,15.88,0
7.2950,-6.80,0
7.3000,-4.53,0
7.3050,15.60,0
7.3100,15.60,0
7.3150,21.41,0
7.3200,21.41,0
7.3250,21.41,0
7.3300,8.34,0
7.3350,11.85,0
7.3400,9.40,0
7.3450,9.40,0
7.3500,-7.25,0
7.3550,-7.25,0
7.3600,19.81,0
7.3650,5.83,0
7.3700,8.75,0
7.3750,8.75,0
7.3800,20.74,0
7.3850,8.75,0
7.3900,9.61,0
7.3950,9.61,0
7.4000,20.58,0
7.4050,20.58,0
7.4100,0.96,0
7.4150,-5.44,0
7.4200,9.73,0
7.4250,-11.68,0
7.4300,-11.68,0
7.4350,19.53,0
7.4400,19.53,0
7.4450,-3.20,0
7.4500,-3.20,0
7.4550,8.59,0
7.4600,0.97,0
7.4650,-4.20,0
7.4700,-4.20,0
7.4750,0.98,0
7.4800,14.64,0
7.4850,19.79,0
7.4900,11.67,0
7.4950,11.67,0
7.5000,6.90,0
7.5050,6.90,0
7.5100,6.90,0
7.5150,22.78,0
7.5200,22.78,0
7.5250,22.78,0
7.5300,-2.11,0
7.5350,-2.11,0
7.5400,5.78,0
7.5450,5.78,0
7.5500,-5.19,0
7.5550,-5.19,0
7.5600,17.73,0
7.5650,-5.19,0
7.5700,-5.19,0
7.5750,-5.19,0
7.5800,-4.20,0
7.5850,7.37,0
7.5900,-4.80,0
7.5950,-4.80,0
7.6000,18.44,0
7.6050,18.44,0
7.6100,21.59,0
7.6150,-7.71,0
7.6200,10.82,0
7.6250,10.82,0
7.6300,9.14,0
7.6350,9.14,0
7.6400,21.91,0
7.6450,-5.74,0
7.6500,-5.74,0
7.6550,-5.74,0
7.6600,-5.74,0
7.6650,10.30,0
7.6700,10.30,0
7.6750,-7.96,0
7.6800,-7.96,0
7.6850,-7.96,0
7.6900,-7.96,0
7.6950,15.66,0
7.7000,-7.96,0
7.7050,8.85,0
7.7100,8.85,0
7.7150,-3.90,0
7.7200,-3.90,0
7.7250,20.49,0
7.7300,20.49,0
7.7350,9.34,0
7.7400,10.11,0
7.7450,10.11,0
7.7500,10.11,0
7.7550,10.11,0
7.7600,-8.41,0
7.7650,19.13,0
7.7700,19.13,0
7.7750,-8.85,0
7.7800,-8.36,0
7.7850,-8.85,0
7.7900,-8.85,0
7.7950,-8.85,0
7.8000,-8.85,0
7.8050,17.52,0
7.8100,17.52,0
7.8150,-5.26,0
7.8200,-5.26,0
7.8250,8.87,0
7.8300,8.87,0
7.8350,8.87,0
7.8400,8.87,0
7.8450,8.87,0
7.8500,8.87,0
7.8550,-6.05,0
7.8600,8.68,0
7.8650,-5.26,0
7.8700,9.01,0
7.8750,9.01,0
7.8800,9.01,0
7.8850,-4.38,0
7.8900,-4.38,0
7.8950,-6.91,0
7.9000,-6.91,0
7.9050,-7.56,0
7.9100,-0.45,0
7.9150,8.87,0
7.9200,10.52,0
7.9250,-6.82,0
7.9300,9.36,0
7.9350,-4.84,0
7.9400,-4.84,0
7.9450,9.37,0
7.9500,9.37,0
7.9550,9.37,0
7.9600,9.37,0
7.9650,9.15,0
7.9700,9.37,0
7.9750,9.07,0
7.9800,18.62,0
7.9850,16.68,0
7.9900,9.44,0
7.9950,11.74,0
8.0000,11.74,0
8.0050,11.74,0
8.0100,17.67,0
8.0150,17.67,0
8.0200,17.67,0
8.0250,17.67,0
8.0300,10.10,0
8.0350,-10.55,0
8.0400,-3.80,0
8.0450,-5.92,0
8.0500,-3.80,0
8.0550,-3.80,0
8.0600,-3.80,0
8.0650,-3.80,0
8.0700,-3.80,0
8.0750,8.56,0
8.0800,8.56,0
8.0850,-3.72,0
8.0900,-3.72,0
8.0950,20.97,0
8.1000,20.97,0
8.1050,20.97,0
8.1100,20.97,0
8.1150,20.97,0
8.1200,-5.02,0
8.1250,-5.02,0
8.1300,-5.02,0
8.1350,20.10,0
8.1400,20.10,0
8.1450,20.10,0
8.1500,3.64,0
8.1550,3.64,0
8.1600,-0.20,0
8.1650,-0.20,0
8.1700,-0.20,0
8.1750,16.36,0
8.1800,2.96,0
8.1850,2.96,0
8.1900,-8.64,0
8.1950,-8.64,0
8.2000,-8.64,0
8.2050,17.96,0
8.2100,17.96,0
8.2150,-1.87,0
8.2200,4.00,0
8.2250,4.00,0
8.2300,4.00,0
8.2350,4.00,0
8.2400,4.00,0
8.2450,16.42,0
8.2500,16.42,0
8.2550,-2.01,0
8.2600,10.01,0
8.2650,15.13,0
8.2700,-13.20,0
8.2750,-7.40,0
8.2800,11.47,0
8.2850,-7.40,0
8.2900,-7.40,0
8.2950,-3.55,0
8.3000,-7.40,0
8.3050,5.16,0
8.3100,-5.64,0
8.3150,-9.41,0
8.3200,17.42,0
8.3250,17.42,0
8.3300,17.42,0
8.3350,17.42,0
8.3400,1.95,0
8.3450,1.95,0
8.3500,14.43,0
8.3550,14.43,0
8.3600,13.65,0
8.3650,13.65,0
8.3700,13.65,0
8.3750,13.65,0
8.3800,-3.18,0
8.3850,-3.18,0
8.3900,16.16,0
8.3950,16.16,0
8.4000,-7.33,0
8.4050,-7.33,0
8.4100,-7.33,0
8.4150,-7.33,0
8.4200,-0.54,0
8.4250,-0.54,0
8.4300,-14.13,0
8.4350,-14.13,0
8.4400,19.92,0
8.4450,19.92,0
8.4500,19.92,0
8.4550,19.92,0
8.4600,3.46,0
8.4650,3.46,0
8.4700,3.46,0
8.4750,3.46,0
8.4800,-8.98,0
8.4850,-8.98,0
8.4900,-1.61,0
8.4950,-1.61,0
8.5000,1.65,0
8.5050,1.65,0
8.5100,12.75,0
8.5150,12.75,0
8.5200,-3.39,0
8.5250,-3.39,0
8.5300,-0.55,0
8.5350,18.72,0
8.5400,-0.55,0
8.5450,-0.55,0
8.5500,-0.55,0
8.5550,-0.55,0
8.5600,5.84,0
8.5650,-0.55,0
8.5700,-0.55,0
8.5750,17.47,0
8.5800,17.47,0
8.5850,5.76,0
8.5900,5.76,0
8.5950,5.76,0
8.6000,5.76,0
8.6050,14.13,0
8.6100,14.13,0
8.6150,-5.91,0
8.6200,-5.91,0
8.6250,-5.91,0
8.6300,-5.91,0
8.6350,15.69,0
8.6400,-8.43,0
8.6450,-8.43,0
8.6500,14.13,0
8.6550,-2.32,0
8.6600,-2.32,0
8.6650,1.58,0
8.6700,1.58,0
8.6750,16.23,0
8.6800,16.23,0
8.6850,-8.53,0
8.6900,-5.38,0
8.6950,16.75,0
8.7000,3.90,0
8.7050,4.78,0
8.7100,11.38,0
8.7150,-6.19,0
8.7200,-8.68,0
8.7250,17.97,0
8.7300,21.03,0
8.7350,21.03,0
8.7400,21.03,0
8.7450,21.03,0
8.7500,21.03,0
8.7550,14.78,0
8.7600,14.78,0
8.7650,-4.80,0
8.7700,-8.15,0
8.7750,18.24,0
8.7800,18.24,0
8.7850,-5.94,0
8.7900,-5.94,0
8.7950,-5.94,0
8.8000,-5.94,0
8.8050,-7.90,0
8.8100,-7.90,0
8.8150,18.95,0
8.8200,18.95,0
8.8250,18.95,0
8.8300,8.13,0
8.8350,-0.88,0
8.8400,-0.88,0
8.8450,-11.50,0
8.8500,-11.50,0
8.8550,18.05,0
8.8600,18.05,0
8.8650,-6.66,0
8.8700,-6.66,0
8.8750,14.26,0
8.8800,14.26,0
8.8850,-12.13,0
8.8900,-12.13,0
8.8950,21.19,0
8.9000,21.19,0
8.9050,-1.52,0
8.9100,-1.52,0
8.9150,4.25,0
8.9200,4.25,0
8.9250,-4.65,0
8.9300,-4.65,0
8.9350,18.78,0
8.9400,5.49,0
8.9450,-2.25,0
8.9500,-2.25,0
8.9550,6.08,0
8.9600,-4.65,0
8.9650,6.08,0
8.9700,11.69,0
8.9750,11.69,0
8.9800,19.30,0
8.9850,19.30,0
8.9900,-7.12,0
8.9950,-7.12,0
9.0000,17.73,0
9.0050,-7.12,0
9.0100,-7.12,0
9.0150,-7.12,0
9.0200,-5.49,0
9.0250,-5.49,0
9.0300,-9.94,0
9.0350,-9.94,0
9.0400,15.49,0
9.0450,15.49,0
9.0500,15.49,0
9.0550,1.86,0
9.0600,1.86,0
9.0650,-0.87,0
9.0700,-0.87,0
9.0750,20.62,0
9.0800,12.19,0
9.0850,16.08,0
9.0900,15.38,0
9.0950,3.32,0
9.1000,3.32,0
9.1050,-3.55,0
9.1100,-3.55,0
9.1150,-8.28,0
9.1200,-8.28,0
9.1250,-8.28,0
9.1300,-8.28,0
9.1350,-8.28,0
9.1400,-8.28,0
9.1450,5.94,0
9.1500,5.94,0
9.1550,-8.28,0
9.1600,-7.43,0
9.1650,13.05,0
9.1700,13.05,0
9.1750,13.05,0
9.1800,20.62,0
9.1850,-2.43,0
9.1900,-2.43,0
9.1950,-2.43,0
9.2000,-2.43,0
9.2050,17.66,0
9.2100,-7.84,0
9.2150,8.47,0
9.2200,5.08,0
9.2250,5.08,0
9.2300,16.91,0
9.2350,16.91,0
9.2400,16.91,0
9.2450,-5.44,0
9.2500,-5.44,0
9.2550,5.59,0
9.2600,5.59,0
9.2650,-4.72,0
9.2700,-4.72,0
9.2750,-4.72,0
9.2800,-3.71,0
9.2850,-4.72,0
9.2900,-4.72,0
9.2950,13.35,0
9.3000,13.35,0
9.3050,-2.92,0
9.3100,-2.92,0
9.3150,-2.92,0
9.3200,-2.92,0
9.3250,-2.92,0
9.3300,-2.92,0
9.3350,12.46,0
9.3400,12.46,0
9.3450,2.82,0
9.3500,2.82,0
9.3550,19.66,0
9.3600,19.66,0
9.3650,-9.67,0
9.3700,-9.67,0
9.3750,-9.67,0
9.3800,4.74,0
9.3850,4.74,0
9.3900,-1.19,0
9.3950,12.01,0
9.4000,-6.93,0
9.4050,-6.93,0
9.4100,15.81,0
9.4150,15.81,0
9.4200,3.70,0
9.4250,3.70,0
9.4300,0.81,0
9.4350,0.81,0
9.4400,7.64,0
9.4450,16.47,0
9.4500,12.77,0
9.4550,-10.21,0
9.4600,20.78,0
9.4650,-10.21,0
9.4700,10.56,0
9.4750,10.56,0
9.4800,10.56,0
9.4850,-6.91,0
9.4900,-6.91,0
9.4950,-6.91,0
9.5000,-6.91,0
9.5050,-9.79,0
9.5100,-0.70,0
9.5150,-0.70,0
9.5200,-0.70,0
9.5250,-6.73,0
9.5300,13.17,0
9.5350,13.17,0
9.5400,13.17,0
9.5450,13.17,0
9.5500,13.17,0
9.5550,13.17,0
9.5600,-1.06,0
9.5650,-1.06,0
9.5700,17.38,0
9.5750,17.38,0
9.5800,6.94,0
9.5850,6.94,0
9.5900,6.94,0
9.5950,6.94,0
9.6000,16.30,0
9.6050,17.73,0
9.6100,-13.32,0
9.6150,-13.32,0
9.6200,5.08,0
9.6250,5.08,0
9.6300,-1.81,0
9.6350,-1.81,0
9.6400,15.92,0
9.6450,15.92,0
9.6500,-11.00,0
9.6550,-3.94,0
9.6600,14.63,0
9.6650,14.63,0
9.6700,-2.63,0
9.6750,-2.63,0
9.6800,14.87,0
9.6850,18.49,0
9.6900,-1.03,0
9.6950,14.87,0
9.7000,-9.41,0
9.7050,-9.41,0
9.7100,-0.50,0
9.7150,-0.50,0
9.7200,14.26,0
9.7250,18.49,0
9.7300,14.26,0
9.7350,14.26,0
9.7400,14.63,0
9.7450,13.73,0
9.7500,13.73,0
9.7550,-2.10,0
9.7600,-2.10,0
9.7650,17.49,0
9.7700,-11.26,0
9.7750,-11.26,0
9.7800,-6.24,0
9.7850,-6.24,0
9.7900,12.86,0
9.7950,22.05,0
9.8000,7.60,0
9.8050,7.60,0
9.8100,11.05,0
9.8150,11.05,0
9.8200,11.05,0
9.8250,-4.97,0
9.8300,22.12,0
9.8350,22.12,0
9.8400,-6.65,0
9.8450,-2.52,0
9.8500,9.59,0
9.8550,-5.81,0
9.8600,-2.90,0
9.8650,-6.30,0
9.8700,-6.30,0
9.8750,-6.30,0
9.8800,-6.30,0
9.8850,-8.35,0
9.8900,22.05,0
9.8950,2.93,0
9.9000,4.80,0
9.9050,4.80,0
9.9100,4.80,0
9.9150,4.80,0
9.9200,4.80,0
9.9250,4.80,0
9.9300,-6.57,0
9.9350,-6.57,0
9.9400,9.76,0
9.9450,9.76,0
9.9500,17.14,0
9.9550,17.14,0
9.9600,-2.50,0
9.9650,5.68,0
9.9700,4.56,0
9.9750,4.56,0
9.9800,13.27,0
9.9850,13.27,0
9.9900,-5.61,0
9.9950,-5.61,0
10.0000,-5.61,0
10.0050,9.27,0
10.0100,-5.61,0
10.0150,-6.84,0
10.0200,-6.84,0
10.0250,-9.40,0
10.0300,17.64,0
10.0350,17.64,0
10.0400,17.64,0
10.0450,17.64,0
10.0500,10.18,0
10.0550,9.30,0
10.0600,12.16,0
10.0650,12.16,0
10.0700,-7.39,0
10.0750,-7.39,0
10.0800,16.89,0
10.0850,16.89,0
10.0900,-4.42,0
10.0950,-4.42,0
10.1000,11.71,0
10.1050,11.71,0
10.1100,-5.43,0
10.1150,-5.43,0
10.1200,19.41,0
10.1250,19.41,0
10.1300,6.83,0
10.1350,18.26,0
10.1400,6.83,0
10.1450,6.83,0
10.1500,-0.26,0
10.1550,17.14,0
10.1600,24.37,0
10.1650,24.37,0
10.1700,10.24,0
10.1750,10.24,0
10.1800,-2.67,0
10.1850,10.24,0
10.1900,10.24,0
10.1950,10.24,0
10.2000,20.27,0
10.2050,20.27,0
10.2100,-4.48,0
10.2150,-4.48,0
10.2200,2.66,0
10.2250,8.60,0
10.2300,-9.30,0
10.2350,-9.30,0
10.2400,-8.13,0
10.2450,-8.13,0
10.2500,10.22,0
10.2550,10.22,0
10.2600,10.22,0
10.2650,10.22,0
10.2700,10.22,0
10.2750,10.22,0
10.2800,19.98,0
10.2850,19.98,0
10.2900,7.56,0
10.2950,7.56,0
10.3000,12.35,0
10.3050,12.35,0
10.3100,-10.24,0
10.3150,-10.24,0
10.3200,26.04,0
10.3250,22.49,0
10.3300,22.49,0
10.3350,2.87,0
10.3400,-4.37,0
10.3450,11.72,1
10.3500,11.72,0
10.3550,-3.30,0
10.3600,-3.30,0
10.3650,16.89,0
10.3700,-10.44,0
10.3750,-10.44,0
10.3800,-8.12,0
10.3850,6.19,0
10.3900,6.19,0
10.3950,-7.00,0
10.4000,-7.00,0
10.4050,19.18,0
10.4100,19.18,0
10.4150,-6.45,0
10.4200,13.58,0
10.4250,13.58,0
10.4300,13.58,0
10.4350,8.40,0
10.4400,8.40,0
10.4450,21.83,0
10.4500,21.83,0
10.4550,21.83,0
10.4600,21.83,0
10.4650,8.17,0
10.4700,8.17,0
10.4750,-6.93,0
10.4800,-6.93,0
10.4850,21.01,0
10.4900,21.01,0
10.4950,-7.25,0
10.5000,9.18,0
10.5050,2.18,0
10.5100,9.18,0
10.5150,-8.09,0
10.5200,20.67,0
10.5250,20.67,0
10.5300,20.67,0
10.5350,20.67,0
10.5400,20.67,0
10.5450,20.67,0
10.5500,10.34,0
10.5550,5.83,0
10.5600,17.68,0
10.5650,17.68,0
10.5700,-7.66,0
10.5750,-7.66,0
10.5800,9.32,0
10.5850,9.32,0
10.5900,8.78,0
10.5950,8.78,0
10.6000,-0.07,0
10.6050,-0.07,0
10.6100,1.67,0
10.6150,1.67,0
10.6200,-8.39,0
10.6250,-8.39,0
10.6300,-8.39,0
10.6350,-8.39,0
10.6400,-8.39,0
10.6450,-8.39,0
10.6500,-3.25,0
10.6550,-3.25,0
10.6600,12.99,0
10.6650,12.99,0
10.6700,14.36,0
10.6750,14.36,0
10.6800,-10.29,0
10.6850,2.10,0
10.6900,1.72,0
10.6950,1.72,0
10.7000,-6.21,0
10.7050,-6.21,0
10.7100,-6.21,0
10.7150,-6.21,0
10.7200,-6.21,0
10.7250,-6.21,0
10.7300,-6.21,0
10.7350,-6.21,0
10.7400,0.28,0
10.7450,0.28,0
10.7500,2.25,0
10.7550,19.25,0
10.7600,-1.25,0
10.7650,-1.25,0
10.7700,-1.25,0
10.7750,3.15,0
10.7800,3.15,0
10.7850,18.95,0
10.7900,18.95,0
10.7950,17.15,0
10.8000,17.15,0
10.8050,0.28,0
10.8100,-0.85,0
10.8150,2.19,0
10.8200,2.19,0
10.8250,-14.30,0
10.8300,-14.30,0
10.8350,-14.30,0
10.8400,-14.30,0
10.8450,2.06,0
10.8500,2.06,0
10.8550,3.48,0
10.8600,3.48,0
10.8650,14.96,0
10.8700,-6.03,0
10.8750,15.73,0
10.8800,15.73,0
10.8850,15.73,0
10.8900,0.17,0
10.8950,0.17,0
10.9000,0.17,0
10.9050,21.84,0
10.9100,0.17,0
10.9150,-9.63,0
10.9200,17.61,0
10.9250,17.61,0
10.9300,17.61,0
10.9350,1.30,0
10.9400,2.25,0
10.9450,2.25,0
10.9500,-8.50,0
10.9550,-8.50,0
10.9600,16.30,0
10.9650,16.30,0
10.9700,2.76,0
10.9750,2.76,0
10.9800,2.76,0
10.9850,20.28,0
10.9900,-9.83,0
10.9950,-9.83,0
11.0000,18.26,0
11.0050,18.26,0
11.0100,2.56,0
11.0150,2.56,0
11.0200,17.68,0
11.0250,0.50,0
11.0300,17.68,0
11.0350,17.68,0
11.0400,20.54,0
11.0450,20.54,0
11.0500,2.58,0
11.0550,2.58,0
11.0600,17.00,0
11.0650,17.00,0
11.0700,-7.70,0
11.0750,-7.70,0
11.0800,-7.70,0
11.0850,-7.70,0
11.0900,-7.70,0
11.0950,-7.70,0
11.1000,15.84,0
11.1050,15.84,0
11.1100,-13.70,0
11.1150,-13.70,0
11.1200,16.90,0
11.1250,16.90,0
11.1300,-9.24,0
11.1350,2.70,0
11.1400,18.96,0
11.1450,18.96,0
11.1500,18.96,0
11.1550,18.96,0
11.1600,18.95,0
11.1650,18.95,0
11.1700,18.95,0
11.1750,18.95,0
11.1800,18.95,0
11.1850,18.95,0
11.1900,18.95,0
11.1950,-0.86,0
11.2000,-0.86,0
11.2050,18.63,0
11.2100,2.91,0
11.2150,2.91,0
11.2200,18.62,0
11.2250,2.91,0
11.2300,-13.70,0
11.2350,2.91,0
11.2400,18.05,0
11.2450,16.09,0
11.2500,16.09,0
11.2550,16.09,0
11.2600,16.09,0
11.2650,16.09,0
11.2700,8.53,0
11.2750,1.14,0
11.2800,18.47,0
11.2850,18.47,0
11.2900,2.28,0
11.2950,-5.68,0
11.3000,18.63,0
11.3050,2.28,0
11.3100,8.65,0
11.3150,3.98,0
11.3200,3.98,0
11.3250,-1.40,0
11.3300,-1.40,0
11.3350,-1.40,0
11.3400,-1.40,0
11.3450,2.09,0
11.3500,2.09,0
11.3550,2.09,0
11.3600,-7.62,0
11.3650,-7.62,0
11.3700,-1.55,0
11.3750,-1.55,0
11.3800,11.00,0
11.3850,14.99,0
11.3900,-1.55,0
11.3950,14.99,0
11.4000,14.99,0
11.4050,21.02,0
11.4100,19.13,0
11.4150,18.52,0
11.4200,-4.74,0
11.4250,-4.74,0
11.4300,-4.74,0
11.4350,-4.74,0
11.4400,-4.74,0
11.4450,-4.74,0
11.4500,-4.74,0
11.4550,19.14,0
11.4600,19.14,0
11.4650,-12.38,0
11.4700,-12.38,0
11.4750,12.04,0
11.4800,7.81,0
11.4850,7.81,0
11.4900,-4.36,0
11.4950,-4.36,0
11.5000,-4.36,0
11.5050,19.06,0
11.5100,19.06,0
11.5150,21.02,0
11.5200,-11.97,0
11.5250,4.89,0
11.5300,0.86,0
11.5350,-2.84,0
11.5400,16.49,0
11.5450,-8.10,0
11.5500,-8.10,0
11.5550,-8.10,0
11.5600,-8.10,0
11.5650,8.53,0
11.5700,8.53,0
11.5750,-2.36,0
11.5800,-5.95,0
11.5850,-5.95,0
11.5900,11.37,0
11.5950,11.37,0
11.6000,11.37,0
11.6050,11.37,0
11.6100,11.37,0
11.6150,-1.41,0
11.6200,-1.41,0
11.6250,-1.41,0
11.6300,-1.41,0
11.6350,-9.38,0
11.6400,-9.38,0
11.6450,-13.44,0
11.6500,-9.38,0
11.6550,-3.18,0
11.6600,-3.18,0
11.6650,15.30,0
11.6700,15.30,0
11.6750,-6.95,0
11.6800,-13.44,0
11.6850,8.97,0
11.6900,8.97,0
11.6950,-5.11,0
11.7000,-5.11,0
11.7050,20.70,0
11.7100,6.45,0
11.7150,11.99,0
11.7200,11.99,0
11.7250,11.99,0
11.7300,11.99,0
11.7350,-5.36,0
11.7400,-6.73,0
11.7450,16.49,0
11.7500,16.49,0
11.7550,16.49,0
11.7600,16.49,0
11.7650,-5.39,0
11.7700,-5.39,0
11.7750,-6.32,0
11.7800,-6.32,0
11.7850,6.37,0
11.7900,-6.73,0
11.7950,-4.63,0
11.8000,6.25,0
11.8050,7.85,0
11.8100,7.85,0
11.8150,-5.37,0
11.8200,-5.37,0
11.8250,-5.37,0
11.8300,-5.37,0
11.8350,-7.84,0
11.8400,15.44,0
11.8450,14.34,0
11.8500,14.34,0
11.8550,-2.31,0
11.8600,19.06,0
11.8650,19.06,0
11.8700,-6.98,0
11.8750,-6.98,0
11.8800,7.54,0
11.8850,7.54,0
11.8900,16.60,0
11.8950,7.54,0
11.9000,7.54,0
11.9050,19.96,0
11.9100,19.96,0
11.9150,-6.95,0
11.9200,-6.95,0
11.9250,6.64,0
11.9300,6.64,0
11.9350,-0.70,0
11.9400,-0.70,0
11.9450,-0.70,0
11.9500,3.88,0
11.9550,-9.66,0
11.9600,-9.66,0
11.9650,14.77,0
11.9700,-2.31,0
11.9750,-3.66,0
11.9800,20.38,0
11.9850,20.38,0
11.9900,20.38,0
11.9950,20.38,0
12.0000,12.73,0
12.0050,12.73,0
12.0100,20.01,0
12.0150,9.25,0
12.0200,19.37,0
12.0250,19.37,0
12.0300,-8.91,0
12.0350,-8.91,0
12.0400,9.64,0
12.0450,9.64,0
12.0500,7.08,0
12.0550,0.69,0
12.0600,-3.86,0
12.0650,-3.86,0
12.0700,-11.93,0
12.0750,-11.93,0
12.0800,11.57,0
12.0850,11.57,0
12.0900,5.82,0
12.0950,5.82,0
12.1000,20.57,0
12.1050,20.57,0
12.1100,20.57,0
12.1150,20.57,0
12.1200,20.57,0
12.1250,20.57,0
12.1300,7.99,0
12.1350,7.99,0
12.1400,21.83,0
12.1450,21.83,0
12.1500,21.83,0
12.1550,21.83,0
12.1600,21.83,0
12.1650,11.39,0
12.1700,11.59,0
12.1750,11.59,0
12.1800,-2.67,0
12.1850,-2.67,0
12.1900,-6.69,0
12.1950,-6.69,0
12.2000,-6.69,0
12.2050,-6.69,0
12.2100,11.00,0
12.2150,11.00,0
12.2200,-1.32,0
12.2250,-1.32,0
12.2300,-1.32,0
12.2350,-1.32,0
12.2400,20.79,0
12.2450,14.81,0
12.2500,19.12,0
12.2550,1.07,0
12.2600,-2.33,0
12.2650,-2.33,0
12.2700,2.98,0
12.2750,2.98,0
12.2800,-0.14,0
12.2850,-8.31,0
12.2900,-8.31,0
12.2950,-8.31,0
12.3000,-9.24,0
12.3050,-1.32,0
12.3100,0.55,0
12.3150,-1.87,0
12.3200,1.14,0
12.3250,-11.22,0
12.3300,-11.22,0
12.3350,-11.22,0
12.3400,-11.22,0
12.3450,-11.22,0
12.3500,0.16,0
12.3550,0.16,0
12.3600,13.98,0
12.3650,13.98,0
12.3700,14.46,0
12.3750,14.46,0
12.3800,14.46,0
12.3850,-3.84,0
12.3900,-2.32,0
12.3950,1.88,0
12.4000,1.88,0
12.4050,16.44,0
12.4100,16.44,0
12.4150,-11.49,0
12.4200,-11.49,0
12.4250,-5.97,0
12.4300,-1.46,0
12.4350,2.81,0
12.4400,2.81,0
12.4450,-10.09,0
12.4500,-10.09,0
12.4550,16.01,0
12.4600,16.01,0
12.4650,16.01,0
12.4700,16.01,0
12.4750,-2.57,0
12.4800,-3.84,0
12.4850,15.94,0
12.4900,15.94,0
12.4950,17.31,0
12.5000,-0.91,0
12.5050,-0.91,0
12.5100,-0.91,0
12.5150,-0.91,0
12.5200,15.37,0
12.5250,15.37,0
12.5300,15.37,0
12.5350,-8.43,0
12.5400,2.22,0
12.5450,2.22,0
12.5500,6.67,0
12.5550,6.67,0
12.5600,6.67,0
12.5650,6.67,0
12.5700,-8.20,0
12.5750,18.45,0
12.5800,16.15,0
12.5850,17.70,0
12.5900,17.70,0
12.5950,4.85,0
12.6000,4.85,0
12.6050,-8.43,0
12.6100,4.85,0
12.6150,13.89,0
12.6200,13.89,0
12.6250,15.96,0
12.6300,-3.47,0
12.6350,-3.47,0
12.6400,-3.47,0
12.6450,14.24,0
12.6500,-7.68,0
12.6550,-7.68,0
12.6600,-7.68,0
12.6650,4.85,0
12.6700,-3.27,0
12.6750,3.35,0
12.6800,3.35,0
12.6850,3.35,0
12.6900,3.35,0
12.6950,-10.58,0
12.7000,-10.58,0
12.7050,17.25,0
12.7100,-1.86,0
12.7150,-1.86,0
12.7200,14.64,0
12.7250,14.64,0
12.7300,14.64,0
12.7350,14.64,0
12.7400,14.64,0
12.7450,19.45,0
12.7500,19.45,0
12.7550,-2.98,0
12.7600,-2.98,0
12.7650,10.94,0
12.7700,10.94,0
12.7750,-8.43,0
12.7800,-8.43,0
12.7850,19.27,0
12.7900,-1.44,0
12.7950,-1.44,0
12.8000,-1.44,0
12.8050,5.42,0
12.8100,5.42,0
12.8150,-5.61,0
12.8200,-5.61,0
12.8250,19.98,0
12.8300,19.98,0
12.8350,1.27,0
12.8400,13.29,0
12.8450,13.29,0
12.8500,13.29,0
12.8550,-0.16,0
12.8600,21.48,0
12.8650,21.48,0
12.8700,-0.47,0
12.8750,-0.47,0
12.8800,-0.47,0
12.8850,-0.47,0
12.8900,-0.47,0
12.8950,-0.47,0
12.9000,19.36,0
12.9050,19.36,0
12.9100,19.36,0
12.9150,19.36,0
12.9200,19.36,0
12.9250,19.36,0
12.9300,5.43,0
12.9350,5.43,0
12.9400,-0.47,0
12.9450,20.22,0
12.9500,1.85,0
12.9550,1.85,0
12.9600,1.85,0
12.9650,0.97,0
12.9700,0.97,0
12.9750,15.50,0
12.9800,15.50,0
12.9850,16.54,0
12.9900,16.54,0
12.9950,1.24,0
13.0000,-0.21,0
13.0050,-0.21,0
13.0100,-0.21,0
13.0150,-36.39,0
13.0200,-36.39,0
13.0250,-36.39,0
13.0300,-58.84,0
13.0350,-58.84,0
13.0400,-58.84,0
13.0450,18.94,0
13.0500,18.94,0
13.0550,18.94,0
13.0600,18.94,0
13.0650,18.94,0
13.0700,-66.84,0
13.0750,21.27,0
13.0800,-82.77,0
13.0850,-82.77,0
13.0900,-359.41,0
13.0950,19.46,0
13.1000,-163.78,0
13.1050,-163.78,0
13.1100,-222.74,0
13.1150,-222.74,0
13.1200,47.63,0
13.1250,47.63,0
13.1300,305.90,0
13.1350,305.90,0
13.1400,76.78,0
13.1450,76.78,0
13.1500,30.77,0
13.1550,30.77,0
13.1600,-3.96,0
13.1650,-3.96,0
13.1700,-21.63,0
13.1750,-21.63,0
13.1800,-21.63,0
13.1850,-21.63,0
13.1900,-3.83,0
13.1950,-3.83,0
13.2000,-3.83,0
13.2050,47.63,0
13.2100,28.85,0
13.2150,28.85,0
13.2200,64.92,0
13.2250,130.18,0
13.2300,156.85,0
13.2350,156.85,0
13.2400,156.85,0
13.2450,90.54,0
13.2500,23.95,0
13.2550,-17.73,0
13.2600,-17.73,0
13.2650,61.82,0
13.2700,90.99,0
13.2750,90.99,0
13.2800,90.99,0
13.2850,57.99,0
13.2900,52.19,0
13.2950,203.45,0
13.3000,-3.80,0
13.3050,203.45,0
13.3100,203.45,0
13.3150,203.45,0
13.3200,203.45,0
13.3250,392.40,0
13.3300,-151.95,0
13.3350,-151.95,0
13.3400,-93.12,0
13.3450,-93.12,0
13.3500,-93.12,0
13.3550,-93.12,0
13.3600,-96.27,0
13.3650,-96.27,0
13.3700,-102.58,0
13.3750,-102.58,0
13.3800,-102.58,0
13.3850,-101.08,0
13.3900,-101.08,0
13.3950,37.93,0
13.4000,37.93,0
13.4050,37.93,0
13.4100,37.93,0
13.4150,37.93,0
13.4200,-41.13,0
13.4250,-41.13,0
13.4300,-41.13,0
13.4350,-111.40,0
13.4400,-78.38,0
13.4450,-78.38,0
13.4500,-276.02,0
13.4550,-101.09,0
13.4600,-178.55,0
13.4650,-178.55,0
13.4700,-178.55,0
13.4750,80.22,0
13.4800,-85.53,0
13.4850,-243.98,0
13.4900,-85.53,0
13.4950,-3.11,0
13.5000,-3.11,0
13.5050,-3.11,0
13.5100,-3.11,0
13.5150,-3.11,0
13.5200,-422.98,0
13.5250,-422.98,0
13.5300,-422.98,0
13.5350,-82.30,0
13.5400,-82.30,0
13.5450,-404.67,0
13.5500,-404.67,0
13.5550,-211.41,0
13.5600,-878.89,0
13.5650,-878.89,0
13.5700,-101.49,0
13.5750,-1082.13,0
13.5800,-1082.13,0
13.5850,-342.30,0
13.5900,-342.30,0
13.5950,-36.06,0
13.6000,318.13,0
13.6050,-426.64,0
13.6100,-426.64,0
13.6150,-426.64,0
13.6200,-426.64,0
13.6250,-426.64,0
13.6300,-426.64,0
13.6350,125.70,0
13.6400,-520.04,0
13.6450,-520.04,0
13.6500,-94.49,0
13.6550,-50.22,0
13.6600,-588.49,0
13.6650,-588.49,0
13.6700,125.70,0
13.6750,-937.87,0
13.6800,-937.87,0
13.6850,-365.91,0
13.6900,-1284.88,0
13.6950,-373.07,0
13.7000,-213.49,0
13.7050,-1194.44,0
13.7100,-1194.44,0
13.7150,-1361.18,0
13.7200,-1361.18,0
13.7250,-1383.95,0
13.7300,-1549.13,0
13.7350,289.40,0
13.7400,-1549.13,0
13.7450,-1549.13,0
13.7500,489.09,0
13.7550,-1892.31,0
13.7600,-255.38,0
13.7650,-1776.34,0
13.7700,436.51,0
13.7750,-1810.15,0
13.7800,-1810.15,0
13.7850,-1535.38,0
13.7900,-1535.38,0
13.7950,-1535.38,0
13.8000,-1535.38,0
13.8050,-1587.99,0
13.8100,-1369.76,0
13.8150,-1369.76,0
13.8200,-1369.76,0
13.8250,-1369.76,0
13.8300,-1369.76,0
13.8350,-1369.76,0
13.8400,-1369.76,0
13.8450,-1369.76,0
13.8500,-604.54,0
13.8550,-1261.24,0
13.8600,-1189.79,0
13.8650,-1189.79,0
13.8700,-167.05,0
13.8750,-167.05,0
13.8800,-186.75,0
13.8850,-186.75,0
13.8900,-97.60,0
13.8950,-97.60,0
13.9000,-1299.24,0
13.9050,-97.60,0
13.9100,-121.14,0
13.9150,-121.14,0
13.9200,-118.13,0
13.9250,-83.99,0
13.9300,5.47,0
13.9350,5.47,0
13.9400,29.75,0
13.9450,29.75,0
13.9500,29.75,0
13.9550,29.75,0
13.9600,29.75,0
13.9650,29.75,0
13.9700,-37.49,0
13.9750,-37.49,0
13.9800,-206.12,0
13.9850,-206.12,0
13.9900,-305.29,0
13.9950,-305.29,0
14.0000,-1239.19,0
14.0050,-106.51,0
14.0100,-65.12,0
14.0150,-305.29,0
14.0200,-117.65,0
14.0250,-117.65,0
14.0300,-61.48,0
14.0350,-61.48,0
14.0400,-13.48,0
14.0450,-13.48,0
14.0500,27.66,0
14.0550,27.66,0
14.0600,27.66,0
14.0650,93.61,0
14.0700,93.61,0
14.0750,93.61,0
14.0800,93.61,0
14.0850,-95.84,0
14.0900,-201.34,0
14.0950,-201.34,0
14.1000,-201.34,0
14.1050,-201.34,0
14.1100,-180.82,0
14.1150,-180.82,0
14.1200,-348.44,0
14.1250,-348.44,0
14.1300,-348.44,0
14.1350,-225.73,0
14.1400,-277.46,0
14.1450,-277.46,0
14.1500,-120.93,0
14.1550,-120.93,0
14.1600,-42.67,0
14.1650,-42.67,0
14.1700,197.49,0
14.1750,-120.93,0
14.1800,370.54,0
14.1850,-95.83,0
14.1900,-41.37,0
14.1950,-41.37,0
14.2000,-486.13,0
14.2050,-486.13,0
14.2100,-136.88,0
14.2150,-136.88,0
14.2200,280.48,0
14.2250,280.48,0
14.2300,693.54,0
14.2350,693.54,0
14.2400,693.54,0
14.2450,693.54,0
14.2500,1351.00,0
14.2550,1351.00,0
14.2600,1060.24,0
14.2650,1060.24,0
14.2700,-199.89,0
14.2750,1060.24,0
14.2800,988.82,0
14.2850,988.82,0
14.2900,766.97,0
14.2950,766.97,0
14.3000,766.97,0
14.3050,766.97,0
14.3100,766.97,0
14.3150,766.97,0
14.3200,766.97,0
14.3250,575.67,0
14.3300,575.67,0
14.3350,586.73,0
14.3400,586.73,0
14.3450,920.76,0
14.3500,920.76,0
14.3550,920.76,0
14.3600,1021.38,0
14.3650,1021.38,0
14.3700,1164.26,0
14.3750,1164.26,0
14.3800,1320.33,0
14.3850,1320.33,0
14.3900,1320.33,0
14.3950,1320.33,0
14.4000,113.59,0
14.4050,113.59,0
14.4100,-460.56,0
14.4150,736.04,0
14.4200,33.96,0
14.4250,33.96,0
14.4300,389.58,0
14.4350,469.16,0
14.4400,469.16,0
14.4450,367.26,0
14.4500,367.26,0
14.4550,274.15,0
14.4600,274.15,0
14.4650,592.04,0
14.4700,592.04,0
14.4750,-51.85,0
14.4800,-51.85,0
14.4850,46.54,0
14.4900,46.54,0
14.4950,592.04,0
14.5000,333.70,0
14.5050,-96.23,0
14.5100,333.70,0
14.5150,333.70,0
14.5200,643.29,0
14.5250,643.29,0
14.5300,633.87,0
14.5350,633.87,0
14.5400,1050.75,0
14.5450,1050.75,0
14.5500,1050.83,0
14.5550,1050.83,0
14.5600,1050.83,0
14.5650,274.01,0
14.5700,733.08,0
14.5750,733.08,0
14.5800,629.56,0
14.5850,789.91,0
14.5900,789.91,0
14.5950,939.93,0
14.6000,939.93,0
14.6050,939.93,0
14.6100,829.56,0
14.6150,829.56,0
14.6200,427.43,0
14.6250,1174.33,0
14.6300,1347.49,0
14.6350,1347.49,0
14.6400,630.02,0
14.6450,559.50,0
14.6500,559.50,0
14.6550,603.43,0
14.6600,603.43,0
14.6650,353.73,0
14.6700,353.73,0
14.6750,1241.46,0
14.6800,1241.46,0
14.6850,1710.43,0
14.6900,1710.43,0
14.6950,629.84,0
14.7000,2662.49,0
14.7050,534.27,0
14.7100,2575.63,0
14.7150,629.32,0
14.7200,2198.35,0
14.7250,2198.35,0
14.7300,1892.06,0
14.7350,1892.06,0
14.7400,2006.79,0
14.7450,2006.79,0
14.7500,1378.02,0
14.7550,1820.60,0
14.7600,1820.60,0
14.7650,1820.60,0
14.7700,1969.17,0
14.7750,629.34,0
14.7800,1561.10,0
14.7850,767.90,0
14.7900,1561.10,0
14.7950,1561.10,0
14.8000,2241.93,0
14.8050,2241.93,0
14.8100,2201.07,0
14.8150,2201.07,0
14.8200,1687.38,0
14.8250,1142.09,0
14.8300,1142.09,0
14.8350,530.20,0
14.8400,1142.09,0
14.8450,1142.09,0
14.8500,1753.26,0
14.8550,1753.26,0
14.8600,1753.26,0
14.8650,1024.91,0
14.8700,1024.91,0
14.8750,1024.91,0
14.8800,993.87,0
14.8850,993.87,0
14.8900,993.87,0
14.8950,1053.09,0
14.9000,1053.09,0
14.9050,1053.09,0
14.9100,1053.09,0
14.9150,1053.09,0
14.9200,1053.09,0
14.9250,1048.42,0
14.9300,1048.42,0
14.9350,1683.85,0
14.9400,1683.85,0
14.9450,1754.98,0
14.9500,1508.37,0
14.9550,1754.98,0
14.9600,1754.98,0
14.9650,1692.30,0
14.9700,1692.30,0
14.9750,1736.24,0
14.9800,1680.29,0
14.9850,1469.05,0
14.9900,1809.97,0
14.9950,1469.05,0
15.0000,1469.05,0
15.0050,1152.33,0
15.0100,1469.05,0
15.0150,830.81,0
15.0200,830.81,0
15.0250,826.27,0
15.0300,826.27,0
15.0350,913.18,0
15.0400,913.18,0
15.0450,913.18,0
15.0500,913.18,0
15.0550,913.18,0
15.0600,877.16,0
15.0650,877.16,0
15.0700,1181.30,0
15.0750,1692.18,0
15.0800,826.27,0
15.0850,895.90,0
15.0900,895.90,0
15.0950,895.90,0
15.1000,895.90,0
15.1050,1691.85,0
15.1100,890.01,0
15.1150,890.01,0
15.1200,681.50,0
15.1250,913.17,0
15.1300,681.50,0
15.1350,681.50,0
15.1400,850.04,0
15.1450,850.04,0
15.1500,826.59,0
15.1550,826.59,0
15.1600,858.73,0
15.1650,858.73,0
15.1700,770.06,0
15.1750,770.06,0
15.1800,770.06,0
15.1850,429.64,0
15.1900,429.64,0
15.1950,429.64,0
15.2000,429.64,0
15.2050,1164.22,0
15.2100,1164.22,0
15.2150,1535.03,0
15.2200,1535.03,0
15.2250,1535.03,0
15.2300,1535.03,0
15.2350,1535.03,0
15.2400,615.79,0
15.2450,1389.28,0
15.2500,1389.28,0
15.2550,1817.39,0
15.2600,1817.39,0
15.2650,2169.37,0
15.2700,2169.37,0
15.2750,2383.23,0
15.2800,2383.23,0
15.2850,2094.86,0
15.2900,2094.86,0
15.2950,2094.86,0
15.3000,2094.86,0
15.3050,2094.86,0
15.3100,2094.86,0
15.3150,1502.71,0
15.3200,1502.71,0
15.3250,2161.06,0
15.3300,1586.62,0
15.3350,1878.56,0
15.3400,1205.38,0
15.3450,1205.38,1
15.3500,1205.38,0
15.3550,1205.38,0
15.3600,1205.38,0
15.3650,1205.38,0
15.3700,1532.96,0
15.3750,1502.72,0
15.3800,1323.44,0
15.3850,1197.04,0
15.3900,1968.62,0
15.3950,1968.62,0
15.4000,1942.45,0
15.4050,1942.45,0
15.4100,1865.47,0
15.4150,1865.47,0
15.4200,1673.12,0
15.4250,1923.27,0
15.4300,2029.76,0
15.4350,2063.40,0
15.4400,2063.40,0
15.4450,2129.16,0
15.4500,2129.16,0
15.4550,2129.16,0
15.4600,1968.63,0
15.4650,2052.21,0
15.4700,1923.27,0
15.4750,2052.21,0
15.4800,2191.63,0
15.4850,1313.78,0
15.4900,250.15,0
15.4950,84.87,0
15.5000,84.87,0
15.5050,129.84,0
15.5100,129.84,0
15.5150,129.84,0
15.5200,102.08,0
15.5250,102.08,0
15.5300,162.09,0
15.5350,102.08,0
15.5400,98.33,0
15.5450,98.33,0
15.5500,98.33,0
15.5550,116.38,0
15.5600,116.38,0
15.5650,109.71,0
15.5700,109.71,0
15.5750,109.71,0
15.5800,1939.71,0
15.5850,239.47,0
15.5900,239.47,0
15.5950,165.71,0
15.6000,165.71,0
15.6050,69.97,0
15.6100,69.97,0
15.6150,-56.53,0
15.6200,-56.53,0
15.6250,-185.08,0
15.6300,-185.08,0
15.6350,-138.50,0
15.6400,-138.50,0
15.6450,28.54,0
15.6500,28.54,0
15.6550,-59.89,0
15.6600,-59.89,0
15.6650,-59.89,0
15.6700,-142.41,0
15.6750,-142.41,0
15.6800,-41.23,0
15.6850,-41.23,0
15.6900,38.96,0
15.6950,38.96,0
15.7000,38.96,0
15.7050,38.96,0
15.7100,126.03,0
15.7150,126.03,0
15.7200,166.01,0
15.7250,263.28,0
15.7300,263.28,0
15.7350,263.28,0
15.7400,115.34,0
15.7450,104.24,0
15.7500,115.34,0
15.7550,115.34,0
15.7600,115.34,0
15.7650,115.34,0
15.7700,902.20,0
15.7750,902.20,0
15.7800,15.23,0
15.7850,926.46,0
15.7900,263.28,0
15.7950,993.92,0
15.8000,872.00,0
15.8050,1041.21,0
15.8100,1041.21,0
15.8150,917.55,0
15.8200,917.55,0
15.8250,917.55,0
15.8300,839.76,0
15.8350,934.31,0
15.8400,934.31,0
15.8450,903.41,0
15.8500,903.41,0
15.8550,887.28,0
15.8600,887.28,0
15.8650,887.28,0
15.8700,887.28,0
15.8750,935.78,0
15.8800,935.78,0
15.8850,876.55,0
15.8900,876.55,0
15.8950,938.22,0
15.9000,938.22,0
15.9050,956.94,0
15.9100,190.58,0
15.9150,956.94,0
15.9200,956.94,0
15.9250,839.76,0
15.9300,953.64,0
15.9350,872.36,0
15.9400,935.37,0
15.9450,1079.08,0
15.9500,1079.08,0
15.9550,1005.06,0
15.9600,1005.06,0
15.9650,961.57,0
15.9700,961.57,0
15.9750,976.68,0
15.9800,990.38,0
15.9850,1090.58,0
15.9900,1090.58,0
15.9950,953.56,0
16.0000,953.56,0
16.0050,972.26,0
16.0100,972.26,0
16.0150,972.26,0
16.0200,972.26,0
16.0250,838.64,0
16.0300,1065.29,0
16.0350,1065.74,0
16.0400,1065.74,0
16.0450,732.73,0
16.0500,787.98,0
16.0550,787.98,0
16.0600,787.98,0
16.0650,787.98,0
16.0700,787.98,0
16.0750,787.98,0
16.0800,787.98,0
16.0850,1130.20,0
16.0900,1130.20,0
16.0950,1297.31,0
16.1000,1297.31,0
16.1050,1336.35,0
16.1100,1336.35,0
16.1150,1336.35,0
16.1200,1336.35,0
16.1250,1165.68,0
16.1300,1165.68,0
16.1350,1165.68,0
16.1400,1165.68,0
16.1450,1101.09,0
16.1500,1101.09,0
16.1550,997.11,0
16.1600,997.11,0
16.1650,997.11,0
16.1700,997.11,0
16.1750,997.11,0
16.1800,997.11,0
16.1850,1186.27,0
16.1900,1122.98,0
16.1950,1043.71,0
16.2000,1043.71,0
16.2050,1019.14,0
16.2100,1019.14,0
16.2150,914.22,0
16.2200,938.69,0
16.2250,938.69,0
16.2300,938.69,0
16.2350,938.69,0
16.2400,951.40,0
16.2450,951.40,0
16.2500,951.40,0
16.2550,951.40,0
16.2600,875.38,0
16.2650,875.38,0
16.2700,985.70,0
16.2750,985.70,0
16.2800,1198.49,0
16.2850,985.70,0
16.2900,981.72,0
16.2950,981.72,0
16.3000,1201.95,0
16.3050,26.74,0
16.3100,-56.52,0
16.3150,-56.52,0
16.3200,-22.25,0
16.3250,-22.25,0
16.3300,-50.03,0
16.3350,-50.03,0
16.3400,-50.03,0
16.3450,-50.03,0
16.3500,-50.03,0
16.3550,965.51,0
16.3600,-50.03,0
16.3650,90.02,0
16.3700,-28.57,0
16.3750,35.66,0
16.3800,900.38,0
16.3850,143.32,0
16.3900,143.32,0
16.3950,82.10,0
16.4000,82.10,0
16.4050,51.87,0
16.4100,51.87,0
16.4150,83.44,0
16.4200,83.44,0
16.4250,12.84,0
16.4300,12.84,0
16.4350,-3.60,0
16.4400,954.66,0
16.4450,-3.60,0
16.4500,-3.60,0
16.4550,-3.60,0
16.4600,-3.60,0
16.4650,74.77,0
16.4700,74.77,0
16.4750,19.66,0
16.4800,19.66,0
16.4850,86.24,0
16.4900,86.24,0
16.4950,-95.29,0
16.5000,-95.29,0
16.5050,-197.44,0
16.5100,-197.44,0
16.5150,-197.44,0
16.5200,-219.69,0
16.5250,-219.69,0
16.5300,25.49,0
16.5350,25.49,0
16.5400,-26.26,0
16.5450,-26.26,0
16.5500,-53.42,0
16.5550,-53.42,0
16.5600,-53.42,0
16.5650,-563.69,0
16.5700,-563.69,0
16.5750,-289.13,0
16.5800,-289.13,0
16.5850,40.31,0
16.5900,22.16,0
16.5950,-477.56,0
16.6000,-477.56,0
16.6050,-771.79,0
16.6100,-771.79,0
16.6150,-876.67,0
16.6200,-876.67,0
16.6250,79.29,0
16.6300,-630.94,0
16.6350,-941.64,0
16.6400,-511.56,0
16.6450,-511.56,0
16.6500,-511.56,0
16.6550,-511.56,0
16.6600,-296.98,0
16.6650,-296.98,0
16.6700,-296.98,0
16.6750,-97.21,0
16.6800,-38.79,0
16.6850,-97.21,0
16.6900,-172.30,0
16.6950,-172.30,0
16.7000,-172.30,0
16.7050,-172.30,0
16.7100,-95.35,0
16.7150,-95.35,0
16.7200,115.45,0
16.7250,115.45,0
16.7300,115.45,0
16.7350,115.45,0
16.7400,325.23,0
16.7450,325.23,0
16.7500,138.47,0
16.7550,138.47,0
16.7600,160.37,0
16.7650,160.37,0
16.7700,72.94,0
16.7750,72.94,0
16.7800,133.50,0
16.7850,133.50,0
16.7900,-11.41,0
16.7950,-11.41,0
16.8000,-11.41,0
16.8050,17.79,0
16.8100,17.79,0
16.8150,37.93,0
16.8200,37.93,0
16.8250,109.43,0
16.8300,109.43,0
16.8350,49.62,0
16.8400,49.62,0
16.8450,160.37,0
16.8500,62.49,0
16.8550,58.51,0
16.8600,62.49,0
16.8650,164.89,0
16.8700,51.75,0
16.8750,-8.82,0
16.8800,154.94,0
16.8850,154.94,0
16.8900,154.94,0
16.8950,29.28,0
16.9000,29.28,0
16.9050,29.28,0
16.9100,17.66,0
16.9150,-23.07,0
16.9200,17.66,0
16.9250,83.50,0
16.9300,59.71,0
16.9350,83.50,0
16.9400,83.50,0
16.9450,83.50,0
16.9500,165.17,0
16.9550,80.49,0
16.9600,136.52,0
16.9650,136.52,0
16.9700,136.52,0
16.9750,102.53,0
16.9800,-1.42,0
16.9850,-1.42,0
16.9900,70.34,0
16.9950,70.34,0
17.0000,70.34,0
17.0050,102.74,0
17.0100,250.33,0
17.0150,250.33,0
17.0200,29.41,0
17.0250,29.41,0
17.0300,-688.04,0
17.0350,-688.04,0
17.0400,-692.75,0
17.0450,-692.75,0
17.0500,77.77,0
17.0550,-296.25,0
17.0600,-762.79,0
17.0650,-762.79,0
17.0700,-762.79,0
17.0750,-762.79,0
17.0800,-1033.24,0
17.0850,-1033.24,0
17.0900,83.29,0
17.0950,-1067.48,0
17.1000,-1067.48,0
17.1050,-1067.48,0
17.1100,-1156.34,0
17.1150,-3.55,0
17.1200,54.82,0
17.1250,54.82,0
17.1300,54.82,0
17.1350,54.82,0
17.1400,-66.72,0
17.1450,-66.72,0
17.1500,-66.72,0
17.1550,-21.22,0
17.1600,-80.04,0
17.1650,-80.04,0
17.1700,-80.04,0
17.1750,-170.86,0
17.1800,-170.86,0
17.1850,-170.86,0
17.1900,8.42,0
17.1950,8.42,0
17.2000,-73.52,0
17.2050,-6.42,0
17.2100,-45.09,0
17.2150,-45.09,0
17.2200,8.42,0
17.2250,4.27,0
17.2300,4.27,0
17.2350,4.27,0
17.2400,4.27,0
17.2450,-46.58,0
17.2500,-46.58,0
17.2550,-29.93,0
17.2600,-29.93,0
17.2650,-100.71,0
17.2700,170.53,0
17.2750,-133.14,0
17.2800,-133.14,0
17.2850,-96.35,0
17.2900,-71.50,0
17.2950,-71.50,0
17.3000,-71.50,0
17.3050,-71.50,0
17.3100,-9.46,0
17.3150,-9.46,0
17.3200,-13.88,0
17.3250,-94.00,0
17.3300,-13.88,0
17.3350,9.04,0
17.3400,9.04,0
17.3450,57.73,0
17.3500,57.73,0
17.3550,-94.07,0
17.3600,57.73,0
17.3650,-23.88,0
17.3700,-23.88,0
17.3750,-36.95,0
17.3800,-36.95,0
17.3850,169.36,0
17.3900,169.36,0
17.3950,-58.13,0
17.4000,-58.13,0
17.4050,-105.85,0
17.4100,-105.85,0
17.4150,64.39,0
17.4200,64.39,0
17.4250,64.39,0
17.4300,64.39,0
17.4350,64.39,0
17.4400,-142.88,0
17.4450,-67.42,0
17.4500,80.31,0
17.4550,311.08,0
17.4600,71.64,0
17.4650,311.08,0
17.4700,311.08,0
17.4750,253.85,0
17.4800,253.85,0
17.4850,253.85,0
17.4900,253.85,0
17.4950,459.05,0
17.5000,459.05,0
17.5050,1337.67,0
17.5100,1337.67,0
17.5150,1337.67,0
17.5200,1337.67,0
17.5250,59.23,0
17.5300,2171.09,0
17.5350,2171.09,0
17.5400,2171.09,0
17.5450,2095.36,0
17.5500,2095.36,0
17.5550,2095.36,0
17.5600,2095.36,0
17.5650,2152.37,0
17.5700,2152.37,0
17.5750,3008.88,0
17.5800,3008.88,0
17.5850,2832.13,0
17.5900,2832.13,0
17.5950,253.78,0
17.6000,2982.00,0
17.6050,2982.00,0
17.6100,2924.07,0
17.6150,2924.07,0
17.6200,2992.10,0
17.6250,2992.10,0
17.6300,3327.62,0
17.6350,316.55,0
17.6400,3524.60,0
17.6450,3524.60,0
17.6500,4660.63,0
17.6550,4660.63,0
17.6600,5044.89,0
17.6650,5044.89,0
17.6700,4924.23,0
17.6750,4924.23,0
17.6800,4924.23,0
17.6850,4920.07,0
17.6900,4920.07,0
17.6950,4834.74,0
17.7000,4834.74,0
17.7050,4950.91,0
17.7100,4950.91,0
17.7150,5008.66,0
17.7200,5008.66,0
17.7250,4905.87,0
17.7300,4905.87,0
17.7350,4820.26,0
17.7400,4782.90,0
17.7450,4782.90,0
17.7500,4219.63,0
17.7550,4607.77,0
17.7600,4607.77,0
17.7650,4594.86,0
17.7700,4702.86,0
17.7750,4702.86,0
17.7800,4702.86,0
17.7850,4707.32,0
17.7900,4707.32,0
17.7950,4707.32,0
17.8000,4707.32,0
17.8050,4837.84,0
17.8100,4837.84,0
17.8150,4840.51,0
17.8200,4840.51,0
17.8250,4835.90,0
17.8300,4835.90,0
17.8350,4923.53,0
17.8400,4923.53,0
17.8450,4923.53,0
17.8500,4923.53,0
17.8550,4937.82,0
17.8600,4852.76,0
17.8650,4935.62,0
17.8700,4935.62,0
17.8750,4874.19,0
17.8800,4618.56,0
17.8850,4957.75,0
17.8900,4874.19,0
17.8950,4934.33,0
17.9000,4934.33,0
17.9050,4790.77,0
17.9100,4790.77,0
17.9150,4498.15,0
17.9200,4663.17,0
17.9250,5332.44,0
17.9300,4843.57,0
17.9350,4843.57,0
17.9400,254.91,0
17.9450,388.09,0
17.9500,4895.96,0
17.9550,254.91,0
17.9600,254.91,0
17.9650,-210.27,0
17.9700,-828.30,0
17.9750,-828.30,0
17.9800,-828.30,0
17.9850,-828.30,0
17.9900,-828.30,0
17.9950,-828.30,0
18.0000,-828.30,0
18.0050,-828.30,0
18.0100,-1384.02,0
18.0150,-1384.02,0
18.0200,-1384.02,0
18.0250,-1384.02,0
18.0300,-1384.02,0
18.0350,-1153.96,0
18.0400,-1153.96,0
18.0450,-1064.87,0
18.0500,-1064.87,0
18.0550,-1064.87,0
18.0600,-1064.87,0
18.0650,-1230.42,0
18.0700,4840.42,0
18.0750,-2037.18,0
18.0800,-2037.18,0
18.0850,-1943.86,0
18.0900,-1943.86,0
18.0950,-1943.86,0
18.1000,-2017.41,0
18.1050,-2017.41,0
18.1100,-2017.41,0
18.1150,-2017.41,0
18.1200,-2017.41,0
18.1250,-2125.25,0
18.1300,-2125.25,0
18.1350,-2125.25,0
18.1400,-2125.25,0
18.1450,-2662.10,0
18.1500,-2662.10,0
18.1550,-2175.23,0
18.1600,-3366.42,0
18.1650,-4037.19,0
18.1700,-4037.19,0
18.1750,-4037.19,0
18.1800,-4037.19,0
18.1850,-5138.36,0
18.1900,-5138.36,0
18.1950,-5780.19,0
18.2000,-6153.25,0
18.2050,-6153.25,0
18.2100,-6405.41,0
18.2150,-6405.41,0
18.2200,-6405.41,0
18.2250,-6405.41,0
18.2300,-6516.47,0
18.2350,-6405.41,0
18.2400,-7094.77,0
18.2450,-7094.77,0
18.2500,-7055.33,0
18.2550,-4037.18,0
18.2600,-7489.84,0
18.2650,-7489.84,0
18.2700,-7489.84,0
18.2750,-7184.16,0
18.2800,-7184.16,0
18.2850,-7770.34,0
18.2900,-7565.04,0
18.2950,-7565.04,0
18.3000,-7565.04,0
18.3050,-6813.14,0
18.3100,-6813.14,0
18.3150,-6856.48,0
18.3200,-6856.48,0
18.3250,-6856.48,0
18.3300,-6856.48,0
18.3350,-6856.48,0
18.3400,-6856.48,0
18.3450,-6793.10,0
18.3500,-5954.51,0
18.3550,-7483.68,0
18.3600,-6062.91,0
18.3650,-6762.06,0
18.3700,-6788.58,0
18.3750,-6762.06,0
18.3800,-6762.06,0
18.3850,-6838.79,0
18.3900,-6838.79,0
18.3950,-6862.10,0
18.4000,-7581.27,0
18.4050,-6890.48,0
18.4100,-6890.48,0
18.4150,-6906.00,0
18.4200,-6899.25,0
18.4250,-6899.25,0
18.4300,-6899.25,0
18.4350,-6943.10,0
18.4400,-6943.10,0
18.4450,-6913.76,0
18.4500,-7520.29,0
18.4550,-6909.85,0
18.4600,-6909.85,0
18.4650,-6909.85,0
18.4700,-6909.85,0
18.4750,-6872.72,0
18.4800,-7077.64,0
18.4850,-6998.18,0
18.4900,-6817.42,0
18.4950,-6998.18,0
18.5000,-6839.23,0
18.5050,-6971.25,0
18.5100,-6971.25,0
18.5150,-6872.71,0
18.5200,-6971.25,0
18.5250,-6855.34,0
18.5300,-6870.58,0
18.5350,-6719.75,0
18.5400,-6719.75,0
18.5450,-6719.75,0
18.5500,-7028.37,0
18.5550,-7028.37,0
18.5600,-7061.32,0
18.5650,-7061.32,0
18.5700,-7009.72,0
18.5750,-7009.72,0
18.5800,-7009.72,0
18.5850,-6943.58,0
18.5900,-6939.98,0
18.5950,-6939.98,0
18.6000,-6939.98,0
18.6050,-6939.98,0
18.6100,-6806.64,0
18.6150,-6806.64,0
18.6200,-7494.66,0
18.6250,-7494.66,0
18.6300,-7494.66,0
18.6350,-7494.66,0
18.6400,-7008.95,0
18.6450,-7494.66,0
18.6500,-6979.22,0
18.6550,-7032.14,0
18.6600,-6810.64,0
18.6650,-6810.64,0
18.6700,-6789.42,0
18.6750,-6789.42,0
18.6800,-6765.74,0
18.6850,-6765.74,0
18.6900,-6820.78,0
18.6950,-6820.78,0
18.7000,-6678.57,0
18.7050,-6678.57,0
18.7100,-6678.57,0
18.7150,-6678.57,0
18.7200,-6799.59,0
18.7250,-6799.59,0
18.7300,-6924.55,0
18.7350,-6924.55,0
18.7400,-6924.55,0
18.7450,-6897.23,0
18.7500,-6256.35,0
18.7550,-6256.35,0
18.7600,-6256.35,0
18.7650,211.79,0
18.7700,211.79,0
18.7750,211.79,0
18.7800,211.79,0
18.7850,118.66,0
18.7900,118.66,0
18.7950,137.63,0
18.8000,137.63,0
18.8050,323.66,0
18.8100,323.66,0
18.8150,342.77,0
18.8200,342.77,0
18.8250,342.77,0
18.8300,176.90,0
18.8350,176.90,0
18.8400,67.78,0
18.8450,67.78,0
18.8500,47.67,0
18.8550,47.67,0
18.8600,57.21,0
18.8650,57.21,0
18.8700,-7964.13,0
18.8750,57.21,0
18.8800,57.21,0
18.8850,-6905.07,0
18.8900,-98.66,0
18.8950,-98.66,0
18.9000,-98.66,0
18.9050,-152.70,0
18.9100,-152.70,0
18.9150,-152.70,0
18.9200,-152.70,0
18.9250,-241.23,0
18.9300,-241.23,0
18.9350,-764.94,0
18.9400,-764.94,0
18.9450,-584.52,0
18.9500,11.22,0
18.9550,-1610.85,0
18.9600,-1610.85,0
18.9650,-1963.35,0
18.9700,-1915.46,0
18.9750,-1915.46,0
18.9800,-1999.54,0
18.9850,-1999.54,0
18.9900,-1999.54,0
18.9950,-1999.54,0
19.0000,-1999.54,0
19.0050,-1988.58,0
19.0100,-1988.58,0
19.0150,-1832.63,0
19.0200,-1832.63,0
19.0250,-1875.56,0
19.0300,-1875.56,0
19.0350,-1835.31,0
19.0400,-152.26,0
19.0450,-1835.31,0
19.0500,-1835.31,0
19.0550,-1708.85,0
19.0600,-1708.85,0
19.0650,-1708.85,0
19.0700,-1764.62,0
19.0750,-1764.62,0
19.0800,-1720.40,0
19.0850,-1700.86,0
19.0900,-1700.86,0
19.0950,-1700.86,0
19.1000,-1719.42,0
19.1050,-1719.42,0
19.1100,-1892.67,0
19.1150,-1817.76,0
19.1200,-1772.50,0
19.1250,-1637.92,0
19.1300,-1815.89,0
19.1350,-1815.89,0
19.1400,-1815.89,0
19.1450,-1815.89,0
19.1500,-1833.69,0
19.1550,-1843.44,0
19.1600,-1843.44,0
19.1650,-1843.44,0
19.1700,-1915.91,0
19.1750,-1915.91,0
19.1800,-1761.20,0
19.1850,-1761.20,0
19.1900,-1761.20,0
19.1950,-1761.20,0
19.2000,-1761.20,0
19.2050,-1761.20,0
19.2100,-1959.79,0
19.2150,-1959.79,0
19.2200,-1981.45,0
19.2250,-1981.45,0
19.2300,-2003.75,0
19.2350,-2003.75,0
19.2400,-2025.03,0
19.2450,-1761.20,0
19.2500,-1962.08,0
19.2550,-1962.08,0
19.2600,-1962.08,0
19.2650,-1962.08,0
19.2700,-1959.68,0
19.2750,-1959.68,0
19.2800,-1929.13,0
19.2850,-1929.13,0
19.2900,-2079.14,0
19.2950,-2079.14,0
19.3000,-2025.47,0
19.3050,-2025.47,0
19.3100,-1988.68,0
19.3150,-1988.68,0
19.3200,-1785.24,0
19.3250,-1785.24,0
19.3300,-1781.90,0
19.3350,-1785.24,0
19.3400,-1858.81,0
19.3450,-1825.80,0
19.3500,-1930.98,0
19.3550,-1930.98,0
19.3600,-1930.98,0
19.3650,-1897.42,0
19.3700,-1798.32,0
19.3750,-1798.32,0
19.3800,-1878.72,0
19.3850,-1878.72,0
19.3900,-1943.26,0
19.3950,-1943.26,0
19.4000,-1943.26,0
19.4050,-1920.89,0
19.4100,-1920.89,0
19.4150,-1933.40,0
19.4200,-1858.81,0
19.4250,-1933.40,0
19.4300,-1933.40,0
19.4350,-1832.47,0
19.4400,-1898.25,0
19.4450,-2451.00,0
19.4500,-2451.00,0
19.4550,-1873.66,0
19.4600,-2451.00,0
19.4650,-1952.56,0
19.4700,-1952.56,0
19.4750,-2247.65,0
19.4800,-1952.78,0
19.4850,-1885.74,0
19.4900,-1885.74,0
19.4950,-1782.46,0
19.5000,-1782.46,0
19.5050,-1782.46,0
19.5100,-1872.81,0
19.5150,-1872.81,0
19.5200,-1872.81,0
19.5250,-1867.76,0
19.5300,-1867.76,0
19.5350,-1929.84,0
19.5400,-1929.84,0
19.5450,-2003.57,0
19.5500,-2003.57,0
19.5550,-2025.93,0
19.5600,-2025.93,0
19.5650,-2025.93,0
19.5700,-2018.20,0
19.5750,-2053.88,0
19.5800,-140.92,0
19.5850,-140.92,0
19.5900,-75.44,0
19.5950,-75.44,0
19.6000,225.01,0
19.6050,-1924.07,0
19.6100,176.99,0
19.6150,176.99,0
19.6200,105.70,0
19.6250,105.70,0
19.6300,-2050.06,0
19.6350,-120.13,0
19.6400,-25.16,0
19.6450,-149.45,0
19.6500,-149.45,0
19.6550,-36.36,0
19.6600,-36.36,0
19.6650,-128.71,0
19.6700,-128.71,0
19.6750,-110.02,0
19.6800,-110.02,0
19.6850,-110.02,0
19.6900,-110.02,0
19.6950,-110.02,0
19.7000,-110.02,0
19.7050,-126.26,0
19.7100,59.91,0
19.7150,52.89,0
19.7200,52.89,0
19.7250,117.85,0
19.7300,117.85,0
19.7350,117.85,0
19.7400,117.85,0
19.7450,-125.17,0
19.7500,106.84,0
19.7550,181.43,0
19.7600,181.43,0
19.7650,181.43,0
19.7700,183.79,0
19.7750,197.35,0
19.7800,197.35,0
19.7850,188.07,0
19.7900,188.07,0
19.7950,99.84,0
19.8000,99.84,0
19.8050,4.78,0
19.8100,4.78,0
19.8150,-339.44,0
19.8200,-339.44,0
19.8250,-220.42,0
19.8300,183.79,0
19.8350,-220.42,0
19.8400,68.43,0
19.8450,38.13,0
19.8500,38.13,0
19.8550,38.13,0
19.8600,-347.10,0
19.8650,65.62,0
19.8700,-68.48,0
19.8750,74.02,0
19.8800,1.77,0
19.8850,177.35,0
19.8900,177.35,0
19.8950,-74.91,0
19.9000,-74.91,0
19.9050,-74.91,0
19.9100,-46.06,0
19.9150,-46.06,0
19.9200,-5.86,0
19.9250,-5.86,0
19.9300,-36.36,0
19.9350,-36.36,0
19.9400,123.56,0
19.9450,123.56,0
19.9500,146.15,0
19.9550,146.15,0
19.9600,55.07,0
19.9650,68.58,0
19.9700,80.62,0
19.9750,80.62,0
19.9800,43.15,0
19.9850,43.15,0
19.9900,25.46,0
19.9950,29.68,0
20.0000,29.68,0
20.0050,29.68,0
20.0100,68.14,0
20.0150,37.16,0
20.0200,22.36,0
20.0250,25.46,0
20.0300,22.36,0
20.0350,-46.02,0
20.0400,2.26,0
20.0450,2.26,0
20.0500,89.45,0
20.0550,107.08,0
20.0600,16.86,0
20.0650,16.86,0
20.0700,16.86,0
20.0750,-97.20,0
20.0800,16.86,0
20.0850,-88.52,0
20.0900,43.05,0
20.0950,-254.30,0
20.1000,-254.30,0
20.1050,-57.99,0
20.1100,-57.99,0
20.1150,406.51,0
20.1200,406.51,0
20.1250,406.51,0
20.1300,406.51,0
20.1350,737.19,0
20.1400,737.19,0
20.1450,737.19,0
20.1500,737.19,0
20.1550,1800.07,0
20.1600,1800.07,0
20.1650,2086.73,0
20.1700,2086.73,0
20.1750,2086.73,0
20.1800,2086.73,0
20.1850,2022.14,0
20.1900,2022.14,0
20.1950,1848.31,0
20.2000,1848.31,0
20.2050,1926.22,0
20.2100,1926.22,0
20.2150,1951.84,0
20.2200,1951.84,0
20.2250,1951.84,0
20.2300,1951.84,0
20.2350,1951.84,0
20.2400,1951.84,0
20.2450,1943.43,0
20.2500,1943.43,0
20.2550,1922.82,0
20.2600,1922.82,0
20.2650,1922.82,0
20.2700,1922.82,0
20.2750,1906.44,0
20.2800,1906.44,0
20.2850,1947.80,0
20.2900,1947.80,0
20.2950,1947.80,0
20.3000,1947.80,0
20.3050,2068.95,0
20.3100,2068.95,0
20.3150,2068.95,0
20.3200,2068.95,0
20.3250,2068.95,0
20.3300,2068.95,0
20.3350,2068.95,0
20.3400,2068.95,0
20.3450,1892.19,0
20.3500,1960.00,1
20.3550,1854.76,0
20.3600,1723.22,0
20.3650,1642.55,0
20.3700,1642.55,0
20.3750,1544.44,0
20.3800,1544.44,0
20.3850,1544.44,0
20.3900,1544.44,0
20.3950,1968.26,0
20.4000,410.44,0
20.4050,410.44,0
20.4100,410.44,0
20.4150,410.44,0
20.4200,639.70,0
20.4250,639.70,0
20.4300,873.07,0
20.4350,873.07,0
20.4400,764.17,0
20.4450,1642.56,0
20.4500,764.17,0
20.4550,764.17,0
20.4600,488.97,0
20.4650,488.97,0
20.4700,1048.79,0
20.4750,1048.79,0
20.4800,853.74,0
20.4850,853.74,0
20.4900,1067.43,0
20.4950,1067.43,0
20.5000,1067.43,0
20.5050,1879.95,0
20.5100,1193.89,0
20.5150,1193.89,0
20.5200,1179.22,0
20.5250,1179.22,0
20.5300,1112.93,0
20.5350,1112.93,0
20.5400,1112.93,0
20.5450,1112.93,0
20.5500,1052.22,0
20.5550,1112.48,0
20.5600,1254.01,0
20.5650,1254.01,0
20.5700,1254.01,0
20.5750,1254.01,0
20.5800,1254.01,0
20.5850,1254.01,0
20.5900,1254.01,0
20.5950,1112.48,0
20.6000,1154.18,0
20.6050,1154.18,0
20.6100,1760.22,0
20.6150,1760.22,0
20.6200,1702.53,0
20.6250,917.71,0
20.6300,1702.53,0
20.6350,1702.53,0
20.6400,825.99,0
20.6450,825.99,0
20.6500,965.51,0
20.6550,965.51,0
20.6600,1070.91,0
20.6650,1197.04,0
20.6700,1070.91,0
20.6750,1070.91,0
20.6800,1070.91,0
20.6850,1070.91,0
20.6900,1070.91,0
20.6950,1070.91,0
20.7000,1070.91,0
20.7050,772.54,0
20.7100,857.14,0
20.7150,857.14,0
20.7200,857.14,0
20.7250,420.17,0
20.7300,420.17,0
20.7350,280.54,0
20.7400,280.54,0
20.7450,107.82,0
20.7500,107.82,0
20.7550,301.18,0
20.7600,301.18,0
20.7650,337.19,0
20.7700,1343.95,0
20.7750,1343.95,0
20.7800,876.17,0
20.7850,876.17,0
20.7900,876.17,0
20.7950,876.17,0
20.8000,2044.68,0
20.8050,788.35,0
20.8100,1155.79,0
20.8150,1155.79,0
20.8200,-109.49,0
20.8250,-109.49,0
20.8300,-578.76,0
20.8350,-578.76,0
20.8400,-578.76,0
20.8450,-578.76,0
20.8500,-542.46,0
20.8550,-542.46,0
20.8600,-542.46,0
20.8650,-392.76,0
20.8700,-598.40,0
20.8750,1154.65,0
20.8800,-754.34,0
20.8850,-754.34,0
20.8900,-754.34,0
20.8950,-754.34,0
20.9000,-858.72,0
20.9050,-858.72,0
20.9100,-965.32,0
20.9150,-754.34,0
20.9200,-1015.80,0
20.9250,-1026.64,0
20.9300,-1026.64,0
20.9350,-1026.64,0
20.9400,-1026.64,0
20.9450,-1026.64,0
20.9500,-1026.64,0
20.9550,-1097.43,0
20.9600,-1097.43,0
20.9650,-887.64,0
20.9700,-887.64,0
20.9750,-507.51,0
20.9800,-507.51,0
20.9850,-750.58,0
20.9900,-472.17,0
20.9950,-36.22,0
21.0000,-36.22,0
21.0050,490.90,0
21.0100,490.90,0
21.0150,1395.61,0
21.0200,-669.87,0
21.0250,1692.87,0
21.0300,1692.87,0
21.0350,1692.87,0
21.0400,1692.87,0
21.0450,1692.87,0
21.0500,-1054.54,0
21.0550,1997.45,0
21.0600,1997.45,0
21.0650,2073.75,0
21.0700,2073.75,0
21.0750,2045.88,0
21.0800,2045.88,0
21.0850,-1047.92,0
21.0900,1667.76,0
21.0950,1406.28,0
21.1000,-930.83,0
21.1050,-516.18,0
21.1100,1491.54,0
21.1150,2068.45,0
21.1200,1692.02,0
21.1250,1692.02,0
21.1300,1752.15,0
21.1350,1692.02,0
21.1400,1879.44,0
21.1450,1879.44,0
21.1500,1852.73,0
21.1550,1852.73,0
21.1600,1932.74,0
21.1650,1932.74,0
21.1700,2031.53,0
21.1750,2031.53,0
21.1800,2031.53,0
21.1850,1998.11,0
21.1900,1998.11,0
21.1950,1998.11,0
21.2000,128.73,0
21.2050,128.73,0
21.2100,307.84,0
21.2150,1998.11,0
21.2200,558.31,0
21.2250,558.31,0
21.2300,310.43,0
21.2350,116.64,0
21.2400,116.64,0
21.2450,485.06,0
21.2500,485.06,0
21.2550,2121.87,0
21.2600,485.06,0
21.2650,485.06,0
21.2700,887.08,0
21.2750,1229.31,0
21.2800,1826.65,0
21.2850,1201.28,0
21.2900,1201.28,0
21.2950,1201.28,0
21.3000,1201.28,0
21.3050,1201.28,0
21.3100,1201.28,0
21.3150,1201.28,0
21.3200,956.99,0
21.3250,956.99,0
21.3300,1466.24,0
21.3350,1466.24,0
21.3400,1762.20,0
21.3450,1762.20,0
21.3500,1331.83,0
21.3550,1331.83,0
21.3600,1270.56,0
21.3650,1270.56,0
21.3700,1204.46,0
21.3750,1204.46,0
21.3800,691.99,0
21.3850,691.99,0
21.3900,691.99,0
21.3950,935.99,0
21.4000,1212.95,0
21.4050,1272.08,0
21.4100,1339.28,0
21.4150,1539.15,0
21.4200,1539.15,0
21.4250,1892.48,0
21.4300,1892.48,0
21.4350,1892.48,0
21.4400,1892.48,0
21.4450,1892.48,0
21.4500,2956.67,0
21.4550,2956.67,0
21.4600,2289.88,0
21.4650,2289.88,0
21.4700,1318.74,0
21.4750,1318.74,0
21.4800,458.84,0
21.4850,458.84,0
21.4900,458.84,0
21.4950,458.84,0
21.5000,458.84,0
21.5050,458.84,0
21.5100,-358.49,0
21.5150,-1243.49,0
21.5200,-1243.49,0
21.5250,-1553.00,0
21.5300,-1553.00,0
21.5350,-1698.44,0
21.5400,-1698.44,0
21.5450,-1698.44,0
21.5500,-2102.56,0
21.5550,-2301.00,0
21.5600,1359.12,0
21.5650,-3069.16,0
21.5700,-3069.16,0
21.5750,-3069.16,0
21.5800,-3069.16,0
21.5850,-3106.65,0
21.5900,-3106.65,0
21.5950,-3106.65,0
21.6000,-3171.61,0
21.6050,-3171.61,0
21.6100,-3171.61,0
21.6150,1438.92,0
21.6200,-3171.61,0
21.6250,-3383.99,0
21.6300,-3106.65,0
21.6350,-3116.17,0
21.6400,-3320.47,0
21.6450,-3320.47,0
21.6500,-3184.35,0
21.6550,-3184.35,0
21.6600,-3184.35,0
21.6650,-3184.35,0
21.6700,-3184.35,0
21.6750,-3184.35,0
21.6800,-4279.90,0
21.6850,-4279.90,0
21.6900,-4427.24,0
21.6950,-4427.24,0
21.7000,-4868.36,0
21.7050,-4868.36,0
21.7100,-4576.93,0
21.7150,-1543.03,0
21.7200,-4614.85,0
21.7250,-4614.85,0
21.7300,-4738.15,0
21.7350,-4200.44,0
21.7400,-4200.44,0
21.7450,-4417.27,0
21.7500,-4417.27,0
21.7550,-4417.27,0
21.7600,-4417.27,0
21.7650,-4417.27,0
21.7700,-2979.39,0
21.7750,-4345.60,0
21.7800,-4345.60,0
21.7850,-4330.70,0
21.7900,-4330.70,0
21.7950,-4292.77,0
21.8000,-4292.77,0
21.8050,-4683.08,0
21.8100,-4683.08,0
21.8150,-4683.08,0
21.8200,-4429.10,0
21.8250,-4429.10,0
21.8300,-4096.42,0
21.8350,-4096.42,0
21.8400,-3156.70,0
21.8450,-3156.70,0
21.8500,-3156.70,0
21.8550,-3108.80,0
21.8600,-3108.80,0
21.8650,-2974.24,0
21.8700,-2974.24,0
21.8750,-2974.24,0
21.8800,-2974.24,0
21.8850,-3023.73,0
21.8900,-3023.73,0
21.8950,-3216.64,0
21.9000,-3216.64,0
21.9050,-3113.76,0
21.9100,-3113.76,0
21.9150,-3139.64,0
21.9200,-3139.64,0
21.9250,-3139.64,0
21.9300,-2987.80,0
21.9350,-3939.33,0
21.9400,-3106.82,0
21.9450,-4361.59,0
21.9500,-3614.22,0
21.9550,-5124.20,0
21.9600,-5147.11,0
21.9650,-4918.40,0
21.9700,-5862.83,0
21.9750,-5862.83,0
21.9800,-6489.65,0
21.9850,-6489.65,0
21.9900,-6489.65,0
21.9950,-6489.65,0
22.0000,-6489.65,0
22.0050,-6489.65,0
22.0100,-6682.39,0
22.0150,-6682.39,0
22.0200,244.48,0
22.0250,244.48,0
22.0300,244.48,0
22.0350,244.48,0
22.0400,273.83,0
22.0450,244.48,0
22.0500,62.98,0
22.0550,62.98,0
22.0600,99.14,0
22.0650,99.14,0
22.0700,99.14,0
22.0750,-6682.39,0
22.0800,53.91,0
22.0850,123.72,0
22.0900,123.72,0
22.0950,123.72,0
22.1000,33.53,0
22.1050,33.53,0
22.1100,33.53,0
22.1150,33.53,0
22.1200,-2.50,0
22.1250,-45.78,0
22.1300,-45.78,0
22.1350,0.95,0
22.1400,0.95,0
22.1450,-12.11,0
22.1500,-12.11,0
22.1550,-12.11,0
22.1600,-24.31,0
22.1650,-12.11,0
22.1700,-12.11,0
22.1750,106.45,0
22.1800,106.45,0
22.1850,106.45,0
22.1900,60.31,0
22.1950,60.31,0
22.2000,14.62,0
22.2050,14.62,0
22.2100,123.34,0
22.2150,14.62,0
22.2200,14.62,0
22.2250,14.62,0
22.2300,-51.96,0
22.2350,-51.96,0
22.2400,-65.16,0
22.2450,-65.16,0
22.2500,35.52,0
22.2550,35.52,0
22.2600,-112.61,0
22.2650,-112.61,0
22.2700,-58.80,0
22.2750,4.20,0
22.2800,7.35,0
22.2850,7.35,0
22.2900,53.40,0
22.2950,53.40,0
22.3000,53.40,0
22.3050,-58.50,0
22.3100,-58.50,0
22.3150,-58.50,0
22.3200,-57.58,0
22.3250,-57.58,0
22.3300,-57.58,0
22.3350,-57.58,0
22.3400,1089.83,0
22.3450,-61.19,0
22.3500,1089.83,0
22.3550,1089.83,0
22.3600,1087.22,0
22.3650,1087.22,0
22.3700,1343.86,0
22.3750,53.40,0
22.3800,1343.86,0
22.3850,2428.24,0
22.3900,2428.24,0
22.3950,2428.24,0
22.4000,1891.50,0
22.4050,1891.50,0
22.4100,2530.87,0
22.4150,2530.87,0
22.4200,2667.99,0
22.4250,2667.99,0
22.4300,2454.61,0
22.4350,-57.65,0
22.4400,2304.55,0
22.4450,2304.55,0
22.4500,2530.87,0
22.4550,2375.15,0
22.4600,2375.15,0
22.4650,2608.04,0
22.4700,2608.04,0
22.4750,1436.08,0
22.4800,1436.08,0
22.4850,1436.08,0
22.4900,1436.08,0
22.4950,1436.08,0
22.5000,2658.54,0
22.5050,2967.21,0
22.5100,2967.21,0
22.5150,2967.21,0
22.5200,3005.53,0
22.5250,2820.15,0
22.5300,2987.19,0
22.5350,2987.19,0
22.5400,3669.20,0
22.5450,3669.20,0
22.5500,3669.20,0
22.5550,3669.20,0
22.5600,2850.75,0
22.5650,2591.77,0
22.5700,2854.15,0
22.5750,2377.73,0
22.5800,2377.73,0
22.5850,4511.07,0
22.5900,4511.07,0
22.5950,2376.48,0
22.6000,4511.07,0
22.6050,4615.86,0
22.6100,4615.86,0
22.6150,3914.66,0
22.6200,3476.52,0
22.6250,3709.84,0
22.6300,3709.84,0
22.6350,2850.38,0
22.6400,3826.36,0
22.6450,2850.38,0
22.6500,4051.10,0
22.6550,4051.10,0
22.6600,3805.79,0
22.6650,3805.79,0
22.6700,3805.79,0
22.6750,3805.79,0
22.6800,3387.69,0
22.6850,2734.45,0
22.6900,3299.74,0
22.6950,3299.74,0
22.7000,3508.98,0
22.7050,3508.98,0
22.7100,3760.24,0
22.7150,3760.24,0
22.7200,3760.24,0
22.7250,3616.91,0
22.7300,3616.91,0
22.7350,3616.91,0
22.7400,3600.01,0
22.7450,3605.31,0
22.7500,3600.01,0
22.7550,3600.01,0
22.7600,3600.01,0
22.7650,3655.80,0
22.7700,3655.80,0
22.7750,3691.77,0
22.7800,3691.77,0
22.7850,3691.77,0
22.7900,3555.10,0
22.7950,3783.64,0
22.8000,3363.87,0
22.8050,3363.87,0
22.8100,3145.02,0
22.8150,3145.02,0
22.8200,3145.02,0
22.8250,3304.87,0
22.8300,3846.53,0
22.8350,3846.53,0
22.8400,3846.53,0
22.8450,3846.53,0
22.8500,19.02,0
22.8550,19.02,0
22.8600,3852.99,0
22.8650,-58.21,0
22.8700,-58.21,0
22.8750,3555.09,0
22.8800,-65.91,0
22.8850,-65.91,0
22.8900,-28.31,0
22.8950,-28.31,0
22.9000,-52.89,0
22.9050,-32.79,0
22.9100,-32.79,0
22.9150,-32.79,0
22.9200,-170.33,0
22.9250,-52.70,0
22.9300,-170.33,0
22.9350,-170.33,0
22.9400,-170.33,0
22.9450,-170.33,0
22.9500,-84.57,0
22.9550,-84.57,0
22.9600,-7.97,0
22.9650,-7.97,0
22.9700,-10.02,0
22.9750,-10.02,0
22.9800,-10.02,0
22.9850,-10.02,0
22.9900,-10.44,0
22.9950,-10.44,0
23.0000,10.98,0
23.0050,-36.07,0
23.0100,15.52,0
23.0150,15.52,0
23.0200,3223.93,0
23.0250,-10.02,0
23.0300,3.74,0
23.0350,3.74,0
23.0400,-143.01,0
23.0450,-143.01,0
23.0500,-143.01,0
23.0550,-143.01,0
23.0600,140.52,0
23.0650,140.52,0
23.0700,84.98,0
23.0750,84.98,0
23.0800,5.13,0
23.0850,5.13,0
23.0900,37.87,0
23.0950,92.69,0
23.1000,76.29,0
23.1050,76.29,0
23.1100,97.42,0
23.1150,97.42,0
23.1200,-12.99,0
23.1250,97.42,0
23.1300,107.25,0
23.1350,107.25,0
23.1400,6.19,0
23.1450,78.83,0
23.1500,-89.76,0
23.1550,-37.70,0
23.1600,-37.70,0
23.1650,-44.78,0
23.1700,98.07,0
23.1750,73.09,0
23.1800,73.09,0
23.1850,73.09,0
23.1900,116.59,0
23.1950,109.21,0
23.2000,116.59,0
23.2050,116.59,0
23.2100,116.59,0
23.2150,116.59,0
23.2200,229.67,0
23.2250,170.36,0
23.2300,170.36,0
23.2350,170.36,0
23.2400,218.38,0
23.2450,218.38,0
23.2500,218.38,0
23.2550,218.38,0
23.2600,218.38,0
23.2650,44.48,0
23.2700,176.08,0
23.2750,176.08,0
23.2800,299.65,0
23.2850,453.36,0
23.2900,453.36,0
23.2950,453.36,0
23.3000,98.95,0
23.3050,563.85,0
23.3100,563.85,0
23.3150,580.11,0
23.3200,580.11,0
23.3250,138.40,0
23.3300,367.72,0
23.3350,786.23,0
23.3400,786.23,0
23.3450,957.84,0
23.3500,957.84,0
23.3550,400.74,0
23.3600,851.17,0
23.3650,403.53,0
23.3700,403.53,0
23.3750,403.53,0
23.3800,593.75,0
23.3850,654.14,0
23.3900,654.14,0
23.3950,654.14,0
23.4000,578.19,0
23.4050,578.19,0
23.4100,866.86,0
23.4150,866.86,0
23.4200,866.86,0
23.4250,866.86,0
23.4300,866.86,0
23.4350,1092.88,0
23.4400,831.63,0
23.4450,841.63,0
23.4500,841.63,0
23.4550,841.63,0
23.4600,841.63,0
23.4650,819.05,0
23.4700,819.05,0
23.4750,819.05,0
23.4800,819.05,0
23.4850,791.76,0
23.4900,791.76,0
23.4950,689.93,0
23.5000,689.93,0
23.5050,1005.26,0
23.5100,1005.26,0
23.5150,1005.26,0
23.5200,1005.26,0
23.5250,1058.09,0
23.5300,1058.09,0
23.5350,688.15,0
23.5400,1118.73,0
23.5450,569.78,0
23.5500,569.78,0
23.5550,569.78,0
23.5600,360.35,0
23.5650,706.62,0
23.5700,956.45,0
23.5750,706.62,0
23.5800,706.62,0
23.5850,354.09,0
23.5900,354.09,0
23.5950,354.09,0
23.6000,435.79,0
23.6050,484.51,0
23.6100,484.51,0
23.6150,484.51,0
23.6200,518.74,0
23.6250,873.76,0
23.6300,595.03,0
23.6350,956.44,0
23.6400,365.58,0
23.6450,365.58,0
23.6500,696.63,0
23.6550,696.63,0
23.6600,696.63,0
23.6650,655.98,0
23.6700,655.98,0
23.6750,-125.20,0
23.6800,-125.20,0
23.6850,-125.20,0
23.6900,696.63,0
23.6950,-4.13,0
23.7000,-4.13,0
23.7050,30.07,0
23.7100,-148.97,0
23.7150,30.07,0
23.7200,-62.94,0
23.7250,-162.32,0
23.7300,-162.32,0
23.7350,-162.32,0
23.7400,-275.24,0
23.7450,-275.24,0
23.7500,-275.24,0
23.7550,10.34,0
23.7600,10.34,0
23.7650,10.34,0
23.7700,-17.28,0
23.7750,-17.28,0
23.7800,82.92,0
23.7850,82.92,0
23.7900,82.92,0
23.7950,70.19,0
23.8000,70.19,0
23.8050,8.11,0
23.8100,8.11,0
23.8150,65.28,0
23.8200,65.28,0
23.8250,-2.69,0
23.8300,27.75,0
23.8350,-2.69,0
23.8400,-2.69,0
23.8450,-2.69,0
23.8500,-2.69,0
23.8550,-9.59,0
23.8600,-9.59,0
23.8650,27.96,0
23.8700,-12.58,0
23.8750,-47.79,0
23.8800,-47.79,0
23.8850,-47.79,0
23.8900,61.34,0
23.8950,61.34,0
23.9000,61.34,0
23.9050,359.62,0
23.9100,359.62,0
23.9150,446.43,0
23.9200,446.43,0
23.9250,446.43,0
23.9300,446.43,0
23.9350,-271.00,0
23.9400,97.36,0
23.9450,214.19,0
23.9500,116.84,0
23.9550,214.19,0
23.9600,214.19,0
23.9650,100.55,0
23.9700,100.55,0
23.9750,-37.82,0
23.9800,-37.82,0
23.9850,-60.36,0
23.9900,133.11,0
23.9950,-67.51,0
24.0000,-67.51,0
24.0050,-66.66,0
24.0100,-66.66,0
24.0150,-74.91,0
24.0200,-74.91,0
24.0250,-74.91,0
24.0300,-74.91,0
24.0350,-74.91,0
24.0400,-146.61,0
24.0450,-146.61,0
24.0500,-50.87,0
24.0550,-50.87,0
24.0600,-118.61,0
24.0650,-118.61,0
24.0700,-118.61,0
24.0750,-118.61,0
24.0800,-78.31,0
24.0850,-78.31,0
24.0900,10.43,0
24.0950,-16.82,0
24.1000,16.08,0
24.1050,16.08,0
24.1100,16.08,0
24.1150,16.08,0
24.1200,16.08,0
24.1250,-19.76,0
24.1300,-19.76,0
24.1350,18.47,0
24.1400,18.47,0
24.1450,-102.64,0
24.1500,-102.64,0
24.1550,-102.64,0
24.1600,-102.64,0
24.1650,-102.64,0
24.1700,-102.64,0
24.1750,-161.54,0
24.1800,-66.60,0
24.1850,-107.65,0
24.1900,-107.65,0
24.1950,-107.65,0
24.2000,-107.65,0
24.2050,-107.65,0
24.2100,-107.65,0
24.2150,-101.77,0
24.2200,-63.21,0
24.2250,-46.32,0
24.2300,-46.32,0
24.2350,-60.40,0
24.2400,-60.40,0
24.2450,-2.65,0
24.2500,-2.65,0
24.2550,-2.65,0
24.2600,-2.65,0
24.2650,105.67,0
24.2700,105.67,0
24.2750,27.72,0
24.2800,27.72,0
24.2850,27.72,0
24.2900,27.72,0
24.2950,-101.77,0
24.3000,27.72,0
24.3050,27.72,0
24.3100,14.09,0
24.3150,14.09,0
24.3200,-63.13,0
24.3250,-66.94,0
24.3300,-66.94,0
24.3350,-66.94,0
24.3400,-2.65,0
24.3450,-2.12,0
24.3500,45.43,0
24.3550,45.43,0
24.3600,45.43,0
24.3650,45.43,0
24.3700,28.44,0
24.3750,28.44,0
24.3800,28.44,0
24.3850,28.44,0
24.3900,35.50,0
24.3950,35.50,0
24.4000,22.42,0
24.4050,22.42,0
24.4100,22.42,0
24.4150,65.99,0
24.4200,-19.81,0
24.4250,62.66,0
24.4300,-2.72,0
24.4350,-2.72,0
24.4400,40.52,0
24.4450,40.52,0
24.4500,83.68,0
24.4550,83.68,0
24.4600,38.46,0
24.4650,38.46,0
24.4700,42.54,0
24.4750,42.54,0
24.4800,42.54,0
24.4850,-2.60,0
24.4900,38.95,0
24.4950,-9.17,0
24.5000,-54.55,0
24.5050,-9.17,0
24.5100,-81.88,0
24.5150,-81.88,0
24.5200,-81.88,0
24.5250,-81.88,0
24.5300,-81.88,0
24.5350,-124.97,0
24.5400,-124.97,0
24.5450,21.89,0
24.5500,21.89,0
24.5550,21.89,0
24.5600,49.11,0
24.5650,49.11,0
24.5700,49.11,0
24.5750,49.11,0
24.5800,49.11,0
24.5850,49.11,0
24.5900,28.75,0
24.5950,28.75,0
24.6000,20.25,0
24.6050,20.25,0
24.6100,20.25,0
24.6150,20.25,0
24.6200,23.59,0
24.6250,23.09,0
24.6300,32.04,0
24.6350,20.87,0
24.6400,20.87,0
24.6450,57.70,0
24.6500,20.87,0
24.6550,15.58,0
24.6600,23.59,0
24.6650,12.35,0
24.6700,22.67,0
24.6750,14.63,0
24.6800,14.63,0
24.6850,14.63,0
24.6900,14.63,0
24.6950,22.50,0
24.7000,22.50,0
24.7050,20.28,0
24.7100,20.28,0
24.7150,13.54,0
24.7200,13.54,0
24.7250,4.67,0
24.7300,4.67,0
24.7350,4.67,0
24.7400,4.67,0
24.7450,4.67,0
24.7500,4.67,0
24.7550,0.47,0
24.7600,0.47,0
24.7650,0.47,0
24.7700,-1.67,0
24.7750,-1.67,0
24.7800,2.12,0
24.7850,2.12,0
24.7900,22.26,0
24.7950,2.12,0
24.8000,2.12,0
24.8050,2.12,0
24.8100,-8.06,0
24.8150,-8.06,0
24.8200,22.40,0
24.8250,1.85,0
24.8300,1.85,0
24.8350,1.85,0
24.8400,13.28,0
24.8450,13.28,0
24.8500,-1.46,0
24.8550,-1.46,0
24.8600,-1.46,0
24.8650,-1.46,0
24.8700,6.91,0
24.8750,6.91,0
24.8800,35.64,0
24.8850,35.64,0
24.8900,38.67,0
24.8950,38.67,0
24.9000,45.91,0
24.9050,45.91,0
24.9100,31.27,0
24.9150,31.27,0
24.9200,33.70,0
24.9250,33.70,0
24.9300,33.70,0
24.9350,33.34,0
24.9400,33.34,0
24.9450,33.34,0
24.9500,-12.57,0
24.9550,35.64,0
24.9600,-73.14,0
24.9650,-73.14,0
24.9700,-1.67,0
24.9750,-1.67,0
24.9800,6.91,0
24.9850,-1.67,0
24.9900,36.72,0
24.9950,51.89,0
25.0000,51.89,0
25.0050,47.85,0
25.0100,47.85,0
25.0150,48.52,0
25.0200,48.52,0
25.0250,48.52,0
25.0300,48.52,0
25.0350,48.52,0
25.0400,37.40,0
25.0450,-0.08,0
25.0500,40.49,0
25.0550,40.49,0
25.0600,34.76,0
25.0650,38.79,0
25.0700,34.76,0
25.0750,34.76,0
25.0800,34.76,0
25.0850,30.25,0
25.0900,30.25,0
25.0950,30.25,0
25.1000,30.25,0
25.1050,11.24,0
25.1100,11.24,0
25.1150,4.43,0
25.1200,4.43,0
25.1250,4.43,0
25.1300,4.43,0
25.1350,0.23,0
25.1400,0.23,0
25.1450,7.96,0
25.1500,7.96,0
25.1550,37.37,0
25.1600,4.81,0
25.1650,25.32,0
25.1700,25.32,0
25.1750,25.32,0
25.1800,25.32,0
25.1850,25.32,0
25.1900,16.75,0
25.1950,16.75,0
25.2000,16.75,0
25.2050,6.87,0
25.2100,-5.87,0
25.2150,28.98,0
25.2200,-5.87,0
25.2250,-5.87,0
25.2300,-5.87,0
25.2350,-5.87,0
25.2400,25.32,0
25.2450,-39.70,0
25.2500,-3.18,0
25.2550,24.92,0
25.2600,46.21,0
25.2650,46.21,0
25.2700,46.21,0
25.2750,46.21,0
25.2800,46.21,0
25.2850,46.21,0
25.2900,46.21,0
25.2950,46.21,0
25.3000,6.65,0
25.3050,1.98,0
25.3100,1.98,0
25.3150,1.98,0
25.3200,-214.36,0
25.3250,-160.77,0
25.3300,-8.21,0
25.3350,19.59,0
25.3400,-51.87,0
25.3450,81.78,0
25.3500,81.78,1
25.3550,81.78,0
25.3600,10.58,0
25.3650,208.04,0
25.3700,56.09,0
25.3750,56.09,0
25.3800,56.09,0
25.3850,56.09,0
25.3900,54.72,0
25.3950,38.04,0
25.4000,38.04,0
25.4050,25.86,0
25.4100,25.86,0
25.4150,25.86,0
25.4200,25.86,0
25.4250,25.86,0
25.4300,21.55,0
25.4350,21.55,0
25.4400,40.37,0
25.4450,40.37,0
25.4500,14.59,0
25.4550,14.59,0
25.4600,23.92,0
25.4650,13.12,0
25.4700,13.12,0
25.4750,13.12,0
25.4800,14.59,0
25.4850,13.12,0
25.4900,4.43,0
25.4950,15.69,0
25.5000,-13.03,0
25.5050,-13.03,0
25.5100,-13.03,0
25.5150,-13.03,0
25.5200,-3.38,0
25.5250,-3.38,0
25.5300,-18.47,0
25.5350,-18.47,0
25.5400,-18.47,0
25.5450,-18.47,0
25.5500,-9.17,0
25.5550,-9.17,0
25.5600,41.94,0
25.5650,41.94,0
25.5700,43.36,0
25.5750,28.75,0
25.5800,28.75,0
25.5850,16.88,0
25.5900,16.88,0
25.5950,16.88,0
25.6000,16.88,0
25.6050,16.88,0
25.6100,16.88,0
25.6150,30.69,0
25.6200,-25.86,0
25.6250,32.63,0
25.6300,32.63,0
25.6350,32.63,0
25.6400,32.63,0
25.6450,32.63,0
25.6500,32.63,0
25.6550,32.63,0
25.6600,37.70,0
25.6650,44.77,0
25.6700,44.77,0
25.6750,44.77,0
25.6800,44.77,0
25.6850,44.77,0
25.6900,17.85,0
25.6950,6.90,0
25.7000,6.90,0
25.7050,6.90,0
25.7100,6.90,0
25.7150,-13.82,0
25.7200,-4.85,0
25.7250,-4.85,0
25.7300,25.99,0
25.7350,16.76,0
25.7400,-11.55,0
25.7450,13.54,0
25.7500,-34.39,0
25.7550,-34.39,0
25.7600,-62.97,0
25.7650,-54.15,0
25.7700,-62.97,0
25.7750,-62.97,0
25.7800,-62.97,0
25.7850,-62.97,0
25.7900,-162.15,0
25.7950,-92.99,0
25.8000,-92.99,0
25.8050,-191.49,0
25.8100,-191.49,0
25.8150,-191.49,0
25.8200,-191.49,0
25.8250,-191.49,0
25.8300,-191.49,0
25.8350,-191.49,0
25.8400,-391.44,0
25.8450,-391.44,0
25.8500,-179.09,0
25.8550,-179.09,0
25.8600,-161.19,0
25.8650,-161.19,0
25.8700,-161.19,0
25.8750,-161.19,0
25.8800,-55.31,0
25.8850,-55.31,0
25.8900,-115.64,0
25.8950,-115.64,0
25.9000,38.12,0
25.9050,38.12,0
25.9100,-61.49,0
25.9150,-61.49,0
25.9200,-61.49,0
25.9250,-1.09,0
25.9300,15.19,0
25.9350,-46.28,0
25.9400,-70.91,0
25.9450,-70.91,0
25.9500,-510.16,0
25.9550,-510.16,0
25.9600,-1077.97,0
25.9650,-904.30,0
25.9700,-904.30,0
25.9750,-904.30,0
25.9800,15.19,0
25.9850,-1083.18,0
25.9900,-1838.61,0
25.9950,-1838.61,0
26.0000,-1838.61,0
26.0050,-1838.61,0
26.0100,-1838.61,0
26.0150,-1838.61,0
26.0200,-1838.61,0
26.0250,-277.51,0
26.0300,-2953.62,0
26.0350,-2953.62,0
26.0400,-4687.25,0
26.0450,-119.47,0
26.0500,-4606.55,0
26.0550,-4606.55,0
26.0600,-4335.45,0
26.0650,-4335.45,0
26.0700,-5621.60,0
26.0750,-5621.60,0
26.0800,-5607.53,0
26.0850,-5607.53,0
26.0900,-39.55,0
26.0950,-5607.53,0
26.1000,-5607.53,0
26.1050,-5607.53,0
26.1100,-5075.30,0
26.1150,-5075.30,0
26.1200,-94.15,0
26.1250,-94.15,0
26.1300,-94.15,0
26.1350,-94.15,0
26.1400,-94.15,0
26.1450,611.76,0
26.1500,611.76,0
26.1550,420.82,0
26.1600,420.82,0
26.1650,210.88,0
26.1700,210.88,0
26.1750,-55.50,0
26.1800,-55.50,0
26.1850,37.42,0
26.1900,37.42,0
26.1950,37.42,0
26.2000,37.42,0
26.2050,37.42,0
26.2100,38.28,0
26.2150,38.28,0
26.2200,-94.46,0
26.2250,-4681.92,0
26.2300,-206.70,0
26.2350,-206.70,0
26.2400,29.42,0
26.2450,29.42,0
26.2500,234.57,0
26.2550,262.11,0
26.2600,262.11,0
26.2650,262.11,0
26.2700,242.06,0
26.2750,242.06,0
26.2800,78.74,0
26.2850,-301.46,0
26.2900,-301.46,0
26.2950,-301.46,0
26.3000,144.75,0
26.3050,144.75,0
26.3100,-94.46,0
26.3150,69.91,0
26.3200,69.91,0
26.3250,69.91,0
26.3300,611.83,0
26.3350,198.61,0
26.3400,159.66,0
26.3450,244.35,0
26.3500,244.35,0
26.3550,194.85,0
26.3600,194.85,0
26.3650,168.17,0
26.3700,168.17,0
26.3750,168.17,0
26.3800,306.09,0
26.3850,487.28,0
26.3900,487.28,0
26.3950,487.28,0
26.4000,400.08,0
26.4050,400.08,0
26.4100,340.21,0
26.4150,89.72,0
26.4200,89.72,0
26.4250,89.72,0
26.4300,86.26,0
26.4350,98.21,0
26.4400,98.21,0
26.4450,98.09,0
26.4500,98.09,0
26.4550,72.25,0
26.4600,72.25,0
26.4650,27.10,0
26.4700,27.10,0
26.4750,-94.11,0
26.4800,104.66,0
26.4850,-94.11,0
26.4900,-94.11,0
26.4950,136.32,0
26.5000,136.32,0
26.5050,248.05,0
26.5100,169.44,0
26.5150,-96.35,0
26.5200,-96.35,0
26.5250,12.51,0
26.5300,489.86,0
26.5350,489.86,0
26.5400,489.86,0
26.5450,489.86,0
26.5500,489.86,0
26.5550,489.86,0
26.5600,1840.25,0
26.5650,1840.25,0
26.5700,2008.52,0
26.5750,2008.52,0
26.5800,2001.71,0
26.5850,2001.71,0
26.5900,2001.71,0
26.5950,2001.71,0
26.6000,2001.71,0
26.6050,2116.35,0
26.6100,102.01,0
26.6150,2116.35,0
26.6200,3041.29,0
26.6250,3041.29,0
26.6300,3635.91,0
26.6350,3064.82,0
26.6400,3064.82,0
26.6450,3064.82,0
26.6500,1943.57,0
26.6550,102.02,0
26.6600,3219.00,0
26.6650,3219.00,0
26.6700,4583.88,0
26.6750,4583.88,0
26.6800,4583.88,0
26.6850,4583.88,0
26.6900,4624.81,0
26.6950,4624.81,0
26.7000,4664.29,0
26.7050,4664.29,0
26.7100,2116.34,0
26.7150,5312.80,0
26.7200,5312.80,0
26.7250,5312.80,0
26.7300,5312.80,0
26.7350,5067.79,0
26.7400,5067.79,0
26.7450,4181.10,0
26.7500,4181.10,0
26.7550,3774.07,0
26.7600,3774.07,0
26.7650,3218.77,0
26.7700,4294.95,0
26.7750,4437.00,0
26.7800,4413.02,0
26.7850,4060.63,0
26.7900,4726.13,0
26.7950,4097.82,0
26.8000,2630.77,0
26.8050,4097.82,0
26.8100,4097.82,0
26.8150,4051.81,0
26.8200,4051.81,0
26.8250,4167.63,0
26.8300,4167.63,0
26.8350,4253.91,0
26.8400,4253.91,0
26.8450,4213.76,0
26.8500,4213.76,0
26.8550,4065.43,0
26.8600,4065.43,0
26.8650,4054.10,0
26.8700,4054.10,0
26.8750,4043.11,0
26.8800,4043.11,0
26.8850,3788.56,0
26.8900,3788.56,0
26.8950,3788.56,0
26.9000,3788.56,0
26.9050,3788.56,0
26.9100,3678.19,0
26.9150,3678.19,0
26.9200,65.88,0
26.9250,65.88,0
26.9300,65.88,0
26.9350,65.88,0
26.9400,74.25,0
26.9450,4199.43,0
26.9500,4065.41,0
26.9550,137.87,0
26.9600,97.60,0
26.9650,97.60,0
26.9700,97.60,0
26.9750,85.60,0
26.9800,85.60,0
26.9850,85.60,0
26.9900,93.17,0
26.9950,93.17,0
27.0000,93.17,0
27.0050,93.17,0
27.0100,66.91,0
27.0150,66.91,0
27.0200,44.44,0
27.0250,44.44,0
27.0300,-35.08,0
27.0350,4023.39,0
27.0400,-35.08,0
27.0450,48.41,0
27.0500,-25.83,0
27.0550,3427.86,0
27.0600,-28.45,0
27.0650,-28.45,0
27.0700,28.24,0
27.0750,28.24,0
27.0800,28.24,0
27.0850,28.24,0
27.0900,28.24,0
27.0950,28.24,0
27.1000,18.70,0
27.1050,18.70,0
27.1100,66.00,0
27.1150,66.00,0
27.1200,63.25,0
27.1250,91.23,0
27.1300,41.63,0
27.1350,41.63,0
27.1400,41.63,0
27.1450,41.63,0
27.1500,-36.48,0
27.1550,-36.48,0
27.1600,-142.31,0
27.1650,-88.98,0
27.1700,-88.98,0
27.1750,-88.98,0
27.1800,-88.98,0
27.1850,-88.98,0
27.1900,-88.98,0
27.1950,-88.98,0
27.2000,47.66,0
27.2050,-65.19,0
27.2100,-65.19,0
27.2150,63.96,0
27.2200,63.96,0
27.2250,-15.71,0
27.2300,-75.40,0
27.2350,-75.40,0
27.2400,-75.40,0
27.2450,-75.40,0
27.2500,85.62,0
27.2550,422.22,0
27.2600,64.55,0
27.2650,65.57,0
27.2700,277.32,0
27.2750,-28.83,0
27.2800,0.48,0
27.2850,-28.83,0
27.2900,-187.13,0
27.2950,-187.13,0
27.3000,345.20,0
27.3050,345.20,0
27.3100,-284.00,0
27.3150,-266.94,0
27.3200,-266.94,0
27.3250,-28.83,0
27.3300,-211.37,0
27.3350,-211.37,0
27.3400,-211.37,0
27.3450,-177.81,0
27.3500,-177.81,0
27.3550,-169.72,0
27.3600,-169.72,0
27.3650,-164.11,0
27.3700,-164.11,0
27.3750,-160.32,0
27.3800,-160.32,0
27.3850,-158.93,0
27.3900,-158.93,0
27.3950,345.20,0
27.4000,-128.53,0
27.4050,-108.47,0
27.4100,-108.47,0
27.4150,-119.15,0
27.4200,-119.15,0
27.4250,-127.01,0
27.4300,-114.90,0
27.4350,-114.90,0
27.4400,-83.23,0
27.4450,-83.23,0
27.4500,-94.64,0
27.4550,-94.64,0
27.4600,-80.52,0
27.4650,-80.52,0
27.4700,-152.94,0
27.4750,-109.42,0
27.4800,-116.36,0
27.4850,-83.23,0
27.4900,-116.36,0
27.4950,-116.36,0
27.5000,-125.55,0
27.5050,-125.55,0
27.5100,-68.47,0
27.5150,-68.47,0
27.5200,-119.64,0
27.5250,-119.64,0
27.5300,-184.91,0
27.5350,-131.30,0
27.5400,-108.71,0
27.5450,-108.71,0
27.5500,-64.37,0
27.5550,-88.28,0
27.5600,-68.39,0
27.5650,-68.39,0
27.5700,-84.45,0
27.5750,-84.45,0
27.5800,-84.45,0
27.5850,-84.45,0
27.5900,-111.61,0
27.5950,-111.61,0
27.6000,-82.88,0
27.6050,-82.88,0
27.6100,-62.97,0
27.6150,-62.97,0
27.6200,-26.42,0
27.6250,-26.42,0
27.6300,-46.97,0
27.6350,-148.86,0
27.6400,-46.97,0
27.6450,-46.97,0
27.6500,-51.71,0
27.6550,-51.71,0
27.6600,5.07,0
27.6650,5.07,0
27.6700,-24.51,0
27.6750,-24.51,0
27.6800,8.43,0
27.6850,8.43,0
27.6900,-9.10,0
27.6950,-9.10,0
27.7000,-9.10,0
27.7050,-13.27,0
27.7100,-13.27,0
27.7150,16.36,0
27.7200,16.36,0
27.7250,14.06,0
27.7300,14.06,0
27.7350,5.42,0
27.7400,-8.13,0
27.7450,5.42,0
27.7500,5.42,0
27.7550,1.32,0
27.7600,1.32,0
27.7650,1.32,0
27.7700,-13.27,0
27.7750,12.44,0
27.7800,12.44,0
27.7850,6.28,0
27.7900,6.28,0
27.7950,6.28,0
27.8000,-4.29,0
27.8050,6.28,0
27.8100,6.28,0
27.8150,-7.22,0
27.8200,-7.22,0
27.8250,1.72,0
27.8300,1.72,0
27.8350,-72.19,0
27.8400,11.90,0
27.8450,-12.40,0
27.8500,-12.40,0
27.8550,-12.40,0
27.8600,-12.40,0
27.8650,0.68,0
27.8700,-6.61,0
27.8750,49.83,0
27.8800,49.83,0
27.8850,38.82,0
27.8900,38.82,0
27.8950,-15.08,0
27.9000,-15.08,0
27.9050,27.35,0
27.9100,27.35,0
27.9150,32.16,0
27.9200,32.16,0
27.9250,60.79,0
27.9300,60.79,0
27.9350,131.00,0
27.9400,131.00,0
27.9450,60.62,0
27.9500,-26.18,0
27.9550,-44.22,0
27.9600,-44.22,0
27.9650,-21.37,0
27.9700,-21.37,0
27.9750,-21.37,0
27.9800,-21.37,0
27.9850,-20.90,0
27.9900,-20.90,0
27.9950,-3.10,0
28.0000,-14.31,0
28.0050,-1.53,0
28.0100,-1.53,0
28.0150,-20.93,0
28.0200,-20.93,0
28.0250,-20.93,0
28.0300,-20.93,0
28.0350,-4.60,0
28.0400,-4.60,0
28.0450,-21.18,0
28.0500,-21.18,0
28.0550,-25.27,0
28.0600,-25.27,0
28.0650,-8.09,0
28.0700,-8.09,0
28.0750,-8.09,0
28.0800,-8.09,0
28.0850,-15.55,0
28.0900,-8.88,0
28.0950,11.52,0
28.1000,3.68,0
28.1050,3.68,0
28.1100,3.68,0
28.1150,3.68,0
28.1200,3.68,0
28.1250,-4.60,0
28.1300,-16.55,0
28.1350,18.00,0
28.1400,-12.88,0
28.1450,-12.88,0
28.1500,3.94,0
28.1550,3.94,0
28.1600,-6.16,0
28.1650,-6.16,0
28.1700,20.45,0
28.1750,-7.83,0
28.1800,-8.88,0
28.1850,7.87,0
28.1900,7.87,0
28.1950,7.87,0
28.2000,-11.36,0
28.2050,-11.36,0
28.2100,-0.11,0
28.2150,20.81,0
28.2200,-1.01,0
28.2250,15.49,0
28.2300,7.62,0
28.2350,7.62,0
28.2400,7.62,0
28.2450,-0.02,0
28.2500,7.62,0
28.2550,7.62,0
28.2600,-11.89,0
28.2650,-11.89,0
28.2700,-11.89,0
28.2750,4.90,0
28.2800,4.90,0
28.2850,-10.98,0
28.2900,20.79,0
28.2950,20.79,0
28.3000,-3.74,0
28.3050,-3.74,0
28.3100,-3.74,0
28.3150,21.54,0
28.3200,21.54,0
28.3250,-0.65,0
28.3300,-0.65,0
28.3350,24.59,0
28.3400,24.59,0
28.3450,24.59,0
28.3500,24.59,0
28.3550,24.59,0
28.3600,24.59,0
28.3650,-0.01,0
28.3700,24.74,0
28.3750,24.74,0
28.3800,-6.84,0
28.3850,-6.84,0
28.3900,-6.84,0
28.3950,9.77,0
28.4000,-9.94,0
28.4050,-1.82,0
28.4100,-1.82,0
28.4150,-1.82,0
28.4200,-1.82,0
28.4250,-10.91,0
28.4300,16.27,0
28.4350,16.27,0
28.4400,9.77,0
28.4450,5.92,0
28.4500,5.92,0
28.4550,-4.94,0
28.4600,18.69,0
28.4650,-6.69,0
28.4700,18.69,0
28.4750,18.69,0
28.4800,10.63,0
28.4850,10.63,0
28.4900,10.63,0
28.4950,19.80,0
28.5000,-11.56,0
28.5050,-11.56,0
28.5100,-11.56,0
28.5150,-11.56,0
28.5200,-11.56,0
28.5250,-11.56,0
28.5300,-11.56,0
28.5350,-11.56,0
28.5400,8.37,0
28.5450,10.63,0
28.5500,-6.23,0
28.5550,-6.23,0
28.5600,8.37,0
28.5650,22.84,0
28.5700,22.84,0
28.5750,22.84,0
28.5800,17.01,0
28.5850,2.38,0
28.5900,2.38,0
28.5950,23.72,0
28.6000,-6.13,0
28.6050,21.40,0
28.6100,21.40,0
28.6150,-4.18,0
28.6200,7.88,0
28.6250,-4.18,0
28.6300,-3.70,0
28.6350,17.02,0
28.6400,-8.76,0
28.6450,-8.76,0
28.6500,-8.76,0
28.6550,-3.67,0
28.6600,5.35,0
28.6650,5.35,0
28.6700,5.35,0
28.6750,15.65,0
28.6800,15.65,0
28.6850,25.05,0
28.6900,25.65,0
28.6950,25.65,0
28.7000,-1.81,0
28.7050,-1.81,0
28.7100,-10.62,0
28.7150,-10.62,0
28.7200,24.66,0
28.7250,24.66,0
28.7300,24.66,0
28.7350,0.17,0
28.7400,0.17,0
28.7450,0.17,0
28.7500,19.36,0
28.7550,19.36,0
28.7600,-14.00,0
28.7650,-14.00,0
28.7700,-6.73,0
28.7750,-6.73,0
28.7800,9.62,0
28.7850,5.36,0
28.7900,9.62,0
28.7950,9.62,0
28.8000,-9.44,0
28.8050,-9.44,0
28.8100,27.22,0
28.8150,27.22,0
28.8200,11.97,0
28.8250,1.11,0
28.8300,15.71,0
28.8350,1.11,0
28.8400,25.38,0
28.8450,19.49,0
28.8500,-6.05,0
28.8550,-6.05,0
28.8600,-6.05,0
28.8650,-10.55,0
28.8700,-6.05,0
28.8750,16.02,0
28.8800,16.02,0
28.8850,-13.68,0
28.8900,-13.68,0
28.8950,-8.92,0
28.9000,-8.92,0
28.9050,1.13,0
28.9100,1.13,0
28.9150,1.13,0
28.9200,1.13,0
28.9250,-23.05,0
28.9300,14.62,0
28.9350,14.62,0
28.9400,14.62,0
28.9450,2.53,0
28.9500,2.53,0
28.9550,15.94,0
28.9600,15.94,0
28.9650,-18.03,0
28.9700,-18.03,0
28.9750,-18.03,0
28.9800,-1.96,0
28.9850,-1.96,0
28.9900,18.46,0
28.9950,18.46,0
29.0000,-11.52,0
29.0050,-11.52,0
29.0100,22.66,0
29.0150,22.66,0
29.0200,-1.77,0
29.0250,-1.77,0
29.0300,1.09,0
29.0350,1.09,0
29.0400,-5.33,0
29.0450,-5.33,0
29.0500,33.96,0
29.0550,-1.96,0
29.0600,6.42,0
29.0650,6.42,0
29.0700,21.48,0
29.0750,21.48,0
29.0800,21.48,0
29.0850,21.48,0
29.0900,25.68,0
29.0950,25.68,0
29.1000,1.41,0
29.1050,1.41,0
29.1100,21.03,0
29.1150,21.03,0
29.1200,-2.64,0
29.1250,-2.64,0
29.1300,-2.64,0
29.1350,-2.17,0
29.1400,-1.50,0
29.1450,-1.50,0
29.1500,-1.50,0
29.1550,-1.50,0
29.1600,-17.91,0
29.1650,-17.91,0
29.1700,21.58,0
29.1750,21.58,0
29.1800,-1.67,0
29.1850,-1.67,0
29.1900,3.36,0
29.1950,3.36,0
29.2000,28.36,0
29.2050,18.25,0
29.2100,10.16,0
29.2150,10.16,0
29.2200,-6.69,0
29.2250,-6.69,0
29.2300,-10.46,0
29.2350,-7.71,0
29.2400,-28.74,0
29.2450,-28.74,0
29.2500,-28.74,0
29.2550,-28.74,0
29.2600,-10.80,0
29.2650,-10.80,0
29.2700,-11.14,0
29.2750,-11.14,0
29.2800,2.37,0
29.2850,2.37,0
29.2900,-26.90,0
29.2950,-26.90,0
29.3000,-35.75,0
29.3050,-35.75,0
29.3100,-13.69,0
29.3150,-11.79,0
29.3200,7.84,0
29.3250,7.84,0
29.3300,-26.90,0
29.3350,7.84,0
29.3400,16.65,0
29.3450,16.65,0
29.3500,-574.97,0
29.3550,-28.74,0
29.3600,-574.97,0
29.3650,-574.97,0
29.3700,452.97,0
29.3750,452.97,0
29.3800,-124.08,0
29.3850,-124.08,0
29.3900,-38.00,0
29.3950,-38.00,0
29.4000,-117.01,0
29.4050,-117.01,0
29.4100,-23.23,0
29.4150,-416.38,0
29.4200,-789.11,0
29.4250,-789.11,0
29.4300,-1177.45,0
29.4350,-1177.45,0
29.4400,-1129.75,0
29.4450,-1129.75,0
29.4500,-1417.31,0
29.4550,-1417.31,0
29.4600,353.16,0
29.4650,-1069.86,0
29.4700,-1130.53,0
29.4750,-1130.53,0
29.4800,-1130.53,0
29.4850,-1130.53,0
29.4900,-1442.99,0
29.4950,-1442.99,0
29.5000,-1312.70,0
29.5050,-1133.96,0
29.5100,-1312.70,0
29.5150,-1133.27,0
29.5200,-1133.27,0
29.5250,-789.11,0
29.5300,-1059.56,0
29.5350,-1059.56,0
29.5400,-1059.56,0
29.5450,-329.34,0
29.5500,-329.34,0
29.5550,-145.44,0
29.5600,-86.37,0
29.5650,-86.37,0
29.5700,-86.37,0
29.5750,485.46,0
29.5800,-1147.08,0
29.5850,668.55,0
29.5900,668.55,0
29.5950,834.65,0
29.6000,834.65,0
29.6050,849.43,0
29.6100,849.43,0
29.6150,810.86,0
29.6200,408.99,0
29.6250,408.99,0
29.6300,782.38,0
29.6350,782.38,0
29.6400,782.38,0
29.6450,1062.30,0
29.6500,1062.30,0
29.6550,1062.30,0
29.6600,1062.30,0
29.6650,1840.31,0
29.6700,1840.31,0
29.6750,2134.74,0
29.6800,2134.74,0
29.6850,2044.00,0
29.6900,2044.00,0
29.6950,2585.53,0
29.7000,1062.30,0
29.7050,2585.53,0
29.7100,2585.53,0
29.7150,3122.58,0
29.7200,2978.39,0
29.7250,3122.58,0
29.7300,2978.39,0
29.7350,2978.39,0
29.7400,2978.39,0
29.7450,2978.39,0
29.7500,2978.39,0
29.7550,2978.39,0
29.7600,3985.22,0
29.7650,3985.22,0
29.7700,5751.96,0
29.7750,5751.96,0
29.7800,5751.96,0
29.7850,6093.29,0
29.7900,1897.35,0
29.7950,6076.42,0
29.8000,6076.42,0
29.8050,6591.02,0
29.8100,3601.24,0
29.8150,7603.10,0
29.8200,7603.10,0
29.8250,7603.10,0
29.8300,7603.10,0
29.8350,7603.10,0
29.8400,7603.10,0
29.8450,7904.85,0
29.8500,7823.30,0
29.8550,7823.30,0
29.8600,7823.30,0
29.8650,3985.18,0
29.8700,3386.07,0
29.8750,7804.95,0
29.8800,7539.66,0
29.8850,7539.66,0
29.8900,7640.30,0
29.8950,7640.30,0
29.9000,7425.01,0
29.9050,7425.01,0
29.9100,7597.05,0
29.9150,7597.05,0
29.9200,7597.05,0
29.9250,7597.05,0
29.9300,7597.05,0
29.9350,7597.05,0
29.9400,8900.55,0
29.9450,8900.55,0
29.9500,8900.55,0
29.9550,8972.97,0
29.9600,8818.06,0
29.9650,8723.52,0
29.9700,8723.52,0
29.9750,8723.52,0
29.9800,8723.52,0
29.9850,7586.47,0
29.9900,8723.52,0
29.9950,9889.54,0
30.0000,9889.54,0
30.0050,10269.63,0
30.0100,8900.55,0
30.0150,9926.68,0
30.0200,7534.94,0
30.0250,9163.23,0
30.0300,9163.23,0
30.0350,9163.96,0
30.0400,9163.96,0
30.0450,9246.42,0
30.0500,9163.96,0
30.0550,9353.22,0
30.0600,9353.22,0
30.0650,9427.92,0
30.0700,9427.92,0
30.0750,9205.57,0
30.0800,9205.57,0
30.0850,9205.57,0
30.0900,9213.17,0
30.0950,9282.82,0
30.1000,8941.41,0
30.1050,10269.45,0
30.1100,9122.66,0
30.1150,9353.22,0
30.1200,9329.01,0
30.1250,8409.04,0
30.1300,8433.40,0
30.1350,8433.40,0
30.1400,8433.40,0
30.1450,8433.40,0
30.1500,7894.69,0
30.1550,7894.69,0
30.1600,7604.09,0
30.1650,7604.09,0
30.1700,7433.90,0
30.1750,7433.90,0
30.1800,6633.56,0
30.1850,7433.90,0
30.1900,6633.56,0
30.1950,6633.56,0
30.2000,-1553.84,0
30.2050,-1553.84,0
30.2100,-1524.63,0
30.2150,-1524.63,0
30.2200,-1579.02,0
30.2250,-1579.02,0
30.2300,9076.99,0
30.2350,-1579.02,0
30.2400,-1518.91,0
30.2450,-1518.91,0
30.2500,-1177.74,0
30.2550,-1177.74,0
30.2600,-1370.65,0
30.2650,7094.41,0
30.2700,-1141.55,0
30.2750,-1141.55,0
30.2800,-1312.77,0
30.2850,-1312.77,0
30.2900,-1312.77,0
30.2950,-1093.30,0
30.3000,-1093.30,0
30.3050,-1110.93,0
30.3100,-1110.93,0
30.3150,-872.00,0
30.3200,-872.00,0
30.3250,-872.00,0
30.3300,-872.00,0
30.3350,-872.00,0
30.3400,-872.00,0
30.3450,-1121.78,0
30.3500,-1121.78,1
30.3550,-924.08,0
30.3600,-924.08,0
30.3650,-1228.75,0
30.3700,-1228.75,0
30.3750,-1228.75,0
30.3800,-1228.75,0
30.3850,-866.35,0
30.3900,-914.17,0
30.3950,-953.45,0
30.4000,-953.45,0
30.4050,-921.56,0
30.4100,-921.56,0
30.4150,-997.58,0
30.4200,-1136.76,0
30.4250,-1017.82,0
30.4300,-1017.82,0
30.4350,-1158.81,0
30.4400,-1158.81,0
30.4450,-999.94,0
30.4500,-999.94,0
30.4550,-963.05,0
30.4600,-1092.71,0
30.4650,-1092.71,0
30.4700,-1319.92,0
30.4750,-1053.55,0
30.4800,-1434.65,0
30.4850,-1434.65,0
30.4900,-1614.28,0
30.4950,-1614.28,0
30.5000,-1614.28,0
30.5050,-1614.28,0
30.5100,-1853.64,0
30.5150,-1121.22,0
30.5200,-1080.22,0
30.5250,-1080.22,0
30.5300,-1203.67,0
30.5350,-1203.67,0
30.5400,-1203.67,0
30.5450,-1203.67,0
30.5500,-410.63,0
30.5550,-410.63,0
30.5600,-250.88,0
30.5650,-250.88,0
30.5700,384.24,0
30.5750,384.24,0
30.5800,165.23,0
30.5850,-1023.32,0
30.5900,768.93,0
30.5950,305.70,0
30.6000,992.34,0
30.6050,992.34,0
30.6100,1179.73,0
30.6150,1179.73,0
30.6200,2193.97,0
30.6250,2193.97,0
30.6300,-1089.86,0
30.6350,2193.97,0
30.6400,2193.97,0
30.6450,1804.72,0
30.6500,-1391.35,0
30.6550,2408.28,0
30.6600,2408.28,0
30.6650,2408.28,0
30.6700,-410.68,0
30.6750,2733.55,0
30.6800,1804.72,0
30.6850,2825.47,0
30.6900,2825.47,0
30.6950,2429.63,0
30.7000,2256.13,0
30.7050,2256.13,0
30.7100,2010.05,0
30.7150,2256.13,0
30.7200,2646.07,0
30.7250,2646.07,0
30.7300,2825.20,0
30.7350,2802.82,0
30.7400,2146.88,0
30.7450,2146.88,0
30.7500,1937.81,0
30.7550,1937.81,0
30.7600,1937.81,0
30.7650,1937.81,0
30.7700,1976.26,0
30.7750,2146.88,0
30.7800,1436.26,0
30.7850,1436.26,0
30.7900,1709.21,0
30.7950,1557.35,0
30.8000,1232.72,0
30.8050,1232.72,0
30.8100,1250.55,0
30.8150,2256.22,0
30.8200,1441.52,0
30.8250,1441.52,0
30.8300,1479.55,0
30.8350,1479.55,0
30.8400,1409.70,0
30.8450,1409.70,0
30.8500,1365.31,0
30.8550,2978.65,0
30.8600,1434.28,0
30.8650,1434.28,0
30.8700,1329.49,0
30.8750,1543.19,0
30.8800,1312.48,0
30.8850,2134.16,0
30.8900,1543.19,0
30.8950,1568.97,0
30.9000,1568.97,0
30.9050,1576.38,0
30.9100,1576.38,0
30.9150,1345.29,0
30.9200,1345.29,0
30.9250,1683.54,0
30.9300,1683.54,0
30.9350,1582.37,0
30.9400,1582.37,0
30.9450,1815.23,0
30.9500,1879.59,0
30.9550,1879.59,0
30.9600,1879.59,0
30.9650,1877.75,0
30.9700,1923.05,0
30.9750,1923.05,0
30.9800,1923.05,0
30.9850,2020.78,0
30.9900,2020.78,0
30.9950,31.10,0
31.0000,2020.78,0
31.0050,1605.77,0
31.0100,31.10,0
31.0150,31.10,0
31.0200,31.10,0
31.0250,176.87,0
31.0300,176.87,0
31.0350,221.80,0
31.0400,221.80,0
31.0450,351.72,0
31.0500,351.72,0
31.0550,174.08,0
31.0600,174.08,0
31.0650,174.08,0
31.0700,174.08,0
31.0750,214.92,0
31.0800,214.92,0
31.0850,205.57,0
31.0900,205.57,0
31.0950,226.89,0
31.1000,226.89,0
31.1050,103.00,0
31.1100,103.00,0
31.1150,126.85,0
31.1200,126.85,0
31.1250,126.85,0
31.1300,126.85,0
31.1350,156.27,0
31.1400,156.27,0
31.1450,203.45,0
31.1500,203.45,0
31.1550,205.57,0
31.1600,352.23,0
31.1650,530.77,0
31.1700,530.77,0
31.1750,237.11,0
31.1800,237.11,0
31.1850,237.11,0
31.1900,140.10,0
31.1950,779.51,0
31.2000,779.51,0
31.2050,652.03,0
31.2100,652.03,0
31.2150,558.60,0
31.2200,451.59,0
31.2250,-251.30,0
31.2300,-251.30,0
31.2350,-251.30,0
31.2400,166.11,0
31.2450,166.11,0
31.2500,476.27,0
31.2550,476.27,0
31.2600,722.07,0
31.2650,26.56,0
31.2700,26.56,0
31.2750,-248.77,0
31.2800,-248.77,0
31.2850,-248.77,0
31.2900,-248.77,0
31.2950,-520.13,0
31.3000,-520.13,0
31.3050,-427.44,0
31.3100,-427.44,0
31.3150,-762.27,0
31.3200,-762.27,0
31.3250,-762.27,0
31.3300,-762.27,0
31.3350,-718.76,0
31.3400,-718.76,0
31.3450,-1191.25,0
31.3500,-1191.25,0
31.3550,-1191.25,0
31.3600,-1191.25,0
31.3650,-1675.32,0
31.3700,-1675.32,0
31.3750,-1675.32,0
31.3800,-1920.72,0
31.3850,-1920.72,0
31.3900,-2355.85,0
31.3950,-543.88,0
31.4000,-1991.14,0
31.4050,-1812.70,0
31.4100,-1991.14,0
31.4150,-2027.69,0
31.4200,-2027.69,0
31.4250,-2027.69,0
31.4300,-2309.30,0
31.4350,-2309.30,0
31.4400,-2112.95,0
31.4450,-2112.95,0
31.4500,-2490.49,0
31.4550,-2490.49,0
31.4600,-2490.49,0
31.4650,-2490.49,0
31.4700,-2490.49,0
31.4750,-2249.30,0
31.4800,-2249.30,0
31.4850,-1942.77,0
31.4900,-1942.77,0
31.4950,-1942.77,0
31.5000,-1942.77,0
31.5050,-384.51,0
31.5100,-1942.77,0
31.5150,-1826.90,0
31.5200,-1388.08,0
31.5250,-2011.01,0
31.5300,-2011.01,0
31.5350,-2081.72,0
31.5400,-2081.72,0
31.5450,-2500.16,0
31.5500,-2500.16,0
31.5550,-2500.16,0
31.5600,-1438.37,0
31.5650,-2872.80,0
31.5700,-2872.80,0
31.5750,-2755.31,0
31.5800,-2755.31,0
31.5850,-2700.70,0
31.5900,-2700.70,0
31.5950,-2700.70,0
31.6000,-2700.70,0
31.6050,-3209.90,0
31.6100,-2888.77,0
31.6150,-2888.77,0
31.6200,-2081.74,0
31.6250,-2954.08,0
31.6300,-2954.08,0
31.6350,-2046.58,0
31.6400,-2046.58,0
31.6450,-1759.62,0
31.6500,-1759.62,0
31.6550,-1759.62,0
31.6600,-2085.46,0
31.6650,-2085.46,0
31.6700,-2085.46,0
31.6750,-1979.92,0
31.6800,-2768.46,0
31.6850,-2768.46,0
31.6900,-2470.40,0
31.6950,-2768.46,0
31.7000,-2470.40,0
31.7050,-2257.45,0
31.7100,-2257.45,0
31.7150,-2313.41,0
31.7200,-2313.41,0
31.7250,-2169.39,0
31.7300,-2169.39,0
31.7350,-2169.39,0
31.7400,-2954.02,0
31.7450,-2470.40,0
31.7500,-1762.10,0
31.7550,-2247.29,0
31.7600,-2887.12,0
31.7650,-2528.65,0
31.7700,-2528.65,0
31.7750,-2528.65,0
31.7800,-2143.35,0
31.7850,-2143.35,0
31.7900,-2143.35,0
31.7950,-2399.34,0
31.8000,-2395.56,0
31.8050,-2395.56,0
31.8100,-2735.53,0
31.8150,192.62,0
31.8200,192.62,0
31.8250,192.62,0
31.8300,-676.26,0
31.8350,61.93,0
31.8400,61.93,0
31.8450,-909.96,0
31.8500,-909.96,0
31.8550,-119.93,0
31.8600,-119.93,0
31.8650,207.06,0
31.8700,207.06,0
31.8750,-357.82,0
31.8800,-357.82,0
31.8850,-357.82,0
31.8900,-357.82,0
31.8950,173.59,0
31.9000,173.59,0
31.9050,-211.36,0
31.9100,257.74,0
31.9150,-139.98,0
31.9200,-296.89,0
31.9250,-296.89,0
31.9300,-296.89,0
31.9350,-296.89,0
31.9400,-296.89,0
31.9450,435.15,0
31.9500,671.50,0
31.9550,671.50,0
31.9600,384.67,0
31.9650,384.67,0
31.9700,25.89,0
31.9750,25.89,0
31.9800,25.89,0
31.9850,25.89,0
31.9900,-43.57,0
31.9950,-43.57,0
32.0000,254.07,0
32.0050,254.07,0
32.0100,-813.86,0
32.0150,-813.86,0
32.0200,-1075.77,0
32.0250,-1075.77,0
32.0300,465.71,0
32.0350,-1075.77,0
32.0400,-1075.77,0
32.0450,-1075.77,0
32.0500,-935.80,0
32.0550,-935.80,0
32.0600,-1117.97,0
32.0650,-1117.97,0
32.0700,-1117.97,0
32.0750,-800.77,0
32.0800,-800.77,0
32.0850,60.80,0
32.0900,-800.77,0
32.0950,-1424.82,0
32.1000,-1424.82,0
32.1050,-1603.20,0
32.1100,-1603.20,0
32.1150,-1977.56,0
32.1200,-1977.56,0
32.1250,-2326.80,0
32.1300,-1983.36,0
32.1350,-1983.36,0
32.1400,-1983.36,0
32.1450,-2656.97,0
32.1500,-2656.97,0
32.1550,-2995.83,0
32.1600,-1424.82,0
32.1650,-3358.83,0
32.1700,-3358.83,0
32.1750,-3358.83,0
32.1800,-3358.83,0
32.1850,-3358.83,0
32.1900,-3358.83,0
32.1950,-2986.28,0
32.2000,-4340.17,0
32.2050,-1097.73,0
32.2100,-3940.89,0
32.2150,-3940.89,0
32.2200,-3940.89,0
32.2250,-3940.89,0
32.2300,-4874.43,0
32.2350,-4874.43,0
32.2400,-4874.43,0
32.2450,-3221.48,0
32.2500,-5062.28,0
32.2550,-5062.28,0
32.2600,-5062.28,0
32.2650,-4925.47,0
32.2700,-4925.47,0
32.2750,-4693.55,0
32.2800,-4925.47,0
32.2850,-4438.07,0
32.2900,-4511.37,0
32.2950,-4511.37,0
32.3000,-4511.37,0
32.3050,-4511.37,0
32.3100,-3415.50,0
32.3150,-3415.50,0
32.3200,-3415.50,0
32.3250,-3078.36,0
32.3300,-3078.36,0
32.3350,-4857.45,0
32.3400,-4595.87,0
32.3450,-4571.26,0
32.3500,-4693.51,0
32.3550,-5150.04,0
32.3600,-5150.04,0
32.3650,-5150.04,0
32.3700,-5150.04,0
32.3750,-3710.59,0
32.3800,-5455.73,0
32.3850,-5469.05,0
32.3900,-5730.73,0
32.3950,-5469.05,0
32.4000,-5087.11,0
32.4050,-5087.11,0
32.4100,-5087.11,0
32.4150,-5035.45,0
32.4200,-5035.45,0
32.4250,-5038.58,0
32.4300,-5038.58,0
32.4350,-5167.14,0
32.4400,-5167.14,0
32.4450,-5167.14,0
32.4500,-5167.14,0
32.4550,-5167.14,0
32.4600,-5342.55,0
32.4650,-5296.57,0
32.4700,-5288.61,0
32.4750,-5288.61,0
32.4800,-5288.61,0
32.4850,-5288.61,0
32.4900,-5288.61,0
32.4950,-5288.61,0
32.5000,-5043.45,0
32.5050,-5043.45,0
32.5100,-5023.22,0
32.5150,-5191.32,0
32.5200,-4624.14,0
32.5250,-4624.14,0
32.5300,-5023.22,0
32.5350,-4749.57,0
32.5400,-4749.57,0
32.5450,-4876.59,0
32.5500,-4876.59,0
32.5550,-4876.59,0
32.5600,-4819.28,0
32.5650,-4930.06,0
32.5700,-4930.06,0
32.5750,-4930.06,0
32.5800,-5053.37,0
32.5850,-5327.22,0
32.5900,-5321.31,0
32.5950,-5327.22,0
32.6000,-5498.85,0
32.6050,-4901.52,0
32.6100,-4901.52,0
32.6150,-4901.52,0
32.6200,-4593.51,0
32.6250,-4593.51,0
32.6300,-4518.72,0
32.6350,-4518.72,0
32.6400,-4518.72,0
32.6450,-4518.72,0
32.6500,249.65,0
32.6550,319.39,0
32.6600,319.39,0
32.6650,1192.82,0
32.6700,1192.82,0
32.6750,1192.82,0
32.6800,1192.82,0
32.6850,1529.53,0
32.6900,1529.53,0
32.6950,1466.81,0
32.7000,1466.81,0
32.7050,1318.21,0
32.7100,1318.21,0
32.7150,1318.21,0
32.7200,1642.66,0
32.7250,1529.53,0
32.7300,1754.70,0
32.7350,-4718.44,0
32.7400,1196.38,0
32.7450,2205.84,0
32.7500,2205.84,0
32.7550,2205.84,0
32.7600,2205.84,0
32.7650,2205.84,0
32.7700,2557.07,0
32.7750,2557.07,0
32.7800,3215.57,0
32.7850,3215.57,0
32.7900,3291.03,0
32.7950,3291.03,0
32.8000,3291.03,0
32.8050,3215.57,0
32.8100,2627.35,0
32.8150,2654.26,0
32.8200,-136.70,0
32.8250,2654.26,0
32.8300,2971.45,0
32.8350,2014.63,0
32.8400,2014.63,0
32.8450,2014.63,0
32.8500,2014.63,0
32.8550,2014.63,0
32.8600,1981.94,0
32.8650,1981.94,0
32.8700,1088.00,0
32.8750,1088.00,0
32.8800,1936.89,0
32.8850,1125.75,0
32.8900,914.29,0
32.8950,914.29,0
32.9000,914.29,0
32.9050,914.29,0
32.9100,914.29,0
32.9150,914.29,0
32.9200,2760.16,0
32.9250,580.59,0
32.9300,670.60,0
32.9350,670.60,0
32.9400,778.05,0
32.9450,778.05,0
32.9500,1043.41,0
32.9550,1043.41,0
32.9600,258.47,0
32.9650,258.47,0
32.9700,33.05,0
32.9750,3038.73,0
32.9800,-505.34,0
32.9850,-505.34,0
32.9900,-866.23,0
32.9950,-664.04,0
33.0000,-664.04,0
33.0050,-664.04,0
33.0100,682.58,0
33.0150,682.58,0
33.0200,682.58,0
33.0250,682.58,0
33.0300,815.42,0
33.0350,815.42,0
33.0400,-353.56,0
33.0450,855.97,0
33.0500,1981.84,0
33.0550,1751.85,0
33.0600,1751.85,0
33.0650,1751.85,0
33.0700,-866.22,0
33.0750,1751.85,0
33.0800,1289.62,0
33.0850,1410.65,0
33.0900,1410.65,0
33.0950,1410.65,0
33.1000,-729.65,0
33.1050,1211.69,0
33.1100,351.87,0
33.1150,351.87,0
33.1200,375.58,0
33.1250,746.46,0
33.1300,893.69,0
33.1350,746.46,0
33.1400,746.46,0
33.1450,746.46,0
33.1500,-539.81,0
33.1550,-539.81,0
33.1600,-597.53,0
33.1650,-597.53,0
33.1700,-597.53,0
33.1750,-597.53,0
33.1800,-597.53,0
33.1850,-533.24,0
33.1900,-533.24,0
33.1950,-533.24,0
33.2000,282.01,0
33.2050,-746.60,0
33.2100,282.01,0
33.2150,282.01,0
33.2200,282.01,0
33.2250,-529.49,0
33.2300,-529.49,0
33.2350,-606.13,0
33.2400,-606.13,0
33.2450,-109.28,0
33.2500,-202.94,0
33.2550,-202.94,0
33.2600,37.15,0
33.2650,-537.84,0
33.2700,37.15,0
33.2750,37.15,0
33.2800,37.15,0
33.2850,131.39,0
33.2900,131.39,0
33.2950,131.39,0
33.3000,368.40,0
33.3050,368.40,0
33.3100,-238.60,0
33.3150,-238.60,0
33.3200,-588.58,0
33.3250,-588.58,0
33.3300,-498.42,0
33.3350,-104.61,0
33.3400,-1026.43,0
33.3450,-1223.99,0
33.3500,58.32,0
33.3550,-1223.99,0
33.3600,-1223.99,0
33.3650,-1013.61,0
33.3700,58.40,0
33.3750,-518.60,0
33.3800,-518.60,0
33.3850,-9.19,0
33.3900,-518.60,0
33.3950,-518.60,0
33.4000,-518.60,0
33.4050,-431.43,0
33.4100,-1208.87,0
33.4150,-532.54,0
33.4200,-532.54,0
33.4250,-529.34,0
33.4300,-529.34,0
33.4350,-867.34,0
33.4400,-867.34,0
33.4450,-867.34,0
33.4500,-867.34,0
33.4550,-525.06,0
33.4600,-525.06,0
33.4650,-471.06,0
33.4700,-471.06,0
33.4750,-443.09,0
33.4800,-443.09,0
33.4850,-612.87,0
33.4900,-612.87,0
33.4950,-627.31,0
33.5000,-627.31,0
33.5050,-182.17,0
33.5100,-182.17,0
33.5150,-686.14,0
33.5200,-686.14,0
33.5250,-597.90,0
33.5300,-597.90,0
33.5350,-597.90,0
33.5400,-597.90,0
33.5450,-79.89,0
33.5500,-79.89,0
33.5550,33.00,0
33.5600,33.00,0
33.5650,-691.33,0
33.5700,33.00,0
33.5750,-597.90,0
33.5800,846.56,0
33.5850,846.56,0
33.5900,846.56,0
33.5950,700.41,0
33.6000,700.41,0
33.6050,700.41,0
33.6100,-147.55,0
33.6150,-147.55,0
33.6200,-857.14,0
33.6250,-147.55,0
33.6300,700.41,0
33.6350,-147.55,0
33.6400,-346.07,0
33.6450,-346.07,0
33.6500,-281.42,0
33.6550,-281.42,0
33.6600,-272.01,0
33.6650,-272.01,0
33.6700,-307.66,0
33.6750,-843.18,0
33.6800,-179.65,0
33.6850,-179.65,0
33.6900,-695.80,0
33.6950,-179.65,0
33.7000,-46.63,0
33.7050,23.55,0
33.7100,23.55,0
33.7150,773.56,0
33.7200,773.56,0
33.7250,-623.59,0
33.7300,-623.59,0
33.7350,-623.59,0
33.7400,-623.59,0
33.7450,-203.85,0
33.7500,-203.85,0
33.7550,-373.03,0
33.7600,-373.03,0
33.7650,-1131.23,0
33.7700,-1131.23,0
33.7750,-795.93,0
33.7800,-795.93,0
33.7850,-795.93,0
33.7900,-795.93,0
33.7950,-900.37,0
33.8000,-1157.99,0
33.8050,-900.37,0
33.8100,-900.37,0
33.8150,-902.26,0
33.8200,-902.26,0
33.8250,-986.68,0
33.8300,-986.68,0
33.8350,-820.72,0
33.8400,-986.68,0
33.8450,-986.68,0
33.8500,-986.68,0
33.8550,-1111.06,0
33.8600,-1111.06,0
33.8650,-1098.27,0
33.8700,-291.26,0
33.8750,-878.50,0
33.8800,-876.04,0
33.8850,-962.86,0
33.8900,-878.50,0
33.8950,-878.50,0
33.9000,-1359.22,0
33.9050,-1359.22,0
33.9100,-855.07,0
33.9150,-855.07,0
33.9200,-741.10,0
33.9250,-741.10,0
33.9300,-1007.71,0
33.9350,-1007.71,0
33.9400,-948.12,0
33.9450,-948.12,0
33.9500,-858.35,0
33.9550,-858.35,0
33.9600,-1675.18,0
33.9650,-1675.18,0
33.9700,-1774.84,0
33.9750,-1774.84,0
33.9800,-941.66,0
33.9850,-1620.50,0
33.9900,-2139.07,0
33.9950,-2139.07,0
34.0000,-2139.07,0
34.0050,-2139.07,0
34.0100,-2624.78,0
34.0150,-2624.78,0
34.0200,-2703.85,0
34.0250,-2703.85,0
34.0300,-3173.63,0
34.0350,-3173.63,0
34.0400,-3681.99,0
34.0450,-3681.99,0
34.0500,-3681.99,0
34.0550,-3621.49,0
34.0600,-3621.49,0
34.0650,-1946.19,0
34.0700,-3511.08,0
34.0750,-3511.08,0
34.0800,-3511.08,0
34.0850,-515.99,0
34.0900,-3078.60,0
34.0950,-3078.60,0
34.1000,-1676.86,0
34.1050,-3182.24,0
34.1100,-3182.24,0
34.1150,-3182.24,0
34.1200,-3219.22,0
34.1250,-3182.24,0
34.1300,-3182.24,0
34.1350,-2379.98,0
34.1400,-1818.69,0
34.1450,-1818.69,0
34.1500,-1652.99,0
34.1550,-1189.10,0
34.1600,-1189.10,0
34.1650,-1189.10,0
34.1700,-1189.10,0
34.1750,-1189.10,0
34.1800,-1189.10,0
34.1850,-1189.10,0
34.1900,-1189.10,0
34.1950,-1389.29,0
34.2000,-275.95,0
34.2050,-275.95,0
34.2100,-3715.78,0
34.2150,-865.92,0
34.2200,-1143.80,0
34.2250,-1143.80,0
34.2300,-1143.80,0
34.2350,-259.29,0
34.2400,-259.29,0
34.2450,-2326.47,0
34.2500,-19.73,0
34.2550,-2381.19,0
34.2600,-19.73,0
34.2650,-325.48,0
34.2700,-325.48,0
34.2750,712.68,0
34.2800,712.68,0
34.2850,712.68,0
34.2900,712.68,0
34.2950,713.35,0
34.3000,713.35,0
34.3050,246.52,0
34.3100,246.52,0
34.3150,541.03,0
34.3200,541.03,0
34.3250,695.80,0
34.3300,589.46,0
34.3350,695.80,0
34.3400,695.80,0
34.3450,712.68,0
34.3500,-519.49,0
34.3550,-519.49,0
34.3600,-130.16,0
34.3650,-130.16,0
34.3700,712.72,0
34.3750,-162.66,0
34.3800,-518.57,0
34.3850,-518.57,0
34.3900,715.46,0
34.3950,715.46,0
34.4000,715.46,0
34.4050,715.46,0
34.4100,425.25,0
34.4150,425.25,0
34.4200,-76.99,0
34.4250,-76.99,0
34.4300,-873.92,0
34.4350,-873.92,0
34.4400,-347.59,0
34.4450,-347.59,0
34.4500,-347.59,0
34.4550,-347.59,0
34.4600,-24.36,0
34.4650,-24.36,0
34.4700,-24.36,0
34.4750,156.11,0
34.4800,1240.96,0
34.4850,1240.96,0
34.4900,1723.61,0
34.4950,1723.61,0
34.5000,156.11,0
34.5050,-290.70,0
34.5100,1625.16,0
34.5150,1069.76,0
34.5200,1069.76,0
34.5250,1069.76,0
34.5300,1069.76,0
34.5350,540.08,0
34.5400,325.26,0
34.5450,325.26,0
34.5500,325.26,0
34.5550,325.26,0
34.5600,325.26,0
34.5650,325.26,0
34.5700,43.83,0
34.5750,43.83,0
34.5800,6.80,0
34.5850,6.80,0
34.5900,-55.82,0
34.5950,-55.82,0
34.6000,-55.82,0
34.6050,318.91,0
34.6100,-55.82,0
34.6150,219.14,0
34.6200,58.44,0
34.6250,-38.57,0
34.6300,32.30,0
34.6350,-156.24,0
34.6400,-156.24,0
34.6450,-82.01,0
34.6500,-82.01,0
34.6550,-55.82,0
34.6600,-298.84,0
34.6650,62.57,0
34.6700,784.25,0
34.6750,784.25,0
34.6800,784.25,0
34.6850,784.25,0
34.6900,784.25,0
34.6950,-62.91,0
34.7000,784.25,0
34.7050,-136.05,0
34.7100,1390.48,0
34.7150,1789.63,0
34.7200,1789.63,0
34.7250,1650.86,0
34.7300,1650.86,0
34.7350,1518.30,0
34.7400,-65.60,0
34.7450,1518.30,0
34.7500,30.61,0
34.7550,437.56,0
34.7600,1686.20,0
34.7650,73.18,0
34.7700,878.25,0
34.7750,878.25,0
34.7800,413.30,0
34.7850,413.30,0
34.7900,413.30,0
34.7950,413.30,0
34.8000,809.27,0
34.8050,809.27,0
34.8100,818.16,0
34.8150,818.16,0
34.8200,455.73,0
34.8250,1558.79,0
34.8300,455.73,0
34.8350,422.22,0
34.8400,1183.20,0
34.8450,1183.20,0
34.8500,1183.20,0
34.8550,887.36,0
34.8600,1195.96,0
34.8650,1195.96,0
34.8700,1195.96,0
34.8750,1024.63,0
34.8800,960.99,0
34.8850,960.99,0
34.8900,960.99,0
34.8950,960.99,0
34.9000,159.44,0
34.9050,159.44,0
34.9100,-397.64,0
34.9150,-397.64,0
34.9200,873.94,0
34.9250,873.94,0
34.9300,783.10,0
34.9350,783.10,0
34.9400,783.10,0
34.9450,783.10,0
34.9500,316.64,0
34.9550,316.64,0
34.9600,828.04,0
34.9650,718.04,0
34.9700,828.04,0
34.9750,828.04,0
34.9800,1617.26,0
34.9850,1617.26,0
34.9900,1631.05,0
34.9950,1150.85,0
35.0000,1744.24,0
35.0050,1744.24,0
35.0100,1744.24,0
35.0150,1744.24,0
35.0200,1744.24,0
35.0250,1719.96,0
35.0300,1286.66,0
35.0350,1286.66,0
35.0400,1286.66,0
35.0450,2547.84,0
35.0500,2547.84,0
35.0550,2547.84,0
35.0600,2547.84,0
35.0650,2547.84,0
35.0700,2485.97,0
35.0750,2485.97,0
35.0800,2485.97,0
35.0850,1806.69,0
35.0900,1806.69,0
35.0950,420.94,0
35.1000,583.19,0
35.1050,475.55,0
35.1100,475.55,0
35.1150,394.06,0
35.1200,394.06,0
35.1250,170.61,0
35.1300,170.61,0
35.1350,1470.15,0
35.1400,1470.15,0
35.1450,1470.15,0
35.1500,1470.15,0
35.1550,1382.37,0
35.1600,2038.33,0
35.1650,1633.09,0
35.1700,2038.33,0
35.1750,2038.33,0
35.1800,2038.33,0
35.1850,2368.91,0
35.1900,2368.91,0
35.1950,2237.24,0
35.2000,2237.24,0
35.2050,3047.21,0
35.2100,3047.21,0
35.2150,3427.79,0
35.2200,3427.79,0
35.2250,3286.60,0
35.2300,3286.60,0
35.2350,3157.19,0
35.2400,3157.19,0
35.2450,3157.19,0
35.2500,170.48,0
35.2550,3538.20,0
35.2600,3538.20,0
35.2650,3477.00,0
35.2700,3477.00,0
35.2750,3477.00,0
35.2800,3108.97,0
35.2850,3108.97,0
35.2900,3621.77,0
35.2950,3621.77,0
35.3000,3581.88,0
35.3050,3581.88,0
35.3100,3581.88,0
35.3150,3464.63,0
35.3200,3464.63,0
35.3250,3470.30,0
35.3300,3986.20,0
35.3350,3581.88,0
35.3400,3986.20,0
35.3450,3696.08,0
35.3500,3696.08,1
35.3550,3617.84,0
35.3600,3617.84,0
35.3650,1992.34,0
35.3700,3482.46,0
35.3750,3536.80,0
35.3800,3744.27,0
35.3850,3942.98,0
35.3900,3942.98,0
35.3950,3942.98,0
35.4000,3621.71,0
35.4050,3510.10,0
35.4100,3510.10,0
35.4150,3972.34,0
35.4200,3972.34,0
35.4250,3553.57,0
35.4300,3553.57,0
35.4350,3289.80,0
35.4400,3289.80,0
35.4450,3648.83,0
35.4500,3876.20,0
35.4550,3876.20,0
35.4600,3876.20,0
35.4650,4008.15,0
35.4700,3936.12,0
35.4750,3936.12,0
35.4800,3776.66,0
35.4850,3776.66,0
35.4900,3869.28,0
35.4950,3869.28,0
35.5000,4083.65,0
35.5050,4083.65,0
35.5100,4083.65,0
35.5150,4083.65,0
35.5200,5510.71,0
35.5250,5510.71,0
35.5300,6106.48,0
35.5350,6106.48,0
35.5400,6556.81,0
35.5450,6556.81,0
35.5500,6556.81,0
35.5550,6250.72,0
35.5600,6250.72,0
35.5650,6250.72,0
35.5700,6250.72,0
35.5750,7527.26,0
35.5800,8021.27,0
35.5850,8021.27,0
35.5900,6973.65,0
35.5950,6973.65,0
35.6000,7351.09,0
35.6050,7351.09,0
35.6100,7351.09,0
35.6150,7351.09,0
35.6200,8408.25,0
35.6250,8408.25,0
35.6300,8158.72,0
35.6350,8158.72,0
35.6400,8771.07,0
35.6450,8771.07,0
35.6500,9044.33,0
35.6550,8771.07,0
35.6600,8952.25,0
35.6650,8952.25,0
35.6700,8477.67,0
35.6750,8477.67,0
35.6800,7648.75,0
35.6850,7648.75,0
35.6900,7648.75,0
35.6950,7648.75,0
35.7000,8148.20,0
35.7050,8148.20,0
35.7100,7776.77,0
35.7150,7776.77,0
35.7200,7247.90,0
35.7250,7247.90,0
35.7300,8477.68,0
35.7350,8090.12,0
35.7400,7247.90,0
35.7450,7247.90,0
35.7500,7247.90,0
35.7550,6882.99,0
35.7600,6882.99,0
35.7650,6096.01,0
35.7700,8284.85,0
35.7750,6441.73,0
35.7800,6397.43,0
35.7850,6397.43,0
35.7900,6397.43,0
35.7950,6430.42,0
35.8000,6430.42,0
35.8050,6424.99,0
35.8100,6424.99,0
35.8150,6487.65,0
35.8200,6487.65,0
35.8250,6571.04,0
35.8300,6571.04,0
35.8350,6608.68,0
35.8400,6608.68,0
35.8450,6523.05,0
35.8500,6523.05,0
35.8550,6581.62,0
35.8600,6550.41,0
35.8650,6550.41,0
35.8700,6663.42,0
35.8750,6663.42,0
35.8800,6623.33,0
35.8850,6623.33,0
35.8900,-188.22,0
35.8950,-188.22,0
35.9000,-425.94,0
35.9050,6663.42,0
35.9100,-425.94,0
35.9150,6433.44,0
35.9200,342.02,0
35.9250,342.02,0
35.9300,162.09,0
35.9350,162.09,0
35.9400,399.97,0
35.9450,6567.63,0
35.9500,-120.16,0
35.9550,-120.16,0
35.9600,399.97,0
35.9650,-120.16,0
35.9700,-120.16,0
35.9750,933.90,0
35.9800,933.90,0
35.9850,1191.23,0
35.9900,950.09,0
35.9950,950.09,0
36.0000,950.09,0
36.0050,1391.43,0
36.0100,297.75,0
36.0150,1391.43,0
36.0200,1202.97,0
36.0250,1202.97,0
36.0300,900.59,0
36.0350,900.59,0
36.0400,916.22,0
36.0450,916.22,0
36.0500,950.09,0
36.0550,1399.27,0
36.0600,900.59,0
36.0650,1999.34,0
36.0700,1984.32,0
36.0750,1984.32,0
36.0800,1454.69,0
36.0850,1454.69,0
36.0900,1039.77,0
36.0950,1827.34,0
36.1000,2455.87,0
36.1050,2455.87,0
36.1100,2169.96,0
36.1150,2169.96,0
36.1200,2169.96,0
36.1250,2169.96,0
36.1300,2625.06,0
36.1350,2625.06,0
36.1400,2333.78,0
36.1450,2333.78,0
36.1500,358.53,0
36.1550,2510.68,0
36.1600,2938.64,0
36.1650,2938.64,0
36.1700,2938.64,0
36.1750,1906.17,0
36.1800,2625.06,0
36.1850,2938.64,0
36.1900,2729.29,0
36.1950,2729.29,0
36.2000,2303.02,0
36.2050,2303.02,0
36.2100,1798.30,0
36.2150,1798.30,0
36.2200,1700.29,0
36.2250,1700.29,0
36.2300,1700.29,0
36.2350,1700.29,0
36.2400,2276.86,0
36.2450,2276.86,0
36.2500,1700.29,0
36.2550,2031.20,0
36.2600,2231.46,0
36.2650,2231.46,0
36.2700,2355.58,0
36.2750,2355.58,0
36.2800,2355.58,0
36.2850,2355.58,0
36.2900,2355.58,0
36.2950,2355.58,0
36.3000,2333.12,0
36.3050,2333.12,0
36.3100,2330.72,0
36.3150,2330.72,0
36.3200,2330.72,0
36.3250,2330.72,0
36.3300,2332.75,0
36.3350,2332.75,0
36.3400,2235.55,0
36.3450,2235.55,0
36.3500,2288.11,0
36.3550,2288.11,0
36.3600,2288.11,0
36.3650,2288.11,0
36.3700,2223.88,0
36.3750,2223.88,0
36.3800,2142.03,0
36.3850,2142.03,0
36.3900,2142.03,0
36.3950,2142.03,0
36.4000,1955.08,0
36.4050,1955.08,0
36.4100,1955.08,0
36.4150,1955.08,0
36.4200,2776.17,0
36.4250,2776.17,0
36.4300,3319.60,0
36.4350,3319.60,0
36.4400,3121.39,0
36.4450,3121.39,0
36.4500,3635.04,0
36.4550,3995.10,0
36.4600,2732.54,0
36.4650,2233.96,0
36.4700,3404.72,0
36.4750,3404.72,0
36.4800,3262.11,0
36.4850,3262.11,0
36.4900,3671.34,0
36.4950,3671.34,0
36.5000,3671.34,0
36.5050,3671.34,0
36.5100,3924.27,0
36.5150,3924.27,0
36.5200,3337.47,0
36.5250,3337.47,0
36.5300,3580.64,0
36.5350,3712.10,0
36.5400,3894.87,0
36.5450,3894.87,0
36.5500,3894.87,0
36.5550,3894.87,0
36.5600,3173.32,0
36.5650,3173.32,0
36.5700,2982.31,0
36.5750,2645.21,0
36.5800,2645.21,0
36.5850,2299.02,0
36.5900,3912.20,0
36.5950,2299.02,0
36.6000,2101.90,0
36.6050,2101.90,0
36.6100,2007.13,0
36.6150,2007.13,0
36.6200,2128.15,0
36.6250,1303.05,0
36.6300,1303.05,0
36.6350,1080.81,0
36.6400,3256.05,0
36.6450,1080.81,0
36.6500,1080.81,0
36.6550,1072.96,0
36.6600,1072.96,0
36.6650,1072.96,0
36.6700,567.56,0
36.6750,979.47,0
36.6800,-58.24,0
36.6850,-375.40,0
36.6900,-375.40,0
36.6950,-375.40,0
36.7000,1737.20,0
36.7050,-28.77,0
36.7100,-1380.75,0
36.7150,-1380.75,0
36.7200,-1380.75,0
36.7250,-1450.18,0
36.7300,-1450.18,0
36.7350,-1348.90,0
36.7400,-1348.90,0
36.7450,-1839.58,0
36.7500,-1839.58,0
36.7550,-2078.18,0
36.7600,-2078.18,0
36.7650,-2078.18,0
36.7700,-2117.14,0
36.7750,-2117.14,0
36.7800,-1980.40,0
36.7850,-1980.40,0
36.7900,-1822.44,0
36.7950,-1822.44,0
36.8000,-1823.07,0
36.8050,-1450.17,0
36.8100,-1782.17,0
36.8150,-1782.17,0
36.8200,-1852.78,0
36.8250,1832.06,0
36.8300,-1850.20,0
36.8350,-1850.20,0
36.8400,-1963.95,0
36.8450,-1963.95,0
36.8500,-1963.95,0
36.8550,-1159.27,0
36.8600,-1159.27,0
36.8650,-1159.27,0
36.8700,-1396.77,0
36.8750,-1396.77,0
36.8800,-1396.77,0
36.8850,-1396.77,0
36.8900,-30.55,0
36.8950,-2688.35,0
36.9000,-2688.35,0
36.9050,-2714.38,0
36.9100,-2714.38,0
36.9150,-3735.30,0
36.9200,-3735.30,0
36.9250,-4334.33,0
36.9300,-4334.33,0
36.9350,-4354.96,0
36.9400,-4354.96,0
36.9450,-4548.23,0
36.9500,-1780.94,0
36.9550,-5150.57,0
36.9600,-5150.57,0
36.9650,-5383.21,0
36.9700,-5383.21,0
36.9750,-5383.21,0
36.9800,-5305.34,0
36.9850,-5305.34,0
36.9900,-5493.44,0
36.9950,-5493.44,0
37.0000,-5998.23,0
37.0050,-5998.23,0
37.0100,-3243.78,0
37.0150,-3920.73,0
37.0200,-6476.06,0
37.0250,-6693.18,0
37.0300,-6693.18,0
37.0350,-7188.69,0
37.0400,-7188.69,0
37.0450,-7427.92,0
37.0500,-7427.92,0
37.0550,-7551.24,0
37.0600,-7551.24,0
37.0650,-7681.33,0
37.0700,-7681.33,0
37.0750,-7512.38,0
37.0800,-7512.38,0
37.0850,-7813.69,0
37.0900,-7813.69,0
37.0950,-7813.69,0
37.1000,-5386.06,0
37.1050,-7789.45,0
37.1100,-7789.45,0
37.1150,-7397.30,0
37.1200,-7397.30,0
37.1250,-7832.64,0
37.1300,-7832.64,0
37.1350,-7638.61,0
37.1400,-7638.61,0
37.1450,-7745.10,0
37.1500,-7741.80,0
37.1550,-7379.77,0
37.1600,-7379.77,0
37.1650,-7508.98,0
37.1700,-7508.98,0
37.1750,-6678.83,0
37.1800,-6678.83,0
37.1850,-6824.28,0
37.1900,-6824.28,0
37.1950,-7409.01,0
37.2000,-7409.01,0
37.2050,-7289.08,0
37.2100,-7289.08,0
37.2150,-7289.08,0
37.2200,-7289.08,0
37.2250,-7663.26,0
37.2300,-7663.26,0
37.2350,-6942.97,0
37.2400,-6942.97,0
37.2450,-7420.04,0
37.2500,-7420.04,0
37.2550,-7711.41,0
37.2600,-7711.41,0
37.2650,-7760.44,0
37.2700,-7760.44,0
37.2750,-7032.60,0
37.2800,-7032.60,0
37.2850,-7345.59,0
37.2900,-7345.59,0
37.2950,-7345.59,0
37.3000,-7830.30,0
37.3050,-7593.32,0
37.3100,-7891.31,0
37.3150,-7420.03,0
37.3200,-7180.67,0
37.3250,-7730.99,0
37.3300,-7730.99,0
37.3350,-7730.99,0
37.3400,-7730.99,0
37.3450,-7760.43,0
37.3500,-6926.35,0
37.3550,-6926.35,0
37.3600,-6777.67,0
37.3650,-7420.46,0
37.3700,-7237.71,0
37.3750,-7237.71,0
37.3800,-6871.79,0
37.3850,-6871.79,0
37.3900,-6871.79,0
37.3950,-6871.79,0
37.4000,-6871.79,0
37.4050,-6817.76,0
37.4100,-6817.76,0
37.4150,-6923.33,0
37.4200,-6923.33,0
37.4250,-6911.13,0
37.4300,-6911.13,0
37.4350,-6911.13,0
37.4400,-6911.13,0
37.4450,-6990.02,0
37.4500,-6990.02,0
37.4550,-7048.54,0
37.4600,-7048.54,0
37.4650,-7085.84,0
37.4700,-7085.84,0
37.4750,-7085.84,0
37.4800,-7101.07,0
37.4850,-7101.07,0
37.4900,-7101.07,0
37.4950,-7101.07,0
37.5000,-7101.07,0
37.5050,-7101.07,0
37.5100,-6917.78,0
37.5150,-5971.86,0
37.5200,-5971.86,0
37.5250,1118.94,0
37.5300,1118.94,0
37.5350,832.35,0
37.5400,832.35,0
37.5450,-7101.07,0
37.5500,-157.84,0
37.5550,-7021.14,0
37.5600,-671.98,0
37.5650,-671.98,0
37.5700,-1307.77,0
37.5750,-1307.77,0
37.5800,-1516.49,0
37.5850,-1516.49,0
37.5900,-671.98,0
37.5950,-6895.14,0
37.6000,-1226.01,0
37.6050,-3347.51,0
37.6100,-3347.51,0
37.6150,-3347.51,0
37.6200,-3347.51,0
37.6250,-3783.56,0
37.6300,-3783.56,0
37.6350,-3783.56,0
37.6400,-4008.16,0
37.6450,-4008.16,0
37.6500,-3963.31,0
37.6550,-3963.31,0
37.6600,-3989.66,0
37.6650,-3989.66,0
37.6700,-3989.66,0
37.6750,-3976.75,0
37.6800,-3976.75,0
37.6850,-3906.56,0
37.6900,-3906.56,0
37.6950,-3890.51,0
37.7000,-3890.51,0
37.7050,-3890.51,0
37.7100,-3890.51,0
37.7150,-3890.51,0
37.7200,-3890.51,0
37.7250,-3875.05,0
37.7300,-3875.05,0
37.7350,-3902.34,0
37.7400,-3902.34,0
37.7450,-4310.27,0
37.7500,-4310.27,0
37.7550,-4148.23,0
37.7600,-4148.23,0
37.7650,-3870.53,0
37.7700,-3995.06,0
37.7750,-3909.77,0
37.7800,-3909.77,0
37.7850,-3909.77,0
37.7900,-3909.77,0
37.7950,-5163.22,0
37.8000,-5163.22,0
37.8050,-5850.91,0
37.8100,-5850.91,0
37.8150,-5771.62,0
37.8200,-5771.62,0
37.8250,-6433.02,0
37.8300,-6433.02,0
37.8350,-6433.02,0
37.8400,-6433.02,0
37.8450,-7734.55,0
37.8500,-7734.55,0
37.8550,-5854.59,0
37.8600,-8007.93,0
37.8650,-9353.10,0
37.8700,-9353.10,0
37.8750,-9917.02,0
37.8800,-9917.02,0
37.8850,-9917.02,0
37.8900,-9917.02,0
37.8950,-9917.02,0
37.9000,-9917.02,0
37.9050,-12311.71,0
37.9100,-12311.71,0
37.9150,-12870.30,0
37.9200,-12870.30,0
37.9250,-8007.93,0
37.9300,-13588.26,0
37.9350,-14547.33,0
37.9400,-14547.33,0
37.9450,-14547.33,0
37.9500,-15258.40,0
37.9550,-15258.40,0
37.9600,-15367.84,0
37.9650,-15367.84,0
37.9700,-15381.92,0
37.9750,-15381.92,0
37.9800,-15381.92,0
37.9850,-15381.92,0
37.9900,-17247.69,0
37.9950,-17247.69,0
38.0000,-17782.32,0
38.0050,-17782.32,0
38.0100,-18523.06,0
38.0150,-18523.06,0
38.0200,-18812.74,0
38.0250,-19398.58,0
38.0300,-19398.58,0
38.0350,-19398.58,0
38.0400,-19278.50,0
38.0450,-19278.50,0
38.0500,-19343.94,0
38.0550,-19826.68,0
38.0600,-19826.68,0
38.0650,-15368.35,0
38.0700,-20318.89,0
38.0750,-20230.91,0
38.0800,-20230.91,0
38.0850,-20230.91,0
38.0900,-20230.91,0
38.0950,-13533.91,0
38.1000,-20328.82,0
38.1050,-21184.71,0
38.1100,-21184.71,0
38.1150,-21232.41,0
38.1200,-21232.41,0
38.1250,-21232.41,0
38.1300,-21232.41,0
38.1350,-21784.34,0
38.1400,-19242.02,0
38.1450,-22269.54,0
38.1500,-22269.54,0
38.1550,-22177.84,0
38.1600,-22177.84,0
38.1650,-22278.01,0
38.1700,-22278.01,0
38.1750,-22779.52,0
38.1800,-22779.52,0
38.1850,-23251.00,0
38.1900,-23251.00,0
38.1950,-23151.86,0
38.2000,-23151.86,0
38.2050,-23280.00,0
38.2100,-23280.00,0
38.2150,-19524.65,0
38.2200,-23742.63,0
38.2250,-24149.03,0
38.2300,-24149.03,0
38.2350,-24138.78,0
38.2400,-24138.78,0
38.2450,-24138.78,0
38.2500,-24138.78,0
38.2550,-24748.09,0
38.2600,-24748.09,0
38.2650,-25223.14,0
38.2700,-25223.14,0
38.2750,-25149.53,0
38.2800,-23250.50,0
38.2850,-25243.17,0
38.2900,-25243.17,0
38.2950,-10064.22,0
38.3000,-24471.30,0
38.3050,-26222.41,0
38.3100,-26222.41,0
38.3150,-26111.95,0
38.3200,-26111.95,0
38.3250,-23806.09,0
38.3300,-23806.09,0
38.3350,-888.66,0
38.3400,-888.66,0
38.3450,-165.99,0
38.3500,-165.99,0
38.3550,-965.95,0
38.3600,-965.95,0
38.3650,-1042.72,0
38.3700,-1042.72,0
38.3750,-862.51,0
38.3800,-862.51,0
38.3850,-862.51,0
38.3900,-862.51,0
38.3950,-2188.38,0
38.4000,-2188.38,0
38.4050,-2820.09,0
38.4100,-2820.09,0
38.4150,-1956.85,0
38.4200,-25330.89,0
38.4250,-3480.19,0
38.4300,-3480.19,0
38.4350,-3690.98,0
38.4400,-3690.98,0
38.4450,-3765.26,0
38.4500,-3765.26,0
38.4550,-4487.90,0
38.4600,-4487.90,0
38.4650,-5130.37,0
38.4700,-5130.37,0
38.4750,-5130.37,0
38.4800,-5130.37,0
38.4850,-5130.37,0
38.4900,-5130.37,0
38.4950,-6417.22,0
38.5000,-6417.22,0
38.5050,-6635.92,0
38.5100,-3044.63,0
38.5150,-778.58,0
38.5200,-6576.95,0
38.5250,-6718.23,0
38.5300,-3875.17,0
38.5350,-7450.61,0
38.5400,-3480.01,0
38.5450,-7450.61,0
38.5500,-7450.61,0
38.5550,-8706.54,0
38.5600,-8706.54,0
38.5650,-8936.14,0
38.5700,-8936.14,0
38.5750,-9359.36,0
38.5800,-9359.36,0
38.5850,-9501.09,0
38.5900,-9501.09,0
38.5950,-9949.65,0
38.6000,-9949.65,0
38.6050,-9949.65,0
38.6100,-9949.65,0
38.6150,-9949.65,0
38.6200,-9625.47,0
38.6250,-9625.47,0
38.6300,-10494.38,0
38.6350,-10451.09,0
38.6400,-10451.09,0
38.6450,-10451.09,0
38.6500,-10611.71,0
38.6550,-8946.85,0
38.6600,-11328.20,0
38.6650,-11328.20,0
38.6700,-11328.20,0
38.6750,-11328.20,0
38.6800,-12636.53,0
38.6850,-12636.53,0
38.6900,-12914.08,0
38.6950,-12914.08,0
38.7000,-13320.80,0
38.7050,-13320.80,0
38.7100,-12859.19,0
38.7150,-13987.63,0
38.7200,-14607.07,0
38.7250,-14607.07,0
38.7300,-14833.87,0
38.7350,-14833.87,0
38.7400,-14833.87,0
38.7450,-14833.87,0
38.7500,-15911.15,0
38.7550,-15911.15,0
38.7600,-16529.67,0
38.7650,-16529.67,0
38.7700,-16753.75,0
38.7750,-16753.75,0
38.7800,-17339.60,0
38.7850,-17339.60,0
38.7900,-17339.60,0
38.7950,-18557.86,0
38.8000,-18557.86,0
38.8050,-18769.56,0
38.8100,-18769.56,0
38.8150,-12861.30,0
38.8200,-18533.34,0
38.8250,-18533.34,0
38.8300,-19899.74,0
38.8350,-19899.74,0
38.8400,-19899.74,0
38.8450,-20757.40,0
38.8500,-20757.40,0
38.8550,-20757.40,0
38.8600,-20531.65,0
38.8650,-20531.65,0
38.8700,-20531.65,0
38.8750,-20531.65,0
38.8800,-20531.65,0
38.8850,-20531.65,0
38.8900,-20531.65,0
38.8950,-20531.65,0
38.9000,-12289.85,0
38.9050,-22506.80,0
38.9100,-23821.69,0
38.9150,-24304.97,0
38.9200,-24304.97,0
38.9250,-25076.70,0
38.9300,-25076.70,0
38.9350,-25076.70,0
38.9400,-25076.70,0
38.9450,-22473.16,0
38.9500,-26033.47,0
38.9550,-26731.51,0
38.9600,-26731.51,0
38.9650,-26669.58,0
38.9700,-26669.58,0
38.9750,-26669.58,0
38.9800,-26453.80,0
38.9850,-26453.80,0
38.9900,-19164.65,0
38.9950,-26803.23,0
39.0000,-26810.59,0
39.0050,-26810.59,0
39.0100,-27268.29,0
39.0150,-27268.29,0
39.0200,-27329.83,0
39.0250,-27329.83,0
39.0300,-27268.99,0
39.0350,-27329.83,0
39.0400,-26583.97,0
39.0450,-26583.97,0
39.0500,-26660.14,0
39.0550,-26660.14,0
39.0600,-26194.15,0
39.0650,-26194.15,0
39.0700,-26906.80,0
39.0750,-26906.80,0
39.0800,-27602.61,0
39.0850,-27602.61,0
39.0900,-26136.71,0
39.0950,-27788.33,0
39.1000,-28466.15,0
39.1050,-28466.15,0
39.1100,-28466.15,0
39.1150,-27583.31,0
39.1200,-27583.31,0
39.1250,-27814.10,0
39.1300,-27814.10,0
39.1350,-26585.40,0
39.1400,-27345.71,0
39.1450,-27293.13,0
39.1500,-205.67,0
39.1550,-205.67,0
39.1600,-205.67,0
39.1650,227.08,0
39.1700,227.08,0
39.1750,319.04,0
39.1800,319.04,0
39.1850,-336.00,0
39.1900,-336.00,0
39.1950,-555.90,0
39.2000,-555.90,0
39.2050,-456.44,0
39.2100,-456.44,0
39.2150,-456.44,0
39.2200,-456.44,0
39.2250,-1237.15,0
39.2300,-1237.15,0
39.2350,-1237.15,0
39.2400,-1378.29,0
39.2450,-27545.52,0
39.2500,4850.38,0
39.2550,-1265.59,0
39.2600,-1817.32,0
39.2650,-1817.32,0
39.2700,-2222.04,0
39.2750,-2222.04,0
39.2800,-2412.71,0
39.2850,-27350.86,0
39.2900,-2334.98,0
39.2950,-2850.45,0
39.3000,-2850.45,0
39.3050,-3248.44,0
39.3100,-3248.44,0
39.3150,-2412.71,0
39.3200,-3407.10,0
39.3250,-3386.80,0
39.3300,-3386.80,0
39.3350,-3283.71,0
39.3400,-3283.71,0
39.3450,-3526.25,0
39.3500,-3526.25,0
39.3550,-3526.25,0
39.3600,-3774.02,0
39.3650,-3774.02,0
39.3700,-3669.17,0
39.3750,-3669.17,0
39.3800,-18.53,0
39.3850,-4188.09,0
39.3900,-4188.09,0
39.3950,-4598.02,0
39.4000,-4598.02,0
39.4050,-4598.02,0
39.4100,-4540.76,0
39.4150,-4540.76,0
39.4200,-5035.90,0
39.4250,-5035.90,0
39.4300,-5353.81,0
39.4350,-5353.81,0
39.4400,-5353.81,0
39.4450,-5353.81,0
39.4500,-5222.85,0
39.4550,-5163.04,0
39.4600,-5163.04,0
39.4650,-5163.04,0
39.4700,-5374.22,0
39.4750,-5003.42,0
39.4800,-5003.42,0
39.4850,-5790.59,0
39.4900,-5790.59,0
39.4950,-5790.59,0
39.5000,-5790.59,0
39.5050,-5790.59,0
39.5100,-5790.59,0
39.5150,-5708.22,0
39.5200,-5708.22,0
39.5250,-5708.22,0
39.5300,-5716.87,0
39.5350,-5727.52,0
39.5400,-5727.52,0
39.5450,-5747.13,0
39.5500,-5747.13,0
39.5550,-5877.46,0
39.5600,-5877.46,0
39.5650,-6173.43,0
39.5700,-6173.43,0
39.5750,-5502.70,0
39.5800,-5502.70,0
39.5850,-5090.39,0
39.5900,-5090.39,0
39.5950,-4831.88,0
39.6000,-4831.88,0
39.6050,-4831.88,0
39.6100,-4831.88,0
39.6150,-5677.34,0
39.6200,-4848.96,0
39.6250,-4457.63,0
39.6300,-4457.63,0
39.6350,-4457.63,0
39.6400,-4457.63,0
39.6450,-4712.40,0
39.6500,-4712.40,0
39.6550,-4722.41,0
39.6600,-4722.41,0
39.6650,-4722.41,0
39.6700,-4722.41,0
39.6750,-4505.24,0
39.6800,-4772.20,0
39.6850,-4671.33,0
39.6900,-4671.33,0
39.6950,-4762.38,0
39.7000,-4671.33,0
39.7050,-4142.68,0
39.7100,-4142.68,0
39.7150,-3594.44,0
39.7200,-3594.44,0
39.7250,-3594.44,0
39.7300,-3594.44,0
39.7350,-3223.50,0
39.7400,-3223.50,0
39.7450,-3223.50,0
39.7500,-3223.50,0
39.7550,-3223.50,0
39.7600,-3223.50,0
39.7650,-3223.50,0
39.7700,-3223.50,0
39.7750,-3223.50,0
39.7800,-3223.50,0
39.7850,-1019.04,0
39.7900,-1019.04,0
39.7950,-1084.28,0
39.8000,-1084.28,0
39.8050,-232.78,0
39.8100,-2200.61,0
39.8150,-373.88,0
39.8200,-373.88,0
39.8250,-656.33,0
39.8300,-656.33,0
39.8350,-656.33,0
39.8400,-656.33,0
39.8450,-4143.07,0
39.8500,-669.58,0
39.8550,-743.44,0
39.8600,-743.44,0
39.8650,-408.63,0
39.8700,-408.63,0
39.8750,-408.63,0
39.8800,-408.63,0
39.8850,-477.84,0
39.8900,-383.93,0
39.8950,-1477.23,0
39.9000,-1477.23,0
39.9050,-1477.23,0
39.9100,-1477.23,0
39.9150,-1258.33,0
39.9200,-1258.33,0
39.9250,-616.96,0
39.9300,-616.96,0
39.9350,25.89,0
39.9400,25.89,0
39.9450,576.65,0
39.9500,576.65,0
39.9550,-67.24,0
39.9600,-67.24,0
39.9650,-1518.46,0
39.9700,-1518.46,0
39.9750,-2381.95,0
39.9800,-2381.95,0
39.9850,-1472.22,0
39.9900,-1472.22,0
39.9950,-1628.59,0
40.0000,-477.83,0
40.0050,-1371.44,0
40.0100,-470.48,0
40.0150,-1244.27,0
40.0200,-906.99,0
40.0250,-906.99,0
40.0300,-906.99,0
40.0350,-1256.64,0
40.0400,-1256.64,0
40.0450,-1256.64,0
40.0500,-1256.64,0
40.0550,-1285.42,0
40.0600,-1153.79,0
40.0650,-1475.67,0
40.0700,-1475.67,0
40.0750,-1633.89,0
40.0800,-1633.89,0
40.0850,-1633.89,0
40.0900,-1633.89,0
40.0950,-1710.88,0
40.1000,-1710.88,0
40.1050,-1763.03,0
40.1100,-1763.03,0
40.1150,-1800.80,0
40.1200,-1800.80,0
40.1250,-1800.80,0
40.1300,-1800.80,0
40.1350,-1848.88,0
40.1400,-1848.88,0
40.1450,-1901.94,0
40.1500,-1285.43,0
40.1550,-1907.27,0
40.1600,-1093.12,0
40.1650,-2377.90,0
40.1700,-1802.99,0
40.1750,-1898.84,0
40.1800,-1783.85,0
40.1850,-1763.03,0
40.1900,-1835.17,0
40.1950,-1835.17,0
40.2000,-1783.94,0
40.2050,-1783.94,0
40.2100,-1820.04,0
40.2150,-1820.04,0
40.2200,-1867.89,0
40.2250,-1867.89,0
40.2300,-1940.73,0
40.2350,-1940.73,0
40.2400,-2086.51,0
40.2450,-2086.51,0
40.2500,-2086.51,0
40.2550,-2086.51,0
40.2600,-2086.51,0
40.2650,-2086.51,0
40.2700,-1801.58,0
40.2750,-1801.58,0
40.2800,-2366.72,0
40.2850,-1771.52,0
40.2900,-2084.25,0
40.2950,-1843.54,0
40.3000,-1377.09,0
40.3050,-1377.09,0
40.3100,-1425.00,0
40.3150,-1425.00,0
40.3200,-1517.79,0
40.3250,-1517.79,0
40.3300,-2116.21,0
40.3350,-2116.21,0
40.3400,-1939.84,0
40.3450,-2212.12,0
40.3500,-2212.12,1
40.3550,-2904.78,0
40.3600,-2904.78,0
40.3650,-2904.78,0
40.3700,-2904.78,0
40.3750,-3039.18,0
40.3800,-3039.18,0
40.3850,-1810.49,0
40.3900,-3039.18,0
40.3950,-3377.67,0
40.4000,-3377.67,0
40.4050,-3714.33,0
40.4100,-3714.33,0
40.4150,-3714.33,0
40.4200,-3395.78,0
40.4250,-3395.78,0
40.4300,-3395.78,0
40.4350,-2212.11,0
40.4400,-3418.81,0
40.4450,-2310.99,0
40.4500,-3686.79,0
40.4550,-3686.79,0
40.4600,-3746.93,0
40.4650,-3746.93,0
40.4700,-4025.79,0
40.4750,-4025.79,0
40.4800,-4206.40,0
40.4850,-4727.23,0
40.4900,-4727.23,0
40.4950,-4779.80,0
40.5000,-4779.80,0
40.5050,-5218.35,0
40.5100,-5218.35,0
40.5150,-5475.49,0
40.5200,-3041.28,0
40.5250,-4018.11,0
40.5300,-5773.36,0
40.5350,-5773.36,0
40.5400,-5773.36,0
40.5450,-5977.08,0
40.5500,-5977.08,0
40.5550,-6087.08,0
40.5600,-6087.08,0
40.5650,-7246.92,0
40.5700,-5218.35,0
40.5750,-7246.92,0
40.5800,-7246.92,0
40.5850,-7246.92,0
40.5900,-7246.92,0
40.5950,-8155.95,0
40.6000,-8155.95,0
40.6050,-7745.02,0
40.6100,-7745.02,0
40.6150,-7711.77,0
40.6200,-7711.77,0
40.6250,-7711.77,0
40.6300,-7862.97,0
40.6350,-8076.06,0
40.6400,-8076.06,0
40.6450,-7811.02,0
40.6500,-7632.46,0
40.6550,-7632.46,0
40.6600,-7632.46,0
40.6650,-7632.46,0
40.6700,-7632.46,0
40.6750,-7632.46,0
40.6800,-7946.80,0
40.6850,-7946.80,0
40.6900,-8612.16,0
40.6950,-8612.16,0
40.7000,-8602.97,0
40.7050,-8448.08,0
40.7100,-7846.45,0
40.7150,-8448.08,0
40.7200,-8933.47,0
40.7250,-8605.90,0
40.7300,-8605.90,0
40.7350,-8562.62,0
40.7400,-8562.62,0
40.7450,-8907.83,0
40.7500,-8907.83,0
40.7550,-8907.83,0
40.7600,-8918.78,0
40.7650,-8918.78,0
40.7700,-8189.94,0
40.7750,-8189.94,0
40.7800,-328.02,0
40.7850,-328.02,0
40.7900,-278.65,0
40.7950,-278.65,0
40.8000,-925.72,0
40.8050,-4775.15,0
40.8100,-1073.69,0
40.8150,-1073.69,0
40.8200,-8841.66,0
40.8250,-608.29,0
40.8300,-608.29,0
40.8350,-8262.18,0
40.8400,-1044.39,0
40.8450,-1044.39,0
40.8500,-1044.39,0
40.8550,-1471.32,0
40.8600,-1471.32,0
40.8650,-1510.40,0
40.8700,-1510.40,0
40.8750,-1709.49,0
40.8800,-1575.63,0
40.8850,-1575.63,0
40.8900,-2576.10,0
40.8950,1232.68,0
40.9000,-2576.10,0
40.9050,-3143.88,0
40.9100,-3143.88,0
40.9150,-3143.88,0
40.9200,-3322.54,0
40.9250,-3322.54,0
40.9300,-2902.00,0
40.9350,-3401.27,0
40.9400,-2902.00,0
40.9450,-3332.12,0
40.9500,-3332.12,0
40.9550,-3238.27,0
40.9600,-3238.27,0
40.9650,-3602.47,0
40.9700,-3512.17,0
40.9750,-3512.17,0
40.9800,-3512.17,0
40.9850,-3512.17,0
40.9900,-3512.17,0
40.9950,-3422.25,0
41.0000,-2603.34,0
41.0050,-2603.34,0
41.0100,-2553.41,0
41.0150,-2553.41,0
41.0200,-2553.41,0
41.0250,-2425.83,0
41.0300,-2600.65,0
41.0350,-2600.65,0
41.0400,-3417.28,0
41.0450,-3602.46,0
41.0500,-3417.28,0
41.0550,-3311.09,0
41.0600,-3311.09,0
41.0650,-2901.20,0
41.0700,-3602.44,0
41.0750,-2957.96,0
41.0800,-3387.00,0
41.0850,-3311.09,0
41.0900,-2760.82,0
41.0950,-1289.75,0
41.1000,-1289.75,0
41.1050,-1028.12,0
41.1100,-1028.12,0
41.1150,-1028.12,0
41.1200,-1028.12,0
41.1250,-1028.12,0
41.1300,-1028.12,0
41.1350,-1210.79,0
41.1400,-1210.79,0
41.1450,-1467.63,0
41.1500,-1467.63,0
41.1550,-1467.63,0
41.1600,-1289.75,0
41.1650,-1645.24,0
41.1700,-1040.20,0
41.1750,-1040.20,0
41.1800,-1263.16,0
41.1850,-1263.16,0
41.1900,-1095.13,0
41.1950,-1217.29,0
41.2000,-726.42,0
41.2050,-726.42,0
41.2100,-849.95,0
41.2150,-849.95,0
41.2200,-815.83,0
41.2250,-815.83,0
41.2300,-815.83,0
41.2350,-815.83,0
41.2400,-815.83,0
41.2450,-848.65,0
41.2500,-848.65,0
41.2550,-984.21,0
41.2600,-984.21,0
41.2650,268.78,0
41.2700,415.81,0
41.2750,415.81,0
41.2800,415.81,0
41.2850,415.81,0
41.2900,381.14,0
41.2950,381.14,0
41.3000,27.11,0
41.3050,27.11,0
41.3100,562.21,0
41.3150,562.21,0
41.3200,985.87,0
41.3250,985.87,0
41.3300,985.87,0
41.3350,-1084.89,0
41.3400,535.68,0
41.3450,535.68,0
41.3500,727.26,0
41.3550,727.26,0
41.3600,1222.48,0
41.3650,1222.48,0
41.3700,1134.51,0
41.3750,1134.51,0
41.3800,1298.28,0
41.3850,1298.28,0
41.3900,1298.28,0
41.3950,968.31,0
41.4000,-1009.88,0
41.4050,968.31,0
41.4100,844.57,0
41.4150,844.57,0
41.4200,26.90,0
41.4250,551.66,0
41.4300,551.66,0
41.4350,551.66,0
41.4400,551.66,0
41.4450,131.86,0
41.4500,894.81,0
41.4550,356.44,0
41.4600,356.44,0
41.4650,356.44,0
41.4700,356.44,0
41.4750,779.77,0
41.4800,779.77,0
41.4850,286.61,0
41.4900,180.62,0
41.4950,180.62,0
41.5000,180.62,0
41.5050,286.61,0
41.5100,116.64,0
41.5150,262.02,0
41.5200,262.02,0
41.5250,262.02,0
41.5300,789.72,0
41.5350,979.52,0
41.5400,1844.04,0
41.5450,1844.04,0
41.5500,2292.19,0
41.5550,2292.19,0
41.5600,2292.19,0
41.5650,2424.01,0
41.5700,2424.01,0
41.5750,2424.01,0
41.5800,3422.75,0
41.5850,3422.75,0
41.5900,1041.11,0
41.5950,1041.11,0
41.6000,1283.76,0
41.6050,1283.76,0
41.6100,1047.55,0
41.6150,1047.55,0
41.6200,424.90,0
41.6250,424.90,0
41.6300,840.50,0
41.6350,424.90,0
41.6400,507.52,0
41.6450,-12.28,0
41.6500,201.91,0
41.6550,349.33,0
41.6600,349.33,0
41.6650,-416.21,0
41.6700,-726.05,0
41.6750,-726.05,0
41.6800,-726.05,0
41.6850,-726.05,0
41.6900,-726.05,0
41.6950,-706.08,0
41.7000,-706.08,0
41.7050,-284.52,0
41.7100,-370.91,0
41.7150,2292.17,0
41.7200,-738.76,0
41.7250,-644.60,0
41.7300,-644.60,0
41.7350,-889.13,0
41.7400,-889.13,0
41.7450,-1386.26,0
41.7500,-1386.26,0
41.7550,-1666.91,0
41.7600,-1666.91,0
41.7650,-1742.17,0
41.7700,-1876.16,0
41.7750,-1876.16,0
41.7800,-1768.08,0
41.7850,-1768.08,0
41.7900,-1386.26,0
41.7950,-1986.57,0
41.8000,-1986.57,0
41.8050,-1986.57,0
41.8100,-1986.57,0
41.8150,-1889.42,0
41.8200,-1889.42,0
41.8250,-1533.63,0
41.8300,-1894.34,0
41.8350,-1894.34,0
41.8400,-1759.52,0
41.8450,-1759.52,0
41.8500,-1802.61,0
41.8550,-1802.61,0
41.8600,-1392.15,0
41.8650,-364.05,0
41.8700,-1589.60,0
41.8750,-1589.60,0
41.8800,-1589.60,0
41.8850,-1589.60,0
41.8900,-1872.23,0
41.8950,-586.59,0
41.9000,-1680.28,0
41.9050,-1680.28,0
41.9100,-1680.28,0
41.9150,-1609.80,0
41.9200,-1947.42,0
41.9250,-1947.42,0
41.9300,-1947.42,0
41.9350,-1947.42,0
41.9400,-1751.11,0
41.9450,-1942.52,0
41.9500,-1973.64,0
41.9550,-1973.64,0
41.9600,-1844.50,0
41.9650,-1870.18,0
41.9700,-1844.50,0
41.9750,-1844.50,0
41.9800,-1844.50,0
41.9850,-1557.83,0
41.9900,-1557.83,0
41.9950,-1728.01,0
42.0000,-1386.14,0
42.0050,-1790.37,0
42.0100,-1790.37,0
42.0150,-1790.37,0
42.0200,-1790.37,0
42.0250,-1790.37,0
42.0300,-1721.26,0
42.0350,-1721.26,0
42.0400,-1983.12,0
42.0450,-1983.12,0
42.0500,-1927.11,0
42.0550,-1927.11,0
42.0600,-1560.00,0
42.0650,-1560.00,0
42.0700,-1560.00,0
42.0750,-1734.14,0
42.0800,-1937.06,0
42.0850,-1998.49,0
42.0900,-1831.23,0
42.0950,-1831.23,0
42.1000,-1563.48,0
42.1050,-1563.48,0
42.1100,-1664.65,0
42.1150,-1664.65,0
42.1200,-1964.40,0
42.1250,-1964.40,0
42.1300,-1816.50,0
42.1350,-1816.50,0
42.1400,-1870.79,0
42.1450,-1870.79,0
42.1500,-1563.48,0
42.1550,-1706.05,0
42.1600,-2054.36,0
42.1650,-2054.36,0
42.1700,-2073.84,0
42.1750,-2073.84,0
42.1800,-1733.58,0
42.1850,-1733.58,0
42.1900,-1760.62,0
42.1950,-1733.58,0
42.2000,-1733.58,0
42.2050,-2001.57,0
42.2100,-1733.58,0
42.2150,-1622.49,0
42.2200,-1622.49,0
42.2250,-1345.39,0
42.2300,-1345.39,0
42.2350,-1115.80,0
42.2400,-1115.80,0
42.2450,-835.94,0
42.2500,-991.53,0
42.2550,-991.53,0
42.2600,-991.53,0
42.2650,-1021.75,0
42.2700,-456.12,0
42.2750,-456.12,0
42.2800,-456.12,0
42.2850,-1219.43,0
42.2900,-1219.43,0
42.2950,-2046.47,0
42.3000,-1656.01,0
42.3050,-1574.91,0
42.3100,-1363.57,0
42.3150,-1363.57,0
42.3200,-2088.86,0
42.3250,-2088.86,0
42.3300,-2088.86,0
42.3350,-1660.66,0
42.3400,-2455.54,0
42.3450,-2455.54,0
42.3500,-3882.32,0
42.3550,-3882.32,0
42.3600,-3069.65,0
42.3650,-3882.32,0
42.3700,-1386.53,0
42.3750,-4288.76,0
42.3800,-4288.76,0
42.3850,-4288.76,0
42.3900,-4288.76,0
42.3950,-4288.76,0
42.4000,-4288.76,0
42.4050,-4288.76,0
42.4100,-4288.76,0
42.4150,-4547.59,0
42.4200,-4766.47,0
42.4250,-555.03,0
42.4300,-213.38,0
42.4350,268.83,0
42.4400,268.83,0
42.4450,-59.22,0
42.4500,-59.22,0
42.4550,258.26,0
42.4600,258.26,0
42.4650,-135.61,0
42.4700,-135.61,0
42.4750,-135.61,0
42.4800,-135.61,0
42.4850,-133.58,0
42.4900,2.61,0
42.4950,-513.24,0
42.5000,911.75,0
42.5050,911.75,0
42.5100,1130.62,0
42.5150,-249.34,0
42.5200,1130.62,0
42.5250,1130.62,0
42.5300,1130.62,0
42.5350,606.32,0
42.5400,606.32,0
42.5450,1010.49,0
42.5500,1010.49,0
42.5550,890.79,0
42.5600,890.79,0
42.5650,600.01,0
42.5700,600.01,0
42.5750,600.01,0
42.5800,600.01,0
42.5850,600.01,0
42.5900,600.01,0
42.5950,553.46,0
42.6000,553.46,0
42.6050,558.52,0
42.6100,558.52,0
42.6150,560.31,0
42.6200,560.31,0
42.6250,339.27,0
42.6300,233.73,0
42.6350,233.73,0
42.6400,339.83,0
42.6450,339.83,0
42.6500,339.83,0
42.6550,-53.41,0
42.6600,-53.41,0
42.6650,347.97,0
42.6700,347.97,0
42.6750,-279.17,0
42.6800,558.52,0
42.6850,-450.01,0
42.6900,-450.01,0
42.6950,-410.92,0
42.7000,-410.92,0
42.7050,-1042.73,0
42.7100,-1042.73,0
42.7150,300.38,0
42.7200,-820.37,0
42.7250,-684.15,0
42.7300,-920.50,0
42.7350,883.85,0
42.7400,-920.50,0
42.7450,-406.49,0
42.7500,-232.16,0
42.7550,-232.16,0
42.7600,-571.96,0
42.7650,-571.96,0
42.7700,-734.13,0
42.7750,-734.13,0
42.7800,-734.13,0
42.7850,-734.13,0
42.7900,-734.13,0
42.7950,-734.13,0
42.8000,-756.53,0
42.8050,-756.53,0
42.8100,-756.53,0
42.8150,-970.85,0
42.8200,-970.85,0
42.8250,-1156.82,0
42.8300,-1156.82,0
42.8350,-1180.27,0
42.8400,-1180.27,0
42.8450,-1039.25,0
42.8500,-1039.25,0
42.8550,-691.93,0
42.8600,-691.93,0
42.8650,-691.93,0
42.8700,-800.30,0
42.8750,-800.30,0
42.8800,-1213.00,0
42.8850,-1213.00,0
42.8900,-734.17,0
42.8950,-768.79,0
42.9000,-768.79,0
42.9050,-1025.68,0
42.9100,-1025.68,0
42.9150,-1025.68,0
42.9200,-1025.68,0
42.9250,-937.40,0
42.9300,72.55,0
42.9350,72.55,0
42.9400,93.79,0
42.9450,93.79,0
42.9500,93.79,0
42.9550,52.14,0
42.9600,52.14,0
42.9650,151.53,0
42.9700,151.53,0
42.9750,-184.66,0
42.9800,-184.66,0
42.9850,-207.92,0
42.9900,-207.92,0
42.9950,-278.97,0
43.0000,-268.30,0
43.0050,-1148.07,0
43.0100,-168.76,0
43.0150,-168.76,0
43.0200,-774.24,0
43.0250,-774.24,0
43.0300,-774.24,0
43.0350,-774.24,0
43.0400,-1014.15,0
43.0450,-1014.15,0
43.0500,-1014.15,0
43.0550,-1183.00,0
43.0600,-1183.00,0
43.0650,-1806.31,0
43.0700,-1484.17,0
43.0750,-1484.17,0
43.0800,-54.48,0
43.0850,51.80,0
43.0900,-1484.17,0
43.0950,-937.04,0
43.1000,-1748.00,0
43.1050,-1748.00,0
43.1100,-1616.17,0
43.1150,-1616.17,0
43.1200,-1616.17,0
43.1250,-1454.89,0
43.1300,-1454.89,0
43.1350,-491.16,0
43.1400,-491.16,0
43.1450,-582.64,0
43.1500,-937.04,0
43.1550,-1074.18,0
43.1600,-1074.18,0
43.1650,-947.11,0
43.1700,-947.11,0
43.1750,-772.44,0
43.1800,-772.44,0
43.1850,-664.54,0
43.1900,-664.54,0
43.1950,-1182.81,0
43.2000,-1182.81,0
43.2050,-1182.81,0
43.2100,-1182.81,0
43.2150,-609.76,0
43.2200,-609.76,0
43.2250,-784.16,0
43.2300,-582.64,0
43.2350,-784.16,0
43.2400,-784.16,0
43.2450,-784.16,0
43.2500,-945.46,0
43.2550,-945.46,0
43.2600,-284.86,0
43.2650,-284.86,0
43.2700,-658.67,0
43.2750,-947.08,0
43.2800,-658.67,0
43.2850,-658.67,0
43.2900,-658.67,0
43.2950,-138.95,0
43.3000,776.49,0
43.3050,776.49,0
43.3100,776.49,0
43.3150,776.49,0
43.3200,776.49,0
43.3250,1536.07,0
43.3300,1824.27,0
43.3350,1824.27,0
43.3400,1811.89,0
43.3450,1811.89,0
43.3500,1811.89,0
43.3550,2022.03,0
43.3600,2022.03,0
43.3650,2022.03,0
43.3700,2022.03,0
43.3750,1811.89,0
43.3800,2981.97,0
43.3850,2981.97,0
43.3900,2810.14,0
43.3950,2810.14,0
43.4000,2789.52,0
43.4050,2789.52,0
43.4100,2789.52,0
43.4150,2789.52,0
43.4200,919.02,0
43.4250,1835.77,0
43.4300,3594.05,0
43.4350,3594.05,0
43.4400,4190.67,0
43.4450,4190.67,0
43.4500,3984.59,0
43.4550,3984.59,0
43.4600,4190.67,0
43.4650,4693.85,0
43.4700,4747.58,0
43.4750,4747.58,0
43.4800,4747.58,0
43.4850,4747.58,0
43.4900,4747.58,0
43.4950,4550.39,0
43.5000,1970.59,0
43.5050,4702.97,0
43.5100,4702.97,0
43.5150,4339.52,0
43.5200,4036.65,0
43.5250,4036.65,0
43.5300,4036.65,0
43.5350,4036.65,0
43.5400,3465.76,0
43.5450,3465.76,0
43.5500,2879.06,0
43.5550,2879.06,0
43.5600,2879.06,0
43.5650,2741.56,0
43.5700,2741.56,0
43.5750,2481.18,0
43.5800,2481.18,0
43.5850,2481.18,0
43.5900,2481.18,0
43.5950,2700.91,0
43.6000,3125.03,0
43.6050,4590.75,0
43.6100,3145.74,0
43.6150,3546.10,0
43.6200,3718.41,0
43.6250,3718.41,0
43.6300,3646.99,0
43.6350,3646.99,0
43.6400,3539.34,0
43.6450,3539.34,0
43.6500,4536.40,0
43.6550,4345.53,0
43.6600,2956.54,0
43.6650,2956.54,0
43.6700,2801.10,0
43.6750,2801.10,0
43.6800,2801.10,0
43.6850,2801.10,0
43.6900,2801.10,0
43.6950,2801.10,0
43.7000,2953.46,0
43.7050,2953.46,0
43.7100,3646.97,0
43.7150,2936.06,0
43.7200,2936.06,0
43.7250,2990.52,0
43.7300,2874.00,0
43.7350,2990.52,0
43.7400,2990.52,0
43.7450,2990.52,0
43.7500,2990.52,0
43.7550,2990.52,0
43.7600,2990.52,0
43.7650,2798.38,0
43.7700,2798.38,0
43.7750,2856.84,0
43.7800,2856.84,0
43.7850,2905.37,0
43.7900,2905.37,0
43.7950,3053.06,0
43.8000,3209.21,0
43.8050,3209.21,0
43.8100,3209.21,0
43.8150,3350.39,0
43.8200,3197.52,0
43.8250,3197.52,0
43.8300,3197.52,0
43.8350,3043.08,0
43.8400,3043.08,0
43.8450,3087.28,0
43.8500,3087.28,0
43.8550,3133.69,0
43.8600,3133.69,0
43.8650,3398.90,0
43.8700,2950.63,0
43.8750,2950.63,0
43.8800,2950.63,0
43.8850,2978.44,0
43.8900,2978.44,0
43.8950,3025.71,0
43.9000,3011.88,0
43.9050,3011.88,0
43.9100,3011.88,0
43.9150,3092.61,0
43.9200,3092.61,0
43.9250,2768.07,0
43.9300,3124.84,0
43.9350,2789.85,0
43.9400,3773.25,0
43.9450,3773.25,0
43.9500,3004.25,0
43.9550,3792.62,0
43.9600,3946.14,0
43.9650,3250.46,0
43.9700,3946.14,0
43.9750,3946.14,0
43.9800,3930.69,0
43.9850,3930.69,0
43.9900,4019.63,0
43.9950,4019.63,0
44.0000,3973.24,0
44.0050,3973.24,0
44.0100,3973.24,0
44.0150,3973.24,0
44.0200,3973.24,0
44.0250,3938.19,0
44.0300,3938.19,0
44.0350,3551.05,0
44.0400,62.54,0
44.0450,62.54,0
44.0500,62.54,0
44.0550,-76.67,0
44.0600,-76.67,0
44.0650,42.14,0
44.0700,42.14,0
44.0750,44.76,0
44.0800,44.76,0
44.0850,101.36,0
44.0900,4019.62,0
44.0950,141.96,0
44.1000,141.96,0
44.1050,140.58,0
44.1100,-100.11,0
44.1150,-100.11,0
44.1200,-127.80,0
44.1250,-127.80,0
44.1300,-127.80,0
44.1350,-143.18,0
44.1400,-143.18,0
44.1450,-130.47,0
44.1500,3929.40,0
44.1550,-177.93,0
44.1600,-177.93,0
44.1650,-144.68,0
44.1700,-300.58,0
44.1750,-300.58,0
44.1800,-300.58,0
44.1850,-189.02,0
44.1900,-189.02,0
44.1950,-189.02,0
44.2000,-189.02,0
44.2050,-21.03,0
44.2100,-21.03,0
44.2150,-890.04,0
44.2200,-890.04,0
44.2250,-1044.32,0
44.2300,-1044.32,0
44.2350,-1040.49,0
44.2400,-1166.97,0
44.2450,-1166.97,0
44.2500,-1166.97,0
44.2550,-1166.97,0
44.2600,-1224.52,0
44.2650,-1224.52,0
44.2700,-1224.52,0
44.2750,-609.75,0
44.2800,-609.75,0
44.2850,20.46,0
44.2900,-146.35,0
44.2950,-1232.68,0
44.3000,-62.48,0
44.3050,-1040.49,0
44.3100,309.75,0
44.3150,309.75,0
44.3200,309.75,0
44.3250,990.00,0
44.3300,-1257.66,0
44.3350,691.06,0
44.3400,705.65,0
44.3450,705.65,0
44.3500,705.65,0
44.3550,-794.40,0
44.3600,202.07,0
44.3650,-512.36,0
44.3700,-512.36,0
44.3750,-512.36,0
44.3800,95.12,0
44.3850,-62.49,0
44.3900,434.25,0
44.3950,434.25,0
44.4000,776.60,0
44.4050,776.60,0
44.4100,658.98,0
44.4150,740.56,0
44.4200,740.56,0
44.4250,740.56,0
44.4300,740.56,0
44.4350,1458.39,0
44.4400,1458.39,0
44.4450,609.74,0
44.4500,757.42,0
44.4550,757.42,0
44.4600,757.42,0
44.4650,1205.87,0
44.4700,757.42,0
44.4750,757.42,0
44.4800,757.42,0
44.4850,821.09,0
44.4900,821.09,0
44.4950,1619.41,0
44.5000,776.60,0
44.5050,1144.14,0
44.5100,1144.14,0
44.5150,1382.33,0
44.5200,1382.33,0
44.5250,783.30,0
44.5300,785.32,0
44.5350,785.32,0
44.5400,1393.34,0
44.5450,1393.34,0
44.5500,2349.57,0
44.5550,2349.57,0
44.5600,599.24,0
44.5650,2405.65,0
44.5700,2468.56,0
44.5750,2468.56,0
44.5800,2468.56,0
44.5850,2306.39,0
44.5900,2306.39,0
44.5950,2306.39,0
44.6000,2306.39,0
44.6050,3122.52,0
44.6100,3105.21,0
44.6150,3105.21,0
44.6200,2405.65,0
44.6250,3105.21,0
44.6300,3105.21,0
44.6350,3105.21,0
44.6400,3105.21,0
44.6450,3105.21,0
44.6500,1144.18,0
44.6550,3681.03,0
44.6600,3334.81,0
44.6650,3334.81,0
44.6700,2442.97,0
44.6750,3082.61,0
44.6800,1394.70,0
44.6850,2969.42,0
44.6900,2969.42,0
44.6950,2969.42,0
44.7000,2969.42,0
44.7050,3899.65,0
44.7100,3899.65,0
44.7150,3641.55,0
44.7200,3641.55,0
44.7250,3243.33,0
44.7300,3243.33,0
44.7350,3078.75,0
44.7400,3078.75,0
44.7450,3068.79,0
44.7500,3068.79,0
44.7550,3287.89,0
44.7600,3287.89,0
44.7650,2876.72,0
44.7700,2876.72,0
44.7750,3345.13,0
44.7800,3480.13,0
44.7850,3643.84,0
44.7900,3666.23,0
44.7950,3542.90,0
44.8000,3542.90,0
44.8050,3143.31,0
44.8100,3143.31,0
44.8150,3143.31,0
44.8200,3143.31,0
44.8250,2508.45,0
44.8300,2472.33,0
44.8350,2472.33,0
44.8400,2097.66,0
44.8450,2097.66,0
44.8500,3829.48,0
44.8550,508.08,0
44.8600,508.08,0
44.8650,508.08,0
44.8700,508.08,0
44.8750,508.08,0
44.8800,3053.77,0
44.8850,-22.47,0
44.8900,-18.17,0
44.8950,-18.17,0
44.9000,-31.98,0
44.9050,-31.98,0
44.9100,-31.98,0
44.9150,-31.98,0
44.9200,-31.98,0
44.9250,-31.98,0
44.9300,-116.62,0
44.9350,-116.62,0
44.9400,-111.83,0
44.9450,-111.83,0
44.9500,-222.05,0
44.9550,-222.05,0
44.9600,-111.09,0
44.9650,-111.09,0
44.9700,-111.09,0
44.9750,-111.09,0
44.9800,-55.35,0
44.9850,-55.35,0
44.9900,16.59,0
44.9950,16.59,0
45.0000,26.56,0
45.0050,26.56,0
45.0100,13.83,0
45.0150,13.83,0
45.0200,13.63,0
45.0250,13.63,0
45.0300,7.58,0
45.0350,7.58,0
45.0400,31.66,0
45.0450,31.66,0
45.0500,10.21,0
45.0550,10.21,0
45.0600,36.65,0
45.0650,31.83,0
45.0700,55.31,0
45.0750,55.31,0
45.0800,139.27,0
45.0850,139.27,0
45.0900,268.13,0
45.0950,268.13,0
45.1000,42.97,0
45.1050,42.97,0
45.1100,362.68,0
45.1150,30.49,0
45.1200,100.17,0
45.1250,913.54,0
45.1300,819.79,0
45.1350,819.79,0
45.1400,924.65,0
45.1450,924.65,0
45.1500,884.21,0
45.1550,884.21,0
45.1600,899.83,0
45.1650,899.83,0
45.1700,708.06,0
45.1750,708.06,0
45.1800,55.31,0
45.1850,884.21,0
45.1900,708.06,0
45.1950,708.06,0
45.2000,1078.42,0
45.2050,1078.42,0
45.2100,-4.96,0
45.2150,1231.01,0
45.2200,1268.56,0
45.2250,1268.56,0
45.2300,1366.75,0
45.2350,1366.75,0
45.2400,1366.75,0
45.2450,1287.03,0
45.2500,1287.03,0
45.2550,1287.03,0
45.2600,1287.03,0
45.2650,884.21,0
45.2700,1156.76,0
45.2750,1156.76,0
45.2800,1295.46,0
45.2850,1114.01,0
45.2900,1209.51,0
45.2950,1209.51,0
45.3000,1209.51,0
45.3050,879.29,0
45.3100,386.64,0
45.3150,386.64,0
45.3200,325.16,0
45.3250,325.16,0
45.3300,-793.94,0
45.3350,-793.94,0
45.3400,-675.76,0
45.3450,842.65,0
45.3500,-675.76,1
45.3550,-675.76,0
45.3600,-675.76,0
45.3650,-675.76,0
45.3700,1209.51,0
45.3750,-1713.26,0
45.3800,-1456.62,0
45.3850,-1456.62,0
45.3900,-900.49,0
45.3950,-591.24,0
45.4000,-612.80,0
45.4050,-612.80,0
45.4100,-1164.74,0
45.4150,-1164.74,0
45.4200,-1164.74,0
45.4250,-1164.74,0
45.4300,-343.98,0
45.4350,-343.98,0
45.4400,-340.38,0
45.4450,-340.38,0
45.4500,-958.57,0
45.4550,60.94,0
45.4600,354.06,0
45.4650,147.65,0
45.4700,665.75,0
45.4750,665.75,0
45.4800,645.80,0
45.4850,645.80,0
45.4900,1069.52,0
45.4950,1069.52,0
45.5000,896.45,0
45.5050,896.45,0
45.5100,585.47,0
45.5150,585.47,0
45.5200,115.61,0
45.5250,115.61,0
45.5300,444.44,0
45.5350,444.44,0
45.5400,444.44,0
45.5450,444.44,0
45.5500,1463.16,0
45.5550,1463.16,0
45.5600,1469.98,0
45.5650,1469.98,0
45.5700,1403.68,0
45.5750,1403.68,0
45.5800,1112.09,0
45.5850,1295.44,0
45.5900,1112.09,0
45.5950,1513.87,0
45.6000,336.96,0
45.6050,1507.95,0
45.6100,1130.49,0
45.6150,1130.49,0
45.6200,1130.49,0
45.6250,1130.49,0
45.6300,1130.49,0
45.6350,1130.49,0
45.6400,1130.49,0
45.6450,1231.65,0
45.6500,1566.04,0
45.6550,2628.24,0
45.6600,1294.39,0
45.6650,1230.38,0
45.6700,1230.38,0
45.6750,-123.84,0
45.6800,-123.84,0
45.6850,-132.27,0
45.6900,-152.33,0
45.6950,-152.33,0
45.7000,1190.40,0
45.7050,-118.15,0
45.7100,-59.78,0
45.7150,-59.78,0
45.7200,-59.78,0
45.7250,-59.78,0
45.7300,-59.78,0
45.7350,-59.78,0
45.7400,-43.94,0
45.7450,-43.94,0
45.7500,-43.94,0
45.7550,9.63,0
45.7600,9.63,0
45.7650,-27.68,0
45.7700,-27.68,0
45.7750,-4.57,0
45.7800,-4.57,0
45.7850,2.64,0
45.7900,-132.17,0
45.7950,-23.15,0
45.8000,-23.15,0
45.8050,-127.88,0
45.8100,-23.15,0
45.8150,5.36,0
45.8200,-23.15,0
45.8250,-4.74,0
45.8300,-4.74,0
45.8350,-97.82,0
45.8400,-79.17,0
45.8450,-8.09,0
45.8500,-104.00,0
45.8550,-104.00,0
45.8600,-68.01,0
45.8650,-68.01,0
45.8700,-28.75,0
45.8750,-28.75,0
45.8800,-42.20,0
45.8850,-42.20,0
45.8900,-27.74,0
45.8950,-42.20,0
45.9000,9.75,0
45.9050,-42.20,0
45.9100,-137.72,0
45.9150,-137.72,0
45.9200,12.51,0
45.9250,12.51,0
45.9300,-21.18,0
45.9350,-33.25,0
45.9400,-21.18,0
45.9450,-21.18,0
45.9500,17.45,0
45.9550,17.45,0
45.9600,68.31,0
45.9650,68.31,0
45.9700,68.31,0
45.9750,148.94,0
45.9800,148.94,0
45.9850,148.94,0
45.9900,148.94,0
45.9950,118.52,0
46.0000,-28.42,0
46.0050,197.43,0
46.0100,197.43,0
46.0150,139.53,0
46.0200,139.53,0
46.0250,-8.16,0
46.0300,-42.84,0
46.0350,179.27,0
46.0400,414.88,0
46.0450,414.88,0
46.0500,95.77,0
46.0550,95.77,0
46.0600,95.77,0
46.0650,95.77,0
46.0700,95.77,0
46.0750,219.12,0
46.0800,219.12,0
46.0850,6.74,0
46.0900,324.75,0
46.0950,324.75,0
46.1000,1031.77,0
46.1050,-75.43,0
46.1100,1031.77,0
46.1150,1031.77,0
46.1200,1044.90,0
46.1250,1044.90,0
46.1300,555.11,0
46.1350,928.93,0
46.1400,886.92,0
46.1450,886.92,0
46.1500,900.91,0
46.1550,900.91,0
46.1600,900.91,0
46.1650,900.91,0
46.1700,886.92,0
46.1750,900.91,0
46.1800,944.15,0
46.1850,944.15,0
46.1900,955.18,0
46.1950,955.18,0
46.2000,1005.17,0
46.2050,1005.17,0
46.2100,1048.63,0
46.2150,928.93,0
46.2200,1221.89,0
46.2250,1221.89,0
46.2300,1221.89,0
46.2350,900.91,0
46.2400,1142.79,0
46.2450,964.30,0
46.2500,1142.79,0
46.2550,1142.79,0
46.2600,1142.79,0
46.2650,1009.45,0
46.2700,1009.45,0
46.2750,894.71,0
46.2800,894.71,0
46.2850,894.71,0
46.2900,894.71,0
46.2950,941.97,0
46.3000,930.72,0
46.3050,910.69,0
46.3100,618.74,0
46.3150,1163.71,0
46.3200,818.41,0
46.3250,818.41,0
46.3300,818.41,0
46.3350,818.41,0
46.3400,1111.84,0
46.3450,804.65,0
46.3500,804.65,0
46.3550,953.93,0
46.3600,804.65,0
46.3650,703.97,0
46.3700,750.35,0
46.3750,750.35,0
46.3800,750.35,0
46.3850,750.35,0
46.3900,801.80,0
46.3950,801.80,0
46.4000,579.84,0
46.4050,579.84,0
46.4100,383.20,0
46.4150,383.20,0
46.4200,208.29,0
46.4250,208.29,0
46.4300,208.29,0
46.4350,208.29,0
46.4400,347.41,0
46.4450,497.25,0
46.4500,101.41,0
46.4550,101.41,0
46.4600,485.79,0
46.4650,485.79,0
46.4700,131.15,0
46.4750,131.15,0
46.4800,-740.75,0
46.4850,-740.75,0
46.4900,-740.75,0
46.4950,-740.75,0
46.5000,-244.61,0
46.5050,-244.61,0
46.5100,-510.31,0
46.5150,-510.31,0
46.5200,-561.56,0
46.5250,-561.56,0
46.5300,-561.56,0
46.5350,-561.56,0
46.5400,-664.16,0
46.5450,-664.16,0
46.5500,-381.23,0
46.5550,383.25,0
46.5600,-381.23,0
46.5650,-381.23,0
46.5700,-472.15,0
46.5750,-472.15,0
46.5800,5.46,0
46.5850,5.46,0
46.5900,46.56,0
46.5950,46.56,0
46.6000,-354.38,0
46.6050,-354.38,0
46.6100,5.46,0
46.6150,-354.38,0
46.6200,-354.38,0
46.6250,-452.73,0
46.6300,-452.73,0
46.6350,-284.81,0
46.6400,-368.79,0
46.6450,-368.79,0
46.6500,-368.79,0
46.6550,-368.79,0
46.6600,-45.90,0
46.6650,-45.90,0
46.6700,248.78,0
46.6750,248.78,0
46.6800,-607.22,0
46.6850,-607.22,0
46.6900,-908.87,0
46.6950,-379.02,0
46.7000,-908.87,0
46.7050,-908.87,0
46.7100,32.33,0
46.7150,-454.76,0
46.7200,545.59,0
46.7250,545.59,0
46.7300,-15.88,0
46.7350,-15.88,0
46.7400,-398.41,0
46.7450,-398.41,0
46.7500,-879.41,0
46.7550,-879.41,0
46.7600,-879.41,0
46.7650,-1172.80,0
46.7700,-1172.80,0
46.7750,-979.56,0
46.7800,-1460.85,0
46.7850,-1460.85,0
46.7900,-1460.85,0
46.7950,-1460.85,0
46.8000,-1752.79,0
46.8050,-1752.79,0
46.8100,-76.88,0
46.8150,-1826.19,0
46.8200,-1976.79,0
46.8250,-1118.92,0
46.8300,-1976.79,0
46.8350,-1976.79,0
46.8400,-1708.32,0
46.8450,-1708.32,0
46.8500,-1264.24,0
46.8550,-1264.24,0
46.8600,-1588.39,0
46.8650,-1588.39,0
46.8700,-1782.05,0
46.8750,-1588.39,0
46.8800,-1588.39,0
46.8850,-1588.39,0
46.8900,-1825.11,0
46.8950,-1995.11,0
46.9000,-1187.96,0
46.9050,-1187.96,0
46.9100,-1284.07,0
46.9150,-1284.07,0
46.9200,-1284.07,0
46.9250,-1284.07,0
46.9300,-621.09,0
46.9350,-621.09,0
46.9400,-650.32,0
46.9450,-650.32,0
46.9500,-442.92,0
46.9550,-442.92,0
46.9600,37.96,0
46.9650,37.96,0
46.9700,37.96,0
46.9750,37.96,0
46.9800,-319.95,0
46.9850,112.62,0
46.9900,112.62,0
46.9950,112.62,0
47.0000,-435.17,0
47.0050,-435.17,0
47.0100,-142.86,0
47.0150,-142.86,0
47.0200,-96.77,0
47.0250,543.16,0
47.0300,543.16,0
47.0350,211.16,0
47.0400,211.16,0
47.0450,877.06,0
47.0500,839.04,0
47.0550,839.04,0
47.0600,839.04,0
47.0650,839.04,0
47.0700,1238.67,0
47.0750,2027.85,0
47.0800,2183.85,0
47.0850,2183.85,0
47.0900,2571.10,0
47.0950,2571.10,0
47.1000,1238.67,0
47.1050,2774.92,0
47.1100,2774.92,0
47.1150,2934.84,0
47.1200,2934.84,0
47.1250,2243.50,0
47.1300,2243.50,0
47.1350,2243.50,0
47.1400,2243.50,0
47.1450,1834.53,0
47.1500,2968.22,0
47.1550,1916.34,0
47.1600,1916.34,0
47.1650,1599.64,0
47.1700,1599.64,0
47.1750,1972.90,0
47.1800,1972.90,0
47.1850,2541.80,0
47.1900,2541.80,0
47.1950,2834.95,0
47.2000,2834.95,0
47.2050,2457.56,0
47.2100,2457.56,0
47.2150,2842.55,0
47.2200,2842.55,0
47.2250,2708.53,0
47.2300,2708.53,0
47.2350,2708.53,0
47.2400,2708.53,0
47.2450,2708.53,0
47.2500,2708.53,0
47.2550,3285.94,0
47.2600,3285.94,0
47.2650,2343.17,0
47.2700,3889.12,0
47.2750,4090.32,0
47.2800,4090.32,0
47.2850,4090.32,0
47.2900,89.56,0
47.2950,89.56,0
47.3000,79.72,0
47.3050,79.72,0
47.3100,1616.25,0
47.3150,99.73,0
47.3200,99.73,0
47.3250,99.73,0
47.3300,99.73,0
47.3350,1855.00,0
47.3400,802.75,0
47.3450,927.93,0
47.3500,927.93,0
47.3550,1141.07,0
47.3600,1141.07,0
47.3650,1141.07,0
47.3700,1141.07,0
47.3750,3088.34,0
47.3800,1018.99,0
47.3850,1005.38,0
47.3900,1005.38,0
47.3950,1005.38,0
47.4000,974.28,0
47.4050,1034.21,0
47.4100,4090.18,0
47.4150,1034.21,0
47.4200,1034.21,0
47.4250,1034.21,0
47.4300,966.46,0
47.4350,969.94,0
47.4400,969.94,0
47.4450,969.94,0
47.4500,986.98,0
47.4550,986.98,0
47.4600,979.18,0
47.4650,803.88,0
47.4700,933.25,0
47.4750,933.25,0
47.4800,896.24,0
47.4850,896.24,0
47.4900,979.18,0
47.4950,835.78,0
47.5000,835.78,0
47.5050,966.46,0
47.5100,835.78,0
47.5150,771.58,0
47.5200,771.58,0
47.5250,539.60,0
47.5300,539.60,0
47.5350,539.60,0
47.5400,539.60,0
47.5450,445.83,0
47.5500,445.83,0
47.5550,453.48,0
47.5600,453.48,0
47.5650,885.43,0
47.5700,373.56,0
47.5750,717.21,0
47.5800,717.21,0
47.5850,717.21,0
47.5900,717.21,0
47.5950,717.21,0
47.6000,717.21,0
47.6050,717.21,0
47.6100,717.21,0
47.6150,717.21,0
47.6200,950.06,0
47.6250,950.06,0
47.6300,1091.03,0
47.6350,1127.26,0
47.6400,1127.26,0
47.6450,1179.66,0
47.6500,1179.66,0
47.6550,826.07,0
47.6600,1192.07,0
47.6650,1171.13,0
47.6700,1171.13,0
47.6750,1124.56,0
47.6800,1124.56,0
47.6850,1104.61,0
47.6900,1104.61,0
47.6950,1072.99,0
47.7000,1072.99,0
47.7050,1106.40,0
47.7100,1072.99,0
47.7150,1079.02,0
47.7200,1079.02,0
47.7250,949.71,0
47.7300,1086.40,0
47.7350,1028.86,0
47.7400,1028.86,0
47.7450,261.18,0
47.7500,1132.36,0
47.7550,1132.36,0
47.7600,1132.36,0
47.7650,1133.62,0
47.7700,1298.71,0
47.7750,1298.71,0
47.7800,1298.71,0
47.7850,1298.71,0
47.7900,1104.59,0
47.7950,873.88,0
47.8000,1289.22,0
47.8050,1289.22,0
47.8100,1058.73,0
47.8150,1019.41,0
47.8200,1072.59,0
47.8250,1072.59,0
47.8300,1179.30,0
47.8350,1148.31,0
47.8400,1148.31,0
47.8450,1172.05,0
47.8500,1172.05,0
47.8550,1143.31,0
47.8600,1143.31,0
47.8650,1032.46,0
47.8700,1032.46,0
47.8750,1127.67,0
47.8800,1127.67,0
47.8850,1569.51,0
47.8900,1569.51,0
47.8950,1339.04,0
47.9000,1339.04,0
47.9050,941.89,0
47.9100,941.89,0
47.9150,1184.14,0
47.9200,1184.14,0
47.9250,1168.57,0
47.9300,1247.56,0
47.9350,746.65,0
47.9400,746.65,0
47.9450,1088.03,0
47.9500,363.86,0
47.9550,363.86,0
47.9600,363.86,0
47.9650,321.92,0
47.9700,321.92,0
47.9750,286.19,0
47.9800,749.33,0
47.9850,239.04,0
47.9900,239.04,0
47.9950,266.74,0
48.0000,404.91,0
48.0050,404.91,0
48.0100,1569.58,0
48.0150,1118.60,0
48.0200,491.35,0
48.0250,1168.64,0
48.0300,185.19,0
48.0350,185.19,0
48.0400,1017.86,0
48.0450,40.51,0
48.0500,364.18,0
48.0550,-202.60,0
48.0600,-202.60,0
48.0650,-253.02,0
48.0700,-253.02,0
48.0750,-236.26,0
48.0800,-236.26,0
48.0850,-283.26,0
48.0900,-212.49,0
48.0950,-309.26,0
48.1000,-309.26,0
48.1050,-422.38,0
48.1100,179.82,0
48.1150,-1213.91,0
48.1200,-1213.91,0
48.1250,-1083.76,0
48.1300,-1083.76,0
48.1350,-1083.76,0
48.1400,-856.20,0
48.1450,-254.78,0
48.1500,240.04,0
48.1550,-929.97,0
48.1600,-1032.95,0
48.1650,-1032.95,0
48.1700,-253.36,0
48.1750,-1032.95,0
48.1800,-1032.95,0
48.1850,-253.02,0
48.1900,-1109.56,0
48.1950,-1032.95,0
48.2000,-978.72,0
48.2050,-978.72,0
48.2100,-879.08,0
48.2150,-879.08,0
48.2200,-879.08,0
48.2250,-879.08,0
48.2300,-1090.53,0
48.2350,-1090.53,0
48.2400,-1109.56,0
48.2450,-856.21,0
48.2500,-877.14,0
48.2550,-877.14,0
48.2600,-1051.05,0
48.2650,-1051.05,0
48.2700,-1032.39,0
48.2750,-1032.39,0
48.2800,-356.07,0
48.2850,-356.07,0
48.2900,59.62,0
48.2950,59.62,0
48.3000,59.62,0
48.3050,59.62,0
48.3100,-306.37,0
48.3150,-306.37,0
48.3200,-263.42,0
48.3250,-263.42,0
48.3300,-793.31,0
48.3350,-793.31,0
48.3400,-859.78,0
48.3450,-877.12,0
48.3500,-450.37,0
48.3550,-450.37,0
48.3600,-450.37,0
48.3650,-968.98,0
48.3700,-968.98,0
48.3750,-968.98,0
48.3800,-1247.22,0
48.3850,-1247.22,0
48.3900,-1922.37,0
48.3950,-1922.37,0
48.4000,-1922.37,0
48.4050,-1005.44,0
48.4100,-3435.17,0
48.4150,-3435.17,0
48.4200,-3435.17,0
48.4250,-3435.17,0
48.4300,-3435.17,0
48.4350,-3106.06,0
48.4400,-3106.06,0
48.4450,-2660.13,0
48.4500,-2660.13,0
48.4550,-2660.13,0
48.4600,-2660.13,0
48.4650,-2666.30,0
48.4700,-2666.30,0
48.4750,-3282.50,0
48.4800,-3282.50,0
48.4850,-3637.22,0
48.4900,-3198.17,0
48.4950,-3198.17,0
48.5000,-3648.72,0
48.5050,-3648.72,0
48.5100,-3648.72,0
48.5150,-3695.48,0
48.5200,-3695.48,0
48.5250,-3695.48,0
48.5300,-3695.48,0
48.5350,-3695.48,0
48.5400,-2887.68,0
48.5450,-3220.69,0
48.5500,-3460.74,0
48.5550,-3460.74,0
48.5600,-3359.30,0
48.5650,-3359.30,0
48.5700,-2979.29,0
48.5750,-2979.29,0
48.5800,-2619.87,0
48.5850,-2619.87,0
48.5900,-2619.87,0
48.5950,-2926.38,0
48.6000,-2025.75,0
48.6050,-2025.75,0
48.6100,-1985.75,0
48.6150,-1985.75,0
48.6200,-1985.75,0
48.6250,-1985.75,0
48.6300,-1985.75,0
48.6350,-1985.75,0
48.6400,-1985.75,0
48.6450,-1985.75,0
48.6500,-1880.35,0
48.6550,-1880.35,0
48.6600,-1934.62,0
48.6650,-1934.62,0
48.6700,-1934.62,0
48.6750,-1934.62,0
48.6800,-1908.03,0
48.6850,-1908.03,0
48.6900,-1948.57,0
48.6950,-1948.57,0
48.7000,-2025.66,0
48.7050,-1879.67,0
48.7100,-1760.66,0
48.7150,-2065.79,0
48.7200,-3316.99,0
48.7250,-1832.78,0
48.7300,-1786.18,0
48.7350,-1870.28,0
48.7400,-1870.28,0
48.7450,-1832.35,0
48.7500,-1987.06,0
48.7550,-1832.35,0
48.7600,-1832.35,0
48.7650,-1832.35,0
48.7700,-1853.66,0
48.7750,-1885.11,0
48.7800,-1864.60,0
48.7850,-1864.60,0
48.7900,-1785.84,0
48.7950,-1785.84,0
48.8000,-1912.94,0
48.8050,-1928.74,0
48.8100,-1928.74,0
48.8150,-2033.78,0
48.8200,-2033.78,0
48.8250,-2081.97,0
48.8300,-2081.97,0
48.8350,-2018.31,0
48.8400,-2018.31,0
48.8450,-1924.56,0
48.8500,-1924.56,0
48.8550,-1924.56,0
48.8600,-1924.56,0
48.8650,-1909.95,0
48.8700,-1909.95,0
48.8750,-1879.66,0
48.8800,-1931.58,0
48.8850,-1816.81,0
48.8900,-1816.81,0
48.8950,-1816.81,0
48.9000,-1816.81,0
48.9050,-2065.77,0
48.9100,-1816.81,0
48.9150,-44.98,0
48.9200,-44.98,0
48.9250,72.30,0
48.9300,72.30,0
48.9350,451.49,0
48.9400,451.49,0
48.9450,1116.02,0
48.9500,1116.02,0
48.9550,903.23,0
48.9600,355.55,0
48.9650,903.23,0
48.9700,903.23,0
48.9750,593.11,0
48.9800,593.11,0
48.9850,1004.80,0
48.9900,1004.80,0
48.9950,451.49,0
49.0000,72.29,0
49.0050,682.58,0
49.0100,682.58,0
49.0150,680.17,0
49.0200,680.17,0
49.0250,643.16,0
49.0300,643.16,0
49.0350,-1890.69,0
49.0400,-930.37,0
49.0450,1251.88,0
49.0500,1251.88,0
49.0550,1880.71,0
49.0600,1880.71,0
49.0650,1880.71,0
49.0700,1880.71,0
49.0750,2101.41,0
49.0800,2101.41,0
49.0850,-1989.85,0
49.0900,1975.95,0
49.0950,2680.08,0
49.1000,2680.08,0
49.1050,644.96,0
49.1100,2934.38,0
49.1150,2390.90,0
49.1200,2390.90,0
49.1250,1929.73,0
49.1300,1929.73,0
49.1350,684.71,0
49.1400,2750.73,0
49.1450,2617.86,0
49.1500,2725.91,0
49.1550,2617.86,0
49.1600,2617.86,0
49.1650,1958.24,0
49.1700,1958.24,0
49.1750,2769.00,0
49.1800,2769.00,0
49.1850,2632.12,0
49.1900,2632.12,0
49.1950,2410.81,0
49.2000,2970.91,0
49.2050,2410.81,0
49.2100,2410.81,0
49.2150,2742.89,0
49.2200,2781.71,0
49.2250,2781.71,0
49.2300,2924.40,0
49.2350,2924.40,0
49.2400,2421.38,0
49.2450,2421.38,0
49.2500,1973.25,0
49.2550,2771.77,0
49.2600,2771.77,0
49.2650,2771.77,0
49.2700,2928.80,0
49.2750,2928.80,0
49.2800,2623.03,0
49.2850,2623.03,0
49.2900,2014.16,0
49.2950,2014.16,0
49.3000,2786.62,0
49.3050,2786.62,0
49.3100,2786.62,0
49.3150,2786.62,0
49.3200,2943.73,0
49.3250,2943.73,0
49.3300,2911.98,0
49.3350,2911.98,0
49.3400,2529.92,0
49.3450,3028.96,0
49.3500,3028.96,0
49.3550,2690.36,0
49.3600,1997.51,0
49.3650,1997.51,0
49.3700,1616.16,0
49.3750,1616.16,0
49.3800,1616.16,0
49.3850,1616.16,0
49.3900,1616.16,0
49.3950,2486.12,0
49.4000,2486.12,0
49.4050,2486.12,0
49.4100,1572.28,0
49.4150,1556.24,0
49.4200,1556.24,0
49.4250,2017.90,0
49.4300,1974.60,0
49.4350,1527.90,0
49.4400,1527.90,0
49.4450,1977.06,0
49.4500,1977.06,0
49.4550,1570.19,0
49.4600,1570.19,0
49.4650,2090.08,0
49.4700,2090.08,0
49.4750,2090.08,0
49.4800,1502.78,0
49.4850,1502.78,0
49.4900,1991.89,0
49.4950,1025.50,0
49.5000,1819.20,0
49.5050,1970.05,0
49.5100,1970.05,0
49.5150,1970.05,0
49.5200,1970.05,0
49.5250,1970.05,0
49.5300,1548.55,0
49.5350,1047.23,0
49.5400,2419.99,0
49.5450,1789.56,0
49.5500,1789.56,0
49.5550,1725.84,0
49.5600,1506.42,0
49.5650,1506.42,0
49.5700,1084.25,0
49.5750,1084.25,0
49.5800,1836.87,0
49.5850,1836.87,0
49.5900,2481.02,0
49.5950,1972.40,0
49.6000,1951.28,0
49.6050,1400.38,0
49.6100,964.83,0
49.6150,964.83,0
49.6200,1734.37,0
49.6250,1734.37,0
49.6300,1603.23,0
49.6350,1603.23,0
49.6400,1603.23,0
49.6450,1603.23,0
49.6500,1603.23,0
49.6550,1603.23,0
49.6600,1603.23,0
49.6650,1603.23,0
49.6700,1869.04,0
49.6750,1622.09,0
49.6800,2583.85,0
49.6850,2583.85,0
49.6900,2945.47,0
49.6950,2945.47,0
49.7000,2552.34,0
49.7050,1734.36,0
49.7100,2640.48,0
49.7150,2640.48,0
49.7200,699.97,0
49.7250,699.97,0
49.7300,436.93,0
49.7350,436.93,0
49.7400,965.00,0
49.7450,965.00,0
49.7500,1400.24,0
49.7550,965.00,0
49.7600,965.00,0
49.7650,965.00,0
49.7700,965.00,0
49.7750,1039.21,0
49.7800,1039.21,0
49.7850,989.88,0
49.7900,152.75,0
49.7950,860.43,0
49.8000,692.60,0
49.8050,692.60,0
49.8100,692.60,0
49.8150,1034.96,0
49.8200,1006.29,0
49.8250,421.63,0
49.8300,421.63,0
49.8350,969.30,0
49.8400,969.30,0
49.8450,589.53,0
49.8500,694.23,0
49.8550,1027.20,0
49.8600,411.16,0
49.8650,411.16,0
49.8700,993.72,0
49.8750,993.72,0
49.8800,696.16,0
49.8850,696.16,0
49.8900,1022.58,0
49.8950,1022.58,0
49.9000,692.53,0
49.9050,404.40,0
49.9100,818.63,0
49.9150,818.63,0
49.9200,818.63,0
49.9250,818.63,0
49.9300,1020.69,0
49.9350,1020.69,0
49.9400,434.19,0
49.9450,434.19,0
49.9500,811.17,0
49.9550,811.17,0
49.9600,728.84,0
49.9650,728.84,0
49.9700,1012.82,0
49.9750,1012.82,0
49.9800,316.33,0
49.9850,316.33,0
49.9900,20.75,0
49.9950,20.75,0
50.0000,-247.03,0
50.0050,-247.03,0
50.0100,585.62,0
50.0150,7.17,0
50.0200,697.31,0
50.0250,-655.91,0
50.0300,-952.97,0
50.0350,-952.97,0
50.0400,-1186.94,0
50.0450,-1008.49,0
50.0500,-959.50,0
50.0550,-959.50,0
50.0600,-959.50,0
50.0650,-959.50,0
50.0700,-1930.31,0
50.0750,585.64,0
50.0800,-2283.84,0
50.0850,-2194.61,0
50.0900,-2194.61,0
50.0950,-2194.61,0
50.1000,-2593.50,0
50.1050,-2593.50,0
50.1100,-2809.01,0
50.1150,-2809.01,0
50.1200,-2164.59,0
50.1250,-2164.59,0
50.1300,-1953.01,0
50.1350,-1953.01,0
50.1400,-1953.01,0
50.1450,-326.93,0
50.1500,-2821.95,0
50.1550,-1971.26,0
50.1600,-2150.20,0
50.1650,-2150.20,0
50.1700,-1785.83,0
50.1750,-1785.83,0
50.1800,-2371.87,0
50.1850,-2371.87,0
50.1900,-2371.87,0
50.1950,-1860.38,0
50.2000,-1860.38,0
50.2050,-2153.74,0
50.2100,-2153.74,0
50.2150,-2590.52,0
50.2200,-2590.52,0
50.2250,-2753.26,0
50.2300,-2753.26,0
50.2350,-1950.75,0
50.2400,-2885.49,0
50.2450,-1950.75,0
50.2500,-1989.11,0
50.2550,-2249.34,0
50.2600,-1984.14,0
50.2650,-1984.14,0
50.2700,-2409.37,0
50.2750,-1729.77,0
50.2800,-1729.77,0
50.2850,-1595.34,0
50.2900,-1595.34,0
50.2950,-2107.75,0
50.3000,-844.23,0
50.3050,-844.23,0
50.3100,-844.23,0
50.3150,-2409.37,0
50.3200,-668.74,0
50.3250,-733.90,0
50.3300,-733.90,0
50.3350,-968.12,0
50.3400,-968.12,0
50.3450,-1153.67,0
50.3500,-1153.67,1
50.3550,-1153.67,0
50.3600,-2172.62,0
50.3650,-2207.26,0
50.3700,-2136.26,0
50.3750,-2136.26,0
50.3800,-2136.26,0
50.3850,-2531.37,0
50.3900,-2089.42,0
50.3950,-2413.08,0
50.4000,-2413.08,0
50.4050,-2413.08,0
50.4100,-1398.50,0
50.4150,-1835.09,0
50.4200,-1835.09,0
50.4250,-785.54,0
50.4300,-785.54,0
50.4350,-485.31,0
50.4400,-671.78,0
50.4450,-2259.18,0
50.4500,-616.34,0
50.4550,-616.34,0
50.4600,-616.34,0
50.4650,-616.34,0
50.4700,-616.34,0
50.4750,-878.52,0
50.4800,-1642.45,0
50.4850,-722.20,0
50.4900,-722.20,0
50.4950,-722.20,0
50.5000,-439.02,0
50.5050,-439.02,0
50.5100,-722.20,0
50.5150,-667.10,0
50.5200,-667.10,0
50.5250,-687.15,0
50.5300,-687.15,0
50.5350,-687.15,0
50.5400,181.62,0
50.5450,-978.56,0
50.5500,-486.72,0
50.5550,0.64,0
50.5600,242.30,0
50.5650,127.49,0
50.5700,127.49,0
50.5750,176.74,0
50.5800,-740.76,0
50.5850,112.51,0
50.5900,112.51,0
50.5950,114.44,0
50.6000,114.44,0
50.6050,59.67,0
50.6100,-1015.98,0
50.6150,98.04,0
50.6200,98.04,0
50.6250,98.04,0
50.6300,174.10,0
50.6350,174.10,0
50.6400,174.10,0
50.6450,133.12,0
50.6500,133.12,0
50.6550,163.79,0
50.6600,163.79,0
50.6650,72.91,0
50.6700,72.91,0
50.6750,-34.83,0
50.6800,-34.83,0
50.6850,-34.83,0
50.6900,-34.83,0
50.6950,-101.53,0
50.7000,-101.53,0
50.7050,-96.44,0
50.7100,-96.44,0
50.7150,-30.31,0
50.7200,-30.31,0
50.7250,56.54,0
50.7300,56.54,0
50.7350,136.34,0
50.7400,136.34,0
50.7450,58.11,0
50.7500,58.11,0
50.7550,44.83,0
50.7600,112.19,0
50.7650,-211.14,0
50.7700,-211.14,0
50.7750,-240.05,0
50.7800,-240.05,0
50.7850,-52.24,0
50.7900,-52.24,0
50.7950,-85.31,0
50.8000,-85.31,0
50.8050,109.64,0
50.8100,-85.31,0
50.8150,-11.06,0
50.8200,-260.59,0
50.8250,136.73,0
50.8300,136.73,0
50.8350,158.27,0
50.8400,158.27,0
50.8450,137.85,0
50.8500,137.85,0
50.8550,137.85,0
50.8600,156.63,0
50.8650,156.63,0
50.8700,156.63,0
50.8750,66.41,0
50.8800,205.71,0
50.8850,205.71,0
50.8900,199.98,0
50.8950,199.98,0
50.9000,259.96,0
50.9050,259.96,0
50.9100,48.74,0
50.9150,708.56,0
50.9200,410.32,0
50.9250,426.09,0
50.9300,426.09,0
50.9350,426.09,0
50.9400,200.20,0
50.9450,91.81,0
50.9500,-25.23,0
50.9550,-25.23,0
50.9600,-84.17,0
50.9650,-35.13,0
50.9700,-35.13,0
50.9750,-35.13,0
50.9800,-35.13,0
50.9850,-35.13,0
50.9900,16.78,0
50.9950,-318.00,0
51.0000,-318.00,0
51.0050,229.95,0
51.0100,-746.82,0
51.0150,-1088.20,0
51.0200,-13.53,0
51.0250,-1088.20,0
51.0300,123.69,0
51.0350,-1037.97,0
51.0400,-1037.97,0
51.0450,-1037.97,0
51.0500,-989.01,0
51.0550,-989.01,0
51.0600,-292.89,0
51.0650,-1068.99,0
51.0700,-1468.70,0
51.0750,-1468.70,0
51.0800,-1441.00,0
51.0850,-1441.00,0
51.0900,-1219.52,0
51.0950,-1054.67,0
51.1000,-1054.67,0
51.1050,-637.01,0
51.1100,-637.01,0
51.1150,-637.01,0
51.1200,-206.47,0
51.1250,-566.42,0
51.1300,-566.42,0
51.1350,-566.42,0
51.1400,-209.11,0
51.1450,-1343.01,0
51.1500,-209.11,0
51.1550,-209.11,0
51.1600,-1115.91,0
51.1650,-713.43,0
51.1700,-713.43,0
51.1750,-713.43,0
51.1800,-713.43,0
51.1850,-713.43,0
51.1900,-1046.16,0
51.1950,-751.56,0
51.2000,-751.56,0
51.2050,-486.57,0
51.2100,-486.57,0
51.2150,-470.96,0
51.2200,-815.49,0
51.2250,-1195.47,0
51.2300,-1195.47,0
51.2350,-1195.47,0
51.2400,-1405.10,0
51.2450,-882.43,0
51.2500,-769.54,0
51.2550,-882.43,0
51.2600,-1085.76,0
51.2650,-1085.76,0
51.2700,-1372.21,0
51.2750,-1171.47,0
51.2800,-1171.47,0
51.2850,-1171.47,0
51.2900,-1567.11,0
51.2950,-1567.11,0
51.3000,-1756.03,0
51.3050,-1756.03,0
51.3100,-2071.25,0
51.3150,-2071.25,0
51.3200,-2071.25,0
51.3250,-2071.25,0
51.3300,-1954.56,0
51.3350,-2440.02,0
51.3400,-2440.02,0
51.3450,-994.23,0
51.3500,-994.23,0
51.3550,-994.23,0
51.3600,-994.23,0
51.3650,-796.61,0
51.3700,-796.61,0
51.3750,-581.48,0
51.3800,-806.56,0
51.3850,-1915.65,0
51.3900,-896.84,0
51.3950,-851.24,0
51.4000,-851.24,0
51.4050,-696.50,0
51.4100,-696.50,0
51.4150,-1756.12,0
51.4200,-896.84,0
51.4250,-440.22,0
51.4300,-2071.26,0
51.4350,-440.22,0
51.4400,-906.09,0
51.4450,-906.09,0
51.4500,-1059.68,0
51.4550,-981.69,0
51.4600,-981.69,0
51.4650,-879.93,0
51.4700,-879.93,0
51.4750,-879.93,0
51.4800,-879.93,0
51.4850,-833.33,0
51.4900,-833.33,0
51.4950,-677.14,0
51.5000,-677.14,0
51.5050,-1021.03,0
51.5100,-1021.03,0
51.5150,-1021.03,0
51.5200,-938.43,0
51.5250,-758.22,0
51.5300,-782.25,0
51.5350,-532.13,0
51.5400,-532.13,0
51.5450,-532.13,0
51.5500,-867.21,0
51.5550,-867.21,0
51.5600,-835.90,0
51.5650,-653.10,0
51.5700,-653.10,0
51.5750,-653.10,0
51.5800,-495.90,0
51.5850,-495.90,0
51.5900,-914.20,0
51.5950,-914.20,0
51.6000,-1772.08,0
51.6050,-1772.08,0
51.6100,-1652.00,0
51.6150,-1652.00,0
51.6200,-2042.04,0
51.6250,-2042.04,0
51.6300,-2417.93,0
51.6350,-2417.93,0
51.6400,-2417.93,0
51.6450,-558.81,0
51.6500,-2216.57,0
51.6550,-2216.57,0
51.6600,-1803.49,0
51.6650,-1662.28,0
51.6700,-1884.35,0
51.6750,-1906.48,0
51.6800,-1906.48,0
51.6850,-1930.60,0
51.6900,-1930.60,0
51.6950,-1930.60,0
51.7000,-1930.60,0
51.7050,-1986.06,0
51.7100,-1986.06,0
51.7150,-1986.06,0
51.7200,-1990.95,0
51.7250,-1990.95,0
51.7300,-1993.12,0
51.7350,-1993.12,0
51.7400,-1970.33,0
51.7450,-1970.33,0
51.7500,-1962.13,0
51.7550,-1986.06,0
51.7600,-1949.23,0
51.7650,-1949.23,0
51.7700,-1920.03,0
51.7750,-1937.57,0
51.7800,-1937.57,0
51.7850,-1821.12,0
51.7900,-1957.51,0
51.7950,-1884.84,0
51.8000,-1989.16,0
51.8050,-1986.91,0
51.8100,-1986.91,0
51.8150,-1987.17,0
51.8200,-1987.17,0
51.8250,-1965.34,0
51.8300,-1965.34,0
51.8350,-1965.34,0
51.8400,-1967.62,0
51.8450,-1967.62,0
51.8500,-1940.85,0
51.8550,-1940.85,0
51.8600,-1941.59,0
51.8650,-1945.06,0
51.8700,-1945.06,0
51.8750,-904.35,0
51.8800,-1948.04,0
51.8850,-1975.38,0
51.8900,-1975.38,0
51.8950,-2147.38,0
51.9000,-2147.38,0
51.9050,-2147.38,0
51.9100,-1936.33,0
51.9150,-1898.21,0
51.9200,-1898.21,0
51.9250,-1987.03,0
51.9300,-2691.81,0
51.9350,-2691.81,0
51.9400,-2681.48,0
51.9450,-2681.48,0
51.9500,-1885.74,0
51.9550,-1885.74,0
51.9600,-2199.02,0
51.9650,-2199.02,0
51.9700,-2137.54,0
51.9750,-2137.54,0
51.9800,-2228.50,0
51.9850,-2230.09,0
51.9900,-2230.09,0
51.9950,-2155.11,0
52.0000,-2155.11,0
52.0050,-2096.12,0
52.0100,-2096.12,0
52.0150,-1920.44,0
52.0200,-1920.44,0
52.0250,-1761.09,0
52.0300,-1761.09,0
52.0350,-1704.42,0
52.0400,-1704.42,0
52.0450,-1793.01,0
52.0500,-1793.01,0
52.0550,-1850.57,0
52.0600,-1850.57,0
52.0650,-1834.68,0
52.0700,-1834.68,0
52.0750,-1834.68,0
52.0800,-1834.68,0
52.0850,-1834.68,0
52.0900,-1834.68,0
52.0950,-1834.68,0
52.1000,-1496.54,0
52.1050,-1496.54,0
52.1100,-1274.20,0
52.1150,-1274.20,0
52.1200,-1493.78,0
52.1250,-1493.78,0
52.1300,-1786.02,0
52.1350,-1274.20,0
52.1400,-2383.25,0
52.1450,-2383.25,0
52.1500,-1882.98,0
52.1550,-2223.76,0
52.1600,-1844.08,0
52.1650,994.37,0
52.1700,994.37,0
52.1750,646.92,0
52.1800,646.92,0
52.1850,646.92,0
52.1900,1061.29,0
52.1950,1061.29,0
52.2000,1275.12,0
52.2050,1903.01,0
52.2100,1903.01,0
52.2150,-1907.92,0
52.2200,-2223.76,0
52.2250,1903.01,0
52.2300,1999.08,0
52.2350,1999.08,0
52.2400,2292.33,0
52.2450,2785.44,0
52.2500,2785.44,0
52.2550,2785.44,0
52.2600,2712.96,0
52.2650,2712.96,0
52.2700,2712.96,0
52.2750,2459.03,0
52.2800,2459.03,0
52.2850,2978.11,0
52.2900,2978.11,0
52.2950,2897.37,0
52.3000,2897.37,0
52.3050,3091.22,0
52.3100,3091.22,0
52.3150,3091.22,0
52.3200,3091.22,0
52.3250,2963.06,0
52.3300,1025.20,0
52.3350,2602.65,0
52.3400,2963.06,0
52.3450,2555.47,0
52.3500,2555.47,0
52.3550,2685.42,0
52.3600,2408.70,0
52.3650,2408.70,0
52.3700,2408.70,0
52.3750,1786.23,0
52.3800,1786.23,0
52.3850,1793.04,0
52.3900,1793.04,0
52.3950,2685.42,0
52.4000,2498.21,0
52.4050,3140.17,0
52.4100,3140.17,0
52.4150,2965.43,0
52.4200,2965.43,0
52.4250,2971.53,0
52.4300,2940.73,0
52.4350,2940.73,0
52.4400,2800.61,0
52.4450,2203.19,0
52.4500,2203.19,0
52.4550,2737.27,0
52.4600,2737.27,0
52.4650,2873.28,0
52.4700,2873.28,0
52.4750,2202.85,0
52.4800,2693.48,0
52.4850,2202.85,0
52.4900,2202.85,0
52.4950,1713.18,0
52.5000,1713.18,0
52.5050,1646.71,0
52.5100,1646.71,0
52.5150,1198.89,0
52.5200,1198.89,0
52.5250,939.83,0
52.5300,939.83,0
52.5350,939.83,0
52.5400,2770.30,0
52.5450,674.99,0
52.5500,674.99,0
52.5550,1032.27,0
52.5600,1032.27,0
52.5650,1064.50,0
52.5700,1713.18,0
52.5750,1679.97,0
52.5800,1679.97,0
52.5850,1701.00,0
52.5900,1701.00,0
52.5950,2009.31,0
52.6000,2231.92,0
52.6050,2231.92,0
52.6100,2654.27,0
52.6150,2711.76,0
52.6200,1836.68,0
52.6250,2687.46,0
52.6300,2979.98,0
52.6350,2979.98,0
52.6400,3215.94,0
52.6450,3215.94,0
52.6500,3047.50,0
52.6550,3047.50,0
52.6600,3047.50,0
52.6650,3047.50,0
52.6700,3650.98,0
52.6750,3650.98,0
52.6800,4216.02,0
52.6850,4216.02,0
52.6900,4053.47,0
52.6950,4053.47,0
52.7000,4638.22,0
52.7050,4638.22,0
52.7100,4968.26,0
52.7150,4968.26,0
52.7200,5213.01,0
52.7250,5213.01,0
52.7300,5637.61,0
52.7350,5637.61,0
52.7400,5673.52,0
52.7450,5673.52,0
52.7500,5673.52,0
52.7550,5673.52,0
52.7600,6197.90,0
52.7650,6197.90,0
52.7700,6024.68,0
52.7750,6024.68,0
52.7800,6663.51,0
52.7850,6663.51,0
52.7900,6940.59,0
52.7950,2945.40,0
52.8000,7181.28,0
52.8050,7181.28,0
52.8100,7181.28,0
52.8150,7181.28,0
52.8200,7604.91,0
52.8250,7604.91,0
52.8300,7911.60,0
52.8350,7911.60,0
52.8400,8183.88,0
52.8450,7181.28,0
52.8500,7249.59,0
52.8550,8572.52,0
52.8600,8635.24,0
52.8650,8635.24,0
52.8700,8635.24,0
52.8750,8635.24,0
52.8800,9159.48,0
52.8850,9159.48,0
52.8900,8955.18,0
52.8950,8955.18,0
52.9000,8955.18,0
52.9050,8955.18,0
52.9100,9577.97,0
52.9150,9577.97,0
52.9200,9176.54,0
52.9250,9176.54,0
52.9300,8939.32,0
52.9350,8939.32,0
52.9400,9567.20,0
52.9450,9567.20,0
52.9500,9782.35,0
52.9550,9782.35,0
52.9600,9592.73,0
52.9650,9613.82,0
52.9700,576.63,0
52.9750,576.63,0
52.9800,607.76,0
52.9850,607.76,0
52.9900,957.88,0
52.9950,957.88,0
53.0000,738.84,0
53.0050,738.84,0
53.0100,458.82,0
53.0150,458.82,0
53.0200,798.47,0
53.0250,798.47,0
53.0300,765.16,0
53.0350,765.16,0
53.0400,9680.43,0
53.0450,31.72,0
53.0500,31.72,0
53.0550,31.72,0
53.0600,780.53,0
53.0650,956.93,0
53.0700,869.37,0
53.0750,869.37,0
53.0800,25.21,0
53.0850,25.21,0
53.0900,25.21,0
53.0950,472.24,0
53.1000,472.24,0
53.1050,786.27,0
53.1100,786.27,0
53.1150,875.67,0
53.1200,875.67,0
53.1250,763.18,0
53.1300,763.18,0
53.1350,489.83,0
53.1400,489.83,0
53.1450,113.97,0
53.1500,774.65,0
53.1550,892.21,0
53.1600,892.21,0
53.1650,787.96,0
53.1700,787.96,0
53.1750,35.85,0
53.1800,35.85,0
53.1850,782.89,0
53.1900,892.15,0
53.1950,892.15,0
53.2000,44.11,0
53.2050,44.11,0
53.2100,44.11,0
53.2150,506.55,0
53.2200,506.55,0
53.2250,506.55,0
53.2300,899.92,0
53.2350,899.92,0
53.2400,899.92,0
53.2450,899.92,0
53.2500,899.92,0
53.2550,26.47,0
53.2600,26.47,0
53.2650,496.09,0
53.2700,777.04,0
53.2750,777.04,0
53.2800,939.75,0
53.2850,770.91,0
53.2900,770.91,0
53.2950,27.92,0
53.3000,113.51,0
53.3050,899.92,0
53.3100,899.24,0
53.3150,899.24,0
53.3200,899.24,0
53.3250,899.24,0
53.3300,990.74,0
53.3350,990.74,0
53.3400,384.00,0
53.3450,1507.62,0
53.3500,1507.62,0
53.3550,1507.62,0
53.3600,1745.84,0
53.3650,1745.84,0
53.3700,385.58,0
53.3750,1900.63,0
53.3800,1559.86,0
53.3850,1559.86,0
53.3900,1559.86,0
53.3950,1559.86,0
53.4000,1559.86,0
53.4050,-1.37,0
53.4100,1848.87,0
53.4150,1923.39,0
53.4200,1923.39,0
53.4250,2464.83,0
53.4300,2464.83,0
53.4350,2490.35,0
53.4400,2490.35,0
53.4450,2490.35,0
53.4500,2490.35,0
53.4550,1331.87,0
53.4600,1331.87,0
53.4650,1356.21,0
53.4700,1356.21,0
53.4750,2573.92,0
53.4800,2573.92,0
53.4850,2758.95,0
53.4900,2758.95,0
53.4950,3332.26,0
53.5000,3332.26,0
53.5050,2464.83,0
53.5100,2777.32,0
53.5150,2777.32,0
53.5200,2777.32,0
53.5250,2869.49,0
53.5300,2869.49,0
53.5350,3285.60,0
53.5400,3090.24,0
53.5450,3271.36,0
53.5500,3271.36,0
53.5550,3207.31,0
53.5600,3207.31,0
53.5650,3207.31,0
53.5700,3207.31,0
53.5750,4318.61,0
53.5800,4044.96,0
53.5850,4219.71,0
53.5900,4219.71,0
53.5950,4158.27,0
53.6000,4158.27,0
53.6050,4550.28,0
53.6100,4550.28,0
53.6150,4710.24,0
53.6200,4710.24,0
53.6250,4867.50,0
53.6300,4867.50,0
53.6350,4688.55,0
53.6400,4653.28,0
53.6450,4653.28,0
53.6500,4778.61,0
53.6550,4778.61,0
53.6600,4778.61,0
53.6650,4585.80,0
53.6700,4740.88,0
53.6750,4740.88,0
53.6800,4798.26,0
53.6850,4798.26,0
53.6900,4923.54,0
53.6950,4923.54,0
53.7000,4923.54,0
53.7050,4923.54,0
53.7100,4887.51,0
53.7150,4887.51,0
53.7200,4956.42,0
53.7250,4956.42,0
53.7300,4209.95,0
53.7350,4910.00,0
53.7400,4963.54,0
53.7450,4963.54,0
53.7500,4991.69,0
53.7550,4991.69,0
53.7600,4693.94,0
53.7650,4971.38,0
53.7700,4578.04,0
53.7750,4513.42,0
53.7800,4513.42,0
53.7850,4513.42,0
53.7900,180.25,0
53.7950,180.25,0
53.8000,139.75,0
53.8050,139.75,0
53.8100,4892.24,0
53.8150,88.79,0
53.8200,88.79,0
53.8250,93.13,0
53.8300,93.13,0
53.8350,93.13,0
53.8400,4254.02,0
53.8450,43.62,0
53.8500,48.96,0
53.8550,48.96,0
53.8600,-26.00,0
53.8650,-26.00,0
53.8700,-26.00,0
53.8750,-26.00,0
53.8800,4764.11,0
53.8850,63.40,0
53.8900,63.40,0
53.8950,187.53,0
53.9000,187.53,0
53.9050,716.80,0
53.9100,716.80,0
53.9150,716.80,0
53.9200,531.59,0
53.9250,531.59,0
53.9300,1230.24,0
53.9350,1230.24,0
53.9400,1033.07,0
53.9450,1033.07,0
53.9500,1412.03,0
53.9550,1412.03,0
53.9600,497.99,0
53.9650,1135.33,0
53.9700,1135.33,0
53.9750,1135.33,0
53.9800,1135.33,0
53.9850,1135.33,0
53.9900,1320.68,0
53.9950,1320.68,0
54.0000,800.68,0
54.0050,800.68,0
54.0100,800.68,0
54.0150,215.11,0
54.0200,215.11,0
54.0250,215.11,0
54.0300,-103.36,0
54.0350,-103.36,0
54.0400,-103.36,0
54.0450,-103.36,0
54.0500,-654.32,0
54.0550,-1033.47,0
54.0600,-1033.47,0
54.0650,-1033.47,0
54.0700,-1759.13,0
54.0750,-1759.13,0
54.0800,-1813.96,0
54.0850,-1813.96,0
54.0900,-1813.96,0
54.0950,461.49,0
54.1000,-1821.26,0
54.1050,-1821.26,0
54.1100,-623.00,0
54.1150,-1800.70,0
54.1200,-1800.70,0
54.1250,-1765.31,0
54.1300,-1855.93,0
54.1350,-1855.93,0
54.1400,-1855.93,0
54.1450,-1855.93,0
54.1500,-1855.93,0
54.1550,-1855.93,0
54.1600,-1877.37,0
54.1650,-1881.76,0
54.1700,-1881.76,0
54.1750,251.66,0
54.1800,-1917.21,0
54.1850,-1926.48,0
54.1900,-1926.48,0
54.1950,-1811.50,0
54.2000,-1811.50,0
54.2050,-1893.65,0
54.2100,-1887.95,0
54.2150,-1867.10,0
54.2200,-1867.10,0
54.2250,-1924.58,0
54.2300,-1924.58,0
54.2350,-2095.08,0
54.2400,-2095.08,0
54.2450,-2095.08,0
54.2500,-2327.24,0
54.2550,-2327.24,0
54.2600,-2327.24,0
54.2650,-2327.24,0
54.2700,-2291.51,0
54.2750,-1878.21,0
54.2800,-2362.64,0
54.2850,-2362.64,0
54.2900,-1788.69,0
54.2950,-1788.69,0
54.3000,-1693.69,0
54.3050,-1894.63,0
54.3100,-1446.98,0
54.3150,-1788.69,0
54.3200,-1809.94,0
54.3250,-2182.71,0
54.3300,-1529.55,0
54.3350,-1854.75,0
54.3400,-1854.75,0
54.3450,-1446.33,0
54.3500,-1446.33,0
54.3550,-1911.51,0
54.3600,-1911.51,0
54.3650,-1911.51,0
54.3700,-2446.72,0
54.3750,-2387.68,0
54.3800,-2446.72,0
54.3850,-2497.60,0
54.3900,-2497.60,0
54.3950,-2859.95,0
54.4000,-2859.95,0
54.4050,-2859.95,0
54.4100,-3652.07,0
54.4150,-2735.18,0
54.4200,-3882.10,0
54.4250,-3882.10,0
54.4300,-3882.10,0
54.4350,-3882.10,0
54.4400,-3857.06,0
54.4450,-3857.06,0
54.4500,-3610.33,0
54.4550,-3610.33,0
54.4600,-3610.33,0
54.4650,-3610.33,0
54.4700,-3984.24,0
54.4750,-2751.21,0
54.4800,-4008.88,0
54.4850,-1529.01,0
54.4900,-5687.72,0
54.4950,-5687.72,0
54.5000,-5687.72,0
54.5050,-5687.72,0
54.5100,-5687.72,0
54.5150,-5569.61,0
54.5200,-5569.61,0
54.5250,-5569.61,0
54.5300,-5593.30,0
54.5350,-3956.79,0
54.5400,-5972.21,0
54.5450,-5972.21,0
54.5500,-5972.21,0
54.5550,-5972.21,0
54.5600,-3620.52,0
54.5650,-5875.99,0
54.5700,-5596.57,0
54.5750,-5596.57,0
54.5800,-3088.97,0
54.5850,-5996.51,0
54.5900,-5724.82,0
54.5950,-5539.55,0
54.6000,-5059.76,0
54.6050,-632.45,0
54.6100,-632.45,0
54.6150,-969.10,0
54.6200,-969.10,0
54.6250,-3533.54,0
54.6300,-1348.26,0
54.6350,-1348.26,0
54.6400,-826.91,0
54.6450,-826.91,0
54.6500,-537.58,0
54.6550,-5874.54,0
54.6600,-537.58,0
54.6650,-537.58,0
54.6700,-879.01,0
54.6750,-879.01,0
54.6800,-620.87,0
54.6850,-620.87,0
54.6900,-339.77,0
54.6950,-339.77,0
54.7000,-962.37,0
54.7050,-962.37,0
54.7100,-790.55,0
54.7150,-790.55,0
54.7200,-676.22,0
54.7250,-676.22,0
54.7300,-1023.63,0
54.7350,-2002.37,0
54.7400,-629.83,0
54.7450,-2002.37,0
54.7500,-1764.43,0
54.7550,-462.21,0
54.7600,-1569.40,0
54.7650,-1125.15,0
54.7700,-1125.15,0
54.7750,-1125.15,0
54.7800,-1125.15,0
54.7850,-1125.15,0
54.7900,-1125.15,0
54.7950,-1125.15,0
54.8000,-1975.42,0
54.8050,-1975.42,0
54.8100,-1249.13,0
54.8150,-1249.13,0
54.8200,-2025.96,0
54.8250,-1287.26,0
54.8300,-2025.96,0
54.8350,-1034.90,0
54.8400,-1570.48,0
54.8450,-1168.44,0
54.8500,-1168.44,0
54.8550,-2036.18,0
54.8600,-2036.18,0
54.8650,-2036.18,0
54.8700,-2036.18,0
54.8750,-1771.38,0
54.8800,-1771.38,0
54.8850,-1204.82,0
54.8900,-1391.45,0
54.8950,-1466.42,0
54.9000,-1391.45,0
54.9050,-1391.45,0
54.9100,-1391.45,0
54.9150,-1391.45,0
54.9200,-1673.41,0
54.9250,-1673.41,0
54.9300,-803.47,0
54.9350,-803.47,0
54.9400,-1416.77,0
54.9450,-1416.77,0
54.9500,-781.92,0
54.9550,-781.92,0
54.9600,-793.26,0
54.9650,-793.26,0
54.9700,-990.85,0
54.9750,-990.85,0
54.9800,-372.14,0
54.9850,-372.14,0
54.9900,-372.14,0
54.9950,33.52,0
55.0000,33.52,0
55.0050,78.76,0
55.0100,78.76,0
55.0150,-253.18,0
55.0200,-253.18,0
55.0250,-253.18,0
55.0300,-253.18,0
55.0350,-307.16,0
55.0400,-307.16,0
55.0450,-307.16,0
55.0500,-307.16,0
55.0550,-307.16,0
55.0600,-307.16,0
55.0650,78.76,0
55.0700,-9.12,0
55.0750,19.35,0
55.0800,19.35,0
55.0850,248.82,0
55.0900,248.82,0
55.0950,-501.29,0
55.1000,110.58,0
55.1050,-274.51,0
55.1100,-274.51,0
55.1150,-175.56,0
55.1200,-175.56,0
55.1250,-520.95,0
55.1300,-551.51,0
55.1350,-551.51,0
55.1400,171.35,0
55.1450,171.35,0
55.1500,171.35,0
55.1550,12.86,0
55.1600,87.91,0
55.1650,87.91,0
55.1700,-63.50,0
55.1750,-63.50,0
55.1800,12.86,0
55.1850,56.77,0
55.1900,56.77,0
55.1950,56.77,0
55.2000,56.77,0
55.2050,-59.74,0
55.2100,-59.74,0
55.2150,-111.34,0
55.2200,14.01,0
55.2250,14.01,0
55.2300,14.01,0
55.2350,14.01,0
55.2400,14.01,0
55.2450,-111.34,0
55.2500,-40.85,0
55.2550,-109.09,0
55.2600,-64.03,0
55.2650,-64.03,0
55.2700,86.31,0
55.2750,86.31,0
55.2800,86.31,0
55.2850,86.31,0
55.2900,106.28,0
55.2950,-162.79,0
55.3000,-597.93,0
55.3050,-597.93,0
55.3100,30.08,0
55.3150,92.58,0
55.3200,-241.39,0
55.3250,-74.05,0
55.3300,-74.05,0
55.3350,-74.05,0
55.3400,-74.05,0
55.3450,-872.66,0
55.3500,-872.66,1
55.3550,-231.13,0
55.3600,-231.13,0
55.3650,45.82,0
55.3700,45.82,0
55.3750,-532.08,0
55.3800,-532.08,0
55.3850,-532.08,0
55.3900,-532.08,0
55.3950,-532.08,0
55.4000,-134.12,0
55.4050,-134.12,0
55.4100,169.04,0
55.4150,969.37,0
55.4200,969.37,0
55.4250,561.54,0
55.4300,561.54,0
55.4350,561.54,0
55.4400,561.54,0
55.4450,898.36,0
55.4500,898.36,0
55.4550,-47.01,0
55.4600,271.23,0
55.4650,89.32,0
55.4700,89.32,0
55.4750,1024.58,0
55.4800,1024.58,0
55.4850,1278.71,0
55.4900,1278.71,0
55.4950,373.87,0
55.5000,1278.71,0
55.5050,1223.91,0
55.5100,1223.91,0
55.5150,828.68,0
55.5200,828.68,0
55.5250,1104.80,0
55.5300,1104.80,0
55.5350,916.06,0
55.5400,916.06,0
55.5450,916.06,0
55.5500,916.06,0
55.5550,281.87,0
55.5600,281.87,0
55.5650,997.25,0
55.5700,561.64,0
55.5750,732.95,0
55.5800,732.95,0
55.5850,695.29,0
55.5900,695.29,0
55.5950,1352.56,0
55.6000,547.45,0
55.6050,547.45,0
55.6100,720.56,0
55.6150,598.08,0
55.6200,766.51,0
55.6250,766.51,0
55.6300,484.14,0
55.6350,484.14,0
55.6400,484.14,0
55.6450,484.14,0
55.6500,877.07,0
55.6550,877.07,0
55.6600,877.07,0
55.6650,857.91,0
55.6700,1477.73,0
55.6750,1477.73,0
55.6800,1477.73,0
55.6850,1055.92,0
55.6900,1477.73,0
55.6950,1613.55,0
55.7000,1613.55,0
55.7050,1812.74,0
55.7100,1812.74,0
55.7150,1812.74,0
55.7200,1812.74,0
55.7250,1192.04,0
55.7300,1192.04,0
55.7350,530.68,0
55.7400,1192.04,0
55.7450,691.77,0
55.7500,1060.58,0
55.7550,1060.58,0
55.7600,1060.58,0
55.7650,1060.58,0
55.7700,741.63,0
55.7750,741.63,0
55.7800,1192.04,0
55.7850,624.74,0
55.7900,850.43,0
55.7950,1002.66,0
55.8000,1552.67,0
55.8050,861.24,0
55.8100,1552.67,0
55.8150,1552.67,0
55.8200,1552.67,0
55.8250,1552.67,0
55.8300,739.73,0
55.8350,739.73,0
55.8400,752.45,0
55.8450,752.45,0
55.8500,903.71,0
55.8550,903.71,0
55.8600,903.71,0
55.8650,903.71,0
55.8700,1031.66,0
55.8750,1031.66,0
55.8800,1269.85,0
55.8850,1588.83,0
55.8900,975.44,0
55.8950,742.15,0
55.9000,975.44,0
55.9050,975.44,0
55.9100,1059.12,0
55.9150,1059.12,0
55.9200,1059.12,0
55.9250,1191.95,0
55.9300,1090.04,0
55.9350,1191.95,0
55.9400,912.64,0
55.9450,912.64,0
55.9500,1345.19,0
55.9550,611.82,0
55.9600,927.86,0
55.9650,927.86,0
55.9700,863.86,0
55.9750,863.86,0
55.9800,1458.81,0
55.9850,1458.81,0
55.9900,1478.73,0
55.9950,1478.73,0
56.0000,1478.73,0
56.0050,1411.23,0
56.0100,1324.44,0
56.0150,2816.69,0
56.0200,3827.77,0
56.0250,1509.55,0
56.0300,3827.77,0
56.0350,3827.77,0
56.0400,4670.63,0
56.0450,4670.63,0
56.0500,5185.51,0
56.0550,5185.51,0
56.0600,6142.46,0
56.0650,6142.46,0
56.0700,5950.02,0
56.0750,5950.02,0
56.0800,6831.15,0
56.0850,6831.15,0
56.0900,7513.33,0
56.0950,7513.33,0
56.1000,8004.43,0
56.1050,8004.43,0
56.1100,7602.22,0
56.1150,833.59,0
56.1200,7979.01,0
56.1250,7979.01,0
56.1300,8263.76,0
56.1350,8263.76,0
56.1400,8158.61,0
56.1450,8158.61,0
56.1500,8158.61,0
56.1550,8181.21,0
56.1600,8158.61,0
56.1650,7848.54,0
56.1700,5185.42,0
56.1750,8757.87,0
56.1800,8757.87,0
56.1850,8757.87,0
56.1900,8757.87,0
56.1950,9026.28,0
56.2000,9026.28,0
56.2050,8263.76,0
56.2100,9034.14,0
56.2150,6040.61,0
56.2200,7549.36,0
56.2250,7549.36,0
56.2300,7549.36,0
56.2350,7549.36,0
56.2400,-91.10,0
56.2450,-91.10,0
56.2500,322.11,0
56.2550,-138.52,0
56.2600,241.27,0
56.2650,241.27,0
56.2700,326.41,0
56.2750,326.41,0
56.2800,89.73,0
56.2850,-164.68,0
56.2900,-164.68,0
56.2950,126.60,0
56.3000,126.60,0
56.3050,126.60,0
56.3100,496.09,0
56.3150,287.56,0
56.3200,287.56,0
56.3250,259.77,0
56.3300,259.77,0
56.3350,705.35,0
56.3400,705.35,0
56.3450,732.73,0
56.3500,732.73,0
56.3550,721.78,0
56.3600,721.78,0
56.3650,369.11,0
56.3700,369.11,0
56.3750,36.17,0
56.3800,36.17,0
56.3850,345.59,0
56.3900,821.88,0
56.3950,943.87,0
56.4000,943.87,0
56.4050,539.38,0
56.4100,539.38,0
56.4150,486.22,0
56.4200,486.22,0
56.4250,10.46,0
56.4300,645.37,0
56.4350,-872.40,0
56.4400,-872.40,0
56.4450,-872.40,0
56.4500,-872.40,0
56.4550,-872.40,0
56.4600,-872.40,0
56.4650,-760.71,0
56.4700,-760.71,0
56.4750,-839.61,0
56.4800,-839.61,0
56.4850,-723.20,0
56.4900,-723.20,0
56.4950,-759.27,0
56.5000,-584.29,0
56.5050,-799.55,0
56.5100,-799.55,0
56.5150,-678.95,0
56.5200,-678.95,0
56.5250,-592.75,0
56.5300,-592.75,0
56.5350,-592.75,0
56.5400,-592.75,0
56.5450,-953.45,0
56.5500,347.24,0
56.5550,-1787.93,0
56.5600,-1787.93,0
56.5650,-1427.84,0
56.5700,-1427.84,0
56.5750,-1427.84,0
56.5800,-1427.84,0
56.5850,-1169.40,0
56.5900,-1169.40,0
56.5950,440.83,0
56.6000,-2165.51,0
56.6050,-1992.39,0
56.6100,-1992.39,0
56.6150,-1904.86,0
56.6200,-1904.86,0
56.6250,-1904.86,0
56.6300,-1904.86,0
56.6350,-1904.86,0
56.6400,-1904.86,0
56.6450,-1988.33,0
56.6500,-1988.33,0
56.6550,-1779.74,0
56.6600,-1779.74,0
56.6650,-1541.83,0
56.6700,-1541.83,0
56.6750,-1355.92,0
56.6800,-1355.92,0
56.6850,-931.63,0
56.6900,-1988.33,0
56.6950,-956.71,0
56.7000,-931.63,0
56.7050,-1972.50,0
56.7100,-931.63,0
56.7150,-931.63,0
56.7200,-931.63,0
56.7250,-970.59,0
56.7300,-970.59,0
56.7350,-904.54,0
56.7400,-904.54,0
56.7450,-904.54,0
56.7500,-904.54,0
56.7550,-904.54,0
56.7600,-904.54,0
56.7650,-826.00,0
56.7700,-826.00,0
56.7750,-760.65,0
56.7800,-760.65,0
56.7850,-897.04,0
56.7900,-897.04,0
56.7950,-870.09,0
56.8000,-870.09,0
56.8050,-896.92,0
56.8100,-896.92,0
56.8150,-896.92,0
56.8200,-896.92,0
56.8250,-927.30,0
56.8300,-927.30,0
56.8350,-891.93,0
56.8400,-891.93,0
56.8450,-877.50,0
56.8500,-825.41,0
56.8550,-870.08,0
56.8600,-829.14,0
56.8650,-865.64,0
56.8700,-865.64,0
56.8750,-907.84,0
56.8800,-907.84,0
56.8850,-1005.29,0
56.8900,-1005.29,0
56.8950,-1005.29,0
56.9000,-1005.29,0
56.9050,-1111.66,0
56.9100,-1111.66,0
56.9150,-762.02,0
56.9200,-1037.69,0
56.9250,-774.99,0
56.9300,-1100.73,0
56.9350,-1100.73,0
56.9400,-876.41,0
56.9450,-710.81,0
56.9500,-710.81,0
56.9550,-729.27,0
56.9600,-729.27,0
56.9650,-735.68,0
56.9700,-735.68,0
56.9750,-735.68,0
56.9800,-871.07,0
56.9850,-871.07,0
56.9900,-871.07,0
56.9950,-836.09,0
57.0000,-836.09,0
57.0050,-836.09,0
57.0100,-1100.73,0
57.0150,-796.18,0
57.0200,-796.18,0
57.0250,-651.36,0
57.0300,-1046.60,0
57.0350,-1460.17,0
57.0400,-1460.17,0
57.0450,462.37,0
57.0500,462.37,0
57.0550,462.37,0
57.0600,199.69,0
57.0650,-385.10,0
57.0700,-385.10,0
57.0750,-1045.25,0
57.0800,-891.07,0
57.0850,-385.10,0
57.0900,-385.10,0
57.0950,-385.10,0
57.1000,735.88,0
57.1050,735.88,0
57.1100,274.97,0
57.1150,274.97,0
57.1200,274.97,0
57.1250,274.97,0
57.1300,127.41,0
57.1350,63.95,0
57.1400,881.08,0
57.1450,-652.14,0
57.1500,63.95,0
57.1550,63.95,0
57.1600,274.97,0
57.1650,63.95,0
57.1700,63.95,0
57.1750,63.95,0
57.1800,-18.21,0
57.1850,-18.21,0
57.1900,-744.40,0
57.1950,-744.40,0
57.2000,-728.42,0
57.2050,-728.42,0
57.2100,-728.42,0
57.2150,754.66,0
57.2200,-1431.68,0
57.2250,-1431.68,0
57.2300,-1725.37,0
57.2350,-1725.37,0
57.2400,-1758.10,0
57.2450,-1569.11,0
57.2500,-1569.11,0
57.2550,-1569.11,0
57.2600,310.24,0
57.2650,-1285.45,0
57.2700,-659.51,0
57.2750,-26.25,0
57.2800,-1488.20,0
57.2850,-1488.20,0
57.2900,-867.16,0
57.2950,-867.16,0
57.3000,-1008.38,0
57.3050,-858.51,0
57.3100,-858.51,0
57.3150,-821.44,0
57.3200,-821.44,0
57.3250,-821.44,0
57.3300,-782.59,0
57.3350,-782.59,0
57.3400,-649.06,0
57.3450,-649.06,0
57.3500,-649.06,0
57.3550,-209.65,0
57.3600,-209.65,0
57.3650,-209.65,0
57.3700,1189.82,0
57.3750,1189.82,0
57.3800,1307.81,0
57.3850,1307.81,0
57.3900,1067.49,0
57.3950,1067.49,0
57.4000,1165.52,0
57.4050,1165.52,0
57.4100,-209.65,0
57.4150,895.31,0
57.4200,895.31,0
57.4250,957.40,0
57.4300,957.40,0
57.4350,957.40,0
57.4400,957.40,0
57.4450,957.40,0
57.4500,932.32,0
57.4550,976.73,0
57.4600,976.73,0
57.4650,976.73,0
57.4700,976.73,0
57.4750,976.73,0
57.4800,-1032.36,0
57.4850,1217.28,0
57.4900,114.85,0
57.4950,777.22,0
57.5000,777.22,0
57.5050,253.08,0
57.5100,253.08,0
57.5150,-302.25,0
57.5200,976.27,0
57.5250,-713.43,0
57.5300,-713.43,0
57.5350,-713.43,0
57.5400,-713.43,0
57.5450,-387.18,0
57.5500,-387.18,0
57.5550,-1429.63,0
57.5600,-1429.63,0
57.5650,-1639.35,0
57.5700,1321.87,0
57.5750,-1375.51,0
57.5800,-1375.51,0
57.5850,971.17,0
57.5900,-1375.51,0
57.5950,-815.01,0
57.6000,-815.01,0
57.6050,-349.50,0
57.6100,-349.50,0
57.6150,-349.50,0
57.6200,-349.50,0
57.6250,-310.40,0
57.6300,-310.40,0
57.6350,-741.60,0
57.6400,-618.97,0
57.6450,-1329.85,0
57.6500,-1329.85,0
57.6550,-1329.85,0
57.6600,-1375.50,0
57.6650,-847.33,0
57.6700,-847.33,0
57.6750,-756.39,0
57.6800,-756.39,0
57.6850,-62.93,0
57.6900,-62.93,0
57.6950,-631.62,0
57.7000,-631.62,0
57.7050,-631.62,0
57.7100,-631.62,0
57.7150,-631.62,0
57.7200,-1120.78,0
57.7250,-631.62,0
57.7300,-284.24,0
57.7350,-284.24,0
57.7400,-86.83,0
57.7450,-823.97,0
57.7500,-108.49,0
57.7550,-108.49,0
57.7600,-77.98,0
57.7650,-77.98,0
57.7700,-128.25,0
57.7750,-128.25,0
57.7800,-98.40,0
57.7850,-98.40,0
57.7900,-18.66,0
57.7950,-18.66,0
57.8000,-18.66,0
57.8050,-18.66,0
57.8100,-18.66,0
57.8150,-576.34,0
57.8200,-576.34,0
57.8250,154.69,0
57.8300,154.69,0
57.8350,236.38,0
57.8400,236.38,0
57.8450,928.29,0
57.8500,-77.98,0
57.8550,-283.99,0
57.8600,-283.99,0
57.8650,-283.99,0
57.8700,-283.99,0
57.8750,515.21,0
57.8800,515.21,0
57.8850,515.21,0
57.8900,515.21,0
57.8950,-712.03,0
57.9000,-712.03,0
57.9050,-885.28,0
57.9100,-885.28,0
57.9150,-967.53,0
57.9200,464.08,0
57.9250,-670.15,0
57.9300,-670.15,0
57.9350,-670.15,0
57.9400,-670.15,0
57.9450,-785.66,0
57.9500,-1083.35,0
57.9550,-1691.05,0
57.9600,-1691.05,0
57.9650,-1690.05,0
57.9700,-1668.44,0
57.9750,-1463.91,0
57.9800,-1463.91,0
57.9850,-1463.91,0
57.9900,-859.01,0
57.9950,-884.43,0
58.0000,-884.43,0
58.0050,-1524.58,0
58.0100,-1083.35,0
58.0150,-1500.32,0
58.0200,-1500.32,0
58.0250,-1175.54,0
58.0300,-1691.05,0
58.0350,-1392.08,0
58.0400,-1392.08,0
58.0450,-1392.08,0
58.0500,-1282.30,0
58.0550,-1282.30,0
58.0600,-1722.78,0
58.0650,-1722.78,0
58.0700,-1722.78,0
58.0750,-1261.79,0
58.0800,-1261.79,0
58.0850,-1261.79,0
58.0900,-1500.32,0
58.0950,-1251.97,0
58.1000,-1648.45,0
58.1050,-1609.18,0
58.1100,-1634.55,0
58.1150,-1634.55,0
58.1200,-2432.59,0
58.1250,-2432.59,0
58.1300,-2291.27,0
58.1350,-2291.27,0
58.1400,-2946.85,0
58.1450,-1648.45,0
58.1500,-2946.85,0
58.1550,-2946.85,0
58.1600,-2946.85,0
58.1650,-2946.85,0
58.1700,-2677.01,0
58.1750,-2946.85,0
58.1800,-2356.86,0
58.1850,-2677.78,0
58.1900,-2097.68,0
58.1950,-2097.68,0
58.2000,-2097.68,0
58.2050,-2115.98,0
58.2100,-2115.98,0
58.2150,-2721.03,0
58.2200,-1415.35,0
58.2250,-3349.39,0
58.2300,-3349.39,0
58.2350,-3336.66,0
58.2400,-3336.66,0
58.2450,-3336.66,0
58.2500,-3203.74,0
58.2550,-2178.92,0
58.2600,-2178.92,0
58.2650,-2116.70,0
58.2700,-2116.70,0
58.2750,-2116.70,0
58.2800,-2116.70,0
58.2850,-2116.70,0
58.2900,-1990.79,0
58.2950,-1990.79,0
58.3000,-2056.41,0
58.3050,-2056.41,0
58.3100,-2038.27,0
58.3150,-2038.27,0
58.3200,-1900.18,0
58.3250,-1900.18,0
58.3300,-1900.18,0
58.3350,-1900.18,0
58.3400,-1900.18,0
58.3450,-1900.18,0
58.3500,-2130.68,0
58.3550,-2581.23,0
58.3600,-2166.75,0
58.3650,-2159.66,0
58.3700,-2166.75,0
58.3750,-2543.68,0
58.3800,-1903.48,0
58.3850,-2586.79,0
58.3900,-2586.79,0
58.3950,-2955.38,0
58.4000,-2955.38,0
58.4050,-2955.38,0
58.4100,-2955.38,0
58.4150,-1979.47,0
58.4200,-2955.38,0
58.4250,-2955.38,0
58.4300,-2955.38,0
58.4350,-3495.28,0
58.4400,-3495.28,0
58.4450,-4195.52,0
58.4500,-1901.04,0
58.4550,-4195.52,0
58.4600,-3908.25,0
58.4650,-4247.95,0
58.4700,-4247.95,0
58.4750,-4247.95,0
58.4800,-4140.51,0
58.4850,-4140.51,0
58.4900,-3785.85,0
58.4950,-3785.85,0
58.5000,-3785.85,0
58.5050,-3785.85,0
58.5100,-3785.85,0
58.5150,-3785.85,0
58.5200,-1974.64,0
58.5250,-3371.28,0
58.5300,-3371.28,0
58.5350,-3371.28,0
58.5400,-3087.30,0
58.5450,-2573.98,0
58.5500,-2573.98,0
58.5550,-1012.52,0
58.5600,-2279.43,0
58.5650,-2457.60,0
58.5700,-2457.60,0
58.5750,-2602.47,0
58.5800,-2602.47,0
58.5850,-2213.09,0
58.5900,-2213.09,0
58.5950,-2213.09,0
58.6000,-2213.09,0
58.6050,-2213.09,0
58.6100,-2213.09,0
58.6150,-2620.65,0
58.6200,-2620.65,0
58.6250,-2926.94,0
58.6300,-2926.94,0
58.6350,-2967.02,0
58.6400,-2967.02,0
58.6450,-2967.02,0
58.6500,-4079.92,0
58.6550,-2967.02,0
58.6600,-2967.02,0
58.6650,-2457.78,0
58.6700,-2457.78,0
58.6750,299.52,0
58.6800,299.52,0
58.6850,328.86,0
58.6900,-2457.36,0
58.6950,390.62,0
58.7000,390.62,0
58.7050,284.75,0
58.7100,284.75,0
58.7150,503.05,0
58.7200,503.05,0
58.7250,405.00,0
58.7300,-2457.78,0
58.7350,-3124.95,0
58.7400,279.87,0
58.7450,279.87,0
58.7500,279.87,0
58.7550,229.63,0
58.7600,229.63,0
58.7650,318.55,0
58.7700,318.55,0
58.7750,-2006.84,0
58.7800,318.55,0
58.7850,318.55,0
58.7900,318.55,0
58.7950,394.62,0
58.8000,394.62,0
58.8050,394.62,0
58.8100,333.52,0
58.8150,333.52,0
58.8200,181.84,0
58.8250,329.08,0
58.8300,333.52,0
58.8350,385.36,0
58.8400,385.36,0
58.8450,166.86,0
58.8500,166.86,0
58.8550,166.86,0
58.8600,186.12,0
58.8650,186.12,0
58.8700,186.12,0
58.8750,186.12,0
58.8800,173.48,0
58.8850,185.28,0
58.8900,185.28,0
58.8950,185.28,0
58.9000,12.92,0
58.9050,209.41,0
58.9100,330.72,0
58.9150,-59.36,0
58.9200,-59.36,0
58.9250,-59.36,0
58.9300,-91.55,0
58.9350,-91.55,0
58.9400,-147.32,0
58.9450,171.90,0
58.9500,-147.32,0
58.9550,-147.32,0
58.9600,-147.32,0
58.9650,277.31,0
58.9700,34.81,0
58.9750,410.67,0
58.9800,340.57,0
58.9850,20.32,0
58.9900,20.32,0
58.9950,20.32,0
59.0000,110.29,0
59.0050,419.06,0
59.0100,419.06,0
59.0150,419.06,0
59.0200,419.06,0
59.0250,501.11,0
59.0300,20.32,0
59.0350,736.82,0
59.0400,736.82,0
59.0450,736.82,0
59.0500,736.82,0
59.0550,736.82,0
59.0600,736.82,0
59.0650,736.82,0
59.0700,736.82,0
59.0750,1095.88,0
59.0800,270.71,0
59.0850,270.71,0
59.0900,366.28,0
59.0950,366.28,0
59.1000,408.69,0
59.1050,408.69,0
59.1100,838.16,0
59.1150,838.16,0
59.1200,838.16,0
59.1250,838.16,0
59.1300,157.89,0
59.1350,501.11,0
59.1400,303.74,0
59.1450,303.74,0
59.1500,305.71,0
59.1550,305.71,0
59.1600,-109.52,0
59.1650,305.71,0
59.1700,-109.52,0
59.1750,-109.52,0
59.1800,14.93,0
59.1850,14.93,0
59.1900,142.85,0
59.1950,385.01,0
59.2000,924.71,0
59.2050,924.71,0
59.2100,512.48,0
59.2150,512.48,0
59.2200,512.48,0
59.2250,512.48,0
59.2300,783.15,0
59.2350,783.15,0
59.2400,783.15,0
59.2450,955.63,0
59.2500,273.22,0
59.2550,1004.42,0
59.2600,1004.42,0
59.2650,693.31,0
59.2700,1004.42,0
59.2750,1073.99,0
59.2800,1073.99,0
59.2850,1011.68,0
59.2900,1011.68,0
59.2950,15.01,0
59.3000,1017.72,0
59.3050,1017.72,0
59.3100,1017.72,0
59.3150,1017.72,0
59.3200,818.59,0
59.3250,1017.72,0
59.3300,1017.72,0
59.3350,1025.29,0
59.3400,1025.29,0
59.3450,1097.44,0
59.3500,1097.44,0
59.3550,1131.98,0
59.3600,1131.98,0
59.3650,1131.98,0
59.3700,1131.98,0
59.3750,1129.78,0
59.3800,817.00,0
59.3850,1087.63,0
59.3900,1087.63,0
59.3950,996.67,0
59.4000,996.67,0
59.4050,1011.76,0
59.4100,931.36,0
59.4150,906.36,0
59.4200,906.36,0
59.4250,926.68,0
59.4300,926.68,0
59.4350,1061.71,0
59.4400,925.12,0
59.4450,1093.71,0
59.4500,1093.71,0
59.4550,1024.94,0
59.4600,1024.94,0
59.4650,1122.59,0
59.4700,1122.59,0
59.4750,1119.87,0
59.4800,1119.87,0
59.4850,841.75,0
59.4900,841.75,0
59.4950,211.08,0
59.5000,211.08,0
59.5050,211.08,0
59.5100,1024.94,0
59.5150,-484.00,0
59.5200,-484.00,0
59.5250,-918.65,0
59.5300,-918.65,0
59.5350,-918.65,0
59.5400,-918.65,0
59.5450,-918.65,0
59.5500,-918.65,0
59.5550,-1662.06,0
59.5600,-1662.06,0
59.5650,-2135.18,0
59.5700,-2135.18,0
59.5750,-1502.67,0
59.5800,-1502.67,0
59.5850,-1634.53,0
59.5900,-1634.53,0
59.5950,-1634.53,0
59.6000,-1634.53,0
59.6050,-1317.67,0
59.6100,-2230.68,0
59.6150,-1087.50,0
59.6200,-1634.53,0
59.6250,-973.29,0
59.6300,-973.29,0
59.6350,-980.56,0
59.6400,-980.56,0
59.6450,-980.56,0
59.6500,-992.13,0
59.6550,-992.13,0
59.6600,-1634.53,0
59.6650,-1055.58,0
59.6700,-1021.02,0
59.6750,-1021.02,0
59.6800,-873.21,0
59.6850,-873.21,0
59.6900,-873.21,0
59.6950,-873.21,0
59.7000,-926.29,0
59.7050,-926.29,0
59.7100,-886.73,0
59.7150,-920.92,0
59.7200,-920.92,0
59.7250,-1179.02,0
59.7300,-1179.02,0
59.7350,-1133.32,0
59.7400,-1133.32,0
59.7450,-1151.91,0
59.7500,-1151.91,0
59.7550,-1058.91,0
59.7600,-1058.91,0
59.7650,-1133.32,0
59.7700,-1058.91,0
59.7750,-1058.91,0
59.7800,-1058.91,0
59.7850,-2601.21,0
59.7900,-2601.21,0
59.7950,-2941.02,0
59.8000,-2941.02,0
59.8050,-2475.42,0
59.8100,-2475.42,0
59.8150,-1001.82,0
59.8200,-2391.37,0
59.8250,-1968.60,0
59.8300,-1968.60,0
59.8350,-1968.60,0
59.8400,-1968.60,0
59.8450,-1850.81,0
59.8500,-1850.81,0
59.8550,-1850.81,0
59.8600,-1850.81,0
59.8650,-1841.23,0
59.8700,-1176.15,0
59.8750,-1533.28,0
59.8800,-1533.28,0
59.8850,-1507.24,0
59.8900,-1507.24,0
59.8950,-1454.62,0
59.9000,-1762.35,0
59.9050,-1454.62,0
59.9100,-1454.62,0
59.9150,-1086.88,0
59.9200,-1086.88,0
59.9250,-627.57,0
59.9300,-627.57,0
59.9350,-921.33,0
59.9400,-921.33,0
59.9450,-921.33,0
59.9500,-921.33,0
59.9550,-921.33,0
59.9600,-1086.88,0
59.9650,-1604.55,0
59.9700,-1604.55,0
59.9750,-1086.88,0
59.9800,-1549.73,0
59.9850,-1549.73,0
59.9900,-1181.05,0
59.9950,-2442.03,0
60.0000,-2139.69,0
60.0050,-2139.69,0
60.0100,-1592.69,0
60.0150,-1592.69,0
60.0200,-1949.43,0
60.0250,-1949.43,0
60.0300,-1949.43,0
60.0350,-1949.43,0
60.0400,-921.28,0
60.0450,-2158.34,0
60.0500,-2158.34,0
60.0550,-2158.34,0
60.0600,-1717.41,0
60.0650,-845.47,0
60.0700,-845.47,0
60.0750,-845.47,0
60.0800,-845.47,0
60.0850,-845.47,0
60.0900,-70.01,0
60.0950,-70.01,0
60.1000,-327.80,0
60.1050,-327.80,0
60.1100,-152.06,0
60.1150,-152.06,0
60.1200,200.04,0
60.1250,200.04,0
60.1300,54.32,0
60.1350,54.32,0
60.1400,-2424.53,0
60.1450,-33.19,0
60.1500,-176.01,0
60.1550,-13.01,0
60.1600,-13.01,0
60.1650,289.50,0
60.1700,289.50,0
60.1750,84.31,0
60.1800,84.31,0
60.1850,84.31,0
60.1900,263.39,0
60.1950,263.39,0
60.2000,263.39,0
60.2050,-1990.61,0
60.2100,197.92,0
60.2150,197.92,0
60.2200,197.92,0
60.2250,197.92,0
60.2300,-97.67,0
60.2350,-97.67,0
60.2400,549.78,0
60.2450,549.78,0
60.2500,549.78,0
60.2550,549.78,0
60.2600,-34.08,0
60.2650,-426.26,0
60.2700,-89.10,0
60.2750,-89.10,0
60.2800,545.40,0
60.2850,494.50,0
60.2900,171.50,0
60.2950,108.89,0
60.3000,108.89,0
60.3050,108.89,0
60.3100,168.94,0
60.3150,108.89,0
60.3200,263.29,0
60.3250,596.09,0
60.3300,402.52,0
60.3350,-8.07,0
60.3400,94.59,0
60.3450,94.59,0
60.3500,875.32,1
60.3550,875.32,0
60.3600,875.32,0
60.3650,1342.74,0
60.3700,1342.74,0
60.3750,1175.60,0
60.3800,1175.60,0
60.3850,1923.36,0
60.3900,1923.36,0
60.3950,1689.44,0
60.4000,1689.44,0
60.4050,1689.44,0
60.4100,1689.44,0
60.4150,1109.28,0
60.4200,1109.28,0
60.4250,278.98,0
60.4300,1150.82,0
60.4350,461.59,0
60.4400,461.59,0
60.4450,1281.02,0
60.4500,488.00,0
60.4550,90.53,0
60.4600,90.53,0
60.4650,141.20,0
60.4700,141.20,0
60.4750,317.12,0
60.4800,317.12,0
60.4850,1320.97,0
60.4900,461.59,0
60.4950,401.90,0
60.5000,401.99,0
60.5050,-983.92,0
60.5100,-983.92,0
60.5150,-746.41,0
60.5200,1340.17,0
60.5250,-1678.30,0
60.5300,488.00,0
60.5350,-1409.99,0
60.5400,317.12,0
60.5450,-1409.99,0
60.5500,-1409.99,0
60.5550,-1780.22,0
60.5600,-1780.22,0
60.5650,-2089.23,0
60.5700,-2089.23,0
60.5750,-673.73,0
60.5800,-1947.70,0
60.5850,-2211.99,0
60.5900,-2211.99,0
60.5950,-2260.77,0
60.6000,-2260.77,0
60.6050,-2730.43,0
60.6100,-2730.43,0
60.6150,-3050.43,0
60.6200,-3050.43,0
60.6250,-3050.43,0
60.6300,-3050.43,0
60.6350,-3050.43,0
60.6400,-3050.43,0
60.6450,-2584.52,0
60.6500,-2584.52,0
60.6550,-2941.72,0
60.6600,-2941.72,0
60.6650,-3509.98,0
60.6700,-3509.98,0
60.6750,-1668.97,0
60.6800,-3533.48,0
60.6850,-3653.74,0
60.6900,-3653.74,0
60.6950,-3653.74,0
60.7000,-3653.74,0
60.7050,-3163.83,0
60.7100,-3163.83,0
60.7150,-3221.82,0
60.7200,-2752.10,0
60.7250,-2809.50,0
60.7300,-2809.50,0
60.7350,-2277.33,0
60.7400,-2449.28,0
60.7450,-2449.28,0
60.7500,-2449.28,0
60.7550,-2449.28,0
60.7600,-2449.28,0
60.7650,-2403.01,0
60.7700,-3026.42,0
60.7750,-3285.18,0
60.7800,-3285.18,0
60.7850,-3285.18,0
60.7900,-3020.58,0
60.7950,-3020.58,0
60.8000,-3020.58,0
60.8050,-3020.58,0
60.8100,-3020.58,0
60.8150,-3020.58,0
60.8200,-3146.26,0
60.8250,-3026.42,0
60.8300,-3342.64,0
60.8350,-3342.64,0
60.8400,-2655.14,0
60.8450,-3117.12,0
60.8500,-3608.33,0
60.8550,-2319.89,0
60.8600,-1383.55,0
60.8650,-1383.55,0
60.8700,-1383.55,0
60.8750,-536.29,0
60.8800,-536.29,0
60.8850,-52.92,0
60.8900,-52.92,0
60.8950,830.47,0
60.9000,-911.38,0
60.9050,945.02,0
60.9100,945.02,0
60.9150,945.02,0
60.9200,-536.29,0
60.9250,1907.27,0
60.9300,1907.27,0
60.9350,2095.12,0
60.9400,2032.72,0
60.9450,-3586.18,0
60.9500,-3150.57,0
60.9550,3294.27,0
60.9600,3294.27,0
60.9650,3632.65,0
60.9700,3632.65,0
60.9750,3928.16,0
60.9800,3928.16,0
60.9850,4424.02,0
60.9900,4424.02,0
60.9950,4934.88,0
61.0000,4934.88,0
61.0050,-2489.68,0
61.0100,4739.65,0
61.0150,4739.65,0
61.0200,3117.31,0
61.0250,5698.59,0
61.0300,5964.65,0
61.0350,944.26,0
61.0400,5964.65,0
61.0450,5909.23,0
61.0500,5909.23,0
61.0550,6490.18,0
61.0600,6490.18,0
61.0650,6840.26,0
61.0700,6840.26,0
61.0750,6840.26,0
61.0800,7320.66,0
61.0850,7320.66,0
61.0900,7320.66,0
61.0950,7320.66,0
61.1000,8215.58,0
61.1050,8215.58,0
61.1100,5964.65,0
61.1150,7715.20,0
61.1200,-628.25,0
61.1250,3927.02,0
61.1300,221.82,0
61.1350,4794.34,0
61.1400,692.30,0
61.1450,692.30,0
61.1500,221.82,0
61.1550,1352.21,0
61.1600,1352.21,0
61.1650,1352.21,0
61.1700,1901.00,0
61.1750,2767.67,0
61.1800,2767.67,0
61.1850,7751.72,0
61.1900,2894.08,0
61.1950,2894.08,0
61.2000,2894.08,0
61.2050,2894.08,0
61.2100,2894.08,0
61.2150,3279.13,0
61.2200,3279.13,0
61.2250,4035.09,0
61.2300,4035.09,0
61.2350,5263.74,0
61.2400,5263.74,0
61.2450,2767.66,0
61.2500,5657.72,0
61.2550,5977.18,0
61.2600,5977.18,0
61.2650,5711.54,0
61.2700,5711.54,0
61.2750,4913.09,0
61.2800,4913.09,0
61.2850,5555.39,0
61.2900,5555.39,0
61.2950,5818.24,0
61.3000,5818.24,0
61.3050,6016.65,0
61.3100,6016.65,0
61.3150,6016.65,0
61.3200,6016.65,0
61.3250,4905.53,0
61.3300,4905.53,0
61.3350,4974.98,0
61.3400,4974.98,0
61.3450,4974.98,0
61.3500,4974.98,0
61.3550,4279.83,0
61.3600,2901.79,0
61.3650,3250.12,0
61.3700,4559.46,0
61.3750,4581.71,0
61.3800,4581.71,0
61.3850,4879.77,0
61.3900,4879.77,0
61.3950,4879.77,0
61.4000,4879.77,0
61.4050,4498.78,0
61.4100,4523.01,0
61.4150,4795.84,0
61.4200,5386.92,0
61.4250,5386.92,0
61.4300,5386.92,0
61.4350,5785.60,0
61.4400,5785.60,0
61.4450,6467.23,0
61.4500,6467.23,0
61.4550,6810.91,0
61.4600,4804.07,0
61.4650,6810.91,0
61.4700,6810.91,0
61.4750,6734.84,0
61.4800,6734.84,0
61.4850,6734.84,0
61.4900,4891.03,0
61.4950,5512.58,0
61.5000,5533.69,0
61.5050,5533.69,0
61.5100,5533.69,0
61.5150,5533.69,0
61.5200,5533.69,0
61.5250,5176.52,0
61.5300,5176.52,0
61.5350,4805.91,0
61.5400,5176.52,0
61.5450,4611.02,0
61.5500,4611.02,0
61.5550,4338.54,0
61.5600,3991.72,0
61.5650,7062.05,0
61.5700,3991.72,0
61.5750,3561.24,0
61.5800,3561.24,0
61.5850,3045.10,0
61.5900,3045.10,0
61.5950,3532.98,0
61.6000,4215.16,0
61.6050,4215.16,0
61.6100,4000.84,0
61.6150,5330.87,0
61.6200,4000.84,0
61.6250,4000.84,0
61.6300,4678.91,0
61.6350,4678.91,0
61.6400,4922.30,0
61.6450,4922.30,0
61.6500,5026.49,0
61.6550,5026.49,0
61.6600,5026.49,0
61.6650,4848.65,0
61.6700,4848.65,0
61.6750,3532.95,0
61.6800,4680.55,0
61.6850,4680.55,0
61.6900,3727.65,0
61.6950,3727.65,0
61.7000,4321.15,0
61.7050,3719.57,0
61.7100,3719.57,0
61.7150,3383.20,0
61.7200,4214.53,0
61.7250,2478.24,0
61.7300,2478.24,0
61.7350,3122.36,0
61.7400,2478.24,0
61.7450,3383.20,0
61.7500,1617.85,0
61.7550,1617.85,0
61.7600,2284.13,0
61.7650,2284.13,0
61.7700,2284.13,0
61.7750,3726.99,0
61.7800,1868.97,0
61.7850,1868.97,0
61.7900,1820.87,0
61.7950,1820.87,0
61.8000,1826.94,0
61.8050,1826.94,0
61.8100,2127.77,0
61.8150,2127.77,0
61.8200,1900.26,0
61.8250,1900.26,0
61.8300,1983.89,0
61.8350,1983.89,0
61.8400,2375.85,0
61.8450,2375.85,0
61.8500,2375.85,0
61.8550,2375.85,0
61.8600,2330.04,0
61.8650,1751.54,0
61.8700,1702.73,0
61.8750,1702.73,0
61.8800,1964.41,0
61.8850,1964.41,0
61.8900,1964.41,0
61.8950,2067.53,0
61.9000,2067.53,0
61.9050,2067.53,0
61.9100,2067.53,0
61.9150,2052.37,0
61.9200,2052.37,0
61.9250,2128.66,0
61.9300,1304.08,0
61.9350,1304.08,0
61.9400,1964.41,0
61.9450,-457.93,0
61.9500,-457.93,0
61.9550,-371.62,0
61.9600,-371.62,0
61.9650,-371.62,0
61.9700,-500.17,0
61.9750,1840.54,0
61.9800,-85.68,0
61.9850,-85.68,0
61.9900,-280.00,0
61.9950,1661.96,0
62.0000,-334.07,0
62.0050,1935.79,0
62.0100,-334.07,0
62.0150,-334.07,0
62.0200,-239.69,0
62.0250,-239.69,0
62.0300,4.94,0
62.0350,4.94,0
62.0400,-126.88,0
62.0450,-126.88,0
62.0500,-233.70,0
62.0550,-233.70,0
62.0600,-238.00,0
62.0650,-299.56,0
62.0700,-75.66,0
62.0750,-75.66,0
62.0800,-246.54,0
62.0850,-40.00,0
62.0900,158.80,0
62.0950,158.80,0
62.1000,200.12,0
62.1050,200.12,0
62.1100,266.41,0
62.1150,266.41,0
62.1200,292.53,0
62.1250,292.53,0
62.1300,397.10,0
62.1350,397.10,0
62.1400,546.05,0
62.1450,546.05,0
62.1500,539.18,0
62.1550,539.18,0
62.1600,519.88,0
62.1650,519.88,0
62.1700,438.53,0
62.1750,438.53,0
62.1800,438.53,0
62.1850,438.53,0
62.1900,247.74,0
62.1950,247.74,0
62.2000,259.14,0
62.2050,259.14,0
62.2100,286.12,0
62.2150,286.12,0
62.2200,286.12,0
62.2250,286.12,0
62.2300,355.37,0
62.2350,158.68,0
62.2400,345.32,0
62.2450,345.32,0
62.2500,276.62,0
62.2550,276.62,0
62.2600,200.28,0
62.2650,200.28,0
62.2700,258.55,0
62.2750,258.55,0
62.2800,242.11,0
62.2850,242.11,0
62.2900,276.46,0
62.2950,276.46,0
62.3000,303.03,0
62.3050,303.03,0
62.3100,172.24,0
62.3150,306.40,0
62.3200,-8.09,0
62.3250,-8.09,0
62.3300,-4.16,0
62.3350,-146.67,0
62.3400,-146.67,0
62.3450,-146.67,0
62.3500,-146.67,0
62.3550,-146.67,0
62.3600,-80.83,0
62.3650,-80.83,0
62.3700,-80.83,0
62.3750,-80.83,0
62.3800,-35.30,0
62.3850,-35.30,0
62.3900,110.84,0
62.3950,110.84,0
62.4000,195.73,0
62.4050,110.84,0
62.4100,20.55,0
62.4150,28.90,0
62.4200,28.90,0
62.4250,28.90,0
62.4300,-8.06,0
62.4350,352.33,0
62.4400,191.94,0
62.4450,224.85,0
62.4500,224.85,0
62.4550,224.85,0
62.4600,48.29,0
62.4650,48.29,0
62.4700,-33.74,0
62.4750,-33.74,0
62.4800,159.33,0
62.4850,191.94,0
62.4900,593.42,0
62.4950,593.42,0
62.5000,627.69,0
62.5050,627.69,0
62.5100,1470.74,0
62.5150,593.42,0
62.5200,1470.74,0
62.5250,1470.74,0
62.5300,627.69,0
62.5350,2464.48,0
62.5400,2780.62,0
62.5450,2780.62,0
62.5500,2780.62,0
62.5550,2780.62,0
62.5600,3161.88,0
62.5650,3161.88,0
62.5700,3785.52,0
62.5750,3785.52,0
62.5800,4036.72,0
62.5850,475.24,0
62.5900,-54.92,0
62.5950,3946.78,0
62.6000,2110.73,0
62.6050,4421.77,0
62.6100,3969.78,0
62.6150,3969.78,0
62.6200,3969.78,0
62.6250,3969.78,0
62.6300,3847.11,0
62.6350,3847.11,0
62.6400,3524.64,0
62.6450,3825.83,0
62.6500,3991.38,0
62.6550,3991.38,0
62.6600,4192.99,0
62.6650,3161.91,0
62.6700,4017.81,0
62.6750,4017.81,0
62.6800,4883.55,0
62.6850,4883.55,0
62.6900,4563.89,0
62.6950,4563.89,0
62.7000,5297.72,0
62.7050,5297.72,0
62.7100,4534.69,0
62.7150,5297.72,0
62.7200,4690.90,0
62.7250,4690.90,0
62.7300,4690.90,0
62.7350,3939.47,0
62.7400,4116.35,0
62.7450,-16.19,0
62.7500,-16.19,0
62.7550,249.51,0
62.7600,249.51,0
62.7650,-34.26,0
62.7700,3845.47,0
62.7750,116.46,0
62.7800,116.46,0
62.7850,116.46,0
62.7900,72.62,0
62.7950,72.62,0
62.8000,38.65,0
62.8050,38.65,0
62.8100,27.87,0
62.8150,27.87,0
62.8200,55.10,0
62.8250,-16.18,0
62.8300,55.10,0
62.8350,55.10,0
62.8400,50.90,0
62.8450,-34.26,0
62.8500,79.00,0
62.8550,79.00,0
62.8600,4377.09,0
62.8650,40.19,0
62.8700,4691.59,0
62.8750,26.17,0
62.8800,197.79,0
62.8850,28.14,0
62.8900,28.14,0
62.8950,28.14,0
62.9000,28.14,0
62.9050,28.14,0
62.9100,-29.99,0
62.9150,-29.99,0
62.9200,28.15,0
62.9250,16.94,0
62.9300,-126.10,0
62.9350,-10.03,0
62.9400,-10.03,0
62.9450,-10.03,0
62.9500,-19.68,0
62.9550,70.37,0
62.9600,25.48,0
62.9650,-6.36,0
62.9700,43.36,0
62.9750,43.36,0
62.9800,24.50,0
62.9850,24.50,0
62.9900,18.60,0
62.9950,18.60,0
63.0000,18.60,0
63.0050,-13.97,0
63.0100,-13.97,0
63.0150,-16.76,0
63.0200,-16.76,0
63.0250,19.56,0
63.0300,21.68,0
63.0350,21.68,0
63.0400,-9.56,0
63.0450,-9.56,0
63.0500,-45.72,0
63.0550,55.86,0
63.0600,55.86,0
63.0650,55.86,0
63.0700,55.86,0
63.0750,55.86,0
63.0800,-0.80,0
63.0850,-0.80,0
63.0900,-66.70,0
63.0950,-66.70,0
63.1000,-253.02,0
63.1050,-253.02,0
63.1100,-255.97,0
63.1150,-255.97,0
63.1200,-301.93,0
63.1250,-301.93,0
63.1300,-66.70,0
63.1350,-464.20,0
63.1400,-219.26,0
63.1450,-31.14,0
63.1500,-31.14,0
63.1550,-45.72,0
63.1600,-45.72,0
63.1650,-5.22,0
63.1700,-5.22,0
63.1750,-5.22,0
63.1800,-19.54,0
63.1850,-19.54,0
63.1900,97.09,0
63.1950,97.09,0
63.2000,149.60,0
63.2050,149.60,0
63.2100,200.07,0
63.2150,68.71,0
63.2200,-207.92,0
63.2250,-219.26,0
63.2300,138.19,0
63.2350,138.19,0
63.2400,138.19,0
63.2450,138.19,0
63.2500,126.86,0
63.2550,126.86,0
63.2600,84.09,0
63.2650,84.09,0
63.2700,151.00,0
63.2750,151.00,0
63.2800,57.17,0
63.2850,57.17,0
63.2900,57.17,0
63.2950,187.25,0
63.3000,-42.81,0
63.3050,-42.81,0
63.3100,200.08,0
63.3150,36.95,0
63.3200,-27.53,0
63.3250,-27.53,0
63.3300,106.89,0
63.3350,106.89,0
63.3400,106.89,0
63.3450,17.22,0
63.3500,17.22,0
63.3550,77.73,0
63.3600,77.73,0
63.3650,56.25,0
63.3700,46.46,0
63.3750,-96.03,0
63.3800,-96.03,0
63.3850,-31.48,0
63.3900,-31.48,0
63.3950,-46.53,0
63.4000,-46.53,0
63.4050,-38.23,0
63.4100,-38.23,0
63.4150,106.89,0
63.4200,177.93,0
63.4250,177.93,0
63.4300,194.90,0
63.4350,88.36,0
63.4400,88.36,0
63.4450,75.24,0
63.4500,75.24,0
63.4550,137.99,0
63.4600,75.24,0
63.4650,-123.50,0
63.4700,-123.50,0
63.4750,-158.85,0
63.4800,-158.85,0
63.4850,-158.85,0
63.4900,-4.39,0
63.4950,-4.39,0
63.5000,-4.39,0
63.5050,-4.39,0
63.5100,137.99,0
63.5150,-4.39,0
63.5200,79.85,0
63.5250,79.85,0
63.5300,40.12,0
63.5350,40.12,0
63.5400,-62.08,0
63.5450,62.94,0
63.5500,-264.34,0
63.5550,-264.34,0
63.5600,772.67,0
63.5650,772.67,0
63.5700,772.67,0
63.5750,772.72,0
63.5800,772.72,0
63.5850,406.10,0
63.5900,406.10,0
63.5950,856.00,0
63.6000,856.00,0
63.6050,330.93,0
63.6100,330.93,0
63.6150,330.93,0
63.6200,330.93,0
63.6250,217.12,0
63.6300,217.12,0
63.6350,400.59,0
63.6400,40.10,0
63.6450,265.90,0
63.6500,265.90,0
63.6550,266.90,0
63.6600,266.90,0
63.6650,978.00,0
63.6700,978.00,0
63.6750,1021.92,0
63.6800,856.43,0
63.6850,1192.72,0
63.6900,1192.72,0
63.6950,1221.54,0
63.7000,1221.54,0
63.7050,772.69,0
63.7100,1736.80,0
63.7150,-9.40,0
63.7200,386.61,0
63.7250,1615.32,0
63.7300,1615.32,0
63.7350,1615.32,0
63.7400,1615.32,0
63.7450,1228.25,0
63.7500,1228.25,0
63.7550,1873.14,0
63.7600,1873.14,0
63.7650,1873.14,0
63.7700,1873.14,0
63.7750,1923.43,0
63.7800,1923.43,0
63.7850,2439.73,0
63.7900,2439.73,0
63.7950,2830.37,0
63.8000,2830.37,0
63.8050,2782.75,0
63.8100,2782.75,0
63.8150,2470.89,0
63.8200,2901.62,0
63.8250,2881.10,0
63.8300,2881.10,0
63.8350,3345.01,0
63.8400,3345.01,0
63.8450,3263.08,0
63.8500,3263.08,0
63.8550,3263.08,0
63.8600,3263.08,0
63.8650,3263.08,0
63.8700,3201.56,0
63.8750,3201.56,0
63.8800,3098.46,0
63.8850,3098.46,0
63.8900,2988.68,0
63.8950,2988.68,0
63.9000,2988.68,0
63.9050,2988.68,0
63.9100,2988.68,0
63.9150,1600.38,0
63.9200,2987.72,0
63.9250,2987.72,0
63.9300,3238.02,0
63.9350,3238.02,0
63.9400,3368.44,0
63.9450,3368.44,0
63.9500,3368.44,0
63.9550,2931.74,0
63.9600,3369.88,0
63.9650,3369.88,0
63.9700,3090.07,0
63.9750,3090.07,0
63.9800,3133.81,0
63.9850,3180.01,0
63.9900,3180.01,0
63.9950,3180.01,0
64.0000,3202.45,0
64.0050,3202.45,0
64.0100,3109.87,0
64.0150,3109.87,0
64.0200,3130.23,0
64.0250,3130.23,0
64.0300,3049.27,0
64.0350,3049.27,0
64.0400,3049.27,0
64.0450,2944.29,0
64.0500,2944.29,0
64.0550,2868.81,0
64.0600,2868.81,0
64.0650,2868.81,0
64.0700,2858.13,0
64.0750,2858.13,0
64.0800,2858.13,0
64.0850,2858.13,0
64.0900,2909.60,0
64.0950,2890.59,0
64.1000,2890.59,0
64.1050,2961.40,0
64.1100,2961.40,0
64.1150,2920.44,0
64.1200,2920.44,0
64.1250,2944.29,0
64.1300,2920.44,0
64.1350,2960.54,0
64.1400,2960.54,0
64.1450,2937.87,0
64.1500,2937.87,0
64.1550,2927.38,0
64.1600,2927.38,0
64.1650,2988.01,0
64.1700,2988.01,0
64.1750,2988.01,0
64.1800,2988.01,0
64.1850,2988.01,0
64.1900,2988.01,0
64.1950,2872.84,0
64.2000,2986.80,0
64.2050,2968.26,0
64.2100,2968.26,0
64.2150,2968.26,0
64.2200,2968.26,0
64.2250,3049.50,0
64.2300,3049.50,0
64.2350,2944.74,0
64.2400,2798.51,0
64.2450,2798.51,0
64.2500,2798.51,0
64.2550,2933.96,0
64.2600,2933.96,0
64.2650,2992.49,0
64.2700,2992.49,0
64.2750,2928.58,0
64.2800,2928.58,0
64.2850,2969.22,0
64.2900,2969.22,0
64.2950,2986.43,0
64.3000,2986.43,0
64.3050,3063.96,0
64.3100,2962.57,0
64.3150,2968.69,0
64.3200,2968.69,0
64.3250,2945.26,0
64.3300,2945.26,0
64.3350,2943.20,0
64.3400,2943.20,0
64.3450,2943.20,0
64.3500,2956.59,0
64.3550,2943.20,0
64.3600,2943.20,0
64.3650,2689.22,0
64.3700,2689.22,0
64.3750,55.62,0
64.3800,55.62,0
64.3850,55.49,0
64.3900,55.49,0
64.3950,21.82,0
64.4000,2862.96,0
64.4050,12.40,0
64.4100,12.40,0
64.4150,37.65,0
64.4200,2605.28,0
64.4250,37.65,0
64.4300,287.94,0
64.4350,76.40,0
64.4400,76.40,0
64.4450,135.83,0
64.4500,-509.77,0
64.4550,76.06,0
64.4600,76.06,0
64.4650,50.02,0
64.4700,50.02,0
64.4750,50.02,0
64.4800,50.02,0
64.4850,2935.96,0
64.4900,50.02,0
64.4950,36.86,0
64.5000,36.86,0
64.5050,-31.01,0
64.5100,-31.01,0
64.5150,2696.56,0
64.5200,-13.35,0
64.5250,76.06,0
64.5300,-0.33,0
64.5350,-0.33,0
64.5400,-47.54,0
64.5450,-47.54,0
64.5500,-47.54,0
64.5550,-54.91,0
64.5600,-54.91,0
64.5650,-54.91,0
64.5700,-57.75,0
64.5750,-26.03,0
64.5800,6.55,0
64.5850,13.42,0
64.5900,76.82,0
64.5950,0.70,0
64.6000,0.70,0
64.6050,-52.24,0
64.6100,30.13,0
64.6150,11.83,0
64.6200,11.83,0
64.6250,-5.66,0
64.6300,-5.66,0
64.6350,33.56,0
64.6400,33.56,0
64.6450,33.56,0
64.6500,33.56,0
64.6550,30.13,0
64.6600,12.74,0
64.6650,12.74,0
64.6700,83.19,0
64.6750,-9.04,0
64.6800,-9.04,0
64.6850,22.16,0
64.6900,22.16,0
64.6950,22.16,0
64.7000,22.16,0
64.7050,56.80,0
64.7100,56.80,0
64.7150,31.57,0
64.7200,31.57,0
64.7250,46.21,0
64.7300,46.21,0
64.7350,-52.97,0
64.7400,23.12,0
64.7450,50.64,0
64.7500,50.64,0
64.7550,33.68,0
64.7600,33.68,0
64.7650,33.68,0
64.7700,33.68,0
64.7750,42.19,0
64.7800,13.09,0
64.7850,15.87,0
64.7900,57.27,0
64.7950,57.27,0
64.8000,57.27,0
64.8050,57.27,0
64.8100,38.18,0
64.8150,38.18,0
64.8200,42.14,0
64.8250,39.12,0
64.8300,39.12,0
64.8350,22.45,0
64.8400,17.85,0
64.8450,17.06,0
64.8500,17.06,0
64.8550,17.06,0
64.8600,17.06,0
64.8650,17.06,0
64.8700,-3.44,0
64.8750,50.91,0
64.8800,-24.55,0
64.8850,-24.55,0
64.8900,25.84,0
64.8950,26.10,0
64.9000,20.65,0
64.9050,20.65,0
64.9100,48.26,0
64.9150,10.33,0
64.9200,62.58,0
64.9250,62.58,0
64.9300,-24.22,0
64.9350,-24.22,0
64.9400,26.76,0
64.9450,-24.22,0
64.9500,-14.16,0
64.9550,-65.87,0
64.9600,-65.87,0
64.9650,-28.89,0
64.9700,-28.89,0
64.9750,45.70,0
64.9800,-105.92,0
64.9850,-105.92,0
64.9900,-105.92,0
64.9950,-17.01,0
65.0000,-17.01,0
65.0050,62.74,0
65.0100,62.74,0
65.0150,38.28,0
65.0200,38.28,0
65.0250,67.06,0
65.0300,67.06,0
65.0350,67.06,0
65.0400,67.06,0
65.0450,75.06,0
65.0500,75.06,0
65.0550,47.31,0
65.0600,47.31,0
65.0650,47.31,0
65.0700,30.71,0
65.0750,53.46,0
65.0800,4.67,0
65.0850,35.00,0
65.0900,35.00,0
65.0950,38.28,0
65.1000,25.66,0
65.1050,-76.35,0
65.1100,-38.61,0
65.1150,16.56,0
65.1200,16.56,0
65.1250,16.56,0
65.1300,-8.58,0
65.1350,-8.58,0
65.1400,5.09,0
65.1450,5.09,0
65.1500,10.15,0
65.1550,10.15,0
65.1600,10.15,0
65.1650,10.15,0
65.1700,5.84,0
65.1750,12.52,0
65.1800,-1.89,0
65.1850,12.52,0
65.1900,-11.33,0
65.1950,-0.58,0
65.2000,-0.58,0
65.2050,-0.58,0
65.2100,1.85,0
65.2150,-21.69,0
65.2200,-21.69,0
65.2250,-18.45,0
65.2300,-18.45,0
65.2350,-30.26,0
65.2400,-30.26,0
65.2450,-30.26,0
65.2500,-30.26,0
65.2550,-30.26,0
65.2600,-30.26,0
65.2650,2.87,0
65.2700,2.87,0
65.2750,-12.85,0
65.2800,-12.85,0
65.2850,-1.81,0
65.2900,-1.81,0
65.2950,17.56,0
65.3000,17.56,0
65.3050,-40.31,0
65.3100,-40.31,0
65.3150,-40.31,0
65.3200,-40.31,0
65.3250,1.51,0
65.3300,1.51,0
65.3350,-41.84,0
65.3400,-44.40,0
65.3450,-70.15,0
65.3500,-70.15,0
65.3550,-70.15,1
65.3600,-70.15,0
65.3650,-13.59,0
65.3700,7.25,0
65.3750,-13.59,0
65.3800,-47.73,0
65.3850,-6.16,0
65.3900,-17.73,0
65.3950,37.31,0
65.4000,22.74,0
65.4050,22.74,0
65.4100,22.74,0
65.4150,22.74,0
65.4200,63.21,0
65.4250,63.21,0
65.4300,-26.03,0
65.4350,-26.03,0
65.4400,38.00,0
65.4450,31.31,0
65.4500,31.31,0
65.4550,-17.52,0
65.4600,3.95,0
65.4650,-14.46,0
65.4700,-14.46,0
65.4750,74.63,0
65.4800,74.63,0
65.4850,102.06,0
65.4900,-3.49,0
65.4950,146.65,0
65.5000,146.65,0
65.5050,0.61,0
65.5100,146.65,0
65.5150,122.81,0
65.5200,54.22,0
65.5250,122.81,0
65.5300,134.41,0
65.5350,632.78,0
65.5400,632.78,0
65.5450,607.15,0
65.5500,607.15,0
65.5550,607.15,0
65.5600,24.93,0
65.5650,607.15,0
65.5700,607.15,0
65.5750,808.38,0
65.5800,-4.26,0
65.5850,568.76,0
65.5900,568.76,0
65.5950,-136.94,0
65.6000,-136.94,0
65.6050,188.04,0
65.6100,607.15,0
65.6150,642.57,0
65.6200,642.57,0
65.6250,642.57,0
65.6300,642.57,0
65.6350,315.22,0
65.6400,315.22,0
65.6450,134.41,0
65.6500,1330.07,0
65.6550,1330.07,0
65.6600,1330.07,0
65.6650,1330.07,0
65.6700,1690.42,0
65.6750,1507.08,0
65.6800,1507.08,0
65.6850,2302.31,0
65.6900,2302.31,0
65.6950,792.44,0
65.7000,2668.77,0
65.7050,2668.77,0
65.7100,2484.80,0
65.7150,790.69,0
65.7200,2286.73,0
65.7250,2286.73,0
65.7300,2286.73,0
65.7350,2286.73,0
65.7400,3645.51,0
65.7450,3645.51,0
65.7500,3593.68,0
65.7550,3593.68,0
65.7600,618.59,0
65.7650,3260.98,0
65.7700,1769.45,0
65.7750,4255.15,0
65.7800,4255.15,0
65.7850,4580.09,0
65.7900,1637.23,0
65.7950,4443.59,0
65.8000,4443.59,0
65.8050,4443.59,0
65.8100,1316.03,0
65.8150,5248.47,0
65.8200,5605.69,0
65.8250,5605.69,0
65.8300,5605.69,0
65.8350,5560.68,0
65.8400,4252.31,0
65.8450,5429.29,0
65.8500,5228.46,0
65.8550,2628.37,0
65.8600,2601.47,0
65.8650,6594.45,0
65.8700,6518.39,0
65.8750,2634.34,0
65.8800,6534.90,0
65.8850,6534.90,0
65.8900,6045.22,0
65.8950,6045.22,0
65.9000,6045.22,0
65.9050,6488.65,0
65.9100,6488.65,0
65.9150,6431.76,0
65.9200,6431.76,0
65.9250,5728.12,0
65.9300,5728.12,0
65.9350,6672.11,0
65.9400,6672.11,0
65.9450,6672.11,0
65.9500,6672.11,0
65.9550,6672.11,0
65.9600,6425.57,0
65.9650,6425.57,0
65.9700,4187.21,0
65.9750,5738.11,0
65.9800,6665.13,0
65.9850,6665.13,0
65.9900,6506.82,0
65.9950,6506.82,0
66.0000,6002.43,0
66.0050,6002.43,0
66.0100,6542.47,0
66.0150,349.36,0
66.0200,349.36,0
66.0250,349.36,0
66.0300,1679.39,0
66.0350,1662.09,0
66.0400,5728.06,0
66.0450,1773.14,0
66.0500,1737.23,0
66.0550,1737.23,0
66.0600,2084.88,0
66.0650,1787.89,0
66.0700,2033.92,0
66.0750,2033.92,0
66.0800,2033.92,0
66.0850,2033.92,0
66.0900,2033.92,0
66.0950,1983.78,0
66.1000,1983.78,0
66.1050,6688.23,0
66.1100,1913.27,0
66.1150,1851.51,0
66.1200,1926.87,0
66.1250,1948.08,0
66.1300,1948.08,0
66.1350,2086.80,0
66.1400,1993.60,0
66.1450,1904.55,0
66.1500,1992.50,0
66.1550,1946.93,0
66.1600,1946.93,0
66.1650,1993.36,0
66.1700,1993.36,0
66.1750,1907.95,0
66.1800,1907.95,0
66.1850,1998.32,0
66.1900,1998.32,0
66.1950,1934.31,0
66.2000,1996.25,0
66.2050,1996.25,0
66.2100,1906.16,0
66.2150,1906.16,0
66.2200,2007.62,0
66.2250,2007.62,0
66.2300,1934.31,0
66.2350,1914.71,0
66.2400,1936.05,0
66.2450,1936.05,0
66.2500,1899.79,0
66.2550,1899.79,0
66.2600,1899.79,0
66.2650,2030.25,0
66.2700,2030.25,0
66.2750,2024.55,0
66.2800,2024.55,0
66.2850,2071.77,0
66.2900,1998.42,0
66.2950,1987.77,0
66.3000,2547.37,0
66.3050,2547.37,0
66.3100,2709.31,0
66.3150,2709.31,0
66.3200,2189.59,0
66.3250,2189.59,0
66.3300,1806.12,0
66.3350,1806.12,0
66.3400,1806.12,0
66.3450,1806.12,0
66.3500,2673.26,0
66.3550,2673.26,0
66.3600,2673.26,0
66.3650,2626.67,0
66.3700,2626.67,0
66.3750,1789.10,0
66.3800,1789.10,0
66.3850,1789.10,0
66.3900,1789.10,0
66.3950,1789.10,0
66.4000,1789.10,0
66.4050,2626.42,0
66.4100,2626.42,0
66.4150,2151.67,0
66.4200,2027.03,0
66.4250,2064.56,0
66.4300,2064.56,0
66.4350,1925.02,0
66.4400,2001.63,0
66.4450,1925.02,0
66.4500,1968.69,0
66.4550,2017.09,0
66.4600,2017.09,0
66.4650,1902.03,0
66.4700,1902.03,0
66.4750,1922.39,0
66.4800,1922.39,0
66.4850,1951.10,0
66.4900,1951.10,0
66.4950,2014.90,0
66.5000,2175.39,0
66.5050,1888.55,0
66.5100,1888.55,0
66.5150,2041.56,0
66.5200,2041.56,0
66.5250,2041.56,0
66.5300,2041.56,0
66.5350,2855.55,0
66.5400,2066.57,0
66.5450,2066.57,0
66.5500,2535.30,0
66.5550,2535.30,0
66.5600,2535.30,0
66.5650,2703.74,0
66.5700,1951.11,0
66.5750,2202.38,0
66.5800,1796.41,0
66.5850,1796.41,0
66.5900,2595.65,0
66.5950,2595.65,0
66.6000,2680.99,0
66.6050,2680.99,0
66.6100,2614.12,0
66.6150,2614.12,0
66.6200,2614.12,0
66.6250,2614.12,0
66.6300,2278.80,0
66.6350,2278.80,0
66.6400,2504.63,0
66.6450,2576.67,0
66.6500,2576.67,0
66.6550,2576.67,0
66.6600,2576.67,0
66.6650,2576.67,0
66.6700,2576.67,0
66.6750,2576.67,0
66.6800,2214.07,0
66.6850,2246.24,0
66.6900,2305.47,0
66.6950,2305.47,0
66.7000,2305.47,0
66.7050,2223.82,0
66.7100,2223.82,0
66.7150,2223.82,0
66.7200,2223.82,0
66.7250,2335.96,0
66.7300,2241.33,0
66.7350,2241.33,0
66.7400,2689.26,0
66.7450,281.24,0
66.7500,281.24,0
66.7550,638.87,0
66.7600,2270.65,0
66.7650,745.77,0
66.7700,2579.07,0
66.7750,745.77,0
66.7800,2618.63,0
66.7850,1227.22,0
66.7900,1227.22,0
66.7950,1387.19,0
66.8000,1387.19,0
66.8050,1387.19,0
66.8100,1387.19,0
66.8150,1567.39,0
66.8200,1567.39,0
66.8250,1507.33,0
66.8300,2336.07,0
66.8350,2358.07,0
66.8400,2358.07,0
66.8450,2534.71,0
66.8500,254.48,0
66.8550,2476.91,0
66.8600,3202.65,0
66.8650,3202.65,0
66.8700,3348.70,0
66.8750,3348.70,0
66.8800,3508.98,0
66.8850,3508.98,0
66.8900,2232.80,0
66.8950,4201.62,0
66.9000,4201.62,0
66.9050,3939.57,0
66.9100,3939.57,0
66.9150,4434.37,0
66.9200,4450.18,0
66.9250,4450.18,0
66.9300,4450.18,0
66.9350,5209.95,0
66.9400,5209.95,0
66.9450,5570.01,0
66.9500,5570.01,0
66.9550,2218.27,0
66.9600,6307.20,0
66.9650,6458.51,0
66.9700,6630.98,0
66.9750,6630.98,0
66.9800,5570.01,0
66.9850,6630.98,0
66.9900,7123.72,0
66.9950,7123.72,0
67.0000,7123.72,0
67.0050,3841.79,0
67.0100,7916.43,0
67.0150,7916.43,0
67.0200,7916.43,0
67.0250,7916.43,0
67.0300,3939.30,0
67.0350,7842.24,0
67.0400,2661.12,0
67.0450,8029.21,0
67.0500,8029.21,0
67.0550,7893.04,0
67.0600,7893.04,0
67.0650,6371.15,0
67.0700,7742.71,0
67.0750,7791.14,0
67.0800,7791.14,0
67.0850,7773.76,0
67.0900,8126.24,0
67.0950,7773.76,0
67.1000,7750.37,0
67.1050,7714.16,0
67.1100,7694.63,0
67.1150,7694.63,0
67.1200,7685.74,0
67.1250,7685.74,0
67.1300,7778.71,0
67.1350,7778.71,0
67.1400,7778.71,0
67.1450,7778.71,0
67.1500,7778.71,0
67.1550,7917.59,0
67.1600,7959.60,0
67.1650,8031.66,0
67.1700,7953.38,0
67.1750,7722.78,0
67.1800,7744.66,0
67.1850,7867.84,0
67.1900,7867.84,0
67.1950,7887.20,0
67.2000,8014.36,0
67.2050,7807.29,0
67.2100,7794.65,0
67.2150,7794.65,0
67.2200,7794.65,0
67.2250,7794.65,0
67.2300,7842.27,0
67.2350,7842.27,0
67.2400,7953.39,0
67.2450,7869.84,0
67.2500,7818.40,0
67.2550,7818.40,0
67.2600,7734.63,0
67.2650,7750.86,0
67.2700,7839.93,0
67.2750,7839.93,0
67.2800,7836.36,0
67.2850,7836.36,0
67.2900,7836.36,0
67.2950,7819.49,0
67.3000,7819.49,0
67.3050,7874.65,0
67.3100,7803.27,0
67.3150,7800.94,0
67.3200,7800.94,0
67.3250,7779.47,0
67.3300,7898.15,0
67.3350,7818.27,0
67.3400,7700.52,0
67.3450,7807.56,0
67.3500,7807.56,0
67.3550,7820.39,0
67.3600,7820.39,0
67.3650,7863.41,0
67.3700,7820.39,0
67.3750,7813.26,0
67.3800,7813.26,0
67.3850,7820.75,0
67.3900,8185.58,0
67.3950,7827.46,0
67.4000,7827.46,0
67.4050,7800.90,0
67.4100,7812.31,0
67.4150,7796.43,0
67.4200,7713.52,0
67.4250,7713.52,0
67.4300,7713.52,0
67.4350,7713.52,0
67.4400,7915.48,0
67.4450,7915.48,0
67.4500,7915.48,0
67.4550,7968.70,0
67.4600,7607.24,0
67.4650,7607.24,0
67.4700,7607.24,0
67.4750,7713.52,0
67.4800,7607.24,0
67.4850,7607.24,0
67.4900,7802.36,0
67.4950,8319.99,0
67.5000,7832.17,0
67.5050,7832.17,0
67.5100,6633.32,0
67.5150,6633.32,0
67.5200,6347.05,0
67.5250,6347.05,0
67.5300,6347.05,0
67.5350,6347.05,0
67.5400,6713.14,0
67.5450,6713.14,0
67.5500,7959.45,0
67.5550,1454.98,0
67.5600,8070.88,0
67.5650,1242.25,0
67.5700,1242.25,0
67.5750,1242.25,0
67.5800,1684.92,0
67.5850,4301.04,0
67.5900,2014.48,0
67.5950,2014.48,0
67.6000,2202.70,0
67.6050,2202.70,0
67.6100,2805.54,0
67.6150,2805.54,0
67.6200,3378.35,0
67.6250,3378.35,0
67.6300,3570.37,0
67.6350,3570.37,0
67.6400,3570.37,0
67.6450,2130.50,0
67.6500,2658.34,0
67.6550,8242.20,0
67.6600,3096.32,0
67.6650,3428.48,0
67.6700,3428.48,0
67.6750,6533.13,0
67.6800,3493.60,0
67.6850,3493.60,0
67.6900,3474.06,0
67.6950,3474.06,0
67.7000,3097.46,0
67.7050,3260.05,0
67.7100,1680.64,0
67.7150,4509.20,0
67.7200,4509.20,0
67.7250,4520.39,0
67.7300,4520.39,0
67.7350,4520.39,0
67.7400,4520.39,0
67.7450,4520.39,0
67.7500,4520.39,0
67.7550,4520.39,0
67.7600,3541.01,0
67.7650,4439.50,0
67.7700,4001.56,0
67.7750,4001.56,0
67.7800,3957.01,0
67.7850,3708.01,0
67.7900,3708.01,0
67.7950,3700.91,0
67.8000,3700.91,0
67.8050,3700.91,0
67.8100,3700.91,0
67.8150,3700.91,0
67.8200,3898.04,0
67.8250,3707.23,0
67.8300,3707.23,0
67.8350,4290.12,0
67.8400,3707.23,0
67.8450,3707.23,0
67.8500,3711.42,0
67.8550,3703.58,0
67.8600,3703.58,0
67.8650,3703.58,0
67.8700,3703.58,0
67.8750,3703.58,0
67.8800,3703.58,0
67.8850,3744.80,0
67.8900,3815.58,0
67.8950,3928.92,0
67.9000,3793.39,0
67.9050,3793.39,0
67.9100,3873.46,0
67.9150,3873.46,0
67.9200,3873.46,0
67.9250,3873.46,0
67.9300,3873.46,0
67.9350,3833.37,0
67.9400,3833.37,0
67.9450,3835.10,0
67.9500,3835.82,0
67.9550,3913.29,0
67.9600,3883.36,0
67.9650,3412.48,0
67.9700,4289.51,0
67.9750,4289.51,0
67.9800,4289.51,0
67.9850,3813.11,0
67.9900,4189.57,0
67.9950,4189.57,0
68.0000,3871.14,0
68.0050,3929.94,0
68.0100,3929.94,0
68.0150,3929.94,0
68.0200,3742.15,0
68.0250,3742.15,0
68.0300,3825.40,0
68.0350,3825.40,0
68.0400,3866.39,0
68.0450,3866.39,0
68.0500,3819.11,0
68.0550,3819.11,0
68.0600,3825.40,0
68.0650,4030.94,0
68.0700,3929.36,0
68.0750,3684.09,0
68.0800,3684.09,0
68.0850,3684.09,0
68.0900,3790.11,0
68.0950,3573.15,0
68.1000,4005.47,0
68.1050,3850.99,0
68.1100,3850.99,0
68.1150,4168.11,0
68.1200,4168.11,0
68.1250,3934.23,0
68.1300,3934.23,0
68.1350,2684.14,0
68.1400,2684.14,0
68.1450,2684.14,0
68.1500,2684.14,0
68.1550,2509.10,0
68.1600,2509.10,0
68.1650,2868.02,0
68.1700,3811.96,0
68.1750,3657.56,0
68.1800,3657.56,0
68.1850,3657.56,0
68.1900,4223.91,0
68.1950,3657.56,0
68.2000,3657.56,0
68.2050,3657.56,0
68.2100,3657.56,0
68.2150,3673.07,0
68.2200,3557.32,0
68.2250,3708.40,0
68.2300,3716.24,0
68.2350,3950.37,0
68.2400,3950.37,0
68.2450,3950.37,0
68.2500,3900.36,0
68.2550,3934.67,0
68.2600,3934.67,0
68.2650,3920.73,0
68.2700,3920.73,0
68.2750,2395.11,0
68.2800,3893.27,0
68.2850,1635.13,0
68.2900,3860.67,0
68.2950,3873.38,0
68.3000,3873.38,0
68.3050,2411.29,0
68.3100,3884.04,0
68.3150,3884.04,0
68.3200,3884.04,0
68.3250,3884.04,0
68.3300,3822.41,0
68.3350,3822.41,0
68.3400,3863.84,0
68.3450,3837.07,0
68.3500,3837.07,0
68.3550,3477.11,0
68.3600,3477.11,0
68.3650,3477.11,0
68.3700,3477.11,0
68.3750,3477.11,0
68.3800,3477.11,0
68.3850,3879.53,0
68.3900,-26.11,0
68.3950,-26.11,0
68.4000,-125.65,0
68.4050,-125.65,0
68.4100,-87.81,0
68.4150,-87.81,0
68.4200,-103.41,0
68.4250,-103.41,0
68.4300,-103.41,0
68.4350,-102.84,0
68.4400,-102.84,0
68.4450,-102.84,0
68.4500,-75.48,0
68.4550,1800.27,0
68.4600,3814.21,0
68.4650,-42.50,0
68.4700,-42.50,0
68.4750,-42.50,0
68.4800,-59.19,0
68.4850,-59.19,0
68.4900,-53.78,0
68.4950,-53.78,0
68.5000,-47.19,0
68.5050,-47.19,0
68.5100,-27.36,0
68.5150,-27.36,0
68.5200,-7.50,0
68.5250,-27.36,0
68.5300,-210.92,0
68.5350,-210.92,0
68.5400,-324.37,0
68.5450,-324.37,0
68.5500,-324.37,0
68.5550,-324.37,0
68.5600,-605.94,0
68.5650,-1258.29,0
68.5700,-1258.29,0
68.5750,-56.48,0
68.5800,-1238.32,0
68.5850,-1238.32,0
68.5900,-661.47,0
68.5950,-661.47,0
68.6000,-661.47,0
68.6050,-59.11,0
68.6100,-1338.48,0
68.6150,-1887.05,0
68.6200,-1887.05,0
68.6250,-1644.22,0
68.6300,-1644.22,0
68.6350,-1332.92,0
68.6400,-1332.92,0
68.6450,-1332.92,0
68.6500,-1332.92,0
68.6550,-1332.92,0
68.6600,-1332.92,0
68.6650,-1322.74,0
68.6700,-1322.74,0
68.6750,-1075.50,0
68.6800,-1075.50,0
68.6850,-650.35,0
68.6900,-650.35,0
68.6950,-809.31,0
68.7000,-809.31,0
68.7050,-866.91,0
68.7100,-866.91,0
68.7150,-866.91,0
68.7200,-866.91,0
68.7250,-866.91,0
68.7300,-1224.00,0
68.7350,-623.26,0
68.7400,54.07,0
68.7450,54.07,0
68.7500,185.70,0
68.7550,342.42,0
68.7600,342.42,0
68.7650,342.42,0
68.7700,342.42,0
68.7750,342.42,0
68.7800,342.42,0
68.7850,-308.38,0
68.7900,-308.38,0
68.7950,-452.74,0
68.8000,-452.74,0
68.8050,-1226.60,0
68.8100,-608.56,0
68.8150,-257.11,0
68.8200,-940.05,0
68.8250,-940.05,0
68.8300,-940.05,0
68.8350,-940.05,0
68.8400,-940.05,0
68.8450,-810.14,0
68.8500,-810.14,0
68.8550,-810.14,0
68.8600,-2163.95,0
68.8650,-2163.95,0
68.8700,-2256.82,0
68.8750,-2256.82,0
68.8800,-1013.68,0
68.8850,-1937.32,0
68.8900,-1933.22,0
68.8950,-1933.22,0
68.9000,-2699.73,0
68.9050,-2699.73,0
68.9100,-2445.93,0
68.9150,-2445.93,0
68.9200,-2445.93,0
68.9250,-2445.93,0
68.9300,-1870.70,0
68.9350,-1870.70,0
68.9400,-1809.53,0
68.9450,-2585.26,0
68.9500,-2585.26,0
68.9550,-2616.91,0
68.9600,-2616.91,0
68.9650,-1099.60,0
68.9700,-2616.91,0
68.9750,-2128.75,0
68.9800,-2616.91,0
68.9850,-2145.68,0
68.9900,-2145.68,0
68.9950,-2189.69,0
69.0000,-2189.69,0
69.0050,-2392.88,0
69.0100,-2392.88,0
69.0150,-2124.35,0
69.0200,-2124.35,0
69.0250,-2542.87,0
69.0300,-1090.15,0
69.0350,-3024.31,0
69.0400,-2245.78,0
69.0450,-3402.97,0
69.0500,-3402.97,0
69.0550,-1716.88,0
69.0600,-3024.31,0
69.0650,-3791.23,0
69.0700,-3791.23,0
69.0750,-3517.71,0
69.0800,-3517.71,0
69.0850,-3577.57,0
69.0900,-3577.57,0
69.0950,-3945.38,0
69.1000,-3945.38,0
69.1050,-2155.83,0
69.1100,-3945.38,0
69.1150,-3945.38,0
69.1200,-4298.57,0
69.1250,-4298.57,0
69.1300,-4513.45,0
69.1350,-2170.08,0
69.1400,-5051.51,0
69.1450,-4655.66,0
69.1500,-4655.66,0
69.1550,-4655.66,0
69.1600,-4655.66,0
69.1650,-4106.02,0
69.1700,-4106.02,0
69.1750,-3587.84,0
69.1800,-3587.84,0
69.1850,-146.63,0
69.1900,-5030.54,0
69.1950,289.41,0
69.2000,289.41,0
69.2050,-3791.69,0
69.2100,203.71,0
69.2150,-117.68,0
69.2200,-238.25,0
69.2250,-238.25,0
69.2300,-4778.11,0
69.2350,-238.25,0
69.2400,-238.25,0
69.2450,-258.67,0
69.2500,-258.67,0
69.2550,202.66,0
69.2600,202.66,0
69.2650,-291.95,0
69.2700,763.97,0
69.2750,-640.04,0
69.2800,-640.04,0
69.2850,-640.04,0
69.2900,-640.04,0
69.2950,-640.04,0
69.3000,-258.67,0
69.3050,-42.79,0
69.3100,266.59,0
69.3150,266.59,0
69.3200,266.59,0
69.3250,-440.15,0
69.3300,-292.14,0
69.3350,-204.45,0
69.3400,-204.45,0
69.3450,-204.45,0
69.3500,442.31,0
69.3550,442.31,0
69.3600,860.33,0
69.3650,860.33,0
69.3700,860.33,0
69.3750,65.40,0
69.3800,1066.19,0
69.3850,-258.36,0
69.3900,1375.13,0
69.3950,1858.45,0
69.4000,1546.26,0
69.4050,1546.26,0
69.4100,1546.26,0
69.4150,1546.26,0
69.4200,732.58,0
69.4250,732.58,0
69.4300,841.83,0
69.4350,841.83,0
69.4400,-643.16,0
69.4450,1154.08,0
69.4500,1004.19,0
69.4550,1004.19,0
69.4600,1004.19,0
69.4650,1004.19,0
69.4700,-345.76,0
69.4750,1395.68,0
69.4800,1078.28,0
69.4850,1078.28,0
69.4900,830.41,0
69.4950,830.41,0
69.5000,383.25,0
69.5050,383.25,0
69.5100,383.25,0
69.5150,383.25,0
69.5200,-151.87,0
69.5250,-151.87,0
69.5300,-320.56,0
69.5350,-320.56,0
69.5400,904.05,0
69.5450,121.08,0
69.5500,121.08,0
69.5550,121.08,0
69.5600,-212.19,0
69.5650,-212.19,0
69.5700,120.82,0
69.5750,120.82,0
69.5800,120.82,0
69.5850,120.82,0
69.5900,1320.94,0
69.5950,-136.87,0
69.6000,-136.87,0
69.6050,255.31,0
69.6100,255.31,0
69.6150,9.95,0
69.6200,9.95,0
69.6250,-228.51,0
69.6300,-228.51,0
69.6350,-228.51,0
69.6400,1188.54,0
69.6450,-228.51,0
69.6500,-228.51,0
69.6550,-725.48,0
69.6600,-725.48,0
69.6650,-1408.01,0
69.6700,-1408.01,0
69.6750,-1705.91,0
69.6800,53.07,0
69.6850,-1241.60,0
69.6900,-821.45,0
69.6950,-821.45,0
69.7000,-761.86,0
69.7050,-761.86,0
69.7100,-216.62,0
69.7150,-40.37,0
69.7200,-1658.13,0
69.7250,-1658.13,0
69.7300,-1572.27,0
69.7350,-209.22,0
69.7400,-1572.27,0
69.7450,-1083.39,0
69.7500,-1083.39,0
69.7550,-1083.39,0
69.7600,-1326.09,0
69.7650,-1326.09,0
69.7700,-1326.09,0
69.7750,-1307.99,0
69.7800,-1307.99,0
69.7850,-2098.39,0
69.7900,-2098.39,0
69.7950,-2872.49,0
69.8000,-2872.49,0
69.8050,-2872.49,0
69.8100,-2692.22,0
69.8150,-2692.22,0
69.8200,-247.63,0
69.8250,-2692.22,0
69.8300,-2692.22,0
69.8350,-1241.88,0
69.8400,-2197.88,0
69.8450,-2391.53,0
69.8500,-2485.21,0
69.8550,-2485.21,0
69.8600,-2586.94,0
69.8650,-2586.94,0
69.8700,-2586.94,0
69.8750,-2489.65,0
69.8800,-2489.65,0
69.8850,-2997.23,0
69.8900,-2997.23,0
69.8950,-3485.61,0
69.9000,-3485.61,0
69.9050,-2999.96,0
69.9100,-2999.96,0
69.9150,-2439.99,0
69.9200,-2439.99,0
69.9250,-2439.99,0
69.9300,-2590.22,0
69.9350,-2590.22,0
69.9400,-2590.22,0
69.9450,-1978.01,0
69.9500,-1978.01,0
69.9550,-1939.61,0
69.9600,-1939.61,0
69.9650,-2787.36,0
69.9700,-2787.36,0
69.9750,-2675.66,0
69.9800,-2787.36,0
69.9850,-1933.96,0
69.9900,-2607.99,0
69.9950,-2573.87,0
70.0000,-2573.87,0
70.0050,-2573.87,0
70.0100,-2573.87,0
70.0150,672.88,0
70.0200,2259.44,0
70.0250,2259.44,0
70.0300,2259.44,0
70.0350,-2397.53,0
70.0400,2584.92,0
70.0450,2584.92,0
70.0500,2584.92,0
70.0550,3261.03,0
70.0600,3261.03,0
70.0650,3435.76,0
70.0700,3435.76,0
70.0750,3629.40,0
70.0800,3629.40,0
70.0850,3629.40,0
70.0900,3629.40,0
70.0950,3629.40,0
70.1000,3261.03,0
70.1050,3237.96,0
70.1100,3237.96,0
70.1150,2907.50,0
70.1200,2907.50,0
70.1250,2916.10,0
70.1300,2916.10,0
70.1350,2916.10,0
70.1400,2916.10,0
70.1450,3204.95,0
70.1500,3204.95,0
70.1550,3325.60,0
70.1600,3325.60,0
70.1650,3316.06,0
70.1700,3316.06,0
70.1750,3057.16,0
70.1800,3316.06,0
70.1850,3316.06,0
70.1900,2819.47,0
70.1950,2819.47,0
70.2000,2472.59,0
70.2050,2472.59,0
70.2100,2310.09,0
70.2150,3229.78,0
70.2200,2954.78,0
70.2250,3230.70,0
70.2300,1813.62,0
70.2350,1813.62,0
70.2400,1462.44,0
70.2450,1462.44,0
70.2500,1574.48,0
70.2550,1574.48,0
70.2600,1574.48,0
70.2650,1574.48,0
70.2700,1574.48,0
70.2750,1574.48,0
70.2800,1888.20,0
70.2850,1888.20,0
70.2900,2861.29,0
70.2950,3030.29,0
70.3000,2621.38,0
70.3050,2030.86,0
70.3100,2271.59,0
70.3150,2887.18,0
70.3200,1411.68,0
70.3250,2495.39,0
70.3300,2547.34,0
70.3350,2547.34,0
70.3400,2233.65,0
70.3450,2233.65,0
70.3500,2233.65,0
70.3550,2233.65,1
70.3600,2233.65,0
70.3650,2233.65,0
70.3700,2182.07,0
70.3750,2182.07,0
70.3800,2491.96,0
70.3850,2491.96,0
70.3900,2184.35,0
70.3950,2184.35,0
70.4000,2184.35,0
70.4050,2184.35,0
70.4100,2184.35,0
70.4150,2184.35,0
70.4200,1377.95,0
70.4250,1377.95,0
70.4300,1212.05,0
70.4350,1434.66,0
70.4400,1434.66,0
70.4450,1273.60,0
70.4500,1273.60,0
70.4550,1140.41,0
70.4600,1140.41,0
70.4650,1719.23,0
70.4700,1719.23,0
70.4750,1719.23,0
70.4800,2154.91,0
70.4850,1797.42,0
70.4900,1797.42,0
70.4950,1468.31,0
70.5000,2329.82,0
70.5050,2202.53,0
70.5100,832.68,0
70.5150,468.60,0
70.5200,468.60,0
70.5250,738.06,0
70.5300,1423.13,0
70.5350,738.06,0
70.5400,738.06,0
70.5450,738.06,0
70.5500,1170.29,0
70.5550,1170.29,0
70.5600,725.66,0
70.5650,725.66,0
70.5700,725.66,0
70.5750,725.66,0
70.5800,725.66,0
70.5850,725.66,0
70.5900,1997.78,0
70.5950,1997.78,0
70.6000,2210.81,0
70.6050,2210.81,0
70.6100,2173.58,0
70.6150,1149.71,0
70.6200,2173.58,0
70.6250,2173.58,0
70.6300,2144.99,0
70.6350,2394.70,0
70.6400,1020.09,0
70.6450,2394.70,0
70.6500,794.58,0
70.6550,2129.08,0
70.6600,1974.57,0
70.6650,1974.57,0
70.6700,1974.57,0
70.6750,2403.75,0
70.6800,2403.75,0
70.6850,2305.67,0
70.6900,2638.14,0
70.6950,2638.14,0
70.7000,2100.13,0
70.7050,3160.83,0
70.7100,2658.32,0
70.7150,2658.32,0
70.7200,2658.32,0
70.7250,2658.32,0
70.7300,2658.32,0
70.7350,2658.32,0
70.7400,1850.06,0
70.7450,1850.06,0
70.7500,2547.58,0
70.7550,3247.76,0
70.7600,2315.13,0
70.7650,2315.13,0
70.7700,2019.17,0
70.7750,2573.17,0
70.7800,2783.36,0
70.7850,3027.90,0
70.7900,935.34,0
70.7950,2674.89,0
70.8000,2674.89,0
70.8050,2674.89,0
70.8100,2674.89,0
70.8150,3239.30,0
70.8200,3239.30,0
70.8250,3239.30,0
70.8300,3239.30,0
70.8350,-13736.29,0
70.8400,-13736.29,0
70.8450,-14133.86,0
70.8500,-14133.86,0
70.8550,-13402.44,0
70.8600,-13402.44,0
70.8650,1850.88,0
70.8700,-13605.75,0
70.8750,-13414.03,0
70.8800,-13414.03,0
70.8850,-13434.01,0
70.8900,3036.61,0
70.8950,-13434.01,0
70.9000,-13434.01,0
70.9050,2177.44,0
70.9100,2951.34,0
70.9150,-14486.04,0
70.9200,-14471.89,0
70.9250,-14471.89,0
70.9300,-14471.89,0
70.9350,-14471.89,0
70.9400,-13840.00,0
70.9450,3104.03,0
70.9500,-14258.04,0
70.9550,-14258.04,0
70.9600,-14258.04,0
70.9650,-13402.41,0
70.9700,-14120.73,0
70.9750,-14120.73,0
70.9800,-13617.59,0
70.9850,-13617.59,0
70.9900,-13617.59,0
70.9950,-13617.59,0
71.0000,-13495.64,0
71.0050,-13495.64,0
71.0100,-14487.70,0
71.0150,-13808.91,0
71.0200,-13909.80,0
71.0250,-13790.89,0
71.0300,-13790.89,0
71.0350,-12827.71,0
71.0400,-12827.71,0
71.0450,-12827.71,0
71.0500,-12523.32,0
71.0550,-12616.25,0
71.0600,-12713.45,0
71.0650,-12713.45,0
71.0700,-12713.45,0
71.0750,-12713.45,0
71.0800,-12572.17,0
71.0850,-12990.77,0
71.0900,-12990.77,0
71.0950,-12762.44,0
71.1000,-13009.63,0
71.1050,-12215.98,0
71.1100,-12693.94,0
71.1150,-11952.24,0
71.1200,-11952.24,0
71.1250,-12404.98,0
71.1300,-12036.02,0
71.1350,-12138.98,0
71.1400,-12138.98,0
71.1450,-12138.98,0
71.1500,-11733.01,0
71.1550,-11733.01,0
71.1600,-12090.71,0
71.1650,-14487.07,0
71.1700,-11393.89,0
71.1750,-11393.89,0
71.1800,-11393.89,0
71.1850,-11496.26,0
71.1900,-11496.26,0
71.1950,-12141.61,0
71.2000,-12141.61,0
71.2050,-11997.23,0
71.2100,-11997.23,0
71.2150,-11997.23,0
71.2200,-11997.23,0
71.2250,-11817.36,0
71.2300,-11817.36,0
71.2350,-11499.74,0
71.2400,-11499.74,0
71.2450,-10628.87,0
71.2500,-11261.57,0
71.2550,-10628.87,0
71.2600,-10628.87,0
71.2650,-12797.22,0
71.2700,-10628.87,0
71.2750,-10124.25,0
71.2800,-9692.28,0
71.2850,-11394.60,0
71.2900,-9803.83,0
71.2950,-9803.83,0
71.3000,-10070.44,0
71.3050,-10070.44,0
71.3100,-10884.75,0
71.3150,-10884.75,0
71.3200,-11454.17,0
71.3250,-10070.44,0
71.3300,-11164.18,0
71.3350,-11164.18,0
71.3400,-11512.67,0
71.3450,-11512.67,0
71.3500,-11726.83,0
71.3550,-11866.44,0
71.3600,-12359.36,0
71.3650,-12359.36,0
71.3700,-12750.72,0
71.3750,-12750.72,0
71.3800,-12458.10,0
71.3850,-12458.10,0
71.3900,-12458.10,0
71.3950,-12195.90,0
71.4000,-12533.23,0
71.4050,-12533.23,0
71.4100,-12533.23,0
71.4150,-12752.66,0
71.4200,-12752.66,0
71.4250,-12572.77,0
71.4300,-12572.77,0
71.4350,-12377.40,0
71.4400,-12752.66,0
71.4450,-9917.31,0
71.4500,-12377.40,0
71.4550,-12841.97,0
71.4600,-12841.97,0
71.4650,-12123.05,0
71.4700,-12123.05,0
71.4750,-10724.93,0
71.4800,-11499.77,0
71.4850,-9806.50,0
71.4900,-11541.29,0
71.4950,-10582.15,0
71.5000,-10582.15,0
71.5050,-10821.71,0
71.5100,-10821.71,0
71.5150,-12555.09,0
71.5200,-10413.84,0
71.5250,-10413.84,0
71.5300,-10413.84,0
71.5350,-10413.84,0
71.5400,-10413.84,0
71.5450,-12095.79,0
71.5500,-12447.52,0
71.5550,-12447.52,0
71.5600,-12447.52,0
71.5650,-11529.66,0
71.5700,-11694.66,0
71.5750,-10903.17,0
71.5800,-10903.17,0
71.5850,-10562.80,0
71.5900,-11042.48,0
71.5950,-11042.48,0
71.6000,-11049.86,0
71.6050,-11049.86,0
71.6100,-11389.42,0
71.6150,-11389.42,0
71.6200,-10369.30,0
71.6250,-10369.30,0
71.6300,-3578.04,0
71.6350,-3578.04,0
71.6400,-3578.04,0
71.6450,-3578.04,0
71.6500,-3089.83,0
71.6550,-3089.83,0
71.6600,-3322.69,0
71.6650,-3322.69,0
71.6700,-3156.56,0
71.6750,-3211.25,0
71.6800,-3194.34,0
71.6850,-3194.34,0
71.6900,-2759.07,0
71.6950,-2759.07,0
71.7000,-2282.23,0
71.7050,-2759.07,0
71.7100,-11042.33,0
71.7150,-1817.73,0
71.7200,-1817.73,0
71.7250,-1817.73,0
71.7300,-2546.99,0
71.7350,-10878.40,0
71.7400,-2546.99,0
71.7450,-2546.99,0
71.7500,-2870.80,0
71.7550,-2870.80,0
71.7600,-2870.80,0
71.7650,-2546.29,0
71.7700,-2546.29,0
71.7750,-2546.29,0
71.7800,-1649.36,0
71.7850,-1649.36,0
71.7900,-10101.36,0
71.7950,-1649.36,0
71.8000,-1649.36,0
71.8050,-985.80,0
71.8100,-985.80,0
71.8150,-985.80,0
71.8200,-853.45,0
71.8250,-853.45,0
71.8300,-1266.30,0
71.8350,-1266.30,0
71.8400,-1517.18,0
71.8450,-1569.04,0
71.8500,-1569.04,0
71.8550,-1533.75,0
71.8600,-2546.33,0
71.8650,-1727.95,0
71.8700,-2734.02,0
71.8750,-3375.10,0
71.8800,-3375.10,0
71.8850,-3692.67,0
71.8900,-3692.67,0
71.8950,-3689.42,0
71.9000,-3689.42,0
71.9050,-4314.07,0
71.9100,-4314.07,0
71.9150,-2444.00,0
71.9200,-4053.02,0
71.9250,-4053.02,0
71.9300,-3809.92,0
71.9350,-3495.36,0
71.9400,-3495.36,0
71.9450,-3461.67,0
71.9500,-3461.67,0
71.9550,-3461.67,0
71.9600,-2697.41,0
71.9650,-3848.14,0
71.9700,-3848.14,0
71.9750,-3848.14,0
71.9800,-3848.14,0
71.9850,-3762.51,0
71.9900,-3762.51,0
71.9950,-3306.10,0
72.0000,-3306.10,0
72.0050,-3672.99,0
72.0100,-3306.10,0
72.0150,-2810.10,0
72.0200,-3762.51,0
72.0250,-2572.18,0
72.0300,-3495.37,0
72.0350,-2088.46,0
72.0400,-3963.81,0
72.0450,-1711.70,0
72.0500,-1711.70,0
72.0550,-3566.08,0
72.0600,-4064.58,0
72.0650,-1711.70,0
72.0700,-1711.70,0
72.0750,-1711.70,0
72.0800,-1711.70,0
72.0850,-1711.70,0
72.0900,-1778.25,0
72.0950,-1961.75,0
72.1000,-1961.75,0
72.1050,-1961.75,0
72.1100,-2302.75,0
72.1150,-2302.75,0
72.1200,-2073.87,0
72.1250,-2073.87,0
72.1300,-2073.87,0
72.1350,-2286.13,0
72.1400,-2286.13,0
72.1450,-1778.26,0
72.1500,-2563.85,0
72.1550,-2903.94,0
72.1600,-2563.85,0
72.1650,-2848.20,0
72.1700,-2848.20,0
72.1750,-2848.20,0
72.1800,-2611.73,0
72.1850,-1904.18,0
72.1900,-1904.18,0
72.1950,-2503.99,0
72.2000,-2503.99,0
72.2050,-2448.97,0
72.2100,-2448.97,0
72.2150,-2287.20,0
72.2200,-2676.05,0
72.2250,-2287.20,0
72.2300,-2287.20,0
72.2350,-2870.99,0
72.2400,-2870.99,0
72.2450,-2581.99,0
72.2500,-2870.99,0
72.2550,-3243.26,0
72.2600,-3243.26,0
72.2650,-3243.26,0
72.2700,-1724.69,0
72.2750,-3043.28,0
72.2800,-2893.96,0
72.2850,-2454.39,0
72.2900,-2454.39,0
72.2950,-2454.39,0
72.3000,-2606.72,0
72.3050,-2606.72,0
72.3100,-3271.75,0
72.3150,-2506.47,0
72.3200,-2123.91,0
72.3250,-2336.90,0
72.3300,-2336.90,0
72.3350,-2367.34,0
72.3400,-2367.34,0
72.3450,-2367.34,0
72.3500,-2045.75,0
72.3550,-2868.14,0
72.3600,-2868.14,0
72.3650,-3073.08,0
72.3700,-2575.73,0
72.3750,-3073.08,0
72.3800,-3073.08,0
72.3850,-3073.08,0
72.3900,-3073.08,0
72.3950,-3073.08,0
72.4000,-2823.06,0
72.4050,-2083.11,0
72.4100,-2083.11,0
72.4150,-2083.11,0
72.4200,-2083.11,0
72.4250,-2099.24,0
72.4300,-2099.24,0
72.4350,-2099.24,0
72.4400,-2415.57,0
72.4450,-2435.16,0
72.4500,-1568.29,0
72.4550,-1568.29,0
72.4600,-2057.54,0
72.4650,6540.89,0
72.4700,6330.27,0
72.4750,6330.27,0
72.4800,6099.13,0
72.4850,6099.13,0
72.4900,5785.42,0
72.4950,5785.42,0
72.5000,5077.06,0
72.5050,5077.06,0
72.5100,5077.06,0
72.5150,5077.06,0
72.5200,5077.06,0
72.5250,5077.06,0
72.5300,6330.27,0
72.5350,4824.95,0
72.5400,4220.63,0
72.5450,4220.63,0
72.5500,3986.05,0
72.5550,3986.05,0
72.5600,3986.05,0
72.5650,4220.63,0
72.5700,3037.92,0
72.5750,3037.92,0
72.5800,3040.14,0
72.5850,3040.14,0
72.5900,2570.10,0
72.5950,2495.91,0
72.6000,6490.23,0
72.6050,2495.91,0
72.6100,2495.91,0
72.6150,2495.91,0
72.6200,2686.70,0
72.6250,2686.70,0
72.6300,2676.97,0
72.6350,2250.13,0
72.6400,2250.13,0
72.6450,2511.14,0
72.6500,2511.14,0
72.6550,2511.14,0
72.6600,2511.14,0
72.6650,4835.46,0
72.6700,2562.68,0
72.6750,2195.81,0
72.6800,2195.81,0
72.6850,2209.84,0
72.6900,2209.84,0
72.6950,4694.43,0
72.7000,2769.11,0
72.7050,2769.11,0
72.7100,2769.11,0
72.7150,2809.03,0
72.7200,2809.03,0
72.7250,3371.01,0
72.7300,3371.01,0
72.7350,4273.36,0
72.7400,4273.36,0
72.7450,4398.43,0
72.7500,4398.43,0
72.7550,4274.45,0
72.7600,4274.45,0
72.7650,4117.80,0
72.7700,4117.80,0
72.7750,4687.09,0
72.7800,4687.09,0
72.7850,5314.50,0
72.7900,5314.50,0
72.7950,4992.49,0
72.8000,4992.49,0
72.8050,5302.68,0
72.8100,5302.68,0
72.8150,5265.19,0
72.8200,5940.83,0
72.8250,5940.83,0
72.8300,5940.83,0
72.8350,6437.82,0
72.8400,6437.82,0
72.8450,6420.45,0
72.8500,3937.61,0
72.8550,6761.00,0
72.8600,6761.00,0
72.8650,6640.96,0
72.8700,7168.42,0
72.8750,5265.19,0
72.8800,7168.42,0
72.8850,7168.42,0
72.8900,7662.25,0
72.8950,7662.25,0
72.9000,7662.25,0
72.9050,7536.57,0
72.9100,7536.57,0
72.9150,7361.74,0
72.9200,7361.74,0
72.9250,7361.74,0
72.9300,7361.74,0
72.9350,7455.58,0
72.9400,7455.58,0
72.9450,7398.57,0
72.9500,8034.15,0
72.9550,7466.14,0
72.9600,8186.92,0
72.9650,8186.92,0
72.9700,7398.57,0
72.9750,5151.22,0
72.9800,8789.86,0
72.9850,8789.86,0
72.9900,8400.87,0
72.9950,8400.87,0
73.0000,8861.46,0
73.0050,8861.46,0
73.0100,7581.37,0
73.0150,9214.85,0
73.0200,7729.91,0
73.0250,9214.85,0
73.0300,7980.22,0
73.0350,7980.22,0
73.0400,7921.81,0
73.0450,7581.34,0
73.0500,7108.85,0
73.0550,7108.85,0
73.0600,7884.54,0
73.0650,7108.85,0
73.0700,7878.77,0
73.0750,7878.77,0
73.0800,7342.83,0
73.0850,7342.83,0
73.0900,7342.83,0
73.0950,8188.98,0
73.1000,7469.34,0
73.1050,7469.34,0
73.1100,7697.19,0
73.1150,7697.19,0
73.1200,7685.51,0
73.1250,7685.51,0
73.1300,7685.51,0
73.1350,7867.08,0
73.1400,7867.08,0
73.1450,7591.47,0
73.1500,7867.08,0
73.1550,7867.08,0
73.1600,7867.08,0
73.1650,6598.36,0
73.1700,7014.45,0
73.1750,7014.45,0
73.1800,7014.45,0
73.1850,7094.62,0
73.1900,6670.97,0
73.1950,7094.62,0
73.2000,6860.02,0
73.2050,6860.02,0
73.2100,7142.02,0
73.2150,7142.02,0
73.2200,6879.74,0
73.2250,6879.74,0
73.2300,6559.65,0
73.2350,6559.65,0
73.2400,6559.65,0
73.2450,6559.65,0
73.2500,7187.28,0
73.2550,8876.46,0
73.2600,7671.66,0
73.2650,7671.66,0
73.2700,6879.74,0
73.2750,6427.23,0
73.2800,14368.21,0
73.2850,14368.21,0
73.2900,14368.21,0
73.2950,14368.21,0
73.3000,14368.21,0
73.3050,14368.21,0
73.3100,14943.89,0
73.3150,14943.89,0
73.3200,14982.28,0
73.3250,14982.28,0
73.3300,14982.28,0
73.3350,14982.28,0
73.3400,14740.10,0
73.3450,14740.10,0
73.3500,14578.65,0
73.3550,14578.65,0
73.3600,13812.60,0
73.3650,14847.66,0
73.3700,14847.66,0
73.3750,14847.66,0
73.3800,14847.66,0
73.3850,15679.46,0
73.3900,15679.46,0
73.3950,15558.13,0
73.4000,15558.13,0
73.4050,15077.79,0
73.4100,14720.57,0
73.4150,14720.57,0
73.4200,15291.61,0
73.4250,14720.57,0
73.4300,14720.57,0
73.4350,15094.50,0
73.4400,15119.49,0
73.4450,15119.49,0
73.4500,14832.92,0
73.4550,14832.92,0
73.4600,13990.16,0
73.4650,13990.16,0
73.4700,13642.34,0
73.4750,13642.34,0
73.4800,13642.34,0
73.4850,13589.34,0
73.4900,15196.67,0
73.4950,14607.03,0
73.5000,13277.93,0
73.5050,13642.34,0
73.5100,15556.31,0
73.5150,13649.65,0
73.5200,13649.65,0
73.5250,14220.36,0
73.5300,14417.30,0
73.5350,14300.28,0
73.5400,13757.98,0
73.5450,13757.98,0
73.5500,15191.39,0
73.5550,13348.34,0
73.5600,12281.09,0
73.5650,15559.71,0
73.5700,14687.30,0
73.5750,11996.17,0
73.5800,11996.17,0
73.5850,11681.59,0
73.5900,11681.59,0
73.5950,15106.87,0
73.6000,11681.59,0
73.6050,11681.59,0
73.6100,11681.59,0
73.6150,11114.66,0
73.6200,11592.57,0
73.6250,11592.57,0
73.6300,11094.65,0
73.6350,11094.65,0
73.6400,11094.65,0
73.6450,11094.65,0
73.6500,11094.65,0
73.6550,11640.89,0
73.6600,11640.89,0
73.6650,12061.10,0
73.6700,12061.10,0
73.6750,11497.13,0
73.6800,11860.86,0
73.6850,11354.54,0
73.6900,11354.54,0
73.6950,11326.35,0
73.7000,11187.21,0
73.7050,11157.39,0
73.7100,11157.39,0
73.7150,10813.13,0
73.7200,10813.13,0
73.7250,10874.54,0
73.7300,10874.54,0
73.7350,10874.54,0
73.7400,10874.54,0
73.7450,10684.25,0
73.7500,10684.25,0
73.7550,10788.00,0
73.7600,10788.00,0
73.7650,10800.61,0
73.7700,11243.66,0
73.7750,10820.51,0
73.7800,10820.51,0
73.7850,10901.56,0
73.7900,10901.56,0
73.7950,10830.93,0
73.8000,11637.62,0
73.8050,11637.62,0
73.8100,11637.62,0
73.8150,11637.62,0
73.8200,11637.62,0
73.8250,11191.32,0
73.8300,11193.11,0
73.8350,11094.19,0
73.8400,11094.19,0
73.8450,1027.01,0
73.8500,11094.19,0
73.8550,11303.47,0
73.8600,11303.47,0
73.8650,11419.46,0
73.8700,11419.46,0
73.8750,11419.46,0
73.8800,11419.46,0
73.8850,11314.07,0
73.8900,11314.07,0
73.8950,10352.43,0
73.9000,10352.43,0
73.9050,9835.92,0
73.9100,11423.85,0
73.9150,10184.62,0
73.9200,10184.62,0
73.9250,10525.32,0
73.9300,10525.32,0
73.9350,10663.57,0
73.9400,9753.02,0
73.9450,9753.02,0
73.9500,9352.83,0
73.9550,9352.83,0
73.9600,9710.48,0
73.9650,9710.48,0
73.9700,10663.57,0
73.9750,9536.10,0
73.9800,9412.44,0
73.9850,9412.44,0
73.9900,9867.78,0
73.9950,9867.78,0
74.0000,9554.47,0
74.0050,9554.47,0
74.0100,9554.47,0
74.0150,9554.47,0
74.0200,9554.47,0
74.0250,9554.47,0
74.0300,9552.39,0
74.0350,9552.39,0
74.0400,9759.98,0
74.0450,8740.24,0
74.0500,8443.79,0
74.0550,8443.79,0
74.0600,8443.79,0
74.0650,8684.89,0
74.0700,9552.39,0
74.0750,8916.02,0
74.0800,12669.94,0
74.0850,12669.94,0
74.0900,12669.94,0
74.0950,12669.94,0
74.1000,8769.82,0
74.1050,12598.30,0
74.1100,13098.76,0
74.1150,13098.76,0
74.1200,13201.81,0
74.1250,13201.81,0
74.1300,13201.81,0
74.1350,9227.28,0
74.1400,8443.81,0
74.1450,9290.97,0
74.1500,13039.27,0
74.1550,12337.36,0
74.1600,12908.91,0
74.1650,12908.91,0
74.1700,12908.91,0
74.1750,12908.91,0
74.1800,13324.46,0
74.1850,13324.46,0
74.1900,13324.46,0
74.1950,12968.40,0
74.2000,8535.97,0
74.2050,13132.94,0
74.2100,12947.55,0
74.2150,12947.55,0
74.2200,12947.55,0
74.2250,13994.62,0
74.2300,13994.62,0
74.2350,14611.22,0
74.2400,14611.22,0
74.2450,14658.54,0
74.2500,14658.54,0
74.2550,14878.46,0
74.2600,14878.46,0
74.2650,14878.46,0
74.2700,14561.45,0
74.2750,14561.45,0
74.2800,14651.58,0
74.2850,14651.58,0
74.2900,14651.58,0
74.2950,15089.96,0
74.3000,14469.99,0
74.3050,14469.99,0
74.3100,14469.99,0
74.3150,14902.08,0
74.3200,14651.58,0
74.3250,15007.07,0
74.3300,14693.02,0
74.3350,14693.02,0
74.3400,14519.83,0
74.3450,14312.13,0
74.3500,13001.96,0
74.3550,14659.79,0
74.3600,14659.79,0
74.3650,14238.07,0
74.3700,14238.07,0
74.3750,13979.22,0
74.3800,13979.22,0
74.3850,13979.22,0
74.3900,13979.22,0
74.3950,14481.60,0
74.4000,14864.76,0
74.4050,14298.79,0
74.4100,14298.79,0
74.4150,14006.99,0
74.4200,13315.20,0
74.4250,14312.15,0
74.4300,13315.20,0
74.4350,13315.20,0
74.4400,12193.86,0
74.4450,12193.86,0
74.4500,12786.98,0
74.4550,12786.98,0
74.4600,13314.91,0
74.4650,13314.91,0
74.4700,13080.05,0
74.4750,13133.57,0
74.4800,13133.57,0
74.4850,13133.57,0
74.4900,12757.25,0
74.4950,12757.25,0
74.5000,12757.25,0
74.5050,12705.43,0
74.5100,12705.43,0
74.5150,12757.25,0
74.5200,12973.99,0
74.5250,12777.34,0
74.5300,12777.34,0
74.5350,14409.87,0
74.5400,11730.12,0
74.5450,11730.12,0
74.5500,11748.45,0
74.5550,11748.45,0
74.5600,11935.12,0
74.5650,11935.12,0
74.5700,11935.12,0
74.5750,11726.10,0
74.5800,11726.10,0
74.5850,11362.75,0
74.5900,11362.75,0
74.5950,11093.55,0
74.6000,11093.55,0
74.6050,11935.12,0
74.6100,11584.38,0
74.6150,11584.38,0
74.6200,13270.49,0
74.6250,11347.75,0
74.6300,11347.75,0
74.6350,11347.75,0
74.6400,11347.75,0
74.6450,11154.93,0
74.6500,11154.93,0
74.6550,10110.71,0
74.6600,10110.71,0
74.6650,10376.23,0
74.6700,10376.23,0
74.6750,10240.07,0
74.6800,11840.32,0
74.6850,10441.08,0
74.6900,10441.08,0
74.6950,10831.74,0
74.7000,10831.74,0
74.7050,10831.74,0
74.7100,11736.64,0
74.7150,11736.64,0
74.7200,11776.95,0
74.7250,11776.95,0
74.7300,11776.95,0
74.7350,10584.66,0
74.7400,11776.95,0
74.7450,11916.77,0
74.7500,10012.21,0
74.7550,11870.91,0
74.7600,11870.91,0
74.7650,11870.91,0
74.7700,11870.91,0
74.7750,11537.07,0
74.7800,11537.07,0
74.7850,11893.88,0
74.7900,11893.88,0
74.7950,12024.54,0
74.8000,12511.85,0
74.8050,12511.85,0
74.8100,12511.85,0
74.8150,12910.19,0
74.8200,13075.77,0
74.8250,13075.77,0
74.8300,13265.22,0
74.8350,13265.22,0
74.8400,13224.43,0
74.8450,13224.43,0
74.8500,13224.43,0
74.8550,11871.49,0
74.8600,12352.79,0
74.8650,12172.67,0
74.8700,12172.67,0
74.8750,12172.67,0
74.8800,13110.35,0
74.8850,13110.35,0
74.8900,12404.51,0
74.8950,12404.51,0
74.9000,12404.51,0
74.9050,-1530.43,0
74.9100,-1530.43,0
74.9150,1091.87,0
74.9200,11568.97,0
74.9250,-1797.28,0
74.9300,13314.32,0
74.9350,-2368.58,0
74.9400,-2368.58,0
74.9450,-2184.74,0
74.9500,5540.38,0
74.9550,-2184.74,0
74.9600,-2184.74,0
74.9650,-2411.55,0
74.9700,-1370.08,0
74.9750,-1370.08,0
74.9800,-1370.08,0
74.9850,-1370.08,0
74.9900,6733.13,0
74.9950,12171.62,0
75.0000,-2127.41,0
75.0050,-2305.74,0
75.0100,-1432.36,0
75.0150,-1432.36,0
75.0200,-1773.00,0
75.0250,-1773.00,0
75.0300,-2132.82,0
75.0350,-1773.00,0
75.0400,-2132.82,0
75.0450,-2644.78,0
75.0500,-2135.04,0
75.0550,-2135.04,0
75.0600,-2841.15,0
75.0650,-2841.15,0
75.0700,-2479.99,0
75.0750,-2479.99,0
75.0800,-2479.99,0
75.0850,-2479.99,0
75.0900,-2479.99,0
75.0950,-2479.99,0
75.1000,-3005.28,0
75.1050,-3005.28,0
75.1100,-3979.54,0
75.1150,-3979.54,0
75.1200,-4073.95,0
75.1250,-4073.95,0
75.1300,-4685.72,0
75.1350,-4685.72,0
75.1400,-5366.29,0
75.1450,-5366.29,0
75.1500,-5739.71,0
75.1550,-5739.71,0
75.1600,-4993.72,0
75.1650,-4993.72,0
75.1700,-4458.65,0
75.1750,-4458.65,0
75.1800,-3686.13,0
75.1850,-3686.13,0
75.1900,-3229.09,0
75.1950,-3229.09,0
75.2000,-3229.09,0
75.2050,-3229.09,0
75.2100,-2659.71,0
75.2150,-3141.84,0
75.2200,-3153.80,0
75.2250,-3409.35,0
75.2300,-3409.35,0
75.2350,-3409.35,0
75.2400,-5124.30,0
75.2450,-2543.30,0
75.2500,-3359.78,0
75.2550,-3927.61,0
75.2600,-3927.61,0
75.2650,-3927.61,0
75.2700,-3927.61,0
75.2750,-3904.69,0
75.2800,-3904.69,0
75.2850,-3587.58,0
75.2900,-3587.58,0
75.2950,-3929.20,0
75.3000,-3929.20,0
75.3050,-3488.50,0
75.3100,-3488.50,0
75.3150,-4424.89,0
75.3200,-4424.89,0
75.3250,-4424.89,0
75.3300,-4424.89,0
75.3350,-4702.37,0
75.3400,-4702.37,0
75.3450,-4266.72,0
75.3500,-4132.10,0
75.3550,-4504.04,1
75.3600,-4819.31,0
75.3650,-4819.31,0
75.3700,-5006.50,0
75.3750,-5006.50,0
75.3800,-5496.90,0
75.3850,-5496.90,0
75.3900,-5719.15,0
75.3950,-4702.37,0
75.4000,-5719.15,0
75.4050,-3929.12,0
75.4100,-5719.15,0
75.4150,-5719.15,0
75.4200,-5789.53,0
75.4250,-5789.53,0
75.4300,-5543.94,0
75.4350,-5687.33,0
75.4400,-4769.84,0
75.4450,-5913.18,0
75.4500,-5744.05,0
75.4550,-5744.05,0
75.4600,-5744.05,0
75.4650,-5664.09,0
75.4700,-5664.09,0
75.4750,-5664.09,0
75.4800,-5664.09,0
75.4850,-4653.84,0
75.4900,-5712.21,0
75.4950,-6517.98,0
75.5000,-6517.98,0
75.5050,-5675.26,0
75.5100,-5053.99,0
75.5150,-7562.70,0
75.5200,-7562.70,0
75.5250,-7595.54,0
75.5300,-7595.54,0
75.5350,-6953.69,0
75.5400,-6953.69,0
75.5450,-6953.69,0
75.5500,-6953.69,0
75.5550,-6311.71,0
75.5600,-5426.40,0
75.5650,-6907.93,0
75.5700,-6907.93,0
75.5750,-6907.93,0
75.5800,-6907.93,0
75.5850,-6330.90,0
75.5900,-6330.90,0
75.5950,-5740.45,0
75.6000,-7196.07,0
75.6050,-7196.07,0
75.6100,-6500.71,0
75.6150,-6797.31,0
75.6200,-6842.81,0
75.6250,-6842.81,0
75.6300,-6608.85,0
75.6350,-6695.39,0
75.6400,-6977.73,0
75.6450,-6907.95,0
75.6500,-6977.73,0
75.6550,-7160.25,0
75.6600,-7160.25,0
75.6650,-7545.36,0
75.6700,-7054.21,0
75.6750,-6667.64,0
75.6800,-6667.64,0
75.6850,-7041.28,0
75.6900,-7041.28,0
75.6950,-7041.28,0
75.7000,-6828.55,0
75.7050,-7181.86,0
75.7100,-7181.86,0
75.7150,-7455.37,0
75.7200,-7455.37,0
75.7250,-7964.17,0
75.7300,-7964.17,0
75.7350,-7883.45,0
75.7400,-7883.45,0
75.7450,-7858.44,0
75.7500,-7858.44,0
75.7550,-8366.59,0
75.7600,-9312.92,0
75.7650,-9312.92,0
75.7700,-9017.38,0
75.7750,-9017.38,0
75.7800,-8353.75,0
75.7850,-8353.75,0
75.7900,-8353.75,0
75.7950,-8536.79,0
75.8000,-8536.79,0
75.8050,-8536.79,0
75.8100,-8536.79,0
75.8150,-9014.32,0
75.8200,-9014.32,0
75.8250,-9014.32,0
75.8300,-8096.55,0
75.8350,-8096.55,0
75.8400,-8096.55,0
75.8450,-8693.63,0
75.8500,-8693.63,0
75.8550,-8693.63,0
75.8600,-8693.63,0
75.8650,-8693.63,0
75.8700,-8693.63,0
75.8750,-8573.33,0
75.8800,-8157.60,0
75.8850,-7627.82,0
75.8900,-7483.35,0
75.8950,-7483.35,0
75.9000,-7483.35,0
75.9050,-7483.35,0
75.9100,-7238.35,0
75.9150,-8824.36,0
75.9200,-7741.05,0
75.9250,-7741.05,0
75.9300,-8590.17,0
75.9350,-8590.17,0
75.9400,-8929.02,0
75.9450,-8929.02,0
75.9500,-8855.62,0
75.9550,-8855.62,0
75.9600,-8023.81,0
75.9650,-8023.81,0
75.9700,-8201.42,0
75.9750,-8201.42,0
75.9800,-9141.00,0
75.9850,-9141.00,0
75.9900,-9141.00,0
75.9950,-9141.00,0
76.0000,-9628.85,0
76.0050,-9628.85,0
76.0100,-9740.89,0
76.0150,-9740.89,0
76.0200,-9740.89,0
76.0250,-9740.89,0
76.0300,-9255.58,0
76.0350,-9255.58,0
76.0400,-8746.59,0
76.0450,-8746.59,0
76.0500,-9282.24,0
76.0550,-9282.24,0
76.0600,-9282.24,0
76.0650,-9282.24,0
76.0700,-9639.75,0
76.0750,-8741.40,0
76.0800,-8741.40,0
76.0850,-8783.26,0
76.0900,-8783.26,0
76.0950,-9572.35,0
76.1000,-9572.35,0
76.1050,-9174.79,0
76.1100,-9174.79,0
76.1150,-9174.79,0
76.1200,-9174.79,0
76.1250,-8735.87,0
76.1300,-8735.87,0
76.1350,-8735.87,0
76.1400,-8796.82,0
76.1450,-8796.82,0
76.1500,-8589.95,0
76.1550,-8865.40,0
76.1600,-9351.62,0
76.1650,-9351.62,0
76.1700,-9351.62,0
76.1750,-9351.62,0
76.1800,-9351.62,0
76.1850,-8677.43,0
76.1900,-9558.81,0
76.1950,-9558.81,0
76.2000,-9136.01,0
76.2050,-9136.01,0
76.2100,-9290.38,0
76.2150,-9072.10,0
76.2200,-9290.38,0
76.2250,-9290.38,0
76.2300,-9042.84,0
76.2350,-8815.29,0
76.2400,-9440.92,0
76.2450,-8815.29,0
76.2500,-9012.44,0
76.2550,-9944.02,0
76.2600,-9944.02,0
76.2650,-8819.31,0
76.2700,-10193.53,0
76.2750,-10193.53,0
76.2800,-9944.02,0
76.2850,-8727.59,0
76.2900,-10891.36,0
76.2950,-9980.53,0
76.3000,-10893.90,0
76.3050,-8815.28,0
76.3100,-10882.94,0
76.3150,-8728.32,0
76.3200,-10890.06,0
76.3250,-10890.06,0
76.3300,-10820.92,0
76.3350,-10820.92,0
76.3400,-10823.89,0
76.3450,-10823.89,0
76.3500,-10042.25,0
76.3550,-10042.25,0
76.3600,-10175.12,0
76.3650,-10175.12,0
76.3700,-10311.14,0
76.3750,-10311.14,0
76.3800,-10617.06,0
76.3850,-10465.18,0
76.3900,-10465.18,0
76.3950,-9527.58,0
76.4000,-10140.96,0
76.4050,-10311.14,0
76.4100,-10140.96,0
76.4150,-10140.96,0
76.4200,-10381.24,0
76.4250,-10553.37,0
76.4300,-10461.46,0
76.4350,-10835.45,0
76.4400,-10360.30,0
76.4450,-10360.30,0
76.4500,-9908.48,0
76.4550,-9908.48,0
76.4600,-9924.48,0
76.4650,-9924.48,0
76.4700,-11112.69,0
76.4750,-11205.29,0
76.4800,-11205.29,0
76.4850,-11205.29,0
76.4900,-11205.29,0
76.4950,-11205.29,0
76.5000,-10654.58,0
76.5050,-10638.50,0
76.5100,-10768.96,0
76.5150,-10768.96,0
76.5200,-11771.19,0
76.5250,-11771.19,0
76.5300,-12035.33,0
76.5350,-12035.33,0
76.5400,-10853.20,0
76.5450,-10853.20,0
76.5500,-919.63,0
76.5550,-12035.33,0
76.5600,-430.84,0
76.5650,-284.41,0
76.5700,-284.41,0
76.5750,-284.41,0
76.5800,-91.11,0
76.5850,-91.11,0
76.5900,381.11,0
76.5950,505.20,0
76.6000,505.20,0
76.6050,-11230.70,0
76.6100,514.82,0
76.6150,514.82,0
76.6200,418.81,0
76.6250,418.81,0
76.6300,174.28,0
76.6350,174.28,0
76.6400,-610.17,0
76.6450,-610.17,0
76.6500,-610.17,0
76.6550,-610.17,0
76.6600,-1393.70,0
76.6650,-1393.70,0
76.6700,-1881.54,0
76.6750,-1881.54,0
76.6800,-1220.77,0
76.6850,-1220.77,0
76.6900,-1082.43,0
76.6950,-1082.43,0
76.7000,-1082.43,0
76.7050,-754.35,0
76.7100,-754.35,0
76.7150,-11234.72,0
76.7200,-289.49,0
76.7250,-289.49,0
76.7300,-214.53,0
76.7350,-214.53,0
76.7400,392.16,0
76.7450,-21.91,0
76.7500,399.15,0
76.7550,399.15,0
76.7600,549.29,0
76.7650,549.29,0
76.7700,549.29,0
76.7750,351.49,0
76.7800,351.49,0
76.7850,-226.27,0
76.7900,223.11,0
76.7950,484.48,0
76.8000,484.48,0
76.8050,652.51,0
76.8100,652.51,0
76.8150,626.71,0
76.8200,626.71,0
76.8250,626.71,0
76.8300,-683.17,0
76.8350,-1060.97,0
76.8400,-1060.97,0
76.8450,-1060.97,0
76.8500,-1070.77,0
76.8550,-1070.77,0
76.8600,-1070.77,0
76.8650,-832.40,0
76.8700,-832.40,0
76.8750,-1959.27,0
76.8800,-1959.27,0
76.8850,-1917.85,0
76.8900,-1917.85,0
76.8950,-1917.85,0
76.9000,-1917.85,0
76.9050,-1935.89,0
76.9100,-1935.89,0
76.9150,-1935.89,0
76.9200,-2348.68,0
76.9250,-2348.68,0
76.9300,-2812.55,0
76.9350,-2812.55,0
76.9400,-2579.93,0
76.9450,-2579.93,0
76.9500,-2270.15,0
76.9550,-2270.15,0
76.9600,-2487.79,0
76.9650,-2487.79,0
76.9700,-2657.93,0
76.9750,-2657.93,0
76.9800,-2493.80,0
76.9850,-2107.95,0
76.9900,-2107.95,0
76.9950,-2107.95,0
77.0000,-2762.34,0
77.0050,-1749.20,0
77.0100,-1861.32,0
77.0150,-1925.39,0
77.0200,-1918.04,0
77.0250,-1965.69,0
77.0300,-1965.69,0
77.0350,-1965.69,0
77.0400,-1965.69,0
77.0450,-1975.65,0
77.0500,-1975.65,0
77.0550,-1928.78,0
77.0600,-1928.78,0
77.0650,-1962.70,0
77.0700,-1962.70,0
77.0750,-1901.03,0
77.0800,-1901.03,0
77.0850,-1960.79,0
77.0900,-1960.79,0
77.0950,-1934.11,0
77.1000,-1934.11,0
77.1050,-1957.65,0
77.1100,-1957.65,0
77.1150,-1958.45,0
77.1200,-1958.45,0
77.1250,-1931.76,0
77.1300,-1931.76,0
77.1350,-1898.99,0
77.1400,-1931.76,0
77.1450,-1957.38,0
77.1500,-1957.38,0
77.1550,-1926.89,0
77.1600,-1926.89,0
77.1650,-1926.89,0
77.1700,-1941.70,0
77.1750,-1941.70,0
77.1800,-1940.75,0
77.1850,-1940.75,0
77.1900,-1957.48,0
77.1950,-1957.48,0
77.2000,-1933.33,0
77.2050,-1933.33,0
77.2100,-1931.65,0
77.2150,-1948.67,0
77.2200,-1948.67,0
77.2250,-1948.67,0
77.2300,-1940.82,0
77.2350,-1969.84,0
77.2400,-1936.72,0
77.2450,-1936.72,0
77.2500,-1955.49,0
77.2550,-1955.49,0
77.2600,-1955.49,0
77.2650,-1955.49,0
77.2700,-1958.20,0
77.2750,-1958.20,0
77.2800,-1940.32,0
77.2850,-1940.32,0
77.2900,-1948.24,0
77.2950,-1948.24,0
77.3000,-1940.61,0
77.3050,-1940.61,0
77.3100,-1957.75,0
77.3150,-1943.28,0
77.3200,-1943.28,0
77.3250,-1943.28,0
77.3300,-1925.36,0
77.3350,-1954.88,0
77.3400,-1945.65,0
77.3450,-1945.65,0
77.3500,-1945.65,0
77.3550,-1943.28,0
77.3600,-1945.65,0
77.3650,-1946.22,0
77.3700,-23.95,0
77.3750,-15.49,0
77.3800,-15.49,0
77.3850,19.16,0
77.3900,19.16,0
77.3950,19.16,0
77.4000,19.16,0
77.4050,11.26,0
77.4100,11.26,0
77.4150,19.02,0
77.4200,19.02,0
77.4250,9.00,0
77.4300,9.00,0
77.4350,6.47,0
77.4400,-1804.09,0
77.4450,15.70,0
77.4500,15.70,0
77.4550,0.97,0
77.4600,0.97,0
77.4650,4.87,0
77.4700,4.87,0
77.4750,9.31,0
77.4800,9.31,0
77.4850,-0.37,0
77.4900,-0.37,0
77.4950,3.74,0
77.5000,3.74,0
77.5050,9.16,0
77.5100,9.16,0
77.5150,6.78,0
77.5200,6.78,0
77.5250,-0.89,0
77.5300,-0.89,0
77.5350,14.72,0
77.5400,14.72,0
77.5450,8.22,0
77.5500,8.22,0
77.5550,9.29,0
77.5600,9.29,0
77.5650,11.01,0
77.5700,11.01,0
77.5750,3.03,0
77.5800,15.44,0
77.5850,3.03,0
77.5900,3.03,0
77.5950,3.03,0
77.6000,6.93,0
77.6050,0.30,0
77.6100,0.30,0
77.6150,0.30,0
77.6200,-0.60,0
77.6250,-0.60,0
77.6300,5.53,0
77.6350,9.69,0
77.6400,9.69,0
77.6450,-1.39,0
77.6500,-1.39,0
77.6550,13.27,0
77.6600,13.27,0
77.6650,9.25,0
77.6700,9.25,0
77.6750,9.25,0
77.6800,-1.13,0
77.6850,10.88,0
77.6900,10.88,0
77.6950,10.88,0
77.7000,4.24,0
77.7050,4.24,0
77.7100,5.53,0
77.7150,6.99,0
77.7200,6.99,0
77.7250,6.99,0
77.7300,-0.66,0
77.7350,-0.66,0
77.7400,6.99,0
77.7450,0.06,0
77.7500,6.83,0
77.7550,6.83,0
77.7600,6.83,0
77.7650,6.83,0
77.7700,-0.35,0
77.7750,14.70,0
77.7800,14.70,0
77.7850,-0.24,0
77.7900,4.70,0
77.7950,8.10,0
77.8000,8.10,0
77.8050,8.10,0
77.8100,8.10,0
77.8150,9.83,0
77.8200,9.83,0
77.8250,9.83,0
77.8300,2.27,0
77.8350,9.17,0
77.8400,9.17,0
77.8450,9.17,0
77.8500,9.17,0
77.8550,1.09,0
77.8600,1.09,0
77.8650,1.72,0
77.8700,1.72,0
77.8750,1.72,0
77.8800,5.44,0
77.8850,5.44,0
77.8900,1.83,0
77.8950,16.11,0
77.9000,16.11,0
77.9050,1.91,0
77.9100,1.91,0
77.9150,1.91,0
77.9200,2.39,0
77.9250,9.28,0
77.9300,1.72,0
77.9350,12.23,0
77.9400,12.23,0
77.9450,1.72,0
77.9500,2.10,0
77.9550,8.81,0
77.9600,9.35,0
77.9650,-0.46,0
77.9700,-0.46,0
77.9750,-0.46,0
77.9800,-0.46,0
77.9850,1.85,0
77.9900,1.85,0
77.9950,9.79,0
78.0000,9.79,0
78.0050,9.79,0
78.0100,-1.75,0
78.0150,-1.75,0
78.0200,15.69,0
78.0250,15.69,0
78.0300,15.69,0
78.0350,15.69,0
78.0400,6.06,0
78.0450,6.06,0
78.0500,6.06,0
78.0550,8.63,0
78.0600,10.27,0
78.0650,3.30,0
78.0700,3.30,0
78.0750,3.97,0
78.0800,3.97,0
78.0850,3.97,0
78.0900,6.50,0
78.0950,6.50,0
78.1000,1.05,0
78.1050,1.05,0
78.1100,1.73,0
78.1150,1.73,0
78.1200,6.28,0
78.1250,6.28,0
78.1300,9.08,0
78.1350,-2.26,0
78.1400,-2.26,0
78.1450,15.01,0
78.1500,15.01,0
78.1550,9.48,0
78.1600,3.26,0
78.1650,3.26,0
78.1700,11.44,0
78.1750,11.44,0
78.1800,11.44,0
78.1850,11.44,0
78.1900,16.79,0
78.1950,14.66,0
78.2000,14.66,0
78.2050,14.66,0
78.2100,0.73,0
78.2150,0.73,0
78.2200,0.73,0
78.2250,6.50,0
78.2300,7.73,0
78.2350,7.73,0
78.2400,15.37,0
78.2450,11.44,0
78.2500,-1.09,0
78.2550,-1.09,0
78.2600,-1.09,0
78.2650,8.62,0
78.2700,8.62,0
78.2750,17.07,0
78.2800,17.07,0
78.2850,17.07,0
78.2900,-4.45,0
78.2950,-4.45,0
78.3000,5.80,0
78.3050,9.80,0
78.3100,9.80,0
78.3150,1.10,0
78.3200,1.10,0
78.3250,2.21,0
78.3300,1.56,0
78.3350,3.11,0
78.3400,3.11,0
78.3450,4.27,0
78.3500,4.27,0
78.3550,3.07,0
78.3600,-4.15,0
78.3650,-8.09,0
78.3700,-8.09,0
78.3750,3.20,0
78.3800,10.20,0
78.3850,10.20,0
78.3900,10.20,0
78.3950,10.20,0
78.4000,10.20,0
78.4050,10.20,0
78.4100,10.20,0
78.4150,11.22,0
78.4200,11.22,0
78.4250,11.22,0
78.4300,2.76,0
78.4350,7.83,0
78.4400,1.52,0
78.4450,13.01,0
78.4500,8.41,0
78.4550,-2.23,0
78.4600,-4.92,0
78.4650,-2.23,0
78.4700,5.27,0
78.4750,5.27,0
78.4800,3.09,0
78.4850,-3.44,0
78.4900,-3.44,0
78.4950,7.44,0
78.5000,7.44,0
78.5050,7.44,0
78.5100,4.13,0
78.5150,1.03,0
78.5200,1.03,0
78.5250,13.90,0
78.5300,13.90,0
78.5350,13.90,0
78.5400,11.83,0
78.5450,11.83,0
78.5500,7.33,0
78.5550,7.33,0
78.5600,9.76,0
78.5650,2.93,0
78.5700,-2.07,0
78.5750,-2.07,0
78.5800,-2.07,0
78.5850,-2.07,0
78.5900,9.31,0
78.5950,9.31,0
78.6000,0.03,0
78.6050,0.03,0
78.6100,-6.88,0
78.6150,-6.88,0
78.6200,7.39,0
78.6250,7.39,0
78.6300,8.82,0
78.6350,7.39,0
78.6400,1.14,0
78.6450,14.94,0
78.6500,14.94,0
78.6550,9.02,0
78.6600,14.94,0
78.6650,9.02,0
78.6700,7.46,0
78.6750,-0.29,0
78.6800,14.78,0
78.6850,-0.15,0
78.6900,9.87,0
78.6950,9.87,0
78.7000,-2.42,0
78.7050,4.21,0
78.7100,8.48,0
78.7150,3.79,0
78.7200,2.38,0
78.7250,2.38,0
78.7300,14.60,0
78.7350,14.60,0
78.7400,-4.13,0
78.7450,11.40,0
78.7500,14.78,0
78.7550,-0.87,0
78.7600,-0.87,0
78.7650,14.50,0
78.7700,2.95,0
78.7750,14.50,0
78.7800,-1.87,0
78.7850,10.59,0
78.7900,7.66,0
78.7950,7.66,0
78.8000,7.66,0
78.8050,7.66,0
78.8100,13.80,0
78.8150,13.80,0
78.8200,-0.75,0
78.8250,-0.75,0
78.8300,1.98,0
78.8350,1.98,0
78.8400,3.84,0
78.8450,3.84,0
78.8500,3.84,0
78.8550,3.84,0
78.8600,-3.37,0
78.8650,-1.83,0
78.8700,11.35,0
78.8750,0.59,0
78.8800,0.59,0
78.8850,-4.39,0
78.8900,14.00,0
78.8950,-1.57,0
78.9000,-1.57,0
78.9050,6.12,0
78.9100,6.12,0
78.9150,6.12,0
78.9200,14.14,0
78.9250,7.20,0
78.9300,10.10,0
78.9350,10.10,0
78.9400,1.77,0
78.9450,9.65,0
78.9500,9.65,0
78.9550,8.14,0
78.9600,8.14,0
78.9650,1.47,0
78.9700,1.47,0
78.9750,-2.03,0
78.9800,-2.03,0
78.9850,-2.03,0
78.9900,-2.03,0
78.9950,9.95,0
79.0000,9.95,0
79.0050,13.23,0
79.0100,13.23,0
79.0150,4.79,0
79.0200,4.79,0
79.0250,4.79,0
79.0300,4.79,0
79.0350,-3.29,0
79.0400,-3.29,0
79.0450,9.38,0
79.0500,9.38,0
79.0550,9.38,0
79.0600,9.38,0
79.0650,11.35,0
79.0700,11.35,0
79.0750,0.30,0
79.0800,0.30,0
79.0850,0.30,0
79.0900,9.76,0
79.0950,14.06,0
79.1000,6.92,0
79.1050,6.92,0
79.1100,2.13,0
79.1150,2.13,0
79.1200,11.80,0
79.1250,11.80,0
79.1300,0.18,0
79.1350,0.18,0
79.1400,15.72,0
79.1450,3.68,0
79.1500,12.80,0
79.1550,15.72,0
79.1600,15.72,0
79.1650,15.72,0
79.1700,5.74,0
79.1750,5.74,0
79.1800,14.24,0
79.1850,12.21,0
79.1900,-1.92,0
79.1950,-1.92,0
79.2000,10.58,0
79.2050,13.94,0
79.2100,6.74,0
79.2150,6.74,0
79.2200,6.74,0
79.2250,6.74,0
79.2300,-3.56,0
79.2350,-3.56,0
79.2400,10.34,0
79.2450,10.34,0
79.2500,2.39,0
79.2550,2.39,0
79.2600,12.44,0
79.2650,12.44,0
79.2700,12.44,0
79.2750,12.44,0
79.2800,12.44,0
79.2850,10.31,0
79.2900,8.76,0
79.2950,10.31,0
79.3000,0.60,0
79.3050,0.60,0
79.3100,3.76,0
79.3150,3.76,0
79.3200,6.32,0
79.3250,6.32,0
79.3300,0.40,0
79.3350,0.40,0
79.3400,0.40,0
79.3450,3.11,0
79.3500,-2.93,0
79.3550,-2.93,0
79.3600,14.39,0
79.3650,14.39,0
79.3700,-0.91,0
79.3750,-0.91,0
79.3800,-0.91,0
79.3850,10.86,0
79.3900,10.86,0
79.3950,10.86,0
79.4000,9.25,0
79.4050,9.25,0
79.4100,9.25,0
79.4150,3.68,0
79.4200,10.58,0
79.4250,7.91,0
79.4300,7.91,0
79.4350,0.82,0
79.4400,0.82,0
79.4450,0.82,0
79.4500,1.60,0
79.4550,1.60,0
79.4600,1.60,0
79.4650,4.87,0
79.4700,4.87,0
79.4750,4.87,0
79.4800,8.95,0
79.4850,8.95,0
79.4900,13.25,0
79.4950,13.25,0
79.5000,8.01,0
79.5050,8.01,0
79.5100,8.62,0
79.5150,8.62,0
79.5200,12.13,0
79.5250,12.13,0
79.5300,12.13,0
79.5350,5.94,0
79.5400,5.94,0
79.5450,-1.48,0
79.5500,10.32,0
79.5550,10.32,0
79.5600,-3.87,0
79.5650,12.52,0
79.5700,-3.87,0
79.5750,-3.87,0
79.5800,-3.87,0
79.5850,2.93,0
79.5900,9.26,0
79.5950,9.26,0
79.6000,-2.23,0
79.6050,-2.23,0
79.6100,-2.23,0
79.6150,-2.23,0
79.6200,4.95,0
79.6250,4.95,0
79.6300,14.97,0
79.6350,14.97,0
79.6400,-6.91,0
79.6450,-6.91,0
79.6500,11.70,0
79.6550,11.70,0
79.6600,11.70,0
79.6650,11.70,0
79.6700,10.13,0
79.6750,10.13,0
79.6800,2.00,0
79.6850,2.00,0
79.6900,4.61,0
79.6950,4.61,0
79.7000,5.69,0
79.7050,5.69,0
79.7100,5.69,0
79.7150,5.69,0
79.7200,-1.99,0
79.7250,14.15,0
79.7300,14.15,0
79.7350,14.15,0
79.7400,-0.14,0
79.7450,0.99,0
79.7500,0.99,0
79.7550,6.33,0
79.7600,9.80,0
79.7650,9.80,0
79.7700,12.75,0
79.7750,-0.19,0
79.7800,-0.19,0
79.7850,-0.19,0
79.7900,13.01,0
79.7950,13.01,0
79.8000,-1.80,0
79.8050,-1.80,0
79.8100,0.75,0
79.8150,0.75,0
79.8200,0.75,0
79.8250,-0.31,0
79.8300,-0.31,0
79.8350,6.56,0
79.8400,6.56,0
79.8450,-0.43,0
79.8500,-0.43,0
79.8550,15.36,0
79.8600,15.36,0
79.8650,15.36,0
79.8700,15.36,0
79.8750,8.27,0
79.8800,8.27,0
79.8850,7.38,0
79.8900,7.38,0
79.8950,7.38,0
79.9000,13.30,0
79.9050,13.30,0
79.9100,1.61,0
79.9150,1.61,0
79.9200,1.61,0
79.9250,1.61,0
79.9300,1.61,0
79.9350,12.28,0
79.9400,-1.95,0
79.9450,4.53,0
79.9500,-1.35,0
79.9550,4.67,0
79.9600,5.03,0
79.9650,10.82,0
79.9700,10.82,0
79.9750,10.82,0
79.9800,-2.47,0
79.9850,15.03,0
79.9900,15.03,0
79.9950,13.22,0
80.0000,3.64,0
80.0050,7.55,0
80.0100,15.29,0
80.0150,12.55,0
80.0200,12.55,0
80.0250,12.55,0
80.0300,2.36,0
80.0350,2.36,0
80.0400,2.36,0
80.0450,2.36,0
80.0500,10.82,0
80.0550,7.55,0
80.0600,-2.14,0
80.0650,5.73,0
80.0700,10.79,0
80.0750,10.79,0
80.0800,12.22,0
80.0850,6.29,0
80.0900,-4.18,0
80.0950,3.08,0
80.1000,0.46,0
80.1050,0.46,0
80.1100,12.73,0
80.1150,12.73,0
80.1200,3.73,0
80.1250,3.73,0
80.1300,15.04,0
80.1350,8.51,0
80.1400,-5.81,0
80.1450,-5.81,0
80.1500,1.37,0
80.1550,1.37,0
80.1600,1.37,0
80.1650,1.37,0
80.1700,10.50,0
80.1750,8.51,0
80.1800,-1.46,0
80.1850,-1.46,0
80.1900,-2.20,0
80.1950,-2.20,0
80.2000,6.86,0
80.2050,6.86,0
80.2100,6.86,0
80.2150,6.86,0
80.2200,0.45,0
80.2250,6.89,0
80.2300,-2.22,0
80.2350,13.38,0
80.2400,3.89,0
80.2450,3.89,0
80.2500,3.89,0
80.2550,3.89,0
80.2600,12.71,0
80.2650,3.89,0
80.2700,15.16,0
80.2750,15.16,0
80.2800,2.72,0
80.2850,7.62,0
80.2900,-5.45,0
80.2950,7.62,0
80.3000,11.36,0
80.3050,0.73,0
80.3100,10.76,0
80.3150,0.07,0
80.3200,0.07,0
80.3250,0.87,0
80.3300,9.12,0
80.3350,1.32,0
80.3400,1.32,0
80.3450,16.52,0
80.3500,16.52,0
80.3550,-1.74,1
80.3600,-1.74,0
80.3650,-1.74,0
80.3700,-1.74,0
80.3750,8.22,0
80.3800,8.22,0
80.3850,14.73,0
80.3900,14.73,0
80.3950,-2.83,0
80.4000,-2.83,0
80.4050,3.31,0
80.4100,3.31,0
80.4150,6.13,0
80.4200,6.13,0
80.4250,1.76,0
80.4300,1.76,0
80.4350,-0.98,0
80.4400,-0.98,0
80.4450,3.67,0
80.4500,-0.98,0
80.4550,10.42,0
80.4600,0.24,0
80.4650,0.24,0
80.4700,17.33,0
80.4750,10.49,0
80.4800,3.26,0
80.4850,3.26,0
80.4900,8.28,0
80.4950,1.76,0
80.5000,8.28,0
80.5050,8.28,0
80.5100,8.28,0
80.5150,8.28,0
80.5200,8.28,0
80.5250,-1.76,0
80.5300,-1.76,0
80.5350,8.74,0
80.5400,9.20,0
80.5450,-0.98,0
80.5500,-0.98,0
80.5550,-0.98,0
80.5600,11.41,0
80.5650,11.41,0
80.5700,5.31,0
80.5750,5.31,0
80.5800,5.31,0
80.5850,0.33,0
80.5900,0.33,0
80.5950,8.19,0
80.6000,8.19,0
80.6050,6.33,0
80.6100,6.33,0
80.6150,10.41,0
80.6200,10.41,0
80.6250,3.94,0
80.6300,3.94,0
80.6350,3.94,0
80.6400,19.41,0
80.6450,8.82,0
80.6500,8.82,0
80.6550,8.82,0
80.6600,1.18,0
80.6650,1.18,0
80.6700,4.01,0
80.6750,5.15,0
80.6800,5.15,0
80.6850,5.15,0
80.6900,-3.85,0
80.6950,-3.85,0
80.7000,-3.85,0
80.7050,-3.85,0
80.7100,5.89,0
80.7150,5.89,0
80.7200,12.27,0
80.7250,12.27,0
80.7300,-5.55,0
80.7350,-5.55,0
80.7400,6.36,0
80.7450,6.36,0
80.7500,9.05,0
80.7550,9.05,0
80.7600,7.54,0
80.7650,7.54,0
80.7700,-1.92,0
80.7750,-1.92,0
80.7800,3.53,0
80.7850,7.52,0
80.7900,2.34,0
80.7950,2.34,0
80.8000,2.34,0
80.8050,2.34,0
80.8100,-3.85,0
80.8150,-3.85,0
80.8200,-3.85,0
80.8250,0.88,0
80.8300,1.48,0
80.8350,1.48,0
80.8400,15.19,0
80.8450,15.19,0
80.8500,15.19,0
80.8550,1.48,0
80.8600,3.98,0
80.8650,15.19,0
80.8700,6.98,0
80.8750,6.98,0
80.8800,1.50,0
80.8850,1.50,0
80.8900,-4.34,0
80.8950,-4.34,0
80.9000,10.46,0
80.9050,10.46,0
80.9100,3.49,0
80.9150,3.49,0
80.9200,3.49,0
80.9250,3.49,0
80.9300,-2.49,0
80.9350,-2.49,0
80.9400,10.46,0
80.9450,5.34,0
80.9500,5.34,0
80.9550,5.34,0
80.9600,5.34,0
80.9650,5.34,0
80.9700,5.34,0
80.9750,5.34,0
80.9800,-0.11,0
80.9850,1.28,0
80.9900,6.27,0
80.9950,6.27,0
81.0000,2.08,0
81.0050,6.27,0
81.0100,9.50,0
81.0150,9.50,0
81.0200,9.50,0
81.0250,10.58,0
81.0300,10.58,0
81.0350,-3.76,0
81.0400,-3.76,0
81.0450,-3.76,0
81.0500,-3.76,0
81.0550,-4.96,0
81.0600,11.36,0
81.0650,11.36,0
81.0700,2.30,0
81.0750,2.30,0
81.0800,2.30,0
81.0850,2.30,0
81.0900,6.94,0
81.0950,2.30,0
81.1000,-4.39,0
81.1050,14.55,0
81.1100,14.55,0
81.1150,5.60,0
81.1200,5.60,0
81.1250,10.42,0
81.1300,11.52,0
81.1350,-2.92,0
81.1400,-2.92,0
81.1450,5.84,0
81.1500,3.32,0
81.1550,3.32,0
81.1600,1.59,0
81.1650,1.59,0
81.1700,-1.40,0
81.1750,-1.40,0
81.1800,12.59,0
81.1850,12.59,0
81.1900,2.51,0
81.1950,2.51,0
81.2000,0.87,0
81.2050,0.87,0
81.2100,15.76,0
81.2150,15.76,0
81.2200,7.30,0
81.2250,12.30,0
81.2300,12.30,0
81.2350,14.54,0
81.2400,4.94,0
81.2450,4.94,0
81.2500,-4.79,0
81.2550,-4.79,0
81.2600,-4.79,0
81.2650,-8.04,0
81.2700,-4.79,0
81.2750,-4.79,0
81.2800,2.48,0
81.2850,2.48,0
81.2900,-8.73,0
81.2950,-8.73,0
81.3000,12.22,0
81.3050,12.22,0
81.3100,4.02,0
81.3150,0.16,0
81.3200,0.75,0
81.3250,12.20,0
81.3300,17.84,0
81.3350,17.84,0
81.3400,15.71,0
81.3450,15.71,0
81.3500,4.22,0
81.3550,4.22,0
81.3600,-4.28,0
81.3650,12.33,0
81.3700,-17.25,0
81.3750,-17.25,0
81.3800,-17.25,0
81.3850,-17.25,0
81.3900,-7.26,0
81.3950,-7.26,0
81.4000,5.58,0
81.4050,9.92,0
81.4100,5.58,0
81.4150,5.58,0
81.4200,17.07,0
81.4250,17.07,0
81.4300,-8.93,0
81.4350,-8.93,0
81.4400,21.81,0
81.4450,21.81,0
81.4500,9.28,0
81.4550,9.28,0
81.4600,10.21,0
81.4650,-12.29,0
81.4700,-12.29,0
81.4750,-12.29,0
81.4800,26.06,0
81.4850,-6.15,0
81.4900,-6.15,0
81.4950,13.77,0
81.5000,13.77,0
81.5050,13.77,0
81.5100,-14.60,0
81.5150,-14.60,0
81.5200,33.32,0
81.5250,33.32,0
81.5300,-16.55,0
81.5350,-16.55,0
81.5400,-16.55,0
81.5450,-16.57,0
81.5500,-16.57,0
81.5550,40.50,0
81.5600,40.17,0
81.5650,-23.48,0
81.5700,-23.48,0
81.5750,-23.48,0
81.5800,12.94,0
81.5850,12.94,0
81.5900,-12.33,0
81.5950,12.94,0
81.6000,12.94,0
81.6050,9.29,0
81.6100,34.37,0
81.6150,-23.37,0
81.6200,-17.92,0
81.6250,10.86,0
81.6300,-19.11,0
81.6350,18.80,0
81.6400,-13.19,0
81.6450,-19.11,0
81.6500,-19.11,0
81.6550,29.67,0
81.6600,20.00,0
81.6650,28.81,0
81.6700,-12.27,0
81.6750,-12.27,0
81.6800,-12.27,0
81.6850,-15.78,0
81.6900,29.47,0
81.6950,-12.27,0
81.7000,10.50,0
81.7050,10.50,0
81.7100,9.25,0
81.7150,9.25,0
81.7200,19.36,0
81.7250,19.36,0
81.7300,-3.17,0
81.7350,6.83,0
81.7400,6.83,0
81.7450,13.57,0
81.7500,13.57,0
81.7550,-1.61,0
81.7600,-1.61,0
81.7650,-1.61,0
81.7700,5.85,0
81.7750,10.10,0
81.7800,1.74,0
81.7850,10.10,0
81.7900,9.22,0
81.7950,-5.07,0
81.8000,-5.07,0
81.8050,14.63,0
81.8100,14.63,0
81.8150,8.93,0
81.8200,8.93,0
81.8250,10.00,0
81.8300,10.00,0
81.8350,-1.88,0
81.8400,-1.88,0
81.8450,10.20,0
81.8500,10.20,0
81.8550,10.20,0
81.8600,10.20,0
81.8650,10.20,0
81.8700,10.20,0
81.8750,4.17,0
81.8800,4.17,0
81.8850,1.69,0
81.8900,1.69,0
81.8950,9.52,0
81.9000,1.69,0
81.9050,1.69,0
81.9100,-4.26,0
81.9150,-1.19,0
81.9200,-1.19,0
81.9250,17.62,0
81.9300,17.62,0
81.9350,1.68,0
81.9400,0.78,0
81.9450,8.70,0
81.9500,-4.47,0
81.9550,-5.43,0
81.9600,-5.43,0
81.9650,1.84,0
81.9700,1.84,0
81.9750,1.84,0
81.9800,1.84,0
81.9850,1.84,0
81.9900,1.84,0
81.9950,-2.70,0
82.0000,-2.70,0
82.0050,2.03,0
82.0100,2.03,0
82.0150,2.63,0
82.0200,2.63,0
82.0250,2.63,0
82.0300,2.63,0
82.0350,2.63,0
82.0400,-7.24,0
82.0450,-6.45,0
82.0500,-2.66,0
82.0550,-2.66,0
82.0600,2.82,0
82.0650,2.82,0
82.0700,11.24,0
82.0750,11.24,0
82.0800,-1.78,0
82.0850,-1.78,0
82.0900,7.60,0
82.0950,7.60,0
82.1000,7.60,0
82.1050,7.60,0
82.1100,3.55,0
82.1150,6.96,0
82.1200,3.14,0
82.1250,3.14,0
82.1300,3.14,0
82.1350,3.14,0
82.1400,6.72,0
82.1450,6.72,0
82.1500,6.45,0
82.1550,6.45,0
82.1600,6.00,0
82.1650,6.00,0
82.1700,6.00,0
82.1750,6.00,0
82.1800,2.15,0
82.1850,14.73,0
82.1900,20.90,0
82.1950,20.90,0
82.2000,20.90,0
82.2050,20.90,0
82.2100,16.82,0
82.2150,9.91,0
82.2200,5.37,0
82.2250,5.37,0
82.2300,15.53,0
82.2350,15.53,0
82.2400,-4.37,0
82.2450,-4.37,0
82.2500,-2.77,0
82.2550,-2.77,0
82.2600,-2.77,0
82.2650,-2.77,0
82.2700,-2.36,0
82.2750,-2.36,0
82.2800,8.02,0
82.2850,8.02,0
82.2900,-3.12,0
82.2950,-3.12,0
82.3000,2.70,0
82.3050,-3.12,0
82.3100,-3.12,0
82.3150,-3.12,0
82.3200,-3.12,0
82.3250,-1.71,0
82.3300,-1.71,0
82.3350,18.22,0
82.3400,18.22,0
82.3450,-2.31,0
82.3500,-2.31,0
82.3550,4.69,0
82.3600,-2.31,0
82.3650,13.88,0
82.3700,13.88,0
82.3750,-2.54,0
82.3800,-2.54,0
82.3850,-0.94,0
82.3900,-0.94,0
82.3950,-0.94,0
82.4000,-0.94,0
82.4050,-0.94,0
82.4100,-0.94,0
82.4150,-2.78,0
82.4200,-2.78,0
82.4250,19.19,0
82.4300,19.19,0
82.4350,2.26,0
82.4400,2.26,0
82.4450,20.64,0
82.4500,13.15,0
82.4550,-6.99,0
82.4600,-6.99,0
82.4650,-1.69,0
82.4700,-1.69,0
82.4750,-1.69,0
82.4800,-1.69,0
82.4850,12.29,0
82.4900,12.29,0
82.4950,-1.89,0
82.5000,-0.97,0
82.5050,-0.18,0
82.5100,-0.18,0
82.5150,3.57,0
82.5200,3.57,0
82.5250,10.23,0
82.5300,10.23,0
82.5350,-3.54,0
82.5400,-3.54,0
82.5450,17.18,0
82.5500,17.18,0
82.5550,0.52,0
82.5600,0.52,0
82.5650,0.52,0
82.5700,15.72,0
82.5750,-2.92,0
82.5800,15.72,0
82.5850,15.72,0
82.5900,15.72,0
82.5950,10.68,0
82.6000,0.65,0
82.6050,13.13,0
82.6100,13.13,0
82.6150,13.13,0
82.6200,13.13,0
82.6250,-10.63,0
82.6300,-10.63,0
82.6350,4.33,0
82.6400,4.33,0
82.6450,-1.72,0
82.6500,-7.83,0
82.6550,-11.33,0
82.6600,-11.33,0
82.6650,-11.33,0
82.6700,-11.33,0
82.6750,-0.02,0
82.6800,-0.02,0
82.6850,14.36,0
82.6900,14.36,0
82.6950,14.36,0
82.7000,14.36,0
82.7050,16.84,0
82.7100,16.84,0
82.7150,5.59,0
82.7200,2.85,0
82.7250,12.47,0
82.7300,12.47,0
82.7350,-7.05,0
82.7400,-7.05,0
82.7450,-7.05,0
82.7500,-7.05,0
82.7550,-7.05,0
82.7600,-7.05,0
82.7650,-7.05,0
82.7700,-7.05,0
82.7750,-7.05,0
82.7800,14.72,0
82.7850,1.92,0
82.7900,16.27,0
82.7950,16.27,0
82.8000,6.82,0
82.8050,6.82,0
82.8100,0.46,0
82.8150,0.46,0
82.8200,17.28,0
82.8250,17.28,0
82.8300,18.56,0
82.8350,13.11,0
82.8400,8.58,0
82.8450,8.58,0
82.8500,8.58,0
82.8550,8.58,0
82.8600,14.11,0
82.8650,14.11,0
82.8700,13.06,0
82.8750,13.06,0
82.8800,7.80,0
82.8850,-4.39,0
82.8900,-4.39,0
82.8950,-4.56,0
82.9000,-4.56,0
82.9050,13.89,0
82.9100,13.89,0
82.9150,0.66,0
82.9200,6.05,0
82.9250,-2.60,0
82.9300,14.84,0
82.9350,-4.56,0
82.9400,14.36,0
82.9450,9.71,0
82.9500,9.71,0
82.9550,7.36,0
82.9600,7.36,0
82.9650,7.36,0
82.9700,-5.02,0
82.9750,-5.02,0
82.9800,-0.93,0
82.9850,2.02,0
82.9900,-0.93,0
82.9950,-3.65,0
83.0000,13.68,0
83.0050,0.02,0
83.0100,0.02,0
83.0150,0.02,0
83.0200,-2.36,0
83.0250,-2.36,0
83.0300,-2.36,0
83.0350,-2.36,0
83.0400,-2.36,0
83.0450,-2.36,0
83.0500,-3.35,0
83.0550,-3.35,0
83.0600,3.41,0
83.0650,3.41,0
83.0700,-5.19,0
83.0750,3.41,0
83.0800,12.58,0
83.0850,10.65,0
83.0900,10.65,0
83.0950,10.65,0
83.1000,10.65,0
83.1050,10.65,0
83.1100,11.41,0
83.1150,15.84,0
83.1200,15.84,0
83.1250,15.84,0
83.1300,9.70,0
83.1350,9.70,0
83.1400,7.84,0
83.1450,2.26,0
83.1500,2.26,0
83.1550,-5.98,0
83.1600,-5.98,0
83.1650,-1.44,0
83.1700,9.25,0
83.1750,-3.06,0
83.1800,-3.06,0
83.1850,-3.06,0
83.1900,18.49,0
83.1950,18.49,0
83.2000,-6.73,0
83.2050,-4.12,0
83.2100,7.95,0
83.2150,-5.19,0
83.2200,9.04,0
83.2250,19.44,0
83.2300,15.81,0
83.2350,-4.30,0
83.2400,-4.30,0
83.2450,3.58,0
83.2500,3.58,0
83.2550,3.58,0
83.2600,3.58,0
83.2650,-3.40,0
83.2700,-3.40,0
83.2750,0.71,0
83.2800,-6.73,0
83.2850,6.30,0
83.2900,6.30,0
83.2950,6.30,0
83.3000,6.30,0
83.3050,6.30,0
83.3100,6.30,0
83.3150,21.94,0
83.3200,21.94,0
83.3250,5.47,0
83.3300,9.39,0
83.3350,7.15,0
83.3400,7.15,0
83.3450,7.15,0
83.3500,3.94,0
83.3550,17.60,0
83.3600,-1.25,0
83.3650,-3.40,0
83.3700,1.05,0
83.3750,-1.25,0
83.3800,8.31,0
83.3850,-3.42,0
83.3900,-3.42,0
83.3950,-3.42,0
83.4000,-3.42,0
83.4050,-3.42,0
83.4100,-4.66,0
83.4150,10.86,0
83.4200,10.86,0
83.4250,-5.42,0
83.4300,15.94,0
83.4350,15.52,0
83.4400,15.52,0
83.4450,-2.17,0
83.4500,-2.17,0
83.4550,14.03,0
83.4600,14.03,0
83.4650,14.03,0
83.4700,14.03,0
83.4750,19.15,0
83.4800,19.15,0
83.4850,15.94,0
83.4900,19.15,0
83.4950,-9.92,0
83.5000,9.20,0
83.5050,-6.21,0
83.5100,-6.21,0
83.5150,-6.21,0
83.5200,-6.21,0
83.5250,-6.21,0
83.5300,13.72,0
83.5350,5.77,0
83.5400,5.77,0
83.5450,15.89,0
83.5500,-4.62,0
83.5550,15.81,0
83.5600,15.81,0
83.5650,15.81,0
83.5700,5.77,0
83.5750,-6.10,0
83.5800,-11.48,0
83.5850,11.27,0
83.5900,11.27,0
83.5950,18.93,0
83.6000,13.95,0
83.6050,-9.90,0
83.6100,-9.90,0
83.6150,9.19,0
83.6200,9.19,0
83.6250,9.19,0
83.6300,-4.20,0
83.6350,-4.20,0
83.6400,13.99,0
83.6450,13.99,0
83.6500,-4.52,0
83.6550,-4.52,0
83.6600,5.15,0
83.6650,-6.29,0
83.6700,-6.29,0
83.6750,19.43,0
83.6800,19.43,0
83.6850,19.43,0
83.6900,7.79,0
83.6950,7.79,0
83.7000,10.69,0
83.7050,10.69,0
83.7100,14.00,0
83.7150,10.69,0
83.7200,14.56,0
83.7250,14.56,0
83.7300,1.66,0
83.7350,1.66,0
83.7400,10.66,0
83.7450,10.66,0
83.7500,10.66,0
83.7550,10.66,0
83.7600,10.66,0
83.7650,-3.17,0
83.7700,-3.17,0
83.7750,-3.17,0
83.7800,5.96,0
83.7850,5.96,0
83.7900,-7.78,0
83.7950,17.39,0
83.8000,-7.78,0
83.8050,18.18,0
83.8100,18.18,0
83.8150,3.43,0
83.8200,3.43,0
83.8250,3.43,0
83.8300,-3.00,0
83.8350,-7.78,0
83.8400,19.42,0
83.8450,19.42,0
83.8500,0.48,0
83.8550,0.48,0
83.8600,3.80,0
83.8650,3.80,0
83.8700,-4.89,0
83.8750,6.97,0
83.8800,6.97,0
83.8850,19.08,0
83.8900,-5.34,0
83.8950,-7.27,0
83.9000,-7.27,0
83.9050,13.11,0
83.9100,13.11,0
83.9150,13.11,0
83.9200,13.11,0
83.9250,-7.19,0
83.9300,2.76,0
83.9350,20.54,0
83.9400,20.54,0
83.9450,11.44,0
83.9500,11.44,0
83.9550,11.44,0
83.9600,10.80,0
83.9650,10.80,0
83.9700,-8.65,0
83.9750,-4.89,0
83.9800,-8.65,0
83.9850,-4.73,0
83.9900,-4.73,0
83.9950,-4.73,0
84.0000,11.28,0
84.0050,-9.11,0
84.0100,-9.11,0
84.0150,0.87,0
84.0200,-9.11,0
84.0250,-9.11,0
84.0300,-9.11,0
84.0350,20.54,0
84.0400,13.38,0
84.0450,16.30,0
84.0500,-3.83,0
84.0550,18.63,0
84.0600,18.63,0
84.0650,18.63,0
84.0700,18.63,0
84.0750,18.63,0
84.0800,18.63,0
84.0850,11.67,0
84.0900,11.67,0
84.0950,22.38,0
84.1000,22.38,0
84.1050,22.38,0
84.1100,22.38,0
84.1150,-13.47,0
84.1200,-13.47,0
84.1250,-13.47,0
84.1300,8.12,0
84.1350,-4.86,0
84.1400,-4.86,0
84.1450,-9.92,0
84.1500,-9.92,0
84.1550,10.32,0
84.1600,10.32,0
84.1650,1.90,0
84.1700,-13.52,0
84.1750,29.05,0
84.1800,29.05,0
84.1850,29.05,0
84.1900,29.05,0
84.1950,11.96,0
84.2000,12.37,0
84.2050,12.37,0
84.2100,12.37,0
84.2150,-12.30,0
84.2200,-8.17,0
84.2250,-8.17,0
84.2300,-8.17,0
84.2350,-8.17,0
84.2400,-8.17,0
84.2450,-8.17,0
84.2500,-8.17,0
84.2550,-10.19,0
84.2600,-19.66,0
84.2650,-2.06,0
84.2700,-2.06,0
84.2750,14.78,0
84.2800,14.78,0
84.2850,15.68,0
84.2900,15.68,0
84.2950,-18.98,0
84.3000,-14.10,0
84.3050,27.63,0
84.3100,27.63,0
84.3150,9.72,0
84.3200,10.77,0
84.3250,10.77,0
84.3300,-18.26,0
84.3350,-18.26,0
84.3400,-18.26,0
84.3450,0.31,0
84.3500,-5.73,0
84.3550,-5.73,0
84.3600,-5.73,0
84.3650,13.36,0
84.3700,13.36,0
84.3750,4.30,0
84.3800,-10.65,0
84.3850,-10.65,0
84.3900,-10.65,0
84.3950,25.77,0
84.4000,25.33,0
84.4050,13.03,0
84.4100,-11.13,0
84.4150,-11.13,0
84.4200,1.73,0
84.4250,21.62,0
84.4300,21.62,0
84.4350,7.65,0
84.4400,15.30,0
84.4450,15.30,0
84.4500,-16.61,0
84.4550,-16.61,0
84.4600,-16.61,0
84.4650,27.94,0
84.4700,27.94,0
84.4750,27.94,0
84.4800,27.94,0
84.4850,11.89,0
84.4900,11.89,0
84.4950,-12.10,0
84.5000,-12.10,0
84.5050,24.39,0
84.5100,22.86,0
84.5150,-17.84,0
84.5200,12.69,0
84.5250,12.69,0
84.5300,6.69,0
84.5350,-17.09,0
84.5400,-17.09,0
84.5450,29.72,0
84.5500,29.72,0
84.5550,-14.86,0
84.5600,-14.86,0
84.5650,9.21,0
84.5700,16.27,0
84.5750,16.27,0
84.5800,29.31,0
84.5850,29.31,0
84.5900,-12.00,0
84.5950,-3.80,0
84.6000,14.83,0
84.6050,14.83,0
84.6100,-10.40,0
84.6150,-17.09,0
84.6200,12.69,0
84.6250,26.13,0
84.6300,-6.56,0
84.6350,22.81,0
84.6400,13.26,0
84.6450,13.26,0
84.6500,-15.34,0
84.6550,-15.34,0
84.6600,30.75,0
84.6650,30.75,0
84.6700,30.75,0
84.6750,-13.32,0
84.6800,9.47,0
84.6850,9.47,0
84.6900,16.58,0
84.6950,16.58,0
84.7000,16.58,0
84.7050,2.54,0
84.7100,2.54,0
84.7150,23.36,0
84.7200,-2.04,0
84.7250,-18.61,0
84.7300,-19.07,0
84.7350,19.91,0
84.7400,19.91,0
84.7450,-0.87,0
84.7500,0.93,0
84.7550,0.93,0
84.7600,-15.69,0
84.7650,-15.69,0
84.7700,26.38,0
84.7750,26.38,0
84.7800,-5.45,0
84.7850,-5.45,0
84.7900,-5.45,0
84.7950,29.38,0
84.8000,29.38,0
84.8050,29.38,0
84.8100,29.38,0
84.8150,18.18,0
84.8200,18.18,0
84.8250,5.14,0
84.8300,5.14,0
84.8350,27.34,0
84.8400,27.34,0
84.8450,-15.83,0
84.8500,-15.83,0
84.8550,20.31,0
84.8600,20.31,0
84.8650,6.63,0
84.8700,4.66,0
84.8750,-0.35,0
84.8800,-0.35,0
84.8850,-18.31,0
84.8900,-20.84,0
84.8950,5.14,0
84.9000,24.63,0
84.9050,-10.96,0
84.9100,-10.96,0
84.9150,-14.41,0
84.9200,29.93,0
84.9250,29.93,0
84.9300,29.93,0
84.9350,22.34,0
84.9400,22.34,0
84.9450,2.70,0
84.9500,2.70,0
84.9550,-9.67,0
84.9600,25.95,0
84.9650,25.95,0
84.9700,25.95,0
84.9750,25.95,0
84.9800,25.95,0
84.9850,24.63,0
84.9900,-2.39,0
84.9950,0.06,0
85.0000,0.06,0
85.0050,-19.28,0
85.0100,-19.28,0
85.0150,26.74,0
85.0200,-21.82,0
85.0250,-1.85,0
85.0300,-1.85,0
85.0350,32.03,0
85.0400,6.95,0
85.0450,-1.85,0
85.0500,32.03,0
85.0550,20.47,0
85.0600,20.47,0
85.0650,-10.06,0
85.0700,2.25,0
85.0750,2.25,0
85.0800,27.52,0
85.0850,-1.85,0
85.0900,-20.25,0
85.0950,-20.25,0
85.1000,20.47,0
85.1050,-20.25,0
85.1100,0.64,0
85.1150,0.64,0
85.1200,-4.58,0
85.1250,-4.58,0
85.1300,-21.39,0
85.1350,-21.39,0
85.1400,-21.39,0
85.1450,-21.39,0
85.1500,-21.39,0
85.1550,-1.76,0
85.1600,-20.25,0
85.1650,31.33,0
85.1700,31.33,0
85.1750,31.33,0
85.1800,31.33,0
85.1850,-26.25,0
85.1900,-26.25,0
85.1950,2.54,0
85.2000,11.97,0
85.2050,2.54,0
85.2100,2.54,0
85.2150,-26.29,0
85.2200,-26.29,0
85.2250,0.19,0
85.2300,0.19,0
85.2350,-8.57,0
85.2400,-8.57,0
85.2450,29.72,0
85.2500,29.72,0
85.2550,-23.44,0
85.2600,26.65,0
85.2650,31.11,0
85.2700,31.11,0
85.2750,-5.11,0
85.2800,24.86,0
85.2850,28.07,0
85.2900,28.07,0
85.2950,19.18,0
85.3000,-9.24,0
85.3050,2.99,0
85.3100,2.99,0
85.3150,2.99,0
85.3200,2.99,0
85.3250,2.99,0
85.3300,2.99,0
85.3350,-20.45,0
85.3400,-20.45,0
85.3450,6.12,0
85.3500,6.12,0
85.3550,-9.21,1
85.3600,-12.02,0
85.3650,27.34,0
85.3700,27.34,0
85.3750,-20.73,0
85.3800,13.22,0
85.3850,-22.62,0
85.3900,25.41,0
85.3950,25.41,0
85.4000,-3.28,0
85.4050,30.14,0
85.4100,30.14,0
85.4150,-22.16,0
85.4200,-22.16,0
85.4250,23.03,0
85.4300,23.03,0
85.4350,3.96,0
85.4400,3.96,0
85.4450,27.94,0
85.4500,27.94,0
85.4550,-2.54,0
85.4600,27.94,0
85.4650,9.77,0
85.4700,20.16,0
85.4750,-4.06,0
85.4800,2.36,0
85.4850,-4.06,0
85.4900,20.16,0
85.4950,-4.06,0
85.5000,-21.69,0
85.5050,-21.69,0
85.5100,26.26,0
85.5150,26.26,0
85.5200,31.38,0
85.5250,31.38,0
85.5300,10.23,0
85.5350,10.23,0
85.5400,31.38,0
85.5450,33.42,0
85.5500,18.21,0
85.5550,18.21,0
85.5600,4.59,0
85.5650,-21.02,0
85.5700,-11.82,0
85.5750,-11.82,0
85.5800,-10.88,0
85.5850,13.76,0
85.5900,13.76,0
85.5950,13.76,0
85.6000,13.76,0
85.6050,30.16,0
85.6100,30.16,0
85.6150,8.21,0
85.6200,8.21,0
85.6250,-19.28,0
85.6300,-19.28,0
85.6350,-19.28,0
85.6400,30.09,0
85.6450,22.21,0
85.6500,30.09,0
85.6550,30.09,0
85.6600,10.74,0
85.6650,10.74,0
85.6700,21.54,0
85.6750,21.54,0
85.6800,30.73,0
85.6850,-10.12,0
85.6900,-10.12,0
85.6950,-10.12,0
85.7000,-10.12,0
85.7050,-10.12,0
85.7100,-10.12,0
85.7150,-14.11,0
85.7200,-13.56,0
85.7250,-11.55,0
85.7300,29.28,0
85.7350,-11.55,0
85.7400,-11.55,0
85.7450,-11.55,0
85.7500,3.82,0
85.7550,3.82,0
85.7600,37.16,0
85.7650,37.16,0
85.7700,37.16,0
85.7750,17.88,0
85.7800,-16.95,0
85.7850,-16.95,0
85.7900,20.90,0
85.7950,20.90,0
85.8000,30.35,0
85.8050,30.35,0
85.8100,-10.65,0
85.8150,-10.65,0
85.8200,-10.65,0
85.8250,-10.65,0
85.8300,16.23,0
85.8350,16.23,0
85.8400,-14.91,0
85.8450,-13.34,0
85.8500,-13.34,0
85.8550,10.48,0
85.8600,-15.92,0
85.8650,14.25,0
85.8700,14.25,0
85.8750,-17.26,0
85.8800,-17.26,0
85.8850,16.23,0
85.8900,33.72,0
85.8950,7.64,0
85.9000,7.64,0
85.9050,7.64,0
85.9100,19.32,0
85.9150,21.57,0
85.9200,27.56,0
85.9250,38.84,0
85.9300,-7.66,0
85.9350,-7.66,0
85.9400,-7.66,0
85.9450,-7.66,0
85.9500,15.42,0
85.9550,26.35,0
85.9600,15.42,0
85.9650,31.51,0
85.9700,31.51,0
85.9750,15.88,0
85.9800,15.88,0
85.9850,15.88,0
85.9900,12.84,0
85.9950,-15.04,0
86.0000,-15.04,0
86.0050,30.43,0
86.0100,30.43,0
86.0150,10.33,0
86.0200,10.33,0
86.0250,18.23,0
86.0300,18.23,0
86.0350,18.23,0
86.0400,-21.09,0
86.0450,-21.09,0
86.0500,-8.87,0
86.0550,-17.70,0
86.0600,-8.87,0
86.0650,-8.87,0
86.0700,14.08,0
86.0750,14.08,0
86.0800,14.08,0
86.0850,31.15,0
86.0900,31.15,0
86.0950,31.15,0
86.1000,8.37,0
86.1050,8.37,0
86.1100,8.37,0
86.1150,-15.72,0
86.1200,45.71,0
86.1250,-15.72,0
86.1300,32.25,0
86.1350,7.25,0
86.1400,7.25,0
86.1450,18.47,0
86.1500,18.47,0
86.1550,-21.58,0
86.1600,-5.84,0
86.1650,28.74,0
86.1700,28.74,0
86.1750,-12.74,0
86.1800,-12.74,0
86.1850,-12.74,0
86.1900,18.11,0
86.1950,18.11,0
86.2000,-16.95,0
86.2050,28.12,0
86.2100,28.12,0
86.2150,-7.62,0
86.2200,9.92,0
86.2250,9.92,0
86.2300,9.92,0
86.2350,-17.98,0
86.2400,-17.98,0
86.2450,29.83,0
86.2500,29.83,0
86.2550,10.93,0
86.2600,10.93,0
86.2650,16.84,0
86.2700,16.84,0
86.2750,16.84,0
86.2800,16.84,0
86.2850,21.56,0
86.2900,29.80,0
86.2950,29.80,0
86.3000,-7.58,0
86.3050,-7.58,0
86.3100,17.03,0
86.3150,24.33,0
86.3200,-10.67,0
86.3250,-10.67,0
86.3300,-8.47,0
86.3350,-8.47,0
86.3400,14.90,0
86.3450,-19.95,0
86.3500,-19.95,0
86.3550,-8.47,0
86.3600,-19.95,0
86.3650,-19.95,0
86.3700,29.83,0
86.3750,24.17,0
86.3800,-4.16,0
86.3850,4.16,0
86.3900,32.97,0
86.3950,22.26,0
86.4000,22.26,0
86.4050,22.26,0
86.4100,22.26,0
86.4150,-6.39,0
86.4200,24.17,0
86.4250,-6.39,0
86.4300,-15.52,0
86.4350,-15.52,0
86.4400,-15.52,0
86.4450,-15.52,0
86.4500,1.89,0
86.4550,1.89,0
86.4600,-3.55,0
86.4650,-3.55,0
86.4700,13.85,0
86.4750,25.64,0
86.4800,25.64,0
86.4850,2.06,0
86.4900,2.06,0
86.4950,2.06,0
86.5000,2.06,0
86.5050,29.86,0
86.5100,29.86,0
86.5150,21.09,0
86.5200,21.09,0
86.5250,1.70,0
86.5300,1.70,0
86.5350,-6.84,0
86.5400,1.70,0
86.5450,-6.84,0
86.5500,26.20,0
86.5550,1.70,0
86.5600,-19.64,0
86.5650,-19.64,0
86.5700,2.45,0
86.5750,-11.51,0
86.5800,-11.51,0
86.5850,-11.51,0
86.5900,-21.71,0
86.5950,-21.71,0
86.6000,23.46,0
86.6050,23.46,0
86.6100,23.46,0
86.6150,23.46,0
86.6200,-5.09,0
86.6250,-5.09,0
86.6300,27.76,0
86.6350,27.76,0
86.6400,22.61,0
86.6450,22.61,0
86.6500,7.44,0
86.6550,7.44,0
86.6600,-10.38,0
86.6650,30.50,0
86.6700,30.50,0
86.6750,-16.66,0
86.6800,-16.66,0
86.6850,-16.66,0
86.6900,1.06,0
86.6950,1.06,0
86.7000,-4.05,0
86.7050,-4.05,0
86.7100,26.69,0
86.7150,-24.50,0
86.7200,-24.50,0
86.7250,26.39,0
86.7300,-16.66,0
86.7350,22.61,0
86.7400,15.74,0
86.7450,1.36,0
86.7500,30.29,0
86.7550,-21.30,0
86.7600,-21.30,0
86.7650,23.21,0
86.7700,26.39,0
86.7750,2.06,0
86.7800,2.06,0
86.7850,29.11,0
86.7900,29.11,0
86.7950,-20.85,0
86.8000,-20.85,0
86.8050,22.12,0
86.8100,22.12,0
86.8150,1.05,0
86.8200,1.05,0
86.8250,21.07,0
86.8300,-4.48,0
86.8350,-18.05,0
86.8400,-8.03,0
86.8450,27.18,0
86.8500,21.41,0
86.8550,-6.67,0
86.8600,-6.67,0
86.8650,32.24,0
86.8700,32.24,0
86.8750,-24.88,0
86.8800,-24.88,0
86.8850,21.25,0
86.8900,21.25,0
86.8950,1.12,0
86.9000,1.12,0
86.9050,-6.94,0
86.9100,-6.94,0
86.9150,-18.75,0
86.9200,-18.75,0
86.9250,-1.16,0
86.9300,-1.16,0
86.9350,-1.16,0
86.9400,-1.16,0
86.9450,-1.16,0
86.9500,-1.16,0
86.9550,-21.22,0
86.9600,-21.22,0
86.9650,25.82,0
86.9700,25.82,0
86.9750,-1.75,0
86.9800,-1.75,0
86.9850,32.21,0
86.9900,32.21,0
86.9950,-19.52,0
87.0000,-19.52,0
87.0050,21.74,0
87.0100,21.74,0
87.0150,4.74,0
87.0200,4.74,0
87.0250,26.63,0
87.0300,26.63,0
87.0350,-16.76,0
87.0400,-16.76,0
87.0450,21.89,0
87.0500,-2.36,0
87.0550,-4.33,0
87.0600,-4.33,0
87.0650,-4.33,0
87.0700,-4.33,0
87.0750,-22.66,0
87.0800,-22.66,0
87.0850,-4.30,0
87.0900,23.73,0
87.0950,-7.89,0
87.1000,-7.89,0
87.1050,-7.89,0
87.1100,30.77,0
87.1150,30.77,0
87.1200,30.77,0
87.1250,30.77,0
87.1300,30.77,0
87.1350,1.21,0
87.1400,1.21,0
87.1450,4.69,0
87.1500,-8.03,0
87.1550,14.32,0
87.1600,14.32,0
87.1650,-17.27,0
87.1700,-17.27,0
87.1750,-17.27,0
87.1800,-17.27,0
87.1850,-12.97,0
87.1900,-12.97,0
87.1950,-12.97,0
87.2000,15.31,0
87.2050,15.31,0
87.2100,-16.10,0
87.2150,-16.10,0
87.2200,31.61,0
87.2250,-17.16,0
87.2300,-17.16,0
87.2350,10.56,0
87.2400,-14.94,0
87.2450,10.56,0
87.2500,18.58,0
87.2550,18.58,0
87.2600,18.58,0
87.2650,18.58,0
87.2700,30.86,0
87.2750,30.86,0
87.2800,9.56,0
87.2850,18.62,0
87.2900,-18.31,0
87.2950,-18.31,0
87.3000,-18.31,0
87.3050,-15.85,0
87.3100,-15.85,0
87.3150,15.84,0
87.3200,15.84,0
87.3250,15.84,0
87.3300,-16.01,0
87.3350,30.28,0
87.3400,30.28,0
87.3450,30.28,0
87.3500,30.28,0
87.3550,10.53,0
87.3600,10.53,0
87.3650,18.29,0
87.3700,18.29,0
87.3750,28.04,0
87.3800,28.04,0
87.3850,-10.09,0
87.3900,-10.09,0
87.3950,9.23,0
87.4000,9.23,0
87.4050,12.27,0
87.4100,12.27,0
87.4150,-14.90,0
87.4200,30.28,0
87.4250,-14.87,0
87.4300,-14.87,0
87.4350,12.59,0
87.4400,21.84,0
87.4450,-16.54,0
87.4500,-16.54,0
87.4550,30.92,0
87.4600,30.92,0
87.4650,30.92,0
87.4700,30.92,0
87.4750,-14.87,0
87.4800,25.71,0
87.4850,14.61,0
87.4900,14.61,0
87.4950,30.40,0
87.5000,30.40,0
87.5050,-8.22,0
87.5100,-8.22,0
87.5150,28.04,0
87.5200,-8.22,0
87.5250,13.49,0
87.5300,13.49,0
87.5350,-15.87,0
87.5400,-15.87,0
87.5450,-11.76,0
87.5500,-11.76,0
87.5550,-11.76,0
87.5600,11.69,0
87.5650,11.69,0
87.5700,14.22,0
87.5750,14.22,0
87.5800,18.68,0
87.5850,14.22,0
87.5900,33.11,0
87.5950,11.67,0
87.6000,11.67,0
87.6050,14.01,0
87.6100,14.01,0
87.6150,14.01,0
87.6200,26.81,0
87.6250,26.81,0
87.6300,-7.79,0
87.6350,-7.79,0
87.6400,-7.79,0
87.6450,-7.79,0
87.6500,11.71,0
87.6550,11.71,0
87.6600,-12.84,0
87.6650,24.42,0
87.6700,24.42,0
87.6750,8.88,0
87.6800,8.88,0
87.6850,8.88,0
87.6900,8.88,0
87.6950,-20.38,0
87.7000,-20.38,0
87.7050,-20.38,0
87.7100,-20.38,0
87.7150,-18.81,0
87.7200,-18.81,0
87.7250,19.07,0
87.7300,19.07,0
87.7350,29.59,0
87.7400,19.07,0
87.7450,29.07,0
87.7500,29.07,0
87.7550,29.07,0
87.7600,24.56,0
87.7650,17.01,0
87.7700,17.01,0
87.7750,-11.22,0
87.7800,-11.22,0
87.7850,26.81,0
87.7900,26.81,0
87.7950,-8.19,0
87.8000,-9.25,0
87.8050,14.28,0
87.8100,14.28,0
87.8150,-8.73,0
87.8200,14.28,0
87.8250,-15.14,0
87.8300,-15.14,0
87.8350,-13.34,0
87.8400,-13.34,0
87.8450,16.85,0
87.8500,16.85,0
87.8550,16.85,0
87.8600,16.85,0
87.8650,27.57,0
87.8700,27.57,0
87.8750,-11.70,0
87.8800,-11.70,0
87.8850,10.34,0
87.8900,10.34,0
87.8950,-12.58,0
87.9000,-12.58,0
87.9050,22.28,0
87.9100,30.29,0
87.9150,-15.25,0
87.9200,-15.25,0
87.9250,12.42,0
87.9300,7.59,0
87.9350,34.47,0
87.9400,-14.91,0
87.9450,-18.30,0
87.9500,-4.83,0
87.9550,28.24,0
87.9600,28.24,0
87.9650,21.90,0
87.9700,23.20,0
87.9750,23.20,0
87.9800,4.85,0
87.9850,4.85,0
87.9900,-8.30,0
87.9950,5.66,0
88.0000,-15.86,0
88.0050,24.90,0
88.0100,-14.82,0
88.0150,-14.82,0
88.0200,7.91,0
88.0250,-12.57,0
88.0300,-2.17,0
88.0350,-2.17,0
88.0400,25.30,0
88.0450,25.30,0
88.0500,26.26,0
88.0550,26.26,0
88.0600,26.26,0
88.0650,26.26,0
88.0700,-8.71,0
88.0750,-8.71,0
88.0800,31.33,0
88.0850,31.33,0
88.0900,24.54,0
88.0950,24.54,0
88.1000,-12.57,0
88.1050,3.15,0
88.1100,3.15,0
88.1150,3.15,0
88.1200,3.15,0
88.1250,3.15,0
88.1300,-31.70,0
88.1350,-17.32,0
88.1400,1.91,0
88.1450,1.91,0
88.1500,1.91,0
88.1550,-11.07,0
88.1600,10.93,0
88.1650,-18.74,0
88.1700,-18.85,0
88.1750,-18.85,0
88.1800,28.24,0
88.1850,-0.63,0
88.1900,-3.99,0
88.1950,-3.99,0
88.2000,-3.99,0
88.2050,-3.99,0
88.2100,27.60,0
88.2150,20.73,0
88.2200,20.73,0
88.2250,3.93,0
88.2300,3.93,0
88.2350,25.62,0
88.2400,25.62,0
88.2450,-19.69,0
88.2500,-19.69,0
88.2550,21.82,0
88.2600,21.82,0
88.2650,-4.13,0
88.2700,-4.13,0
88.2750,12.75,0
88.2800,-4.13,0
88.2850,-21.11,0
88.2900,-21.11,0
88.2950,25.18,0
88.3000,16.80,0
88.3050,25.18,0
88.3100,-6.89,0
88.3150,-6.89,0
88.3200,-6.89,0
88.3250,21.82,0
88.3300,-6.89,0
88.3350,-6.89,0
88.3400,22.93,0
88.3450,4.60,0
88.3500,4.60,0
88.3550,4.60,0
88.3600,22.04,0
88.3650,-17.11,0
88.3700,-17.11,0
88.3750,-17.11,0
88.3800,21.84,0
88.3850,-0.87,0
88.3900,-0.87,0
88.3950,-2.13,0
88.4000,-2.13,0
88.4050,-20.64,0
88.4100,-20.64,0
88.4150,25.00,0
88.4200,25.00,0
88.4250,-5.86,0
88.4300,-5.86,0
88.4350,27.87,0
88.4400,27.87,0
88.4450,27.87,0
88.4500,31.27,0
88.4550,21.37,0
88.4600,7.52,0
88.4650,21.37,0
88.4700,21.37,0
88.4750,31.35,0
88.4800,-6.48,0
88.4850,-6.48,0
88.4900,-12.28,0
88.4950,-12.28,0
88.5000,-12.28,0
88.5050,31.01,0
88.5100,1.11,0
88.5150,1.11,0
88.5200,-1.69,0
88.5250,-1.69,0
88.5300,-20.12,0
88.5350,-20.12,0
88.5400,27.77,0
88.5450,27.77,0
88.5500,-0.68,0
88.5550,-0.68,0
88.5600,17.67,0
88.5650,30.14,0
88.5700,-15.32,0
88.5750,24.07,0
88.5800,24.07,0
88.5850,21.34,0
88.5900,2.94,0
88.5950,2.94,0
88.6000,2.94,0
88.6050,2.94,0
88.6100,2.94,0
88.6150,-16.29,0
88.6200,17.32,0
88.6250,-3.04,0
88.6300,-3.04,0
88.6350,-2.99,0
88.6400,-9.56,0
88.6450,27.31,0
88.6500,27.31,0
88.6550,-22.69,0
88.6600,-22.69,0
88.6650,24.47,0
88.6700,24.47,0
88.6750,-8.55,0
88.6800,-8.55,0
88.6850,25.21,0
88.6900,25.21,0
88.6950,25.21,0
88.7000,25.21,0
88.7050,-16.83,0
88.7100,-16.83,0
88.7150,-3.94,0
88.7200,-3.94,0
88.7250,26.81,0
88.7300,26.81,0
88.7350,-22.08,0
88.7400,-22.08,0
88.7450,-4.44,0
88.7500,-4.44,0
88.7550,-8.51,0
88.7600,-8.51,0
88.7650,14.41,0
88.7700,14.41,0
88.7750,14.41,0
88.7800,14.41,0
88.7850,-14.10,0
88.7900,-14.10,0
88.7950,-18.43,0
88.8000,-14.10,0
88.8050,-18.61,0
88.8100,-18.61,0
88.8150,17.51,0
88.8200,17.51,0
88.8250,-16.76,0
88.8300,-16.76,0
88.8350,28.40,0
88.8400,32.11,0
88.8450,-10.53,0
88.8500,-10.53,0
88.8550,11.30,0
88.8600,11.30,0
88.8650,-16.76,0
88.8700,-11.94,0
88.8750,-14.59,0
88.8800,-14.59,0
88.8850,12.84,0
88.8900,12.84,0
88.8950,12.84,0
88.9000,12.84,0
88.9050,-15.28,0
88.9100,-15.28,0
88.9150,-15.28,0
88.9200,-15.28,0
88.9250,-21.68,0
88.9300,-16.28,0
88.9350,16.01,0
88.9400,-18.30,0
88.9450,-19.31,0
88.9500,12.38,0
88.9550,29.77,0
88.9600,29.77,0
88.9650,-12.21,0
88.9700,-12.21,0
88.9750,15.09,0
88.9800,15.09,0
88.9850,-8.20,0
88.9900,-8.20,0
88.9950,24.66,0
89.0000,-14.68,0
89.0050,15.43,0
89.0100,15.43,0
89.0150,15.43,0
89.0200,15.43,0
89.0250,-14.06,0
89.0300,0.23,0
89.0350,34.57,0
89.0400,-5.55,0
89.0450,11.71,0
89.0500,11.71,0
89.0550,18.56,0
89.0600,18.56,0
89.0650,29.87,0
89.0700,18.56,0
89.0750,25.87,0
89.0800,29.91,0
89.0850,-12.13,0
89.0900,-12.13,0
89.0950,15.90,0
89.1000,27.50,0
89.1050,2.36,0
89.1100,-12.71,0
89.1150,29.59,0
89.1200,29.59,0
89.1250,-13.53,0
89.1300,-13.53,0
89.1350,17.96,0
89.1400,17.96,0
89.1450,-15.33,0
89.1500,-15.33,0
89.1550,27.95,0
89.1600,27.95,0
89.1650,17.26,0
89.1700,29.75,0
89.1750,17.26,0
89.1800,17.26,0
89.1850,17.26,0
89.1900,17.26,0
89.1950,17.26,0
89.2000,17.26,0
89.2050,28.22,0
89.2100,28.22,0
89.2150,10.62,0
89.2200,10.62,0
89.2250,-17.65,0
89.2300,-17.65,0
89.2350,31.21,0
89.2400,35.25,0
89.2450,19.45,0
89.2500,19.45,0
89.2550,19.45,0
89.2600,19.45,0
89.2650,-13.89,0
89.2700,-13.89,0
89.2750,33.54,0
89.2800,33.54,0
89.2850,12.51,0
89.2900,12.51,0
89.2950,13.71,0
89.3000,13.71,0
89.3050,13.71,0
89.3100,13.71,0
89.3150,28.99,0
89.3200,28.99,0
89.3250,-14.12,0
89.3300,-14.12,0
89.3350,9.78,0
89.3400,9.78,0
89.3450,-9.72,0
89.3500,-9.72,0
89.3550,27.47,0
89.3600,28.99,0
89.3650,27.47,0
89.3700,27.47,0
89.3750,17.58,0
89.3800,17.58,0
89.3850,-11.76,0
89.3900,-11.76,0
89.3950,30.26,0
89.4000,30.26,0
89.4050,-16.18,0
89.4100,-16.18,0
89.4150,15.27,0
89.4200,15.27,0
89.4250,26.51,0
89.4300,15.27,0
89.4350,31.71,0
89.4400,31.71,0
89.4450,-13.36,0
89.4500,-13.36,0
89.4550,14.56,0
89.4600,14.56,0
89.4650,-13.25,0
89.4700,-13.25,0
89.4750,-13.25,0
89.4800,31.44,0
89.4850,-18.45,0
89.4900,17.57,0
89.4950,13.90,0
89.5000,-13.55,0
89.5050,-15.59,0
89.5100,-15.59,0
89.5150,35.14,0
89.5200,35.14,0
89.5250,-16.22,0
89.5300,-16.22,0
89.5350,-16.22,0
89.5400,11.39,0
89.5450,27.71,0
89.5500,15.66,0
89.5550,15.66,0
89.5600,28.90,0
89.5650,28.90,0
89.5700,22.23,0
89.5750,22.23,0
89.5800,-19.15,0
89.5850,-19.15,0
89.5900,-19.15,0
89.5950,-7.30,0
89.6000,-7.30,0
89.6050,4.01,0
89.6100,4.01,0
89.6150,-20.56,0
89.6200,-20.56,0
89.6250,-20.56,0
89.6300,31.09,0
89.6350,31.09,0
89.6400,31.09,0
89.6450,-0.14,0
89.6500,-2.77,0
89.6550,26.15,0
89.6600,26.15,0
89.6650,25.66,0
89.6700,25.66,0
89.6750,-3.13,0
89.6800,-3.13,0
89.6850,-3.13,0
89.6900,26.15,0
89.6950,23.62,0
89.7000,23.62,0
89.7050,-16.08,0
89.7100,-16.08,0
89.7150,-3.99,0
89.7200,-3.99,0
89.7250,0.76,0
89.7300,0.76,0
89.7350,15.48,0
89.7400,-21.90,0
89.7450,12.82,0
89.7500,31.19,0
89.7550,31.19,0
89.7600,31.19,0
89.7650,31.19,0
89.7700,-1.17,0
89.7750,26.74,0
89.7800,26.74,0
89.7850,27.46,0
89.7900,27.46,0
89.7950,27.46,0
89.8000,-0.54,0
89.8050,-0.54,0
89.8100,-15.12,0
89.8150,-0.88,0
89.8200,-0.88,0
89.8250,-17.98,0
89.8300,-17.98,0
89.8350,-0.46,0
89.8400,-0.46,0
89.8450,-1.88,0
89.8500,-1.88,0
89.8550,-1.88,0
89.8600,-1.88,0
89.8650,-20.75,0
89.8700,-20.75,0
89.8750,32.94,0
89.8800,32.94,0
89.8850,-2.72,0
89.8900,-2.72,0
89.8950,24.12,0
89.9000,24.12,0
89.9050,-24.72,0
89.9100,-24.72,0
89.9150,27.48,0
89.9200,27.48,0
89.9250,27.48,0
89.9300,-2.88,0
89.9350,-2.88,0
89.9400,22.70,0
89.9450,-16.05,0
89.9500,-16.05,0
89.9550,-16.05,0
89.9600,-16.05,0
89.9650,-16.05,0
89.9700,26.19,0
89.9750,26.19,0
89.9800,2.56,0
89.9850,-16.38,0
89.9900,-16.38,0
89.9950,-16.38,0
90.0000,24.64,0
90.0050,32.06,0
90.0100,-11.93,0
90.0150,-0.62,0
90.0200,26.70,0
90.0250,26.70,0
90.0300,26.70,0
90.0350,27.23,0
90.0400,27.23,0
90.0450,-2.39,0
90.0500,-2.39,0
90.0550,-2.39,0
90.0600,24.72,0
90.0650,-14.00,0
90.0700,-14.00,0
90.0750,6.60,0
90.0800,25.36,0
90.0850,-9.37,0
90.0900,18.61,0
90.0950,32.00,0
90.1000,3.09,0
90.1050,-20.28,0
90.1100,-20.28,0
90.1150,-7.37,0
90.1200,30.14,0
90.1250,-10.06,0
90.1300,-10.06,0
90.1350,30.04,0
90.1400,-0.06,0
90.1450,30.04,0
90.1500,30.04,0
90.1550,30.04,0
90.1600,30.15,0
90.1650,-0.54,0
90.1700,-0.54,0
90.1750,-3.07,0
90.1800,-3.07,0
90.1850,23.25,0
90.1900,23.25,0
90.1950,-17.22,0
90.2000,-17.22,0
90.2050,30.33,0
90.2100,-4.72,0
90.2150,-4.72,0
90.2200,1.97,0
90.2250,1.97,0
90.2300,-20.44,0
90.2350,-20.44,0
90.2400,30.72,0
90.2450,-7.75,0
90.2500,-7.75,0
90.2550,4.90,0
90.2600,4.90,0
90.2650,26.45,0
90.2700,26.45,0
90.2750,24.77,0
90.2800,24.77,0
90.2850,-2.69,0
90.2900,-2.69,0
90.2950,2.87,0
90.3000,2.87,0
90.3050,-17.91,0
90.3100,-17.91,0
90.3150,-17.91,0
90.3200,-17.91,0
90.3250,-7.45,0
90.3300,-7.45,0
90.3350,3.80,0
90.3400,-17.34,0
90.3450,-23.63,0
90.3500,-23.63,0
90.3550,3.80,1
90.3600,30.07,0
90.3650,30.07,0
90.3700,-7.23,0
90.3750,-21.34,0
90.3800,0.06,0
90.3850,15.20,0
90.3900,5.52,0
90.3950,6.67,0
90.4000,6.67,0
90.4050,28.82,0
90.4100,28.82,0
90.4150,-12.83,0
90.4200,-12.83,0
90.4250,-12.83,0
90.4300,-12.83,0
90.4350,-12.83,0
90.4400,21.30,0
90.4450,9.41,0
90.4500,-8.83,0
90.4550,-18.28,0
90.4600,-18.28,0
90.4650,17.13,0
90.4700,17.13,0
90.4750,17.13,0
90.4800,6.33,0
90.4850,-11.02,0
90.4900,-11.02,0
90.4950,28.63,0
90.5000,28.63,0
90.5050,28.63,0
90.5100,21.23,0
90.5150,11.94,0
90.5200,11.94,0
90.5250,29.86,0
90.5300,-13.64,0
90.5350,-15.24,0
90.5400,-15.24,0
90.5450,-15.24,0
90.5500,-15.24,0
90.5550,-15.24,0
90.5600,8.34,0
90.5650,8.34,0
90.5700,-8.69,0
90.5750,-8.69,0
90.5800,-17.13,0
90.5850,20.70,0
90.5900,20.70,0
90.5950,20.70,0
90.6000,20.70,0
90.6050,-9.67,0
90.6100,32.33,0
90.6150,34.28,0
90.6200,34.28,0
90.6250,16.69,0
90.6300,16.69,0
90.6350,11.61,0
90.6400,11.61,0
90.6450,11.61,0
90.6500,32.33,0
90.6550,31.90,0
90.6600,-31.46,0
90.6650,-14.21,0
90.6700,-14.21,0
90.6750,5.31,0
90.6800,29.90,0
90.6850,-9.92,0
90.6900,-9.92,0
90.6950,29.96,0
90.7000,29.96,0
90.7050,-17.39,0
90.7100,-17.39,0
90.7150,-17.39,0
90.7200,-17.39,0
90.7250,-11.15,0
90.7300,-11.15,0
90.7350,35.07,0
90.7400,35.07,0
90.7450,17.77,0
90.7500,17.77,0
90.7550,9.75,0
90.7600,9.75,0
90.7650,9.75,0
90.7700,9.75,0
90.7750,-12.29,0
90.7800,29.02,0
90.7850,-16.55,0
90.7900,-21.15,0
90.7950,29.09,0
90.8000,1.24,0
90.8050,-8.66,0
90.8100,-8.66,0
90.8150,26.30,0
90.8200,26.30,0
90.8250,-21.17,0
90.8300,-21.17,0
90.8350,21.27,0
90.8400,21.27,0
90.8450,21.27,0
90.8500,21.27,0
90.8550,-13.88,0
90.8600,-13.88,0
90.8650,-18.92,0
90.8700,21.16,0
90.8750,18.09,0
90.8800,18.09,0
90.8850,-16.55,0
90.8900,18.09,0
90.8950,18.09,0
90.9000,18.09,0
90.9050,-12.16,0
90.9100,-12.16,0
90.9150,6.39,0
90.9200,6.39,0
90.9250,-9.15,0
90.9300,-9.15,0
90.9350,-9.15,0
90.9400,-9.15,0
90.9450,-22.90,0
90.9500,-5.33,0
90.9550,24.93,0
90.9600,-11.37,0
90.9650,-8.82,0
90.9700,-8.82,0
90.9750,29.18,0
90.9800,0.20,0
90.9850,-22.55,0
90.9900,-22.55,0
90.9950,6.62,0
91.0000,18.09,0
91.0050,8.31,0
91.0100,8.31,0
91.0150,25.95,0
91.0200,29.29,0
91.0250,29.29,0
91.0300,-15.10,0
91.0350,-15.10,0
91.0400,4.45,0
91.0450,4.45,0
91.0500,-7.70,0
91.0550,-7.70,0
91.0600,6.16,0
91.0650,-7.70,0
91.0700,27.19,0
91.0750,-15.39,0
91.0800,26.58,0
91.0850,26.58,0
91.0900,28.23,0
91.0950,18.90,0
91.1000,32.73,0
91.1050,32.73,0
91.1100,-20.59,0
91.1150,-19.58,0
91.1200,16.99,0
91.1250,10.38,0
91.1300,10.38,0
91.1350,32.27,0
91.1400,32.27,0
91.1450,-14.61,0
91.1500,-14.61,0
91.1550,15.00,0
91.1600,15.00,0
91.1650,6.85,0
91.1700,6.85,0
91.1750,-3.78,0
91.1800,-3.78,0
91.1850,-17.19,0
91.1900,-17.19,0
91.1950,-21.61,0
91.2000,-21.61,0
91.2050,28.31,0
91.2100,29.30,0
91.2150,28.31,0
91.2200,28.31,0
91.2250,1.64,0
91.2300,1.64,0
91.2350,22.69,0
91.2400,22.69,0
91.2450,24.17,0
91.2500,28.78,0
91.2550,-4.21,0
91.2600,-4.21,0
91.2650,1.47,0
91.2700,1.47,0
91.2750,21.59,0
91.2800,21.59,0
91.2850,-16.30,0
91.2900,-16.30,0
91.2950,-16.30,0
91.3000,-16.30,0
91.3050,-10.83,0
91.3100,6.95,0
91.3150,-10.83,0
91.3200,-17.53,0
91.3250,26.07,0
91.3300,26.07,0
91.3350,26.07,0
91.3400,26.07,0
91.3450,-6.72,0
91.3500,-12.06,0
91.3550,24.31,0
91.3600,24.31,0
91.3650,28.43,0
91.3700,28.43,0
91.3750,-8.54,0
91.3800,-8.54,0
91.3850,-8.54,0
91.3900,-8.54,0
91.3950,18.62,0
91.4000,18.62,0
91.4050,-17.26,0
91.4100,-17.26,0
91.4150,-9.82,0
91.4200,-9.82,0
91.4250,3.02,0
91.4300,9.74,0
91.4350,18.52,0
91.4400,18.52,0
91.4450,18.52,0
91.4500,32.43,0
91.4550,32.43,0
91.4600,32.43,0
91.4650,32.43,0
91.4700,8.72,0
91.4750,8.72,0
91.4800,25.05,0
91.4850,30.19,0
91.4900,30.19,0
91.4950,30.19,0
91.5000,-7.50,0
91.5050,-7.50,0
91.5100,-7.50,0
91.5150,20.25,0
91.5200,18.61,0
91.5250,-13.18,0
91.5300,-13.18,0
91.5350,23.03,0
91.5400,23.03,0
91.5450,-10.09,0
91.5500,-10.09,0
91.5550,9.35,0
91.5600,-9.94,0
91.5650,27.51,0
91.5700,-16.72,0
91.5750,-16.72,0
91.5800,27.51,0
91.5850,29.71,0
91.5900,7.68,0
91.5950,7.68,0
91.6000,24.58,0
91.6050,24.58,0
91.6100,29.71,0
91.6150,8.89,0
91.6200,4.35,0
91.6250,-7.68,0
91.6300,-7.68,0
91.6350,19.53,0
91.6400,19.53,0
91.6450,-15.83,0
91.6500,-15.83,0
91.6550,28.09,0
91.6600,28.09,0
91.6650,-12.46,0
91.6700,-12.46,0
91.6750,12.74,0
91.6800,12.74,0
91.6850,12.74,0
91.6900,-19.42,0
91.6950,-19.42,0
91.7000,31.54,0
91.7050,31.54,0
91.7100,-11.92,0
91.7150,-11.92,0
91.7200,6.45,0
91.7250,6.45,0
91.7300,12.74,0
91.7350,22.10,0
91.7400,27.00,0
91.7450,-6.36,0
91.7500,24.72,0
91.7550,1.99,0
91.7600,27.00,0
91.7650,-11.12,0
91.7700,-11.12,0
91.7750,-11.12,0
91.7800,-11.12,0
91.7850,-11.12,0
91.7900,-9.76,0
91.7950,-9.76,0
91.8000,-9.76,0
91.8050,-9.76,0
91.8100,16.08,0
91.8150,16.08,0
91.8200,31.03,0
91.8250,31.03,0
91.8300,-14.79,0
91.8350,-16.33,0
91.8400,8.31,0
91.8450,20.97,0
91.8500,20.97,0
91.8550,-6.36,0
91.8600,28.63,0
91.8650,28.63,0
91.8700,-7.41,0
91.8750,-7.41,0
91.8800,4.55,0
91.8850,3.22,0
91.8900,15.18,0
91.8950,-14.65,0
91.9000,-23.86,0
91.9050,-7.94,0
91.9100,-7.94,0
91.9150,12.48,0
91.9200,12.48,0
91.9250,28.63,0
91.9300,13.23,0
91.9350,-16.29,0
91.9400,-16.29,0
91.9450,32.62,0
91.9500,32.62,0
91.9550,8.30,0
91.9600,8.30,0
91.9650,20.23,0
91.9700,20.23,0
91.9750,28.85,0
91.9800,28.85,0
91.9850,-10.02,0
91.9900,-10.02,0
91.9950,-10.02,0
92.0000,20.69,0
92.0050,17.25,0
92.0100,17.25,0
92.0150,3.83,0
92.0200,-11.26,0
92.0250,3.83,0
92.0300,3.83,0
92.0350,3.83,0
92.0400,-17.60,0
92.0450,-17.60,0
92.0500,23.49,0
92.0550,23.49,0
92.0600,23.49,0
92.0650,-0.06,0
92.0700,-8.20,0
92.0750,-8.20,0
92.0800,-8.20,0
92.0850,-20.69,0
92.0900,-0.06,0
92.0950,25.41,0
92.1000,25.41,0
92.1050,1.82,0
92.1100,1.82,0
92.1150,27.15,0
92.1200,-16.10,0
92.1250,-16.10,0
92.1300,-16.10,0
92.1350,19.15,0
92.1400,27.15,0
92.1450,0.55,0
92.1500,-4.55,0
92.1550,-4.55,0
92.1600,-4.55,0
92.1650,-4.55,0
92.1700,24.35,0
92.1750,24.35,0
92.1800,26.23,0
92.1850,26.23,0
92.1900,-7.03,0
92.1950,-7.03,0
92.2000,-9.78,0
92.2050,-7.03,0
92.2100,18.36,0
92.2150,18.36,0
92.2200,4.57,0
92.2250,4.57,0
92.2300,4.57,0
92.2350,27.15,0
92.2400,-13.91,0
92.2450,28.25,0
92.2500,28.25,0
92.2550,18.86,0
92.2600,18.86,0
92.2650,-4.10,0
92.2700,-4.10,0
92.2750,24.32,0
92.2800,24.32,0
92.2850,-21.93,0
92.2900,-21.93,0
92.2950,25.66,0
92.3000,25.66,0
92.3050,-8.19,0
92.3100,-8.19,0
92.3150,-8.19,0
92.3200,32.71,0
92.3250,-20.30,0
92.3300,-20.30,0
92.3350,-20.30,0
92.3400,20.66,0
92.3450,20.66,0
92.3500,3.41,0
92.3550,30.49,0
92.3600,30.49,0
92.3650,30.49,0
92.3700,-22.39,0
92.3750,-22.39,0
92.3800,-0.56,0
92.3850,-0.56,0
92.3900,-3.87,0
92.3950,-3.87,0
92.4000,-3.87,0
92.4050,-21.00,0
92.4100,-21.00,0
92.4150,24.66,0
92.4200,24.66,0
92.4250,-11.95,0
92.4300,-11.95,0
92.4350,29.11,0
92.4400,20.66,0
92.4450,14.01,0
92.4500,-19.89,0
92.4550,-19.89,0
92.4600,24.72,0
92.4650,2.68,0
92.4700,3.13,0
92.4750,3.13,0
92.4800,-7.13,0
92.4850,-7.13,0
92.4900,-17.10,0
92.4950,-17.10,0
92.5000,20.37,0
92.5050,20.37,0
92.5100,-5.36,0
92.5150,-5.36,0
92.5200,-5.36,0
92.5250,-5.36,0
92.5300,-5.36,0
92.5350,25.03,0
92.5400,25.03,0
92.5450,-3.14,0
92.5500,-3.14,0
92.5550,29.64,0
92.5600,29.64,0
92.5650,29.64,0
92.5700,29.64,0
92.5750,29.64,0
92.5800,26.67,0
92.5850,26.67,0
92.5900,2.48,0
92.5950,2.48,0
92.6000,28.16,0
92.6050,28.16,0
92.6100,-19.51,0
92.6150,-19.51,0
92.6200,-14.15,0
92.6250,21.78,0
92.6300,-0.40,0
92.6350,-1.88,0
92.6400,-1.88,0
92.6450,-1.88,0
92.6500,26.74,0
92.6550,27.55,0
92.6600,27.55,0
92.6650,27.55,0
92.6700,2.68,0
92.6750,2.68,0
92.6800,28.78,0
92.6850,28.78,0
92.6900,28.78,0
92.6950,22.76,0
92.7000,22.76,0
92.7050,22.76,0
92.7100,7.37,0
92.7150,7.37,0
92.7200,28.60,0
92.7250,-20.09,0
92.7300,-20.09,0
92.7350,-20.09,0
92.7400,-20.09,0
92.7450,-20.09,0
92.7500,-3.08,0
92.7550,-3.08,0
92.7600,-3.65,0
92.7650,-20.76,0
92.7700,-20.76,0
92.7750,-20.76,0
92.7800,29.85,0
92.7850,-19.65,0
92.7900,-3.30,0
92.7950,-3.30,0
92.8000,-1.42,0
92.8050,10.12,0
92.8100,29.89,0
92.8150,29.85,0
92.8200,23.20,0
92.8250,30.54,0
92.8300,35.32,0
92.8350,-15.32,0
92.8400,-15.32,0
92.8450,-15.32,0
92.8500,-15.32,0
92.8550,15.41,0
92.8600,15.41,0
92.8650,-9.78,0
92.8700,-9.78,0
92.8750,-13.62,0
92.8800,-13.62,0
92.8850,13.46,0
92.8900,13.46,0
92.8950,12.55,0
92.9000,12.55,0
92.9050,12.55,0
92.9100,-16.36,0
92.9150,32.33,0
92.9200,1.79,0
92.9250,13.46,0
92.9300,32.33,0
92.9350,32.33,0
92.9400,32.33,0
92.9450,-16.53,0
92.9500,-4.81,0
92.9550,-15.69,0
92.9600,-15.69,0
92.9650,-15.69,0
92.9700,-15.69,0
92.9750,-15.69,0
92.9800,-15.69,0
92.9850,-15.69,0
92.9900,13.15,0
92.9950,13.15,0
93.0000,13.15,0
93.0050,12.56,0
93.0100,12.80,0
93.0150,12.80,0
93.0200,-13.73,0
93.0250,13.15,0
93.0300,32.25,0
93.0350,-4.63,0
93.0400,32.25,0
93.0450,32.25,0
93.0500,32.25,0
93.0550,9.28,0
93.0600,9.28,0
93.0650,16.11,0
93.0700,16.11,0
93.0750,27.07,0
93.0800,27.07,0
93.0850,-13.03,0
93.0900,-17.64,0
93.0950,-13.03,0
93.1000,-4.31,0
93.1050,26.86,0
93.1100,-13.03,0
93.1150,-13.70,0
93.1200,-13.70,0
93.1250,-13.64,0
93.1300,-13.64,0
93.1350,9.31,0
93.1400,9.31,0
93.1450,11.96,0
93.1500,11.96,0
93.1550,-15.71,0
93.1600,-15.71,0
93.1650,37.55,0
93.1700,-18.77,0
93.1750,14.87,0
93.1800,14.87,0
93.1850,15.87,0
93.1900,15.87,0
93.1950,28.47,0
93.2000,28.47,0
93.2050,31.22,0
93.2100,-13.12,0
93.2150,-13.12,0
93.2200,-13.12,0
93.2250,-20.32,0
93.2300,19.16,0
93.2350,-14.28,0
93.2400,-14.28,0
93.2450,-14.28,0
93.2500,-14.28,0
93.2550,-15.56,0
93.2600,-15.56,0
93.2650,12.33,0
93.2700,12.33,0
93.2750,-11.35,0
93.2800,-11.35,0
93.2850,29.44,0
93.2900,29.44,0
93.2950,10.56,0
93.3000,10.56,0
93.3050,14.87,0
93.3100,14.87,0
93.3150,-18.15,0
93.3200,-18.15,0
93.3250,26.78,0
93.3300,26.78,0
93.3350,-13.42,0
93.3400,-13.42,0
93.3450,11.05,0
93.3500,11.05,0
93.3550,-12.36,0
93.3600,-12.36,0
93.3650,-0.72,0
93.3700,27.72,0
93.3750,-17.53,0
93.3800,-17.53,0
93.3850,-17.53,0
93.3900,10.44,0
93.3950,10.44,0
93.4000,33.84,0
93.4050,33.84,0
93.4100,-17.29,0
93.4150,-17.29,0
93.4200,13.43,0
93.4250,13.43,0
93.4300,13.43,0
93.4350,13.43,0
93.4400,13.43,0
93.4450,32.22,0
93.4500,32.22,0
93.4550,-11.44,0
93.4600,-11.44,0
93.4650,11.86,0
93.4700,11.86,0
93.4750,-10.28,0
93.4800,-24.32,0
93.4850,-10.28,0
93.4900,-10.28,0
93.4950,-16.20,0
93.5000,-16.20,0
93.5050,12.91,0
93.5100,12.91,0
93.5150,-22.80,0
93.5200,8.47,0
93.5250,8.47,0
93.5300,8.47,0
93.5350,35.46,0
93.5400,35.46,0
93.5450,14.64,0
93.5500,14.64,0
93.5550,14.64,0
93.5600,14.64,0
93.5650,-14.96,0
93.5700,-14.96,0
93.5750,-9.66,0
93.5800,35.46,0
93.5850,9.45,0
93.5900,9.45,0
93.5950,10.71,0
93.6000,10.71,0
93.6050,10.71,0
93.6100,10.71,0
93.6150,27.96,0
93.6200,27.96,0
93.6250,20.71,0
93.6300,8.91,0
93.6350,8.91,0
93.6400,29.35,0
93.6450,-13.82,0
93.6500,-13.82,0
93.6550,0.11,0
93.6600,0.11,0
93.6650,28.49,0
93.6700,28.49,0
93.6750,25.96,0
93.6800,23.17,0
93.6850,-2.03,0
93.6900,-2.03,0
93.6950,-2.03,0
93.7000,-2.03,0
93.7050,-2.03,0
93.7100,-21.97,0
93.7150,-21.97,0
93.7200,-2.72,0
93.7250,-2.72,0
93.7300,-0.48,0
93.7350,-0.48,0
93.7400,-0.48,0
93.7450,-0.48,0
93.7500,-19.19,0
93.7550,-19.19,0
93.7600,30.41,0
93.7650,30.41,0
93.7700,30.96,0
93.7750,11.88,0
93.7800,27.92,0
93.7850,27.92,0
93.7900,27.92,0
93.7950,27.92,0
93.8000,25.88,0
93.8050,25.88,0
93.8100,2.17,0
93.8150,6.34,0
93.8200,-9.05,0
93.8250,20.50,0
93.8300,-17.46,0
93.8350,-17.46,0
93.8400,23.98,0
93.8450,23.98,0
93.8500,-4.51,0
93.8550,-4.51,0
93.8600,4.78,0
93.8650,4.78,0
93.8700,4.78,0
93.8750,4.78,0
93.8800,4.78,0
93.8850,4.78,0
93.8900,4.78,0
93.8950,-3.99,0
93.9000,-3.99,0
93.9050,26.72,0
93.9100,25.87,0
93.9150,28.69,0
93.9200,28.69,0
93.9250,-5.90,0
93.9300,-5.90,0
93.9350,28.24,0
93.9400,24.13,0
93.9450,28.69,0
93.9500,-16.12,0
93.9550,-16.12,0
93.9600,-16.12,0
93.9650,-16.12,0
93.9700,-16.12,0
93.9750,-3.58,0
93.9800,-3.58,0
93.9850,-3.58,0
93.9900,-17.38,0
93.9950,-17.38,0
94.0000,-17.38,0
94.0050,-17.38,0
94.0100,-17.38,0
94.0150,-17.38,0
94.0200,26.27,0
94.0250,-0.95,0
94.0300,-14.42,0
94.0350,25.75,0
94.0400,22.89,0
94.0450,-3.48,0
94.0500,-3.48,0
94.0550,-3.48,0
94.0600,-3.58,0
94.0650,23.87,0
94.0700,23.87,0
94.0750,-17.42,0
94.0800,-17.42,0
94.0850,-2.05,0
94.0900,-2.05,0
94.0950,-19.94,0
94.1000,-2.05,0
94.1050,-2.05,0
94.1100,-2.05,0
94.1150,-2.05,0
94.1200,-18.24,0
94.1250,-18.24,0
94.1300,29.05,0
94.1350,29.05,0
94.1400,29.05,0
94.1450,29.05,0
94.1500,29.05,0
94.1550,29.05,0
94.1600,-14.74,0
94.1650,-1.32,0
94.1700,-24.06,0
94.1750,-4.04,0
94.1800,-4.04,0
94.1850,23.16,0
94.1900,23.16,0
94.1950,23.16,0
94.2000,-20.23,0
94.2050,-20.23,0
94.2100,-6.59,0
94.2150,-6.59,0
94.2200,0.34,0
94.2250,-2.07,0
94.2300,0.34,0
94.2350,0.34,0
94.2400,-17.51,0
94.2450,-17.51,0
94.2500,-17.51,0
94.2550,-13.29,0
94.2600,-13.29,0
94.2650,-13.29,0
94.2700,26.18,0
94.2750,26.18,0
94.2800,-22.31,0
94.2850,30.96,0
94.2900,29.23,0
94.2950,-3.21,0
94.3000,-3.21,0
94.3050,21.67,0
94.3100,21.67,0
94.3150,-17.51,0
94.3200,3.25,0
94.3250,21.67,0
94.3300,21.67,0
94.3350,21.67,0
94.3400,21.67,0
94.3450,22.86,0
94.3500,-28.12,0
94.3550,-18.13,0
94.3600,-18.13,0
94.3650,4.18,0
94.3700,29.78,0
94.3750,-8.58,0
94.3800,-8.58,0
94.3850,24.93,0
94.3900,24.93,0
94.3950,24.93,0
94.4000,24.93,0
94.4050,26.08,0
94.4100,26.08,0
94.4150,26.08,0
94.4200,26.08,0
94.4250,-0.30,0
94.4300,-0.30,0
94.4350,-18.69,0
94.4400,-18.69,0
94.4450,-18.69,0
94.4500,-18.69,0
94.4550,-18.69,0
94.4600,-18.69,0
94.4650,26.44,0
94.4700,3.06,0
94.4750,3.06,0
94.4800,18.04,0
94.4850,18.04,0
94.4900,-12.99,0
94.4950,-12.99,0
94.5000,31.79,0
94.5050,35.16,0
94.5100,35.16,0
94.5150,35.16,0
94.5200,15.36,0
94.5250,9.60,0
94.5300,31.52,0
94.5350,31.20,0
94.5400,31.20,0
94.5450,31.20,0
94.5500,-8.97,0
94.5550,-8.97,0
94.5600,-8.97,0
94.5650,-8.97,0
94.5700,7.19,0
94.5750,7.19,0
94.5800,-10.07,0
94.5850,-10.07,0
94.5900,-10.07,0
94.5950,-10.07,0
94.6000,-10.07,0
94.6050,-10.07,0
94.6100,-10.07,0
94.6150,8.44,0
94.6200,8.44,0
94.6250,28.74,0
94.6300,28.74,0
94.6350,17.95,0
94.6400,17.95,0
94.6450,17.95,0
94.6500,6.36,0
94.6550,6.36,0
94.6600,-12.82,0
94.6650,-12.82,0
94.6700,9.23,0
94.6750,-14.32,0
94.6800,-11.18,0
94.6850,-14.32,0
94.6900,-14.32,0
94.6950,7.56,0
94.7000,7.56,0
94.7050,7.56,0
94.7100,9.83,0
94.7150,7.56,0
94.7200,19.18,0
94.7250,7.56,0
94.7300,14.19,0
94.7350,-10.29,0
94.7400,-10.29,0
94.7450,-5.97,0
94.7500,34.11,0
94.7550,34.11,0
94.7600,17.58,0
94.7650,17.58,0
94.7700,9.83,0
94.7750,9.83,0
94.7800,9.83,0
94.7850,9.83,0
94.7900,29.39,0
94.7950,-13.35,0
94.8000,-13.35,0
94.8050,-12.65,0
94.8100,8.84,0
94.8150,-9.09,0
94.8200,-8.71,0
94.8250,-22.95,0
94.8300,-9.09,0
94.8350,-14.31,0
94.8400,-15.63,0
94.8450,23.28,0
94.8500,23.28,0
94.8550,-13.44,0
94.8600,-13.44,0
94.8650,-13.44,0
94.8700,-13.44,0
94.8750,32.67,0
94.8800,32.67,0
94.8850,17.18,0
94.8900,17.18,0
94.8950,10.28,0
94.9000,10.28,0
94.9050,-13.81,0
94.9100,-13.81,0
94.9150,-14.24,0
94.9200,27.24,0
94.9250,6.71,0
94.9300,10.83,0
94.9350,-7.28,0
94.9400,-7.28,0
94.9450,-7.28,0
94.9500,-7.28,0
94.9550,28.60,0
94.9600,28.60,0
94.9650,23.27,0
94.9700,23.27,0
94.9750,-5.98,0
94.9800,-5.98,0
94.9850,28.74,0
94.9900,28.74,0
94.9950,-22.75,0
95.0000,-22.75,0
95.0050,20.87,0
95.0100,2.21,0
95.0150,11.77,0
95.0200,11.77,0
95.0250,29.63,0
95.0300,3.90,0
95.0350,-17.95,0
95.0400,-17.95,0
95.0450,-17.95,0
95.0500,-17.95,0
95.0550,16.00,0
95.0600,16.00,0
95.0650,-14.49,0
95.0700,-6.81,0
95.0750,-19.93,0
95.0800,-19.93,0
95.0850,17.94,0
95.0900,17.94,0
95.0950,-10.79,0
95.1000,11.77,0
95.1050,30.39,0
95.1100,30.39,0
95.1150,-21.07,0
95.1200,-21.07,0
95.1250,16.47,0
95.1300,16.47,0
95.1350,-6.81,0
95.1400,16.47,0
95.1450,16.47,0
95.1500,29.95,0
95.1550,29.95,0
95.1600,17.34,0
95.1650,18.42,0
95.1700,18.42,0
95.1750,2.47,0
95.1800,2.47,0
95.1850,2.47,0
95.1900,2.47,0
95.1950,4.72,0
95.2000,-18.98,0
95.2050,22.68,0
95.2100,22.68,0
95.2150,3.68,0
95.2200,3.68,0
95.2250,35.49,0
95.2300,35.49,0
95.2350,35.49,0
95.2400,35.49,0
95.2450,21.33,0
95.2500,21.33,0
95.2550,6.15,0
95.2600,-22.37,0
95.2650,30.39,0
95.2700,30.39,0
95.2750,-19.14,0
95.2800,-19.14,0
95.2850,-7.62,0
95.2900,-17.41,0
95.2950,-17.41,0
95.3000,-17.41,0
95.3050,-10.72,0
95.3100,-10.72,0
95.3150,-10.72,0
95.3200,-10.72,0
95.3250,18.20,0
95.3300,18.20,0
95.3350,25.64,0
95.3400,-18.71,0
95.3450,-18.71,0
95.3500,29.57,0
95.3550,29.57,1
95.3600,29.57,0
95.3650,29.57,0
95.3700,19.59,0
95.3750,30.95,0
95.3800,30.95,0
95.3850,-7.37,0
95.3900,-7.37,0
95.3950,-7.37,0
95.4000,-7.37,0
95.4050,-5.40,0
95.4100,-7.37,0
95.4150,-7.37,0
95.4200,-10.05,0
95.4250,-15.21,0
95.4300,-17.00,0
95.4350,-7.15,0
95.4400,6.29,0
95.4450,6.29,0
95.4500,17.28,0
95.4550,17.28,0
95.4600,29.75,0
95.4650,29.75,0
95.4700,29.75,0
95.4750,29.75,0
95.4800,8.98,0
95.4850,8.98,0
95.4900,21.45,0
95.4950,21.45,0
95.5000,-15.21,0
95.5050,-24.76,0
95.5100,-6.78,0
95.5150,-6.78,0
95.5200,-6.78,0
95.5250,-6.78,0
95.5300,17.21,0
95.5350,17.21,0
95.5400,-15.89,0
95.5450,-15.89,0
95.5500,-10.95,0
95.5550,-10.95,0
95.5600,9.16,0
95.5650,9.16,0
95.5700,-10.95,0
95.5750,9.16,0
95.5800,-20.51,0
95.5850,-20.51,0
95.5900,-20.51,0
95.5950,-20.51,0
95.6000,-20.51,0
95.6050,-20.51,0
95.6100,32.16,0
95.6150,13.70,0
95.6200,13.70,0
95.6250,-18.08,0
95.6300,31.78,0
95.6350,31.78,0
95.6400,31.78,0
95.6450,-6.87,0
95.6500,21.22,0
95.6550,21.22,0
95.6600,-14.20,0
95.6650,-14.20,0
95.6700,27.48,0
95.6750,27.48,0
95.6800,27.48,0
95.6850,12.83,0
95.6900,12.83,0
95.6950,-15.42,0
95.7000,-15.42,0
95.7050,-15.42,0
95.7100,29.86,0
95.7150,29.86,0
95.7200,5.36,0
95.7250,5.36,0
95.7300,-19.48,0
95.7350,20.02,0
95.7400,20.02,0
95.7450,20.02,0
95.7500,26.23,0
95.7550,26.23,0
95.7600,-6.17,0
95.7650,27.24,0
95.7700,-6.17,0
95.7750,2.49,0
95.7800,-13.12,0
95.7850,-2.90,0
95.7900,28.62,0
95.7950,-12.20,0
95.8000,-12.20,0
95.8050,-12.20,0
95.8100,-12.20,0
95.8150,-12.20,0
95.8200,-15.93,0
95.8250,36.55,0
95.8300,36.55,0
95.8350,36.55,0
95.8400,-11.16,0
95.8450,8.84,0
95.8500,8.84,0
95.8550,8.84,0
95.8600,8.84,0
95.8650,-11.72,0
95.8700,22.14,0
95.8750,22.14,0
95.8800,28.84,0
95.8850,17.78,0
95.8900,17.78,0
95.8950,-18.47,0
95.9000,-18.47,0
95.9050,-18.47,0
95.9100,-18.47,0
95.9150,-14.16,0
95.9200,-14.16,0
95.9250,11.37,0
95.9300,11.37,0
95.9350,-17.92,0
95.9400,-17.92,0
95.9450,33.57,0
95.9500,33.57,0
95.9550,33.57,0
95.9600,33.57,0
95.9650,33.57,0
95.9700,5.29,0
95.9750,24.01,0
95.9800,19.12,0
95.9850,28.39,0
95.9900,28.39,0
95.9950,-5.11,0
96.0000,-0.73,0
96.0050,1.34,0
96.0100,1.34,0
96.0150,-6.81,0
96.0200,19.42,0
96.0250,19.42,0
96.0300,-17.78,0
96.0350,-17.78,0
96.0400,-17.78,0
96.0450,-17.78,0
96.0500,-10.60,0
96.0550,-10.60,0
96.0600,35.15,0
96.0650,15.87,0
96.0700,27.27,0
96.0750,27.27,0
96.0800,27.27,0
96.0850,27.27,0
96.0900,8.83,0
96.0950,8.83,0
96.1000,19.13,0
96.1050,19.13,0
96.1100,0.90,0
96.1150,0.90,0
96.1200,-8.45,0
96.1250,-4.09,0
96.1300,27.85,0
96.1350,-15.01,0
96.1400,-15.01,0
96.1450,0.99,0
96.1500,0.99,0
96.1550,-2.77,0
96.1600,-2.77,0
96.1650,23.67,0
96.1700,23.67,0
96.1750,-20.03,0
96.1800,-20.03,0
96.1850,20.84,0
96.1900,20.84,0
96.1950,-5.45,0
96.2000,32.46,0
96.2050,32.46,0
96.2100,32.46,0
96.2150,32.46,0
96.2200,32.46,0
96.2250,21.82,0
96.2300,21.82,0
96.2350,4.85,0
96.2400,4.85,0
96.2450,27.20,0
96.2500,27.20,0
96.2550,-14.15,0
96.2600,27.20,0
96.2650,3.57,0
96.2700,-19.30,0
96.2750,0.51,0
96.2800,-2.62,0
96.2850,-2.62,0
96.2900,-22.19,0
96.2950,-22.19,0
96.3000,-22.19,0
96.3050,-22.19,0
96.3100,-22.19,0
96.3150,26.61,0
96.3200,26.61,0
96.3250,28.37,0
96.3300,28.37,0
96.3350,28.37,0
96.3400,28.37,0
96.3450,21.02,0
96.3500,21.02,0
96.3550,4.51,0
96.3600,4.51,0
96.3650,-22.44,0
96.3700,-8.50,0
96.3750,-22.19,0
96.3800,29.89,0
96.3850,-17.16,0
96.3900,-17.16,0
96.3950,1.27,0
96.4000,1.27,0
96.4050,-5.21,0
96.4100,-5.21,0
96.4150,-20.91,0
96.4200,-20.91,0
96.4250,26.32,0
96.4300,26.32,0
96.4350,-0.72,0
96.4400,-3.88,0
96.4450,-3.88,0
96.4500,-3.88,0
96.4550,27.99,0
96.4600,27.99,0
96.4650,-12.76,0
96.4700,4.85,0
96.4750,4.85,0
96.4800,4.85,0
96.4850,4.85,0
96.4900,4.85,0
96.4950,-17.71,0
96.5000,-17.17,0
96.5050,-17.17,0
96.5100,2.37,0
96.5150,2.37,0
96.5200,-9.97,0
96.5250,-9.97,0
96.5300,-9.97,0
96.5350,-17.96,0
96.5400,-17.96,0
96.5450,25.89,0
96.5500,25.89,0
96.5550,25.89,0
96.5600,25.89,0
96.5650,-6.51,0
96.5700,-6.51,0
96.5750,31.78,0
96.5800,31.78,0
96.5850,23.26,0
96.5900,23.26,0
96.5950,-1.01,0
96.6000,-1.01,0
96.6050,-7.56,0
96.6100,-7.56,0
96.6150,26.45,0
96.6200,26.45,0
96.6250,-15.21,0
96.6300,-15.21,0
96.6350,0.81,0
96.6400,-2.65,0
96.6450,-2.65,0
96.6500,25.94,0
96.6550,7.47,0
96.6600,-18.15,0
96.6650,-18.15,0
96.6700,-18.15,0
96.6750,22.32,0
96.6800,-6.61,0
96.6850,-6.61,0
96.6900,30.45,0
96.6950,-13.17,0
96.7000,-20.35,0
96.7050,-20.35,0
96.7100,-20.35,0
96.7150,-20.35,0
96.7200,-20.35,0
96.7250,-20.35,0
96.7300,-7.39,0
96.7350,-1.80,0
96.7400,-20.89,0
96.7450,-20.89,0
96.7500,-20.89,0
96.7550,-20.89,0
96.7600,19.06,0
96.7650,19.06,0
96.7700,-4.68,0
96.7750,-20.89,0
96.7800,-18.09,0
96.7850,-18.09,0
96.7900,21.04,0
96.7950,21.04,0
96.8000,-5.41,0
96.8050,-5.41,0
96.8100,-5.41,0
96.8150,31.80,0
96.8200,31.80,0
96.8250,-19.73,0
96.8300,25.01,0
96.8350,25.01,0
96.8400,25.01,0
96.8450,3.78,0
96.8500,3.78,0
96.8550,3.78,0
96.8600,-5.16,0
96.8650,-5.16,0
96.8700,23.73,0
96.8750,23.73,0
96.8800,1.87,0
96.8850,1.87,0
96.8900,-5.43,0
96.8950,-5.43,0
96.9000,24.75,0
96.9050,24.75,0
96.9100,31.02,0
96.9150,31.02,0
96.9200,24.43,0
96.9250,24.43,0
96.9300,-12.22,0
96.9350,-12.22,0
96.9400,6.97,0
96.9450,6.97,0
96.9500,-10.48,0
96.9550,22.30,0
96.9600,22.30,0
96.9650,22.30,0
96.9700,29.59,0
96.9750,29.59,0
96.9800,29.59,0
96.9850,8.10,0
96.9900,16.44,0
96.9950,16.44,0
97.0000,16.43,0
97.0050,31.02,0
97.0100,-9.62,0
97.0150,-14.41,0
97.0200,11.72,0
97.0250,11.72,0
97.0300,-2.17,0
97.0350,11.72,0
97.0400,11.72,0
97.0450,11.72,0
97.0500,30.04,0
97.0550,30.04,0
97.0600,11.97,0
97.0650,11.97,0
97.0700,11.86,0
97.0750,11.86,0
97.0800,27.95,0
97.0850,11.86,0
97.0900,-8.69,0
97.0950,-8.69,0
97.1000,-8.69,0
97.1050,-8.69,0
97.1100,-12.07,0
97.1150,-3.66,0
97.1200,-11.25,0
97.1250,-11.25,0
97.1300,-13.14,0
97.1350,-13.14,0
97.1400,12.89,0
97.1450,12.89,0
97.1500,12.89,0
97.1550,12.89,0
97.1600,29.60,0
97.1650,28.59,0
97.1700,28.59,0
97.1750,10.04,0
97.1800,10.04,0
97.1850,7.79,0
97.1900,14.72,0
97.1950,14.72,0
97.2000,14.72,0
97.2050,-13.14,0
97.2100,14.72,0
97.2150,-13.17,0
97.2200,-13.17,0
97.2250,17.42,0
97.2300,27.66,0
97.2350,-14.97,0
97.2400,-14.97,0
97.2450,-14.97,0
97.2500,-14.97,0
97.2550,-14.97,0
97.2600,14.72,0
97.2650,-14.97,0
97.2700,-11.64,0
97.2750,11.58,0
97.2800,11.58,0
97.2850,11.58,0
97.2900,-8.95,0
97.2950,-8.95,0
97.3000,9.55,0
97.3050,9.55,0
97.3100,11.97,0
97.3150,11.97,0
97.3200,11.97,0
97.3250,11.97,0
97.3300,25.92,0
97.3350,-8.37,0
97.3400,-8.37,0
97.3450,29.43,0
97.3500,11.99,0
97.3550,-12.19,0
97.3600,-12.19,0
97.3650,25.41,0
97.3700,25.41,0
97.3750,25.41,0
97.3800,-14.81,0
97.3850,-14.81,0
97.3900,15.12,0
97.3950,15.12,0
97.4000,-14.78,0
97.4050,31.82,0
97.4100,31.82,0
97.4150,31.82,0
97.4200,-15.58,0
97.4250,-15.58,0
97.4300,18.83,0
97.4350,18.83,0
97.4400,18.83,0
97.4450,25.16,0
97.4500,25.16,0
97.4550,25.16,0
97.4600,-15.55,0
97.4650,8.64,0
97.4700,8.64,0
97.4750,15.67,0
97.4800,-12.41,0
97.4850,-12.41,0
97.4900,-12.41,0
97.4950,-11.42,0
97.5000,-11.42,0
97.5050,12.59,0
97.5100,12.59,0
97.5150,-19.25,0
97.5200,-19.25,0
97.5250,30.92,0
97.5300,30.92,0
97.5350,30.92,0
97.5400,15.67,0
97.5450,10.32,0
97.5500,10.32,0
97.5550,16.17,0
97.5600,16.17,0
97.5650,26.56,0
97.5700,26.56,0
97.5750,-6.01,0
97.5800,-6.01,0
97.5850,6.11,0
97.5900,-17.19,0
97.5950,13.19,0
97.6000,13.19,0
97.6050,-10.54,0
97.6100,-10.54,0
97.6150,-14.40,0
97.6200,-6.13,0
97.6250,11.43,0
97.6300,11.43,0
97.6350,-15.99,0
97.6400,-15.99,0
97.6450,-17.19,0
97.6500,-15.99,0
97.6550,-15.99,0
97.6600,-15.99,0
97.6650,10.26,0
97.6700,10.26,0
97.6750,19.49,0
97.6800,18.12,0
97.6850,28.21,0
97.6900,28.21,0
97.6950,-8.92,0
97.7000,-8.92,0
97.7050,8.64,0
97.7100,8.64,0
97.7150,8.64,0
97.7200,15.09,0
97.7250,2.50,0
97.7300,2.50,0
97.7350,2.50,0
97.7400,-3.43,0
97.7450,-3.43,0
97.7500,2.24,0
97.7550,-3.43,0
97.7600,23.59,0
97.7650,23.59,0
97.7700,0.17,0
97.7750,0.17,0
97.7800,-5.10,0
97.7850,26.46,0
97.7900,26.46,0
97.7950,21.11,0
97.8000,21.11,0
97.8050,3.73,0
97.8100,3.73,0
97.8150,4.04,0
97.8200,-4.93,0
97.8250,24.44,0
97.8300,24.44,0
97.8350,24.44,0
97.8400,24.44,0
97.8450,24.44,0
97.8500,14.42,0
97.8550,14.42,0
97.8600,-1.27,0
97.8650,-1.27,0
97.8700,-15.91,0
97.8750,-15.91,0
97.8800,23.74,0
97.8850,23.74,0
97.8900,23.74,0
97.8950,23.74,0
97.9000,-15.91,0
97.9050,-3.42,0
97.9100,25.99,0
97.9150,25.99,0
97.9200,25.99,0
97.9250,-14.42,0
97.9300,-17.57,0
97.9350,-17.57,0
97.9400,-4.73,0
97.9450,-4.73,0
97.9500,24.57,0
97.9550,24.57,0
97.9600,-15.02,0
97.9650,-15.02,0
97.9700,19.60,0
97.9750,8.80,0
97.9800,3.75,0
97.9850,3.75,0
97.9900,-17.48,0
97.9950,-17.48,0
98.0000,-17.48,0
98.0050,21.78,0
98.0100,21.78,0
98.0150,21.78,0
98.0200,21.78,0
98.0250,-2.52,0
98.0300,29.95,0
98.0350,29.95,0
98.0400,29.95,0
98.0450,22.21,0
98.0500,22.21,0
98.0550,22.21,0
98.0600,22.21,0
98.0650,22.21,0
98.0700,22.21,0
98.0750,22.47,0
98.0800,-13.62,0
98.0850,-13.62,0
98.0900,2.36,0
98.0950,2.36,0
98.1000,0.59,0
98.1050,-7.68,0
98.1100,0.59,0
98.1150,0.59,0
98.1200,-13.41,0
98.1250,-17.05,0
98.1300,24.07,0
98.1350,24.07,0
98.1400,-3.54,0
98.1450,-3.54,0
98.1500,26.92,0
98.1550,26.92,0
98.1600,-20.08,0
98.1650,-20.08,0
98.1700,20.36,0
98.1750,20.36,0
98.1800,20.36,0
98.1850,22.19,0
98.1900,6.27,0
98.1950,21.45,0
98.2000,-3.63,0
98.2050,-13.87,0
98.2100,-0.55,0
98.2150,-0.55,0
98.2200,-4.09,0
98.2250,-4.09,0
98.2300,-4.09,0
98.2350,-16.65,0
98.2400,-4.09,0
98.2450,-16.14,0
98.2500,-16.14,0
98.2550,-16.12,0
98.2600,24.37,0
98.2650,-2.72,0
98.2700,6.27,0
98.2750,28.81,0
98.2800,28.81,0
98.2850,28.81,0
98.2900,28.81,0
98.2950,16.24,0
98.3000,-13.97,0
98.3050,5.66,0
98.3100,5.66,0
98.3150,25.81,0
98.3200,25.81,0
98.3250,-15.10,0
98.3300,13.25,0
98.3350,-15.10,0
98.3400,-15.10,0
98.3450,-15.10,0
98.3500,-1.58,0
98.3550,-1.58,0
98.3600,-16.59,0
98.3650,-16.59,0
98.3700,9.08,0
98.3750,-7.17,0
98.3800,25.81,0
98.3850,-16.59,0
98.3900,-16.59,0
98.3950,-3.71,0
98.4000,27.86,0
98.4050,27.86,0
98.4100,27.86,0
98.4150,-3.71,0
98.4200,0.74,0
98.4250,0.74,0
98.4300,0.74,0
98.4350,-1.93,0
98.4400,-1.93,0
98.4450,26.40,0
98.4500,-14.33,0
98.4550,-14.33,0
98.4600,-14.42,0
98.4650,1.64,0
98.4700,1.64,0
98.4750,-0.04,0
98.4800,-16.38,0
98.4850,-16.38,0
98.4900,28.40,0
98.4950,28.40,0
98.5000,28.40,0
98.5050,28.40,0
98.5100,28.40,0
98.5150,-1.36,0
98.5200,1.73,0
98.5250,1.73,0
98.5300,24.31,0
98.5350,24.31,0
98.5400,24.31,0
98.5450,-0.67,0
98.5500,15.79,0
98.5550,28.53,0
98.5600,28.53,0
98.5650,28.53,0
98.5700,-16.30,0
98.5750,-1.28,0
98.5800,-13.36,0
98.5850,-13.36,0
98.5900,23.11,0
98.5950,23.11,0
98.6000,23.11,0
98.6050,17.85,0
98.6100,17.85,0
98.6150,17.85,0
98.6200,17.85,0
98.6250,-13.60,0
98.6300,-13.60,0
98.6350,31.10,0
98.6400,31.10,0
98.6450,10.68,0
98.6500,7.55,0
98.6550,15.62,0
98.6600,15.62,0
98.6650,17.60,0
98.6700,15.62,0
98.6750,21.32,0
98.6800,-8.78,0
98.6850,-8.78,0
98.6900,10.28,0
98.6950,10.28,0
98.7000,-9.68,0
98.7050,-9.68,0
98.7100,-9.68,0
98.7150,25.56,0
98.7200,25.56,0
98.7250,11.22,0
98.7300,11.22,0
98.7350,11.22,0
98.7400,11.22,0
98.7450,-14.32,0
98.7500,26.03,0
98.7550,26.03,0
98.7600,-13.29,0
98.7650,14.79,0
98.7700,14.79,0
98.7750,17.62,0
98.7800,17.62,0
98.7850,17.62,0
98.7900,17.62,0
98.7950,24.42,0
98.8000,24.42,0
98.8050,-11.43,0
98.8100,15.15,0
98.8150,15.15,0
98.8200,-11.30,0
98.8250,-11.30,0
98.8300,-11.30,0
98.8350,-11.30,0
98.8400,-15.64,0
98.8450,-15.64,0
98.8500,12.93,0
98.8550,12.93,0
98.8600,-10.34,0
98.8650,-10.34,0
98.8700,28.04,0
98.8750,28.04,0
98.8800,27.31,0
98.8850,-15.49,0
98.8900,12.47,0
98.8950,17.63,0
98.9000,14.36,0
98.9050,14.36,0
98.9100,28.00,0
98.9150,28.00,0
98.9200,28.00,0
98.9250,28.00,0
98.9300,28.00,0
98.9350,-9.59,0
98.9400,14.44,0
98.9450,14.44,0
98.9500,-11.22,0
98.9550,-11.22,0
98.9600,-11.22,0
98.9650,-11.22,0
98.9700,-7.70,0
98.9750,-13.39,0
98.9800,-13.39,0
98.9850,-10.70,0
98.9900,-10.70,0
98.9950,24.13,0
99.0000,25.32,0
99.0050,25.32,0
99.0100,25.32,0
99.0150,25.32,0
99.0200,12.02,0
99.0250,12.02,0
99.0300,12.02,0
99.0350,26.91,0
99.0400,26.91,0
99.0450,-13.09,0
99.0500,-13.09,0
99.0550,11.04,0
99.0600,11.04,0
99.0650,12.41,0
99.0700,12.41,0
99.0750,-8.07,0
99.0800,-8.07,0
99.0850,-13.60,0
99.0900,-13.60,0
99.0950,-13.60,0
99.1000,-13.60,0
99.1050,17.17,0
99.1100,17.17,0
99.1150,30.46,0
99.1200,30.46,0
99.1250,30.46,0
99.1300,-5.75,0
99.1350,11.09,0
99.1400,11.09,0
99.1450,12.11,0
99.1500,12.11,0
99.1550,25.75,0
99.1600,25.75,0
99.1650,-9.14,0
99.1700,-9.14,0
99.1750,-9.14,0
99.1800,10.69,0
99.1850,10.69,0
99.1900,10.69,0
99.1950,10.69,0
99.2000,25.68,0
99.2050,25.68,0
99.2100,12.76,0
99.2150,12.76,0
99.2200,12.76,0
99.2250,12.76,0
99.2300,10.69,0
99.2350,-12.08,0
99.2400,31.09,0
99.2450,31.09,0
99.2500,10.50,0
99.2550,10.50,0
99.2600,17.75,0
99.2650,-9.71,0
99.2700,17.75,0
99.2750,17.75,0
99.2800,17.75,0
99.2850,17.75,0
99.2900,-15.06,0
99.2950,-15.06,0
99.3000,-0.40,0
99.3050,12.97,0
99.3100,-12.62,0
99.3150,-12.62,0
99.3200,-11.27,0
99.3250,-11.27,0
99.3300,14.95,0
99.3350,14.95,0
99.3400,14.95,0
99.3450,14.95,0
99.3500,-13.03,0
99.3550,-13.03,0
99.3600,-1.59,0
99.3650,-1.59,0
99.3700,20.93,0
99.3750,10.48,0
99.3800,21.57,0
99.3850,21.57,0
99.3900,1.85,0
99.3950,1.85,0
99.4000,1.85,0
99.4050,1.85,0
99.4100,-3.02,0
99.4150,-3.02,0
99.4200,-15.91,0
99.4250,28.64,0
99.4300,-2.13,0
99.4350,-2.13,0
99.4400,-4.05,0
99.4450,-4.05,0
99.4500,-4.05,0
99.4550,-4.05,0
99.4600,-4.05,0
99.4650,-4.05,0
99.4700,-4.05,0
99.4750,28.36,0
99.4800,28.36,0
99.4850,28.36,0
99.4900,0.48,0
99.4950,29.63,0
99.5000,-15.76,0
99.5050,-15.76,0
99.5100,1.23,0
99.5150,-3.25,0
99.5200,1.23,0
99.5250,1.23,0
99.5300,23.51,0
99.5350,23.51,0
99.5400,-12.61,0
99.5450,-12.61,0
99.5500,-12.61,0
99.5550,-3.00,0
99.5600,-3.00,0
99.5650,2.67,0
99.5700,2.67,0
99.5750,2.67,0
99.5800,2.67,0
99.5850,-17.22,0
99.5900,-17.22,0
99.5950,24.96,0
99.6000,-1.96,0
99.6050,-1.96,0
99.6100,26.38,0
99.6150,26.38,0
99.6200,26.38,0
99.6250,26.38,0
99.6300,24.39,0
99.6350,2.67,0
99.6400,0.25,0
99.6450,0.25,0
99.6500,23.70,0
99.6550,23.70,0
99.6600,-13.88,0
99.6650,-13.88,0
99.6700,22.96,0
99.6750,22.96,0
99.6800,-0.90,0
99.6850,-0.90,0
99.6900,2.94,0
99.6950,2.94,0
99.7000,-19.37,0
99.7050,-19.37,0
99.7100,22.33,0
99.7150,22.33,0
99.7200,22.33,0
99.7250,22.33,0
99.7300,22.33,0
99.7350,23.71,0
99.7400,23.71,0
99.7450,26.37,0
99.7500,26.37,0
99.7550,-3.08,0
99.7600,-3.08,0
99.7650,-5.60,0
99.7700,-5.60,0
99.7750,20.81,0
99.7800,20.81,0
99.7850,-11.34,0
99.7900,-11.34,0
99.7950,-2.39,0
99.8000,-2.39,0
99.8050,2.16,0
99.8100,2.16,0
99.8150,21.64,0
99.8200,21.64,0
99.8250,21.64,0
99.8300,24.01,0
99.8350,24.01,0
99.8400,24.01,0
99.8450,24.01,0
99.8500,0.80,0
99.8550,0.80,0
99.8600,24.85,0
99.8650,24.85,0
99.8700,24.82,0
99.8750,-2.36,0
99.8800,-2.36,0
99.8850,-2.36,0
99.8900,-12.42,0
99.8950,-2.36,0
99.9000,21.82,0
99.9050,21.82,0
99.9100,21.82,0
99.9150,21.01,0
99.9200,21.01,0
99.9250,21.01,0
99.9300,29.30,0
99.9350,0.99,0
99.9400,18.77,0
99.9450,18.77,0
99.9500,-14.27,0
99.9550,27.58,0
99.9600,27.58,0
99.9650,-2.01,0
99.9700,-2.01,0
99.9750,22.06,0
99.9800,25.89,0
99.9850,-21.69,0
99.9900,-21.69,0
99.9950,-21.69,0
100.0000,-21.69,0
100.0050,-21.69,0
100.0100,-21.69,0
100.0150,-4.41,0
100.0200,-4.41,0
100.0250,-19.50,0
100.0300,-19.50,0
100.0350,-2.92,0
100.0400,-2.92,0
100.0450,4.02,0
100.0500,4.02,0
100.0550,4.02,0
100.0600,4.02,0
100.0650,-17.76,0
100.0700,-17.76,0
100.0750,27.33,0
100.0800,27.33,0
100.0850,0.20,0
100.0900,0.20,0
100.0950,25.41,0
100.1000,25.41,0
100.1050,0.63,0
100.1100,-2.92,0
100.1150,-22.52,0
100.1200,22.34,0
100.1250,12.66,0
100.1300,3.03,0
100.1350,25.41,0
100.1400,22.66,0
100.1450,22.66,0
100.1500,-16.90,0
100.1550,-16.90,0
100.1600,23.10,0
100.1650,23.10,0
100.1700,-0.92,0
100.1750,-0.92,0
100.1800,-0.92,0
100.1850,-0.92,0
100.1900,-12.65,0
100.1950,4.03,0
100.2000,-12.29,0
100.2050,29.93,0
100.2100,29.93,0
100.2150,12.47,0
100.2200,29.93,0
100.2250,12.23,0
100.2300,12.23,0
100.2350,12.30,0
100.2400,12.30,0
100.2450,22.92,0
100.2500,26.54,0
100.2550,-6.35,0
100.2600,-6.08,0
100.2650,-6.35,0
100.2700,-6.35,0
100.2750,12.30,0
100.2800,8.79,0
100.2850,-9.87,0
100.2900,-9.87,0
100.2950,31.29,0
100.3000,-13.86,0
100.3050,16.35,0
100.3100,16.35,0
100.3150,10.18,0
100.3200,10.18,0
100.3250,-11.65,0
100.3300,16.35,0
100.3350,33.76,0
100.3400,33.76,0
100.3450,16.23,0
100.3500,16.23,0
100.3550,11.11,1
100.3600,11.11,0
100.3650,-16.54,0
100.3700,-16.54,0
100.3750,28.88,0
100.3800,28.88,0
100.3850,-11.13,0
100.3900,-11.13,0
100.3950,8.56,0
100.4000,8.56,0
100.4050,-9.93,0
100.4100,24.66,0
100.4150,24.66,0
100.4200,-15.30,0
100.4250,-15.30,0
100.4300,16.54,0
100.4350,16.54,0
100.4400,16.54,0
100.4450,16.54,0
100.4500,8.88,0
100.4550,8.88,0
100.4600,-10.88,0
100.4650,-10.88,0
100.4700,27.23,0
100.4750,15.12,0
100.4800,12.55,0
100.4850,12.55,0
100.4900,23.56,0
100.4950,23.56,0
100.5000,-12.58,0
100.5050,-4.19,0
100.5100,8.28,0
100.5150,8.28,0
100.5200,-7.22,0
100.5250,-7.22,0
100.5300,-7.22,0
100.5350,-7.22,0
100.5400,-12.70,0
100.5450,-12.70,0
100.5500,16.22,0
100.5550,16.22,0
100.5600,10.02,0
100.5650,10.02,0
100.5700,-13.69,0
100.5750,-13.69,0
100.5800,30.71,0
100.5850,30.71,0
100.5900,13.14,0
100.5950,13.14,0
100.6000,9.36,0
100.6050,24.34,0
100.6100,26.69,0
100.6150,26.69,0
100.6200,-11.34,0
100.6250,-11.34,0
100.6300,-11.34,0
100.6350,-11.34,0
100.6400,11.90,0
100.6450,11.90,0
100.6500,-10.68,0
100.6550,-10.68,0
100.6600,-11.51,0
100.6650,-11.51,0
100.6700,14.26,0
100.6750,14.26,0
100.6800,14.26,0
100.6850,14.26,0
100.6900,14.26,0
100.6950,-17.14,0
100.7000,27.87,0
100.7050,-17.13,0
100.7100,14.68,0
100.7150,14.68,0
100.7200,9.92,0
100.7250,9.92,0
100.7300,26.68,0
100.7350,-13.26,0
100.7400,24.37,0
100.7450,25.64,0
100.7500,-12.83,0
100.7550,-12.83,0
100.7600,11.58,0
100.7650,11.58,0
100.7700,25.64,0
100.7750,-8.36,0
100.7800,-8.55,0
100.7850,-8.55,0
100.7900,16.91,0
100.7950,16.91,0
100.8000,16.91,0
100.8050,16.91,0
100.8100,12.80,0
100.8150,12.80,0
100.8200,-11.76,0
100.8250,28.46,0
100.8300,16.21,0
100.8350,16.21,0
100.8400,13.76,0
100.8450,13.76,0
100.8500,-14.68,0
100.8550,-14.68,0
100.8600,27.27,0
100.8650,27.27,0
100.8700,27.27,0
100.8750,27.27,0
100.8800,24.38,0
100.8850,12.08,0
100.8900,-13.39,0
100.8950,-13.39,0
100.9000,24.48,0
100.9050,24.48,0
100.9100,-10.81,0
100.9150,-10.81,0
100.9200,15.94,0
100.9250,15.94,0
100.9300,3.61,0
100.9350,-13.30,0
100.9400,28.29,0
100.9450,28.29,0
100.9500,-17.97,0
100.9550,-17.97,0
100.9600,13.29,0
100.9650,13.29,0
100.9700,13.29,0
100.9750,13.29,0
100.9800,26.83,0
100.9850,26.83,0
100.9900,17.73,0
100.9950,17.73,0
101.0000,-20.91,0
101.0050,-20.91,0
101.0100,19.64,0
101.0150,-5.79,0
101.0200,3.43,0
101.0250,3.43,0
101.0300,-12.75,0
101.0350,3.43,0
101.0400,-18.16,0
101.0450,-18.16,0
101.0500,-18.16,0
101.0550,25.50,0
101.0600,25.50,0
101.0650,0.95,0
101.0700,28.12,0
101.0750,28.12,0
101.0800,0.95,0
101.0850,0.95,0
101.0900,0.95,0
101.0950,26.02,0
101.1000,26.02,0
101.1050,24.27,0
101.1100,1.81,0
101.1150,20.62,0
101.1200,-12.59,0
101.1250,-29.67,0
101.1300,21.82,0
101.1350,26.94,0
101.1400,13.81,0
101.1450,-7.78,0
101.1500,-7.78,0
101.1550,0.16,0
101.1600,-17.07,0
101.1650,-17.07,0
101.1700,-17.07,0
101.1750,26.57,0
101.1800,-3.41,0
101.1850,-3.41,0
101.1900,11.73,0
101.1950,27.41,0
101.2000,27.41,0
101.2050,27.41,0
101.2100,27.41,0
101.2150,27.41,0
101.2200,24.83,0
101.2250,24.83,0
101.2300,20.76,0
101.2350,20.76,0
101.2400,20.76,0
101.2450,-14.86,0
101.2500,-14.86,0
101.2550,20.55,0
101.2600,-2.70,0
101.2650,-2.70,0
101.2700,-2.70,0
101.2750,-2.70,0
101.2800,-2.70,0
101.2850,20.53,0
101.2900,20.53,0
101.2950,26.01,0
101.3000,26.01,0
101.3050,26.01,0
101.3100,26.01,0
101.3150,1.91,0
101.3200,24.52,0
101.3250,24.52,0
101.3300,23.33,0
101.3350,23.33,0
101.3400,-20.61,0
101.3450,-3.32,0
101.3500,28.88,0
101.3550,-3.86,0
101.3600,22.07,0
101.3650,22.07,0
101.3700,-11.77,0
101.3750,-11.77,0
101.3800,-2.21,0
101.3850,-2.21,0
101.3900,2.67,0
101.3950,2.67,0
101.4000,-14.12,0
101.4050,-14.12,0
101.4100,-14.12,0
101.4150,27.56,0
101.4200,27.56,0
101.4250,11.81,0
101.4300,27.56,0
101.4350,-3.08,0
101.4400,28.08,0
101.4450,28.08,0
101.4500,23.55,0
101.4550,23.55,0
101.4600,-0.58,0
101.4650,-0.58,0
101.4700,-0.58,0
101.4750,-0.58,0
101.4800,-4.96,0
101.4850,29.63,0
101.4900,29.63,0
101.4950,29.63,0
101.5000,26.62,0
101.5050,26.62,0
101.5100,2.49,0
101.5150,2.49,0
101.5200,2.49,0
101.5250,2.49,0
101.5300,2.49,0
101.5350,2.49,0
101.5400,2.49,0
101.5450,-17.45,0
101.5500,-0.52,0
101.5550,-0.52,0
101.5600,23.25,0
101.5650,23.25,0
101.5700,23.25,0
101.5750,-17.28,0
101.5800,25.86,0
101.5850,25.86,0
101.5900,25.86,0
101.5950,-0.90,0
101.6000,-0.90,0
101.6050,23.14,0
101.6100,23.14,0
101.6150,-13.30,0
101.6200,-13.30,0
101.6250,21.96,0
101.6300,21.96,0
101.6350,0.66,0
101.6400,0.66,0
101.6450,0.66,0
101.6500,0.66,0
101.6550,-30.60,0
101.6600,-18.49,0
101.6650,27.10,0
101.6700,1.26,0
101.6750,-5.45,0
101.6800,-0.42,0
101.6850,26.46,0
101.6900,23.14,0
101.6950,26.46,0
101.7000,26.46,0
101.7050,26.75,0
101.7100,26.75,0
101.7150,26.75,0
101.7200,26.75,0
101.7250,-3.76,0
101.7300,-3.76,0
101.7350,-16.64,0
101.7400,-16.64,0
101.7450,-16.64,0
101.7500,0.66,0
101.7550,-5.14,0
101.7600,-5.14,0
101.7650,2.15,0
101.7700,2.15,0
101.7750,-20.43,0
101.7800,-20.43,0
101.7850,-20.43,0
101.7900,27.10,0
101.7950,27.10,0
101.8000,-0.40,0
101.8050,-0.40,0
101.8100,15.44,0
101.8150,15.44,0
101.8200,9.52,0
101.8250,9.52,0
101.8300,-14.97,0
101.8350,-20.66,0
101.8400,30.92,0
101.8450,30.92,0
101.8500,-12.52,0
101.8550,-12.52,0
101.8600,9.42,0
101.8650,9.42,0
101.8700,-13.42,0
101.8750,-13.42,0
101.8800,-14.80,0
101.8850,27.75,0
101.8900,21.31,0
101.8950,-0.41,0
101.9000,4.89,0
101.9050,21.31,0
101.9100,-13.49,0
101.9150,-13.49,0
101.9200,31.30,0
101.9250,31.30,0
101.9300,13.64,0
101.9350,13.64,0
101.9400,13.96,0
101.9450,13.96,0
101.9500,-12.59,0
101.9550,-12.59,0
101.9600,30.61,0
101.9650,-14.80,0
101.9700,-13.18,0
101.9750,-13.18,0
101.9800,9.87,0
101.9850,9.87,0
101.9900,-10.79,0
101.9950,-10.79,0
102.0000,-14.36,0
102.0050,-14.36,0
102.0100,19.07,0
102.0150,19.07,0
102.0200,19.07,0
102.0250,19.07,0
102.0300,6.27,0
102.0350,28.53,0
102.0400,35.52,0
102.0450,35.52,0
102.0500,20.68,0
102.0550,20.68,0
102.0600,9.30,0
102.0650,9.87,0
102.0700,-18.92,0
102.0750,-18.92,0
102.0800,34.34,0
102.0850,19.07,0
102.0900,-15.12,0
102.0950,-15.12,0
102.1000,-15.12,0
102.1050,-15.12,0
102.1100,30.04,0
102.1150,-15.12,0
102.1200,13.77,0
102.1250,13.77,0
102.1300,13.77,0
102.1350,13.77,0
102.1400,-17.27,0
102.1450,-17.27,0
102.1500,-12.40,0
102.1550,-12.40,0
102.1600,-12.40,0
102.1650,26.44,0
102.1700,-16.04,0
102.1750,-16.04,0
102.1800,12.99,0
102.1850,12.99,0
102.1900,12.99,0
102.1950,12.99,0
102.2000,28.14,0
102.2050,32.55,0
102.2100,-14.12,0
102.2150,-14.12,0
102.2200,28.14,0
102.2250,4.04,0
102.2300,-12.74,0
102.2350,-12.74,0
102.2400,31.79,0
102.2450,31.79,0
102.2500,20.07,0
102.2550,20.07,0
102.2600,20.07,0
102.2650,20.07,0
102.2700,-16.53,0
102.2750,-16.53,0
102.2800,34.93,0
102.2850,34.93,0
102.2900,34.93,0
102.2950,34.93,0
102.3000,34.93,0
102.3050,-19.11,0
102.3100,34.93,0
102.3150,34.93,0
102.3200,-17.86,0
102.3250,-17.86,0
102.3300,-27.36,0
102.3350,-20.25,0
102.3400,15.34,0
102.3450,15.34,0
102.3500,-12.12,0
102.3550,-12.12,0
102.3600,28.34,0
102.3650,31.76,0
102.3700,-18.03,0
102.3750,-18.03,0
102.3800,14.48,0
102.3850,14.48,0
102.3900,-11.93,0
102.3950,-11.93,0
102.4000,32.06,0
102.4050,32.06,0
102.4100,13.55,0
102.4150,13.55,0
102.4200,-22.39,0
102.4250,10.83,0
102.4300,-18.03,0
102.4350,10.83,0
102.4400,33.47,0
102.4450,33.47,0
102.4500,-14.40,0
102.4550,-14.40,0
102.4600,10.44,0
102.4650,10.44,0
102.4700,-21.70,0
102.4750,-11.05,0
102.4800,27.86,0
102.4850,27.86,0
102.4900,-20.03,0
102.4950,-20.03,0
102.5000,22.34,0
102.5050,22.34,0
102.5100,-13.16,0
102.5150,-13.16,0
102.5200,32.57,0
102.5250,32.57,0
102.5300,-18.61,0
102.5350,-18.61,0
102.5400,12.23,0
102.5450,12.23,0
102.5500,12.23,0
102.5550,12.23,0
102.5600,12.23,0
102.5650,12.23,0
102.5700,26.05,0
102.5750,-20.34,0
102.5800,10.07,0
102.5850,32.57,0
102.5900,-14.97,0
102.5950,-14.97,0
102.6000,-7.64,0
102.6050,-14.97,0
102.6100,-17.60,0
102.6150,-17.60,0
102.6200,-23.39,0
102.6250,-23.39,0
102.6300,24.94,0
102.6350,24.94,0
102.6400,2.40,0
102.6450,2.40,0
102.6500,2.40,0
102.6550,2.40,0
102.6600,2.40,0
102.6650,2.40,0
102.6700,30.17,0
102.6750,30.17,0
102.6800,-2.80,0
102.6850,-2.80,0
102.6900,22.06,0
102.6950,22.06,0
102.7000,-17.33,0
102.7050,-17.33,0
102.7100,24.16,0
102.7150,-9.23,0
102.7200,-8.89,0
102.7250,-8.89,0
102.7300,7.56,0
102.7350,7.56,0
102.7400,-22.95,0
102.7450,-22.95,0
102.7500,32.42,0
102.7550,33.46,0
102.7600,1.86,0
102.7650,-19.14,0
102.7700,23.84,0
102.7750,23.84,0
102.7800,23.84,0
102.7850,23.84,0
102.7900,29.90,0
102.7950,29.90,0
102.8000,29.90,0
102.8050,29.90,0
102.8100,-0.54,0
102.8150,-0.54,0
102.8200,-17.99,0
102.8250,-17.99,0
102.8300,27.08,0
102.8350,27.08,0
102.8400,-2.37,0
102.8450,-6.74,0
102.8500,3.19,0
102.8550,35.01,0
102.8600,-21.89,0
102.8650,-21.89,0
102.8700,-21.89,0
102.8750,-21.89,0
102.8800,30.65,0
102.8850,30.65,0
102.8900,-9.61,0
102.8950,27.48,0
102.9000,27.48,0
102.9050,27.48,0
102.9100,4.83,0
102.9150,29.79,0
102.9200,29.79,0
102.9250,-2.51,0
102.9300,-2.51,0
102.9350,25.84,0
102.9400,25.84,0
102.9450,-22.01,0
102.9500,-19.50,0
102.9550,-19.50,0
102.9600,-7.15,0
102.9650,34.81,0
102.9700,6.66,0
102.9750,19.19,0
102.9800,21.93,0
102.9850,21.93,0
102.9900,29.78,0
102.9950,29.78,0
103.0000,29.78,0
103.0050,29.78,0
103.0100,20.01,0
103.0150,29.78,0
103.0200,25.01,0
103.0250,25.01,0
103.0300,31.59,0
103.0350,31.59,0
103.0400,-5.11,0
103.0450,-5.11,0
103.0500,-0.65,0
103.0550,-0.65,0
103.0600,24.76,0
103.0650,24.76,0
103.0700,-12.93,0
103.0750,-19.58,0
103.0800,-5.62,0
103.0850,-5.62,0
103.0900,3.20,0
103.0950,3.20,0
103.1000,22.96,0
103.1050,22.96,0
103.1100,27.30,0
103.1150,-19.36,0
103.1200,27.30,0
103.1250,16.96,0
103.1300,-0.80,0
103.1350,-0.80,0
103.1400,-0.80,0
103.1450,-0.80,0
103.1500,-0.80,0
103.1550,-0.80,0
103.1600,28.67,0
103.1650,28.67,0
103.1700,1.01,0
103.1750,1.01,0
103.1800,26.65,0
103.1850,26.65,0
103.1900,-20.13,0
103.1950,-20.13,0
103.2000,25.59,0
103.2050,25.59,0
103.2100,5.60,0
103.2150,5.60,0
103.2200,25.46,0
103.2250,25.46,0
103.2300,28.31,0
103.2350,28.31,0
103.2400,28.31,0
103.2450,28.31,0
103.2500,-2.83,0
103.2550,-2.83,0
103.2600,26.89,0
103.2650,26.89,0
103.2700,27.87,0
103.2750,27.87,0
103.2800,-5.32,0
103.2850,-5.32,0
103.2900,-3.45,0
103.2950,-3.45,0
103.3000,28.46,0
103.3050,28.46,0
103.3100,-18.31,0
103.3150,-18.31,0
103.3200,-3.99,0
103.3250,-3.99,0
103.3300,3.52,0
103.3350,3.52,0
103.3400,23.90,0
103.3450,23.90,0
103.3500,31.75,0
103.3550,31.75,0
103.3600,31.75,0
103.3650,31.75,0
103.3700,-0.05,0
103.3750,-0.05,0
103.3800,25.06,0
103.3850,25.06,0
103.3900,30.88,0
103.3950,21.68,0
103.4000,-27.07,0
103.4050,-18.31,0
103.4100,-0.34,0
103.4150,-0.34,0
103.4200,25.85,0
103.4250,21.39,0
103.4300,3.92,0
103.4350,3.92,0
103.4400,3.92,0
103.4450,-15.09,0
103.4500,-15.09,0
103.4550,-15.09,0
103.4600,-15.09,0
103.4650,31.15,0
103.4700,31.15,0
103.4750,16.75,0
103.4800,16.75,0
103.4850,-9.25,0
103.4900,-20.47,0
103.4950,30.78,0
103.5000,-9.25,0
103.5050,-23.01,0
103.5100,19.05,0
103.5150,10.71,0
103.5200,10.71,0
103.5250,-16.22,0
103.5300,-16.22,0
103.5350,34.96,0
103.5400,34.96,0
103.5450,-15.43,0
103.5500,6.67,0
103.5550,6.67,0
103.5600,-15.43,0
103.5650,-15.43,0
103.5700,28.81,0
103.5750,28.81,0
103.5800,19.38,0
103.5850,19.38,0
103.5900,19.38,0
103.5950,31.06,0
103.6000,19.38,0
103.6050,-12.59,0
103.6100,-12.59,0
103.6150,-25.67,0
103.6200,35.71,0
103.6250,17.85,0
103.6300,17.85,0
103.6350,8.82,0
103.6400,8.82,0
103.6450,-16.19,0
103.6500,-16.19,0
103.6550,33.74,0
103.6600,33.74,0
103.6650,-17.28,0
103.6700,8.45,0
103.6750,8.45,0
103.6800,8.45,0
103.6850,6.84,0
103.6900,-8.98,0
103.6950,-8.98,0
103.7000,-19.70,0
103.7050,-19.70,0
103.7100,19.51,0
103.7150,19.51,0
103.7200,-15.04,0
103.7250,-15.04,0
103.7300,-15.04,0
103.7350,-15.04,0
103.7400,36.60,0
103.7450,36.60,0
103.7500,17.34,0
103.7550,17.34,0
103.7600,10.05,0
103.7650,10.05,0
103.7700,-6.11,0
103.7750,10.05,0
103.7800,31.79,0
103.7850,31.79,0
103.7900,11.81,0
103.7950,11.81,0
103.8000,-13.24,0
103.8050,-13.24,0
103.8100,-13.24,0
103.8150,-13.24,0
103.8200,-17.24,0
103.8250,-17.24,0
103.8300,18.89,0
103.8350,18.89,0
103.8400,18.89,0
103.8450,-13.98,0
103.8500,-13.98,0
103.8550,34.03,0
103.8600,34.03,0
103.8650,-22.83,0
103.8700,-22.83,0
103.8750,9.30,0
103.8800,17.60,0
103.8850,26.36,0
103.8900,14.61,0
103.8950,29.99,0
103.9000,29.99,0
103.9050,30.48,0
103.9100,29.99,0
103.9150,-16.17,0
103.9200,-16.17,0
103.9250,-15.08,0
103.9300,-15.08,0
103.9350,-15.08,0
103.9400,-15.08,0
103.9450,-18.27,0
103.9500,-18.27,0
103.9550,17.65,0
103.9600,17.65,0
103.9650,-15.36,0
103.9700,35.35,0
103.9750,35.35,0
103.9800,35.35,0
103.9850,35.35,0
103.9900,35.35,0
103.9950,17.82,0
104.0000,17.82,0
104.0050,12.34,0
104.0100,-3.91,0
104.0150,32.92,0
104.0200,32.92,0
104.0250,-19.12,0
104.0300,-17.06,0
104.0350,-19.12,0
104.0400,-19.12,0
104.0450,-19.12,0
104.0500,-15.47,0
104.0550,-15.47,0
104.0600,-17.28,0
104.0650,-17.28,0
104.0700,-17.28,0
104.0750,1.51,0
104.0800,14.67,0
104.0850,-17.93,0
104.0900,-17.93,0
104.0950,37.77,0
104.1000,37.77,0
104.1050,37.77,0
104.1100,37.77,0
104.1150,17.66,0
104.1200,17.66,0
104.1250,12.15,0
104.1300,-14.34,0
104.1350,-14.34,0
104.1400,32.15,0
104.1450,32.15,0
104.1500,16.06,0
104.1550,16.06,0
104.1600,10.76,0
104.1650,10.76,0
104.1700,-18.71,0
104.1750,12.15,0
104.1800,-16.93,0
104.1850,-16.93,0
104.1900,-16.93,0
104.1950,17.96,0
104.2000,17.96,0
104.2050,-2.18,0
104.2100,30.01,0
104.2150,-0.56,0
104.2200,-13.98,0
104.2250,33.27,0
104.2300,16.40,0
104.2350,16.40,0
104.2400,28.79,0
104.2450,26.61,0
104.2500,28.79,0
104.2550,-3.41,0
104.2600,-3.41,0
104.2650,0.16,0
104.2700,0.16,0
104.2750,28.11,0
104.2800,-20.13,0
104.2850,-19.48,0
104.2900,-19.48,0
104.2950,-6.48,0
104.3000,-6.48,0
104.3050,1.31,0
104.3100,1.31,0
104.3150,1.31,0
104.3200,1.31,0
104.3250,1.31,0
104.3300,25.99,0
104.3350,26.12,0
104.3400,27.34,0
104.3450,-0.19,0
104.3500,0.16,0
104.3550,24.83,0
104.3600,24.83,0
104.3650,29.33,0
104.3700,-6.09,0
104.3750,4.59,0
104.3800,-6.09,0
104.3850,-0.19,0
104.3900,25.67,0
104.3950,11.35,0
104.4000,-22.80,0
104.4050,-22.80,0
104.4100,-5.24,0
104.4150,-5.24,0
104.4200,4.49,0
104.4250,4.49,0
104.4300,4.49,0
104.4350,4.49,0
104.4400,-22.53,0
104.4450,-22.53,0
104.4500,26.77,0
104.4550,26.77,0
104.4600,-0.79,0
104.4650,-0.79,0
104.4700,29.00,0
104.4750,29.00,0
104.4800,-23.36,0
104.4850,-23.36,0
104.4900,29.21,0
104.4950,29.21,0
104.5000,-13.55,0
104.5050,-3.28,0
104.5100,22.20,0
104.5150,8.93,0
104.5200,-17.83,0
104.5250,-17.83,0
104.5300,-3.91,0
104.5350,-22.53,0
104.5400,-3.91,0
104.5450,-3.91,0
104.5500,-3.91,0
104.5550,-3.91,0
104.5600,-20.71,0
104.5650,-20.71,0
104.5700,29.85,0
104.5750,29.85,0
104.5800,-10.38,0
104.5850,-10.38,0
104.5900,-10.38,0
104.5950,26.15,0
104.6000,26.15,0
104.6050,-10.38,0
104.6100,-21.25,0
104.6150,-3.26,0
104.6200,32.13,0
104.6250,12.92,0
104.6300,21.69,0
104.6350,21.69,0
104.6400,21.69,0
104.6450,-17.28,0
104.6500,-17.28,0
104.6550,24.86,0
104.6600,-3.04,0
104.6650,-3.04,0
104.6700,3.24,0
104.6750,3.24,0
104.6800,3.24,0
104.6850,-19.86,0
104.6900,-19.86,0
104.6950,29.42,0
104.7000,29.42,0
104.7050,-9.99,0
104.7100,-9.99,0
104.7150,38.08,0
104.7200,26.81,0
104.7250,26.81,0
104.7300,26.81,0
104.7350,23.92,0
104.7400,0.30,0
104.7450,0.30,0
104.7500,27.01,0
104.7550,27.01,0
104.7600,27.01,0
104.7650,-17.45,0
104.7700,-17.45,0
104.7750,-17.45,0
104.7800,-17.24,0
104.7850,-5.45,0
104.7900,-5.45,0
104.7950,0.30,0
104.8000,0.30,0
104.8050,0.30,0
104.8100,0.30,0
104.8150,20.62,0
104.8200,20.62,0
104.8250,-23.34,0
104.8300,-23.34,0
104.8350,-27.04,0
104.8400,-1.11,0
104.8450,23.07,0
104.8500,23.07,0
104.8550,23.07,0
104.8600,23.07,0
104.8650,26.93,0
104.8700,26.93,0
104.8750,27.00,0
104.8800,28.22,0
104.8850,-19.56,0
104.8900,-5.44,0
104.8950,-19.56,0
104.9000,-14.64,0
104.9050,-5.54,0
104.9100,-5.54,0
104.9150,0.30,0
104.9200,0.30,0
104.9250,-22.70,0
104.9300,-22.70,0
104.9350,-22.70,0
104.9400,-22.70,0
104.9450,14.57,0
104.9500,-22.70,0
104.9550,-9.15,0
104.9600,-9.15,0
104.9650,29.21,0
104.9700,29.21,0
104.9750,28.63,0
104.9800,28.63,0
104.9850,-4.87,0
104.9900,-4.87,0
104.9950,-4.87,0
105.0000,-4.87,0
105.0050,-4.87,0
105.0100,-18.03,0
105.0150,-18.03,0
105.0200,-0.80,0
105.0250,-0.80,0
105.0300,2.74,0
105.0350,2.74,0
105.0400,27.15,0
105.0450,27.15,0
105.0500,-23.33,0
105.0550,-23.33,0
105.0600,-13.76,0
105.0650,-13.76,0
105.0700,-18.03,0
105.0750,35.31,0
105.0800,15.09,0
105.0850,15.09,0
105.0900,14.66,0
105.0950,14.66,0
105.1000,-16.08,0
105.1050,-16.08,0
105.1100,-13.98,0
105.1150,31.36,0
105.1200,-14.91,0
105.1250,-14.91,0
105.1300,10.94,0
105.1350,10.94,0
105.1400,-13.66,0
105.1450,-13.66,0
105.1500,29.95,0
105.1550,29.95,0
105.1600,15.20,0
105.1650,15.20,0
105.1700,15.20,0
105.1750,15.20,0
105.1800,-19.88,0
105.1850,-15.45,0
105.1900,36.01,0
105.1950,36.01,0
105.2000,13.87,0
105.2050,13.87,0
105.2100,11.99,0
105.2150,11.99,0
105.2200,11.99,0
105.2250,11.99,0
105.2300,29.79,0
105.2350,29.79,0
105.2400,-11.26,0
105.2450,-11.26,0
105.2500,12.37,0
105.2550,12.37,0
105.2600,12.37,0
105.2650,12.37,0
105.2700,29.94,0
105.2750,-13.71,0
105.2800,16.23,0
105.2850,16.23,0
105.2900,-3.90,0
105.2950,16.23,0
105.3000,16.23,0
105.3050,16.23,0
105.3100,-3.61,0
105.3150,31.23,0
105.3200,14.95,0
105.3250,14.95,0
105.3300,12.20,0
105.3350,12.20,0
105.3400,12.20,0
105.3450,12.20,0
105.3500,30.04,0
105.3550,30.04,1
105.3600,-12.00,0
105.3650,-12.00,0
105.3700,11.35,0
105.3750,11.35,0
105.3800,11.35,0
105.3850,-12.62,0
105.3900,-12.62,0
105.3950,32.76,0
105.4000,32.76,0
105.4050,-15.59,0
105.4100,-15.59,0
105.4150,16.51,0
105.4200,16.51,0
105.4250,-17.54,0
105.4300,-17.54,0
105.4350,34.01,0
105.4400,34.01,0
105.4450,34.01,0
105.4500,34.01,0
105.4550,-18.74,0
105.4600,-18.74,0
105.4650,9.42,0
105.4700,9.42,0
105.4750,32.22,0
105.4800,9.42,0
105.4850,32.22,0
105.4900,-15.93,0
105.4950,-15.93,0
105.5000,-15.93,0
105.5050,-15.93,0
105.5100,-12.61,0
105.5150,-12.61,0
105.5200,-16.48,0
105.5250,-16.48,0
105.5300,-16.48,0
105.5350,-16.48,0
105.5400,10.00,0
105.5450,10.00,0
105.5500,30.79,0
105.5550,30.79,0
105.5600,30.79,0
105.5650,30.79,0
105.5700,30.79,0
105.5750,-14.65,0
105.5800,-14.65,0
105.5850,-14.65,0
105.5900,9.36,0
105.5950,-17.01,0
105.6000,32.08,0
105.6050,32.08,0
105.6100,-14.85,0
105.6150,-14.85,0
105.6200,15.40,0
105.6250,15.40,0
105.6300,-13.13,0
105.6350,7.73,0
105.6400,15.40,0
105.6450,17.91,0
105.6500,17.91,0
105.6550,17.91,0
105.6600,17.91,0
105.6650,-16.50,0
105.6700,32.08,0
105.6750,34.41,0
105.6800,34.41,0
105.6850,-17.01,0
105.6900,13.31,0
105.6950,13.31,0
105.7000,13.31,0
105.7050,-2.43,0
105.7100,13.31,0
105.7150,13.31,0
105.7200,13.31,0
105.7250,33.67,0
105.7300,24.13,0
105.7350,33.67,0
105.7400,11.96,0
105.7450,11.96,0
105.7500,11.96,0
105.7550,11.96,0
105.7600,-15.65,0
105.7650,-13.12,0
105.7700,12.64,0
105.7750,12.64,0
105.7800,12.64,0
105.7850,12.64,0
105.7900,-19.32,0
105.7950,-19.32,0
105.8000,-19.32,0
105.8050,-9.21,0
105.8100,33.78,0
105.8150,12.59,0
105.8200,12.59,0
105.8250,12.59,0
105.8300,12.59,0
105.8350,-16.32,0
105.8400,-22.08,0
105.8450,30.73,0
105.8500,-14.29,0
105.8550,-14.29,0
105.8600,12.31,0
105.8650,12.31,0
105.8700,-12.74,0
105.8750,-12.74,0
105.8800,-0.87,0
105.8850,-0.87,0
105.8900,-0.87,0
105.8950,-0.87,0
105.9000,-0.87,0
105.9050,-0.87,0
105.9100,27.41,0
105.9150,27.41,0
105.9200,-2.21,0
105.9250,34.14,0
105.9300,30.46,0
105.9350,30.46,0
105.9400,-25.83,0
105.9450,-25.83,0
105.9500,28.13,0
105.9550,28.13,0
105.9600,-3.13,0
105.9650,-3.13,0
105.9700,29.83,0
105.9750,30.06,0
105.9800,30.06,0
105.9850,30.06,0
105.9900,30.06,0
105.9950,-2.45,0
106.0000,-2.45,0
106.0050,-2.45,0
106.0100,-0.86,0
106.0150,-0.86,0
106.0200,25.67,0
106.0250,25.67,0
106.0300,29.74,0
106.0350,-3.13,0
106.0400,-7.86,0
106.0450,-4.37,0
106.0500,-4.37,0
106.0550,-24.51,0
106.0600,24.51,0
106.0650,24.96,0
106.0700,24.96,0
106.0750,24.96,0
106.0800,-0.46,0
106.0850,-0.46,0
106.0900,-5.31,0
106.0950,-17.10,0
106.1000,-17.10,0
106.1050,-17.10,0
106.1100,-17.10,0
106.1150,-17.10,0
106.1200,-1.21,0
106.1250,-1.21,0
106.1300,-1.95,0
106.1350,-1.95,0
106.1400,-20.48,0
106.1450,26.84,0
106.1500,26.84,0
106.1550,26.84,0
106.1600,26.84,0
106.1650,26.84,0
106.1700,11.43,0
106.1750,26.84,0
106.1800,27.21,0
106.1850,27.21,0
106.1900,26.57,0
106.1950,26.57,0
106.2000,-0.87,0
106.2050,-0.87,0
106.2100,33.90,0
106.2150,-4.29,0
106.2200,28.02,0
106.2250,28.02,0
106.2300,-22.29,0
106.2350,-22.29,0
106.2400,-0.88,0
106.2450,-0.88,0
106.2500,-0.88,0
106.2550,-4.99,0
106.2600,15.73,0
106.2650,-0.29,0
106.2700,27.03,0
106.2750,-17.91,0
106.2800,35.34,0
106.2850,-22.99,0
106.2900,-7.27,0
106.2950,-7.27,0
106.3000,-7.27,0
106.3050,-7.27,0
106.3100,-23.46,0
106.3150,1.82,0
106.3200,1.82,0
106.3250,1.82,0
106.3300,1.82,0
106.3350,1.82,0
106.3400,26.91,0
106.3450,26.91,0
106.3500,27.99,0
106.3550,23.98,0
106.3600,23.98,0
106.3650,-3.71,0
106.3700,-3.71,0
106.3750,-3.71,0
106.3800,-3.71,0
106.3850,-20.45,0
106.3900,-20.45,0
106.3950,-20.45,0
106.4000,27.61,0
106.4050,27.61,0
106.4100,-3.09,0
106.4150,-3.09,0
106.4200,27.35,0
106.4250,28.01,0
106.4300,28.01,0
106.4350,28.01,0
106.4400,28.01,0
106.4450,-2.22,0
106.4500,-2.22,0
106.4550,-2.22,0
106.4600,29.18,0
106.4650,29.18,0
106.4700,29.18,0
106.4750,-18.21,0
106.4800,-18.25,0
106.4850,-18.25,0
106.4900,-2.91,0
106.4950,-2.91,0
106.5000,-2.91,0
106.5050,-21.38,0
106.5100,-21.38,0
106.5150,-21.38,0
106.5200,-13.74,0
106.5250,30.10,0
106.5300,-3.22,0
106.5350,-3.22,0
106.5400,29.15,0
106.5450,29.15,0
106.5500,29.15,0
106.5550,19.05,0
106.5600,25.16,0
106.5650,6.82,0
106.5700,6.82,0
106.5750,30.47,0
106.5800,30.47,0
106.5850,-23.23,0
106.5900,-23.23,0
106.5950,21.37,0
106.6000,21.37,0
106.6050,21.37,0
106.6100,1.93,0
106.6150,1.93,0
106.6200,1.93,0
106.6250,1.93,0
106.6300,-24.03,0
106.6350,-24.03,0
106.6400,23.84,0
106.6450,23.84,0
106.6500,23.84,0
106.6550,23.84,0
106.6600,-3.01,0
106.6650,-3.01,0
106.6700,26.98,0
106.6750,26.77,0
106.6800,26.77,0
106.6850,34.03,0
106.6900,34.03,0
106.6950,34.03,0
106.7000,34.03,0
106.7050,34.03,0
106.7100,34.03,0
106.7150,14.46,0
106.7200,38.24,0
106.7250,-16.99,0
106.7300,-16.99,0
106.7350,-16.99,0
106.7400,-16.99,0
106.7450,-14.67,0
106.7500,-14.67,0
106.7550,16.65,0
106.7600,16.65,0
106.7650,33.06,0
106.7700,33.06,0
106.7750,-0.78,0
106.7800,33.06,0
106.7850,33.06,0
106.7900,-23.93,0
106.7950,9.38,0
106.8000,9.38,0
106.8050,-20.26,0
106.8100,-20.26,0
106.8150,-11.80,0
106.8200,-11.80,0
106.8250,-11.80,0
106.8300,-11.80,0
106.8350,16.25,0
106.8400,16.25,0
106.8450,-13.17,0
106.8500,-13.17,0
106.8550,-16.94,0
106.8600,-24.89,0
106.8650,11.43,0
106.8700,11.43,0
106.8750,11.43,0
106.8800,11.43,0
106.8850,29.35,0
106.8900,11.43,0
106.8950,30.74,0
106.9000,30.74,0
106.9050,-13.17,0
106.9100,13.41,0
106.9150,18.59,0
106.9200,18.59,0
106.9250,-19.79,0
106.9300,-19.79,0
106.9350,-13.02,0
106.9400,-13.02,0
106.9450,-13.02,0
106.9500,-13.02,0
106.9550,18.27,0
106.9600,18.27,0
106.9650,-15.94,0
106.9700,-15.94,0
106.9750,-11.65,0
106.9800,7.91,0
106.9850,11.80,0
106.9900,11.80,0
106.9950,12.48,0
107.0000,12.48,0
107.0050,1.62,0
107.0100,-17.14,0
107.0150,-6.86,0
107.0200,31.44,0
107.0250,11.90,0
107.0300,-1.95,0
107.0350,19.98,0
107.0400,19.98,0
107.0450,-19.19,0
107.0500,-19.19,0
107.0550,32.27,0
107.0600,32.27,0
107.0650,32.27,0
107.0700,32.27,0
107.0750,36.10,0
107.0800,17.00,0
107.0850,-15.98,0
107.0900,-15.98,0
107.0950,28.63,0
107.1000,-13.47,0
107.1050,7.30,0
107.1100,7.30,0
107.1150,7.30,0
107.1200,7.30,0
107.1250,-19.87,0
107.1300,-19.87,0
107.1350,1.97,0
107.1400,32.57,0
107.1450,32.57,0
107.1500,32.57,0
107.1550,32.57,0
107.1600,32.57,0
107.1650,19.22,0
107.1700,19.22,0
107.1750,-17.20,0
107.1800,-17.20,0
107.1850,-15.10,0
107.1900,-15.10,0
107.1950,20.05,0
107.2000,20.05,0
107.2050,-18.95,0
107.2100,-18.95,0
107.2150,30.44,0
107.2200,30.44,0
107.2250,-13.47,0
107.2300,-13.47,0
107.2350,10.33,0
107.2400,10.33,0
107.2450,-16.71,0
107.2500,-16.71,0
107.2550,31.62,0
107.2600,31.62,0
107.2650,-14.23,0
107.2700,-14.23,0
107.2750,21.93,0
107.2800,21.93,0
107.2850,21.93,0
107.2900,21.93,0
107.2950,32.04,0
107.3000,32.04,0
107.3050,-7.72,0
107.3100,-7.72,0
107.3150,15.65,0
107.3200,15.65,0
107.3250,15.65,0
107.3300,27.70,0
107.3350,15.65,0
107.3400,15.65,0
107.3450,-13.40,0
107.3500,-13.40,0
107.3550,8.02,0
107.3600,8.02,0
107.3650,-17.52,0
107.3700,-17.52,0
107.3750,33.57,0
107.3800,33.57,0
107.3850,8.29,0
107.3900,8.29,0
107.3950,20.41,0
107.4000,20.41,0
107.4050,20.41,0
107.4100,20.41,0
107.4150,20.41,0
107.4200,20.41,0
107.4250,-7.34,0
107.4300,-14.50,0
107.4350,19.15,0
107.4400,19.15,0
107.4450,19.15,0
107.4500,-18.18,0
107.4550,-18.18,0
107.4600,-18.18,0
107.4650,-18.18,0
107.4700,-18.18,0
107.4750,-18.18,0
107.4800,13.65,0
107.4850,13.65,0
107.4900,-25.30,0
107.4950,-25.30,0
107.5000,-25.30,0
107.5050,14.50,0
107.5100,31.37,0
107.5150,31.37,0
107.5200,30.58,0
107.5250,21.77,0
107.5300,21.77,0
107.5350,4.94,0
107.5400,18.34,0
107.5450,-12.62,0
107.5500,-12.62,0
107.5550,31.62,0
107.5600,31.62,0
107.5650,-21.95,0
107.5700,-21.95,0
107.5750,3.04,0
107.5800,31.37,0
107.5850,-11.24,0
107.5900,30.58,0
107.5950,4.55,0
107.6000,-11.24,0
107.6050,-11.24,0
107.6100,-11.24,0
107.6150,18.86,0
107.6200,25.19,0
107.6250,-8.89,0
107.6300,-8.89,0
107.6350,-8.89,0
107.6400,-8.89,0
107.6450,33.93,0
107.6500,33.93,0
107.6550,4.23,0
107.6600,4.23,0
107.6650,-23.25,0
107.6700,4.23,0
107.6750,30.72,0
107.6800,-20.91,0
107.6850,-20.91,0
107.6900,22.34,0
107.6950,22.34,0
107.7000,-8.17,0
107.7050,-8.17,0
107.7100,-8.17,0
107.7150,-8.17,0
107.7200,-19.01,0
107.7250,36.18,0
107.7300,20.94,0
107.7350,20.94,0
107.7400,20.94,0
107.7450,20.94,0
107.7500,20.94,0
107.7550,1.58,0
107.7600,1.58,0
107.7650,29.96,0
107.7700,29.96,0
107.7750,20.53,0
107.7800,20.53,0
107.7850,20.53,0
107.7900,20.53,0
107.7950,-13.17,0
107.8000,-18.98,0
107.8050,-18.98,0
107.8100,21.21,0
107.8150,21.21,0
107.8200,2.80,0
107.8250,2.80,0
107.8300,6.34,0
107.8350,-9.18,0
107.8400,-9.18,0
107.8450,-20.91,0
107.8500,1.59,0
107.8550,25.18,0
107.8600,25.18,0
107.8650,25.18,0
107.8700,25.18,0
107.8750,25.18,0
107.8800,25.18,0
107.8850,-13.23,0
107.8900,21.21,0
107.8950,19.67,0
107.9000,19.67,0
107.9050,4.45,0
107.9100,-18.98,0
107.9150,31.70,0
107.9200,31.70,0
107.9250,-18.45,0
107.9300,-18.45,0
107.9350,-18.45,0
107.9400,1.18,0
107.9450,1.18,0
107.9500,-10.19,0
107.9550,-10.19,0
107.9600,-22.26,0
107.9650,-22.26,0
107.9700,30.87,0
107.9750,25.18,0
107.9800,25.18,0
107.9850,25.18,0
107.9900,-1.10,0
107.9950,-10.83,0
108.0000,36.25,0
108.0050,31.62,0
108.0100,22.68,0
108.0150,22.68,0
108.0200,5.93,0
108.0250,5.93,0
108.0300,5.93,0
108.0350,5.93,0
108.0400,30.64,0
108.0450,30.64,0
108.0500,30.64,0
108.0550,30.64,0
108.0600,-12.69,0
108.0650,5.10,0
108.0700,-12.00,0
108.0750,-12.00,0
108.0800,30.80,0
108.0850,5.10,0
108.0900,30.80,0
108.0950,30.80,0
108.1000,21.50,0
108.1050,21.50,0
108.1100,15.91,0
108.1150,-11.55,0
108.1200,30.14,0
108.1250,30.14,0
108.1300,-20.08,0
108.1350,-20.08,0
108.1400,20.35,0
108.1450,20.35,0
108.1500,8.10,0
108.1550,8.10,0
108.1600,30.45,0
108.1650,30.45,0
108.1700,-21.47,0
108.1750,-21.47,0
108.1800,4.12,0
108.1850,4.12,0
108.1900,-12.04,0
108.1950,-12.04,0
108.2000,33.55,0
108.2050,33.55,0
108.2100,-18.79,0
108.2150,-18.79,0
108.2200,22.92,0
108.2250,22.92,0
108.2300,-11.63,0
108.2350,-11.63,0
108.2400,33.82,0
108.2450,33.82,0
108.2500,-12.14,0
108.2550,-21.47,0
108.2600,7.59,0
108.2650,7.59,0
108.2700,7.59,0
108.2750,7.59,0
108.2800,-15.05,0
108.2850,-15.05,0
108.2900,-15.05,0
108.2950,32.11,0
108.3000,-19.55,0
108.3050,-21.99,0
108.3100,10.89,0
108.3150,5.70,0
108.3200,10.89,0
108.3250,10.89,0
108.3300,10.89,0
108.3350,5.95,0
108.3400,2.64,0
108.3450,-22.11,0
108.3500,-22.11,0
108.3550,33.35,0
108.3600,33.35,0
108.3650,1.33,0
108.3700,1.33,0
108.3750,25.21,0
108.3800,25.21,0
108.3850,-20.16,0
108.3900,-20.16,0
108.3950,31.80,0
108.4000,31.80,0
108.4050,-6.91,0
108.4100,-6.91,0
108.4150,25.68,0
108.4200,25.68,0
108.4250,-18.03,0
108.4300,-18.03,0
108.4350,8.56,0
108.4400,30.19,0
108.4450,-7.49,0
108.4500,-7.49,0
108.4550,-7.49,0
108.4600,-11.64,0
108.4650,25.68,0
108.4700,-18.24,0
108.4750,28.06,0
108.4800,-2.85,0
108.4850,-2.85,0
108.4900,2.70,0
108.4950,2.70,0
108.5000,2.70,0
108.5050,23.21,0
108.5100,23.21,0
108.5150,30.46,0
108.5200,30.46,0
108.5250,35.88,0
108.5300,-7.20,0
108.5350,23.85,0
108.5400,23.85,0
108.5450,-23.08,0
108.5500,-23.08,0
108.5550,-23.08,0
108.5600,-8.48,0
108.5650,19.44,0
108.5700,-8.48,0
108.5750,3.28,0
108.5800,8.49,0
108.5850,-17.57,0
108.5900,-17.57,0
108.5950,30.57,0
108.6000,30.57,0
108.6050,30.57,0
108.6100,30.57,0
108.6150,3.68,0
108.6200,3.68,0
108.6250,25.93,0
108.6300,25.93,0
108.6350,20.90,0
108.6400,8.42,0
108.6450,-7.53,0
108.6500,-7.53,0
108.6550,-1.01,0
108.6600,-1.01,0
108.6650,21.95,0
108.6700,21.95,0
108.6750,-22.83,0
108.6800,-22.83,0
108.6850,-4.88,0
108.6900,-1.30,0
108.6950,36.19,0
108.7000,21.57,0
108.7050,21.57,0
108.7100,21.57,0
108.7150,28.36,0
108.7200,28.36,0
108.7250,28.36,0
108.7300,28.36,0
108.7350,2.18,0
108.7400,-23.21,0
108.7450,24.14,0
108.7500,24.14,0
108.7550,-19.09,0
108.7600,30.69,0
108.7650,30.69,0
108.7700,30.69,0
108.7750,30.69,0
108.7800,30.69,0
108.7850,21.93,0
108.7900,22.77,0
108.7950,-19.48,0
108.8000,-19.48,0
108.8050,-6.36,0
108.8100,-6.36,0
108.8150,2.15,0
108.8200,2.15,0
108.8250,19.68,0
108.8300,19.68,0
108.8350,-25.60,0
108.8400,-22.82,0
108.8450,27.10,0
108.8500,27.10,0
108.8550,27.10,0
108.8600,-1.31,0
108.8650,-1.31,0
108.8700,-1.31,0
108.8750,-21.20,0
108.8800,-1.04,0
108.8850,-1.04,0
108.8900,-6.61,0
108.8950,-1.04,0
108.9000,-14.59,0
108.9050,-1.14,0
108.9100,-1.14,0
108.9150,-17.57,0
108.9200,29.99,0
108.9250,29.99,0
108.9300,0.79,0
108.9350,0.79,0
108.9400,0.79,0
108.9450,0.79,0
108.9500,-19.56,0
108.9550,-19.56,0
108.9600,30.80,0
108.9650,2.48,0
108.9700,0.12,0
108.9750,0.12,0
108.9800,26.56,0
108.9850,26.56,0
108.9900,26.56,0
108.9950,26.56,0
109.0000,27.72,0
109.0050,27.72,0
109.0100,-6.47,0
109.0150,-9.55,0
109.0200,25.91,0
109.0250,25.91,0
109.0300,20.99,0
109.0350,-20.42,0
109.0400,29.18,0
109.0450,27.79,0
109.0500,-7.56,0
109.0550,-7.56,0
109.0600,2.37,0
109.0650,2.37,0
109.0700,-22.52,0
109.0750,-22.52,0
109.0800,31.24,0
109.0850,31.24,0
109.0900,-5.74,0
109.0950,2.37,0
109.1000,22.79,0
109.1050,-6.47,0
109.1100,22.79,0
109.1150,-19.82,0
109.1200,29.08,0
109.1250,29.08,0
109.1300,29.08,0
109.1350,29.08,0
109.1400,33.01,0
109.1450,33.01,0
109.1500,17.13,0
109.1550,17.13,0
109.1600,11.82,0
109.1650,11.82,0
109.1700,27.73,0
109.1750,-12.02,0
109.1800,-12.02,0
109.1850,-14.26,0
109.1900,-14.26,0
109.1950,17.34,0
109.2000,17.34,0
109.2050,30.53,0
109.2100,-15.10,0
109.2150,-15.10,0
109.2200,-15.10,0
109.2250,-15.10,0
109.2300,-3.04,0
109.2350,14.18,0
109.2400,9.33,0
109.2450,9.33,0
109.2500,34.73,0
109.2550,34.73,0
109.2600,-17.39,0
109.2650,-17.39,0
109.2700,-17.39,0
109.2750,14.18,0
109.2800,12.16,0
109.2850,12.16,0
109.2900,-1.19,0
109.2950,-13.82,0
109.3000,-13.82,0
109.3050,25.78,0
109.3100,25.78,0
109.3150,16.83,0
109.3200,10.92,0
109.3250,10.92,0
109.3300,10.92,0
109.3350,31.62,0
109.3400,21.88,0
109.3450,22.24,0
109.3500,31.62,0
109.3550,14.91,0
109.3600,14.91,0
109.3650,14.47,0
109.3700,-1.70,0
109.3750,32.86,0
109.3800,-13.74,0
109.3850,-13.74,0
109.3900,-13.74,0
109.3950,29.01,0
109.4000,11.20,0
109.4050,11.20,0
109.4100,-16.21,0
109.4150,-16.21,0
109.4200,-17.03,0
109.4250,-17.03,0
109.4300,16.20,0
109.4350,14.47,0
109.4400,-7.43,0
109.4450,32.83,0
109.4500,-4.89,0
109.4550,-12.86,0
109.4600,32.44,0
109.4650,32.44,0
109.4700,15.60,0
109.4750,15.60,0
109.4800,13.27,0
109.4850,13.27,0
109.4900,-20.06,0
109.4950,-20.06,0
109.5000,28.63,0
109.5050,28.63,0
109.5100,-13.80,0
109.5150,-13.80,0
109.5200,-5.78,0
109.5250,13.37,0
109.5300,13.37,0
109.5350,13.37,0
109.5400,13.37,0
109.5450,13.37,0
109.5500,13.37,0
109.5550,35.85,0
109.5600,13.37,0
109.5650,-5.32,0
109.5700,12.15,0
109.5750,-17.09,0
109.5800,33.81,0
109.5850,33.81,0
109.5900,12.15,0
109.5950,10.94,0
109.6000,28.64,0
109.6050,17.66,0
109.6100,17.66,0
109.6150,17.66,0
109.6200,32.56,0
109.6250,32.56,0
109.6300,-17.11,0
109.6350,-17.11,0
109.6400,11.98,0
109.6450,11.98,0
109.6500,-11.67,0
109.6550,-11.67,0
109.6600,11.98,0
109.6650,-11.67,0
109.6700,-17.13,0
109.6750,-17.13,0
109.6800,15.19,0
109.6850,15.19,0
109.6900,-16.93,0
109.6950,-16.93,0
109.7000,31.14,0
109.7050,31.14,0
109.7100,-17.43,0
109.7150,-17.43,0
109.7200,12.16,0
109.7250,12.16,0
109.7300,13.99,0
109.7350,31.48,0
109.7400,33.18,0
109.7450,33.18,0
109.7500,-15.46,0
109.7550,-15.46,0
109.7600,-15.46,0
109.7650,-15.46,0
109.7700,-11.67,0
109.7750,11.53,0
109.7800,-18.96,0
109.7850,-18.96,0
109.7900,-14.19,0
109.7950,-14.19,0
109.8000,-14.19,0
109.8050,-14.19,0
109.8100,-14.19,0
109.8150,-14.19,0
109.8200,13.77,0
109.8250,13.77,0
109.8300,-13.05,0
109.8350,-13.05,0
109.8400,14.08,0
109.8450,14.08,0
109.8500,13.11,0
109.8550,13.63,0
109.8600,13.11,0
109.8650,33.04,0
109.8700,33.12,0
109.8750,-15.37,0
109.8800,-15.37,0
109.8850,10.36,0
109.8900,10.36,0
109.8950,29.50,0
109.9000,33.12,0
109.9050,-14.32,0
109.9100,-13.99,0
109.9150,-13.99,0
109.9200,-13.99,0
109.9250,12.14,0
109.9300,-17.49,0
109.9350,-17.49,0
109.9400,-17.49,0
109.9450,34.04,0
109.9500,34.04,0
109.9550,-2.11,0
109.9600,-2.11,0
109.9650,25.47,0
109.9700,25.47,0
109.9750,28.06,0
109.9800,23.55,0
109.9850,1.69,0
109.9900,26.66,0
109.9950,26.66,0
110.0000,-22.93,0
110.0050,-22.93,0
110.0100,28.06,0
110.0150,-22.93,0
110.0200,-22.93,0
110.0250,-0.46,0
110.0300,-0.46,0
110.0350,-0.46,0
110.0400,-0.46,0
110.0450,26.36,0
110.0500,26.36,0
110.0550,27.21,0
110.0600,27.21,0
110.0650,27.21,0
110.0700,-6.09,0
110.0750,-6.09,0
110.0800,27.74,0
110.0850,27.74,0
110.0900,21.42,0
110.0950,21.42,0
110.1000,-0.26,0
110.1050,-0.26,0
110.1100,-0.26,0
110.1150,-0.26,0
110.1200,-8.66,0
110.1250,-8.66,0
110.1300,-21.89,0
110.1350,-21.89,0
110.1400,26.14,0
110.1450,26.14,0
110.1500,-7.10,0
110.1550,-10.06,0
110.1600,-7.10,0
110.1650,-7.10,0
110.1700,-20.85,0
110.1750,-20.85,0
110.1800,23.37,0
110.1850,-2.81,0
110.1900,-5.79,0
110.1950,-5.34,0
110.2000,-22.08,0
110.2050,32.39,0
110.2100,-6.03,0
110.2150,32.39,0
110.2200,30.16,0
110.2250,28.28,0
110.2300,1.34,0
110.2350,1.34,0
110.2400,30.42,0
110.2450,30.42,0
110.2500,-23.87,0
110.2550,-23.87,0
110.2600,-23.87,0
110.2650,-23.87,0
110.2700,2.97,0
110.2750,2.97,0
110.2800,-4.75,0
110.2850,-4.75,0
110.2900,-21.62,0
110.2950,15.27,0
110.3000,26.74,0
110.3050,-11.05,0
110.3100,26.74,0
110.3150,26.74,0
110.3200,17.77,0
110.3250,30.25,0
110.3300,30.25,0
110.3350,21.34,0
110.3400,21.34,0
110.3450,21.34,0
110.3500,-21.69,0
110.3550,6.23,1
110.3600,-9.33,0
110.3650,-9.33,0
110.3700,-18.74,0
110.3750,-18.74,0
110.3800,-18.74,0
110.3850,-18.74,0
110.3900,1.31,0
110.3950,1.31,0
110.4000,-5.78,0
110.4050,-5.78,0
110.4100,-20.89,0
110.4150,-20.89,0
110.4200,25.99,0
110.4250,25.99,0
110.4300,25.99,0
110.4350,25.99,0
110.4400,25.99,0
110.4450,-7.33,0
110.4500,-7.33,0
110.4550,26.46,0
110.4600,26.46,0
110.4650,7.09,0
110.4700,7.09,0
110.4750,7.09,0
110.4800,7.09,0
110.4850,-14.57,0
110.4900,29.81,0
110.4950,-20.54,0
110.5000,-20.54,0
110.5050,2.91,0
110.5100,2.91,0
110.5150,2.91,0
110.5200,2.91,0
110.5250,2.91,0
110.5300,32.09,0
110.5350,-24.39,0
110.5400,-24.39,0
110.5450,20.39,0
110.5500,20.39,0
110.5550,-6.72,0
110.5600,20.39,0
110.5650,33.40,0
110.5700,33.40,0
110.5750,33.40,0
110.5800,26.19,0
110.5850,26.19,0
110.5900,26.19,0
110.5950,17.13,0
110.6000,4.14,0
110.6050,28.97,0
110.6100,28.97,0
110.6150,6.24,0
110.6200,28.97,0
110.6250,28.97,0
110.6300,28.97,0
110.6350,2.98,0
110.6400,2.98,0
110.6450,-6.80,0
110.6500,-9.99,0
110.6550,30.39,0
110.6600,30.39,0
110.6650,33.40,0
110.6700,23.80,0
110.6750,-0.84,0
110.6800,-0.84,0
110.6850,-21.26,0
110.6900,-5.96,0
110.6950,31.18,0
110.7000,21.87,0
110.7050,21.87,0
110.7100,-7.30,0
110.7150,2.19,0
110.7200,30.52,0
110.7250,-15.83,0
110.7300,30.52,0
110.7350,-17.68,0
110.7400,-17.68,0
110.7450,-17.68,0
110.7500,-17.68,0
110.7550,5.27,0
110.7600,5.27,0
110.7650,-12.66,0
110.7700,-12.66,0
110.7750,9.06,0
110.7800,18.89,0
110.7850,18.89,0
110.7900,-16.53,0
110.7950,-16.53,0
110.8000,-16.53,0
110.8050,-16.53,0
110.8100,-16.53,0
110.8150,8.88,0
110.8200,8.88,0
110.8250,14.69,0
110.8300,14.69,0
110.8350,29.32,0
110.8400,-14.18,0
110.8450,-14.18,0
110.8500,-14.18,0
110.8550,-14.18,0
110.8600,18.85,0
110.8650,30.96,0
110.8700,-17.56,0
110.8750,-17.56,0
110.8800,33.42,0
110.8850,33.42,0
110.8900,33.42,0
110.8950,33.42,0
110.9000,33.42,0
110.9050,33.42,0
110.9100,-16.72,0
110.9150,-16.72,0
110.9200,30.87,0
110.9250,30.87,0
110.9300,8.70,0
110.9350,8.70,0
110.9400,22.41,0
110.9450,-17.66,0
110.9500,31.72,0
110.9550,31.72,0
110.9600,-9.33,0
110.9650,-16.72,0
110.9700,-9.33,0
110.9750,32.99,0
110.9800,20.29,0
110.9850,20.29,0
110.9900,-20.00,0
110.9950,-20.00,0
111.0000,-14.01,0
111.0050,30.74,0
111.0100,7.61,0
111.0150,7.61,0
111.0200,21.42,0
111.0250,21.42,0
111.0300,-10.28,0
111.0350,-19.92,0
111.0400,28.53,0
111.0450,-16.99,0
111.0500,3.81,0
111.0550,-20.43,0
111.0600,22.66,0
111.0650,22.66,0
111.0700,-19.56,0
111.0750,-19.56,0
111.0800,-6.72,0
111.0850,-6.72,0
111.0900,-6.72,0
111.0950,-6.72,0
111.1000,21.54,0
111.1050,21.54,0
111.1100,-20.24,0
111.1150,-20.24,0
111.1200,-11.97,0
111.1250,-11.97,0
111.1300,5.73,0
111.1350,21.54,0
111.1400,-19.92,0
111.1450,-11.97,0
111.1500,5.73,0
111.1550,5.73,0
111.1600,30.58,0
111.1650,28.15,0
111.1700,4.66,0
111.1750,4.66,0
111.1800,22.47,0
111.1850,22.47,0
111.1900,22.47,0
111.1950,22.47,0
111.2000,22.47,0
111.2050,28.73,0
111.2100,-14.25,0
111.2150,-14.25,0
111.2200,20.26,0
111.2250,22.47,0
111.2300,-19.96,0
111.2350,-19.96,0
111.2400,30.83,0
111.2450,30.83,0
111.2500,4.42,0
111.2550,4.42,0
111.2600,4.42,0
111.2650,4.42,0
111.2700,-22.51,0
111.2750,-22.51,0
111.2800,34.68,0
111.2850,34.68,0
111.2900,-22.57,0
111.2950,5.80,0
111.3000,21.23,0
111.3050,29.94,0
111.3100,-20.96,0
111.3150,-20.96,0
111.3200,-14.23,0
111.3250,30.15,0
111.3300,30.15,0
111.3350,30.15,0
111.3400,23.58,0
111.3450,23.58,0
111.3500,-24.80,0
111.3550,-24.80,0
111.3600,26.90,0
111.3650,-20.96,0
111.3700,9.68,0
111.3750,-10.47,0
111.3800,-18.59,0
111.3850,9.27,0
111.3900,-17.79,0
111.3950,-17.79,0
111.4000,30.71,0
111.4050,30.71,0
111.4100,-10.71,0
111.4150,-10.71,0
111.4200,-10.71,0
111.4250,-10.71,0
111.4300,21.69,0
111.4350,21.69,0
111.4400,31.24,0
111.4450,30.45,0
111.4500,-7.95,0
111.4550,-7.95,0
111.4600,22.16,0
111.4650,22.16,0
111.4700,-19.07,0
111.4750,-19.07,0
111.4800,-19.07,0
111.4850,-19.07,0
111.4900,-5.39,0
111.4950,-5.39,0
111.5000,7.54,0
111.5050,7.54,0
111.5100,-18.54,0
111.5150,30.83,0
111.5200,30.83,0
111.5250,17.82,0
111.5300,30.83,0
111.5350,30.83,0
111.5400,6.04,0
111.5450,6.04,0
111.5500,6.45,0
111.5550,23.66,0
111.5600,30.41,0
111.5650,-5.81,0
111.5700,2.81,0
111.5750,-9.56,0
111.5800,33.97,0
111.5850,-21.58,0
111.5900,-21.58,0
111.5950,-27.14,0
111.6000,4.77,0
111.6050,-11.61,0
111.6100,-19.54,0
111.6150,-5.34,0
111.6200,31.32,0
111.6250,20.83,0
111.6300,20.83,0
111.6350,20.83,0
111.6400,24.19,0
111.6450,-13.37,0
111.6500,-13.37,0
111.6550,32.46,0
111.6600,32.46,0
111.6650,19.67,0
111.6700,19.67,0
111.6750,19.67,0
111.6800,17.78,0
111.6850,5.36,0
111.6900,5.36,0
111.6950,5.36,0
111.7000,5.36,0
111.7050,5.36,0
111.7100,-18.31,0
111.7150,-18.31,0
111.7200,8.96,0
111.7250,8.96,0
111.7300,-12.04,0
111.7350,-0.09,0
111.7400,19.76,0
111.7450,-22.26,0
111.7500,-22.26,0
111.7550,21.66,0
111.7600,21.66,0
111.7650,8.96,0
111.7700,-12.94,0
111.7750,-12.94,0
111.7800,36.03,0
111.7850,36.03,0
111.7900,19.49,0
111.7950,19.49,0
111.8000,19.67,0
111.8050,8.56,0
111.8100,-23.96,0
111.8150,8.56,0
111.8200,31.70,0
111.8250,31.70,0
111.8300,-16.95,0
111.8350,-16.95,0
111.8400,9.86,0
111.8450,9.86,0
111.8500,30.40,0
111.8550,-1.43,0
111.8600,-14.70,0
111.8650,-14.70,0
111.8700,-14.70,0
111.8750,-14.70,0
111.8800,-24.75,0
111.8850,19.27,0
111.8900,-12.08,0
111.8950,-12.08,0
111.9000,36.52,0
111.9050,36.52,0
111.9100,-21.34,0
111.9150,-21.34,0
111.9200,4.43,0
111.9250,17.97,0
111.9300,9.00,0
111.9350,9.00,0
111.9400,32.71,0
111.9450,32.71,0
111.9500,-17.95,0
111.9550,-17.95,0
111.9600,14.50,0
111.9650,-24.12,0
111.9700,8.12,0
111.9750,8.12,0
111.9800,-7.42,0
111.9850,-21.17,0
111.9900,-21.17,0
111.9950,15.12,0
112.0000,15.12,0
112.0050,6.41,0
112.0100,32.66,0
112.0150,-2.78,0
112.0200,31.07,0
112.0250,31.07,0
112.0300,31.07,0
112.0350,18.27,0
112.0400,18.27,0
112.0450,14.36,0
112.0500,14.36,0
112.0550,-17.94,0
112.0600,32.77,0
112.0650,-16.16,0
112.0700,-16.16,0
112.0750,-16.16,0
112.0800,-16.16,0
112.0850,7.84,0
112.0900,7.84,0
112.0950,-10.48,0
112.1000,-10.48,0
112.1050,-17.44,0
112.1100,-17.44,0
112.1150,6.42,0
112.1200,18.01,0
112.1250,18.01,0
112.1300,27.87,0
112.1350,-15.59,0
112.1400,-21.45,0
112.1450,31.58,0
112.1500,31.58,0
112.1550,-10.48,0
112.1600,16.67,0
112.1650,6.52,0
112.1700,6.52,0
112.1750,-13.72,0
112.1800,-13.72,0
112.1850,32.81,0
112.1900,32.81,0
112.1950,-21.82,0
112.2000,-18.70,0
112.2050,6.64,0
112.2100,-25.97,0
112.2150,-12.02,0
112.2200,-12.02,0
112.2250,32.10,0
112.2300,-23.79,0
112.2350,-17.22,0
112.2400,-17.22,0
112.2450,18.15,0
112.2500,-13.56,0
112.2550,-13.56,0
112.2600,32.46,0
112.2650,32.46,0
112.2700,32.46,0
112.2750,32.46,0
112.2800,32.46,0
112.2850,32.46,0
112.2900,32.46,0
112.2950,32.81,0
112.3000,5.97,0
112.3050,29.65,0
112.3100,-17.92,0
112.3150,-17.92,0
112.3200,14.38,0
112.3250,14.38,0
112.3300,8.93,0
112.3350,8.93,0
112.3400,-12.54,0
112.3450,-12.54,0
112.3500,-16.86,0
112.3550,-16.86,0
112.3600,15.94,0
112.3650,15.94,0
112.3700,-11.86,0
112.3750,-11.86,0
112.3800,31.81,0
112.3850,31.81,0
112.3900,0.84,0
112.3950,0.84,0
112.4000,27.40,0
112.4050,27.40,0
112.4100,26.84,0
112.4150,26.84,0
112.4200,-3.87,0
112.4250,-3.87,0
112.4300,1.80,0
112.4350,1.80,0
112.4400,25.60,0
112.4450,25.60,0
112.4500,25.60,0
112.4550,25.60,0
112.4600,-5.38,0
112.4650,-5.38,0
112.4700,-1.84,0
112.4750,-1.84,0
112.4800,-24.23,0
112.4850,1.80,0
112.4900,-24.23,0
112.4950,36.03,0
112.5000,-24.23,0
112.5050,-4.56,0
112.5100,0.95,0
112.5150,25.60,0
112.5200,22.41,0
112.5250,22.41,0
112.5300,25.36,0
112.5350,25.36,0
112.5400,25.36,0
112.5450,-2.94,0
112.5500,-0.05,0
112.5550,-0.05,0
112.5600,-20.62,0
112.5650,-20.62,0
112.5700,-20.62,0
112.5750,-20.62,0
112.5800,-20.62,0
112.5850,29.93,0
112.5900,29.93,0
112.5950,-1.31,0
112.6000,-1.31,0
112.6050,-19.98,0
112.6100,-21.78,0
112.6150,26.42,0
112.6200,26.42,0
112.6250,26.42,0
112.6300,26.42,0
112.6350,-26.26,0
112.6400,-0.35,0
112.6450,27.45,0
112.6500,27.45,0
112.6550,-19.00,0
112.6600,29.61,0
112.6650,-20.62,0
112.6700,-3.77,0
112.6750,-3.77,0
112.6800,24.29,0
112.6850,24.29,0
112.6900,24.29,0
112.6950,27.45,0
112.7000,24.29,0
112.7050,-4.05,0
112.7100,-4.05,0
112.7150,-3.13,0
112.7200,-3.13,0
112.7250,27.83,0
112.7300,-24.06,0
112.7350,-24.06,0
112.7400,29.51,0
112.7450,29.51,0
112.7500,-2.09,0
112.7550,-20.73,0
112.7600,-2.09,0
112.7650,-2.09,0
112.7700,27.42,0
112.7750,24.38,0
112.7800,-4.61,0
112.7850,-4.61,0
112.7900,-4.61,0
112.7950,-4.61,0
112.8000,-4.61,0
112.8050,28.20,0
112.8100,28.20,0
112.8150,-20.44,0
112.8200,-20.44,0
112.8250,-4.21,0
112.8300,-4.67,0
112.8350,-0.13,0
112.8400,-0.13,0
112.8450,-0.13,0
112.8500,-0.13,0
112.8550,-21.05,0
112.8600,17.64,0
112.8650,-21.05,0
112.8700,-21.05,0
112.8750,-4.95,0
112.8800,27.88,0
112.8850,27.88,0
112.8900,27.88,0
112.8950,27.88,0
112.9000,27.88,0
112.9050,30.40,0
112.9100,30.40,0
112.9150,-3.51,0
112.9200,-15.23,0
112.9250,27.29,0
112.9300,33.59,0
112.9350,-19.85,0
112.9400,-19.85,0
112.9450,-19.85,0
112.9500,-19.85,0
112.9550,-19.85,0
112.9600,-2.02,0
112.9650,-2.02,0
112.9700,-22.37,0
112.9750,-22.37,0
112.9800,-22.37,0
112.9850,31.86,0
112.9900,31.86,0
112.9950,-4.04,0
113.0000,-4.04,0
113.0050,24.49,0
113.0100,24.49,0
113.0150,24.49,0
113.0200,24.49,0
113.0250,-3.50,0
113.0300,-3.80,0
113.0350,27.92,0
113.0400,24.08,0
113.0450,24.08,0
113.0500,24.08,0
113.0550,30.71,0
113.0600,-19.73,0
113.0650,-19.73,0
113.0700,-3.09,0
113.0750,-3.09,0
113.0800,-3.09,0
113.0850,-0.25,0
113.0900,-0.25,0
113.0950,-21.88,0
113.1000,27.68,0
113.1050,27.68,0
113.1100,27.68,0
113.1150,27.68,0
113.1200,2.12,0
113.1250,2.12,0
113.1300,26.82,0
113.1350,26.82,0
113.1400,-22.60,0
113.1450,-22.60,0
113.1500,25.63,0
113.1550,25.63,0
113.1600,-0.18,0
113.1650,-0.18,0
113.1700,26.25,0
113.1750,26.25,0
113.1800,-19.50,0
113.1850,-19.50,0
113.1900,-0.83,0
113.1950,-0.83,0
113.2000,-17.28,0
113.2050,-17.28,0
113.2100,10.29,0
113.2150,10.29,0
113.2200,14.31,0
113.2250,-3.94,0
113.2300,-17.00,0
113.2350,34.85,0
113.2400,36.27,0
113.2450,36.27,0
113.2500,10.74,0
113.2550,10.74,0
113.2600,12.00,0
113.2650,12.00,0
113.2700,-18.21,0
113.2750,-18.21,0
113.2800,-14.82,0
113.2850,-14.82,0
113.2900,-14.82,0
113.2950,-14.82,0
113.3000,-13.38,0
113.3050,12.48,0
113.3100,12.48,0
113.3150,-12.72,0
113.3200,-12.72,0
113.3250,-16.83,0
113.3300,-16.83,0
113.3350,12.86,0
113.3400,28.96,0
113.3450,12.86,0
113.3500,12.86,0
113.3550,9.08,0
113.3600,9.08,0
113.3650,31.57,0
113.3700,31.57,0
113.3750,13.32,0
113.3800,13.32,0
113.3850,11.83,0
113.3900,11.83,0
113.3950,-17.04,0
113.4000,-17.04,0
113.4050,31.43,0
113.4100,-19.05,0
113.4150,-19.05,0
113.4200,-19.05,0
113.4250,8.15,0
113.4300,8.15,0
113.4350,-16.22,0
113.4400,-16.22,0
113.4450,-16.22,0
113.4500,-16.22,0
113.4550,33.55,0
113.4600,33.55,0
113.4650,15.08,0
113.4700,15.08,0
113.4750,33.55,0
113.4800,-15.48,0
113.4850,29.66,0
113.4900,-3.50,0
113.4950,13.54,0
113.5000,15.26,0
113.5050,15.08,0
113.5100,15.26,0
113.5150,-17.38,0
113.5200,-17.38,0
113.5250,33.89,0
113.5300,33.89,0
113.5350,-14.63,0
113.5400,33.89,0
113.5450,11.68,0
113.5500,11.68,0
113.5550,-13.37,0
113.5600,-13.37,0
113.5650,-16.39,0
113.5700,-16.39,0
113.5750,14.02,0
113.5800,14.02,0
113.5850,14.02,0
113.5900,-17.08,0
113.5950,-17.08,0
113.6000,-17.08,0
113.6050,30.61,0
113.6100,-17.04,0
113.6150,-17.08,0
113.6200,14.38,0
113.6250,14.38,0
113.6300,14.38,0
113.6350,14.38,0
113.6400,31.87,0
113.6450,28.07,0
113.6500,-15.36,0
113.6550,-15.36,0
113.6600,14.75,0
113.6650,14.75,0
113.6700,14.75,0
113.6750,-16.79,0
113.6800,31.87,0
113.6850,-16.79,0
113.6900,-15.45,0
113.6950,-20.48,0
113.7000,-15.45,0
113.7050,13.67,0
113.7100,-16.07,0
113.7150,30.33,0
113.7200,-4.22,0
113.7250,32.85,0
113.7300,32.85,0
113.7350,-17.45,0
113.7400,-17.45,0
113.7450,15.85,0
113.7500,15.85,0
113.7550,13.09,0
113.7600,13.09,0
113.7650,33.53,0
113.7700,33.53,0
113.7750,-15.19,0
113.7800,27.04,0
113.7850,11.15,0
113.7900,11.15,0
113.7950,11.15,0
113.8000,-16.79,0
113.8050,11.15,0
113.8100,11.15,0
113.8150,-15.93,0
113.8200,-15.93,0
113.8250,11.67,0
113.8300,11.67,0
113.8350,33.53,0
113.8400,-15.32,0
113.8450,-15.32,0
113.8500,-15.32,0
113.8550,-15.32,0
113.8600,-16.85,0
113.8650,-2.35,0
113.8700,11.71,0
113.8750,11.71,0
113.8800,11.71,0
113.8850,28.89,0
113.8900,28.89,0
113.8950,-15.38,0
113.9000,-15.38,0
113.9050,11.53,0
113.9100,14.23,0
113.9150,14.23,0
113.9200,-18.66,0
113.9250,-18.66,0
113.9300,-18.66,0
113.9350,-16.89,0
113.9400,-16.89,0
113.9450,-15.80,0
113.9500,14.10,0
113.9550,11.73,0
113.9600,11.73,0
113.9650,26.96,0
113.9700,26.96,0
113.9750,-6.58,0
113.9800,26.96,0
113.9850,13.60,0
113.9900,13.60,0
113.9950,13.14,0
114.0000,-17.65,0
114.0050,3.13,0
114.0100,-17.65,0
114.0150,-16.59,0
114.0200,-16.59,0
114.0250,26.98,0
114.0300,-20.74,0
114.0350,-19.62,0
114.0400,24.81,0
114.0450,24.81,0
114.0500,-1.80,0
114.0550,-1.80,0
114.0600,31.35,0
114.0650,34.64,0
114.0700,31.35,0
114.0750,25.09,0
114.0800,25.09,0
114.0850,25.09,0
114.0900,25.09,0
114.0950,-2.41,0
114.1000,-2.41,0
114.1050,-17.79,0
114.1100,-17.23,0
114.1150,29.32,0
114.1200,29.32,0
114.1250,-24.25,0
114.1300,-24.25,0
114.1350,0.03,0
114.1400,25.87,0
114.1450,25.87,0
114.1500,-20.93,0
114.1550,-20.93,0
114.1600,-0.96,0
114.1650,-0.96,0
114.1700,-4.62,0
114.1750,-4.62,0
114.1800,-4.62,0
114.1850,-4.62,0
114.1900,-2.41,0
114.1950,-20.74,0
114.2000,-20.74,0
114.2050,26.03,0
114.2100,26.03,0
114.2150,-1.94,0
114.2200,-1.94,0
114.2250,27.48,0
114.2300,27.48,0
114.2350,-24.74,0
114.2400,-4.92,0
114.2450,27.27,0
114.2500,-4.48,0
114.2550,-4.48,0
114.2600,20.82,0
114.2650,-5.71,0
114.2700,29.76,0
114.2750,6.52,0
114.2800,-22.16,0
114.2850,-22.16,0
114.2900,-3.06,0
114.2950,-3.06,0
114.3000,-4.59,0
114.3050,26.18,0
114.3100,-35.94,0
114.3150,-4.43,0
114.3200,23.00,0
114.3250,23.00,0
114.3300,-1.99,0
114.3350,-1.99,0
114.3400,-1.99,0
114.3450,28.71,0
114.3500,28.71,0
114.3550,28.71,0
114.3600,28.71,0
114.3650,26.79,0
114.3700,26.79,0
114.3750,-1.31,0
114.3800,-1.31,0
114.3850,27.39,0
114.3900,27.39,0
114.3950,-20.51,0
114.4000,-20.51,0
114.4050,-20.51,0
114.4100,-20.51,0
114.4150,1.17,0
114.4200,1.17,0
114.4250,-4.95,0
114.4300,-4.95,0
114.4350,-19.87,0
114.4400,26.19,0
114.4450,26.19,0
114.4500,-1.68,0
114.4550,-1.68,0
114.4600,-5.77,0
114.4650,-5.77,0
114.4700,-5.77,0
114.4750,28.01,0
114.4800,28.33,0
114.4850,28.33,0
114.4900,31.84,0
114.4950,0.84,0
114.5000,-4.45,0
114.5050,-4.45,0
114.5100,-4.45,0
114.5150,29.66,0
114.5200,-21.77,0
114.5250,-21.77,0
114.5300,2.67,0
114.5350,2.67,0
114.5400,-5.92,0
114.5450,-5.92,0
114.5500,26.38,0
114.5550,26.38,0
114.5600,-20.71,0
114.5650,2.67,0
114.5700,-20.71,0
114.5750,-20.71,0
114.5800,36.31,0
114.5850,-5.92,0
114.5900,26.94,0
114.5950,26.94,0
114.6000,26.75,0
114.6050,18.69,0
114.6100,1.21,0
114.6150,1.21,0
114.6200,1.21,0
114.6250,1.21,0
114.6300,30.35,0
114.6350,30.35,0
114.6400,-19.16,0
114.6450,-19.16,0
114.6500,2.32,0
114.6550,2.32,0
114.6600,-8.62,0
114.6650,-8.62,0
114.6700,-8.62,0
114.6750,33.66,0
114.6800,-21.52,0
114.6850,-21.52,0
114.6900,26.19,0
114.6950,26.19,0
114.7000,26.19,0
114.7050,26.19,0
114.7100,-0.27,0
114.7150,-0.27,0
114.7200,30.93,0
114.7250,30.93,0
114.7300,24.81,0
114.7350,-17.33,0
114.7400,1.28,0
114.7450,1.28,0
114.7500,29.83,0
114.7550,29.83,0
114.7600,-25.80,0
114.7650,26.19,0
114.7700,-10.97,0
114.7750,24.50,0
114.7800,-0.93,0
114.7850,-0.93,0
114.7900,28.75,0
114.7950,-8.51,0
114.8000,-22.48,0
114.8050,-22.48,0
114.8100,27.81,0
114.8150,-19.69,0
114.8200,-0.66,0
114.8250,16.35,0
114.8300,31.40,0
114.8350,31.40,0
114.8400,14.04,0
114.8450,14.04,0
114.8500,16.46,0
114.8550,16.46,0
114.8600,33.20,0
114.8650,33.20,0
114.8700,-14.48,0
114.8750,12.55,0
114.8800,12.55,0
114.8850,15.77,0
114.8900,15.77,0
114.8950,15.77,0
114.9000,15.77,0
114.9050,15.77,0
114.9100,-17.77,0
114.9150,-17.77,0
114.9200,-21.38,0
114.9250,8.00,0
114.9300,-16.26,0
114.9350,-16.26,0
114.9400,-16.26,0
114.9450,15.25,0
114.9500,-16.26,0
114.9550,-16.26,0
114.9600,12.67,0
114.9650,13.16,0
114.9700,13.16,0
114.9750,13.16,0
114.9800,13.16,0
114.9850,13.16,0
114.9900,-19.46,0
114.9950,-19.46,0
115.0000,-18.10,0
115.0050,17.47,0
115.0100,-5.79,0
115.0150,-17.65,0
115.0200,-17.65,0
115.0250,-15.18,0
115.0300,-15.18,0
115.0350,8.04,0
115.0400,8.04,0
115.0450,10.86,0
115.0500,14.70,0
115.0550,14.70,0
115.0600,14.70,0
115.0650,34.43,0
115.0700,34.43,0
115.0750,7.87,0
115.0800,7.87,0
115.0850,18.26,0
115.0900,18.26,0
115.0950,31.85,0
115.1000,31.85,0
115.1050,-16.82,0
115.1100,-16.82,0
115.1150,-16.82,0
115.1200,-7.49,0
115.1250,17.40,0
115.1300,-2.98,0
115.1350,-19.74,0
115.1400,-19.74,0
115.1450,-14.66,0
115.1500,-16.82,0
115.1550,11.14,0
115.1600,11.14,0
115.1650,13.44,0
115.1700,13.44,0
115.1750,13.44,0
115.1800,-18.42,0
115.1850,-16.08,0
115.1900,34.11,0
115.1950,34.11,0
115.2000,27.15,0
115.2050,13.09,0
115.2100,13.09,0
115.2150,13.09,0
115.2200,-19.91,0
115.2250,-19.91,0
115.2300,-19.91,0
115.2350,-13.00,0
115.2400,-13.00,0
115.2450,-13.00,0
115.2500,18.11,0
115.2550,18.11,0
115.2600,-15.47,0
115.2650,-15.47,0
115.2700,31.00,0
115.2750,31.00,0
115.2800,8.56,0
115.2850,8.56,0
115.2900,8.56,0
115.2950,8.56,0
115.3000,-18.15,0
115.3050,34.65,0
115.3100,34.65,0
115.3150,34.65,0
115.3200,8.18,0
115.3250,31.00,0
115.3300,17.79,0
115.3350,17.79,0
115.3400,17.79,0
115.3450,30.98,0
115.3500,30.98,0
115.3550,-14.20,1
115.3600,-14.20,0
115.3650,-14.20,0
115.3700,21.21,0
115.3750,26.51,0
115.3800,-19.55,0
115.3850,-19.55,0
115.3900,35.14,0
115.3950,35.14,0
115.4000,35.14,0
115.4050,35.14,0
115.4100,25.12,0
115.4150,8.83,0
115.4200,-18.97,0
115.4250,-18.97,0
115.4300,-18.97,0
115.4350,30.62,0
115.4400,30.62,0
115.4450,12.96,0
115.4500,-19.46,0
115.4550,21.21,0
115.4600,16.73,0
115.4650,16.73,0
115.4700,16.73,0
115.4750,34.96,0
115.4800,34.96,0
115.4850,-14.83,0
115.4900,3.76,0
115.4950,-19.78,0
115.5000,-19.78,0
115.5050,-19.78,0
115.5100,-19.78,0
115.5150,-13.25,0
115.5200,-13.25,0
115.5250,10.99,0
115.5300,10.99,0
115.5350,-15.40,0
115.5400,-15.40,0
115.5450,30.30,0
115.5500,30.30,0
115.5550,30.30,0
115.5600,30.30,0
115.5650,23.82,0
115.5700,36.20,0
115.5750,16.95,0
115.5800,16.95,0
115.5850,-19.78,0
115.5900,30.06,0
115.5950,-15.54,0
115.6000,-15.54,0
115.6050,7.42,0
115.6100,7.42,0
115.6150,18.98,0
115.6200,18.98,0
115.6250,-17.10,0
115.6300,1.13,0
115.6350,-13.06,0
115.6400,-13.06,0
115.6450,-13.06,0
115.6500,-13.06,0
115.6550,11.53,0
115.6600,11.53,0
115.6650,1.53,0
115.6700,-13.87,0
115.6750,-6.69,0
115.6800,1.09,0
115.6850,16.88,0
115.6900,7.68,0
115.6950,23.64,0
115.7000,23.64,0
115.7050,16.82,0
115.7100,-0.28,0
115.7150,-0.28,0
115.7200,-9.52,0
115.7250,-21.25,0
115.7300,-21.25,0
115.7350,-21.25,0
115.7400,30.34,0
115.7450,-21.25,0
115.7500,1.43,0
115.7550,8.80,0
115.7600,-7.83,0
115.7650,-7.83,0
115.7700,-23.08,0
115.7750,-23.08,0
115.7800,25.57,0
115.7850,25.57,0
115.7900,25.57,0
115.7950,-6.60,0
115.8000,-6.60,0
115.8050,26.82,0
115.8100,26.82,0
115.8150,21.77,0
115.8200,21.77,0
115.8250,-0.29,0
115.8300,-0.28,0
115.8350,-0.29,0
115.8400,-0.29,0
115.8450,-7.79,0
115.8500,-7.79,0
115.8550,14.36,0
115.8600,29.83,0
115.8650,3.70,0
115.8700,3.70,0
115.8750,3.70,0
115.8800,23.06,0
115.8850,3.70,0
115.8900,3.70,0
115.8950,-22.39,0
115.9000,-22.39,0
115.9050,23.56,0
115.9100,23.56,0
115.9150,-6.01,0
115.9200,-6.01,0
115.9250,30.84,0
115.9300,30.84,0
115.9350,-20.51,0
115.9400,-20.51,0
115.9450,-3.37,0
115.9500,-3.37,0
115.9550,-3.37,0
115.9600,-3.37,0
115.9650,27.95,0
115.9700,27.95,0
115.9750,-22.62,0
115.9800,-22.62,0
115.9850,2.60,0
115.9900,2.60,0
115.9950,-6.50,0
116.0000,-6.50,0
116.0050,-6.50,0
116.0100,7.69,0
116.0150,-6.50,0
116.0200,-6.50,0
116.0250,20.95,0
116.0300,20.95,0
116.0350,-9.00,0
116.0400,-9.00,0
116.0450,-9.00,0
116.0500,-9.00,0
116.0550,-9.00,0
116.0600,29.46,0
116.0650,29.46,0
116.0700,25.79,0
116.0750,25.79,0
116.0800,1.76,0
116.0850,1.76,0
116.0900,26.21,0
116.0950,26.21,0
116.1000,-23.92,0
116.1050,-23.92,0
116.1100,1.48,0
116.1150,-6.91,0
116.1200,-14.77,0
116.1250,-20.34,0
116.1300,-6.91,0
116.1350,-19.63,0
116.1400,-19.63,0
116.1450,25.13,0
116.1500,25.13,0
116.1550,0.75,0
116.1600,-19.63,0
116.1650,27.47,0
116.1700,27.47,0
116.1750,27.47,0
116.1800,27.47,0
116.1850,25.90,0
116.1900,25.90,0
116.1950,1.86,0
116.2000,1.86,0
116.2050,29.80,0
116.2100,29.80,0
116.2150,32.10,0
116.2200,-20.53,0
116.2250,25.57,0
116.2300,25.57,0
116.2350,1.74,0
116.2400,1.74,0
116.2450,-7.84,0
116.2500,-7.84,0
116.2550,-19.06,0
116.2600,-19.06,0
116.2650,27.42,0
116.2700,27.42,0
116.2750,1.85,0
116.2800,1.85,0
116.2850,-8.70,0
116.2900,-8.70,0
116.2950,30.19,0
116.3000,0.60,0
116.3050,30.19,0
116.3100,30.19,0
116.3150,-0.70,0
116.3200,-0.70,0
116.3250,29.20,0
116.3300,-5.13,0
116.3350,-19.29,0
116.3400,-19.29,0
116.3450,-19.29,0
116.3500,-19.29,0
116.3550,3.89,0
116.3600,3.89,0
116.3650,3.89,0
116.3700,19.71,0
116.3750,-22.47,0
116.3800,-22.47,0
116.3850,24.43,0
116.3900,24.43,0
116.3950,1.78,0
116.4000,1.78,0
116.4050,28.83,0
116.4100,28.83,0
116.4150,1.69,0
116.4200,28.83,0
116.4250,25.10,0
116.4300,25.10,0
116.4350,1.60,0
116.4400,1.60,0
116.4450,-7.67,0
116.4500,-7.67,0
116.4550,30.75,0
116.4600,30.75,0
116.4650,15.49,0
116.4700,15.49,0
116.4750,-16.47,0
116.4800,27.62,0
116.4850,-9.20,0
116.4900,-9.20,0
116.4950,7.31,0
116.5000,7.31,0
116.5050,7.31,0
116.5100,7.31,0
116.5150,-15.93,0
116.5200,27.95,0
116.5250,27.95,0
116.5300,9.30,0
116.5350,9.30,0
116.5400,15.46,0
116.5450,1.00,0
116.5500,15.46,0
116.5550,-18.72,0
116.5600,-18.72,0
116.5650,30.84,0
116.5700,-13.37,0
116.5750,-17.83,0
116.5800,-13.37,0
116.5850,30.59,0
116.5900,17.86,0
116.5950,17.86,0
116.6000,1.52,0
116.6050,-14.41,0
116.6100,-14.41,0
116.6150,-13.58,0
116.6200,26.21,0
116.6250,11.41,0
116.6300,-18.79,0
116.6350,-7.63,0
116.6400,34.77,0
116.6450,34.77,0
116.6500,34.77,0
116.6550,-14.95,0
116.6600,-14.95,0
116.6650,15.87,0
116.6700,15.87,0
116.6750,15.87,0
116.6800,29.93,0
116.6850,29.93,0
116.6900,29.93,0
116.6950,-12.05,0
116.7000,-12.05,0
116.7050,-11.49,0
116.7100,16.65,0
116.7150,-20.33,0
116.7200,-20.33,0
116.7250,-20.33,0
116.7300,-20.33,0
116.7350,-10.43,0
116.7400,-10.43,0
116.7450,10.42,0
116.7500,10.42,0
116.7550,-20.66,0
116.7600,30.80,0
116.7650,30.80,0
116.7700,17.30,0
116.7750,30.80,0
116.7800,8.00,0
116.7850,8.00,0
116.7900,13.73,0
116.7950,13.73,0
116.8000,29.87,0
116.8050,29.87,0
116.8100,29.87,0
116.8150,-13.07,0
116.8200,-13.07,0
116.8250,-13.07,0
116.8300,-13.07,0
116.8350,24.16,0
116.8400,-22.47,0
116.8450,-22.47,0
116.8500,-12.50,0
116.8550,-12.50,0
116.8600,-12.50,0
116.8650,12.52,0
116.8700,12.52,0
116.8750,15.25,0
116.8800,15.25,0
116.8850,27.97,0
116.8900,27.97,0
116.8950,27.97,0
116.9000,27.97,0
116.9050,7.99,0
116.9100,31.73,0
116.9150,12.91,0
116.9200,12.91,0
116.9250,30.40,0
116.9300,30.40,0
116.9350,-13.79,0
116.9400,-13.79,0
116.9450,-13.79,0
116.9500,-13.79,0
116.9550,17.43,0
116.9600,-17.11,0
116.9650,-17.11,0
116.9700,-13.40,0
116.9750,-13.40,0
116.9800,11.88,0
116.9850,11.88,0
116.9900,11.88,0
116.9950,18.80,0
117.0000,18.80,0
117.0050,18.80,0
117.0100,18.80,0
117.0150,12.90,0
117.0200,32.53,0
117.0250,8.61,0
117.0300,8.61,0
117.0350,14.72,0
117.0400,-18.83,0
117.0450,34.41,0
117.0500,8.36,0
117.0550,-6.75,0
117.0600,-15.10,0
117.0650,-15.10,0
117.0700,-15.10,0
117.0750,18.90,0
117.0800,18.90,0
117.0850,-19.25,0
117.0900,-26.07,0
117.0950,-12.50,0
117.1000,8.67,0
117.1050,14.72,0
117.1100,8.67,0
117.1150,8.67,0
117.1200,-17.95,0
117.1250,-17.95,0
117.1300,29.36,0
117.1350,29.36,0
117.1400,11.59,0
117.1450,11.59,0
117.1500,18.48,0
117.1550,18.48,0
117.1600,18.48,0
117.1650,18.48,0
117.1700,32.55,0
117.1750,32.55,0
117.1800,-17.95,0
117.1850,-13.98,0
117.1900,11.94,0
117.1950,11.94,0
117.2000,-19.31,0
117.2050,-19.31,0
117.2100,-19.31,0
117.2150,21.63,0
117.2200,-12.79,0
117.2250,-12.79,0
117.2300,10.13,0
117.2350,10.13,0
117.2400,-15.68,0
117.2450,-15.68,0
117.2500,32.54,0
117.2550,32.54,0
117.2600,32.54,0
117.2650,32.54,0
117.2700,32.55,0
117.2750,11.84,0
117.2800,8.90,0
117.2850,11.84,0
117.2900,26.23,0
117.2950,26.23,0
117.3000,29.12,0
117.3050,29.12,0
117.3100,-19.19,0
117.3150,-19.19,0
117.3200,-19.19,0
117.3250,-19.19,0
117.3300,0.73,0
117.3350,0.73,0
117.3400,-6.18,0
117.3450,-15.78,0
117.3500,-20.58,0
117.3550,-20.58,0
117.3600,23.75,0
117.3650,23.75,0
117.3700,-2.22,0
117.3750,-2.22,0
117.3800,-8.08,0
117.3850,-8.08,0
117.3900,31.88,0
117.3950,31.88,0
117.4000,31.88,0
117.4050,23.31,0
117.4100,-1.08,0
117.4150,-1.08,0
117.4200,-8.08,0
117.4250,-24.24,0
117.4300,-23.35,0
117.4350,-23.35,0
117.4400,-23.35,0
117.4450,-23.35,0
117.4500,-23.35,0
117.4550,-23.35,0
117.4600,-23.35,0
117.4650,-7.49,0
117.4700,-21.99,0
117.4750,-21.99,0
117.4800,25.15,0
117.4850,17.38,0
117.4900,25.15,0
117.4950,25.15,0
117.5000,25.15,0
117.5050,25.15,0
117.5100,30.26,0
117.5150,-19.81,0
117.5200,22.84,0
117.5250,22.84,0
117.5300,22.84,0
117.5350,22.84,0
117.5400,22.84,0
117.5450,22.84,0
117.5500,22.84,0
117.5550,-20.14,0
117.5600,9.66,0
117.5650,29.64,0
117.5700,-3.76,0
117.5750,-3.76,0
117.5800,-7.13,0
117.5850,-7.13,0
117.5900,22.84,0
117.5950,29.67,0
117.6000,21.54,0
117.6050,21.54,0
117.6100,21.54,0
117.6150,21.54,0
117.6200,-5.91,0
117.6250,-7.16,0
117.6300,27.07,0
117.6350,-13.52,0
117.6400,27.07,0
117.6450,27.07,0
117.6500,-24.05,0
117.6550,-24.05,0
117.6600,-2.30,0
117.6650,-2.30,0
117.6700,30.57,0
117.6750,30.57,0
117.6800,30.57,0
117.6850,30.57,0
117.6900,20.70,0
117.6950,20.70,0
117.7000,-7.59,0
117.7050,-7.59,0
117.7100,-7.59,0
117.7150,-7.59,0
117.7200,-19.72,0
117.7250,-19.72,0
117.7300,-19.72,0
117.7350,-20.15,0
117.7400,-0.37,0
117.7450,32.02,0
117.7500,32.02,0
117.7550,32.02,0
117.7600,31.45,0
117.7650,24.86,0
117.7700,15.31,0
117.7750,-0.20,0
117.7800,-0.20,0
117.7850,27.29,0
117.7900,27.29,0
117.7950,27.29,0
117.8000,-23.69,0
117.8050,-23.69,0
117.8100,4.69,0
117.8150,1.82,0
117.8200,1.82,0
117.8250,16.80,0
117.8300,-5.40,0
117.8350,-22.55,0
117.8400,-22.55,0
117.8450,-22.55,0
117.8500,-22.55,0
117.8550,-22.55,0
117.8600,-22.55,0
117.8650,-5.97,0
117.8700,-5.97,0
117.8750,28.69,0
117.8800,28.69,0
117.8850,25.28,0
117.8900,25.28,0
117.8950,1.88,0
117.9000,-18.72,0
117.9050,-9.53,0
117.9100,-9.53,0
117.9150,-18.22,0
117.9200,-18.22,0
117.9250,-18.22,0
117.9300,-18.22,0
117.9350,-22.55,0
117.9400,1.62,0
117.9450,-8.39,0
117.9500,-8.39,0
117.9550,-18.69,0
117.9600,-18.69,0
117.9650,25.08,0
117.9700,25.08,0
117.9750,25.08,0
117.9800,25.08,0
117.9850,-5.73,0
117.9900,-5.73,0
117.9950,-5.73,0
118.0000,-5.73,0
118.0050,-20.37,0
118.0100,-20.37,0
118.0150,0.50,0
118.0200,0.50,0
118.0250,-9.61,0
118.0300,-9.61,0
118.0350,32.37,0
118.0400,32.37,0
118.0450,-18.47,0
118.0500,28.68,0
118.0550,-0.59,0
118.0600,-0.59,0
118.0650,0.47,0
118.0700,-9.94,0
118.0750,26.82,0
118.0800,26.82,0
118.0850,-22.87,0
118.0900,-22.87,0
118.0950,-16.40,0
118.1000,-16.23,0
118.1050,32.27,0
118.1100,-23.27,0
118.1150,10.99,0
118.1200,10.99,0
118.1250,10.99,0
118.1300,14.67,0
118.1350,14.67,0
118.1400,-22.87,0
118.1450,-25.62,0
118.1500,33.05,0
118.1550,33.05,0
118.1600,-16.18,0
118.1650,-16.18,0
118.1700,10.46,0
118.1750,10.46,0
118.1800,10.46,0
118.1850,18.39,0
118.1900,18.39,0
118.1950,18.39,0
118.2000,-12.93,0
118.2050,-12.93,0
118.2100,11.28,0
118.2150,10.46,0
118.2200,9.57,0
118.2250,11.28,0
118.2300,13.92,0
118.2350,-18.56,0
118.2400,-14.13,0
118.2450,10.10,0
118.2500,10.10,0
118.2550,20.35,0
118.2600,22.65,0
118.2650,20.35,0
118.2700,29.42,0
118.2750,30.58,0
118.2800,30.58,0
118.2850,10.20,0
118.2900,10.20,0
118.2950,15.88,0
118.3000,15.88,0
118.3050,15.88,0
118.3100,15.88,0
118.3150,-12.55,0
118.3200,-12.55,0
118.3250,8.12,0
118.3300,8.12,0
118.3350,-18.19,0
118.3400,-18.19,0
118.3450,28.18,0
118.3500,28.18,0
118.3550,-12.53,0
118.3600,-12.53,0
118.3650,28.18,0
118.3700,-12.53,0
118.3750,15.32,0
118.3800,15.32,0
118.3850,29.41,0
118.3900,29.41,0
118.3950,-11.51,0
118.4000,-11.51,0
118.4050,-11.51,0
118.4100,9.41,0
118.4150,9.41,0
118.4200,16.45,0
118.4250,-18.25,0
118.4300,-18.25,0
118.4350,-13.23,0
118.4400,-13.23,0
118.4450,-13.23,0
118.4500,-13.23,0
118.4550,-13.23,0
118.4600,7.21,0
118.4650,7.21,0
118.4700,33.41,0
118.4750,33.41,0
118.4800,31.77,0
118.4850,33.41,0
118.4900,33.41,0
118.4950,25.13,0
118.5000,-9.81,0
118.5050,15.19,0
118.5100,15.19,0
118.5150,30.88,0
118.5200,-19.99,0
118.5250,-25.59,0
118.5300,-19.99,0
118.5350,-19.99,0
118.5400,-19.99,0
118.5450,-19.53,0
118.5500,-19.53,0
118.5550,-13.61,0
118.5600,-13.61,0
118.5650,11.27,0
118.5700,11.27,0
118.5750,20.94,0
118.5800,11.27,0
118.5850,-19.64,0
118.5900,-19.64,0
118.5950,29.78,0
118.6000,29.78,0
118.6050,18.17,0
118.6100,33.39,0
118.6150,-8.09,0
118.6200,14.42,0
118.6250,14.42,0
118.6300,14.42,0
118.6350,14.42,0
118.6400,14.42,0
118.6450,-13.37,0
118.6500,-13.37,0
118.6550,15.23,0
118.6600,15.23,0
118.6650,-15.09,0
118.6700,-15.09,0
118.6750,-10.54,0
118.6800,-10.54,0
118.6850,6.69,0
118.6900,6.69,0
118.6950,6.69,0
118.7000,6.69,0
118.7050,-16.45,0
118.7100,-16.45,0
118.7150,-16.45,0
118.7200,-16.45,0
118.7250,-10.39,0
118.7300,-14.78,0
118.7350,15.75,0
118.7400,15.75,0
118.7450,15.75,0
118.7500,15.75,0
118.7550,15.75,0
118.7600,14.40,0
118.7650,9.33,0
118.7700,-12.09,0
118.7750,-12.09,0
118.7800,17.79,0
118.7850,17.79,0
118.7900,-16.97,0
118.7950,-16.97,0
118.8000,-16.97,0
118.8050,-16.97,0
118.8100,-16.97,0
118.8150,9.79,0
118.8200,9.79,0
118.8250,-20.55,0
118.8300,-20.55,0
118.8350,34.13,0
118.8400,34.13,0
118.8450,34.13,0
118.8500,9.64,0
118.8550,9.64,0
118.8600,9.64,0
118.8650,9.64,0
118.8700,34.13,0
118.8750,9.64,0
118.8800,31.60,0
118.8850,-17.13,0
118.8900,-17.13,0
118.8950,-17.13,0
118.9000,-17.13,0
118.9050,-17.13,0
118.9100,11.66,0
118.9150,11.66,0
118.9200,-6.46,0
118.9250,-6.46,0
118.9300,-6.46,0
118.9350,-21.96,0
118.9400,-17.74,0
118.9450,24.28,0
118.9500,24.28,0
118.9550,-2.24,0
118.9600,-2.24,0
118.9650,28.00,0
118.9700,28.00,0
118.9750,28.00,0
118.9800,28.00,0
118.9850,11.66,0
118.9900,28.00,0
118.9950,-1.17,0
119.0000,-1.17,0
119.0050,-20.75,0
119.0100,28.09,0
119.0150,-16.29,0
119.0200,-16.29,0
119.0250,25.19,0
119.0300,25.19,0
119.0350,-1.01,0
119.0400,-1.01,0
119.0450,-17.78,0
119.0500,-9.30,0
119.0550,-9.30,0
119.0600,15.99,0
119.0650,-20.85,0
119.0700,25.19,0
119.0750,12.17,0
119.0800,-1.71,0
119.0850,-5.32,0
119.0900,25.93,0
119.0950,25.93,0
119.1000,25.93,0
119.1050,25.93,0
119.1100,-15.49,0
119.1150,27.13,0
119.1200,27.13,0
119.1250,27.13,0
119.1300,-6.50,0
119.1350,29.58,0
119.1400,29.58,0
119.1450,-20.46,0
119.1500,-24.17,0
119.1550,-0.09,0
119.1600,-0.09,0
119.1650,-0.09,0
119.1700,-0.09,0
119.1750,-0.09,0
119.1800,34.32,0
119.1850,27.78,0
119.1900,25.80,0
119.1950,25.80,0
119.2000,25.80,0
119.2050,25.80,0
119.2100,25.80,0
119.2150,25.80,0
119.2200,-4.55,0
119.2250,-4.55,0
119.2300,28.10,0
119.2350,28.10,0
119.2400,-1.68,0
119.2450,-1.68,0
119.2500,-1.22,0
119.2550,-1.22,0
119.2600,31.07,0
119.2650,31.07,0
119.2700,-21.05,0
119.2750,-21.05,0
119.2800,3.48,0
119.2850,3.48,0
119.2900,-6.33,0
119.2950,-6.33,0
119.3000,-19.91,0
119.3050,24.30,0
119.3100,24.30,0
119.3150,24.30,0
119.3200,24.30,0
119.3250,24.30,0
119.3300,-8.33,0
119.3350,-17.41,0
119.3400,30.31,0
119.3450,30.31,0
119.3500,30.31,0
119.3550,30.31,0
119.3600,-20.97,0
119.3650,-20.97,0
119.3700,-3.91,0
119.3750,-3.91,0
119.3800,-3.91,0
119.3850,-3.91,0
119.3900,-20.68,0
119.3950,-10.37,0
119.4000,1.92,0
119.4050,1.92,0
119.4100,15.50,0
119.4150,30.05,0
119.4200,30.05,0
119.4250,30.05,0
119.4300,-22.17,0
119.4350,-22.17,0
119.4400,-22.17,0
119.4450,-22.17,0
119.4500,-4.09,0
119.4550,-4.09,0
119.4600,-16.37,0
119.4650,29.79,0
119.4700,-20.43,0
119.4750,25.66,0
119.4800,25.66,0
119.4850,-3.05,0
119.4900,-3.05,0
119.4950,31.07,0
119.5000,31.07,0
119.5050,-24.98,0
119.5100,-24.98,0
119.5150,27.15,0
119.5200,27.15,0
119.5250,-6.17,0
119.5300,-6.17,0
119.5350,-6.17,0
119.5400,-6.17,0
119.5450,-20.61,0
119.5500,-20.61,0
119.5550,24.58,0
119.5600,24.58,0
119.5650,-5.98,0
119.5700,-5.98,0
119.5750,27.16,0
119.5800,27.16,0
119.5850,27.16,0
119.5900,27.16,0
119.5950,25.96,0
119.6000,25.96,0
119.6050,-0.16,0
119.6100,-20.00,0
119.6150,-0.16,0
119.6200,-0.16,0
119.6250,-2.79,0
119.6300,-2.79,0
119.6350,14.53,0
119.6400,-22.36,0
119.6450,-2.69,0
119.6500,-2.69,0
119.6550,-4.07,0
119.6600,-25.15,0
119.6650,-21.62,0
119.6700,23.53,0
119.6750,23.53,0
119.6800,23.53,0
119.6850,23.53,0
119.6900,-2.61,0
119.6950,-2.61,0
119.7000,-2.61,0
119.7050,-2.61,0
119.7100,-20.61,0
119.7150,-20.61,0
119.7200,29.47,0
119.7250,29.47,0
119.7300,-14.51,0
119.7350,-14.51,0
119.7400,-14.51,0
119.7450,-14.51,0
119.7500,19.84,0
119.7550,19.84,0
119.7600,-17.96,0
119.7650,-17.96,0
119.7700,32.41,0
119.7750,32.41,0
119.7800,14.51,0
119.7850,14.51,0
119.7900,-13.98,0
119.7950,-2.62,0
119.8000,-17.56,0
119.8050,-17.56,0
119.8100,33.30,0
119.8150,33.30,0
119.8200,14.34,0
119.8250,14.34,0
119.8300,15.60,0
119.8350,15.60,0
119.8400,15.60,0
119.8450,31.30,0
119.8500,-20.09,0
119.8550,-20.09,0
119.8600,-20.09,0
119.8650,-20.09,0
119.8700,12.63,0
119.8750,12.63,0
119.8800,12.63,0
119.8850,12.63,0
119.8900,31.54,0
119.8950,31.54,0
119.9000,-12.91,0
119.9050,13.00,0
119.9100,12.66,0
119.9150,12.66,0
119.9200,-16.45,0
119.9250,28.24,0
119.9300,30.79,0
119.9350,30.79,0
119.9400,12.98,0
119.9450,12.98,0
119.9500,-18.79,0
119.9550,11.15,0
119.9600,34.64,0
119.9650,34.64,0
119.9700,34.64,0
119.9750,-19.96,0
119.9800,-22.14,0
119.9850,-19.96,0
119.9900,16.06,0
119.9950,16.06,0
120.0000,16.06,0
120.0050,-18.42,0
120.0100,-18.42,0
120.0150,-14.73,0
120.0200,-24.30,0
120.0250,9.26,0
120.0300,9.26,0
120.0350,16.60,0
120.0400,16.60,0
120.0450,-15.92,0
120.0500,-15.92,0
120.0550,30.62,0
120.0600,30.62,0
120.0650,30.62,0
120.0700,30.62,0
120.0750,-15.12,0
120.0800,-16.01,0
120.0850,-16.01,0
120.0900,32.61,0
120.0950,32.61,0
120.1000,32.61,0
120.1050,32.61,0
120.1100,14.67,0
120.1150,14.67,0
120.1200,-19.46,0
120.1250,-19.46,0
120.1300,33.69,0
120.1350,33.69,0
120.1400,-18.54,0
120.1450,-18.50,0
120.1500,-18.50,0
120.1550,-18.50,0
120.1600,-15.34,0
120.1650,30.60,0
120.1700,28.15,0
120.1750,28.15,0
120.1800,-12.42,0
120.1850,-12.42,0
120.1900,11.55,0
120.1950,11.55,0
120.2000,11.55,0
120.2050,11.55,0
120.2100,31.06,0
120.2150,31.06,0
120.2200,-17.15,0
120.2250,-17.15,0
120.2300,11.06,0
120.2350,11.06,0
120.2400,-14.71,0
120.2450,-14.71,0
120.2500,-14.71,0
120.2550,-14.71,0
120.2600,-14.98,0
120.2650,-14.98,0
120.2700,-14.98,0
120.2750,-14.98,0
120.2800,-14.98,0
120.2850,-14.98,0
120.2900,-14.98,0
120.2950,-14.98,0
120.3000,-14.98,0
120.3050,-15.99,0
120.3100,-15.99,0
120.3150,14.05,0
120.3200,14.05,0
120.3250,15.24,0
120.3300,15.24,0
120.3350,15.24,0
120.3400,14.58,0
120.3450,-29.41,0
120.3500,32.21,0
120.3550,15.05,1
120.3600,27.52,0
120.3650,-14.18,0
120.3700,-14.18,0
120.3750,-16.20,0
120.3800,24.43,0
120.3850,14.56,0
120.3900,14.56,0
120.3950,14.56,0
120.4000,14.56,0
120.4050,-13.28,0
120.4100,-13.28,0
120.4150,-13.28,0
120.4200,-13.28,0
120.4250,32.21,0
120.4300,-16.94,0
120.4350,5.27,0
120.4400,5.27,0
120.4450,-13.45,0
120.4500,-13.45,0
120.4550,33.08,0
120.4600,33.08,0
120.4650,-15.80,0
120.4700,15.49,0
120.4750,15.49,0
120.4800,15.49,0
120.4850,15.49,0
120.4900,-17.66,0
120.4950,-17.66,0
120.5000,-14.45,0
120.5050,-14.45,0
120.5100,17.96,0
120.5150,17.96,0
120.5200,-18.00,0
120.5250,-16.25,0
120.5300,-13.63,0
120.5350,27.99,0
120.5400,0.67,0
120.5450,-1.89,0
120.5500,-1.89,0
120.5550,-1.89,0
120.5600,-20.65,0
120.5650,-6.77,0
120.5700,-6.77,0
120.5750,-6.77,0
120.5800,-6.77,0
120.5850,4.49,0
120.5900,25.26,0
120.5950,15.76,0
120.6000,32.34,0
120.6050,-21.53,0
120.6100,29.32,0
120.6150,-1.56,0
120.6200,-3.04,0
120.6250,-3.04,0
120.6300,-3.04,0
120.6350,-3.04,0
120.6400,-20.58,0
120.6450,-20.58,0
120.6500,24.48,0
120.6550,24.48,0
120.6600,1.83,0
120.6650,1.83,0
120.6700,23.88,0
120.6750,23.88,0
120.6800,-17.98,0
120.6850,23.88,0
120.6900,23.88,0
120.6950,23.88,0
120.7000,-8.67,0
120.7050,26.57,0
120.7100,26.57,0
120.7150,-21.04,0
120.7200,-21.04,0
120.7250,15.31,0
120.7300,-3.81,0
120.7350,-2.55,0
120.7400,-2.55,0
120.7450,-2.50,0
120.7500,-2.50,0
120.7550,-19.18,0
120.7600,-19.18,0
120.7650,24.12,0
120.7700,24.12,0
120.7750,31.97,0
120.7800,24.12,0
120.7850,24.12,0
120.7900,24.12,0
120.7950,21.37,0
120.8000,21.37,0
120.8050,27.47,0
120.8100,27.47,0
120.8150,-1.07,0
120.8200,-1.07,0
120.8250,-1.07,0
120.8300,-1.07,0
120.8350,0.72,0
120.8400,0.72,0
120.8450,26.14,0
120.8500,26.30,0
120.8550,-2.93,0
120.8600,-2.93,0
120.8650,-2.93,0
120.8700,-2.93,0
120.8750,-15.19,0
120.8800,-15.19,0
120.8850,24.71,0
120.8900,24.71,0
120.8950,-3.58,0
120.9000,-3.58,0
120.9050,24.59,0
120.9100,24.59,0
120.9150,24.59,0
120.9200,24.59,0
120.9250,28.52,0
120.9300,28.52,0
120.9350,-6.21,0
120.9400,-6.21,0
120.9450,28.06,0
120.9500,28.06,0
120.9550,28.06,0
120.9600,28.06,0
120.9650,28.06,0
120.9700,13.43,0
120.9750,-4.57,0
120.9800,-4.57,0
120.9850,-0.66,0
120.9900,-0.66,0
120.9950,25.69,0
121.0000,25.69,0
121.0050,25.69,0
121.0100,25.69,0
121.0150,-17.85,0
121.0200,-17.85,0
121.0250,44.03,0
121.0300,20.77,0
121.0350,20.77,0
121.0400,20.77,0
121.0450,20.77,0
121.0500,20.77,0
121.0550,27.98,0
121.0600,26.20,0
121.0650,25.17,0
121.0700,25.17,0
121.0750,-20.35,0
121.0800,-20.35,0
121.0850,-20.35,0
121.0900,-20.35,0
121.0950,-5.66,0
121.1000,-5.66,0
121.1050,27.33,0
121.1100,-3.28,0
121.1150,-21.46,0
121.1200,-21.46,0
121.1250,29.39,0
121.1300,29.39,0
121.1350,-3.20,0
121.1400,-3.20,0
121.1450,17.15,0
121.1500,0.02,0
121.1550,2.39,0
121.1600,-21.46,0
121.1650,29.43,0
121.1700,29.43,0
121.1750,-9.58,0
121.1800,-9.58,0
121.1850,24.83,0
121.1900,24.83,0
121.1950,-24.91,0
121.2000,-24.91,0
121.2050,-24.91,0
121.2100,-24.91,0
121.2150,-2.94,0
121.2200,-2.94,0
121.2250,-2.94,0
121.2300,13.59,0
121.2350,1.69,0
121.2400,1.69,0
121.2450,23.88,0
121.2500,23.88,0
121.2550,-2.93,0
121.2600,27.42,0
121.2650,1.07,0
121.2700,28.26,0
121.2750,28.26,0
121.2800,-19.31,0
121.2850,28.26,0
121.2900,-25.81,0
121.2950,-6.89,0
121.3000,-6.89,0
121.3050,-6.89,0
121.3100,-6.89,0
121.3150,-6.89,0
121.3200,-6.89,0
121.3250,-17.74,0
121.3300,-22.40,0
121.3350,-5.51,0
121.3400,-5.51,0
121.3450,3.26,0
121.3500,18.39,0
121.3550,18.39,0
121.3600,18.39,0
121.3650,-25.82,0
121.3700,18.39,0
121.3750,-13.31,0
121.3800,-13.31,0
121.3850,33.69,0
121.3900,33.69,0
121.3950,19.96,0
121.4000,-6.89,0
121.4050,39.35,0
121.4100,19.96,0
121.4150,19.96,0
121.4200,31.13,0
121.4250,-15.04,0
121.4300,-22.06,0
121.4350,-22.06,0
121.4400,-23.23,0
121.4450,-22.06,0
121.4500,30.47,0
121.4550,20.32,0
121.4600,-13.12,0
121.4650,-13.12,0
121.4700,-23.37,0
121.4750,31.68,0
121.4800,20.24,0
121.4850,20.24,0
121.4900,3.96,0
121.4950,24.80,0
121.5000,24.80,0
121.5050,24.80,0
121.5100,24.80,0
121.5150,19.80,0
121.5200,19.80,0
121.5250,19.80,0
121.5300,7.70,0
121.5350,-2.59,0
121.5400,30.97,0
121.5450,30.97,0
121.5500,-22.14,0
121.5550,-22.14,0
121.5600,-22.14,0
121.5650,-22.14,0
121.5700,9.29,0
121.5750,9.29,0
121.5800,9.29,0
121.5850,9.29,0
121.5900,32.10,0
121.5950,32.10,0
121.6000,21.89,0
121.6050,21.89,0
121.6100,21.89,0
121.6150,21.89,0
121.6200,-13.13,0
121.6250,13.12,0
121.6300,27.61,0
121.6350,-17.16,0
121.6400,-17.16,0
121.6450,7.34,0
121.6500,7.34,0
121.6550,7.34,0
121.6600,-9.03,0
121.6650,-9.87,0
121.6700,30.44,0
121.6750,-19.08,0
121.6800,-13.51,0
121.6850,-19.08,0
121.6900,7.42,0
121.6950,7.42,0
121.7000,-17.18,0
121.7050,31.97,0
121.7100,31.97,0
121.7150,31.97,0
121.7200,16.95,0
121.7250,16.95,0
121.7300,16.95,0
121.7350,16.95,0
121.7400,-7.59,0
121.7450,-7.59,0
121.7500,30.99,0
121.7550,18.90,0
121.7600,30.99,0
121.7650,30.99,0
121.7700,-17.88,0
121.7750,-17.88,0
121.7800,0.36,0
121.7850,29.46,0
121.7900,29.46,0
121.7950,-18.18,0
121.8000,-18.18,0
121.8050,1.48,0
121.8100,7.52,0
121.8150,7.52,0
121.8200,-15.54,0
121.8250,-15.54,0
121.8300,-15.54,0
121.8350,29.46,0
121.8400,-21.84,0
121.8450,-21.84,0
121.8500,20.30,0
121.8550,7.14,0
121.8600,4.14,0
121.8650,30.82,0
121.8700,-2.49,0
121.8750,30.82,0
121.8800,-26.92,0
121.8850,24.40,0
121.8900,24.40,0
121.8950,24.40,0
121.9000,24.40,0
121.9050,-9.99,0
121.9100,-9.99,0
121.9150,-10.30,0
121.9200,-23.78,0
121.9250,27.04,0
121.9300,27.04,0
121.9350,-16.76,0
121.9400,6.74,0
121.9450,-12.49,0
121.9500,33.67,0
121.9550,-21.27,0
121.9600,-18.62,0
121.9650,18.62,0
121.9700,18.62,0
121.9750,1.46,0
121.9800,1.46,0
121.9850,28.95,0
121.9900,28.95,0
121.9950,28.95,0
122.0000,28.95,0
122.0050,20.30,0
122.0100,20.30,0
122.0150,3.36,0
122.0200,3.36,0
122.0250,28.86,0
122.0300,28.86,0
122.0350,-25.82,0
122.0400,-25.82,0
122.0450,-25.82,0
122.0500,-25.82,0
122.0550,6.70,0
122.0600,6.70,0
122.0650,-10.65,0
122.0700,-10.65,0
122.0750,-19.77,0
122.0800,-19.77,0
122.0850,21.55,0
122.0900,21.55,0
122.0950,4.45,0
122.1000,4.45,0
122.1050,-7.85,0
122.1100,-7.85,0
122.1150,29.95,0
122.1200,29.95,0
122.1250,24.28,0
122.1300,24.28,0
122.1350,-18.54,0
122.1400,2.61,0
122.1450,32.83,0
122.1500,32.83,0
122.1550,-21.19,0
122.1600,-23.21,0
122.1650,21.02,0
122.1700,21.02,0
122.1750,-19.66,0
122.1800,-19.66,0
122.1850,-10.98,0
122.1900,-10.98,0
122.1950,5.72,0
122.2000,5.72,0
122.2050,-15.07,0
122.2100,-15.07,0
122.2150,25.96,0
122.2200,25.96,0
122.2250,25.96,0
122.2300,21.02,0
122.2350,6.90,0
122.2400,6.90,0
122.2450,14.58,0
122.2500,14.58,0
122.2550,32.07,0
122.2600,-22.21,0
122.2650,-12.37,0
122.2700,-12.37,0
122.2750,9.37,0
122.2800,9.37,0
122.2850,21.49,0
122.2900,21.49,0
122.2950,-23.47,0
122.3000,-23.47,0
122.3050,-10.48,0
122.3100,-10.48,0
122.3150,33.68,0
122.3200,7.18,0
122.3250,-18.65,0
122.3300,-23.47,0
122.3350,-18.65,0
122.3400,-18.65,0
122.3450,-18.65,0
122.3500,-18.65,0
122.3550,9.33,0
122.3600,9.33,0
122.3650,9.33,0
122.3700,13.16,0
122.3750,26.16,0
122.3800,30.66,0
122.3850,30.66,0
122.3900,-11.67,0
122.3950,-11.67,0
122.4000,-17.78,0
122.4050,10.32,0
122.4100,16.80,0
122.4150,16.80,0
122.4200,-21.84,0
122.4250,-21.84,0
122.4300,-13.18,0
122.4350,-13.18,0
122.4400,7.74,0
122.4450,-11.67,0
122.4500,19.03,0
122.4550,19.03,0
122.4600,-18.01,0
122.4650,25.96,0
122.4700,25.96,0
122.4750,25.96,0
122.4800,11.17,0
122.4850,11.17,0
122.4900,-16.32,0
122.4950,11.17,0
122.5000,15.12,0
122.5050,15.12,0
122.5100,-11.24,0
122.5150,-11.24,0
122.5200,-11.24,0
122.5250,17.49,0
122.5300,17.49,0
122.5350,17.49,0
122.5400,-17.48,0
122.5450,-13.52,0
122.5500,-13.52,0
122.5550,31.32,0
122.5600,7.91,0
122.5650,7.91,0
122.5700,18.18,0
122.5750,27.54,0
122.5800,-20.23,0
122.5850,-20.23,0
122.5900,-20.23,0
122.5950,-13.81,0
122.6000,-13.81,0
122.6050,16.66,0
122.6100,25.59,0
122.6150,-13.27,0
122.6200,-13.27,0
122.6250,29.29,0
122.6300,29.29,0
122.6350,29.29,0
122.6400,-20.51,0
122.6450,17.77,0
122.6500,17.77,0
122.6550,-23.72,0
122.6600,-23.72,0
122.6650,-19.20,0
122.6700,34.18,0
122.6750,34.18,0
122.6800,-15.17,0
122.6850,6.80,0
122.6900,6.80,0
122.6950,-13.41,0
122.7000,-19.14,0
122.7050,-19.14,0
122.7100,6.80,0
122.7150,31.80,0
122.7200,15.46,0
122.7250,15.46,0
122.7300,13.20,0
122.7350,13.20,0
122.7400,13.20,0
122.7450,33.53,0
122.7500,33.53,0
122.7550,33.53,0
122.7600,-15.17,0
122.7650,-17.37,0
122.7700,-17.37,0
122.7750,-20.70,0
122.7800,31.13,0
122.7850,-20.70,0
122.7900,-20.70,0
122.7950,-20.70,0
122.8000,-20.70,0
122.8050,8.64,0
122.8100,8.64,0
122.8150,-15.55,0
122.8200,-17.29,0
122.8250,36.48,0
122.8300,36.48,0
122.8350,36.48,0
122.8400,36.48,0
122.8450,11.31,0
122.8500,31.07,0
122.8550,10.64,0
122.8600,10.64,0
122.8650,29.67,0
122.8700,31.85,0
122.8750,-16.20,0
122.8800,-16.20,0
122.8850,13.75,0
122.8900,13.75,0
122.8950,-20.22,0
122.9000,-20.22,0
122.9050,-20.22,0
122.9100,-20.22,0
122.9150,-13.16,0
122.9200,-17.29,0
122.9250,9.90,0
122.9300,9.90,0
122.9350,17.69,0
122.9400,-14.03,0
122.9450,-14.03,0
122.9500,32.04,0
122.9550,32.04,0
122.9600,16.38,0
122.9650,16.38,0
122.9700,26.91,0
122.9750,26.91,0
122.9800,26.91,0
122.9850,26.91,0
122.9900,26.91,0
122.9950,26.91,0
123.0000,29.86,0
123.0050,29.86,0
123.0100,-21.72,0
123.0150,-3.42,0
123.0200,17.69,0
123.0250,-2.65,0
123.0300,-2.65,0
123.0350,-2.65,0
123.0400,-2.65,0
123.0450,-6.00,0
123.0500,-6.00,0
123.0550,21.01,0
123.0600,21.01,0
123.0650,21.01,0
123.0700,21.01,0
123.0750,-5.04,0
123.0800,25.35,0
123.0850,25.35,0
123.0900,32.40,0
123.0950,32.40,0
123.1000,32.40,0
123.1050,-6.45,0
123.1100,-6.45,0
123.1150,-6.45,0
123.1200,-6.45,0
123.1250,-6.45,0
123.1300,-6.45,0
123.1350,-25.30,0
123.1400,-25.30,0
123.1450,-4.01,0
123.1500,-4.01,0
123.1550,-0.64,0
123.1600,-0.64,0
123.1650,24.80,0
123.1700,24.80,0
123.1750,-24.38,0
123.1800,-24.38,0
123.1850,24.09,0
123.1900,24.09,0
123.1950,-0.64,0
123.2000,-0.64,0
123.2050,21.82,0
123.2100,-17.74,0
123.2150,-20.86,0
123.2200,-20.86,0
123.2250,-7.61,0
123.2300,-15.02,0
123.2350,21.82,0
123.2400,-7.61,0
123.2450,-7.61,0
123.2500,-7.61,0
123.2550,-23.65,0
123.2600,-23.65,0
123.2650,-3.85,0
123.2700,-3.99,0
123.2750,1.42,0
123.2800,1.42,0
123.2850,1.42,0
123.2900,-22.72,0
123.2950,-22.72,0
123.3000,23.89,0
123.3050,23.89,0
123.3100,0.02,0
123.3150,0.02,0
123.3200,22.10,0
123.3250,22.10,0
123.3300,22.10,0
123.3350,22.10,0
123.3400,28.97,0
123.3450,28.97,0
123.3500,-6.42,0
123.3550,-6.42,0
123.3600,26.75,0
123.3650,26.75,0
123.3700,26.75,0
123.3750,26.75,0
123.3800,22.10,0
123.3850,-21.45,0
123.3900,-2.97,0
123.3950,-2.97,0
123.4000,-2.97,0
123.4050,31.73,0
123.4100,-22.72,0
123.4150,-23.44,0
123.4200,-23.44,0
123.4250,24.28,0
123.4300,24.28,0
123.4350,2.81,0
123.4400,2.81,0
123.4450,-21.45,0
123.4500,18.62,0
123.4550,18.62,0
123.4600,18.62,0
123.4650,28.46,0
123.4700,28.46,0
123.4750,28.46,0
123.4800,4.30,0
123.4850,4.30,0
123.4900,-2.61,0
123.4950,-21.05,0
123.5000,-21.05,0
123.5050,33.72,0
123.5100,33.72,0
123.5150,-5.88,0
123.5200,-5.88,0
123.5250,1.59,0
123.5300,1.59,0
123.5350,-23.93,0
123.5400,26.63,0
123.5450,26.63,0
123.5500,-6.31,0
123.5550,-6.31,0
123.5600,1.76,0
123.5650,-26.22,0
123.5700,21.35,0
123.5750,21.35,0
123.5800,31.28,0
123.5850,31.28,0
123.5900,-4.99,0
123.5950,-4.99,0
123.6000,27.60,0
123.6050,27.60,0
123.6100,4.29,0
123.6150,-19.56,0
123.6200,-19.56,0
123.6250,-19.56,0
123.6300,-19.56,0
123.6350,-6.56,0
123.6400,1.36,0
123.6450,1.36,0
123.6500,-4.99,0
123.6550,24.48,0
123.6600,-12.51,0
123.6650,30.42,0
123.6700,30.42,0
123.6750,30.42,0
123.6800,30.42,0
123.6850,1.52,0
123.6900,1.52,0
123.6950,22.22,0
123.7000,22.22,0
123.7050,27.42,0
123.7100,27.42,0
123.7150,-11.72,0
123.7200,3.00,0
123.7250,3.00,0
123.7300,3.00,0
123.7350,23.46,0
123.7400,23.46,0
123.7450,-22.54,0
123.7500,-22.54,0
123.7550,-6.36,0
123.7600,-6.36,0
123.7650,1.67,0
123.7700,1.67,0
123.7750,23.46,0
123.7800,-23.36,0
123.7850,-23.36,0
123.7900,-14.52,0
123.7950,-14.52,0
123.8000,28.94,0
123.8050,28.94,0
123.8100,28.94,0
123.8150,21.31,0
123.8200,21.31,0
123.8250,19.05,0
123.8300,2.76,0
123.8350,-9.22,0
123.8400,-9.22,0
123.8450,-6.36,0
123.8500,-22.97,0
123.8550,-22.97,0
123.8600,7.13,0
123.8650,7.13,0
123.8700,7.13,0
123.8750,32.81,0
123.8800,33.81,0
123.8850,33.81,0
123.8900,20.73,0
123.8950,20.73,0
123.9000,-6.56,0
123.9050,20.73,0
123.9100,-12.47,0
123.9150,20.73,0
123.9200,-12.47,0
123.9250,-12.47,0
123.9300,30.39,0
123.9350,30.39,0
123.9400,6.48,0
123.9450,6.48,0
123.9500,7.53,0
123.9550,32.99,0
123.9600,30.58,0
123.9650,30.58,0
123.9700,-23.67,0
123.9750,-24.01,0
123.9800,1.07,0
123.9850,1.07,0
123.9900,-12.28,0
123.9950,-12.28,0
124.0000,33.87,0
124.0050,33.87,0
124.0100,33.87,0
124.0150,33.87,0
124.0200,19.51,0
124.0250,19.51,0
124.0300,-9.45,0
124.0350,-19.83,0
124.0400,32.14,0
124.0450,30.58,0
124.0500,-23.44,0
124.0550,-23.44,0
124.0600,1.17,0
124.0650,1.17,0
124.0700,1.17,0
124.0750,19.92,0
124.0800,30.77,0
124.0850,30.77,0
124.0900,-25.30,0
124.0950,-25.30,0
124.1000,4.78,0
124.1050,4.78,0
124.1100,-13.88,0
124.1150,-13.88,0
124.1200,-13.88,0
124.1250,-13.88,0
124.1300,-20.20,0
124.1350,-20.20,0
124.1400,17.97,0
124.1450,17.97,0
124.1500,-9.50,0
124.1550,-9.50,0
124.1600,26.77,0
124.1650,-12.88,0
124.1700,-18.15,0
124.1750,-18.15,0
124.1800,-18.15,0
124.1850,1.92,0
124.1900,-25.30,0
124.1950,1.92,0
124.2000,1.92,0
124.2050,30.35,0
124.2100,30.35,0
124.2150,-26.87,0
124.2200,-26.87,0
124.2250,8.22,0
124.2300,8.22,0
124.2350,-20.20,0
124.2400,-9.57,0
124.2450,-9.57,0
124.2500,-9.57,0
124.2550,-21.98,0
124.2600,-21.98,0
124.2650,20.08,0
124.2700,20.08,0
124.2750,20.08,0
124.2800,20.08,0
124.2850,-10.11,0
124.2900,-20.81,0
124.2950,-20.81,0
124.3000,-20.81,0
124.3050,23.30,0
124.3100,5.00,0
124.3150,8.22,0
124.3200,31.43,0
124.3250,31.43,0
124.3300,31.43,0
124.3350,-23.48,0
124.3400,5.25,0
124.3450,5.25,0
124.3500,-8.48,0
124.3550,-8.48,0
124.3600,-8.48,0
124.3650,-8.48,0
124.3700,32.21,0
124.3750,-21.06,0
124.3800,21.34,0
124.3850,21.34,0
124.3900,21.34,0
124.3950,-6.59,0
124.4000,27.31,0
124.4050,27.31,0
124.4100,27.31,0
124.4150,27.31,0
124.4200,27.09,0
124.4250,27.09,0
124.4300,27.09,0
124.4350,-1.07,0
124.4400,-1.07,0
124.4450,28.60,0
124.4500,28.60,0
124.4550,28.60,0
124.4600,28.60,0
124.4650,-24.06,0
124.4700,-24.06,0
124.4750,-8.57,0
124.4800,-8.57,0
124.4850,-8.57,0
124.4900,-8.57,0
124.4950,-23.18,0
124.5000,19.94,0
124.5050,19.94,0
124.5100,-4.82,0
124.5150,-4.82,0
124.5200,-4.82,0
124.5250,26.70,0
124.5300,26.70,0
124.5350,-16.88,0
124.5400,26.70,0
124.5450,25.27,0
124.5500,25.27,0
124.5550,25.27,0
124.5600,-2.45,0
124.5650,-2.45,0
124.5700,-2.45,0
124.5750,-16.35,0
124.5800,-22.39,0
124.5850,-22.39,0
124.5900,-22.39,0
124.5950,-22.39,0
124.6000,-22.39,0
124.6050,-15.89,0
124.6100,-15.89,0
124.6150,8.53,0
124.6200,8.53,0
124.6250,-2.30,0
124.6300,-31.70,0
124.6350,-17.31,0
124.6400,-15.89,0
124.6450,-17.31,0
124.6500,-17.31,0
124.6550,13.41,0
124.6600,13.41,0
124.6650,10.99,0
124.6700,32.39,0
124.6750,32.39,0
124.6800,-16.71,0
124.6850,-16.71,0
124.6900,-16.71,0
124.6950,-16.71,0
124.7000,8.53,0
124.7050,12.46,0
124.7100,-20.63,0
124.7150,-20.63,0
124.7200,-20.63,0
124.7250,-5.59,0
124.7300,-13.78,0
124.7350,9.74,0
124.7400,9.74,0
124.7450,15.48,0
124.7500,15.48,0
124.7550,-14.43,0
124.7600,-14.43,0
124.7650,31.95,0
124.7700,15.28,0
124.7750,32.59,0
124.7800,10.87,0
124.7850,10.87,0
124.7900,-17.45,0
124.7950,-17.45,0
124.8000,33.06,0
124.8050,-11.97,0
124.8100,-18.14,0
124.8150,-7.84,0
124.8200,12.24,0
124.8250,12.24,0
124.8300,-15.56,0
124.8350,-15.56,0
124.8400,36.07,0
124.8450,12.30,0
124.8500,36.07,0
124.8550,36.07,0
124.8600,28.79,0
124.8650,-21.75,0
124.8700,-15.13,0
124.8750,-0.02,0
124.8800,30.63,0
124.8850,30.63,0
124.8900,13.07,0
124.8950,13.07,0
124.9000,5.96,0
124.9050,5.96,0
124.9100,-13.71,0
124.9150,-13.71,0
124.9200,33.75,0
124.9250,33.75,0
124.9300,-19.98,0
124.9350,-19.98,0
124.9400,11.08,0
124.9450,11.08,0
124.9500,33.78,0
124.9550,-18.17,0
124.9600,31.04,0
124.9650,31.04,0
124.9700,14.47,0
124.9750,14.47,0
124.9800,-23.00,0
124.9850,-24.61,0
124.9900,-16.99,0
124.9950,-16.99,0
125.0000,42.93,0
125.0050,28.90,0
125.0100,17.32,0
125.0150,17.32,0
125.0200,8.38,0
125.0250,8.38,0
125.0300,8.38,0
125.0350,8.38,0
125.0400,-15.21,0
125.0450,-15.21,0
125.0500,15.28,0
125.0550,-20.62,0
125.0600,-15.21,0
125.0650,10.61,0
125.0700,0.35,0
125.0750,-15.69,0
125.0800,-15.69,0
125.0850,31.85,0
125.0900,31.85,0
125.0950,37.92,0
125.1000,-13.51,0
125.1050,14.35,0
125.1100,14.35,0
125.1150,-14.45,0
125.1200,-14.45,0
125.1250,29.26,0
125.1300,29.26,0
125.1350,29.26,0
125.1400,16.26,0
125.1450,-15.46,0
125.1500,-15.46,0
125.1550,7.21,0
125.1600,7.21,0
125.1650,33.72,0
125.1700,33.72,0
125.1750,-15.17,0
125.1800,-15.17,0
125.1850,9.03,0
125.1900,-18.20,0
125.1950,-18.20,0
125.2000,31.02,0
125.2050,31.02,0
125.2100,-14.82,0
125.2150,-14.82,0
125.2200,13.53,0
125.2250,13.53,0
125.2300,13.53,0
125.2350,-12.41,0
125.2400,-12.41,0
125.2450,32.49,0
125.2500,32.49,0
125.2550,-17.17,0
125.2600,-17.17,0
125.2650,6.24,0
125.2700,6.24,0
125.2750,0.87,0
125.2800,20.80,0
125.2850,35.13,0
125.2900,1.22,0
125.2950,-21.90,0
125.3000,-21.90,0
125.3050,-14.35,0
125.3100,9.13,0
125.3150,-7.86,0
125.3200,-7.86,0
125.3250,35.64,0
125.3300,35.64,0
125.3350,-19.23,0
125.3400,-19.23,0
125.3450,16.77,0
125.3500,16.77,0
125.3550,16.77,1
125.3600,7.97,0
125.3650,7.97,0
125.3700,31.87,0
125.3750,31.87,0
125.3800,-20.08,0
125.3850,16.76,0
125.3900,16.76,0
125.3950,9.65,0
125.4000,16.77,0
125.4050,-17.92,0
125.4100,31.85,0
125.4150,-23.15,0
125.4200,-23.15,0
125.4250,23.69,0
125.4300,23.69,0
125.4350,-21.54,0
125.4400,-21.54,0
125.4450,-9.47,0
125.4500,-9.47,0
125.4550,3.35,0
125.4600,3.35,0
125.4650,-21.60,0
125.4700,26.71,0
125.4750,26.71,0
125.4800,26.71,0
125.4850,26.71,0
125.4900,26.71,0
125.4950,26.71,0
125.5000,20.46,0
125.5050,20.46,0
125.5100,29.75,0
125.5150,29.75,0
125.5200,29.75,0
125.5250,-9.99,0
125.5300,-9.99,0
125.5350,-9.99,0
125.5400,-9.99,0
125.5450,20.36,0
125.5500,-22.84,0
125.5550,-22.84,0
125.5600,-6.66,0
125.5650,-6.66,0
125.5700,0.74,0
125.5750,28.57,0
125.5800,0.74,0
125.5850,21.02,0
125.5900,21.02,0
125.5950,-20.76,0
125.6000,30.01,0
125.6050,30.01,0
125.6100,30.01,0
125.6150,6.54,0
125.6200,6.54,0
125.6250,20.67,0
125.6300,20.67,0
125.6350,20.67,0
125.6400,20.67,0
125.6450,4.07,0
125.6500,20.67,0
125.6550,-15.04,0
125.6600,-19.06,0
125.6650,20.26,0
125.6700,20.26,0
125.6750,-19.79,0
125.6800,-6.84,0
125.6850,-6.84,0
125.6900,4.61,0
125.6950,4.61,0
125.7000,4.61,0
125.7050,4.61,0
125.7100,-22.95,0
125.7150,-22.95,0
125.7200,-22.95,0
125.7250,27.46,0
125.7300,27.46,0
125.7350,10.58,0
125.7400,17.00,0
125.7450,17.00,0
125.7500,17.00,0
125.7550,17.00,0
125.7600,-19.07,0
125.7650,30.33,0
125.7700,30.33,0
125.7750,-15.28,0
125.7800,23.13,0
125.7850,42.86,0
125.7900,19.48,0
125.7950,-21.42,0
125.8000,-21.42,0
125.8050,32.01,0
125.8100,32.01,0
125.8150,-10.45,0
125.8200,4.60,0
125.8250,4.40,0
125.8300,4.61,0
125.8350,-20.78,0
125.8400,-20.78,0
125.8450,27.64,0
125.8500,27.64,0
125.8550,27.64,0
125.8600,27.64,0
125.8650,27.64,0
125.8700,27.64,0
125.8750,12.29,0
125.8800,32.03,0
125.8850,16.85,0
125.8900,-13.43,0
125.8950,16.77,0
125.9000,-13.43,0
125.9050,20.46,0
125.9100,21.55,0
125.9150,4.40,0
125.9200,-19.01,0
125.9250,-19.01,0
125.9300,-9.92,0
125.9350,-9.92,0
125.9400,-9.92,0
125.9450,-9.92,0
125.9500,21.98,0
125.9550,21.98,0
125.9600,30.30,0
125.9650,30.30,0
125.9700,30.30,0
125.9750,30.30,0
125.9800,4.81,0
125.9850,6.76,0
125.9900,14.90,0
125.9950,14.90,0
126.0000,14.90,0
126.0050,30.55,0
126.0100,30.55,0
126.0150,5.77,0
126.0200,20.46,0
126.0250,11.43,0
126.0300,11.43,0
126.0350,17.48,0
126.0400,-25.22,0
126.0450,20.29,0
126.0500,-0.69,0
126.0550,-14.91,0
126.0600,-14.91,0
126.0650,12.65,0
126.0700,12.65,0
126.0750,16.09,0
126.0800,16.09,0
126.0850,-12.21,0
126.0900,-18.58,0
126.0950,-25.22,0
126.1000,34.71,0
126.1050,-16.33,0
126.1100,-16.33,0
126.1150,14.63,0
126.1200,14.63,0
126.1250,-20.58,0
126.1300,-20.58,0
126.1350,-21.06,0
126.1400,19.07,0
126.1450,19.07,0
126.1500,-16.44,0
126.1550,35.37,0
126.1600,21.08,0
126.1650,30.70,0
126.1700,2.82,0
126.1750,11.69,0
126.1800,11.69,0
126.1850,-2.38,0
126.1900,-2.38,0
126.1950,-2.38,0
126.2000,-0.40,0
126.2050,15.77,0
126.2100,-20.65,0
126.2150,-12.45,0
126.2200,-2.48,0
126.2250,-2.48,0
126.2300,-2.48,0
126.2350,15.50,0
126.2400,-4.98,0
126.2450,-4.98,0
126.2500,-4.98,0
126.2550,-23.21,0
126.2600,-34.06,0
126.2650,10.96,0
126.2700,-3.35,0
126.2750,-3.35,0
126.2800,22.75,0
126.2850,22.75,0
126.2900,-20.33,0
126.2950,-20.33,0
126.3000,16.40,0
126.3050,12.28,0
126.3100,-18.94,0
126.3150,-5.30,0
126.3200,-5.30,0
126.3250,27.96,0
126.3300,-3.35,0
126.3350,27.96,0
126.3400,27.96,0
126.3450,36.40,0
126.3500,26.71,0
126.3550,2.41,0
126.3600,2.41,0
126.3650,-5.60,0
126.3700,-5.60,0
126.3750,-20.31,0
126.3800,-20.31,0
126.3850,-20.31,0
126.3900,32.00,0
126.3950,24.68,0
126.4000,9.80,0
126.4050,23.33,0
126.4100,23.33,0
126.4150,23.33,0
126.4200,23.33,0
126.4250,29.11,0
126.4300,-20.46,0
126.4350,-9.40,0
126.4400,2.11,0
126.4450,2.11,0
126.4500,-26.50,0
126.4550,-26.50,0
126.4600,-26.50,0
126.4650,-26.50,0
126.4700,-2.64,0
126.4750,-2.64,0
126.4800,-14.10,0
126.4850,-2.73,0
126.4900,-18.47,0
126.4950,-18.47,0
126.5000,22.28,0
126.5050,-12.36,0
126.5100,22.28,0
126.5150,16.28,0
126.5200,-2.51,0
126.5250,-2.51,0
126.5300,25.00,0
126.5350,22.67,0
126.5400,-18.49,0
126.5450,-7.64,0
126.5500,-7.64,0
126.5550,-7.64,0
126.5600,-2.87,0
126.5650,-11.23,0
126.5700,-18.47,0
126.5750,-23.69,0
126.5800,-23.69,0
126.5850,-6.38,0
126.5900,-6.38,0
126.5950,0.51,0
126.6000,0.51,0
126.6050,0.51,0
126.6100,0.51,0
126.6150,-22.84,0
126.6200,-22.84,0
126.6250,13.45,0
126.6300,28.45,0
126.6350,0.36,0
126.6400,0.36,0
126.6450,22.81,0
126.6500,22.81,0
126.6550,-17.77,0
126.6600,-17.77,0
126.6650,30.42,0
126.6700,30.42,0
126.6750,-18.43,0
126.6800,-10.01,0
126.6850,-10.01,0
126.6900,2.86,0
126.6950,2.86,0
126.7000,2.86,0
126.7050,2.86,0
126.7100,26.76,0
126.7150,-7.06,0
126.7200,-1.16,0
126.7250,29.39,0
126.7300,-1.16,0
126.7350,-22.34,0
126.7400,-22.34,0
126.7450,26.64,0
126.7500,26.64,0
126.7550,26.64,0
126.7600,1.53,0
126.7650,1.53,0
126.7700,21.60,0
126.7750,21.60,0
126.7800,26.64,0
126.7850,21.60,0
126.7900,29.99,0
126.7950,29.99,0
126.8000,-10.73,0
126.8050,17.39,0
126.8100,-21.27,0
126.8150,24.92,0
126.8200,-1.16,0
126.8250,-22.26,0
126.8300,16.76,0
126.8350,27.02,0
126.8400,-9.23,0
126.8450,-9.23,0
126.8500,-0.27,0
126.8550,-0.27,0
126.8600,-20.22,0
126.8650,-20.22,0
126.8700,27.34,0
126.8750,27.34,0
126.8800,-1.11,0
126.8850,-1.11,0
126.8900,0.60,0
126.8950,0.60,0
126.9000,21.45,0
126.9050,21.45,0
126.9100,29.61,0
126.9150,-9.84,0
126.9200,-9.84,0
126.9250,-9.84,0
126.9300,-9.84,0
126.9350,-9.84,0
126.9400,-9.84,0
126.9450,-9.84,0
126.9500,-24.81,0
126.9550,-10.22,0
126.9600,-10.22,0
126.9650,-10.22,0
126.9700,5.60,0
126.9750,5.60,0
126.9800,-19.06,0
126.9850,-19.06,0
126.9900,26.31,0
126.9950,-24.81,0
127.0000,-12.26,0
127.0050,29.15,0
127.0100,29.15,0
127.0150,22.45,0
127.0200,21.40,0
127.0250,21.40,0
127.0300,7.20,0
127.0350,7.20,0
127.0400,-12.39,0
127.0450,-12.39,0
127.0500,-20.99,0
127.0550,-20.99,0
127.0600,-12.39,0
127.0650,-20.99,0
127.0700,8.28,0
127.0750,8.28,0
127.0800,-15.09,0
127.0850,29.98,0
127.0900,29.98,0
127.0950,-20.21,0
127.1000,-20.21,0
127.1050,17.92,0
127.1100,17.92,0
127.1150,-10.22,0
127.1200,-10.22,0
127.1250,7.20,0
127.1300,28.42,0
127.1350,28.42,0
127.1400,23.04,0
127.1450,3.98,0
127.1500,-0.31,0
127.1550,-0.31,0
127.1600,-0.31,0
127.1650,-12.39,0
127.1700,29.40,0
127.1750,29.40,0
127.1800,-21.68,0
127.1850,3.10,0
127.1900,3.10,0
127.1950,-16.27,0
127.2000,-16.27,0
127.2050,-10.23,0
127.2100,34.50,0
127.2150,32.45,0
127.2200,-19.50,0
127.2250,17.77,0
127.2300,17.77,0
127.2350,22.50,0
127.2400,17.77,0
127.2450,-9.20,0
127.2500,-9.20,0
127.2550,-19.83,0
127.2600,-19.83,0
127.2650,-19.83,0
127.2700,4.86,0
127.2750,4.86,0
127.2800,4.86,0
127.2850,4.86,0
127.2900,36.15,0
127.2950,-16.27,0
127.3000,-31.45,0
127.3050,-11.35,0
127.3100,5.91,0
127.3150,-16.27,0
127.3200,-12.69,0
127.3250,-12.69,0
127.3300,-12.69,0
127.3350,-12.69,0
127.3400,-18.88,0
127.3450,-18.88,0
127.3500,16.19,0
127.3550,16.19,0
127.3600,-8.32,0
127.3650,-8.32,0
127.3700,-8.09,0
127.3750,36.40,0
127.3800,-8.32,0
127.3850,22.52,0
127.3900,22.52,0
127.3950,-0.79,0
127.4000,-0.79,0
127.4050,33.72,0
127.4100,33.72,0
127.4150,-25.14,0
127.4200,-25.14,0
127.4250,-25.14,0
127.4300,36.30,0
127.4350,-25.14,0
127.4400,4.98,0
127.4450,-12.34,0
127.4500,-12.34,0
127.4550,-22.39,0
127.4600,-22.39,0
127.4650,17.75,0
127.4700,17.75,0
127.4750,-5.38,0
127.4800,17.75,0
127.4850,17.75,0
127.4900,17.75,0
127.4950,28.30,0
127.5000,28.30,0
127.5050,22.70,0
127.5100,22.70,0
127.5150,5.45,0
127.5200,5.45,0
127.5250,-8.15,0
127.5300,-8.15,0
127.5350,32.41,0
127.5400,32.41,0
127.5450,32.41,0
127.5500,-27.66,0
127.5550,-27.66,0
127.5600,24.41,0
127.5650,24.41,0
127.5700,-17.84,0
127.5750,-10.53,0
127.5800,30.11,0
127.5850,30.11,0
127.5900,22.44,0
127.5950,22.44,0
127.6000,22.44,0
127.6050,22.44,0
127.6100,-5.83,0
127.6150,-38.05,0
127.6200,24.56,0
127.6250,28.79,0
127.6300,28.79,0
127.6350,-2.24,0
127.6400,-2.24,0
127.6450,-2.24,0
127.6500,-2.24,0
127.6550,-2.24,0
127.6600,-2.24,0
127.6650,30.92,0
127.6700,30.92,0
127.6750,3.06,0
127.6800,3.06,0
127.6850,3.06,0
127.6900,3.06,0
127.6950,3.06,0
127.7000,3.06,0
127.7050,-16.89,0
127.7100,-16.89,0
127.7150,19.16,0
127.7200,19.16,0
127.7250,-7.87,0
127.7300,-19.12,0
127.7350,26.56,0
127.7400,26.56,0
127.7450,26.56,0
127.7500,26.56,0
127.7550,26.56,0
127.7600,26.56,0
127.7650,-3.80,0
127.7700,-3.80,0
127.7750,25.99,0
127.7800,-18.53,0
127.7850,25.99,0
127.7900,-18.93,0
127.7950,-18.93,0
127.8000,26.56,0
127.8050,-1.03,0
127.8100,-12.36,0
127.8150,-12.36,0
127.8200,-14.87,0
127.8250,12.45,0
127.8300,12.45,0
127.8350,12.45,0
127.8400,25.07,0
127.8450,-15.71,0
127.8500,-15.22,0
127.8550,-22.64,0
127.8600,-13.20,0
127.8650,-13.20,0
127.8700,12.93,0
127.8750,20.96,0
127.8800,12.93,0
127.8850,12.93,0
127.8900,33.42,0
127.8950,33.42,0
127.9000,-17.55,0
127.9050,-8.96,0
127.9100,17.04,0
127.9150,17.04,0
127.9200,-18.04,0
127.9250,-18.04,0
127.9300,-18.04,0
127.9350,-18.04,0
127.9400,-18.04,0
127.9450,-18.04,0
127.9500,9.82,0
127.9550,9.82,0
127.9600,27.48,0
127.9650,27.80,0
127.9700,32.96,0
127.9750,32.96,0
127.9800,-6.88,0
127.9850,-16.35,0
127.9900,9.67,0
127.9950,9.67,0
128.0000,9.67,0
128.0050,9.67,0
128.0100,9.67,0
128.0150,9.67,0
128.0200,33.84,0
128.0250,28.99,0
128.0300,9.57,0
128.0350,9.57,0
128.0400,-16.31,0
128.0450,25.60,0
128.0500,30.34,0
128.0550,30.34,0
128.0600,-16.88,0
128.0650,-16.88,0
128.0700,8.68,0
128.0750,8.68,0
128.0800,-17.75,0
128.0850,-17.75,0
128.0900,31.03,0
128.0950,31.03,0
128.1000,-18.11,0
128.1050,-18.11,0
128.1100,-18.11,0
128.1150,10.18,0
128.1200,10.18,0
128.1250,10.18,0
128.1300,10.18,0
128.1350,29.49,0
128.1400,29.49,0
128.1450,-18.83,0
128.1500,13.78,0
128.1550,13.78,0
128.1600,-18.37,0
128.1650,-18.37,0
128.1700,-18.37,0
128.1750,-18.37,0
128.1800,-18.37,0
128.1850,-14.03,0
128.1900,-14.03,0
128.1950,-14.03,0
128.2000,-14.03,0
128.2050,13.85,0
128.2100,13.85,0
128.2150,13.13,0
128.2200,28.13,0
128.2250,-15.02,0
128.2300,17.29,0
128.2350,17.29,0
128.2400,7.74,0
128.2450,7.74,0
128.2500,32.93,0
128.2550,29.97,0
128.2600,-22.70,0
128.2650,-22.70,0
128.2700,-22.70,0
128.2750,-22.70,0
128.2800,13.81,0
128.2850,-22.70,0
128.2900,-16.05,0
128.2950,-16.05,0
128.3000,-19.90,0
128.3050,-19.90,0
128.3100,-14.00,0
128.3150,16.56,0
128.3200,11.53,0
128.3250,11.53,0
128.3300,31.86,0
128.3350,43.18,0
128.3400,31.86,0
128.3450,31.86,0
128.3500,16.67,0
128.3550,16.67,0
128.3600,11.08,0
128.3650,11.08,0
128.3700,34.12,0
128.3750,34.12,0
128.3800,-19.97,0
128.3850,-19.97,0
128.3900,-19.97,0
128.3950,-19.97,0
128.4000,8.09,0
128.4050,8.09,0
128.4100,-13.87,0
128.4150,-18.24,0
128.4200,-18.24,0
128.4250,-18.24,0
128.4300,32.16,0
128.4350,32.63,0
128.4400,14.99,0
128.4450,14.99,0
128.4500,-20.30,0
128.4550,-20.30,0
128.4600,-3.17,0
128.4650,32.55,0
128.4700,19.26,0
128.4750,19.26,0
128.4800,4.95,0
128.4850,4.95,0
128.4900,-10.95,0
128.4950,-10.95,0
128.5000,-22.66,0
128.5050,-22.66,0
128.5100,-22.66,0
128.5150,-22.66,0
128.5200,10.15,0
128.5250,10.15,0
128.5300,13.72,0
128.5350,-16.87,0
128.5400,-17.70,0
128.5450,-17.70,0
128.5500,-20.64,0
128.5550,32.55,0
128.5600,15.97,0
128.5650,15.97,0
128.5700,-11.65,0
128.5750,-11.65,0
128.5800,28.79,0
128.5850,28.79,0
128.5900,-16.87,0
128.5950,19.77,0
128.6000,19.77,0
128.6050,7.25,0
128.6100,7.25,0
128.6150,7.25,0
128.6200,-10.42,0
128.6250,24.26,0
128.6300,24.26,0
128.6350,-23.04,0
128.6400,-23.04,0
128.6450,-23.04,0
128.6500,29.86,0
128.6550,29.86,0
128.6600,-1.29,0
128.6650,-1.29,0
128.6700,-1.29,0
128.6750,-1.29,0
128.6800,-19.63,0
128.6850,26.53,0
128.6900,26.53,0
128.6950,4.02,0
128.7000,4.02,0
128.7050,1.27,0
128.7100,20.44,0
128.7150,20.44,0
128.7200,20.44,0
128.7250,20.44,0
128.7300,20.44,0
128.7350,4.02,0
128.7400,20.44,0
128.7450,31.57,0
128.7500,-11.19,0
128.7550,-24.54,0
128.7600,-24.54,0
128.7650,28.48,0
128.7700,28.48,0
128.7750,28.48,0
128.7800,28.48,0
128.7850,28.48,0
128.7900,28.48,0
128.7950,2.56,0
128.8000,2.56,0
128.8050,23.79,0
128.8100,23.79,0
128.8150,23.79,0
128.8200,23.79,0
128.8250,24.55,0
128.8300,4.43,0
128.8350,4.43,0
128.8400,-20.27,0
128.8450,-20.27,0
128.8500,-12.93,0
128.8550,-12.93,0
128.8600,-20.27,0
128.8650,-12.93,0
128.8700,-12.93,0
128.8750,-21.04,0
128.8800,-21.75,0
128.8850,-21.75,0
128.8900,-9.75,0
128.8950,-9.75,0
128.9000,5.20,0
128.9050,5.20,0
128.9100,5.20,0
128.9150,19.93,0
128.9200,-16.83,0
128.9250,-16.83,0
128.9300,28.82,0
128.9350,28.82,0
128.9400,5.76,0
128.9450,5.76,0
128.9500,-10.40,0
128.9550,14.84,0
128.9600,33.05,0
128.9650,33.05,0
128.9700,33.05,0
128.9750,-12.56,0
128.9800,-12.56,0
128.9850,-12.56,0
128.9900,-12.56,0
128.9950,20.91,0
129.0000,20.91,0
129.0050,-26.58,0
129.0100,-5.85,0
129.0150,-5.85,0
129.0200,-5.85,0
129.0250,1.13,0
129.0300,20.91,0
129.0350,1.13,0
129.0400,1.13,0
129.0450,1.13,0
129.0500,23.91,0
129.0550,23.91,0
129.0600,27.32,0
129.0650,27.32,0
129.0700,27.32,0
129.0750,18.62,0
129.0800,18.62,0
129.0850,18.62,0
129.0900,18.62,0
129.0950,18.62,0
129.1000,18.62,0
129.1050,-12.94,0
129.1100,-12.94,0
129.1150,20.62,0
129.1200,-2.19,0
129.1250,-20.00,0
129.1300,-20.00,0
129.1350,-11.68,0
129.1400,26.27,0
129.1450,2.25,0
129.1500,2.25,0
129.1550,2.25,0
129.1600,2.25,0
129.1650,-19.40,0
129.1700,25.52,0
129.1750,2.25,0
129.1800,5.75,0
129.1850,5.75,0
129.1900,2.68,0
129.1950,18.90,0
129.2000,18.90,0
129.2050,-19.97,0
129.2100,18.90,0
129.2150,28.12,0
129.2200,-14.50,0
129.2250,-14.50,0
129.2300,-14.50,0
129.2350,-14.50,0
129.2400,-14.50,0
129.2450,6.59,0
129.2500,6.59,0
129.2550,28.68,0
129.2600,28.68,0
129.2650,-8.81,0
129.2700,-8.81,0
129.2750,11.97,0
129.2800,11.97,0
129.2850,-9.34,0
129.2900,-14.74,0
129.2950,29.18,0
129.3000,29.18,0
129.3050,-9.42,0
129.3100,4.54,0
129.3150,4.54,0
129.3200,4.54,0
129.3250,4.54,0
129.3300,4.54,0
129.3350,31.58,0
129.3400,31.58,0
129.3450,-15.09,0
129.3500,1.26,0
129.3550,-15.09,0
129.3600,-15.09,0
129.3650,-15.09,0
129.3700,-15.09,0
129.3750,-15.09,0
129.3800,-19.74,0
129.3850,-19.74,0
129.3900,9.09,0
129.3950,9.09,0
129.4000,-18.26,0
129.4050,-18.26,0
129.4100,30.38,0
129.4150,27.53,0
129.4200,30.38,0
129.4250,30.38,0
129.4300,10.43,0
129.4350,10.43,0
129.4400,23.53,0
129.4450,23.53,0
129.4500,1.21,0
129.4550,1.21,0
129.4600,36.82,0
129.4650,-6.86,0
129.4700,-25.10,0
129.4750,-25.10,0
129.4800,-25.10,0
129.4850,-25.10,0
129.4900,2.69,0
129.4950,-19.40,0
129.5000,2.69,0
129.5050,2.69,0
129.5100,27.12,0
129.5150,31.48,0
129.5200,24.34,0
129.5250,24.34,0
129.5300,0.52,0
129.5350,0.52,0
129.5400,16.56,0
129.5450,22.10,0
129.5500,25.33,0
129.5550,25.33,0
129.5600,25.86,0
129.5650,25.86,0
129.5700,-4.77,0
129.5750,-4.77,0
129.5800,32.45,0
129.5850,32.45,0
129.5900,-25.86,0
129.5950,-25.86,0
129.6000,-25.86,0
129.6050,-25.86,0
129.6100,-0.23,0
129.6150,-21.56,0
129.6200,-6.58,0
129.6250,-6.58,0
129.6300,-5.48,0
129.6350,-19.05,0
129.6400,22.71,0
129.6450,22.71,0
129.6500,22.71,0
129.6550,0.70,0
129.6600,0.70,0
129.6650,-10.54,0
129.6700,-10.54,0
129.6750,29.71,0
129.6800,29.71,0
129.6850,29.71,0
129.6900,-16.88,0
129.6950,-17.17,0
129.7000,-13.03,0
129.7050,-9.78,0
129.7100,-9.78,0
129.7150,-20.31,0
129.7200,-20.31,0
129.7250,-20.31,0
129.7300,-20.31,0
129.7350,1.07,0
129.7400,-11.95,0
129.7450,-11.95,0
129.7500,-11.95,0
129.7550,14.34,0
129.7600,-18.53,0
129.7650,-18.53,0
129.7700,-18.53,0
129.7750,-17.37,0
129.7800,-18.53,0
129.7850,-3.44,0
129.7900,-7.69,0
129.7950,23.66,0
129.8000,2.70,0
129.8050,23.66,0
129.8100,23.66,0
129.8150,-20.53,0
129.8200,-20.53,0
129.8250,-11.12,0
129.8300,-11.12,0
129.8350,28.12,0
129.8400,28.12,0
129.8450,-21.11,0
129.8500,13.58,0
129.8550,3.49,0
129.8600,-7.40,0
129.8650,-7.40,0
129.8700,33.08,0
129.8750,33.08,0
129.8800,33.08,0
129.8850,-26.77,0
129.8900,-26.77,0
129.8950,23.07,0
129.9000,23.07,0
129.9050,23.07,0
129.9100,-4.94,0
129.9150,-4.94,0
129.9200,-4.94,0
129.9250,-18.58,0
129.9300,24.22,0
129.9350,24.22,0
129.9400,24.22,0
129.9450,24.22,0
129.9500,24.22,0
129.9550,0.88,0
129.9600,0.88,0
129.9650,32.60,0
129.9700,32.60,0
129.9750,-2.36,0
129.9800,-1.99,0
129.9850,-1.99,0
129.9900,-1.99,0
129.9950,-1.99,0
130.0000,-20.25,0
130.0050,-20.25,0
130.0100,23.78,0
130.0150,23.78,0
130.0200,-5.34,0
130.0250,-5.34,0
130.0300,19.50,0
130.0350,19.50,0
130.0400,19.50,0
130.0450,19.50,0
130.0500,28.89,0
130.0550,28.89,0
130.0600,-7.09,0
130.0650,-7.09,0
130.0700,-20.53,0
130.0750,-3.57,0
130.0800,31.07,0
130.0850,31.07,0
130.0900,29.11,0
130.0950,29.11,0
130.1000,-3.20,0
130.1050,-3.20,0
130.1100,-2.82,0
130.1150,-2.82,0
130.1200,-20.21,0
130.1250,-16.41,0
130.1300,-16.41,0
130.1350,22.54,0
130.1400,-5.53,0
130.1450,-5.53,0
130.1500,-5.53,0
130.1550,23.80,0
130.1600,23.80,0
130.1650,23.80,0
130.1700,23.80,0
130.1750,-21.48,0
130.1800,23.80,0
130.1850,-6.55,0
130.1900,-3.19,0
130.1950,29.36,0
130.2000,29.36,0
130.2050,-19.63,0
130.2100,12.99,0
130.2150,-19.63,0
130.2200,-19.63,0
130.2250,8.58,0
130.2300,-8.04,0
130.2350,-8.04,0
130.2400,-23.54,0
130.2450,-23.54,0
130.2500,-14.71,0
130.2550,-14.71,0
130.2600,12.77,0
130.2650,35.49,0
130.2700,35.49,0
130.2750,35.49,0
130.2800,35.49,0
130.2850,18.20,0
130.2900,18.20,0
130.2950,8.10,0
130.3000,-17.67,0
130.3050,32.93,0
130.3100,32.93,0
130.3150,-19.45,0
130.3200,17.09,0
130.3250,17.09,0
130.3300,10.63,0
130.3350,10.63,0
130.3400,10.63,0
130.3450,-21.88,0
130.3500,-14.29,0
130.3550,-29.19,0
130.3600,13.62,1
130.3650,15.13,0
130.3700,15.40,0
130.3750,15.40,0
130.3800,-15.24,0
130.3850,-15.24,0
130.3900,27.56,0
130.3950,27.56,0
130.4000,16.08,0
130.4050,16.08,0
130.4100,11.56,0
130.4150,11.56,0
130.4200,-12.40,0
130.4250,-12.40,0
130.4300,-15.24,0
130.4350,30.20,0
130.4400,30.20,0
130.4450,17.90,0
130.4500,17.90,0
130.4550,17.90,0
130.4600,-17.51,0
130.4650,-18.75,0
130.4700,37.79,0
130.4750,37.79,0
130.4800,-9.14,0
130.4850,-15.00,0
130.4900,-15.00,0
130.4950,-15.00,0
130.5000,15.33,0
130.5050,-16.77,0
130.5100,31.10,0
130.5150,31.10,0
130.5200,-16.71,0
130.5250,-16.71,0
130.5300,6.96,0
130.5350,6.96,0
130.5400,6.96,0
130.5450,6.96,0
130.5500,32.74,0
130.5550,-20.19,0
130.5600,-20.19,0
130.5650,14.71,0
130.5700,14.71,0
130.5750,14.51,0
130.5800,14.51,0
130.5850,14.51,0
130.5900,-1.11,0
130.5950,-18.39,0
130.6000,-18.39,0
130.6050,11.87,0
130.6100,11.87,0
130.6150,-17.13,0
130.6200,-17.13,0
130.6250,-18.72,0
130.6300,28.80,0
130.6350,28.80,0
130.6400,28.80,0
130.6450,17.87,0
130.6500,27.55,0
130.6550,10.31,0
130.6600,-21.90,0
130.6650,10.31,0
130.6700,10.31,0
130.6750,-14.74,0
130.6800,17.38,0
130.6850,20.37,0
130.6900,20.37,0
130.6950,14.23,0
130.7000,14.23,0
130.7050,14.23,0
130.7100,14.23,0
130.7150,14.23,0
130.7200,-16.18,0
130.7250,7.82,0
130.7300,7.82,0
130.7350,7.82,0
130.7400,16.47,0
130.7450,16.47,0
130.7500,32.19,0
130.7550,32.19,0
130.7600,32.19,0
130.7650,13.80,0
130.7700,13.80,0
130.7750,13.80,0
130.7800,8.91,0
130.7850,8.91,0
130.7900,34.71,0
130.7950,34.71,0
130.8000,-9.03,0
130.8050,-18.68,0
130.8100,-18.32,0
130.8150,12.72,0
130.8200,12.72,0
130.8250,-17.94,0
130.8300,-17.94,0
130.8350,35.63,0
130.8400,35.63,0
130.8450,35.63,0
130.8500,35.63,0
130.8550,35.63,0
130.8600,35.63,0
130.8650,-13.64,0
130.8700,-13.64,0
130.8750,34.34,0
130.8800,34.34,0
130.8850,34.34,0
130.8900,34.34,0
130.8950,34.34,0
130.9000,17.35,0
130.9050,-13.86,0
130.9100,-13.86,0
130.9150,31.96,0
130.9200,31.96,0
130.9250,-15.71,0
130.9300,24.57,0
130.9350,-15.71,0
130.9400,-15.71,0
130.9450,9.50,0
130.9500,9.50,0
130.9550,-21.97,0
130.9600,-21.97,0
130.9650,16.04,0
130.9700,16.04,0
130.9750,16.04,0
130.9800,16.04,0
130.9850,16.04,0
130.9900,16.04,0
130.9950,26.20,0
131.0000,29.46,0
131.0050,-18.21,0
131.0100,-18.21,0
131.0150,12.96,0
131.0200,12.96,0
131.0250,-15.77,0
131.0300,-15.77,0
131.0350,33.20,0
131.0400,33.20,0
131.0450,-18.71,0
131.0500,31.44,0
131.0550,10.38,0
131.0600,10.38,0
131.0650,-9.05,0
131.0700,2.59,0
131.0750,-2.78,0
131.0800,-9.05,0
131.0850,-20.70,0
131.0900,-21.94,0
131.0950,24.77,0
131.1000,-18.71,0
131.1050,-22.01,0
131.1100,16.05,0
131.1150,25.69,0
131.1200,25.69,0
131.1250,3.32,0
131.1300,3.32,0
131.1350,3.32,0
131.1400,-18.37,0
131.1450,-18.37,0
131.1500,26.98,0
131.1550,26.98,0
131.1600,26.98,0
131.1650,26.98,0
131.1700,25.44,0
131.1750,-26.74,0
131.1800,-26.74,0
131.1850,-26.74,0
131.1900,-7.59,0
131.1950,26.61,0
131.2000,-7.59,0
131.2050,-7.59,0
131.2100,25.69,0
131.2150,-7.59,0
131.2200,-22.59,0
131.2250,-22.59,0
131.2300,29.87,0
131.2350,6.24,0
131.2400,6.24,0
131.2450,6.24,0
131.2500,6.24,0
131.2550,6.24,0
131.2600,6.24,0
131.2650,6.24,0
131.2700,31.05,0
131.2750,31.05,0
131.2800,-12.90,0
131.2850,23.98,0
131.2900,23.98,0
131.2950,23.98,0
131.3000,23.98,0
131.3050,23.98,0
131.3100,23.98,0
131.3150,23.98,0
131.3200,-7.59,0
131.3250,1.66,0
131.3300,9.58,0
131.3350,24.49,0
131.3400,24.49,0
131.3450,25.47,0
131.3500,25.47,0
131.3550,-4.50,0
131.3600,-4.50,0
131.3650,24.78,0
131.3700,24.78,0
131.3750,24.78,0
131.3800,25.47,0
131.3850,24.78,0
131.3900,-4.50,0
131.3950,24.78,0
131.4000,-12.34,0
131.4050,25.47,0
131.4100,22.29,0
131.4150,-17.66,0
131.4200,-17.66,0
131.4250,-17.66,0
131.4300,-17.66,0
131.4350,-7.01,0
131.4400,-7.01,0
131.4450,33.07,0
131.4500,-3.46,0
131.4550,-3.46,0
131.4600,-27.24,0
131.4650,-27.24,0
131.4700,27.47,0
131.4750,27.47,0
131.4800,-8.98,0
131.4850,-0.10,0
131.4900,-0.10,0
131.4950,21.01,0
131.5000,21.01,0
131.5050,25.04,0
131.5100,-21.96,0
131.5150,-21.96,0
131.5200,-11.49,0
131.5250,-11.49,0
131.5300,8.32,0
131.5350,-21.96,0
131.5400,8.01,0
131.5450,-17.63,0
131.5500,-24.19,0
131.5550,-7.79,0
131.5600,-7.79,0
131.5650,-7.79,0
131.5700,-7.79,0
131.5750,-24.72,0
131.5800,24.91,0
131.5850,26.10,0
131.5900,26.10,0
131.5950,26.10,0
131.6000,26.10,0
131.6050,4.23,0
131.6100,4.23,0
131.6150,19.87,0
131.6200,19.87,0
131.6250,30.55,0
131.6300,30.55,0
131.6350,30.55,0
131.6400,-13.79,0
131.6450,-13.79,0
131.6500,-13.79,0
131.6550,-13.79,0
131.6600,-13.79,0
131.6650,-13.79,0
131.6700,-21.38,0
131.6750,-4.95,0
131.6800,-4.95,0
131.6850,-4.95,0
131.6900,2.81,0
131.6950,2.81,0
131.7000,25.01,0
131.7050,-9.64,0
131.7100,27.82,0
131.7150,27.82,0
131.7200,27.82,0
131.7250,5.20,0
131.7300,5.20,0
131.7350,5.20,0
131.7400,5.20,0
131.7450,5.20,0
131.7500,5.20,0
131.7550,5.20,0
131.7600,-13.79,0
131.7650,-9.65,0
131.7700,-8.32,0
131.7750,24.72,0
131.7800,-19.79,0
131.7850,-19.49,0
131.7900,-19.49,0
131.7950,-6.29,0
131.8000,-6.29,0
131.8050,-2.36,0
131.8100,1.74,0
131.8150,24.87,0
131.8200,24.87,0
131.8250,24.87,0
131.8300,-18.42,0
131.8350,-18.42,0
131.8400,-18.42,0
131.8450,0.91,0
131.8500,0.91,0
131.8550,21.82,0
131.8600,21.82,0
131.8650,-14.67,0
131.8700,21.79,0
131.8750,-14.67,0
131.8800,30.61,0
131.8850,33.73,0
131.8900,33.73,0
131.8950,-19.42,0
131.9000,-19.42,0
131.9050,-19.42,0
131.9100,8.47,0
131.9150,8.47,0
131.9200,-17.88,0
131.9250,-17.88,0
131.9300,35.75,0
131.9350,35.75,0
131.9400,15.70,0
131.9450,15.70,0
131.9500,15.70,0
131.9550,15.70,0
131.9600,-14.30,0
131.9650,-20.82,0
131.9700,30.08,0
131.9750,30.08,0
131.9800,18.41,0
131.9850,18.41,0
131.9900,1.93,0
131.9950,1.93,0
132.0000,1.93,0
132.0050,1.93,0
132.0100,32.32,0
132.0150,-21.34,0
132.0200,-21.34,0
132.0250,21.07,0
132.0300,21.07,0
132.0350,-19.68,0
132.0400,-17.24,0
132.0450,-17.24,0
132.0500,-17.24,0
132.0550,-17.24,0
132.0600,-17.24,0
132.0650,-17.24,0
132.0700,-17.24,0
132.0750,-19.16,0
132.0800,-19.16,0
132.0850,-13.18,0
132.0900,-13.18,0
132.0950,32.59,0
132.1000,32.59,0
132.1050,32.59,0
132.1100,32.59,0
132.1150,7.32,0
132.1200,7.32,0
132.1250,33.03,0
132.1300,33.03,0
132.1350,-18.33,0
132.1400,-18.33,0
132.1450,20.12,0
132.1500,20.12,0
132.1550,-13.64,0
132.1600,-13.64,0
132.1650,-13.64,0
132.1700,-13.64,0
132.1750,-18.43,0
132.1800,-18.43,0
132.1850,17.05,0
132.1900,17.05,0
132.1950,-9.61,0
132.2000,-9.61,0
132.2050,30.47,0
132.2100,30.47,0
132.2150,-18.23,0
132.2200,-18.23,0
132.2250,18.58,0
132.2300,-20.14,0
132.2350,2.80,0
132.2400,2.80,0
132.2450,2.80,0
132.2500,-9.61,0
132.2550,34.41,0
132.2600,35.28,0
132.2650,19.77,0
132.2700,19.77,0
132.2750,7.76,0
132.2800,7.76,0
132.2850,7.76,0
132.2900,7.76,0
132.2950,-19.51,0
132.3000,-19.51,0
132.3050,-19.51,0
132.3100,17.69,0
132.3150,17.69,0
132.3200,-11.03,0
132.3250,-11.03,0
132.3300,26.49,0
132.3350,26.49,0
132.3400,26.49,0
132.3450,22.81,0
132.3500,22.81,0
132.3550,22.81,0
132.3600,4.42,0
132.3650,4.42,0
132.3700,4.42,0
132.3750,-8.32,0
132.3800,-8.32,0
132.3850,19.09,0
132.3900,19.09,0
132.3950,6.35,0
132.4000,6.35,0
132.4050,-21.14,0
132.4100,4.42,0
132.4150,-18.82,0
132.4200,-18.82,0
132.4250,14.52,0
132.4300,14.52,0
132.4350,9.12,0
132.4400,9.12,0
132.4450,-11.99,0
132.4500,-11.99,0
132.4550,30.94,0
132.4600,30.94,0
132.4650,19.09,0
132.4700,19.09,0
132.4750,4.34,0
132.4800,4.34,0
132.4850,31.56,0
132.4900,31.56,0
132.4950,-22.29,0
132.5000,-22.29,0
132.5050,-22.29,0
132.5100,-22.29,0
132.5150,9.08,0
132.5200,9.08,0
132.5250,-13.06,0
132.5300,-13.06,0
132.5350,-21.05,0
132.5400,-21.05,0
132.5450,-21.05,0
132.5500,23.91,0
132.5550,14.11,0
132.5600,14.11,0
132.5650,-12.96,0
132.5700,-12.96,0
132.5750,29.64,0
132.5800,-9.90,0
132.5850,-18.22,0
132.5900,20.97,0
132.5950,3.23,0
132.6000,3.23,0
132.6050,3.23,0
132.6100,30.78,0
132.6150,-26.64,0
132.6200,-26.64,0
132.6250,-26.64,0
132.6300,-26.64,0
132.6350,-26.64,0
132.6400,-26.64,0
132.6450,-26.64,0
132.6500,-26.64,0
132.6550,29.06,0
132.6600,20.92,0
132.6650,31.38,0
132.6700,31.38,0
132.6750,17.60,0
132.6800,17.60,0
132.6850,20.97,0
132.6900,-22.59,0
132.6950,32.23,0
132.7000,5.25,0
132.7050,20.73,0
132.7100,20.73,0
132.7150,-19.52,0
132.7200,-19.52,0
132.7250,34.96,0
132.7300,34.96,0
132.7350,34.96,0
132.7400,34.96,0
132.7450,21.37,0
132.7500,21.37,0
132.7550,-22.69,0
132.7600,12.66,0
132.7650,-7.15,0
132.7700,-7.15,0
132.7750,-0.52,0
132.7800,-0.52,0
132.7850,-0.52,0
132.7900,-0.52,0
132.7950,-22.32,0
132.8000,-22.32,0
132.8050,-14.17,0
132.8100,27.08,0
132.8150,6.13,0
132.8200,6.13,0
132.8250,18.55,0
132.8300,-7.15,0
132.8350,-16.56,0
132.8400,-16.56,0
132.8450,-18.22,0
132.8500,-13.00,0
132.8550,-13.00,0
132.8600,-13.00,0
132.8650,21.81,0
132.8700,21.81,0
132.8750,-20.41,0
132.8800,-6.00,0
132.8850,-5.94,0
132.8900,-5.94,0
132.8950,1.57,0
132.9000,1.57,0
132.9050,-20.82,0
132.9100,1.57,0
132.9150,-19.99,0
132.9200,-19.99,0
132.9250,27.75,0
132.9300,27.75,0
132.9350,3.91,0
132.9400,3.91,0
132.9450,18.72,0
132.9500,18.72,0
132.9550,-20.21,0
132.9600,-20.21,0
132.9650,31.20,0
132.9700,31.20,0
132.9750,-14.46,0
132.9800,-14.46,0
132.9850,23.13,0
132.9900,23.13,0
132.9950,23.13,0
133.0000,23.13,0
133.0050,23.13,0
133.0100,-14.46,0
133.0150,-26.22,0
133.0200,-26.22,0
133.0250,5.34,0
133.0300,5.34,0
133.0350,-19.53,0
133.0400,-19.53,0
133.0450,27.65,0
133.0500,27.65,0
133.0550,5.07,0
133.0600,5.07,0
133.0650,18.13,0
133.0700,18.13,0
133.0750,-16.01,0
133.0800,-16.01,0
133.0850,-16.01,0
133.0900,-16.01,0
133.0950,-14.83,0
133.1000,-14.83,0
133.1050,23.37,0
133.1100,23.37,0
133.1150,-19.53,0
133.1200,-19.71,0
133.1250,-8.35,0
133.1300,-8.35,0
133.1350,-8.35,0
133.1400,-1.09,0
133.1450,-1.09,0
133.1500,-1.09,0
133.1550,-20.68,0
133.1600,-20.68,0
133.1650,25.74,0
133.1700,25.74,0
133.1750,-21.03,0
133.1800,-12.72,0
133.1850,16.89,0
133.1900,16.89,0
133.1950,-16.87,0
133.2000,-16.87,0
133.2050,33.65,0
133.2100,33.65,0
133.2150,33.65,0
133.2200,33.65,0
133.2250,23.69,0
133.2300,23.69,0
133.2350,-23.92,0
133.2400,-17.97,0
133.2450,33.09,0
133.2500,-15.60,0
133.2550,0.21,0
133.2600,0.21,0
133.2650,0.21,0
133.2700,0.21,0
133.2750,0.21,0
133.2800,27.31,0
133.2850,30.13,0
133.2900,30.13,0
133.2950,30.13,0
133.3000,3.24,0
133.3050,3.24,0
133.3100,24.02,0
133.3150,24.02,0
133.3200,24.02,0
133.3250,31.87,0
133.3300,31.87,0
133.3350,-11.02,0
133.3400,-11.02,0
133.3450,-11.02,0
133.3500,24.33,0
133.3550,18.72,0
133.3600,-26.46,0
133.3650,-26.05,0
133.3700,29.46,0
133.3750,-8.96,0
133.3800,-8.96,0
133.3850,-8.96,0
133.3900,-1.34,0
133.3950,24.02,0
133.4000,24.02,0
133.4050,28.46,0
133.4100,28.46,0
133.4150,-7.77,0
133.4200,-7.77,0
133.4250,1.76,0
133.4300,1.76,0
133.4350,5.08,0
133.4400,20.97,0
133.4450,31.34,0
133.4500,31.34,0
133.4550,-11.24,0
133.4600,-11.24,0
133.4650,25.81,0
133.4700,25.81,0
133.4750,-24.04,0
133.4800,-24.04,0
133.4850,-24.04,0
133.4900,-24.04,0
133.4950,-5.16,0
133.5000,-5.16,0
133.5050,-19.49,0
133.5100,-19.49,0
133.5150,17.19,0
133.5200,-2.15,0
133.5250,8.50,0
133.5300,8.50,0
133.5350,-9.32,0
133.5400,-9.32,0
133.5450,-9.32,0
133.5500,28.08,0
133.5550,22.13,0
133.5600,22.13,0
133.5650,1.85,0
133.5700,5.39,0
133.5750,5.39,0
133.5800,5.39,0
133.5850,-12.34,0
133.5900,-12.34,0
133.5950,-12.34,0
133.6000,22.32,0
133.6050,18.49,0
133.6100,7.88,0
133.6150,7.88,0
133.6200,-13.33,0
133.6250,-13.33,0
133.6300,-17.39,0
133.6350,32.78,0
133.6400,17.70,0
133.6450,17.70,0
133.6500,13.01,0
133.6550,13.01,0
133.6600,28.65,0
133.6650,8.34,0
133.6700,28.65,0
133.6750,28.65,0
133.6800,22.47,0
133.6850,19.45,0
133.6900,3.86,0
133.6950,-12.74,0
133.7000,-12.74,0
133.7050,-12.74,0
133.7100,-21.14,0
133.7150,-21.14,0
133.7200,-21.14,0
133.7250,-21.14,0
133.7300,7.56,0
133.7350,7.56,0
133.7400,-17.00,0
133.7450,-17.00,0
133.7500,-18.96,0
133.7550,-18.96,0
133.7600,-18.96,0
133.7650,-18.96,0
133.7700,-18.96,0
133.7750,-18.96,0
133.7800,-13.25,0
133.7850,-13.25,0
133.7900,29.29,0
133.7950,29.29,0
133.8000,20.64,0
133.8050,20.64,0
133.8100,4.56,0
133.8150,4.56,0
133.8200,-10.37,0
133.8250,31.77,0
133.8300,31.77,0
133.8350,-25.33,0
133.8400,-25.33,0
133.8450,-25.33,0
133.8500,-25.33,0
133.8550,-25.33,0
133.8600,11.47,0
133.8650,11.47,0
133.8700,19.42,0
133.8750,29.14,0
133.8800,21.60,0
133.8850,21.60,0
133.8900,21.60,0
133.8950,21.60,0
133.9000,-10.38,0
133.9050,-10.38,0
133.9100,30.76,0
133.9150,30.76,0
133.9200,16.68,0
133.9250,16.68,0
133.9300,7.28,0
133.9350,-17.66,0
133.9400,7.28,0
133.9450,7.28,0
133.9500,31.32,0
133.9550,-23.30,0
133.9600,-23.30,0
133.9650,9.13,0
133.9700,9.13,0
133.9750,-18.96,0
133.9800,-18.96,0
133.9850,-18.96,0
133.9900,-18.96,0
133.9950,-18.90,0
134.0000,-18.90,0
134.0050,21.81,0
134.0100,14.05,0
134.0150,-12.68,0
134.0200,-12.68,0
134.0250,23.60,0
134.0300,-12.68,0
134.0350,27.43,0
134.0400,27.43,0
134.0450,20.42,0
134.0500,20.42,0
134.0550,3.70,0
134.0600,3.70,0
134.0650,29.87,0
134.0700,29.87,0
134.0750,-8.26,0
134.0800,-26.99,0
134.0850,23.36,0
134.0900,23.36,0
134.0950,-15.88,0
134.1000,-15.88,0
134.1050,-15.88,0
134.1100,-15.88,0
134.1150,24.85,0
134.1200,-15.88,0
134.1250,-15.88,0
134.1300,-12.68,0
134.1350,32.22,0
134.1400,32.22,0
134.1450,-15.46,0
134.1500,-15.46,0
134.1550,-18.51,0
134.1600,-18.51,0
134.1650,19.70,0
134.1700,19.70,0
134.1750,19.70,0
134.1800,7.60,0
134.1850,35.01,0
134.1900,35.01,0
134.1950,-23.07,0
134.2000,-23.07,0
134.2050,-23.07,0
134.2100,20.51,0
134.2150,20.51,0
134.2200,6.72,0
134.2250,-19.18,0
134.2300,-19.18,0
134.2350,-19.18,0
134.2400,-17.43,0
134.2450,-17.43,0
134.2500,14.06,0
134.2550,26.67,0
134.2600,-17.43,0
134.2650,-13.60,0
134.2700,27.20,0
134.2750,27.20,0
134.2800,27.20,0
134.2850,27.20,0
134.2900,15.80,0
134.2950,15.80,0
134.3000,7.18,0
134.3050,34.98,0
134.3100,34.98,0
134.3150,34.98,0
134.3200,22.35,0
134.3250,22.35,0
134.3300,-18.93,0
134.3350,-18.93,0
134.3400,-18.93,0
134.3450,22.35,0
134.3500,-2.87,0
134.3550,-2.87,0
134.3600,-4.10,0
134.3650,-4.10,0
134.3700,-20.12,0
134.3750,-20.12,0
134.3800,21.72,0
134.3850,21.72,0
134.3900,21.72,0
134.3950,22.35,0
134.4000,4.92,0
134.4050,4.92,0
134.4100,22.94,0
134.4150,22.94,0
134.4200,31.13,0
134.4250,31.13,0
134.4300,-4.80,0
134.4350,-4.80,0
134.4400,4.87,0
134.4450,4.87,0
134.4500,26.70,0
134.4550,30.22,0
134.4600,-23.05,0
134.4650,-23.05,0
134.4700,-6.46,0
134.4750,-6.46,0
134.4800,31.83,0
134.4850,-6.46,0
134.4900,-15.92,0
134.4950,-9.16,0
134.5000,23.65,0
134.5050,23.65,0
134.5100,23.65,0
134.5150,23.65,0
134.5200,-1.91,0
134.5250,-1.91,0
134.5300,-11.65,0
134.5350,16.86,0
134.5400,31.21,0
134.5450,-8.17,0
134.5500,-18.25,0
134.5550,-8.17,0
134.5600,-18.52,0
134.5650,26.68,0
134.5700,23.71,0
134.5750,-25.83,0
134.5800,-5.17,0
134.5850,29.66,0
134.5900,29.66,0
134.5950,-18.48,0
134.6000,-5.60,0
134.6050,-5.60,0
134.6100,-5.60,0
134.6150,-23.10,0
134.6200,-23.10,0
134.6250,25.19,0
134.6300,25.19,0
134.6350,-16.67,0
134.6400,-0.73,0
134.6450,23.94,0
134.6500,23.94,0
134.6550,-19.34,0
134.6600,-19.34,0
134.6650,-19.34,0
134.6700,29.71,0
134.6750,-3.97,0
134.6800,-3.97,0
134.6850,27.46,0
134.6900,27.46,0
134.6950,27.46,0
134.7000,-27.22,0
134.7050,-27.22,0
134.7100,-27.22,0
134.7150,-18.05,0
134.7200,-37.95,0
134.7250,-27.22,0
134.7300,-4.89,0
134.7350,-4.89,0
134.7400,-24.67,0
134.7450,-24.67,0
134.7500,27.99,0
134.7550,27.99,0
134.7600,3.01,0
134.7650,3.01,0
134.7700,22.76,0
134.7750,22.76,0
134.7800,22.76,0
134.7850,40.24,0
134.7900,32.22,0
134.7950,32.22,0
134.8000,34.56,0
134.8050,30.77,0
134.8100,-17.79,0
134.8150,-27.28,0
134.8200,-27.28,0
134.8250,-27.28,0
134.8300,-27.28,0
134.8350,-2.38,0
134.8400,-2.38,0
134.8450,-6.49,0
134.8500,-18.25,0
134.8550,-18.08,0
134.8600,-18.08,0
134.8650,24.24,0
134.8700,24.24,0
134.8750,24.24,0
134.8800,24.24,0
134.8850,-2.73,0
134.8900,-2.73,0
134.8950,19.30,0
134.9000,19.30,0
134.9050,25.79,0
134.9100,25.79,0
134.9150,1.79,0
134.9200,1.79,0
134.9250,1.79,0
134.9300,1.79,0
134.9350,1.79,0
134.9400,1.79,0
134.9450,-22.56,0
134.9500,-22.56,0
134.9550,25.79,0
134.9600,-21.05,0
134.9650,-0.06,0
134.9700,-0.06,0
134.9750,-20.15,0
134.9800,-20.15,0
134.9850,24.28,0
134.9900,17.69,0
134.9950,24.28,0
135.0000,24.28,0
135.0050,-1.49,0
135.0100,-1.49,0
135.0150,23.71,0
135.0200,23.71,0
135.0250,28.65,0
135.0300,28.65,0
135.0350,-8.65,0
135.0400,-8.65,0
135.0450,-4.80,0
135.0500,-4.80,0
135.0550,-24.00,0
135.0600,36.61,0
135.0650,-24.00,0
135.0700,-20.15,0
135.0750,-3.55,0
135.0800,-3.55,0
135.0850,-5.76,0
135.0900,-5.76,0
135.0950,-19.60,0
135.1000,-19.60,0
135.1050,25.54,0
135.1100,25.54,0
135.1150,25.54,0
135.1200,25.54,0
135.1250,-0.54,0
135.1300,-0.54,0
135.1350,12.53,0
135.1400,12.53,0
135.1450,-17.13,0
135.1500,24.09,0
135.1550,33.17,0
135.1600,33.17,0
135.1650,-18.68,0
135.1700,-18.68,0
135.1750,27.13,0
135.1800,-18.68,0
135.1850,15.32,0
135.1900,15.32,0
135.1950,-18.45,0
135.2000,-18.45,0
135.2050,-10.25,0
135.2100,-0.54,0
135.2150,7.45,0
135.2200,7.45,0
135.2250,16.39,0
135.2300,16.39,0
135.2350,-19.10,0
135.2400,-5.18,0
135.2450,-19.10,0
135.2500,29.02,0
135.2550,29.02,0
135.2600,15.07,0
135.2650,29.02,0
135.2700,13.81,0
135.2750,13.81,0
135.2800,-13.45,0
135.2850,-13.45,0
135.2900,-16.39,0
135.2950,-16.39,0
135.3000,-21.20,0
135.3050,17.00,0
135.3100,17.00,0
135.3150,17.00,0
135.3200,2.15,0
135.3250,-19.46,0
135.3300,31.62,0
135.3350,31.62,0
135.3400,-13.57,0
135.3450,-13.57,0
135.3500,8.45,0
135.3550,-18.21,0
135.3600,-18.21,1
135.3650,-18.21,0
135.3700,31.20,0
135.3750,31.20,0
135.3800,28.32,0
135.3850,-19.82,0
135.3900,-15.62,0
135.3950,-15.62,0
135.4000,13.15,0
135.4050,13.15,0
135.4100,27.30,0
135.4150,27.30,0
135.4200,-11.62,0
135.4250,-11.62,0
135.4300,13.64,0
135.4350,13.64,0
135.4400,16.10,0
135.4450,-15.09,0
135.4500,-21.05,0
135.4550,-16.51,0
135.4600,-16.51,0
135.4650,7.68,0
135.4700,7.68,0
135.4750,7.68,0
135.4800,-14.13,0
135.4850,31.83,0
135.4900,31.83,0
135.4950,31.83,0
135.5000,31.83,0
135.5050,10.14,0
135.5100,10.14,0
135.5150,12.75,0
135.5200,12.75,0
135.5250,33.79,0
135.5300,33.79,0
135.5350,-18.04,0
135.5400,-18.04,0
135.5450,12.09,0
135.5500,12.09,0
135.5550,15.05,0
135.5600,-20.82,0
135.5650,-21.56,0
135.5700,-21.56,0
135.5750,-11.22,0
135.5800,-11.22,0
135.5850,5.04,0
135.5900,5.04,0
135.5950,17.95,0
135.6000,17.95,0
135.6050,27.20,0
135.6100,33.60,0
135.6150,27.20,0
135.6200,27.20,0
135.6250,9.45,0
135.6300,0.37,0
135.6350,13.59,0
135.6400,13.59,0
135.6450,-16.71,0
135.6500,-16.71,0
135.6550,31.47,0
135.6600,31.47,0
135.6650,-15.12,0
135.6700,-15.12,0
135.6750,16.38,0
135.6800,16.38,0
135.6850,-19.10,0
135.6900,-19.10,0
135.6950,33.35,0
135.7000,33.35,0
135.7050,33.35,0
135.7100,33.35,0
135.7150,-11.47,0
135.7200,-11.47,0
135.7250,13.60,0
135.7300,32.92,0
135.7350,32.92,0
135.7400,-2.77,0
135.7450,10.19,0
135.7500,10.19,0
135.7550,15.23,0
135.7600,15.23,0
135.7650,32.68,0
135.7700,32.68,0
135.7750,-25.06,0
135.7800,-16.87,0
135.7850,-16.87,0
135.7900,-22.86,0
135.7950,16.23,0
135.8000,16.23,0
135.8050,-24.40,0
135.8100,-24.40,0
135.8150,-24.40,0
135.8200,-24.40,0
135.8250,35.35,0
135.8300,35.35,0
135.8350,-12.27,0
135.8400,-12.27,0
135.8450,-20.91,0
135.8500,19.31,0
135.8550,25.25,0
135.8600,25.69,0
135.8650,7.95,0
135.8700,7.95,0
135.8750,18.20,0
135.8800,18.20,0
135.8850,8.78,0
135.8900,34.13,0
135.8950,-18.18,0
135.9000,-18.18,0
135.9050,-18.18,0
135.9100,-18.18,0
135.9150,8.48,0
135.9200,8.48,0
135.9250,-18.22,0
135.9300,35.33,0
135.9350,-12.63,0
135.9400,-12.63,0
135.9450,-18.05,0
135.9500,-18.05,0
135.9550,19.79,0
135.9600,19.79,0
135.9650,19.79,0
135.9700,19.79,0
135.9750,-5.55,0
135.9800,-5.55,0
135.9850,28.25,0
135.9900,28.25,0
135.9950,28.25,0
136.0000,19.76,0
136.0050,19.76,0
136.0100,0.39,0
136.0150,0.39,0
136.0200,-5.14,0
136.0250,9.20,0
136.0300,-5.55,0
136.0350,-27.08,0
136.0400,-8.76,0
136.0450,-27.08,0
136.0500,5.82,0
136.0550,5.82,0
136.0600,5.82,0
136.0650,5.82,0
136.0700,-11.45,0
136.0750,-11.45,0
136.0800,18.69,0
136.0850,18.69,0
136.0900,18.69,0
136.0950,18.69,0
136.1000,4.69,0
136.1050,-5.14,0
136.1100,29.73,0
136.1150,23.26,0
136.1200,23.26,0
136.1250,6.02,0
136.1300,6.02,0
136.1350,6.02,0
136.1400,-8.07,0
136.1450,-13.35,0
136.1500,5.82,0
136.1550,33.05,0
136.1600,-24.53,0
136.1650,3.77,0
136.1700,3.77,0
136.1750,-12.73,0
136.1800,-12.73,0
136.1850,-12.73,0
136.1900,34.09,0
136.1950,34.09,0
136.2000,-20.42,0
136.2050,16.67,0
136.2100,16.67,0
136.2150,-9.80,0
136.2200,-9.80,0
136.2250,28.54,0
136.2300,28.54,0
136.2350,-19.54,0
136.2400,-19.54,0
136.2450,2.63,0
136.2500,2.63,0
136.2550,2.63,0
136.2600,2.63,0
136.2650,28.44,0
136.2700,28.44,0
136.2750,-22.25,0
136.2800,21.80,0
136.2850,-22.25,0
136.2900,5.52,0
136.2950,28.54,0
136.3000,-13.31,0
136.3050,-19.54,0
136.3100,-13.31,0
136.3150,-13.31,0
136.3200,-13.57,0
136.3250,-13.57,0
136.3300,-13.57,0
136.3350,-13.57,0
136.3400,6.36,0
136.3450,6.36,0
136.3500,27.93,0
136.3550,21.46,0
136.3600,-15.11,0
136.3650,19.74,0
136.3700,-19.50,0
136.3750,19.74,0
136.3800,5.52,0
136.3850,32.67,0
136.3900,32.67,0
136.3950,-22.78,0
136.4000,-22.78,0
136.4050,-22.78,0
136.4100,-22.78,0
136.4150,-22.78,0
136.4200,9.74,0
136.4250,-16.66,0
136.4300,-16.66,0
136.4350,-10.15,0
136.4400,-19.01,0
136.4450,16.38,0
136.4500,16.38,0
136.4550,9.92,0
136.4600,9.92,0
136.4650,-11.79,0
136.4700,-11.79,0
136.4750,27.54,0
136.4800,27.54,0
136.4850,22.65,0
136.4900,22.65,0
136.4950,0.50,0
136.5000,0.50,0
136.5050,33.78,0
136.5100,33.78,0
136.5150,-22.56,0
136.5200,-22.56,0
136.5250,-22.56,0
136.5300,-22.56,0
136.5350,7.40,0
136.5400,7.40,0
136.5450,-16.01,0
136.5500,-16.01,0
136.5550,-16.01,0
136.5600,-36.13,0
136.5650,35.30,0
136.5700,-5.96,0
136.5750,27.45,0
136.5800,5.82,0
136.5850,5.82,0
136.5900,-19.29,0
136.5950,-15.94,0
136.6000,29.20,0
136.6050,29.20,0
136.6100,21.11,0
136.6150,21.11,0
136.6200,6.78,0
136.6250,6.78,0
136.6300,-8.51,0
136.6350,-8.51,0
136.6400,31.47,0
136.6450,-22.25,0
136.6500,-22.25,0
136.6550,-22.25,0
136.6600,10.52,0
136.6650,10.52,0
136.6700,-14.70,0
136.6750,-14.70,0
136.6800,-14.70,0
136.6850,-14.70,0
136.6900,-14.70,0
136.6950,13.40,0
136.7000,13.40,0
136.7050,-12.28,0
136.7100,-12.28,0
136.7150,-12.28,0
136.7200,33.73,0
136.7250,33.73,0
136.7300,-17.50,0
136.7350,-17.50,0
136.7400,21.13,0
136.7450,21.13,0
136.7500,6.85,0
136.7550,6.85,0
136.7600,31.05,0
136.7650,31.05,0
136.7700,25.53,0
136.7750,25.53,0
136.7800,-22.68,0
136.7850,-22.68,0
136.7900,28.67,0
136.7950,-7.04,0
136.8000,34.15,0
136.8050,-2.59,0
136.8100,-2.59,0
136.8150,-23.31,0
136.8200,-23.31,0
136.8250,26.09,0
136.8300,26.09,0
136.8350,-3.67,0
136.8400,-3.67,0
136.8450,21.08,0
136.8500,21.08,0
136.8550,21.08,0
136.8600,21.08,0
136.8650,25.61,0
136.8700,36.20,0
136.8750,-8.60,0
136.8800,-8.60,0
136.8850,2.83,0
136.8900,2.83,0
136.8950,-24.55,0
136.9000,-24.55,0
136.9050,-24.55,0
136.9100,-24.55,0
136.9150,-16.95,0
136.9200,-6.41,0
136.9250,-3.91,0
136.9300,-3.91,0
136.9350,-23.21,0
136.9400,-23.21,0
136.9450,25.03,0
136.9500,25.03,0
136.9550,25.03,0
136.9600,25.03,0
136.9650,25.03,0
136.9700,25.03,0
136.9750,23.38,0
136.9800,-17.92,0
136.9850,26.31,0
136.9900,26.31,0
136.9950,26.31,0
137.0000,-2.92,0
137.0050,-2.92,0
137.0100,-0.83,0
137.0150,-0.83,0
137.0200,-16.86,0
137.0250,-27.84,0
137.0300,-27.84,0
137.0350,-27.84,0
137.0400,-4.81,0
137.0450,25.50,0
137.0500,-5.31,0
137.0550,-5.31,0
137.0600,12.56,0
137.0650,29.18,0
137.0700,29.18,0
137.0750,26.62,0
137.0800,26.62,0
137.0850,-5.09,0
137.0900,-5.09,0
137.0950,-5.09,0
137.1000,-5.09,0
137.1050,-5.09,0
137.1100,-21.52,0
137.1150,-7.20,0
137.1200,-7.20,0
137.1250,-7.20,0
137.1300,-7.20,0
137.1350,-7.20,0
137.1400,-20.86,0
137.1450,-21.57,0
137.1500,-21.57,0
137.1550,-5.33,0
137.1600,-5.33,0
137.1650,-15.67,0
137.1700,-5.26,0
137.1750,13.20,0
137.1800,27.09,0
137.1850,-21.90,0
137.1900,-21.90,0
137.1950,23.91,0
137.2000,23.91,0
137.2050,-21.90,0
137.2100,0.88,0
137.2150,23.13,0
137.2200,23.13,0
137.2250,-21.90,0
137.2300,-16.85,0
137.2350,-6.15,0
137.2400,-16.85,0
137.2450,-6.15,0
137.2500,-6.15,0
137.2550,26.75,0
137.2600,26.75,0
137.2650,0.02,0
137.2700,-23.26,0
137.2750,-3.87,0
137.2800,-21.23,0
137.2850,-2.45,0
137.2900,-7.10,0
137.2950,-21.38,0
137.3000,32.75,0
137.3050,-23.36,0
137.3100,-23.36,0
137.3150,23.37,0
137.3200,23.37,0
137.3250,-4.71,0
137.3300,-4.71,0
137.3350,22.71,0
137.3400,-4.71,0
137.3450,35.27,0
137.3500,-19.24,0
137.3550,-9.14,0
137.3600,-9.14,0
137.3650,-3.87,0
137.3700,-9.14,0
137.3750,31.26,0
137.3800,-26.43,0
137.3850,-26.43,0
137.3900,29.69,0
137.3950,29.69,0
137.4000,29.69,0
137.4050,-1.99,0
137.4100,-1.99,0
137.4150,-0.22,0
137.4200,12.17,0
137.4250,-21.30,0
137.4300,24.00,0
137.4350,24.00,0
137.4400,24.00,0
137.4450,2.94,0
137.4500,2.94,0
137.4550,2.94,0
137.4600,2.94,0
137.4650,25.43,0
137.4700,23.25,0
137.4750,23.25,0
137.4800,-1.12,0
137.4850,-1.12,0
137.4900,28.48,0
137.4950,28.48,0
137.5000,28.48,0
137.5050,-26.30,0
137.5100,-26.30,0
137.5150,-26.30,0
137.5200,-1.06,0
137.5250,-1.06,0
137.5300,25.92,0
137.5350,7.02,0
137.5400,-21.32,0
137.5450,-21.32,0
137.5500,23.38,0
137.5550,23.38,0
137.5600,23.38,0
137.5650,23.38,0
137.5700,-4.97,0
137.5750,-4.97,0
137.5800,-4.97,0
137.5850,-4.97,0
137.5900,8.55,0
137.5950,8.55,0
137.6000,1.99,0
137.6050,30.56,0
137.6100,23.35,0
137.6150,-13.13,0
137.6200,-13.13,0
137.6250,-13.13,0
137.6300,-13.99,0
137.6350,-13.13,0
137.6400,-20.59,0
137.6450,-20.59,0
137.6500,-20.59,0
137.6550,-20.80,0
137.6600,-12.90,0
137.6650,12.32,0
137.6700,12.32,0
137.6750,20.93,0
137.6800,-16.21,0
137.6850,-16.21,0
137.6900,-16.21,0
137.6950,26.79,0
137.7000,7.78,0
137.7050,7.78,0
137.7100,7.78,0
137.7150,12.73,0
137.7200,-17.60,0
137.7250,-17.60,0
137.7300,32.95,0
137.7350,32.95,0
137.7400,33.15,0
137.7450,-16.31,0
137.7500,27.07,0
137.7550,32.95,0
137.7600,25.77,0
137.7650,-27.45,0
137.7700,-26.97,0
137.7750,34.91,0
137.7800,11.33,0
137.7850,-9.92,0
137.7900,-19.51,0
137.7950,3.77,0
137.8000,3.77,0
137.8050,-19.17,0
137.8100,28.67,0
137.8150,28.67,0
137.8200,15.21,0
137.8250,-9.24,0
137.8300,15.59,0
137.8350,15.59,0
137.8400,15.59,0
137.8450,-24.37,0
137.8500,29.60,0
137.8550,29.60,0
137.8600,29.60,0
137.8650,-16.37,0
137.8700,-16.37,0
137.8750,18.42,0
137.8800,18.42,0
137.8850,-25.54,0
137.8900,-25.54,0
137.8950,31.81,0
137.9000,-9.43,0
137.9050,-9.43,0
137.9100,18.42,0
137.9150,4.54,0
137.9200,4.54,0
137.9250,-17.15,0
137.9300,-17.15,0
137.9350,27.61,0
137.9400,27.61,0
137.9450,18.42,0
137.9500,4.43,0
137.9550,4.91,0
137.9600,4.54,0
137.9650,4.91,0
137.9700,4.91,0
137.9750,30.72,0
137.9800,30.72,0
137.9850,-9.48,0
137.9900,-9.48,0
137.9950,23.46,0
138.0000,-21.98,0
138.0050,-21.98,0
138.0100,-21.98,0
138.0150,-21.98,0
138.0200,-21.98,0
138.0250,-11.55,0
138.0300,-11.55,0
138.0350,4.50,0
138.0400,4.50,0
138.0450,-22.16,0
138.0500,-22.16,0
138.0550,27.35,0
138.0600,27.35,0
138.0650,27.35,0
138.0700,27.35,0
138.0750,6.56,0
138.0800,15.59,0
138.0850,32.67,0
138.0900,15.59,0
138.0950,18.12,0
138.1000,-15.46,0
138.1050,-15.46,0
138.1100,-15.46,0
138.1150,-12.00,0
138.1200,22.60,0
138.1250,22.60,0
138.1300,-22.80,0
138.1350,-22.80,0
138.1400,-9.91,0
138.1450,-9.91,0
138.1500,2.34,0
138.1550,2.34,0
138.1600,2.34,0
138.1650,2.34,0
138.1700,-17.85,0
138.1750,23.26,0
138.1800,27.08,0
138.1850,27.08,0
138.1900,4.88,0
138.1950,15.59,0
138.2000,20.98,0
138.2050,20.98,0
138.2100,-18.55,0
138.2150,-18.55,0
138.2200,-18.55,0
138.2250,-18.55,0
138.2300,-10.45,0
138.2350,-10.45,0
138.2400,16.54,0
138.2450,19.37,0
138.2500,-20.04,0
138.2550,-20.04,0
138.2600,28.30,0
138.2650,-11.22,0
138.2700,-7.85,0
138.2750,32.12,0
138.2800,2.11,0
138.2850,2.11,0
138.2900,-23.46,0
138.2950,-23.46,0
138.3000,28.82,0
138.3050,28.82,0
138.3100,6.58,0
138.3150,6.58,0
138.3200,15.28,0
138.3250,15.28,0
138.3300,-17.36,0
138.3350,-17.36,0
138.3400,31.69,0
138.3450,31.69,0
138.3500,31.69,0
138.3550,31.69,0
138.3600,36.79,0
138.3650,25.74,0
138.3700,-27.21,0
138.3750,18.18,0
138.3800,33.89,0
138.3850,33.89,0
138.3900,33.89,0
138.3950,27.35,0
138.4000,-18.17,0
138.4050,-18.17,0
138.4100,15.45,0
138.4150,15.45,0
138.4200,-10.99,0
138.4250,-10.99,0
138.4300,-10.99,0
138.4350,29.32,0
138.4400,29.32,0
138.4450,29.32,0
138.4500,29.32,0
138.4550,29.32,0
138.4600,5.84,0
138.4650,5.84,0
138.4700,5.84,0
138.4750,28.57,0
138.4800,28.57,0
138.4850,28.57,0
138.4900,28.57,0
138.4950,18.07,0
138.5000,18.07,0
138.5050,-14.63,0
138.5100,-14.63,0
138.5150,38.46,0
138.5200,38.46,0
138.5250,-21.18,0
138.5300,-21.18,0
138.5350,12.36,0
138.5400,12.36,0
138.5450,-12.35,0
138.5500,-12.35,0
138.5550,25.12,0
138.5600,28.98,0
138.5650,-16.37,0
138.5700,-16.37,0
138.5750,5.87,0
138.5800,5.87,0
138.5850,5.87,0
138.5900,35.18,0
138.5950,35.18,0
138.6000,5.69,0
138.6050,-22.84,0
138.6100,15.37,0
138.6150,15.37,0
138.6200,15.37,0
138.6250,15.37,0
138.6300,-18.79,0
138.6350,-18.79,0
138.6400,-19.60,0
138.6450,-19.60,0
138.6500,15.49,0
138.6550,15.49,0
138.6600,-15.38,0
138.6650,-15.38,0
138.6700,30.82,0
138.6750,30.82,0
138.6800,30.82,0
138.6850,30.82,0
138.6900,19.50,0
138.6950,19.50,0
138.7000,5.76,0
138.7050,5.76,0
138.7100,5.76,0
138.7150,34.23,0
138.7200,34.23,0
138.7250,-18.95,0
138.7300,1.94,0
138.7350,20.64,0
138.7400,12.09,0
138.7450,12.09,0
138.7500,-19.06,0
138.7550,-19.06,0
138.7600,-17.81,0
138.7650,-17.81,0
138.7700,11.34,0
138.7750,11.34,0
138.7800,14.68,0
138.7850,14.68,0
138.7900,-10.27,0
138.7950,1.81,0
138.8000,-10.27,0
138.8050,31.23,0
138.8100,31.23,0
138.8150,34.09,0
138.8200,18.22,0
138.8250,7.26,0
138.8300,7.26,0
138.8350,31.57,0
138.8400,-19.00,0
138.8450,-19.00,0
138.8500,-10.27,0
138.8550,-19.00,0
138.8600,13.40,0
138.8650,13.40,0
138.8700,-18.70,0
138.8750,31.23,0
138.8800,-14.65,0
138.8850,-14.65,0
138.8900,15.64,0
138.8950,10.75,0
138.9000,13.40,0
138.9050,9.19,0
138.9100,28.94,0
138.9150,34.02,0
138.9200,29.36,0
138.9250,29.36,0
138.9300,-22.77,0
138.9350,15.61,0
138.9400,8.14,0
138.9450,8.14,0
138.9500,8.14,0
138.9550,8.14,0
138.9600,31.55,0
138.9650,32.79,0
138.9700,-19.83,0
138.9750,-19.83,0
138.9800,-19.83,0
138.9850,-19.83,0
138.9900,11.43,0
138.9950,11.43,0
139.0000,26.53,0
139.0050,31.79,0
139.0100,-15.93,0
139.0150,-15.93,0
139.0200,14.68,0
139.0250,14.68,0
139.0300,14.68,0
139.0350,14.68,0
139.0400,-14.80,0
139.0450,-14.80,0
139.0500,14.51,0
139.0550,14.51,0
139.0600,13.53,0
139.0650,13.53,0
139.0700,13.53,0
139.0750,13.53,0
139.0800,35.54,0
139.0850,35.54,0
139.0900,-17.11,0
139.0950,-20.21,0
139.1000,-6.97,0
139.1050,16.18,0
139.1100,16.18,0
139.1150,-21.02,0
139.1200,-21.02,0
139.1250,35.17,0
139.1300,-14.53,0
139.1350,35.76,0
139.1400,-14.53,0
139.1450,9.53,0
139.1500,9.53,0
139.1550,-16.65,0
139.1600,-16.65,0
139.1650,27.31,0
139.1700,27.31,0
139.1750,10.06,0
139.1800,10.06,0
139.1850,9.95,0
139.1900,9.95,0
139.1950,9.95,0
139.2000,9.95,0
139.2050,1.46,0
139.2100,-20.75,0
139.2150,15.56,0
139.2200,27.31,0
139.2250,-23.54,0
139.2300,29.11,0
139.2350,29.11,0
139.2400,29.11,0
139.2450,1.23,0
139.2500,1.23,0
139.2550,1.23,0
139.2600,-18.69,0
139.2650,-18.69,0
139.2700,19.76,0
139.2750,19.76,0
139.2800,-3.41,0
139.2850,-3.41,0
139.2900,24.92,0
139.2950,24.92,0
139.3000,24.92,0
139.3050,24.92,0
139.3100,27.33,0
139.3150,27.33,0
139.3200,-3.57,0
139.3250,-3.57,0
139.3300,29.43,0
139.3350,29.43,0
139.3400,-21.95,0
139.3450,-21.95,0
139.3500,-21.95,0
139.3550,-21.95,0
139.3600,-13.04,0
139.3650,-0.58,0
139.3700,-0.58,0
139.3750,-8.94,0
139.3800,28.46,0
139.3850,28.46,0
139.3900,22.26,0
139.3950,22.26,0
139.4000,22.26,0
139.4050,2.62,0
139.4100,-8.02,0
139.4150,-8.02,0
139.4200,-8.02,0
139.4250,29.89,0
139.4300,23.65,0
139.4350,23.65,0
139.4400,-3.70,0
139.4450,-3.70,0
139.4500,16.24,0
139.4550,-3.84,0
139.4600,-24.99,0
139.4650,-24.99,0
139.4700,-24.99,0
139.4750,-24.99,0
139.4800,1.50,0
139.4850,1.50,0
139.4900,-12.53,0
139.4950,-12.53,0
139.5000,33.39,0
139.5050,33.39,0
139.5100,20.47,0
139.5150,20.47,0
139.5200,20.47,0
139.5250,20.47,0
139.5300,20.47,0
139.5350,20.47,0
139.5400,29.15,0
139.5450,29.15,0
139.5500,26.95,0
139.5550,-11.34,0
139.5600,2.33,0
139.5650,2.33,0
139.5700,2.33,0
139.5750,2.33,0
139.5800,30.11,0
139.5850,30.11,0
139.5900,-24.57,0
139.5950,-24.57,0
139.6000,3.31,0
139.6050,3.31,0
139.6100,-11.33,0
139.6150,-28.44,0
139.6200,31.68,0
139.6250,31.68,0
139.6300,-20.53,0
139.6350,-20.53,0
139.6400,21.77,0
139.6450,-4.29,0
139.6500,-4.29,0
139.6550,25.68,0
139.6600,25.68,0
139.6650,-16.41,0
139.6700,-16.41,0
139.6750,26.95,0
139.6800,26.95,0
139.6850,-1.16,0
139.6900,-1.16,0
139.6950,-4.82,0
139.7000,-4.82,0
139.7050,-21.76,0
139.7100,-21.76,0
139.7150,26.88,0
139.7200,26.88,0
139.7250,-8.72,0
139.7300,-8.72,0
139.7350,-8.72,0
139.7400,-8.72,0
139.7450,-20.14,0
139.7500,-20.14,0
139.7550,20.45,0
139.7600,20.45,0
139.7650,-21.76,0
139.7700,7.40,0
139.7750,-11.01,0
139.7800,-11.01,0
139.7850,28.50,0
139.7900,25.77,0
139.7950,25.77,0
139.8000,-4.69,0
139.8050,21.84,0
139.8100,30.81,0
139.8150,-17.09,0
139.8200,30.46,0
139.8250,-23.51,0
139.8300,-23.51,0
139.8350,-23.51,0
139.8400,-19.16,0
139.8450,3.02,0
139.8500,-12.03,0
139.8550,-12.03,0
139.8600,-11.70,0
139.8650,-18.62,0
139.8700,18.12,0
139.8750,-19.16,0
139.8800,18.12,0
139.8850,18.12,0
139.8900,-7.82,0
139.8950,-7.82,0
139.9000,28.21,0
139.9050,28.21,0
139.9100,22.93,0
139.9150,22.93,0
139.9200,0.91,0
139.9250,0.91,0
139.9300,0.91,0
139.9350,-11.82,0
139.9400,-11.82,0
139.9450,31.59,0
139.9500,31.59,0
139.9550,29.67,0
139.9600,2.37,0
139.9650,2.37,0
139.9700,2.37,0
139.9750,-17.02,0
139.9800,-17.02,0
139.9850,32.78,0
139.9900,32.78,0
139.9950,-22.08,0
140.0000,18.85,0
140.0050,-7.83,0
140.0100,18.85,0
140.0150,-11.42,0
140.0200,-11.42,0
140.0250,6.46,0
140.0300,32.66,0
140.0350,20.54,0
140.0400,2.37,0
140.0450,20.54,0
140.0500,30.97,0
140.0550,30.97,0
140.0600,-11.79,0
140.0650,20.54,0
140.0700,22.54,0
140.0750,22.54,0
140.0800,-23.90,0
140.0850,-23.90,0
140.0900,29.53,0
140.0950,29.53,0
140.1000,-10.23,0
140.1050,6.66,0
140.1100,-10.23,0
140.1150,-10.23,0
140.1200,-20.76,0
140.1250,-20.76,0
140.1300,31.65,0
140.1350,31.65,0
140.1400,31.65,0
140.1450,31.65,0
140.1500,-2.96,0
140.1550,-2.96,0
140.1600,13.98,0
140.1650,13.98,0
140.1700,29.03,0
140.1750,29.03,0
140.1800,22.54,0
140.1850,-9.24,0
140.1900,23.30,0
140.1950,23.30,0
140.2000,30.85,0
140.2050,-22.42,0
140.2100,31.45,0
140.2150,31.45,0
140.2200,-19.22,0
140.2250,-10.71,0
140.2300,-0.40,0
140.2350,-0.40,0
140.2400,-17.95,0
140.2450,-17.95,0
140.2500,27.24,0
140.2550,4.34,0
140.2600,33.76,0
140.2650,4.20,0
140.2700,4.20,0
140.2750,4.20,0
140.2800,4.20,0
140.2850,4.20,0
140.2900,29.31,0
140.2950,29.31,0
140.3000,-16.75,0
140.3050,-15.73,0
140.3100,-15.73,0
140.3150,20.27,0
140.3200,-0.40,0
140.3250,-26.63,0
140.3300,-26.63,0
140.3350,-16.73,0
140.3400,31.85,0
140.3450,-13.48,0
140.3500,-13.48,0
140.3550,0.99,0
140.3600,-21.86,1
140.3650,-21.86,0
140.3700,27.54,0
140.3750,-13.48,0
140.3800,24.27,0
140.3850,-5.41,0
140.3900,-5.41,0
140.3950,31.51,0
140.4000,3.49,0
140.4050,16.39,0
140.4100,16.39,0
140.4150,31.04,0
140.4200,-12.94,0
140.4250,-12.94,0
140.4300,3.18,0
140.4350,3.18,0
140.4400,3.18,0
140.4450,-23.86,0
140.4500,-23.86,0
140.4550,-23.86,0
140.4600,-23.86,0
140.4650,-9.43,0
140.4700,-9.43,0
140.4750,-15.97,0
140.4800,26.80,0
140.4850,-21.01,0
140.4900,23.91,0
140.4950,23.91,0
140.5000,23.91,0
140.5050,23.91,0
140.5100,4.64,0
140.5150,4.64,0
140.5200,4.64,0
140.5250,18.48,0
140.5300,30.61,0
140.5350,30.61,0
140.5400,-12.40,0
140.5450,-12.40,0
140.5500,-12.40,0
140.5550,-26.52,0
140.5600,-12.40,0
140.5650,20.71,0
140.5700,20.71,0
140.5750,-24.29,0
140.5800,-24.29,0
140.5850,-7.38,0
140.5900,27.88,0
140.5950,-7.38,0
140.6000,1.80,0
140.6050,1.80,0
140.6100,-14.75,0
140.6150,-14.75,0
140.6200,27.61,0
140.6250,27.61,0
140.6300,27.61,0
140.6350,5.23,0
140.6400,5.23,0
140.6450,22.10,0
140.6500,-18.48,0
140.6550,-18.48,0
140.6600,-10.42,0
140.6650,-10.42,0
140.6700,-10.42,0
140.6750,-16.24,0
140.6800,23.73,0
140.6850,23.73,0
140.6900,-27.34,0
140.6950,-27.34,0
140.7000,-27.34,0
140.7050,-7.09,0
140.7100,0.14,0
140.7150,0.14,0
140.7200,26.24,0
140.7250,26.24,0
140.7300,-21.96,0
140.7350,-21.96,0
140.7400,28.14,0
140.7450,28.14,0
140.7500,4.73,0
140.7550,4.73,0
140.7600,-21.96,0
140.7650,20.58,0
140.7700,-16.73,0
140.7750,-16.73,0
140.7800,31.13,0
140.7850,31.13,0
140.7900,31.13,0
140.7950,31.13,0
140.8000,5.00,0
140.8050,5.00,0
140.8100,5.00,0
140.8150,20.58,0
140.8200,-10.81,0
140.8250,-10.32,0
140.8300,-10.32,0
140.8350,-0.33,0
140.8400,-0.33,0
140.8450,18.80,0
140.8500,18.80,0
140.8550,18.80,0
140.8600,8.05,0
140.8650,8.05,0
140.8700,26.85,0
140.8750,26.85,0
140.8800,-16.92,0
140.8850,-16.92,0
140.8900,9.33,0
140.8950,9.33,0
140.9000,9.33,0
140.9050,9.33,0
140.9100,35.33,0
140.9150,35.33,0
140.9200,-23.71,0
140.9250,-23.71,0
140.9300,7.99,0
140.9350,7.99,0
140.9400,-18.10,0
140.9450,-18.10,0
140.9500,-18.10,0
140.9550,-18.10,0
140.9600,8.05,0
140.9650,31.01,0
140.9700,14.67,0
140.9750,14.67,0
140.9800,-13.80,0
140.9850,-13.80,0
140.9900,33.56,0
140.9950,33.56,0
141.0000,-17.96,0
141.0050,-17.96,0
141.0100,5.78,0
141.0150,5.78,0
141.0200,5.78,0
141.0250,5.78,0
141.0300,36.25,0
141.0350,36.25,0
141.0400,36.25,0
141.0450,36.25,0
141.0500,36.25,0
141.0550,17.35,0
141.0600,-21.82,0
141.0650,-21.82,0
141.0700,-14.06,0
141.0750,-14.06,0
141.0800,-22.40,0
141.0850,-22.40,0
141.0900,14.87,0
141.0950,14.87,0
141.1000,-22.40,0
141.1050,-16.45,0
141.1100,29.82,0
141.1150,29.82,0
141.1200,-12.72,0
141.1250,-12.72,0
141.1300,-12.72,0
141.1350,7.30,0
141.1400,13.95,0
141.1450,7.30,0
141.1500,34.06,0
141.1550,34.03,0
141.1600,-18.39,0
141.1650,-18.39,0
141.1700,-18.39,0
141.1750,13.27,0
141.1800,-18.39,0
141.1850,-18.39,0
141.1900,-18.39,0
141.1950,-16.06,0
141.2000,-21.60,0
141.2050,-19.33,0
141.2100,25.13,0
141.2150,15.94,0
141.2200,11.12,0
141.2250,-19.44,0
141.2300,-14.83,0
141.2350,-14.83,0
141.2400,-14.83,0
141.2450,32.54,0
141.2500,15.83,0
141.2550,15.83,0
141.2600,13.23,0
141.2650,13.23,0
141.2700,34.61,0
141.2750,34.61,0
141.2800,34.61,0
141.2850,-19.97,0
141.2900,-19.97,0
141.2950,-19.97,0
141.3000,11.15,0
141.3050,11.15,0
141.3100,-19.18,0
141.3150,-19.18,0
141.3200,-16.34,0
141.3250,-16.34,0
141.3300,10.55,0
141.3350,10.55,0
141.3400,17.35,0
141.3450,17.35,0
141.3500,-15.63,0
141.3550,-15.63,0
141.3600,-15.63,0
141.3650,-15.63,0
141.3700,19.98,0
141.3750,19.98,0
141.3800,10.47,0
141.3850,10.47,0
141.3900,-20.92,0
141.3950,36.10,0
141.4000,-21.98,0
141.4050,-21.98,0
141.4100,-21.98,0
141.4150,-21.98,0
141.4200,9.46,0
141.4250,9.46,0
141.4300,9.46,0
141.4350,-19.70,0
141.4400,-19.70,0
141.4450,-16.93,0
141.4500,-16.93,0
141.4550,11.71,0
141.4600,11.71,0
141.4650,13.24,0
141.4700,13.24,0
141.4750,-15.65,0
141.4800,-15.65,0
141.4850,28.04,0
141.4900,28.04,0
141.4950,16.22,0
141.5000,16.22,0
141.5050,16.22,0
141.5100,16.22,0
141.5150,7.86,0
141.5200,7.86,0
141.5250,-19.35,0
141.5300,-19.35,0
141.5350,-19.35,0
141.5400,-19.35,0
141.5450,16.32,0
141.5500,16.32,0
141.5550,-19.53,0
141.5600,-19.53,0
141.5650,33.17,0
141.5700,9.06,0
141.5750,15.84,0
141.5800,15.84,0
141.5850,15.84,0
141.5900,15.84,0
141.5950,-16.77,0
141.6000,-16.77,0
141.6050,29.27,0
141.6100,29.27,0
141.6150,13.93,0
141.6200,13.93,0
141.6250,13.93,0
141.6300,32.91,0
141.6350,10.88,0
141.6400,10.88,0
141.6450,32.95,0
141.6500,32.95,0
141.6550,25.86,0
141.6600,25.86,0
141.6650,-24.33,0
141.6700,-24.33,0
141.6750,-7.39,0
141.6800,0.10,0
141.6850,25.14,0
141.6900,-5.40,0
141.6950,28.14,0
141.7000,27.31,0
141.7050,-19.31,0
141.7100,-19.31,0
141.7150,21.70,0
141.7200,21.70,0
141.7250,-1.15,0
141.7300,-1.15,0
141.7350,23.36,0
141.7400,23.36,0
141.7450,-22.84,0
141.7500,27.83,0
141.7550,-0.97,0
141.7600,27.83,0
141.7650,27.83,0
141.7700,27.83,0
141.7750,27.83,0
141.7800,27.83,0
141.7850,-3.00,0
141.7900,15.81,0
141.7950,-6.37,0
141.8000,-6.37,0
141.8050,-1.79,0
141.8100,-1.79,0
141.8150,-1.79,0
141.8200,-1.79,0
141.8250,-23.08,0
141.8300,22.12,0
141.8350,22.12,0
141.8400,-1.44,0
141.8450,-1.44,0
141.8500,24.75,0
141.8550,24.75,0
141.8600,24.75,0
141.8650,24.75,0
141.8700,24.75,0
141.8750,25.26,0
141.8800,25.26,0
141.8850,-5.09,0
141.8900,29.03,0
141.8950,29.03,0
141.9000,29.03,0
141.9050,29.03,0
141.9100,29.03,0
141.9150,-24.07,0
141.9200,-24.07,0
141.9250,-0.89,0
141.9300,-0.89,0
141.9350,-3.60,0
141.9400,-3.60,0
141.9450,-3.60,0
141.9500,-3.60,0
141.9550,-3.60,0
141.9600,-3.60,0
141.9650,30.78,0
141.9700,-1.45,0
141.9750,1.15,0
141.9800,1.15,0
141.9850,25.18,0
141.9900,26.23,0
141.9950,26.23,0
142.0000,26.23,0
142.0050,-0.72,0
142.0100,-0.72,0
142.0150,33.01,0
142.0200,33.01,0
142.0250,-26.20,0
142.0300,-26.20,0
142.0350,-26.20,0
142.0400,-26.20,0
142.0450,-3.03,0
142.0500,-3.03,0
142.0550,-5.71,0
142.0600,-5.71,0
142.0650,-21.74,0
142.0700,-21.74,0
142.0750,-21.74,0
142.0800,14.66,0
142.0850,-21.74,0
142.0900,24.36,0
142.0950,-1.15,0
142.1000,23.06,0
142.1050,23.06,0
142.1100,27.16,0
142.1150,27.16,0
142.1200,-3.73,0
142.1250,-3.73,0
142.1300,-3.73,0
142.1350,-3.73,0
142.1400,28.62,0
142.1450,28.62,0
142.1500,-19.97,0
142.1550,-27.28,0
142.1600,-1.68,0
142.1650,-1.68,0
142.1700,-1.68,0
142.1750,-1.68,0
142.1800,-5.72,0
142.1850,-1.68,0
142.1900,-22.68,0
142.1950,-22.68,0
142.2000,23.02,0
142.2050,23.02,0
142.2100,-3.76,0
142.2150,-3.76,0
142.2200,-3.76,0
142.2250,-17.65,0
142.2300,28.19,0
142.2350,28.19,0
142.2400,-3.46,0
142.2450,-3.46,0
142.2500,34.87,0
142.2550,-3.46,0
142.2600,-3.46,0
142.2650,30.63,0
142.2700,30.63,0
142.2750,23.02,0
142.2800,-26.99,0
142.2850,0.55,0
142.2900,0.55,0
142.2950,-7.23,0
142.3000,-7.23,0
142.3050,-7.23,0
142.3100,-7.23,0
142.3150,-22.62,0
142.3200,-22.62,0
142.3250,21.20,0
142.3300,21.20,0
142.3350,-3.51,0
142.3400,28.33,0
142.3450,24.73,0
142.3500,24.73,0
142.3550,-17.51,0
142.3600,-17.51,0
142.3650,25.60,0
142.3700,25.60,0
142.3750,-3.41,0
142.3800,-3.41,0
142.3850,29.50,0
142.3900,29.50,0
142.3950,29.50,0
142.4000,-18.14,0
142.4050,29.50,0
142.4100,29.50,0
142.4150,12.55,0
142.4200,29.50,0
142.4250,-1.07,0
142.4300,-1.07,0
142.4350,-22.02,0
142.4400,25.28,0
142.4450,25.28,0
142.4500,-22.02,0
142.4550,0.45,0
142.4600,-0.09,0
142.4650,-1.21,0
142.4700,-1.21,0
142.4750,13.96,0
142.4800,13.96,0
142.4850,15.78,0
142.4900,15.78,0
142.4950,15.78,0
142.5000,-30.56,0
142.5050,-15.52,0
142.5100,-3.45,0
142.5150,-16.06,0
142.5200,15.69,0
142.5250,15.69,0
142.5300,15.69,0
142.5350,15.69,0
142.5400,-15.92,0
142.5450,-15.92,0
142.5500,9.31,0
142.5550,9.31,0
142.5600,15.12,0
142.5650,15.12,0
142.5700,-18.03,0
142.5750,-18.03,0
142.5800,30.37,0
142.5850,30.37,0
142.5900,11.54,0
142.5950,9.06,0
142.6000,13.66,0
142.6050,-0.39,0
142.6100,34.52,0
142.6150,34.52,0
142.6200,-19.58,0
142.6250,-19.58,0
142.6300,-19.58,0
142.6350,-19.58,0
142.6400,16.21,0
142.6450,16.21,0
142.6500,-19.61,0
142.6550,-19.61,0
142.6600,28.21,0
142.6650,-26.20,0
142.6700,-19.61,0
142.6750,-19.61,0
142.6800,-19.61,0
142.6850,-36.87,0
142.6900,17.84,0
142.6950,17.84,0
142.7000,27.36,0
142.7050,27.36,0
142.7100,8.84,0
142.7150,8.84,0
142.7200,16.46,0
142.7250,25.22,0
142.7300,30.99,0
142.7350,30.99,0
142.7400,-17.49,0
142.7450,-17.49,0
142.7500,28.26,0
142.7550,-17.49,0
142.7600,20.17,0
142.7650,20.17,0
142.7700,-23.40,0
142.7750,-23.40,0
142.7800,-12.40,0
142.7850,0.45,0
142.7900,8.70,0
142.7950,8.70,0
142.8000,8.70,0
142.8050,8.70,0
142.8100,-20.72,0
142.8150,-20.72,0
142.8200,29.13,0
142.8250,29.13,0
142.8300,-6.61,0
142.8350,12.93,0
142.8400,11.25,0
142.8450,11.25,0
142.8500,18.60,0
142.8550,27.12,0
142.8600,11.25,0
142.8650,28.66,0
142.8700,-15.29,0
142.8750,-15.29,0
142.8800,14.06,0
142.8850,14.06,0
142.8900,-19.49,0
142.8950,-19.49,0
142.9000,-13.58,0
142.9050,-13.58,0
142.9100,8.19,0
142.9150,8.19,0
142.9200,8.19,0
142.9250,8.19,0
142.9300,-21.18,0
142.9350,-21.18,0
142.9400,-21.18,0
142.9450,-21.18,0
142.9500,-12.91,0
142.9550,-12.91,0
142.9600,14.57,0
142.9650,14.57,0
142.9700,-15.09,0
142.9750,-15.09,0
142.9800,31.94,0
142.9850,31.94,0
142.9900,-16.30,0
142.9950,-16.30,0
143.0000,20.69,0
143.0050,20.69,0
143.0100,-23.34,0
143.0150,31.94,0
143.0200,-23.34,0
143.0250,-23.34,0
143.0300,36.49,0
143.0350,36.49,0
143.0400,36.49,0
143.0450,10.07,0
143.0500,10.07,0
143.0550,-21.72,0
143.0600,-21.72,0
143.0650,30.84,0
143.0700,30.84,0
143.0750,12.94,0
143.0800,17.49,0
143.0850,36.49,0
143.0900,17.49,0
143.0950,17.49,0
143.1000,31.28,0
143.1050,31.28,0
143.1100,31.28,0
143.1150,-16.17,0
143.1200,-16.17,0
143.1250,-16.17,0
143.1300,14.61,0
143.1350,14.61,0
143.1400,35.23,0
143.1450,35.23,0
143.1500,-12.28,0
143.1550,-12.28,0
143.1600,10.02,0
143.1650,10.02,0
143.1700,-20.52,0
143.1750,-20.52,0
143.1800,31.95,0
143.1850,31.95,0
143.1900,-2.59,0
143.1950,-11.45,0
143.2000,12.89,0
143.2050,12.89,0
143.2100,12.89,0
143.2150,12.89,0
143.2200,12.89,0
143.2250,12.89,0
143.2300,-19.17,0
143.2350,-19.17,0
143.2400,15.62,0
143.2450,15.62,0
143.2500,15.62,0
143.2550,15.62,0
143.2600,15.62,0
143.2650,15.62,0
143.2700,-12.70,0
143.2750,-17.85,0
143.2800,34.29,0
143.2850,24.90,0
143.2900,-21.90,0
143.2950,-21.90,0
143.3000,-5.34,0
143.3050,24.19,0
143.3100,1.48,0
143.3150,1.35,0
143.3200,27.35,0
143.3250,15.62,0
143.3300,27.35,0
143.3350,22.29,0
143.3400,22.29,0
143.3450,-0.48,0
143.3500,-0.48,0
143.3550,29.44,0
143.3600,-25.00,0
143.3650,-25.00,0
143.3700,-25.00,0
143.3750,-25.00,0
143.3800,-25.00,0
143.3850,2.44,0
143.3900,-22.54,0
143.3950,2.44,0
143.4000,32.50,0
143.4050,32.50,0
143.4100,21.80,0
143.4150,21.80,0
143.4200,21.80,0
143.4250,21.80,0
143.4300,21.80,0
143.4350,21.80,0
143.4400,28.19,0
143.4450,28.19,0
143.4500,-27.29,0
143.4550,25.54,0
143.4600,-1.59,0
143.4650,-1.59,0
143.4700,-4.76,0
143.4750,-4.76,0
143.4800,-4.76,0
143.4850,-4.76,0
143.4900,-22.75,0
143.4950,-22.75,0
143.5000,0.09,0
143.5050,0.09,0
143.5100,-8.13,0
143.5150,-6.58,0
143.5200,32.83,0
143.5250,32.83,0
143.5300,-20.24,0
143.5350,17.00,0
143.5400,-20.24,0
143.5450,-17.62,0
143.5500,23.84,0
143.5550,-7.35,0
143.5600,-7.35,0
143.5650,30.69,0
143.5700,30.69,0
143.5750,-28.06,0
143.5800,-20.52,0
143.5850,-20.52,0
143.5900,-9.04,0
143.5950,-9.04,0
143.6000,31.03,0
143.6050,31.03,0
143.6100,-20.52,0
143.6150,-20.52,0
143.6200,28.57,0
143.6250,4.07,0
143.6300,-8.38,0
143.6350,-8.38,0
143.6400,29.87,0
143.6450,29.87,0
143.6500,-25.83,0
143.6550,-25.83,0
143.6600,-25.83,0
143.6650,-25.83,0
143.6700,-25.83,0
143.6750,-25.83,0
143.6800,2.56,0
143.6850,2.56,0
143.6900,24.27,0
143.6950,24.27,0
143.7000,0.55,0
143.7050,0.55,0
143.7100,-0.06,0
143.7150,0.55,0
143.7200,32.85,0
143.7250,32.85,0
143.7300,-22.81,0
143.7350,-22.81,0
143.7400,29.38,0
143.7450,1.29,0
143.7500,-8.26,0
143.7550,-8.26,0
143.7600,-8.26,0
143.7650,-23.68,0
143.7700,23.63,0
143.7750,23.63,0
143.7800,-5.65,0
143.7850,-5.65,0
143.7900,28.11,0
143.7950,28.11,0
143.8000,24.66,0
143.8050,31.43,0
143.8100,-3.95,0
143.8150,-3.95,0
143.8200,-3.95,0
143.8250,-3.95,0
143.8300,-3.95,0
143.8350,-3.95,0
143.8400,-22.33,0
143.8450,-22.33,0
143.8500,1.73,0
143.8550,1.73,0
143.8600,1.73,0
143.8650,1.73,0
143.8700,6.40,0
143.8750,1.73,0
143.8800,-22.40,0
143.8850,-22.40,0
143.8900,21.33,0
143.8950,21.33,0
143.9000,-5.46,0
143.9050,-5.46,0
143.9100,-5.46,0
143.9150,-5.46,0
143.9200,25.95,0
143.9250,25.95,0
143.9300,24.52,0
143.9350,24.52,0
143.9400,24.52,0
143.9450,24.52,0
143.9500,29.96,0
143.9550,36.05,0
143.9600,-24.43,0
143.9650,-24.43,0
143.9700,1.40,0
143.9750,1.40,0
143.9800,1.40,0
143.9850,-9.73,0
143.9900,-9.73,0
143.9950,31.83,0
144.0000,31.83,0
144.0050,-23.03,0
144.0100,21.24,0
144.0150,21.24,0
144.0200,21.24,0
144.0250,-6.86,0
144.0300,-6.86,0
144.0350,26.52,0
144.0400,35.32,0
144.0450,26.52,0
144.0500,26.52,0
144.0550,26.52,0
144.0600,-0.73,0
144.0650,-0.73,0
144.0700,25.93,0
144.0750,25.93,0
144.0800,15.38,0
144.0850,15.38,0
144.0900,-9.74,0
144.0950,28.24,0
144.1000,-18.37,0
144.1050,-18.37,0
144.1100,31.66,0
144.1150,31.66,0
144.1200,5.96,0
144.1250,5.96,0
144.1300,-20.60,0
144.1350,-20.60,0
144.1400,-20.60,0
144.1450,29.79,0
144.1500,29.79,0
144.1550,10.18,0
144.1600,10.18,0
144.1650,13.70,0
144.1700,13.70,0
144.1750,13.70,0
144.1800,13.70,0
144.1850,-15.75,0
144.1900,-15.75,0
144.1950,-14.52,0
144.2000,16.17,0
144.2050,16.17,0
144.2100,-17.81,0
144.2150,-17.81,0
144.2200,-17.81,0
144.2250,-17.81,0
144.2300,30.31,0
144.2350,30.31,0
144.2400,5.89,0
144.2450,5.89,0
144.2500,-17.20,0
144.2550,-17.20,0
144.2600,33.52,0
144.2650,-15.75,0
144.2700,34.49,0
144.2750,34.49,0
144.2800,34.49,0
144.2850,34.49,0
144.2900,15.54,0
144.2950,15.54,0
144.3000,15.54,0
144.3050,28.52,0
144.3100,28.52,0
144.3150,28.52,0
144.3200,28.52,0
144.3250,3.29,0
144.3300,-13.42,0
144.3350,-24.22,0
144.3400,-24.22,0
144.3450,-24.22,0
144.3500,-24.22,0
144.3550,-13.02,0
144.3600,-13.02,0
144.3650,-13.02,0
144.3700,8.02,0
144.3750,18.30,0
144.3800,-21.85,0
144.3850,-21.85,0
144.3900,29.44,0
144.3950,29.44,0
144.4000,34.46,0
144.4050,7.11,0
144.4100,18.10,0
144.4150,18.10,0
144.4200,33.04,0
144.4250,33.04,0
144.4300,-15.89,0
144.4350,-15.89,0
144.4400,-15.89,0
144.4450,-15.89,0
144.4500,20.42,0
144.4550,20.42,0
144.4600,-20.51,0
144.4650,-24.19,0
144.4700,-15.28,0
144.4750,-15.28,0
144.4800,7.81,0
144.4850,7.81,0
144.4900,18.96,0
144.4950,18.96,0
144.5000,18.96,0
144.5050,-15.96,0
144.5100,-15.96,0
144.5150,28.37,0
144.5200,28.37,0
144.5250,8.61,0
144.5300,8.61,0
144.5350,15.42,0
144.5400,15.42,0
144.5450,15.42,0
144.5500,15.42,0
144.5550,15.42,0
144.5600,32.30,0
144.5650,-17.89,0
144.5700,16.09,0
144.5750,16.09,0
144.5800,24.58,0
144.5850,-20.44,0
144.5900,-11.13,0
144.5950,-11.13,0
144.6000,-11.13,0
144.6050,6.42,0
144.6100,6.42,0
144.6150,6.42,0
144.6200,-19.91,0
144.6250,-19.91,0
144.6300,-19.91,0
144.6350,30.39,0
144.6400,30.39,0
144.6450,12.70,0
144.6500,12.70,0
144.6550,18.17,0
144.6600,-16.79,0
144.6650,-16.79,0
144.6700,35.72,0
144.6750,35.72,0
144.6800,35.72,0
144.6850,-17.03,0
144.6900,17.90,0
144.6950,17.90,0
144.7000,-19.81,0
144.7050,-19.81,0
144.7100,36.50,0
144.7150,36.50,0
144.7200,36.50,0
144.7250,8.23,0
144.7300,8.23,0
144.7350,8.23,0
144.7400,8.23,0
144.7450,-19.49,0
144.7500,-19.49,0
144.7550,26.50,0
144.7600,28.05,0
144.7650,28.05,0
144.7700,-11.01,0
144.7750,-11.01,0
144.7800,19.18,0
144.7850,19.18,0
144.7900,19.18,0
144.7950,33.03,0
144.8000,-13.61,0
144.8050,-13.61,0
144.8100,31.17,0
144.8150,-20.55,0
144.8200,-13.61,0
144.8250,-19.81,0
144.8300,9.63,0
144.8350,-18.31,0
144.8400,-18.31,0
144.8450,-11.78,0
144.8500,-11.78,0
144.8550,8.80,0
144.8600,8.80,0
144.8650,-18.57,0
144.8700,-18.57,0
144.8750,28.12,0
144.8800,28.12,0
144.8850,-9.82,0
144.8900,-7.22,0
144.8950,-12.37,0
144.9000,10.17,0
144.9050,26.02,0
144.9100,26.02,0
144.9150,26.02,0
144.9200,-7.70,0
144.9250,38.42,0
144.9300,-7.70,0
144.9350,-23.07,0
144.9400,-23.07,0
144.9450,-23.07,0
144.9500,-23.07,0
144.9550,0.08,0
144.9600,0.08,0
144.9650,-5.85,0
144.9700,-5.85,0
144.9750,-22.50,0
144.9800,-22.50,0
144.9850,22.28,0
144.9900,22.28,0
144.9950,22.28,0
145.0000,22.28,0
145.0050,22.28,0
145.0100,-0.89,0
145.0150,-7.01,0
145.0200,-0.89,0
145.0250,-21.40,0
145.0300,-21.40,0
145.0350,0.39,0
145.0400,0.39,0
145.0450,-5.75,0
145.0500,-5.75,0
145.0550,26.20,0
145.0600,26.20,0
145.0650,-24.84,0
145.0700,30.57,0
145.0750,-0.30,0
145.0800,-0.30,0
145.0850,-6.61,0
145.0900,-6.61,0
145.0950,-17.76,0
145.1000,25.15,0
145.1050,25.15,0
145.1100,25.15,0
145.1150,25.15,0
145.1200,25.15,0
145.1250,-7.93,0
145.1300,-7.93,0
145.1350,27.18,0
145.1400,27.18,0
145.1450,28.94,0
145.1500,32.87,0
145.1550,11.65,0
145.1600,-1.02,0
145.1650,-3.64,0
145.1700,31.95,0
145.1750,31.95,0
145.1800,31.95,0
145.1850,-24.84,0
145.1900,-17.68,0
145.1950,0.11,0
145.2000,0.11,0
145.2050,-24.84,0
145.2100,-7.34,0
145.2150,-7.34,0
145.2200,-7.34,0
145.2250,-7.34,0
145.2300,15.25,0
145.2350,-23.31,0
145.2400,-23.31,0
145.2450,-8.66,0
145.2500,-8.66,0
145.2550,31.04,0
145.2600,31.04,0
145.2650,8.46,0
145.2700,-22.28,0
145.2750,-22.28,0
145.2800,-2.88,0
145.2850,-2.88,0
145.2900,29.15,0
145.2950,29.15,0
145.3000,-18.77,0
145.3050,-18.77,0
145.3100,-1.03,0
145.3150,-1.03,0
145.3200,-1.03,0
145.3250,-9.43,0
145.3300,31.58,0
145.3350,31.58,0
145.3400,-21.24,0
145.3450,-21.24,0
145.3500,-21.24,0
145.3550,23.44,0
145.3600,-5.63,1
145.3650,33.66,0
145.3700,24.97,0
145.3750,24.97,0
145.3800,-18.73,0
145.3850,-18.73,0
145.3900,24.00,0
145.3950,24.00,0
145.4000,24.00,0
145.4050,24.00,0
145.4100,26.78,0
145.4150,26.78,0
145.4200,-26.15,0
145.4250,-26.15,0
145.4300,0.58,0
145.4350,0.58,0
145.4400,-6.15,0
145.4450,-6.15,0
145.4500,24.97,0
145.4550,29.26,0
145.4600,23.43,0
145.4650,33.93,0
145.4700,-21.82,0
145.4750,24.98,0
145.4800,24.54,0
145.4850,-2.79,0
145.4900,27.92,0
145.4950,33.14,0
145.5000,27.92,0
145.5050,27.92,0
145.5100,23.64,0
145.5150,23.64,0
145.5200,-2.95,0
145.5250,-2.95,0
145.5300,-1.37,0
145.5350,-1.37,0
145.5400,-27.01,0
145.5450,-27.01,0
145.5500,26.43,0
145.5550,26.43,0
145.5600,1.06,0
145.5650,1.06,0
145.5700,-5.70,0
145.5750,-5.70,0
145.5800,-21.73,0
145.5850,-21.73,0
145.5900,24.51,0
145.5950,24.32,0
145.6000,-3.82,0
145.6050,-3.82,0
145.6100,26.68,0
145.6150,26.68,0
145.6200,26.68,0
145.6250,26.68,0
145.6300,24.48,0
145.6350,13.31,0
145.6400,-5.28,0
145.6450,-24.44,0
145.6500,30.42,0
145.6550,30.42,0
145.6600,28.94,0
145.6650,-23.88,0
145.6700,31.37,0
145.6750,31.37,0
145.6800,-0.69,0
145.6850,24.32,0
145.6900,-9.09,0
145.6950,-9.09,0
145.7000,-18.94,0
145.7050,-18.94,0
145.7100,-19.64,0
145.7150,17.70,0
145.7200,34.37,0
145.7250,34.37,0
145.7300,-17.04,0
145.7350,-17.04,0
145.7400,12.08,0
145.7450,12.65,0
145.7500,13.71,0
145.7550,13.71,0
145.7600,34.15,0
145.7650,34.15,0
145.7700,34.15,0
145.7750,-18.43,0
145.7800,13.30,0
145.7850,13.30,0
145.7900,-18.78,0
145.7950,-18.78,0
145.8000,-18.78,0
145.8050,-18.78,0
145.8100,-18.78,0
145.8150,35.93,0
145.8200,-15.43,0
145.8250,-18.91,0
145.8300,9.28,0
145.8350,-20.93,0
145.8400,-20.93,0
145.8450,27.08,0
145.8500,27.08,0
145.8550,-13.08,0
145.8600,-13.08,0
145.8650,12.86,0
145.8700,12.86,0
145.8750,13.41,0
145.8800,30.85,0
145.8850,30.85,0
145.8900,-19.34,0
145.8950,-19.34,0
145.9000,-19.34,0
145.9050,12.05,0
145.9100,13.14,0
145.9150,13.14,0
145.9200,-19.20,0
145.9250,-19.20,0
145.9300,-13.25,0
145.9350,-13.25,0
145.9400,26.64,0
145.9450,9.63,0
145.9500,18.43,0
145.9550,18.43,0
145.9600,-16.03,0
145.9650,-16.03,0
145.9700,28.85,0
145.9750,-4.29,0
145.9800,28.85,0
145.9850,28.85,0
145.9900,12.52,0
145.9950,12.52,0
146.0000,32.10,0
146.0050,32.32,0
146.0100,-15.35,0
146.0150,-15.35,0
146.0200,-15.35,0
146.0250,-15.35,0
146.0300,20.08,0
146.0350,20.08,0
146.0400,20.08,0
146.0450,20.08,0
146.0500,36.95,0
146.0550,36.95,0
146.0600,12.36,0
146.0650,12.36,0
146.0700,12.36,0
146.0750,12.36,0
146.0800,12.36,0
146.0850,12.36,0
146.0900,-15.56,0
146.0950,-15.56,0
146.1000,-14.94,0
146.1050,-15.22,0
146.1100,-14.46,0
146.1150,4.88,0
146.1200,13.13,0
146.1250,13.13,0
146.1300,36.79,0
146.1350,-24.52,0
146.1400,-18.95,0
146.1450,14.70,0
146.1500,14.70,0
146.1550,-18.60,0
146.1600,-18.60,0
146.1650,-15.52,0
146.1700,-18.60,0
146.1750,36.94,0
146.1800,-18.60,0
146.1850,-19.96,0
146.1900,26.36,0
146.1950,-21.46,0
146.2000,-21.46,0
146.2050,19.76,0
146.2100,-21.46,0
146.2150,-21.46,0
146.2200,32.69,0
146.2250,16.95,0
146.2300,16.95,0
146.2350,13.26,0
146.2400,13.26,0
146.2450,13.26,0
146.2500,11.71,0
146.2550,-19.96,0
146.2600,13.26,0
146.2650,13.26,0
146.2700,36.75,0
146.2750,-4.99,0
146.2800,-20.45,0
146.2850,-19.35,0
146.2900,-19.78,0
146.2950,35.66,0
146.3000,-20.10,0
146.3050,-20.10,0
146.3100,15.36,0
146.3150,15.36,0
146.3200,-13.79,0
146.3250,-13.79,0
146.3300,31.97,0
146.3350,31.97,0
146.3400,10.00,0
146.3450,10.00,0
146.3500,10.66,0
146.3550,26.26,0
146.3600,10.66,0
146.3650,-20.45,0
146.3700,30.32,0
146.3750,30.32,0
146.3800,-21.77,0
146.3850,-21.77,0
146.3900,15.61,0
146.3950,15.61,0
146.4000,-19.36,0
146.4050,-19.36,0
146.4100,27.80,0
146.4150,-13.80,0
146.4200,-22.27,0
146.4250,-22.27,0
146.4300,-21.77,0
146.4350,31.58,0
146.4400,-13.94,0
146.4450,-13.94,0
146.4500,32.41,0
146.4550,32.41,0
146.4600,15.66,0
146.4650,15.66,0
146.4700,16.17,0
146.4750,16.17,0
146.4800,16.17,0
146.4850,16.17,0
146.4900,31.20,0
146.4950,31.20,0
146.5000,-20.17,0
146.5050,-20.17,0
146.5100,13.42,0
146.5150,13.42,0
146.5200,-3.56,0
146.5250,-3.56,0
146.5300,-4.53,0
146.5350,-4.53,0
146.5400,-4.53,0
146.5450,-2.64,0
146.5500,-24.28,0
146.5550,-24.28,0
146.5600,27.16,0
146.5650,27.16,0
146.5700,-15.56,0
146.5750,0.32,0
146.5800,26.19,0
146.5850,26.19,0
146.5900,-19.22,0
146.5950,-19.22,0
146.6000,25.17,0
146.6050,25.17,0
146.6100,25.17,0
146.6150,25.17,0
146.6200,27.74,0
146.6250,27.74,0
146.6300,-26.30,0
146.6350,-26.30,0
146.6400,-8.04,0
146.6450,-8.04,0
146.6500,-4.41,0
146.6550,-4.41,0
146.6600,-4.41,0
146.6650,14.68,0
146.6700,-21.05,0
146.6750,-21.05,0
146.6800,26.53,0
146.6850,26.53,0
146.6900,-0.32,0
146.6950,-0.32,0
146.7000,26.19,0
146.7050,26.19,0
146.7100,-20.14,0
146.7150,-20.14,0
146.7200,27.96,0
146.7250,27.96,0
146.7300,-5.50,0
146.7350,-5.50,0
146.7400,12.26,0
146.7450,27.27,0
146.7500,27.32,0
146.7550,27.32,0
146.7600,-24.01,0
146.7650,-24.01,0
146.7700,-4.58,0
146.7750,-4.58,0
146.7800,-4.58,0
146.7850,-4.58,0
146.7900,-22.13,0
146.7950,-22.13,0
146.8000,27.75,0
146.8050,27.75,0
146.8100,-16.92,0
146.8150,-3.31,0
146.8200,23.88,0
146.8250,23.88,0
146.8300,-19.57,0
146.8350,-19.57,0
146.8400,28.89,0
146.8450,28.89,0
146.8500,28.89,0
146.8550,-9.57,0
146.8600,-9.57,0
146.8650,27.77,0
146.8700,29.44,0
146.8750,27.77,0
146.8800,-4.58,0
146.8850,-24.73,0
146.8900,-7.66,0
146.8950,-7.66,0
146.9000,-2.24,0
146.9050,-22.89,0
146.9100,-2.24,0
146.9150,-24.75,0
146.9200,25.20,0
146.9250,-15.90,0
146.9300,-1.99,0
146.9350,-24.75,0
146.9400,0.03,0
146.9450,23.88,0
146.9500,25.81,0
146.9550,25.81,0
146.9600,25.81,0
146.9650,0.03,0
146.9700,30.77,0
146.9750,30.77,0
146.9800,37.43,0
146.9850,-2.24,0
146.9900,-21.65,0
146.9950,-23.51,0
147.0000,-23.51,0
147.0050,-23.51,0
147.0100,-23.51,0
147.0150,6.88,0
147.0200,30.46,0
147.0250,-4.20,0
147.0300,-4.20,0
147.0350,-22.86,0
147.0400,-22.86,0
147.0450,23.19,0
147.0500,31.47,0
147.0550,-7.54,0
147.0600,-7.54,0
147.0650,0.68,0
147.0700,0.68,0
147.0750,21.42,0
147.0800,21.42,0
147.0850,28.35,0
147.0900,28.35,0
147.0950,-10.35,0
147.1000,-10.35,0
147.1050,0.58,0
147.1100,0.58,0
147.1150,-20.09,0
147.1200,-20.09,0
147.1250,-20.09,0
147.1300,31.46,0
147.1350,-2.92,0
147.1400,9.94,0
147.1450,-2.92,0
147.1500,-0.56,0
147.1550,-0.56,0
147.1600,26.05,0
147.1650,26.05,0
147.1700,13.13,0
147.1750,26.05,0
147.1800,26.05,0
147.1850,1.33,0
147.1900,1.33,0
147.1950,26.00,0
147.2000,26.00,0
147.2050,8.38,0
147.2100,-10.34,0
147.2150,-10.34,0
147.2200,-10.34,0
147.2250,-10.34,0
147.2300,26.83,0
147.2350,26.83,0
147.2400,-23.28,0
147.2450,-23.28,0
147.2500,-10.28,0
147.2550,26.83,0
147.2600,-0.47,0
147.2650,-0.47,0
147.2700,-0.47,0
147.2750,25.67,0
147.2800,29.85,0
147.2850,-20.99,0
147.2900,28.69,0
147.2950,28.69,0
147.3000,28.69,0
147.3050,-0.26,0
147.3100,-0.26,0
147.3150,24.94,0
147.3200,24.94,0
147.3250,24.94,0
147.3300,-24.04,0
147.3350,-22.40,0
147.3400,35.62,0
147.3450,35.62,0
147.3500,35.62,0
147.3550,-20.75,0
147.3600,-20.75,0
147.3650,11.62,0
147.3700,11.62,0
147.3750,-17.63,0
147.3800,34.76,0
147.3850,34.76,0
147.3900,-19.26,0
147.3950,-19.26,0
147.4000,-19.26,0
147.4050,8.26,0
147.4100,14.27,0
147.4150,-14.74,0
147.4200,31.35,0
147.4250,31.35,0
147.4300,31.35,0
147.4350,-17.50,0
147.4400,-17.50,0
147.4450,5.08,0
147.4500,5.08,0
147.4550,5.08,0
147.4600,34.21,0
147.4650,3.92,0
147.4700,-21.01,0
147.4750,-21.01,0
147.4800,22.08,0
147.4850,27.34,0
147.4900,-18.70,0
147.4950,-15.55,0
147.5000,-4.79,0
147.5050,-15.55,0
147.5100,-15.55,0
147.5150,-21.24,0
147.5200,-29.49,0
147.5250,18.24,0
147.5300,18.24,0
147.5350,-9.66,0
147.5400,-9.66,0
147.5450,27.18,0
147.5500,27.18,0
147.5550,27.18,0
147.5600,27.18,0
147.5650,27.18,0
147.5700,27.18,0
147.5750,8.02,0
147.5800,8.02,0
147.5850,29.81,0
147.5900,29.81,0
147.5950,-22.69,0
147.6000,-22.69,0
147.6050,21.38,0
147.6100,21.38,0
147.6150,8.78,0
147.6200,8.78,0
147.6250,-14.65,0
147.6300,-14.65,0
147.6350,-20.09,0
147.6400,18.01,0
147.6450,18.01,0
147.6500,18.01,0
147.6550,18.01,0
147.6600,-12.49,0
147.6650,-12.49,0
147.6700,33.59,0
147.6750,33.59,0
147.6800,19.45,0
147.6850,19.45,0
147.6900,5.29,0
147.6950,5.29,0
147.7000,-12.70,0
147.7050,-12.70,0
147.7100,-22.81,0
147.7150,-22.81,0
147.7200,-22.81,0
147.7250,-22.81,0
147.7300,4.87,0
147.7350,-20.58,0
147.7400,-17.32,0
147.7450,-20.55,0
147.7500,-20.05,0
147.7550,-20.05,0
147.7600,16.95,0
147.7650,16.95,0
147.7700,16.95,0
147.7750,16.95,0
147.7800,-19.76,0
147.7850,16.95,0
147.7900,5.29,0
147.7950,31.78,0
147.8000,18.70,0
147.8050,18.70,0
147.8100,6.12,0
147.8150,6.12,0
147.8200,-11.50,0
147.8250,-11.50,0
147.8300,29.73,0
147.8350,-20.37,0
147.8400,-20.37,0
147.8450,-20.37,0
147.8500,6.58,0
147.8550,6.58,0
147.8600,-12.42,0
147.8650,-12.42,0
147.8700,-17.83,0
147.8750,-17.83,0
147.8800,15.84,0
147.8850,15.84,0
147.8900,15.84,0
147.8950,15.84,0
147.9000,-13.45,0
147.9050,-13.45,0
147.9100,-13.45,0
147.9150,-13.45,0
147.9200,-18.56,0
147.9250,-18.56,0
147.9300,8.14,0
147.9350,-24.03,0
147.9400,-11.10,0
147.9450,-11.10,0
147.9500,-19.86,0
147.9550,-19.86,0
147.9600,-19.86,0
147.9650,-19.86,0
147.9700,7.20,0
147.9750,-18.56,0
147.9800,-15.93,0
147.9850,-9.03,0
147.9900,-22.78,0
147.9950,-22.78,0
148.0000,17.22,0
148.0050,17.22,0
148.0100,17.22,0
148.0150,17.22,0
148.0200,17.22,0
148.0250,-10.05,0
148.0300,-10.05,0
148.0350,26.34,0
148.0400,26.34,0
148.0450,7.06,0
148.0500,19.03,0
148.0550,19.03,0
148.0600,-9.65,0
148.0650,6.33,0
148.0700,6.33,0
148.0750,34.47,0
148.0800,-19.93,0
148.0850,-19.93,0
148.0900,4.51,0
148.0950,4.51,0
148.1000,-14.90,0
148.1050,-14.90,0
148.1100,33.43,0
148.1150,33.43,0
148.1200,2.26,0
148.1250,-19.95,0
148.1300,18.16,0
148.1350,18.16,0
148.1400,28.15,0
148.1450,7.25,0
148.1500,18.16,0
148.1550,4.39,0
148.1600,20.97,0
148.1650,7.25,0
148.1700,20.97,0
148.1750,20.97,0
148.1800,27.42,0
148.1850,27.42,0
148.1900,-11.39,0
148.1950,-11.39,0
148.2000,23.41,0
148.2050,23.41,0
148.2100,-23.13,0
148.2150,-23.13,0
148.2200,-23.13,0
148.2250,10.67,0
148.2300,-23.13,0
148.2350,-23.13,0
148.2400,-19.04,0
148.2450,1.57,0
148.2500,-20.09,0
148.2550,-20.09,0
148.2600,32.55,0
148.2650,32.55,0
148.2700,-11.39,0
148.2750,4.26,0
148.2800,21.59,0
148.2850,21.59,0
148.2900,21.59,0
148.2950,21.59,0
148.3000,30.67,0
148.3050,1.57,0
148.3100,-8.85,0
148.3150,-20.01,0
148.3200,-8.85,0
148.3250,17.63,0
148.3300,17.63,0
148.3350,-21.53,0
148.3400,-21.53,0
148.3450,32.02,0
148.3500,32.02,0
148.3550,-10.69,0
148.3600,-10.63,0
148.3650,22.55,0
148.3700,2.60,0
148.3750,-22.45,0
148.3800,-22.45,0
148.3850,28.69,0
148.3900,28.69,0
148.3950,-7.52,0
148.4000,34.79,0
148.4050,4.80,0
148.4100,4.80,0
148.4150,4.80,0
148.4200,4.80,0
148.4250,5.15,0
148.4300,28.01,0
148.4350,-14.59,0
148.4400,-14.59,0
148.4450,5.96,0
148.4500,5.96,0
148.4550,-23.67,0
148.4600,-23.67,0
148.4650,-23.67,0
148.4700,-23.67,0
148.4750,-9.10,0
148.4800,-9.29,0
148.4850,6.69,0
148.4900,-19.96,0
148.4950,-21.42,0
148.5000,32.61,0
148.5050,32.61,0
148.5100,32.61,0
148.5150,32.61,0
148.5200,6.19,0
148.5250,6.19,0
148.5300,15.94,0
148.5350,15.94,0
148.5400,30.65,0
148.5450,30.65,0
148.5500,-12.54,0
148.5550,-12.54,0
148.5600,-12.54,0
148.5650,-12.54,0
148.5700,21.52,0
148.5750,21.52,0
148.5800,-24.08,0
148.5850,-22.46,0
148.5900,-7.54,0
148.5950,15.94,0
148.6000,5.36,0
148.6050,5.36,0
148.6100,24.58,0
148.6150,24.58,0
148.6200,-22.79,0
148.6250,-22.79,0
148.6300,27.19,0
148.6350,27.19,0
148.6400,27.19,0
148.6450,27.19,0
148.6500,7.88,0
148.6550,7.88,0
148.6600,28.73,0
148.6650,28.73,0
148.6700,-8.37,0
148.6750,-8.37,0
148.6800,-8.37,0
148.6850,-8.37,0
148.6900,-8.37,0
148.6950,22.90,0
148.7000,22.90,0
148.7050,-22.46,0
148.7100,-6.97,0
148.7150,-11.64,0
148.7200,24.58,0
148.7250,7.14,0
148.7300,-11.64,0
148.7350,34.36,0
148.7400,-23.30,0
148.7450,-23.30,0
148.7500,27.34,0
148.7550,27.34,0
148.7600,8.51,0
148.7650,1.51,0
148.7700,20.20,0
148.7750,20.20,0
148.7800,20.20,0
148.7850,20.20,0
148.7900,28.80,0
148.7950,28.80,0
148.8000,-12.73,0
148.8050,-12.73,0
148.8100,-25.57,0
148.8150,-12.73,0
148.8200,19.64,0
148.8250,20.34,0
148.8300,31.13,0
148.8350,31.13,0
148.8400,4.59,0
148.8450,4.59,0
148.8500,4.59,0
148.8550,4.59,0
148.8600,22.41,0
148.8650,22.41,0
148.8700,34.61,0
148.8750,34.61,0
148.8800,4.79,0
148.8850,4.79,0
148.8900,23.59,0
148.8950,23.59,0
148.9000,23.59,0
148.9050,23.59,0
148.9100,31.09,0
148.9150,31.09,0
148.9200,-11.39,0
148.9250,-11.39,0
148.9300,19.23,0
148.9350,19.23,0
148.9400,-25.60,0
148.9450,-25.60,0
148.9500,19.48,0
148.9550,31.92,0
148.9600,-11.24,0
148.9650,-11.24,0
148.9700,-11.24,0
148.9750,-10.03,0
148.9800,-10.03,0
148.9850,28.84,0
148.9900,28.84,0
148.9950,28.84,0
149.0000,24.83,0
149.0050,24.83,0
149.0100,-2.22,0
149.0150,-2.22,0
149.0200,30.46,0
149.0250,30.46,0
149.0300,-23.11,0
149.0350,-23.11,0
149.0400,-23.11,0
149.0450,-23.11,0
149.0500,32.99,0
149.0550,3.58,0
149.0600,-14.18,0
149.0650,-14.18,0
149.0700,-21.62,0
149.0750,-21.62,0
149.0800,23.78,0
149.0850,23.78,0
149.0900,36.61,0
149.0950,2.83,0
149.1000,31.27,0
149.1050,31.27,0
149.1100,-18.44,0
149.1150,31.27,0
149.1200,22.19,0
149.1250,22.19,0
149.1300,-2.33,0
149.1350,-2.33,0
149.1400,-8.97,0
149.1450,-8.97,0
149.1500,30.23,0
149.1550,30.23,0
149.1600,-22.89,0
149.1650,30.23,0
149.1700,-0.85,0
149.1750,-0.85,0
149.1800,-9.62,0
149.1850,-12.03,0
149.1900,-9.62,0
149.1950,-21.49,0
149.2000,-21.49,0
149.2050,11.59,0
149.2100,22.17,0
149.2150,5.24,0
149.2200,5.24,0
149.2250,-19.09,0
149.2300,31.95,0
149.2350,31.95,0
149.2400,31.95,0
149.2450,31.95,0
149.2500,23.17,0
149.2550,23.17,0
149.2600,23.17,0
149.2650,31.93,0
149.2700,31.93,0
149.2750,-20.06,0
149.2800,-20.06,0
149.2850,-20.06,0
149.2900,-20.06,0
149.2950,-20.06,0
149.3000,-20.06,0
149.3050,-7.39,0
149.3100,-7.39,0
149.3150,-21.15,0
149.3200,22.16,0
149.3250,23.16,0
149.3300,23.16,0
149.3350,6.03,0
149.3400,6.03,0
149.3450,-4.91,0
149.3500,29.00,0
149.3550,30.09,0
149.3600,30.09,0
149.3650,20.88,0
149.3700,-0.45,0
149.3750,-0.45,0
149.3800,-0.45,0
149.3850,-0.45,0
149.3900,-18.64,0
149.3950,-7.86,0
149.4000,39.52,0
149.4050,-19.67,0
149.4100,1.95,0
149.4150,1.95,0
149.4200,1.95,0
149.4250,-4.85,0
149.4300,-22.26,0
149.4350,-19.67,0
149.4400,23.63,0
149.4450,23.63,0
149.4500,23.63,0
149.4550,23.63,0
149.4600,-19.53,0
149.4650,-7.26,0
149.4700,28.97,0
149.4750,30.06,0
149.4800,28.97,0
149.4850,24.78,0
149.4900,24.78,0
149.4950,-0.07,0
149.5000,-0.07,0
149.5050,18.25,0
149.5100,-0.07,0
149.5150,28.39,0
149.5200,-0.07,0
149.5250,28.39,0
149.5300,26.66,0
149.5350,26.66,0
149.5400,-11.53,0
149.5450,-11.53,0
149.5500,-11.53,0
149.5550,-11.53,0
149.5600,-22.36,0
149.5650,-22.36,0
149.5700,-22.36,0
149.5750,-22.36,0
149.5800,4.63,0
149.5850,-13.90,0
149.5900,30.36,0
149.5950,30.36,0
149.6000,30.36,0
149.6050,30.36,0
149.6100,30.36,0
149.6150,-14.34,0
149.6200,2.82,0
149.6250,8.09,0
149.6300,33.05,0
149.6350,11.97,0
149.6400,-18.69,0
149.6450,-18.69,0
149.6500,0.72,0
149.6550,0.72,0
149.6600,-11.09,0
149.6650,-11.09,0
149.6700,-11.09,0
149.6750,-11.09,0
149.6800,-16.49,0
149.6850,-20.76,0
149.6900,22.37,0
149.6950,22.37,0
149.7000,-11.22,0
149.7050,-11.22,0
149.7100,27.81,0
149.7150,27.81,0
149.7200,-23.67,0
149.7250,-23.67,0
149.7300,26.56,0
149.7350,-19.32,0
149.7400,26.56,0
149.7450,-1.57,0
149.7500,29.39,0
149.7550,29.39,0
149.7600,18.53,0
149.7650,-10.90,0
149.7700,-21.09,0
149.7750,-21.09,0
149.7800,-21.09,0
149.7850,32.84,0
149.7900,27.85,0
149.7950,-11.43,0
149.8000,-11.43,0
149.8050,5.42,0
149.8100,-24.40,0
149.8150,-24.40,0
149.8200,14.21,0
149.8250,32.13,0
149.8300,32.13,0
149.8350,-11.33,0
149.8400,-11.33,0
149.8450,16.79,0
149.8500,16.79,0
149.8550,16.79,0
149.8600,16.79,0
149.8650,-10.80,0
149.8700,-14.90,0
149.8750,-14.90,0
149.8800,9.81,0
149.8850,9.81,0
149.8900,-3.48,0
149.8950,-18.33,0
149.9000,-18.33,0
149.9050,-18.33,0
149.9100,-14.64,0
149.9150,-14.64,0
149.9200,9.11,0
149.9250,9.11,0
149.9300,16.84,0
149.9350,30.98,0
149.9400,-20.62,0
149.9450,-20.62,0
149.9500,30.76,0
149.9550,30.76,0
149.9600,5.75,0
149.9650,5.75,0
149.9700,5.75,0
149.9750,-10.81,0
149.9800,33.62,0
149.9850,33.62,0
149.9900,-18.34,0
149.9950,-16.30,0
150.0000,-16.30,0
150.0050,24.00,0
150.0100,-16.30,0
150.0150,16.84,0
150.0200,-19.41,0
150.0250,-19.41,0
150.0300,18.96,0
150.0350,-15.73,0
150.0400,9.89,0
150.0450,9.89,0
150.0500,16.99,0
150.0550,16.99,0
150.0600,28.14,0
150.0650,28.14,0
150.0700,28.14,0
150.0750,28.14,0
150.0800,10.85,0
150.0850,10.85,0
150.0900,20.43,0
150.0950,20.43,0
150.1000,34.47,0
150.1050,34.47,0
150.1100,34.47,0
150.1150,-28.36,0
150.1200,31.32,0
150.1250,15.67,0
150.1300,-20.17,0
150.1350,19.01,0
150.1400,-22.18,0
150.1450,-22.18,0
150.1500,-16.58,0
150.1550,-16.58,0
150.1600,9.04,0
150.1650,9.04,0
150.1700,9.04,0
150.1750,19.65,0
150.1800,19.65,0
150.1850,-19.31,0
150.1900,-19.31,0
150.1950,-19.31,0
150.2000,-19.31,0
150.2050,9.45,0
150.2100,9.45,0
150.2150,15.77,0
150.2200,15.77,0
150.2250,-15.15,0
150.2300,30.60,0
150.2350,-0.16,0
150.2400,-13.95,0
150.2450,-13.95,0
150.2500,-13.95,0
150.2550,16.85,0
150.2600,-19.18,0
150.2650,-19.18,0
150.2700,-2.32,0
150.2750,-12.55,0
150.2800,-12.55,0
150.2850,5.66,0
150.2900,5.66,0
150.2950,18.73,0
150.3000,18.73,0
150.3050,-19.90,0
150.3100,-19.90,0
150.3150,30.85,0
150.3200,30.85,0
150.3250,11.06,0
150.3300,11.06,0
150.3350,17.47,0
150.3400,17.47,0
150.3450,-18.16,0
150.3500,-18.16,0
150.3550,34.99,0
150.3600,34.99,1
150.3650,11.06,0
150.3700,15.93,0
150.3750,15.93,0
150.3800,-20.77,0
150.3850,-20.77,0
150.3900,-20.77,0
150.3950,-20.77,0
150.4000,-20.77,0
150.4050,-20.77,0
150.4100,10.35,0
150.4150,-14.81,0
150.4200,46.04,0
150.4250,-19.86,0
150.4300,33.45,0
150.4350,33.45,0
150.4400,33.45,0
150.4450,12.43,0
150.4500,12.43,0
150.4550,10.98,0
150.4600,10.98,0
150.4650,10.98,0
150.4700,33.15,0
150.4750,33.15,0
150.4800,-14.51,0
150.4850,34.13,0
150.4900,18.76,0
150.4950,18.76,0
150.5000,-19.09,0
150.5050,-19.09,0
150.5100,-19.09,0
150.5150,-19.09,0
150.5200,-13.73,0
150.5250,-13.73,0
150.5300,9.94,0
150.5350,9.94,0
150.5400,-17.87,0
150.5450,-17.87,0
150.5500,30.33,0
150.5550,30.33,0
150.5600,30.33,0
150.5650,30.33,0
150.5700,8.40,0
150.5750,8.40,0
150.5800,23.55,0
150.5850,23.55,0
150.5900,-2.15,0
150.5950,-2.15,0
150.6000,28.37,0
150.6050,-21.04,0
150.6100,-23.84,0
150.6150,-23.84,0
150.6200,-23.84,0
150.6250,-23.84,0
150.6300,-1.31,0
150.6350,-1.31,0
150.6400,-6.13,0
150.6450,30.33,0
150.6500,31.98,0
150.6550,-20.91,0
150.6600,-20.91,0
150.6650,25.07,0
150.6700,25.07,0
150.6750,-6.19,0
150.6800,-6.19,0
150.6850,29.24,0
150.6900,29.24,0
150.6950,29.24,0
150.7000,-20.55,0
150.7050,0.67,0
150.7100,33.92,0
150.7150,-16.20,0
150.7200,0.67,0
150.7250,0.67,0
150.7300,-2.87,0
150.7350,-2.87,0
150.7400,-14.60,0
150.7450,-24.13,0
150.7500,-24.13,0
150.7550,-28.58,0
150.7600,-10.03,0
150.7650,-10.03,0
150.7700,-10.03,0
150.7750,-20.48,0
150.7800,-20.48,0
150.7850,25.85,0
150.7900,25.85,0
150.7950,25.85,0
150.8000,-9.19,0
150.8050,-9.19,0
150.8100,30.21,0
150.8150,30.21,0
150.8200,-20.73,0
150.8250,-20.73,0
150.8300,3.35,0
150.8350,3.35,0
150.8400,3.35,0
150.8450,3.35,0
150.8500,28.10,0
150.8550,-28.33,0
150.8600,-28.33,0
150.8650,-2.25,0
150.8700,-2.25,0
150.8750,-6.62,0
150.8800,-6.62,0
150.8850,-6.62,0
150.8900,-6.62,0
150.8950,-6.62,0
150.9000,-21.19,0
150.9050,-21.19,0
150.9100,-21.19,0
150.9150,-21.19,0
150.9200,-20.73,0
150.9250,23.52,0
150.9300,1.42,0
150.9350,1.42,0
150.9400,-19.63,0
150.9450,-19.63,0
150.9500,24.21,0
150.9550,24.21,0
150.9600,-0.73,0
150.9650,-0.73,0
150.9700,29.19,0
150.9750,-25.69,0
150.9800,-25.69,0
150.9850,27.94,0
150.9900,-21.19,0
150.9950,-1.29,0
151.0000,-1.29,0
151.0050,27.30,0
151.0100,-8.82,0
151.0150,-23.35,0
151.0200,-23.35,0
151.0250,21.51,0
151.0300,21.51,0
151.0350,21.51,0
151.0400,21.51,0
151.0450,21.51,0
151.0500,21.51,0
151.0550,27.94,0
151.0600,26.64,0
151.0650,24.51,0
151.0700,24.51,0
151.0750,-4.17,0
151.0800,-4.17,0
151.0850,28.59,0
151.0900,28.59,0
151.0950,-23.95,0
151.1000,-23.95,0
151.1050,-23.95,0
151.1100,-23.95,0
151.1150,-0.47,0
151.1200,-0.47,0
151.1250,-9.02,0
151.1300,-9.02,0
151.1350,-26.68,0
151.1400,-20.46,0
151.1450,30.42,0
151.1500,20.68,0
151.1550,11.46,0
151.1600,0.23,0
151.1650,-8.12,0
151.1700,-8.12,0
151.1750,28.00,0
151.1800,28.00,0
151.1850,28.00,0
151.1900,37.91,0
151.1950,-23.76,0
151.2000,8.64,0
151.2050,3.02,0
151.2100,-4.75,0
151.2150,-4.75,0
151.2200,-23.22,0
151.2250,-23.22,0
151.2300,-23.22,0
151.2350,-2.26,0
151.2400,-2.26,0
151.2450,28.93,0
151.2500,-8.81,0
151.2550,-20.49,0
151.2600,28.01,0
151.2650,-20.49,0
151.2700,25.78,0
151.2750,25.78,0
151.2800,25.78,0
151.2850,25.78,0
151.2900,-5.77,0
151.2950,-5.77,0
151.3000,-5.77,0
151.3050,-5.77,0
151.3100,-23.37,0
151.3150,-23.37,0
151.3200,-1.04,0
151.3250,-1.04,0
151.3300,-2.35,0
151.3350,2.99,0
151.3400,30.55,0
151.3450,-25.16,0
151.3500,-25.16,0
151.3550,-25.16,0
151.3600,28.21,0
151.3650,28.21,0
151.3700,28.21,0
151.3750,-3.09,0
151.3800,-3.09,0
151.3850,-3.09,0
151.3900,-21.12,0
151.3950,-20.68,0
151.4000,-20.68,0
151.4050,35.54,0
151.4100,35.54,0
151.4150,35.54,0
151.4200,14.62,0
151.4250,14.62,0
151.4300,12.44,0
151.4350,12.44,0
151.4400,-17.45,0
151.4450,-17.45,0
151.4500,31.45,0
151.4550,31.45,0
151.4600,31.45,0
151.4650,31.45,0
151.4700,17.97,0
151.4750,17.97,0
151.4800,-18.11,0
151.4850,-15.62,0
151.4900,-15.76,0
151.4950,-15.76,0
151.5000,12.36,0
151.5050,12.36,0
151.5100,12.36,0
151.5150,-20.32,0
151.5200,-20.32,0
151.5250,-20.32,0
151.5300,31.47,0
151.5350,31.47,0
151.5400,-17.45,0
151.5450,-11.73,0
151.5500,15.75,0
151.5550,16.17,0
151.5600,16.17,0
151.5650,13.10,0
151.5700,34.61,0
151.5750,34.61,0
151.5800,-20.22,0
151.5850,-20.32,0
151.5900,17.80,0
151.5950,-18.75,0
151.6000,-21.33,0
151.6050,34.60,0
151.6100,34.60,0
151.6150,34.60,0
151.6200,-14.37,0
151.6250,-14.37,0
151.6300,28.83,0
151.6350,13.00,0
151.6400,-13.46,0
151.6450,29.66,0
151.6500,29.66,0
151.6550,29.66,0
151.6600,-12.81,0
151.6650,-12.81,0
151.6700,11.06,0
151.6750,11.06,0
151.6800,14.40,0
151.6850,14.40,0
151.6900,32.93,0
151.6950,32.93,0
151.7000,-17.23,0
151.7050,17.85,0
151.7100,17.85,0
151.7150,-20.29,0
151.7200,-18.35,0
151.7250,14.40,0
151.7300,-18.35,0
151.7350,-17.05,0
151.7400,-17.05,0
151.7450,8.97,0
151.7500,8.97,0
151.7550,16.03,0
151.7600,16.03,0
151.7650,-5.96,0
151.7700,-20.70,0
151.7750,-20.70,0
151.7800,-20.70,0
151.7850,15.22,0
151.7900,0.27,0
151.7950,16.54,0
151.8000,-4.23,0
151.8050,16.54,0
151.8100,16.54,0
151.8150,-14.98,0
151.8200,-14.98,0
151.8250,8.95,0
151.8300,8.95,0
151.8350,14.22,0
151.8400,14.22,0
151.8450,-16.51,0
151.8500,-16.51,0
151.8550,-13.70,0
151.8600,-13.70,0
151.8650,27.32,0
151.8700,11.17,0
151.8750,11.17,0
151.8800,-18.14,0
151.8850,-18.14,0
151.8900,-18.14,0
151.8950,-22.82,0
151.9000,29.36,0
151.9050,12.05,0
151.9100,12.05,0
151.9150,13.60,0
151.9200,-14.98,0
151.9250,-16.07,0
151.9300,-16.07,0
151.9350,30.91,0
151.9400,30.91,0
151.9450,30.91,0
151.9500,30.91,0
151.9550,15.20,0
151.9600,15.20,0
151.9650,-18.84,0
151.9700,-18.84,0
151.9750,-18.42,0
151.9800,-18.42,0
151.9850,-18.42,0
151.9900,-18.42,0
151.9950,-18.42,0
152.0000,-18.42,0
152.0050,-22.28,0
152.0100,-22.28,0
152.0150,32.17,0
152.0200,32.17,0
152.0250,12.28,0
152.0300,15.36,0
152.0350,15.36,0
152.0400,15.36,0
152.0450,15.36,0
152.0500,-16.07,0
152.0550,37.80,0
152.0600,-16.56,0
152.0650,-16.56,0
152.0700,13.91,0
152.0750,13.91,0
152.0800,13.91,0
152.0850,-19.22,0
152.0900,15.13,0
152.0950,-19.22,0
152.1000,-19.22,0
152.1050,-13.18,0
152.1100,-13.18,0
152.1150,8.10,0
152.1200,-20.77,0
152.1250,-20.77,0
152.1300,32.51,0
152.1350,32.51,0
152.1400,32.51,0
152.1450,32.51,0
152.1500,11.85,0
152.1550,11.85,0
152.1600,11.85,0
152.1650,-25.20,0
152.1700,15.33,0
152.1750,29.89,0
152.1800,29.89,0
152.1850,-12.80,0
152.1900,-14.47,0
152.1950,13.23,0
152.2000,-18.31,0
152.2050,20.19,0
152.2100,0.18,0
152.2150,0.18,0
152.2200,0.18,0
152.2250,0.07,0
152.2300,0.07,0
152.2350,-23.84,0
152.2400,-23.84,0
152.2450,15.33,0
152.2500,27.88,0
152.2550,-3.44,0
152.2600,-3.44,0
152.2650,-5.58,0
152.2700,-7.40,0
152.2750,22.63,0
152.2800,-20.25,0
152.2850,24.89,0
152.2900,-4.85,0
152.2950,-4.85,0
152.3000,-23.84,0
152.3050,-4.85,0
152.3100,31.87,0
152.3150,31.87,0
152.3200,-21.44,0
152.3250,-20.25,0
152.3300,-5.31,0
152.3350,-3.50,0
152.3400,-7.71,0
152.3450,-7.71,0
152.3500,-7.71,0
152.3550,-7.71,0
152.3600,-7.71,0
152.3650,-7.71,0
152.3700,26.15,0
152.3750,-5.83,0
152.3800,-6.51,0
152.3850,-6.51,0
152.3900,-6.51,0
152.3950,-6.51,0
152.4000,30.14,0
152.4050,30.14,0
152.4100,30.14,0
152.4150,30.14,0
152.4200,-3.11,0
152.4250,-3.11,0
152.4300,27.34,0
152.4350,27.34,0
152.4400,-25.33,0
152.4450,-25.33,0
152.4500,0.18,0
152.4550,-14.29,0
152.4600,21.01,0
152.4650,-6.31,0
152.4700,-6.31,0
152.4750,-6.31,0
152.4800,-23.77,0
152.4850,-23.77,0
152.4900,22.52,0
152.4950,22.52,0
152.5000,-3.59,0
152.5050,-3.59,0
152.5100,28.54,0
152.5150,28.54,0
152.5200,-19.06,0
152.5250,-19.06,0
152.5300,-23.77,0
152.5350,-19.06,0
152.5400,-3.14,0
152.5450,-3.14,0
152.5500,30.24,0
152.5550,30.24,0
152.5600,-23.58,0
152.5650,-23.58,0
152.5700,-23.58,0
152.5750,-0.24,0
152.5800,-0.24,0
152.5850,-8.05,0
152.5900,-8.05,0
152.5950,-8.05,0
152.6000,-21.61,0
152.6050,-21.61,0
152.6100,25.23,0
152.6150,3.24,0
152.6200,3.24,0
152.6250,12.47,0
152.6300,-7.05,0
152.6350,-3.14,0
152.6400,29.03,0
152.6450,25.59,0
152.6500,25.59,0
152.6550,-1.91,0
152.6600,-1.91,0
152.6650,-1.91,0
152.6700,-1.91,0
152.6750,31.04,0
152.6800,31.04,0
152.6850,-27.37,0
152.6900,-27.37,0
152.6950,0.52,0
152.7000,0.52,0
152.7050,0.52,0
152.7100,0.52,0
152.7150,-11.44,0
152.7200,-11.44,0
152.7250,25.38,0
152.7300,25.38,0
152.7350,25.38,0
152.7400,25.38,0
152.7450,25.38,0
152.7500,0.52,0
152.7550,-8.16,0
152.7600,29.86,0
152.7650,29.86,0
152.7700,24.58,0
152.7750,24.58,0
152.7800,-1.94,0
152.7850,-1.94,0
152.7900,29.86,0
152.7950,29.14,0
152.8000,-10.77,0
152.8050,-26.30,0
152.8100,-26.30,0
152.8150,-26.30,0
152.8200,2.82,0
152.8250,-8.88,0
152.8300,-8.88,0
152.8350,37.14,0
152.8400,37.14,0
152.8450,32.51,0
152.8500,37.14,0
152.8550,25.14,0
152.8600,25.14,0
152.8650,-15.61,0
152.8700,32.34,0
152.8750,30.16,0
152.8800,30.16,0
152.8850,-23.59,0
152.8900,37.14,0
152.8950,-23.59,0
152.9000,-23.59,0
152.9050,-4.25,0
152.9100,-4.25,0
152.9150,31.61,0
152.9200,31.61,0
152.9250,-22.09,0
152.9300,-22.09,0
152.9350,22.90,0
152.9400,22.90,0
152.9450,1.72,0
152.9500,1.72,0
152.9550,-9.92,0
152.9600,-9.92,0
152.9650,-25.31,0
152.9700,-14.60,0
152.9750,26.00,0
152.9800,26.00,0
152.9850,-4.45,0
152.9900,-4.45,0
152.9950,30.37,0
153.0000,33.15,0
153.0050,-24.01,0
153.0100,-24.01,0
153.0150,26.10,0
153.0200,-23.36,0
153.0250,26.10,0
153.0300,31.77,0
153.0350,31.77,0
153.0400,31.77,0
153.0450,46.68,0
153.0500,12.09,0
153.0550,12.09,0
153.0600,-20.29,0
153.0650,-20.29,0
153.0700,-20.29,0
153.0750,-11.69,0
153.0800,-11.69,0
153.0850,11.11,0
153.0900,11.11,0
153.0950,12.09,0
153.1000,-20.92,0
153.1050,32.45,0
153.1100,32.45,0
153.1150,32.45,0
153.1200,32.45,0
153.1250,11.36,0
153.1300,11.36,0
153.1350,15.85,0
153.1400,15.85,0
153.1450,35.93,0
153.1500,35.93,0
153.1550,-14.71,0
153.1600,-14.71,0
153.1650,9.68,0
153.1700,9.68,0
153.1750,-23.21,0
153.1800,-23.21,0
153.1850,-23.21,0
153.1900,-23.21,0
153.1950,32.50,0
153.2000,-13.10,0
153.2050,9.07,0
153.2100,9.07,0
153.2150,-20.54,0
153.2200,-20.54,0
153.2250,31.35,0
153.2300,-3.87,0
153.2350,31.35,0
153.2400,31.35,0
153.2450,-13.10,0
153.2500,9.78,0
153.2550,28.77,0
153.2600,16.78,0
153.2650,26.43,0
153.2700,33.45,0
153.2750,-23.21,0
153.2800,28.41,0
153.2850,11.97,0
153.2900,11.97,0
153.2950,-22.47,0
153.3000,17.46,0
153.3050,-23.29,0
153.3100,-13.09,0
153.3150,-17.41,0
153.3200,-17.41,0
153.3250,8.44,0
153.3300,8.44,0
153.3350,18.16,0
153.3400,18.16,0
153.3450,-19.31,0
153.3500,-19.31,0
153.3550,30.42,0
153.3600,30.42,0
153.3650,11.33,0
153.3700,11.33,0
153.3750,18.30,0
153.3800,18.30,0
153.3850,18.30,0
153.3900,29.97,0
153.3950,-18.55,0
153.4000,-18.55,0
153.4050,-18.55,0
153.4100,10.71,0
153.4150,10.71,0
153.4200,18.65,0
153.4250,18.65,0
153.4300,-15.10,0
153.4350,-15.10,0
153.4400,-15.10,0
153.4450,-15.85,0
153.4500,-15.85,0
153.4550,13.80,0
153.4600,13.80,0
153.4650,25.82,0
153.4700,-14.66,0
153.4750,30.55,0
153.4800,30.55,0
153.4850,12.74,0
153.4900,12.74,0
153.4950,30.55,0
153.5000,10.30,0
153.5050,-17.50,0
153.5100,-17.50,0
153.5150,-13.69,0
153.5200,-13.69,0
153.5250,-13.69,0
153.5300,-13.69,0
153.5350,14.17,0
153.5400,14.17,0
153.5450,-17.59,0
153.5500,-17.59,0
153.5550,33.38,0
153.5600,11.19,0
153.5650,-14.33,0
153.5700,-14.33,0
153.5750,-14.33,0
153.5800,-14.33,0
153.5850,-18.67,0
153.5900,-12.91,0
153.5950,10.39,0
153.6000,-11.61,0
153.6050,-11.61,0
153.6100,9.43,0
153.6150,9.43,0
153.6200,13.05,0
153.6250,13.05,0
153.6300,-8.34,0
153.6350,-17.59,0
153.6400,20.61,0
153.6450,-15.49,0
153.6500,-15.49,0
153.6550,15.00,0
153.6600,-17.55,0
153.6650,27.20,0
153.6700,-18.25,0
153.6750,-18.25,0
153.6800,13.05,0
153.6850,30.29,0
153.6900,-13.20,0
153.6950,8.63,0
153.7000,8.63,0
153.7050,-1.03,0
153.7100,-14.99,0
153.7150,27.63,0
153.7200,27.63,0
153.7250,27.63,0
153.7300,27.63,0
153.7350,16.08,0
153.7400,16.08,0
153.7450,13.88,0
153.7500,13.88,0
153.7550,13.88,0
153.7600,-11.86,0
153.7650,-11.86,0
153.7700,-7.50,0
153.7750,-11.30,0
153.7800,9.48,0
153.7850,9.48,0
153.7900,-12.95,0
153.7950,-12.95,0
153.8000,-12.67,0
153.8050,13.93,0
153.8100,8.48,0
153.8150,8.48,0
153.8200,12.77,0
153.8250,12.77,0
153.8300,-12.00,0
153.8350,-12.00,0
153.8400,-2.33,0
153.8450,-2.33,0
153.8500,24.61,0
153.8550,24.61,0
153.8600,24.33,0
153.8650,24.33,0
153.8700,-2.26,0
153.8750,-2.26,0
153.8800,22.86,0
153.8850,27.19,0
153.8900,2.97,0
153.8950,2.97,0
153.9000,27.19,0
153.9050,-16.30,0
153.9100,2.97,0
153.9150,24.33,0
153.9200,-3.53,0
153.9250,-0.67,0
153.9300,18.85,0
153.9350,18.85,0
153.9400,-11.69,0
153.9450,-11.69,0
153.9500,-11.69,0
153.9550,19.21,0
153.9600,19.21,0
153.9650,-2.26,0
153.9700,-11.12,0
153.9750,23.23,0
153.9800,23.23,0
153.9850,23.34,0
153.9900,23.34,0
153.9950,1.14,0
154.0000,1.14,0
154.0050,1.14,0
154.0100,1.14,0
154.0150,19.89,0
154.0200,-2.38,0
154.0250,19.89,0
154.0300,19.89,0
154.0350,27.18,0
154.0400,27.18,0
154.0450,11.27,0
154.0500,1.60,0
154.0550,1.60,0
154.0600,-18.07,0
154.0650,-18.07,0
154.0700,-18.07,0
154.0750,20.85,0
154.0800,-2.15,0
154.0850,-2.15,0
154.0900,20.31,0
154.0950,20.31,0
154.1000,-13.93,0
154.1050,-13.93,0
154.1100,9.81,0
154.1150,-9.55,0
154.1200,20.51,0
154.1250,-5.59,0
154.1300,-5.59,0
154.1350,18.72,0
154.1400,-14.73,0
154.1450,-14.73,0
154.1500,21.67,0
154.1550,21.67,0
154.1600,-1.88,0
154.1650,-1.88,0
154.1700,-13.93,0
154.1750,-1.88,0
154.1800,18.31,0
154.1850,-0.09,0
154.1900,-17.01,0
154.1950,-17.01,0
154.2000,-17.01,0
154.2050,-17.01,0
154.2100,-17.01,0
154.2150,-18.03,0
154.2200,24.72,0
154.2250,-15.69,0
154.2300,18.23,0
154.2350,20.17,0
154.2400,20.17,0
154.2450,20.17,0
154.2500,20.17,0
154.2550,-0.31,0
154.2600,-0.31,0
154.2650,21.67,0
154.2700,11.32,0
154.2750,21.89,0
154.2800,21.89,0
154.2850,-4.52,0
154.2900,-4.52,0
154.2950,-4.52,0
154.3000,-4.52,0
154.3050,-12.28,0
154.3100,14.19,0
154.3150,14.19,0
154.3200,-12.28,0
154.3250,14.19,0
154.3300,14.19,0
154.3350,14.19,0
154.3400,14.19,0
154.3450,20.59,0
154.3500,22.53,0
154.3550,22.53,0
154.3600,1.40,0
154.3650,1.40,0
154.3700,-3.11,0
154.3750,-3.11,0
154.3800,-3.11,0
154.3850,22.74,0
154.3900,22.74,0
154.3950,1.40,0
154.4000,22.74,0
154.4050,-2.06,0
154.4100,-0.22,0
154.4150,-0.22,0
154.4200,-13.36,0
154.4250,-13.36,0
154.4300,21.51,0
154.4350,21.51,0
154.4400,21.51,0
154.4450,21.51,0
154.4500,25.07,0
154.4550,-0.75,0
154.4600,20.24,0
154.4650,2.35,0
154.4700,20.24,0
154.4750,20.24,0
154.4800,-15.49,0
154.4850,-15.49,0
154.4900,2.01,0
154.4950,2.01,0
154.5000,22.74,0
154.5050,22.74,0
154.5100,-15.71,0
154.5150,-15.49,0
154.5200,-2.48,0
154.5250,-2.48,0
154.5300,-0.80,0
154.5350,-0.80,0
154.5400,20.04,0
154.5450,20.04,0
154.5500,-12.97,0
154.5550,-12.97,0
154.5600,20.05,0
154.5650,20.05,0
154.5700,0.43,0
154.5750,0.43,0
154.5800,25.34,0
154.5850,25.34,0
154.5900,30.88,0
154.5950,22.23,0
154.6000,-1.34,0
154.6050,-1.34,0
154.6100,-1.34,0
154.6150,-1.34,0
154.6200,19.70,0
154.6250,19.70,0
154.6300,-16.70,0
154.6350,-16.70,0
154.6400,-16.70,0
154.6450,-16.70,0
154.6500,-16.70,0
154.6550,-16.70,0
154.6600,-16.70,0
154.6650,-16.70,0
154.6700,14.49,0
154.6750,-9.52,0
154.6800,-9.52,0
154.6850,-10.21,0
154.6900,-10.21,0
154.6950,-10.21,0
154.7000,-10.21,0
154.7050,-10.21,0
154.7100,12.44,0
154.7150,24.06,0
154.7200,24.06,0
154.7250,-12.35,0
154.7300,-12.35,0
154.7350,21.93,0
154.7400,21.93,0
154.7450,-11.05,0
154.7500,-11.05,0
154.7550,7.16,0
154.7600,7.16,0
154.7650,-8.46,0
154.7700,24.20,0
154.7750,-17.54,0
154.7800,-13.03,0
154.7850,-6.31,0
154.7900,-13.03,0
154.7950,9.90,0
154.8000,9.90,0
154.8050,-8.37,0
154.8100,7.31,0
154.8150,23.69,0
154.8200,-9.60,0
154.8250,-12.68,0
154.8300,11.03,0
154.8350,-15.04,0
154.8400,11.03,0
154.8450,11.03,0
154.8500,11.03,0
154.8550,26.23,0
154.8600,26.23,0
154.8650,-9.09,0
154.8700,26.23,0
154.8750,10.53,0
154.8800,10.53,0
154.8850,-8.05,0
154.8900,-8.05,0
154.8950,-8.05,0
154.9000,-8.05,0
154.9050,-13.13,0
154.9100,-13.13,0
154.9150,11.81,0
154.9200,11.81,0
154.9250,11.81,0
154.9300,8.67,0
154.9350,-1.82,0
154.9400,22.47,0
154.9450,22.47,0
154.9500,-8.25,0
154.9550,20.94,0
154.9600,6.36,0
154.9650,6.36,0
154.9700,-10.93,0
154.9750,-10.93,0
154.9800,22.80,0
154.9850,22.80,0
154.9900,-9.02,0
154.9950,-9.02,0
155.0000,11.01,0
155.0050,11.01,0
155.0100,11.01,0
155.0150,11.01,0
155.0200,-8.55,0
155.0250,-8.55,0
155.0300,10.38,0
155.0350,10.38,0
155.0400,11.12,0
155.0450,11.12,0
155.0500,20.16,0
155.0550,20.16,0
155.0600,20.16,0
155.0650,20.16,0
155.0700,8.51,0
155.0750,8.51,0
155.0800,8.49,0
155.0850,8.49,0
155.0900,8.49,0
155.0950,8.49,0
155.1000,8.49,0
155.1050,-13.06,0
155.1100,8.49,0
155.1150,8.49,0
155.1200,-12.61,0
155.1250,-12.61,0
155.1300,-6.79,0
155.1350,-6.79,0
155.1400,-6.79,0
155.1450,-6.79,0
155.1500,25.27,0
155.1550,10.89,0
155.1600,8.28,0
155.1650,8.28,0
155.1700,-6.12,0
155.1750,-12.61,0
155.1800,-6.79,0
155.1850,21.47,0
155.1900,21.47,0
155.1950,-12.61,0
155.2000,21.47,0
155.2050,21.47,0
155.2100,-11.19,0
155.2150,-11.19,0
155.2200,22.62,0
155.2250,22.62,0
155.2300,6.26,0
155.2350,22.62,0
155.2400,5.00,0
155.2450,5.00,0
155.2500,-4.07,0
155.2550,17.62,0
155.2600,-4.07,0
155.2650,-9.77,0
155.2700,13.67,0
155.2750,13.67,0
155.2800,13.67,0
155.2850,13.67,0
155.2900,13.67,0
155.2950,-8.34,0
155.3000,19.94,0
155.3050,19.94,0
155.3100,15.51,0
155.3150,15.51,0
155.3200,15.51,0
155.3250,9.02,0
155.3300,27.42,0
155.3350,9.02,0
155.3400,9.02,0
155.3450,9.02,0
155.3500,9.02,0
155.3550,-11.42,0
155.3600,-11.42,1
155.3650,8.02,0
155.3700,8.02,0
155.3750,8.02,0
155.3800,8.02,0
155.3850,8.02,0
155.3900,-8.27,0
155.3950,-8.27,0
155.4000,9.18,0
155.4050,9.18,0
155.4100,-9.20,0
155.4150,-9.20,0
155.4200,19.09,0
155.4250,19.09,0
155.4300,-6.68,0
155.4350,-6.68,0
155.4400,12.71,0
155.4450,12.71,0
155.4500,7.03,0
155.4550,-6.11,0
155.4600,7.03,0
155.4650,7.03,0
155.4700,21.01,0
155.4750,21.01,0
155.4800,-11.45,0
155.4850,-11.45,0
155.4900,19.47,0
155.4950,19.47,0
155.5000,-3.78,0
155.5050,-10.50,0
155.5100,-3.78,0
155.5150,-3.78,0
155.5200,-12.78,0
155.5250,-12.78,0
155.5300,19.30,0
155.5350,19.30,0
155.5400,-3.22,0
155.5450,-3.22,0
155.5500,-3.22,0
155.5550,-3.22,0
155.5600,-3.22,0
155.5650,-3.22,0
155.5700,-6.75,0
155.5750,-6.75,0
155.5800,18.39,0
155.5850,-5.96,0
155.5900,8.23,0
155.5950,8.23,0
155.6000,-4.27,0
155.6050,-8.16,0
155.6100,21.86,0
155.6150,21.86,0
155.6200,-4.28,0
155.6250,-1.81,0
155.6300,2.82,0
155.6350,2.43,0
155.6400,2.43,0
155.6450,2.43,0
155.6500,-6.24,0
155.6550,-6.24,0
155.6600,-6.24,0
155.6650,-4.63,0
155.6700,-4.63,0
155.6750,10.53,0
155.6800,10.53,0
155.6850,-6.24,0
155.6900,17.59,0
155.6950,17.59,0
155.7000,-1.94,0
155.7050,-1.94,0
155.7100,-12.80,0
155.7150,10.95,0
155.7200,6.68,0
155.7250,-4.71,0
155.7300,-4.71,0
155.7350,-4.71,0
155.7400,-4.71,0
155.7450,-1.98,0
155.7500,-1.98,0
155.7550,4.92,0
155.7600,4.92,0
155.7650,-3.83,0
155.7700,-3.83,0
155.7750,19.20,0
155.7800,-6.64,0
155.7850,-6.64,0
155.7900,-6.64,0
155.7950,13.21,0
155.8000,13.21,0
155.8050,10.02,0
155.8100,15.68,0
155.8150,15.68,0
155.8200,15.68,0
155.8250,15.68,0
155.8300,15.68,0
155.8350,-5.88,0
155.8400,9.26,0
155.8450,9.26,0
155.8500,-5.66,0
155.8550,-5.66,0
155.8600,-5.37,0
155.8650,-5.37,0
155.8700,-5.37,0
155.8750,9.70,0
155.8800,9.70,0
155.8850,7.85,0
155.8900,7.85,0
155.8950,15.21,0
155.9000,15.21,0
155.9050,11.02,0
155.9100,15.21,0
155.9150,15.21,0
155.9200,7.94,0
155.9250,7.94,0
155.9300,-4.64,0
155.9350,-4.64,0
155.9400,16.90,0
155.9450,16.90,0
155.9500,-1.77,0
155.9550,-1.77,0
155.9600,7.05,0
155.9650,7.05,0
155.9700,-3.33,0
155.9750,-3.33,0
155.9800,-3.33,0
155.9850,-3.69,0
155.9900,-3.69,0
155.9950,-3.69,0
156.0000,-3.69,0
156.0050,-3.69,0
156.0100,-3.69,0
156.0150,-4.77,0
156.0200,-5.16,0
156.0250,9.80,0
156.0300,9.50,0
156.0350,9.50,0
156.0400,9.50,0
156.0450,6.15,0
156.0500,6.15,0
156.0550,12.79,0
156.0600,-0.76,0
156.0650,15.89,0
156.0700,15.89,0
156.0750,-4.39,0
156.0800,-4.39,0
156.0850,7.48,0
156.0900,7.48,0
156.0950,7.48,0
156.1000,7.48,0
156.1050,-1.98,0
156.1100,-1.98,0
156.1150,5.23,0
156.1200,5.23,0
156.1250,5.23,0
156.1300,6.15,0
156.1350,10.00,0
156.1400,18.27,0
156.1450,18.27,0
156.1500,18.27,0
156.1550,9.69,0
156.1600,6.65,0
156.1650,6.65,0
156.1700,6.65,0
156.1750,6.65,0
156.1800,5.23,0
156.1850,13.68,0
156.1900,11.53,0
156.1950,-3.05,0
156.2000,11.12,0
156.2050,15.37,0
156.2100,9.21,0
156.2150,-3.52,0
156.2200,-3.52,0
156.2250,16.04,0
156.2300,16.04,0
156.2350,-3.48,0
156.2400,9.58,0
156.2450,9.58,0
156.2500,-2.88,0
156.2550,-2.88,0
156.2600,16.59,0
156.2650,16.59,0
156.2700,16.59,0
156.2750,16.59,0
156.2800,16.59,0
156.2850,16.59,0
156.2900,9.73,0
156.2950,9.73,0
156.3000,0.33,0
156.3050,0.33,0
156.3100,0.33,0
156.3150,14.46,0
156.3200,2.38,0
156.3250,2.38,0
156.3300,-5.08,0
156.3350,-5.08,0
156.3400,16.32,0
156.3450,-2.63,0
156.3500,9.57,0
156.3550,-6.59,0
156.3600,4.64,0
156.3650,4.64,0
156.3700,4.64,0
156.3750,9.17,0
156.3800,9.17,0
156.3850,-0.26,0
156.3900,-0.26,0
156.3950,5.90,0
156.4000,5.90,0
156.4050,7.88,0
156.4100,7.88,0
156.4150,13.96,0
156.4200,13.96,0
156.4250,1.58,0
156.4300,1.58,0
156.4350,2.96,0
156.4400,-2.56,0
156.4450,15.60,0
156.4500,-2.56,0
156.4550,-2.56,0
156.4600,10.83,0
156.4650,0.55,0
156.4700,5.96,0
156.4750,5.96,0
156.4800,5.96,0
156.4850,-6.91,0
156.4900,-6.91,0
156.4950,12.26,0
156.5000,12.26,0
156.5050,12.26,0
156.5100,12.26,0
156.5150,3.09,0
156.5200,3.09,0
156.5250,8.85,0
156.5300,11.59,0
156.5350,15.20,0
156.5400,-3.18,0
156.5450,15.20,0
156.5500,15.20,0
156.5550,15.20,0
156.5600,10.70,0
156.5650,10.70,0
156.5700,10.70,0
156.5750,-4.46,0
156.5800,-4.46,0
156.5850,13.66,0
156.5900,13.66,0
156.5950,13.21,0
156.6000,5.02,0
156.6050,8.28,0
156.6100,8.28,0
156.6150,8.15,0
156.6200,-4.93,0
156.6250,15.91,0
156.6300,12.25,0
156.6350,2.09,0
156.6400,2.09,0
156.6450,8.43,0
156.6500,-0.99,0
156.6550,11.96,0
156.6600,9.56,0
156.6650,9.56,0
156.6700,9.56,0
156.6750,0.38,0
156.6800,0.38,0
156.6850,6.17,0
156.6900,6.17,0
156.6950,-6.46,0
156.7000,-6.46,0
156.7050,-3.93,0
156.7100,9.49,0
156.7150,4.32,0
156.7200,2.20,0
156.7250,4.32,0
156.7300,4.32,0
156.7350,4.32,0
156.7400,4.32,0
156.7450,14.50,0
156.7500,14.50,0
156.7550,3.74,0
156.7600,3.74,0
156.7650,11.47,0
156.7700,11.47,0
156.7750,11.47,0
156.7800,11.47,0
156.7850,9.02,0
156.7900,2.98,0
156.7950,2.98,0
156.8000,11.35,0
156.8050,11.35,0
156.8100,11.35,0
156.8150,11.35,0
156.8200,11.35,0
156.8250,11.35,0
156.8300,11.35,0
156.8350,-3.88,0
156.8400,1.10,0
156.8450,6.18,0
156.8500,1.10,0
156.8550,-3.57,0
156.8600,-3.57,0
156.8650,15.50,0
156.8700,0.23,0
156.8750,0.23,0
156.8800,5.01,0
156.8850,5.01,0
156.8900,7.70,0
156.8950,8.04,0
156.9000,7.70,0
156.9050,7.70,0
156.9100,14.03,0
156.9150,14.03,0
156.9200,8.56,0
156.9250,8.56,0
156.9300,0.13,0
156.9350,0.13,0
156.9400,9.33,0
156.9450,0.13,0
156.9500,-4.44,0
156.9550,-4.44,0
156.9600,5.71,0
156.9650,5.71,0
156.9700,0.58,0
156.9750,0.58,0
156.9800,14.47,0
156.9850,14.47,0
156.9900,14.47,0
156.9950,14.47,0
157.0000,14.47,0
157.0050,14.47,0
157.0100,12.58,0
157.0150,12.58,0
157.0200,12.58,0
157.0250,13.12,0
157.0300,-4.69,0
157.0350,1.19,0
157.0400,5.67,0
157.0450,5.67,0
157.0500,9.64,0
157.0550,4.35,0
157.0600,-2.72,0
157.0650,-2.72,0
157.0700,3.09,0
157.0750,3.09,0
157.0800,6.90,0
157.0850,6.90,0
157.0900,10.51,0
157.0950,10.51,0
157.1000,-1.17,0
157.1050,4.25,0
157.1100,-0.64,0
157.1150,-0.64,0
157.1200,14.36,0
157.1250,14.36,0
157.1300,14.36,0
157.1350,9.21,0
157.1400,9.21,0
157.1450,9.21,0
157.1500,9.21,0
157.1550,5.05,0
157.1600,5.05,0
157.1650,12.88,0
157.1700,12.88,0
157.1750,-2.11,0
157.1800,-2.11,0
157.1850,-2.11,0
157.1900,-2.11,0
157.1950,4.23,0
157.2000,-3.07,0
157.2050,-3.07,0
157.2100,10.49,0
157.2150,10.49,0
157.2200,10.49,0
157.2250,10.49,0
157.2300,-0.01,0
157.2350,-0.01,0
157.2400,12.60,0
157.2450,12.60,0
157.2500,6.42,0
157.2550,6.42,0
157.2600,4.93,0
157.2650,4.93,0
157.2700,4.93,0
157.2750,3.33,0
157.2800,3.33,0
157.2850,3.33,0
157.2900,3.33,0
157.2950,-2.27,0
157.3000,-2.27,0
157.3050,2.62,0
157.3100,2.62,0
157.3150,3.14,0
157.3200,-3.49,0
157.3250,-3.49,0
157.3300,-3.49,0
157.3350,9.94,0
157.3400,9.94,0
157.3450,9.94,0
157.3500,9.94,0
157.3550,6.42,0
157.3600,9.57,0
157.3650,11.60,0
157.3700,0.26,0
157.3750,0.26,0
157.3800,5.72,0
157.3850,5.72,0
157.3900,5.72,0
157.3950,5.72,0
157.4000,2.04,0
157.4050,4.03,0
157.4100,-3.06,0
157.4150,-3.06,0
157.4200,-3.49,0
157.4250,5.86,0
157.4300,5.86,0
157.4350,2.41,0
157.4400,2.61,0
157.4450,2.61,0
157.4500,14.93,0
157.4550,-4.40,0
157.4600,-4.40,0
157.4650,6.63,0
157.4700,-1.46,0
157.4750,13.23,0
157.4800,-1.46,0
157.4850,10.92,0
157.4900,10.92,0
157.4950,-1.25,0
157.5000,-1.25,0
157.5050,11.92,0
157.5100,11.92,0
157.5150,5.16,0
157.5200,2.02,0
157.5250,12.80,0
157.5300,12.80,0
157.5350,-1.83,0
157.5400,-1.83,0
157.5450,-1.83,0
157.5500,-1.83,0
157.5550,-1.83,0
157.5600,3.61,0
157.5650,3.61,0
157.5700,10.92,0
157.5750,-2.03,0
157.5800,9.48,0
157.5850,9.48,0
157.5900,-0.28,0
157.5950,-0.28,0
157.6000,12.98,0
157.6050,12.98,0
157.6100,12.98,0
157.6150,12.98,0
157.6200,12.98,0
157.6250,7.81,0
157.6300,7.81,0
157.6350,7.81,0
157.6400,7.81,0
157.6450,6.05,0
157.6500,6.05,0
157.6550,-4.32,0
157.6600,-4.32,0
157.6650,-4.32,0
157.6700,-4.32,0
157.6750,3.81,0
157.6800,5.07,0
157.6850,5.07,0
157.6900,5.07,0
157.6950,2.67,0
157.7000,9.04,0
157.7050,2.42,0
157.7100,3.57,0
157.7150,9.04,0
157.7200,1.82,0
157.7250,1.82,0
157.7300,8.68,0
157.7350,8.68,0
157.7400,8.51,0
157.7450,8.51,0
157.7500,3.01,0
157.7550,3.01,0
157.7600,4.36,0
157.7650,4.36,0
157.7700,11.65,0
157.7750,11.65,0
157.7800,-3.09,0
157.7850,-3.09,0
157.7900,1.38,0
157.7950,1.38,0
157.8000,8.13,0
157.8050,1.38,0
157.8100,0.73,0
157.8150,12.76,0
157.8200,9.94,0
157.8250,9.94,0
157.8300,9.94,0
157.8350,9.94,0
157.8400,3.25,0
157.8450,3.25,0
157.8500,3.25,0
157.8550,3.25,0
157.8600,-1.68,0
157.8650,-1.68,0
157.8700,2.71,0
157.8750,2.71,0
157.8800,3.91,0
157.8850,3.91,0
157.8900,9.26,0
157.8950,9.26,0
157.9000,-1.56,0
157.9050,-0.17,0
157.9100,1.53,0
157.9150,1.53,0
157.9200,1.10,0
157.9250,14.03,0
157.9300,3.03,0
157.9350,2.29,0
157.9400,8.54,0
157.9450,-0.17,0
157.9500,-1.27,0
157.9550,-1.27,0
157.9600,1.10,0
157.9650,9.62,0
157.9700,9.62,0
157.9750,5.27,0
157.9800,5.27,0
157.9850,9.38,0
157.9900,3.91,0
157.9950,11.69,0
158.0000,2.72,0
158.0050,-0.48,0
158.0100,-0.48,0
158.0150,-0.48,0
158.0200,-0.48,0
158.0250,6.14,0
158.0300,-0.48,0
158.0350,-1.40,0
158.0400,9.46,0
158.0450,0.61,0
158.0500,0.61,0
158.0550,3.39,0
158.0600,3.39,0
158.0650,3.39,0
158.0700,3.39,0
158.0750,-1.65,0
158.0800,11.67,0
158.0850,16.49,0
158.0900,16.49,0
158.0950,9.03,0
158.1000,9.03,0
158.1050,15.26,0
158.1100,15.26,0
158.1150,15.26,0
158.1200,11.67,0
158.1250,15.26,0
158.1300,15.26,0
158.1350,1.07,0
158.1400,1.07,0
158.1450,5.93,0
158.1500,5.93,0
158.1550,12.25,0
158.1600,-2.37,0
158.1650,8.39,0
158.1700,8.39,0
158.1750,1.93,0
158.1800,5.93,0
158.1850,3.51,0
158.1900,3.51,0
158.1950,-2.34,0
158.2000,-2.34,0
158.2050,12.21,0
158.2100,5.30,0
158.2150,5.30,0
158.2200,5.30,0
158.2250,14.59,0
158.2300,14.59,0
158.2350,14.59,0
158.2400,2.11,0
158.2450,14.95,0
158.2500,3.26,0
158.2550,3.26,0
158.2600,3.26,0
158.2650,-12.86,0
158.2700,-12.86,0
158.2750,-12.86,0
158.2800,-12.86,0
158.2850,-4.46,0
158.2900,-4.46,0
158.2950,2.38,0
158.3000,2.38,0
158.3050,4.17,0
158.3100,4.17,0
158.3150,-1.61,0
158.3200,-1.61,0
158.3250,7.81,0
158.3300,7.81,0
158.3350,4.46,0
158.3400,7.81,0
158.3450,6.00,0
158.3500,6.00,0
158.3550,6.54,0
158.3600,8.48,0
158.3650,-0.41,0
158.3700,0.64,0
158.3750,0.64,0
158.3800,0.64,0
158.3850,4.78,0
158.3900,7.22,0
158.3950,10.11,0
158.4000,-3.51,0
158.4050,-3.51,0
158.4100,-3.51,0
158.4150,4.19,0
158.4200,4.70,0
158.4250,4.70,0
158.4300,10.18,0
158.4350,10.18,0
158.4400,10.18,0
158.4450,-4.25,0
158.4500,-4.25,0
158.4550,11.13,0
158.4600,11.13,0
158.4650,-0.08,0
158.4700,6.18,0
158.4750,7.16,0
158.4800,7.22,0
158.4850,1.50,0
158.4900,1.50,0
158.4950,14.98,0
158.5000,5.30,0
158.5050,5.30,0
158.5100,10.31,0
158.5150,10.31,0
158.5200,-1.39,0
158.5250,4.56,0
158.5300,-1.39,0
158.5350,-1.39,0
158.5400,19.46,0
158.5450,19.46,0
158.5500,2.89,0
158.5550,2.89,0
158.5600,-1.69,0
158.5650,-1.69,0
158.5700,12.53,0
158.5750,12.53,0
158.5800,3.35,0
158.5850,3.35,0
158.5900,4.68,0
158.5950,4.68,0
158.6000,8.62,0
158.6050,8.62,0
158.6100,8.77,0
158.6150,2.20,0
158.6200,2.20,0
158.6250,2.60,0
158.6300,4.89,0
158.6350,6.90,0
158.6400,6.90,0
158.6450,-0.66,0
158.6500,-0.66,0
158.6550,-0.51,0
158.6600,-0.51,0
158.6650,3.83,0
158.6700,3.83,0
158.6750,13.11,0
158.6800,13.11,0
158.6850,-2.95,0
158.6900,-2.95,0
158.6950,13.56,0
158.7000,13.45,0
158.7050,3.31,0
158.7100,3.31,0
158.7150,3.31,0
158.7200,3.31,0
158.7250,2.73,0
158.7300,2.73,0
158.7350,-0.83,0
158.7400,-0.83,0
158.7450,13.62,0
158.7500,13.62,0
158.7550,-5.05,0
158.7600,-5.05,0
158.7650,7.32,0
158.7700,13.39,0
158.7750,7.32,0
158.7800,-4.98,0
158.7850,-0.85,0
158.7900,-4.50,0
158.7950,7.20,0
158.8000,7.20,0
158.8050,7.20,0
158.8100,7.20,0
158.8150,7.20,0
158.8200,0.25,0
158.8250,0.25,0
158.8300,18.46,0
158.8350,11.78,0
158.8400,11.78,0
158.8450,11.78,0
158.8500,6.25,0
158.8550,6.33,0
158.8600,3.16,0
158.8650,3.16,0
158.8700,8.90,0
158.8750,13.39,0
158.8800,-3.37,0
158.8850,4.29,0
158.8900,2.43,0
158.8950,-2.58,0
158.9000,0.67,0
158.9050,0.67,0
158.9100,17.64,0
158.9150,17.64,0
158.9200,-3.76,0
158.9250,-3.76,0
158.9300,11.81,0
158.9350,12.83,0
158.9400,-2.76,0
158.9450,-2.76,0
158.9500,14.24,0
158.9550,-3.76,0
158.9600,-6.38,0
158.9650,-6.38,0
158.9700,-0.09,0
158.9750,-0.09,0
158.9800,-0.09,0
158.9850,7.18,0
158.9900,1.82,0
158.9950,1.82,0
159.0000,0.04,0
159.0050,12.45,0
159.0100,1.62,0
159.0150,1.62,0
159.0200,1.81,0
159.0250,1.81,0
159.0300,1.81,0
159.0350,-4.10,0
159.0400,-4.10,0
159.0450,6.42,0
159.0500,11.68,0
159.0550,1.68,0
159.0600,1.68,0
159.0650,1.68,0
159.0700,13.76,0
159.0750,13.76,0
159.0800,-1.37,0
159.0850,-1.37,0
159.0900,10.52,0
159.0950,2.80,0
159.1000,2.80,0
159.1050,11.93,0
159.1100,11.93,0
159.1150,11.93,0
159.1200,-5.58,0
159.1250,-5.58,0
159.1300,8.70,0
159.1350,8.70,0
159.1400,0.90,0
159.1450,0.90,0
159.1500,0.90,0
159.1550,7.59,0
159.1600,0.90,0
159.1650,0.90,0
159.1700,8.55,0
159.1750,8.55,0
159.1800,1.91,0
159.1850,9.18,0
159.1900,13.44,0
159.1950,13.44,0
159.2000,13.44,0
159.2050,13.02,0
159.2100,13.02,0
159.2150,1.19,0
159.2200,1.62,0
159.2250,1.62,0
159.2300,13.47,0
159.2350,13.47,0
159.2400,-0.74,0
159.2450,-0.74,0
159.2500,-0.74,0
159.2550,-0.74,0
159.2600,-0.74,0
159.2650,5.14,0
159.2700,4.68,0
159.2750,-6.29,0
159.2800,-6.29,0
159.2850,-6.29,0
159.2900,12.16,0
159.2950,0.36,0
159.3000,4.85,0
159.3050,4.85,0
159.3100,-1.46,0
159.3150,-1.46,0
159.3200,12.97,0
159.3250,7.47,0
159.3300,9.91,0
159.3350,9.91,0
159.3400,1.84,0
159.3450,5.15,0
159.3500,5.15,0
159.3550,5.15,0
159.3600,5.15,0
159.3650,-1.53,0
159.3700,-1.53,0
159.3750,-2.47,0
159.3800,-2.47,0
159.3850,3.61,0
159.3900,3.61,0
159.3950,3.61,0
159.4000,3.61,0
159.4050,12.42,0
159.4100,12.42,0
159.4150,11.30,0
159.4200,11.30,0
159.4250,-1.84,0
159.4300,13.27,0
159.4350,11.43,0
159.4400,11.43,0
159.4450,10.07,0
159.4500,10.07,0
159.4550,-0.72,0
159.4600,11.43,0
159.4650,12.94,0
159.4700,4.61,0
159.4750,4.61,0
159.4800,-1.91,0
159.4850,13.94,0
159.4900,-1.91,0
159.4950,-1.91,0
159.5000,2.32,0
159.5050,10.07,0
159.5100,0.58,0
159.5150,0.58,0
159.5200,0.58,0
159.5250,15.78,0
159.5300,15.78,0
159.5350,15.78,0
159.5400,13.38,0
159.5450,13.38,0
159.5500,5.47,0
159.5550,5.97,0
159.5600,5.97,0
