timestamp,ch1 (µV),event
5.345,-9.38,0
5.35,-9.38,0
5.355,-9.38,0
5.36,-9.38,0
5.365,9.03,0
5.37,9.03,0
5.375,-3.64,0
5.38,-3.64,0
5.385,-3.64,0
5.39,-5.55,0
5.395,-5.55,0
5.4,-5.7,0
5.405,16.91,0
5.41,16.53,0
5.415,16.53,0
5.42,16.53,0
5.425,16.53,0
5.43,16.53,0
5.435,16.53,0
5.44,8.84,0
5.445,8.84,0
5.45,17.84,0
5.455,17.84,0
5.46,-3.64,0
5.465,-6.17,0
5.47,-6.17,0
5.475,-6.17,0
5.48,-6.17,0
5.485,9.24,0
5.49,9.24,0
5.495,-5.15,0
5.5,-8.39,0
5.505,-6.41,0
5.51,-6.41,0
5.515,9.71,0
5.52,3.16,0
5.525,3.16,0
5.53,9.24,0
5.535,-6.4,0
5.54,-6.4,0
5.545,19.21,0
5.55,19.21,0
5.555,8.24,0
5.56,8.24,0
5.565,7.99,0
5.57,7.99,0
5.575,-6.4,0
5.58,-3.98,0
5.585,-5.15,0
5.59,-5.15,0
5.595,-5.15,0
5.6,-5.15,0
5.605,9.42,0
5.61,9.42,0
5.615,-4.86,0
5.62,-4.86,0
5.625,-4.24,0
5.63,-4.24,0
5.635,9.41,0
5.64,9.41,0
5.645,8.04,0
5.65,8.04,0
5.655,-5.42,0
5.66,-5.42,0
5.665,19.22,0
5.67,19.22,0
5.675,-3.98,0
5.68,14.85,0
5.685,14.73,0
5.69,14.73,0
5.695,-0.52,0
5.7,-0.52,0
5.705,0.16,0
5.71,0.16,0
5.715,16.81,0
5.72,16.81,0
5.725,15.46,0
5.73,18.35,0
5.735,1.22,0
5.74,1.22,0
5.745,-0.05,0
5.75,-0.05,0
5.755,-7.59,0
5.76,-7.59,0
5.765,14.75,0
5.77,14.75,0
5.775,14.75,0
5.78,14.75,0
5.785,14.75,0
5.79,-0.12,0
5.795,-0.12,0
5.8,13.63,0
5.805,-7.17,0
5.81,18.09,0
5.815,0.57,0
5.82,0.57,0
5.825,0.57,0
5.83,0.57,0
5.835,0.59,0
5.84,0.59,0
5.845,-7.0,0
5.85,-7.0,0
5.855,2.33,0
5.86,2.33,0
5.865,5.06,0
5.87,5.06,0
5.875,5.06,0
5.88,5.06,0
5.885,17.31,0
5.89,17.31,0
5.895,-6.48,0
5.9,-6.48,0
5.905,17.48,0
5.91,17.48,0
5.915,17.48,0
5.92,14.39,0
5.925,14.39,0
5.93,14.39,0
5.935,16.1,0
5.94,16.1,0
5.945,-1.8,0
5.95,-1.8,0
5.955,15.28,0
5.96,15.28,0
5.965,-9.55,0
5.97,7.35,0
5.975,-9.55,0
5.98,6.78,0
5.985,-12.01,0
5.99,2.53,0
5.995,2.53,0
6.0,-8.06,0
6.005,-8.06,0
6.01,19.24,0
6.015,19.24,0
6.02,19.24,0
6.025,19.24,0
6.03,2.08,0
6.035,2.08,0
6.04,13.61,0
6.045,13.61,0
6.05,19.36,0
6.055,19.36,0
6.06,-1.79,0
6.065,-1.91,0
6.07,2.82,0
6.075,2.82,0
6.08,2.82,0
6.085,18.32,0
6.09,-9.55,0
6.095,-9.55,0
6.1,1.52,0
6.105,1.52,0
6.11,4.43,0
6.115,4.43,0
6.12,-8.4,0
6.125,-8.4,0
6.13,14.87,0
6.135,14.87,0
6.14,14.87,0
6.145,14.87,0
6.15,14.87,0
6.155,5.57,0
6.16,15.22,0
6.165,15.22,0
6.17,19.96,0
6.175,19.96,0
6.18,2.91,0
6.185,2.91,0
6.19,2.91,0
6.195,2.91,0
6.2,16.54,0
6.205,-12.09,0
6.21,-12.09,0
6.215,-12.09,0
6.22,-1.56,0
6.225,-1.56,0
6.23,4.36,0
6.235,4.36,0
6.24,4.36,0
6.245,4.53,0
6.25,-8.16,0
6.255,19.28,0
6.26,19.28,0
6.265,3.57,0
6.27,14.89,0
6.275,12.44,0
6.28,12.44,0
6.285,12.44,0
6.29,12.44,0
6.295,18.31,0
6.3,18.31,0
6.305,-5.4,0
6.31,-5.4,0
6.315,15.44,0
6.32,15.44,0
6.325,2.19,0
6.33,15.44,0
6.335,15.44,0
6.34,15.44,0
6.345,-1.18,0
6.35,6.15,0
6.355,20.55,0
6.36,4.01,0
6.365,-9.84,0
6.37,-9.84,0
6.375,19.1,0
6.38,19.1,0
6.385,19.1,0
6.39,19.1,0
6.395,19.1,0
6.4,19.1,0
6.405,2.89,0
6.41,2.89,0
6.415,2.89,0
6.42,20.82,0
6.425,20.82,0
6.43,0.24,0
6.435,0.24,0
6.44,7.81,0
6.445,-9.96,0
6.45,-9.96,0
6.455,-9.96,0
6.46,-9.96,0
6.465,1.15,0
6.47,1.15,0
6.475,5.26,0
6.48,5.26,0
6.485,-8.15,0
6.49,-8.15,0
6.495,-6.8,0
6.5,3.88,0
6.505,21.4,0
6.51,21.4,0
6.515,21.4,0
6.52,21.4,0
6.525,17.5,0
6.53,17.5,0
6.535,4.53,0
6.54,-11.13,0
6.545,17.72,0
6.55,17.72,0
6.555,-10.9,0
6.56,-10.9,0
6.565,-10.9,0
6.57,-10.9,0
6.575,6.49,0
6.58,-6.65,0
6.585,-1.27,0
6.59,20.41,0
6.595,9.49,0
6.6,18.2,0
6.605,12.76,0
6.61,12.76,0
6.615,12.76,0
6.62,5.87,0
6.625,5.87,0
6.63,17.29,0
6.635,17.29,0
6.64,4.03,0
6.645,17.29,0
6.65,11.03,0
6.655,11.03,0
6.66,11.03,0
6.665,11.03,0
6.67,-1.48,0
6.675,-1.48,0
6.68,-9.52,0
6.685,-9.52,0
6.69,-9.52,0
6.695,-9.52,0
6.7,-7.14,0
6.705,15.81,0
6.71,4.54,0
6.715,9.41,0
6.72,-8.29,0
6.725,-8.29,0
6.73,-8.29,0
6.735,17.29,0
6.74,-8.29,0
6.745,-8.29,0
6.75,2.71,0
6.755,2.71,0
6.76,-4.87,0
6.765,15.96,0
6.77,12.65,0
6.775,12.65,0
6.78,21.09,0
6.785,12.65,0
6.79,12.65,0
6.795,12.65,0
6.8,18.06,0
6.805,18.06,0
6.81,-10.21,0
6.815,-10.21,0
6.82,4.06,0
6.825,4.06,0
6.83,-6.16,0
6.835,-6.16,0
6.84,17.32,0
6.845,17.32,0
6.85,-5.77,0
6.855,18.41,0
6.86,14.9,0
6.865,14.9,0
6.87,4.49,0
6.875,4.49,0
6.88,14.07,0
6.885,-8.52,0
6.89,-8.52,0
6.895,-8.52,0
6.9,14.07,0
6.905,10.35,0
6.91,6.21,0
6.915,20.6,0
6.92,20.6,0
6.925,20.6,0
6.93,-7.99,0
6.935,13.21,0
6.94,-0.85,0
6.945,5.71,0
6.95,-1.69,0
6.955,-1.69,0
6.96,-1.69,0
6.965,-1.69,0
6.97,-10.15,0
6.975,-10.15,0
6.98,14.17,0
6.985,17.61,0
6.99,-1.12,0
6.995,-1.12,0
7.0,20.91,0
7.005,20.91,0
7.01,20.91,0
7.015,12.82,0
7.02,12.82,0
7.025,1.69,0
7.03,20.91,0
7.035,20.08,0
7.04,20.08,0
7.045,-7.71,0
7.05,-7.71,0
7.055,-7.71,0
7.06,-7.71,0
7.065,-7.71,0
7.07,3.31,0
7.075,3.31,0
7.08,-1.52,0
7.085,-1.52,0
7.09,-8.97,0
7.095,19.32,0
7.1,17.79,0
7.105,17.79,0
7.11,1.63,0
7.115,1.63,0
7.12,18.71,0
7.125,18.71,0
7.13,18.71,0
7.135,12.81,0
7.14,15.23,0
7.145,0.48,0
7.15,0.48,0
7.155,17.26,0
7.16,17.26,0
7.165,17.26,0
7.17,-7.57,0
7.175,-7.57,0
7.18,-7.57,0
7.185,-7.57,0
7.19,2.79,0
7.195,-1.63,0
7.2,-1.63,0
7.205,-1.63,0
7.21,-10.04,0
7.215,-8.22,0
7.22,15.2,0
7.225,-1.23,0
7.23,15.2,0
7.235,15.2,0
7.24,15.2,0
7.245,15.88,0
7.25,7.42,0
7.255,19.04,0
7.26,19.04,0
7.265,1.87,0
7.27,1.87,0
7.275,1.87,0
7.28,1.87,0
7.285,1.87,0
7.29,15.88,0
7.295,-6.8,0
7.3,-4.53,0
7.305,15.6,0
7.31,15.6,0
7.315,21.41,0
7.32,21.41,0
7.325,21.41,0
7.33,8.34,0
7.335,11.85,0
7.34,9.4,0
7.345,9.4,0
7.35,-7.25,0
7.355,-7.25,0
7.36,19.81,0
7.365,5.83,0
7.37,8.75,0
7.375,8.75,0
7.38,20.74,0
7.385,8.75,0
7.39,9.61,0
7.395,9.61,0
7.4,20.58,0
7.405,20.58,0
7.41,0.96,0
7.415,-5.44,0
7.42,9.73,0
7.425,-11.68,0
7.43,-11.68,0
7.435,19.53,0
7.44,19.53,0
7.445,-3.2,0
7.45,-3.2,0
7.455,8.59,0
7.46,0.97,0
7.465,-4.2,0
7.47,-4.2,0
7.475,0.98,0
7.48,14.64,0
7.485,19.79,0
7.49,11.67,0
7.495,11.67,0
7.5,6.9,0
7.505,6.9,0
7.51,6.9,0
7.515,22.78,0
7.52,22.78,0
7.525,22.78,0
7.53,-2.11,0
7.535,-2.11,0
7.54,5.78,0
7.545,5.78,0
7.55,-5.19,0
7.555,-5.19,0
7.56,17.73,0
7.565,-5.19,0
7.57,-5.19,0
7.575,-5.19,0
7.58,-4.2,0
7.585,7.37,0
7.59,-4.8,0
7.595,-4.8,0
7.6,18.44,0
7.605,18.44,0
7.61,21.59,0
7.615,-7.71,0
7.62,10.82,0
7.625,10.82,0
7.63,9.14,0
7.635,9.14,0
7.64,21.91,0
7.645,-5.74,0
7.65,-5.74,0
7.655,-5.74,0
7.66,-5.74,0
7.665,10.3,0
7.67,10.3,0
7.675,-7.96,0
7.68,-7.96,0
7.685,-7.96,0
7.69,-7.96,0
7.695,15.66,0
7.7,-7.96,0
7.705,8.85,0
7.71,8.85,0
7.715,-3.9,0
7.72,-3.9,0
7.725,20.49,0
7.73,20.49,0
7.735,9.34,0
7.74,10.11,0
7.745,10.11,0
7.75,10.11,0
7.755,10.11,0
7.76,-8.41,0
7.765,19.13,0
7.77,19.13,0
7.775,-8.85,0
7.78,-8.36,0
7.785,-8.85,0
7.79,-8.85,0
7.795,-8.85,0
7.8,-8.85,0
7.805,17.52,0
7.81,17.52,0
7.815,-5.26,0
7.82,-5.26,0
7.825,8.87,0
7.83,8.87,0
7.835,8.87,0
7.84,8.87,0
7.845,8.87,0
7.85,8.87,0
7.855,-6.05,0
7.86,8.68,0
7.865,-5.26,0
7.87,9.01,0
7.875,9.01,0
7.88,9.01,0
7.885,-4.38,0
7.89,-4.38,0
7.895,-6.91,0
7.9,-6.91,0
7.905,-7.56,0
7.91,-0.45,0
7.915,8.87,0
7.92,10.52,0
7.925,-6.82,0
7.93,9.36,0
7.935,-4.84,0
7.94,-4.84,0
7.945,9.37,0
7.95,9.37,0
7.955,9.37,0
7.96,9.37,0
7.965,9.15,0
7.97,9.37,0
7.975,9.07,0
7.98,18.62,0
7.985,16.68,0
7.99,9.44,0
7.995,11.74,0
8.0,11.74,0
8.005,11.74,0
8.01,17.67,0
8.015,17.67,0
8.02,17.67,0
8.025,17.67,0
8.03,10.1,0
8.035,-10.55,0
8.04,-3.8,0
8.045,-5.92,0
8.05,-3.8,0
8.055,-3.8,0
8.06,-3.8,0
8.065,-3.8,0
8.07,-3.8,0
8.075,8.56,0
8.08,8.56,0
8.085,-3.72,0
8.09,-3.72,0
8.095,20.97,0
8.1,20.97,0
8.105,20.97,0
8.11,20.97,0
8.115,20.97,0
8.12,-5.02,0
8.125,-5.02,0
8.13,-5.02,0
8.135,20.1,0
8.14,20.1,0
8.145,20.1,0
8.15,3.64,0
8.155,3.64,0
8.16,-0.2,0
8.165,-0.2,0
8.17,-0.2,0
8.175,16.36,0
8.18,2.96,0
8.185,2.96,0
8.19,-8.64,0
8.195,-8.64,0
8.2,-8.64,0
8.205,17.96,0
8.21,17.96,0
8.215,-1.87,0
8.22,4.0,0
8.225,4.0,0
8.23,4.0,0
8.235,4.0,0
8.24,4.0,0
8.245,16.42,0
8.25,16.42,0
8.255,-2.01,0
8.26,10.01,0
8.265,15.13,0
8.27,-13.2,0
8.275,-7.4,0
8.28,11.47,0
8.285,-7.4,0
8.29,-7.4,0
8.295,-3.55,0
8.3,-7.4,0
8.305,5.16,0
8.31,-5.64,0
8.315,-9.41,0
8.32,17.42,0
8.325,17.42,0
8.33,17.42,0
8.335,17.42,0
8.34,1.95,0
8.345,1.95,0
8.35,14.43,0
8.355,14.43,0
8.36,13.65,0
8.365,13.65,0
8.37,13.65,0
8.375,13.65,0
8.38,-3.18,0
8.385,-3.18,0
8.39,16.16,0
8.395,16.16,0
8.4,-7.33,0
8.405,-7.33,0
8.41,-7.33,0
8.415,-7.33,0
8.42,-0.54,0
8.425,-0.54,0
8.43,-14.13,0
8.435,-14.13,0
8.44,19.92,0
8.445,19.92,0
8.45,19.92,0
8.455,19.92,0
8.46,3.46,0
8.465,3.46,0
8.47,3.46,0
8.475,3.46,0
8.48,-8.98,0
8.485,-8.98,0
8.49,-1.61,0
8.495,-1.61,0
8.5,1.65,0
8.505,1.65,0
8.51,12.75,0
8.515,12.75,0
8.52,-3.39,0
8.525,-3.39,0
8.53,-0.55,0
8.535,18.72,0
8.54,-0.55,0
8.545,-0.55,0
8.55,-0.55,0
8.555,-0.55,0
8.56,5.84,0
8.565,-0.55,0
8.57,-0.55,0
8.575,17.47,0
8.58,17.47,0
8.585,5.76,0
8.59,5.76,0
8.595,5.76,0
8.6,5.76,0
8.605,14.13,0
8.61,14.13,0
8.615,-5.91,0
8.62,-5.91,0
8.625,-5.91,0
8.63,-5.91,0
8.635,15.69,0
8.64,-8.43,0
8.645,-8.43,0
8.65,14.13,0
8.655,-2.32,0
8.66,-2.32,0
8.665,1.58,0
8.67,1.58,0
8.675,16.23,0
8.68,16.23,0
8.685,-8.53,0
8.69,-5.38,0
8.695,16.75,0
8.7,3.9,0
8.705,4.78,0
8.71,11.38,0
8.715,-6.19,0
8.72,-8.68,0
8.725,17.97,0
8.73,21.03,0
8.735,21.03,0
8.74,21.03,0
8.745,21.03,0
8.75,21.03,0
8.755,14.78,0
8.76,14.78,0
8.765,-4.8,0
8.77,-8.15,0
8.775,18.24,0
8.78,18.24,0
8.785,-5.94,0
8.79,-5.94,0
8.795,-5.94,0
8.8,-5.94,0
8.805,-7.9,0
8.81,-7.9,0
8.815,18.95,0
8.82,18.95,0
8.825,18.95,0
8.83,8.13,0
8.835,-0.88,0
8.84,-0.88,0
8.845,-11.5,0
8.85,-11.5,0
8.855,18.05,0
8.86,18.05,0
8.865,-6.66,0
8.87,-6.66,0
8.875,14.26,0
8.88,14.26,0
8.885,-12.13,0
8.89,-12.13,0
8.895,21.19,0
8.9,21.19,0
8.905,-1.52,0
8.91,-1.52,0
8.915,4.25,0
8.92,4.25,0
8.925,-4.65,0
8.93,-4.65,0
8.935,18.78,0
8.94,5.49,0
8.945,-2.25,0
8.95,-2.25,0
8.955,6.08,0
8.96,-4.65,0
8.965,6.08,0
8.97,11.69,0
8.975,11.69,0
8.98,19.3,0
8.985,19.3,0
8.99,-7.12,0
8.995,-7.12,0
9.0,17.73,0
9.005,-7.12,0
9.01,-7.12,0
9.015,-7.12,0
9.02,-5.49,0
9.025,-5.49,0
9.03,-9.94,0
9.035,-9.94,0
9.04,15.49,0
9.045,15.49,0
9.05,15.49,0
9.055,1.86,0
9.06,1.86,0
9.065,-0.87,0
9.07,-0.87,0
9.075,20.62,0
9.08,12.19,0
9.085,16.08,0
9.09,15.38,0
9.095,3.32,0
9.1,3.32,0
9.105,-3.55,0
9.11,-3.55,0
9.115,-8.28,0
9.12,-8.28,0
9.125,-8.28,0
9.13,-8.28,0
9.135,-8.28,0
9.14,-8.28,0
9.145,5.94,0
9.15,5.94,0
9.155,-8.28,0
9.16,-7.43,0
9.165,13.05,0
9.17,13.05,0
9.175,13.05,0
9.18,20.62,0
9.185,-2.43,0
9.19,-2.43,0
9.195,-2.43,0
9.2,-2.43,0
9.205,17.66,0
9.21,-7.84,0
9.215,8.47,0
9.22,5.08,0
9.225,5.08,0
9.23,16.91,0
9.235,16.91,0
9.24,16.91,0
9.245,-5.44,0
9.25,-5.44,0
9.255,5.59,0
9.26,5.59,0
9.265,-4.72,0
9.27,-4.72,0
9.275,-4.72,0
9.28,-3.71,0
9.285,-4.72,0
9.29,-4.72,0
9.295,13.35,0
9.3,13.35,0
9.305,-2.92,0
9.31,-2.92,0
9.315,-2.92,0
9.32,-2.92,0
9.325,-2.92,0
9.33,-2.92,0
9.335,12.46,0
9.34,12.46,0
9.345,2.82,0
9.35,2.82,0
9.355,19.66,0
9.36,19.66,0
9.365,-9.67,0
9.37,-9.67,0
9.375,-9.67,0
9.38,4.74,0
9.385,4.74,0
9.39,-1.19,0
9.395,12.01,0
9.4,-6.93,0
9.405,-6.93,0
9.41,15.81,0
9.415,15.81,0
9.42,3.7,0
9.425,3.7,0
9.43,0.81,0
9.435,0.81,0
9.44,7.64,0
9.445,16.47,0
9.45,12.77,0
9.455,-10.21,0
9.46,20.78,0
9.465,-10.21,0
9.47,10.56,0
9.475,10.56,0
9.48,10.56,0
9.485,-6.91,0
9.49,-6.91,0
9.495,-6.91,0
9.5,-6.91,0
9.505,-9.79,0
9.51,-0.7,0
9.515,-0.7,0
9.52,-0.7,0
9.525,-6.73,0
9.53,13.17,0
9.535,13.17,0
9.54,13.17,0
9.545,13.17,0
9.55,13.17,0
9.555,13.17,0
9.56,-1.06,0
9.565,-1.06,0
9.57,17.38,0
9.575,17.38,0
9.58,6.94,0
9.585,6.94,0
9.59,6.94,0
9.595,6.94,0
9.6,16.3,0
9.605,17.73,0
9.61,-13.32,0
9.615,-13.32,0
9.62,5.08,0
9.625,5.08,0
9.63,-1.81,0
9.635,-1.81,0
9.64,15.92,0
9.645,15.92,0
9.65,-11.0,0
9.655,-3.94,0
9.66,14.63,0
9.665,14.63,0
9.67,-2.63,0
9.675,-2.63,0
9.68,14.87,0
9.685,18.49,0
9.69,-1.03,0
9.695,14.87,0
9.7,-9.41,0
9.705,-9.41,0
9.71,-0.5,0
9.715,-0.5,0
9.72,14.26,0
9.725,18.49,0
9.73,14.26,0
9.735,14.26,0
9.74,14.63,0
9.745,13.73,0
9.75,13.73,0
9.755,-2.1,0
9.76,-2.1,0
9.765,17.49,0
9.77,-11.26,0
9.775,-11.26,0
9.78,-6.24,0
9.785,-6.24,0
9.79,12.86,0
9.795,22.05,0
9.8,7.6,0
9.805,7.6,0
9.81,11.05,0
9.815,11.05,0
9.82,11.05,0
9.825,-4.97,0
9.83,22.12,0
9.835,22.12,0
9.84,-6.65,0
9.845,-2.52,0
9.85,9.59,0
9.855,-5.81,0
9.86,-2.9,0
9.865,-6.3,0
9.87,-6.3,0
9.875,-6.3,0
9.88,-6.3,0
9.885,-8.35,0
9.89,22.05,0
9.895,2.93,0
9.9,4.8,0
9.905,4.8,0
9.91,4.8,0
9.915,4.8,0
9.92,4.8,0
9.925,4.8,0
9.93,-6.57,0
9.935,-6.57,0
9.94,9.76,0
9.945,9.76,0
9.95,17.14,0
9.955,17.14,0
9.96,-2.5,0
9.965,5.68,0
9.97,4.56,0
9.975,4.56,0
9.98,13.27,0
9.985,13.27,0
9.99,-5.61,0
9.995,-5.61,0
10.0,-5.61,0
10.005,9.27,0
10.01,-5.61,0
10.015,-6.84,0
10.02,-6.84,0
10.025,-9.4,0
10.03,17.64,0
10.035,17.64,0
10.04,17.64,0
10.045,17.64,0
10.05,10.18,0
10.055,9.3,0
10.06,12.16,0
10.065,12.16,0
10.07,-7.39,0
10.075,-7.39,0
10.08,16.89,0
10.085,16.89,0
10.09,-4.42,0
10.095,-4.42,0
10.1,11.71,0
10.105,11.71,0
10.11,-5.43,0
10.115,-5.43,0
10.12,19.41,0
10.125,19.41,0
10.13,6.83,0
10.135,18.26,0
10.14,6.83,0
10.145,6.83,0
10.15,-0.26,0
10.155,17.14,0
10.16,24.37,0
10.165,24.37,0
10.17,10.24,0
10.175,10.24,0
10.18,-2.67,0
10.185,10.24,0
10.19,10.24,0
10.195,10.24,0
10.2,20.27,0
10.205,20.27,0
10.21,-4.48,0
10.215,-4.48,0
10.22,2.66,0
10.225,8.6,0
10.23,-9.3,0
10.235,-9.3,0
10.24,-8.13,0
10.245,-8.13,0
10.25,10.22,0
10.255,10.22,0
10.26,10.22,0
10.265,10.22,0
10.27,10.22,0
10.275,10.22,0
10.28,19.98,0
10.285,19.98,0
10.29,7.56,0
10.295,7.56,0
10.3,12.35,0
10.305,12.35,0
10.31,-10.24,0
10.315,-10.24,0
10.32,26.04,0
10.325,22.49,0
10.33,22.49,0
10.335,2.87,0
10.34,-4.37,0
10.345,11.72,1
10.35,11.72,0
10.355,-3.3,0
10.36,-3.3,0
10.365,16.89,0
10.37,-10.44,0
10.375,-10.44,0
10.38,-8.12,0
10.385,6.19,0
10.39,6.19,0
10.395,-7.0,0
10.4,-7.0,0
10.405,19.18,0
10.41,19.18,0
10.415,-6.45,0
10.42,13.58,0
10.425,13.58,0
10.43,13.58,0
10.435,8.4,0
10.44,8.4,0
10.445,21.83,0
10.45,21.83,0
10.455,21.83,0
10.46,21.83,0
10.465,8.17,0
10.47,8.17,0
10.475,-6.93,0
10.48,-6.93,0
10.485,21.01,0
10.49,21.01,0
10.495,-7.25,0
10.5,9.18,0
10.505,2.18,0
10.51,9.18,0
10.515,-8.09,0
10.52,20.67,0
10.525,20.67,0
10.53,20.67,0
10.535,20.67,0
10.54,20.67,0
10.545,20.67,0
10.55,10.34,0
10.555,5.83,0
10.56,17.68,0
10.565,17.68,0
10.57,-7.66,0
10.575,-7.66,0
10.58,9.32,0
10.585,9.32,0
10.59,8.78,0
10.595,8.78,0
10.6,-0.07,0
10.605,-0.07,0
10.61,1.67,0
10.615,1.67,0
10.62,-8.39,0
10.625,-8.39,0
10.63,-8.39,0
10.635,-8.39,0
10.64,-8.39,0
10.645,-8.39,0
10.65,-3.25,0
10.655,-3.25,0
10.66,12.99,0
10.665,12.99,0
10.67,14.36,0
10.675,14.36,0
10.68,-10.29,0
10.685,2.1,0
10.69,1.72,0
10.695,1.72,0
10.7,-6.21,0
10.705,-6.21,0
10.71,-6.21,0
10.715,-6.21,0
10.72,-6.21,0
10.725,-6.21,0
10.73,-6.21,0
10.735,-6.21,0
10.74,0.28,0
10.745,0.28,0
10.75,2.25,0
10.755,19.25,0
10.76,-1.25,0
10.765,-1.25,0
10.77,-1.25,0
10.775,3.15,0
10.78,3.15,0
10.785,18.95,0
10.79,18.95,0
10.795,17.15,0
10.8,17.15,0
10.805,0.28,0
10.81,-0.85,0
10.815,2.19,0
10.82,2.19,0
10.825,-14.3,0
10.83,-14.3,0
10.835,-14.3,0
10.84,-14.3,0
10.845,2.06,0
10.85,2.06,0
10.855,3.48,0
10.86,3.48,0
10.865,14.96,0
10.87,-6.03,0
10.875,15.73,0
10.88,15.73,0
10.885,15.73,0
10.89,0.17,0
10.895,0.17,0
10.9,0.17,0
10.905,21.84,0
10.91,0.17,0
10.915,-9.63,0
10.92,17.61,0
10.925,17.61,0
10.93,17.61,0
10.935,1.3,0
10.94,2.25,0
10.945,2.25,0
10.95,-8.5,0
10.955,-8.5,0
10.96,16.3,0
10.965,16.3,0
10.97,2.76,0
10.975,2.76,0
10.98,2.76,0
10.985,20.28,0
10.99,-9.83,0
10.995,-9.83,0
11.0,18.26,0
11.005,18.26,0
11.01,2.56,0
11.015,2.56,0
11.02,17.68,0
11.025,0.5,0
11.03,17.68,0
11.035,17.68,0
11.04,20.54,0
11.045,20.54,0
11.05,2.58,0
11.055,2.58,0
11.06,17.0,0
11.065,17.0,0
11.07,-7.7,0
11.075,-7.7,0
11.08,-7.7,0
11.085,-7.7,0
11.09,-7.7,0
11.095,-7.7,0
11.1,15.84,0
11.105,15.84,0
11.11,-13.7,0
11.115,-13.7,0
11.12,16.9,0
11.125,16.9,0
11.13,-9.24,0
11.135,2.7,0
11.14,18.96,0
11.145,18.96,0
11.15,18.96,0
11.155,18.96,0
11.16,18.95,0
11.165,18.95,0
11.17,18.95,0
11.175,18.95,0
11.18,18.95,0
11.185,18.95,0
11.19,18.95,0
11.195,-0.86,0
11.2,-0.86,0
11.205,18.63,0
11.21,2.91,0
11.215,2.91,0
11.22,18.62,0
11.225,2.91,0
11.23,-13.7,0
11.235,2.91,0
11.24,18.05,0
11.245,16.09,0
11.25,16.09,0
11.255,16.09,0
11.26,16.09,0
11.265,16.09,0
11.27,8.53,0
11.275,1.14,0
11.28,18.47,0
11.285,18.47,0
11.29,2.28,0
11.295,-5.68,0
11.3,18.63,0
11.305,2.28,0
11.31,8.65,0
11.315,3.98,0
11.32,3.98,0
11.325,-1.4,0
11.33,-1.4,0
11.335,-1.4,0
11.34,-1.4,0
11.345,2.09,0
11.35,2.09,0
11.355,2.09,0
11.36,-7.62,0
11.365,-7.62,0
11.37,-1.55,0
11.375,-1.55,0
11.38,11.0,0
11.385,14.99,0
11.39,-1.55,0
11.395,14.99,0
11.4,14.99,0
11.405,21.02,0
11.41,19.13,0
11.415,18.52,0
11.42,-4.74,0
11.425,-4.74,0
11.43,-4.74,0
11.435,-4.74,0
11.44,-4.74,0
11.445,-4.74,0
11.45,-4.74,0
11.455,19.14,0
11.46,19.14,0
11.465,-12.38,0
11.47,-12.38,0
11.475,12.04,0
11.48,7.81,0
11.485,7.81,0
11.49,-4.36,0
11.495,-4.36,0
11.5,-4.36,0
11.505,19.06,0
11.51,19.06,0
11.515,21.02,0
11.52,-11.97,0
11.525,4.89,0
11.53,0.86,0
11.535,-2.84,0
11.54,16.49,0
11.545,-8.1,0
11.55,-8.1,0
11.555,-8.1,0
11.56,-8.1,0
11.565,8.53,0
11.57,8.53,0
11.575,-2.36,0
11.58,-5.95,0
11.585,-5.95,0
11.59,11.37,0
11.595,11.37,0
11.6,11.37,0
11.605,11.37,0
11.61,11.37,0
11.615,-1.41,0
11.62,-1.41,0
11.625,-1.41,0
11.63,-1.41,0
11.635,-9.38,0
11.64,-9.38,0
11.645,-13.44,0
11.65,-9.38,0
11.655,-3.18,0
11.66,-3.18,0
11.665,15.3,0
11.67,15.3,0
11.675,-6.95,0
11.68,-13.44,0
11.685,8.97,0
11.69,8.97,0
11.695,-5.11,0
11.7,-5.11,0
11.705,20.7,0
11.71,6.45,0
11.715,11.99,0
11.72,11.99,0
11.725,11.99,0
11.73,11.99,0
11.735,-5.36,0
11.74,-6.73,0
11.745,16.49,0
11.75,16.49,0
11.755,16.49,0
11.76,16.49,0
11.765,-5.39,0
11.77,-5.39,0
11.775,-6.32,0
11.78,-6.32,0
11.785,6.37,0
11.79,-6.73,0
11.795,-4.63,0
11.8,6.25,0
11.805,7.85,0
11.81,7.85,0
11.815,-5.37,0
11.82,-5.37,0
11.825,-5.37,0
11.83,-5.37,0
11.835,-7.84,0
11.84,15.44,0
11.845,14.34,0
11.85,14.34,0
11.855,-2.31,0
11.86,19.06,0
11.865,19.06,0
11.87,-6.98,0
11.875,-6.98,0
11.88,7.54,0
11.885,7.54,0
11.89,16.6,0
11.895,7.54,0
11.9,7.54,0
11.905,19.96,0
11.91,19.96,0
11.915,-6.95,0
11.92,-6.95,0
11.925,6.64,0
11.93,6.64,0
11.935,-0.7,0
11.94,-0.7,0
11.945,-0.7,0
11.95,3.88,0
11.955,-9.66,0
11.96,-9.66,0
11.965,14.77,0
11.97,-2.31,0
11.975,-3.66,0
11.98,20.38,0
11.985,20.38,0
11.99,20.38,0
11.995,20.38,0
12.0,12.73,0
12.005,12.73,0
12.01,20.01,0
12.015,9.25,0
12.02,19.37,0
12.025,19.37,0
12.03,-8.91,0
12.035,-8.91,0
12.04,9.64,0
12.045,9.64,0
12.05,7.08,0
12.055,0.69,0
12.06,-3.86,0
12.065,-3.86,0
12.07,-11.93,0
12.075,-11.93,0
12.08,11.57,0
12.085,11.57,0
12.09,5.82,0
12.095,5.82,0
12.1,20.57,0
12.105,20.57,0
12.11,20.57,0
12.115,20.57,0
12.12,20.57,0
12.125,20.57,0
12.13,7.99,0
12.135,7.99,0
12.14,21.83,0
12.145,21.83,0
12.15,21.83,0
12.155,21.83,0
12.16,21.83,0
12.165,11.39,0
12.17,11.59,0
12.175,11.59,0
12.18,-2.67,0
12.185,-2.67,0
12.19,-6.69,0
12.195,-6.69,0
12.2,-6.69,0
12.205,-6.69,0
12.21,11.0,0
12.215,11.0,0
12.22,-1.32,0
12.225,-1.32,0
12.23,-1.32,0
12.235,-1.32,0
12.24,20.79,0
12.245,14.81,0
12.25,19.12,0
12.255,1.07,0
12.26,-2.33,0
12.265,-2.33,0
12.27,2.98,0
12.275,2.98,0
12.28,-0.14,0
12.285,-8.31,0
12.29,-8.31,0
12.295,-8.31,0
12.3,-9.24,0
12.305,-1.32,0
12.31,0.55,0
12.315,-1.87,0
12.32,1.14,0
12.325,-11.22,0
12.33,-11.22,0
12.335,-11.22,0
12.34,-11.22,0
12.345,-11.22,0
12.35,0.16,0
12.355,0.16,0
12.36,13.98,0
12.365,13.98,0
12.37,14.46,0
12.375,14.46,0
12.38,14.46,0
12.385,-3.84,0
12.39,-2.32,0
12.395,1.88,0
12.4,1.88,0
12.405,16.44,0
12.41,16.44,0
12.415,-11.49,0
12.42,-11.49,0
12.425,-5.97,0
12.43,-1.46,0
12.435,2.81,0
12.44,2.81,0
12.445,-10.09,0
12.45,-10.09,0
12.455,16.01,0
12.46,16.01,0
12.465,16.01,0
12.47,16.01,0
12.475,-2.57,0
12.48,-3.84,0
12.485,15.94,0
12.49,15.94,0
12.495,17.31,0
12.5,-0.91,0
12.505,-0.91,0
12.51,-0.91,0
12.515,-0.91,0
12.52,15.37,0
12.525,15.37,0
12.53,15.37,0
12.535,-8.43,0
12.54,2.22,0
12.545,2.22,0
12.55,6.67,0
12.555,6.67,0
12.56,6.67,0
12.565,6.67,0
12.57,-8.2,0
12.575,18.45,0
12.58,16.15,0
12.585,17.7,0
12.59,17.7,0
12.595,4.85,0
12.6,4.85,0
12.605,-8.43,0
12.61,4.85,0
12.615,13.89,0
12.62,13.89,0
12.625,15.96,0
12.63,-3.47,0
12.635,-3.47,0
12.64,-3.47,0
12.645,14.24,0
12.65,-7.68,0
12.655,-7.68,0
12.66,-7.68,0
12.665,4.85,0
12.67,-3.27,0
12.675,3.35,0
12.68,3.35,0
12.685,3.35,0
12.69,3.35,0
12.695,-10.58,0
12.7,-10.58,0
12.705,17.25,0
12.71,-1.86,0
12.715,-1.86,0
12.72,14.64,0
12.725,14.64,0
12.73,14.64,0
12.735,14.64,0
12.74,14.64,0
12.745,19.45,0
12.75,19.45,0
12.755,-2.98,0
12.76,-2.98,0
12.765,10.94,0
12.77,10.94,0
12.775,-8.43,0
12.78,-8.43,0
12.785,19.27,0
12.79,-1.44,0
12.795,-1.44,0
12.8,-1.44,0
12.805,5.42,0
12.81,5.42,0
12.815,-5.61,0
12.82,-5.61,0
12.825,19.98,0
12.83,19.98,0
12.835,1.27,0
12.84,13.29,0
12.845,13.29,0
12.85,13.29,0
12.855,-0.16,0
12.86,21.48,0
12.865,21.48,0
12.87,-0.47,0
12.875,-0.47,0
12.88,-0.47,0
12.885,-0.47,0
12.89,-0.47,0
12.895,-0.47,0
12.9,19.36,0
12.905,19.36,0
12.91,19.36,0
12.915,19.36,0
12.92,19.36,0
12.925,19.36,0
12.93,5.43,0
12.935,5.43,0
12.94,-0.47,0
12.945,20.22,0
12.95,1.85,0
12.955,1.85,0
12.96,1.85,0
12.965,0.97,0
12.97,0.97,0
12.975,15.5,0
12.98,15.5,0
12.985,16.54,0
12.99,16.54,0
12.995,1.24,0
13.0,-0.21,0
13.005,-0.21,0
13.01,-0.21,0
13.015,-36.39,0
13.02,-36.39,0
13.025,-36.39,0
13.03,-58.84,0
13.035,-58.84,0
13.04,-58.84,0
13.045,18.94,0
13.05,18.94,0
13.055,18.94,0
13.06,18.94,0
13.065,18.94,0
13.07,-66.84,0
13.075,21.27,0
13.08,-82.77,0
13.085,-82.77,0
13.09,-359.41,0
13.095,19.46,0
13.1,-163.78,0
13.105,-163.78,0
13.11,-222.74,0
13.115,-222.74,0
13.12,47.63,0
13.125,47.63,0
13.13,305.9,0
13.135,305.9,0
13.14,76.78,0
13.145,76.78,0
13.15,30.77,0
13.155,30.77,0
13.16,-3.96,0
13.165,-3.96,0
13.17,-21.63,0
13.175,-21.63,0
13.18,-21.63,0
13.185,-21.63,0
13.19,-3.83,0
13.195,-3.83,0
13.2,-3.83,0
13.205,47.63,0
13.21,28.85,0
13.215,28.85,0
13.22,64.92,0
13.225,130.18,0
13.23,156.85,0
13.235,156.85,0
13.24,156.85,0
13.245,90.54,0
13.25,23.95,0
13.255,-17.73,0
13.26,-17.73,0
13.265,61.82,0
13.27,90.99,0
13.275,90.99,0
13.28,90.99,0
13.285,57.99,0
13.29,52.19,0
13.295,203.45,0
13.3,-3.8,0
13.305,203.45,0
13.31,203.45,0
13.315,203.45,0
13.32,203.45,0
13.325,392.4,0
13.33,-151.95,0
13.335,-151.95,0
13.34,-93.12,0
13.345,-93.12,0
13.35,-93.12,0
13.355,-93.12,0
13.36,-96.27,0
13.365,-96.27,0
13.37,-102.58,0
13.375,-102.58,0
13.38,-102.58,0
13.385,-101.08,0
13.39,-101.08,0
13.395,37.93,0
13.4,37.93,0
13.405,37.93,0
13.41,37.93,0
13.415,37.93,0
13.42,-41.13,0
13.425,-41.13,0
13.43,-41.13,0
13.435,-111.4,0
13.44,-78.38,0
13.445,-78.38,0
13.45,-276.02,0
13.455,-101.09,0
13.46,-178.55,0
13.465,-178.55,0
13.47,-178.55,0
13.475,80.22,0
13.48,-85.53,0
13.485,-243.98,0
13.49,-85.53,0
13.495,-3.11,0
13.5,-3.11,0
13.505,-3.11,0
13.51,-3.11,0
13.515,-3.11,0
13.52,-422.98,0
13.525,-422.98,0
13.53,-422.98,0
13.535,-82.3,0
13.54,-82.3,0
13.545,-404.67,0
13.55,-404.67,0
13.555,-211.41,0
13.56,-878.89,0
13.565,-878.89,0
13.57,-101.49,0
13.575,-1082.13,0
13.58,-1082.13,0
13.585,-342.3,0
13.59,-342.3,0
13.595,-36.06,0
13.6,318.13,0
13.605,-426.64,0
13.61,-426.64,0
13.615,-426.64,0
13.62,-426.64,0
13.625,-426.64,0
13.63,-426.64,0
13.635,125.7,0
13.64,-520.04,0
13.645,-520.04,0
13.65,-94.49,0
13.655,-50.22,0
13.66,-588.49,0
13.665,-588.49,0
13.67,125.7,0
13.675,-937.87,0
13.68,-937.87,0
13.685,-365.91,0
13.69,-1284.88,0
13.695,-373.07,0
13.7,-213.49,0
13.705,-1194.44,0
13.71,-1194.44,0
13.715,-1361.18,0
13.72,-1361.18,0
13.725,-1383.95,0
13.73,-1549.13,0
13.735,289.4,0
13.74,-1549.13,0
13.745,-1549.13,0
13.75,489.09,0
13.755,-1892.31,0
13.76,-255.38,0
13.765,-1776.34,0
13.77,436.51,0
13.775,-1810.15,0
13.78,-1810.15,0
13.785,-1535.38,0
13.79,-1535.38,0
13.795,-1535.38,0
13.8,-1535.38,0
13.805,-1587.99,0
13.81,-1369.76,0
13.815,-1369.76,0
13.82,-1369.76,0
13.825,-1369.76,0
13.83,-1369.76,0
13.835,-1369.76,0
13.84,-1369.76,0
13.845,-1369.76,0
13.85,-604.54,0
13.855,-1261.24,0
13.86,-1189.79,0
13.865,-1189.79,0
13.87,-167.05,0
13.875,-167.05,0
13.88,-186.75,0
13.885,-186.75,0
13.89,-97.6,0
13.895,-97.6,0
13.9,-1299.24,0
13.905,-97.6,0
13.91,-121.14,0
13.915,-121.14,0
13.92,-118.13,0
13.925,-83.99,0
13.93,5.47,0
13.935,5.47,0
13.94,29.75,0
13.945,29.75,0
13.95,29.75,0
13.955,29.75,0
13.96,29.75,0
13.965,29.75,0
13.97,-37.49,0
13.975,-37.49,0
13.98,-206.12,0
13.985,-206.12,0
13.99,-305.29,0
13.995,-305.29,0
14.0,-1239.19,0
14.005,-106.51,0
14.01,-65.12,0
14.015,-305.29,0
14.02,-117.65,0
14.025,-117.65,0
14.03,-61.48,0
14.035,-61.48,0
14.04,-13.48,0
14.045,-13.48,0
14.05,27.66,0
14.055,27.66,0
14.06,27.66,0
14.065,93.61,0
14.07,93.61,0
14.075,93.61,0
14.08,93.61,0
14.085,-95.84,0
14.09,-201.34,0
14.095,-201.34,0
14.1,-201.34,0
14.105,-201.34,0
14.11,-180.82,0
14.115,-180.82,0
14.12,-348.44,0
14.125,-348.44,0
14.13,-348.44,0
14.135,-225.73,0
14.14,-277.46,0
14.145,-277.46,0
14.15,-120.93,0
14.155,-120.93,0
14.16,-42.67,0
14.165,-42.67,0
14.17,197.49,0
14.175,-120.93,0
14.18,370.54,0
14.185,-95.83,0
14.19,-41.37,0
14.195,-41.37,0
14.2,-486.13,0
14.205,-486.13,0
14.21,-136.88,0
14.215,-136.88,0
14.22,280.48,0
14.225,280.48,0
14.23,693.54,0
14.235,693.54,0
14.24,693.54,0
14.245,693.54,0
14.25,1351.0,0
14.255,1351.0,0
14.26,1060.24,0
14.265,1060.24,0
14.27,-199.89,0
14.275,1060.24,0
14.28,988.82,0
14.285,988.82,0
14.29,766.97,0
14.295,766.97,0
14.3,766.97,0
14.305,766.97,0
14.31,766.97,0
14.315,766.97,0
14.32,766.97,0
14.325,575.67,0
14.33,575.67,0
14.335,586.73,0
14.34,586.73,0
14.345,920.76,0
14.35,920.76,0
14.355,920.76,0
14.36,1021.38,0
14.365,1021.38,0
14.37,1164.26,0
14.375,1164.26,0
14.38,1320.33,0
14.385,1320.33,0
14.39,1320.33,0
14.395,1320.33,0
14.4,113.59,0
14.405,113.59,0
14.41,-460.56,0
14.415,736.04,0
14.42,33.96,0
14.425,33.96,0
14.43,389.58,0
14.435,469.16,0
14.44,469.16,0
14.445,367.26,0
14.45,367.26,0
14.455,274.15,0
14.46,274.15,0
14.465,592.04,0
14.47,592.04,0
14.475,-51.85,0
14.48,-51.85,0
14.485,46.54,0
14.49,46.54,0
14.495,592.04,0
14.5,333.7,0
14.505,-96.23,0
14.51,333.7,0
14.515,333.7,0
14.52,643.29,0
14.525,643.29,0
14.53,633.87,0
14.535,633.87,0
14.54,1050.75,0
14.545,1050.75,0
14.55,1050.83,0
14.555,1050.83,0
14.56,1050.83,0
14.565,274.01,0
14.57,733.08,0
14.575,733.08,0
14.58,629.56,0
14.585,789.91,0
14.59,789.91,0
14.595,939.93,0
14.6,939.93,0
14.605,939.93,0
14.61,829.56,0
14.615,829.56,0
14.62,427.43,0
14.625,1174.33,0
14.63,1347.49,0
14.635,1347.49,0
14.64,630.02,0
14.645,559.5,0
14.65,559.5,0
14.655,603.43,0
14.66,603.43,0
14.665,353.73,0
14.67,353.73,0
14.675,1241.46,0
14.68,1241.46,0
14.685,1710.43,0
14.69,1710.43,0
14.695,629.84,0
14.7,2662.49,0
14.705,534.27,0
14.71,2575.63,0
14.715,629.32,0
14.72,2198.35,0
14.725,2198.35,0
14.73,1892.06,0
14.735,1892.06,0
14.74,2006.79,0
14.745,2006.79,0
14.75,1378.02,0
14.755,1820.6,0
14.76,1820.6,0
14.765,1820.6,0
14.77,1969.17,0
14.775,629.34,0
14.78,1561.1,0
14.785,767.9,0
14.79,1561.1,0
14.795,1561.1,0
14.8,2241.93,0
14.805,2241.93,0
14.81,2201.07,0
14.815,2201.07,0
14.82,1687.38,0
14.825,1142.09,0
14.83,1142.09,0
14.835,530.2,0
14.84,1142.09,0
14.845,1142.09,0
14.85,1753.26,0
14.855,1753.26,0
14.86,1753.26,0
14.865,1024.91,0
14.87,1024.91,0
14.875,1024.91,0
14.88,993.87,0
14.885,993.87,0
14.89,993.87,0
14.895,1053.09,0
14.9,1053.09,0
14.905,1053.09,0
14.91,1053.09,0
14.915,1053.09,0
14.92,1053.09,0
14.925,1048.42,0
14.93,1048.42,0
14.935,1683.85,0
14.94,1683.85,0
14.945,1754.98,0
14.95,1508.37,0
14.955,1754.98,0
14.96,1754.98,0
14.965,1692.3,0
14.97,1692.3,0
14.975,1736.24,0
14.98,1680.29,0
14.985,1469.05,0
14.99,1809.97,0
14.995,1469.05,0
15.0,1469.05,0
15.005,1152.33,0
15.01,1469.05,0
15.015,830.81,0
15.02,830.81,0
15.025,826.27,0
15.03,826.27,0
15.035,913.18,0
15.04,913.18,0
15.045,913.18,0
15.05,913.18,0
15.055,913.18,0
15.06,877.16,0
15.065,877.16,0
15.07,1181.3,0
15.075,1692.18,0
15.08,826.27,0
15.085,895.9,0
15.09,895.9,0
15.095,895.9,0
15.1,895.9,0
15.105,1691.85,0
15.11,890.01,0
15.115,890.01,0
15.12,681.5,0
15.125,913.17,0
15.13,681.5,0
15.135,681.5,0
15.14,850.04,0
15.145,850.04,0
15.15,826.59,0
15.155,826.59,0
15.16,858.73,0
15.165,858.73,0
15.17,770.06,0
15.175,770.06,0
15.18,770.06,0
15.185,429.64,0
15.19,429.64,0
15.195,429.64,0
15.2,429.64,0
15.205,1164.22,0
15.21,1164.22,0
15.215,1535.03,0
15.22,1535.03,0
15.225,1535.03,0
15.23,1535.03,0
15.235,1535.03,0
15.24,615.79,0
15.245,1389.28,0
15.25,1389.28,0
15.255,1817.39,0
15.26,1817.39,0
15.265,2169.37,0
15.27,2169.37,0
15.275,2383.23,0
15.28,2383.23,0
15.285,2094.86,0
15.29,2094.86,0
15.295,2094.86,0
15.3,2094.86,0
15.305,2094.86,0
15.31,2094.86,0
15.315,1502.71,0
15.32,1502.71,0
15.325,2161.06,0
15.33,1586.62,0
15.335,1878.56,0
15.34,1205.38,0
15.345,1205.38,1
15.35,1205.38,0
15.355,1205.38,0
15.36,1205.38,0
15.365,1205.38,0
15.37,1532.96,0
15.375,1502.72,0
15.38,1323.44,0
15.385,1197.04,0
15.39,1968.62,0
15.395,1968.62,0
15.4,1942.45,0
15.405,1942.45,0
15.41,1865.47,0
15.415,1865.47,0
15.42,1673.12,0
15.425,1923.27,0
15.43,2029.76,0
15.435,2063.4,0
15.44,2063.4,0
15.445,2129.16,0
15.45,2129.16,0
15.455,2129.16,0
15.46,1968.63,0
15.465,2052.21,0
15.47,1923.27,0
15.475,2052.21,0
15.48,2191.63,0
15.485,1313.78,0
15.49,250.15,0
15.495,84.87,0
15.5,84.87,0
15.505,129.84,0
15.51,129.84,0
15.515,129.84,0
15.52,102.08,0
15.525,102.08,0
15.53,162.09,0
15.535,102.08,0
15.54,98.33,0
15.545,98.33,0
15.55,98.33,0
15.555,116.38,0
15.56,116.38,0
15.565,109.71,0
15.57,109.71,0
15.575,109.71,0
15.58,1939.71,0
15.585,239.47,0
15.59,239.47,0
15.595,165.71,0
15.6,165.71,0
15.605,69.97,0
15.61,69.97,0
15.615,-56.53,0
15.62,-56.53,0
15.625,-185.08,0
15.63,-185.08,0
15.635,-138.5,0
15.64,-138.5,0
15.645,28.54,0
15.65,28.54,0
15.655,-59.89,0
15.66,-59.89,0
15.665,-59.89,0
15.67,-142.41,0
15.675,-142.41,0
15.68,-41.23,0
15.685,-41.23,0
15.69,38.96,0
15.695,38.96,0
15.7,38.96,0
15.705,38.96,0
15.71,126.03,0
15.715,126.03,0
15.72,166.01,0
15.725,263.28,0
15.73,263.28,0
15.735,263.28,0
15.74,115.34,0
15.745,104.24,0
15.75,115.34,0
15.755,115.34,0
15.76,115.34,0
15.765,115.34,0
15.77,902.2,0
15.775,902.2,0
15.78,15.23,0
15.785,926.46,0
15.79,263.28,0
15.795,993.92,0
15.8,872.0,0
15.805,1041.21,0
15.81,1041.21,0
15.815,917.55,0
15.82,917.55,0
15.825,917.55,0
15.83,839.76,0
15.835,934.31,0
15.84,934.31,0
15.845,903.41,0
15.85,903.41,0
15.855,887.28,0
15.86,887.28,0
15.865,887.28,0
15.87,887.28,0
15.875,935.78,0
15.88,935.78,0
15.885,876.55,0
15.89,876.55,0
15.895,938.22,0
15.9,938.22,0
15.905,956.94,0
15.91,190.58,0
15.915,956.94,0
15.92,956.94,0
15.925,839.76,0
15.93,953.64,0
15.935,872.36,0
15.94,935.37,0
15.945,1079.08,0
15.95,1079.08,0
15.955,1005.06,0
15.96,1005.06,0
15.965,961.57,0
15.97,961.57,0
15.975,976.68,0
15.98,990.38,0
15.985,1090.58,0
15.99,1090.58,0
15.995,953.56,0
16.0,953.56,0
16.005,972.26,0
16.01,972.26,0
16.015,972.26,0
16.02,972.26,0
16.025,838.64,0
16.03,1065.29,0
16.035,1065.74,0
16.04,1065.74,0
16.045,732.73,0
16.05,787.98,0
16.055,787.98,0
16.06,787.98,0
16.065,787.98,0
16.07,787.98,0
16.075,787.98,0
16.08,787.98,0
16.085,1130.2,0
16.09,1130.2,0
16.095,1297.31,0
16.1,1297.31,0
16.105,1336.35,0
16.11,1336.35,0
16.115,1336.35,0
16.12,1336.35,0
16.125,1165.68,0
16.13,1165.68,0
16.135,1165.68,0
16.14,1165.68,0
16.145,1101.09,0
16.15,1101.09,0
16.155,997.11,0
16.16,997.11,0
16.165,997.11,0
16.17,997.11,0
16.175,997.11,0
16.18,997.11,0
16.185,1186.27,0
16.19,1122.98,0
16.195,1043.71,0
16.2,1043.71,0
16.205,1019.14,0
16.21,1019.14,0
16.215,914.22,0
16.22,938.69,0
16.225,938.69,0
16.23,938.69,0
16.235,938.69,0
16.24,951.4,0
16.245,951.4,0
16.25,951.4,0
16.255,951.4,0
16.26,875.38,0
16.265,875.38,0
16.27,985.7,0
16.275,985.7,0
16.28,1198.49,0
16.285,985.7,0
16.29,981.72,0
16.295,981.72,0
16.3,1201.95,0
16.305,26.74,0
16.31,-56.52,0
16.315,-56.52,0
16.32,-22.25,0
16.325,-22.25,0
16.33,-50.03,0
16.335,-50.03,0
16.34,-50.03,0
16.345,-50.03,0
16.35,-50.03,0
16.355,965.51,0
16.36,-50.03,0
16.365,90.02,0
16.37,-28.57,0
16.375,35.66,0
16.38,900.38,0
16.385,143.32,0
16.39,143.32,0
16.395,82.1,0
16.4,82.1,0
16.405,51.87,0
16.41,51.87,0
16.415,83.44,0
16.42,83.44,0
16.425,12.84,0
16.43,12.84,0
16.435,-3.6,0
16.44,954.66,0
16.445,-3.6,0
16.45,-3.6,0
16.455,-3.6,0
16.46,-3.6,0
16.465,74.77,0
16.47,74.77,0
16.475,19.66,0
16.48,19.66,0
16.485,86.24,0
16.49,86.24,0
16.495,-95.29,0
16.5,-95.29,0
16.505,-197.44,0
16.51,-197.44,0
16.515,-197.44,0
16.52,-219.69,0
16.525,-219.69,0
16.53,25.49,0
16.535,25.49,0
16.54,-26.26,0
16.545,-26.26,0
16.55,-53.42,0
16.555,-53.42,0
16.56,-53.42,0
16.565,-563.69,0
16.57,-563.69,0
16.575,-289.13,0
16.58,-289.13,0
16.585,40.31,0
16.59,22.16,0
16.595,-477.56,0
16.6,-477.56,0
16.605,-771.79,0
16.61,-771.79,0
16.615,-876.67,0
16.62,-876.67,0
16.625,79.29,0
16.63,-630.94,0
16.635,-941.64,0
16.64,-511.56,0
16.645,-511.56,0
16.65,-511.56,0
16.655,-511.56,0
16.66,-296.98,0
16.665,-296.98,0
16.67,-296.98,0
16.675,-97.21,0
16.68,-38.79,0
16.685,-97.21,0
16.69,-172.3,0
16.695,-172.3,0
16.7,-172.3,0
16.705,-172.3,0
16.71,-95.35,0
16.715,-95.35,0
16.72,115.45,0
16.725,115.45,0
16.73,115.45,0
16.735,115.45,0
16.74,325.23,0
16.745,325.23,0
16.75,138.47,0
16.755,138.47,0
16.76,160.37,0
16.765,160.37,0
16.77,72.94,0
16.775,72.94,0
16.78,133.5,0
16.785,133.5,0
16.79,-11.41,0
16.795,-11.41,0
16.8,-11.41,0
16.805,17.79,0
16.81,17.79,0
16.815,37.93,0
16.82,37.93,0
16.825,109.43,0
16.83,109.43,0
16.835,49.62,0
16.84,49.62,0
16.845,160.37,0
16.85,62.49,0
16.855,58.51,0
16.86,62.49,0
16.865,164.89,0
16.87,51.75,0
16.875,-8.82,0
16.88,154.94,0
16.885,154.94,0
16.89,154.94,0
16.895,29.28,0
16.9,29.28,0
16.905,29.28,0
16.91,17.66,0
16.915,-23.07,0
16.92,17.66,0
16.925,83.5,0
16.93,59.71,0
16.935,83.5,0
16.94,83.5,0
16.945,83.5,0
16.95,165.17,0
16.955,80.49,0
16.96,136.52,0
16.965,136.52,0
16.97,136.52,0
16.975,102.53,0
16.98,-1.42,0
16.985,-1.42,0
16.99,70.34,0
16.995,70.34,0
17.0,70.34,0
17.005,102.74,0
17.01,250.33,0
17.015,250.33,0
17.02,29.41,0
17.025,29.41,0
17.03,-688.04,0
17.035,-688.04,0
17.04,-692.75,0
17.045,-692.75,0
17.05,77.77,0
17.055,-296.25,0
17.06,-762.79,0
17.065,-762.79,0
17.07,-762.79,0
17.075,-762.79,0
17.08,-1033.24,0
17.085,-1033.24,0
17.09,83.29,0
17.095,-1067.48,0
17.1,-1067.48,0
17.105,-1067.48,0
17.11,-1156.34,0
17.115,-3.55,0
17.12,54.82,0
17.125,54.82,0
17.13,54.82,0
17.135,54.82,0
17.14,-66.72,0
17.145,-66.72,0
17.15,-66.72,0
17.155,-21.22,0
17.16,-80.04,0
17.165,-80.04,0
17.17,-80.04,0
17.175,-170.86,0
17.18,-170.86,0
17.185,-170.86,0
17.19,8.42,0
17.195,8.42,0
17.2,-73.52,0
17.205,-6.42,0
17.21,-45.09,0
17.215,-45.09,0
17.22,8.42,0
17.225,4.27,0
17.23,4.27,0
17.235,4.27,0
17.24,4.27,0
17.245,-46.58,0
17.25,-46.58,0
17.255,-29.93,0
17.26,-29.93,0
17.265,-100.71,0
17.27,170.53,0
17.275,-133.14,0
17.28,-133.14,0
17.285,-96.35,0
17.29,-71.5,0
17.295,-71.5,0
17.3,-71.5,0
17.305,-71.5,0
17.31,-9.46,0
17.315,-9.46,0
17.32,-13.88,0
17.325,-94.0,0
17.33,-13.88,0
17.335,9.04,0
17.34,9.04,0
17.345,57.73,0
17.35,57.73,0
17.355,-94.07,0
17.36,57.73,0
17.365,-23.88,0
17.37,-23.88,0
17.375,-36.95,0
17.38,-36.95,0
17.385,169.36,0
17.39,169.36,0
17.395,-58.13,0
17.4,-58.13,0
17.405,-105.85,0
17.41,-105.85,0
17.415,64.39,0
17.42,64.39,0
17.425,64.39,0
17.43,64.39,0
17.435,64.39,0
17.44,-142.88,0
17.445,-67.42,0
17.45,80.31,0
17.455,311.08,0
17.46,71.64,0
17.465,311.08,0
17.47,311.08,0
17.475,253.85,0
17.48,253.85,0
17.485,253.85,0
17.49,253.85,0
17.495,459.05,0
17.5,459.05,0
17.505,1337.67,0
17.51,1337.67,0
17.515,1337.67,0
17.52,1337.67,0
17.525,59.23,0
17.53,2171.09,0
17.535,2171.09,0
17.54,2171.09,0
17.545,2095.36,0
17.55,2095.36,0
17.555,2095.36,0
17.56,2095.36,0
17.565,2152.37,0
17.57,2152.37,0
17.575,3008.88,0
17.58,3008.88,0
17.585,2832.13,0
17.59,2832.13,0
17.595,253.78,0
17.6,2982.0,0
17.605,2982.0,0
17.61,2924.07,0
17.615,2924.07,0
17.62,2992.1,0
17.625,2992.1,0
17.63,3327.62,0
17.635,316.55,0
17.64,3524.6,0
17.645,3524.6,0
17.65,4660.63,0
17.655,4660.63,0
17.66,5044.89,0
17.665,5044.89,0
17.67,4924.23,0
17.675,4924.23,0
17.68,4924.23,0
17.685,4920.07,0
17.69,4920.07,0
17.695,4834.74,0
17.7,4834.74,0
17.705,4950.91,0
17.71,4950.91,0
17.715,5008.66,0
17.72,5008.66,0
17.725,4905.87,0
17.73,4905.87,0
17.735,4820.26,0
17.74,4782.9,0
17.745,4782.9,0
17.75,4219.63,0
17.755,4607.77,0
17.76,4607.77,0
17.765,4594.86,0
17.77,4702.86,0
17.775,4702.86,0
17.78,4702.86,0
17.785,4707.32,0
17.79,4707.32,0
17.795,4707.32,0
17.8,4707.32,0
17.805,4837.84,0
17.81,4837.84,0
17.815,4840.51,0
17.82,4840.51,0
17.825,4835.9,0
17.83,4835.9,0
17.835,4923.53,0
17.84,4923.53,0
17.845,4923.53,0
17.85,4923.53,0
17.855,4937.82,0
17.86,4852.76,0
17.865,4935.62,0
17.87,4935.62,0
17.875,4874.19,0
17.88,4618.56,0
17.885,4957.75,0
17.89,4874.19,0
17.895,4934.33,0
17.9,4934.33,0
17.905,4790.77,0
17.91,4790.77,0
17.915,4498.15,0
17.92,4663.17,0
17.925,5332.44,0
17.93,4843.57,0
17.935,4843.57,0
17.94,254.91,0
17.945,388.09,0
17.95,4895.96,0
17.955,254.91,0
17.96,254.91,0
17.965,-210.27,0
17.97,-828.3,0
17.975,-828.3,0
17.98,-828.3,0
17.985,-828.3,0
17.99,-828.3,0
17.995,-828.3,0
18.0,-828.3,0
18.005,-828.3,0
18.01,-1384.02,0
18.015,-1384.02,0
18.02,-1384.02,0
18.025,-1384.02,0
18.03,-1384.02,0
18.035,-1153.96,0
18.04,-1153.96,0
18.045,-1064.87,0
18.05,-1064.87,0
18.055,-1064.87,0
18.06,-1064.87,0
18.065,-1230.42,0
18.07,4840.42,0
18.075,-2037.18,0
18.08,-2037.18,0
18.085,-1943.86,0
18.09,-1943.86,0
18.095,-1943.86,0
18.1,-2017.41,0
18.105,-2017.41,0
18.11,-2017.41,0
18.115,-2017.41,0
18.12,-2017.41,0
18.125,-2125.25,0
18.13,-2125.25,0
18.135,-2125.25,0
18.14,-2125.25,0
18.145,-2662.1,0
18.15,-2662.1,0
18.155,-2175.23,0
18.16,-3366.42,0
18.165,-4037.19,0
18.17,-4037.19,0
18.175,-4037.19,0
18.18,-4037.19,0
18.185,-5138.36,0
18.19,-5138.36,0
18.195,-5780.19,0
18.2,-6153.25,0
18.205,-6153.25,0
18.21,-6405.41,0
18.215,-6405.41,0
18.22,-6405.41,0
18.225,-6405.41,0
18.23,-6516.47,0
18.235,-6405.41,0
18.24,-7094.77,0
18.245,-7094.77,0
18.25,-7055.33,0
18.255,-4037.18,0
18.26,-7489.84,0
18.265,-7489.84,0
18.27,-7489.84,0
18.275,-7184.16,0
18.28,-7184.16,0
18.285,-7770.34,0
18.29,-7565.04,0
18.295,-7565.04,0
18.3,-7565.04,0
18.305,-6813.14,0
18.31,-6813.14,0
18.315,-6856.48,0
18.32,-6856.48,0
18.325,-6856.48,0
18.33,-6856.48,0
18.335,-6856.48,0
18.34,-6856.48,0
18.345,-6793.1,0
18.35,-5954.51,0
18.355,-7483.68,0
18.36,-6062.91,0
18.365,-6762.06,0
18.37,-6788.58,0
18.375,-6762.06,0
18.38,-6762.06,0
18.385,-6838.79,0
18.39,-6838.79,0
18.395,-6862.1,0
18.4,-7581.27,0
18.405,-6890.48,0
18.41,-6890.48,0
18.415,-6906.0,0
18.42,-6899.25,0
18.425,-6899.25,0
18.43,-6899.25,0
18.435,-6943.1,0
18.44,-6943.1,0
18.445,-6913.76,0
18.45,-7520.29,0
18.455,-6909.85,0
18.46,-6909.85,0
18.465,-6909.85,0
18.47,-6909.85,0
18.475,-6872.72,0
18.48,-7077.64,0
18.485,-6998.18,0
18.49,-6817.42,0
18.495,-6998.18,0
18.5,-6839.23,0
18.505,-6971.25,0
18.51,-6971.25,0
18.515,-6872.71,0
18.52,-6971.25,0
18.525,-6855.34,0
18.53,-6870.58,0
18.535,-6719.75,0
18.54,-6719.75,0
18.545,-6719.75,0
18.55,-7028.37,0
18.555,-7028.37,0
18.56,-7061.32,0
18.565,-7061.32,0
18.57,-7009.72,0
18.575,-7009.72,0
18.58,-7009.72,0
18.585,-6943.58,0
18.59,-6939.98,0
18.595,-6939.98,0
18.6,-6939.98,0
18.605,-6939.98,0
18.61,-6806.64,0
18.615,-6806.64,0
18.62,-7494.66,0
18.625,-7494.66,0
18.63,-7494.66,0
18.635,-7494.66,0
18.64,-7008.95,0
18.645,-7494.66,0
18.65,-6979.22,0
18.655,-7032.14,0
18.66,-6810.64,0
18.665,-6810.64,0
18.67,-6789.42,0
18.675,-6789.42,0
18.68,-6765.74,0
18.685,-6765.74,0
18.69,-6820.78,0
18.695,-6820.78,0
18.7,-6678.57,0
18.705,-6678.57,0
18.71,-6678.57,0
18.715,-6678.57,0
18.72,-6799.59,0
18.725,-6799.59,0
18.73,-6924.55,0
18.735,-6924.55,0
18.74,-6924.55,0
18.745,-6897.23,0
18.75,-6256.35,0
18.755,-6256.35,0
18.76,-6256.35,0
18.765,211.79,0
18.77,211.79,0
18.775,211.79,0
18.78,211.79,0
18.785,118.66,0
18.79,118.66,0
18.795,137.63,0
18.8,137.63,0
18.805,323.66,0
18.81,323.66,0
18.815,342.77,0
18.82,342.77,0
18.825,342.77,0
18.83,176.9,0
18.835,176.9,0
18.84,67.78,0
18.845,67.78,0
18.85,47.67,0
18.855,47.67,0
18.86,57.21,0
18.865,57.21,0
18.87,-7964.13,0
18.875,57.21,0
18.88,57.21,0
18.885,-6905.07,0
18.89,-98.66,0
18.895,-98.66,0
18.9,-98.66,0
18.905,-152.7,0
18.91,-152.7,0
18.915,-152.7,0
18.92,-152.7,0
18.925,-241.23,0
18.93,-241.23,0
18.935,-764.94,0
18.94,-764.94,0
18.945,-584.52,0
18.95,11.22,0
18.955,-1610.85,0
18.96,-1610.85,0
18.965,-1963.35,0
18.97,-1915.46,0
18.975,-1915.46,0
18.98,-1999.54,0
18.985,-1999.54,0
18.99,-1999.54,0
18.995,-1999.54,0
19.0,-1999.54,0
19.005,-1988.58,0
19.01,-1988.58,0
19.015,-1832.63,0
19.02,-1832.63,0
19.025,-1875.56,0
19.03,-1875.56,0
19.035,-1835.31,0
19.04,-152.26,0
19.045,-1835.31,0
19.05,-1835.31,0
19.055,-1708.85,0
19.06,-1708.85,0
19.065,-1708.85,0
19.07,-1764.62,0
19.075,-1764.62,0
19.08,-1720.4,0
19.085,-1700.86,0
19.09,-1700.86,0
19.095,-1700.86,0
19.1,-1719.42,0
19.105,-1719.42,0
19.11,-1892.67,0
19.115,-1817.76,0
19.12,-1772.5,0
19.125,-1637.92,0
19.13,-1815.89,0
19.135,-1815.89,0
19.14,-1815.89,0
19.145,-1815.89,0
19.15,-1833.69,0
19.155,-1843.44,0
19.16,-1843.44,0
19.165,-1843.44,0
19.17,-1915.91,0
19.175,-1915.91,0
19.18,-1761.2,0
19.185,-1761.2,0
19.19,-1761.2,0
19.195,-1761.2,0
19.2,-1761.2,0
19.205,-1761.2,0
19.21,-1959.79,0
19.215,-1959.79,0
19.22,-1981.45,0
19.225,-1981.45,0
19.23,-2003.75,0
19.235,-2003.75,0
19.24,-2025.03,0
19.245,-1761.2,0
19.25,-1962.08,0
19.255,-1962.08,0
19.26,-1962.08,0
19.265,-1962.08,0
19.27,-1959.68,0
19.275,-1959.68,0
19.28,-1929.13,0
19.285,-1929.13,0
19.29,-2079.14,0
19.295,-2079.14,0
19.3,-2025.47,0
19.305,-2025.47,0
19.31,-1988.68,0
19.315,-1988.68,0
19.32,-1785.24,0
19.325,-1785.24,0
19.33,-1781.9,0
19.335,-1785.24,0
19.34,-1858.81,0
19.345,-1825.8,0
19.35,-1930.98,0
19.355,-1930.98,0
19.36,-1930.98,0
19.365,-1897.42,0
19.37,-1798.32,0
19.375,-1798.32,0
19.38,-1878.72,0
19.385,-1878.72,0
19.39,-1943.26,0
19.395,-1943.26,0
19.4,-1943.26,0
19.405,-1920.89,0
19.41,-1920.89,0
19.415,-1933.4,0
19.42,-1858.81,0
19.425,-1933.4,0
19.43,-1933.4,0
19.435,-1832.47,0
19.44,-1898.25,0
19.445,-2451.0,0
19.45,-2451.0,0
19.455,-1873.66,0
19.46,-2451.0,0
19.465,-1952.56,0
19.47,-1952.56,0
19.475,-2247.65,0
19.48,-1952.78,0
19.485,-1885.74,0
19.49,-1885.74,0
19.495,-1782.46,0
19.5,-1782.46,0
19.505,-1782.46,0
19.51,-1872.81,0
19.515,-1872.81,0
19.52,-1872.81,0
19.525,-1867.76,0
19.53,-1867.76,0
19.535,-1929.84,0
19.54,-1929.84,0
19.545,-2003.57,0
19.55,-2003.57,0
19.555,-2025.93,0
19.56,-2025.93,0
19.565,-2025.93,0
19.57,-2018.2,0
19.575,-2053.88,0
19.58,-140.92,0
19.585,-140.92,0
19.59,-75.44,0
19.595,-75.44,0
19.6,225.01,0
19.605,-1924.07,0
19.61,176.99,0
19.615,176.99,0
19.62,105.7,0
19.625,105.7,0
19.63,-2050.06,0
19.635,-120.13,0
19.64,-25.16,0
19.645,-149.45,0
19.65,-149.45,0
19.655,-36.36,0
19.66,-36.36,0
19.665,-128.71,0
19.67,-128.71,0
19.675,-110.02,0
19.68,-110.02,0
19.685,-110.02,0
19.69,-110.02,0
19.695,-110.02,0
19.7,-110.02,0
19.705,-126.26,0
19.71,59.91,0
19.715,52.89,0
19.72,52.89,0
19.725,117.85,0
19.73,117.85,0
19.735,117.85,0
19.74,117.85,0
19.745,-125.17,0
19.75,106.84,0
19.755,181.43,0
19.76,181.43,0
19.765,181.43,0
19.77,183.79,0
19.775,197.35,0
19.78,197.35,0
19.785,188.07,0
19.79,188.07,0
19.795,99.84,0
19.8,99.84,0
19.805,4.78,0
19.81,4.78,0
19.815,-339.44,0
19.82,-339.44,0
19.825,-220.42,0
19.83,183.79,0
19.835,-220.42,0
19.84,68.43,0
19.845,38.13,0
19.85,38.13,0
19.855,38.13,0
19.86,-347.1,0
19.865,65.62,0
19.87,-68.48,0
19.875,74.02,0
19.88,1.77,0
19.885,177.35,0
19.89,177.35,0
19.895,-74.91,0
19.9,-74.91,0
19.905,-74.91,0
19.91,-46.06,0
19.915,-46.06,0
19.92,-5.86,0
19.925,-5.86,0
19.93,-36.36,0
19.935,-36.36,0
19.94,123.56,0
19.945,123.56,0
19.95,146.15,0
19.955,146.15,0
19.96,55.07,0
19.965,68.58,0
19.97,80.62,0
19.975,80.62,0
19.98,43.15,0
19.985,43.15,0
19.99,25.46,0
19.995,29.68,0
20.0,29.68,0
20.005,29.68,0
20.01,68.14,0
20.015,37.16,0
20.02,22.36,0
20.025,25.46,0
20.03,22.36,0
20.035,-46.02,0
20.04,2.26,0
20.045,2.26,0
20.05,89.45,0
20.055,107.08,0
20.06,16.86,0
20.065,16.86,0
20.07,16.86,0
20.075,-97.2,0
20.08,16.86,0
20.085,-88.52,0
20.09,43.05,0
20.095,-254.3,0
20.1,-254.3,0
20.105,-57.99,0
20.11,-57.99,0
20.115,406.51,0
20.12,406.51,0
20.125,406.51,0
20.13,406.51,0
20.135,737.19,0
20.14,737.19,0
20.145,737.19,0
20.15,737.19,0
20.155,1800.07,0
20.16,1800.07,0
20.165,2086.73,0
20.17,2086.73,0
20.175,2086.73,0
20.18,2086.73,0
20.185,2022.14,0
20.19,2022.14,0
20.195,1848.31,0
20.2,1848.31,0
20.205,1926.22,0
20.21,1926.22,0
20.215,1951.84,0
20.22,1951.84,0
20.225,1951.84,0
20.23,1951.84,0
20.235,1951.84,0
20.24,1951.84,0
20.245,1943.43,0
20.25,1943.43,0
20.255,1922.82,0
20.26,1922.82,0
20.265,1922.82,0
20.27,1922.82,0
20.275,1906.44,0
20.28,1906.44,0
20.285,1947.8,0
20.29,1947.8,0
20.295,1947.8,0
20.3,1947.8,0
20.305,2068.95,0
20.31,2068.95,0
20.315,2068.95,0
20.32,2068.95,0
20.325,2068.95,0
20.33,2068.95,0
20.335,2068.95,0
20.34,2068.95,0
20.345,1892.19,0
20.35,1960.0,1
20.355,1854.76,0
20.36,1723.22,0
20.365,1642.55,0
20.37,1642.55,0
20.375,1544.44,0
20.38,1544.44,0
20.385,1544.44,0
20.39,1544.44,0
20.395,1968.26,0
20.4,410.44,0
20.405,410.44,0
20.41,410.44,0
20.415,410.44,0
20.42,639.7,0
20.425,639.7,0
20.43,873.07,0
20.435,873.07,0
20.44,764.17,0
20.445,1642.56,0
20.45,764.17,0
20.455,764.17,0
20.46,488.97,0
20.465,488.97,0
20.47,1048.79,0
20.475,1048.79,0
20.48,853.74,0
20.485,853.74,0
20.49,1067.43,0
20.495,1067.43,0
20.5,1067.43,0
20.505,1879.95,0
20.51,1193.89,0
20.515,1193.89,0
20.52,1179.22,0
20.525,1179.22,0
20.53,1112.93,0
20.535,1112.93,0
20.54,1112.93,0
20.545,1112.93,0
20.55,1052.22,0
20.555,1112.48,0
20.56,1254.01,0
20.565,1254.01,0
20.57,1254.01,0
20.575,1254.01,0
20.58,1254.01,0
20.585,1254.01,0
20.59,1254.01,0
20.595,1112.48,0
20.6,1154.18,0
20.605,1154.18,0
20.61,1760.22,0
20.615,1760.22,0
20.62,1702.53,0
20.625,917.71,0
20.63,1702.53,0
20.635,1702.53,0
20.64,825.99,0
20.645,825.99,0
20.65,965.51,0
20.655,965.51,0
20.66,1070.91,0
20.665,1197.04,0
20.67,1070.91,0
20.675,1070.91,0
20.68,1070.91,0
20.685,1070.91,0
20.69,1070.91,0
20.695,1070.91,0
20.7,1070.91,0
20.705,772.54,0
20.71,857.14,0
20.715,857.14,0
20.72,857.14,0
20.725,420.17,0
20.73,420.17,0
20.735,280.54,0
20.74,280.54,0
20.745,107.82,0
20.75,107.82,0
20.755,301.18,0
20.76,301.18,0
20.765,337.19,0
20.77,1343.95,0
20.775,1343.95,0
20.78,876.17,0
20.785,876.17,0
20.79,876.17,0
20.795,876.17,0
20.8,2044.68,0
20.805,788.35,0
20.81,1155.79,0
20.815,1155.79,0
20.82,-109.49,0
20.825,-109.49,0
20.83,-578.76,0
20.835,-578.76,0
20.84,-578.76,0
20.845,-578.76,0
20.85,-542.46,0
20.855,-542.46,0
20.86,-542.46,0
20.865,-392.76,0
20.87,-598.4,0
20.875,1154.65,0
20.88,-754.34,0
20.885,-754.34,0
20.89,-754.34,0
20.895,-754.34,0
20.9,-858.72,0
20.905,-858.72,0
20.91,-965.32,0
20.915,-754.34,0
20.92,-1015.8,0
20.925,-1026.64,0
20.93,-1026.64,0
20.935,-1026.64,0
20.94,-1026.64,0
20.945,-1026.64,0
20.95,-1026.64,0
20.955,-1097.43,0
20.96,-1097.43,0
20.965,-887.64,0
20.97,-887.64,0
20.975,-507.51,0
20.98,-507.51,0
20.985,-750.58,0
20.99,-472.17,0
20.995,-36.22,0
21.0,-36.22,0
21.005,490.9,0
21.01,490.9,0
21.015,1395.61,0
21.02,-669.87,0
21.025,1692.87,0
21.03,1692.87,0
21.035,1692.87,0
21.04,1692.87,0
21.045,1692.87,0
21.05,-1054.54,0
21.055,1997.45,0
21.06,1997.45,0
21.065,2073.75,0
21.07,2073.75,0
21.075,2045.88,0
21.08,2045.88,0
21.085,-1047.92,0
21.09,1667.76,0
21.095,1406.28,0
21.1,-930.83,0
21.105,-516.18,0
21.11,1491.54,0
21.115,2068.45,0
21.12,1692.02,0
21.125,1692.02,0
21.13,1752.15,0
21.135,1692.02,0
21.14,1879.44,0
21.145,1879.44,0
21.15,1852.73,0
21.155,1852.73,0
21.16,1932.74,0
21.165,1932.74,0
21.17,2031.53,0
21.175,2031.53,0
21.18,2031.53,0
21.185,1998.11,0
21.19,1998.11,0
21.195,1998.11,0
21.2,128.73,0
21.205,128.73,0
21.21,307.84,0
21.215,1998.11,0
21.22,558.31,0
21.225,558.31,0
21.23,310.43,0
21.235,116.64,0
21.24,116.64,0
21.245,485.06,0
21.25,485.06,0
21.255,2121.87,0
21.26,485.06,0
21.265,485.06,0
21.27,887.08,0
21.275,1229.31,0
21.28,1826.65,0
21.285,1201.28,0
21.29,1201.28,0
21.295,1201.28,0
21.3,1201.28,0
21.305,1201.28,0
21.31,1201.28,0
21.315,1201.28,0
21.32,956.99,0
21.325,956.99,0
21.33,1466.24,0
21.335,1466.24,0
21.34,1762.2,0
21.345,1762.2,0
21.35,1331.83,0
21.355,1331.83,0
21.36,1270.56,0
21.365,1270.56,0
21.37,1204.46,0
21.375,1204.46,0
21.38,691.99,0
21.385,691.99,0
21.39,691.99,0
21.395,935.99,0
21.4,1212.95,0
21.405,1272.08,0
21.41,1339.28,0
21.415,1539.15,0
21.42,1539.15,0
21.425,1892.48,0
21.43,1892.48,0
21.435,1892.48,0
21.44,1892.48,0
21.445,1892.48,0
21.45,2956.67,0
21.455,2956.67,0
21.46,2289.88,0
21.465,2289.88,0
21.47,1318.74,0
21.475,1318.74,0
21.48,458.84,0
21.485,458.84,0
21.49,458.84,0
21.495,458.84,0
21.5,458.84,0
21.505,458.84,0
21.51,-358.49,0
21.515,-1243.49,0
21.52,-1243.49,0
21.525,-1553.0,0
21.53,-1553.0,0
21.535,-1698.44,0
21.54,-1698.44,0
21.545,-1698.44,0
21.55,-2102.56,0
21.555,-2301.0,0
21.56,1359.12,0
21.565,-3069.16,0
21.57,-3069.16,0
21.575,-3069.16,0
21.58,-3069.16,0
21.585,-3106.65,0
21.59,-3106.65,0
21.595,-3106.65,0
21.6,-3171.61,0
21.605,-3171.61,0
21.61,-3171.61,0
21.615,1438.92,0
21.62,-3171.61,0
21.625,-3383.99,0
21.63,-3106.65,0
21.635,-3116.17,0
21.64,-3320.47,0
21.645,-3320.47,0
21.65,-3184.35,0
21.655,-3184.35,0
21.66,-3184.35,0
21.665,-3184.35,0
21.67,-3184.35,0
21.675,-3184.35,0
21.68,-4279.9,0
21.685,-4279.9,0
21.69,-4427.24,0
21.695,-4427.24,0
21.7,-4868.36,0
21.705,-4868.36,0
21.71,-4576.93,0
21.715,-1543.03,0
21.72,-4614.85,0
21.725,-4614.85,0
21.73,-4738.15,0
21.735,-4200.44,0
21.74,-4200.44,0
21.745,-4417.27,0
21.75,-4417.27,0
21.755,-4417.27,0
21.76,-4417.27,0
21.765,-4417.27,0
21.77,-2979.39,0
21.775,-4345.6,0
21.78,-4345.6,0
21.785,-4330.7,0
21.79,-4330.7,0
21.795,-4292.77,0
21.8,-4292.77,0
21.805,-4683.08,0
21.81,-4683.08,0
21.815,-4683.08,0
21.82,-4429.1,0
21.825,-4429.1,0
21.83,-4096.42,0
21.835,-4096.42,0
21.84,-3156.7,0
21.845,-3156.7,0
21.85,-3156.7,0
21.855,-3108.8,0
21.86,-3108.8,0
21.865,-2974.24,0
21.87,-2974.24,0
21.875,-2974.24,0
21.88,-2974.24,0
21.885,-3023.73,0
21.89,-3023.73,0
21.895,-3216.64,0
21.9,-3216.64,0
21.905,-3113.76,0
21.91,-3113.76,0
21.915,-3139.64,0
21.92,-3139.64,0
21.925,-3139.64,0
21.93,-2987.8,0
21.935,-3939.33,0
21.94,-3106.82,0
21.945,-4361.59,0
21.95,-3614.22,0
21.955,-5124.2,0
21.96,-5147.11,0
21.965,-4918.4,0
21.97,-5862.83,0
21.975,-5862.83,0
21.98,-6489.65,0
21.985,-6489.65,0
21.99,-6489.65,0
21.995,-6489.65,0
22.0,-6489.65,0
22.005,-6489.65,0
22.01,-6682.39,0
22.015,-6682.39,0
22.02,244.48,0
22.025,244.48,0
22.03,244.48,0
22.035,244.48,0
22.04,273.83,0
22.045,244.48,0
22.05,62.98,0
22.055,62.98,0
22.06,99.14,0
22.065,99.14,0
22.07,99.14,0
22.075,-6682.39,0
22.08,53.91,0
22.085,123.72,0
22.09,123.72,0
22.095,123.72,0
22.1,33.53,0
22.105,33.53,0
22.11,33.53,0
22.115,33.53,0
22.12,-2.5,0
22.125,-45.78,0
22.13,-45.78,0
22.135,0.95,0
22.14,0.95,0
22.145,-12.11,0
22.15,-12.11,0
22.155,-12.11,0
22.16,-24.31,0
22.165,-12.11,0
22.17,-12.11,0
22.175,106.45,0
22.18,106.45,0
22.185,106.45,0
22.19,60.31,0
22.195,60.31,0
22.2,14.62,0
22.205,14.62,0
22.21,123.34,0
22.215,14.62,0
22.22,14.62,0
22.225,14.62,0
22.23,-51.96,0
22.235,-51.96,0
22.24,-65.16,0
22.245,-65.16,0
22.25,35.52,0
22.255,35.52,0
22.26,-112.61,0
22.265,-112.61,0
22.27,-58.8,0
22.275,4.2,0
22.28,7.35,0
22.285,7.35,0
22.29,53.4,0
22.295,53.4,0
22.3,53.4,0
22.305,-58.5,0
22.31,-58.5,0
22.315,-58.5,0
22.32,-57.58,0
22.325,-57.58,0
22.33,-57.58,0
22.335,-57.58,0
22.34,1089.83,0
22.345,-61.19,0
22.35,1089.83,0
22.355,1089.83,0
22.36,1087.22,0
22.365,1087.22,0
22.37,1343.86,0
22.375,53.4,0
22.38,1343.86,0
22.385,2428.24,0
22.39,2428.24,0
22.395,2428.24,0
22.4,1891.5,0
22.405,1891.5,0
22.41,2530.87,0
22.415,2530.87,0
22.42,2667.99,0
22.425,2667.99,0
22.43,2454.61,0
22.435,-57.65,0
22.44,2304.55,0
22.445,2304.55,0
22.45,2530.87,0
22.455,2375.15,0
22.46,2375.15,0
22.465,2608.04,0
22.47,2608.04,0
22.475,1436.08,0
22.48,1436.08,0
22.485,1436.08,0
22.49,1436.08,0
22.495,1436.08,0
22.5,2658.54,0
22.505,2967.21,0
22.51,2967.21,0
22.515,2967.21,0
22.52,3005.53,0
22.525,2820.15,0
22.53,2987.19,0
22.535,2987.19,0
22.54,3669.2,0
22.545,3669.2,0
22.55,3669.2,0
22.555,3669.2,0
22.56,2850.75,0
22.565,2591.77,0
22.57,2854.15,0
22.575,2377.73,0
22.58,2377.73,0
22.585,4511.07,0
22.59,4511.07,0
22.595,2376.48,0
22.6,4511.07,0
22.605,4615.86,0
22.61,4615.86,0
22.615,3914.66,0
22.62,3476.52,0
22.625,3709.84,0
22.63,3709.84,0
22.635,2850.38,0
22.64,3826.36,0
22.645,2850.38,0
22.65,4051.1,0
22.655,4051.1,0
22.66,3805.79,0
22.665,3805.79,0
22.67,3805.79,0
22.675,3805.79,0
22.68,3387.69,0
22.685,2734.45,0
22.69,3299.74,0
22.695,3299.74,0
22.7,3508.98,0
22.705,3508.98,0
22.71,3760.24,0
22.715,3760.24,0
22.72,3760.24,0
22.725,3616.91,0
22.73,3616.91,0
22.735,3616.91,0
22.74,3600.01,0
22.745,3605.31,0
22.75,3600.01,0
22.755,3600.01,0
22.76,3600.01,0
22.765,3655.8,0
22.77,3655.8,0
22.775,3691.77,0
22.78,3691.77,0
22.785,3691.77,0
22.79,3555.1,0
22.795,3783.64,0
22.8,3363.87,0
22.805,3363.87,0
22.81,3145.02,0
22.815,3145.02,0
22.82,3145.02,0
22.825,3304.87,0
22.83,3846.53,0
22.835,3846.53,0
22.84,3846.53,0
22.845,3846.53,0
22.85,19.02,0
22.855,19.02,0
22.86,3852.99,0
22.865,-58.21,0
22.87,-58.21,0
22.875,3555.09,0
22.88,-65.91,0
22.885,-65.91,0
22.89,-28.31,0
22.895,-28.31,0
22.9,-52.89,0
22.905,-32.79,0
22.91,-32.79,0
22.915,-32.79,0
22.92,-170.33,0
22.925,-52.7,0
22.93,-170.33,0
22.935,-170.33,0
22.94,-170.33,0
22.945,-170.33,0
22.95,-84.57,0
22.955,-84.57,0
22.96,-7.97,0
22.965,-7.97,0
22.97,-10.02,0
22.975,-10.02,0
22.98,-10.02,0
22.985,-10.02,0
22.99,-10.44,0
22.995,-10.44,0
23.0,10.98,0
23.005,-36.07,0
23.01,15.52,0
23.015,15.52,0
23.02,3223.93,0
23.025,-10.02,0
23.03,3.74,0
23.035,3.74,0
23.04,-143.01,0
23.045,-143.01,0
23.05,-143.01,0
23.055,-143.01,0
23.06,140.52,0
23.065,140.52,0
23.07,84.98,0
23.075,84.98,0
23.08,5.13,0
23.085,5.13,0
23.09,37.87,0
23.095,92.69,0
23.1,76.29,0
23.105,76.29,0
23.11,97.42,0
23.115,97.42,0
23.12,-12.99,0
23.125,97.42,0
23.13,107.25,0
23.135,107.25,0
23.14,6.19,0
23.145,78.83,0
23.15,-89.76,0
23.155,-37.7,0
23.16,-37.7,0
23.165,-44.78,0
23.17,98.07,0
23.175,73.09,0
23.18,73.09,0
23.185,73.09,0
23.19,116.59,0
23.195,109.21,0
23.2,116.59,0
23.205,116.59,0
23.21,116.59,0
23.215,116.59,0
23.22,229.67,0
23.225,170.36,0
23.23,170.36,0
23.235,170.36,0
23.24,218.38,0
23.245,218.38,0
23.25,218.38,0
23.255,218.38,0
23.26,218.38,0
23.265,44.48,0
23.27,176.08,0
23.275,176.08,0
23.28,299.65,0
23.285,453.36,0
23.29,453.36,0
23.295,453.36,0
23.3,98.95,0
23.305,563.85,0
23.31,563.85,0
23.315,580.11,0
23.32,580.11,0
23.325,138.4,0
23.33,367.72,0
23.335,786.23,0
23.34,786.23,0
23.345,957.84,0
23.35,957.84,0
23.355,400.74,0
23.36,851.17,0
23.365,403.53,0
23.37,403.53,0
23.375,403.53,0
23.38,593.75,0
23.385,654.14,0
23.39,654.14,0
23.395,654.14,0
23.4,578.19,0
23.405,578.19,0
23.41,866.86,0
23.415,866.86,0
23.42,866.86,0
23.425,866.86,0
23.43,866.86,0
23.435,1092.88,0
23.44,831.63,0
23.445,841.63,0
23.45,841.63,0
23.455,841.63,0
23.46,841.63,0
23.465,819.05,0
23.47,819.05,0
23.475,819.05,0
23.48,819.05,0
23.485,791.76,0
23.49,791.76,0
23.495,689.93,0
23.5,689.93,0
23.505,1005.26,0
23.51,1005.26,0
23.515,1005.26,0
23.52,1005.26,0
23.525,1058.09,0
23.53,1058.09,0
23.535,688.15,0
23.54,1118.73,0
23.545,569.78,0
23.55,569.78,0
23.555,569.78,0
23.56,360.35,0
23.565,706.62,0
23.57,956.45,0
23.575,706.62,0
23.58,706.62,0
23.585,354.09,0
23.59,354.09,0
23.595,354.09,0
23.6,435.79,0
23.605,484.51,0
23.61,484.51,0
23.615,484.51,0
23.62,518.74,0
23.625,873.76,0
23.63,595.03,0
23.635,956.44,0
23.64,365.58,0
23.645,365.58,0
23.65,696.63,0
23.655,696.63,0
23.66,696.63,0
23.665,655.98,0
23.67,655.98,0
23.675,-125.2,0
23.68,-125.2,0
23.685,-125.2,0
23.69,696.63,0
23.695,-4.13,0
23.7,-4.13,0
23.705,30.07,0
23.71,-148.97,0
23.715,30.07,0
23.72,-62.94,0
23.725,-162.32,0
23.73,-162.32,0
23.735,-162.32,0
23.74,-275.24,0
23.745,-275.24,0
23.75,-275.24,0
23.755,10.34,0
23.76,10.34,0
23.765,10.34,0
23.77,-17.28,0
23.775,-17.28,0
23.78,82.92,0
23.785,82.92,0
23.79,82.92,0
23.795,70.19,0
23.8,70.19,0
23.805,8.11,0
23.81,8.11,0
23.815,65.28,0
23.82,65.28,0
23.825,-2.69,0
23.83,27.75,0
23.835,-2.69,0
23.84,-2.69,0
23.845,-2.69,0
23.85,-2.69,0
23.855,-9.59,0
23.86,-9.59,0
23.865,27.96,0
23.87,-12.58,0
23.875,-47.79,0
23.88,-47.79,0
23.885,-47.79,0
23.89,61.34,0
23.895,61.34,0
23.9,61.34,0
23.905,359.62,0
23.91,359.62,0
23.915,446.43,0
23.92,446.43,0
23.925,446.43,0
23.93,446.43,0
23.935,-271.0,0
23.94,97.36,0
23.945,214.19,0
23.95,116.84,0
23.955,214.19,0
23.96,214.19,0
23.965,100.55,0
23.97,100.55,0
23.975,-37.82,0
23.98,-37.82,0
23.985,-60.36,0
23.99,133.11,0
23.995,-67.51,0
24.0,-67.51,0
24.005,-66.66,0
24.01,-66.66,0
24.015,-74.91,0
24.02,-74.91,0
24.025,-74.91,0
24.03,-74.91,0
24.035,-74.91,0
24.04,-146.61,0
24.045,-146.61,0
24.05,-50.87,0
24.055,-50.87,0
24.06,-118.61,0
24.065,-118.61,0
24.07,-118.61,0
24.075,-118.61,0
24.08,-78.31,0
24.085,-78.31,0
24.09,10.43,0
24.095,-16.82,0
24.1,16.08,0
24.105,16.08,0
24.11,16.08,0
24.115,16.08,0
24.12,16.08,0
24.125,-19.76,0
24.13,-19.76,0
24.135,18.47,0
24.14,18.47,0
24.145,-102.64,0
24.15,-102.64,0
24.155,-102.64,0
24.16,-102.64,0
24.165,-102.64,0
24.17,-102.64,0
24.175,-161.54,0
24.18,-66.6,0
24.185,-107.65,0
24.19,-107.65,0
24.195,-107.65,0
24.2,-107.65,0
24.205,-107.65,0
24.21,-107.65,0
24.215,-101.77,0
24.22,-63.21,0
24.225,-46.32,0
24.23,-46.32,0
24.235,-60.4,0
24.24,-60.4,0
24.245,-2.65,0
24.25,-2.65,0
24.255,-2.65,0
24.26,-2.65,0
24.265,105.67,0
24.27,105.67,0
24.275,27.72,0
24.28,27.72,0
24.285,27.72,0
24.29,27.72,0
24.295,-101.77,0
24.3,27.72,0
24.305,27.72,0
24.31,14.09,0
24.315,14.09,0
24.32,-63.13,0
24.325,-66.94,0
24.33,-66.94,0
24.335,-66.94,0
24.34,-2.65,0
24.345,-2.12,0
24.35,45.43,0
24.355,45.43,0
24.36,45.43,0
24.365,45.43,0
24.37,28.44,0
24.375,28.44,0
24.38,28.44,0
24.385,28.44,0
24.39,35.5,0
24.395,35.5,0
24.4,22.42,0
24.405,22.42,0
24.41,22.42,0
24.415,65.99,0
24.42,-19.81,0
24.425,62.66,0
24.43,-2.72,0
24.435,-2.72,0
24.44,40.52,0
24.445,40.52,0
24.45,83.68,0
24.455,83.68,0
24.46,38.46,0
24.465,38.46,0
24.47,42.54,0
24.475,42.54,0
24.48,42.54,0
24.485,-2.6,0
24.49,38.95,0
24.495,-9.17,0
24.5,-54.55,0
24.505,-9.17,0
24.51,-81.88,0
24.515,-81.88,0
24.52,-81.88,0
24.525,-81.88,0
24.53,-81.88,0
24.535,-124.97,0
24.54,-124.97,0
24.545,21.89,0
24.55,21.89,0
24.555,21.89,0
24.56,49.11,0
24.565,49.11,0
24.57,49.11,0
24.575,49.11,0
24.58,49.11,0
24.585,49.11,0
24.59,28.75,0
24.595,28.75,0
24.6,20.25,0
24.605,20.25,0
24.61,20.25,0
24.615,20.25,0
24.62,23.59,0
24.625,23.09,0
24.63,32.04,0
24.635,20.87,0
24.64,20.87,0
24.645,57.7,0
24.65,20.87,0
24.655,15.58,0
24.66,23.59,0
24.665,12.35,0
24.67,22.67,0
24.675,14.63,0
24.68,14.63,0
24.685,14.63,0
24.69,14.63,0
24.695,22.5,0
24.7,22.5,0
24.705,20.28,0
24.71,20.28,0
24.715,13.54,0
24.72,13.54,0
24.725,4.67,0
24.73,4.67,0
24.735,4.67,0
24.74,4.67,0
24.745,4.67,0
24.75,4.67,0
24.755,0.47,0
24.76,0.47,0
24.765,0.47,0
24.77,-1.67,0
24.775,-1.67,0
24.78,2.12,0
24.785,2.12,0
24.79,22.26,0
24.795,2.12,0
24.8,2.12,0
24.805,2.12,0
24.81,-8.06,0
24.815,-8.06,0
24.82,22.4,0
24.825,1.85,0
24.83,1.85,0
24.835,1.85,0
24.84,13.28,0
24.845,13.28,0
24.85,-1.46,0
24.855,-1.46,0
24.86,-1.46,0
24.865,-1.46,0
24.87,6.91,0
24.875,6.91,0
24.88,35.64,0
24.885,35.64,0
24.89,38.67,0
24.895,38.67,0
24.9,45.91,0
24.905,45.91,0
24.91,31.27,0
24.915,31.27,0
24.92,33.7,0
24.925,33.7,0
24.93,33.7,0
24.935,33.34,0
24.94,33.34,0
24.945,33.34,0
24.95,-12.57,0
24.955,35.64,0
24.96,-73.14,0
24.965,-73.14,0
24.97,-1.67,0
24.975,-1.67,0
24.98,6.91,0
24.985,-1.67,0
24.99,36.72,0
24.995,51.89,0
25.0,51.89,0
25.005,47.85,0
25.01,47.85,0
25.015,48.52,0
25.02,48.52,0
25.025,48.52,0
25.03,48.52,0
25.035,48.52,0
25.04,37.4,0
25.045,-0.08,0
25.05,40.49,0
25.055,40.49,0
25.06,34.76,0
25.065,38.79,0
25.07,34.76,0
25.075,34.76,0
25.08,34.76,0
25.085,30.25,0
25.09,30.25,0
25.095,30.25,0
25.1,30.25,0
25.105,11.24,0
25.11,11.24,0
25.115,4.43,0
25.12,4.43,0
25.125,4.43,0
25.13,4.43,0
25.135,0.23,0
25.14,0.23,0
25.145,7.96,0
25.15,7.96,0
25.155,37.37,0
25.16,4.81,0
25.165,25.32,0
25.17,25.32,0
25.175,25.32,0
25.18,25.32,0
25.185,25.32,0
25.19,16.75,0
25.195,16.75,0
25.2,16.75,0
25.205,6.87,0
25.21,-5.87,0
25.215,28.98,0
25.22,-5.87,0
25.225,-5.87,0
25.23,-5.87,0
25.235,-5.87,0
25.24,25.32,0
25.245,-39.7,0
25.25,-3.18,0
25.255,24.92,0
25.26,46.21,0
25.265,46.21,0
25.27,46.21,0
25.275,46.21,0
25.28,46.21,0
25.285,46.21,0
25.29,46.21,0
25.295,46.21,0
25.3,6.65,0
25.305,1.98,0
25.31,1.98,0
25.315,1.98,0
25.32,-214.36,0
25.325,-160.77,0
25.33,-8.21,0
25.335,19.59,0
25.34,-51.87,0
25.345,81.78,0
25.35,81.78,1
25.355,81.78,0
25.36,10.58,0
25.365,208.04,0
25.37,56.09,0
25.375,56.09,0
25.38,56.09,0
25.385,56.09,0
25.39,54.72,0
25.395,38.04,0
25.4,38.04,0
25.405,25.86,0
25.41,25.86,0
25.415,25.86,0
25.42,25.86,0
25.425,25.86,0
25.43,21.55,0
25.435,21.55,0
25.44,40.37,0
25.445,40.37,0
25.45,14.59,0
25.455,14.59,0
25.46,23.92,0
25.465,13.12,0
25.47,13.12,0
25.475,13.12,0
25.48,14.59,0
25.485,13.12,0
25.49,4.43,0
25.495,15.69,0
25.5,-13.03,0
25.505,-13.03,0
25.51,-13.03,0
25.515,-13.03,0
25.52,-3.38,0
25.525,-3.38,0
25.53,-18.47,0
25.535,-18.47,0
25.54,-18.47,0
25.545,-18.47,0
25.55,-9.17,0
25.555,-9.17,0
25.56,41.94,0
25.565,41.94,0
25.57,43.36,0
25.575,28.75,0
25.58,28.75,0
25.585,16.88,0
25.59,16.88,0
25.595,16.88,0
25.6,16.88,0
25.605,16.88,0
25.61,16.88,0
25.615,30.69,0
25.62,-25.86,0
25.625,32.63,0
25.63,32.63,0
25.635,32.63,0
25.64,32.63,0
25.645,32.63,0
25.65,32.63,0
25.655,32.63,0
25.66,37.7,0
25.665,44.77,0
25.67,44.77,0
25.675,44.77,0
25.68,44.77,0
25.685,44.77,0
25.69,17.85,0
25.695,6.9,0
25.7,6.9,0
25.705,6.9,0
25.71,6.9,0
25.715,-13.82,0
25.72,-4.85,0
25.725,-4.85,0
25.73,25.99,0
25.735,16.76,0
25.74,-11.55,0
25.745,13.54,0
25.75,-34.39,0
25.755,-34.39,0
25.76,-62.97,0
25.765,-54.15,0
25.77,-62.97,0
25.775,-62.97,0
25.78,-62.97,0
25.785,-62.97,0
25.79,-162.15,0
25.795,-92.99,0
25.8,-92.99,0
25.805,-191.49,0
25.81,-191.49,0
25.815,-191.49,0
25.82,-191.49,0
25.825,-191.49,0
25.83,-191.49,0
25.835,-191.49,0
25.84,-391.44,0
25.845,-391.44,0
25.85,-179.09,0
25.855,-179.09,0
25.86,-161.19,0
25.865,-161.19,0
25.87,-161.19,0
25.875,-161.19,0
25.88,-55.31,0
25.885,-55.31,0
25.89,-115.64,0
25.895,-115.64,0
25.9,38.12,0
25.905,38.12,0
25.91,-61.49,0
25.915,-61.49,0
25.92,-61.49,0
25.925,-1.09,0
25.93,15.19,0
25.935,-46.28,0
25.94,-70.91,0
25.945,-70.91,0
25.95,-510.16,0
25.955,-510.16,0
25.96,-1077.97,0
25.965,-904.3,0
25.97,-904.3,0
25.975,-904.3,0
25.98,15.19,0
25.985,-1083.18,0
25.99,-1838.61,0
25.995,-1838.61,0
26.0,-1838.61,0
26.005,-1838.61,0
26.01,-1838.61,0
26.015,-1838.61,0
26.02,-1838.61,0
26.025,-277.51,0
26.03,-2953.62,0
26.035,-2953.62,0
26.04,-4687.25,0
26.045,-119.47,0
26.05,-4606.55,0
26.055,-4606.55,0
26.06,-4335.45,0
26.065,-4335.45,0
26.07,-5621.6,0
26.075,-5621.6,0
26.08,-5607.53,0
26.085,-5607.53,0
26.09,-39.55,0
26.095,-5607.53,0
26.1,-5607.53,0
26.105,-5607.53,0
26.11,-5075.3,0
26.115,-5075.3,0
26.12,-94.15,0
26.125,-94.15,0
26.13,-94.15,0
26.135,-94.15,0
26.14,-94.15,0
26.145,611.76,0
26.15,611.76,0
26.155,420.82,0
26.16,420.82,0
26.165,210.88,0
26.17,210.88,0
26.175,-55.5,0
26.18,-55.5,0
26.185,37.42,0
26.19,37.42,0
26.195,37.42,0
26.2,37.42,0
26.205,37.42,0
26.21,38.28,0
26.215,38.28,0
26.22,-94.46,0
26.225,-4681.92,0
26.23,-206.7,0
26.235,-206.7,0
26.24,29.42,0
26.245,29.42,0
26.25,234.57,0
26.255,262.11,0
26.26,262.11,0
26.265,262.11,0
26.27,242.06,0
26.275,242.06,0
26.28,78.74,0
26.285,-301.46,0
26.29,-301.46,0
26.295,-301.46,0
26.3,144.75,0
26.305,144.75,0
26.31,-94.46,0
26.315,69.91,0
26.32,69.91,0
26.325,69.91,0
26.33,611.83,0
26.335,198.61,0
26.34,159.66,0
26.345,244.35,0
26.35,244.35,0
26.355,194.85,0
26.36,194.85,0
26.365,168.17,0
26.37,168.17,0
26.375,168.17,0
26.38,306.09,0
26.385,487.28,0
26.39,487.28,0
26.395,487.28,0
26.4,400.08,0
26.405,400.08,0
26.41,340.21,0
26.415,89.72,0
26.42,89.72,0
26.425,89.72,0
26.43,86.26,0
26.435,98.21,0
26.44,98.21,0
26.445,98.09,0
26.45,98.09,0
26.455,72.25,0
26.46,72.25,0
26.465,27.1,0
26.47,27.1,0
26.475,-94.11,0
26.48,104.66,0
26.485,-94.11,0
26.49,-94.11,0
26.495,136.32,0
26.5,136.32,0
26.505,248.05,0
26.51,169.44,0
26.515,-96.35,0
26.52,-96.35,0
26.525,12.51,0
26.53,489.86,0
26.535,489.86,0
26.54,489.86,0
26.545,489.86,0
26.55,489.86,0
26.555,489.86,0
26.56,1840.25,0
26.565,1840.25,0
26.57,2008.52,0
26.575,2008.52,0
26.58,2001.71,0
26.585,2001.71,0
26.59,2001.71,0
26.595,2001.71,0
26.6,2001.71,0
26.605,2116.35,0
26.61,102.01,0
26.615,2116.35,0
26.62,3041.29,0
26.625,3041.29,0
26.63,3635.91,0
26.635,3064.82,0
26.64,3064.82,0
26.645,3064.82,0
26.65,1943.57,0
26.655,102.02,0
26.66,3219.0,0
26.665,3219.0,0
26.67,4583.88,0
26.675,4583.88,0
26.68,4583.88,0
26.685,4583.88,0
26.69,4624.81,0
26.695,4624.81,0
26.7,4664.29,0
26.705,4664.29,0
26.71,2116.34,0
26.715,5312.8,0
26.72,5312.8,0
26.725,5312.8,0
26.73,5312.8,0
26.735,5067.79,0
26.74,5067.79,0
26.745,4181.1,0
26.75,4181.1,0
26.755,3774.07,0
26.76,3774.07,0
26.765,3218.77,0
26.77,4294.95,0
26.775,4437.0,0
26.78,4413.02,0
26.785,4060.63,0
26.79,4726.13,0
26.795,4097.82,0
26.8,2630.77,0
26.805,4097.82,0
26.81,4097.82,0
26.815,4051.81,0
26.82,4051.81,0
26.825,4167.63,0
26.83,4167.63,0
26.835,4253.91,0
26.84,4253.91,0
26.845,4213.76,0
26.85,4213.76,0
26.855,4065.43,0
26.86,4065.43,0
26.865,4054.1,0
26.87,4054.1,0
26.875,4043.11,0
26.88,4043.11,0
26.885,3788.56,0
26.89,3788.56,0
26.895,3788.56,0
26.9,3788.56,0
26.905,3788.56,0
26.91,3678.19,0
26.915,3678.19,0
26.92,65.88,0
26.925,65.88,0
26.93,65.88,0
26.935,65.88,0
26.94,74.25,0
26.945,4199.43,0
26.95,4065.41,0
26.955,137.87,0
26.96,97.6,0
26.965,97.6,0
26.97,97.6,0
26.975,85.6,0
26.98,85.6,0
26.985,85.6,0
26.99,93.17,0
26.995,93.17,0
27.0,93.17,0
27.005,93.17,0
27.01,66.91,0
27.015,66.91,0
27.02,44.44,0
27.025,44.44,0
27.03,-35.08,0
27.035,4023.39,0
27.04,-35.08,0
27.045,48.41,0
27.05,-25.83,0
27.055,3427.86,0
27.06,-28.45,0
27.065,-28.45,0
27.07,28.24,0
27.075,28.24,0
27.08,28.24,0
27.085,28.24,0
27.09,28.24,0
27.095,28.24,0
27.1,18.7,0
27.105,18.7,0
27.11,66.0,0
27.115,66.0,0
27.12,63.25,0
27.125,91.23,0
27.13,41.63,0
27.135,41.63,0
27.14,41.63,0
27.145,41.63,0
27.15,-36.48,0
27.155,-36.48,0
27.16,-142.31,0
27.165,-88.98,0
27.17,-88.98,0
27.175,-88.98,0
27.18,-88.98,0
27.185,-88.98,0
27.19,-88.98,0
27.195,-88.98,0
27.2,47.66,0
27.205,-65.19,0
27.21,-65.19,0
27.215,63.96,0
27.22,63.96,0
27.225,-15.71,0
27.23,-75.4,0
27.235,-75.4,0
27.24,-75.4,0
27.245,-75.4,0
27.25,85.62,0
27.255,422.22,0
27.26,64.55,0
27.265,65.57,0
27.27,277.32,0
27.275,-28.83,0
27.28,0.48,0
27.285,-28.83,0
27.29,-187.13,0
27.295,-187.13,0
27.3,345.2,0
27.305,345.2,0
27.31,-284.0,0
27.315,-266.94,0
27.32,-266.94,0
27.325,-28.83,0
27.33,-211.37,0
27.335,-211.37,0
27.34,-211.37,0
27.345,-177.81,0
27.35,-177.81,0
27.355,-169.72,0
27.36,-169.72,0
27.365,-164.11,0
27.37,-164.11,0
27.375,-160.32,0
27.38,-160.32,0
27.385,-158.93,0
27.39,-158.93,0
27.395,345.2,0
27.4,-128.53,0
27.405,-108.47,0
27.41,-108.47,0
27.415,-119.15,0
27.42,-119.15,0
27.425,-127.01,0
27.43,-114.9,0
27.435,-114.9,0
27.44,-83.23,0
27.445,-83.23,0
27.45,-94.64,0
27.455,-94.64,0
27.46,-80.52,0
27.465,-80.52,0
27.47,-152.94,0
27.475,-109.42,0
27.48,-116.36,0
27.485,-83.23,0
27.49,-116.36,0
27.495,-116.36,0
27.5,-125.55,0
27.505,-125.55,0
27.51,-68.47,0
27.515,-68.47,0
27.52,-119.64,0
27.525,-119.64,0
27.53,-184.91,0
27.535,-131.3,0
27.54,-108.71,0
27.545,-108.71,0
27.55,-64.37,0
27.555,-88.28,0
27.56,-68.39,0
27.565,-68.39,0
27.57,-84.45,0
27.575,-84.45,0
27.58,-84.45,0
27.585,-84.45,0
27.59,-111.61,0
27.595,-111.61,0
27.6,-82.88,0
27.605,-82.88,0
27.61,-62.97,0
27.615,-62.97,0
27.62,-26.42,0
27.625,-26.42,0
27.63,-46.97,0
27.635,-148.86,0
27.64,-46.97,0
27.645,-46.97,0
27.65,-51.71,0
27.655,-51.71,0
27.66,5.07,0
27.665,5.07,0
27.67,-24.51,0
27.675,-24.51,0
27.68,8.43,0
27.685,8.43,0
27.69,-9.1,0
27.695,-9.1,0
27.7,-9.1,0
27.705,-13.27,0
27.71,-13.27,0
27.715,16.36,0
27.72,16.36,0
27.725,14.06,0
27.73,14.06,0
27.735,5.42,0
27.74,-8.13,0
27.745,5.42,0
27.75,5.42,0
27.755,1.32,0
27.76,1.32,0
27.765,1.32,0
27.77,-13.27,0
27.775,12.44,0
27.78,12.44,0
27.785,6.28,0
27.79,6.28,0
27.795,6.28,0
27.8,-4.29,0
27.805,6.28,0
27.81,6.28,0
27.815,-7.22,0
27.82,-7.22,0
27.825,1.72,0
27.83,1.72,0
27.835,-72.19,0
27.84,11.9,0
27.845,-12.4,0
27.85,-12.4,0
27.855,-12.4,0
27.86,-12.4,0
27.865,0.68,0
27.87,-6.61,0
27.875,49.83,0
27.88,49.83,0
27.885,38.82,0
27.89,38.82,0
27.895,-15.08,0
27.9,-15.08,0
27.905,27.35,0
27.91,27.35,0
27.915,32.16,0
27.92,32.16,0
27.925,60.79,0
27.93,60.79,0
27.935,131.0,0
27.94,131.0,0
27.945,60.62,0
27.95,-26.18,0
27.955,-44.22,0
27.96,-44.22,0
27.965,-21.37,0
27.97,-21.37,0
27.975,-21.37,0
27.98,-21.37,0
27.985,-20.9,0
27.99,-20.9,0
27.995,-3.1,0
28.0,-14.31,0
28.005,-1.53,0
28.01,-1.53,0
28.015,-20.93,0
28.02,-20.93,0
28.025,-20.93,0
28.03,-20.93,0
28.035,-4.6,0
28.04,-4.6,0
28.045,-21.18,0
28.05,-21.18,0
28.055,-25.27,0
28.06,-25.27,0
28.065,-8.09,0
28.07,-8.09,0
28.075,-8.09,0
28.08,-8.09,0
28.085,-15.55,0
28.09,-8.88,0
28.095,11.52,0
28.1,3.68,0
28.105,3.68,0
28.11,3.68,0
28.115,3.68,0
28.12,3.68,0
28.125,-4.6,0
28.13,-16.55,0
28.135,18.0,0
28.14,-12.88,0
28.145,-12.88,0
28.15,3.94,0
28.155,3.94,0
28.16,-6.16,0
28.165,-6.16,0
28.17,20.45,0
28.175,-7.83,0
28.18,-8.88,0
28.185,7.87,0
28.19,7.87,0
28.195,7.87,0
28.2,-11.36,0
28.205,-11.36,0
28.21,-0.11,0
28.215,20.81,0
28.22,-1.01,0
28.225,15.49,0
28.23,7.62,0
28.235,7.62,0
28.24,7.62,0
28.245,-0.02,0
28.25,7.62,0
28.255,7.62,0
28.26,-11.89,0
28.265,-11.89,0
28.27,-11.89,0
28.275,4.9,0
28.28,4.9,0
28.285,-10.98,0
28.29,20.79,0
28.295,20.79,0
28.3,-3.74,0
28.305,-3.74,0
28.31,-3.74,0
28.315,21.54,0
28.32,21.54,0
28.325,-0.65,0
28.33,-0.65,0
28.335,24.59,0
28.34,24.59,0
28.345,24.59,0
28.35,24.59,0
28.355,24.59,0
28.36,24.59,0
28.365,-0.01,0
28.37,24.74,0
28.375,24.74,0
28.38,-6.84,0
28.385,-6.84,0
28.39,-6.84,0
28.395,9.77,0
28.4,-9.94,0
28.405,-1.82,0
28.41,-1.82,0
28.415,-1.82,0
28.42,-1.82,0
28.425,-10.91,0
28.43,16.27,0
28.435,16.27,0
28.44,9.77,0
28.445,5.92,0
28.45,5.92,0
28.455,-4.94,0
28.46,18.69,0
28.465,-6.69,0
28.47,18.69,0
28.475,18.69,0
28.48,10.63,0
28.485,10.63,0
28.49,10.63,0
28.495,19.8,0
28.5,-11.56,0
28.505,-11.56,0
28.51,-11.56,0
28.515,-11.56,0
28.52,-11.56,0
28.525,-11.56,0
28.53,-11.56,0
28.535,-11.56,0
28.54,8.37,0
28.545,10.63,0
28.55,-6.23,0
28.555,-6.23,0
28.56,8.37,0
28.565,22.84,0
28.57,22.84,0
28.575,22.84,0
28.58,17.01,0
28.585,2.38,0
28.59,2.38,0
28.595,23.72,0
28.6,-6.13,0
28.605,21.4,0
28.61,21.4,0
28.615,-4.18,0
28.62,7.88,0
28.625,-4.18,0
28.63,-3.7,0
28.635,17.02,0
28.64,-8.76,0
28.645,-8.76,0
28.65,-8.76,0
28.655,-3.67,0
28.66,5.35,0
28.665,5.35,0
28.67,5.35,0
28.675,15.65,0
28.68,15.65,0
28.685,25.05,0
28.69,25.65,0
28.695,25.65,0
28.7,-1.81,0
28.705,-1.81,0
28.71,-10.62,0
28.715,-10.62,0
28.72,24.66,0
28.725,24.66,0
28.73,24.66,0
28.735,0.17,0
28.74,0.17,0
28.745,0.17,0
28.75,19.36,0
28.755,19.36,0
28.76,-14.0,0
28.765,-14.0,0
28.77,-6.73,0
28.775,-6.73,0
28.78,9.62,0
28.785,5.36,0
28.79,9.62,0
28.795,9.62,0
28.8,-9.44,0
28.805,-9.44,0
28.81,27.22,0
28.815,27.22,0
28.82,11.97,0
28.825,1.11,0
28.83,15.71,0
28.835,1.11,0
28.84,25.38,0
28.845,19.49,0
28.85,-6.05,0
28.855,-6.05,0
28.86,-6.05,0
28.865,-10.55,0
28.87,-6.05,0
28.875,16.02,0
28.88,16.02,0
28.885,-13.68,0
28.89,-13.68,0
28.895,-8.92,0
28.9,-8.92,0
28.905,1.13,0
28.91,1.13,0
28.915,1.13,0
28.92,1.13,0
28.925,-23.05,0
28.93,14.62,0
28.935,14.62,0
28.94,14.62,0
28.945,2.53,0
28.95,2.53,0
28.955,15.94,0
28.96,15.94,0
28.965,-18.03,0
28.97,-18.03,0
28.975,-18.03,0
28.98,-1.96,0
28.985,-1.96,0
28.99,18.46,0
28.995,18.46,0
29.0,-11.52,0
29.005,-11.52,0
29.01,22.66,0
29.015,22.66,0
29.02,-1.77,0
29.025,-1.77,0
29.03,1.09,0
29.035,1.09,0
29.04,-5.33,0
29.045,-5.33,0
29.05,33.96,0
29.055,-1.96,0
29.06,6.42,0
29.065,6.42,0
29.07,21.48,0
29.075,21.48,0
29.08,21.48,0
29.085,21.48,0
29.09,25.68,0
29.095,25.68,0
29.1,1.41,0
29.105,1.41,0
29.11,21.03,0
29.115,21.03,0
29.12,-2.64,0
29.125,-2.64,0
29.13,-2.64,0
29.135,-2.17,0
29.14,-1.5,0
29.145,-1.5,0
29.15,-1.5,0
29.155,-1.5,0
29.16,-17.91,0
29.165,-17.91,0
29.17,21.58,0
29.175,21.58,0
29.18,-1.67,0
29.185,-1.67,0
29.19,3.36,0
29.195,3.36,0
29.2,28.36,0
29.205,18.25,0
29.21,10.16,0
29.215,10.16,0
29.22,-6.69,0
29.225,-6.69,0
29.23,-10.46,0
29.235,-7.71,0
29.24,-28.74,0
29.245,-28.74,0
29.25,-28.74,0
29.255,-28.74,0
29.26,-10.8,0
29.265,-10.8,0
29.27,-11.14,0
29.275,-11.14,0
29.28,2.37,0
29.285,2.37,0
29.29,-26.9,0
29.295,-26.9,0
29.3,-35.75,0
29.305,-35.75,0
29.31,-13.69,0
29.315,-11.79,0
29.32,7.84,0
29.325,7.84,0
29.33,-26.9,0
29.335,7.84,0
29.34,16.65,0
29.345,16.65,0
29.35,-574.97,0
29.355,-28.74,0
29.36,-574.97,0
29.365,-574.97,0
29.37,452.97,0
29.375,452.97,0
29.38,-124.08,0
29.385,-124.08,0
29.39,-38.0,0
29.395,-38.0,0
29.4,-117.01,0
29.405,-117.01,0
29.41,-23.23,0
29.415,-416.38,0
29.42,-789.11,0
29.425,-789.11,0
29.43,-1177.45,0
29.435,-1177.45,0
29.44,-1129.75,0
29.445,-1129.75,0
29.45,-1417.31,0
29.455,-1417.31,0
29.46,353.16,0
29.465,-1069.86,0
29.47,-1130.53,0
29.475,-1130.53,0
29.48,-1130.53,0
29.485,-1130.53,0
29.49,-1442.99,0
29.495,-1442.99,0
29.5,-1312.7,0
29.505,-1133.96,0
29.51,-1312.7,0
29.515,-1133.27,0
29.52,-1133.27,0
29.525,-789.11,0
29.53,-1059.56,0
29.535,-1059.56,0
29.54,-1059.56,0
29.545,-329.34,0
29.55,-329.34,0
29.555,-145.44,0
29.56,-86.37,0
29.565,-86.37,0
29.57,-86.37,0
29.575,485.46,0
29.58,-1147.08,0
29.585,668.55,0
29.59,668.55,0
29.595,834.65,0
29.6,834.65,0
29.605,849.43,0
29.61,849.43,0
29.615,810.86,0
29.62,408.99,0
29.625,408.99,0
29.63,782.38,0
29.635,782.38,0
29.64,782.38,0
29.645,1062.3,0
29.65,1062.3,0
29.655,1062.3,0
29.66,1062.3,0
29.665,1840.31,0
29.67,1840.31,0
29.675,2134.74,0
29.68,2134.74,0
29.685,2044.0,0
29.69,2044.0,0
29.695,2585.53,0
29.7,1062.3,0
29.705,2585.53,0
29.71,2585.53,0
29.715,3122.58,0
29.72,2978.39,0
29.725,3122.58,0
29.73,2978.39,0
29.735,2978.39,0
29.74,2978.39,0
29.745,2978.39,0
29.75,2978.39,0
29.755,2978.39,0
29.76,3985.22,0
29.765,3985.22,0
29.77,5751.96,0
29.775,5751.96,0
29.78,5751.96,0
29.785,6093.29,0
29.79,1897.35,0
29.795,6076.42,0
29.8,6076.42,0
29.805,6591.02,0
29.81,3601.24,0
29.815,7603.1,0
29.82,7603.1,0
29.825,7603.1,0
29.83,7603.1,0
29.835,7603.1,0
29.84,7603.1,0
29.845,7904.85,0
29.85,7823.3,0
29.855,7823.3,0
29.86,7823.3,0
29.865,3985.18,0
29.87,3386.07,0
29.875,7804.95,0
29.88,7539.66,0
29.885,7539.66,0
29.89,7640.3,0
29.895,7640.3,0
29.9,7425.01,0
29.905,7425.01,0
29.91,7597.05,0
29.915,7597.05,0
29.92,7597.05,0
29.925,7597.05,0
29.93,7597.05,0
29.935,7597.05,0
29.94,8900.55,0
29.945,8900.55,0
29.95,8900.55,0
29.955,8972.97,0
29.96,8818.06,0
29.965,8723.52,0
29.97,8723.52,0
29.975,8723.52,0
29.98,8723.52,0
29.985,7586.47,0
29.99,8723.52,0
29.995,9889.54,0
30.0,9889.54,0
30.005,10269.63,0
30.01,8900.55,0
30.015,9926.68,0
30.02,7534.94,0
30.025,9163.23,0
30.03,9163.23,0
30.035,9163.96,0
30.04,9163.96,0
30.045,9246.42,0
30.05,9163.96,0
30.055,9353.22,0
30.06,9353.22,0
30.065,9427.92,0
30.07,9427.92,0
30.075,9205.57,0
30.08,9205.57,0
30.085,9205.57,0
30.09,9213.17,0
30.095,9282.82,0
30.1,8941.41,0
30.105,10269.45,0
30.11,9122.66,0
30.115,9353.22,0
30.12,9329.01,0
30.125,8409.04,0
30.13,8433.4,0
30.135,8433.4,0
30.14,8433.4,0
30.145,8433.4,0
30.15,7894.69,0
30.155,7894.69,0
30.16,7604.09,0
30.165,7604.09,0
30.17,7433.9,0
30.175,7433.9,0
30.18,6633.56,0
30.185,7433.9,0
30.19,6633.56,0
30.195,6633.56,0
30.2,-1553.84,0
30.205,-1553.84,0
30.21,-1524.63,0
30.215,-1524.63,0
30.22,-1579.02,0
30.225,-1579.02,0
30.23,9076.99,0
30.235,-1579.02,0
30.24,-1518.91,0
30.245,-1518.91,0
30.25,-1177.74,0
30.255,-1177.74,0
30.26,-1370.65,0
30.265,7094.41,0
30.27,-1141.55,0
30.275,-1141.55,0
30.28,-1312.77,0
30.285,-1312.77,0
30.29,-1312.77,0
30.295,-1093.3,0
30.3,-1093.3,0
30.305,-1110.93,0
30.31,-1110.93,0
30.315,-872.0,0
30.32,-872.0,0
30.325,-872.0,0
30.33,-872.0,0
30.335,-872.0,0
30.34,-872.0,0
30.345,-1121.78,0
30.35,-1121.78,1
30.355,-924.08,0
30.36,-924.08,0
30.365,-1228.75,0
30.37,-1228.75,0
30.375,-1228.75,0
30.38,-1228.75,0
30.385,-866.35,0
30.39,-914.17,0
30.395,-953.45,0
30.4,-953.45,0
30.405,-921.56,0
30.41,-921.56,0
30.415,-997.58,0
30.42,-1136.76,0
30.425,-1017.82,0
30.43,-1017.82,0
30.435,-1158.81,0
30.44,-1158.81,0
30.445,-999.94,0
30.45,-999.94,0
30.455,-963.05,0
30.46,-1092.71,0
30.465,-1092.71,0
30.47,-1319.92,0
30.475,-1053.55,0
30.48,-1434.65,0
30.485,-1434.65,0
30.49,-1614.28,0
30.495,-1614.28,0
30.5,-1614.28,0
30.505,-1614.28,0
30.51,-1853.64,0
30.515,-1121.22,0
30.52,-1080.22,0
30.525,-1080.22,0
30.53,-1203.67,0
30.535,-1203.67,0
30.54,-1203.67,0
30.545,-1203.67,0
30.55,-410.63,0
30.555,-410.63,0
30.56,-250.88,0
30.565,-250.88,0
30.57,384.24,0
30.575,384.24,0
30.58,165.23,0
30.585,-1023.32,0
30.59,768.93,0
30.595,305.7,0
30.6,992.34,0
30.605,992.34,0
30.61,1179.73,0
30.615,1179.73,0
30.62,2193.97,0
30.625,2193.97,0
30.63,-1089.86,0
30.635,2193.97,0
30.64,2193.97,0
30.645,1804.72,0
30.65,-1391.35,0
30.655,2408.28,0
30.66,2408.28,0
30.665,2408.28,0
30.67,-410.68,0
30.675,2733.55,0
30.68,1804.72,0
30.685,2825.47,0
30.69,2825.47,0
30.695,2429.63,0
30.7,2256.13,0
30.705,2256.13,0
30.71,2010.05,0
30.715,2256.13,0
30.72,2646.07,0
30.725,2646.07,0
30.73,2825.2,0
30.735,2802.82,0
30.74,2146.88,0
30.745,2146.88,0
30.75,1937.81,0
30.755,1937.81,0
30.76,1937.81,0
30.765,1937.81,0
30.77,1976.26,0
30.775,2146.88,0
30.78,1436.26,0
30.785,1436.26,0
30.79,1709.21,0
30.795,1557.35,0
30.8,1232.72,0
30.805,1232.72,0
30.81,1250.55,0
30.815,2256.22,0
30.82,1441.52,0
30.825,1441.52,0
30.83,1479.55,0
30.835,1479.55,0
30.84,1409.7,0
30.845,1409.7,0
30.85,1365.31,0
30.855,2978.65,0
30.86,1434.28,0
30.865,1434.28,0
30.87,1329.49,0
30.875,1543.19,0
30.88,1312.48,0
30.885,2134.16,0
30.89,1543.19,0
30.895,1568.97,0
30.9,1568.97,0
30.905,1576.38,0
30.91,1576.38,0
30.915,1345.29,0
30.92,1345.29,0
30.925,1683.54,0
30.93,1683.54,0
30.935,1582.37,0
30.94,1582.37,0
30.945,1815.23,0
30.95,1879.59,0
30.955,1879.59,0
30.96,1879.59,0
30.965,1877.75,0
30.97,1923.05,0
30.975,1923.05,0
30.98,1923.05,0
30.985,2020.78,0
30.99,2020.78,0
30.995,31.1,0
31.0,2020.78,0
31.005,1605.77,0
31.01,31.1,0
31.015,31.1,0
31.02,31.1,0
31.025,176.87,0
31.03,176.87,0
31.035,221.8,0
31.04,221.8,0
31.045,351.72,0
31.05,351.72,0
31.055,174.08,0
31.06,174.08,0
31.065,174.08,0
31.07,174.08,0
31.075,214.92,0
31.08,214.92,0
31.085,205.57,0
31.09,205.57,0
31.095,226.89,0
31.1,226.89,0
31.105,103.0,0
31.11,103.0,0
31.115,126.85,0
31.12,126.85,0
31.125,126.85,0
31.13,126.85,0
31.135,156.27,0
31.14,156.27,0
31.145,203.45,0
31.15,203.45,0
31.155,205.57,0
31.16,352.23,0
31.165,530.77,0
31.17,530.77,0
31.175,237.11,0
31.18,237.11,0
31.185,237.11,0
31.19,140.1,0
31.195,779.51,0
31.2,779.51,0
31.205,652.03,0
31.21,652.03,0
31.215,558.6,0
31.22,451.59,0
31.225,-251.3,0
31.23,-251.3,0
31.235,-251.3,0
31.24,166.11,0
31.245,166.11,0
31.25,476.27,0
31.255,476.27,0
31.26,722.07,0
31.265,26.56,0
31.27,26.56,0
31.275,-248.77,0
31.28,-248.77,0
31.285,-248.77,0
31.29,-248.77,0
31.295,-520.13,0
31.3,-520.13,0
31.305,-427.44,0
31.31,-427.44,0
31.315,-762.27,0
31.32,-762.27,0
31.325,-762.27,0
31.33,-762.27,0
31.335,-718.76,0
31.34,-718.76,0
31.345,-1191.25,0
31.35,-1191.25,0
31.355,-1191.25,0
31.36,-1191.25,0
31.365,-1675.32,0
31.37,-1675.32,0
31.375,-1675.32,0
31.38,-1920.72,0
31.385,-1920.72,0
31.39,-2355.85,0
31.395,-543.88,0
31.4,-1991.14,0
31.405,-1812.7,0
31.41,-1991.14,0
31.415,-2027.69,0
31.42,-2027.69,0
31.425,-2027.69,0
31.43,-2309.3,0
31.435,-2309.3,0
31.44,-2112.95,0
31.445,-2112.95,0
31.45,-2490.49,0
31.455,-2490.49,0
31.46,-2490.49,0
31.465,-2490.49,0
31.47,-2490.49,0
31.475,-2249.3,0
31.48,-2249.3,0
31.485,-1942.77,0
31.49,-1942.77,0
31.495,-1942.77,0
31.5,-1942.77,0
31.505,-384.51,0
31.51,-1942.77,0
31.515,-1826.9,0
31.52,-1388.08,0
31.525,-2011.01,0
31.53,-2011.01,0
31.535,-2081.72,0
31.54,-2081.72,0
31.545,-2500.16,0
31.55,-2500.16,0
31.555,-2500.16,0
31.56,-1438.37,0
31.565,-2872.8,0
31.57,-2872.8,0
31.575,-2755.31,0
31.58,-2755.31,0
31.585,-2700.7,0
31.59,-2700.7,0
31.595,-2700.7,0
31.6,-2700.7,0
31.605,-3209.9,0
31.61,-2888.77,0
31.615,-2888.77,0
31.62,-2081.74,0
31.625,-2954.08,0
31.63,-2954.08,0
31.635,-2046.58,0
31.64,-2046.58,0
31.645,-1759.62,0
31.65,-1759.62,0
31.655,-1759.62,0
31.66,-2085.46,0
31.665,-2085.46,0
31.67,-2085.46,0
31.675,-1979.92,0
31.68,-2768.46,0
31.685,-2768.46,0
31.69,-2470.4,0
31.695,-2768.46,0
31.7,-2470.4,0
31.705,-2257.45,0
31.71,-2257.45,0
31.715,-2313.41,0
31.72,-2313.41,0
31.725,-2169.39,0
31.73,-2169.39,0
31.735,-2169.39,0
31.74,-2954.02,0
31.745,-2470.4,0
31.75,-1762.1,0
31.755,-2247.29,0
31.76,-2887.12,0
31.765,-2528.65,0
31.77,-2528.65,0
31.775,-2528.65,0
31.78,-2143.35,0
31.785,-2143.35,0
31.79,-2143.35,0
31.795,-2399.34,0
31.8,-2395.56,0
31.805,-2395.56,0
31.81,-2735.53,0
31.815,192.62,0
31.82,192.62,0
31.825,192.62,0
31.83,-676.26,0
31.835,61.93,0
31.84,61.93,0
31.845,-909.96,0
31.85,-909.96,0
31.855,-119.93,0
31.86,-119.93,0
31.865,207.06,0
31.87,207.06,0
31.875,-357.82,0
31.88,-357.82,0
31.885,-357.82,0
31.89,-357.82,0
31.895,173.59,0
31.9,173.59,0
31.905,-211.36,0
31.91,257.74,0
31.915,-139.98,0
31.92,-296.89,0
31.925,-296.89,0
31.93,-296.89,0
31.935,-296.89,0
31.94,-296.89,0
31.945,435.15,0
31.95,671.5,0
31.955,671.5,0
31.96,384.67,0
31.965,384.67,0
31.97,25.89,0
31.975,25.89,0
31.98,25.89,0
31.985,25.89,0
31.99,-43.57,0
31.995,-43.57,0
32.0,254.07,0
32.005,254.07,0
32.01,-813.86,0
32.015,-813.86,0
32.02,-1075.77,0
32.025,-1075.77,0
32.03,465.71,0
32.035,-1075.77,0
32.04,-1075.77,0
32.045,-1075.77,0
32.05,-935.8,0
32.055,-935.8,0
32.06,-1117.97,0
32.065,-1117.97,0
32.07,-1117.97,0
32.075,-800.77,0
32.08,-800.77,0
32.085,60.8,0
32.09,-800.77,0
32.095,-1424.82,0
32.1,-1424.82,0
32.105,-1603.2,0
32.11,-1603.2,0
32.115,-1977.56,0
32.12,-1977.56,0
32.125,-2326.8,0
32.13,-1983.36,0
32.135,-1983.36,0
32.14,-1983.36,0
32.145,-2656.97,0
32.15,-2656.97,0
32.155,-2995.83,0
32.16,-1424.82,0
32.165,-3358.83,0
32.17,-3358.83,0
32.175,-3358.83,0
32.18,-3358.83,0
32.185,-3358.83,0
32.19,-3358.83,0
32.195,-2986.28,0
32.2,-4340.17,0
32.205,-1097.73,0
32.21,-3940.89,0
32.215,-3940.89,0
32.22,-3940.89,0
32.225,-3940.89,0
32.23,-4874.43,0
32.235,-4874.43,0
32.24,-4874.43,0
32.245,-3221.48,0
32.25,-5062.28,0
32.255,-5062.28,0
32.26,-5062.28,0
32.265,-4925.47,0
32.27,-4925.47,0
32.275,-4693.55,0
32.28,-4925.47,0
32.285,-4438.07,0
32.29,-4511.37,0
32.295,-4511.37,0
32.3,-4511.37,0
32.305,-4511.37,0
32.31,-3415.5,0
32.315,-3415.5,0
32.32,-3415.5,0
32.325,-3078.36,0
32.33,-3078.36,0
32.335,-4857.45,0
32.34,-4595.87,0
32.345,-4571.26,0
32.35,-4693.51,0
32.355,-5150.04,0
32.36,-5150.04,0
32.365,-5150.04,0
32.37,-5150.04,0
32.375,-3710.59,0
32.38,-5455.73,0
32.385,-5469.05,0
32.39,-5730.73,0
32.395,-5469.05,0
32.4,-5087.11,0
32.405,-5087.11,0
32.41,-5087.11,0
32.415,-5035.45,0
32.42,-5035.45,0
32.425,-5038.58,0
32.43,-5038.58,0
32.435,-5167.14,0
32.44,-5167.14,0
32.445,-5167.14,0
32.45,-5167.14,0
32.455,-5167.14,0
32.46,-5342.55,0
32.465,-5296.57,0
32.47,-5288.61,0
32.475,-5288.61,0
32.48,-5288.61,0
32.485,-5288.61,0
32.49,-5288.61,0
32.495,-5288.61,0
32.5,-5043.45,0
32.505,-5043.45,0
32.51,-5023.22,0
32.515,-5191.32,0
32.52,-4624.14,0
32.525,-4624.14,0
32.53,-5023.22,0
32.535,-4749.57,0
32.54,-4749.57,0
32.545,-4876.59,0
32.55,-4876.59,0
32.555,-4876.59,0
32.56,-4819.28,0
32.565,-4930.06,0
32.57,-4930.06,0
32.575,-4930.06,0
32.58,-5053.37,0
32.585,-5327.22,0
32.59,-5321.31,0
32.595,-5327.22,0
32.6,-5498.85,0
32.605,-4901.52,0
32.61,-4901.52,0
32.615,-4901.52,0
32.62,-4593.51,0
32.625,-4593.51,0
32.63,-4518.72,0
32.635,-4518.72,0
32.64,-4518.72,0
32.645,-4518.72,0
32.65,249.65,0
32.655,319.39,0
32.66,319.39,0
32.665,1192.82,0
32.67,1192.82,0
32.675,1192.82,0
32.68,1192.82,0
32.685,1529.53,0
32.69,1529.53,0
32.695,1466.81,0
32.7,1466.81,0
32.705,1318.21,0
32.71,1318.21,0
32.715,1318.21,0
32.72,1642.66,0
32.725,1529.53,0
32.73,1754.7,0
32.735,-4718.44,0
32.74,1196.38,0
32.745,2205.84,0
32.75,2205.84,0
32.755,2205.84,0
32.76,2205.84,0
32.765,2205.84,0
32.77,2557.07,0
32.775,2557.07,0
32.78,3215.57,0
32.785,3215.57,0
32.79,3291.03,0
32.795,3291.03,0
32.8,3291.03,0
32.805,3215.57,0
32.81,2627.35,0
32.815,2654.26,0
32.82,-136.7,0
32.825,2654.26,0
32.83,2971.45,0
32.835,2014.63,0
32.84,2014.63,0
32.845,2014.63,0
32.85,2014.63,0
32.855,2014.63,0
32.86,1981.94,0
32.865,1981.94,0
32.87,1088.0,0
32.875,1088.0,0
32.88,1936.89,0
32.885,1125.75,0
32.89,914.29,0
32.895,914.29,0
32.9,914.29,0
32.905,914.29,0
32.91,914.29,0
32.915,914.29,0
32.92,2760.16,0
32.925,580.59,0
32.93,670.6,0
32.935,670.6,0
32.94,778.05,0
32.945,778.05,0
32.95,1043.41,0
32.955,1043.41,0
32.96,258.47,0
32.965,258.47,0
32.97,33.05,0
32.975,3038.73,0
32.98,-505.34,0
32.985,-505.34,0
32.99,-866.23,0
32.995,-664.04,0
33.0,-664.04,0
33.005,-664.04,0
33.01,682.58,0
33.015,682.58,0
33.02,682.58,0
33.025,682.58,0
33.03,815.42,0
33.035,815.42,0
33.04,-353.56,0
33.045,855.97,0
33.05,1981.84,0
33.055,1751.85,0
33.06,1751.85,0
33.065,1751.85,0
33.07,-866.22,0
33.075,1751.85,0
33.08,1289.62,0
33.085,1410.65,0
33.09,1410.65,0
33.095,1410.65,0
33.1,-729.65,0
33.105,1211.69,0
33.11,351.87,0
33.115,351.87,0
33.12,375.58,0
33.125,746.46,0
33.13,893.69,0
33.135,746.46,0
33.14,746.46,0
33.145,746.46,0
33.15,-539.81,0
33.155,-539.81,0
33.16,-597.53,0
33.165,-597.53,0
33.17,-597.53,0
33.175,-597.53,0
33.18,-597.53,0
33.185,-533.24,0
33.19,-533.24,0
33.195,-533.24,0
33.2,282.01,0
33.205,-746.6,0
33.21,282.01,0
33.215,282.01,0
33.22,282.01,0
33.225,-529.49,0
33.23,-529.49,0
33.235,-606.13,0
33.24,-606.13,0
33.245,-109.28,0
33.25,-202.94,0
33.255,-202.94,0
33.26,37.15,0
33.265,-537.84,0
33.27,37.15,0
33.275,37.15,0
33.28,37.15,0
33.285,131.39,0
33.29,131.39,0
33.295,131.39,0
33.3,368.4,0
33.305,368.4,0
33.31,-238.6,0
33.315,-238.6,0
33.32,-588.58,0
33.325,-588.58,0
33.33,-498.42,0
33.335,-104.61,0
33.34,-1026.43,0
33.345,-1223.99,0
33.35,58.32,0
33.355,-1223.99,0
33.36,-1223.99,0
33.365,-1013.61,0
33.37,58.4,0
33.375,-518.6,0
33.38,-518.6,0
33.385,-9.19,0
33.39,-518.6,0
33.395,-518.6,0
33.4,-518.6,0
33.405,-431.43,0
33.41,-1208.87,0
33.415,-532.54,0
33.42,-532.54,0
33.425,-529.34,0
33.43,-529.34,0
33.435,-867.34,0
33.44,-867.34,0
33.445,-867.34,0
33.45,-867.34,0
33.455,-525.06,0
33.46,-525.06,0
33.465,-471.06,0
33.47,-471.06,0
33.475,-443.09,0
33.48,-443.09,0
33.485,-612.87,0
33.49,-612.87,0
33.495,-627.31,0
33.5,-627.31,0
33.505,-182.17,0
33.51,-182.17,0
33.515,-686.14,0
33.52,-686.14,0
33.525,-597.9,0
33.53,-597.9,0
33.535,-597.9,0
33.54,-597.9,0
33.545,-79.89,0
33.55,-79.89,0
33.555,33.0,0
33.56,33.0,0
33.565,-691.33,0
33.57,33.0,0
33.575,-597.9,0
33.58,846.56,0
33.585,846.56,0
33.59,846.56,0
33.595,700.41,0
33.6,700.41,0
33.605,700.41,0
33.61,-147.55,0
33.615,-147.55,0
33.62,-857.14,0
33.625,-147.55,0
33.63,700.41,0
33.635,-147.55,0
33.64,-346.07,0
33.645,-346.07,0
33.65,-281.42,0
33.655,-281.42,0
33.66,-272.01,0
33.665,-272.01,0
33.67,-307.66,0
33.675,-843.18,0
33.68,-179.65,0
33.685,-179.65,0
33.69,-695.8,0
33.695,-179.65,0
33.7,-46.63,0
33.705,23.55,0
33.71,23.55,0
33.715,773.56,0
33.72,773.56,0
33.725,-623.59,0
33.73,-623.59,0
33.735,-623.59,0
33.74,-623.59,0
33.745,-203.85,0
33.75,-203.85,0
33.755,-373.03,0
33.76,-373.03,0
33.765,-1131.23,0
33.77,-1131.23,0
33.775,-795.93,0
33.78,-795.93,0
33.785,-795.93,0
33.79,-795.93,0
33.795,-900.37,0
33.8,-1157.99,0
33.805,-900.37,0
33.81,-900.37,0
33.815,-902.26,0
33.82,-902.26,0
33.825,-986.68,0
33.83,-986.68,0
33.835,-820.72,0
33.84,-986.68,0
33.845,-986.68,0
33.85,-986.68,0
33.855,-1111.06,0
33.86,-1111.06,0
33.865,-1098.27,0
33.87,-291.26,0
33.875,-878.5,0
33.88,-876.04,0
33.885,-962.86,0
33.89,-878.5,0
33.895,-878.5,0
33.9,-1359.22,0
33.905,-1359.22,0
33.91,-855.07,0
33.915,-855.07,0
33.92,-741.1,0
33.925,-741.1,0
33.93,-1007.71,0
33.935,-1007.71,0
33.94,-948.12,0
33.945,-948.12,0
33.95,-858.35,0
33.955,-858.35,0
33.96,-1675.18,0
33.965,-1675.18,0
33.97,-1774.84,0
33.975,-1774.84,0
33.98,-941.66,0
33.985,-1620.5,0
33.99,-2139.07,0
33.995,-2139.07,0
34.0,-2139.07,0
34.005,-2139.07,0
34.01,-2624.78,0
34.015,-2624.78,0
34.02,-2703.85,0
34.025,-2703.85,0
34.03,-3173.63,0
34.035,-3173.63,0
34.04,-3681.99,0
34.045,-3681.99,0
34.05,-3681.99,0
34.055,-3621.49,0
34.06,-3621.49,0
34.065,-1946.19,0
34.07,-3511.08,0
34.075,-3511.08,0
34.08,-3511.08,0
34.085,-515.99,0
34.09,-3078.6,0
34.095,-3078.6,0
34.1,-1676.86,0
34.105,-3182.24,0
34.11,-3182.24,0
34.115,-3182.24,0
34.12,-3219.22,0
34.125,-3182.24,0
34.13,-3182.24,0
34.135,-2379.98,0
34.14,-1818.69,0
34.145,-1818.69,0
34.15,-1652.99,0
34.155,-1189.1,0
34.16,-1189.1,0
34.165,-1189.1,0
34.17,-1189.1,0
34.175,-1189.1,0
34.18,-1189.1,0
34.185,-1189.1,0
34.19,-1189.1,0
34.195,-1389.29,0
34.2,-275.95,0
34.205,-275.95,0
34.21,-3715.78,0
34.215,-865.92,0
34.22,-1143.8,0
34.225,-1143.8,0
34.23,-1143.8,0
34.235,-259.29,0
34.24,-259.29,0
34.245,-2326.47,0
34.25,-19.73,0
34.255,-2381.19,0
34.26,-19.73,0
34.265,-325.48,0
34.27,-325.48,0
34.275,712.68,0
34.28,712.68,0
34.285,712.68,0
34.29,712.68,0
34.295,713.35,0
34.3,713.35,0
34.305,246.52,0
34.31,246.52,0
34.315,541.03,0
34.32,541.03,0
34.325,695.8,0
34.33,589.46,0
34.335,695.8,0
34.34,695.8,0
34.345,712.68,0
34.35,-519.49,0
34.355,-519.49,0
34.36,-130.16,0
34.365,-130.16,0
34.37,712.72,0
34.375,-162.66,0
34.38,-518.57,0
34.385,-518.57,0
34.39,715.46,0
34.395,715.46,0
34.4,715.46,0
34.405,715.46,0
34.41,425.25,0
34.415,425.25,0
34.42,-76.99,0
34.425,-76.99,0
34.43,-873.92,0
34.435,-873.92,0
34.44,-347.59,0
34.445,-347.59,0
34.45,-347.59,0
34.455,-347.59,0
34.46,-24.36,0
34.465,-24.36,0
34.47,-24.36,0
34.475,156.11,0
34.48,1240.96,0
34.485,1240.96,0
34.49,1723.61,0
34.495,1723.61,0
34.5,156.11,0
34.505,-290.7,0
34.51,1625.16,0
34.515,1069.76,0
34.52,1069.76,0
34.525,1069.76,0
34.53,1069.76,0
34.535,540.08,0
34.54,325.26,0
34.545,325.26,0
34.55,325.26,0
34.555,325.26,0
34.56,325.26,0
34.565,325.26,0
34.57,43.83,0
34.575,43.83,0
34.58,6.8,0
34.585,6.8,0
34.59,-55.82,0
34.595,-55.82,0
34.6,-55.82,0
34.605,318.91,0
34.61,-55.82,0
34.615,219.14,0
34.62,58.44,0
34.625,-38.57,0
34.63,32.3,0
34.635,-156.24,0
34.64,-156.24,0
34.645,-82.01,0
34.65,-82.01,0
34.655,-55.82,0
34.66,-298.84,0
34.665,62.57,0
34.67,784.25,0
34.675,784.25,0
34.68,784.25,0
34.685,784.25,0
34.69,784.25,0
34.695,-62.91,0
34.7,784.25,0
34.705,-136.05,0
34.71,1390.48,0
34.715,1789.63,0
34.72,1789.63,0
34.725,1650.86,0
34.73,1650.86,0
34.735,1518.3,0
34.74,-65.6,0
34.745,1518.3,0
34.75,30.61,0
34.755,437.56,0
34.76,1686.2,0
34.765,73.18,0
34.77,878.25,0
34.775,878.25,0
34.78,413.3,0
34.785,413.3,0
34.79,413.3,0
34.795,413.3,0
34.8,809.27,0
34.805,809.27,0
34.81,818.16,0
34.815,818.16,0
34.82,455.73,0
34.825,1558.79,0
34.83,455.73,0
34.835,422.22,0
34.84,1183.2,0
34.845,1183.2,0
34.85,1183.2,0
34.855,887.36,0
34.86,1195.96,0
34.865,1195.96,0
34.87,1195.96,0
34.875,1024.63,0
34.88,960.99,0
34.885,960.99,0
34.89,960.99,0
34.895,960.99,0
34.9,159.44,0
34.905,159.44,0
34.91,-397.64,0
34.915,-397.64,0
34.92,873.94,0
34.925,873.94,0
34.93,783.1,0
34.935,783.1,0
34.94,783.1,0
34.945,783.1,0
34.95,316.64,0
34.955,316.64,0
34.96,828.04,0
34.965,718.04,0
34.97,828.04,0
34.975,828.04,0
34.98,1617.26,0
34.985,1617.26,0
34.99,1631.05,0
34.995,1150.85,0
35.0,1744.24,0
35.005,1744.24,0
35.01,1744.24,0
35.015,1744.24,0
35.02,1744.24,0
35.025,1719.96,0
35.03,1286.66,0
35.035,1286.66,0
35.04,1286.66,0
35.045,2547.84,0
35.05,2547.84,0
35.055,2547.84,0
35.06,2547.84,0
35.065,2547.84,0
35.07,2485.97,0
35.075,2485.97,0
35.08,2485.97,0
35.085,1806.69,0
35.09,1806.69,0
35.095,420.94,0
35.1,583.19,0
35.105,475.55,0
35.11,475.55,0
35.115,394.06,0
35.12,394.06,0
35.125,170.61,0
35.13,170.61,0
35.135,1470.15,0
35.14,1470.15,0
35.145,1470.15,0
35.15,1470.15,0
35.155,1382.37,0
35.16,2038.33,0
35.165,1633.09,0
35.17,2038.33,0
35.175,2038.33,0
35.18,2038.33,0
35.185,2368.91,0
35.19,2368.91,0
35.195,2237.24,0
35.2,2237.24,0
35.205,3047.21,0
35.21,3047.21,0
35.215,3427.79,0
35.22,3427.79,0
35.225,3286.6,0
35.23,3286.6,0
35.235,3157.19,0
35.24,3157.19,0
35.245,3157.19,0
35.25,170.48,0
35.255,3538.2,0
35.26,3538.2,0
35.265,3477.0,0
35.27,3477.0,0
35.275,3477.0,0
35.28,3108.97,0
35.285,3108.97,0
35.29,3621.77,0
35.295,3621.77,0
35.3,3581.88,0
35.305,3581.88,0
35.31,3581.88,0
35.315,3464.63,0
35.32,3464.63,0
35.325,3470.3,0
35.33,3986.2,0
35.335,3581.88,0
35.34,3986.2,0
35.345,3696.08,0
35.35,3696.08,1
35.355,3617.84,0
35.36,3617.84,0
35.365,1992.34,0
35.37,3482.46,0
35.375,3536.8,0
35.38,3744.27,0
35.385,3942.98,0
35.39,3942.98,0
35.395,3942.98,0
35.4,3621.71,0
35.405,3510.1,0
35.41,3510.1,0
35.415,3972.34,0
35.42,3972.34,0
35.425,3553.57,0
35.43,3553.57,0
35.435,3289.8,0
35.44,3289.8,0
35.445,3648.83,0
35.45,3876.2,0
35.455,3876.2,0
35.46,3876.2,0
35.465,4008.15,0
35.47,3936.12,0
35.475,3936.12,0
35.48,3776.66,0
35.485,3776.66,0
35.49,3869.28,0
35.495,3869.28,0
35.5,4083.65,0
35.505,4083.65,0
35.51,4083.65,0
35.515,4083.65,0
35.52,5510.71,0
35.525,5510.71,0
35.53,6106.48,0
35.535,6106.48,0
35.54,6556.81,0
35.545,6556.81,0
35.55,6556.81,0
35.555,6250.72,0
35.56,6250.72,0
35.565,6250.72,0
35.57,6250.72,0
35.575,7527.26,0
35.58,8021.27,0
35.585,8021.27,0
35.59,6973.65,0
35.595,6973.65,0
35.6,7351.09,0
35.605,7351.09,0
35.61,7351.09,0
35.615,7351.09,0
35.62,8408.25,0
35.625,8408.25,0
35.63,8158.72,0
35.635,8158.72,0
35.64,8771.07,0
35.645,8771.07,0
35.65,9044.33,0
35.655,8771.07,0
35.66,8952.25,0
35.665,8952.25,0
35.67,8477.67,0
35.675,8477.67,0
35.68,7648.75,0
35.685,7648.75,0
35.69,7648.75,0
35.695,7648.75,0
35.7,8148.2,0
35.705,8148.2,0
35.71,7776.77,0
35.715,7776.77,0
35.72,7247.9,0
35.725,7247.9,0
35.73,8477.68,0
35.735,8090.12,0
35.74,7247.9,0
35.745,7247.9,0
35.75,7247.9,0
35.755,6882.99,0
35.76,6882.99,0
35.765,6096.01,0
35.77,8284.85,0
35.775,6441.73,0
35.78,6397.43,0
35.785,6397.43,0
35.79,6397.43,0
35.795,6430.42,0
35.8,6430.42,0
35.805,6424.99,0
35.81,6424.99,0
35.815,6487.65,0
35.82,6487.65,0
35.825,6571.04,0
35.83,6571.04,0
35.835,6608.68,0
35.84,6608.68,0
35.845,6523.05,0
35.85,6523.05,0
35.855,6581.62,0
35.86,6550.41,0
35.865,6550.41,0
35.87,6663.42,0
35.875,6663.42,0
35.88,6623.33,0
35.885,6623.33,0
35.89,-188.22,0
35.895,-188.22,0
35.9,-425.94,0
35.905,6663.42,0
35.91,-425.94,0
35.915,6433.44,0
35.92,342.02,0
35.925,342.02,0
35.93,162.09,0
35.935,162.09,0
35.94,399.97,0
35.945,6567.63,0
35.95,-120.16,0
35.955,-120.16,0
35.96,399.97,0
35.965,-120.16,0
35.97,-120.16,0
35.975,933.9,0
35.98,933.9,0
35.985,1191.23,0
35.99,950.09,0
35.995,950.09,0
36.0,950.09,0
36.005,1391.43,0
36.01,297.75,0
36.015,1391.43,0
36.02,1202.97,0
36.025,1202.97,0
36.03,900.59,0
36.035,900.59,0
36.04,916.22,0
36.045,916.22,0
36.05,950.09,0
36.055,1399.27,0
36.06,900.59,0
36.065,1999.34,0
36.07,1984.32,0
36.075,1984.32,0
36.08,1454.69,0
36.085,1454.69,0
36.09,1039.77,0
36.095,1827.34,0
36.1,2455.87,0
36.105,2455.87,0
36.11,2169.96,0
36.115,2169.96,0
36.12,2169.96,0
36.125,2169.96,0
36.13,2625.06,0
36.135,2625.06,0
36.14,2333.78,0
36.145,2333.78,0
36.15,358.53,0
36.155,2510.68,0
36.16,2938.64,0
36.165,2938.64,0
36.17,2938.64,0
36.175,1906.17,0
36.18,2625.06,0
36.185,2938.64,0
36.19,2729.29,0
36.195,2729.29,0
36.2,2303.02,0
36.205,2303.02,0
36.21,1798.3,0
36.215,1798.3,0
36.22,1700.29,0
36.225,1700.29,0
36.23,1700.29,0
36.235,1700.29,0
36.24,2276.86,0
36.245,2276.86,0
36.25,1700.29,0
36.255,2031.2,0
36.26,2231.46,0
36.265,2231.46,0
36.27,2355.58,0
36.275,2355.58,0
36.28,2355.58,0
36.285,2355.58,0
36.29,2355.58,0
36.295,2355.58,0
36.3,2333.12,0
36.305,2333.12,0
36.31,2330.72,0
36.315,2330.72,0
36.32,2330.72,0
36.325,2330.72,0
36.33,2332.75,0
36.335,2332.75,0
36.34,2235.55,0
36.345,2235.55,0
36.35,2288.11,0
36.355,2288.11,0
36.36,2288.11,0
36.365,2288.11,0
36.37,2223.88,0
36.375,2223.88,0
36.38,2142.03,0
36.385,2142.03,0
36.39,2142.03,0
36.395,2142.03,0
36.4,1955.08,0
36.405,1955.08,0
36.41,1955.08,0
36.415,1955.08,0
36.42,2776.17,0
36.425,2776.17,0
36.43,3319.6,0
36.435,3319.6,0
36.44,3121.39,0
36.445,3121.39,0
36.45,3635.04,0
36.455,3995.1,0
36.46,2732.54,0
36.465,2233.96,0
36.47,3404.72,0
36.475,3404.72,0
36.48,3262.11,0
36.485,3262.11,0
36.49,3671.34,0
36.495,3671.34,0
36.5,3671.34,0
36.505,3671.34,0
36.51,3924.27,0
36.515,3924.27,0
36.52,3337.47,0
36.525,3337.47,0
36.53,3580.64,0
36.535,3712.1,0
36.54,3894.87,0
36.545,3894.87,0
36.55,3894.87,0
36.555,3894.87,0
36.56,3173.32,0
36.565,3173.32,0
36.57,2982.31,0
36.575,2645.21,0
36.58,2645.21,0
36.585,2299.02,0
36.59,3912.2,0
36.595,2299.02,0
36.6,2101.9,0
36.605,2101.9,0
36.61,2007.13,0
36.615,2007.13,0
36.62,2128.15,0
36.625,1303.05,0
36.63,1303.05,0
36.635,1080.81,0
36.64,3256.05,0
36.645,1080.81,0
36.65,1080.81,0
36.655,1072.96,0
36.66,1072.96,0
36.665,1072.96,0
36.67,567.56,0
36.675,979.47,0
36.68,-58.24,0
36.685,-375.4,0
36.69,-375.4,0
36.695,-375.4,0
36.7,1737.2,0
36.705,-28.77,0
36.71,-1380.75,0
36.715,-1380.75,0
36.72,-1380.75,0
36.725,-1450.18,0
36.73,-1450.18,0
36.735,-1348.9,0
36.74,-1348.9,0
36.745,-1839.58,0
36.75,-1839.58,0
36.755,-2078.18,0
36.76,-2078.18,0
36.765,-2078.18,0
36.77,-2117.14,0
36.775,-2117.14,0
36.78,-1980.4,0
36.785,-1980.4,0
36.79,-1822.44,0
36.795,-1822.44,0
36.8,-1823.07,0
36.805,-1450.17,0
36.81,-1782.17,0
36.815,-1782.17,0
36.82,-1852.78,0
36.825,1832.06,0
36.83,-1850.2,0
36.835,-1850.2,0
36.84,-1963.95,0
36.845,-1963.95,0
36.85,-1963.95,0
36.855,-1159.27,0
36.86,-1159.27,0
36.865,-1159.27,0
36.87,-1396.77,0
36.875,-1396.77,0
36.88,-1396.77,0
36.885,-1396.77,0
36.89,-30.55,0
36.895,-2688.35,0
36.9,-2688.35,0
36.905,-2714.38,0
36.91,-2714.38,0
36.915,-3735.3,0
36.92,-3735.3,0
36.925,-4334.33,0
36.93,-4334.33,0
36.935,-4354.96,0
36.94,-4354.96,0
36.945,-4548.23,0
36.95,-1780.94,0
36.955,-5150.57,0
36.96,-5150.57,0
36.965,-5383.21,0
36.97,-5383.21,0
36.975,-5383.21,0
36.98,-5305.34,0
36.985,-5305.34,0
36.99,-5493.44,0
36.995,-5493.44,0
37.0,-5998.23,0
37.005,-5998.23,0
37.01,-3243.78,0
37.015,-3920.73,0
37.02,-6476.06,0
37.025,-6693.18,0
37.03,-6693.18,0
37.035,-7188.69,0
37.04,-7188.69,0
37.045,-7427.92,0
37.05,-7427.92,0
37.055,-7551.24,0
37.06,-7551.24,0
37.065,-7681.33,0
37.07,-7681.33,0
37.075,-7512.38,0
37.08,-7512.38,0
37.085,-7813.69,0
37.09,-7813.69,0
37.095,-7813.69,0
37.1,-5386.06,0
37.105,-7789.45,0
37.11,-7789.45,0
37.115,-7397.3,0
37.12,-7397.3,0
37.125,-7832.64,0
37.13,-7832.64,0
37.135,-7638.61,0
37.14,-7638.61,0
37.145,-7745.1,0
37.15,-7741.8,0
37.155,-7379.77,0
37.16,-7379.77,0
37.165,-7508.98,0
37.17,-7508.98,0
37.175,-6678.83,0
37.18,-6678.83,0
37.185,-6824.28,0
37.19,-6824.28,0
37.195,-7409.01,0
37.2,-7409.01,0
37.205,-7289.08,0
37.21,-7289.08,0
37.215,-7289.08,0
37.22,-7289.08,0
37.225,-7663.26,0
37.23,-7663.26,0
37.235,-6942.97,0
37.24,-6942.97,0
37.245,-7420.04,0
37.25,-7420.04,0
37.255,-7711.41,0
37.26,-7711.41,0
37.265,-7760.44,0
37.27,-7760.44,0
37.275,-7032.6,0
37.28,-7032.6,0
37.285,-7345.59,0
37.29,-7345.59,0
37.295,-7345.59,0
37.3,-7830.3,0
37.305,-7593.32,0
37.31,-7891.31,0
37.315,-7420.03,0
37.32,-7180.67,0
37.325,-7730.99,0
37.33,-7730.99,0
37.335,-7730.99,0
37.34,-7730.99,0
37.345,-7760.43,0
37.35,-6926.35,0
37.355,-6926.35,0
37.36,-6777.67,0
37.365,-7420.46,0
37.37,-7237.71,0
37.375,-7237.71,0
37.38,-6871.79,0
37.385,-6871.79,0
37.39,-6871.79,0
37.395,-6871.79,0
37.4,-6871.79,0
37.405,-6817.76,0
37.41,-6817.76,0
37.415,-6923.33,0
37.42,-6923.33,0
37.425,-6911.13,0
37.43,-6911.13,0
37.435,-6911.13,0
37.44,-6911.13,0
37.445,-6990.02,0
37.45,-6990.02,0
37.455,-7048.54,0
37.46,-7048.54,0
37.465,-7085.84,0
37.47,-7085.84,0
37.475,-7085.84,0
37.48,-7101.07,0
37.485,-7101.07,0
37.49,-7101.07,0
37.495,-7101.07,0
37.5,-7101.07,0
37.505,-7101.07,0
37.51,-6917.78,0
37.515,-5971.86,0
37.52,-5971.86,0
37.525,1118.94,0
37.53,1118.94,0
37.535,832.35,0
37.54,832.35,0
37.545,-7101.07,0
37.55,-157.84,0
37.555,-7021.14,0
37.56,-671.98,0
37.565,-671.98,0
37.57,-1307.77,0
37.575,-1307.77,0
37.58,-1516.49,0
37.585,-1516.49,0
37.59,-671.98,0
37.595,-6895.14,0
37.6,-1226.01,0
37.605,-3347.51,0
37.61,-3347.51,0
37.615,-3347.51,0
37.62,-3347.51,0
37.625,-3783.56,0
37.63,-3783.56,0
37.635,-3783.56,0
37.64,-4008.16,0
37.645,-4008.16,0
37.65,-3963.31,0
37.655,-3963.31,0
37.66,-3989.66,0
37.665,-3989.66,0
37.67,-3989.66,0
37.675,-3976.75,0
37.68,-3976.75,0
37.685,-3906.56,0
37.69,-3906.56,0
37.695,-3890.51,0
37.7,-3890.51,0
37.705,-3890.51,0
37.71,-3890.51,0
37.715,-3890.51,0
37.72,-3890.51,0
37.725,-3875.05,0
37.73,-3875.05,0
37.735,-3902.34,0
37.74,-3902.34,0
37.745,-4310.27,0
37.75,-4310.27,0
37.755,-4148.23,0
37.76,-4148.23,0
37.765,-3870.53,0
37.77,-3995.06,0
37.775,-3909.77,0
37.78,-3909.77,0
37.785,-3909.77,0
37.79,-3909.77,0
37.795,-5163.22,0
37.8,-5163.22,0
37.805,-5850.91,0
37.81,-5850.91,0
37.815,-5771.62,0
37.82,-5771.62,0
37.825,-6433.02,0
37.83,-6433.02,0
37.835,-6433.02,0
37.84,-6433.02,0
37.845,-7734.55,0
37.85,-7734.55,0
37.855,-5854.59,0
37.86,-8007.93,0
37.865,-9353.1,0
37.87,-9353.1,0
37.875,-9917.02,0
37.88,-9917.02,0
37.885,-9917.02,0
37.89,-9917.02,0
37.895,-9917.02,0
37.9,-9917.02,0
37.905,-12311.71,0
37.91,-12311.71,0
37.915,-12870.3,0
37.92,-12870.3,0
37.925,-8007.93,0
37.93,-13588.26,0
37.935,-14547.33,0
37.94,-14547.33,0
37.945,-14547.33,0
37.95,-15258.4,0
37.955,-15258.4,0
37.96,-15367.84,0
37.965,-15367.84,0
37.97,-15381.92,0
37.975,-15381.92,0
37.98,-15381.92,0
37.985,-15381.92,0
37.99,-17247.69,0
37.995,-17247.69,0
38.0,-17782.32,0
38.005,-17782.32,0
38.01,-18523.06,0
38.015,-18523.06,0
38.02,-18812.74,0
38.025,-19398.58,0
38.03,-19398.58,0
38.035,-19398.58,0
38.04,-19278.5,0
38.045,-19278.5,0
38.05,-19343.94,0
38.055,-19826.68,0
38.06,-19826.68,0
38.065,-15368.35,0
38.07,-20318.89,0
38.075,-20230.91,0
38.08,-20230.91,0
38.085,-20230.91,0
38.09,-20230.91,0
38.095,-13533.91,0
38.1,-20328.82,0
38.105,-21184.71,0
38.11,-21184.71,0
38.115,-21232.41,0
38.12,-21232.41,0
38.125,-21232.41,0
38.13,-21232.41,0
38.135,-21784.34,0
38.14,-19242.02,0
38.145,-22269.54,0
38.15,-22269.54,0
38.155,-22177.84,0
38.16,-22177.84,0
38.165,-22278.01,0
38.17,-22278.01,0
38.175,-22779.52,0
38.18,-22779.52,0
38.185,-23251.0,0
38.19,-23251.0,0
38.195,-23151.86,0
38.2,-23151.86,0
38.205,-23280.0,0
38.21,-23280.0,0
38.215,-19524.65,0
38.22,-23742.63,0
38.225,-24149.03,0
38.23,-24149.03,0
38.235,-24138.78,0
38.24,-24138.78,0
38.245,-24138.78,0
38.25,-24138.78,0
38.255,-24748.09,0
38.26,-24748.09,0
38.265,-25223.14,0
38.27,-25223.14,0
38.275,-25149.53,0
38.28,-23250.5,0
38.285,-25243.17,0
38.29,-25243.17,0
38.295,-10064.22,0
38.3,-24471.3,0
38.305,-26222.41,0
38.31,-26222.41,0
38.315,-26111.95,0
38.32,-26111.95,0
38.325,-23806.09,0
38.33,-23806.09,0
38.335,-888.66,0
38.34,-888.66,0
38.345,-165.99,0
38.35,-165.99,0
38.355,-965.95,0
38.36,-965.95,0
38.365,-1042.72,0
38.37,-1042.72,0
38.375,-862.51,0
38.38,-862.51,0
38.385,-862.51,0
38.39,-862.51,0
38.395,-2188.38,0
38.4,-2188.38,0
38.405,-2820.09,0
38.41,-2820.09,0
38.415,-1956.85,0
38.42,-25330.89,0
38.425,-3480.19,0
38.43,-3480.19,0
38.435,-3690.98,0
38.44,-3690.98,0
38.445,-3765.26,0
38.45,-3765.26,0
38.455,-4487.9,0
38.46,-4487.9,0
38.465,-5130.37,0
38.47,-5130.37,0
38.475,-5130.37,0
38.48,-5130.37,0
38.485,-5130.37,0
38.49,-5130.37,0
38.495,-6417.22,0
38.5,-6417.22,0
38.505,-6635.92,0
38.51,-3044.63,0
38.515,-778.58,0
38.52,-6576.95,0
38.525,-6718.23,0
38.53,-3875.17,0
38.535,-7450.61,0
38.54,-3480.01,0
38.545,-7450.61,0
38.55,-7450.61,0
38.555,-8706.54,0
38.56,-8706.54,0
38.565,-8936.14,0
38.57,-8936.14,0
38.575,-9359.36,0
38.58,-9359.36,0
38.585,-9501.09,0
38.59,-9501.09,0
38.595,-9949.65,0
38.6,-9949.65,0
38.605,-9949.65,0
38.61,-9949.65,0
38.615,-9949.65,0
38.62,-9625.47,0
38.625,-9625.47,0
38.63,-10494.38,0
38.635,-10451.09,0
38.64,-10451.09,0
38.645,-10451.09,0
38.65,-10611.71,0
38.655,-8946.85,0
38.66,-11328.2,0
38.665,-11328.2,0
38.67,-11328.2,0
38.675,-11328.2,0
38.68,-12636.53,0
38.685,-12636.53,0
38.69,-12914.08,0
38.695,-12914.08,0
38.7,-13320.8,0
38.705,-13320.8,0
38.71,-12859.19,0
38.715,-13987.63,0
38.72,-14607.07,0
38.725,-14607.07,0
38.73,-14833.87,0
38.735,-14833.87,0
38.74,-14833.87,0
38.745,-14833.87,0
38.75,-15911.15,0
38.755,-15911.15,0
38.76,-16529.67,0
38.765,-16529.67,0
38.77,-16753.75,0
38.775,-16753.75,0
38.78,-17339.6,0
38.785,-17339.6,0
38.79,-17339.6,0
38.795,-18557.86,0
38.8,-18557.86,0
38.805,-18769.56,0
38.81,-18769.56,0
38.815,-12861.3,0
38.82,-18533.34,0
38.825,-18533.34,0
38.83,-19899.74,0
38.835,-19899.74,0
38.84,-19899.74,0
38.845,-20757.4,0
38.85,-20757.4,0
38.855,-20757.4,0
38.86,-20531.65,0
38.865,-20531.65,0
38.87,-20531.65,0
38.875,-20531.65,0
38.88,-20531.65,0
38.885,-20531.65,0
38.89,-20531.65,0
38.895,-20531.65,0
38.9,-12289.85,0
38.905,-22506.8,0
38.91,-23821.69,0
38.915,-24304.97,0
38.92,-24304.97,0
38.925,-25076.7,0
38.93,-25076.7,0
38.935,-25076.7,0
38.94,-25076.7,0
38.945,-22473.16,0
38.95,-26033.47,0
38.955,-26731.51,0
38.96,-26731.51,0
38.965,-26669.58,0
38.97,-26669.58,0
38.975,-26669.58,0
38.98,-26453.8,0
38.985,-26453.8,0
38.99,-19164.65,0
38.995,-26803.23,0
39.0,-26810.59,0
39.005,-26810.59,0
39.01,-27268.29,0
39.015,-27268.29,0
39.02,-27329.83,0
39.025,-27329.83,0
39.03,-27268.99,0
39.035,-27329.83,0
39.04,-26583.97,0
39.045,-26583.97,0
39.05,-26660.14,0
39.055,-26660.14,0
39.06,-26194.15,0
39.065,-26194.15,0
39.07,-26906.8,0
39.075,-26906.8,0
39.08,-27602.61,0
39.085,-27602.61,0
39.09,-26136.71,0
39.095,-27788.33,0
39.1,-28466.15,0
39.105,-28466.15,0
39.11,-28466.15,0
39.115,-27583.31,0
39.12,-27583.31,0
39.125,-27814.1,0
39.13,-27814.1,0
39.135,-26585.4,0
39.14,-27345.71,0
39.145,-27293.13,0
39.15,-205.67,0
39.155,-205.67,0
39.16,-205.67,0
39.165,227.08,0
39.17,227.08,0
39.175,319.04,0
39.18,319.04,0
39.185,-336.0,0
39.19,-336.0,0
39.195,-555.9,0
39.2,-555.9,0
39.205,-456.44,0
39.21,-456.44,0
39.215,-456.44,0
39.22,-456.44,0
39.225,-1237.15,0
39.23,-1237.15,0
39.235,-1237.15,0
39.24,-1378.29,0
39.245,-27545.52,0
39.25,4850.38,0
39.255,-1265.59,0
39.26,-1817.32,0
39.265,-1817.32,0
39.27,-2222.04,0
39.275,-2222.04,0
39.28,-2412.71,0
39.285,-27350.86,0
39.29,-2334.98,0
39.295,-2850.45,0
39.3,-2850.45,0
39.305,-3248.44,0
39.31,-3248.44,0
39.315,-2412.71,0
39.32,-3407.1,0
39.325,-3386.8,0
39.33,-3386.8,0
39.335,-3283.71,0
39.34,-3283.71,0
39.345,-3526.25,0
39.35,-3526.25,0
39.355,-3526.25,0
39.36,-3774.02,0
39.365,-3774.02,0
39.37,-3669.17,0
39.375,-3669.17,0
39.38,-18.53,0
39.385,-4188.09,0
39.39,-4188.09,0
39.395,-4598.02,0
39.4,-4598.02,0
39.405,-4598.02,0
39.41,-4540.76,0
39.415,-4540.76,0
39.42,-5035.9,0
39.425,-5035.9,0
39.43,-5353.81,0
39.435,-5353.81,0
39.44,-5353.81,0
39.445,-5353.81,0
39.45,-5222.85,0
39.455,-5163.04,0
39.46,-5163.04,0
39.465,-5163.04,0
39.47,-5374.22,0
39.475,-5003.42,0
39.48,-5003.42,0
39.485,-5790.59,0
39.49,-5790.59,0
39.495,-5790.59,0
39.5,-5790.59,0
39.505,-5790.59,0
39.51,-5790.59,0
39.515,-5708.22,0
39.52,-5708.22,0
39.525,-5708.22,0
39.53,-5716.87,0
39.535,-5727.52,0
39.54,-5727.52,0
39.545,-5747.13,0
39.55,-5747.13,0
39.555,-5877.46,0
39.56,-5877.46,0
39.565,-6173.43,0
39.57,-6173.43,0
39.575,-5502.7,0
39.58,-5502.7,0
39.585,-5090.39,0
39.59,-5090.39,0
39.595,-4831.88,0
39.6,-4831.88,0
39.605,-4831.88,0
39.61,-4831.88,0
39.615,-5677.34,0
39.62,-4848.96,0
39.625,-4457.63,0
39.63,-4457.63,0
39.635,-4457.63,0
39.64,-4457.63,0
39.645,-4712.4,0
39.65,-4712.4,0
39.655,-4722.41,0
39.66,-4722.41,0
39.665,-4722.41,0
39.67,-4722.41,0
39.675,-4505.24,0
39.68,-4772.2,0
39.685,-4671.33,0
39.69,-4671.33,0
39.695,-4762.38,0
39.7,-4671.33,0
39.705,-4142.68,0
39.71,-4142.68,0
39.715,-3594.44,0
39.72,-3594.44,0
39.725,-3594.44,0
39.73,-3594.44,0
39.735,-3223.5,0
39.74,-3223.5,0
39.745,-3223.5,0
39.75,-3223.5,0
39.755,-3223.5,0
39.76,-3223.5,0
39.765,-3223.5,0
39.77,-3223.5,0
39.775,-3223.5,0
39.78,-3223.5,0
39.785,-1019.04,0
39.79,-1019.04,0
39.795,-1084.28,0
39.8,-1084.28,0
39.805,-232.78,0
39.81,-2200.61,0
39.815,-373.88,0
39.82,-373.88,0
39.825,-656.33,0
39.83,-656.33,0
39.835,-656.33,0
39.84,-656.33,0
39.845,-4143.07,0
39.85,-669.58,0
39.855,-743.44,0
39.86,-743.44,0
39.865,-408.63,0
39.87,-408.63,0
39.875,-408.63,0
39.88,-408.63,0
39.885,-477.84,0
39.89,-383.93,0
39.895,-1477.23,0
39.9,-1477.23,0
39.905,-1477.23,0
39.91,-1477.23,0
39.915,-1258.33,0
39.92,-1258.33,0
39.925,-616.96,0
39.93,-616.96,0
39.935,25.89,0
39.94,25.89,0
39.945,576.65,0
39.95,576.65,0
39.955,-67.24,0
39.96,-67.24,0
39.965,-1518.46,0
39.97,-1518.46,0
39.975,-2381.95,0
39.98,-2381.95,0
39.985,-1472.22,0
39.99,-1472.22,0
39.995,-1628.59,0
40.0,-477.83,0
40.005,-1371.44,0
40.01,-470.48,0
40.015,-1244.27,0
40.02,-906.99,0
40.025,-906.99,0
40.03,-906.99,0
40.035,-1256.64,0
40.04,-1256.64,0
40.045,-1256.64,0
40.05,-1256.64,0
40.055,-1285.42,0
40.06,-1153.79,0
40.065,-1475.67,0
40.07,-1475.67,0
40.075,-1633.89,0
40.08,-1633.89,0
40.085,-1633.89,0
40.09,-1633.89,0
40.095,-1710.88,0
40.1,-1710.88,0
40.105,-1763.03,0
40.11,-1763.03,0
40.115,-1800.8,0
40.12,-1800.8,0
40.125,-1800.8,0
40.13,-1800.8,0
40.135,-1848.88,0
40.14,-1848.88,0
40.145,-1901.94,0
40.15,-1285.43,0
40.155,-1907.27,0
40.16,-1093.12,0
40.165,-2377.9,0
40.17,-1802.99,0
40.175,-1898.84,0
40.18,-1783.85,0
40.185,-1763.03,0
40.19,-1835.17,0
40.195,-1835.17,0
40.2,-1783.94,0
40.205,-1783.94,0
40.21,-1820.04,0
40.215,-1820.04,0
40.22,-1867.89,0
40.225,-1867.89,0
40.23,-1940.73,0
40.235,-1940.73,0
40.24,-2086.51,0
40.245,-2086.51,0
40.25,-2086.51,0
40.255,-2086.51,0
40.26,-2086.51,0
40.265,-2086.51,0
40.27,-1801.58,0
40.275,-1801.58,0
40.28,-2366.72,0
40.285,-1771.52,0
40.29,-2084.25,0
40.295,-1843.54,0
40.3,-1377.09,0
40.305,-1377.09,0
40.31,-1425.0,0
40.315,-1425.0,0
40.32,-1517.79,0
40.325,-1517.79,0
40.33,-2116.21,0
40.335,-2116.21,0
40.34,-1939.84,0
40.345,-2212.12,0
40.35,-2212.12,1
40.355,-2904.78,0
40.36,-2904.78,0
40.365,-2904.78,0
40.37,-2904.78,0
40.375,-3039.18,0
40.38,-3039.18,0
40.385,-1810.49,0
40.39,-3039.18,0
40.395,-3377.67,0
40.4,-3377.67,0
40.405,-3714.33,0
40.41,-3714.33,0
40.415,-3714.33,0
40.42,-3395.78,0
40.425,-3395.78,0
40.43,-3395.78,0
40.435,-2212.11,0
40.44,-3418.81,0
40.445,-2310.99,0
40.45,-3686.79,0
40.455,-3686.79,0
40.46,-3746.93,0
40.465,-3746.93,0
40.47,-4025.79,0
40.475,-4025.79,0
40.48,-4206.4,0
40.485,-4727.23,0
40.49,-4727.23,0
40.495,-4779.8,0
40.5,-4779.8,0
40.505,-5218.35,0
40.51,-5218.35,0
40.515,-5475.49,0
40.52,-3041.28,0
40.525,-4018.11,0
40.53,-5773.36,0
40.535,-5773.36,0
40.54,-5773.36,0
40.545,-5977.08,0
40.55,-5977.08,0
40.555,-6087.08,0
40.56,-6087.08,0
40.565,-7246.92,0
40.57,-5218.35,0
40.575,-7246.92,0
40.58,-7246.92,0
40.585,-7246.92,0
40.59,-7246.92,0
40.595,-8155.95,0
40.6,-8155.95,0
40.605,-7745.02,0
40.61,-7745.02,0
40.615,-7711.77,0
40.62,-7711.77,0
40.625,-7711.77,0
40.63,-7862.97,0
40.635,-8076.06,0
40.64,-8076.06,0
40.645,-7811.02,0
40.65,-7632.46,0
40.655,-7632.46,0
40.66,-7632.46,0
40.665,-7632.46,0
40.67,-7632.46,0
40.675,-7632.46,0
40.68,-7946.8,0
40.685,-7946.8,0
40.69,-8612.16,0
40.695,-8612.16,0
40.7,-8602.97,0
40.705,-8448.08,0
40.71,-7846.45,0
40.715,-8448.08,0
40.72,-8933.47,0
40.725,-8605.9,0
40.73,-8605.9,0
40.735,-8562.62,0
40.74,-8562.62,0
40.745,-8907.83,0
40.75,-8907.83,0
40.755,-8907.83,0
40.76,-8918.78,0
40.765,-8918.78,0
40.77,-8189.94,0
40.775,-8189.94,0
40.78,-328.02,0
40.785,-328.02,0
40.79,-278.65,0
40.795,-278.65,0
40.8,-925.72,0
40.805,-4775.15,0
40.81,-1073.69,0
40.815,-1073.69,0
40.82,-8841.66,0
40.825,-608.29,0
40.83,-608.29,0
40.835,-8262.18,0
40.84,-1044.39,0
40.845,-1044.39,0
40.85,-1044.39,0
40.855,-1471.32,0
40.86,-1471.32,0
40.865,-1510.4,0
40.87,-1510.4,0
40.875,-1709.49,0
40.88,-1575.63,0
40.885,-1575.63,0
40.89,-2576.1,0
40.895,1232.68,0
40.9,-2576.1,0
40.905,-3143.88,0
40.91,-3143.88,0
40.915,-3143.88,0
40.92,-3322.54,0
40.925,-3322.54,0
40.93,-2902.0,0
40.935,-3401.27,0
40.94,-2902.0,0
40.945,-3332.12,0
40.95,-3332.12,0
40.955,-3238.27,0
40.96,-3238.27,0
40.965,-3602.47,0
40.97,-3512.17,0
40.975,-3512.17,0
40.98,-3512.17,0
40.985,-3512.17,0
40.99,-3512.17,0
40.995,-3422.25,0
41.0,-2603.34,0
41.005,-2603.34,0
41.01,-2553.41,0
41.015,-2553.41,0
41.02,-2553.41,0
41.025,-2425.83,0
41.03,-2600.65,0
41.035,-2600.65,0
41.04,-3417.28,0
41.045,-3602.46,0
41.05,-3417.28,0
41.055,-3311.09,0
41.06,-3311.09,0
41.065,-2901.2,0
41.07,-3602.44,0
41.075,-2957.96,0
41.08,-3387.0,0
41.085,-3311.09,0
41.09,-2760.82,0
41.095,-1289.75,0
41.1,-1289.75,0
41.105,-1028.12,0
41.11,-1028.12,0
41.115,-1028.12,0
41.12,-1028.12,0
41.125,-1028.12,0
41.13,-1028.12,0
41.135,-1210.79,0
41.14,-1210.79,0
41.145,-1467.63,0
41.15,-1467.63,0
41.155,-1467.63,0
41.16,-1289.75,0
41.165,-1645.24,0
41.17,-1040.2,0
41.175,-1040.2,0
41.18,-1263.16,0
41.185,-1263.16,0
41.19,-1095.13,0
41.195,-1217.29,0
41.2,-726.42,0
41.205,-726.42,0
41.21,-849.95,0
41.215,-849.95,0
41.22,-815.83,0
41.225,-815.83,0
41.23,-815.83,0
41.235,-815.83,0
41.24,-815.83,0
41.245,-848.65,0
41.25,-848.65,0
41.255,-984.21,0
41.26,-984.21,0
41.265,268.78,0
41.27,415.81,0
41.275,415.81,0
41.28,415.81,0
41.285,415.81,0
41.29,381.14,0
41.295,381.14,0
41.3,27.11,0
41.305,27.11,0
41.31,562.21,0
41.315,562.21,0
41.32,985.87,0
41.325,985.87,0
41.33,985.87,0
41.335,-1084.89,0
41.34,535.68,0
41.345,535.68,0
41.35,727.26,0
41.355,727.26,0
41.36,1222.48,0
41.365,1222.48,0
41.37,1134.51,0
41.375,1134.51,0
41.38,1298.28,0
41.385,1298.28,0
41.39,1298.28,0
41.395,968.31,0
41.4,-1009.88,0
41.405,968.31,0
41.41,844.57,0
41.415,844.57,0
41.42,26.9,0
41.425,551.66,0
41.43,551.66,0
41.435,551.66,0
41.44,551.66,0
41.445,131.86,0
41.45,894.81,0
41.455,356.44,0
41.46,356.44,0
41.465,356.44,0
41.47,356.44,0
41.475,779.77,0
41.48,779.77,0
41.485,286.61,0
41.49,180.62,0
41.495,180.62,0
41.5,180.62,0
41.505,286.61,0
41.51,116.64,0
41.515,262.02,0
41.52,262.02,0
41.525,262.02,0
41.53,789.72,0
41.535,979.52,0
41.54,1844.04,0
41.545,1844.04,0
41.55,2292.19,0
41.555,2292.19,0
41.56,2292.19,0
41.565,2424.01,0
41.57,2424.01,0
41.575,2424.01,0
41.58,3422.75,0
41.585,3422.75,0
41.59,1041.11,0
41.595,1041.11,0
41.6,1283.76,0
41.605,1283.76,0
41.61,1047.55,0
41.615,1047.55,0
41.62,424.9,0
41.625,424.9,0
41.63,840.5,0
41.635,424.9,0
41.64,507.52,0
41.645,-12.28,0
41.65,201.91,0
41.655,349.33,0
41.66,349.33,0
41.665,-416.21,0
41.67,-726.05,0
41.675,-726.05,0
41.68,-726.05,0
41.685,-726.05,0
41.69,-726.05,0
41.695,-706.08,0
41.7,-706.08,0
41.705,-284.52,0
41.71,-370.91,0
41.715,2292.17,0
41.72,-738.76,0
41.725,-644.6,0
41.73,-644.6,0
41.735,-889.13,0
41.74,-889.13,0
41.745,-1386.26,0
41.75,-1386.26,0
41.755,-1666.91,0
41.76,-1666.91,0
41.765,-1742.17,0
41.77,-1876.16,0
41.775,-1876.16,0
41.78,-1768.08,0
41.785,-1768.08,0
41.79,-1386.26,0
41.795,-1986.57,0
41.8,-1986.57,0
41.805,-1986.57,0
41.81,-1986.57,0
41.815,-1889.42,0
41.82,-1889.42,0
41.825,-1533.63,0
41.83,-1894.34,0
41.835,-1894.34,0
41.84,-1759.52,0
41.845,-1759.52,0
41.85,-1802.61,0
41.855,-1802.61,0
41.86,-1392.15,0
41.865,-364.05,0
41.87,-1589.6,0
41.875,-1589.6,0
41.88,-1589.6,0
41.885,-1589.6,0
41.89,-1872.23,0
41.895,-586.59,0
41.9,-1680.28,0
41.905,-1680.28,0
41.91,-1680.28,0
41.915,-1609.8,0
41.92,-1947.42,0
41.925,-1947.42,0
41.93,-1947.42,0
41.935,-1947.42,0
41.94,-1751.11,0
41.945,-1942.52,0
41.95,-1973.64,0
41.955,-1973.64,0
41.96,-1844.5,0
41.965,-1870.18,0
41.97,-1844.5,0
41.975,-1844.5,0
41.98,-1844.5,0
41.985,-1557.83,0
41.99,-1557.83,0
41.995,-1728.01,0
42.0,-1386.14,0
42.005,-1790.37,0
42.01,-1790.37,0
42.015,-1790.37,0
42.02,-1790.37,0
42.025,-1790.37,0
42.03,-1721.26,0
42.035,-1721.26,0
42.04,-1983.12,0
42.045,-1983.12,0
42.05,-1927.11,0
42.055,-1927.11,0
42.06,-1560.0,0
42.065,-1560.0,0
42.07,-1560.0,0
42.075,-1734.14,0
42.08,-1937.06,0
42.085,-1998.49,0
42.09,-1831.23,0
42.095,-1831.23,0
42.1,-1563.48,0
42.105,-1563.48,0
42.11,-1664.65,0
42.115,-1664.65,0
42.12,-1964.4,0
42.125,-1964.4,0
42.13,-1816.5,0
42.135,-1816.5,0
42.14,-1870.79,0
42.145,-1870.79,0
42.15,-1563.48,0
42.155,-1706.05,0
42.16,-2054.36,0
42.165,-2054.36,0
42.17,-2073.84,0
42.175,-2073.84,0
42.18,-1733.58,0
42.185,-1733.58,0
42.19,-1760.62,0
42.195,-1733.58,0
42.2,-1733.58,0
42.205,-2001.57,0
42.21,-1733.58,0
42.215,-1622.49,0
42.22,-1622.49,0
42.225,-1345.39,0
42.23,-1345.39,0
42.235,-1115.8,0
42.24,-1115.8,0
42.245,-835.94,0
42.25,-991.53,0
42.255,-991.53,0
42.26,-991.53,0
42.265,-1021.75,0
42.27,-456.12,0
42.275,-456.12,0
42.28,-456.12,0
42.285,-1219.43,0
42.29,-1219.43,0
42.295,-2046.47,0
42.3,-1656.01,0
42.305,-1574.91,0
42.31,-1363.57,0
42.315,-1363.57,0
42.32,-2088.86,0
42.325,-2088.86,0
42.33,-2088.86,0
42.335,-1660.66,0
42.34,-2455.54,0
42.345,-2455.54,0
42.35,-3882.32,0
42.355,-3882.32,0
42.36,-3069.65,0
42.365,-3882.32,0
42.37,-1386.53,0
42.375,-4288.76,0
42.38,-4288.76,0
42.385,-4288.76,0
42.39,-4288.76,0
42.395,-4288.76,0
42.4,-4288.76,0
42.405,-4288.76,0
42.41,-4288.76,0
42.415,-4547.59,0
42.42,-4766.47,0
42.425,-555.03,0
42.43,-213.38,0
42.435,268.83,0
42.44,268.83,0
42.445,-59.22,0
42.45,-59.22,0
42.455,258.26,0
42.46,258.26,0
42.465,-135.61,0
42.47,-135.61,0
42.475,-135.61,0
42.48,-135.61,0
42.485,-133.58,0
42.49,2.61,0
42.495,-513.24,0
42.5,911.75,0
42.505,911.75,0
42.51,1130.62,0
42.515,-249.34,0
42.52,1130.62,0
42.525,1130.62,0
42.53,1130.62,0
42.535,606.32,0
42.54,606.32,0
42.545,1010.49,0
42.55,1010.49,0
42.555,890.79,0
42.56,890.79,0
42.565,600.01,0
42.57,600.01,0
42.575,600.01,0
42.58,600.01,0
42.585,600.01,0
42.59,600.01,0
42.595,553.46,0
42.6,553.46,0
42.605,558.52,0
42.61,558.52,0
42.615,560.31,0
42.62,560.31,0
42.625,339.27,0
42.63,233.73,0
42.635,233.73,0
42.64,339.83,0
42.645,339.83,0
42.65,339.83,0
42.655,-53.41,0
42.66,-53.41,0
42.665,347.97,0
42.67,347.97,0
42.675,-279.17,0
42.68,558.52,0
42.685,-450.01,0
42.69,-450.01,0
42.695,-410.92,0
42.7,-410.92,0
42.705,-1042.73,0
42.71,-1042.73,0
42.715,300.38,0
42.72,-820.37,0
42.725,-684.15,0
42.73,-920.5,0
42.735,883.85,0
42.74,-920.5,0
42.745,-406.49,0
42.75,-232.16,0
42.755,-232.16,0
42.76,-571.96,0
42.765,-571.96,0
42.77,-734.13,0
42.775,-734.13,0
42.78,-734.13,0
42.785,-734.13,0
42.79,-734.13,0
42.795,-734.13,0
42.8,-756.53,0
42.805,-756.53,0
42.81,-756.53,0
42.815,-970.85,0
42.82,-970.85,0
42.825,-1156.82,0
42.83,-1156.82,0
42.835,-1180.27,0
42.84,-1180.27,0
42.845,-1039.25,0
42.85,-1039.25,0
42.855,-691.93,0
42.86,-691.93,0
42.865,-691.93,0
42.87,-800.3,0
42.875,-800.3,0
42.88,-1213.0,0
42.885,-1213.0,0
42.89,-734.17,0
42.895,-768.79,0
42.9,-768.79,0
42.905,-1025.68,0
42.91,-1025.68,0
42.915,-1025.68,0
42.92,-1025.68,0
42.925,-937.4,0
42.93,72.55,0
42.935,72.55,0
42.94,93.79,0
42.945,93.79,0
42.95,93.79,0
42.955,52.14,0
42.96,52.14,0
42.965,151.53,0
42.97,151.53,0
42.975,-184.66,0
42.98,-184.66,0
42.985,-207.92,0
42.99,-207.92,0
42.995,-278.97,0
43.0,-268.3,0
43.005,-1148.07,0
43.01,-168.76,0
43.015,-168.76,0
43.02,-774.24,0
43.025,-774.24,0
43.03,-774.24,0
43.035,-774.24,0
43.04,-1014.15,0
43.045,-1014.15,0
43.05,-1014.15,0
43.055,-1183.0,0
43.06,-1183.0,0
43.065,-1806.31,0
43.07,-1484.17,0
43.075,-1484.17,0
43.08,-54.48,0
43.085,51.8,0
43.09,-1484.17,0
43.095,-937.04,0
43.1,-1748.0,0
43.105,-1748.0,0
43.11,-1616.17,0
43.115,-1616.17,0
43.12,-1616.17,0
43.125,-1454.89,0
43.13,-1454.89,0
43.135,-491.16,0
43.14,-491.16,0
43.145,-582.64,0
43.15,-937.04,0
43.155,-1074.18,0
43.16,-1074.18,0
43.165,-947.11,0
43.17,-947.11,0
43.175,-772.44,0
43.18,-772.44,0
43.185,-664.54,0
43.19,-664.54,0
43.195,-1182.81,0
43.2,-1182.81,0
43.205,-1182.81,0
43.21,-1182.81,0
43.215,-609.76,0
43.22,-609.76,0
43.225,-784.16,0
43.23,-582.64,0
43.235,-784.16,0
43.24,-784.16,0
43.245,-784.16,0
43.25,-945.46,0
43.255,-945.46,0
43.26,-284.86,0
43.265,-284.86,0
43.27,-658.67,0
43.275,-947.08,0
43.28,-658.67,0
43.285,-658.67,0
43.29,-658.67,0
43.295,-138.95,0
43.3,776.49,0
43.305,776.49,0
43.31,776.49,0
43.315,776.49,0
43.32,776.49,0
43.325,1536.07,0
43.33,1824.27,0
43.335,1824.27,0
43.34,1811.89,0
43.345,1811.89,0
43.35,1811.89,0
43.355,2022.03,0
43.36,2022.03,0
43.365,2022.03,0
43.37,2022.03,0
43.375,1811.89,0
43.38,2981.97,0
43.385,2981.97,0
43.39,2810.14,0
43.395,2810.14,0
43.4,2789.52,0
43.405,2789.52,0
43.41,2789.52,0
43.415,2789.52,0
43.42,919.02,0
43.425,1835.77,0
43.43,3594.05,0
43.435,3594.05,0
43.44,4190.67,0
43.445,4190.67,0
43.45,3984.59,0
43.455,3984.59,0
43.46,4190.67,0
43.465,4693.85,0
43.47,4747.58,0
43.475,4747.58,0
43.48,4747.58,0
43.485,4747.58,0
43.49,4747.58,0
43.495,4550.39,0
43.5,1970.59,0
43.505,4702.97,0
43.51,4702.97,0
43.515,4339.52,0
43.52,4036.65,0
43.525,4036.65,0
43.53,4036.65,0
43.535,4036.65,0
43.54,3465.76,0
43.545,3465.76,0
43.55,2879.06,0
43.555,2879.06,0
43.56,2879.06,0
43.565,2741.56,0
43.57,2741.56,0
43.575,2481.18,0
43.58,2481.18,0
43.585,2481.18,0
43.59,2481.18,0
43.595,2700.91,0
43.6,3125.03,0
43.605,4590.75,0
43.61,3145.74,0
43.615,3546.1,0
43.62,3718.41,0
43.625,3718.41,0
43.63,3646.99,0
43.635,3646.99,0
43.64,3539.34,0
43.645,3539.34,0
43.65,4536.4,0
43.655,4345.53,0
43.66,2956.54,0
43.665,2956.54,0
43.67,2801.1,0
43.675,2801.1,0
43.68,2801.1,0
43.685,2801.1,0
43.69,2801.1,0
43.695,2801.1,0
43.7,2953.46,0
43.705,2953.46,0
43.71,3646.97,0
43.715,2936.06,0
43.72,2936.06,0
43.725,2990.52,0
43.73,2874.0,0
43.735,2990.52,0
43.74,2990.52,0
43.745,2990.52,0
43.75,2990.52,0
43.755,2990.52,0
43.76,2990.52,0
43.765,2798.38,0
43.77,2798.38,0
43.775,2856.84,0
43.78,2856.84,0
43.785,2905.37,0
43.79,2905.37,0
43.795,3053.06,0
43.8,3209.21,0
43.805,3209.21,0
43.81,3209.21,0
43.815,3350.39,0
43.82,3197.52,0
43.825,3197.52,0
43.83,3197.52,0
43.835,3043.08,0
43.84,3043.08,0
43.845,3087.28,0
43.85,3087.28,0
43.855,3133.69,0
43.86,3133.69,0
43.865,3398.9,0
43.87,2950.63,0
43.875,2950.63,0
43.88,2950.63,0
43.885,2978.44,0
43.89,2978.44,0
43.895,3025.71,0
43.9,3011.88,0
43.905,3011.88,0
43.91,3011.88,0
43.915,3092.61,0
43.92,3092.61,0
43.925,2768.07,0
43.93,3124.84,0
43.935,2789.85,0
43.94,3773.25,0
43.945,3773.25,0
43.95,3004.25,0
43.955,3792.62,0
43.96,3946.14,0
43.965,3250.46,0
43.97,3946.14,0
43.975,3946.14,0
43.98,3930.69,0
43.985,3930.69,0
43.99,4019.63,0
43.995,4019.63,0
44.0,3973.24,0
44.005,3973.24,0
44.01,3973.24,0
44.015,3973.24,0
44.02,3973.24,0
44.025,3938.19,0
44.03,3938.19,0
44.035,3551.05,0
44.04,62.54,0
44.045,62.54,0
44.05,62.54,0
44.055,-76.67,0
44.06,-76.67,0
44.065,42.14,0
44.07,42.14,0
44.075,44.76,0
44.08,44.76,0
44.085,101.36,0
44.09,4019.62,0
44.095,141.96,0
44.1,141.96,0
44.105,140.58,0
44.11,-100.11,0
44.115,-100.11,0
44.12,-127.8,0
44.125,-127.8,0
44.13,-127.8,0
44.135,-143.18,0
44.14,-143.18,0
44.145,-130.47,0
44.15,3929.4,0
44.155,-177.93,0
44.16,-177.93,0
44.165,-144.68,0
44.17,-300.58,0
44.175,-300.58,0
44.18,-300.58,0
44.185,-189.02,0
44.19,-189.02,0
44.195,-189.02,0
44.2,-189.02,0
44.205,-21.03,0
44.21,-21.03,0
44.215,-890.04,0
44.22,-890.04,0
44.225,-1044.32,0
44.23,-1044.32,0
44.235,-1040.49,0
44.24,-1166.97,0
44.245,-1166.97,0
44.25,-1166.97,0
44.255,-1166.97,0
44.26,-1224.52,0
44.265,-1224.52,0
44.27,-1224.52,0
44.275,-609.75,0
44.28,-609.75,0
44.285,20.46,0
44.29,-146.35,0
44.295,-1232.68,0
44.3,-62.48,0
44.305,-1040.49,0
44.31,309.75,0
44.315,309.75,0
44.32,309.75,0
44.325,990.0,0
44.33,-1257.66,0
44.335,691.06,0
44.34,705.65,0
44.345,705.65,0
44.35,705.65,0
44.355,-794.4,0
44.36,202.07,0
44.365,-512.36,0
44.37,-512.36,0
44.375,-512.36,0
44.38,95.12,0
44.385,-62.49,0
44.39,434.25,0
44.395,434.25,0
44.4,776.6,0
44.405,776.6,0
44.41,658.98,0
44.415,740.56,0
44.42,740.56,0
44.425,740.56,0
44.43,740.56,0
44.435,1458.39,0
44.44,1458.39,0
44.445,609.74,0
44.45,757.42,0
44.455,757.42,0
44.46,757.42,0
44.465,1205.87,0
44.47,757.42,0
44.475,757.42,0
44.48,757.42,0
44.485,821.09,0
44.49,821.09,0
44.495,1619.41,0
44.5,776.6,0
44.505,1144.14,0
44.51,1144.14,0
44.515,1382.33,0
44.52,1382.33,0
44.525,783.3,0
44.53,785.32,0
44.535,785.32,0
44.54,1393.34,0
44.545,1393.34,0
44.55,2349.57,0
44.555,2349.57,0
44.56,599.24,0
44.565,2405.65,0
44.57,2468.56,0
44.575,2468.56,0
44.58,2468.56,0
44.585,2306.39,0
44.59,2306.39,0
44.595,2306.39,0
44.6,2306.39,0
44.605,3122.52,0
44.61,3105.21,0
44.615,3105.21,0
44.62,2405.65,0
44.625,3105.21,0
44.63,3105.21,0
44.635,3105.21,0
44.64,3105.21,0
44.645,3105.21,0
44.65,1144.18,0
44.655,3681.03,0
44.66,3334.81,0
44.665,3334.81,0
44.67,2442.97,0
44.675,3082.61,0
44.68,1394.7,0
44.685,2969.42,0
44.69,2969.42,0
44.695,2969.42,0
44.7,2969.42,0
44.705,3899.65,0
44.71,3899.65,0
44.715,3641.55,0
44.72,3641.55,0
44.725,3243.33,0
44.73,3243.33,0
44.735,3078.75,0
44.74,3078.75,0
44.745,3068.79,0
44.75,3068.79,0
44.755,3287.89,0
44.76,3287.89,0
44.765,2876.72,0
44.77,2876.72,0
44.775,3345.13,0
44.78,3480.13,0
44.785,3643.84,0
44.79,3666.23,0
44.795,3542.9,0
44.8,3542.9,0
44.805,3143.31,0
44.81,3143.31,0
44.815,3143.31,0
44.82,3143.31,0
44.825,2508.45,0
44.83,2472.33,0
44.835,2472.33,0
44.84,2097.66,0
44.845,2097.66,0
44.85,3829.48,0
44.855,508.08,0
44.86,508.08,0
44.865,508.08,0
44.87,508.08,0
44.875,508.08,0
44.88,3053.77,0
44.885,-22.47,0
44.89,-18.17,0
44.895,-18.17,0
44.9,-31.98,0
44.905,-31.98,0
44.91,-31.98,0
44.915,-31.98,0
44.92,-31.98,0
44.925,-31.98,0
44.93,-116.62,0
44.935,-116.62,0
44.94,-111.83,0
44.945,-111.83,0
44.95,-222.05,0
44.955,-222.05,0
44.96,-111.09,0
44.965,-111.09,0
44.97,-111.09,0
44.975,-111.09,0
44.98,-55.35,0
44.985,-55.35,0
44.99,16.59,0
44.995,16.59,0
45.0,26.56,0
45.005,26.56,0
45.01,13.83,0
45.015,13.83,0
45.02,13.63,0
45.025,13.63,0
45.03,7.58,0
45.035,7.58,0
45.04,31.66,0
45.045,31.66,0
45.05,10.21,0
45.055,10.21,0
45.06,36.65,0
45.065,31.83,0
45.07,55.31,0
45.075,55.31,0
45.08,139.27,0
45.085,139.27,0
45.09,268.13,0
45.095,268.13,0
45.1,42.97,0
45.105,42.97,0
45.11,362.68,0
45.115,30.49,0
45.12,100.17,0
45.125,913.54,0
45.13,819.79,0
45.135,819.79,0
45.14,924.65,0
45.145,924.65,0
45.15,884.21,0
45.155,884.21,0
45.16,899.83,0
45.165,899.83,0
45.17,708.06,0
45.175,708.06,0
45.18,55.31,0
45.185,884.21,0
45.19,708.06,0
45.195,708.06,0
45.2,1078.42,0
45.205,1078.42,0
45.21,-4.96,0
45.215,1231.01,0
45.22,1268.56,0
45.225,1268.56,0
45.23,1366.75,0
45.235,1366.75,0
45.24,1366.75,0
45.245,1287.03,0
45.25,1287.03,0
45.255,1287.03,0
45.26,1287.03,0
45.265,884.21,0
45.27,1156.76,0
45.275,1156.76,0
45.28,1295.46,0
45.285,1114.01,0
45.29,1209.51,0
45.295,1209.51,0
45.3,1209.51,0
45.305,879.29,0
45.31,386.64,0
45.315,386.64,0
45.32,325.16,0
45.325,325.16,0
45.33,-793.94,0
45.335,-793.94,0
45.34,-675.76,0
45.345,842.65,0
45.35,-675.76,1
45.355,-675.76,0
45.36,-675.76,0
45.365,-675.76,0
45.37,1209.51,0
45.375,-1713.26,0
45.38,-1456.62,0
45.385,-1456.62,0
45.39,-900.49,0
45.395,-591.24,0
45.4,-612.8,0
45.405,-612.8,0
45.41,-1164.74,0
45.415,-1164.74,0
45.42,-1164.74,0
45.425,-1164.74,0
45.43,-343.98,0
45.435,-343.98,0
45.44,-340.38,0
45.445,-340.38,0
45.45,-958.57,0
45.455,60.94,0
45.46,354.06,0
45.465,147.65,0
45.47,665.75,0
45.475,665.75,0
45.48,645.8,0
45.485,645.8,0
45.49,1069.52,0
45.495,1069.52,0
45.5,896.45,0
45.505,896.45,0
45.51,585.47,0
45.515,585.47,0
45.52,115.61,0
45.525,115.61,0
45.53,444.44,0
45.535,444.44,0
45.54,444.44,0
45.545,444.44,0
45.55,1463.16,0
45.555,1463.16,0
45.56,1469.98,0
45.565,1469.98,0
45.57,1403.68,0
45.575,1403.68,0
45.58,1112.09,0
45.585,1295.44,0
45.59,1112.09,0
45.595,1513.87,0
45.6,336.96,0
45.605,1507.95,0
45.61,1130.49,0
45.615,1130.49,0
45.62,1130.49,0
45.625,1130.49,0
45.63,1130.49,0
45.635,1130.49,0
45.64,1130.49,0
45.645,1231.65,0
45.65,1566.04,0
45.655,2628.24,0
45.66,1294.39,0
45.665,1230.38,0
45.67,1230.38,0
45.675,-123.84,0
45.68,-123.84,0
45.685,-132.27,0
45.69,-152.33,0
45.695,-152.33,0
45.7,1190.4,0
45.705,-118.15,0
45.71,-59.78,0
45.715,-59.78,0
45.72,-59.78,0
45.725,-59.78,0
45.73,-59.78,0
45.735,-59.78,0
45.74,-43.94,0
45.745,-43.94,0
45.75,-43.94,0
45.755,9.63,0
45.76,9.63,0
45.765,-27.68,0
45.77,-27.68,0
45.775,-4.57,0
45.78,-4.57,0
45.785,2.64,0
45.79,-132.17,0
45.795,-23.15,0
45.8,-23.15,0
45.805,-127.88,0
45.81,-23.15,0
45.815,5.36,0
45.82,-23.15,0
45.825,-4.74,0
45.83,-4.74,0
45.835,-97.82,0
45.84,-79.17,0
45.845,-8.09,0
45.85,-104.0,0
45.855,-104.0,0
45.86,-68.01,0
45.865,-68.01,0
45.87,-28.75,0
45.875,-28.75,0
45.88,-42.2,0
45.885,-42.2,0
45.89,-27.74,0
45.895,-42.2,0
45.9,9.75,0
45.905,-42.2,0
45.91,-137.72,0
45.915,-137.72,0
45.92,12.51,0
45.925,12.51,0
45.93,-21.18,0
45.935,-33.25,0
45.94,-21.18,0
45.945,-21.18,0
45.95,17.45,0
45.955,17.45,0
45.96,68.31,0
45.965,68.31,0
45.97,68.31,0
45.975,148.94,0
45.98,148.94,0
45.985,148.94,0
45.99,148.94,0
45.995,118.52,0
46.0,-28.42,0
46.005,197.43,0
46.01,197.43,0
46.015,139.53,0
46.02,139.53,0
46.025,-8.16,0
46.03,-42.84,0
46.035,179.27,0
46.04,414.88,0
46.045,414.88,0
46.05,95.77,0
46.055,95.77,0
46.06,95.77,0
46.065,95.77,0
46.07,95.77,0
46.075,219.12,0
46.08,219.12,0
46.085,6.74,0
46.09,324.75,0
46.095,324.75,0
46.1,1031.77,0
46.105,-75.43,0
46.11,1031.77,0
46.115,1031.77,0
46.12,1044.9,0
46.125,1044.9,0
46.13,555.11,0
46.135,928.93,0
46.14,886.92,0
46.145,886.92,0
46.15,900.91,0
46.155,900.91,0
46.16,900.91,0
46.165,900.91,0
46.17,886.92,0
46.175,900.91,0
46.18,944.15,0
46.185,944.15,0
46.19,955.18,0
46.195,955.18,0
46.2,1005.17,0
46.205,1005.17,0
46.21,1048.63,0
46.215,928.93,0
46.22,1221.89,0
46.225,1221.89,0
46.23,1221.89,0
46.235,900.91,0
46.24,1142.79,0
46.245,964.3,0
46.25,1142.79,0
46.255,1142.79,0
46.26,1142.79,0
46.265,1009.45,0
46.27,1009.45,0
46.275,894.71,0
46.28,894.71,0
46.285,894.71,0
46.29,894.71,0
46.295,941.97,0
46.3,930.72,0
46.305,910.69,0
46.31,618.74,0
46.315,1163.71,0
46.32,818.41,0
46.325,818.41,0
46.33,818.41,0
46.335,818.41,0
46.34,1111.84,0
46.345,804.65,0
46.35,804.65,0
46.355,953.93,0
46.36,804.65,0
46.365,703.97,0
46.37,750.35,0
46.375,750.35,0
46.38,750.35,0
46.385,750.35,0
46.39,801.8,0
46.395,801.8,0
46.4,579.84,0
46.405,579.84,0
46.41,383.2,0
46.415,383.2,0
46.42,208.29,0
46.425,208.29,0
46.43,208.29,0
46.435,208.29,0
46.44,347.41,0
46.445,497.25,0
46.45,101.41,0
46.455,101.41,0
46.46,485.79,0
46.465,485.79,0
46.47,131.15,0
46.475,131.15,0
46.48,-740.75,0
46.485,-740.75,0
46.49,-740.75,0
46.495,-740.75,0
46.5,-244.61,0
46.505,-244.61,0
46.51,-510.31,0
46.515,-510.31,0
46.52,-561.56,0
46.525,-561.56,0
46.53,-561.56,0
46.535,-561.56,0
46.54,-664.16,0
46.545,-664.16,0
46.55,-381.23,0
46.555,383.25,0
46.56,-381.23,0
46.565,-381.23,0
46.57,-472.15,0
46.575,-472.15,0
46.58,5.46,0
46.585,5.46,0
46.59,46.56,0
46.595,46.56,0
46.6,-354.38,0
46.605,-354.38,0
46.61,5.46,0
46.615,-354.38,0
46.62,-354.38,0
46.625,-452.73,0
46.63,-452.73,0
46.635,-284.81,0
46.64,-368.79,0
46.645,-368.79,0
46.65,-368.79,0
46.655,-368.79,0
46.66,-45.9,0
46.665,-45.9,0
46.67,248.78,0
46.675,248.78,0
46.68,-607.22,0
46.685,-607.22,0
46.69,-908.87,0
46.695,-379.02,0
46.7,-908.87,0
46.705,-908.87,0
46.71,32.33,0
46.715,-454.76,0
46.72,545.59,0
46.725,545.59,0
46.73,-15.88,0
46.735,-15.88,0
46.74,-398.41,0
46.745,-398.41,0
46.75,-879.41,0
46.755,-879.41,0
46.76,-879.41,0
46.765,-1172.8,0
46.77,-1172.8,0
46.775,-979.56,0
46.78,-1460.85,0
46.785,-1460.85,0
46.79,-1460.85,0
46.795,-1460.85,0
46.8,-1752.79,0
46.805,-1752.79,0
46.81,-76.88,0
46.815,-1826.19,0
46.82,-1976.79,0
46.825,-1118.92,0
46.83,-1976.79,0
46.835,-1976.79,0
46.84,-1708.32,0
46.845,-1708.32,0
46.85,-1264.24,0
46.855,-1264.24,0
46.86,-1588.39,0
46.865,-1588.39,0
46.87,-1782.05,0
46.875,-1588.39,0
46.88,-1588.39,0
46.885,-1588.39,0
46.89,-1825.11,0
46.895,-1995.11,0
46.9,-1187.96,0
46.905,-1187.96,0
46.91,-1284.07,0
46.915,-1284.07,0
46.92,-1284.07,0
46.925,-1284.07,0
46.93,-621.09,0
46.935,-621.09,0
46.94,-650.32,0
46.945,-650.32,0
46.95,-442.92,0
46.955,-442.92,0
46.96,37.96,0
46.965,37.96,0
46.97,37.96,0
46.975,37.96,0
46.98,-319.95,0
46.985,112.62,0
46.99,112.62,0
46.995,112.62,0
47.0,-435.17,0
47.005,-435.17,0
47.01,-142.86,0
47.015,-142.86,0
47.02,-96.77,0
47.025,543.16,0
47.03,543.16,0
47.035,211.16,0
47.04,211.16,0
47.045,877.06,0
47.05,839.04,0
47.055,839.04,0
47.06,839.04,0
47.065,839.04,0
47.07,1238.67,0
47.075,2027.85,0
47.08,2183.85,0
47.085,2183.85,0
47.09,2571.1,0
47.095,2571.1,0
47.1,1238.67,0
47.105,2774.92,0
47.11,2774.92,0
47.115,2934.84,0
47.12,2934.84,0
47.125,2243.5,0
47.13,2243.5,0
47.135,2243.5,0
47.14,2243.5,0
47.145,1834.53,0
47.15,2968.22,0
47.155,1916.34,0
47.16,1916.34,0
47.165,1599.64,0
47.17,1599.64,0
47.175,1972.9,0
47.18,1972.9,0
47.185,2541.8,0
47.19,2541.8,0
47.195,2834.95,0
47.2,2834.95,0
47.205,2457.56,0
47.21,2457.56,0
47.215,2842.55,0
47.22,2842.55,0
47.225,2708.53,0
47.23,2708.53,0
47.235,2708.53,0
47.24,2708.53,0
47.245,2708.53,0
47.25,2708.53,0
47.255,3285.94,0
47.26,3285.94,0
47.265,2343.17,0
47.27,3889.12,0
47.275,4090.32,0
47.28,4090.32,0
47.285,4090.32,0
47.29,89.56,0
47.295,89.56,0
47.3,79.72,0
47.305,79.72,0
47.31,1616.25,0
47.315,99.73,0
47.32,99.73,0
47.325,99.73,0
47.33,99.73,0
47.335,1855.0,0
47.34,802.75,0
47.345,927.93,0
47.35,927.93,0
47.355,1141.07,0
47.36,1141.07,0
47.365,1141.07,0
47.37,1141.07,0
47.375,3088.34,0
47.38,1018.99,0
47.385,1005.38,0
47.39,1005.38,0
47.395,1005.38,0
47.4,974.28,0
47.405,1034.21,0
47.41,4090.18,0
47.415,1034.21,0
47.42,1034.21,0
47.425,1034.21,0
47.43,966.46,0
47.435,969.94,0
47.44,969.94,0
47.445,969.94,0
47.45,986.98,0
47.455,986.98,0
47.46,979.18,0
47.465,803.88,0
47.47,933.25,0
47.475,933.25,0
47.48,896.24,0
47.485,896.24,0
47.49,979.18,0
47.495,835.78,0
47.5,835.78,0
47.505,966.46,0
47.51,835.78,0
47.515,771.58,0
47.52,771.58,0
47.525,539.6,0
47.53,539.6,0
47.535,539.6,0
47.54,539.6,0
47.545,445.83,0
47.55,445.83,0
47.555,453.48,0
47.56,453.48,0
47.565,885.43,0
47.57,373.56,0
47.575,717.21,0
47.58,717.21,0
47.585,717.21,0
47.59,717.21,0
47.595,717.21,0
47.6,717.21,0
47.605,717.21,0
47.61,717.21,0
47.615,717.21,0
47.62,950.06,0
47.625,950.06,0
47.63,1091.03,0
47.635,1127.26,0
47.64,1127.26,0
47.645,1179.66,0
47.65,1179.66,0
47.655,826.07,0
47.66,1192.07,0
47.665,1171.13,0
47.67,1171.13,0
47.675,1124.56,0
47.68,1124.56,0
47.685,1104.61,0
47.69,1104.61,0
47.695,1072.99,0
47.7,1072.99,0
47.705,1106.4,0
47.71,1072.99,0
47.715,1079.02,0
47.72,1079.02,0
47.725,949.71,0
47.73,1086.4,0
47.735,1028.86,0
47.74,1028.86,0
47.745,261.18,0
47.75,1132.36,0
47.755,1132.36,0
47.76,1132.36,0
47.765,1133.62,0
47.77,1298.71,0
47.775,1298.71,0
47.78,1298.71,0
47.785,1298.71,0
47.79,1104.59,0
47.795,873.88,0
47.8,1289.22,0
47.805,1289.22,0
47.81,1058.73,0
47.815,1019.41,0
47.82,1072.59,0
47.825,1072.59,0
47.83,1179.3,0
47.835,1148.31,0
47.84,1148.31,0
47.845,1172.05,0
47.85,1172.05,0
47.855,1143.31,0
47.86,1143.31,0
47.865,1032.46,0
47.87,1032.46,0
47.875,1127.67,0
47.88,1127.67,0
47.885,1569.51,0
47.89,1569.51,0
47.895,1339.04,0
47.9,1339.04,0
47.905,941.89,0
47.91,941.89,0
47.915,1184.14,0
47.92,1184.14,0
47.925,1168.57,0
47.93,1247.56,0
47.935,746.65,0
47.94,746.65,0
47.945,1088.03,0
47.95,363.86,0
47.955,363.86,0
47.96,363.86,0
47.965,321.92,0
47.97,321.92,0
47.975,286.19,0
47.98,749.33,0
47.985,239.04,0
47.99,239.04,0
47.995,266.74,0
48.0,404.91,0
48.005,404.91,0
48.01,1569.58,0
48.015,1118.6,0
48.02,491.35,0
48.025,1168.64,0
48.03,185.19,0
48.035,185.19,0
48.04,1017.86,0
48.045,40.51,0
48.05,364.18,0
48.055,-202.6,0
48.06,-202.6,0
48.065,-253.02,0
48.07,-253.02,0
48.075,-236.26,0
48.08,-236.26,0
48.085,-283.26,0
48.09,-212.49,0
48.095,-309.26,0
48.1,-309.26,0
48.105,-422.38,0
48.11,179.82,0
48.115,-1213.91,0
48.12,-1213.91,0
48.125,-1083.76,0
48.13,-1083.76,0
48.135,-1083.76,0
48.14,-856.2,0
48.145,-254.78,0
48.15,240.04,0
48.155,-929.97,0
48.16,-1032.95,0
48.165,-1032.95,0
48.17,-253.36,0
48.175,-1032.95,0
48.18,-1032.95,0
48.185,-253.02,0
48.19,-1109.56,0
48.195,-1032.95,0
48.2,-978.72,0
48.205,-978.72,0
48.21,-879.08,0
48.215,-879.08,0
48.22,-879.08,0
48.225,-879.08,0
48.23,-1090.53,0
48.235,-1090.53,0
48.24,-1109.56,0
48.245,-856.21,0
48.25,-877.14,0
48.255,-877.14,0
48.26,-1051.05,0
48.265,-1051.05,0
48.27,-1032.39,0
48.275,-1032.39,0
48.28,-356.07,0
48.285,-356.07,0
48.29,59.62,0
48.295,59.62,0
48.3,59.62,0
48.305,59.62,0
48.31,-306.37,0
48.315,-306.37,0
48.32,-263.42,0
48.325,-263.42,0
48.33,-793.31,0
48.335,-793.31,0
48.34,-859.78,0
48.345,-877.12,0
48.35,-450.37,0
48.355,-450.37,0
48.36,-450.37,0
48.365,-968.98,0
48.37,-968.98,0
48.375,-968.98,0
48.38,-1247.22,0
48.385,-1247.22,0
48.39,-1922.37,0
48.395,-1922.37,0
48.4,-1922.37,0
48.405,-1005.44,0
48.41,-3435.17,0
48.415,-3435.17,0
48.42,-3435.17,0
48.425,-3435.17,0
48.43,-3435.17,0
48.435,-3106.06,0
48.44,-3106.06,0
48.445,-2660.13,0
48.45,-2660.13,0
48.455,-2660.13,0
48.46,-2660.13,0
48.465,-2666.3,0
48.47,-2666.3,0
48.475,-3282.5,0
48.48,-3282.5,0
48.485,-3637.22,0
48.49,-3198.17,0
48.495,-3198.17,0
48.5,-3648.72,0
48.505,-3648.72,0
48.51,-3648.72,0
48.515,-3695.48,0
48.52,-3695.48,0
48.525,-3695.48,0
48.53,-3695.48,0
48.535,-3695.48,0
48.54,-2887.68,0
48.545,-3220.69,0
48.55,-3460.74,0
48.555,-3460.74,0
48.56,-3359.3,0
48.565,-3359.3,0
48.57,-2979.29,0
48.575,-2979.29,0
48.58,-2619.87,0
48.585,-2619.87,0
48.59,-2619.87,0
48.595,-2926.38,0
48.6,-2025.75,0
48.605,-2025.75,0
48.61,-1985.75,0
48.615,-1985.75,0
48.62,-1985.75,0
48.625,-1985.75,0
48.63,-1985.75,0
48.635,-1985.75,0
48.64,-1985.75,0
48.645,-1985.75,0
48.65,-1880.35,0
48.655,-1880.35,0
48.66,-1934.62,0
48.665,-1934.62,0
48.67,-1934.62,0
48.675,-1934.62,0
48.68,-1908.03,0
48.685,-1908.03,0
48.69,-1948.57,0
48.695,-1948.57,0
48.7,-2025.66,0
48.705,-1879.67,0
48.71,-1760.66,0
48.715,-2065.79,0
48.72,-3316.99,0
48.725,-1832.78,0
48.73,-1786.18,0
48.735,-1870.28,0
48.74,-1870.28,0
48.745,-1832.35,0
48.75,-1987.06,0
48.755,-1832.35,0
48.76,-1832.35,0
48.765,-1832.35,0
48.77,-1853.66,0
48.775,-1885.11,0
48.78,-1864.6,0
48.785,-1864.6,0
48.79,-1785.84,0
48.795,-1785.84,0
48.8,-1912.94,0
48.805,-1928.74,0
48.81,-1928.74,0
48.815,-2033.78,0
48.82,-2033.78,0
48.825,-2081.97,0
48.83,-2081.97,0
48.835,-2018.31,0
48.84,-2018.31,0
48.845,-1924.56,0
48.85,-1924.56,0
48.855,-1924.56,0
48.86,-1924.56,0
48.865,-1909.95,0
48.87,-1909.95,0
48.875,-1879.66,0
48.88,-1931.58,0
48.885,-1816.81,0
48.89,-1816.81,0
48.895,-1816.81,0
48.9,-1816.81,0
48.905,-2065.77,0
48.91,-1816.81,0
48.915,-44.98,0
48.92,-44.98,0
48.925,72.3,0
48.93,72.3,0
48.935,451.49,0
48.94,451.49,0
48.945,1116.02,0
48.95,1116.02,0
48.955,903.23,0
48.96,355.55,0
48.965,903.23,0
48.97,903.23,0
48.975,593.11,0
48.98,593.11,0
48.985,1004.8,0
48.99,1004.8,0
48.995,451.49,0
49.0,72.29,0
49.005,682.58,0
49.01,682.58,0
49.015,680.17,0
49.02,680.17,0
49.025,643.16,0
49.03,643.16,0
49.035,-1890.69,0
49.04,-930.37,0
49.045,1251.88,0
49.05,1251.88,0
49.055,1880.71,0
49.06,1880.71,0
49.065,1880.71,0
49.07,1880.71,0
49.075,2101.41,0
49.08,2101.41,0
49.085,-1989.85,0
49.09,1975.95,0
49.095,2680.08,0
49.1,2680.08,0
49.105,644.96,0
49.11,2934.38,0
49.115,2390.9,0
49.12,2390.9,0
49.125,1929.73,0
49.13,1929.73,0
49.135,684.71,0
49.14,2750.73,0
49.145,2617.86,0
49.15,2725.91,0
49.155,2617.86,0
49.16,2617.86,0
49.165,1958.24,0
49.17,1958.24,0
49.175,2769.0,0
49.18,2769.0,0
49.185,2632.12,0
49.19,2632.12,0
49.195,2410.81,0
49.2,2970.91,0
49.205,2410.81,0
49.21,2410.81,0
49.215,2742.89,0
49.22,2781.71,0
49.225,2781.71,0
49.23,2924.4,0
49.235,2924.4,0
49.24,2421.38,0
49.245,2421.38,0
49.25,1973.25,0
49.255,2771.77,0
49.26,2771.77,0
49.265,2771.77,0
49.27,2928.8,0
49.275,2928.8,0
49.28,2623.03,0
49.285,2623.03,0
49.29,2014.16,0
49.295,2014.16,0
49.3,2786.62,0
49.305,2786.62,0
49.31,2786.62,0
49.315,2786.62,0
49.32,2943.73,0
49.325,2943.73,0
49.33,2911.98,0
49.335,2911.98,0
49.34,2529.92,0
49.345,3028.96,0
49.35,3028.96,0
49.355,2690.36,0
49.36,1997.51,0
49.365,1997.51,0
49.37,1616.16,0
49.375,1616.16,0
49.38,1616.16,0
49.385,1616.16,0
49.39,1616.16,0
49.395,2486.12,0
49.4,2486.12,0
49.405,2486.12,0
49.41,1572.28,0
49.415,1556.24,0
49.42,1556.24,0
49.425,2017.9,0
49.43,1974.6,0
49.435,1527.9,0
49.44,1527.9,0
49.445,1977.06,0
49.45,1977.06,0
49.455,1570.19,0
49.46,1570.19,0
49.465,2090.08,0
49.47,2090.08,0
49.475,2090.08,0
49.48,1502.78,0
49.485,1502.78,0
49.49,1991.89,0
49.495,1025.5,0
49.5,1819.2,0
49.505,1970.05,0
49.51,1970.05,0
49.515,1970.05,0
49.52,1970.05,0
49.525,1970.05,0
49.53,1548.55,0
49.535,1047.23,0
49.54,2419.99,0
49.545,1789.56,0
49.55,1789.56,0
49.555,1725.84,0
49.56,1506.42,0
49.565,1506.42,0
49.57,1084.25,0
49.575,1084.25,0
49.58,1836.87,0
49.585,1836.87,0
49.59,2481.02,0
49.595,1972.4,0
49.6,1951.28,0
49.605,1400.38,0
49.61,964.83,0
49.615,964.83,0
49.62,1734.37,0
49.625,1734.37,0
49.63,1603.23,0
49.635,1603.23,0
49.64,1603.23,0
49.645,1603.23,0
49.65,1603.23,0
49.655,1603.23,0
49.66,1603.23,0
49.665,1603.23,0
49.67,1869.04,0
49.675,1622.09,0
49.68,2583.85,0
49.685,2583.85,0
49.69,2945.47,0
49.695,2945.47,0
49.7,2552.34,0
49.705,1734.36,0
49.71,2640.48,0
49.715,2640.48,0
49.72,699.97,0
49.725,699.97,0
49.73,436.93,0
49.735,436.93,0
49.74,965.0,0
49.745,965.0,0
49.75,1400.24,0
49.755,965.0,0
49.76,965.0,0
49.765,965.0,0
49.77,965.0,0
49.775,1039.21,0
49.78,1039.21,0
49.785,989.88,0
49.79,152.75,0
49.795,860.43,0
49.8,692.6,0
49.805,692.6,0
49.81,692.6,0
49.815,1034.96,0
49.82,1006.29,0
49.825,421.63,0
49.83,421.63,0
49.835,969.3,0
49.84,969.3,0
49.845,589.53,0
49.85,694.23,0
49.855,1027.2,0
49.86,411.16,0
49.865,411.16,0
49.87,993.72,0
49.875,993.72,0
49.88,696.16,0
49.885,696.16,0
49.89,1022.58,0
49.895,1022.58,0
49.9,692.53,0
49.905,404.4,0
49.91,818.63,0
49.915,818.63,0
49.92,818.63,0
49.925,818.63,0
49.93,1020.69,0
49.935,1020.69,0
49.94,434.19,0
49.945,434.19,0
49.95,811.17,0
49.955,811.17,0
49.96,728.84,0
49.965,728.84,0
49.97,1012.82,0
49.975,1012.82,0
49.98,316.33,0
49.985,316.33,0
49.99,20.75,0
49.995,20.75,0
50.0,-247.03,0
50.005,-247.03,0
50.01,585.62,0
50.015,7.17,0
50.02,697.31,0
50.025,-655.91,0
50.03,-952.97,0
50.035,-952.97,0
50.04,-1186.94,0
50.045,-1008.49,0
50.05,-959.5,0
50.055,-959.5,0
50.06,-959.5,0
50.065,-959.5,0
50.07,-1930.31,0
50.075,585.64,0
50.08,-2283.84,0
50.085,-2194.61,0
50.09,-2194.61,0
50.095,-2194.61,0
50.1,-2593.5,0
50.105,-2593.5,0
50.11,-2809.01,0
50.115,-2809.01,0
50.12,-2164.59,0
50.125,-2164.59,0
50.13,-1953.01,0
50.135,-1953.01,0
50.14,-1953.01,0
50.145,-326.93,0
50.15,-2821.95,0
50.155,-1971.26,0
50.16,-2150.2,0
50.165,-2150.2,0
50.17,-1785.83,0
50.175,-1785.83,0
50.18,-2371.87,0
50.185,-2371.87,0
50.19,-2371.87,0
50.195,-1860.38,0
50.2,-1860.38,0
50.205,-2153.74,0
50.21,-2153.74,0
50.215,-2590.52,0
50.22,-2590.52,0
50.225,-2753.26,0
50.23,-2753.26,0
50.235,-1950.75,0
50.24,-2885.49,0
50.245,-1950.75,0
50.25,-1989.11,0
50.255,-2249.34,0
50.26,-1984.14,0
50.265,-1984.14,0
50.27,-2409.37,0
50.275,-1729.77,0
50.28,-1729.77,0
50.285,-1595.34,0
50.29,-1595.34,0
50.295,-2107.75,0
50.3,-844.23,0
50.305,-844.23,0
50.31,-844.23,0
50.315,-2409.37,0
50.32,-668.74,0
50.325,-733.9,0
50.33,-733.9,0
50.335,-968.12,0
50.34,-968.12,0
50.345,-1153.67,0
50.35,-1153.67,1
50.355,-1153.67,0
50.36,-2172.62,0
50.365,-2207.26,0
50.37,-2136.26,0
50.375,-2136.26,0
50.38,-2136.26,0
50.385,-2531.37,0
50.39,-2089.42,0
50.395,-2413.08,0
50.4,-2413.08,0
50.405,-2413.08,0
50.41,-1398.5,0
50.415,-1835.09,0
50.42,-1835.09,0
50.425,-785.54,0
50.43,-785.54,0
50.435,-485.31,0
50.44,-671.78,0
50.445,-2259.18,0
50.45,-616.34,0
50.455,-616.34,0
50.46,-616.34,0
50.465,-616.34,0
50.47,-616.34,0
50.475,-878.52,0
50.48,-1642.45,0
50.485,-722.2,0
50.49,-722.2,0
50.495,-722.2,0
50.5,-439.02,0
50.505,-439.02,0
50.51,-722.2,0
50.515,-667.1,0
50.52,-667.1,0
50.525,-687.15,0
50.53,-687.15,0
50.535,-687.15,0
50.54,181.62,0
50.545,-978.56,0
50.55,-486.72,0
50.555,0.64,0
50.56,242.3,0
50.565,127.49,0
50.57,127.49,0
50.575,176.74,0
50.58,-740.76,0
50.585,112.51,0
50.59,112.51,0
50.595,114.44,0
50.6,114.44,0
50.605,59.67,0
50.61,-1015.98,0
50.615,98.04,0
50.62,98.04,0
50.625,98.04,0
50.63,174.1,0
50.635,174.1,0
50.64,174.1,0
50.645,133.12,0
50.65,133.12,0
50.655,163.79,0
50.66,163.79,0
50.665,72.91,0
50.67,72.91,0
50.675,-34.83,0
50.68,-34.83,0
50.685,-34.83,0
50.69,-34.83,0
50.695,-101.53,0
50.7,-101.53,0
50.705,-96.44,0
50.71,-96.44,0
50.715,-30.31,0
50.72,-30.31,0
50.725,56.54,0
50.73,56.54,0
50.735,136.34,0
50.74,136.34,0
50.745,58.11,0
50.75,58.11,0
50.755,44.83,0
50.76,112.19,0
50.765,-211.14,0
50.77,-211.14,0
50.775,-240.05,0
50.78,-240.05,0
50.785,-52.24,0
50.79,-52.24,0
50.795,-85.31,0
50.8,-85.31,0
50.805,109.64,0
50.81,-85.31,0
50.815,-11.06,0
50.82,-260.59,0
50.825,136.73,0
50.83,136.73,0
50.835,158.27,0
50.84,158.27,0
50.845,137.85,0
50.85,137.85,0
50.855,137.85,0
50.86,156.63,0
50.865,156.63,0
50.87,156.63,0
50.875,66.41,0
50.88,205.71,0
50.885,205.71,0
50.89,199.98,0
50.895,199.98,0
50.9,259.96,0
50.905,259.96,0
50.91,48.74,0
50.915,708.56,0
50.92,410.32,0
50.925,426.09,0
50.93,426.09,0
50.935,426.09,0
50.94,200.2,0
50.945,91.81,0
50.95,-25.23,0
50.955,-25.23,0
50.96,-84.17,0
50.965,-35.13,0
50.97,-35.13,0
50.975,-35.13,0
50.98,-35.13,0
50.985,-35.13,0
50.99,16.78,0
50.995,-318.0,0
51.0,-318.0,0
51.005,229.95,0
51.01,-746.82,0
51.015,-1088.2,0
51.02,-13.53,0
51.025,-1088.2,0
51.03,123.69,0
51.035,-1037.97,0
51.04,-1037.97,0
51.045,-1037.97,0
51.05,-989.01,0
51.055,-989.01,0
51.06,-292.89,0
51.065,-1068.99,0
51.07,-1468.7,0
51.075,-1468.7,0
51.08,-1441.0,0
51.085,-1441.0,0
51.09,-1219.52,0
51.095,-1054.67,0
51.1,-1054.67,0
51.105,-637.01,0
51.11,-637.01,0
51.115,-637.01,0
51.12,-206.47,0
51.125,-566.42,0
51.13,-566.42,0
51.135,-566.42,0
51.14,-209.11,0
51.145,-1343.01,0
51.15,-209.11,0
51.155,-209.11,0
51.16,-1115.91,0
51.165,-713.43,0
51.17,-713.43,0
51.175,-713.43,0
51.18,-713.43,0
51.185,-713.43,0
51.19,-1046.16,0
51.195,-751.56,0
51.2,-751.56,0
51.205,-486.57,0
51.21,-486.57,0
51.215,-470.96,0
51.22,-815.49,0
51.225,-1195.47,0
51.23,-1195.47,0
51.235,-1195.47,0
51.24,-1405.1,0
51.245,-882.43,0
51.25,-769.54,0
51.255,-882.43,0
51.26,-1085.76,0
51.265,-1085.76,0
51.27,-1372.21,0
51.275,-1171.47,0
51.28,-1171.47,0
51.285,-1171.47,0
51.29,-1567.11,0
51.295,-1567.11,0
51.3,-1756.03,0
51.305,-1756.03,0
51.31,-2071.25,0
51.315,-2071.25,0
51.32,-2071.25,0
51.325,-2071.25,0
51.33,-1954.56,0
51.335,-2440.02,0
51.34,-2440.02,0
51.345,-994.23,0
51.35,-994.23,0
51.355,-994.23,0
51.36,-994.23,0
51.365,-796.61,0
51.37,-796.61,0
51.375,-581.48,0
51.38,-806.56,0
51.385,-1915.65,0
51.39,-896.84,0
51.395,-851.24,0
51.4,-851.24,0
51.405,-696.5,0
51.41,-696.5,0
51.415,-1756.12,0
51.42,-896.84,0
51.425,-440.22,0
51.43,-2071.26,0
51.435,-440.22,0
51.44,-906.09,0
51.445,-906.09,0
51.45,-1059.68,0
51.455,-981.69,0
51.46,-981.69,0
51.465,-879.93,0
51.47,-879.93,0
51.475,-879.93,0
51.48,-879.93,0
51.485,-833.33,0
51.49,-833.33,0
51.495,-677.14,0
51.5,-677.14,0
51.505,-1021.03,0
51.51,-1021.03,0
51.515,-1021.03,0
51.52,-938.43,0
51.525,-758.22,0
51.53,-782.25,0
51.535,-532.13,0
51.54,-532.13,0
51.545,-532.13,0
51.55,-867.21,0
51.555,-867.21,0
51.56,-835.9,0
51.565,-653.1,0
51.57,-653.1,0
51.575,-653.1,0
51.58,-495.9,0
51.585,-495.9,0
51.59,-914.2,0
51.595,-914.2,0
51.6,-1772.08,0
51.605,-1772.08,0
51.61,-1652.0,0
51.615,-1652.0,0
51.62,-2042.04,0
51.625,-2042.04,0
51.63,-2417.93,0
51.635,-2417.93,0
51.64,-2417.93,0
51.645,-558.81,0
51.65,-2216.57,0
51.655,-2216.57,0
51.66,-1803.49,0
51.665,-1662.28,0
51.67,-1884.35,0
51.675,-1906.48,0
51.68,-1906.48,0
51.685,-1930.6,0
51.69,-1930.6,0
51.695,-1930.6,0
51.7,-1930.6,0
51.705,-1986.06,0
51.71,-1986.06,0
51.715,-1986.06,0
51.72,-1990.95,0
51.725,-1990.95,0
51.73,-1993.12,0
51.735,-1993.12,0
51.74,-1970.33,0
51.745,-1970.33,0
51.75,-1962.13,0
51.755,-1986.06,0
51.76,-1949.23,0
51.765,-1949.23,0
51.77,-1920.03,0
51.775,-1937.57,0
51.78,-1937.57,0
51.785,-1821.12,0
51.79,-1957.51,0
51.795,-1884.84,0
51.8,-1989.16,0
51.805,-1986.91,0
51.81,-1986.91,0
51.815,-1987.17,0
51.82,-1987.17,0
51.825,-1965.34,0
51.83,-1965.34,0
51.835,-1965.34,0
51.84,-1967.62,0
51.845,-1967.62,0
51.85,-1940.85,0
51.855,-1940.85,0
51.86,-1941.59,0
51.865,-1945.06,0
51.87,-1945.06,0
51.875,-904.35,0
51.88,-1948.04,0
51.885,-1975.38,0
51.89,-1975.38,0
51.895,-2147.38,0
51.9,-2147.38,0
51.905,-2147.38,0
51.91,-1936.33,0
51.915,-1898.21,0
51.92,-1898.21,0
51.925,-1987.03,0
51.93,-2691.81,0
51.935,-2691.81,0
51.94,-2681.48,0
51.945,-2681.48,0
51.95,-1885.74,0
51.955,-1885.74,0
51.96,-2199.02,0
51.965,-2199.02,0
51.97,-2137.54,0
51.975,-2137.54,0
51.98,-2228.5,0
51.985,-2230.09,0
51.99,-2230.09,0
51.995,-2155.11,0
52.0,-2155.11,0
52.005,-2096.12,0
52.01,-2096.12,0
52.015,-1920.44,0
52.02,-1920.44,0
52.025,-1761.09,0
52.03,-1761.09,0
52.035,-1704.42,0
52.04,-1704.42,0
52.045,-1793.01,0
52.05,-1793.01,0
52.055,-1850.57,0
52.06,-1850.57,0
52.065,-1834.68,0
52.07,-1834.68,0
52.075,-1834.68,0
52.08,-1834.68,0
52.085,-1834.68,0
52.09,-1834.68,0
52.095,-1834.68,0
52.1,-1496.54,0
52.105,-1496.54,0
52.11,-1274.2,0
52.115,-1274.2,0
52.12,-1493.78,0
52.125,-1493.78,0
52.13,-1786.02,0
52.135,-1274.2,0
52.14,-2383.25,0
52.145,-2383.25,0
52.15,-1882.98,0
52.155,-2223.76,0
52.16,-1844.08,0
52.165,994.37,0
52.17,994.37,0
52.175,646.92,0
52.18,646.92,0
52.185,646.92,0
52.19,1061.29,0
52.195,1061.29,0
52.2,1275.12,0
52.205,1903.01,0
52.21,1903.01,0
52.215,-1907.92,0
52.22,-2223.76,0
52.225,1903.01,0
52.23,1999.08,0
52.235,1999.08,0
52.24,2292.33,0
52.245,2785.44,0
52.25,2785.44,0
52.255,2785.44,0
52.26,2712.96,0
52.265,2712.96,0
52.27,2712.96,0
52.275,2459.03,0
52.28,2459.03,0
52.285,2978.11,0
52.29,2978.11,0
52.295,2897.37,0
52.3,2897.37,0
52.305,3091.22,0
52.31,3091.22,0
52.315,3091.22,0
52.32,3091.22,0
52.325,2963.06,0
52.33,1025.2,0
52.335,2602.65,0
52.34,2963.06,0
52.345,2555.47,0
52.35,2555.47,0
52.355,2685.42,0
52.36,2408.7,0
52.365,2408.7,0
52.37,2408.7,0
52.375,1786.23,0
52.38,1786.23,0
52.385,1793.04,0
52.39,1793.04,0
52.395,2685.42,0
52.4,2498.21,0
52.405,3140.17,0
52.41,3140.17,0
52.415,2965.43,0
52.42,2965.43,0
52.425,2971.53,0
52.43,2940.73,0
52.435,2940.73,0
52.44,2800.61,0
52.445,2203.19,0
52.45,2203.19,0
52.455,2737.27,0
52.46,2737.27,0
52.465,2873.28,0
52.47,2873.28,0
52.475,2202.85,0
52.48,2693.48,0
52.485,2202.85,0
52.49,2202.85,0
52.495,1713.18,0
52.5,1713.18,0
52.505,1646.71,0
52.51,1646.71,0
52.515,1198.89,0
52.52,1198.89,0
52.525,939.83,0
52.53,939.83,0
52.535,939.83,0
52.54,2770.3,0
52.545,674.99,0
52.55,674.99,0
52.555,1032.27,0
52.56,1032.27,0
52.565,1064.5,0
52.57,1713.18,0
52.575,1679.97,0
52.58,1679.97,0
52.585,1701.0,0
52.59,1701.0,0
52.595,2009.31,0
52.6,2231.92,0
52.605,2231.92,0
52.61,2654.27,0
52.615,2711.76,0
52.62,1836.68,0
52.625,2687.46,0
52.63,2979.98,0
52.635,2979.98,0
52.64,3215.94,0
52.645,3215.94,0
52.65,3047.5,0
52.655,3047.5,0
52.66,3047.5,0
52.665,3047.5,0
52.67,3650.98,0
52.675,3650.98,0
52.68,4216.02,0
52.685,4216.02,0
52.69,4053.47,0
52.695,4053.47,0
52.7,4638.22,0
52.705,4638.22,0
52.71,4968.26,0
52.715,4968.26,0
52.72,5213.01,0
52.725,5213.01,0
52.73,5637.61,0
52.735,5637.61,0
52.74,5673.52,0
52.745,5673.52,0
52.75,5673.52,0
52.755,5673.52,0
52.76,6197.9,0
52.765,6197.9,0
52.77,6024.68,0
52.775,6024.68,0
52.78,6663.51,0
52.785,6663.51,0
52.79,6940.59,0
52.795,2945.4,0
52.8,7181.28,0
52.805,7181.28,0
52.81,7181.28,0
52.815,7181.28,0
52.82,7604.91,0
52.825,7604.91,0
52.83,7911.6,0
52.835,7911.6,0
52.84,8183.88,0
52.845,7181.28,0
52.85,7249.59,0
52.855,8572.52,0
52.86,8635.24,0
52.865,8635.24,0
52.87,8635.24,0
52.875,8635.24,0
52.88,9159.48,0
52.885,9159.48,0
52.89,8955.18,0
52.895,8955.18,0
52.9,8955.18,0
52.905,8955.18,0
52.91,9577.97,0
52.915,9577.97,0
52.92,9176.54,0
52.925,9176.54,0
52.93,8939.32,0
52.935,8939.32,0
52.94,9567.2,0
52.945,9567.2,0
52.95,9782.35,0
52.955,9782.35,0
52.96,9592.73,0
52.965,9613.82,0
52.97,576.63,0
52.975,576.63,0
52.98,607.76,0
52.985,607.76,0
52.99,957.88,0
52.995,957.88,0
53.0,738.84,0
53.005,738.84,0
53.01,458.82,0
53.015,458.82,0
53.02,798.47,0
53.025,798.47,0
53.03,765.16,0
53.035,765.16,0
53.04,9680.43,0
53.045,31.72,0
53.05,31.72,0
53.055,31.72,0
53.06,780.53,0
53.065,956.93,0
53.07,869.37,0
53.075,869.37,0
53.08,25.21,0
53.085,25.21,0
53.09,25.21,0
53.095,472.24,0
53.1,472.24,0
53.105,786.27,0
53.11,786.27,0
53.115,875.67,0
53.12,875.67,0
53.125,763.18,0
53.13,763.18,0
53.135,489.83,0
53.14,489.83,0
53.145,113.97,0
53.15,774.65,0
53.155,892.21,0
53.16,892.21,0
53.165,787.96,0
53.17,787.96,0
53.175,35.85,0
53.18,35.85,0
53.185,782.89,0
53.19,892.15,0
53.195,892.15,0
53.2,44.11,0
53.205,44.11,0
53.21,44.11,0
53.215,506.55,0
53.22,506.55,0
53.225,506.55,0
53.23,899.92,0
53.235,899.92,0
53.24,899.92,0
53.245,899.92,0
53.25,899.92,0
53.255,26.47,0
53.26,26.47,0
53.265,496.09,0
53.27,777.04,0
53.275,777.04,0
53.28,939.75,0
53.285,770.91,0
53.29,770.91,0
53.295,27.92,0
53.3,113.51,0
53.305,899.92,0
53.31,899.24,0
53.315,899.24,0
53.32,899.24,0
53.325,899.24,0
53.33,990.74,0
53.335,990.74,0
53.34,384.0,0
53.345,1507.62,0
53.35,1507.62,0
53.355,1507.62,0
53.36,1745.84,0
53.365,1745.84,0
53.37,385.58,0
53.375,1900.63,0
53.38,1559.86,0
53.385,1559.86,0
53.39,1559.86,0
53.395,1559.86,0
53.4,1559.86,0
53.405,-1.37,0
53.41,1848.87,0
53.415,1923.39,0
53.42,1923.39,0
53.425,2464.83,0
53.43,2464.83,0
53.435,2490.35,0
53.44,2490.35,0
53.445,2490.35,0
53.45,2490.35,0
53.455,1331.87,0
53.46,1331.87,0
53.465,1356.21,0
53.47,1356.21,0
53.475,2573.92,0
53.48,2573.92,0
53.485,2758.95,0
53.49,2758.95,0
53.495,3332.26,0
53.5,3332.26,0
53.505,2464.83,0
53.51,2777.32,0
53.515,2777.32,0
53.52,2777.32,0
53.525,2869.49,0
53.53,2869.49,0
53.535,3285.6,0
53.54,3090.24,0
53.545,3271.36,0
53.55,3271.36,0
53.555,3207.31,0
53.56,3207.31,0
53.565,3207.31,0
53.57,3207.31,0
53.575,4318.61,0
53.58,4044.96,0
53.585,4219.71,0
53.59,4219.71,0
53.595,4158.27,0
53.6,4158.27,0
53.605,4550.28,0
53.61,4550.28,0
53.615,4710.24,0
53.62,4710.24,0
53.625,4867.5,0
53.63,4867.5,0
53.635,4688.55,0
53.64,4653.28,0
53.645,4653.28,0
53.65,4778.61,0
53.655,4778.61,0
53.66,4778.61,0
53.665,4585.8,0
53.67,4740.88,0
53.675,4740.88,0
53.68,4798.26,0
53.685,4798.26,0
53.69,4923.54,0
53.695,4923.54,0
53.7,4923.54,0
53.705,4923.54,0
53.71,4887.51,0
53.715,4887.51,0
53.72,4956.42,0
53.725,4956.42,0
53.73,4209.95,0
53.735,4910.0,0
53.74,4963.54,0
53.745,4963.54,0
53.75,4991.69,0
53.755,4991.69,0
53.76,4693.94,0
53.765,4971.38,0
53.77,4578.04,0
53.775,4513.42,0
53.78,4513.42,0
53.785,4513.42,0
53.79,180.25,0
53.795,180.25,0
53.8,139.75,0
53.805,139.75,0
53.81,4892.24,0
53.815,88.79,0
53.82,88.79,0
53.825,93.13,0
53.83,93.13,0
53.835,93.13,0
53.84,4254.02,0
53.845,43.62,0
53.85,48.96,0
53.855,48.96,0
53.86,-26.0,0
53.865,-26.0,0
53.87,-26.0,0
53.875,-26.0,0
53.88,4764.11,0
53.885,63.4,0
53.89,63.4,0
53.895,187.53,0
53.9,187.53,0
53.905,716.8,0
53.91,716.8,0
53.915,716.8,0
53.92,531.59,0
53.925,531.59,0
53.93,1230.24,0
53.935,1230.24,0
53.94,1033.07,0
53.945,1033.07,0
53.95,1412.03,0
53.955,1412.03,0
53.96,497.99,0
53.965,1135.33,0
53.97,1135.33,0
53.975,1135.33,0
53.98,1135.33,0
53.985,1135.33,0
53.99,1320.68,0
53.995,1320.68,0
54.0,800.68,0
54.005,800.68,0
54.01,800.68,0
54.015,215.11,0
54.02,215.11,0
54.025,215.11,0
54.03,-103.36,0
54.035,-103.36,0
54.04,-103.36,0
54.045,-103.36,0
54.05,-654.32,0
54.055,-1033.47,0
54.06,-1033.47,0
54.065,-1033.47,0
54.07,-1759.13,0
54.075,-1759.13,0
54.08,-1813.96,0
54.085,-1813.96,0
54.09,-1813.96,0
54.095,461.49,0
54.1,-1821.26,0
54.105,-1821.26,0
54.11,-623.0,0
54.115,-1800.7,0
54.12,-1800.7,0
54.125,-1765.31,0
54.13,-1855.93,0
54.135,-1855.93,0
54.14,-1855.93,0
54.145,-1855.93,0
54.15,-1855.93,0
54.155,-1855.93,0
54.16,-1877.37,0
54.165,-1881.76,0
54.17,-1881.76,0
54.175,251.66,0
54.18,-1917.21,0
54.185,-1926.48,0
54.19,-1926.48,0
54.195,-1811.5,0
54.2,-1811.5,0
54.205,-1893.65,0
54.21,-1887.95,0
54.215,-1867.1,0
54.22,-1867.1,0
54.225,-1924.58,0
54.23,-1924.58,0
54.235,-2095.08,0
54.24,-2095.08,0
54.245,-2095.08,0
54.25,-2327.24,0
54.255,-2327.24,0
54.26,-2327.24,0
54.265,-2327.24,0
54.27,-2291.51,0
54.275,-1878.21,0
54.28,-2362.64,0
54.285,-2362.64,0
54.29,-1788.69,0
54.295,-1788.69,0
54.3,-1693.69,0
54.305,-1894.63,0
54.31,-1446.98,0
54.315,-1788.69,0
54.32,-1809.94,0
54.325,-2182.71,0
54.33,-1529.55,0
54.335,-1854.75,0
54.34,-1854.75,0
54.345,-1446.33,0
54.35,-1446.33,0
54.355,-1911.51,0
54.36,-1911.51,0
54.365,-1911.51,0
54.37,-2446.72,0
54.375,-2387.68,0
54.38,-2446.72,0
54.385,-2497.6,0
54.39,-2497.6,0
54.395,-2859.95,0
54.4,-2859.95,0
54.405,-2859.95,0
54.41,-3652.07,0
54.415,-2735.18,0
54.42,-3882.1,0
54.425,-3882.1,0
54.43,-3882.1,0
54.435,-3882.1,0
54.44,-3857.06,0
54.445,-3857.06,0
54.45,-3610.33,0
54.455,-3610.33,0
54.46,-3610.33,0
54.465,-3610.33,0
54.47,-3984.24,0
54.475,-2751.21,0
54.48,-4008.88,0
54.485,-1529.01,0
54.49,-5687.72,0
54.495,-5687.72,0
54.5,-5687.72,0
54.505,-5687.72,0
54.51,-5687.72,0
54.515,-5569.61,0
54.52,-5569.61,0
54.525,-5569.61,0
54.53,-5593.3,0
54.535,-3956.79,0
54.54,-5972.21,0
54.545,-5972.21,0
54.55,-5972.21,0
54.555,-5972.21,0
54.56,-3620.52,0
54.565,-5875.99,0
54.57,-5596.57,0
54.575,-5596.57,0
54.58,-3088.97,0
54.585,-5996.51,0
54.59,-5724.82,0
54.595,-5539.55,0
54.6,-5059.76,0
54.605,-632.45,0
54.61,-632.45,0
54.615,-969.1,0
54.62,-969.1,0
54.625,-3533.54,0
54.63,-1348.26,0
54.635,-1348.26,0
54.64,-826.91,0
54.645,-826.91,0
54.65,-537.58,0
54.655,-5874.54,0
54.66,-537.58,0
54.665,-537.58,0
54.67,-879.01,0
54.675,-879.01,0
54.68,-620.87,0
54.685,-620.87,0
54.69,-339.77,0
54.695,-339.77,0
54.7,-962.37,0
54.705,-962.37,0
54.71,-790.55,0
54.715,-790.55,0
54.72,-676.22,0
54.725,-676.22,0
54.73,-1023.63,0
54.735,-2002.37,0
54.74,-629.83,0
54.745,-2002.37,0
54.75,-1764.43,0
54.755,-462.21,0
54.76,-1569.4,0
54.765,-1125.15,0
54.77,-1125.15,0
54.775,-1125.15,0
54.78,-1125.15,0
54.785,-1125.15,0
54.79,-1125.15,0
54.795,-1125.15,0
54.8,-1975.42,0
54.805,-1975.42,0
54.81,-1249.13,0
54.815,-1249.13,0
54.82,-2025.96,0
54.825,-1287.26,0
54.83,-2025.96,0
54.835,-1034.9,0
54.84,-1570.48,0
54.845,-1168.44,0
54.85,-1168.44,0
54.855,-2036.18,0
54.86,-2036.18,0
54.865,-2036.18,0
54.87,-2036.18,0
54.875,-1771.38,0
54.88,-1771.38,0
54.885,-1204.82,0
54.89,-1391.45,0
54.895,-1466.42,0
54.9,-1391.45,0
54.905,-1391.45,0
54.91,-1391.45,0
54.915,-1391.45,0
54.92,-1673.41,0
54.925,-1673.41,0
54.93,-803.47,0
54.935,-803.47,0
54.94,-1416.77,0
54.945,-1416.77,0
54.95,-781.92,0
54.955,-781.92,0
54.96,-793.26,0
54.965,-793.26,0
54.97,-990.85,0
54.975,-990.85,0
54.98,-372.14,0
54.985,-372.14,0
54.99,-372.14,0
54.995,33.52,0
55.0,33.52,0
55.005,78.76,0
55.01,78.76,0
55.015,-253.18,0
55.02,-253.18,0
55.025,-253.18,0
55.03,-253.18,0
55.035,-307.16,0
55.04,-307.16,0
55.045,-307.16,0
55.05,-307.16,0
55.055,-307.16,0
55.06,-307.16,0
55.065,78.76,0
55.07,-9.12,0
55.075,19.35,0
55.08,19.35,0
55.085,248.82,0
55.09,248.82,0
55.095,-501.29,0
55.1,110.58,0
55.105,-274.51,0
55.11,-274.51,0
55.115,-175.56,0
55.12,-175.56,0
55.125,-520.95,0
55.13,-551.51,0
55.135,-551.51,0
55.14,171.35,0
55.145,171.35,0
55.15,171.35,0
55.155,12.86,0
55.16,87.91,0
55.165,87.91,0
55.17,-63.5,0
55.175,-63.5,0
55.18,12.86,0
55.185,56.77,0
55.19,56.77,0
55.195,56.77,0
55.2,56.77,0
55.205,-59.74,0
55.21,-59.74,0
55.215,-111.34,0
55.22,14.01,0
55.225,14.01,0
55.23,14.01,0
55.235,14.01,0
55.24,14.01,0
55.245,-111.34,0
55.25,-40.85,0
55.255,-109.09,0
55.26,-64.03,0
55.265,-64.03,0
55.27,86.31,0
55.275,86.31,0
55.28,86.31,0
55.285,86.31,0
55.29,106.28,0
55.295,-162.79,0
55.3,-597.93,0
55.305,-597.93,0
55.31,30.08,0
55.315,92.58,0
55.32,-241.39,0
55.325,-74.05,0
55.33,-74.05,0
55.335,-74.05,0
55.34,-74.05,0
55.345,-872.66,0
55.35,-872.66,1
55.355,-231.13,0
55.36,-231.13,0
55.365,45.82,0
55.37,45.82,0
55.375,-532.08,0
55.38,-532.08,0
55.385,-532.08,0
55.39,-532.08,0
55.395,-532.08,0
55.4,-134.12,0
55.405,-134.12,0
55.41,169.04,0
55.415,969.37,0
55.42,969.37,0
55.425,561.54,0
55.43,561.54,0
55.435,561.54,0
55.44,561.54,0
55.445,898.36,0
55.45,898.36,0
55.455,-47.01,0
55.46,271.23,0
55.465,89.32,0
55.47,89.32,0
55.475,1024.58,0
55.48,1024.58,0
55.485,1278.71,0
55.49,1278.71,0
55.495,373.87,0
55.5,1278.71,0
55.505,1223.91,0
55.51,1223.91,0
55.515,828.68,0
55.52,828.68,0
55.525,1104.8,0
55.53,1104.8,0
55.535,916.06,0
55.54,916.06,0
55.545,916.06,0
55.55,916.06,0
55.555,281.87,0
55.56,281.87,0
55.565,997.25,0
55.57,561.64,0
55.575,732.95,0
55.58,732.95,0
55.585,695.29,0
55.59,695.29,0
55.595,1352.56,0
55.6,547.45,0
55.605,547.45,0
55.61,720.56,0
55.615,598.08,0
55.62,766.51,0
55.625,766.51,0
55.63,484.14,0
55.635,484.14,0
55.64,484.14,0
55.645,484.14,0
55.65,877.07,0
55.655,877.07,0
55.66,877.07,0
55.665,857.91,0
55.67,1477.73,0
55.675,1477.73,0
55.68,1477.73,0
55.685,1055.92,0
55.69,1477.73,0
55.695,1613.55,0
55.7,1613.55,0
55.705,1812.74,0
55.71,1812.74,0
55.715,1812.74,0
55.72,1812.74,0
55.725,1192.04,0
55.73,1192.04,0
55.735,530.68,0
55.74,1192.04,0
55.745,691.77,0
55.75,1060.58,0
55.755,1060.58,0
55.76,1060.58,0
55.765,1060.58,0
55.77,741.63,0
55.775,741.63,0
55.78,1192.04,0
55.785,624.74,0
55.79,850.43,0
55.795,1002.66,0
55.8,1552.67,0
55.805,861.24,0
55.81,1552.67,0
55.815,1552.67,0
55.82,1552.67,0
55.825,1552.67,0
55.83,739.73,0
55.835,739.73,0
55.84,752.45,0
55.845,752.45,0
55.85,903.71,0
55.855,903.71,0
55.86,903.71,0
55.865,903.71,0
55.87,1031.66,0
55.875,1031.66,0
55.88,1269.85,0
55.885,1588.83,0
55.89,975.44,0
55.895,742.15,0
55.9,975.44,0
55.905,975.44,0
55.91,1059.12,0
55.915,1059.12,0
55.92,1059.12,0
55.925,1191.95,0
55.93,1090.04,0
55.935,1191.95,0
55.94,912.64,0
55.945,912.64,0
55.95,1345.19,0
55.955,611.82,0
55.96,927.86,0
55.965,927.86,0
55.97,863.86,0
55.975,863.86,0
55.98,1458.81,0
55.985,1458.81,0
55.99,1478.73,0
55.995,1478.73,0
56.0,1478.73,0
56.005,1411.23,0
56.01,1324.44,0
56.015,2816.69,0
56.02,3827.77,0
56.025,1509.55,0
56.03,3827.77,0
56.035,3827.77,0
56.04,4670.63,0
56.045,4670.63,0
56.05,5185.51,0
56.055,5185.51,0
56.06,6142.46,0
56.065,6142.46,0
56.07,5950.02,0
56.075,5950.02,0
56.08,6831.15,0
56.085,6831.15,0
56.09,7513.33,0
56.095,7513.33,0
56.1,8004.43,0
56.105,8004.43,0
56.11,7602.22,0
56.115,833.59,0
56.12,7979.01,0
56.125,7979.01,0
56.13,8263.76,0
56.135,8263.76,0
56.14,8158.61,0
56.145,8158.61,0
56.15,8158.61,0
56.155,8181.21,0
56.16,8158.61,0
56.165,7848.54,0
56.17,5185.42,0
56.175,8757.87,0
56.18,8757.87,0
56.185,8757.87,0
56.19,8757.87,0
56.195,9026.28,0
56.2,9026.28,0
56.205,8263.76,0
56.21,9034.14,0
56.215,6040.61,0
56.22,7549.36,0
56.225,7549.36,0
56.23,7549.36,0
56.235,7549.36,0
56.24,-91.1,0
56.245,-91.1,0
56.25,322.11,0
56.255,-138.52,0
56.26,241.27,0
56.265,241.27,0
56.27,326.41,0
56.275,326.41,0
56.28,89.73,0
56.285,-164.68,0
56.29,-164.68,0
56.295,126.6,0
56.3,126.6,0
56.305,126.6,0
56.31,496.09,0
56.315,287.56,0
56.32,287.56,0
56.325,259.77,0
56.33,259.77,0
56.335,705.35,0
56.34,705.35,0
56.345,732.73,0
56.35,732.73,0
56.355,721.78,0
56.36,721.78,0
56.365,369.11,0
56.37,369.11,0
56.375,36.17,0
56.38,36.17,0
56.385,345.59,0
56.39,821.88,0
56.395,943.87,0
56.4,943.87,0
56.405,539.38,0
56.41,539.38,0
56.415,486.22,0
56.42,486.22,0
56.425,10.46,0
56.43,645.37,0
56.435,-872.4,0
56.44,-872.4,0
56.445,-872.4,0
56.45,-872.4,0
56.455,-872.4,0
56.46,-872.4,0
56.465,-760.71,0
56.47,-760.71,0
56.475,-839.61,0
56.48,-839.61,0
56.485,-723.2,0
56.49,-723.2,0
56.495,-759.27,0
56.5,-584.29,0
56.505,-799.55,0
56.51,-799.55,0
56.515,-678.95,0
56.52,-678.95,0
56.525,-592.75,0
56.53,-592.75,0
56.535,-592.75,0
56.54,-592.75,0
56.545,-953.45,0
56.55,347.24,0
56.555,-1787.93,0
56.56,-1787.93,0
56.565,-1427.84,0
56.57,-1427.84,0
56.575,-1427.84,0
56.58,-1427.84,0
56.585,-1169.4,0
56.59,-1169.4,0
56.595,440.83,0
56.6,-2165.51,0
56.605,-1992.39,0
56.61,-1992.39,0
56.615,-1904.86,0
56.62,-1904.86,0
56.625,-1904.86,0
56.63,-1904.86,0
56.635,-1904.86,0
56.64,-1904.86,0
56.645,-1988.33,0
56.65,-1988.33,0
56.655,-1779.74,0
56.66,-1779.74,0
56.665,-1541.83,0
56.67,-1541.83,0
56.675,-1355.92,0
56.68,-1355.92,0
56.685,-931.63,0
56.69,-1988.33,0
56.695,-956.71,0
56.7,-931.63,0
56.705,-1972.5,0
56.71,-931.63,0
56.715,-931.63,0
56.72,-931.63,0
56.725,-970.59,0
56.73,-970.59,0
56.735,-904.54,0
56.74,-904.54,0
56.745,-904.54,0
56.75,-904.54,0
56.755,-904.54,0
56.76,-904.54,0
56.765,-826.0,0
56.77,-826.0,0
56.775,-760.65,0
56.78,-760.65,0
56.785,-897.04,0
56.79,-897.04,0
56.795,-870.09,0
56.8,-870.09,0
56.805,-896.92,0
56.81,-896.92,0
56.815,-896.92,0
56.82,-896.92,0
56.825,-927.3,0
56.83,-927.3,0
56.835,-891.93,0
56.84,-891.93,0
56.845,-877.5,0
56.85,-825.41,0
56.855,-870.08,0
56.86,-829.14,0
56.865,-865.64,0
56.87,-865.64,0
56.875,-907.84,0
56.88,-907.84,0
56.885,-1005.29,0
56.89,-1005.29,0
56.895,-1005.29,0
56.9,-1005.29,0
56.905,-1111.66,0
56.91,-1111.66,0
56.915,-762.02,0
56.92,-1037.69,0
56.925,-774.99,0
56.93,-1100.73,0
56.935,-1100.73,0
56.94,-876.41,0
56.945,-710.81,0
56.95,-710.81,0
56.955,-729.27,0
56.96,-729.27,0
56.965,-735.68,0
56.97,-735.68,0
56.975,-735.68,0
56.98,-871.07,0
56.985,-871.07,0
56.99,-871.07,0
56.995,-836.09,0
57.0,-836.09,0
57.005,-836.09,0
57.01,-1100.73,0
57.015,-796.18,0
57.02,-796.18,0
57.025,-651.36,0
57.03,-1046.6,0
57.035,-1460.17,0
57.04,-1460.17,0
57.045,462.37,0
57.05,462.37,0
57.055,462.37,0
57.06,199.69,0
57.065,-385.1,0
57.07,-385.1,0
57.075,-1045.25,0
57.08,-891.07,0
57.085,-385.1,0
57.09,-385.1,0
57.095,-385.1,0
57.1,735.88,0
57.105,735.88,0
57.11,274.97,0
57.115,274.97,0
57.12,274.97,0
57.125,274.97,0
57.13,127.41,0
57.135,63.95,0
57.14,881.08,0
57.145,-652.14,0
57.15,63.95,0
57.155,63.95,0
57.16,274.97,0
57.165,63.95,0
57.17,63.95,0
57.175,63.95,0
57.18,-18.21,0
57.185,-18.21,0
57.19,-744.4,0
57.195,-744.4,0
57.2,-728.42,0
57.205,-728.42,0
57.21,-728.42,0
57.215,754.66,0
57.22,-1431.68,0
57.225,-1431.68,0
57.23,-1725.37,0
57.235,-1725.37,0
57.24,-1758.1,0
57.245,-1569.11,0
57.25,-1569.11,0
57.255,-1569.11,0
57.26,310.24,0
57.265,-1285.45,0
57.27,-659.51,0
57.275,-26.25,0
57.28,-1488.2,0
57.285,-1488.2,0
57.29,-867.16,0
57.295,-867.16,0
57.3,-1008.38,0
57.305,-858.51,0
57.31,-858.51,0
57.315,-821.44,0
57.32,-821.44,0
57.325,-821.44,0
57.33,-782.59,0
57.335,-782.59,0
57.34,-649.06,0
57.345,-649.06,0
57.35,-649.06,0
57.355,-209.65,0
57.36,-209.65,0
57.365,-209.65,0
57.37,1189.82,0
57.375,1189.82,0
57.38,1307.81,0
57.385,1307.81,0
57.39,1067.49,0
57.395,1067.49,0
57.4,1165.52,0
57.405,1165.52,0
57.41,-209.65,0
57.415,895.31,0
57.42,895.31,0
57.425,957.4,0
57.43,957.4,0
57.435,957.4,0
57.44,957.4,0
57.445,957.4,0
57.45,932.32,0
57.455,976.73,0
57.46,976.73,0
57.465,976.73,0
57.47,976.73,0
57.475,976.73,0
57.48,-1032.36,0
57.485,1217.28,0
57.49,114.85,0
57.495,777.22,0
57.5,777.22,0
57.505,253.08,0
57.51,253.08,0
57.515,-302.25,0
57.52,976.27,0
57.525,-713.43,0
57.53,-713.43,0
57.535,-713.43,0
57.54,-713.43,0
57.545,-387.18,0
57.55,-387.18,0
57.555,-1429.63,0
57.56,-1429.63,0
57.565,-1639.35,0
57.57,1321.87,0
57.575,-1375.51,0
57.58,-1375.51,0
57.585,971.17,0
57.59,-1375.51,0
57.595,-815.01,0
57.6,-815.01,0
57.605,-349.5,0
57.61,-349.5,0
57.615,-349.5,0
57.62,-349.5,0
57.625,-310.4,0
57.63,-310.4,0
57.635,-741.6,0
57.64,-618.97,0
57.645,-1329.85,0
57.65,-1329.85,0
57.655,-1329.85,0
57.66,-1375.5,0
57.665,-847.33,0
57.67,-847.33,0
57.675,-756.39,0
57.68,-756.39,0
57.685,-62.93,0
57.69,-62.93,0
57.695,-631.62,0
57.7,-631.62,0
57.705,-631.62,0
57.71,-631.62,0
57.715,-631.62,0
57.72,-1120.78,0
57.725,-631.62,0
57.73,-284.24,0
57.735,-284.24,0
57.74,-86.83,0
57.745,-823.97,0
57.75,-108.49,0
57.755,-108.49,0
57.76,-77.98,0
57.765,-77.98,0
57.77,-128.25,0
57.775,-128.25,0
57.78,-98.4,0
57.785,-98.4,0
57.79,-18.66,0
57.795,-18.66,0
57.8,-18.66,0
57.805,-18.66,0
57.81,-18.66,0
57.815,-576.34,0
57.82,-576.34,0
57.825,154.69,0
57.83,154.69,0
57.835,236.38,0
57.84,236.38,0
57.845,928.29,0
57.85,-77.98,0
57.855,-283.99,0
57.86,-283.99,0
57.865,-283.99,0
57.87,-283.99,0
57.875,515.21,0
57.88,515.21,0
57.885,515.21,0
57.89,515.21,0
57.895,-712.03,0
57.9,-712.03,0
57.905,-885.28,0
57.91,-885.28,0
57.915,-967.53,0
57.92,464.08,0
57.925,-670.15,0
57.93,-670.15,0
57.935,-670.15,0
57.94,-670.15,0
57.945,-785.66,0
57.95,-1083.35,0
57.955,-1691.05,0
57.96,-1691.05,0
57.965,-1690.05,0
57.97,-1668.44,0
57.975,-1463.91,0
57.98,-1463.91,0
57.985,-1463.91,0
57.99,-859.01,0
57.995,-884.43,0
58.0,-884.43,0
58.005,-1524.58,0
58.01,-1083.35,0
58.015,-1500.32,0
58.02,-1500.32,0
58.025,-1175.54,0
58.03,-1691.05,0
58.035,-1392.08,0
58.04,-1392.08,0
58.045,-1392.08,0
58.05,-1282.3,0
58.055,-1282.3,0
58.06,-1722.78,0
58.065,-1722.78,0
58.07,-1722.78,0
58.075,-1261.79,0
58.08,-1261.79,0
58.085,-1261.79,0
58.09,-1500.32,0
58.095,-1251.97,0
58.1,-1648.45,0
58.105,-1609.18,0
58.11,-1634.55,0
58.115,-1634.55,0
58.12,-2432.59,0
58.125,-2432.59,0
58.13,-2291.27,0
58.135,-2291.27,0
58.14,-2946.85,0
58.145,-1648.45,0
58.15,-2946.85,0
58.155,-2946.85,0
58.16,-2946.85,0
58.165,-2946.85,0
58.17,-2677.01,0
58.175,-2946.85,0
58.18,-2356.86,0
58.185,-2677.78,0
58.19,-2097.68,0
58.195,-2097.68,0
58.2,-2097.68,0
58.205,-2115.98,0
58.21,-2115.98,0
58.215,-2721.03,0
58.22,-1415.35,0
58.225,-3349.39,0
58.23,-3349.39,0
58.235,-3336.66,0
58.24,-3336.66,0
58.245,-3336.66,0
58.25,-3203.74,0
58.255,-2178.92,0
58.26,-2178.92,0
58.265,-2116.7,0
58.27,-2116.7,0
58.275,-2116.7,0
58.28,-2116.7,0
58.285,-2116.7,0
58.29,-1990.79,0
58.295,-1990.79,0
58.3,-2056.41,0
58.305,-2056.41,0
58.31,-2038.27,0
58.315,-2038.27,0
58.32,-1900.18,0
58.325,-1900.18,0
58.33,-1900.18,0
58.335,-1900.18,0
58.34,-1900.18,0
58.345,-1900.18,0
58.35,-2130.68,0
58.355,-2581.23,0
58.36,-2166.75,0
58.365,-2159.66,0
58.37,-2166.75,0
58.375,-2543.68,0
58.38,-1903.48,0
58.385,-2586.79,0
58.39,-2586.79,0
58.395,-2955.38,0
58.4,-2955.38,0
58.405,-2955.38,0
58.41,-2955.38,0
58.415,-1979.47,0
58.42,-2955.38,0
58.425,-2955.38,0
58.43,-2955.38,0
58.435,-3495.28,0
58.44,-3495.28,0
58.445,-4195.52,0
58.45,-1901.04,0
58.455,-4195.52,0
58.46,-3908.25,0
58.465,-4247.95,0
58.47,-4247.95,0
58.475,-4247.95,0
58.48,-4140.51,0
58.485,-4140.51,0
58.49,-3785.85,0
58.495,-3785.85,0
58.5,-3785.85,0
58.505,-3785.85,0
58.51,-3785.85,0
58.515,-3785.85,0
58.52,-1974.64,0
58.525,-3371.28,0
58.53,-3371.28,0
58.535,-3371.28,0
58.54,-3087.3,0
58.545,-2573.98,0
58.55,-2573.98,0
58.555,-1012.52,0
58.56,-2279.43,0
58.565,-2457.6,0
58.57,-2457.6,0
58.575,-2602.47,0
58.58,-2602.47,0
58.585,-2213.09,0
58.59,-2213.09,0
58.595,-2213.09,0
58.6,-2213.09,0
58.605,-2213.09,0
58.61,-2213.09,0
58.615,-2620.65,0
58.62,-2620.65,0
58.625,-2926.94,0
58.63,-2926.94,0
58.635,-2967.02,0
58.64,-2967.02,0
58.645,-2967.02,0
58.65,-4079.92,0
58.655,-2967.02,0
58.66,-2967.02,0
58.665,-2457.78,0
58.67,-2457.78,0
58.675,299.52,0
58.68,299.52,0
58.685,328.86,0
58.69,-2457.36,0
58.695,390.62,0
58.7,390.62,0
58.705,284.75,0
58.71,284.75,0
58.715,503.05,0
58.72,503.05,0
58.725,405.0,0
58.73,-2457.78,0
58.735,-3124.95,0
58.74,279.87,0
58.745,279.87,0
58.75,279.87,0
58.755,229.63,0
58.76,229.63,0
58.765,318.55,0
58.77,318.55,0
58.775,-2006.84,0
58.78,318.55,0
58.785,318.55,0
58.79,318.55,0
58.795,394.62,0
58.8,394.62,0
58.805,394.62,0
58.81,333.52,0
58.815,333.52,0
58.82,181.84,0
58.825,329.08,0
58.83,333.52,0
58.835,385.36,0
58.84,385.36,0
58.845,166.86,0
58.85,166.86,0
58.855,166.86,0
58.86,186.12,0
58.865,186.12,0
58.87,186.12,0
58.875,186.12,0
58.88,173.48,0
58.885,185.28,0
58.89,185.28,0
58.895,185.28,0
58.9,12.92,0
58.905,209.41,0
58.91,330.72,0
58.915,-59.36,0
58.92,-59.36,0
58.925,-59.36,0
58.93,-91.55,0
58.935,-91.55,0
58.94,-147.32,0
58.945,171.9,0
58.95,-147.32,0
58.955,-147.32,0
58.96,-147.32,0
58.965,277.31,0
58.97,34.81,0
58.975,410.67,0
58.98,340.57,0
58.985,20.32,0
58.99,20.32,0
58.995,20.32,0
59.0,110.29,0
59.005,419.06,0
59.01,419.06,0
59.015,419.06,0
59.02,419.06,0
59.025,501.11,0
59.03,20.32,0
59.035,736.82,0
59.04,736.82,0
59.045,736.82,0
59.05,736.82,0
59.055,736.82,0
59.06,736.82,0
59.065,736.82,0
59.07,736.82,0
59.075,1095.88,0
59.08,270.71,0
59.085,270.71,0
59.09,366.28,0
59.095,366.28,0
59.1,408.69,0
59.105,408.69,0
59.11,838.16,0
59.115,838.16,0
59.12,838.16,0
59.125,838.16,0
59.13,157.89,0
59.135,501.11,0
59.14,303.74,0
59.145,303.74,0
59.15,305.71,0
59.155,305.71,0
59.16,-109.52,0
59.165,305.71,0
59.17,-109.52,0
59.175,-109.52,0
59.18,14.93,0
59.185,14.93,0
59.19,142.85,0
59.195,385.01,0
59.2,924.71,0
59.205,924.71,0
59.21,512.48,0
59.215,512.48,0
59.22,512.48,0
59.225,512.48,0
59.23,783.15,0
59.235,783.15,0
59.24,783.15,0
59.245,955.63,0
59.25,273.22,0
59.255,1004.42,0
59.26,1004.42,0
59.265,693.31,0
59.27,1004.42,0
59.275,1073.99,0
59.28,1073.99,0
59.285,1011.68,0
59.29,1011.68,0
59.295,15.01,0
59.3,1017.72,0
59.305,1017.72,0
59.31,1017.72,0
59.315,1017.72,0
59.32,818.59,0
59.325,1017.72,0
59.33,1017.72,0
59.335,1025.29,0
59.34,1025.29,0
59.345,1097.44,0
59.35,1097.44,0
59.355,1131.98,0
59.36,1131.98,0
59.365,1131.98,0
59.37,1131.98,0
59.375,1129.78,0
59.38,817.0,0
59.385,1087.63,0
59.39,1087.63,0
59.395,996.67,0
59.4,996.67,0
59.405,1011.76,0
59.41,931.36,0
59.415,906.36,0
59.42,906.36,0
59.425,926.68,0
59.43,926.68,0
59.435,1061.71,0
59.44,925.12,0
59.445,1093.71,0
59.45,1093.71,0
59.455,1024.94,0
59.46,1024.94,0
59.465,1122.59,0
59.47,1122.59,0
59.475,1119.87,0
59.48,1119.87,0
59.485,841.75,0
59.49,841.75,0
59.495,211.08,0
59.5,211.08,0
59.505,211.08,0
59.51,1024.94,0
59.515,-484.0,0
59.52,-484.0,0
59.525,-918.65,0
59.53,-918.65,0
59.535,-918.65,0
59.54,-918.65,0
59.545,-918.65,0
59.55,-918.65,0
59.555,-1662.06,0
59.56,-1662.06,0
59.565,-2135.18,0
59.57,-2135.18,0
59.575,-1502.67,0
59.58,-1502.67,0
59.585,-1634.53,0
59.59,-1634.53,0
59.595,-1634.53,0
59.6,-1634.53,0
59.605,-1317.67,0
59.61,-2230.68,0
59.615,-1087.5,0
59.62,-1634.53,0
59.625,-973.29,0
59.63,-973.29,0
59.635,-980.56,0
59.64,-980.56,0
59.645,-980.56,0
59.65,-992.13,0
59.655,-992.13,0
59.66,-1634.53,0
59.665,-1055.58,0
59.67,-1021.02,0
59.675,-1021.02,0
59.68,-873.21,0
59.685,-873.21,0
59.69,-873.21,0
59.695,-873.21,0
59.7,-926.29,0
59.705,-926.29,0
59.71,-886.73,0
59.715,-920.92,0
59.72,-920.92,0
59.725,-1179.02,0
59.73,-1179.02,0
59.735,-1133.32,0
59.74,-1133.32,0
59.745,-1151.91,0
59.75,-1151.91,0
59.755,-1058.91,0
59.76,-1058.91,0
59.765,-1133.32,0
59.77,-1058.91,0
59.775,-1058.91,0
59.78,-1058.91,0
59.785,-2601.21,0
59.79,-2601.21,0
59.795,-2941.02,0
59.8,-2941.02,0
59.805,-2475.42,0
59.81,-2475.42,0
59.815,-1001.82,0
59.82,-2391.37,0
59.825,-1968.6,0
59.83,-1968.6,0
59.835,-1968.6,0
59.84,-1968.6,0
59.845,-1850.81,0
59.85,-1850.81,0
59.855,-1850.81,0
59.86,-1850.81,0
59.865,-1841.23,0
59.87,-1176.15,0
59.875,-1533.28,0
59.88,-1533.28,0
59.885,-1507.24,0
59.89,-1507.24,0
59.895,-1454.62,0
59.9,-1762.35,0
59.905,-1454.62,0
59.91,-1454.62,0
59.915,-1086.88,0
59.92,-1086.88,0
59.925,-627.57,0
59.93,-627.57,0
59.935,-921.33,0
59.94,-921.33,0
59.945,-921.33,0
59.95,-921.33,0
59.955,-921.33,0
59.96,-1086.88,0
59.965,-1604.55,0
59.97,-1604.55,0
59.975,-1086.88,0
59.98,-1549.73,0
59.985,-1549.73,0
59.99,-1181.05,0
59.995,-2442.03,0
60.0,-2139.69,0
60.005,-2139.69,0
60.01,-1592.69,0
60.015,-1592.69,0
60.02,-1949.43,0
60.025,-1949.43,0
60.03,-1949.43,0
60.035,-1949.43,0
60.04,-921.28,0
60.045,-2158.34,0
60.05,-2158.34,0
60.055,-2158.34,0
60.06,-1717.41,0
60.065,-845.47,0
60.07,-845.47,0
60.075,-845.47,0
60.08,-845.47,0
60.085,-845.47,0
60.09,-70.01,0
60.095,-70.01,0
60.1,-327.8,0
60.105,-327.8,0
60.11,-152.06,0
60.115,-152.06,0
60.12,200.04,0
60.125,200.04,0
60.13,54.32,0
60.135,54.32,0
60.14,-2424.53,0
60.145,-33.19,0
60.15,-176.01,0
60.155,-13.01,0
60.16,-13.01,0
60.165,289.5,0
60.17,289.5,0
60.175,84.31,0
60.18,84.31,0
60.185,84.31,0
60.19,263.39,0
60.195,263.39,0
60.2,263.39,0
60.205,-1990.61,0
60.21,197.92,0
60.215,197.92,0
60.22,197.92,0
60.225,197.92,0
60.23,-97.67,0
60.235,-97.67,0
60.24,549.78,0
60.245,549.78,0
60.25,549.78,0
60.255,549.78,0
60.26,-34.08,0
60.265,-426.26,0
60.27,-89.1,0
60.275,-89.1,0
60.28,545.4,0
60.285,494.5,0
60.29,171.5,0
60.295,108.89,0
60.3,108.89,0
60.305,108.89,0
60.31,168.94,0
60.315,108.89,0
60.32,263.29,0
60.325,596.09,0
60.33,402.52,0
60.335,-8.07,0
60.34,94.59,0
60.345,94.59,0
60.35,875.32,1
60.355,875.32,0
60.36,875.32,0
60.365,1342.74,0
60.37,1342.74,0
60.375,1175.6,0
60.38,1175.6,0
60.385,1923.36,0
60.39,1923.36,0
60.395,1689.44,0
60.4,1689.44,0
60.405,1689.44,0
60.41,1689.44,0
60.415,1109.28,0
60.42,1109.28,0
60.425,278.98,0
60.43,1150.82,0
60.435,461.59,0
60.44,461.59,0
60.445,1281.02,0
60.45,488.0,0
60.455,90.53,0
60.46,90.53,0
60.465,141.2,0
60.47,141.2,0
60.475,317.12,0
60.48,317.12,0
60.485,1320.97,0
60.49,461.59,0
60.495,401.9,0
60.5,401.99,0
60.505,-983.92,0
60.51,-983.92,0
60.515,-746.41,0
60.52,1340.17,0
60.525,-1678.3,0
60.53,488.0,0
60.535,-1409.99,0
60.54,317.12,0
60.545,-1409.99,0
60.55,-1409.99,0
60.555,-1780.22,0
60.56,-1780.22,0
60.565,-2089.23,0
60.57,-2089.23,0
60.575,-673.73,0
60.58,-1947.7,0
60.585,-2211.99,0
60.59,-2211.99,0
60.595,-2260.77,0
60.6,-2260.77,0
60.605,-2730.43,0
60.61,-2730.43,0
60.615,-3050.43,0
60.62,-3050.43,0
60.625,-3050.43,0
60.63,-3050.43,0
60.635,-3050.43,0
60.64,-3050.43,0
60.645,-2584.52,0
60.65,-2584.52,0
60.655,-2941.72,0
60.66,-2941.72,0
60.665,-3509.98,0
60.67,-3509.98,0
60.675,-1668.97,0
60.68,-3533.48,0
60.685,-3653.74,0
60.69,-3653.74,0
60.695,-3653.74,0
60.7,-3653.74,0
60.705,-3163.83,0
60.71,-3163.83,0
60.715,-3221.82,0
60.72,-2752.1,0
60.725,-2809.5,0
60.73,-2809.5,0
60.735,-2277.33,0
60.74,-2449.28,0
60.745,-2449.28,0
60.75,-2449.28,0
60.755,-2449.28,0
60.76,-2449.28,0
60.765,-2403.01,0
60.77,-3026.42,0
60.775,-3285.18,0
60.78,-3285.18,0
60.785,-3285.18,0
60.79,-3020.58,0
60.795,-3020.58,0
60.8,-3020.58,0
60.805,-3020.58,0
60.81,-3020.58,0
60.815,-3020.58,0
60.82,-3146.26,0
60.825,-3026.42,0
60.83,-3342.64,0
60.835,-3342.64,0
60.84,-2655.14,0
60.845,-3117.12,0
60.85,-3608.33,0
60.855,-2319.89,0
60.86,-1383.55,0
60.865,-1383.55,0
60.87,-1383.55,0
60.875,-536.29,0
60.88,-536.29,0
60.885,-52.92,0
60.89,-52.92,0
60.895,830.47,0
60.9,-911.38,0
60.905,945.02,0
60.91,945.02,0
60.915,945.02,0
60.92,-536.29,0
60.925,1907.27,0
60.93,1907.27,0
60.935,2095.12,0
60.94,2032.72,0
60.945,-3586.18,0
60.95,-3150.57,0
60.955,3294.27,0
60.96,3294.27,0
60.965,3632.65,0
60.97,3632.65,0
60.975,3928.16,0
60.98,3928.16,0
60.985,4424.02,0
60.99,4424.02,0
60.995,4934.88,0
61.0,4934.88,0
61.005,-2489.68,0
61.01,4739.65,0
61.015,4739.65,0
61.02,3117.31,0
61.025,5698.59,0
61.03,5964.65,0
61.035,944.26,0
61.04,5964.65,0
61.045,5909.23,0
61.05,5909.23,0
61.055,6490.18,0
61.06,6490.18,0
61.065,6840.26,0
61.07,6840.26,0
61.075,6840.26,0
61.08,7320.66,0
61.085,7320.66,0
61.09,7320.66,0
61.095,7320.66,0
61.1,8215.58,0
61.105,8215.58,0
61.11,5964.65,0
61.115,7715.2,0
61.12,-628.25,0
61.125,3927.02,0
61.13,221.82,0
61.135,4794.34,0
61.14,692.3,0
61.145,692.3,0
61.15,221.82,0
61.155,1352.21,0
61.16,1352.21,0
61.165,1352.21,0
61.17,1901.0,0
61.175,2767.67,0
61.18,2767.67,0
61.185,7751.72,0
61.19,2894.08,0
61.195,2894.08,0
61.2,2894.08,0
61.205,2894.08,0
61.21,2894.08,0
61.215,3279.13,0
61.22,3279.13,0
61.225,4035.09,0
61.23,4035.09,0
61.235,5263.74,0
61.24,5263.74,0
61.245,2767.66,0
61.25,5657.72,0
61.255,5977.18,0
61.26,5977.18,0
61.265,5711.54,0
61.27,5711.54,0
61.275,4913.09,0
61.28,4913.09,0
61.285,5555.39,0
61.29,5555.39,0
61.295,5818.24,0
61.3,5818.24,0
61.305,6016.65,0
61.31,6016.65,0
61.315,6016.65,0
61.32,6016.65,0
61.325,4905.53,0
61.33,4905.53,0
61.335,4974.98,0
61.34,4974.98,0
61.345,4974.98,0
61.35,4974.98,0
61.355,4279.83,0
61.36,2901.79,0
61.365,3250.12,0
61.37,4559.46,0
61.375,4581.71,0
61.38,4581.71,0
61.385,4879.77,0
61.39,4879.77,0
61.395,4879.77,0
61.4,4879.77,0
61.405,4498.78,0
61.41,4523.01,0
61.415,4795.84,0
61.42,5386.92,0
61.425,5386.92,0
61.43,5386.92,0
61.435,5785.6,0
61.44,5785.6,0
61.445,6467.23,0
61.45,6467.23,0
61.455,6810.91,0
61.46,4804.07,0
61.465,6810.91,0
61.47,6810.91,0
61.475,6734.84,0
61.48,6734.84,0
61.485,6734.84,0
61.49,4891.03,0
61.495,5512.58,0
61.5,5533.69,0
61.505,5533.69,0
61.51,5533.69,0
61.515,5533.69,0
61.52,5533.69,0
61.525,5176.52,0
61.53,5176.52,0
61.535,4805.91,0
61.54,5176.52,0
61.545,4611.02,0
61.55,4611.02,0
61.555,4338.54,0
61.56,3991.72,0
61.565,7062.05,0
61.57,3991.72,0
61.575,3561.24,0
61.58,3561.24,0
61.585,3045.1,0
61.59,3045.1,0
61.595,3532.98,0
61.6,4215.16,0
61.605,4215.16,0
61.61,4000.84,0
61.615,5330.87,0
61.62,4000.84,0
61.625,4000.84,0
61.63,4678.91,0
61.635,4678.91,0
61.64,4922.3,0
61.645,4922.3,0
61.65,5026.49,0
61.655,5026.49,0
61.66,5026.49,0
61.665,4848.65,0
61.67,4848.65,0
61.675,3532.95,0
61.68,4680.55,0
61.685,4680.55,0
61.69,3727.65,0
61.695,3727.65,0
61.7,4321.15,0
61.705,3719.57,0
61.71,3719.57,0
61.715,3383.2,0
61.72,4214.53,0
61.725,2478.24,0
61.73,2478.24,0
61.735,3122.36,0
61.74,2478.24,0
61.745,3383.2,0
61.75,1617.85,0
61.755,1617.85,0
61.76,2284.13,0
61.765,2284.13,0
61.77,2284.13,0
61.775,3726.99,0
61.78,1868.97,0
61.785,1868.97,0
61.79,1820.87,0
61.795,1820.87,0
61.8,1826.94,0
61.805,1826.94,0
61.81,2127.77,0
61.815,2127.77,0
61.82,1900.26,0
61.825,1900.26,0
61.83,1983.89,0
61.835,1983.89,0
61.84,2375.85,0
61.845,2375.85,0
61.85,2375.85,0
61.855,2375.85,0
61.86,2330.04,0
61.865,1751.54,0
61.87,1702.73,0
61.875,1702.73,0
61.88,1964.41,0
61.885,1964.41,0
61.89,1964.41,0
61.895,2067.53,0
61.9,2067.53,0
61.905,2067.53,0
61.91,2067.53,0
61.915,2052.37,0
61.92,2052.37,0
61.925,2128.66,0
61.93,1304.08,0
61.935,1304.08,0
61.94,1964.41,0
61.945,-457.93,0
61.95,-457.93,0
61.955,-371.62,0
61.96,-371.62,0
61.965,-371.62,0
61.97,-500.17,0
61.975,1840.54,0
61.98,-85.68,0
61.985,-85.68,0
61.99,-280.0,0
61.995,1661.96,0
62.0,-334.07,0
62.005,1935.79,0
62.01,-334.07,0
62.015,-334.07,0
62.02,-239.69,0
62.025,-239.69,0
62.03,4.94,0
62.035,4.94,0
62.04,-126.88,0
62.045,-126.88,0
62.05,-233.7,0
62.055,-233.7,0
62.06,-238.0,0
62.065,-299.56,0
62.07,-75.66,0
62.075,-75.66,0
62.08,-246.54,0
62.085,-40.0,0
62.09,158.8,0
62.095,158.8,0
62.1,200.12,0
62.105,200.12,0
62.11,266.41,0
62.115,266.41,0
62.12,292.53,0
62.125,292.53,0
62.13,397.1,0
62.135,397.1,0
62.14,546.05,0
62.145,546.05,0
62.15,539.18,0
62.155,539.18,0
62.16,519.88,0
62.165,519.88,0
62.17,438.53,0
62.175,438.53,0
62.18,438.53,0
62.185,438.53,0
62.19,247.74,0
62.195,247.74,0
62.2,259.14,0
62.205,259.14,0
62.21,286.12,0
62.215,286.12,0
62.22,286.12,0
62.225,286.12,0
62.23,355.37,0
62.235,158.68,0
62.24,345.32,0
62.245,345.32,0
62.25,276.62,0
62.255,276.62,0
62.26,200.28,0
62.265,200.28,0
62.27,258.55,0
62.275,258.55,0
62.28,242.11,0
62.285,242.11,0
62.29,276.46,0
62.295,276.46,0
62.3,303.03,0
62.305,303.03,0
62.31,172.24,0
62.315,306.4,0
62.32,-8.09,0
62.325,-8.09,0
62.33,-4.16,0
62.335,-146.67,0
62.34,-146.67,0
62.345,-146.67,0
62.35,-146.67,0
62.355,-146.67,0
62.36,-80.83,0
62.365,-80.83,0
62.37,-80.83,0
62.375,-80.83,0
62.38,-35.3,0
62.385,-35.3,0
62.39,110.84,0
62.395,110.84,0
62.4,195.73,0
62.405,110.84,0
62.41,20.55,0
62.415,28.9,0
62.42,28.9,0
62.425,28.9,0
62.43,-8.06,0
62.435,352.33,0
62.44,191.94,0
62.445,224.85,0
62.45,224.85,0
62.455,224.85,0
62.46,48.29,0
62.465,48.29,0
62.47,-33.74,0
62.475,-33.74,0
62.48,159.33,0
62.485,191.94,0
62.49,593.42,0
62.495,593.42,0
62.5,627.69,0
62.505,627.69,0
62.51,1470.74,0
62.515,593.42,0
62.52,1470.74,0
62.525,1470.74,0
62.53,627.69,0
62.535,2464.48,0
62.54,2780.62,0
62.545,2780.62,0
62.55,2780.62,0
62.555,2780.62,0
62.56,3161.88,0
62.565,3161.88,0
62.57,3785.52,0
62.575,3785.52,0
62.58,4036.72,0
62.585,475.24,0
62.59,-54.92,0
62.595,3946.78,0
62.6,2110.73,0
62.605,4421.77,0
62.61,3969.78,0
62.615,3969.78,0
62.62,3969.78,0
62.625,3969.78,0
62.63,3847.11,0
62.635,3847.11,0
62.64,3524.64,0
62.645,3825.83,0
62.65,3991.38,0
62.655,3991.38,0
62.66,4192.99,0
62.665,3161.91,0
62.67,4017.81,0
62.675,4017.81,0
62.68,4883.55,0
62.685,4883.55,0
62.69,4563.89,0
62.695,4563.89,0
62.7,5297.72,0
62.705,5297.72,0
62.71,4534.69,0
62.715,5297.72,0
62.72,4690.9,0
62.725,4690.9,0
62.73,4690.9,0
62.735,3939.47,0
62.74,4116.35,0
62.745,-16.19,0
62.75,-16.19,0
62.755,249.51,0
62.76,249.51,0
62.765,-34.26,0
62.77,3845.47,0
62.775,116.46,0
62.78,116.46,0
62.785,116.46,0
62.79,72.62,0
62.795,72.62,0
62.8,38.65,0
62.805,38.65,0
62.81,27.87,0
62.815,27.87,0
62.82,55.1,0
62.825,-16.18,0
62.83,55.1,0
62.835,55.1,0
62.84,50.9,0
62.845,-34.26,0
62.85,79.0,0
62.855,79.0,0
62.86,4377.09,0
62.865,40.19,0
62.87,4691.59,0
62.875,26.17,0
62.88,197.79,0
62.885,28.14,0
62.89,28.14,0
62.895,28.14,0
62.9,28.14,0
62.905,28.14,0
62.91,-29.99,0
62.915,-29.99,0
62.92,28.15,0
62.925,16.94,0
62.93,-126.1,0
62.935,-10.03,0
62.94,-10.03,0
62.945,-10.03,0
62.95,-19.68,0
62.955,70.37,0
62.96,25.48,0
62.965,-6.36,0
62.97,43.36,0
62.975,43.36,0
62.98,24.5,0
62.985,24.5,0
62.99,18.6,0
62.995,18.6,0
63.0,18.6,0
63.005,-13.97,0
63.01,-13.97,0
63.015,-16.76,0
63.02,-16.76,0
63.025,19.56,0
63.03,21.68,0
63.035,21.68,0
63.04,-9.56,0
63.045,-9.56,0
63.05,-45.72,0
63.055,55.86,0
63.06,55.86,0
63.065,55.86,0
63.07,55.86,0
63.075,55.86,0
63.08,-0.8,0
63.085,-0.8,0
63.09,-66.7,0
63.095,-66.7,0
63.1,-253.02,0
63.105,-253.02,0
63.11,-255.97,0
63.115,-255.97,0
63.12,-301.93,0
63.125,-301.93,0
63.13,-66.7,0
63.135,-464.2,0
63.14,-219.26,0
63.145,-31.14,0
63.15,-31.14,0
63.155,-45.72,0
63.16,-45.72,0
63.165,-5.22,0
63.17,-5.22,0
63.175,-5.22,0
63.18,-19.54,0
63.185,-19.54,0
63.19,97.09,0
63.195,97.09,0
63.2,149.6,0
63.205,149.6,0
63.21,200.07,0
63.215,68.71,0
63.22,-207.92,0
63.225,-219.26,0
63.23,138.19,0
63.235,138.19,0
63.24,138.19,0
63.245,138.19,0
63.25,126.86,0
63.255,126.86,0
63.26,84.09,0
63.265,84.09,0
63.27,151.0,0
63.275,151.0,0
63.28,57.17,0
63.285,57.17,0
63.29,57.17,0
63.295,187.25,0
63.3,-42.81,0
63.305,-42.81,0
63.31,200.08,0
63.315,36.95,0
63.32,-27.53,0
63.325,-27.53,0
63.33,106.89,0
63.335,106.89,0
63.34,106.89,0
63.345,17.22,0
63.35,17.22,0
63.355,77.73,0
63.36,77.73,0
63.365,56.25,0
63.37,46.46,0
63.375,-96.03,0
63.38,-96.03,0
63.385,-31.48,0
63.39,-31.48,0
63.395,-46.53,0
63.4,-46.53,0
63.405,-38.23,0
63.41,-38.23,0
63.415,106.89,0
63.42,177.93,0
63.425,177.93,0
63.43,194.9,0
63.435,88.36,0
63.44,88.36,0
63.445,75.24,0
63.45,75.24,0
63.455,137.99,0
63.46,75.24,0
63.465,-123.5,0
63.47,-123.5,0
63.475,-158.85,0
63.48,-158.85,0
63.485,-158.85,0
63.49,-4.39,0
63.495,-4.39,0
63.5,-4.39,0
63.505,-4.39,0
63.51,137.99,0
63.515,-4.39,0
63.52,79.85,0
63.525,79.85,0
63.53,40.12,0
63.535,40.12,0
63.54,-62.08,0
63.545,62.94,0
63.55,-264.34,0
63.555,-264.34,0
63.56,772.67,0
63.565,772.67,0
63.57,772.67,0
63.575,772.72,0
63.58,772.72,0
63.585,406.1,0
63.59,406.1,0
63.595,856.0,0
63.6,856.0,0
63.605,330.93,0
63.61,330.93,0
63.615,330.93,0
63.62,330.93,0
63.625,217.12,0
63.63,217.12,0
63.635,400.59,0
63.64,40.1,0
63.645,265.9,0
63.65,265.9,0
63.655,266.9,0
63.66,266.9,0
63.665,978.0,0
63.67,978.0,0
63.675,1021.92,0
63.68,856.43,0
63.685,1192.72,0
63.69,1192.72,0
63.695,1221.54,0
63.7,1221.54,0
63.705,772.69,0
63.71,1736.8,0
63.715,-9.4,0
63.72,386.61,0
63.725,1615.32,0
63.73,1615.32,0
63.735,1615.32,0
63.74,1615.32,0
63.745,1228.25,0
63.75,1228.25,0
63.755,1873.14,0
63.76,1873.14,0
63.765,1873.14,0
63.77,1873.14,0
63.775,1923.43,0
63.78,1923.43,0
63.785,2439.73,0
63.79,2439.73,0
63.795,2830.37,0
63.8,2830.37,0
63.805,2782.75,0
63.81,2782.75,0
63.815,2470.89,0
63.82,2901.62,0
63.825,2881.1,0
63.83,2881.1,0
63.835,3345.01,0
63.84,3345.01,0
63.845,3263.08,0
63.85,3263.08,0
63.855,3263.08,0
63.86,3263.08,0
63.865,3263.08,0
63.87,3201.56,0
63.875,3201.56,0
63.88,3098.46,0
63.885,3098.46,0
63.89,2988.68,0
63.895,2988.68,0
63.9,2988.68,0
63.905,2988.68,0
63.91,2988.68,0
63.915,1600.38,0
63.92,2987.72,0
63.925,2987.72,0
63.93,3238.02,0
63.935,3238.02,0
63.94,3368.44,0
63.945,3368.44,0
63.95,3368.44,0
63.955,2931.74,0
63.96,3369.88,0
63.965,3369.88,0
63.97,3090.07,0
63.975,3090.07,0
63.98,3133.81,0
63.985,3180.01,0
63.99,3180.01,0
63.995,3180.01,0
64.0,3202.45,0
64.005,3202.45,0
64.01,3109.87,0
64.015,3109.87,0
64.02,3130.23,0
64.025,3130.23,0
64.03,3049.27,0
64.035,3049.27,0
64.04,3049.27,0
64.045,2944.29,0
64.05,2944.29,0
64.055,2868.81,0
64.06,2868.81,0
64.065,2868.81,0
64.07,2858.13,0
64.075,2858.13,0
64.08,2858.13,0
64.085,2858.13,0
64.09,2909.6,0
64.095,2890.59,0
64.1,2890.59,0
64.105,2961.4,0
64.11,2961.4,0
64.115,2920.44,0
64.12,2920.44,0
64.125,2944.29,0
64.13,2920.44,0
64.135,2960.54,0
64.14,2960.54,0
64.145,2937.87,0
64.15,2937.87,0
64.155,2927.38,0
64.16,2927.38,0
64.165,2988.01,0
64.17,2988.01,0
64.175,2988.01,0
64.18,2988.01,0
64.185,2988.01,0
64.19,2988.01,0
64.195,2872.84,0
64.2,2986.8,0
64.205,2968.26,0
64.21,2968.26,0
64.215,2968.26,0
64.22,2968.26,0
64.225,3049.5,0
64.23,3049.5,0
64.235,2944.74,0
64.24,2798.51,0
64.245,2798.51,0
64.25,2798.51,0
64.255,2933.96,0
64.26,2933.96,0
64.265,2992.49,0
64.27,2992.49,0
64.275,2928.58,0
64.28,2928.58,0
64.285,2969.22,0
64.29,2969.22,0
64.295,2986.43,0
64.3,2986.43,0
64.305,3063.96,0
64.31,2962.57,0
64.315,2968.69,0
64.32,2968.69,0
64.325,2945.26,0
64.33,2945.26,0
64.335,2943.2,0
64.34,2943.2,0
64.345,2943.2,0
64.35,2956.59,0
64.355,2943.2,0
64.36,2943.2,0
64.365,2689.22,0
64.37,2689.22,0
64.375,55.62,0
64.38,55.62,0
64.385,55.49,0
64.39,55.49,0
64.395,21.82,0
64.4,2862.96,0
64.405,12.4,0
64.41,12.4,0
64.415,37.65,0
64.42,2605.28,0
64.425,37.65,0
64.43,287.94,0
64.435,76.4,0
64.44,76.4,0
64.445,135.83,0
64.45,-509.77,0
64.455,76.06,0
64.46,76.06,0
64.465,50.02,0
64.47,50.02,0
64.475,50.02,0
64.48,50.02,0
64.485,2935.96,0
64.49,50.02,0
64.495,36.86,0
64.5,36.86,0
64.505,-31.01,0
64.51,-31.01,0
64.515,2696.56,0
64.52,-13.35,0
64.525,76.06,0
64.53,-0.33,0
64.535,-0.33,0
64.54,-47.54,0
64.545,-47.54,0
64.55,-47.54,0
64.555,-54.91,0
64.56,-54.91,0
64.565,-54.91,0
64.57,-57.75,0
64.575,-26.03,0
64.58,6.55,0
64.585,13.42,0
64.59,76.82,0
64.595,0.7,0
64.6,0.7,0
64.605,-52.24,0
64.61,30.13,0
64.615,11.83,0
64.62,11.83,0
64.625,-5.66,0
64.63,-5.66,0
64.635,33.56,0
64.64,33.56,0
64.645,33.56,0
64.65,33.56,0
64.655,30.13,0
64.66,12.74,0
64.665,12.74,0
64.67,83.19,0
64.675,-9.04,0
64.68,-9.04,0
64.685,22.16,0
64.69,22.16,0
64.695,22.16,0
64.7,22.16,0
64.705,56.8,0
64.71,56.8,0
64.715,31.57,0
64.72,31.57,0
64.725,46.21,0
64.73,46.21,0
64.735,-52.97,0
64.74,23.12,0
64.745,50.64,0
64.75,50.64,0
64.755,33.68,0
64.76,33.68,0
64.765,33.68,0
64.77,33.68,0
64.775,42.19,0
64.78,13.09,0
64.785,15.87,0
64.79,57.27,0
64.795,57.27,0
64.8,57.27,0
64.805,57.27,0
64.81,38.18,0
64.815,38.18,0
64.82,42.14,0
64.825,39.12,0
64.83,39.12,0
64.835,22.45,0
64.84,17.85,0
64.845,17.06,0
64.85,17.06,0
64.855,17.06,0
64.86,17.06,0
64.865,17.06,0
64.87,-3.44,0
64.875,50.91,0
64.88,-24.55,0
64.885,-24.55,0
64.89,25.84,0
64.895,26.1,0
64.9,20.65,0
64.905,20.65,0
64.91,48.26,0
64.915,10.33,0
64.92,62.58,0
64.925,62.58,0
64.93,-24.22,0
64.935,-24.22,0
64.94,26.76,0
64.945,-24.22,0
64.95,-14.16,0
64.955,-65.87,0
64.96,-65.87,0
64.965,-28.89,0
64.97,-28.89,0
64.975,45.7,0
64.98,-105.92,0
64.985,-105.92,0
64.99,-105.92,0
64.995,-17.01,0
65.0,-17.01,0
65.005,62.74,0
65.01,62.74,0
65.015,38.28,0
65.02,38.28,0
65.025,67.06,0
65.03,67.06,0
65.035,67.06,0
65.04,67.06,0
65.045,75.06,0
65.05,75.06,0
65.055,47.31,0
65.06,47.31,0
65.065,47.31,0
65.07,30.71,0
65.075,53.46,0
65.08,4.67,0
65.085,35.0,0
65.09,35.0,0
65.095,38.28,0
65.1,25.66,0
65.105,-76.35,0
65.11,-38.61,0
65.115,16.56,0
65.12,16.56,0
65.125,16.56,0
65.13,-8.58,0
65.135,-8.58,0
65.14,5.09,0
65.145,5.09,0
65.15,10.15,0
65.155,10.15,0
65.16,10.15,0
65.165,10.15,0
65.17,5.84,0
65.175,12.52,0
65.18,-1.89,0
65.185,12.52,0
65.19,-11.33,0
65.195,-0.58,0
65.2,-0.58,0
65.205,-0.58,0
65.21,1.85,0
65.215,-21.69,0
65.22,-21.69,0
65.225,-18.45,0
65.23,-18.45,0
65.235,-30.26,0
65.24,-30.26,0
65.245,-30.26,0
65.25,-30.26,0
65.255,-30.26,0
65.26,-30.26,0
65.265,2.87,0
65.27,2.87,0
65.275,-12.85,0
65.28,-12.85,0
65.285,-1.81,0
65.29,-1.81,0
65.295,17.56,0
65.3,17.56,0
65.305,-40.31,0
65.31,-40.31,0
65.315,-40.31,0
65.32,-40.31,0
65.325,1.51,0
65.33,1.51,0
65.335,-41.84,0
65.34,-44.4,0
