timestamp,ch1 (µV),event
65.34,-44.4,0
65.345,-70.15,0
65.35,-70.15,0
65.355,-70.15,1
65.36,-70.15,0
65.365,-13.59,0
65.37,7.25,0
65.375,-13.59,0
65.38,-47.73,0
65.385,-6.16,0
65.39,-17.73,0
65.395,37.31,0
65.4,22.74,0
65.405,22.74,0
65.41,22.74,0
65.415,22.74,0
65.42,63.21,0
65.425,63.21,0
65.43,-26.03,0
65.435,-26.03,0
65.44,38.0,0
65.445,31.31,0
65.45,31.31,0
65.455,-17.52,0
65.46,3.95,0
65.465,-14.46,0
65.47,-14.46,0
65.475,74.63,0
65.48,74.63,0
65.485,102.06,0
65.49,-3.49,0
65.495,146.65,0
65.5,146.65,0
65.505,0.61,0
65.51,146.65,0
65.515,122.81,0
65.52,54.22,0
65.525,122.81,0
65.53,134.41,0
65.535,632.78,0
65.54,632.78,0
65.545,607.15,0
65.55,607.15,0
65.555,607.15,0
65.56,24.93,0
65.565,607.15,0
65.57,607.15,0
65.575,808.38,0
65.58,-4.26,0
65.585,568.76,0
65.59,568.76,0
65.595,-136.94,0
65.6,-136.94,0
65.605,188.04,0
65.61,607.15,0
65.615,642.57,0
65.62,642.57,0
65.625,642.57,0
65.63,642.57,0
65.635,315.22,0
65.64,315.22,0
65.645,134.41,0
65.65,1330.07,0
65.655,1330.07,0
65.66,1330.07,0
65.665,1330.07,0
65.67,1690.42,0
65.675,1507.08,0
65.68,1507.08,0
65.685,2302.31,0
65.69,2302.31,0
65.695,792.44,0
65.7,2668.77,0
65.705,2668.77,0
65.71,2484.8,0
65.715,790.69,0
65.72,2286.73,0
65.725,2286.73,0
65.73,2286.73,0
65.735,2286.73,0
65.74,3645.51,0
65.745,3645.51,0
65.75,3593.68,0
65.755,3593.68,0
65.76,618.59,0
65.765,3260.98,0
65.77,1769.45,0
65.775,4255.15,0
65.78,4255.15,0
65.785,4580.09,0
65.79,1637.23,0
65.795,4443.59,0
65.8,4443.59,0
65.805,4443.59,0
65.81,1316.03,0
65.815,5248.47,0
65.82,5605.69,0
65.825,5605.69,0
65.83,5605.69,0
65.835,5560.68,0
65.84,4252.31,0
65.845,5429.29,0
65.85,5228.46,0
65.855,2628.37,0
65.86,2601.47,0
65.865,6594.45,0
65.87,6518.39,0
65.875,2634.34,0
65.88,6534.9,0
65.885,6534.9,0
65.89,6045.22,0
65.895,6045.22,0
65.9,6045.22,0
65.905,6488.65,0
65.91,6488.65,0
65.915,6431.76,0
65.92,6431.76,0
65.925,5728.12,0
65.93,5728.12,0
65.935,6672.11,0
65.94,6672.11,0
65.945,6672.11,0
65.95,6672.11,0
65.955,6672.11,0
65.96,6425.57,0
65.965,6425.57,0
65.97,4187.21,0
65.975,5738.11,0
65.98,6665.13,0
65.985,6665.13,0
65.99,6506.82,0
65.995,6506.82,0
66.0,6002.43,0
66.005,6002.43,0
66.01,6542.47,0
66.015,349.36,0
66.02,349.36,0
66.025,349.36,0
66.03,1679.39,0
66.035,1662.09,0
66.04,5728.06,0
66.045,1773.14,0
66.05,1737.23,0
66.055,1737.23,0
66.06,2084.88,0
66.065,1787.89,0
66.07,2033.92,0
66.075,2033.92,0
66.08,2033.92,0
66.085,2033.92,0
66.09,2033.92,0
66.095,1983.78,0
66.1,1983.78,0
66.105,6688.23,0
66.11,1913.27,0
66.115,1851.51,0
66.12,1926.87,0
66.125,1948.08,0
66.13,1948.08,0
66.135,2086.8,0
66.14,1993.6,0
66.145,1904.55,0
66.15,1992.5,0
66.155,1946.93,0
66.16,1946.93,0
66.165,1993.36,0
66.17,1993.36,0
66.175,1907.95,0
66.18,1907.95,0
66.185,1998.32,0
66.19,1998.32,0
66.195,1934.31,0
66.2,1996.25,0
66.205,1996.25,0
66.21,1906.16,0
66.215,1906.16,0
66.22,2007.62,0
66.225,2007.62,0
66.23,1934.31,0
66.235,1914.71,0
66.24,1936.05,0
66.245,1936.05,0
66.25,1899.79,0
66.255,1899.79,0
66.26,1899.79,0
66.265,2030.25,0
66.27,2030.25,0
66.275,2024.55,0
66.28,2024.55,0
66.285,2071.77,0
66.29,1998.42,0
66.295,1987.77,0
66.3,2547.37,0
66.305,2547.37,0
66.31,2709.31,0
66.315,2709.31,0
66.32,2189.59,0
66.325,2189.59,0
66.33,1806.12,0
66.335,1806.12,0
66.34,1806.12,0
66.345,1806.12,0
66.35,2673.26,0
66.355,2673.26,0
66.36,2673.26,0
66.365,2626.67,0
66.37,2626.67,0
66.375,1789.1,0
66.38,1789.1,0
66.385,1789.1,0
66.39,1789.1,0
66.395,1789.1,0
66.4,1789.1,0
66.405,2626.42,0
66.41,2626.42,0
66.415,2151.67,0
66.42,2027.03,0
66.425,2064.56,0
66.43,2064.56,0
66.435,1925.02,0
66.44,2001.63,0
66.445,1925.02,0
66.45,1968.69,0
66.455,2017.09,0
66.46,2017.09,0
66.465,1902.03,0
66.47,1902.03,0
66.475,1922.39,0
66.48,1922.39,0
66.485,1951.1,0
66.49,1951.1,0
66.495,2014.9,0
66.5,2175.39,0
66.505,1888.55,0
66.51,1888.55,0
66.515,2041.56,0
66.52,2041.56,0
66.525,2041.56,0
66.53,2041.56,0
66.535,2855.55,0
66.54,2066.57,0
66.545,2066.57,0
66.55,2535.3,0
66.555,2535.3,0
66.56,2535.3,0
66.565,2703.74,0
66.57,1951.11,0
66.575,2202.38,0
66.58,1796.41,0
66.585,1796.41,0
66.59,2595.65,0
66.595,2595.65,0
66.6,2680.99,0
66.605,2680.99,0
66.61,2614.12,0
66.615,2614.12,0
66.62,2614.12,0
66.625,2614.12,0
66.63,2278.8,0
66.635,2278.8,0
66.64,2504.63,0
66.645,2576.67,0
66.65,2576.67,0
66.655,2576.67,0
66.66,2576.67,0
66.665,2576.67,0
66.67,2576.67,0
66.675,2576.67,0
66.68,2214.07,0
66.685,2246.24,0
66.69,2305.47,0
66.695,2305.47,0
66.7,2305.47,0
66.705,2223.82,0
66.71,2223.82,0
66.715,2223.82,0
66.72,2223.82,0
66.725,2335.96,0
66.73,2241.33,0
66.735,2241.33,0
66.74,2689.26,0
66.745,281.24,0
66.75,281.24,0
66.755,638.87,0
66.76,2270.65,0
66.765,745.77,0
66.77,2579.07,0
66.775,745.77,0
66.78,2618.63,0
66.785,1227.22,0
66.79,1227.22,0
66.795,1387.19,0
66.8,1387.19,0
66.805,1387.19,0
66.81,1387.19,0
66.815,1567.39,0
66.82,1567.39,0
66.825,1507.33,0
66.83,2336.07,0
66.835,2358.07,0
66.84,2358.07,0
66.845,2534.71,0
66.85,254.48,0
66.855,2476.91,0
66.86,3202.65,0
66.865,3202.65,0
66.87,3348.7,0
66.875,3348.7,0
66.88,3508.98,0
66.885,3508.98,0
66.89,2232.8,0
66.895,4201.62,0
66.9,4201.62,0
66.905,3939.57,0
66.91,3939.57,0
66.915,4434.37,0
66.92,4450.18,0
66.925,4450.18,0
66.93,4450.18,0
66.935,5209.95,0
66.94,5209.95,0
66.945,5570.01,0
66.95,5570.01,0
66.955,2218.27,0
66.96,6307.2,0
66.965,6458.51,0
66.97,6630.98,0
66.975,6630.98,0
66.98,5570.01,0
66.985,6630.98,0
66.99,7123.72,0
66.995,7123.72,0
67.0,7123.72,0
67.005,3841.79,0
67.01,7916.43,0
67.015,7916.43,0
67.02,7916.43,0
67.025,7916.43,0
67.03,3939.3,0
67.035,7842.24,0
67.04,2661.12,0
67.045,8029.21,0
67.05,8029.21,0
67.055,7893.04,0
67.06,7893.04,0
67.065,6371.15,0
67.07,7742.71,0
67.075,7791.14,0
67.08,7791.14,0
67.085,7773.76,0
67.09,8126.24,0
67.095,7773.76,0
67.1,7750.37,0
67.105,7714.16,0
67.11,7694.63,0
67.115,7694.63,0
67.12,7685.74,0
67.125,7685.74,0
67.13,7778.71,0
67.135,7778.71,0
67.14,7778.71,0
67.145,7778.71,0
67.15,7778.71,0
67.155,7917.59,0
67.16,7959.6,0
67.165,8031.66,0
67.17,7953.38,0
67.175,7722.78,0
67.18,7744.66,0
67.185,7867.84,0
67.19,7867.84,0
67.195,7887.2,0
67.2,8014.36,0
67.205,7807.29,0
67.21,7794.65,0
67.215,7794.65,0
67.22,7794.65,0
67.225,7794.65,0
67.23,7842.27,0
67.235,7842.27,0
67.24,7953.39,0
67.245,7869.84,0
67.25,7818.4,0
67.255,7818.4,0
67.26,7734.63,0
67.265,7750.86,0
67.27,7839.93,0
67.275,7839.93,0
67.28,7836.36,0
67.285,7836.36,0
67.29,7836.36,0
67.295,7819.49,0
67.3,7819.49,0
67.305,7874.65,0
67.31,7803.27,0
67.315,7800.94,0
67.32,7800.94,0
67.325,7779.47,0
67.33,7898.15,0
67.335,7818.27,0
67.34,7700.52,0
67.345,7807.56,0
67.35,7807.56,0
67.355,7820.39,0
67.36,7820.39,0
67.365,7863.41,0
67.37,7820.39,0
67.375,7813.26,0
67.38,7813.26,0
67.385,7820.75,0
67.39,8185.58,0
67.395,7827.46,0
67.4,7827.46,0
67.405,7800.9,0
67.41,7812.31,0
67.415,7796.43,0
67.42,7713.52,0
67.425,7713.52,0
67.43,7713.52,0
67.435,7713.52,0
67.44,7915.48,0
67.445,7915.48,0
67.45,7915.48,0
67.455,7968.7,0
67.46,7607.24,0
67.465,7607.24,0
67.47,7607.24,0
67.475,7713.52,0
67.48,7607.24,0
67.485,7607.24,0
67.49,7802.36,0
67.495,8319.99,0
67.5,7832.17,0
67.505,7832.17,0
67.51,6633.32,0
67.515,6633.32,0
67.52,6347.05,0
67.525,6347.05,0
67.53,6347.05,0
67.535,6347.05,0
67.54,6713.14,0
67.545,6713.14,0
67.55,7959.45,0
67.555,1454.98,0
67.56,8070.88,0
67.565,1242.25,0
67.57,1242.25,0
67.575,1242.25,0
67.58,1684.92,0
67.585,4301.04,0
67.59,2014.48,0
67.595,2014.48,0
67.6,2202.7,0
67.605,2202.7,0
67.61,2805.54,0
67.615,2805.54,0
67.62,3378.35,0
67.625,3378.35,0
67.63,3570.37,0
67.635,3570.37,0
67.64,3570.37,0
67.645,2130.5,0
67.65,2658.34,0
67.655,8242.2,0
67.66,3096.32,0
67.665,3428.48,0
67.67,3428.48,0
67.675,6533.13,0
67.68,3493.6,0
67.685,3493.6,0
67.69,3474.06,0
67.695,3474.06,0
67.7,3097.46,0
67.705,3260.05,0
67.71,1680.64,0
67.715,4509.2,0
67.72,4509.2,0
67.725,4520.39,0
67.73,4520.39,0
67.735,4520.39,0
67.74,4520.39,0
67.745,4520.39,0
67.75,4520.39,0
67.755,4520.39,0
67.76,3541.01,0
67.765,4439.5,0
67.77,4001.56,0
67.775,4001.56,0
67.78,3957.01,0
67.785,3708.01,0
67.79,3708.01,0
67.795,3700.91,0
67.8,3700.91,0
67.805,3700.91,0
67.81,3700.91,0
67.815,3700.91,0
67.82,3898.04,0
67.825,3707.23,0
67.83,3707.23,0
67.835,4290.12,0
67.84,3707.23,0
67.845,3707.23,0
67.85,3711.42,0
67.855,3703.58,0
67.86,3703.58,0
67.865,3703.58,0
67.87,3703.58,0
67.875,3703.58,0
67.88,3703.58,0
67.885,3744.8,0
67.89,3815.58,0
67.895,3928.92,0
67.9,3793.39,0
67.905,3793.39,0
67.91,3873.46,0
67.915,3873.46,0
67.92,3873.46,0
67.925,3873.46,0
67.93,3873.46,0
67.935,3833.37,0
67.94,3833.37,0
67.945,3835.1,0
67.95,3835.82,0
67.955,3913.29,0
67.96,3883.36,0
67.965,3412.48,0
67.97,4289.51,0
67.975,4289.51,0
67.98,4289.51,0
67.985,3813.11,0
67.99,4189.57,0
67.995,4189.57,0
68.0,3871.14,0
68.005,3929.94,0
68.01,3929.94,0
68.015,3929.94,0
68.02,3742.15,0
68.025,3742.15,0
68.03,3825.4,0
68.035,3825.4,0
68.04,3866.39,0
68.045,3866.39,0
68.05,3819.11,0
68.055,3819.11,0
68.06,3825.4,0
68.065,4030.94,0
68.07,3929.36,0
68.075,3684.09,0
68.08,3684.09,0
68.085,3684.09,0
68.09,3790.11,0
68.095,3573.15,0
68.1,4005.47,0
68.105,3850.99,0
68.11,3850.99,0
68.115,4168.11,0
68.12,4168.11,0
68.125,3934.23,0
68.13,3934.23,0
68.135,2684.14,0
68.14,2684.14,0
68.145,2684.14,0
68.15,2684.14,0
68.155,2509.1,0
68.16,2509.1,0
68.165,2868.02,0
68.17,3811.96,0
68.175,3657.56,0
68.18,3657.56,0
68.185,3657.56,0
68.19,4223.91,0
68.195,3657.56,0
68.2,3657.56,0
68.205,3657.56,0
68.21,3657.56,0
68.215,3673.07,0
68.22,3557.32,0
68.225,3708.4,0
68.23,3716.24,0
68.235,3950.37,0
68.24,3950.37,0
68.245,3950.37,0
68.25,3900.36,0
68.255,3934.67,0
68.26,3934.67,0
68.265,3920.73,0
68.27,3920.73,0
68.275,2395.11,0
68.28,3893.27,0
68.285,1635.13,0
68.29,3860.67,0
68.295,3873.38,0
68.3,3873.38,0
68.305,2411.29,0
68.31,3884.04,0
68.315,3884.04,0
68.32,3884.04,0
68.325,3884.04,0
68.33,3822.41,0
68.335,3822.41,0
68.34,3863.84,0
68.345,3837.07,0
68.35,3837.07,0
68.355,3477.11,0
68.36,3477.11,0
68.365,3477.11,0
68.37,3477.11,0
68.375,3477.11,0
68.38,3477.11,0
68.385,3879.53,0
68.39,-26.11,0
68.395,-26.11,0
68.4,-125.65,0
68.405,-125.65,0
68.41,-87.81,0
68.415,-87.81,0
68.42,-103.41,0
68.425,-103.41,0
68.43,-103.41,0
68.435,-102.84,0
68.44,-102.84,0
68.445,-102.84,0
68.45,-75.48,0
68.455,1800.27,0
68.46,3814.21,0
68.465,-42.5,0
68.47,-42.5,0
68.475,-42.5,0
68.48,-59.19,0
68.485,-59.19,0
68.49,-53.78,0
68.495,-53.78,0
68.5,-47.19,0
68.505,-47.19,0
68.51,-27.36,0
68.515,-27.36,0
68.52,-7.5,0
68.525,-27.36,0
68.53,-210.92,0
68.535,-210.92,0
68.54,-324.37,0
68.545,-324.37,0
68.55,-324.37,0
68.555,-324.37,0
68.56,-605.94,0
68.565,-1258.29,0
68.57,-1258.29,0
68.575,-56.48,0
68.58,-1238.32,0
68.585,-1238.32,0
68.59,-661.47,0
68.595,-661.47,0
68.6,-661.47,0
68.605,-59.11,0
68.61,-1338.48,0
68.615,-1887.05,0
68.62,-1887.05,0
68.625,-1644.22,0
68.63,-1644.22,0
68.635,-1332.92,0
68.64,-1332.92,0
68.645,-1332.92,0
68.65,-1332.92,0
68.655,-1332.92,0
68.66,-1332.92,0
68.665,-1322.74,0
68.67,-1322.74,0
68.675,-1075.5,0
68.68,-1075.5,0
68.685,-650.35,0
68.69,-650.35,0
68.695,-809.31,0
68.7,-809.31,0
68.705,-866.91,0
68.71,-866.91,0
68.715,-866.91,0
68.72,-866.91,0
68.725,-866.91,0
68.73,-1224.0,0
68.735,-623.26,0
68.74,54.07,0
68.745,54.07,0
68.75,185.7,0
68.755,342.42,0
68.76,342.42,0
68.765,342.42,0
68.77,342.42,0
68.775,342.42,0
68.78,342.42,0
68.785,-308.38,0
68.79,-308.38,0
68.795,-452.74,0
68.8,-452.74,0
68.805,-1226.6,0
68.81,-608.56,0
68.815,-257.11,0
68.82,-940.05,0
68.825,-940.05,0
68.83,-940.05,0
68.835,-940.05,0
68.84,-940.05,0
68.845,-810.14,0
68.85,-810.14,0
68.855,-810.14,0
68.86,-2163.95,0
68.865,-2163.95,0
68.87,-2256.82,0
68.875,-2256.82,0
68.88,-1013.68,0
68.885,-1937.32,0
68.89,-1933.22,0
68.895,-1933.22,0
68.9,-2699.73,0
68.905,-2699.73,0
68.91,-2445.93,0
68.915,-2445.93,0
68.92,-2445.93,0
68.925,-2445.93,0
68.93,-1870.7,0
68.935,-1870.7,0
68.94,-1809.53,0
68.945,-2585.26,0
68.95,-2585.26,0
68.955,-2616.91,0
68.96,-2616.91,0
68.965,-1099.6,0
68.97,-2616.91,0
68.975,-2128.75,0
68.98,-2616.91,0
68.985,-2145.68,0
68.99,-2145.68,0
68.995,-2189.69,0
69.0,-2189.69,0
69.005,-2392.88,0
69.01,-2392.88,0
69.015,-2124.35,0
69.02,-2124.35,0
69.025,-2542.87,0
69.03,-1090.15,0
69.035,-3024.31,0
69.04,-2245.78,0
69.045,-3402.97,0
69.05,-3402.97,0
69.055,-1716.88,0
69.06,-3024.31,0
69.065,-3791.23,0
69.07,-3791.23,0
69.075,-3517.71,0
69.08,-3517.71,0
69.085,-3577.57,0
69.09,-3577.57,0
69.095,-3945.38,0
69.1,-3945.38,0
69.105,-2155.83,0
69.11,-3945.38,0
69.115,-3945.38,0
69.12,-4298.57,0
69.125,-4298.57,0
69.13,-4513.45,0
69.135,-2170.08,0
69.14,-5051.51,0
69.145,-4655.66,0
69.15,-4655.66,0
69.155,-4655.66,0
69.16,-4655.66,0
69.165,-4106.02,0
69.17,-4106.02,0
69.175,-3587.84,0
69.18,-3587.84,0
69.185,-146.63,0
69.19,-5030.54,0
69.195,289.41,0
69.2,289.41,0
69.205,-3791.69,0
69.21,203.71,0
69.215,-117.68,0
69.22,-238.25,0
69.225,-238.25,0
69.23,-4778.11,0
69.235,-238.25,0
69.24,-238.25,0
69.245,-258.67,0
69.25,-258.67,0
69.255,202.66,0
69.26,202.66,0
69.265,-291.95,0
69.27,763.97,0
69.275,-640.04,0
69.28,-640.04,0
69.285,-640.04,0
69.29,-640.04,0
69.295,-640.04,0
69.3,-258.67,0
69.305,-42.79,0
69.31,266.59,0
69.315,266.59,0
69.32,266.59,0
69.325,-440.15,0
69.33,-292.14,0
69.335,-204.45,0
69.34,-204.45,0
69.345,-204.45,0
69.35,442.31,0
69.355,442.31,0
69.36,860.33,0
69.365,860.33,0
69.37,860.33,0
69.375,65.4,0
69.38,1066.19,0
69.385,-258.36,0
69.39,1375.13,0
69.395,1858.45,0
69.4,1546.26,0
69.405,1546.26,0
69.41,1546.26,0
69.415,1546.26,0
69.42,732.58,0
69.425,732.58,0
69.43,841.83,0
69.435,841.83,0
69.44,-643.16,0
69.445,1154.08,0
69.45,1004.19,0
69.455,1004.19,0
69.46,1004.19,0
69.465,1004.19,0
69.47,-345.76,0
69.475,1395.68,0
69.48,1078.28,0
69.485,1078.28,0
69.49,830.41,0
69.495,830.41,0
69.5,383.25,0
69.505,383.25,0
69.51,383.25,0
69.515,383.25,0
69.52,-151.87,0
69.525,-151.87,0
69.53,-320.56,0
69.535,-320.56,0
69.54,904.05,0
69.545,121.08,0
69.55,121.08,0
69.555,121.08,0
69.56,-212.19,0
69.565,-212.19,0
69.57,120.82,0
69.575,120.82,0
69.58,120.82,0
69.585,120.82,0
69.59,1320.94,0
69.595,-136.87,0
69.6,-136.87,0
69.605,255.31,0
69.61,255.31,0
69.615,9.95,0
69.62,9.95,0
69.625,-228.51,0
69.63,-228.51,0
69.635,-228.51,0
69.64,1188.54,0
69.645,-228.51,0
69.65,-228.51,0
69.655,-725.48,0
69.66,-725.48,0
69.665,-1408.01,0
69.67,-1408.01,0
69.675,-1705.91,0
69.68,53.07,0
69.685,-1241.6,0
69.69,-821.45,0
69.695,-821.45,0
69.7,-761.86,0
69.705,-761.86,0
69.71,-216.62,0
69.715,-40.37,0
69.72,-1658.13,0
69.725,-1658.13,0
69.73,-1572.27,0
69.735,-209.22,0
69.74,-1572.27,0
69.745,-1083.39,0
69.75,-1083.39,0
69.755,-1083.39,0
69.76,-1326.09,0
69.765,-1326.09,0
69.77,-1326.09,0
69.775,-1307.99,0
69.78,-1307.99,0
69.785,-2098.39,0
69.79,-2098.39,0
69.795,-2872.49,0
69.8,-2872.49,0
69.805,-2872.49,0
69.81,-2692.22,0
69.815,-2692.22,0
69.82,-247.63,0
69.825,-2692.22,0
69.83,-2692.22,0
69.835,-1241.88,0
69.84,-2197.88,0
69.845,-2391.53,0
69.85,-2485.21,0
69.855,-2485.21,0
69.86,-2586.94,0
69.865,-2586.94,0
69.87,-2586.94,0
69.875,-2489.65,0
69.88,-2489.65,0
69.885,-2997.23,0
69.89,-2997.23,0
69.895,-3485.61,0
69.9,-3485.61,0
69.905,-2999.96,0
69.91,-2999.96,0
69.915,-2439.99,0
69.92,-2439.99,0
69.925,-2439.99,0
69.93,-2590.22,0
69.935,-2590.22,0
69.94,-2590.22,0
69.945,-1978.01,0
69.95,-1978.01,0
69.955,-1939.61,0
69.96,-1939.61,0
69.965,-2787.36,0
69.97,-2787.36,0
69.975,-2675.66,0
69.98,-2787.36,0
69.985,-1933.96,0
69.99,-2607.99,0
69.995,-2573.87,0
70.0,-2573.87,0
70.005,-2573.87,0
70.01,-2573.87,0
70.015,672.88,0
70.02,2259.44,0
70.025,2259.44,0
70.03,2259.44,0
70.035,-2397.53,0
70.04,2584.92,0
70.045,2584.92,0
70.05,2584.92,0
70.055,3261.03,0
70.06,3261.03,0
70.065,3435.76,0
70.07,3435.76,0
70.075,3629.4,0
70.08,3629.4,0
70.085,3629.4,0
70.09,3629.4,0
70.095,3629.4,0
70.1,3261.03,0
70.105,3237.96,0
70.11,3237.96,0
70.115,2907.5,0
70.12,2907.5,0
70.125,2916.1,0
70.13,2916.1,0
70.135,2916.1,0
70.14,2916.1,0
70.145,3204.95,0
70.15,3204.95,0
70.155,3325.6,0
70.16,3325.6,0
70.165,3316.06,0
70.17,3316.06,0
70.175,3057.16,0
70.18,3316.06,0
70.185,3316.06,0
70.19,2819.47,0
70.195,2819.47,0
70.2,2472.59,0
70.205,2472.59,0
70.21,2310.09,0
70.215,3229.78,0
70.22,2954.78,0
70.225,3230.7,0
70.23,1813.62,0
70.235,1813.62,0
70.24,1462.44,0
70.245,1462.44,0
70.25,1574.48,0
70.255,1574.48,0
70.26,1574.48,0
70.265,1574.48,0
70.27,1574.48,0
70.275,1574.48,0
70.28,1888.2,0
70.285,1888.2,0
70.29,2861.29,0
70.295,3030.29,0
70.3,2621.38,0
70.305,2030.86,0
70.31,2271.59,0
70.315,2887.18,0
70.32,1411.68,0
70.325,2495.39,0
70.33,2547.34,0
70.335,2547.34,0
70.34,2233.65,0
70.345,2233.65,0
70.35,2233.65,0
70.355,2233.65,1
70.36,2233.65,0
70.365,2233.65,0
70.37,2182.07,0
70.375,2182.07,0
70.38,2491.96,0
70.385,2491.96,0
70.39,2184.35,0
70.395,2184.35,0
70.4,2184.35,0
70.405,2184.35,0
70.41,2184.35,0
70.415,2184.35,0
70.42,1377.95,0
70.425,1377.95,0
70.43,1212.05,0
70.435,1434.66,0
70.44,1434.66,0
70.445,1273.6,0
70.45,1273.6,0
70.455,1140.41,0
70.46,1140.41,0
70.465,1719.23,0
70.47,1719.23,0
70.475,1719.23,0
70.48,2154.91,0
70.485,1797.42,0
70.49,1797.42,0
70.495,1468.31,0
70.5,2329.82,0
70.505,2202.53,0
70.51,832.68,0
70.515,468.6,0
70.52,468.6,0
70.525,738.06,0
70.53,1423.13,0
70.535,738.06,0
70.54,738.06,0
70.545,738.06,0
70.55,1170.29,0
70.555,1170.29,0
70.56,725.66,0
70.565,725.66,0
70.57,725.66,0
70.575,725.66,0
70.58,725.66,0
70.585,725.66,0
70.59,1997.78,0
70.595,1997.78,0
70.6,2210.81,0
70.605,2210.81,0
70.61,2173.58,0
70.615,1149.71,0
70.62,2173.58,0
70.625,2173.58,0
70.63,2144.99,0
70.635,2394.7,0
70.64,1020.09,0
70.645,2394.7,0
70.65,794.58,0
70.655,2129.08,0
70.66,1974.57,0
70.665,1974.57,0
70.67,1974.57,0
70.675,2403.75,0
70.68,2403.75,0
70.685,2305.67,0
70.69,2638.14,0
70.695,2638.14,0
70.7,2100.13,0
70.705,3160.83,0
70.71,2658.32,0
70.715,2658.32,0
70.72,2658.32,0
70.725,2658.32,0
70.73,2658.32,0
70.735,2658.32,0
70.74,1850.06,0
70.745,1850.06,0
70.75,2547.58,0
70.755,3247.76,0
70.76,2315.13,0
70.765,2315.13,0
70.77,2019.17,0
70.775,2573.17,0
70.78,2783.36,0
70.785,3027.9,0
70.79,935.34,0
70.795,2674.89,0
70.8,2674.89,0
70.805,2674.89,0
70.81,2674.89,0
70.815,3239.3,0
70.82,3239.3,0
70.825,3239.3,0
70.83,3239.3,0
70.835,-13736.29,0
70.84,-13736.29,0
70.845,-14133.86,0
70.85,-14133.86,0
70.855,-13402.44,0
70.86,-13402.44,0
70.865,1850.88,0
70.87,-13605.75,0
70.875,-13414.03,0
70.88,-13414.03,0
70.885,-13434.01,0
70.89,3036.61,0
70.895,-13434.01,0
70.9,-13434.01,0
70.905,2177.44,0
70.91,2951.34,0
70.915,-14486.04,0
70.92,-14471.89,0
70.925,-14471.89,0
70.93,-14471.89,0
70.935,-14471.89,0
70.94,-13840.0,0
70.945,3104.03,0
70.95,-14258.04,0
70.955,-14258.04,0
70.96,-14258.04,0
70.965,-13402.41,0
70.97,-14120.73,0
70.975,-14120.73,0
70.98,-13617.59,0
70.985,-13617.59,0
70.99,-13617.59,0
70.995,-13617.59,0
71.0,-13495.64,0
71.005,-13495.64,0
71.01,-14487.7,0
71.015,-13808.91,0
71.02,-13909.8,0
71.025,-13790.89,0
71.03,-13790.89,0
71.035,-12827.71,0
71.04,-12827.71,0
71.045,-12827.71,0
71.05,-12523.32,0
71.055,-12616.25,0
71.06,-12713.45,0
71.065,-12713.45,0
71.07,-12713.45,0
71.075,-12713.45,0
71.08,-12572.17,0
71.085,-12990.77,0
71.09,-12990.77,0
71.095,-12762.44,0
71.1,-13009.63,0
71.105,-12215.98,0
71.11,-12693.94,0
71.115,-11952.24,0
71.12,-11952.24,0
71.125,-12404.98,0
71.13,-12036.02,0
71.135,-12138.98,0
71.14,-12138.98,0
71.145,-12138.98,0
71.15,-11733.01,0
71.155,-11733.01,0
71.16,-12090.71,0
71.165,-14487.07,0
71.17,-11393.89,0
71.175,-11393.89,0
71.18,-11393.89,0
71.185,-11496.26,0
71.19,-11496.26,0
71.195,-12141.61,0
71.2,-12141.61,0
71.205,-11997.23,0
71.21,-11997.23,0
71.215,-11997.23,0
71.22,-11997.23,0
71.225,-11817.36,0
71.23,-11817.36,0
71.235,-11499.74,0
71.24,-11499.74,0
71.245,-10628.87,0
71.25,-11261.57,0
71.255,-10628.87,0
71.26,-10628.87,0
71.265,-12797.22,0
71.27,-10628.87,0
71.275,-10124.25,0
71.28,-9692.28,0
71.285,-11394.6,0
71.29,-9803.83,0
71.295,-9803.83,0
71.3,-10070.44,0
71.305,-10070.44,0
71.31,-10884.75,0
71.315,-10884.75,0
71.32,-11454.17,0
71.325,-10070.44,0
71.33,-11164.18,0
71.335,-11164.18,0
71.34,-11512.67,0
71.345,-11512.67,0
71.35,-11726.83,0
71.355,-11866.44,0
71.36,-12359.36,0
71.365,-12359.36,0
71.37,-12750.72,0
71.375,-12750.72,0
71.38,-12458.1,0
71.385,-12458.1,0
71.39,-12458.1,0
71.395,-12195.9,0
71.4,-12533.23,0
71.405,-12533.23,0
71.41,-12533.23,0
71.415,-12752.66,0
71.42,-12752.66,0
71.425,-12572.77,0
71.43,-12572.77,0
71.435,-12377.4,0
71.44,-12752.66,0
71.445,-9917.31,0
71.45,-12377.4,0
71.455,-12841.97,0
71.46,-12841.97,0
71.465,-12123.05,0
71.47,-12123.05,0
71.475,-10724.93,0
71.48,-11499.77,0
71.485,-9806.5,0
71.49,-11541.29,0
71.495,-10582.15,0
71.5,-10582.15,0
71.505,-10821.71,0
71.51,-10821.71,0
71.515,-12555.09,0
71.52,-10413.84,0
71.525,-10413.84,0
71.53,-10413.84,0
71.535,-10413.84,0
71.54,-10413.84,0
71.545,-12095.79,0
71.55,-12447.52,0
71.555,-12447.52,0
71.56,-12447.52,0
71.565,-11529.66,0
71.57,-11694.66,0
71.575,-10903.17,0
71.58,-10903.17,0
71.585,-10562.8,0
71.59,-11042.48,0
71.595,-11042.48,0
71.6,-11049.86,0
71.605,-11049.86,0
71.61,-11389.42,0
71.615,-11389.42,0
71.62,-10369.3,0
71.625,-10369.3,0
71.63,-3578.04,0
71.635,-3578.04,0
71.64,-3578.04,0
71.645,-3578.04,0
71.65,-3089.83,0
71.655,-3089.83,0
71.66,-3322.69,0
71.665,-3322.69,0
71.67,-3156.56,0
71.675,-3211.25,0
71.68,-3194.34,0
71.685,-3194.34,0
71.69,-2759.07,0
71.695,-2759.07,0
71.7,-2282.23,0
71.705,-2759.07,0
71.71,-11042.33,0
71.715,-1817.73,0
71.72,-1817.73,0
71.725,-1817.73,0
71.73,-2546.99,0
71.735,-10878.4,0
71.74,-2546.99,0
71.745,-2546.99,0
71.75,-2870.8,0
71.755,-2870.8,0
71.76,-2870.8,0
71.765,-2546.29,0
71.77,-2546.29,0
71.775,-2546.29,0
71.78,-1649.36,0
71.785,-1649.36,0
71.79,-10101.36,0
71.795,-1649.36,0
71.8,-1649.36,0
71.805,-985.8,0
71.81,-985.8,0
71.815,-985.8,0
71.82,-853.45,0
71.825,-853.45,0
71.83,-1266.3,0
71.835,-1266.3,0
71.84,-1517.18,0
71.845,-1569.04,0
71.85,-1569.04,0
71.855,-1533.75,0
71.86,-2546.33,0
71.865,-1727.95,0
71.87,-2734.02,0
71.875,-3375.1,0
71.88,-3375.1,0
71.885,-3692.67,0
71.89,-3692.67,0
71.895,-3689.42,0
71.9,-3689.42,0
71.905,-4314.07,0
71.91,-4314.07,0
71.915,-2444.0,0
71.92,-4053.02,0
71.925,-4053.02,0
71.93,-3809.92,0
71.935,-3495.36,0
71.94,-3495.36,0
71.945,-3461.67,0
71.95,-3461.67,0
71.955,-3461.67,0
71.96,-2697.41,0
71.965,-3848.14,0
71.97,-3848.14,0
71.975,-3848.14,0
71.98,-3848.14,0
71.985,-3762.51,0
71.99,-3762.51,0
71.995,-3306.1,0
72.0,-3306.1,0
72.005,-3672.99,0
72.01,-3306.1,0
72.015,-2810.1,0
72.02,-3762.51,0
72.025,-2572.18,0
72.03,-3495.37,0
72.035,-2088.46,0
72.04,-3963.81,0
72.045,-1711.7,0
72.05,-1711.7,0
72.055,-3566.08,0
72.06,-4064.58,0
72.065,-1711.7,0
72.07,-1711.7,0
72.075,-1711.7,0
72.08,-1711.7,0
72.085,-1711.7,0
72.09,-1778.25,0
72.095,-1961.75,0
72.1,-1961.75,0
72.105,-1961.75,0
72.11,-2302.75,0
72.115,-2302.75,0
72.12,-2073.87,0
72.125,-2073.87,0
72.13,-2073.87,0
72.135,-2286.13,0
72.14,-2286.13,0
72.145,-1778.26,0
72.15,-2563.85,0
72.155,-2903.94,0
72.16,-2563.85,0
72.165,-2848.2,0
72.17,-2848.2,0
72.175,-2848.2,0
72.18,-2611.73,0
72.185,-1904.18,0
72.19,-1904.18,0
72.195,-2503.99,0
72.2,-2503.99,0
72.205,-2448.97,0
72.21,-2448.97,0
72.215,-2287.2,0
72.22,-2676.05,0
72.225,-2287.2,0
72.23,-2287.2,0
72.235,-2870.99,0
72.24,-2870.99,0
72.245,-2581.99,0
72.25,-2870.99,0
72.255,-3243.26,0
72.26,-3243.26,0
72.265,-3243.26,0
72.27,-1724.69,0
72.275,-3043.28,0
72.28,-2893.96,0
72.285,-2454.39,0
72.29,-2454.39,0
72.295,-2454.39,0
72.3,-2606.72,0
72.305,-2606.72,0
72.31,-3271.75,0
72.315,-2506.47,0
72.32,-2123.91,0
72.325,-2336.9,0
72.33,-2336.9,0
72.335,-2367.34,0
72.34,-2367.34,0
72.345,-2367.34,0
72.35,-2045.75,0
72.355,-2868.14,0
72.36,-2868.14,0
72.365,-3073.08,0
72.37,-2575.73,0
72.375,-3073.08,0
72.38,-3073.08,0
72.385,-3073.08,0
72.39,-3073.08,0
72.395,-3073.08,0
72.4,-2823.06,0
72.405,-2083.11,0
72.41,-2083.11,0
72.415,-2083.11,0
72.42,-2083.11,0
72.425,-2099.24,0
72.43,-2099.24,0
72.435,-2099.24,0
72.44,-2415.57,0
72.445,-2435.16,0
72.45,-1568.29,0
72.455,-1568.29,0
72.46,-2057.54,0
72.465,6540.89,0
72.47,6330.27,0
72.475,6330.27,0
72.48,6099.13,0
72.485,6099.13,0
72.49,5785.42,0
72.495,5785.42,0
72.5,5077.06,0
72.505,5077.06,0
72.51,5077.06,0
72.515,5077.06,0
72.52,5077.06,0
72.525,5077.06,0
72.53,6330.27,0
72.535,4824.95,0
72.54,4220.63,0
72.545,4220.63,0
72.55,3986.05,0
72.555,3986.05,0
72.56,3986.05,0
72.565,4220.63,0
72.57,3037.92,0
72.575,3037.92,0
72.58,3040.14,0
72.585,3040.14,0
72.59,2570.1,0
72.595,2495.91,0
72.6,6490.23,0
72.605,2495.91,0
72.61,2495.91,0
72.615,2495.91,0
72.62,2686.7,0
72.625,2686.7,0
72.63,2676.97,0
72.635,2250.13,0
72.64,2250.13,0
72.645,2511.14,0
72.65,2511.14,0
72.655,2511.14,0
72.66,2511.14,0
72.665,4835.46,0
72.67,2562.68,0
72.675,2195.81,0
72.68,2195.81,0
72.685,2209.84,0
72.69,2209.84,0
72.695,4694.43,0
72.7,2769.11,0
72.705,2769.11,0
72.71,2769.11,0
72.715,2809.03,0
72.72,2809.03,0
72.725,3371.01,0
72.73,3371.01,0
72.735,4273.36,0
72.74,4273.36,0
72.745,4398.43,0
72.75,4398.43,0
72.755,4274.45,0
72.76,4274.45,0
72.765,4117.8,0
72.77,4117.8,0
72.775,4687.09,0
72.78,4687.09,0
72.785,5314.5,0
72.79,5314.5,0
72.795,4992.49,0
72.8,4992.49,0
72.805,5302.68,0
72.81,5302.68,0
72.815,5265.19,0
72.82,5940.83,0
72.825,5940.83,0
72.83,5940.83,0
72.835,6437.82,0
72.84,6437.82,0
72.845,6420.45,0
72.85,3937.61,0
72.855,6761.0,0
72.86,6761.0,0
72.865,6640.96,0
72.87,7168.42,0
72.875,5265.19,0
72.88,7168.42,0
72.885,7168.42,0
72.89,7662.25,0
72.895,7662.25,0
72.9,7662.25,0
72.905,7536.57,0
72.91,7536.57,0
72.915,7361.74,0
72.92,7361.74,0
72.925,7361.74,0
72.93,7361.74,0
72.935,7455.58,0
72.94,7455.58,0
72.945,7398.57,0
72.95,8034.15,0
72.955,7466.14,0
72.96,8186.92,0
72.965,8186.92,0
72.97,7398.57,0
72.975,5151.22,0
72.98,8789.86,0
72.985,8789.86,0
72.99,8400.87,0
72.995,8400.87,0
73.0,8861.46,0
73.005,8861.46,0
73.01,7581.37,0
73.015,9214.85,0
73.02,7729.91,0
73.025,9214.85,0
73.03,7980.22,0
73.035,7980.22,0
73.04,7921.81,0
73.045,7581.34,0
73.05,7108.85,0
73.055,7108.85,0
73.06,7884.54,0
73.065,7108.85,0
73.07,7878.77,0
73.075,7878.77,0
73.08,7342.83,0
73.085,7342.83,0
73.09,7342.83,0
73.095,8188.98,0
73.1,7469.34,0
73.105,7469.34,0
73.11,7697.19,0
73.115,7697.19,0
73.12,7685.51,0
73.125,7685.51,0
73.13,7685.51,0
73.135,7867.08,0
73.14,7867.08,0
73.145,7591.47,0
73.15,7867.08,0
73.155,7867.08,0
73.16,7867.08,0
73.165,6598.36,0
73.17,7014.45,0
73.175,7014.45,0
73.18,7014.45,0
73.185,7094.62,0
73.19,6670.97,0
73.195,7094.62,0
73.2,6860.02,0
73.205,6860.02,0
73.21,7142.02,0
73.215,7142.02,0
73.22,6879.74,0
73.225,6879.74,0
73.23,6559.65,0
73.235,6559.65,0
73.24,6559.65,0
73.245,6559.65,0
73.25,7187.28,0
73.255,8876.46,0
73.26,7671.66,0
73.265,7671.66,0
73.27,6879.74,0
73.275,6427.23,0
73.28,14368.21,0
73.285,14368.21,0
73.29,14368.21,0
73.295,14368.21,0
73.3,14368.21,0
73.305,14368.21,0
73.31,14943.89,0
73.315,14943.89,0
73.32,14982.28,0
73.325,14982.28,0
73.33,14982.28,0
73.335,14982.28,0
73.34,14740.1,0
73.345,14740.1,0
73.35,14578.65,0
73.355,14578.65,0
73.36,13812.6,0
73.365,14847.66,0
73.37,14847.66,0
73.375,14847.66,0
73.38,14847.66,0
73.385,15679.46,0
73.39,15679.46,0
73.395,15558.13,0
73.4,15558.13,0
73.405,15077.79,0
73.41,14720.57,0
73.415,14720.57,0
73.42,15291.61,0
73.425,14720.57,0
73.43,14720.57,0
73.435,15094.5,0
73.44,15119.49,0
73.445,15119.49,0
73.45,14832.92,0
73.455,14832.92,0
73.46,13990.16,0
73.465,13990.16,0
73.47,13642.34,0
73.475,13642.34,0
73.48,13642.34,0
73.485,13589.34,0
73.49,15196.67,0
73.495,14607.03,0
73.5,13277.93,0
73.505,13642.34,0
73.51,15556.31,0
73.515,13649.65,0
73.52,13649.65,0
73.525,14220.36,0
73.53,14417.3,0
73.535,14300.28,0
73.54,13757.98,0
73.545,13757.98,0
73.55,15191.39,0
73.555,13348.34,0
73.56,12281.09,0
73.565,15559.71,0
73.57,14687.3,0
73.575,11996.17,0
73.58,11996.17,0
73.585,11681.59,0
73.59,11681.59,0
73.595,15106.87,0
73.6,11681.59,0
73.605,11681.59,0
73.61,11681.59,0
73.615,11114.66,0
73.62,11592.57,0
73.625,11592.57,0
73.63,11094.65,0
73.635,11094.65,0
73.64,11094.65,0
73.645,11094.65,0
73.65,11094.65,0
73.655,11640.89,0
73.66,11640.89,0
73.665,12061.1,0
73.67,12061.1,0
73.675,11497.13,0
73.68,11860.86,0
73.685,11354.54,0
73.69,11354.54,0
73.695,11326.35,0
73.7,11187.21,0
73.705,11157.39,0
73.71,11157.39,0
73.715,10813.13,0
73.72,10813.13,0
73.725,10874.54,0
73.73,10874.54,0
73.735,10874.54,0
73.74,10874.54,0
73.745,10684.25,0
73.75,10684.25,0
73.755,10788.0,0
73.76,10788.0,0
73.765,10800.61,0
73.77,11243.66,0
73.775,10820.51,0
73.78,10820.51,0
73.785,10901.56,0
73.79,10901.56,0
73.795,10830.93,0
73.8,11637.62,0
73.805,11637.62,0
73.81,11637.62,0
73.815,11637.62,0
73.82,11637.62,0
73.825,11191.32,0
73.83,11193.11,0
73.835,11094.19,0
73.84,11094.19,0
73.845,1027.01,0
73.85,11094.19,0
73.855,11303.47,0
73.86,11303.47,0
73.865,11419.46,0
73.87,11419.46,0
73.875,11419.46,0
73.88,11419.46,0
73.885,11314.07,0
73.89,11314.07,0
73.895,10352.43,0
73.9,10352.43,0
73.905,9835.92,0
73.91,11423.85,0
73.915,10184.62,0
73.92,10184.62,0
73.925,10525.32,0
73.93,10525.32,0
73.935,10663.57,0
73.94,9753.02,0
73.945,9753.02,0
73.95,9352.83,0
73.955,9352.83,0
73.96,9710.48,0
73.965,9710.48,0
73.97,10663.57,0
73.975,9536.1,0
73.98,9412.44,0
73.985,9412.44,0
73.99,9867.78,0
73.995,9867.78,0
74.0,9554.47,0
74.005,9554.47,0
74.01,9554.47,0
74.015,9554.47,0
74.02,9554.47,0
74.025,9554.47,0
74.03,9552.39,0
74.035,9552.39,0
74.04,9759.98,0
74.045,8740.24,0
74.05,8443.79,0
74.055,8443.79,0
74.06,8443.79,0
74.065,8684.89,0
74.07,9552.39,0
74.075,8916.02,0
74.08,12669.94,0
74.085,12669.94,0
74.09,12669.94,0
74.095,12669.94,0
74.1,8769.82,0
74.105,12598.3,0
74.11,13098.76,0
74.115,13098.76,0
74.12,13201.81,0
74.125,13201.81,0
74.13,13201.81,0
74.135,9227.28,0
74.14,8443.81,0
74.145,9290.97,0
74.15,13039.27,0
74.155,12337.36,0
74.16,12908.91,0
74.165,12908.91,0
74.17,12908.91,0
74.175,12908.91,0
74.18,13324.46,0
74.185,13324.46,0
74.19,13324.46,0
74.195,12968.4,0
74.2,8535.97,0
74.205,13132.94,0
74.21,12947.55,0
74.215,12947.55,0
74.22,12947.55,0
74.225,13994.62,0
74.23,13994.62,0
74.235,14611.22,0
74.24,14611.22,0
74.245,14658.54,0
74.25,14658.54,0
74.255,14878.46,0
74.26,14878.46,0
74.265,14878.46,0
74.27,14561.45,0
74.275,14561.45,0
74.28,14651.58,0
74.285,14651.58,0
74.29,14651.58,0
74.295,15089.96,0
74.3,14469.99,0
74.305,14469.99,0
74.31,14469.99,0
74.315,14902.08,0
74.32,14651.58,0
74.325,15007.07,0
74.33,14693.02,0
74.335,14693.02,0
74.34,14519.83,0
74.345,14312.13,0
74.35,13001.96,0
74.355,14659.79,0
74.36,14659.79,0
74.365,14238.07,0
74.37,14238.07,0
74.375,13979.22,0
74.38,13979.22,0
74.385,13979.22,0
74.39,13979.22,0
74.395,14481.6,0
74.4,14864.76,0
74.405,14298.79,0
74.41,14298.79,0
74.415,14006.99,0
74.42,13315.2,0
74.425,14312.15,0
74.43,13315.2,0
74.435,13315.2,0
74.44,12193.86,0
74.445,12193.86,0
74.45,12786.98,0
74.455,12786.98,0
74.46,13314.91,0
74.465,13314.91,0
74.47,13080.05,0
74.475,13133.57,0
74.48,13133.57,0
74.485,13133.57,0
74.49,12757.25,0
74.495,12757.25,0
74.5,12757.25,0
74.505,12705.43,0
74.51,12705.43,0
74.515,12757.25,0
74.52,12973.99,0
74.525,12777.34,0
74.53,12777.34,0
74.535,14409.87,0
74.54,11730.12,0
74.545,11730.12,0
74.55,11748.45,0
74.555,11748.45,0
74.56,11935.12,0
74.565,11935.12,0
74.57,11935.12,0
74.575,11726.1,0
74.58,11726.1,0
74.585,11362.75,0
74.59,11362.75,0
74.595,11093.55,0
74.6,11093.55,0
74.605,11935.12,0
74.61,11584.38,0
74.615,11584.38,0
74.62,13270.49,0
74.625,11347.75,0
74.63,11347.75,0
74.635,11347.75,0
74.64,11347.75,0
74.645,11154.93,0
74.65,11154.93,0
74.655,10110.71,0
74.66,10110.71,0
74.665,10376.23,0
74.67,10376.23,0
74.675,10240.07,0
74.68,11840.32,0
74.685,10441.08,0
74.69,10441.08,0
74.695,10831.74,0
74.7,10831.74,0
74.705,10831.74,0
74.71,11736.64,0
74.715,11736.64,0
74.72,11776.95,0
74.725,11776.95,0
74.73,11776.95,0
74.735,10584.66,0
74.74,11776.95,0
74.745,11916.77,0
74.75,10012.21,0
74.755,11870.91,0
74.76,11870.91,0
74.765,11870.91,0
74.77,11870.91,0
74.775,11537.07,0
74.78,11537.07,0
74.785,11893.88,0
74.79,11893.88,0
74.795,12024.54,0
74.8,12511.85,0
74.805,12511.85,0
74.81,12511.85,0
74.815,12910.19,0
74.82,13075.77,0
74.825,13075.77,0
74.83,13265.22,0
74.835,13265.22,0
74.84,13224.43,0
74.845,13224.43,0
74.85,13224.43,0
74.855,11871.49,0
74.86,12352.79,0
74.865,12172.67,0
74.87,12172.67,0
74.875,12172.67,0
74.88,13110.35,0
74.885,13110.35,0
74.89,12404.51,0
74.895,12404.51,0
74.9,12404.51,0
74.905,-1530.43,0
74.91,-1530.43,0
74.915,1091.87,0
74.92,11568.97,0
74.925,-1797.28,0
74.93,13314.32,0
74.935,-2368.58,0
74.94,-2368.58,0
74.945,-2184.74,0
74.95,5540.38,0
74.955,-2184.74,0
74.96,-2184.74,0
74.965,-2411.55,0
74.97,-1370.08,0
74.975,-1370.08,0
74.98,-1370.08,0
74.985,-1370.08,0
74.99,6733.13,0
74.995,12171.62,0
75.0,-2127.41,0
75.005,-2305.74,0
75.01,-1432.36,0
75.015,-1432.36,0
75.02,-1773.0,0
75.025,-1773.0,0
75.03,-2132.82,0
75.035,-1773.0,0
75.04,-2132.82,0
75.045,-2644.78,0
75.05,-2135.04,0
75.055,-2135.04,0
75.06,-2841.15,0
75.065,-2841.15,0
75.07,-2479.99,0
75.075,-2479.99,0
75.08,-2479.99,0
75.085,-2479.99,0
75.09,-2479.99,0
75.095,-2479.99,0
75.1,-3005.28,0
75.105,-3005.28,0
75.11,-3979.54,0
75.115,-3979.54,0
75.12,-4073.95,0
75.125,-4073.95,0
75.13,-4685.72,0
75.135,-4685.72,0
75.14,-5366.29,0
75.145,-5366.29,0
75.15,-5739.71,0
75.155,-5739.71,0
75.16,-4993.72,0
75.165,-4993.72,0
75.17,-4458.65,0
75.175,-4458.65,0
75.18,-3686.13,0
75.185,-3686.13,0
75.19,-3229.09,0
75.195,-3229.09,0
75.2,-3229.09,0
75.205,-3229.09,0
75.21,-2659.71,0
75.215,-3141.84,0
75.22,-3153.8,0
75.225,-3409.35,0
75.23,-3409.35,0
75.235,-3409.35,0
75.24,-5124.3,0
75.245,-2543.3,0
75.25,-3359.78,0
75.255,-3927.61,0
75.26,-3927.61,0
75.265,-3927.61,0
75.27,-3927.61,0
75.275,-3904.69,0
75.28,-3904.69,0
75.285,-3587.58,0
75.29,-3587.58,0
75.295,-3929.2,0
75.3,-3929.2,0
75.305,-3488.5,0
75.31,-3488.5,0
75.315,-4424.89,0
75.32,-4424.89,0
75.325,-4424.89,0
75.33,-4424.89,0
75.335,-4702.37,0
75.34,-4702.37,0
75.345,-4266.72,0
75.35,-4132.1,0
75.355,-4504.04,1
75.36,-4819.31,0
75.365,-4819.31,0
75.37,-5006.5,0
75.375,-5006.5,0
75.38,-5496.9,0
75.385,-5496.9,0
75.39,-5719.15,0
75.395,-4702.37,0
75.4,-5719.15,0
75.405,-3929.12,0
75.41,-5719.15,0
75.415,-5719.15,0
75.42,-5789.53,0
75.425,-5789.53,0
75.43,-5543.94,0
75.435,-5687.33,0
75.44,-4769.84,0
75.445,-5913.18,0
75.45,-5744.05,0
75.455,-5744.05,0
75.46,-5744.05,0
75.465,-5664.09,0
75.47,-5664.09,0
75.475,-5664.09,0
75.48,-5664.09,0
75.485,-4653.84,0
75.49,-5712.21,0
75.495,-6517.98,0
75.5,-6517.98,0
75.505,-5675.26,0
75.51,-5053.99,0
75.515,-7562.7,0
75.52,-7562.7,0
75.525,-7595.54,0
75.53,-7595.54,0
75.535,-6953.69,0
75.54,-6953.69,0
75.545,-6953.69,0
75.55,-6953.69,0
75.555,-6311.71,0
75.56,-5426.4,0
75.565,-6907.93,0
75.57,-6907.93,0
75.575,-6907.93,0
75.58,-6907.93,0
75.585,-6330.9,0
75.59,-6330.9,0
75.595,-5740.45,0
75.6,-7196.07,0
75.605,-7196.07,0
75.61,-6500.71,0
75.615,-6797.31,0
75.62,-6842.81,0
75.625,-6842.81,0
75.63,-6608.85,0
75.635,-6695.39,0
75.64,-6977.73,0
75.645,-6907.95,0
75.65,-6977.73,0
75.655,-7160.25,0
75.66,-7160.25,0
75.665,-7545.36,0
75.67,-7054.21,0
75.675,-6667.64,0
75.68,-6667.64,0
75.685,-7041.28,0
75.69,-7041.28,0
75.695,-7041.28,0
75.7,-6828.55,0
75.705,-7181.86,0
75.71,-7181.86,0
75.715,-7455.37,0
75.72,-7455.37,0
75.725,-7964.17,0
75.73,-7964.17,0
75.735,-7883.45,0
75.74,-7883.45,0
75.745,-7858.44,0
75.75,-7858.44,0
75.755,-8366.59,0
75.76,-9312.92,0
75.765,-9312.92,0
75.77,-9017.38,0
75.775,-9017.38,0
75.78,-8353.75,0
75.785,-8353.75,0
75.79,-8353.75,0
75.795,-8536.79,0
75.8,-8536.79,0
75.805,-8536.79,0
75.81,-8536.79,0
75.815,-9014.32,0
75.82,-9014.32,0
75.825,-9014.32,0
75.83,-8096.55,0
75.835,-8096.55,0
75.84,-8096.55,0
75.845,-8693.63,0
75.85,-8693.63,0
75.855,-8693.63,0
75.86,-8693.63,0
75.865,-8693.63,0
75.87,-8693.63,0
75.875,-8573.33,0
75.88,-8157.6,0
75.885,-7627.82,0
75.89,-7483.35,0
75.895,-7483.35,0
75.9,-7483.35,0
75.905,-7483.35,0
75.91,-7238.35,0
75.915,-8824.36,0
75.92,-7741.05,0
75.925,-7741.05,0
75.93,-8590.17,0
75.935,-8590.17,0
75.94,-8929.02,0
75.945,-8929.02,0
75.95,-8855.62,0
75.955,-8855.62,0
75.96,-8023.81,0
75.965,-8023.81,0
75.97,-8201.42,0
75.975,-8201.42,0
75.98,-9141.0,0
75.985,-9141.0,0
75.99,-9141.0,0
75.995,-9141.0,0
76.0,-9628.85,0
76.005,-9628.85,0
76.01,-9740.89,0
76.015,-9740.89,0
76.02,-9740.89,0
76.025,-9740.89,0
76.03,-9255.58,0
76.035,-9255.58,0
76.04,-8746.59,0
76.045,-8746.59,0
76.05,-9282.24,0
76.055,-9282.24,0
76.06,-9282.24,0
76.065,-9282.24,0
76.07,-9639.75,0
76.075,-8741.4,0
76.08,-8741.4,0
76.085,-8783.26,0
76.09,-8783.26,0
76.095,-9572.35,0
76.1,-9572.35,0
76.105,-9174.79,0
76.11,-9174.79,0
76.115,-9174.79,0
76.12,-9174.79,0
76.125,-8735.87,0
76.13,-8735.87,0
76.135,-8735.87,0
76.14,-8796.82,0
76.145,-8796.82,0
76.15,-8589.95,0
76.155,-8865.4,0
76.16,-9351.62,0
76.165,-9351.62,0
76.17,-9351.62,0
76.175,-9351.62,0
76.18,-9351.62,0
76.185,-8677.43,0
76.19,-9558.81,0
76.195,-9558.81,0
76.2,-9136.01,0
76.205,-9136.01,0
76.21,-9290.38,0
76.215,-9072.1,0
76.22,-9290.38,0
76.225,-9290.38,0
76.23,-9042.84,0
76.235,-8815.29,0
76.24,-9440.92,0
76.245,-8815.29,0
76.25,-9012.44,0
76.255,-9944.02,0
76.26,-9944.02,0
76.265,-8819.31,0
76.27,-10193.53,0
76.275,-10193.53,0
76.28,-9944.02,0
76.285,-8727.59,0
76.29,-10891.36,0
76.295,-9980.53,0
76.3,-10893.9,0
76.305,-8815.28,0
76.31,-10882.94,0
76.315,-8728.32,0
76.32,-10890.06,0
76.325,-10890.06,0
76.33,-10820.92,0
76.335,-10820.92,0
76.34,-10823.89,0
76.345,-10823.89,0
76.35,-10042.25,0
76.355,-10042.25,0
76.36,-10175.12,0
76.365,-10175.12,0
76.37,-10311.14,0
76.375,-10311.14,0
76.38,-10617.06,0
76.385,-10465.18,0
76.39,-10465.18,0
76.395,-9527.58,0
76.4,-10140.96,0
76.405,-10311.14,0
76.41,-10140.96,0
76.415,-10140.96,0
76.42,-10381.24,0
76.425,-10553.37,0
76.43,-10461.46,0
76.435,-10835.45,0
76.44,-10360.3,0
76.445,-10360.3,0
76.45,-9908.48,0
76.455,-9908.48,0
76.46,-9924.48,0
76.465,-9924.48,0
76.47,-11112.69,0
76.475,-11205.29,0
76.48,-11205.29,0
76.485,-11205.29,0
76.49,-11205.29,0
76.495,-11205.29,0
76.5,-10654.58,0
76.505,-10638.5,0
76.51,-10768.96,0
76.515,-10768.96,0
76.52,-11771.19,0
76.525,-11771.19,0
76.53,-12035.33,0
76.535,-12035.33,0
76.54,-10853.2,0
76.545,-10853.2,0
76.55,-919.63,0
76.555,-12035.33,0
76.56,-430.84,0
76.565,-284.41,0
76.57,-284.41,0
76.575,-284.41,0
76.58,-91.11,0
76.585,-91.11,0
76.59,381.11,0
76.595,505.2,0
76.6,505.2,0
76.605,-11230.7,0
76.61,514.82,0
76.615,514.82,0
76.62,418.81,0
76.625,418.81,0
76.63,174.28,0
76.635,174.28,0
76.64,-610.17,0
76.645,-610.17,0
76.65,-610.17,0
76.655,-610.17,0
76.66,-1393.7,0
76.665,-1393.7,0
76.67,-1881.54,0
76.675,-1881.54,0
76.68,-1220.77,0
76.685,-1220.77,0
76.69,-1082.43,0
76.695,-1082.43,0
76.7,-1082.43,0
76.705,-754.35,0
76.71,-754.35,0
76.715,-11234.72,0
76.72,-289.49,0
76.725,-289.49,0
76.73,-214.53,0
76.735,-214.53,0
76.74,392.16,0
76.745,-21.91,0
76.75,399.15,0
76.755,399.15,0
76.76,549.29,0
76.765,549.29,0
76.77,549.29,0
76.775,351.49,0
76.78,351.49,0
76.785,-226.27,0
76.79,223.11,0
76.795,484.48,0
76.8,484.48,0
76.805,652.51,0
76.81,652.51,0
76.815,626.71,0
76.82,626.71,0
76.825,626.71,0
76.83,-683.17,0
76.835,-1060.97,0
76.84,-1060.97,0
76.845,-1060.97,0
76.85,-1070.77,0
76.855,-1070.77,0
76.86,-1070.77,0
76.865,-832.4,0
76.87,-832.4,0
76.875,-1959.27,0
76.88,-1959.27,0
76.885,-1917.85,0
76.89,-1917.85,0
76.895,-1917.85,0
76.9,-1917.85,0
76.905,-1935.89,0
76.91,-1935.89,0
76.915,-1935.89,0
76.92,-2348.68,0
76.925,-2348.68,0
76.93,-2812.55,0
76.935,-2812.55,0
76.94,-2579.93,0
76.945,-2579.93,0
76.95,-2270.15,0
76.955,-2270.15,0
76.96,-2487.79,0
76.965,-2487.79,0
76.97,-2657.93,0
76.975,-2657.93,0
76.98,-2493.8,0
76.985,-2107.95,0
76.99,-2107.95,0
76.995,-2107.95,0
77.0,-2762.34,0
77.005,-1749.2,0
77.01,-1861.32,0
77.015,-1925.39,0
77.02,-1918.04,0
77.025,-1965.69,0
77.03,-1965.69,0
77.035,-1965.69,0
77.04,-1965.69,0
77.045,-1975.65,0
77.05,-1975.65,0
77.055,-1928.78,0
77.06,-1928.78,0
77.065,-1962.7,0
77.07,-1962.7,0
77.075,-1901.03,0
77.08,-1901.03,0
77.085,-1960.79,0
77.09,-1960.79,0
77.095,-1934.11,0
77.1,-1934.11,0
77.105,-1957.65,0
77.11,-1957.65,0
77.115,-1958.45,0
77.12,-1958.45,0
77.125,-1931.76,0
77.13,-1931.76,0
77.135,-1898.99,0
77.14,-1931.76,0
77.145,-1957.38,0
77.15,-1957.38,0
77.155,-1926.89,0
77.16,-1926.89,0
77.165,-1926.89,0
77.17,-1941.7,0
77.175,-1941.7,0
77.18,-1940.75,0
77.185,-1940.75,0
77.19,-1957.48,0
77.195,-1957.48,0
77.2,-1933.33,0
77.205,-1933.33,0
77.21,-1931.65,0
77.215,-1948.67,0
77.22,-1948.67,0
77.225,-1948.67,0
77.23,-1940.82,0
77.235,-1969.84,0
77.24,-1936.72,0
77.245,-1936.72,0
77.25,-1955.49,0
77.255,-1955.49,0
77.26,-1955.49,0
77.265,-1955.49,0
77.27,-1958.2,0
77.275,-1958.2,0
77.28,-1940.32,0
77.285,-1940.32,0
77.29,-1948.24,0
77.295,-1948.24,0
77.3,-1940.61,0
77.305,-1940.61,0
77.31,-1957.75,0
77.315,-1943.28,0
77.32,-1943.28,0
77.325,-1943.28,0
77.33,-1925.36,0
77.335,-1954.88,0
77.34,-1945.65,0
77.345,-1945.65,0
77.35,-1945.65,0
77.355,-1943.28,0
77.36,-1945.65,0
77.365,-1946.22,0
77.37,-23.95,0
77.375,-15.49,0
77.38,-15.49,0
77.385,19.16,0
77.39,19.16,0
77.395,19.16,0
77.4,19.16,0
77.405,11.26,0
77.41,11.26,0
77.415,19.02,0
77.42,19.02,0
77.425,9.0,0
77.43,9.0,0
77.435,6.47,0
77.44,-1804.09,0
77.445,15.7,0
77.45,15.7,0
77.455,0.97,0
77.46,0.97,0
77.465,4.87,0
77.47,4.87,0
77.475,9.31,0
77.48,9.31,0
77.485,-0.37,0
77.49,-0.37,0
77.495,3.74,0
77.5,3.74,0
77.505,9.16,0
77.51,9.16,0
77.515,6.78,0
77.52,6.78,0
77.525,-0.89,0
77.53,-0.89,0
77.535,14.72,0
77.54,14.72,0
77.545,8.22,0
77.55,8.22,0
77.555,9.29,0
77.56,9.29,0
77.565,11.01,0
77.57,11.01,0
77.575,3.03,0
77.58,15.44,0
77.585,3.03,0
77.59,3.03,0
77.595,3.03,0
77.6,6.93,0
77.605,0.3,0
77.61,0.3,0
77.615,0.3,0
77.62,-0.6,0
77.625,-0.6,0
77.63,5.53,0
77.635,9.69,0
77.64,9.69,0
77.645,-1.39,0
77.65,-1.39,0
77.655,13.27,0
77.66,13.27,0
77.665,9.25,0
77.67,9.25,0
77.675,9.25,0
77.68,-1.13,0
77.685,10.88,0
77.69,10.88,0
77.695,10.88,0
77.7,4.24,0
77.705,4.24,0
77.71,5.53,0
77.715,6.99,0
77.72,6.99,0
77.725,6.99,0
77.73,-0.66,0
77.735,-0.66,0
77.74,6.99,0
77.745,0.06,0
77.75,6.83,0
77.755,6.83,0
77.76,6.83,0
77.765,6.83,0
77.77,-0.35,0
77.775,14.7,0
77.78,14.7,0
77.785,-0.24,0
77.79,4.7,0
77.795,8.1,0
77.8,8.1,0
77.805,8.1,0
77.81,8.1,0
77.815,9.83,0
77.82,9.83,0
77.825,9.83,0
77.83,2.27,0
77.835,9.17,0
77.84,9.17,0
77.845,9.17,0
77.85,9.17,0
77.855,1.09,0
77.86,1.09,0
77.865,1.72,0
77.87,1.72,0
77.875,1.72,0
77.88,5.44,0
77.885,5.44,0
77.89,1.83,0
77.895,16.11,0
77.9,16.11,0
77.905,1.91,0
77.91,1.91,0
77.915,1.91,0
77.92,2.39,0
77.925,9.28,0
77.93,1.72,0
77.935,12.23,0
77.94,12.23,0
77.945,1.72,0
77.95,2.1,0
77.955,8.81,0
77.96,9.35,0
77.965,-0.46,0
77.97,-0.46,0
77.975,-0.46,0
77.98,-0.46,0
77.985,1.85,0
77.99,1.85,0
77.995,9.79,0
78.0,9.79,0
78.005,9.79,0
78.01,-1.75,0
78.015,-1.75,0
78.02,15.69,0
78.025,15.69,0
78.03,15.69,0
78.035,15.69,0
78.04,6.06,0
78.045,6.06,0
78.05,6.06,0
78.055,8.63,0
78.06,10.27,0
78.065,3.3,0
78.07,3.3,0
78.075,3.97,0
78.08,3.97,0
78.085,3.97,0
78.09,6.5,0
78.095,6.5,0
78.1,1.05,0
78.105,1.05,0
78.11,1.73,0
78.115,1.73,0
78.12,6.28,0
78.125,6.28,0
78.13,9.08,0
78.135,-2.26,0
78.14,-2.26,0
78.145,15.01,0
78.15,15.01,0
78.155,9.48,0
78.16,3.26,0
78.165,3.26,0
78.17,11.44,0
78.175,11.44,0
78.18,11.44,0
78.185,11.44,0
78.19,16.79,0
78.195,14.66,0
78.2,14.66,0
78.205,14.66,0
78.21,0.73,0
78.215,0.73,0
78.22,0.73,0
78.225,6.5,0
78.23,7.73,0
78.235,7.73,0
78.24,15.37,0
78.245,11.44,0
78.25,-1.09,0
78.255,-1.09,0
78.26,-1.09,0
78.265,8.62,0
78.27,8.62,0
78.275,17.07,0
78.28,17.07,0
78.285,17.07,0
78.29,-4.45,0
78.295,-4.45,0
78.3,5.8,0
78.305,9.8,0
78.31,9.8,0
78.315,1.1,0
78.32,1.1,0
78.325,2.21,0
78.33,1.56,0
78.335,3.11,0
78.34,3.11,0
78.345,4.27,0
78.35,4.27,0
78.355,3.07,0
78.36,-4.15,0
78.365,-8.09,0
78.37,-8.09,0
78.375,3.2,0
78.38,10.2,0
78.385,10.2,0
78.39,10.2,0
78.395,10.2,0
78.4,10.2,0
78.405,10.2,0
78.41,10.2,0
78.415,11.22,0
78.42,11.22,0
78.425,11.22,0
78.43,2.76,0
78.435,7.83,0
78.44,1.52,0
78.445,13.01,0
78.45,8.41,0
78.455,-2.23,0
78.46,-4.92,0
78.465,-2.23,0
78.47,5.27,0
78.475,5.27,0
78.48,3.09,0
78.485,-3.44,0
78.49,-3.44,0
78.495,7.44,0
78.5,7.44,0
78.505,7.44,0
78.51,4.13,0
78.515,1.03,0
78.52,1.03,0
78.525,13.9,0
78.53,13.9,0
78.535,13.9,0
78.54,11.83,0
78.545,11.83,0
78.55,7.33,0
78.555,7.33,0
78.56,9.76,0
78.565,2.93,0
78.57,-2.07,0
78.575,-2.07,0
78.58,-2.07,0
78.585,-2.07,0
78.59,9.31,0
78.595,9.31,0
78.6,0.03,0
78.605,0.03,0
78.61,-6.88,0
78.615,-6.88,0
78.62,7.39,0
78.625,7.39,0
78.63,8.82,0
78.635,7.39,0
78.64,1.14,0
78.645,14.94,0
78.65,14.94,0
78.655,9.02,0
78.66,14.94,0
78.665,9.02,0
78.67,7.46,0
78.675,-0.29,0
78.68,14.78,0
78.685,-0.15,0
78.69,9.87,0
78.695,9.87,0
78.7,-2.42,0
78.705,4.21,0
78.71,8.48,0
78.715,3.79,0
78.72,2.38,0
78.725,2.38,0
78.73,14.6,0
78.735,14.6,0
78.74,-4.13,0
78.745,11.4,0
78.75,14.78,0
78.755,-0.87,0
78.76,-0.87,0
78.765,14.5,0
78.77,2.95,0
78.775,14.5,0
78.78,-1.87,0
78.785,10.59,0
78.79,7.66,0
78.795,7.66,0
78.8,7.66,0
78.805,7.66,0
78.81,13.8,0
78.815,13.8,0
78.82,-0.75,0
78.825,-0.75,0
78.83,1.98,0
78.835,1.98,0
78.84,3.84,0
78.845,3.84,0
78.85,3.84,0
78.855,3.84,0
78.86,-3.37,0
78.865,-1.83,0
78.87,11.35,0
78.875,0.59,0
78.88,0.59,0
78.885,-4.39,0
78.89,14.0,0
78.895,-1.57,0
78.9,-1.57,0
78.905,6.12,0
78.91,6.12,0
78.915,6.12,0
78.92,14.14,0
78.925,7.2,0
78.93,10.1,0
78.935,10.1,0
78.94,1.77,0
78.945,9.65,0
78.95,9.65,0
78.955,8.14,0
78.96,8.14,0
78.965,1.47,0
78.97,1.47,0
78.975,-2.03,0
78.98,-2.03,0
78.985,-2.03,0
78.99,-2.03,0
78.995,9.95,0
79.0,9.95,0
79.005,13.23,0
79.01,13.23,0
79.015,4.79,0
79.02,4.79,0
79.025,4.79,0
79.03,4.79,0
79.035,-3.29,0
79.04,-3.29,0
79.045,9.38,0
79.05,9.38,0
79.055,9.38,0
79.06,9.38,0
79.065,11.35,0
79.07,11.35,0
79.075,0.3,0
79.08,0.3,0
79.085,0.3,0
79.09,9.76,0
79.095,14.06,0
79.1,6.92,0
79.105,6.92,0
79.11,2.13,0
79.115,2.13,0
79.12,11.8,0
79.125,11.8,0
79.13,0.18,0
79.135,0.18,0
79.14,15.72,0
79.145,3.68,0
79.15,12.8,0
79.155,15.72,0
79.16,15.72,0
79.165,15.72,0
79.17,5.74,0
79.175,5.74,0
79.18,14.24,0
79.185,12.21,0
79.19,-1.92,0
79.195,-1.92,0
79.2,10.58,0
79.205,13.94,0
79.21,6.74,0
79.215,6.74,0
79.22,6.74,0
79.225,6.74,0
79.23,-3.56,0
79.235,-3.56,0
79.24,10.34,0
79.245,10.34,0
79.25,2.39,0
79.255,2.39,0
79.26,12.44,0
79.265,12.44,0
79.27,12.44,0
79.275,12.44,0
79.28,12.44,0
79.285,10.31,0
79.29,8.76,0
79.295,10.31,0
79.3,0.6,0
79.305,0.6,0
79.31,3.76,0
79.315,3.76,0
79.32,6.32,0
79.325,6.32,0
79.33,0.4,0
79.335,0.4,0
79.34,0.4,0
79.345,3.11,0
79.35,-2.93,0
79.355,-2.93,0
79.36,14.39,0
79.365,14.39,0
79.37,-0.91,0
79.375,-0.91,0
79.38,-0.91,0
79.385,10.86,0
79.39,10.86,0
79.395,10.86,0
79.4,9.25,0
79.405,9.25,0
79.41,9.25,0
79.415,3.68,0
79.42,10.58,0
79.425,7.91,0
79.43,7.91,0
79.435,0.82,0
79.44,0.82,0
79.445,0.82,0
79.45,1.6,0
79.455,1.6,0
79.46,1.6,0
79.465,4.87,0
79.47,4.87,0
79.475,4.87,0
79.48,8.95,0
79.485,8.95,0
79.49,13.25,0
79.495,13.25,0
79.5,8.01,0
79.505,8.01,0
79.51,8.62,0
79.515,8.62,0
79.52,12.13,0
79.525,12.13,0
79.53,12.13,0
79.535,5.94,0
79.54,5.94,0
79.545,-1.48,0
79.55,10.32,0
79.555,10.32,0
79.56,-3.87,0
79.565,12.52,0
79.57,-3.87,0
79.575,-3.87,0
79.58,-3.87,0
79.585,2.93,0
79.59,9.26,0
79.595,9.26,0
79.6,-2.23,0
79.605,-2.23,0
79.61,-2.23,0
79.615,-2.23,0
79.62,4.95,0
79.625,4.95,0
79.63,14.97,0
79.635,14.97,0
79.64,-6.91,0
79.645,-6.91,0
79.65,11.7,0
79.655,11.7,0
79.66,11.7,0
79.665,11.7,0
79.67,10.13,0
79.675,10.13,0
79.68,2.0,0
79.685,2.0,0
79.69,4.61,0
79.695,4.61,0
79.7,5.69,0
79.705,5.69,0
79.71,5.69,0
79.715,5.69,0
79.72,-1.99,0
79.725,14.15,0
79.73,14.15,0
79.735,14.15,0
79.74,-0.14,0
79.745,0.99,0
79.75,0.99,0
79.755,6.33,0
79.76,9.8,0
79.765,9.8,0
79.77,12.75,0
79.775,-0.19,0
79.78,-0.19,0
79.785,-0.19,0
79.79,13.01,0
79.795,13.01,0
79.8,-1.8,0
79.805,-1.8,0
79.81,0.75,0
79.815,0.75,0
79.82,0.75,0
79.825,-0.31,0
79.83,-0.31,0
79.835,6.56,0
79.84,6.56,0
79.845,-0.43,0
79.85,-0.43,0
79.855,15.36,0
79.86,15.36,0
79.865,15.36,0
79.87,15.36,0
79.875,8.27,0
79.88,8.27,0
79.885,7.38,0
79.89,7.38,0
79.895,7.38,0
79.9,13.3,0
79.905,13.3,0
79.91,1.61,0
79.915,1.61,0
79.92,1.61,0
79.925,1.61,0
79.93,1.61,0
79.935,12.28,0
79.94,-1.95,0
79.945,4.53,0
79.95,-1.35,0
79.955,4.67,0
79.96,5.03,0
79.965,10.82,0
79.97,10.82,0
79.975,10.82,0
79.98,-2.47,0
79.985,15.03,0
79.99,15.03,0
79.995,13.22,0
80.0,3.64,0
80.005,7.55,0
80.01,15.29,0
80.015,12.55,0
80.02,12.55,0
80.025,12.55,0
80.03,2.36,0
80.035,2.36,0
80.04,2.36,0
80.045,2.36,0
80.05,10.82,0
80.055,7.55,0
80.06,-2.14,0
80.065,5.73,0
80.07,10.79,0
80.075,10.79,0
80.08,12.22,0
80.085,6.29,0
80.09,-4.18,0
80.095,3.08,0
80.1,0.46,0
80.105,0.46,0
80.11,12.73,0
80.115,12.73,0
80.12,3.73,0
80.125,3.73,0
80.13,15.04,0
80.135,8.51,0
80.14,-5.81,0
80.145,-5.81,0
80.15,1.37,0
80.155,1.37,0
80.16,1.37,0
80.165,1.37,0
80.17,10.5,0
80.175,8.51,0
80.18,-1.46,0
80.185,-1.46,0
80.19,-2.2,0
80.195,-2.2,0
80.2,6.86,0
80.205,6.86,0
80.21,6.86,0
80.215,6.86,0
80.22,0.45,0
80.225,6.89,0
80.23,-2.22,0
80.235,13.38,0
80.24,3.89,0
80.245,3.89,0
80.25,3.89,0
80.255,3.89,0
80.26,12.71,0
80.265,3.89,0
80.27,15.16,0
80.275,15.16,0
80.28,2.72,0
80.285,7.62,0
80.29,-5.45,0
80.295,7.62,0
80.3,11.36,0
80.305,0.73,0
80.31,10.76,0
80.315,0.07,0
80.32,0.07,0
80.325,0.87,0
80.33,9.12,0
80.335,1.32,0
80.34,1.32,0
80.345,16.52,0
80.35,16.52,0
80.355,-1.74,1
80.36,-1.74,0
80.365,-1.74,0
80.37,-1.74,0
80.375,8.22,0
80.38,8.22,0
80.385,14.73,0
80.39,14.73,0
80.395,-2.83,0
80.4,-2.83,0
80.405,3.31,0
80.41,3.31,0
80.415,6.13,0
80.42,6.13,0
80.425,1.76,0
80.43,1.76,0
80.435,-0.98,0
80.44,-0.98,0
80.445,3.67,0
80.45,-0.98,0
80.455,10.42,0
80.46,0.24,0
80.465,0.24,0
80.47,17.33,0
80.475,10.49,0
80.48,3.26,0
80.485,3.26,0
80.49,8.28,0
80.495,1.76,0
80.5,8.28,0
80.505,8.28,0
80.51,8.28,0
80.515,8.28,0
80.52,8.28,0
80.525,-1.76,0
80.53,-1.76,0
80.535,8.74,0
80.54,9.2,0
80.545,-0.98,0
80.55,-0.98,0
80.555,-0.98,0
80.56,11.41,0
80.565,11.41,0
80.57,5.31,0
80.575,5.31,0
80.58,5.31,0
80.585,0.33,0
80.59,0.33,0
80.595,8.19,0
80.6,8.19,0
80.605,6.33,0
80.61,6.33,0
80.615,10.41,0
80.62,10.41,0
80.625,3.94,0
80.63,3.94,0
80.635,3.94,0
80.64,19.41,0
80.645,8.82,0
80.65,8.82,0
80.655,8.82,0
80.66,1.18,0
80.665,1.18,0
80.67,4.01,0
80.675,5.15,0
80.68,5.15,0
80.685,5.15,0
80.69,-3.85,0
80.695,-3.85,0
80.7,-3.85,0
80.705,-3.85,0
80.71,5.89,0
80.715,5.89,0
80.72,12.27,0
80.725,12.27,0
80.73,-5.55,0
80.735,-5.55,0
80.74,6.36,0
80.745,6.36,0
80.75,9.05,0
80.755,9.05,0
80.76,7.54,0
80.765,7.54,0
80.77,-1.92,0
80.775,-1.92,0
80.78,3.53,0
80.785,7.52,0
80.79,2.34,0
80.795,2.34,0
80.8,2.34,0
80.805,2.34,0
80.81,-3.85,0
80.815,-3.85,0
80.82,-3.85,0
80.825,0.88,0
80.83,1.48,0
80.835,1.48,0
80.84,15.19,0
80.845,15.19,0
80.85,15.19,0
80.855,1.48,0
80.86,3.98,0
80.865,15.19,0
80.87,6.98,0
80.875,6.98,0
80.88,1.5,0
80.885,1.5,0
80.89,-4.34,0
80.895,-4.34,0
80.9,10.46,0
80.905,10.46,0
80.91,3.49,0
80.915,3.49,0
80.92,3.49,0
80.925,3.49,0
80.93,-2.49,0
80.935,-2.49,0
80.94,10.46,0
80.945,5.34,0
80.95,5.34,0
80.955,5.34,0
80.96,5.34,0
80.965,5.34,0
80.97,5.34,0
80.975,5.34,0
80.98,-0.11,0
80.985,1.28,0
80.99,6.27,0
80.995,6.27,0
81.0,2.08,0
81.005,6.27,0
81.01,9.5,0
81.015,9.5,0
81.02,9.5,0
81.025,10.58,0
81.03,10.58,0
81.035,-3.76,0
81.04,-3.76,0
81.045,-3.76,0
81.05,-3.76,0
81.055,-4.96,0
81.06,11.36,0
81.065,11.36,0
81.07,2.3,0
81.075,2.3,0
81.08,2.3,0
81.085,2.3,0
81.09,6.94,0
81.095,2.3,0
81.1,-4.39,0
81.105,14.55,0
81.11,14.55,0
81.115,5.6,0
81.12,5.6,0
81.125,10.42,0
81.13,11.52,0
81.135,-2.92,0
81.14,-2.92,0
81.145,5.84,0
81.15,3.32,0
81.155,3.32,0
81.16,1.59,0
81.165,1.59,0
81.17,-1.4,0
81.175,-1.4,0
81.18,12.59,0
81.185,12.59,0
81.19,2.51,0
81.195,2.51,0
81.2,0.87,0
81.205,0.87,0
81.21,15.76,0
81.215,15.76,0
81.22,7.3,0
81.225,12.3,0
81.23,12.3,0
81.235,14.54,0
81.24,4.94,0
81.245,4.94,0
81.25,-4.79,0
81.255,-4.79,0
81.26,-4.79,0
81.265,-8.04,0
81.27,-4.79,0
81.275,-4.79,0
81.28,2.48,0
81.285,2.48,0
81.29,-8.73,0
81.295,-8.73,0
81.3,12.22,0
81.305,12.22,0
81.31,4.02,0
81.315,0.16,0
81.32,0.75,0
81.325,12.2,0
81.33,17.84,0
81.335,17.84,0
81.34,15.71,0
81.345,15.71,0
81.35,4.22,0
81.355,4.22,0
81.36,-4.28,0
81.365,12.33,0
81.37,-17.25,0
81.375,-17.25,0
81.38,-17.25,0
81.385,-17.25,0
81.39,-7.26,0
81.395,-7.26,0
81.4,5.58,0
81.405,9.92,0
81.41,5.58,0
81.415,5.58,0
81.42,17.07,0
81.425,17.07,0
81.43,-8.93,0
81.435,-8.93,0
81.44,21.81,0
81.445,21.81,0
81.45,9.28,0
81.455,9.28,0
81.46,10.21,0
81.465,-12.29,0
81.47,-12.29,0
81.475,-12.29,0
81.48,26.06,0
81.485,-6.15,0
81.49,-6.15,0
81.495,13.77,0
81.5,13.77,0
81.505,13.77,0
81.51,-14.6,0
81.515,-14.6,0
81.52,33.32,0
81.525,33.32,0
81.53,-16.55,0
81.535,-16.55,0
81.54,-16.55,0
81.545,-16.57,0
81.55,-16.57,0
81.555,40.5,0
81.56,40.17,0
81.565,-23.48,0
81.57,-23.48,0
81.575,-23.48,0
81.58,12.94,0
81.585,12.94,0
81.59,-12.33,0
81.595,12.94,0
81.6,12.94,0
81.605,9.29,0
81.61,34.37,0
81.615,-23.37,0
81.62,-17.92,0
81.625,10.86,0
81.63,-19.11,0
81.635,18.8,0
81.64,-13.19,0
81.645,-19.11,0
81.65,-19.11,0
81.655,29.67,0
81.66,20.0,0
81.665,28.81,0
81.67,-12.27,0
81.675,-12.27,0
81.68,-12.27,0
81.685,-15.78,0
81.69,29.47,0
81.695,-12.27,0
81.7,10.5,0
81.705,10.5,0
81.71,9.25,0
81.715,9.25,0
81.72,19.36,0
81.725,19.36,0
81.73,-3.17,0
81.735,6.83,0
81.74,6.83,0
81.745,13.57,0
81.75,13.57,0
81.755,-1.61,0
81.76,-1.61,0
81.765,-1.61,0
81.77,5.85,0
81.775,10.1,0
81.78,1.74,0
81.785,10.1,0
81.79,9.22,0
81.795,-5.07,0
81.8,-5.07,0
81.805,14.63,0
81.81,14.63,0
81.815,8.93,0
81.82,8.93,0
81.825,10.0,0
81.83,10.0,0
81.835,-1.88,0
81.84,-1.88,0
81.845,10.2,0
81.85,10.2,0
81.855,10.2,0
81.86,10.2,0
81.865,10.2,0
81.87,10.2,0
81.875,4.17,0
81.88,4.17,0
81.885,1.69,0
81.89,1.69,0
81.895,9.52,0
81.9,1.69,0
81.905,1.69,0
81.91,-4.26,0
81.915,-1.19,0
81.92,-1.19,0
81.925,17.62,0
81.93,17.62,0
81.935,1.68,0
81.94,0.78,0
81.945,8.7,0
81.95,-4.47,0
81.955,-5.43,0
81.96,-5.43,0
81.965,1.84,0
81.97,1.84,0
81.975,1.84,0
81.98,1.84,0
81.985,1.84,0
81.99,1.84,0
81.995,-2.7,0
82.0,-2.7,0
82.005,2.03,0
82.01,2.03,0
82.015,2.63,0
82.02,2.63,0
82.025,2.63,0
82.03,2.63,0
82.035,2.63,0
82.04,-7.24,0
82.045,-6.45,0
82.05,-2.66,0
82.055,-2.66,0
82.06,2.82,0
82.065,2.82,0
82.07,11.24,0
82.075,11.24,0
82.08,-1.78,0
82.085,-1.78,0
82.09,7.6,0
82.095,7.6,0
82.1,7.6,0
82.105,7.6,0
82.11,3.55,0
82.115,6.96,0
82.12,3.14,0
82.125,3.14,0
82.13,3.14,0
82.135,3.14,0
82.14,6.72,0
82.145,6.72,0
82.15,6.45,0
82.155,6.45,0
82.16,6.0,0
82.165,6.0,0
82.17,6.0,0
82.175,6.0,0
82.18,2.15,0
82.185,14.73,0
82.19,20.9,0
82.195,20.9,0
82.2,20.9,0
82.205,20.9,0
82.21,16.82,0
82.215,9.91,0
82.22,5.37,0
82.225,5.37,0
82.23,15.53,0
82.235,15.53,0
82.24,-4.37,0
82.245,-4.37,0
82.25,-2.77,0
82.255,-2.77,0
82.26,-2.77,0
82.265,-2.77,0
82.27,-2.36,0
82.275,-2.36,0
82.28,8.02,0
82.285,8.02,0
82.29,-3.12,0
82.295,-3.12,0
82.3,2.7,0
82.305,-3.12,0
82.31,-3.12,0
82.315,-3.12,0
82.32,-3.12,0
82.325,-1.71,0
82.33,-1.71,0
82.335,18.22,0
82.34,18.22,0
82.345,-2.31,0
82.35,-2.31,0
82.355,4.69,0
82.36,-2.31,0
82.365,13.88,0
82.37,13.88,0
82.375,-2.54,0
82.38,-2.54,0
82.385,-0.94,0
82.39,-0.94,0
82.395,-0.94,0
82.4,-0.94,0
82.405,-0.94,0
82.41,-0.94,0
82.415,-2.78,0
82.42,-2.78,0
82.425,19.19,0
82.43,19.19,0
82.435,2.26,0
82.44,2.26,0
82.445,20.64,0
82.45,13.15,0
82.455,-6.99,0
82.46,-6.99,0
82.465,-1.69,0
82.47,-1.69,0
82.475,-1.69,0
82.48,-1.69,0
82.485,12.29,0
82.49,12.29,0
82.495,-1.89,0
82.5,-0.97,0
82.505,-0.18,0
82.51,-0.18,0
82.515,3.57,0
82.52,3.57,0
82.525,10.23,0
82.53,10.23,0
82.535,-3.54,0
82.54,-3.54,0
82.545,17.18,0
82.55,17.18,0
82.555,0.52,0
82.56,0.52,0
82.565,0.52,0
82.57,15.72,0
82.575,-2.92,0
82.58,15.72,0
82.585,15.72,0
82.59,15.72,0
82.595,10.68,0
82.6,0.65,0
82.605,13.13,0
82.61,13.13,0
82.615,13.13,0
82.62,13.13,0
82.625,-10.63,0
82.63,-10.63,0
82.635,4.33,0
82.64,4.33,0
82.645,-1.72,0
82.65,-7.83,0
82.655,-11.33,0
82.66,-11.33,0
82.665,-11.33,0
82.67,-11.33,0
82.675,-0.02,0
82.68,-0.02,0
82.685,14.36,0
82.69,14.36,0
82.695,14.36,0
82.7,14.36,0
82.705,16.84,0
82.71,16.84,0
82.715,5.59,0
82.72,2.85,0
82.725,12.47,0
82.73,12.47,0
82.735,-7.05,0
82.74,-7.05,0
82.745,-7.05,0
82.75,-7.05,0
82.755,-7.05,0
82.76,-7.05,0
82.765,-7.05,0
82.77,-7.05,0
82.775,-7.05,0
82.78,14.72,0
82.785,1.92,0
82.79,16.27,0
82.795,16.27,0
82.8,6.82,0
82.805,6.82,0
82.81,0.46,0
82.815,0.46,0
82.82,17.28,0
82.825,17.28,0
82.83,18.56,0
82.835,13.11,0
82.84,8.58,0
82.845,8.58,0
82.85,8.58,0
82.855,8.58,0
82.86,14.11,0
82.865,14.11,0
82.87,13.06,0
82.875,13.06,0
82.88,7.8,0
82.885,-4.39,0
82.89,-4.39,0
82.895,-4.56,0
82.9,-4.56,0
82.905,13.89,0
82.91,13.89,0
82.915,0.66,0
82.92,6.05,0
82.925,-2.6,0
82.93,14.84,0
82.935,-4.56,0
82.94,14.36,0
82.945,9.71,0
82.95,9.71,0
82.955,7.36,0
82.96,7.36,0
82.965,7.36,0
82.97,-5.02,0
82.975,-5.02,0
82.98,-0.93,0
82.985,2.02,0
82.99,-0.93,0
82.995,-3.65,0
83.0,13.68,0
83.005,0.02,0
83.01,0.02,0
83.015,0.02,0
83.02,-2.36,0
83.025,-2.36,0
83.03,-2.36,0
83.035,-2.36,0
83.04,-2.36,0
83.045,-2.36,0
83.05,-3.35,0
83.055,-3.35,0
83.06,3.41,0
83.065,3.41,0
83.07,-5.19,0
83.075,3.41,0
83.08,12.58,0
83.085,10.65,0
83.09,10.65,0
83.095,10.65,0
83.1,10.65,0
83.105,10.65,0
83.11,11.41,0
83.115,15.84,0
83.12,15.84,0
83.125,15.84,0
83.13,9.7,0
83.135,9.7,0
83.14,7.84,0
83.145,2.26,0
83.15,2.26,0
83.155,-5.98,0
83.16,-5.98,0
83.165,-1.44,0
83.17,9.25,0
83.175,-3.06,0
83.18,-3.06,0
83.185,-3.06,0
83.19,18.49,0
83.195,18.49,0
83.2,-6.73,0
83.205,-4.12,0
83.21,7.95,0
83.215,-5.19,0
83.22,9.04,0
83.225,19.44,0
83.23,15.81,0
83.235,-4.3,0
83.24,-4.3,0
83.245,3.58,0
83.25,3.58,0
83.255,3.58,0
83.26,3.58,0
83.265,-3.4,0
83.27,-3.4,0
83.275,0.71,0
83.28,-6.73,0
83.285,6.3,0
83.29,6.3,0
83.295,6.3,0
83.3,6.3,0
83.305,6.3,0
83.31,6.3,0
83.315,21.94,0
83.32,21.94,0
83.325,5.47,0
83.33,9.39,0
83.335,7.15,0
83.34,7.15,0
83.345,7.15,0
83.35,3.94,0
83.355,17.6,0
83.36,-1.25,0
83.365,-3.4,0
83.37,1.05,0
83.375,-1.25,0
83.38,8.31,0
83.385,-3.42,0
83.39,-3.42,0
83.395,-3.42,0
83.4,-3.42,0
83.405,-3.42,0
83.41,-4.66,0
83.415,10.86,0
83.42,10.86,0
83.425,-5.42,0
83.43,15.94,0
83.435,15.52,0
83.44,15.52,0
83.445,-2.17,0
83.45,-2.17,0
83.455,14.03,0
83.46,14.03,0
83.465,14.03,0
83.47,14.03,0
83.475,19.15,0
83.48,19.15,0
83.485,15.94,0
83.49,19.15,0
83.495,-9.92,0
83.5,9.2,0
83.505,-6.21,0
83.51,-6.21,0
83.515,-6.21,0
83.52,-6.21,0
83.525,-6.21,0
83.53,13.72,0
83.535,5.77,0
83.54,5.77,0
83.545,15.89,0
83.55,-4.62,0
83.555,15.81,0
83.56,15.81,0
83.565,15.81,0
83.57,5.77,0
83.575,-6.1,0
83.58,-11.48,0
83.585,11.27,0
83.59,11.27,0
83.595,18.93,0
83.6,13.95,0
83.605,-9.9,0
83.61,-9.9,0
83.615,9.19,0
83.62,9.19,0
83.625,9.19,0
83.63,-4.2,0
83.635,-4.2,0
83.64,13.99,0
83.645,13.99,0
83.65,-4.52,0
83.655,-4.52,0
83.66,5.15,0
83.665,-6.29,0
83.67,-6.29,0
83.675,19.43,0
83.68,19.43,0
83.685,19.43,0
83.69,7.79,0
83.695,7.79,0
83.7,10.69,0
83.705,10.69,0
83.71,14.0,0
83.715,10.69,0
83.72,14.56,0
83.725,14.56,0
83.73,1.66,0
83.735,1.66,0
83.74,10.66,0
83.745,10.66,0
83.75,10.66,0
83.755,10.66,0
83.76,10.66,0
83.765,-3.17,0
83.77,-3.17,0
83.775,-3.17,0
83.78,5.96,0
83.785,5.96,0
83.79,-7.78,0
83.795,17.39,0
83.8,-7.78,0
83.805,18.18,0
83.81,18.18,0
83.815,3.43,0
83.82,3.43,0
83.825,3.43,0
83.83,-3.0,0
83.835,-7.78,0
83.84,19.42,0
83.845,19.42,0
83.85,0.48,0
83.855,0.48,0
83.86,3.8,0
83.865,3.8,0
83.87,-4.89,0
83.875,6.97,0
83.88,6.97,0
83.885,19.08,0
83.89,-5.34,0
83.895,-7.27,0
83.9,-7.27,0
83.905,13.11,0
83.91,13.11,0
83.915,13.11,0
83.92,13.11,0
83.925,-7.19,0
83.93,2.76,0
83.935,20.54,0
83.94,20.54,0
83.945,11.44,0
83.95,11.44,0
83.955,11.44,0
83.96,10.8,0
83.965,10.8,0
83.97,-8.65,0
83.975,-4.89,0
83.98,-8.65,0
83.985,-4.73,0
83.99,-4.73,0
83.995,-4.73,0
84.0,11.28,0
84.005,-9.11,0
84.01,-9.11,0
84.015,0.87,0
84.02,-9.11,0
84.025,-9.11,0
84.03,-9.11,0
84.035,20.54,0
84.04,13.38,0
84.045,16.3,0
84.05,-3.83,0
84.055,18.63,0
84.06,18.63,0
84.065,18.63,0
84.07,18.63,0
84.075,18.63,0
84.08,18.63,0
84.085,11.67,0
84.09,11.67,0
84.095,22.38,0
84.1,22.38,0
84.105,22.38,0
84.11,22.38,0
84.115,-13.47,0
84.12,-13.47,0
84.125,-13.47,0
84.13,8.12,0
84.135,-4.86,0
84.14,-4.86,0
84.145,-9.92,0
84.15,-9.92,0
84.155,10.32,0
84.16,10.32,0
84.165,1.9,0
84.17,-13.52,0
84.175,29.05,0
84.18,29.05,0
84.185,29.05,0
84.19,29.05,0
84.195,11.96,0
84.2,12.37,0
84.205,12.37,0
84.21,12.37,0
84.215,-12.3,0
84.22,-8.17,0
84.225,-8.17,0
84.23,-8.17,0
84.235,-8.17,0
84.24,-8.17,0
84.245,-8.17,0
84.25,-8.17,0
84.255,-10.19,0
84.26,-19.66,0
84.265,-2.06,0
84.27,-2.06,0
84.275,14.78,0
84.28,14.78,0
84.285,15.68,0
84.29,15.68,0
84.295,-18.98,0
84.3,-14.1,0
84.305,27.63,0
84.31,27.63,0
84.315,9.72,0
84.32,10.77,0
84.325,10.77,0
84.33,-18.26,0
84.335,-18.26,0
84.34,-18.26,0
84.345,0.31,0
84.35,-5.73,0
84.355,-5.73,0
84.36,-5.73,0
84.365,13.36,0
84.37,13.36,0
84.375,4.3,0
84.38,-10.65,0
84.385,-10.65,0
84.39,-10.65,0
84.395,25.77,0
84.4,25.33,0
84.405,13.03,0
84.41,-11.13,0
84.415,-11.13,0
84.42,1.73,0
84.425,21.62,0
84.43,21.62,0
84.435,7.65,0
84.44,15.3,0
84.445,15.3,0
84.45,-16.61,0
84.455,-16.61,0
84.46,-16.61,0
84.465,27.94,0
84.47,27.94,0
84.475,27.94,0
84.48,27.94,0
84.485,11.89,0
84.49,11.89,0
84.495,-12.1,0
84.5,-12.1,0
84.505,24.39,0
84.51,22.86,0
84.515,-17.84,0
84.52,12.69,0
84.525,12.69,0
84.53,6.69,0
84.535,-17.09,0
84.54,-17.09,0
84.545,29.72,0
84.55,29.72,0
84.555,-14.86,0
84.56,-14.86,0
84.565,9.21,0
84.57,16.27,0
84.575,16.27,0
84.58,29.31,0
84.585,29.31,0
84.59,-12.0,0
84.595,-3.8,0
84.6,14.83,0
84.605,14.83,0
84.61,-10.4,0
84.615,-17.09,0
84.62,12.69,0
84.625,26.13,0
84.63,-6.56,0
84.635,22.81,0
84.64,13.26,0
84.645,13.26,0
84.65,-15.34,0
84.655,-15.34,0
84.66,30.75,0
84.665,30.75,0
84.67,30.75,0
84.675,-13.32,0
84.68,9.47,0
84.685,9.47,0
84.69,16.58,0
84.695,16.58,0
84.7,16.58,0
84.705,2.54,0
84.71,2.54,0
84.715,23.36,0
84.72,-2.04,0
84.725,-18.61,0
84.73,-19.07,0
84.735,19.91,0
84.74,19.91,0
84.745,-0.87,0
84.75,0.93,0
84.755,0.93,0
84.76,-15.69,0
84.765,-15.69,0
84.77,26.38,0
84.775,26.38,0
84.78,-5.45,0
84.785,-5.45,0
84.79,-5.45,0
84.795,29.38,0
84.8,29.38,0
84.805,29.38,0
84.81,29.38,0
84.815,18.18,0
84.82,18.18,0
84.825,5.14,0
84.83,5.14,0
84.835,27.34,0
84.84,27.34,0
84.845,-15.83,0
84.85,-15.83,0
84.855,20.31,0
84.86,20.31,0
84.865,6.63,0
84.87,4.66,0
84.875,-0.35,0
84.88,-0.35,0
84.885,-18.31,0
84.89,-20.84,0
84.895,5.14,0
84.9,24.63,0
84.905,-10.96,0
84.91,-10.96,0
84.915,-14.41,0
84.92,29.93,0
84.925,29.93,0
84.93,29.93,0
84.935,22.34,0
84.94,22.34,0
84.945,2.7,0
84.95,2.7,0
84.955,-9.67,0
84.96,25.95,0
84.965,25.95,0
84.97,25.95,0
84.975,25.95,0
84.98,25.95,0
84.985,24.63,0
84.99,-2.39,0
84.995,0.06,0
85.0,0.06,0
85.005,-19.28,0
85.01,-19.28,0
85.015,26.74,0
85.02,-21.82,0
85.025,-1.85,0
85.03,-1.85,0
85.035,32.03,0
85.04,6.95,0
85.045,-1.85,0
85.05,32.03,0
85.055,20.47,0
85.06,20.47,0
85.065,-10.06,0
85.07,2.25,0
85.075,2.25,0
85.08,27.52,0
85.085,-1.85,0
85.09,-20.25,0
85.095,-20.25,0
85.1,20.47,0
85.105,-20.25,0
85.11,0.64,0
85.115,0.64,0
85.12,-4.58,0
85.125,-4.58,0
85.13,-21.39,0
85.135,-21.39,0
85.14,-21.39,0
85.145,-21.39,0
85.15,-21.39,0
85.155,-1.76,0
85.16,-20.25,0
85.165,31.33,0
85.17,31.33,0
85.175,31.33,0
85.18,31.33,0
85.185,-26.25,0
85.19,-26.25,0
85.195,2.54,0
85.2,11.97,0
85.205,2.54,0
85.21,2.54,0
85.215,-26.29,0
85.22,-26.29,0
85.225,0.19,0
85.23,0.19,0
85.235,-8.57,0
85.24,-8.57,0
85.245,29.72,0
85.25,29.72,0
85.255,-23.44,0
85.26,26.65,0
85.265,31.11,0
85.27,31.11,0
85.275,-5.11,0
85.28,24.86,0
85.285,28.07,0
85.29,28.07,0
85.295,19.18,0
85.3,-9.24,0
85.305,2.99,0
85.31,2.99,0
85.315,2.99,0
85.32,2.99,0
85.325,2.99,0
85.33,2.99,0
85.335,-20.45,0
85.34,-20.45,0
85.345,6.12,0
85.35,6.12,0
85.355,-9.21,1
85.36,-12.02,0
85.365,27.34,0
85.37,27.34,0
85.375,-20.73,0
85.38,13.22,0
85.385,-22.62,0
85.39,25.41,0
85.395,25.41,0
85.4,-3.28,0
85.405,30.14,0
85.41,30.14,0
85.415,-22.16,0
85.42,-22.16,0
85.425,23.03,0
85.43,23.03,0
85.435,3.96,0
85.44,3.96,0
85.445,27.94,0
85.45,27.94,0
85.455,-2.54,0
85.46,27.94,0
85.465,9.77,0
85.47,20.16,0
85.475,-4.06,0
85.48,2.36,0
85.485,-4.06,0
85.49,20.16,0
85.495,-4.06,0
85.5,-21.69,0
85.505,-21.69,0
85.51,26.26,0
85.515,26.26,0
85.52,31.38,0
85.525,31.38,0
85.53,10.23,0
85.535,10.23,0
85.54,31.38,0
85.545,33.42,0
85.55,18.21,0
85.555,18.21,0
85.56,4.59,0
85.565,-21.02,0
85.57,-11.82,0
85.575,-11.82,0
85.58,-10.88,0
85.585,13.76,0
85.59,13.76,0
85.595,13.76,0
85.6,13.76,0
85.605,30.16,0
85.61,30.16,0
85.615,8.21,0
85.62,8.21,0
85.625,-19.28,0
85.63,-19.28,0
85.635,-19.28,0
85.64,30.09,0
85.645,22.21,0
85.65,30.09,0
85.655,30.09,0
85.66,10.74,0
85.665,10.74,0
85.67,21.54,0
85.675,21.54,0
85.68,30.73,0
85.685,-10.12,0
85.69,-10.12,0
85.695,-10.12,0
85.7,-10.12,0
85.705,-10.12,0
85.71,-10.12,0
85.715,-14.11,0
85.72,-13.56,0
85.725,-11.55,0
85.73,29.28,0
85.735,-11.55,0
85.74,-11.55,0
85.745,-11.55,0
85.75,3.82,0
85.755,3.82,0
85.76,37.16,0
85.765,37.16,0
85.77,37.16,0
85.775,17.88,0
85.78,-16.95,0
85.785,-16.95,0
85.79,20.9,0
85.795,20.9,0
85.8,30.35,0
85.805,30.35,0
85.81,-10.65,0
85.815,-10.65,0
85.82,-10.65,0
85.825,-10.65,0
85.83,16.23,0
85.835,16.23,0
85.84,-14.91,0
85.845,-13.34,0
85.85,-13.34,0
85.855,10.48,0
85.86,-15.92,0
85.865,14.25,0
85.87,14.25,0
85.875,-17.26,0
85.88,-17.26,0
85.885,16.23,0
85.89,33.72,0
85.895,7.64,0
85.9,7.64,0
85.905,7.64,0
85.91,19.32,0
85.915,21.57,0
85.92,27.56,0
85.925,38.84,0
85.93,-7.66,0
85.935,-7.66,0
85.94,-7.66,0
85.945,-7.66,0
85.95,15.42,0
85.955,26.35,0
85.96,15.42,0
85.965,31.51,0
85.97,31.51,0
85.975,15.88,0
85.98,15.88,0
85.985,15.88,0
85.99,12.84,0
85.995,-15.04,0
86.0,-15.04,0
86.005,30.43,0
86.01,30.43,0
86.015,10.33,0
86.02,10.33,0
86.025,18.23,0
86.03,18.23,0
86.035,18.23,0
86.04,-21.09,0
86.045,-21.09,0
86.05,-8.87,0
86.055,-17.7,0
86.06,-8.87,0
86.065,-8.87,0
86.07,14.08,0
86.075,14.08,0
86.08,14.08,0
86.085,31.15,0
86.09,31.15,0
86.095,31.15,0
86.1,8.37,0
86.105,8.37,0
86.11,8.37,0
86.115,-15.72,0
86.12,45.71,0
86.125,-15.72,0
86.13,32.25,0
86.135,7.25,0
86.14,7.25,0
86.145,18.47,0
86.15,18.47,0
86.155,-21.58,0
86.16,-5.84,0
86.165,28.74,0
86.17,28.74,0
86.175,-12.74,0
86.18,-12.74,0
86.185,-12.74,0
86.19,18.11,0
86.195,18.11,0
86.2,-16.95,0
86.205,28.12,0
86.21,28.12,0
86.215,-7.62,0
86.22,9.92,0
86.225,9.92,0
86.23,9.92,0
86.235,-17.98,0
86.24,-17.98,0
86.245,29.83,0
86.25,29.83,0
86.255,10.93,0
86.26,10.93,0
86.265,16.84,0
86.27,16.84,0
86.275,16.84,0
86.28,16.84,0
86.285,21.56,0
86.29,29.8,0
86.295,29.8,0
86.3,-7.58,0
86.305,-7.58,0
86.31,17.03,0
86.315,24.33,0
86.32,-10.67,0
86.325,-10.67,0
86.33,-8.47,0
86.335,-8.47,0
86.34,14.9,0
86.345,-19.95,0
86.35,-19.95,0
86.355,-8.47,0
86.36,-19.95,0
86.365,-19.95,0
86.37,29.83,0
86.375,24.17,0
86.38,-4.16,0
86.385,4.16,0
86.39,32.97,0
86.395,22.26,0
86.4,22.26,0
86.405,22.26,0
86.41,22.26,0
86.415,-6.39,0
86.42,24.17,0
86.425,-6.39,0
86.43,-15.52,0
86.435,-15.52,0
86.44,-15.52,0
86.445,-15.52,0
86.45,1.89,0
86.455,1.89,0
86.46,-3.55,0
86.465,-3.55,0
86.47,13.85,0
86.475,25.64,0
86.48,25.64,0
86.485,2.06,0
86.49,2.06,0
86.495,2.06,0
86.5,2.06,0
86.505,29.86,0
86.51,29.86,0
86.515,21.09,0
86.52,21.09,0
86.525,1.7,0
86.53,1.7,0
86.535,-6.84,0
86.54,1.7,0
86.545,-6.84,0
86.55,26.2,0
86.555,1.7,0
86.56,-19.64,0
86.565,-19.64,0
86.57,2.45,0
86.575,-11.51,0
86.58,-11.51,0
86.585,-11.51,0
86.59,-21.71,0
86.595,-21.71,0
86.6,23.46,0
86.605,23.46,0
86.61,23.46,0
86.615,23.46,0
86.62,-5.09,0
86.625,-5.09,0
86.63,27.76,0
86.635,27.76,0
86.64,22.61,0
86.645,22.61,0
86.65,7.44,0
86.655,7.44,0
86.66,-10.38,0
86.665,30.5,0
86.67,30.5,0
86.675,-16.66,0
86.68,-16.66,0
86.685,-16.66,0
86.69,1.06,0
86.695,1.06,0
86.7,-4.05,0
86.705,-4.05,0
86.71,26.69,0
86.715,-24.5,0
86.72,-24.5,0
86.725,26.39,0
86.73,-16.66,0
86.735,22.61,0
86.74,15.74,0
86.745,1.36,0
86.75,30.29,0
86.755,-21.3,0
86.76,-21.3,0
86.765,23.21,0
86.77,26.39,0
86.775,2.06,0
86.78,2.06,0
86.785,29.11,0
86.79,29.11,0
86.795,-20.85,0
86.8,-20.85,0
86.805,22.12,0
86.81,22.12,0
86.815,1.05,0
86.82,1.05,0
86.825,21.07,0
86.83,-4.48,0
86.835,-18.05,0
86.84,-8.03,0
86.845,27.18,0
86.85,21.41,0
86.855,-6.67,0
86.86,-6.67,0
86.865,32.24,0
86.87,32.24,0
86.875,-24.88,0
86.88,-24.88,0
86.885,21.25,0
86.89,21.25,0
86.895,1.12,0
86.9,1.12,0
86.905,-6.94,0
86.91,-6.94,0
86.915,-18.75,0
86.92,-18.75,0
86.925,-1.16,0
86.93,-1.16,0
86.935,-1.16,0
86.94,-1.16,0
86.945,-1.16,0
86.95,-1.16,0
86.955,-21.22,0
86.96,-21.22,0
86.965,25.82,0
86.97,25.82,0
86.975,-1.75,0
86.98,-1.75,0
86.985,32.21,0
86.99,32.21,0
86.995,-19.52,0
87.0,-19.52,0
87.005,21.74,0
87.01,21.74,0
87.015,4.74,0
87.02,4.74,0
87.025,26.63,0
87.03,26.63,0
87.035,-16.76,0
87.04,-16.76,0
87.045,21.89,0
87.05,-2.36,0
87.055,-4.33,0
87.06,-4.33,0
87.065,-4.33,0
87.07,-4.33,0
87.075,-22.66,0
87.08,-22.66,0
87.085,-4.3,0
87.09,23.73,0
87.095,-7.89,0
87.1,-7.89,0
87.105,-7.89,0
87.11,30.77,0
87.115,30.77,0
87.12,30.77,0
87.125,30.77,0
87.13,30.77,0
87.135,1.21,0
87.14,1.21,0
87.145,4.69,0
87.15,-8.03,0
87.155,14.32,0
87.16,14.32,0
87.165,-17.27,0
87.17,-17.27,0
87.175,-17.27,0
87.18,-17.27,0
87.185,-12.97,0
87.19,-12.97,0
87.195,-12.97,0
87.2,15.31,0
87.205,15.31,0
87.21,-16.1,0
87.215,-16.1,0
87.22,31.61,0
87.225,-17.16,0
87.23,-17.16,0
87.235,10.56,0
87.24,-14.94,0
87.245,10.56,0
87.25,18.58,0
87.255,18.58,0
87.26,18.58,0
87.265,18.58,0
87.27,30.86,0
87.275,30.86,0
87.28,9.56,0
87.285,18.62,0
87.29,-18.31,0
87.295,-18.31,0
87.3,-18.31,0
87.305,-15.85,0
87.31,-15.85,0
87.315,15.84,0
87.32,15.84,0
87.325,15.84,0
87.33,-16.01,0
87.335,30.28,0
87.34,30.28,0
87.345,30.28,0
87.35,30.28,0
87.355,10.53,0
87.36,10.53,0
87.365,18.29,0
87.37,18.29,0
87.375,28.04,0
87.38,28.04,0
87.385,-10.09,0
87.39,-10.09,0
87.395,9.23,0
87.4,9.23,0
87.405,12.27,0
87.41,12.27,0
87.415,-14.9,0
87.42,30.28,0
87.425,-14.87,0
87.43,-14.87,0
87.435,12.59,0
87.44,21.84,0
87.445,-16.54,0
87.45,-16.54,0
87.455,30.92,0
87.46,30.92,0
87.465,30.92,0
87.47,30.92,0
87.475,-14.87,0
87.48,25.71,0
87.485,14.61,0
87.49,14.61,0
87.495,30.4,0
87.5,30.4,0
87.505,-8.22,0
87.51,-8.22,0
87.515,28.04,0
87.52,-8.22,0
87.525,13.49,0
87.53,13.49,0
87.535,-15.87,0
87.54,-15.87,0
87.545,-11.76,0
87.55,-11.76,0
87.555,-11.76,0
87.56,11.69,0
87.565,11.69,0
87.57,14.22,0
87.575,14.22,0
87.58,18.68,0
87.585,14.22,0
87.59,33.11,0
87.595,11.67,0
87.6,11.67,0
87.605,14.01,0
87.61,14.01,0
87.615,14.01,0
87.62,26.81,0
87.625,26.81,0
87.63,-7.79,0
87.635,-7.79,0
87.64,-7.79,0
87.645,-7.79,0
87.65,11.71,0
87.655,11.71,0
87.66,-12.84,0
87.665,24.42,0
87.67,24.42,0
87.675,8.88,0
87.68,8.88,0
87.685,8.88,0
87.69,8.88,0
87.695,-20.38,0
87.7,-20.38,0
87.705,-20.38,0
87.71,-20.38,0
87.715,-18.81,0
87.72,-18.81,0
87.725,19.07,0
87.73,19.07,0
87.735,29.59,0
87.74,19.07,0
87.745,29.07,0
87.75,29.07,0
87.755,29.07,0
87.76,24.56,0
87.765,17.01,0
87.77,17.01,0
87.775,-11.22,0
87.78,-11.22,0
87.785,26.81,0
87.79,26.81,0
87.795,-8.19,0
87.8,-9.25,0
87.805,14.28,0
87.81,14.28,0
87.815,-8.73,0
87.82,14.28,0
87.825,-15.14,0
87.83,-15.14,0
87.835,-13.34,0
87.84,-13.34,0
87.845,16.85,0
87.85,16.85,0
87.855,16.85,0
87.86,16.85,0
87.865,27.57,0
87.87,27.57,0
87.875,-11.7,0
87.88,-11.7,0
87.885,10.34,0
87.89,10.34,0
87.895,-12.58,0
87.9,-12.58,0
87.905,22.28,0
87.91,30.29,0
87.915,-15.25,0
87.92,-15.25,0
87.925,12.42,0
87.93,7.59,0
87.935,34.47,0
87.94,-14.91,0
87.945,-18.3,0
87.95,-4.83,0
87.955,28.24,0
87.96,28.24,0
87.965,21.9,0
87.97,23.2,0
87.975,23.2,0
87.98,4.85,0
87.985,4.85,0
87.99,-8.3,0
87.995,5.66,0
88.0,-15.86,0
88.005,24.9,0
88.01,-14.82,0
88.015,-14.82,0
88.02,7.91,0
88.025,-12.57,0
88.03,-2.17,0
88.035,-2.17,0
88.04,25.3,0
88.045,25.3,0
88.05,26.26,0
88.055,26.26,0
88.06,26.26,0
88.065,26.26,0
88.07,-8.71,0
88.075,-8.71,0
88.08,31.33,0
88.085,31.33,0
88.09,24.54,0
88.095,24.54,0
88.1,-12.57,0
88.105,3.15,0
88.11,3.15,0
88.115,3.15,0
88.12,3.15,0
88.125,3.15,0
88.13,-31.7,0
88.135,-17.32,0
88.14,1.91,0
88.145,1.91,0
88.15,1.91,0
88.155,-11.07,0
88.16,10.93,0
88.165,-18.74,0
88.17,-18.85,0
88.175,-18.85,0
88.18,28.24,0
88.185,-0.63,0
88.19,-3.99,0
88.195,-3.99,0
88.2,-3.99,0
88.205,-3.99,0
88.21,27.6,0
88.215,20.73,0
88.22,20.73,0
88.225,3.93,0
88.23,3.93,0
88.235,25.62,0
88.24,25.62,0
88.245,-19.69,0
88.25,-19.69,0
88.255,21.82,0
88.26,21.82,0
88.265,-4.13,0
88.27,-4.13,0
88.275,12.75,0
88.28,-4.13,0
88.285,-21.11,0
88.29,-21.11,0
88.295,25.18,0
88.3,16.8,0
88.305,25.18,0
88.31,-6.89,0
88.315,-6.89,0
88.32,-6.89,0
88.325,21.82,0
88.33,-6.89,0
88.335,-6.89,0
88.34,22.93,0
88.345,4.6,0
88.35,4.6,0
88.355,4.6,0
88.36,22.04,0
88.365,-17.11,0
88.37,-17.11,0
88.375,-17.11,0
88.38,21.84,0
88.385,-0.87,0
88.39,-0.87,0
88.395,-2.13,0
88.4,-2.13,0
88.405,-20.64,0
88.41,-20.64,0
88.415,25.0,0
88.42,25.0,0
88.425,-5.86,0
88.43,-5.86,0
88.435,27.87,0
88.44,27.87,0
88.445,27.87,0
88.45,31.27,0
88.455,21.37,0
88.46,7.52,0
88.465,21.37,0
88.47,21.37,0
88.475,31.35,0
88.48,-6.48,0
88.485,-6.48,0
88.49,-12.28,0
88.495,-12.28,0
88.5,-12.28,0
88.505,31.01,0
88.51,1.11,0
88.515,1.11,0
88.52,-1.69,0
88.525,-1.69,0
88.53,-20.12,0
88.535,-20.12,0
88.54,27.77,0
88.545,27.77,0
88.55,-0.68,0
88.555,-0.68,0
88.56,17.67,0
88.565,30.14,0
88.57,-15.32,0
88.575,24.07,0
88.58,24.07,0
88.585,21.34,0
88.59,2.94,0
88.595,2.94,0
88.6,2.94,0
88.605,2.94,0
88.61,2.94,0
88.615,-16.29,0
88.62,17.32,0
88.625,-3.04,0
88.63,-3.04,0
88.635,-2.99,0
88.64,-9.56,0
88.645,27.31,0
88.65,27.31,0
88.655,-22.69,0
88.66,-22.69,0
88.665,24.47,0
88.67,24.47,0
88.675,-8.55,0
88.68,-8.55,0
88.685,25.21,0
88.69,25.21,0
88.695,25.21,0
88.7,25.21,0
88.705,-16.83,0
88.71,-16.83,0
88.715,-3.94,0
88.72,-3.94,0
88.725,26.81,0
88.73,26.81,0
88.735,-22.08,0
88.74,-22.08,0
88.745,-4.44,0
88.75,-4.44,0
88.755,-8.51,0
88.76,-8.51,0
88.765,14.41,0
88.77,14.41,0
88.775,14.41,0
88.78,14.41,0
88.785,-14.1,0
88.79,-14.1,0
88.795,-18.43,0
88.8,-14.1,0
88.805,-18.61,0
88.81,-18.61,0
88.815,17.51,0
88.82,17.51,0
88.825,-16.76,0
88.83,-16.76,0
88.835,28.4,0
88.84,32.11,0
88.845,-10.53,0
88.85,-10.53,0
88.855,11.3,0
88.86,11.3,0
88.865,-16.76,0
88.87,-11.94,0
88.875,-14.59,0
88.88,-14.59,0
88.885,12.84,0
88.89,12.84,0
88.895,12.84,0
88.9,12.84,0
88.905,-15.28,0
88.91,-15.28,0
88.915,-15.28,0
88.92,-15.28,0
88.925,-21.68,0
88.93,-16.28,0
88.935,16.01,0
88.94,-18.3,0
88.945,-19.31,0
88.95,12.38,0
88.955,29.77,0
88.96,29.77,0
88.965,-12.21,0
88.97,-12.21,0
88.975,15.09,0
88.98,15.09,0
88.985,-8.2,0
88.99,-8.2,0
88.995,24.66,0
89.0,-14.68,0
89.005,15.43,0
89.01,15.43,0
89.015,15.43,0
89.02,15.43,0
89.025,-14.06,0
89.03,0.23,0
89.035,34.57,0
89.04,-5.55,0
89.045,11.71,0
89.05,11.71,0
89.055,18.56,0
89.06,18.56,0
89.065,29.87,0
89.07,18.56,0
89.075,25.87,0
89.08,29.91,0
89.085,-12.13,0
89.09,-12.13,0
89.095,15.9,0
89.1,27.5,0
89.105,2.36,0
89.11,-12.71,0
89.115,29.59,0
89.12,29.59,0
89.125,-13.53,0
89.13,-13.53,0
89.135,17.96,0
89.14,17.96,0
89.145,-15.33,0
89.15,-15.33,0
89.155,27.95,0
89.16,27.95,0
89.165,17.26,0
89.17,29.75,0
89.175,17.26,0
89.18,17.26,0
89.185,17.26,0
89.19,17.26,0
89.195,17.26,0
89.2,17.26,0
89.205,28.22,0
89.21,28.22,0
89.215,10.62,0
89.22,10.62,0
89.225,-17.65,0
89.23,-17.65,0
89.235,31.21,0
89.24,35.25,0
89.245,19.45,0
89.25,19.45,0
89.255,19.45,0
89.26,19.45,0
89.265,-13.89,0
89.27,-13.89,0
89.275,33.54,0
89.28,33.54,0
89.285,12.51,0
89.29,12.51,0
89.295,13.71,0
89.3,13.71,0
89.305,13.71,0
89.31,13.71,0
89.315,28.99,0
89.32,28.99,0
89.325,-14.12,0
89.33,-14.12,0
89.335,9.78,0
89.34,9.78,0
89.345,-9.72,0
89.35,-9.72,0
89.355,27.47,0
89.36,28.99,0
89.365,27.47,0
89.37,27.47,0
89.375,17.58,0
89.38,17.58,0
89.385,-11.76,0
89.39,-11.76,0
89.395,30.26,0
89.4,30.26,0
89.405,-16.18,0
89.41,-16.18,0
89.415,15.27,0
89.42,15.27,0
89.425,26.51,0
89.43,15.27,0
89.435,31.71,0
89.44,31.71,0
89.445,-13.36,0
89.45,-13.36,0
89.455,14.56,0
89.46,14.56,0
89.465,-13.25,0
89.47,-13.25,0
89.475,-13.25,0
89.48,31.44,0
89.485,-18.45,0
89.49,17.57,0
89.495,13.9,0
89.5,-13.55,0
89.505,-15.59,0
89.51,-15.59,0
89.515,35.14,0
89.52,35.14,0
89.525,-16.22,0
89.53,-16.22,0
89.535,-16.22,0
89.54,11.39,0
89.545,27.71,0
89.55,15.66,0
89.555,15.66,0
89.56,28.9,0
89.565,28.9,0
89.57,22.23,0
89.575,22.23,0
89.58,-19.15,0
89.585,-19.15,0
89.59,-19.15,0
89.595,-7.3,0
89.6,-7.3,0
89.605,4.01,0
89.61,4.01,0
89.615,-20.56,0
89.62,-20.56,0
89.625,-20.56,0
89.63,31.09,0
89.635,31.09,0
89.64,31.09,0
89.645,-0.14,0
89.65,-2.77,0
89.655,26.15,0
89.66,26.15,0
89.665,25.66,0
89.67,25.66,0
89.675,-3.13,0
89.68,-3.13,0
89.685,-3.13,0
89.69,26.15,0
89.695,23.62,0
89.7,23.62,0
89.705,-16.08,0
89.71,-16.08,0
89.715,-3.99,0
89.72,-3.99,0
89.725,0.76,0
89.73,0.76,0
89.735,15.48,0
89.74,-21.9,0
89.745,12.82,0
89.75,31.19,0
89.755,31.19,0
89.76,31.19,0
89.765,31.19,0
89.77,-1.17,0
89.775,26.74,0
89.78,26.74,0
89.785,27.46,0
89.79,27.46,0
89.795,27.46,0
89.8,-0.54,0
89.805,-0.54,0
89.81,-15.12,0
89.815,-0.88,0
89.82,-0.88,0
89.825,-17.98,0
89.83,-17.98,0
89.835,-0.46,0
89.84,-0.46,0
89.845,-1.88,0
89.85,-1.88,0
89.855,-1.88,0
89.86,-1.88,0
89.865,-20.75,0
89.87,-20.75,0
89.875,32.94,0
89.88,32.94,0
89.885,-2.72,0
89.89,-2.72,0
89.895,24.12,0
89.9,24.12,0
89.905,-24.72,0
89.91,-24.72,0
89.915,27.48,0
89.92,27.48,0
89.925,27.48,0
89.93,-2.88,0
89.935,-2.88,0
89.94,22.7,0
89.945,-16.05,0
89.95,-16.05,0
89.955,-16.05,0
89.96,-16.05,0
89.965,-16.05,0
89.97,26.19,0
89.975,26.19,0
89.98,2.56,0
89.985,-16.38,0
89.99,-16.38,0
89.995,-16.38,0
90.0,24.64,0
90.005,32.06,0
90.01,-11.93,0
90.015,-0.62,0
90.02,26.7,0
90.025,26.7,0
90.03,26.7,0
90.035,27.23,0
90.04,27.23,0
90.045,-2.39,0
90.05,-2.39,0
90.055,-2.39,0
90.06,24.72,0
90.065,-14.0,0
90.07,-14.0,0
90.075,6.6,0
90.08,25.36,0
90.085,-9.37,0
90.09,18.61,0
90.095,32.0,0
90.1,3.09,0
90.105,-20.28,0
90.11,-20.28,0
90.115,-7.37,0
90.12,30.14,0
90.125,-10.06,0
90.13,-10.06,0
90.135,30.04,0
90.14,-0.06,0
90.145,30.04,0
90.15,30.04,0
90.155,30.04,0
90.16,30.15,0
90.165,-0.54,0
90.17,-0.54,0
90.175,-3.07,0
90.18,-3.07,0
90.185,23.25,0
90.19,23.25,0
90.195,-17.22,0
90.2,-17.22,0
90.205,30.33,0
90.21,-4.72,0
90.215,-4.72,0
90.22,1.97,0
90.225,1.97,0
90.23,-20.44,0
90.235,-20.44,0
90.24,30.72,0
90.245,-7.75,0
90.25,-7.75,0
90.255,4.9,0
90.26,4.9,0
90.265,26.45,0
90.27,26.45,0
90.275,24.77,0
90.28,24.77,0
90.285,-2.69,0
90.29,-2.69,0
90.295,2.87,0
90.3,2.87,0
90.305,-17.91,0
90.31,-17.91,0
90.315,-17.91,0
90.32,-17.91,0
90.325,-7.45,0
90.33,-7.45,0
90.335,3.8,0
90.34,-17.34,0
90.345,-23.63,0
90.35,-23.63,0
90.355,3.8,1
90.36,30.07,0
90.365,30.07,0
90.37,-7.23,0
90.375,-21.34,0
90.38,0.06,0
90.385,15.2,0
90.39,5.52,0
90.395,6.67,0
90.4,6.67,0
90.405,28.82,0
90.41,28.82,0
90.415,-12.83,0
90.42,-12.83,0
90.425,-12.83,0
90.43,-12.83,0
90.435,-12.83,0
90.44,21.3,0
90.445,9.41,0
90.45,-8.83,0
90.455,-18.28,0
90.46,-18.28,0
90.465,17.13,0
90.47,17.13,0
90.475,17.13,0
90.48,6.33,0
90.485,-11.02,0
90.49,-11.02,0
90.495,28.63,0
90.5,28.63,0
90.505,28.63,0
90.51,21.23,0
90.515,11.94,0
90.52,11.94,0
90.525,29.86,0
90.53,-13.64,0
90.535,-15.24,0
90.54,-15.24,0
90.545,-15.24,0
90.55,-15.24,0
90.555,-15.24,0
90.56,8.34,0
90.565,8.34,0
90.57,-8.69,0
90.575,-8.69,0
90.58,-17.13,0
90.585,20.7,0
90.59,20.7,0
90.595,20.7,0
90.6,20.7,0
90.605,-9.67,0
90.61,32.33,0
90.615,34.28,0
90.62,34.28,0
90.625,16.69,0
90.63,16.69,0
90.635,11.61,0
90.64,11.61,0
90.645,11.61,0
90.65,32.33,0
90.655,31.9,0
90.66,-31.46,0
90.665,-14.21,0
90.67,-14.21,0
90.675,5.31,0
90.68,29.9,0
90.685,-9.92,0
90.69,-9.92,0
90.695,29.96,0
90.7,29.96,0
90.705,-17.39,0
90.71,-17.39,0
90.715,-17.39,0
90.72,-17.39,0
90.725,-11.15,0
90.73,-11.15,0
90.735,35.07,0
90.74,35.07,0
90.745,17.77,0
90.75,17.77,0
90.755,9.75,0
90.76,9.75,0
90.765,9.75,0
90.77,9.75,0
90.775,-12.29,0
90.78,29.02,0
90.785,-16.55,0
90.79,-21.15,0
90.795,29.09,0
90.8,1.24,0
90.805,-8.66,0
90.81,-8.66,0
90.815,26.3,0
90.82,26.3,0
90.825,-21.17,0
90.83,-21.17,0
90.835,21.27,0
90.84,21.27,0
90.845,21.27,0
90.85,21.27,0
90.855,-13.88,0
90.86,-13.88,0
90.865,-18.92,0
90.87,21.16,0
90.875,18.09,0
90.88,18.09,0
90.885,-16.55,0
90.89,18.09,0
90.895,18.09,0
90.9,18.09,0
90.905,-12.16,0
90.91,-12.16,0
90.915,6.39,0
90.92,6.39,0
90.925,-9.15,0
90.93,-9.15,0
90.935,-9.15,0
90.94,-9.15,0
90.945,-22.9,0
90.95,-5.33,0
90.955,24.93,0
90.96,-11.37,0
90.965,-8.82,0
90.97,-8.82,0
90.975,29.18,0
90.98,0.2,0
90.985,-22.55,0
90.99,-22.55,0
90.995,6.62,0
91.0,18.09,0
91.005,8.31,0
91.01,8.31,0
91.015,25.95,0
91.02,29.29,0
91.025,29.29,0
91.03,-15.1,0
91.035,-15.1,0
91.04,4.45,0
91.045,4.45,0
91.05,-7.7,0
91.055,-7.7,0
91.06,6.16,0
91.065,-7.7,0
91.07,27.19,0
91.075,-15.39,0
91.08,26.58,0
91.085,26.58,0
91.09,28.23,0
91.095,18.9,0
91.1,32.73,0
91.105,32.73,0
91.11,-20.59,0
91.115,-19.58,0
91.12,16.99,0
91.125,10.38,0
91.13,10.38,0
91.135,32.27,0
91.14,32.27,0
91.145,-14.61,0
91.15,-14.61,0
91.155,15.0,0
91.16,15.0,0
91.165,6.85,0
91.17,6.85,0
91.175,-3.78,0
91.18,-3.78,0
91.185,-17.19,0
91.19,-17.19,0
91.195,-21.61,0
91.2,-21.61,0
91.205,28.31,0
91.21,29.3,0
91.215,28.31,0
91.22,28.31,0
91.225,1.64,0
91.23,1.64,0
91.235,22.69,0
91.24,22.69,0
91.245,24.17,0
91.25,28.78,0
91.255,-4.21,0
91.26,-4.21,0
91.265,1.47,0
91.27,1.47,0
91.275,21.59,0
91.28,21.59,0
91.285,-16.3,0
91.29,-16.3,0
91.295,-16.3,0
91.3,-16.3,0
91.305,-10.83,0
91.31,6.95,0
91.315,-10.83,0
91.32,-17.53,0
91.325,26.07,0
91.33,26.07,0
91.335,26.07,0
91.34,26.07,0
91.345,-6.72,0
91.35,-12.06,0
91.355,24.31,0
91.36,24.31,0
91.365,28.43,0
91.37,28.43,0
91.375,-8.54,0
91.38,-8.54,0
91.385,-8.54,0
91.39,-8.54,0
91.395,18.62,0
91.4,18.62,0
91.405,-17.26,0
91.41,-17.26,0
91.415,-9.82,0
91.42,-9.82,0
91.425,3.02,0
91.43,9.74,0
91.435,18.52,0
91.44,18.52,0
91.445,18.52,0
91.45,32.43,0
91.455,32.43,0
91.46,32.43,0
91.465,32.43,0
91.47,8.72,0
91.475,8.72,0
91.48,25.05,0
91.485,30.19,0
91.49,30.19,0
91.495,30.19,0
91.5,-7.5,0
91.505,-7.5,0
91.51,-7.5,0
91.515,20.25,0
91.52,18.61,0
91.525,-13.18,0
91.53,-13.18,0
91.535,23.03,0
91.54,23.03,0
91.545,-10.09,0
91.55,-10.09,0
91.555,9.35,0
91.56,-9.94,0
91.565,27.51,0
91.57,-16.72,0
91.575,-16.72,0
91.58,27.51,0
91.585,29.71,0
91.59,7.68,0
91.595,7.68,0
91.6,24.58,0
91.605,24.58,0
91.61,29.71,0
91.615,8.89,0
91.62,4.35,0
91.625,-7.68,0
91.63,-7.68,0
91.635,19.53,0
91.64,19.53,0
91.645,-15.83,0
91.65,-15.83,0
91.655,28.09,0
91.66,28.09,0
91.665,-12.46,0
91.67,-12.46,0
91.675,12.74,0
91.68,12.74,0
91.685,12.74,0
91.69,-19.42,0
91.695,-19.42,0
91.7,31.54,0
91.705,31.54,0
91.71,-11.92,0
91.715,-11.92,0
91.72,6.45,0
91.725,6.45,0
91.73,12.74,0
91.735,22.1,0
91.74,27.0,0
91.745,-6.36,0
91.75,24.72,0
91.755,1.99,0
91.76,27.0,0
91.765,-11.12,0
91.77,-11.12,0
91.775,-11.12,0
91.78,-11.12,0
91.785,-11.12,0
91.79,-9.76,0
91.795,-9.76,0
91.8,-9.76,0
91.805,-9.76,0
91.81,16.08,0
91.815,16.08,0
91.82,31.03,0
91.825,31.03,0
91.83,-14.79,0
91.835,-16.33,0
91.84,8.31,0
91.845,20.97,0
91.85,20.97,0
91.855,-6.36,0
91.86,28.63,0
91.865,28.63,0
91.87,-7.41,0
91.875,-7.41,0
91.88,4.55,0
91.885,3.22,0
91.89,15.18,0
91.895,-14.65,0
91.9,-23.86,0
91.905,-7.94,0
91.91,-7.94,0
91.915,12.48,0
91.92,12.48,0
91.925,28.63,0
91.93,13.23,0
91.935,-16.29,0
91.94,-16.29,0
91.945,32.62,0
91.95,32.62,0
91.955,8.3,0
91.96,8.3,0
91.965,20.23,0
91.97,20.23,0
91.975,28.85,0
91.98,28.85,0
91.985,-10.02,0
91.99,-10.02,0
91.995,-10.02,0
92.0,20.69,0
92.005,17.25,0
92.01,17.25,0
92.015,3.83,0
92.02,-11.26,0
92.025,3.83,0
92.03,3.83,0
92.035,3.83,0
92.04,-17.6,0
92.045,-17.6,0
92.05,23.49,0
92.055,23.49,0
92.06,23.49,0
92.065,-0.06,0
92.07,-8.2,0
92.075,-8.2,0
92.08,-8.2,0
92.085,-20.69,0
92.09,-0.06,0
92.095,25.41,0
92.1,25.41,0
92.105,1.82,0
92.11,1.82,0
92.115,27.15,0
92.12,-16.1,0
92.125,-16.1,0
92.13,-16.1,0
92.135,19.15,0
92.14,27.15,0
92.145,0.55,0
92.15,-4.55,0
92.155,-4.55,0
92.16,-4.55,0
92.165,-4.55,0
92.17,24.35,0
92.175,24.35,0
92.18,26.23,0
92.185,26.23,0
92.19,-7.03,0
92.195,-7.03,0
92.2,-9.78,0
92.205,-7.03,0
92.21,18.36,0
92.215,18.36,0
92.22,4.57,0
92.225,4.57,0
92.23,4.57,0
92.235,27.15,0
92.24,-13.91,0
92.245,28.25,0
92.25,28.25,0
92.255,18.86,0
92.26,18.86,0
92.265,-4.1,0
92.27,-4.1,0
92.275,24.32,0
92.28,24.32,0
92.285,-21.93,0
92.29,-21.93,0
92.295,25.66,0
92.3,25.66,0
92.305,-8.19,0
92.31,-8.19,0
92.315,-8.19,0
92.32,32.71,0
92.325,-20.3,0
92.33,-20.3,0
92.335,-20.3,0
92.34,20.66,0
92.345,20.66,0
92.35,3.41,0
92.355,30.49,0
92.36,30.49,0
92.365,30.49,0
92.37,-22.39,0
92.375,-22.39,0
92.38,-0.56,0
92.385,-0.56,0
92.39,-3.87,0
92.395,-3.87,0
92.4,-3.87,0
92.405,-21.0,0
92.41,-21.0,0
92.415,24.66,0
92.42,24.66,0
92.425,-11.95,0
92.43,-11.95,0
92.435,29.11,0
92.44,20.66,0
92.445,14.01,0
92.45,-19.89,0
92.455,-19.89,0
92.46,24.72,0
92.465,2.68,0
92.47,3.13,0
92.475,3.13,0
92.48,-7.13,0
92.485,-7.13,0
92.49,-17.1,0
92.495,-17.1,0
92.5,20.37,0
92.505,20.37,0
92.51,-5.36,0
92.515,-5.36,0
92.52,-5.36,0
92.525,-5.36,0
92.53,-5.36,0
92.535,25.03,0
92.54,25.03,0
92.545,-3.14,0
92.55,-3.14,0
92.555,29.64,0
92.56,29.64,0
92.565,29.64,0
92.57,29.64,0
92.575,29.64,0
92.58,26.67,0
92.585,26.67,0
92.59,2.48,0
92.595,2.48,0
92.6,28.16,0
92.605,28.16,0
92.61,-19.51,0
92.615,-19.51,0
92.62,-14.15,0
92.625,21.78,0
92.63,-0.4,0
92.635,-1.88,0
92.64,-1.88,0
92.645,-1.88,0
92.65,26.74,0
92.655,27.55,0
92.66,27.55,0
92.665,27.55,0
92.67,2.68,0
92.675,2.68,0
92.68,28.78,0
92.685,28.78,0
92.69,28.78,0
92.695,22.76,0
92.7,22.76,0
92.705,22.76,0
92.71,7.37,0
92.715,7.37,0
92.72,28.6,0
92.725,-20.09,0
92.73,-20.09,0
92.735,-20.09,0
92.74,-20.09,0
92.745,-20.09,0
92.75,-3.08,0
92.755,-3.08,0
92.76,-3.65,0
92.765,-20.76,0
92.77,-20.76,0
92.775,-20.76,0
92.78,29.85,0
92.785,-19.65,0
92.79,-3.3,0
92.795,-3.3,0
92.8,-1.42,0
92.805,10.12,0
92.81,29.89,0
92.815,29.85,0
92.82,23.2,0
92.825,30.54,0
92.83,35.32,0
92.835,-15.32,0
92.84,-15.32,0
92.845,-15.32,0
92.85,-15.32,0
92.855,15.41,0
92.86,15.41,0
92.865,-9.78,0
92.87,-9.78,0
92.875,-13.62,0
92.88,-13.62,0
92.885,13.46,0
92.89,13.46,0
92.895,12.55,0
92.9,12.55,0
92.905,12.55,0
92.91,-16.36,0
92.915,32.33,0
92.92,1.79,0
92.925,13.46,0
92.93,32.33,0
92.935,32.33,0
92.94,32.33,0
92.945,-16.53,0
92.95,-4.81,0
92.955,-15.69,0
92.96,-15.69,0
92.965,-15.69,0
92.97,-15.69,0
92.975,-15.69,0
92.98,-15.69,0
92.985,-15.69,0
92.99,13.15,0
92.995,13.15,0
93.0,13.15,0
93.005,12.56,0
93.01,12.8,0
93.015,12.8,0
93.02,-13.73,0
93.025,13.15,0
93.03,32.25,0
93.035,-4.63,0
93.04,32.25,0
93.045,32.25,0
93.05,32.25,0
93.055,9.28,0
93.06,9.28,0
93.065,16.11,0
93.07,16.11,0
93.075,27.07,0
93.08,27.07,0
93.085,-13.03,0
93.09,-17.64,0
93.095,-13.03,0
93.1,-4.31,0
93.105,26.86,0
93.11,-13.03,0
93.115,-13.7,0
93.12,-13.7,0
93.125,-13.64,0
93.13,-13.64,0
93.135,9.31,0
93.14,9.31,0
93.145,11.96,0
93.15,11.96,0
93.155,-15.71,0
93.16,-15.71,0
93.165,37.55,0
93.17,-18.77,0
93.175,14.87,0
93.18,14.87,0
93.185,15.87,0
93.19,15.87,0
93.195,28.47,0
93.2,28.47,0
93.205,31.22,0
93.21,-13.12,0
93.215,-13.12,0
93.22,-13.12,0
93.225,-20.32,0
93.23,19.16,0
93.235,-14.28,0
93.24,-14.28,0
93.245,-14.28,0
93.25,-14.28,0
93.255,-15.56,0
93.26,-15.56,0
93.265,12.33,0
93.27,12.33,0
93.275,-11.35,0
93.28,-11.35,0
93.285,29.44,0
93.29,29.44,0
93.295,10.56,0
93.3,10.56,0
93.305,14.87,0
93.31,14.87,0
93.315,-18.15,0
93.32,-18.15,0
93.325,26.78,0
93.33,26.78,0
93.335,-13.42,0
93.34,-13.42,0
93.345,11.05,0
93.35,11.05,0
93.355,-12.36,0
93.36,-12.36,0
93.365,-0.72,0
93.37,27.72,0
93.375,-17.53,0
93.38,-17.53,0
93.385,-17.53,0
93.39,10.44,0
93.395,10.44,0
93.4,33.84,0
93.405,33.84,0
93.41,-17.29,0
93.415,-17.29,0
93.42,13.43,0
93.425,13.43,0
93.43,13.43,0
93.435,13.43,0
93.44,13.43,0
93.445,32.22,0
93.45,32.22,0
93.455,-11.44,0
93.46,-11.44,0
93.465,11.86,0
93.47,11.86,0
93.475,-10.28,0
93.48,-24.32,0
93.485,-10.28,0
93.49,-10.28,0
93.495,-16.2,0
93.5,-16.2,0
93.505,12.91,0
93.51,12.91,0
93.515,-22.8,0
93.52,8.47,0
93.525,8.47,0
93.53,8.47,0
93.535,35.46,0
93.54,35.46,0
93.545,14.64,0
93.55,14.64,0
93.555,14.64,0
93.56,14.64,0
93.565,-14.96,0
93.57,-14.96,0
93.575,-9.66,0
93.58,35.46,0
93.585,9.45,0
93.59,9.45,0
93.595,10.71,0
93.6,10.71,0
93.605,10.71,0
93.61,10.71,0
93.615,27.96,0
93.62,27.96,0
93.625,20.71,0
93.63,8.91,0
93.635,8.91,0
93.64,29.35,0
93.645,-13.82,0
93.65,-13.82,0
93.655,0.11,0
93.66,0.11,0
93.665,28.49,0
93.67,28.49,0
93.675,25.96,0
93.68,23.17,0
93.685,-2.03,0
93.69,-2.03,0
93.695,-2.03,0
93.7,-2.03,0
93.705,-2.03,0
93.71,-21.97,0
93.715,-21.97,0
93.72,-2.72,0
93.725,-2.72,0
93.73,-0.48,0
93.735,-0.48,0
93.74,-0.48,0
93.745,-0.48,0
93.75,-19.19,0
93.755,-19.19,0
93.76,30.41,0
93.765,30.41,0
93.77,30.96,0
93.775,11.88,0
93.78,27.92,0
93.785,27.92,0
93.79,27.92,0
93.795,27.92,0
93.8,25.88,0
93.805,25.88,0
93.81,2.17,0
93.815,6.34,0
93.82,-9.05,0
93.825,20.5,0
93.83,-17.46,0
93.835,-17.46,0
93.84,23.98,0
93.845,23.98,0
93.85,-4.51,0
93.855,-4.51,0
93.86,4.78,0
93.865,4.78,0
93.87,4.78,0
93.875,4.78,0
93.88,4.78,0
93.885,4.78,0
93.89,4.78,0
93.895,-3.99,0
93.9,-3.99,0
93.905,26.72,0
93.91,25.87,0
93.915,28.69,0
93.92,28.69,0
93.925,-5.9,0
93.93,-5.9,0
93.935,28.24,0
93.94,24.13,0
93.945,28.69,0
93.95,-16.12,0
93.955,-16.12,0
93.96,-16.12,0
93.965,-16.12,0
93.97,-16.12,0
93.975,-3.58,0
93.98,-3.58,0
93.985,-3.58,0
93.99,-17.38,0
93.995,-17.38,0
94.0,-17.38,0
94.005,-17.38,0
94.01,-17.38,0
94.015,-17.38,0
94.02,26.27,0
94.025,-0.95,0
94.03,-14.42,0
94.035,25.75,0
94.04,22.89,0
94.045,-3.48,0
94.05,-3.48,0
94.055,-3.48,0
94.06,-3.58,0
94.065,23.87,0
94.07,23.87,0
94.075,-17.42,0
94.08,-17.42,0
94.085,-2.05,0
94.09,-2.05,0
94.095,-19.94,0
94.1,-2.05,0
94.105,-2.05,0
94.11,-2.05,0
94.115,-2.05,0
94.12,-18.24,0
94.125,-18.24,0
94.13,29.05,0
94.135,29.05,0
94.14,29.05,0
94.145,29.05,0
94.15,29.05,0
94.155,29.05,0
94.16,-14.74,0
94.165,-1.32,0
94.17,-24.06,0
94.175,-4.04,0
94.18,-4.04,0
94.185,23.16,0
94.19,23.16,0
94.195,23.16,0
94.2,-20.23,0
94.205,-20.23,0
94.21,-6.59,0
94.215,-6.59,0
94.22,0.34,0
94.225,-2.07,0
94.23,0.34,0
94.235,0.34,0
94.24,-17.51,0
94.245,-17.51,0
94.25,-17.51,0
94.255,-13.29,0
94.26,-13.29,0
94.265,-13.29,0
94.27,26.18,0
94.275,26.18,0
94.28,-22.31,0
94.285,30.96,0
94.29,29.23,0
94.295,-3.21,0
94.3,-3.21,0
94.305,21.67,0
94.31,21.67,0
94.315,-17.51,0
94.32,3.25,0
94.325,21.67,0
94.33,21.67,0
94.335,21.67,0
94.34,21.67,0
94.345,22.86,0
94.35,-28.12,0
94.355,-18.13,0
94.36,-18.13,0
94.365,4.18,0
94.37,29.78,0
94.375,-8.58,0
94.38,-8.58,0
94.385,24.93,0
94.39,24.93,0
94.395,24.93,0
94.4,24.93,0
94.405,26.08,0
94.41,26.08,0
94.415,26.08,0
94.42,26.08,0
94.425,-0.3,0
94.43,-0.3,0
94.435,-18.69,0
94.44,-18.69,0
94.445,-18.69,0
94.45,-18.69,0
94.455,-18.69,0
94.46,-18.69,0
94.465,26.44,0
94.47,3.06,0
94.475,3.06,0
94.48,18.04,0
94.485,18.04,0
94.49,-12.99,0
94.495,-12.99,0
94.5,31.79,0
94.505,35.16,0
94.51,35.16,0
94.515,35.16,0
94.52,15.36,0
94.525,9.6,0
94.53,31.52,0
94.535,31.2,0
94.54,31.2,0
94.545,31.2,0
94.55,-8.97,0
94.555,-8.97,0
94.56,-8.97,0
94.565,-8.97,0
94.57,7.19,0
94.575,7.19,0
94.58,-10.07,0
94.585,-10.07,0
94.59,-10.07,0
94.595,-10.07,0
94.6,-10.07,0
94.605,-10.07,0
94.61,-10.07,0
94.615,8.44,0
94.62,8.44,0
94.625,28.74,0
94.63,28.74,0
94.635,17.95,0
94.64,17.95,0
94.645,17.95,0
94.65,6.36,0
94.655,6.36,0
94.66,-12.82,0
94.665,-12.82,0
94.67,9.23,0
94.675,-14.32,0
94.68,-11.18,0
94.685,-14.32,0
94.69,-14.32,0
94.695,7.56,0
94.7,7.56,0
94.705,7.56,0
94.71,9.83,0
94.715,7.56,0
94.72,19.18,0
94.725,7.56,0
94.73,14.19,0
94.735,-10.29,0
94.74,-10.29,0
94.745,-5.97,0
94.75,34.11,0
94.755,34.11,0
94.76,17.58,0
94.765,17.58,0
94.77,9.83,0
94.775,9.83,0
94.78,9.83,0
94.785,9.83,0
94.79,29.39,0
94.795,-13.35,0
94.8,-13.35,0
94.805,-12.65,0
94.81,8.84,0
94.815,-9.09,0
94.82,-8.71,0
94.825,-22.95,0
94.83,-9.09,0
94.835,-14.31,0
94.84,-15.63,0
94.845,23.28,0
94.85,23.28,0
94.855,-13.44,0
94.86,-13.44,0
94.865,-13.44,0
94.87,-13.44,0
94.875,32.67,0
94.88,32.67,0
94.885,17.18,0
94.89,17.18,0
94.895,10.28,0
94.9,10.28,0
94.905,-13.81,0
94.91,-13.81,0
94.915,-14.24,0
94.92,27.24,0
94.925,6.71,0
94.93,10.83,0
94.935,-7.28,0
94.94,-7.28,0
94.945,-7.28,0
94.95,-7.28,0
94.955,28.6,0
94.96,28.6,0
94.965,23.27,0
94.97,23.27,0
94.975,-5.98,0
94.98,-5.98,0
94.985,28.74,0
94.99,28.74,0
94.995,-22.75,0
95.0,-22.75,0
95.005,20.87,0
95.01,2.21,0
95.015,11.77,0
95.02,11.77,0
95.025,29.63,0
95.03,3.9,0
95.035,-17.95,0
95.04,-17.95,0
95.045,-17.95,0
95.05,-17.95,0
95.055,16.0,0
95.06,16.0,0
95.065,-14.49,0
95.07,-6.81,0
95.075,-19.93,0
95.08,-19.93,0
95.085,17.94,0
95.09,17.94,0
95.095,-10.79,0
95.1,11.77,0
95.105,30.39,0
95.11,30.39,0
95.115,-21.07,0
95.12,-21.07,0
95.125,16.47,0
95.13,16.47,0
95.135,-6.81,0
95.14,16.47,0
95.145,16.47,0
95.15,29.95,0
95.155,29.95,0
95.16,17.34,0
95.165,18.42,0
95.17,18.42,0
95.175,2.47,0
95.18,2.47,0
95.185,2.47,0
95.19,2.47,0
95.195,4.72,0
95.2,-18.98,0
95.205,22.68,0
95.21,22.68,0
95.215,3.68,0
95.22,3.68,0
95.225,35.49,0
95.23,35.49,0
95.235,35.49,0
95.24,35.49,0
95.245,21.33,0
95.25,21.33,0
95.255,6.15,0
95.26,-22.37,0
95.265,30.39,0
95.27,30.39,0
95.275,-19.14,0
95.28,-19.14,0
95.285,-7.62,0
95.29,-17.41,0
95.295,-17.41,0
95.3,-17.41,0
95.305,-10.72,0
95.31,-10.72,0
95.315,-10.72,0
95.32,-10.72,0
95.325,18.2,0
95.33,18.2,0
95.335,25.64,0
95.34,-18.71,0
95.345,-18.71,0
95.35,29.57,0
95.355,29.57,1
95.36,29.57,0
95.365,29.57,0
95.37,19.59,0
95.375,30.95,0
95.38,30.95,0
95.385,-7.37,0
95.39,-7.37,0
95.395,-7.37,0
95.4,-7.37,0
95.405,-5.4,0
95.41,-7.37,0
95.415,-7.37,0
95.42,-10.05,0
95.425,-15.21,0
95.43,-17.0,0
95.435,-7.15,0
95.44,6.29,0
95.445,6.29,0
95.45,17.28,0
95.455,17.28,0
95.46,29.75,0
95.465,29.75,0
95.47,29.75,0
95.475,29.75,0
95.48,8.98,0
95.485,8.98,0
95.49,21.45,0
95.495,21.45,0
95.5,-15.21,0
95.505,-24.76,0
95.51,-6.78,0
95.515,-6.78,0
95.52,-6.78,0
95.525,-6.78,0
95.53,17.21,0
95.535,17.21,0
95.54,-15.89,0
95.545,-15.89,0
95.55,-10.95,0
95.555,-10.95,0
95.56,9.16,0
95.565,9.16,0
95.57,-10.95,0
95.575,9.16,0
95.58,-20.51,0
95.585,-20.51,0
95.59,-20.51,0
95.595,-20.51,0
95.6,-20.51,0
95.605,-20.51,0
95.61,32.16,0
95.615,13.7,0
95.62,13.7,0
95.625,-18.08,0
95.63,31.78,0
95.635,31.78,0
95.64,31.78,0
95.645,-6.87,0
95.65,21.22,0
95.655,21.22,0
95.66,-14.2,0
95.665,-14.2,0
95.67,27.48,0
95.675,27.48,0
95.68,27.48,0
95.685,12.83,0
95.69,12.83,0
95.695,-15.42,0
95.7,-15.42,0
95.705,-15.42,0
95.71,29.86,0
95.715,29.86,0
95.72,5.36,0
95.725,5.36,0
95.73,-19.48,0
95.735,20.02,0
95.74,20.02,0
95.745,20.02,0
95.75,26.23,0
95.755,26.23,0
95.76,-6.17,0
95.765,27.24,0
95.77,-6.17,0
95.775,2.49,0
95.78,-13.12,0
95.785,-2.9,0
95.79,28.62,0
95.795,-12.2,0
95.8,-12.2,0
95.805,-12.2,0
95.81,-12.2,0
95.815,-12.2,0
95.82,-15.93,0
95.825,36.55,0
95.83,36.55,0
95.835,36.55,0
95.84,-11.16,0
95.845,8.84,0
95.85,8.84,0
95.855,8.84,0
95.86,8.84,0
95.865,-11.72,0
95.87,22.14,0
95.875,22.14,0
95.88,28.84,0
95.885,17.78,0
95.89,17.78,0
95.895,-18.47,0
95.9,-18.47,0
95.905,-18.47,0
95.91,-18.47,0
95.915,-14.16,0
95.92,-14.16,0
95.925,11.37,0
95.93,11.37,0
95.935,-17.92,0
95.94,-17.92,0
95.945,33.57,0
95.95,33.57,0
95.955,33.57,0
95.96,33.57,0
95.965,33.57,0
95.97,5.29,0
95.975,24.01,0
95.98,19.12,0
95.985,28.39,0
95.99,28.39,0
95.995,-5.11,0
96.0,-0.73,0
96.005,1.34,0
96.01,1.34,0
96.015,-6.81,0
96.02,19.42,0
96.025,19.42,0
96.03,-17.78,0
96.035,-17.78,0
96.04,-17.78,0
96.045,-17.78,0
96.05,-10.6,0
96.055,-10.6,0
96.06,35.15,0
96.065,15.87,0
96.07,27.27,0
96.075,27.27,0
96.08,27.27,0
96.085,27.27,0
96.09,8.83,0
96.095,8.83,0
96.1,19.13,0
96.105,19.13,0
96.11,0.9,0
96.115,0.9,0
96.12,-8.45,0
96.125,-4.09,0
96.13,27.85,0
96.135,-15.01,0
96.14,-15.01,0
96.145,0.99,0
96.15,0.99,0
96.155,-2.77,0
96.16,-2.77,0
96.165,23.67,0
96.17,23.67,0
96.175,-20.03,0
96.18,-20.03,0
96.185,20.84,0
96.19,20.84,0
96.195,-5.45,0
96.2,32.46,0
96.205,32.46,0
96.21,32.46,0
96.215,32.46,0
96.22,32.46,0
96.225,21.82,0
96.23,21.82,0
96.235,4.85,0
96.24,4.85,0
96.245,27.2,0
96.25,27.2,0
96.255,-14.15,0
96.26,27.2,0
96.265,3.57,0
96.27,-19.3,0
96.275,0.51,0
96.28,-2.62,0
96.285,-2.62,0
96.29,-22.19,0
96.295,-22.19,0
96.3,-22.19,0
96.305,-22.19,0
96.31,-22.19,0
96.315,26.61,0
96.32,26.61,0
96.325,28.37,0
96.33,28.37,0
96.335,28.37,0
96.34,28.37,0
96.345,21.02,0
96.35,21.02,0
96.355,4.51,0
96.36,4.51,0
96.365,-22.44,0
96.37,-8.5,0
96.375,-22.19,0
96.38,29.89,0
96.385,-17.16,0
96.39,-17.16,0
96.395,1.27,0
96.4,1.27,0
96.405,-5.21,0
96.41,-5.21,0
96.415,-20.91,0
96.42,-20.91,0
96.425,26.32,0
96.43,26.32,0
96.435,-0.72,0
96.44,-3.88,0
96.445,-3.88,0
96.45,-3.88,0
96.455,27.99,0
96.46,27.99,0
96.465,-12.76,0
96.47,4.85,0
96.475,4.85,0
96.48,4.85,0
96.485,4.85,0
96.49,4.85,0
96.495,-17.71,0
96.5,-17.17,0
96.505,-17.17,0
96.51,2.37,0
96.515,2.37,0
96.52,-9.97,0
96.525,-9.97,0
96.53,-9.97,0
96.535,-17.96,0
96.54,-17.96,0
96.545,25.89,0
96.55,25.89,0
96.555,25.89,0
96.56,25.89,0
96.565,-6.51,0
96.57,-6.51,0
96.575,31.78,0
96.58,31.78,0
96.585,23.26,0
96.59,23.26,0
96.595,-1.01,0
96.6,-1.01,0
96.605,-7.56,0
96.61,-7.56,0
96.615,26.45,0
96.62,26.45,0
96.625,-15.21,0
96.63,-15.21,0
96.635,0.81,0
96.64,-2.65,0
96.645,-2.65,0
96.65,25.94,0
96.655,7.47,0
96.66,-18.15,0
96.665,-18.15,0
96.67,-18.15,0
96.675,22.32,0
96.68,-6.61,0
96.685,-6.61,0
96.69,30.45,0
96.695,-13.17,0
96.7,-20.35,0
96.705,-20.35,0
96.71,-20.35,0
96.715,-20.35,0
96.72,-20.35,0
96.725,-20.35,0
96.73,-7.39,0
96.735,-1.8,0
96.74,-20.89,0
96.745,-20.89,0
96.75,-20.89,0
96.755,-20.89,0
96.76,19.06,0
96.765,19.06,0
96.77,-4.68,0
96.775,-20.89,0
96.78,-18.09,0
96.785,-18.09,0
96.79,21.04,0
96.795,21.04,0
96.8,-5.41,0
96.805,-5.41,0
96.81,-5.41,0
96.815,31.8,0
96.82,31.8,0
96.825,-19.73,0
96.83,25.01,0
96.835,25.01,0
96.84,25.01,0
96.845,3.78,0
96.85,3.78,0
96.855,3.78,0
96.86,-5.16,0
96.865,-5.16,0
96.87,23.73,0
96.875,23.73,0
96.88,1.87,0
96.885,1.87,0
96.89,-5.43,0
96.895,-5.43,0
96.9,24.75,0
96.905,24.75,0
96.91,31.02,0
96.915,31.02,0
96.92,24.43,0
96.925,24.43,0
96.93,-12.22,0
96.935,-12.22,0
96.94,6.97,0
96.945,6.97,0
96.95,-10.48,0
96.955,22.3,0
96.96,22.3,0
96.965,22.3,0
96.97,29.59,0
96.975,29.59,0
96.98,29.59,0
96.985,8.1,0
96.99,16.44,0
96.995,16.44,0
97.0,16.43,0
97.005,31.02,0
97.01,-9.62,0
97.015,-14.41,0
97.02,11.72,0
97.025,11.72,0
97.03,-2.17,0
97.035,11.72,0
97.04,11.72,0
97.045,11.72,0
97.05,30.04,0
97.055,30.04,0
97.06,11.97,0
97.065,11.97,0
97.07,11.86,0
97.075,11.86,0
97.08,27.95,0
97.085,11.86,0
97.09,-8.69,0
97.095,-8.69,0
97.1,-8.69,0
97.105,-8.69,0
97.11,-12.07,0
97.115,-3.66,0
97.12,-11.25,0
97.125,-11.25,0
97.13,-13.14,0
97.135,-13.14,0
97.14,12.89,0
97.145,12.89,0
97.15,12.89,0
97.155,12.89,0
97.16,29.6,0
97.165,28.59,0
97.17,28.59,0
97.175,10.04,0
97.18,10.04,0
97.185,7.79,0
97.19,14.72,0
97.195,14.72,0
97.2,14.72,0
97.205,-13.14,0
97.21,14.72,0
97.215,-13.17,0
97.22,-13.17,0
97.225,17.42,0
97.23,27.66,0
97.235,-14.97,0
97.24,-14.97,0
97.245,-14.97,0
97.25,-14.97,0
97.255,-14.97,0
97.26,14.72,0
97.265,-14.97,0
97.27,-11.64,0
97.275,11.58,0
97.28,11.58,0
97.285,11.58,0
97.29,-8.95,0
97.295,-8.95,0
97.3,9.55,0
97.305,9.55,0
97.31,11.97,0
97.315,11.97,0
97.32,11.97,0
97.325,11.97,0
97.33,25.92,0
97.335,-8.37,0
97.34,-8.37,0
97.345,29.43,0
97.35,11.99,0
97.355,-12.19,0
97.36,-12.19,0
97.365,25.41,0
97.37,25.41,0
97.375,25.41,0
97.38,-14.81,0
97.385,-14.81,0
97.39,15.12,0
97.395,15.12,0
97.4,-14.78,0
97.405,31.82,0
97.41,31.82,0
97.415,31.82,0
97.42,-15.58,0
97.425,-15.58,0
97.43,18.83,0
97.435,18.83,0
97.44,18.83,0
97.445,25.16,0
97.45,25.16,0
97.455,25.16,0
97.46,-15.55,0
97.465,8.64,0
97.47,8.64,0
97.475,15.67,0
97.48,-12.41,0
97.485,-12.41,0
97.49,-12.41,0
97.495,-11.42,0
97.5,-11.42,0
97.505,12.59,0
97.51,12.59,0
97.515,-19.25,0
97.52,-19.25,0
97.525,30.92,0
97.53,30.92,0
97.535,30.92,0
97.54,15.67,0
97.545,10.32,0
97.55,10.32,0
97.555,16.17,0
97.56,16.17,0
97.565,26.56,0
97.57,26.56,0
97.575,-6.01,0
97.58,-6.01,0
97.585,6.11,0
97.59,-17.19,0
97.595,13.19,0
97.6,13.19,0
97.605,-10.54,0
97.61,-10.54,0
97.615,-14.4,0
97.62,-6.13,0
97.625,11.43,0
97.63,11.43,0
97.635,-15.99,0
97.64,-15.99,0
97.645,-17.19,0
97.65,-15.99,0
97.655,-15.99,0
97.66,-15.99,0
97.665,10.26,0
97.67,10.26,0
97.675,19.49,0
97.68,18.12,0
97.685,28.21,0
97.69,28.21,0
97.695,-8.92,0
97.7,-8.92,0
97.705,8.64,0
97.71,8.64,0
97.715,8.64,0
97.72,15.09,0
97.725,2.5,0
97.73,2.5,0
97.735,2.5,0
97.74,-3.43,0
97.745,-3.43,0
97.75,2.24,0
97.755,-3.43,0
97.76,23.59,0
97.765,23.59,0
97.77,0.17,0
97.775,0.17,0
97.78,-5.1,0
97.785,26.46,0
97.79,26.46,0
97.795,21.11,0
97.8,21.11,0
97.805,3.73,0
97.81,3.73,0
97.815,4.04,0
97.82,-4.93,0
97.825,24.44,0
97.83,24.44,0
97.835,24.44,0
97.84,24.44,0
97.845,24.44,0
97.85,14.42,0
97.855,14.42,0
97.86,-1.27,0
97.865,-1.27,0
97.87,-15.91,0
97.875,-15.91,0
97.88,23.74,0
97.885,23.74,0
97.89,23.74,0
97.895,23.74,0
97.9,-15.91,0
97.905,-3.42,0
97.91,25.99,0
97.915,25.99,0
97.92,25.99,0
97.925,-14.42,0
97.93,-17.57,0
97.935,-17.57,0
97.94,-4.73,0
97.945,-4.73,0
97.95,24.57,0
97.955,24.57,0
97.96,-15.02,0
97.965,-15.02,0
97.97,19.6,0
97.975,8.8,0
97.98,3.75,0
97.985,3.75,0
97.99,-17.48,0
97.995,-17.48,0
98.0,-17.48,0
98.005,21.78,0
98.01,21.78,0
98.015,21.78,0
98.02,21.78,0
98.025,-2.52,0
98.03,29.95,0
98.035,29.95,0
98.04,29.95,0
98.045,22.21,0
98.05,22.21,0
98.055,22.21,0
98.06,22.21,0
98.065,22.21,0
98.07,22.21,0
98.075,22.47,0
98.08,-13.62,0
98.085,-13.62,0
98.09,2.36,0
98.095,2.36,0
98.1,0.59,0
98.105,-7.68,0
98.11,0.59,0
98.115,0.59,0
98.12,-13.41,0
98.125,-17.05,0
98.13,24.07,0
98.135,24.07,0
98.14,-3.54,0
98.145,-3.54,0
98.15,26.92,0
98.155,26.92,0
98.16,-20.08,0
98.165,-20.08,0
98.17,20.36,0
98.175,20.36,0
98.18,20.36,0
98.185,22.19,0
98.19,6.27,0
98.195,21.45,0
98.2,-3.63,0
98.205,-13.87,0
98.21,-0.55,0
98.215,-0.55,0
98.22,-4.09,0
98.225,-4.09,0
98.23,-4.09,0
98.235,-16.65,0
98.24,-4.09,0
98.245,-16.14,0
98.25,-16.14,0
98.255,-16.12,0
98.26,24.37,0
98.265,-2.72,0
98.27,6.27,0
98.275,28.81,0
98.28,28.81,0
98.285,28.81,0
98.29,28.81,0
98.295,16.24,0
98.3,-13.97,0
98.305,5.66,0
98.31,5.66,0
98.315,25.81,0
98.32,25.81,0
98.325,-15.1,0
98.33,13.25,0
98.335,-15.1,0
98.34,-15.1,0
98.345,-15.1,0
98.35,-1.58,0
98.355,-1.58,0
98.36,-16.59,0
98.365,-16.59,0
98.37,9.08,0
98.375,-7.17,0
98.38,25.81,0
98.385,-16.59,0
98.39,-16.59,0
98.395,-3.71,0
98.4,27.86,0
98.405,27.86,0
98.41,27.86,0
98.415,-3.71,0
98.42,0.74,0
98.425,0.74,0
98.43,0.74,0
98.435,-1.93,0
98.44,-1.93,0
98.445,26.4,0
98.45,-14.33,0
98.455,-14.33,0
98.46,-14.42,0
98.465,1.64,0
98.47,1.64,0
98.475,-0.04,0
98.48,-16.38,0
98.485,-16.38,0
98.49,28.4,0
98.495,28.4,0
98.5,28.4,0
98.505,28.4,0
98.51,28.4,0
98.515,-1.36,0
98.52,1.73,0
98.525,1.73,0
98.53,24.31,0
98.535,24.31,0
98.54,24.31,0
98.545,-0.67,0
98.55,15.79,0
98.555,28.53,0
98.56,28.53,0
98.565,28.53,0
98.57,-16.3,0
98.575,-1.28,0
98.58,-13.36,0
98.585,-13.36,0
98.59,23.11,0
98.595,23.11,0
98.6,23.11,0
98.605,17.85,0
98.61,17.85,0
98.615,17.85,0
98.62,17.85,0
98.625,-13.6,0
98.63,-13.6,0
98.635,31.1,0
98.64,31.1,0
98.645,10.68,0
98.65,7.55,0
98.655,15.62,0
98.66,15.62,0
98.665,17.6,0
98.67,15.62,0
98.675,21.32,0
98.68,-8.78,0
98.685,-8.78,0
98.69,10.28,0
98.695,10.28,0
98.7,-9.68,0
98.705,-9.68,0
98.71,-9.68,0
98.715,25.56,0
98.72,25.56,0
98.725,11.22,0
98.73,11.22,0
98.735,11.22,0
98.74,11.22,0
98.745,-14.32,0
98.75,26.03,0
98.755,26.03,0
98.76,-13.29,0
98.765,14.79,0
98.77,14.79,0
98.775,17.62,0
98.78,17.62,0
98.785,17.62,0
98.79,17.62,0
98.795,24.42,0
98.8,24.42,0
98.805,-11.43,0
98.81,15.15,0
98.815,15.15,0
98.82,-11.3,0
98.825,-11.3,0
98.83,-11.3,0
98.835,-11.3,0
98.84,-15.64,0
98.845,-15.64,0
98.85,12.93,0
98.855,12.93,0
98.86,-10.34,0
98.865,-10.34,0
98.87,28.04,0
98.875,28.04,0
98.88,27.31,0
98.885,-15.49,0
98.89,12.47,0
98.895,17.63,0
98.9,14.36,0
98.905,14.36,0
98.91,28.0,0
98.915,28.0,0
98.92,28.0,0
98.925,28.0,0
98.93,28.0,0
98.935,-9.59,0
98.94,14.44,0
98.945,14.44,0
98.95,-11.22,0
98.955,-11.22,0
98.96,-11.22,0
98.965,-11.22,0
98.97,-7.7,0
98.975,-13.39,0
98.98,-13.39,0
98.985,-10.7,0
98.99,-10.7,0
98.995,24.13,0
99.0,25.32,0
99.005,25.32,0
99.01,25.32,0
99.015,25.32,0
99.02,12.02,0
99.025,12.02,0
99.03,12.02,0
99.035,26.91,0
99.04,26.91,0
99.045,-13.09,0
99.05,-13.09,0
99.055,11.04,0
99.06,11.04,0
99.065,12.41,0
99.07,12.41,0
99.075,-8.07,0
99.08,-8.07,0
99.085,-13.6,0
99.09,-13.6,0
99.095,-13.6,0
99.1,-13.6,0
99.105,17.17,0
99.11,17.17,0
99.115,30.46,0
99.12,30.46,0
99.125,30.46,0
99.13,-5.75,0
99.135,11.09,0
99.14,11.09,0
99.145,12.11,0
99.15,12.11,0
99.155,25.75,0
99.16,25.75,0
99.165,-9.14,0
99.17,-9.14,0
99.175,-9.14,0
99.18,10.69,0
99.185,10.69,0
99.19,10.69,0
99.195,10.69,0
99.2,25.68,0
99.205,25.68,0
99.21,12.76,0
99.215,12.76,0
99.22,12.76,0
99.225,12.76,0
99.23,10.69,0
99.235,-12.08,0
99.24,31.09,0
99.245,31.09,0
99.25,10.5,0
99.255,10.5,0
99.26,17.75,0
99.265,-9.71,0
99.27,17.75,0
99.275,17.75,0
99.28,17.75,0
99.285,17.75,0
99.29,-15.06,0
99.295,-15.06,0
99.3,-0.4,0
99.305,12.97,0
99.31,-12.62,0
99.315,-12.62,0
99.32,-11.27,0
99.325,-11.27,0
99.33,14.95,0
99.335,14.95,0
99.34,14.95,0
99.345,14.95,0
99.35,-13.03,0
99.355,-13.03,0
99.36,-1.59,0
99.365,-1.59,0
99.37,20.93,0
99.375,10.48,0
99.38,21.57,0
99.385,21.57,0
99.39,1.85,0
99.395,1.85,0
99.4,1.85,0
99.405,1.85,0
99.41,-3.02,0
99.415,-3.02,0
99.42,-15.91,0
99.425,28.64,0
99.43,-2.13,0
99.435,-2.13,0
99.44,-4.05,0
99.445,-4.05,0
99.45,-4.05,0
99.455,-4.05,0
99.46,-4.05,0
99.465,-4.05,0
99.47,-4.05,0
99.475,28.36,0
99.48,28.36,0
99.485,28.36,0
99.49,0.48,0
99.495,29.63,0
99.5,-15.76,0
99.505,-15.76,0
99.51,1.23,0
99.515,-3.25,0
99.52,1.23,0
99.525,1.23,0
99.53,23.51,0
99.535,23.51,0
99.54,-12.61,0
99.545,-12.61,0
99.55,-12.61,0
99.555,-3.0,0
99.56,-3.0,0
99.565,2.67,0
99.57,2.67,0
99.575,2.67,0
99.58,2.67,0
99.585,-17.22,0
99.59,-17.22,0
99.595,24.96,0
99.6,-1.96,0
99.605,-1.96,0
99.61,26.38,0
99.615,26.38,0
99.62,26.38,0
99.625,26.38,0
99.63,24.39,0
99.635,2.67,0
99.64,0.25,0
99.645,0.25,0
99.65,23.7,0
99.655,23.7,0
99.66,-13.88,0
99.665,-13.88,0
99.67,22.96,0
99.675,22.96,0
99.68,-0.9,0
99.685,-0.9,0
99.69,2.94,0
99.695,2.94,0
99.7,-19.37,0
99.705,-19.37,0
99.71,22.33,0
99.715,22.33,0
99.72,22.33,0
99.725,22.33,0
99.73,22.33,0
99.735,23.71,0
99.74,23.71,0
99.745,26.37,0
99.75,26.37,0
99.755,-3.08,0
99.76,-3.08,0
99.765,-5.6,0
99.77,-5.6,0
99.775,20.81,0
99.78,20.81,0
99.785,-11.34,0
99.79,-11.34,0
99.795,-2.39,0
99.8,-2.39,0
99.805,2.16,0
99.81,2.16,0
99.815,21.64,0
99.82,21.64,0
99.825,21.64,0
99.83,24.01,0
99.835,24.01,0
99.84,24.01,0
99.845,24.01,0
99.85,0.8,0
99.855,0.8,0
99.86,24.85,0
99.865,24.85,0
99.87,24.82,0
99.875,-2.36,0
99.88,-2.36,0
99.885,-2.36,0
99.89,-12.42,0
99.895,-2.36,0
99.9,21.82,0
99.905,21.82,0
99.91,21.82,0
99.915,21.01,0
99.92,21.01,0
99.925,21.01,0
99.93,29.3,0
99.935,0.99,0
99.94,18.77,0
99.945,18.77,0
99.95,-14.27,0
99.955,27.58,0
99.96,27.58,0
99.965,-2.01,0
99.97,-2.01,0
99.975,22.06,0
99.98,25.89,0
99.985,-21.69,0
99.99,-21.69,0
99.995,-21.69,0
100.0,-21.69,0
100.005,-21.69,0
100.01,-21.69,0
100.015,-4.41,0
100.02,-4.41,0
100.025,-19.5,0
100.03,-19.5,0
100.035,-2.92,0
100.04,-2.92,0
100.045,4.02,0
100.05,4.02,0
100.055,4.02,0
100.06,4.02,0
100.065,-17.76,0
100.07,-17.76,0
100.075,27.33,0
100.08,27.33,0
100.085,0.2,0
100.09,0.2,0
100.095,25.41,0
100.1,25.41,0
100.105,0.63,0
100.11,-2.92,0
100.115,-22.52,0
100.12,22.34,0
100.125,12.66,0
100.13,3.03,0
100.135,25.41,0
100.14,22.66,0
100.145,22.66,0
100.15,-16.9,0
100.155,-16.9,0
100.16,23.1,0
100.165,23.1,0
100.17,-0.92,0
100.175,-0.92,0
100.18,-0.92,0
100.185,-0.92,0
100.19,-12.65,0
100.195,4.03,0
100.2,-12.29,0
100.205,29.93,0
100.21,29.93,0
100.215,12.47,0
100.22,29.93,0
100.225,12.23,0
100.23,12.23,0
100.235,12.3,0
100.24,12.3,0
100.245,22.92,0
100.25,26.54,0
100.255,-6.35,0
100.26,-6.08,0
100.265,-6.35,0
100.27,-6.35,0
100.275,12.3,0
100.28,8.79,0
100.285,-9.87,0
100.29,-9.87,0
100.295,31.29,0
100.3,-13.86,0
100.305,16.35,0
100.31,16.35,0
100.315,10.18,0
100.32,10.18,0
100.325,-11.65,0
100.33,16.35,0
100.335,33.76,0
100.34,33.76,0
100.345,16.23,0
100.35,16.23,0
100.355,11.11,1
100.36,11.11,0
100.365,-16.54,0
100.37,-16.54,0
100.375,28.88,0
100.38,28.88,0
100.385,-11.13,0
100.39,-11.13,0
100.395,8.56,0
100.4,8.56,0
100.405,-9.93,0
100.41,24.66,0
100.415,24.66,0
100.42,-15.3,0
100.425,-15.3,0
100.43,16.54,0
100.435,16.54,0
100.44,16.54,0
100.445,16.54,0
100.45,8.88,0
100.455,8.88,0
100.46,-10.88,0
100.465,-10.88,0
100.47,27.23,0
100.475,15.12,0
100.48,12.55,0
100.485,12.55,0
100.49,23.56,0
100.495,23.56,0
100.5,-12.58,0
100.505,-4.19,0
100.51,8.28,0
100.515,8.28,0
100.52,-7.22,0
100.525,-7.22,0
100.53,-7.22,0
100.535,-7.22,0
100.54,-12.7,0
100.545,-12.7,0
100.55,16.22,0
100.555,16.22,0
100.56,10.02,0
100.565,10.02,0
100.57,-13.69,0
100.575,-13.69,0
100.58,30.71,0
100.585,30.71,0
100.59,13.14,0
100.595,13.14,0
100.6,9.36,0
100.605,24.34,0
100.61,26.69,0
100.615,26.69,0
100.62,-11.34,0
100.625,-11.34,0
100.63,-11.34,0
100.635,-11.34,0
100.64,11.9,0
100.645,11.9,0
100.65,-10.68,0
100.655,-10.68,0
100.66,-11.51,0
100.665,-11.51,0
100.67,14.26,0
100.675,14.26,0
100.68,14.26,0
100.685,14.26,0
100.69,14.26,0
100.695,-17.14,0
100.7,27.87,0
100.705,-17.13,0
100.71,14.68,0
100.715,14.68,0
100.72,9.92,0
100.725,9.92,0
100.73,26.68,0
100.735,-13.26,0
100.74,24.37,0
100.745,25.64,0
100.75,-12.83,0
100.755,-12.83,0
100.76,11.58,0
100.765,11.58,0
100.77,25.64,0
100.775,-8.36,0
100.78,-8.55,0
100.785,-8.55,0
100.79,16.91,0
100.795,16.91,0
100.8,16.91,0
100.805,16.91,0
100.81,12.8,0
100.815,12.8,0
100.82,-11.76,0
100.825,28.46,0
100.83,16.21,0
100.835,16.21,0
100.84,13.76,0
100.845,13.76,0
100.85,-14.68,0
100.855,-14.68,0
100.86,27.27,0
100.865,27.27,0
100.87,27.27,0
100.875,27.27,0
100.88,24.38,0
100.885,12.08,0
100.89,-13.39,0
100.895,-13.39,0
100.9,24.48,0
100.905,24.48,0
100.91,-10.81,0
100.915,-10.81,0
100.92,15.94,0
100.925,15.94,0
100.93,3.61,0
100.935,-13.3,0
100.94,28.29,0
100.945,28.29,0
100.95,-17.97,0
100.955,-17.97,0
100.96,13.29,0
100.965,13.29,0
100.97,13.29,0
100.975,13.29,0
100.98,26.83,0
100.985,26.83,0
100.99,17.73,0
100.995,17.73,0
101.0,-20.91,0
101.005,-20.91,0
101.01,19.64,0
101.015,-5.79,0
101.02,3.43,0
101.025,3.43,0
101.03,-12.75,0
101.035,3.43,0
101.04,-18.16,0
101.045,-18.16,0
101.05,-18.16,0
101.055,25.5,0
101.06,25.5,0
101.065,0.95,0
101.07,28.12,0
101.075,28.12,0
101.08,0.95,0
101.085,0.95,0
101.09,0.95,0
101.095,26.02,0
101.1,26.02,0
101.105,24.27,0
101.11,1.81,0
101.115,20.62,0
101.12,-12.59,0
101.125,-29.67,0
101.13,21.82,0
101.135,26.94,0
101.14,13.81,0
101.145,-7.78,0
101.15,-7.78,0
101.155,0.16,0
101.16,-17.07,0
101.165,-17.07,0
101.17,-17.07,0
101.175,26.57,0
101.18,-3.41,0
101.185,-3.41,0
101.19,11.73,0
101.195,27.41,0
101.2,27.41,0
101.205,27.41,0
101.21,27.41,0
101.215,27.41,0
101.22,24.83,0
101.225,24.83,0
101.23,20.76,0
101.235,20.76,0
101.24,20.76,0
101.245,-14.86,0
101.25,-14.86,0
101.255,20.55,0
101.26,-2.7,0
101.265,-2.7,0
101.27,-2.7,0
101.275,-2.7,0
101.28,-2.7,0
101.285,20.53,0
101.29,20.53,0
101.295,26.01,0
101.3,26.01,0
101.305,26.01,0
101.31,26.01,0
101.315,1.91,0
101.32,24.52,0
101.325,24.52,0
101.33,23.33,0
101.335,23.33,0
101.34,-20.61,0
101.345,-3.32,0
101.35,28.88,0
101.355,-3.86,0
101.36,22.07,0
101.365,22.07,0
101.37,-11.77,0
101.375,-11.77,0
101.38,-2.21,0
101.385,-2.21,0
101.39,2.67,0
101.395,2.67,0
101.4,-14.12,0
101.405,-14.12,0
101.41,-14.12,0
101.415,27.56,0
101.42,27.56,0
101.425,11.81,0
101.43,27.56,0
101.435,-3.08,0
101.44,28.08,0
101.445,28.08,0
101.45,23.55,0
101.455,23.55,0
101.46,-0.58,0
101.465,-0.58,0
101.47,-0.58,0
101.475,-0.58,0
101.48,-4.96,0
101.485,29.63,0
101.49,29.63,0
101.495,29.63,0
101.5,26.62,0
101.505,26.62,0
101.51,2.49,0
101.515,2.49,0
101.52,2.49,0
101.525,2.49,0
101.53,2.49,0
101.535,2.49,0
101.54,2.49,0
101.545,-17.45,0
101.55,-0.52,0
101.555,-0.52,0
101.56,23.25,0
101.565,23.25,0
101.57,23.25,0
101.575,-17.28,0
101.58,25.86,0
101.585,25.86,0
101.59,25.86,0
101.595,-0.9,0
101.6,-0.9,0
101.605,23.14,0
101.61,23.14,0
101.615,-13.3,0
101.62,-13.3,0
101.625,21.96,0
101.63,21.96,0
101.635,0.66,0
101.64,0.66,0
101.645,0.66,0
101.65,0.66,0
101.655,-30.6,0
101.66,-18.49,0
101.665,27.1,0
101.67,1.26,0
101.675,-5.45,0
101.68,-0.42,0
101.685,26.46,0
101.69,23.14,0
101.695,26.46,0
101.7,26.46,0
101.705,26.75,0
101.71,26.75,0
101.715,26.75,0
101.72,26.75,0
101.725,-3.76,0
101.73,-3.76,0
101.735,-16.64,0
101.74,-16.64,0
101.745,-16.64,0
101.75,0.66,0
101.755,-5.14,0
101.76,-5.14,0
101.765,2.15,0
101.77,2.15,0
101.775,-20.43,0
101.78,-20.43,0
101.785,-20.43,0
101.79,27.1,0
101.795,27.1,0
101.8,-0.4,0
101.805,-0.4,0
101.81,15.44,0
101.815,15.44,0
101.82,9.52,0
101.825,9.52,0
101.83,-14.97,0
101.835,-20.66,0
101.84,30.92,0
101.845,30.92,0
101.85,-12.52,0
101.855,-12.52,0
101.86,9.42,0
101.865,9.42,0
101.87,-13.42,0
101.875,-13.42,0
101.88,-14.8,0
101.885,27.75,0
101.89,21.31,0
101.895,-0.41,0
101.9,4.89,0
101.905,21.31,0
101.91,-13.49,0
101.915,-13.49,0
101.92,31.3,0
101.925,31.3,0
101.93,13.64,0
101.935,13.64,0
101.94,13.96,0
101.945,13.96,0
101.95,-12.59,0
101.955,-12.59,0
101.96,30.61,0
101.965,-14.8,0
101.97,-13.18,0
101.975,-13.18,0
101.98,9.87,0
101.985,9.87,0
101.99,-10.79,0
101.995,-10.79,0
102.0,-14.36,0
102.005,-14.36,0
102.01,19.07,0
102.015,19.07,0
102.02,19.07,0
102.025,19.07,0
102.03,6.27,0
102.035,28.53,0
102.04,35.52,0
102.045,35.52,0
102.05,20.68,0
102.055,20.68,0
102.06,9.3,0
102.065,9.87,0
102.07,-18.92,0
102.075,-18.92,0
102.08,34.34,0
102.085,19.07,0
102.09,-15.12,0
102.095,-15.12,0
102.1,-15.12,0
102.105,-15.12,0
102.11,30.04,0
102.115,-15.12,0
102.12,13.77,0
102.125,13.77,0
102.13,13.77,0
102.135,13.77,0
102.14,-17.27,0
102.145,-17.27,0
102.15,-12.4,0
102.155,-12.4,0
102.16,-12.4,0
102.165,26.44,0
102.17,-16.04,0
102.175,-16.04,0
102.18,12.99,0
102.185,12.99,0
102.19,12.99,0
102.195,12.99,0
102.2,28.14,0
102.205,32.55,0
102.21,-14.12,0
102.215,-14.12,0
102.22,28.14,0
102.225,4.04,0
102.23,-12.74,0
102.235,-12.74,0
102.24,31.79,0
102.245,31.79,0
102.25,20.07,0
102.255,20.07,0
102.26,20.07,0
102.265,20.07,0
102.27,-16.53,0
102.275,-16.53,0
102.28,34.93,0
102.285,34.93,0
102.29,34.93,0
102.295,34.93,0
102.3,34.93,0
102.305,-19.11,0
102.31,34.93,0
102.315,34.93,0
102.32,-17.86,0
102.325,-17.86,0
102.33,-27.36,0
102.335,-20.25,0
102.34,15.34,0
102.345,15.34,0
102.35,-12.12,0
102.355,-12.12,0
102.36,28.34,0
102.365,31.76,0
102.37,-18.03,0
102.375,-18.03,0
102.38,14.48,0
102.385,14.48,0
102.39,-11.93,0
102.395,-11.93,0
102.4,32.06,0
102.405,32.06,0
102.41,13.55,0
102.415,13.55,0
102.42,-22.39,0
102.425,10.83,0
102.43,-18.03,0
102.435,10.83,0
102.44,33.47,0
102.445,33.47,0
102.45,-14.4,0
102.455,-14.4,0
102.46,10.44,0
102.465,10.44,0
102.47,-21.7,0
102.475,-11.05,0
102.48,27.86,0
102.485,27.86,0
102.49,-20.03,0
102.495,-20.03,0
102.5,22.34,0
102.505,22.34,0
102.51,-13.16,0
102.515,-13.16,0
102.52,32.57,0
102.525,32.57,0
102.53,-18.61,0
102.535,-18.61,0
102.54,12.23,0
102.545,12.23,0
102.55,12.23,0
102.555,12.23,0
102.56,12.23,0
102.565,12.23,0
102.57,26.05,0
102.575,-20.34,0
102.58,10.07,0
102.585,32.57,0
102.59,-14.97,0
102.595,-14.97,0
102.6,-7.64,0
102.605,-14.97,0
102.61,-17.6,0
102.615,-17.6,0
102.62,-23.39,0
102.625,-23.39,0
102.63,24.94,0
102.635,24.94,0
102.64,2.4,0
102.645,2.4,0
102.65,2.4,0
102.655,2.4,0
102.66,2.4,0
102.665,2.4,0
102.67,30.17,0
102.675,30.17,0
102.68,-2.8,0
102.685,-2.8,0
102.69,22.06,0
102.695,22.06,0
102.7,-17.33,0
102.705,-17.33,0
102.71,24.16,0
102.715,-9.23,0
102.72,-8.89,0
102.725,-8.89,0
102.73,7.56,0
102.735,7.56,0
102.74,-22.95,0
102.745,-22.95,0
102.75,32.42,0
102.755,33.46,0
102.76,1.86,0
102.765,-19.14,0
102.77,23.84,0
102.775,23.84,0
102.78,23.84,0
102.785,23.84,0
102.79,29.9,0
102.795,29.9,0
102.8,29.9,0
102.805,29.9,0
102.81,-0.54,0
102.815,-0.54,0
102.82,-17.99,0
102.825,-17.99,0
102.83,27.08,0
102.835,27.08,0
102.84,-2.37,0
102.845,-6.74,0
102.85,3.19,0
102.855,35.01,0
102.86,-21.89,0
102.865,-21.89,0
102.87,-21.89,0
102.875,-21.89,0
102.88,30.65,0
102.885,30.65,0
102.89,-9.61,0
102.895,27.48,0
102.9,27.48,0
102.905,27.48,0
102.91,4.83,0
102.915,29.79,0
102.92,29.79,0
102.925,-2.51,0
102.93,-2.51,0
102.935,25.84,0
102.94,25.84,0
102.945,-22.01,0
102.95,-19.5,0
102.955,-19.5,0
102.96,-7.15,0
102.965,34.81,0
102.97,6.66,0
102.975,19.19,0
102.98,21.93,0
102.985,21.93,0
102.99,29.78,0
102.995,29.78,0
103.0,29.78,0
103.005,29.78,0
103.01,20.01,0
103.015,29.78,0
103.02,25.01,0
103.025,25.01,0
103.03,31.59,0
103.035,31.59,0
103.04,-5.11,0
103.045,-5.11,0
103.05,-0.65,0
103.055,-0.65,0
103.06,24.76,0
103.065,24.76,0
103.07,-12.93,0
103.075,-19.58,0
103.08,-5.62,0
103.085,-5.62,0
103.09,3.2,0
103.095,3.2,0
103.1,22.96,0
103.105,22.96,0
103.11,27.3,0
103.115,-19.36,0
103.12,27.3,0
103.125,16.96,0
103.13,-0.8,0
103.135,-0.8,0
103.14,-0.8,0
103.145,-0.8,0
103.15,-0.8,0
103.155,-0.8,0
103.16,28.67,0
103.165,28.67,0
103.17,1.01,0
103.175,1.01,0
103.18,26.65,0
103.185,26.65,0
103.19,-20.13,0
103.195,-20.13,0
103.2,25.59,0
103.205,25.59,0
103.21,5.6,0
103.215,5.6,0
103.22,25.46,0
103.225,25.46,0
103.23,28.31,0
103.235,28.31,0
103.24,28.31,0
103.245,28.31,0
103.25,-2.83,0
103.255,-2.83,0
103.26,26.89,0
103.265,26.89,0
103.27,27.87,0
103.275,27.87,0
103.28,-5.32,0
103.285,-5.32,0
103.29,-3.45,0
103.295,-3.45,0
103.3,28.46,0
103.305,28.46,0
103.31,-18.31,0
103.315,-18.31,0
103.32,-3.99,0
103.325,-3.99,0
103.33,3.52,0
103.335,3.52,0
103.34,23.9,0
103.345,23.9,0
103.35,31.75,0
103.355,31.75,0
103.36,31.75,0
103.365,31.75,0
103.37,-0.05,0
103.375,-0.05,0
103.38,25.06,0
103.385,25.06,0
103.39,30.88,0
103.395,21.68,0
103.4,-27.07,0
103.405,-18.31,0
103.41,-0.34,0
103.415,-0.34,0
103.42,25.85,0
103.425,21.39,0
103.43,3.92,0
103.435,3.92,0
103.44,3.92,0
103.445,-15.09,0
103.45,-15.09,0
103.455,-15.09,0
103.46,-15.09,0
103.465,31.15,0
103.47,31.15,0
103.475,16.75,0
103.48,16.75,0
103.485,-9.25,0
103.49,-20.47,0
103.495,30.78,0
103.5,-9.25,0
103.505,-23.01,0
103.51,19.05,0
103.515,10.71,0
103.52,10.71,0
103.525,-16.22,0
103.53,-16.22,0
103.535,34.96,0
103.54,34.96,0
103.545,-15.43,0
103.55,6.67,0
103.555,6.67,0
103.56,-15.43,0
103.565,-15.43,0
103.57,28.81,0
103.575,28.81,0
103.58,19.38,0
103.585,19.38,0
103.59,19.38,0
103.595,31.06,0
103.6,19.38,0
103.605,-12.59,0
103.61,-12.59,0
103.615,-25.67,0
103.62,35.71,0
103.625,17.85,0
103.63,17.85,0
103.635,8.82,0
103.64,8.82,0
103.645,-16.19,0
103.65,-16.19,0
103.655,33.74,0
103.66,33.74,0
103.665,-17.28,0
103.67,8.45,0
103.675,8.45,0
103.68,8.45,0
103.685,6.84,0
103.69,-8.98,0
103.695,-8.98,0
103.7,-19.7,0
103.705,-19.7,0
103.71,19.51,0
103.715,19.51,0
103.72,-15.04,0
103.725,-15.04,0
103.73,-15.04,0
103.735,-15.04,0
103.74,36.6,0
103.745,36.6,0
103.75,17.34,0
103.755,17.34,0
103.76,10.05,0
103.765,10.05,0
103.77,-6.11,0
103.775,10.05,0
103.78,31.79,0
103.785,31.79,0
103.79,11.81,0
103.795,11.81,0
103.8,-13.24,0
103.805,-13.24,0
103.81,-13.24,0
103.815,-13.24,0
103.82,-17.24,0
103.825,-17.24,0
103.83,18.89,0
103.835,18.89,0
103.84,18.89,0
103.845,-13.98,0
103.85,-13.98,0
103.855,34.03,0
103.86,34.03,0
103.865,-22.83,0
103.87,-22.83,0
103.875,9.3,0
103.88,17.6,0
103.885,26.36,0
103.89,14.61,0
103.895,29.99,0
103.9,29.99,0
103.905,30.48,0
103.91,29.99,0
103.915,-16.17,0
103.92,-16.17,0
103.925,-15.08,0
103.93,-15.08,0
103.935,-15.08,0
103.94,-15.08,0
103.945,-18.27,0
103.95,-18.27,0
103.955,17.65,0
103.96,17.65,0
103.965,-15.36,0
103.97,35.35,0
103.975,35.35,0
103.98,35.35,0
103.985,35.35,0
103.99,35.35,0
103.995,17.82,0
104.0,17.82,0
104.005,12.34,0
104.01,-3.91,0
104.015,32.92,0
104.02,32.92,0
104.025,-19.12,0
104.03,-17.06,0
104.035,-19.12,0
104.04,-19.12,0
104.045,-19.12,0
104.05,-15.47,0
104.055,-15.47,0
104.06,-17.28,0
104.065,-17.28,0
104.07,-17.28,0
104.075,1.51,0
104.08,14.67,0
104.085,-17.93,0
104.09,-17.93,0
104.095,37.77,0
104.1,37.77,0
104.105,37.77,0
104.11,37.77,0
104.115,17.66,0
104.12,17.66,0
104.125,12.15,0
104.13,-14.34,0
104.135,-14.34,0
104.14,32.15,0
104.145,32.15,0
104.15,16.06,0
104.155,16.06,0
104.16,10.76,0
104.165,10.76,0
104.17,-18.71,0
104.175,12.15,0
104.18,-16.93,0
104.185,-16.93,0
104.19,-16.93,0
104.195,17.96,0
104.2,17.96,0
104.205,-2.18,0
104.21,30.01,0
104.215,-0.56,0
104.22,-13.98,0
104.225,33.27,0
104.23,16.4,0
104.235,16.4,0
104.24,28.79,0
104.245,26.61,0
104.25,28.79,0
104.255,-3.41,0
104.26,-3.41,0
104.265,0.16,0
104.27,0.16,0
104.275,28.11,0
104.28,-20.13,0
104.285,-19.48,0
104.29,-19.48,0
104.295,-6.48,0
104.3,-6.48,0
104.305,1.31,0
104.31,1.31,0
104.315,1.31,0
104.32,1.31,0
104.325,1.31,0
104.33,25.99,0
104.335,26.12,0
104.34,27.34,0
104.345,-0.19,0
104.35,0.16,0
104.355,24.83,0
104.36,24.83,0
104.365,29.33,0
104.37,-6.09,0
104.375,4.59,0
104.38,-6.09,0
104.385,-0.19,0
104.39,25.67,0
104.395,11.35,0
104.4,-22.8,0
104.405,-22.8,0
104.41,-5.24,0
104.415,-5.24,0
104.42,4.49,0
104.425,4.49,0
104.43,4.49,0
104.435,4.49,0
104.44,-22.53,0
104.445,-22.53,0
104.45,26.77,0
104.455,26.77,0
104.46,-0.79,0
104.465,-0.79,0
104.47,29.0,0
104.475,29.0,0
104.48,-23.36,0
104.485,-23.36,0
104.49,29.21,0
104.495,29.21,0
104.5,-13.55,0
104.505,-3.28,0
104.51,22.2,0
104.515,8.93,0
104.52,-17.83,0
104.525,-17.83,0
104.53,-3.91,0
104.535,-22.53,0
104.54,-3.91,0
104.545,-3.91,0
104.55,-3.91,0
104.555,-3.91,0
104.56,-20.71,0
104.565,-20.71,0
104.57,29.85,0
104.575,29.85,0
104.58,-10.38,0
104.585,-10.38,0
104.59,-10.38,0
104.595,26.15,0
104.6,26.15,0
104.605,-10.38,0
104.61,-21.25,0
104.615,-3.26,0
104.62,32.13,0
104.625,12.92,0
104.63,21.69,0
104.635,21.69,0
104.64,21.69,0
104.645,-17.28,0
104.65,-17.28,0
104.655,24.86,0
104.66,-3.04,0
104.665,-3.04,0
104.67,3.24,0
104.675,3.24,0
104.68,3.24,0
104.685,-19.86,0
104.69,-19.86,0
104.695,29.42,0
104.7,29.42,0
104.705,-9.99,0
104.71,-9.99,0
104.715,38.08,0
104.72,26.81,0
104.725,26.81,0
104.73,26.81,0
104.735,23.92,0
104.74,0.3,0
104.745,0.3,0
104.75,27.01,0
104.755,27.01,0
104.76,27.01,0
104.765,-17.45,0
104.77,-17.45,0
104.775,-17.45,0
104.78,-17.24,0
104.785,-5.45,0
104.79,-5.45,0
104.795,0.3,0
104.8,0.3,0
104.805,0.3,0
104.81,0.3,0
104.815,20.62,0
104.82,20.62,0
104.825,-23.34,0
104.83,-23.34,0
104.835,-27.04,0
104.84,-1.11,0
104.845,23.07,0
104.85,23.07,0
104.855,23.07,0
104.86,23.07,0
104.865,26.93,0
104.87,26.93,0
104.875,27.0,0
104.88,28.22,0
104.885,-19.56,0
104.89,-5.44,0
104.895,-19.56,0
104.9,-14.64,0
104.905,-5.54,0
104.91,-5.54,0
104.915,0.3,0
104.92,0.3,0
104.925,-22.7,0
104.93,-22.7,0
104.935,-22.7,0
104.94,-22.7,0
104.945,14.57,0
104.95,-22.7,0
104.955,-9.15,0
104.96,-9.15,0
104.965,29.21,0
104.97,29.21,0
104.975,28.63,0
104.98,28.63,0
104.985,-4.87,0
104.99,-4.87,0
104.995,-4.87,0
105.0,-4.87,0
105.005,-4.87,0
105.01,-18.03,0
105.015,-18.03,0
105.02,-0.8,0
105.025,-0.8,0
105.03,2.74,0
105.035,2.74,0
105.04,27.15,0
105.045,27.15,0
105.05,-23.33,0
105.055,-23.33,0
105.06,-13.76,0
105.065,-13.76,0
105.07,-18.03,0
105.075,35.31,0
105.08,15.09,0
105.085,15.09,0
105.09,14.66,0
105.095,14.66,0
105.1,-16.08,0
105.105,-16.08,0
105.11,-13.98,0
105.115,31.36,0
105.12,-14.91,0
105.125,-14.91,0
105.13,10.94,0
105.135,10.94,0
105.14,-13.66,0
105.145,-13.66,0
105.15,29.95,0
105.155,29.95,0
105.16,15.2,0
105.165,15.2,0
105.17,15.2,0
105.175,15.2,0
105.18,-19.88,0
105.185,-15.45,0
105.19,36.01,0
105.195,36.01,0
105.2,13.87,0
105.205,13.87,0
105.21,11.99,0
105.215,11.99,0
105.22,11.99,0
105.225,11.99,0
105.23,29.79,0
105.235,29.79,0
105.24,-11.26,0
105.245,-11.26,0
105.25,12.37,0
105.255,12.37,0
105.26,12.37,0
105.265,12.37,0
105.27,29.94,0
105.275,-13.71,0
105.28,16.23,0
105.285,16.23,0
105.29,-3.9,0
105.295,16.23,0
105.3,16.23,0
105.305,16.23,0
105.31,-3.61,0
105.315,31.23,0
105.32,14.95,0
105.325,14.95,0
105.33,12.2,0
105.335,12.2,0
105.34,12.2,0
105.345,12.2,0
105.35,30.04,0
105.355,30.04,1
105.36,-12.0,0
105.365,-12.0,0
105.37,11.35,0
105.375,11.35,0
105.38,11.35,0
105.385,-12.62,0
105.39,-12.62,0
105.395,32.76,0
105.4,32.76,0
105.405,-15.59,0
105.41,-15.59,0
105.415,16.51,0
105.42,16.51,0
105.425,-17.54,0
105.43,-17.54,0
105.435,34.01,0
105.44,34.01,0
105.445,34.01,0
105.45,34.01,0
105.455,-18.74,0
105.46,-18.74,0
105.465,9.42,0
105.47,9.42,0
105.475,32.22,0
105.48,9.42,0
105.485,32.22,0
105.49,-15.93,0
105.495,-15.93,0
105.5,-15.93,0
105.505,-15.93,0
105.51,-12.61,0
105.515,-12.61,0
105.52,-16.48,0
105.525,-16.48,0
105.53,-16.48,0
105.535,-16.48,0
105.54,10.0,0
105.545,10.0,0
105.55,30.79,0
105.555,30.79,0
105.56,30.79,0
105.565,30.79,0
105.57,30.79,0
105.575,-14.65,0
105.58,-14.65,0
105.585,-14.65,0
105.59,9.36,0
105.595,-17.01,0
105.6,32.08,0
105.605,32.08,0
105.61,-14.85,0
105.615,-14.85,0
105.62,15.4,0
105.625,15.4,0
105.63,-13.13,0
105.635,7.73,0
105.64,15.4,0
105.645,17.91,0
105.65,17.91,0
105.655,17.91,0
105.66,17.91,0
105.665,-16.5,0
105.67,32.08,0
105.675,34.41,0
105.68,34.41,0
105.685,-17.01,0
105.69,13.31,0
105.695,13.31,0
105.7,13.31,0
105.705,-2.43,0
105.71,13.31,0
105.715,13.31,0
105.72,13.31,0
105.725,33.67,0
105.73,24.13,0
105.735,33.67,0
105.74,11.96,0
105.745,11.96,0
105.75,11.96,0
105.755,11.96,0
105.76,-15.65,0
105.765,-13.12,0
105.77,12.64,0
105.775,12.64,0
105.78,12.64,0
105.785,12.64,0
105.79,-19.32,0
105.795,-19.32,0
105.8,-19.32,0
105.805,-9.21,0
105.81,33.78,0
105.815,12.59,0
105.82,12.59,0
105.825,12.59,0
105.83,12.59,0
105.835,-16.32,0
105.84,-22.08,0
105.845,30.73,0
105.85,-14.29,0
105.855,-14.29,0
105.86,12.31,0
105.865,12.31,0
105.87,-12.74,0
105.875,-12.74,0
105.88,-0.87,0
105.885,-0.87,0
105.89,-0.87,0
105.895,-0.87,0
105.9,-0.87,0
105.905,-0.87,0
105.91,27.41,0
105.915,27.41,0
105.92,-2.21,0
105.925,34.14,0
105.93,30.46,0
105.935,30.46,0
105.94,-25.83,0
105.945,-25.83,0
105.95,28.13,0
105.955,28.13,0
105.96,-3.13,0
105.965,-3.13,0
105.97,29.83,0
105.975,30.06,0
105.98,30.06,0
105.985,30.06,0
105.99,30.06,0
105.995,-2.45,0
106.0,-2.45,0
106.005,-2.45,0
106.01,-0.86,0
106.015,-0.86,0
106.02,25.67,0
106.025,25.67,0
106.03,29.74,0
106.035,-3.13,0
106.04,-7.86,0
106.045,-4.37,0
106.05,-4.37,0
106.055,-24.51,0
106.06,24.51,0
106.065,24.96,0
106.07,24.96,0
106.075,24.96,0
106.08,-0.46,0
106.085,-0.46,0
106.09,-5.31,0
106.095,-17.1,0
106.1,-17.1,0
106.105,-17.1,0
106.11,-17.1,0
106.115,-17.1,0
106.12,-1.21,0
106.125,-1.21,0
106.13,-1.95,0
106.135,-1.95,0
106.14,-20.48,0
106.145,26.84,0
106.15,26.84,0
106.155,26.84,0
106.16,26.84,0
106.165,26.84,0
106.17,11.43,0
106.175,26.84,0
106.18,27.21,0
106.185,27.21,0
106.19,26.57,0
106.195,26.57,0
106.2,-0.87,0
106.205,-0.87,0
106.21,33.9,0
106.215,-4.29,0
106.22,28.02,0
106.225,28.02,0
106.23,-22.29,0
106.235,-22.29,0
106.24,-0.88,0
106.245,-0.88,0
106.25,-0.88,0
106.255,-4.99,0
106.26,15.73,0
106.265,-0.29,0
106.27,27.03,0
106.275,-17.91,0
106.28,35.34,0
106.285,-22.99,0
106.29,-7.27,0
106.295,-7.27,0
106.3,-7.27,0
106.305,-7.27,0
106.31,-23.46,0
106.315,1.82,0
106.32,1.82,0
106.325,1.82,0
106.33,1.82,0
106.335,1.82,0
106.34,26.91,0
106.345,26.91,0
106.35,27.99,0
106.355,23.98,0
106.36,23.98,0
106.365,-3.71,0
106.37,-3.71,0
106.375,-3.71,0
106.38,-3.71,0
106.385,-20.45,0
106.39,-20.45,0
106.395,-20.45,0
106.4,27.61,0
106.405,27.61,0
106.41,-3.09,0
106.415,-3.09,0
106.42,27.35,0
106.425,28.01,0
106.43,28.01,0
106.435,28.01,0
106.44,28.01,0
106.445,-2.22,0
106.45,-2.22,0
106.455,-2.22,0
106.46,29.18,0
106.465,29.18,0
106.47,29.18,0
106.475,-18.21,0
106.48,-18.25,0
106.485,-18.25,0
106.49,-2.91,0
106.495,-2.91,0
106.5,-2.91,0
106.505,-21.38,0
106.51,-21.38,0
106.515,-21.38,0
106.52,-13.74,0
106.525,30.1,0
106.53,-3.22,0
106.535,-3.22,0
106.54,29.15,0
106.545,29.15,0
106.55,29.15,0
106.555,19.05,0
106.56,25.16,0
106.565,6.82,0
106.57,6.82,0
106.575,30.47,0
106.58,30.47,0
106.585,-23.23,0
106.59,-23.23,0
106.595,21.37,0
106.6,21.37,0
106.605,21.37,0
106.61,1.93,0
106.615,1.93,0
106.62,1.93,0
106.625,1.93,0
106.63,-24.03,0
106.635,-24.03,0
106.64,23.84,0
106.645,23.84,0
106.65,23.84,0
106.655,23.84,0
106.66,-3.01,0
106.665,-3.01,0
106.67,26.98,0
106.675,26.77,0
106.68,26.77,0
106.685,34.03,0
106.69,34.03,0
106.695,34.03,0
106.7,34.03,0
106.705,34.03,0
106.71,34.03,0
106.715,14.46,0
106.72,38.24,0
106.725,-16.99,0
106.73,-16.99,0
106.735,-16.99,0
106.74,-16.99,0
106.745,-14.67,0
106.75,-14.67,0
106.755,16.65,0
106.76,16.65,0
106.765,33.06,0
106.77,33.06,0
106.775,-0.78,0
106.78,33.06,0
106.785,33.06,0
106.79,-23.93,0
106.795,9.38,0
106.8,9.38,0
106.805,-20.26,0
106.81,-20.26,0
106.815,-11.8,0
106.82,-11.8,0
106.825,-11.8,0
106.83,-11.8,0
106.835,16.25,0
106.84,16.25,0
106.845,-13.17,0
106.85,-13.17,0
106.855,-16.94,0
106.86,-24.89,0
106.865,11.43,0
106.87,11.43,0
106.875,11.43,0
106.88,11.43,0
106.885,29.35,0
106.89,11.43,0
106.895,30.74,0
106.9,30.74,0
106.905,-13.17,0
106.91,13.41,0
106.915,18.59,0
106.92,18.59,0
106.925,-19.79,0
106.93,-19.79,0
106.935,-13.02,0
106.94,-13.02,0
106.945,-13.02,0
106.95,-13.02,0
106.955,18.27,0
106.96,18.27,0
106.965,-15.94,0
106.97,-15.94,0
106.975,-11.65,0
106.98,7.91,0
106.985,11.8,0
106.99,11.8,0
106.995,12.48,0
107.0,12.48,0
107.005,1.62,0
107.01,-17.14,0
107.015,-6.86,0
107.02,31.44,0
107.025,11.9,0
107.03,-1.95,0
107.035,19.98,0
107.04,19.98,0
107.045,-19.19,0
107.05,-19.19,0
107.055,32.27,0
107.06,32.27,0
107.065,32.27,0
107.07,32.27,0
107.075,36.1,0
107.08,17.0,0
107.085,-15.98,0
107.09,-15.98,0
107.095,28.63,0
107.1,-13.47,0
107.105,7.3,0
107.11,7.3,0
107.115,7.3,0
107.12,7.3,0
107.125,-19.87,0
107.13,-19.87,0
107.135,1.97,0
107.14,32.57,0
107.145,32.57,0
107.15,32.57,0
107.155,32.57,0
107.16,32.57,0
107.165,19.22,0
107.17,19.22,0
107.175,-17.2,0
107.18,-17.2,0
107.185,-15.1,0
107.19,-15.1,0
107.195,20.05,0
107.2,20.05,0
107.205,-18.95,0
107.21,-18.95,0
107.215,30.44,0
107.22,30.44,0
107.225,-13.47,0
107.23,-13.47,0
107.235,10.33,0
107.24,10.33,0
107.245,-16.71,0
107.25,-16.71,0
107.255,31.62,0
107.26,31.62,0
107.265,-14.23,0
107.27,-14.23,0
107.275,21.93,0
107.28,21.93,0
107.285,21.93,0
107.29,21.93,0
107.295,32.04,0
107.3,32.04,0
107.305,-7.72,0
107.31,-7.72,0
107.315,15.65,0
107.32,15.65,0
107.325,15.65,0
107.33,27.7,0
107.335,15.65,0
107.34,15.65,0
107.345,-13.4,0
107.35,-13.4,0
107.355,8.02,0
107.36,8.02,0
107.365,-17.52,0
107.37,-17.52,0
107.375,33.57,0
107.38,33.57,0
107.385,8.29,0
107.39,8.29,0
107.395,20.41,0
107.4,20.41,0
107.405,20.41,0
107.41,20.41,0
107.415,20.41,0
107.42,20.41,0
107.425,-7.34,0
107.43,-14.5,0
107.435,19.15,0
107.44,19.15,0
107.445,19.15,0
107.45,-18.18,0
107.455,-18.18,0
107.46,-18.18,0
107.465,-18.18,0
107.47,-18.18,0
107.475,-18.18,0
107.48,13.65,0
107.485,13.65,0
107.49,-25.3,0
107.495,-25.3,0
107.5,-25.3,0
107.505,14.5,0
107.51,31.37,0
107.515,31.37,0
107.52,30.58,0
107.525,21.77,0
107.53,21.77,0
107.535,4.94,0
107.54,18.34,0
107.545,-12.62,0
107.55,-12.62,0
107.555,31.62,0
107.56,31.62,0
107.565,-21.95,0
107.57,-21.95,0
107.575,3.04,0
107.58,31.37,0
107.585,-11.24,0
107.59,30.58,0
107.595,4.55,0
107.6,-11.24,0
107.605,-11.24,0
107.61,-11.24,0
107.615,18.86,0
107.62,25.19,0
107.625,-8.89,0
107.63,-8.89,0
107.635,-8.89,0
107.64,-8.89,0
107.645,33.93,0
107.65,33.93,0
107.655,4.23,0
107.66,4.23,0
107.665,-23.25,0
107.67,4.23,0
107.675,30.72,0
107.68,-20.91,0
107.685,-20.91,0
107.69,22.34,0
107.695,22.34,0
107.7,-8.17,0
107.705,-8.17,0
107.71,-8.17,0
107.715,-8.17,0
107.72,-19.01,0
107.725,36.18,0
107.73,20.94,0
107.735,20.94,0
107.74,20.94,0
107.745,20.94,0
107.75,20.94,0
107.755,1.58,0
107.76,1.58,0
107.765,29.96,0
107.77,29.96,0
107.775,20.53,0
107.78,20.53,0
107.785,20.53,0
107.79,20.53,0
107.795,-13.17,0
107.8,-18.98,0
107.805,-18.98,0
107.81,21.21,0
107.815,21.21,0
107.82,2.8,0
107.825,2.8,0
107.83,6.34,0
107.835,-9.18,0
107.84,-9.18,0
107.845,-20.91,0
107.85,1.59,0
107.855,25.18,0
107.86,25.18,0
107.865,25.18,0
107.87,25.18,0
107.875,25.18,0
107.88,25.18,0
107.885,-13.23,0
107.89,21.21,0
107.895,19.67,0
107.9,19.67,0
107.905,4.45,0
107.91,-18.98,0
107.915,31.7,0
107.92,31.7,0
107.925,-18.45,0
107.93,-18.45,0
107.935,-18.45,0
107.94,1.18,0
107.945,1.18,0
107.95,-10.19,0
107.955,-10.19,0
107.96,-22.26,0
107.965,-22.26,0
107.97,30.87,0
107.975,25.18,0
107.98,25.18,0
107.985,25.18,0
107.99,-1.1,0
107.995,-10.83,0
108.0,36.25,0
108.005,31.62,0
108.01,22.68,0
108.015,22.68,0
108.02,5.93,0
108.025,5.93,0
108.03,5.93,0
108.035,5.93,0
108.04,30.64,0
108.045,30.64,0
108.05,30.64,0
108.055,30.64,0
108.06,-12.69,0
108.065,5.1,0
108.07,-12.0,0
108.075,-12.0,0
108.08,30.8,0
108.085,5.1,0
108.09,30.8,0
108.095,30.8,0
108.1,21.5,0
108.105,21.5,0
108.11,15.91,0
108.115,-11.55,0
108.12,30.14,0
108.125,30.14,0
108.13,-20.08,0
108.135,-20.08,0
108.14,20.35,0
108.145,20.35,0
108.15,8.1,0
108.155,8.1,0
108.16,30.45,0
108.165,30.45,0
108.17,-21.47,0
108.175,-21.47,0
108.18,4.12,0
108.185,4.12,0
108.19,-12.04,0
108.195,-12.04,0
108.2,33.55,0
108.205,33.55,0
108.21,-18.79,0
108.215,-18.79,0
108.22,22.92,0
108.225,22.92,0
108.23,-11.63,0
108.235,-11.63,0
108.24,33.82,0
108.245,33.82,0
108.25,-12.14,0
108.255,-21.47,0
108.26,7.59,0
108.265,7.59,0
108.27,7.59,0
108.275,7.59,0
108.28,-15.05,0
108.285,-15.05,0
108.29,-15.05,0
108.295,32.11,0
108.3,-19.55,0
108.305,-21.99,0
108.31,10.89,0
108.315,5.7,0
108.32,10.89,0
108.325,10.89,0
108.33,10.89,0
108.335,5.95,0
108.34,2.64,0
108.345,-22.11,0
108.35,-22.11,0
108.355,33.35,0
108.36,33.35,0
108.365,1.33,0
108.37,1.33,0
108.375,25.21,0
108.38,25.21,0
108.385,-20.16,0
108.39,-20.16,0
108.395,31.8,0
108.4,31.8,0
108.405,-6.91,0
108.41,-6.91,0
108.415,25.68,0
108.42,25.68,0
108.425,-18.03,0
108.43,-18.03,0
108.435,8.56,0
108.44,30.19,0
108.445,-7.49,0
108.45,-7.49,0
108.455,-7.49,0
108.46,-11.64,0
108.465,25.68,0
108.47,-18.24,0
108.475,28.06,0
108.48,-2.85,0
108.485,-2.85,0
108.49,2.7,0
108.495,2.7,0
108.5,2.7,0
108.505,23.21,0
108.51,23.21,0
108.515,30.46,0
108.52,30.46,0
108.525,35.88,0
108.53,-7.2,0
108.535,23.85,0
108.54,23.85,0
108.545,-23.08,0
108.55,-23.08,0
108.555,-23.08,0
108.56,-8.48,0
108.565,19.44,0
108.57,-8.48,0
108.575,3.28,0
108.58,8.49,0
108.585,-17.57,0
108.59,-17.57,0
108.595,30.57,0
108.6,30.57,0
108.605,30.57,0
108.61,30.57,0
108.615,3.68,0
108.62,3.68,0
108.625,25.93,0
108.63,25.93,0
108.635,20.9,0
108.64,8.42,0
108.645,-7.53,0
108.65,-7.53,0
108.655,-1.01,0
108.66,-1.01,0
108.665,21.95,0
108.67,21.95,0
108.675,-22.83,0
108.68,-22.83,0
108.685,-4.88,0
108.69,-1.3,0
108.695,36.19,0
108.7,21.57,0
108.705,21.57,0
108.71,21.57,0
108.715,28.36,0
108.72,28.36,0
108.725,28.36,0
108.73,28.36,0
108.735,2.18,0
108.74,-23.21,0
108.745,24.14,0
108.75,24.14,0
108.755,-19.09,0
108.76,30.69,0
108.765,30.69,0
108.77,30.69,0
108.775,30.69,0
108.78,30.69,0
108.785,21.93,0
108.79,22.77,0
108.795,-19.48,0
108.8,-19.48,0
108.805,-6.36,0
108.81,-6.36,0
108.815,2.15,0
108.82,2.15,0
108.825,19.68,0
108.83,19.68,0
108.835,-25.6,0
108.84,-22.82,0
108.845,27.1,0
108.85,27.1,0
108.855,27.1,0
108.86,-1.31,0
108.865,-1.31,0
108.87,-1.31,0
108.875,-21.2,0
108.88,-1.04,0
108.885,-1.04,0
108.89,-6.61,0
108.895,-1.04,0
108.9,-14.59,0
108.905,-1.14,0
108.91,-1.14,0
108.915,-17.57,0
108.92,29.99,0
108.925,29.99,0
108.93,0.79,0
108.935,0.79,0
108.94,0.79,0
108.945,0.79,0
108.95,-19.56,0
108.955,-19.56,0
108.96,30.8,0
108.965,2.48,0
108.97,0.12,0
108.975,0.12,0
108.98,26.56,0
108.985,26.56,0
108.99,26.56,0
108.995,26.56,0
109.0,27.72,0
109.005,27.72,0
109.01,-6.47,0
109.015,-9.55,0
109.02,25.91,0
109.025,25.91,0
109.03,20.99,0
109.035,-20.42,0
109.04,29.18,0
109.045,27.79,0
109.05,-7.56,0
109.055,-7.56,0
109.06,2.37,0
109.065,2.37,0
109.07,-22.52,0
109.075,-22.52,0
109.08,31.24,0
109.085,31.24,0
109.09,-5.74,0
109.095,2.37,0
109.1,22.79,0
109.105,-6.47,0
109.11,22.79,0
109.115,-19.82,0
109.12,29.08,0
109.125,29.08,0
109.13,29.08,0
109.135,29.08,0
109.14,33.01,0
109.145,33.01,0
109.15,17.13,0
109.155,17.13,0
109.16,11.82,0
109.165,11.82,0
109.17,27.73,0
109.175,-12.02,0
109.18,-12.02,0
109.185,-14.26,0
109.19,-14.26,0
109.195,17.34,0
109.2,17.34,0
109.205,30.53,0
109.21,-15.1,0
109.215,-15.1,0
109.22,-15.1,0
109.225,-15.1,0
109.23,-3.04,0
109.235,14.18,0
109.24,9.33,0
109.245,9.33,0
109.25,34.73,0
109.255,34.73,0
109.26,-17.39,0
109.265,-17.39,0
109.27,-17.39,0
109.275,14.18,0
109.28,12.16,0
109.285,12.16,0
109.29,-1.19,0
109.295,-13.82,0
109.3,-13.82,0
109.305,25.78,0
109.31,25.78,0
109.315,16.83,0
109.32,10.92,0
109.325,10.92,0
109.33,10.92,0
109.335,31.62,0
109.34,21.88,0
109.345,22.24,0
109.35,31.62,0
109.355,14.91,0
109.36,14.91,0
109.365,14.47,0
109.37,-1.7,0
109.375,32.86,0
109.38,-13.74,0
109.385,-13.74,0
109.39,-13.74,0
109.395,29.01,0
109.4,11.2,0
109.405,11.2,0
109.41,-16.21,0
109.415,-16.21,0
109.42,-17.03,0
109.425,-17.03,0
109.43,16.2,0
109.435,14.47,0
109.44,-7.43,0
109.445,32.83,0
109.45,-4.89,0
109.455,-12.86,0
109.46,32.44,0
109.465,32.44,0
109.47,15.6,0
109.475,15.6,0
109.48,13.27,0
109.485,13.27,0
109.49,-20.06,0
109.495,-20.06,0
109.5,28.63,0
109.505,28.63,0
109.51,-13.8,0
109.515,-13.8,0
109.52,-5.78,0
109.525,13.37,0
109.53,13.37,0
109.535,13.37,0
109.54,13.37,0
109.545,13.37,0
109.55,13.37,0
109.555,35.85,0
109.56,13.37,0
109.565,-5.32,0
109.57,12.15,0
109.575,-17.09,0
109.58,33.81,0
109.585,33.81,0
109.59,12.15,0
109.595,10.94,0
109.6,28.64,0
109.605,17.66,0
109.61,17.66,0
109.615,17.66,0
109.62,32.56,0
109.625,32.56,0
109.63,-17.11,0
109.635,-17.11,0
109.64,11.98,0
109.645,11.98,0
109.65,-11.67,0
109.655,-11.67,0
109.66,11.98,0
109.665,-11.67,0
109.67,-17.13,0
109.675,-17.13,0
109.68,15.19,0
109.685,15.19,0
109.69,-16.93,0
109.695,-16.93,0
109.7,31.14,0
109.705,31.14,0
109.71,-17.43,0
109.715,-17.43,0
109.72,12.16,0
109.725,12.16,0
109.73,13.99,0
109.735,31.48,0
109.74,33.18,0
109.745,33.18,0
109.75,-15.46,0
109.755,-15.46,0
109.76,-15.46,0
109.765,-15.46,0
109.77,-11.67,0
109.775,11.53,0
109.78,-18.96,0
109.785,-18.96,0
109.79,-14.19,0
109.795,-14.19,0
109.8,-14.19,0
109.805,-14.19,0
109.81,-14.19,0
109.815,-14.19,0
109.82,13.77,0
109.825,13.77,0
109.83,-13.05,0
109.835,-13.05,0
109.84,14.08,0
109.845,14.08,0
109.85,13.11,0
109.855,13.63,0
109.86,13.11,0
109.865,33.04,0
109.87,33.12,0
109.875,-15.37,0
109.88,-15.37,0
109.885,10.36,0
109.89,10.36,0
109.895,29.5,0
109.9,33.12,0
109.905,-14.32,0
109.91,-13.99,0
109.915,-13.99,0
109.92,-13.99,0
109.925,12.14,0
109.93,-17.49,0
109.935,-17.49,0
109.94,-17.49,0
109.945,34.04,0
109.95,34.04,0
109.955,-2.11,0
109.96,-2.11,0
109.965,25.47,0
109.97,25.47,0
109.975,28.06,0
109.98,23.55,0
109.985,1.69,0
109.99,26.66,0
109.995,26.66,0
110.0,-22.93,0
110.005,-22.93,0
110.01,28.06,0
110.015,-22.93,0
110.02,-22.93,0
110.025,-0.46,0
110.03,-0.46,0
110.035,-0.46,0
110.04,-0.46,0
110.045,26.36,0
110.05,26.36,0
110.055,27.21,0
110.06,27.21,0
110.065,27.21,0
110.07,-6.09,0
110.075,-6.09,0
110.08,27.74,0
110.085,27.74,0
110.09,21.42,0
110.095,21.42,0
110.1,-0.26,0
110.105,-0.26,0
110.11,-0.26,0
110.115,-0.26,0
110.12,-8.66,0
110.125,-8.66,0
110.13,-21.89,0
110.135,-21.89,0
110.14,26.14,0
110.145,26.14,0
110.15,-7.1,0
110.155,-10.06,0
110.16,-7.1,0
110.165,-7.1,0
110.17,-20.85,0
110.175,-20.85,0
110.18,23.37,0
110.185,-2.81,0
110.19,-5.79,0
110.195,-5.34,0
110.2,-22.08,0
110.205,32.39,0
110.21,-6.03,0
110.215,32.39,0
110.22,30.16,0
110.225,28.28,0
110.23,1.34,0
110.235,1.34,0
110.24,30.42,0
110.245,30.42,0
110.25,-23.87,0
110.255,-23.87,0
110.26,-23.87,0
110.265,-23.87,0
110.27,2.97,0
110.275,2.97,0
110.28,-4.75,0
110.285,-4.75,0
110.29,-21.62,0
110.295,15.27,0
110.3,26.74,0
110.305,-11.05,0
110.31,26.74,0
110.315,26.74,0
110.32,17.77,0
110.325,30.25,0
110.33,30.25,0
110.335,21.34,0
110.34,21.34,0
110.345,21.34,0
110.35,-21.69,0
110.355,6.23,1
110.36,-9.33,0
110.365,-9.33,0
110.37,-18.74,0
110.375,-18.74,0
110.38,-18.74,0
110.385,-18.74,0
110.39,1.31,0
110.395,1.31,0
110.4,-5.78,0
110.405,-5.78,0
110.41,-20.89,0
110.415,-20.89,0
110.42,25.99,0
110.425,25.99,0
110.43,25.99,0
110.435,25.99,0
110.44,25.99,0
110.445,-7.33,0
110.45,-7.33,0
110.455,26.46,0
110.46,26.46,0
110.465,7.09,0
110.47,7.09,0
110.475,7.09,0
110.48,7.09,0
110.485,-14.57,0
110.49,29.81,0
110.495,-20.54,0
110.5,-20.54,0
110.505,2.91,0
110.51,2.91,0
110.515,2.91,0
110.52,2.91,0
110.525,2.91,0
110.53,32.09,0
110.535,-24.39,0
110.54,-24.39,0
110.545,20.39,0
110.55,20.39,0
110.555,-6.72,0
110.56,20.39,0
110.565,33.4,0
110.57,33.4,0
110.575,33.4,0
110.58,26.19,0
110.585,26.19,0
110.59,26.19,0
110.595,17.13,0
110.6,4.14,0
110.605,28.97,0
110.61,28.97,0
110.615,6.24,0
110.62,28.97,0
110.625,28.97,0
110.63,28.97,0
110.635,2.98,0
110.64,2.98,0
110.645,-6.8,0
110.65,-9.99,0
110.655,30.39,0
110.66,30.39,0
110.665,33.4,0
110.67,23.8,0
110.675,-0.84,0
110.68,-0.84,0
110.685,-21.26,0
110.69,-5.96,0
110.695,31.18,0
110.7,21.87,0
110.705,21.87,0
110.71,-7.3,0
110.715,2.19,0
110.72,30.52,0
110.725,-15.83,0
110.73,30.52,0
110.735,-17.68,0
110.74,-17.68,0
110.745,-17.68,0
110.75,-17.68,0
110.755,5.27,0
110.76,5.27,0
110.765,-12.66,0
110.77,-12.66,0
110.775,9.06,0
110.78,18.89,0
110.785,18.89,0
110.79,-16.53,0
110.795,-16.53,0
110.8,-16.53,0
110.805,-16.53,0
110.81,-16.53,0
110.815,8.88,0
110.82,8.88,0
110.825,14.69,0
110.83,14.69,0
110.835,29.32,0
110.84,-14.18,0
110.845,-14.18,0
110.85,-14.18,0
110.855,-14.18,0
110.86,18.85,0
110.865,30.96,0
110.87,-17.56,0
110.875,-17.56,0
110.88,33.42,0
110.885,33.42,0
110.89,33.42,0
110.895,33.42,0
110.9,33.42,0
110.905,33.42,0
110.91,-16.72,0
110.915,-16.72,0
110.92,30.87,0
110.925,30.87,0
110.93,8.7,0
110.935,8.7,0
110.94,22.41,0
110.945,-17.66,0
110.95,31.72,0
110.955,31.72,0
110.96,-9.33,0
110.965,-16.72,0
110.97,-9.33,0
110.975,32.99,0
110.98,20.29,0
110.985,20.29,0
110.99,-20.0,0
110.995,-20.0,0
111.0,-14.01,0
111.005,30.74,0
111.01,7.61,0
111.015,7.61,0
111.02,21.42,0
111.025,21.42,0
111.03,-10.28,0
111.035,-19.92,0
111.04,28.53,0
111.045,-16.99,0
111.05,3.81,0
111.055,-20.43,0
111.06,22.66,0
111.065,22.66,0
111.07,-19.56,0
111.075,-19.56,0
111.08,-6.72,0
111.085,-6.72,0
111.09,-6.72,0
111.095,-6.72,0
111.1,21.54,0
111.105,21.54,0
111.11,-20.24,0
111.115,-20.24,0
111.12,-11.97,0
111.125,-11.97,0
111.13,5.73,0
111.135,21.54,0
111.14,-19.92,0
111.145,-11.97,0
111.15,5.73,0
111.155,5.73,0
111.16,30.58,0
111.165,28.15,0
111.17,4.66,0
111.175,4.66,0
111.18,22.47,0
111.185,22.47,0
111.19,22.47,0
111.195,22.47,0
111.2,22.47,0
111.205,28.73,0
111.21,-14.25,0
111.215,-14.25,0
111.22,20.26,0
111.225,22.47,0
111.23,-19.96,0
111.235,-19.96,0
111.24,30.83,0
111.245,30.83,0
111.25,4.42,0
111.255,4.42,0
111.26,4.42,0
111.265,4.42,0
111.27,-22.51,0
111.275,-22.51,0
111.28,34.68,0
111.285,34.68,0
111.29,-22.57,0
111.295,5.8,0
111.3,21.23,0
111.305,29.94,0
111.31,-20.96,0
111.315,-20.96,0
111.32,-14.23,0
111.325,30.15,0
111.33,30.15,0
111.335,30.15,0
111.34,23.58,0
111.345,23.58,0
111.35,-24.8,0
111.355,-24.8,0
111.36,26.9,0
111.365,-20.96,0
111.37,9.68,0
111.375,-10.47,0
111.38,-18.59,0
111.385,9.27,0
111.39,-17.79,0
111.395,-17.79,0
111.4,30.71,0
111.405,30.71,0
111.41,-10.71,0
111.415,-10.71,0
111.42,-10.71,0
111.425,-10.71,0
111.43,21.69,0
111.435,21.69,0
111.44,31.24,0
111.445,30.45,0
111.45,-7.95,0
111.455,-7.95,0
111.46,22.16,0
111.465,22.16,0
111.47,-19.07,0
111.475,-19.07,0
111.48,-19.07,0
111.485,-19.07,0
111.49,-5.39,0
111.495,-5.39,0
111.5,7.54,0
111.505,7.54,0
111.51,-18.54,0
111.515,30.83,0
111.52,30.83,0
111.525,17.82,0
111.53,30.83,0
111.535,30.83,0
111.54,6.04,0
111.545,6.04,0
111.55,6.45,0
111.555,23.66,0
111.56,30.41,0
111.565,-5.81,0
111.57,2.81,0
111.575,-9.56,0
111.58,33.97,0
111.585,-21.58,0
111.59,-21.58,0
111.595,-27.14,0
111.6,4.77,0
111.605,-11.61,0
111.61,-19.54,0
111.615,-5.34,0
111.62,31.32,0
111.625,20.83,0
111.63,20.83,0
111.635,20.83,0
111.64,24.19,0
111.645,-13.37,0
111.65,-13.37,0
111.655,32.46,0
111.66,32.46,0
111.665,19.67,0
111.67,19.67,0
111.675,19.67,0
111.68,17.78,0
111.685,5.36,0
111.69,5.36,0
111.695,5.36,0
111.7,5.36,0
111.705,5.36,0
111.71,-18.31,0
111.715,-18.31,0
111.72,8.96,0
111.725,8.96,0
111.73,-12.04,0
111.735,-0.09,0
111.74,19.76,0
111.745,-22.26,0
111.75,-22.26,0
111.755,21.66,0
111.76,21.66,0
111.765,8.96,0
111.77,-12.94,0
111.775,-12.94,0
111.78,36.03,0
111.785,36.03,0
111.79,19.49,0
111.795,19.49,0
111.8,19.67,0
111.805,8.56,0
111.81,-23.96,0
111.815,8.56,0
111.82,31.7,0
111.825,31.7,0
111.83,-16.95,0
111.835,-16.95,0
111.84,9.86,0
111.845,9.86,0
111.85,30.4,0
111.855,-1.43,0
111.86,-14.7,0
111.865,-14.7,0
111.87,-14.7,0
111.875,-14.7,0
111.88,-24.75,0
111.885,19.27,0
111.89,-12.08,0
111.895,-12.08,0
111.9,36.52,0
111.905,36.52,0
111.91,-21.34,0
111.915,-21.34,0
111.92,4.43,0
111.925,17.97,0
111.93,9.0,0
111.935,9.0,0
111.94,32.71,0
111.945,32.71,0
111.95,-17.95,0
111.955,-17.95,0
111.96,14.5,0
111.965,-24.12,0
111.97,8.12,0
111.975,8.12,0
111.98,-7.42,0
111.985,-21.17,0
111.99,-21.17,0
111.995,15.12,0
112.0,15.12,0
112.005,6.41,0
112.01,32.66,0
112.015,-2.78,0
112.02,31.07,0
112.025,31.07,0
112.03,31.07,0
112.035,18.27,0
112.04,18.27,0
112.045,14.36,0
112.05,14.36,0
112.055,-17.94,0
112.06,32.77,0
112.065,-16.16,0
112.07,-16.16,0
112.075,-16.16,0
112.08,-16.16,0
112.085,7.84,0
112.09,7.84,0
112.095,-10.48,0
112.1,-10.48,0
112.105,-17.44,0
112.11,-17.44,0
112.115,6.42,0
112.12,18.01,0
112.125,18.01,0
112.13,27.87,0
112.135,-15.59,0
112.14,-21.45,0
112.145,31.58,0
112.15,31.58,0
112.155,-10.48,0
112.16,16.67,0
112.165,6.52,0
112.17,6.52,0
112.175,-13.72,0
112.18,-13.72,0
112.185,32.81,0
112.19,32.81,0
112.195,-21.82,0
112.2,-18.7,0
112.205,6.64,0
112.21,-25.97,0
112.215,-12.02,0
112.22,-12.02,0
112.225,32.1,0
112.23,-23.79,0
112.235,-17.22,0
112.24,-17.22,0
112.245,18.15,0
112.25,-13.56,0
112.255,-13.56,0
112.26,32.46,0
112.265,32.46,0
112.27,32.46,0
112.275,32.46,0
112.28,32.46,0
112.285,32.46,0
112.29,32.46,0
112.295,32.81,0
112.3,5.97,0
112.305,29.65,0
112.31,-17.92,0
112.315,-17.92,0
112.32,14.38,0
112.325,14.38,0
112.33,8.93,0
112.335,8.93,0
112.34,-12.54,0
112.345,-12.54,0
112.35,-16.86,0
112.355,-16.86,0
112.36,15.94,0
112.365,15.94,0
112.37,-11.86,0
112.375,-11.86,0
112.38,31.81,0
112.385,31.81,0
112.39,0.84,0
112.395,0.84,0
112.4,27.4,0
112.405,27.4,0
112.41,26.84,0
112.415,26.84,0
112.42,-3.87,0
112.425,-3.87,0
112.43,1.8,0
112.435,1.8,0
112.44,25.6,0
112.445,25.6,0
112.45,25.6,0
112.455,25.6,0
112.46,-5.38,0
112.465,-5.38,0
112.47,-1.84,0
112.475,-1.84,0
112.48,-24.23,0
112.485,1.8,0
112.49,-24.23,0
112.495,36.03,0
112.5,-24.23,0
112.505,-4.56,0
112.51,0.95,0
112.515,25.6,0
112.52,22.41,0
112.525,22.41,0
112.53,25.36,0
112.535,25.36,0
112.54,25.36,0
112.545,-2.94,0
112.55,-0.05,0
112.555,-0.05,0
112.56,-20.62,0
112.565,-20.62,0
112.57,-20.62,0
112.575,-20.62,0
112.58,-20.62,0
112.585,29.93,0
112.59,29.93,0
112.595,-1.31,0
112.6,-1.31,0
112.605,-19.98,0
112.61,-21.78,0
112.615,26.42,0
112.62,26.42,0
112.625,26.42,0
112.63,26.42,0
112.635,-26.26,0
112.64,-0.35,0
112.645,27.45,0
112.65,27.45,0
112.655,-19.0,0
112.66,29.61,0
112.665,-20.62,0
112.67,-3.77,0
112.675,-3.77,0
112.68,24.29,0
112.685,24.29,0
112.69,24.29,0
112.695,27.45,0
112.7,24.29,0
112.705,-4.05,0
112.71,-4.05,0
112.715,-3.13,0
112.72,-3.13,0
112.725,27.83,0
112.73,-24.06,0
112.735,-24.06,0
112.74,29.51,0
112.745,29.51,0
112.75,-2.09,0
112.755,-20.73,0
112.76,-2.09,0
112.765,-2.09,0
112.77,27.42,0
112.775,24.38,0
112.78,-4.61,0
112.785,-4.61,0
112.79,-4.61,0
112.795,-4.61,0
112.8,-4.61,0
112.805,28.2,0
112.81,28.2,0
112.815,-20.44,0
112.82,-20.44,0
112.825,-4.21,0
112.83,-4.67,0
112.835,-0.13,0
112.84,-0.13,0
112.845,-0.13,0
112.85,-0.13,0
112.855,-21.05,0
112.86,17.64,0
112.865,-21.05,0
112.87,-21.05,0
112.875,-4.95,0
112.88,27.88,0
112.885,27.88,0
112.89,27.88,0
112.895,27.88,0
112.9,27.88,0
112.905,30.4,0
112.91,30.4,0
112.915,-3.51,0
112.92,-15.23,0
112.925,27.29,0
112.93,33.59,0
112.935,-19.85,0
112.94,-19.85,0
112.945,-19.85,0
112.95,-19.85,0
112.955,-19.85,0
112.96,-2.02,0
112.965,-2.02,0
112.97,-22.37,0
112.975,-22.37,0
112.98,-22.37,0
112.985,31.86,0
112.99,31.86,0
112.995,-4.04,0
113.0,-4.04,0
113.005,24.49,0
113.01,24.49,0
113.015,24.49,0
113.02,24.49,0
113.025,-3.5,0
113.03,-3.8,0
113.035,27.92,0
113.04,24.08,0
113.045,24.08,0
113.05,24.08,0
113.055,30.71,0
113.06,-19.73,0
113.065,-19.73,0
113.07,-3.09,0
113.075,-3.09,0
113.08,-3.09,0
113.085,-0.25,0
113.09,-0.25,0
113.095,-21.88,0
113.1,27.68,0
113.105,27.68,0
113.11,27.68,0
113.115,27.68,0
113.12,2.12,0
113.125,2.12,0
113.13,26.82,0
113.135,26.82,0
113.14,-22.6,0
113.145,-22.6,0
113.15,25.63,0
113.155,25.63,0
113.16,-0.18,0
113.165,-0.18,0
113.17,26.25,0
113.175,26.25,0
113.18,-19.5,0
113.185,-19.5,0
113.19,-0.83,0
113.195,-0.83,0
113.2,-17.28,0
113.205,-17.28,0
113.21,10.29,0
113.215,10.29,0
113.22,14.31,0
113.225,-3.94,0
113.23,-17.0,0
113.235,34.85,0
113.24,36.27,0
113.245,36.27,0
113.25,10.74,0
113.255,10.74,0
113.26,12.0,0
113.265,12.0,0
113.27,-18.21,0
113.275,-18.21,0
113.28,-14.82,0
113.285,-14.82,0
113.29,-14.82,0
113.295,-14.82,0
113.3,-13.38,0
113.305,12.48,0
113.31,12.48,0
113.315,-12.72,0
113.32,-12.72,0
113.325,-16.83,0
113.33,-16.83,0
113.335,12.86,0
113.34,28.96,0
113.345,12.86,0
113.35,12.86,0
113.355,9.08,0
113.36,9.08,0
113.365,31.57,0
113.37,31.57,0
113.375,13.32,0
113.38,13.32,0
113.385,11.83,0
113.39,11.83,0
113.395,-17.04,0
113.4,-17.04,0
113.405,31.43,0
113.41,-19.05,0
113.415,-19.05,0
113.42,-19.05,0
113.425,8.15,0
113.43,8.15,0
113.435,-16.22,0
113.44,-16.22,0
113.445,-16.22,0
113.45,-16.22,0
113.455,33.55,0
113.46,33.55,0
113.465,15.08,0
113.47,15.08,0
113.475,33.55,0
113.48,-15.48,0
113.485,29.66,0
113.49,-3.5,0
113.495,13.54,0
113.5,15.26,0
113.505,15.08,0
113.51,15.26,0
113.515,-17.38,0
113.52,-17.38,0
113.525,33.89,0
113.53,33.89,0
113.535,-14.63,0
113.54,33.89,0
113.545,11.68,0
113.55,11.68,0
113.555,-13.37,0
113.56,-13.37,0
113.565,-16.39,0
113.57,-16.39,0
113.575,14.02,0
113.58,14.02,0
113.585,14.02,0
113.59,-17.08,0
113.595,-17.08,0
113.6,-17.08,0
113.605,30.61,0
113.61,-17.04,0
113.615,-17.08,0
113.62,14.38,0
113.625,14.38,0
113.63,14.38,0
113.635,14.38,0
113.64,31.87,0
113.645,28.07,0
113.65,-15.36,0
113.655,-15.36,0
113.66,14.75,0
113.665,14.75,0
113.67,14.75,0
113.675,-16.79,0
113.68,31.87,0
113.685,-16.79,0
113.69,-15.45,0
113.695,-20.48,0
113.7,-15.45,0
113.705,13.67,0
113.71,-16.07,0
113.715,30.33,0
113.72,-4.22,0
113.725,32.85,0
113.73,32.85,0
113.735,-17.45,0
113.74,-17.45,0
113.745,15.85,0
113.75,15.85,0
113.755,13.09,0
113.76,13.09,0
113.765,33.53,0
113.77,33.53,0
113.775,-15.19,0
113.78,27.04,0
113.785,11.15,0
113.79,11.15,0
113.795,11.15,0
113.8,-16.79,0
113.805,11.15,0
113.81,11.15,0
113.815,-15.93,0
113.82,-15.93,0
113.825,11.67,0
113.83,11.67,0
113.835,33.53,0
113.84,-15.32,0
113.845,-15.32,0
113.85,-15.32,0
113.855,-15.32,0
113.86,-16.85,0
113.865,-2.35,0
113.87,11.71,0
113.875,11.71,0
113.88,11.71,0
113.885,28.89,0
113.89,28.89,0
113.895,-15.38,0
113.9,-15.38,0
113.905,11.53,0
113.91,14.23,0
113.915,14.23,0
113.92,-18.66,0
113.925,-18.66,0
113.93,-18.66,0
113.935,-16.89,0
113.94,-16.89,0
113.945,-15.8,0
113.95,14.1,0
113.955,11.73,0
113.96,11.73,0
113.965,26.96,0
113.97,26.96,0
113.975,-6.58,0
113.98,26.96,0
113.985,13.6,0
113.99,13.6,0
113.995,13.14,0
114.0,-17.65,0
114.005,3.13,0
114.01,-17.65,0
114.015,-16.59,0
114.02,-16.59,0
114.025,26.98,0
114.03,-20.74,0
114.035,-19.62,0
114.04,24.81,0
114.045,24.81,0
114.05,-1.8,0
114.055,-1.8,0
114.06,31.35,0
114.065,34.64,0
114.07,31.35,0
114.075,25.09,0
114.08,25.09,0
114.085,25.09,0
114.09,25.09,0
114.095,-2.41,0
114.1,-2.41,0
114.105,-17.79,0
114.11,-17.23,0
114.115,29.32,0
114.12,29.32,0
114.125,-24.25,0
114.13,-24.25,0
114.135,0.03,0
114.14,25.87,0
114.145,25.87,0
114.15,-20.93,0
114.155,-20.93,0
114.16,-0.96,0
114.165,-0.96,0
114.17,-4.62,0
114.175,-4.62,0
114.18,-4.62,0
114.185,-4.62,0
114.19,-2.41,0
114.195,-20.74,0
114.2,-20.74,0
114.205,26.03,0
114.21,26.03,0
114.215,-1.94,0
114.22,-1.94,0
114.225,27.48,0
114.23,27.48,0
114.235,-24.74,0
114.24,-4.92,0
114.245,27.27,0
114.25,-4.48,0
114.255,-4.48,0
114.26,20.82,0
114.265,-5.71,0
114.27,29.76,0
114.275,6.52,0
114.28,-22.16,0
114.285,-22.16,0
114.29,-3.06,0
114.295,-3.06,0
114.3,-4.59,0
114.305,26.18,0
114.31,-35.94,0
114.315,-4.43,0
114.32,23.0,0
114.325,23.0,0
114.33,-1.99,0
114.335,-1.99,0
114.34,-1.99,0
114.345,28.71,0
114.35,28.71,0
114.355,28.71,0
114.36,28.71,0
114.365,26.79,0
114.37,26.79,0
114.375,-1.31,0
114.38,-1.31,0
114.385,27.39,0
114.39,27.39,0
114.395,-20.51,0
114.4,-20.51,0
114.405,-20.51,0
114.41,-20.51,0
114.415,1.17,0
114.42,1.17,0
114.425,-4.95,0
114.43,-4.95,0
114.435,-19.87,0
114.44,26.19,0
114.445,26.19,0
114.45,-1.68,0
114.455,-1.68,0
114.46,-5.77,0
114.465,-5.77,0
114.47,-5.77,0
114.475,28.01,0
114.48,28.33,0
114.485,28.33,0
114.49,31.84,0
114.495,0.84,0
114.5,-4.45,0
114.505,-4.45,0
114.51,-4.45,0
114.515,29.66,0
114.52,-21.77,0
114.525,-21.77,0
114.53,2.67,0
114.535,2.67,0
114.54,-5.92,0
114.545,-5.92,0
114.55,26.38,0
114.555,26.38,0
114.56,-20.71,0
114.565,2.67,0
114.57,-20.71,0
114.575,-20.71,0
114.58,36.31,0
114.585,-5.92,0
114.59,26.94,0
114.595,26.94,0
114.6,26.75,0
114.605,18.69,0
114.61,1.21,0
114.615,1.21,0
114.62,1.21,0
114.625,1.21,0
114.63,30.35,0
114.635,30.35,0
114.64,-19.16,0
114.645,-19.16,0
114.65,2.32,0
114.655,2.32,0
114.66,-8.62,0
114.665,-8.62,0
114.67,-8.62,0
114.675,33.66,0
114.68,-21.52,0
114.685,-21.52,0
114.69,26.19,0
114.695,26.19,0
114.7,26.19,0
114.705,26.19,0
114.71,-0.27,0
114.715,-0.27,0
114.72,30.93,0
114.725,30.93,0
114.73,24.81,0
114.735,-17.33,0
114.74,1.28,0
114.745,1.28,0
114.75,29.83,0
114.755,29.83,0
114.76,-25.8,0
114.765,26.19,0
114.77,-10.97,0
114.775,24.5,0
114.78,-0.93,0
114.785,-0.93,0
114.79,28.75,0
114.795,-8.51,0
114.8,-22.48,0
114.805,-22.48,0
114.81,27.81,0
114.815,-19.69,0
114.82,-0.66,0
114.825,16.35,0
114.83,31.4,0
114.835,31.4,0
114.84,14.04,0
114.845,14.04,0
114.85,16.46,0
114.855,16.46,0
114.86,33.2,0
114.865,33.2,0
114.87,-14.48,0
114.875,12.55,0
114.88,12.55,0
114.885,15.77,0
114.89,15.77,0
114.895,15.77,0
114.9,15.77,0
114.905,15.77,0
114.91,-17.77,0
114.915,-17.77,0
114.92,-21.38,0
114.925,8.0,0
114.93,-16.26,0
114.935,-16.26,0
114.94,-16.26,0
114.945,15.25,0
114.95,-16.26,0
114.955,-16.26,0
114.96,12.67,0
114.965,13.16,0
114.97,13.16,0
114.975,13.16,0
114.98,13.16,0
114.985,13.16,0
114.99,-19.46,0
114.995,-19.46,0
115.0,-18.1,0
115.005,17.47,0
115.01,-5.79,0
115.015,-17.65,0
115.02,-17.65,0
115.025,-15.18,0
115.03,-15.18,0
115.035,8.04,0
115.04,8.04,0
115.045,10.86,0
115.05,14.7,0
115.055,14.7,0
115.06,14.7,0
115.065,34.43,0
115.07,34.43,0
115.075,7.87,0
115.08,7.87,0
115.085,18.26,0
115.09,18.26,0
115.095,31.85,0
115.1,31.85,0
115.105,-16.82,0
115.11,-16.82,0
115.115,-16.82,0
115.12,-7.49,0
115.125,17.4,0
115.13,-2.98,0
115.135,-19.74,0
115.14,-19.74,0
115.145,-14.66,0
115.15,-16.82,0
115.155,11.14,0
115.16,11.14,0
115.165,13.44,0
115.17,13.44,0
115.175,13.44,0
115.18,-18.42,0
115.185,-16.08,0
115.19,34.11,0
115.195,34.11,0
115.2,27.15,0
115.205,13.09,0
115.21,13.09,0
115.215,13.09,0
115.22,-19.91,0
115.225,-19.91,0
115.23,-19.91,0
115.235,-13.0,0
115.24,-13.0,0
115.245,-13.0,0
115.25,18.11,0
115.255,18.11,0
115.26,-15.47,0
115.265,-15.47,0
115.27,31.0,0
115.275,31.0,0
115.28,8.56,0
115.285,8.56,0
115.29,8.56,0
115.295,8.56,0
115.3,-18.15,0
115.305,34.65,0
115.31,34.65,0
115.315,34.65,0
115.32,8.18,0
115.325,31.0,0
115.33,17.79,0
115.335,17.79,0
115.34,17.79,0
115.345,30.98,0
115.35,30.98,0
115.355,-14.2,1
115.36,-14.2,0
115.365,-14.2,0
115.37,21.21,0
115.375,26.51,0
115.38,-19.55,0
115.385,-19.55,0
115.39,35.14,0
115.395,35.14,0
115.4,35.14,0
115.405,35.14,0
115.41,25.12,0
115.415,8.83,0
115.42,-18.97,0
115.425,-18.97,0
115.43,-18.97,0
115.435,30.62,0
115.44,30.62,0
115.445,12.96,0
115.45,-19.46,0
115.455,21.21,0
115.46,16.73,0
115.465,16.73,0
115.47,16.73,0
115.475,34.96,0
115.48,34.96,0
115.485,-14.83,0
115.49,3.76,0
115.495,-19.78,0
115.5,-19.78,0
115.505,-19.78,0
115.51,-19.78,0
115.515,-13.25,0
115.52,-13.25,0
115.525,10.99,0
115.53,10.99,0
115.535,-15.4,0
115.54,-15.4,0
115.545,30.3,0
115.55,30.3,0
115.555,30.3,0
115.56,30.3,0
115.565,23.82,0
115.57,36.2,0
115.575,16.95,0
115.58,16.95,0
115.585,-19.78,0
115.59,30.06,0
115.595,-15.54,0
115.6,-15.54,0
115.605,7.42,0
115.61,7.42,0
115.615,18.98,0
115.62,18.98,0
115.625,-17.1,0
115.63,1.13,0
115.635,-13.06,0
115.64,-13.06,0
115.645,-13.06,0
115.65,-13.06,0
115.655,11.53,0
115.66,11.53,0
115.665,1.53,0
115.67,-13.87,0
115.675,-6.69,0
115.68,1.09,0
115.685,16.88,0
115.69,7.68,0
115.695,23.64,0
115.7,23.64,0
115.705,16.82,0
115.71,-0.28,0
115.715,-0.28,0
115.72,-9.52,0
115.725,-21.25,0
115.73,-21.25,0
115.735,-21.25,0
115.74,30.34,0
115.745,-21.25,0
115.75,1.43,0
115.755,8.8,0
115.76,-7.83,0
115.765,-7.83,0
115.77,-23.08,0
115.775,-23.08,0
115.78,25.57,0
115.785,25.57,0
115.79,25.57,0
115.795,-6.6,0
115.8,-6.6,0
115.805,26.82,0
115.81,26.82,0
115.815,21.77,0
115.82,21.77,0
115.825,-0.29,0
115.83,-0.28,0
115.835,-0.29,0
115.84,-0.29,0
115.845,-7.79,0
115.85,-7.79,0
115.855,14.36,0
115.86,29.83,0
115.865,3.7,0
115.87,3.7,0
115.875,3.7,0
115.88,23.06,0
115.885,3.7,0
115.89,3.7,0
115.895,-22.39,0
115.9,-22.39,0
115.905,23.56,0
115.91,23.56,0
115.915,-6.01,0
115.92,-6.01,0
115.925,30.84,0
115.93,30.84,0
115.935,-20.51,0
115.94,-20.51,0
115.945,-3.37,0
115.95,-3.37,0
115.955,-3.37,0
115.96,-3.37,0
115.965,27.95,0
115.97,27.95,0
115.975,-22.62,0
115.98,-22.62,0
115.985,2.6,0
115.99,2.6,0
115.995,-6.5,0
116.0,-6.5,0
116.005,-6.5,0
116.01,7.69,0
116.015,-6.5,0
116.02,-6.5,0
116.025,20.95,0
116.03,20.95,0
116.035,-9.0,0
116.04,-9.0,0
116.045,-9.0,0
116.05,-9.0,0
116.055,-9.0,0
116.06,29.46,0
116.065,29.46,0
116.07,25.79,0
116.075,25.79,0
116.08,1.76,0
116.085,1.76,0
116.09,26.21,0
116.095,26.21,0
116.1,-23.92,0
116.105,-23.92,0
116.11,1.48,0
116.115,-6.91,0
116.12,-14.77,0
116.125,-20.34,0
116.13,-6.91,0
116.135,-19.63,0
116.14,-19.63,0
116.145,25.13,0
116.15,25.13,0
116.155,0.75,0
116.16,-19.63,0
116.165,27.47,0
116.17,27.47,0
116.175,27.47,0
116.18,27.47,0
116.185,25.9,0
116.19,25.9,0
116.195,1.86,0
116.2,1.86,0
116.205,29.8,0
116.21,29.8,0
116.215,32.1,0
116.22,-20.53,0
116.225,25.57,0
116.23,25.57,0
116.235,1.74,0
116.24,1.74,0
116.245,-7.84,0
116.25,-7.84,0
116.255,-19.06,0
116.26,-19.06,0
116.265,27.42,0
116.27,27.42,0
116.275,1.85,0
116.28,1.85,0
116.285,-8.7,0
116.29,-8.7,0
116.295,30.19,0
116.3,0.6,0
116.305,30.19,0
116.31,30.19,0
116.315,-0.7,0
116.32,-0.7,0
116.325,29.2,0
116.33,-5.13,0
116.335,-19.29,0
116.34,-19.29,0
116.345,-19.29,0
116.35,-19.29,0
116.355,3.89,0
116.36,3.89,0
116.365,3.89,0
116.37,19.71,0
116.375,-22.47,0
116.38,-22.47,0
116.385,24.43,0
116.39,24.43,0
116.395,1.78,0
116.4,1.78,0
116.405,28.83,0
116.41,28.83,0
116.415,1.69,0
116.42,28.83,0
116.425,25.1,0
116.43,25.1,0
116.435,1.6,0
116.44,1.6,0
116.445,-7.67,0
116.45,-7.67,0
116.455,30.75,0
116.46,30.75,0
116.465,15.49,0
116.47,15.49,0
116.475,-16.47,0
116.48,27.62,0
116.485,-9.2,0
116.49,-9.2,0
116.495,7.31,0
116.5,7.31,0
116.505,7.31,0
116.51,7.31,0
116.515,-15.93,0
116.52,27.95,0
116.525,27.95,0
116.53,9.3,0
116.535,9.3,0
116.54,15.46,0
116.545,1.0,0
116.55,15.46,0
116.555,-18.72,0
116.56,-18.72,0
116.565,30.84,0
116.57,-13.37,0
116.575,-17.83,0
116.58,-13.37,0
116.585,30.59,0
116.59,17.86,0
116.595,17.86,0
116.6,1.52,0
116.605,-14.41,0
116.61,-14.41,0
116.615,-13.58,0
116.62,26.21,0
116.625,11.41,0
116.63,-18.79,0
116.635,-7.63,0
116.64,34.77,0
116.645,34.77,0
116.65,34.77,0
116.655,-14.95,0
116.66,-14.95,0
116.665,15.87,0
116.67,15.87,0
116.675,15.87,0
116.68,29.93,0
116.685,29.93,0
116.69,29.93,0
116.695,-12.05,0
116.7,-12.05,0
116.705,-11.49,0
116.71,16.65,0
116.715,-20.33,0
116.72,-20.33,0
116.725,-20.33,0
116.73,-20.33,0
116.735,-10.43,0
116.74,-10.43,0
116.745,10.42,0
116.75,10.42,0
116.755,-20.66,0
116.76,30.8,0
116.765,30.8,0
116.77,17.3,0
116.775,30.8,0
116.78,8.0,0
116.785,8.0,0
116.79,13.73,0
116.795,13.73,0
116.8,29.87,0
116.805,29.87,0
116.81,29.87,0
116.815,-13.07,0
116.82,-13.07,0
116.825,-13.07,0
116.83,-13.07,0
116.835,24.16,0
116.84,-22.47,0
116.845,-22.47,0
116.85,-12.5,0
116.855,-12.5,0
116.86,-12.5,0
116.865,12.52,0
116.87,12.52,0
116.875,15.25,0
116.88,15.25,0
116.885,27.97,0
116.89,27.97,0
116.895,27.97,0
116.9,27.97,0
116.905,7.99,0
116.91,31.73,0
116.915,12.91,0
116.92,12.91,0
116.925,30.4,0
116.93,30.4,0
116.935,-13.79,0
116.94,-13.79,0
116.945,-13.79,0
116.95,-13.79,0
116.955,17.43,0
116.96,-17.11,0
116.965,-17.11,0
116.97,-13.4,0
116.975,-13.4,0
116.98,11.88,0
116.985,11.88,0
116.99,11.88,0
116.995,18.8,0
117.0,18.8,0
117.005,18.8,0
117.01,18.8,0
117.015,12.9,0
117.02,32.53,0
117.025,8.61,0
117.03,8.61,0
117.035,14.72,0
117.04,-18.83,0
117.045,34.41,0
117.05,8.36,0
117.055,-6.75,0
117.06,-15.1,0
117.065,-15.1,0
117.07,-15.1,0
117.075,18.9,0
117.08,18.9,0
117.085,-19.25,0
117.09,-26.07,0
117.095,-12.5,0
117.1,8.67,0
117.105,14.72,0
117.11,8.67,0
117.115,8.67,0
117.12,-17.95,0
117.125,-17.95,0
117.13,29.36,0
117.135,29.36,0
117.14,11.59,0
117.145,11.59,0
117.15,18.48,0
117.155,18.48,0
117.16,18.48,0
117.165,18.48,0
117.17,32.55,0
117.175,32.55,0
117.18,-17.95,0
117.185,-13.98,0
117.19,11.94,0
117.195,11.94,0
117.2,-19.31,0
117.205,-19.31,0
117.21,-19.31,0
117.215,21.63,0
117.22,-12.79,0
117.225,-12.79,0
117.23,10.13,0
117.235,10.13,0
117.24,-15.68,0
117.245,-15.68,0
117.25,32.54,0
117.255,32.54,0
117.26,32.54,0
117.265,32.54,0
117.27,32.55,0
117.275,11.84,0
117.28,8.9,0
117.285,11.84,0
117.29,26.23,0
117.295,26.23,0
117.3,29.12,0
117.305,29.12,0
117.31,-19.19,0
117.315,-19.19,0
117.32,-19.19,0
117.325,-19.19,0
117.33,0.73,0
117.335,0.73,0
117.34,-6.18,0
117.345,-15.78,0
117.35,-20.58,0
117.355,-20.58,0
117.36,23.75,0
117.365,23.75,0
117.37,-2.22,0
117.375,-2.22,0
117.38,-8.08,0
117.385,-8.08,0
117.39,31.88,0
117.395,31.88,0
117.4,31.88,0
117.405,23.31,0
117.41,-1.08,0
117.415,-1.08,0
117.42,-8.08,0
117.425,-24.24,0
117.43,-23.35,0
117.435,-23.35,0
117.44,-23.35,0
117.445,-23.35,0
117.45,-23.35,0
117.455,-23.35,0
117.46,-23.35,0
117.465,-7.49,0
117.47,-21.99,0
117.475,-21.99,0
117.48,25.15,0
117.485,17.38,0
117.49,25.15,0
117.495,25.15,0
117.5,25.15,0
117.505,25.15,0
117.51,30.26,0
117.515,-19.81,0
117.52,22.84,0
117.525,22.84,0
117.53,22.84,0
117.535,22.84,0
117.54,22.84,0
117.545,22.84,0
117.55,22.84,0
117.555,-20.14,0
117.56,9.66,0
117.565,29.64,0
117.57,-3.76,0
117.575,-3.76,0
117.58,-7.13,0
117.585,-7.13,0
117.59,22.84,0
117.595,29.67,0
117.6,21.54,0
117.605,21.54,0
117.61,21.54,0
117.615,21.54,0
117.62,-5.91,0
117.625,-7.16,0
117.63,27.07,0
117.635,-13.52,0
117.64,27.07,0
117.645,27.07,0
117.65,-24.05,0
117.655,-24.05,0
117.66,-2.3,0
117.665,-2.3,0
117.67,30.57,0
117.675,30.57,0
117.68,30.57,0
117.685,30.57,0
117.69,20.7,0
117.695,20.7,0
117.7,-7.59,0
117.705,-7.59,0
117.71,-7.59,0
117.715,-7.59,0
117.72,-19.72,0
117.725,-19.72,0
117.73,-19.72,0
117.735,-20.15,0
117.74,-0.37,0
117.745,32.02,0
117.75,32.02,0
117.755,32.02,0
117.76,31.45,0
117.765,24.86,0
117.77,15.31,0
117.775,-0.2,0
117.78,-0.2,0
117.785,27.29,0
117.79,27.29,0
117.795,27.29,0
117.8,-23.69,0
117.805,-23.69,0
117.81,4.69,0
117.815,1.82,0
117.82,1.82,0
117.825,16.8,0
117.83,-5.4,0
117.835,-22.55,0
117.84,-22.55,0
117.845,-22.55,0
117.85,-22.55,0
117.855,-22.55,0
117.86,-22.55,0
117.865,-5.97,0
117.87,-5.97,0
117.875,28.69,0
117.88,28.69,0
117.885,25.28,0
117.89,25.28,0
117.895,1.88,0
117.9,-18.72,0
117.905,-9.53,0
117.91,-9.53,0
117.915,-18.22,0
117.92,-18.22,0
117.925,-18.22,0
117.93,-18.22,0
117.935,-22.55,0
117.94,1.62,0
117.945,-8.39,0
117.95,-8.39,0
117.955,-18.69,0
117.96,-18.69,0
117.965,25.08,0
117.97,25.08,0
117.975,25.08,0
117.98,25.08,0
117.985,-5.73,0
117.99,-5.73,0
117.995,-5.73,0
118.0,-5.73,0
118.005,-20.37,0
118.01,-20.37,0
118.015,0.5,0
118.02,0.5,0
118.025,-9.61,0
118.03,-9.61,0
118.035,32.37,0
118.04,32.37,0
118.045,-18.47,0
118.05,28.68,0
118.055,-0.59,0
118.06,-0.59,0
118.065,0.47,0
118.07,-9.94,0
118.075,26.82,0
118.08,26.82,0
118.085,-22.87,0
118.09,-22.87,0
118.095,-16.4,0
118.1,-16.23,0
118.105,32.27,0
118.11,-23.27,0
118.115,10.99,0
118.12,10.99,0
118.125,10.99,0
118.13,14.67,0
118.135,14.67,0
118.14,-22.87,0
118.145,-25.62,0
118.15,33.05,0
118.155,33.05,0
118.16,-16.18,0
118.165,-16.18,0
118.17,10.46,0
118.175,10.46,0
118.18,10.46,0
118.185,18.39,0
118.19,18.39,0
118.195,18.39,0
118.2,-12.93,0
118.205,-12.93,0
118.21,11.28,0
118.215,10.46,0
118.22,9.57,0
118.225,11.28,0
118.23,13.92,0
118.235,-18.56,0
118.24,-14.13,0
118.245,10.1,0
118.25,10.1,0
118.255,20.35,0
118.26,22.65,0
118.265,20.35,0
118.27,29.42,0
118.275,30.58,0
118.28,30.58,0
118.285,10.2,0
118.29,10.2,0
118.295,15.88,0
118.3,15.88,0
118.305,15.88,0
118.31,15.88,0
118.315,-12.55,0
118.32,-12.55,0
118.325,8.12,0
118.33,8.12,0
118.335,-18.19,0
118.34,-18.19,0
118.345,28.18,0
118.35,28.18,0
118.355,-12.53,0
118.36,-12.53,0
118.365,28.18,0
118.37,-12.53,0
118.375,15.32,0
118.38,15.32,0
118.385,29.41,0
118.39,29.41,0
118.395,-11.51,0
118.4,-11.51,0
118.405,-11.51,0
118.41,9.41,0
118.415,9.41,0
118.42,16.45,0
118.425,-18.25,0
118.43,-18.25,0
118.435,-13.23,0
118.44,-13.23,0
118.445,-13.23,0
118.45,-13.23,0
118.455,-13.23,0
118.46,7.21,0
118.465,7.21,0
118.47,33.41,0
118.475,33.41,0
118.48,31.77,0
118.485,33.41,0
118.49,33.41,0
118.495,25.13,0
118.5,-9.81,0
118.505,15.19,0
118.51,15.19,0
118.515,30.88,0
118.52,-19.99,0
118.525,-25.59,0
118.53,-19.99,0
118.535,-19.99,0
118.54,-19.99,0
118.545,-19.53,0
118.55,-19.53,0
118.555,-13.61,0
118.56,-13.61,0
118.565,11.27,0
118.57,11.27,0
118.575,20.94,0
118.58,11.27,0
118.585,-19.64,0
118.59,-19.64,0
118.595,29.78,0
118.6,29.78,0
118.605,18.17,0
118.61,33.39,0
118.615,-8.09,0
118.62,14.42,0
118.625,14.42,0
118.63,14.42,0
118.635,14.42,0
118.64,14.42,0
118.645,-13.37,0
118.65,-13.37,0
118.655,15.23,0
118.66,15.23,0
118.665,-15.09,0
118.67,-15.09,0
118.675,-10.54,0
118.68,-10.54,0
118.685,6.69,0
118.69,6.69,0
118.695,6.69,0
118.7,6.69,0
118.705,-16.45,0
118.71,-16.45,0
118.715,-16.45,0
118.72,-16.45,0
118.725,-10.39,0
118.73,-14.78,0
118.735,15.75,0
118.74,15.75,0
118.745,15.75,0
118.75,15.75,0
118.755,15.75,0
118.76,14.4,0
118.765,9.33,0
118.77,-12.09,0
118.775,-12.09,0
118.78,17.79,0
118.785,17.79,0
118.79,-16.97,0
118.795,-16.97,0
118.8,-16.97,0
118.805,-16.97,0
118.81,-16.97,0
118.815,9.79,0
118.82,9.79,0
118.825,-20.55,0
118.83,-20.55,0
118.835,34.13,0
118.84,34.13,0
118.845,34.13,0
118.85,9.64,0
118.855,9.64,0
118.86,9.64,0
118.865,9.64,0
118.87,34.13,0
118.875,9.64,0
118.88,31.6,0
118.885,-17.13,0
118.89,-17.13,0
118.895,-17.13,0
118.9,-17.13,0
118.905,-17.13,0
118.91,11.66,0
118.915,11.66,0
118.92,-6.46,0
118.925,-6.46,0
118.93,-6.46,0
118.935,-21.96,0
118.94,-17.74,0
118.945,24.28,0
118.95,24.28,0
118.955,-2.24,0
118.96,-2.24,0
118.965,28.0,0
118.97,28.0,0
118.975,28.0,0
118.98,28.0,0
118.985,11.66,0
118.99,28.0,0
118.995,-1.17,0
119.0,-1.17,0
119.005,-20.75,0
119.01,28.09,0
119.015,-16.29,0
119.02,-16.29,0
119.025,25.19,0
119.03,25.19,0
119.035,-1.01,0
119.04,-1.01,0
119.045,-17.78,0
119.05,-9.3,0
119.055,-9.3,0
119.06,15.99,0
119.065,-20.85,0
119.07,25.19,0
119.075,12.17,0
119.08,-1.71,0
119.085,-5.32,0
119.09,25.93,0
119.095,25.93,0
119.1,25.93,0
119.105,25.93,0
119.11,-15.49,0
119.115,27.13,0
119.12,27.13,0
119.125,27.13,0
119.13,-6.5,0
119.135,29.58,0
119.14,29.58,0
119.145,-20.46,0
119.15,-24.17,0
119.155,-0.09,0
119.16,-0.09,0
119.165,-0.09,0
119.17,-0.09,0
119.175,-0.09,0
119.18,34.32,0
119.185,27.78,0
119.19,25.8,0
119.195,25.8,0
119.2,25.8,0
119.205,25.8,0
119.21,25.8,0
119.215,25.8,0
119.22,-4.55,0
119.225,-4.55,0
119.23,28.1,0
119.235,28.1,0
119.24,-1.68,0
119.245,-1.68,0
119.25,-1.22,0
119.255,-1.22,0
119.26,31.07,0
119.265,31.07,0
119.27,-21.05,0
119.275,-21.05,0
119.28,3.48,0
119.285,3.48,0
119.29,-6.33,0
119.295,-6.33,0
119.3,-19.91,0
119.305,24.3,0
119.31,24.3,0
119.315,24.3,0
119.32,24.3,0
119.325,24.3,0
119.33,-8.33,0
119.335,-17.41,0
119.34,30.31,0
119.345,30.31,0
119.35,30.31,0
119.355,30.31,0
119.36,-20.97,0
119.365,-20.97,0
119.37,-3.91,0
119.375,-3.91,0
119.38,-3.91,0
119.385,-3.91,0
119.39,-20.68,0
119.395,-10.37,0
119.4,1.92,0
119.405,1.92,0
119.41,15.5,0
119.415,30.05,0
119.42,30.05,0
119.425,30.05,0
119.43,-22.17,0
119.435,-22.17,0
119.44,-22.17,0
119.445,-22.17,0
119.45,-4.09,0
119.455,-4.09,0
119.46,-16.37,0
119.465,29.79,0
119.47,-20.43,0
119.475,25.66,0
119.48,25.66,0
119.485,-3.05,0
119.49,-3.05,0
119.495,31.07,0
119.5,31.07,0
119.505,-24.98,0
119.51,-24.98,0
119.515,27.15,0
119.52,27.15,0
119.525,-6.17,0
119.53,-6.17,0
119.535,-6.17,0
119.54,-6.17,0
119.545,-20.61,0
119.55,-20.61,0
119.555,24.58,0
119.56,24.58,0
119.565,-5.98,0
119.57,-5.98,0
119.575,27.16,0
119.58,27.16,0
119.585,27.16,0
119.59,27.16,0
119.595,25.96,0
119.6,25.96,0
119.605,-0.16,0
119.61,-20.0,0
119.615,-0.16,0
119.62,-0.16,0
119.625,-2.79,0
119.63,-2.79,0
119.635,14.53,0
119.64,-22.36,0
119.645,-2.69,0
119.65,-2.69,0
119.655,-4.07,0
119.66,-25.15,0
119.665,-21.62,0
119.67,23.53,0
119.675,23.53,0
119.68,23.53,0
119.685,23.53,0
119.69,-2.61,0
119.695,-2.61,0
119.7,-2.61,0
119.705,-2.61,0
119.71,-20.61,0
119.715,-20.61,0
119.72,29.47,0
119.725,29.47,0
119.73,-14.51,0
119.735,-14.51,0
119.74,-14.51,0
119.745,-14.51,0
119.75,19.84,0
119.755,19.84,0
119.76,-17.96,0
119.765,-17.96,0
119.77,32.41,0
119.775,32.41,0
119.78,14.51,0
119.785,14.51,0
119.79,-13.98,0
119.795,-2.62,0
119.8,-17.56,0
119.805,-17.56,0
119.81,33.3,0
119.815,33.3,0
119.82,14.34,0
119.825,14.34,0
119.83,15.6,0
119.835,15.6,0
119.84,15.6,0
119.845,31.3,0
119.85,-20.09,0
119.855,-20.09,0
119.86,-20.09,0
119.865,-20.09,0
119.87,12.63,0
119.875,12.63,0
119.88,12.63,0
119.885,12.63,0
119.89,31.54,0
119.895,31.54,0
119.9,-12.91,0
119.905,13.0,0
119.91,12.66,0
119.915,12.66,0
119.92,-16.45,0
119.925,28.24,0
119.93,30.79,0
119.935,30.79,0
119.94,12.98,0
119.945,12.98,0
119.95,-18.79,0
119.955,11.15,0
119.96,34.64,0
119.965,34.64,0
119.97,34.64,0
119.975,-19.96,0
119.98,-22.14,0
119.985,-19.96,0
119.99,16.06,0
119.995,16.06,0
120.0,16.06,0
120.005,-18.42,0
120.01,-18.42,0
120.015,-14.73,0
120.02,-24.3,0
120.025,9.26,0
120.03,9.26,0
120.035,16.6,0
120.04,16.6,0
120.045,-15.92,0
120.05,-15.92,0
120.055,30.62,0
120.06,30.62,0
120.065,30.62,0
120.07,30.62,0
120.075,-15.12,0
120.08,-16.01,0
120.085,-16.01,0
120.09,32.61,0
120.095,32.61,0
120.1,32.61,0
120.105,32.61,0
120.11,14.67,0
120.115,14.67,0
120.12,-19.46,0
120.125,-19.46,0
120.13,33.69,0
120.135,33.69,0
120.14,-18.54,0
120.145,-18.5,0
120.15,-18.5,0
120.155,-18.5,0
120.16,-15.34,0
120.165,30.6,0
120.17,28.15,0
120.175,28.15,0
120.18,-12.42,0
120.185,-12.42,0
120.19,11.55,0
120.195,11.55,0
120.2,11.55,0
120.205,11.55,0
120.21,31.06,0
120.215,31.06,0
120.22,-17.15,0
120.225,-17.15,0
120.23,11.06,0
120.235,11.06,0
120.24,-14.71,0
120.245,-14.71,0
120.25,-14.71,0
120.255,-14.71,0
120.26,-14.98,0
120.265,-14.98,0
120.27,-14.98,0
120.275,-14.98,0
120.28,-14.98,0
120.285,-14.98,0
120.29,-14.98,0
120.295,-14.98,0
120.3,-14.98,0
120.305,-15.99,0
120.31,-15.99,0
120.315,14.05,0
120.32,14.05,0
120.325,15.24,0
120.33,15.24,0
120.335,15.24,0
120.34,14.58,0
120.345,-29.41,0
120.35,32.21,0
120.355,15.05,1
120.36,27.52,0
120.365,-14.18,0
120.37,-14.18,0
120.375,-16.2,0
120.38,24.43,0
120.385,14.56,0
120.39,14.56,0
120.395,14.56,0
120.4,14.56,0
120.405,-13.28,0
120.41,-13.28,0
120.415,-13.28,0
120.42,-13.28,0
120.425,32.21,0
120.43,-16.94,0
120.435,5.27,0
120.44,5.27,0
120.445,-13.45,0
120.45,-13.45,0
120.455,33.08,0
120.46,33.08,0
120.465,-15.8,0
120.47,15.49,0
120.475,15.49,0
120.48,15.49,0
120.485,15.49,0
120.49,-17.66,0
120.495,-17.66,0
120.5,-14.45,0
120.505,-14.45,0
120.51,17.96,0
120.515,17.96,0
120.52,-18.0,0
120.525,-16.25,0
120.53,-13.63,0
120.535,27.99,0
120.54,0.67,0
120.545,-1.89,0
120.55,-1.89,0
120.555,-1.89,0
120.56,-20.65,0
120.565,-6.77,0
120.57,-6.77,0
120.575,-6.77,0
120.58,-6.77,0
120.585,4.49,0
120.59,25.26,0
120.595,15.76,0
120.6,32.34,0
120.605,-21.53,0
120.61,29.32,0
120.615,-1.56,0
120.62,-3.04,0
120.625,-3.04,0
120.63,-3.04,0
120.635,-3.04,0
120.64,-20.58,0
120.645,-20.58,0
120.65,24.48,0
120.655,24.48,0
120.66,1.83,0
120.665,1.83,0
120.67,23.88,0
120.675,23.88,0
120.68,-17.98,0
120.685,23.88,0
120.69,23.88,0
120.695,23.88,0
120.7,-8.67,0
120.705,26.57,0
120.71,26.57,0
120.715,-21.04,0
120.72,-21.04,0
120.725,15.31,0
120.73,-3.81,0
120.735,-2.55,0
120.74,-2.55,0
120.745,-2.5,0
120.75,-2.5,0
120.755,-19.18,0
120.76,-19.18,0
120.765,24.12,0
120.77,24.12,0
120.775,31.97,0
120.78,24.12,0
120.785,24.12,0
120.79,24.12,0
120.795,21.37,0
120.8,21.37,0
120.805,27.47,0
120.81,27.47,0
120.815,-1.07,0
120.82,-1.07,0
120.825,-1.07,0
120.83,-1.07,0
120.835,0.72,0
120.84,0.72,0
120.845,26.14,0
120.85,26.3,0
120.855,-2.93,0
120.86,-2.93,0
120.865,-2.93,0
120.87,-2.93,0
120.875,-15.19,0
120.88,-15.19,0
120.885,24.71,0
120.89,24.71,0
120.895,-3.58,0
120.9,-3.58,0
120.905,24.59,0
120.91,24.59,0
120.915,24.59,0
120.92,24.59,0
120.925,28.52,0
120.93,28.52,0
120.935,-6.21,0
120.94,-6.21,0
120.945,28.06,0
120.95,28.06,0
120.955,28.06,0
120.96,28.06,0
120.965,28.06,0
120.97,13.43,0
120.975,-4.57,0
120.98,-4.57,0
120.985,-0.66,0
120.99,-0.66,0
120.995,25.69,0
121.0,25.69,0
121.005,25.69,0
121.01,25.69,0
121.015,-17.85,0
121.02,-17.85,0
121.025,44.03,0
121.03,20.77,0
121.035,20.77,0
121.04,20.77,0
121.045,20.77,0
121.05,20.77,0
121.055,27.98,0
121.06,26.2,0
121.065,25.17,0
121.07,25.17,0
121.075,-20.35,0
121.08,-20.35,0
121.085,-20.35,0
121.09,-20.35,0
121.095,-5.66,0
121.1,-5.66,0
121.105,27.33,0
121.11,-3.28,0
121.115,-21.46,0
121.12,-21.46,0
121.125,29.39,0
121.13,29.39,0
121.135,-3.2,0
121.14,-3.2,0
121.145,17.15,0
121.15,0.02,0
121.155,2.39,0
121.16,-21.46,0
121.165,29.43,0
121.17,29.43,0
121.175,-9.58,0
121.18,-9.58,0
121.185,24.83,0
121.19,24.83,0
121.195,-24.91,0
121.2,-24.91,0
121.205,-24.91,0
121.21,-24.91,0
121.215,-2.94,0
121.22,-2.94,0
121.225,-2.94,0
121.23,13.59,0
121.235,1.69,0
121.24,1.69,0
121.245,23.88,0
121.25,23.88,0
121.255,-2.93,0
121.26,27.42,0
121.265,1.07,0
121.27,28.26,0
121.275,28.26,0
121.28,-19.31,0
121.285,28.26,0
121.29,-25.81,0
121.295,-6.89,0
121.3,-6.89,0
121.305,-6.89,0
121.31,-6.89,0
121.315,-6.89,0
121.32,-6.89,0
121.325,-17.74,0
121.33,-22.4,0
121.335,-5.51,0
121.34,-5.51,0
121.345,3.26,0
121.35,18.39,0
121.355,18.39,0
121.36,18.39,0
121.365,-25.82,0
121.37,18.39,0
121.375,-13.31,0
121.38,-13.31,0
121.385,33.69,0
121.39,33.69,0
121.395,19.96,0
121.4,-6.89,0
121.405,39.35,0
121.41,19.96,0
121.415,19.96,0
121.42,31.13,0
121.425,-15.04,0
121.43,-22.06,0
121.435,-22.06,0
121.44,-23.23,0
121.445,-22.06,0
121.45,30.47,0
121.455,20.32,0
121.46,-13.12,0
121.465,-13.12,0
121.47,-23.37,0
121.475,31.68,0
121.48,20.24,0
121.485,20.24,0
121.49,3.96,0
121.495,24.8,0
121.5,24.8,0
121.505,24.8,0
121.51,24.8,0
121.515,19.8,0
121.52,19.8,0
121.525,19.8,0
121.53,7.7,0
121.535,-2.59,0
121.54,30.97,0
121.545,30.97,0
121.55,-22.14,0
121.555,-22.14,0
121.56,-22.14,0
121.565,-22.14,0
121.57,9.29,0
121.575,9.29,0
121.58,9.29,0
121.585,9.29,0
121.59,32.1,0
121.595,32.1,0
121.6,21.89,0
121.605,21.89,0
121.61,21.89,0
121.615,21.89,0
121.62,-13.13,0
121.625,13.12,0
121.63,27.61,0
121.635,-17.16,0
121.64,-17.16,0
121.645,7.34,0
121.65,7.34,0
121.655,7.34,0
121.66,-9.03,0
121.665,-9.87,0
121.67,30.44,0
121.675,-19.08,0
121.68,-13.51,0
121.685,-19.08,0
121.69,7.42,0
121.695,7.42,0
121.7,-17.18,0
121.705,31.97,0
121.71,31.97,0
121.715,31.97,0
121.72,16.95,0
121.725,16.95,0
121.73,16.95,0
121.735,16.95,0
121.74,-7.59,0
121.745,-7.59,0
121.75,30.99,0
121.755,18.9,0
121.76,30.99,0
121.765,30.99,0
121.77,-17.88,0
121.775,-17.88,0
121.78,0.36,0
121.785,29.46,0
121.79,29.46,0
121.795,-18.18,0
121.8,-18.18,0
121.805,1.48,0
121.81,7.52,0
121.815,7.52,0
121.82,-15.54,0
121.825,-15.54,0
121.83,-15.54,0
121.835,29.46,0
121.84,-21.84,0
121.845,-21.84,0
121.85,20.3,0
121.855,7.14,0
121.86,4.14,0
121.865,30.82,0
121.87,-2.49,0
121.875,30.82,0
121.88,-26.92,0
121.885,24.4,0
121.89,24.4,0
121.895,24.4,0
121.9,24.4,0
121.905,-9.99,0
121.91,-9.99,0
121.915,-10.3,0
121.92,-23.78,0
121.925,27.04,0
121.93,27.04,0
121.935,-16.76,0
121.94,6.74,0
121.945,-12.49,0
121.95,33.67,0
121.955,-21.27,0
121.96,-18.62,0
121.965,18.62,0
121.97,18.62,0
121.975,1.46,0
121.98,1.46,0
121.985,28.95,0
121.99,28.95,0
121.995,28.95,0
122.0,28.95,0
122.005,20.3,0
122.01,20.3,0
122.015,3.36,0
122.02,3.36,0
122.025,28.86,0
122.03,28.86,0
122.035,-25.82,0
122.04,-25.82,0
122.045,-25.82,0
122.05,-25.82,0
122.055,6.7,0
122.06,6.7,0
122.065,-10.65,0
122.07,-10.65,0
122.075,-19.77,0
122.08,-19.77,0
122.085,21.55,0
122.09,21.55,0
122.095,4.45,0
122.1,4.45,0
122.105,-7.85,0
122.11,-7.85,0
122.115,29.95,0
122.12,29.95,0
122.125,24.28,0
122.13,24.28,0
122.135,-18.54,0
122.14,2.61,0
122.145,32.83,0
122.15,32.83,0
122.155,-21.19,0
122.16,-23.21,0
122.165,21.02,0
122.17,21.02,0
122.175,-19.66,0
122.18,-19.66,0
122.185,-10.98,0
122.19,-10.98,0
122.195,5.72,0
122.2,5.72,0
122.205,-15.07,0
122.21,-15.07,0
122.215,25.96,0
122.22,25.96,0
122.225,25.96,0
122.23,21.02,0
122.235,6.9,0
122.24,6.9,0
122.245,14.58,0
122.25,14.58,0
122.255,32.07,0
122.26,-22.21,0
122.265,-12.37,0
122.27,-12.37,0
122.275,9.37,0
122.28,9.37,0
122.285,21.49,0
122.29,21.49,0
122.295,-23.47,0
122.3,-23.47,0
122.305,-10.48,0
122.31,-10.48,0
122.315,33.68,0
122.32,7.18,0
122.325,-18.65,0
122.33,-23.47,0
122.335,-18.65,0
122.34,-18.65,0
122.345,-18.65,0
122.35,-18.65,0
122.355,9.33,0
122.36,9.33,0
122.365,9.33,0
122.37,13.16,0
122.375,26.16,0
122.38,30.66,0
122.385,30.66,0
122.39,-11.67,0
122.395,-11.67,0
122.4,-17.78,0
122.405,10.32,0
122.41,16.8,0
122.415,16.8,0
122.42,-21.84,0
122.425,-21.84,0
122.43,-13.18,0
122.435,-13.18,0
122.44,7.74,0
122.445,-11.67,0
122.45,19.03,0
122.455,19.03,0
122.46,-18.01,0
122.465,25.96,0
122.47,25.96,0
122.475,25.96,0
122.48,11.17,0
122.485,11.17,0
122.49,-16.32,0
122.495,11.17,0
122.5,15.12,0
122.505,15.12,0
122.51,-11.24,0
122.515,-11.24,0
122.52,-11.24,0
122.525,17.49,0
122.53,17.49,0
122.535,17.49,0
122.54,-17.48,0
122.545,-13.52,0
122.55,-13.52,0
122.555,31.32,0
122.56,7.91,0
122.565,7.91,0
122.57,18.18,0
122.575,27.54,0
122.58,-20.23,0
122.585,-20.23,0
122.59,-20.23,0
122.595,-13.81,0
122.6,-13.81,0
122.605,16.66,0
122.61,25.59,0
122.615,-13.27,0
122.62,-13.27,0
122.625,29.29,0
122.63,29.29,0
122.635,29.29,0
122.64,-20.51,0
122.645,17.77,0
122.65,17.77,0
122.655,-23.72,0
122.66,-23.72,0
122.665,-19.2,0
122.67,34.18,0
122.675,34.18,0
122.68,-15.17,0
122.685,6.8,0
122.69,6.8,0
122.695,-13.41,0
122.7,-19.14,0
122.705,-19.14,0
122.71,6.8,0
122.715,31.8,0
122.72,15.46,0
122.725,15.46,0
122.73,13.2,0
122.735,13.2,0
122.74,13.2,0
122.745,33.53,0
122.75,33.53,0
122.755,33.53,0
122.76,-15.17,0
122.765,-17.37,0
122.77,-17.37,0
122.775,-20.7,0
122.78,31.13,0
122.785,-20.7,0
122.79,-20.7,0
122.795,-20.7,0
122.8,-20.7,0
122.805,8.64,0
122.81,8.64,0
122.815,-15.55,0
122.82,-17.29,0
122.825,36.48,0
122.83,36.48,0
122.835,36.48,0
122.84,36.48,0
122.845,11.31,0
122.85,31.07,0
122.855,10.64,0
122.86,10.64,0
122.865,29.67,0
122.87,31.85,0
122.875,-16.2,0
122.88,-16.2,0
122.885,13.75,0
122.89,13.75,0
122.895,-20.22,0
122.9,-20.22,0
122.905,-20.22,0
122.91,-20.22,0
122.915,-13.16,0
122.92,-17.29,0
122.925,9.9,0
122.93,9.9,0
122.935,17.69,0
122.94,-14.03,0
122.945,-14.03,0
122.95,32.04,0
122.955,32.04,0
122.96,16.38,0
122.965,16.38,0
122.97,26.91,0
122.975,26.91,0
122.98,26.91,0
122.985,26.91,0
122.99,26.91,0
122.995,26.91,0
123.0,29.86,0
123.005,29.86,0
123.01,-21.72,0
123.015,-3.42,0
123.02,17.69,0
123.025,-2.65,0
123.03,-2.65,0
123.035,-2.65,0
123.04,-2.65,0
123.045,-6.0,0
123.05,-6.0,0
123.055,21.01,0
123.06,21.01,0
123.065,21.01,0
123.07,21.01,0
123.075,-5.04,0
123.08,25.35,0
123.085,25.35,0
123.09,32.4,0
123.095,32.4,0
123.1,32.4,0
123.105,-6.45,0
123.11,-6.45,0
123.115,-6.45,0
123.12,-6.45,0
123.125,-6.45,0
123.13,-6.45,0
123.135,-25.3,0
123.14,-25.3,0
123.145,-4.01,0
123.15,-4.01,0
123.155,-0.64,0
123.16,-0.64,0
123.165,24.8,0
123.17,24.8,0
123.175,-24.38,0
123.18,-24.38,0
123.185,24.09,0
123.19,24.09,0
123.195,-0.64,0
123.2,-0.64,0
123.205,21.82,0
123.21,-17.74,0
123.215,-20.86,0
123.22,-20.86,0
123.225,-7.61,0
123.23,-15.02,0
123.235,21.82,0
123.24,-7.61,0
123.245,-7.61,0
123.25,-7.61,0
123.255,-23.65,0
123.26,-23.65,0
123.265,-3.85,0
123.27,-3.99,0
123.275,1.42,0
123.28,1.42,0
123.285,1.42,0
123.29,-22.72,0
123.295,-22.72,0
123.3,23.89,0
123.305,23.89,0
123.31,0.02,0
123.315,0.02,0
123.32,22.1,0
123.325,22.1,0
123.33,22.1,0
123.335,22.1,0
123.34,28.97,0
123.345,28.97,0
123.35,-6.42,0
123.355,-6.42,0
123.36,26.75,0
123.365,26.75,0
123.37,26.75,0
123.375,26.75,0
123.38,22.1,0
123.385,-21.45,0
123.39,-2.97,0
123.395,-2.97,0
123.4,-2.97,0
123.405,31.73,0
123.41,-22.72,0
123.415,-23.44,0
123.42,-23.44,0
123.425,24.28,0
123.43,24.28,0
123.435,2.81,0
123.44,2.81,0
123.445,-21.45,0
123.45,18.62,0
123.455,18.62,0
123.46,18.62,0
123.465,28.46,0
123.47,28.46,0
123.475,28.46,0
123.48,4.3,0
123.485,4.3,0
123.49,-2.61,0
123.495,-21.05,0
123.5,-21.05,0
123.505,33.72,0
123.51,33.72,0
123.515,-5.88,0
123.52,-5.88,0
123.525,1.59,0
123.53,1.59,0
123.535,-23.93,0
123.54,26.63,0
123.545,26.63,0
123.55,-6.31,0
123.555,-6.31,0
123.56,1.76,0
123.565,-26.22,0
123.57,21.35,0
123.575,21.35,0
123.58,31.28,0
123.585,31.28,0
123.59,-4.99,0
123.595,-4.99,0
123.6,27.6,0
123.605,27.6,0
123.61,4.29,0
123.615,-19.56,0
123.62,-19.56,0
123.625,-19.56,0
123.63,-19.56,0
123.635,-6.56,0
123.64,1.36,0
123.645,1.36,0
123.65,-4.99,0
123.655,24.48,0
123.66,-12.51,0
123.665,30.42,0
123.67,30.42,0
123.675,30.42,0
123.68,30.42,0
123.685,1.52,0
123.69,1.52,0
123.695,22.22,0
123.7,22.22,0
123.705,27.42,0
123.71,27.42,0
123.715,-11.72,0
123.72,3.0,0
123.725,3.0,0
123.73,3.0,0
123.735,23.46,0
123.74,23.46,0
123.745,-22.54,0
123.75,-22.54,0
123.755,-6.36,0
123.76,-6.36,0
123.765,1.67,0
123.77,1.67,0
123.775,23.46,0
123.78,-23.36,0
123.785,-23.36,0
123.79,-14.52,0
123.795,-14.52,0
123.8,28.94,0
123.805,28.94,0
123.81,28.94,0
123.815,21.31,0
123.82,21.31,0
123.825,19.05,0
123.83,2.76,0
123.835,-9.22,0
123.84,-9.22,0
123.845,-6.36,0
123.85,-22.97,0
123.855,-22.97,0
123.86,7.13,0
123.865,7.13,0
123.87,7.13,0
123.875,32.81,0
123.88,33.81,0
123.885,33.81,0
123.89,20.73,0
123.895,20.73,0
123.9,-6.56,0
123.905,20.73,0
123.91,-12.47,0
123.915,20.73,0
123.92,-12.47,0
123.925,-12.47,0
123.93,30.39,0
123.935,30.39,0
123.94,6.48,0
123.945,6.48,0
123.95,7.53,0
123.955,32.99,0
123.96,30.58,0
123.965,30.58,0
123.97,-23.67,0
123.975,-24.01,0
123.98,1.07,0
123.985,1.07,0
123.99,-12.28,0
123.995,-12.28,0
124.0,33.87,0
124.005,33.87,0
124.01,33.87,0
124.015,33.87,0
124.02,19.51,0
124.025,19.51,0
124.03,-9.45,0
124.035,-19.83,0
124.04,32.14,0
124.045,30.58,0
124.05,-23.44,0
124.055,-23.44,0
124.06,1.17,0
124.065,1.17,0
124.07,1.17,0
124.075,19.92,0
124.08,30.77,0
124.085,30.77,0
124.09,-25.3,0
124.095,-25.3,0
124.1,4.78,0
124.105,4.78,0
124.11,-13.88,0
124.115,-13.88,0
124.12,-13.88,0
124.125,-13.88,0
124.13,-20.2,0
124.135,-20.2,0
124.14,17.97,0
124.145,17.97,0
124.15,-9.5,0
124.155,-9.5,0
124.16,26.77,0
124.165,-12.88,0
124.17,-18.15,0
124.175,-18.15,0
124.18,-18.15,0
124.185,1.92,0
124.19,-25.3,0
124.195,1.92,0
124.2,1.92,0
124.205,30.35,0
124.21,30.35,0
124.215,-26.87,0
124.22,-26.87,0
124.225,8.22,0
124.23,8.22,0
124.235,-20.2,0
124.24,-9.57,0
124.245,-9.57,0
124.25,-9.57,0
124.255,-21.98,0
124.26,-21.98,0
124.265,20.08,0
124.27,20.08,0
124.275,20.08,0
124.28,20.08,0
124.285,-10.11,0
124.29,-20.81,0
124.295,-20.81,0
124.3,-20.81,0
124.305,23.3,0
124.31,5.0,0
124.315,8.22,0
124.32,31.43,0
124.325,31.43,0
124.33,31.43,0
124.335,-23.48,0
124.34,5.25,0
124.345,5.25,0
124.35,-8.48,0
124.355,-8.48,0
124.36,-8.48,0
124.365,-8.48,0
124.37,32.21,0
124.375,-21.06,0
124.38,21.34,0
124.385,21.34,0
124.39,21.34,0
124.395,-6.59,0
124.4,27.31,0
124.405,27.31,0
124.41,27.31,0
124.415,27.31,0
124.42,27.09,0
124.425,27.09,0
124.43,27.09,0
124.435,-1.07,0
124.44,-1.07,0
124.445,28.6,0
124.45,28.6,0
124.455,28.6,0
124.46,28.6,0
124.465,-24.06,0
124.47,-24.06,0
124.475,-8.57,0
124.48,-8.57,0
124.485,-8.57,0
124.49,-8.57,0
124.495,-23.18,0
124.5,19.94,0
124.505,19.94,0
124.51,-4.82,0
124.515,-4.82,0
124.52,-4.82,0
124.525,26.7,0
124.53,26.7,0
124.535,-16.88,0
124.54,26.7,0
124.545,25.27,0
124.55,25.27,0
124.555,25.27,0
124.56,-2.45,0
124.565,-2.45,0
124.57,-2.45,0
124.575,-16.35,0
124.58,-22.39,0
124.585,-22.39,0
124.59,-22.39,0
124.595,-22.39,0
124.6,-22.39,0
124.605,-15.89,0
124.61,-15.89,0
124.615,8.53,0
124.62,8.53,0
124.625,-2.3,0
124.63,-31.7,0
124.635,-17.31,0
124.64,-15.89,0
124.645,-17.31,0
124.65,-17.31,0
124.655,13.41,0
124.66,13.41,0
124.665,10.99,0
124.67,32.39,0
124.675,32.39,0
124.68,-16.71,0
124.685,-16.71,0
124.69,-16.71,0
124.695,-16.71,0
124.7,8.53,0
124.705,12.46,0
124.71,-20.63,0
124.715,-20.63,0
124.72,-20.63,0
124.725,-5.59,0
124.73,-13.78,0
124.735,9.74,0
124.74,9.74,0
124.745,15.48,0
124.75,15.48,0
124.755,-14.43,0
124.76,-14.43,0
124.765,31.95,0
124.77,15.28,0
124.775,32.59,0
124.78,10.87,0
124.785,10.87,0
124.79,-17.45,0
124.795,-17.45,0
124.8,33.06,0
124.805,-11.97,0
124.81,-18.14,0
124.815,-7.84,0
124.82,12.24,0
124.825,12.24,0
124.83,-15.56,0
124.835,-15.56,0
124.84,36.07,0
124.845,12.3,0
124.85,36.07,0
124.855,36.07,0
124.86,28.79,0
124.865,-21.75,0
124.87,-15.13,0
124.875,-0.02,0
124.88,30.63,0
124.885,30.63,0
124.89,13.07,0
124.895,13.07,0
124.9,5.96,0
124.905,5.96,0
124.91,-13.71,0
124.915,-13.71,0
124.92,33.75,0
124.925,33.75,0
124.93,-19.98,0
124.935,-19.98,0
124.94,11.08,0
124.945,11.08,0
124.95,33.78,0
124.955,-18.17,0
124.96,31.04,0
124.965,31.04,0
124.97,14.47,0
124.975,14.47,0
124.98,-23.0,0
124.985,-24.61,0
124.99,-16.99,0
124.995,-16.99,0
125.0,42.93,0
125.005,28.9,0
125.01,17.32,0
125.015,17.32,0
125.02,8.38,0
125.025,8.38,0
125.03,8.38,0
125.035,8.38,0
125.04,-15.21,0
125.045,-15.21,0
125.05,15.28,0
125.055,-20.62,0
125.06,-15.21,0
125.065,10.61,0
125.07,0.35,0
125.075,-15.69,0
125.08,-15.69,0
125.085,31.85,0
125.09,31.85,0
125.095,37.92,0
125.1,-13.51,0
125.105,14.35,0
125.11,14.35,0
125.115,-14.45,0
125.12,-14.45,0
125.125,29.26,0
125.13,29.26,0
125.135,29.26,0
125.14,16.26,0
125.145,-15.46,0
125.15,-15.46,0
125.155,7.21,0
125.16,7.21,0
125.165,33.72,0
125.17,33.72,0
125.175,-15.17,0
125.18,-15.17,0
125.185,9.03,0
125.19,-18.2,0
125.195,-18.2,0
125.2,31.02,0
125.205,31.02,0
125.21,-14.82,0
125.215,-14.82,0
125.22,13.53,0
125.225,13.53,0
125.23,13.53,0
125.235,-12.41,0
125.24,-12.41,0
125.245,32.49,0
125.25,32.49,0
125.255,-17.17,0
125.26,-17.17,0
125.265,6.24,0
125.27,6.24,0
125.275,0.87,0
125.28,20.8,0
125.285,35.13,0
125.29,1.22,0
125.295,-21.9,0
125.3,-21.9,0
125.305,-14.35,0
125.31,9.13,0
125.315,-7.86,0
125.32,-7.86,0
125.325,35.64,0
125.33,35.64,0
125.335,-19.23,0
125.34,-19.23,0
