timestamp,ch1 (µV),event
14.285,4928.38,0
14.29,4951.75,0
14.295,4913.64,0
14.3,4918.77,0
14.305,4923.87,0
14.31,4929.64,0
14.315,4929.64,0
14.32,4909.6,0
14.325,5007.16,0
14.33,4909.98,0
14.335,4909.98,0
14.34,4931.94,0
14.345,4931.94,0
14.35,4871.24,0
14.355,4871.24,0
14.36,4867.75,0
14.365,4867.75,0
14.37,4872.81,0
14.375,4872.81,0
14.38,4871.84,0
14.385,4871.84,0
14.39,4919.6,0
14.395,4867.75,0
14.4,4919.6,0
14.405,4919.6,0
14.41,4903.38,0
14.415,4992.18,0
14.42,4912.56,0
14.425,4912.56,0
14.43,4901.14,0
14.435,4901.14,0
14.44,5013.36,0
14.445,4891.87,0
14.45,5013.36,0
14.455,5013.36,0
14.46,3752.47,0
14.465,3752.47,0
14.47,3959.85,0
14.475,3959.85,0
14.48,3960.2,0
14.485,3960.2,0
14.49,3938.37,0
14.495,3938.37,0
14.5,3938.37,0
14.505,5013.36,0
14.51,3973.57,0
14.515,3914.54,0
14.52,3950.61,0
14.525,3950.61,0
14.53,3945.56,0
14.535,3969.53,0
14.54,4961.1,0
14.545,3969.53,0
14.55,3969.53,0
14.555,3969.53,0
14.56,3969.53,0
14.565,3969.53,0
14.57,3945.59,0
14.575,3945.59,0
14.58,3977.61,0
14.585,3977.61,0
14.59,3937.56,0
14.595,3937.56,0
14.6,3964.44,0
14.605,4045.16,0
14.61,4045.16,0
14.615,4045.16,0
14.62,3999.28,0
14.625,3989.16,0
14.63,3989.16,0
14.635,3929.8,0
14.64,3917.66,0
14.645,3387.95,0
14.65,-154.34,0
14.655,-154.34,0
14.66,-154.34,0
14.665,-154.34,0
14.67,97.83,0
14.675,97.83,0
14.68,265.04,0
14.685,-143.58,0
14.69,-143.58,0
14.695,-143.58,0
14.7,-269.48,0
14.705,3946.3,0
14.71,3888.76,0
14.715,-521.99,0
14.72,-560.63,0
14.725,-560.63,0
14.73,-128.47,0
14.735,-128.47,0
14.74,-372.44,0
14.745,-463.37,0
14.75,4057.4,0
14.755,-156.53,0
14.76,394.54,0
14.765,-156.53,0
14.77,256.41,0
14.775,256.41,0
14.78,-357.79,0
14.785,-357.79,0
14.79,-290.97,0
14.795,-290.97,0
14.8,-273.89,0
14.805,-273.89,0
14.81,-730.07,0
14.815,-730.07,0
14.82,-263.0,0
14.825,-263.0,0
14.83,-263.0,0
14.835,-263.0,0
14.84,-422.17,0
14.845,-357.16,0
14.85,-870.71,0
14.855,-870.71,0
14.86,-1276.02,0
14.865,-1276.02,0
14.87,-1650.37,0
14.875,-1650.37,0
14.88,-1650.37,0
14.885,-137.58,0
14.89,-1650.37,0
14.895,-1763.9,0
14.9,-1763.9,0
14.905,-1476.32,0
14.91,-1476.32,0
14.915,-1262.92,0
14.92,-725.11,0
14.925,-1262.92,0
14.93,-1262.92,0
14.935,-1262.92,0
14.94,-544.18,0
14.945,-544.18,0
14.95,-305.37,0
14.955,297.33,0
14.96,-1763.9,0
14.965,-364.3,0
14.97,54.53,0
14.975,54.53,0
14.98,-483.06,0
14.985,-483.06,0
14.99,-483.06,0
14.995,-483.06,0
15.0,-594.09,0
15.005,93.66,0
15.01,93.66,0
15.015,93.66,0
15.02,211.77,0
15.025,211.77,0
15.03,211.77,0
15.035,-544.18,0
15.04,-1234.91,0
15.045,-201.67,0
15.05,-1258.82,0
15.055,-857.03,0
15.06,-857.03,0
15.065,-857.03,0
15.07,-1364.17,0
15.075,93.66,0
15.08,-666.6,0
15.085,-666.6,0
15.09,-88.65,0
15.095,-88.65,0
15.1,-88.65,0
15.105,-88.65,0
15.11,389.15,0
15.115,-392.31,0
15.12,267.98,0
15.125,267.98,0
15.13,16.58,0
15.135,16.58,0
15.14,36.48,0
15.145,36.48,0
15.15,-629.06,0
15.155,36.48,0
15.16,36.48,0
15.165,-31.3,0
15.17,-40.08,0
15.175,-40.08,0
15.18,-88.1,0
15.185,-88.1,0
15.19,-101.78,0
15.195,-76.56,0
15.2,-76.56,0
15.205,-39.64,0
15.21,89.48,0
15.215,89.48,0
15.22,209.79,0
15.225,209.79,0
15.23,36.48,0
15.235,209.79,0
15.24,183.45,0
15.245,183.45,0
15.25,93.87,0
15.255,93.87,0
15.26,93.87,0
15.265,93.87,0
15.27,128.23,0
15.275,50.76,0
15.28,-59.32,0
15.285,80.63,0
15.29,28.1,0
15.295,-88.11,0
15.3,-7.97,0
15.305,-7.97,0
15.31,68.84,0
15.315,42.71,0
15.32,-28.56,0
15.325,-22.72,0
15.33,-146.29,0
15.335,-146.29,0
15.34,-203.57,0
15.345,-203.57,0
15.35,-21.65,0
15.355,216.76,0
15.36,-21.65,0
15.365,-21.65,0
15.37,72.55,0
15.375,72.55,0
15.38,-175.93,0
15.385,-175.93,0
15.39,-57.39,0
15.395,-57.39,0
15.4,-95.9,0
15.405,-95.9,0
15.41,-124.79,0
15.415,-124.79,0
15.42,-124.79,0
15.425,-124.79,0
15.43,18.21,0
15.435,18.21,0
15.44,50.37,0
15.445,50.37,0
15.45,32.22,0
15.455,95.96,0
15.46,95.96,0
15.465,95.96,0
15.47,69.22,0
15.475,55.8,0
15.48,55.8,0
15.485,-67.59,0
15.49,-67.59,0
15.495,-67.59,0
15.5,-103.54,0
15.505,-103.54,0
15.51,-22.82,0
15.515,103.86,0
15.52,103.86,0
15.525,69.22,0
15.53,163.12,0
15.535,163.12,0
15.54,102.31,0
15.545,264.58,0
15.55,166.7,0
15.555,166.7,0
15.56,146.72,0
15.565,146.72,0
15.57,425.17,0
15.575,425.17,0
15.58,425.17,0
15.585,425.17,0
15.59,1322.46,0
15.595,1322.46,0
15.6,1188.48,0
15.605,1188.48,0
15.61,1188.48,0
15.615,1188.48,0
15.62,932.3,0
15.625,-362.22,0
15.63,1269.0,0
15.635,1269.0,0
15.64,1188.48,0
15.645,899.27,0
15.65,899.27,0
15.655,1141.12,0
15.66,1141.12,0
15.665,1141.12,0
15.67,713.87,0
15.675,422.51,0
15.68,422.51,0
15.685,422.51,0
15.69,422.51,0
15.695,422.51,0
15.7,353.1,0
15.705,353.1,0
15.71,497.49,0
15.715,497.49,0
15.72,481.1,0
15.725,481.1,0
15.73,1012.41,0
15.735,514.93,0
15.74,264.78,0
15.745,264.78,0
15.75,264.78,0
15.755,210.47,0
15.76,74.65,0
15.765,90.09,0
15.77,90.09,0
15.775,93.87,0
15.78,93.87,0
15.785,67.05,0
15.79,67.05,0
15.795,67.05,0
15.8,67.05,0
15.805,210.48,0
15.81,67.05,0
15.815,-126.5,0
15.82,-126.5,0
15.825,-128.86,0
15.83,-128.86,0
15.835,-130.79,0
15.84,435.31,0
15.845,-130.79,0
15.85,-130.79,0
15.855,-130.79,0
15.86,-130.79,0
15.865,-128.86,0
15.87,-24.39,0
15.875,-74.09,0
15.88,-74.09,0
15.885,-18.53,0
15.89,-18.53,0
15.895,-18.53,0
15.9,-247.5,0
15.905,-247.5,0
15.91,-145.8,0
15.915,-145.8,0
15.92,-384.75,0
15.925,-384.75,0
15.93,-384.75,0
15.935,-3.54,0
15.94,-3.54,0
15.945,-3.54,0
15.95,51.11,0
15.955,51.11,0
15.96,51.11,0
15.965,51.11,0
15.97,346.57,0
15.975,346.57,0
15.98,346.57,0
15.985,622.62,0
15.99,622.62,0
15.995,-16.84,0
16.0,-16.84,0
16.005,-504.85,0
16.01,-256.27,0
16.015,-474.21,0
16.02,-474.21,0
16.025,-518.36,0
16.03,-54.32,0
16.035,-982.87,0
16.04,-982.87,0
16.045,-1168.64,0
16.05,-1168.64,0
16.055,-1471.82,0
16.06,-1471.82,0
16.065,-175.73,0
16.07,-1641.68,0
16.075,-1641.68,0
16.08,99.31,0
16.085,-1112.92,0
16.09,-1112.92,0
16.095,-1168.64,0
16.1,-1740.73,0
16.105,-1920.46,0
16.11,-1920.46,0
16.115,-1759.99,0
16.12,-132.04,0
16.125,-2437.57,0
16.13,-2437.57,0
16.135,-2437.57,0
16.14,-2730.39,0
16.145,-2730.39,0
16.15,-2730.39,0
16.155,-3176.67,0
16.16,-3176.67,0
16.165,-3176.67,0
16.17,-3176.67,0
16.175,-3256.81,0
16.18,-3256.81,0
16.185,-3016.85,0
16.19,-3016.85,0
16.195,-3370.42,0
16.2,-3370.42,0
16.205,-1631.12,0
16.21,-2403.92,0
16.215,-3738.2,0
16.22,-3967.06,0
16.225,-3967.06,0
16.23,-3967.06,0
16.235,-3967.06,0
16.24,-1113.46,0
16.245,-2989.84,0
16.25,-3577.18,0
16.255,-3017.87,0
16.26,-3878.17,0
16.265,-3878.17,0
16.27,-3878.17,0
16.275,-3765.81,0
16.28,-3765.81,0
16.285,129.35,0
16.29,129.35,0
16.295,211.73,0
16.3,211.73,0
16.305,-3000.84,0
16.31,130.86,0
16.315,94.93,0
16.32,94.93,0
16.325,94.93,0
16.33,94.93,0
16.335,-3678.7,0
16.34,162.37,0
16.345,213.83,0
16.35,213.83,0
16.355,133.39,0
16.36,133.39,0
16.365,107.39,0
16.37,107.39,0
16.375,107.39,0
16.38,107.39,0
16.385,6.16,0
16.39,-23.48,0
16.395,162.37,0
16.4,-3819.32,0
16.405,53.23,0
16.41,95.02,0
16.415,-45.04,0
16.42,-45.04,0
16.425,133.26,0
16.43,-45.04,0
16.435,-9.91,0
16.44,-9.91,0
16.445,-69.34,0
16.45,-1889.59,0
16.455,-79.5,0
16.46,-79.5,0
16.465,-42.28,0
16.47,-42.28,0
16.475,-57.07,0
16.48,-38.46,0
16.485,-24.03,0
16.49,133.3,0
16.495,118.27,0
16.5,194.74,0
16.505,83.78,0
16.51,31.38,0
16.515,-45.04,0
16.52,139.22,0
16.525,136.44,0
16.53,136.44,0
16.535,152.04,0
16.54,152.04,0
16.545,152.04,0
16.55,59.84,0
16.555,59.84,0
16.56,7.81,0
16.565,7.81,0
16.57,148.19,0
16.575,12.33,0
16.58,-36.78,0
16.585,-36.78,0
16.59,-36.78,0
16.595,-36.78,0
16.6,178.39,0
16.605,178.39,0
16.61,26.93,0
16.615,26.93,0
16.62,-441.28,0
16.625,-441.28,0
16.63,-441.28,0
16.635,-441.28,0
16.64,-332.66,0
16.645,-576.62,0
16.65,56.28,0
16.655,-80.21,0
16.66,-926.57,0
16.665,-926.57,0
16.67,7.81,0
16.675,-1250.06,0
16.68,-875.75,0
16.685,-875.75,0
16.69,-1064.86,0
16.695,-1064.86,0
16.7,-865.6,0
16.705,-1242.58,0
16.71,-1242.58,0
16.715,-672.28,0
16.72,-672.28,0
16.725,-1011.91,0
16.73,-1011.91,0
16.735,-913.88,0
16.74,-913.88,0
16.745,-1005.01,0
16.75,-1005.01,0
16.755,-913.88,0
16.76,-798.59,0
16.765,-798.59,0
16.77,-1093.69,0
16.775,-1093.69,0
16.78,-1335.46,0
16.785,-1335.46,0
16.79,-1335.46,0
16.795,-1335.46,0
16.8,-1335.46,0
16.805,-1335.46,0
16.81,-535.06,0
16.815,-535.06,0
16.82,-212.38,0
16.825,-212.38,0
16.83,346.27,0
16.835,346.27,0
16.84,346.27,0
16.845,1197.31,0
16.85,1197.31,0
16.855,1197.31,0
16.86,1052.27,0
16.865,1726.38,0
16.87,1726.38,0
16.875,1726.38,0
16.88,1726.38,0
16.885,1726.38,0
16.89,1726.38,0
16.895,843.84,0
16.9,2638.23,0
16.905,2575.4,0
16.91,2575.4,0
16.915,2807.59,0
16.92,2807.59,0
16.925,2886.15,0
16.93,2886.15,0
16.935,3430.26,0
16.94,2486.02,0
16.945,3430.26,0
16.95,3252.47,0
16.955,3243.9,0
16.96,3243.9,0
16.965,3802.03,0
16.97,3802.03,0
16.975,4353.25,0
16.98,4353.25,0
16.985,4353.25,0
16.99,4271.54,0
16.995,4271.54,0
17.0,3430.26,0
17.005,4553.95,0
17.01,4553.95,0
17.015,5240.77,0
17.02,5240.77,0
17.025,5072.32,0
17.03,4143.51,0
17.035,5064.24,0
17.04,5064.24,0
17.045,4915.86,0
17.05,4915.86,0
17.055,4915.86,0
17.06,4915.86,0
17.065,5055.96,0
17.07,2888.42,0
17.075,2458.49,0
17.08,5003.37,0
17.085,5003.37,0
17.09,4783.28,0
17.095,4783.28,0
17.1,4084.46,0
17.105,4084.46,0
17.11,4959.93,0
17.115,-522.08,0
17.12,5064.23,0
17.125,-522.08,0
17.13,-1019.64,0
17.135,2847.32,0
17.14,-436.03,0
17.145,-436.03,0
17.15,-967.45,0
17.155,5480.66,0
17.16,-967.45,0
17.165,-967.45,0
17.17,4296.83,0
17.175,-1642.25,0
17.18,-1642.25,0
17.185,-1642.25,0
17.19,-1736.13,0
17.195,-1736.13,0
17.2,-1751.35,0
17.205,5141.85,0
17.21,-1746.69,0
17.215,-1746.69,0
17.22,-1746.69,0
17.225,-1967.58,0
17.23,-1967.58,0
17.235,-1925.36,0
17.24,-1925.36,0
17.245,-1925.36,0
17.25,-1987.77,0
17.255,-1987.77,0
17.26,-2063.71,0
17.265,-2104.9,0
17.27,-2104.9,0
17.275,-1035.05,0
17.28,-1990.95,0
17.285,-1990.95,0
17.29,-1925.36,0
17.295,-1956.29,0
17.3,-1863.44,0
17.305,-1863.44,0
17.31,-1931.59,0
17.315,-1943.32,0
17.32,-1943.32,0
17.325,-1943.32,0
17.33,-2030.79,0
17.335,-2030.79,0
17.34,-2030.79,0
17.345,-2030.79,0
17.35,-1904.64,0
17.355,-1388.48,0
17.36,-1879.6,0
17.365,-1879.6,0
17.37,-1913.21,0
17.375,-1913.21,0
17.38,-1975.47,0
17.385,-1975.47,0
17.39,-1975.47,0
17.395,-2030.26,0
17.4,-2030.26,0
17.405,-2030.26,0
17.41,-2119.54,0
17.415,-2119.54,0
17.42,-1984.88,0
17.425,-1896.25,0
17.43,-1950.6,0
17.435,-1950.6,0
17.44,-1971.77,0
17.445,-1971.77,0
17.45,-1975.22,0
17.455,-1975.22,0
17.46,-1897.82,0
17.465,-1897.82,0
17.47,-1899.02,0
17.475,-1899.12,0
17.48,-1899.12,0
17.485,-1893.82,0
17.49,-1893.82,0
17.495,-1941.83,0
17.5,-1961.78,0
17.505,-1941.83,0
17.51,-1941.83,0
17.515,-1894.5,0
17.52,-1928.57,0
17.525,-1874.86,0
17.53,-1874.86,0
17.535,-1874.86,0
17.54,-2265.45,0
17.545,-2265.45,0
17.55,-2143.79,0
17.555,-2143.79,0
17.56,-2512.24,0
17.565,-2512.24,0
17.57,-2143.79,0
17.575,-2041.72,0
17.58,-2041.72,0
17.585,-2112.14,0
17.59,-2112.14,0
17.595,-2159.12,0
17.6,-2159.12,0
17.605,-1934.22,0
17.61,-1934.22,0
17.615,-1934.22,0
17.62,-1934.22,0
17.625,-1934.22,0
17.63,-1946.16,0
17.635,-1946.16,0
17.64,-1166.54,0
17.645,-1068.47,0
17.65,-1068.47,0
17.655,-1068.47,0
17.66,-1117.7,0
17.665,-692.7,0
17.67,-1889.35,0
17.675,-692.7,0
17.68,-692.7,0
17.685,-692.7,0
17.69,-180.34,0
17.695,-180.34,0
17.7,-2137.65,0
17.705,105.53,0
17.71,7.89,0
17.715,-2110.98,0
17.72,7.89,0
17.725,-216.72,0
17.73,-216.72,0
17.735,176.15,0
17.74,176.15,0
17.745,176.15,0
17.75,213.32,0
17.755,176.15,0
17.76,-298.47,0
17.765,-396.21,0
17.77,-396.21,0
17.775,-396.21,0
17.78,-396.21,0
17.785,-396.21,0
17.79,-396.21,0
17.795,-1117.75,0
17.8,-1117.75,0
17.805,-2657.5,0
17.81,-2657.5,0
17.815,-2892.16,0
17.82,-2892.16,0
17.825,-2892.16,0
17.83,-2990.02,0
17.835,-2990.02,0
17.84,-3620.86,0
17.845,-3620.86,0
17.85,309.27,0
17.855,-2983.14,0
17.86,-3577.45,0
17.865,-3577.45,0
17.87,-3577.45,0
17.875,-3577.45,0
17.88,-3583.49,0
17.885,213.02,0
17.89,-4069.23,0
17.895,-4069.23,0
17.9,-4069.23,0
17.905,-4069.23,0
17.91,-4572.9,0
17.915,-4572.9,0
17.92,-175.95,0
17.925,389.41,0
17.93,389.41,0
17.935,389.41,0
17.94,534.61,0
17.945,534.61,0
17.95,52.65,0
17.955,360.43,0
17.96,99.7,0
17.965,360.43,0
17.97,360.43,0
17.975,360.43,0
17.98,1474.41,0
17.985,1269.51,0
17.99,1269.51,0
17.995,698.46,0
18.0,698.46,0
18.005,698.46,0
18.01,698.46,0
18.015,1461.13,0
18.02,1461.13,0
18.025,1461.13,0
18.03,882.45,0
18.035,882.45,0
18.04,1530.41,0
18.045,1474.4,0
18.05,2004.14,0
18.055,52.48,0
18.06,2004.14,0
18.065,2281.64,0
18.07,-4260.89,0
18.075,2308.03,0
18.08,2308.03,0
18.085,2308.03,0
18.09,3117.44,0
18.095,1269.6,0
18.1,3369.81,0
18.105,3369.81,0
18.11,3369.81,0
18.115,3041.61,0
18.12,1076.99,0
18.125,3026.99,0
18.13,3026.99,0
18.135,2454.97,0
18.14,929.62,0
18.145,2143.13,0
18.15,1934.78,0
18.155,1934.78,0
18.16,1934.78,0
18.165,1635.11,0
18.17,1635.11,0
18.175,1566.79,0
18.18,1566.79,0
18.185,919.21,0
18.19,1635.11,0
18.195,2143.13,0
18.2,757.87,0
18.205,757.87,0
18.21,757.87,0
18.215,1873.38,0
18.22,2264.33,0
18.225,2264.33,0
18.23,3035.32,0
18.235,2264.33,0
18.24,1730.47,0
18.245,2264.33,0
18.25,2199.11,0
18.255,2199.11,0
18.26,1588.58,0
18.265,2356.27,0
18.27,2356.27,0
18.275,2356.27,0
18.28,3034.21,0
18.285,1394.45,0
18.29,1394.45,0
18.295,1440.28,0
18.3,1091.68,0
18.305,1091.68,0
18.31,1032.47,0
18.315,1032.47,0
18.32,1032.47,0
18.325,1032.47,0
18.33,1256.41,0
18.335,1256.41,0
18.34,1256.41,0
18.345,1436.25,0
18.35,1436.25,0
18.355,1436.25,0
18.36,1408.43,0
18.365,1408.43,0
18.37,1240.55,0
18.375,1240.55,0
18.38,1183.66,0
18.385,1183.66,0
18.39,1032.47,0
18.395,1183.66,0
18.4,2225.07,0
18.405,1183.66,0
18.41,1080.14,0
18.415,1080.14,0
18.42,846.84,0
18.425,1080.14,0
18.43,725.44,0
18.435,725.44,0
18.44,917.92,0
18.445,917.92,0
18.45,928.71,0
18.455,928.71,0
18.46,1194.82,0
18.465,1194.82,0
18.47,1266.23,0
18.475,1266.23,0
18.48,1468.62,0
18.485,1468.62,0
18.49,1468.62,0
18.495,1468.62,0
18.5,1497.49,0
18.505,550.58,0
18.51,200.7,0
18.515,200.7,0
18.52,200.7,0
18.525,200.7,0
18.53,-218.3,0
18.535,-218.3,0
18.54,172.59,0
18.545,1005.1,0
18.55,149.0,0
18.555,149.0,0
18.56,527.96,0
18.565,527.96,0
18.57,527.96,0
18.575,927.95,0
18.58,1280.99,0
18.585,1553.96,0
18.59,1553.96,0
18.595,1553.96,0
18.6,1553.96,0
18.605,1553.96,0
18.61,299.62,0
18.615,979.59,0
18.62,1458.04,0
18.625,1581.45,0
18.63,527.96,0
18.635,638.75,0
18.64,993.58,0
18.645,861.08,0
18.65,861.08,0
18.655,861.08,0
18.66,1232.79,0
18.665,1232.79,0
18.67,1515.25,0
18.675,1515.25,0
18.68,1080.43,0
18.685,1080.43,0
18.69,1080.43,0
18.695,1080.43,0
18.7,1315.86,0
18.705,1892.57,0
18.71,1892.57,0
18.715,1797.95,0
18.72,1797.95,0
18.725,1797.95,0
18.73,950.16,0
18.735,291.7,0
18.74,-1191.28,0
18.745,-1191.28,0
18.75,1581.4,0
18.755,-1283.44,0
18.76,-1220.14,0
18.765,-1220.14,0
18.77,-1220.14,0
18.775,-1220.14,0
18.78,-962.07,0
18.785,-962.07,0
18.79,-1108.91,0
18.795,1080.44,0
18.8,-915.87,0
18.805,-915.87,0
18.81,-1103.31,0
18.815,-1356.5,0
18.82,-1256.04,0
18.825,-1256.04,0
18.83,-926.24,0
18.835,-877.18,0
18.84,-877.18,0
18.845,-852.57,0
18.85,-852.57,0
18.855,-852.57,0
18.86,-1248.81,0
18.865,-1248.81,0
18.87,-923.79,0
18.875,-954.71,0
18.88,-954.71,0
18.885,-1176.39,0
18.89,-1176.39,0
18.895,1913.5,0
18.9,-874.74,0
18.905,-1176.39,0
18.91,-1248.81,0
18.915,-1924.46,0
18.92,-1912.72,0
18.925,-1912.72,0
18.93,-2133.64,0
18.935,-2133.64,0
18.94,-2221.95,0
18.945,-2221.95,0
18.95,-2221.95,0
18.955,-1095.75,0
18.96,-1924.94,0
18.965,-1924.94,0
18.97,-1954.66,0
18.975,-2100.18,0
18.98,-2040.08,0
18.985,-2040.08,0
18.99,-1123.74,0
18.995,-1927.16,0
19.0,-1927.16,0
19.005,-1927.16,0
19.01,-2026.21,0
19.015,-2026.21,0
19.02,-2285.68,0
19.025,-1091.65,0
19.03,-2093.88,0
19.035,-2093.88,0
19.04,-2126.48,0
19.045,-2126.48,0
19.05,-2108.95,0
19.055,-2108.95,0
19.06,-2205.98,0
19.065,-1951.44,0
19.07,-1951.44,0
19.075,-1231.35,0
19.08,-1231.35,0
19.085,-1231.35,0
19.09,-1059.12,0
19.095,-1059.12,0
19.1,-1358.06,0
19.105,-1358.06,0
19.11,-1747.51,0
19.115,-1968.67,0
19.12,-2289.17,0
19.125,-927.08,0
19.13,-927.08,0
19.135,-927.08,0
19.14,-283.58,0
19.145,-915.93,0
19.15,-817.07,0
19.155,-817.07,0
19.16,-124.36,0
19.165,-124.36,0
19.17,134.82,0
19.175,134.82,0
19.18,102.17,0
19.185,111.29,0
19.19,111.29,0
19.195,-30.45,0
19.2,-30.45,0
19.205,-2094.06,0
19.21,-10.7,0
19.215,-2292.29,0
19.22,-1053.12,0
19.225,90.77,0
19.23,90.77,0
19.235,90.77,0
19.24,134.12,0
19.245,15.25,0
19.25,-10.7,0
19.255,15.25,0
19.26,102.17,0
19.265,-1048.93,0
19.27,68.82,0
19.275,-74.65,0
19.28,-74.65,0
19.285,-105.07,1
19.29,-105.07,0
19.295,85.78,0
19.3,85.78,0
19.305,342.66,0
19.31,342.66,0
19.315,339.51,0
19.32,73.27,0
19.325,47.78,0
19.33,21.07,0
19.335,442.39,0
19.34,442.39,0
19.345,620.67,0
19.35,620.67,0
19.355,890.36,0
19.36,890.36,0
19.365,260.66,0
19.37,890.36,0
19.375,1346.37,0
19.38,1346.37,0
19.385,2072.35,0
19.39,2072.35,0
19.395,2508.18,0
19.4,2508.18,0
19.405,2492.37,0
19.41,2492.37,0
19.415,2492.37,0
19.42,2492.37,0
19.425,2492.37,0
19.43,2492.37,0
19.435,2390.88,0
19.44,2390.88,0
19.445,1676.76,0
19.45,1676.76,0
19.455,2142.56,0
19.46,2142.56,0
19.465,305.2,0
19.47,2623.72,0
19.475,2038.28,0
19.48,2038.28,0
19.485,2214.76,0
19.49,927.36,0
19.495,3008.76,0
19.5,2122.88,0
19.505,2655.08,0
19.51,2655.08,0
19.515,2655.08,0
19.52,2655.08,0
19.525,3170.7,0
19.53,3170.7,0
19.535,926.01,0
19.54,2689.02,0
19.545,2689.02,0
19.55,2434.22,0
19.555,2434.22,0
19.56,2434.22,0
19.565,173.09,0
19.57,173.09,0
19.575,185.16,0
19.58,185.16,0
19.585,-285.93,0
19.59,-285.93,0
19.595,-211.93,0
19.6,-211.93,0
19.605,123.91,0
19.61,123.91,0
19.615,123.91,0
19.62,2727.96,0
19.625,1040.0,0
19.63,450.02,0
19.635,1040.0,0
19.64,1040.0,0
19.645,629.1,0
19.65,629.1,0
19.655,402.75,0
19.66,402.75,0
19.665,31.71,0
19.67,31.71,0
19.675,31.71,0
19.68,31.71,0
19.685,31.71,0
19.69,594.81,0
19.695,123.95,0
19.7,594.81,0
19.705,921.57,0
19.71,921.57,0
19.715,873.26,0
19.72,873.26,0
19.725,873.26,0
19.73,966.97,0
19.735,966.97,0
19.74,982.12,0
19.745,982.12,0
19.75,-266.83,0
19.755,962.64,0
19.76,962.64,0
19.765,1069.21,0
19.77,1069.21,0
19.775,629.51,0
19.78,1006.7,0
19.785,1123.2,0
19.79,1123.2,0
19.795,1134.36,0
19.8,1134.36,0
19.805,1073.16,0
19.81,1073.16,0
19.815,1066.21,0
19.82,513.41,0
19.825,987.41,0
19.83,987.41,0
19.835,1022.32,0
19.84,1022.32,0
19.845,1022.32,0
19.85,1022.32,0
19.855,1679.02,0
19.86,1491.06,0
19.865,1491.06,0
19.87,1951.34,0
19.875,1951.34,0
19.88,1615.48,0
19.885,1615.48,0
19.89,1384.56,0
19.895,1780.0,0
19.9,1630.86,0
19.905,1630.86,0
19.91,1791.27,0
19.915,1791.27,0
19.92,1216.26,0
19.925,1216.26,0
19.93,1400.37,0
19.935,1400.37,0
19.94,1764.58,0
19.945,1400.37,0
19.95,696.11,0
19.955,696.11,0
19.96,696.11,0
19.965,696.11,0
19.97,696.11,0
19.975,610.14,0
19.98,610.14,0
19.985,233.0,0
19.99,241.23,0
19.995,241.23,0
20.0,241.23,0
20.005,241.23,0
20.01,1615.35,0
20.015,1764.59,0
20.02,357.66,0
20.025,-414.1,0
20.03,-414.1,0
20.035,-680.03,0
20.04,-680.03,0
20.045,-793.52,0
20.05,-793.52,0
20.055,-793.52,0
20.06,-793.52,0
20.065,-793.52,0
20.07,-793.52,0
20.075,-648.62,0
20.08,-648.62,0
20.085,-1176.83,0
20.09,-1176.83,0
20.095,-1694.49,0
20.1,-1191.23,0
20.105,-1191.23,0
20.11,-1008.11,0
20.115,-1191.23,0
20.12,-840.82,0
20.125,-840.82,0
20.13,-840.82,0
20.135,-840.82,0
20.14,-1502.05,0
20.145,-1502.05,0
20.15,-1539.75,0
20.155,-1539.75,0
20.16,-1539.75,0
20.165,-1539.75,0
20.17,-1539.75,0
20.175,-1672.37,0
20.18,-1672.37,0
20.185,-1663.51,0
20.19,-1663.51,0
20.195,-1882.27,0
20.2,-2095.72,0
20.205,-2095.72,0
20.21,-1694.47,0
20.215,-2095.72,0
20.22,-2127.97,0
20.225,-840.81,0
20.23,-558.83,0
20.235,-2194.69,0
20.24,-2384.6,0
20.245,-2384.6,0
20.25,-2307.34,0
20.255,-2307.34,0
20.26,-2307.34,0
20.265,-2307.34,0
20.27,-2351.11,0
20.275,-2351.11,0
20.28,-2234.86,0
20.285,-1663.48,0
20.29,-2294.08,0
20.295,-2294.08,0
20.3,-2443.46,0
20.305,-2443.46,0
20.31,-2443.46,0
20.315,-2443.46,0
20.32,-2442.65,0
20.325,-2442.65,0
20.33,-2442.65,0
20.335,-2251.37,0
20.34,-2602.5,0
20.345,-2602.5,0
20.35,-2640.28,0
20.355,-2640.28,0
20.36,-2187.87,0
20.365,-2640.28,0
20.37,-2830.3,0
20.375,-2830.3,0
20.38,-1892.11,0
20.385,-1743.96,0
20.39,-1743.96,0
20.395,-1855.34,0
20.4,-1855.34,0
20.405,-1855.34,0
20.41,-1855.34,0
20.415,-1855.34,0
20.42,-1782.76,0
20.425,-1782.76,0
20.43,-1708.95,0
20.435,-1708.95,0
20.44,-1788.47,0
20.445,-1788.47,0
20.45,-1697.0,0
20.455,-1697.0,0
20.46,-1696.81,0
20.465,-1696.81,0
20.47,-1883.47,0
20.475,-1852.14,0
20.48,-1318.08,0
20.485,-1318.08,0
20.49,-939.86,0
20.495,-939.86,0
20.5,-796.67,0
20.505,-857.91,0
20.51,-1708.94,0
20.515,-857.91,0
20.52,-1072.25,0
20.525,-1017.45,0
20.53,-1017.45,0
20.535,-1017.45,0
20.54,-1924.96,0
20.545,-879.12,0
20.55,-1372.0,0
20.555,-1837.0,0
20.56,-1837.0,0
20.565,-2443.14,0
20.57,-1914.61,0
20.575,-2384.31,0
20.58,-1852.42,0
20.585,-1989.64,0
20.59,-1989.64,0
20.595,-1321.93,0
20.6,-901.84,0
20.605,-2080.95,0
20.61,-2080.95,0
20.615,-2026.62,0
20.62,-2026.62,0
20.625,-1989.64,0
20.63,-1563.89,0
20.635,-1563.89,0
20.64,-1563.89,0
20.645,-2079.23,0
20.65,-2079.23,0
20.655,-2856.76,0
20.66,-2856.76,0
20.665,-2642.42,0
20.67,-2642.42,0
20.675,-2850.26,0
20.68,-2850.26,0
20.685,-3560.97,0
20.69,-2642.42,0
20.695,-3305.29,0
20.7,-3305.29,0
20.705,-2948.78,0
20.71,-2948.78,0
20.715,-3549.68,0
20.72,-3193.41,0
20.725,-3136.99,0
20.73,-3136.99,0
20.735,-3165.52,0
20.74,-3165.52,0
20.745,-2878.33,0
20.75,-2878.33,0
20.755,-3095.24,0
20.76,-2878.33,0
20.765,-3440.6,0
20.77,-3440.6,0
20.775,-3706.92,0
20.78,-3706.92,0
20.785,-4143.02,0
20.79,-4143.02,0
20.795,-4243.5,0
20.8,-4243.5,0
20.805,-4391.51,0
20.81,-4391.51,0
20.815,-4490.35,0
20.82,-4490.35,0
20.825,-3136.95,0
20.83,-4088.38,0
20.835,-3249.56,0
20.84,-3249.56,0
20.845,-3394.85,0
20.85,-3394.85,0
20.855,-2414.61,0
20.86,-3394.85,0
20.865,-3394.85,0
20.87,-3394.85,0
20.875,-3133.02,0
20.88,-3133.02,0
20.885,-3436.89,0
20.89,-3436.89,0
20.895,-3474.16,0
20.9,-3098.07,0
20.905,-3168.55,0
20.91,-3168.55,0
20.915,-2967.55,0
20.92,-2967.55,0
20.925,-2960.0,0
20.93,-2960.0,0
20.935,-2960.0,0
20.94,-3153.35,0
20.945,-2657.51,0
20.95,-3002.1,0
20.955,-3002.1,0
20.96,-3815.02,0
20.965,-3648.01,0
20.97,-3412.95,0
20.975,-3412.95,0
20.98,-3341.85,0
20.985,-3341.85,0
20.99,-3341.85,0
20.995,-3239.09,0
21.0,-3205.78,0
21.005,-3205.78,0
21.01,-3049.04,0
21.015,-3049.04,0
21.02,-2987.45,0
21.025,-3234.35,0
21.03,-2987.45,0
21.035,-3434.3,0
21.04,-2987.45,0
21.045,-3191.48,0
21.05,-3191.48,0
21.055,-3191.48,0
21.06,-3127.16,0
21.065,-3556.29,0
21.07,-3580.01,0
21.075,-3193.11,0
21.08,-3033.56,0
21.085,-3113.92,0
21.09,-3032.44,0
21.095,-3032.44,0
21.1,-3060.02,0
21.105,-3060.02,0
21.11,-3122.09,0
21.115,-3122.09,0
21.12,-3033.29,0
21.125,-3033.29,0
21.13,-3076.99,0
21.135,-3076.99,0
21.14,-2977.62,0
21.145,-2977.62,0
21.15,-3099.92,0
21.155,-2977.62,0
21.16,-2678.37,0
21.165,-2678.37,0
21.17,-2173.95,0
21.175,-2173.95,0
21.18,-3115.27,0
21.185,-2964.88,0
21.19,-2703.85,0
21.195,-2703.85,0
21.2,-1003.22,0
21.205,-1003.22,0
21.21,-1208.35,0
21.215,-1208.35,0
21.22,-2825.75,0
21.225,-2326.48,0
21.23,-2225.22,0
21.235,-2225.22,0
21.24,-1972.15,0
21.245,-3122.64,0
21.25,-1493.45,0
21.255,-1576.0,0
21.26,-1576.0,0
21.265,-1966.7,0
21.27,-1966.7,0
21.275,-1748.57,0
21.28,-1748.57,0
21.285,-1748.57,0
21.29,-3045.63,0
21.295,-1096.44,0
21.3,-2032.84,0
21.305,-2870.49,0
21.31,-2032.84,0
21.315,-2032.84,0
21.32,-2040.23,0
21.325,-2040.23,0
21.33,-1510.29,0
21.335,-1510.29,0
21.34,-1295.49,0
21.345,-2483.15,0
21.35,-1043.8,0
21.355,-1043.8,0
21.36,-1043.8,0
21.365,-1971.77,0
21.37,-88.71,0
21.375,-88.71,0
21.38,-135.56,0
21.385,-1174.49,0
21.39,-586.31,0
21.395,-586.31,0
21.4,-557.98,0
21.405,-557.98,0
21.41,-557.98,0
21.415,-557.98,0
21.42,228.35,0
21.425,228.35,0
21.43,57.05,0
21.435,57.05,0
21.44,241.65,0
21.445,-2070.39,0
21.45,794.67,0
21.455,794.67,0
21.46,794.67,0
21.465,794.67,0
21.47,1135.23,0
21.475,-1487.57,0
21.48,1245.0,0
21.485,1245.0,0
21.49,1279.6,0
21.495,-1045.08,0
21.5,1226.11,0
21.505,-1744.9,0
21.51,1101.19,0
21.515,1101.19,0
21.52,1027.63,0
21.525,1027.63,0
21.53,1017.23,0
21.535,1286.38,0
21.54,228.09,0
21.545,1286.38,0
21.55,1094.09,0
21.555,1094.09,0
21.56,1094.09,0
21.565,1094.09,0
21.57,877.5,0
21.575,877.5,0
21.58,877.5,0
21.585,877.5,0
21.59,1923.73,0
21.595,1923.73,0
21.6,1404.16,0
21.605,1404.16,0
21.61,1404.16,0
21.615,1404.16,0
21.62,1404.16,0
21.625,1404.16,0
21.63,1842.55,0
21.635,1842.55,0
21.64,1538.43,0
21.645,1270.69,0
21.65,899.64,0
21.655,899.64,0
21.66,1269.42,0
21.665,899.64,0
21.67,899.64,0
21.675,899.64,0
21.68,1030.97,0
21.685,998.82,0
21.69,998.82,0
21.695,1019.53,0
21.7,1019.53,0
21.705,1026.04,0
21.71,1096.11,0
21.715,884.88,0
21.72,1035.51,0
21.725,1035.51,0
21.73,998.82,0
21.735,988.31,0
21.74,988.31,0
21.745,1026.84,0
21.75,1026.84,0
21.755,1026.84,0
21.76,989.09,0
21.765,989.09,0
21.77,989.09,0
21.775,989.09,0
21.78,989.09,0
21.785,989.09,0
21.79,1005.6,0
21.795,1005.6,0
21.8,986.69,0
21.805,1017.99,0
21.81,1019.5,0
21.815,986.69,0
21.82,983.18,0
21.825,1748.16,0
21.83,991.06,0
21.835,991.06,0
21.84,991.06,0
21.845,991.06,0
21.85,985.73,0
21.855,985.73,0
21.86,976.27,0
21.865,976.27,0
21.87,1007.79,0
21.875,1007.79,0
21.88,991.27,0
21.885,931.34,0
21.89,1013.85,0
21.895,1013.85,0
21.9,1013.85,0
21.905,1014.82,0
21.91,1007.32,0
21.915,1007.32,0
21.92,991.22,0
21.925,983.53,0
21.93,1015.49,0
21.935,974.89,0
21.94,974.89,0
21.945,979.77,0
21.95,974.89,0
21.955,993.97,0
21.96,993.97,0
21.965,1011.65,0
21.97,984.82,0
21.975,971.85,0
21.98,971.85,0
21.985,1001.24,0
21.99,1001.24,0
21.995,1017.63,0
22.0,1001.24,0
22.005,973.54,0
22.01,973.54,0
22.015,984.82,0
22.02,1015.5,0
22.025,977.84,0
22.03,1.64,0
22.035,27.91,0
22.04,27.91,0
22.045,4.76,0
22.05,4.76,0
22.055,4.76,0
22.06,4.76,0
22.065,39.35,0
22.07,39.35,0
22.075,-7.63,0
22.08,-7.63,0
22.085,975.59,0
22.09,10.83,0
22.095,887.82,0
22.1,15.5,0
22.105,30.09,0
22.11,30.09,0
22.115,30.09,0
22.12,34.95,0
22.125,34.95,0
22.13,34.95,0
22.135,10.11,0
22.14,39.0,0
22.145,28.59,0
22.15,28.59,0
22.155,27.38,0
22.16,27.38,0
22.165,27.38,0
22.17,5.05,0
22.175,-5.69,0
22.18,-5.69,0
22.185,18.54,0
22.19,18.54,0
22.195,18.54,0
22.2,-26.58,0
22.205,-26.58,0
22.21,-26.51,0
22.215,-26.51,0
22.22,-33.95,0
22.225,-33.95,0
22.23,-32.82,0
22.235,-32.82,0
22.24,-25.98,0
22.245,-25.98,0
22.25,76.55,0
22.255,76.55,0
22.26,-26.51,0
22.265,17.75,0
22.27,19.71,0
22.275,19.71,0
22.28,19.84,0
22.285,-12.02,0
22.29,-12.02,0
22.295,-12.02,0
22.3,-12.02,0
22.305,-12.02,0
22.31,13.01,0
22.315,13.01,0
22.32,-31.4,0
22.325,15.71,0
22.33,15.71,0
22.335,-12.59,0
22.34,-12.59,0
22.345,-6.95,0
22.35,-6.95,0
22.355,-35.5,0
22.36,-28.52,0
22.365,16.78,0
22.37,16.78,0
22.375,-12.29,0
22.38,-12.29,0
22.385,18.75,0
22.39,18.75,0
22.395,18.75,0
22.4,18.75,0
22.405,17.55,0
22.41,17.55,0
22.415,-6.29,0
22.42,-6.29,0
22.425,-5.91,0
22.43,-5.91,0
22.435,15.68,0
22.44,-27.95,0
22.445,-27.95,0
22.45,-27.95,0
22.455,-8.86,0
22.46,-8.86,0
22.465,-5.84,0
22.47,-5.84,0
22.475,18.8,0
22.48,18.8,0
22.485,21.41,0
22.49,21.41,0
22.495,21.41,0
22.5,21.41,0
22.505,-7.83,0
22.51,-7.83,0
22.515,21.66,0
22.52,21.66,0
22.525,21.49,0
22.53,-30.63,0
22.535,-7.06,0
22.54,-7.06,0
22.545,-7.06,0
22.55,-7.06,0
22.555,-3.43,0
22.56,-3.43,0
22.565,-3.43,0
22.57,-3.43,0
22.575,-24.68,0
22.58,-24.68,0
22.585,-24.68,0
22.59,-24.68,0
22.595,-24.68,0
22.6,18.35,0
22.605,-21.8,0
22.61,20.77,0
22.615,19.27,0
22.62,19.27,0
22.625,-10.55,0
22.63,-10.55,0
22.635,19.95,0
22.64,19.95,0
22.645,8.53,0
22.65,8.53,0
22.655,21.46,0
22.66,-27.45,0
22.665,-27.45,0
22.67,-27.45,0
22.675,31.17,0
22.68,31.17,0
22.685,-24.97,0
22.69,-24.97,0
22.695,-5.33,0
22.7,-5.33,0
22.705,-1.55,0
22.71,-1.55,0
22.715,27.82,0
22.72,27.82,0
22.725,12.03,0
22.73,27.6,0
22.735,27.6,0
22.74,27.6,0
22.745,-2.1,0
22.75,-2.1,0
22.755,25.02,0
22.76,25.02,0
22.765,-2.1,0
22.77,25.91,0
22.775,-2.79,0
22.78,-2.79,0
22.785,-2.79,0
22.79,-2.79,0
22.795,28.8,0
22.8,28.8,0
22.805,12.57,0
22.81,-23.47,0
22.815,-23.47,0
22.82,-2.12,0
22.825,-2.12,0
22.83,-19.38,0
22.835,-19.38,0
22.84,12.68,0
22.845,12.68,0
22.85,12.68,0
22.855,12.68,0
22.86,-21.48,0
22.865,33.2,0
22.87,33.2,0
22.875,-16.85,0
22.88,20.56,0
22.885,13.75,0
22.89,13.75,0
22.895,13.75,0
22.9,13.75,0
22.905,13.75,0
22.91,34.16,0
22.915,34.16,0
22.92,34.16,0
22.925,34.16,0
22.93,13.96,0
22.935,13.96,0
22.94,-19.08,0
22.945,-2.09,0
22.95,32.1,0
22.955,32.1,0
22.96,-17.14,0
22.965,-17.14,0
22.97,9.9,0
22.975,9.9,0
22.98,-21.58,0
22.985,31.57,0
22.99,31.57,0
22.995,31.57,0
23.0,31.57,0
23.005,-23.21,0
23.01,9.44,0
23.015,9.44,0
23.02,15.36,0
23.025,15.36,0
23.03,29.09,0
23.035,29.09,0
23.04,29.09,0
23.045,29.09,0
23.05,29.09,0
23.055,9.44,0
23.06,13.38,0
23.065,13.38,0
23.07,-22.52,0
23.075,0.63,0
23.08,-14.18,0
23.085,-14.18,0
23.09,-4.05,0
23.095,12.41,0
23.1,-24.17,0
23.105,17.85,0
23.11,-20.67,0
23.115,-23.07,0
23.12,33.84,0
23.125,31.53,0
23.13,-27.88,0
23.135,15.36,0
23.14,13.98,0
23.145,13.98,0
23.15,-18.85,0
23.155,-18.85,0
23.16,-11.58,0
23.165,-11.58,0
23.17,-11.58,0
23.175,-11.58,0
23.18,13.62,0
23.185,-21.63,0
23.19,-21.63,0
23.195,-21.63,0
23.2,-14.62,0
23.205,-14.62,0
23.21,5.64,0
23.215,0.87,0
23.22,5.64,0
23.225,5.64,0
23.23,-19.67,0
23.235,31.07,0
23.24,23.2,0
23.245,-13.55,0
23.25,-13.55,0
23.255,39.13,0
23.26,-14.53,0
23.265,16.98,0
23.27,16.98,0
23.275,1.22,0
23.28,27.84,0
23.285,-10.46,0
23.29,-10.46,0
23.295,17.81,0
23.3,17.81,0
23.305,-18.38,0
23.31,-18.38,0
23.315,27.55,0
23.32,27.55,0
23.325,-11.94,0
23.33,-8.87,0
23.335,-11.94,0
23.34,-8.87,0
23.345,-8.87,0
23.35,-8.87,0
23.355,-8.87,0
23.36,-8.87,0
23.365,28.45,0
23.37,28.45,0
23.375,22.78,0
23.38,28.45,0
23.385,18.91,0
23.39,18.91,0
23.395,28.48,0
23.4,-26.66,0
23.405,-7.88,0
23.41,26.75,0
23.415,-7.88,0
23.42,20.07,0
23.425,20.07,0
23.43,6.29,0
23.435,-20.21,0
23.44,-8.65,0
23.445,-8.65,0
23.45,4.95,0
23.455,2.99,0
23.46,4.98,0
23.465,18.91,0
23.47,-19.39,0
23.475,-19.39,0
23.48,20.07,0
23.485,29.95,0
23.49,-3.53,0
23.495,-3.53,0
23.5,-3.53,0
23.505,-3.53,0
23.51,-7.24,0
23.515,23.31,0
23.52,24.43,0
23.525,24.43,0
23.53,-4.75,0
23.535,-4.75,0
23.54,0.58,0
23.545,0.58,0
23.55,20.12,0
23.555,20.12,0
23.56,-18.42,0
23.565,-18.42,0
23.57,-7.26,0
23.575,-7.26,0
23.58,0.87,0
23.585,0.87,0
23.59,20.99,0
23.595,25.65,0
23.6,25.65,0
23.605,-4.75,0
23.61,-4.75,0
23.615,25.65,0
23.62,-2.44,0
23.625,24.3,0
23.63,24.3,0
23.635,24.3,0
23.64,23.37,0
23.645,23.37,0
23.65,-13.08,0
23.655,31.33,0
23.66,31.33,0
23.665,-18.08,0
23.67,-18.08,0
23.675,-18.08,0
23.68,-19.03,0
23.685,-25.44,0
23.69,8.91,0
23.695,-14.34,0
23.7,-14.34,0
23.705,-14.34,0
23.71,9.08,0
23.715,9.08,0
23.72,9.08,0
23.725,9.08,0
23.73,-4.14,0
23.735,28.75,0
23.74,28.75,0
23.745,28.75,0
23.75,10.57,0
23.755,10.57,0
23.76,6.61,0
23.765,6.61,0
23.77,8.88,0
23.775,6.61,0
23.78,-30.87,0
23.785,27.44,0
23.79,-16.22,0
23.795,-16.22,0
23.8,11.13,0
23.805,7.58,0
23.81,-11.73,0
23.815,28.69,0
23.82,28.69,0
23.825,-15.51,0
23.83,-15.51,0
23.835,12.82,0
23.84,25.49,0
23.845,-13.3,0
23.85,-13.3,0
23.855,-2.45,0
23.86,30.15,0
23.865,-13.32,0
23.87,-13.32,0
23.875,11.06,0
23.88,11.06,0
23.885,13.79,0
23.89,13.79,0
23.895,30.73,0
23.9,30.73,0
23.905,30.73,0
23.91,30.73,0
23.915,24.27,0
23.92,14.54,0
23.925,-14.35,0
23.93,-14.35,0
23.935,-14.35,0
23.94,-14.35,0
23.945,-21.05,0
23.95,-15.64,0
23.955,-15.64,0
23.96,10.45,0
23.965,10.45,0
23.97,-13.71,0
23.975,-14.35,0
23.98,29.6,0
23.985,29.6,0
23.99,29.6,0
23.995,11.48,0
24.0,11.48,0
24.005,12.26,0
24.01,12.26,0
24.015,26.08,0
24.02,26.08,0
24.025,-13.1,0
24.03,30.07,0
24.035,-13.1,0
24.04,10.34,0
24.045,10.34,0
24.05,12.22,0
24.055,12.22,0
24.06,-21.06,0
24.065,-17.55,0
24.07,-15.61,0
24.075,-12.38,0
24.08,12.59,0
24.085,12.59,0
24.09,13.05,0
24.095,29.68,0
24.1,0.03,0
24.105,29.68,0
24.11,29.68,0
24.115,29.68,0
24.12,-13.63,0
24.125,-13.63,0
24.13,14.09,0
24.135,14.09,0
24.14,31.72,0
24.145,31.72,0
24.15,-11.67,0
24.155,-11.67,0
24.16,-11.67,0
24.165,-12.43,0
24.17,12.17,0
24.175,12.17,0
24.18,-11.59,0
24.185,-11.56,0
24.19,-11.56,0
24.195,-11.56,0
24.2,-11.56,0
24.205,-11.56,0
24.21,11.92,0
24.215,-16.99,0
24.22,-16.99,0
24.225,27.68,0
24.23,27.68,0
24.235,10.49,0
24.24,10.49,0
24.245,16.0,0
24.25,16.0,0
24.255,25.71,0
24.26,16.0,0
24.265,28.78,0
24.27,28.78,0
24.275,28.78,0
24.28,28.78,0
24.285,11.71,1
24.29,11.71,0
24.295,-13.47,0
24.3,-13.47,0
24.305,-13.47,0
24.31,-13.47,0
24.315,-17.61,0
24.32,9.24,0
24.325,9.24,0
24.33,9.24,0
24.335,-18.16,0
24.34,-18.16,0
24.345,31.95,0
24.35,31.95,0
24.355,31.95,0
24.36,31.95,0
24.365,20.49,0
24.37,4.46,0
24.375,4.46,0
24.38,4.46,0
24.385,-16.63,0
24.39,-16.63,0
24.395,-11.2,0
24.4,-13.69,0
24.405,8.04,0
24.41,-1.15,0
24.415,13.91,0
24.42,13.91,0
24.425,-14.16,0
24.43,-14.16,0
24.435,25.92,0
24.44,-10.23,0
24.445,8.82,0
24.45,11.57,0
24.455,14.36,0
24.46,14.36,0
24.465,-17.28,0
24.47,-17.28,0
24.475,-0.5,0
24.48,28.36,0
24.485,-0.5,0
24.49,-0.5,0
24.495,-18.4,0
24.5,-18.4,0
24.505,1.11,0
24.51,-2.95,0
24.515,-2.95,0
24.52,-2.95,0
24.525,26.54,0
24.53,-17.65,0
24.535,-17.65,0
24.54,1.26,0
24.545,1.26,0
24.55,-3.12,0
24.555,-3.12,0
24.56,-3.12,0
24.565,-3.12,0
24.57,-20.4,0
24.575,-20.4,0
24.58,21.94,0
24.585,21.08,0
24.59,-7.32,0
24.595,-7.32,0
24.6,29.16,0
24.605,29.16,0
24.61,-17.65,0
24.615,-20.4,0
24.62,2.19,0
24.625,-20.4,0
24.63,20.73,0
24.635,2.19,0
24.64,21.08,0
24.645,25.34,0
24.65,-19.7,0
24.655,-19.7,0
24.66,19.47,0
24.665,19.47,0
24.67,-0.52,0
24.675,4.36,0
24.68,-6.43,0
24.685,-6.43,0
24.69,0.74,0
24.695,-19.13,0
24.7,21.06,0
24.705,-19.7,0
24.71,2.37,0
24.715,-4.07,0
24.72,-4.07,0
24.725,28.34,0
24.73,28.34,0
24.735,16.71,0
24.74,16.71,0
24.745,3.48,0
24.75,3.48,0
24.755,-7.51,0
24.76,-7.51,0
24.765,-13.41,0
24.77,-13.41,0
24.775,-13.41,0
24.78,-13.41,0
24.785,1.96,0
24.79,1.96,0
24.795,-6.76,0
24.8,-6.76,0
24.805,-6.76,0
24.81,-6.76,0
24.815,-6.76,0
24.82,-6.76,0
24.825,-19.29,0
24.83,-19.29,0
24.835,-6.41,0
24.84,-6.41,0
24.845,-9.08,0
24.85,-6.41,0
24.855,27.26,0
24.86,19.13,0
24.865,4.17,0
24.87,4.17,0
24.875,4.17,0
24.88,4.17,0
24.885,26.35,0
24.89,26.35,0
24.895,-17.44,0
24.9,-17.44,0
24.905,-7.49,0
24.91,-19.24,0
24.915,-3.27,0
24.92,-3.27,0
24.925,-3.27,0
24.93,-3.27,0
24.935,26.72,0
24.94,-15.02,0
24.945,18.78,0
24.95,18.78,0
24.955,-3.7,0
24.96,-3.7,0
24.965,44.63,0
24.97,24.74,0
24.975,-16.41,0
24.98,-16.41,0
24.985,5.57,0
24.99,5.57,0
24.995,5.57,0
25.0,5.57,0
25.005,5.57,0
25.01,21.08,0
25.015,21.08,0
25.02,-12.74,0
25.025,-12.74,0
25.03,16.07,0
25.035,-7.89,0
25.04,-3.47,0
25.045,-3.47,0
25.05,-3.47,0
25.055,-3.47,0
25.06,-13.0,0
25.065,-13.0,0
25.07,11.41,0
25.075,11.41,0
25.08,21.76,0
25.085,23.59,0
25.09,-4.33,0
25.095,23.59,0
25.1,23.59,0
25.105,13.28,0
25.11,13.28,0
25.115,5.78,0
25.12,5.78,0
25.125,22.23,0
25.13,22.23,0
25.135,-8.45,0
25.14,-8.45,0
25.145,18.54,0
25.15,18.54,0
25.155,-2.74,0
25.16,-2.74,0
25.165,-2.74,0
25.17,-44.56,0
25.175,27.37,0
25.18,-44.56,0
25.185,-34.75,0
25.19,-34.75,0
25.195,-52.84,0
25.2,-52.84,0
25.205,-21.29,0
25.21,-21.29,0
25.215,-21.29,0
25.22,-21.29,0
25.225,-21.29,0
25.23,-104.02,0
25.235,-104.02,0
25.24,-126.67,0
25.245,-126.67,0
25.25,-167.57,0
25.255,-65.44,0
25.26,-167.57,0
25.265,-167.57,0
25.27,-167.57,0
25.275,-167.57,0
25.28,114.48,0
25.285,114.48,0
25.29,136.41,0
25.295,136.41,0
25.3,-73.68,0
25.305,-73.68,0
25.31,-11.09,0
25.315,-11.09,0
25.32,34.16,0
25.325,34.16,0
25.33,34.16,0
25.335,34.16,0
25.34,44.75,0
25.345,-104.03,0
25.35,44.75,0
25.355,87.08,0
25.36,87.08,0
25.365,87.08,0
25.37,-11.55,0
25.375,-11.55,0
25.38,-11.55,0
25.385,-11.55,0
25.39,-11.55,0
25.395,58.75,0
25.4,58.75,0
25.405,65.14,0
25.41,65.14,0
25.415,22.57,0
25.42,22.57,0
25.425,44.75,0
25.43,22.57,0
25.435,-20.75,0
25.44,26.88,0
25.445,26.88,0
25.45,-18.27,0
25.455,-18.27,0
25.46,-31.38,0
25.465,58.75,0
25.47,-31.38,0
25.475,-30.97,0
25.48,-30.97,0
25.485,-41.88,0
25.49,-17.88,0
25.495,-74.74,0
25.5,-74.74,0
25.505,-108.18,0
25.51,-108.18,0
25.515,-64.57,0
25.52,-64.57,0
25.525,-64.57,0
25.53,-64.57,0
25.535,1.5,0
25.54,1.5,0
25.545,-36.21,0
25.55,-36.21,0
25.555,-1.89,0
25.56,-1.89,0
25.565,4.38,0
25.57,-83.32,0
25.575,-33.57,0
25.58,52.65,0
25.585,-364.05,0
25.59,-364.05,0
25.595,-280.22,0
25.6,-45.66,0
25.605,-45.66,0
25.61,-57.42,0
25.615,-57.42,0
25.62,-57.42,0
25.625,-57.42,0
25.63,-57.42,0
25.635,-57.42,0
25.64,-57.42,0
25.645,153.6,0
25.65,258.94,0
25.655,258.94,0
25.66,258.94,0
25.665,260.43,0
25.67,260.43,0
25.675,178.83,0
25.68,178.83,0
25.685,179.26,0
25.69,3.65,0
25.695,3.65,0
25.7,3.65,0
25.705,-40.84,0
25.71,-40.84,0
25.715,-40.84,0
25.72,-40.84,0
25.725,-1.99,0
25.73,-1.99,0
25.735,-105.01,0
25.74,-105.01,0
25.745,-105.01,0
25.75,-23.08,0
25.755,-23.08,0
25.76,-537.53,0
25.765,-537.53,0
25.77,-537.53,0
25.775,-220.18,0
25.78,-220.18,0
25.785,-220.18,0
25.79,-206.45,0
25.795,-206.45,0
25.8,216.74,0
25.805,-206.45,0
25.81,-272.72,0
25.815,-272.72,0
25.82,253.75,0
25.825,63.28,0
25.83,-39.56,0
25.835,-39.56,0
25.84,-39.56,0
25.845,-39.56,0
25.85,-39.56,0
25.855,-68.91,0
25.86,-68.91,0
25.865,315.59,0
25.87,315.59,0
25.875,694.01,0
25.88,694.01,0
25.885,1329.12,0
25.89,1329.12,0
25.895,896.91,0
25.9,539.42,0
25.905,539.42,0
25.91,315.59,0
25.915,767.76,0
25.92,428.64,0
25.925,20.48,0
25.93,3.09,0
25.935,3.09,0
25.94,-788.71,0
25.945,-788.71,0
25.95,-304.18,0
25.955,-304.18,0
25.96,-65.51,0
25.965,-65.51,0
25.97,-135.86,0
25.975,-135.86,0
25.98,-351.31,0
25.985,-351.31,0
25.99,-91.69,0
25.995,-91.69,0
26.0,-291.98,0
26.005,-291.98,0
26.01,-569.77,0
26.015,-351.31,0
26.02,-171.43,0
26.025,-171.43,0
26.03,-543.5,0
26.035,586.59,0
26.04,-1255.19,0
26.045,-1255.19,0
26.05,-804.68,0
26.055,-804.68,0
26.06,-804.68,0
26.065,-804.68,0
26.07,-377.02,0
26.075,-377.02,0
26.08,-788.17,0
26.085,-788.17,0
26.09,-951.75,0
26.095,87.92,0
26.1,216.94,0
26.105,216.94,0
26.11,216.94,0
26.115,821.7,0
26.12,-97.29,0
26.125,1907.45,0
26.13,1907.45,0
26.135,1907.45,0
26.14,1452.27,0
26.145,1452.27,0
26.15,1452.27,0
26.155,809.2,0
26.16,809.2,0
26.165,809.2,0
26.17,809.2,0
26.175,1372.62,0
26.18,1372.62,0
26.185,1220.69,0
26.19,1220.69,0
26.195,1330.1,0
26.2,1330.1,0
26.205,1330.1,0
26.21,2150.87,0
26.215,2150.87,0
26.22,2150.87,0
26.225,2150.87,0
26.23,2739.52,0
26.235,2739.52,0
26.24,2715.63,0
26.245,2715.63,0
26.25,2715.63,0
26.255,2715.63,0
26.26,2715.63,0
26.265,3277.26,0
26.27,1668.97,0
26.275,1372.64,0
26.28,3114.17,0
26.285,3664.69,0
26.29,3664.69,0
26.295,3664.69,0
26.3,3664.69,0
26.305,4122.15,0
26.31,4122.15,0
26.315,4676.21,0
26.32,4676.21,0
26.325,4528.31,0
26.33,4528.31,0
26.335,4528.31,0
26.34,4528.31,0
26.345,4528.31,0
26.35,4528.31,0
26.355,5241.06,0
26.36,4921.68,0
26.365,4921.68,0
26.37,4921.68,0
26.375,5000.69,0
26.38,4686.28,0
26.385,5023.62,0
26.39,5023.62,0
26.395,5023.62,0
26.4,5584.9,0
26.405,5655.18,0
26.41,5499.77,0
26.415,4423.44,0
26.42,5629.01,0
26.425,5629.01,0
26.43,5629.01,0
26.435,6122.37,0
26.44,6462.03,0
26.445,6462.03,0
26.45,6556.06,0
26.455,6556.06,0
26.46,5136.64,0
26.465,6427.02,0
26.47,5205.3,0
26.475,328.74,0
26.48,5993.15,0
26.485,5993.15,0
26.49,6145.42,0
26.495,6145.42,0
26.5,6434.17,0
26.505,6434.17,0
26.51,6035.93,0
26.515,6035.93,0
26.52,6070.05,0
26.525,6070.05,0
26.53,6177.82,0
26.535,6177.82,0
26.54,6230.53,0
26.545,6230.53,0
26.55,6233.89,0
26.555,6233.89,0
26.56,6233.89,0
26.565,6197.88,0
26.57,6501.21,0
26.575,6501.21,0
26.58,6018.94,0
26.585,6018.94,0
26.59,5454.96,0
26.595,5454.96,0
26.6,4961.85,0
26.605,4961.85,0
26.61,4594.27,0
26.615,4594.27,0
26.62,5176.67,0
26.625,5176.67,0
26.63,5135.98,0
26.635,5135.98,0
26.64,5844.2,0
26.645,5844.2,0
26.65,5844.2,0
26.655,5626.65,0
26.66,5626.65,0
26.665,5662.38,0
26.67,5662.38,0
26.675,6574.56,0
26.68,6574.56,0
26.685,6574.56,0
26.69,6574.56,0
26.695,6412.98,0
26.7,6412.98,0
26.705,6412.98,0
26.71,6683.02,0
26.715,6683.02,0
26.72,7356.38,0
26.725,7356.38,0
26.73,7178.59,0
26.735,7178.59,0
26.74,7178.59,0
26.745,7178.59,0
26.75,7519.59,0
26.755,7519.59,0
26.76,7992.16,0
26.765,5885.46,0
26.77,7992.16,0
26.775,7992.16,0
26.78,7944.84,0
26.785,7944.84,0
26.79,7633.87,0
26.795,8043.08,0
26.8,8043.08,0
26.805,7955.47,0
26.81,7955.47,0
26.815,7955.47,0
26.82,7955.47,0
26.825,8166.42,0
26.83,6559.15,0
26.835,8788.49,0
26.84,8788.49,0
26.845,8703.3,0
26.85,8703.3,0
26.855,8703.3,0
26.86,8280.03,0
26.865,7230.24,0
26.87,8442.63,0
26.875,8442.63,0
26.88,8071.08,0
26.885,8581.5,0
26.89,8871.16,0
26.895,8877.7,0
26.9,8877.7,0
26.905,6647.57,0
26.91,8801.04,0
26.915,8442.63,0
26.92,1190.41,0
26.925,1190.41,0
26.93,1190.41,0
26.935,1060.09,0
26.94,7925.83,0
26.945,1234.99,0
26.95,1234.99,0
26.955,1234.99,0
26.96,1190.14,0
26.965,1124.63,0
26.97,1124.63,0
26.975,-128.92,0
26.98,-128.92,0
26.985,1190.41,0
26.99,-128.92,0
26.995,-346.85,0
27.0,-346.85,0
27.005,-925.53,0
27.01,-925.53,0
27.015,-1115.66,0
27.02,-1115.66,0
27.025,-1115.66,0
27.03,-1115.66,0
27.035,1235.01,0
27.04,-1115.66,0
27.045,-1530.18,0
27.05,-1530.18,0
27.055,1965.0,0
27.06,-2047.74,0
27.065,-2047.74,0
27.07,-1290.49,0
27.075,-1290.49,0
27.08,-1059.4,0
27.085,-1059.4,0
27.09,-2047.74,0
27.095,-653.2,0
27.1,-810.66,0
27.105,-810.66,0
27.11,-810.66,0
27.115,-810.66,0
27.12,-423.42,0
27.125,-423.42,0
27.13,-925.35,0
27.135,-91.69,0
27.14,547.04,0
27.145,-351.0,0
27.15,-121.12,0
27.155,-121.12,0
27.16,-121.12,0
27.165,-121.12,0
27.17,736.22,0
27.175,736.22,0
27.18,359.8,0
27.185,359.8,0
27.19,744.82,0
27.195,744.82,0
27.2,1224.87,0
27.205,1224.87,0
27.21,1249.63,0
27.215,1249.63,0
27.22,1592.65,0
27.225,1620.11,0
27.23,1620.11,0
27.235,1671.48,0
27.24,1671.48,0
27.245,-155.77,0
27.25,1409.75,0
27.255,1409.75,0
27.26,1510.4,0
27.265,1510.4,0
27.27,1510.4,0
27.275,1700.07,0
27.28,1967.35,0
27.285,1967.35,0
27.29,2190.99,0
27.295,2190.99,0
27.3,1632.94,0
27.305,1632.94,0
27.31,1632.94,0
27.315,1632.94,0
27.32,1588.78,0
27.325,1588.78,0
27.33,1469.87,0
27.335,1469.87,0
27.34,762.99,0
27.345,762.99,0
27.35,762.99,0
27.355,1588.78,0
27.36,762.99,0
27.365,762.99,0
27.37,1455.52,0
27.375,1455.52,0
27.38,1528.8,0
27.385,1390.9,0
27.39,1277.25,0
27.395,1277.25,0
27.4,1149.08,0
27.405,1149.08,0
27.41,1494.8,0
27.415,1109.19,0
27.42,1109.19,0
27.425,1261.9,0
27.43,1469.86,0
27.435,1261.9,0
27.44,1261.9,0
27.445,1228.49,0
27.45,1228.49,0
27.455,1414.23,0
27.46,1878.16,0
27.465,1825.04,0
27.47,1825.04,0
27.475,1825.04,0
27.48,1825.04,0
27.485,1815.29,0
27.49,1815.29,0
27.495,1399.5,0
27.5,1399.5,0
27.505,2363.17,0
27.51,2363.17,0
27.515,1913.41,0
27.52,1913.41,0
27.525,1913.41,0
27.53,1913.41,0
27.535,1605.19,0
27.54,1605.19,0
27.545,1644.06,0
27.55,1644.06,0
27.555,1311.85,0
27.56,1311.85,0
27.565,1341.66,0
27.57,1825.06,0
27.575,580.33,0
27.58,580.33,0
27.585,736.53,0
27.59,736.53,0
27.595,728.78,0
27.6,1373.35,0
27.605,1373.35,0
27.61,443.44,0
27.615,1779.49,0
27.62,443.44,0
27.625,647.39,0
27.63,609.64,0
27.635,609.64,0
27.64,1436.15,0
27.645,1966.96,0
27.65,1293.11,0
27.655,1293.11,0
27.66,1290.31,0
27.665,1290.31,0
27.67,1290.31,0
27.675,1290.31,0
27.68,881.22,0
27.685,1819.78,0
27.69,881.22,0
27.695,881.22,0
27.7,804.03,0
27.705,804.03,0
27.71,1473.71,0
27.715,1473.71,0
27.72,1473.71,0
27.725,1473.71,0
27.73,647.77,0
27.735,617.29,0
27.74,213.1,0
27.745,-410.33,0
27.75,-410.33,0
27.755,-410.33,0
27.76,-821.72,0
27.765,-821.72,0
27.77,-1289.52,0
27.775,-1289.52,0
27.78,-1298.05,0
27.785,-1298.05,0
27.79,-1403.67,0
27.795,-410.33,0
27.8,-1789.52,0
27.805,-1789.52,0
27.81,-2232.61,0
27.815,-2258.96,0
27.82,-2258.96,0
27.825,-1731.53,0
27.83,-1731.53,0
27.835,-1731.53,0
27.84,-1882.5,0
27.845,-2429.28,0
27.85,-2429.28,0
27.855,1327.25,0
27.86,-2427.31,0
27.865,-1687.34,0
27.87,-1687.34,0
27.875,-1687.34,0
27.88,-1687.34,0
27.885,-1687.34,0
27.89,-1883.03,0
27.895,-1731.53,0
27.9,-1055.95,0
27.905,-1902.75,0
27.91,-1997.77,0
27.915,-1883.03,0
27.92,-1997.77,0
27.925,-1997.77,0
27.93,-1536.97,0
27.935,-1536.97,0
27.94,-1886.05,0
27.945,-1886.05,0
27.95,-1536.75,0
27.955,-1536.75,0
27.96,-1811.53,0
27.965,-1811.53,0
27.97,-1945.1,0
27.975,-1945.1,0
27.98,-1748.25,0
27.985,-1945.1,0
27.99,-1945.1,0
27.995,-1952.1,0
28.0,-1952.1,0
28.005,-1952.1,0
28.01,-1988.32,0
28.015,-1988.32,0
28.02,-1960.65,0
28.025,-1960.65,0
28.03,-1960.65,0
28.035,-2134.01,0
28.04,-2134.01,0
28.045,-2195.18,0
28.05,-2195.18,0
28.055,-2338.95,0
28.06,-2338.95,0
28.065,-2223.87,0
28.07,-2223.87,0
28.075,-1963.28,0
28.08,-1963.28,0
28.085,-2012.61,0
28.09,-2012.61,0
28.095,-2012.61,0
28.1,-1952.12,0
28.105,-1292.02,0
28.11,-1292.02,0
28.115,-625.22,0
28.12,-625.22,0
28.125,-625.22,0
28.13,-625.22,0
28.135,-130.38,0
28.14,-130.38,0
28.145,-130.38,0
28.15,262.61,0
28.155,262.61,0
28.16,18.32,0
28.165,18.32,0
28.17,18.32,0
28.175,18.32,0
28.18,-2097.63,0
28.185,-435.33,0
28.19,88.06,0
28.195,-304.35,0
28.2,228.47,0
28.205,228.47,0
28.21,-1024.9,0
28.215,356.63,0
28.22,356.63,0
28.225,-2218.21,0
28.23,262.59,0
28.235,5.16,0
28.24,-1885.78,0
28.245,495.76,0
28.25,135.63,0
28.255,226.65,0
28.26,176.93,0
28.265,120.53,0
28.27,48.86,0
28.275,48.86,0
28.28,48.86,0
28.285,315.57,0
28.29,-144.99,0
28.295,1096.96,0
28.3,213.51,0
28.305,1398.91,0
28.31,1346.19,0
28.315,1346.19,0
28.32,965.42,0
28.325,965.42,0
28.33,1126.37,0
28.335,1126.37,0
28.34,1349.68,0
28.345,1349.68,0
28.35,1059.55,0
28.355,1059.55,0
28.36,965.42,0
28.365,1629.55,0
28.37,1464.67,0
28.375,1464.67,0
28.38,786.41,0
28.385,786.41,0
28.39,786.41,0
28.395,786.41,0
28.4,1059.55,0
28.405,1507.53,0
28.41,1124.01,0
28.415,1124.01,0
28.42,181.32,0
28.425,558.11,0
28.43,1506.02,0
28.435,925.1,0
28.44,925.1,0
28.445,515.04,0
28.45,459.62,0
28.455,-64.79,0
28.46,-64.79,0
28.465,184.24,0
28.47,298.4,0
28.475,298.4,0
28.48,298.4,0
28.485,-314.51,0
28.49,-536.26,0
28.495,1464.86,0
28.5,-536.26,0
28.505,60.61,0
28.51,-777.29,0
28.515,-858.02,0
28.52,-858.02,0
28.525,-969.89,0
28.53,-969.89,0
28.535,-1363.61,0
28.54,-1363.61,0
28.545,-1630.72,0
28.55,-1561.35,0
28.555,-1561.35,0
28.56,-1561.35,0
28.565,-1561.35,0
28.57,-2170.44,0
28.575,-2170.44,0
28.58,-2808.6,0
28.585,-2808.6,0
28.59,-1630.72,0
28.595,-2164.24,0
28.6,-1916.37,0
28.605,-1916.37,0
28.61,-2498.44,0
28.615,-2498.44,0
28.62,-2498.44,0
28.625,-2736.78,0
28.63,-2164.24,0
28.635,-2928.58,0
28.64,-2170.44,0
28.645,-969.92,0
28.65,-3112.58,0
28.655,-3233.29,0
28.66,-3269.25,0
28.665,-1887.73,0
28.67,-1887.73,0
28.675,-1887.73,0
28.68,-2182.59,0
28.685,-2182.59,0
28.69,-2068.55,0
28.695,-2068.55,0
28.7,-1692.84,0
28.705,-1692.84,0
28.71,-1538.45,0
28.715,-1538.45,0
28.72,-1538.45,0
28.725,-1538.45,0
28.73,-937.99,0
28.735,-3233.28,0
28.74,-1229.68,0
28.745,-1229.68,0
28.75,-1670.77,0
28.755,-1229.68,0
28.76,-806.05,0
28.765,-2489.64,0
28.77,-2374.45,0
28.775,-2374.45,0
28.78,-1843.2,0
28.785,-1843.2,0
28.79,-1804.27,0
28.795,-1804.27,0
28.8,-1696.75,0
28.805,-1696.75,0
28.81,-3070.48,0
28.815,-1412.79,0
28.82,-2077.27,0
28.825,-2077.27,0
28.83,-2609.31,0
28.835,-1641.87,0
28.84,-2157.3,0
28.845,-2157.3,0
28.85,-1625.31,0
28.855,-1625.31,0
28.86,-2387.22,0
28.865,-2387.22,0
28.87,-2387.22,0
28.875,-2387.22,0
28.88,-1941.78,0
28.885,-1941.78,0
28.89,-2130.83,0
28.895,-2130.83,0
28.9,-1461.17,0
28.905,-1431.79,0
28.91,-1431.79,0
28.915,-1431.79,0
28.92,-1431.79,0
28.925,-216.24,0
28.93,-216.24,0
28.935,-466.94,0
28.94,-466.94,0
28.945,-466.94,0
28.95,370.52,0
28.955,724.12,0
28.96,724.12,0
28.965,987.72,0
28.97,878.3,0
28.975,-2130.86,0
28.98,592.17,0
28.985,592.17,0
28.99,264.35,0
28.995,-2128.7,0
29.0,231.36,0
29.005,231.36,0
29.01,1185.92,0
29.015,1185.92,0
29.02,1313.77,0
29.025,1415.93,0
29.03,1415.93,0
29.035,1415.93,0
29.04,1415.93,0
29.045,1415.93,0
29.05,-2517.56,0
29.055,1059.19,0
29.06,1248.71,0
29.065,1248.71,0
29.07,1279.85,0
29.075,1279.85,0
29.08,1441.22,0
29.085,1441.22,0
29.09,1441.22,0
29.095,1441.22,0
29.1,1520.64,0
29.105,1501.07,0
29.11,-941.94,0
29.115,1309.16,0
29.12,1309.16,0
29.125,1309.16,0
29.13,1441.22,0
29.135,1239.86,0
29.14,882.75,0
29.145,1563.74,0
29.15,1563.74,0
29.155,123.43,0
29.16,1532.96,0
29.165,1497.3,0
29.17,1497.3,0
29.175,1559.89,0
29.18,1559.89,0
29.185,1564.89,0
29.19,1564.89,0
29.195,1539.36,0
29.2,1539.36,0
29.205,1565.42,0
29.21,1565.42,0
29.215,625.49,0
29.22,1364.01,0
29.225,1512.53,0
29.23,1512.53,0
29.235,1869.09,0
29.24,1869.09,0
29.245,1060.16,0
29.25,1060.16,0
29.255,1574.64,0
29.26,1060.16,0
29.265,1588.48,0
29.27,1588.48,0
29.275,1323.09,0
29.28,1323.09,0
29.285,1323.09,1
29.29,1507.86,0
29.295,1679.06,0
29.3,1588.48,0
29.305,1181.39,0
29.31,1104.26,0
29.315,1060.16,0
29.32,1550.62,0
29.325,1022.06,0
29.33,1022.06,0
29.335,1385.5,0
29.34,1385.5,0
29.345,1022.06,0
29.35,894.15,0
29.355,894.15,0
29.36,894.15,0
29.365,1432.16,0
29.37,902.58,0
29.375,-1512.63,0
29.38,-1512.63,0
29.385,-1855.16,0
29.39,-1855.16,0
29.395,-1855.16,0
29.4,-1855.16,0
29.405,-1572.67,0
29.41,1679.04,0
29.415,-1430.85,0
29.42,-1331.84,0
29.425,-1331.84,0
29.43,1267.81,0
29.435,-1788.19,0
29.44,-1162.18,0
29.445,-1788.19,0
29.45,-1788.19,0
29.455,1311.35,0
29.46,-1176.12,0
29.465,-1007.57,0
29.47,-717.21,0
29.475,-717.21,0
29.48,-416.86,0
29.485,-416.86,0
29.49,-416.86,0
29.495,-416.86,0
29.5,-250.58,0
29.505,-250.58,0
29.51,-383.68,0
29.515,-383.68,0
29.52,-600.05,0
29.525,-600.05,0
29.53,-1034.8,0
29.535,-1034.8,0
29.54,-801.01,0
29.545,-801.01,0
29.55,-160.37,0
29.555,-226.0,0
29.56,537.07,0
29.565,537.07,0
29.57,-745.48,0
29.575,-1412.71,0
29.58,508.24,0
29.585,508.24,0
29.59,237.62,0
29.595,237.62,0
29.6,-455.88,0
29.605,-455.88,0
29.61,-455.88,0
29.615,-455.88,0
29.62,-376.61,0
29.625,-376.61,0
29.63,-100.57,0
29.635,-100.57,0
29.64,-827.12,0
29.645,-523.22,0
29.65,-1120.15,0
29.655,-1120.15,0
29.66,-1517.03,0
29.665,-1517.03,0
29.67,-1595.04,0
29.675,-258.45,0
29.68,-1244.77,0
29.685,-1244.77,0
29.69,-1244.77,0
29.695,-1244.77,0
29.7,-1228.56,0
29.705,-1228.56,0
29.71,-1907.59,0
29.715,-1907.59,0
29.72,-1224.41,0
29.725,-1907.59,0
29.73,-1986.36,0
29.735,-1986.36,0
29.74,-2167.49,0
29.745,-2167.49,0
29.75,8.24,0
29.755,-1799.78,0
29.76,-2049.72,0
29.765,-2049.72,0
29.77,-2170.38,0
29.775,-2170.38,0
29.78,-1228.57,0
29.785,-1970.37,0
29.79,-1665.46,0
29.795,-1665.46,0
29.8,-2130.48,0
29.805,-2130.48,0
29.81,-2176.92,0
29.815,-2176.92,0
29.82,-2418.78,0
29.825,-2418.78,0
29.83,-2584.38,0
29.835,-2657.17,0
29.84,-2657.17,0
29.845,-1276.74,0
29.85,-2495.74,0
29.855,-2495.74,0
29.86,-2495.74,0
29.865,-2495.74,0
29.87,-2495.74,0
29.875,-1876.27,0
29.88,-1876.27,0
29.885,-1809.86,0
29.89,-1809.86,0
29.895,-2255.14,0
29.9,-2255.14,0
29.905,-2115.44,0
29.91,-2115.44,0
29.915,-1751.28,0
29.92,-1751.28,0
29.925,-1751.28,0
29.93,-1751.28,0
29.935,-2090.86,0
29.94,-2090.86,0
29.945,-1715.43,0
29.95,-1715.43,0
29.955,-1932.51,0
29.96,-1932.51,0
29.965,-1439.69,0
29.97,-1439.69,0
29.975,-1439.69,0
29.98,-1439.69,0
29.985,-660.68,0
29.99,-660.68,0
29.995,-978.49,0
30.0,-978.49,0
30.005,-545.98,0
30.01,-545.98,0
30.015,25.91,0
30.02,25.91,0
30.025,25.91,0
30.03,25.91,0
30.035,152.57,0
30.04,152.57,0
30.045,554.98,0
30.05,1139.94,0
30.055,1139.94,0
30.06,1465.51,0
30.065,1465.51,0
30.07,1465.51,0
30.075,1465.51,0
30.08,1540.52,0
30.085,1540.52,0
30.09,1672.84,0
30.095,1139.94,0
30.1,-1450.47,0
30.105,-867.27,0
30.11,-1896.25,0
30.115,1730.38,0
30.12,1730.38,0
30.125,1730.38,0
30.13,1730.38,0
30.135,1706.81,0
30.14,1706.81,0
30.145,1706.81,0
30.15,1968.51,0
30.155,1419.85,0
30.16,1260.47,0
30.165,1260.47,0
30.17,1260.47,0
30.175,1260.47,0
30.18,899.95,0
30.185,899.95,0
30.19,-46.9,0
30.195,-46.9,0
30.2,-593.37,0
30.205,-593.37,0
30.21,-593.37,0
30.215,-217.97,0
30.22,-217.97,0
30.225,-603.1,0
30.23,-603.1,0
30.235,-321.62,0
30.24,-321.62,0
30.245,-234.43,0
30.25,1978.57,0
30.255,-234.43,0
30.26,-234.43,0
30.265,-140.53,0
30.27,-140.53,0
30.275,-255.99,0
30.28,-255.99,0
30.285,900.05,0
30.29,386.82,0
30.295,501.29,0
30.3,-97.76,0
30.305,1125.74,0
30.31,1125.74,0
30.315,1765.69,0
30.32,1765.69,0
30.325,1909.16,0
30.33,1821.0,0
30.335,912.91,0
30.34,1901.93,0
30.345,-140.54,0
30.35,1935.26,0
30.355,1935.26,0
30.36,1941.52,0
30.365,1914.52,0
30.37,2038.47,0
30.375,1125.74,0
30.38,2038.47,0
30.385,2038.47,0
30.39,1983.23,0
30.395,1983.23,0
30.4,1935.16,0
30.405,1961.11,0
30.41,1961.11,0
30.415,1890.57,0
30.42,2055.49,0
30.425,1948.24,0
30.43,1948.24,0
30.435,2016.88,0
30.44,1935.25,0
30.445,1921.15,0
30.45,1981.75,0
30.455,2173.88,0
30.46,1921.15,0
30.465,2141.47,0
30.47,2141.47,0
30.475,2141.47,0
30.48,2141.47,0
30.485,2194.32,0
30.49,2194.32,0
30.495,2057.32,0
30.5,1837.54,0
30.505,2088.47,0
30.51,2088.47,0
30.515,2222.44,0
30.52,2222.44,0
30.525,2491.55,0
30.53,2491.55,0
30.535,2767.17,0
30.54,2767.17,0
30.545,2428.71,0
30.55,2428.71,0
30.555,1423.26,0
30.56,1423.26,0
30.565,1556.18,0
30.57,1556.18,0
30.575,1556.18,0
30.58,1556.18,0
30.585,1986.63,0
30.59,1986.63,0
30.595,2113.38,0
30.6,2132.82,0
30.605,2124.11,0
30.61,2017.14,0
30.615,2017.14,0
30.62,2017.14,0
30.625,2193.08,0
30.63,2124.11,0
30.635,2146.31,0
30.64,2187.25,0
30.645,2767.28,0
30.65,2194.15,0
30.655,2194.15,0
30.66,2116.01,0
30.665,2060.24,0
30.67,2063.23,0
30.675,2693.8,0
30.68,1947.15,0
30.685,1947.15,0
30.69,1908.0,0
30.695,1908.0,0
30.7,2331.53,0
30.705,2116.01,0
30.71,1835.32,0
30.715,1835.32,0
30.72,1869.84,0
30.725,1869.84,0
30.73,1796.23,0
30.735,1796.23,0
30.74,1796.23,0
30.745,1796.23,0
30.75,1796.23,0
30.755,1832.45,0
30.76,1846.26,0
30.765,1846.26,0
30.77,1913.71,0
30.775,1913.71,0
30.78,1913.71,0
30.785,1898.07,0
30.79,1898.07,0
30.795,1898.07,0
30.8,1898.07,0
30.805,1898.07,0
30.81,1898.07,0
30.815,1982.65,0
30.82,1905.7,0
30.825,1921.34,0
30.83,1921.34,0
30.835,1992.81,0
30.84,1992.81,0
30.845,1992.81,0
30.85,1992.81,0
30.855,2012.14,0
30.86,2012.14,0
30.865,1932.64,0
30.87,1932.64,0
30.875,1915.22,0
30.88,1891.75,0
30.885,1675.16,0
30.89,1891.75,0
30.895,1895.99,0
30.9,1891.75,0
30.905,1981.52,0
30.91,1981.52,0
30.915,1964.79,0
30.92,1899.34,0
30.925,1844.64,0
30.93,1899.34,0
30.935,1866.32,0
30.94,1956.53,0
30.945,1956.53,0
30.95,2103.85,0
30.955,2103.85,0
30.96,2296.9,0
30.965,2296.9,0
30.97,2920.59,0
30.975,2920.59,0
30.98,2879.02,0
30.985,2879.02,0
30.99,3057.36,0
30.995,3057.36,0
31.0,2759.18,0
31.005,2759.18,0
31.01,2093.83,0
31.015,2093.83,0
31.02,2093.83,0
31.025,2093.83,0
31.03,2362.52,0
31.035,1942.21,0
31.04,2477.89,0
31.045,2477.89,0
31.05,2558.4,0
31.055,2477.89,0
31.06,3057.36,0
31.065,2956.01,0
31.07,3187.77,0
31.075,3187.77,0
31.08,3056.66,0
31.085,3098.2,0
31.09,3767.7,0
31.095,3767.7,0
31.1,2956.01,0
31.105,3884.83,0
31.11,3496.97,0
31.115,3496.97,0
31.12,2973.57,0
31.125,2973.57,0
31.13,3331.78,0
31.135,3331.78,0
31.14,3582.81,0
31.145,3845.1,0
31.15,3845.1,0
31.155,4093.26,0
31.16,4093.26,0
31.165,4093.26,0
31.17,4093.26,0
31.175,4093.26,0
31.18,3694.38,0
31.185,3694.38,0
31.19,4254.83,0
31.195,4254.83,0
31.2,4303.61,0
31.205,3581.34,0
31.21,3581.34,0
31.215,3581.34,0
31.22,3581.34,0
31.225,3581.34,0
31.23,3416.81,0
31.235,3416.81,0
31.24,3034.12,0
31.245,3034.12,0
31.25,2923.24,0
31.255,2923.24,0
31.26,3977.01,0
31.265,2374.88,0
31.27,2374.88,0
31.275,2374.88,0
31.28,2151.84,0
31.285,3322.64,0
31.29,2403.9,0
31.295,2403.9,0
31.3,2497.76,0
31.305,2386.19,0
31.31,2637.9,0
31.315,2637.9,0
31.32,2637.9,0
31.325,2637.9,0
31.33,3397.29,0
31.335,2985.04,0
31.34,2985.04,0
31.345,2985.04,0
31.35,2573.88,0
31.355,3068.68,0
31.36,3068.68,0
31.365,3362.74,0
31.37,3362.74,0
31.375,3091.23,0
31.38,3091.23,0
31.385,3452.18,0
31.39,3452.18,0
31.395,3982.11,0
31.4,3982.11,0
31.405,4240.76,0
31.41,4240.76,0
31.415,4012.46,0
31.42,4240.76,0
31.425,4350.53,0
31.43,4350.53,0
31.435,4402.29,0
31.44,4402.29,0
31.445,4212.46,0
31.45,2488.18,0
31.455,4601.89,0
31.46,4601.89,0
31.465,4997.9,0
31.47,4997.9,0
31.475,4721.73,0
31.48,4721.73,0
31.485,4721.73,0
31.49,4861.49,0
31.495,4861.49,0
31.5,4844.73,0
31.505,4844.73,0
31.51,4844.73,0
31.515,4844.73,0
31.52,4855.62,0
31.525,4855.62,0
31.53,4915.19,0
31.535,4915.19,0
31.54,4969.19,0
31.545,4969.19,0
31.55,4984.36,0
31.555,4984.36,0
31.56,5008.0,0
31.565,5008.0,0
31.57,5008.0,0
31.575,5038.29,0
31.58,5038.29,0
31.585,3379.43,0
31.59,4985.02,0
31.595,5002.93,0
31.6,5002.93,0
31.605,5001.84,0
31.61,5001.84,0
31.615,5068.47,0
31.62,5024.71,0
31.625,5080.83,0
31.63,4984.37,0
31.635,5132.6,0
31.64,5036.89,0
31.645,5018.99,0
31.65,5342.16,0
31.655,5342.16,0
31.66,5569.96,0
31.665,5767.73,0
31.67,5767.73,0
31.675,5483.5,0
31.68,5483.5,0
31.685,5483.5,0
31.69,5483.5,0
31.695,4965.59,0
31.7,4823.81,0
31.705,4823.81,0
31.71,4823.81,0
31.715,4955.94,0
31.72,4955.94,0
31.725,4980.15,0
31.73,4980.15,0
31.735,4980.15,0
31.74,4980.15,0
31.745,4728.61,0
31.75,4728.61,0
31.755,4659.16,0
31.76,4659.16,0
31.765,4469.6,0
31.77,4469.6,0
31.775,4561.75,0
31.78,4561.75,0
31.785,4442.76,0
31.79,4324.13,0
31.795,4324.13,0
31.8,4324.13,0
31.805,5732.4,0
31.81,4340.16,0
31.815,4340.16,0
31.82,4990.04,0
31.825,4641.83,0
31.83,4641.83,0
31.835,4641.83,0
31.84,4697.6,0
31.845,543.66,0
31.85,4426.22,0
31.855,401.9,0
31.86,401.9,0
31.865,208.1,0
31.87,5638.65,0
31.875,-130.99,0
31.88,-130.99,0
31.885,-14.44,0
31.89,-14.44,0
31.895,-14.44,0
31.9,4911.52,0
31.905,41.66,0
31.91,41.66,0
31.915,9.68,0
31.92,9.68,0
31.925,-126.07,0
31.93,-126.07,0
31.935,-174.85,0
31.94,-174.85,0
31.945,-174.85,0
31.95,-174.85,0
31.955,-174.85,0
31.96,-174.85,0
31.965,29.67,0
31.97,29.67,0
31.975,49.74,0
31.98,49.74,0
31.985,4078.89,0
31.99,-66.74,0
31.995,-66.74,0
32.0,-66.74,0
32.005,-66.74,0
32.01,-66.74,0
32.015,22.26,0
32.02,-74.41,0
32.025,53.52,0
32.03,53.52,0
32.035,89.5,0
32.04,89.5,0
32.045,98.79,0
32.05,98.79,0
32.055,98.79,0
32.06,98.79,0
32.065,102.21,0
32.07,142.27,0
32.075,22.29,0
32.08,197.19,0
32.085,213.88,0
32.09,119.8,0
32.095,119.8,0
32.1,119.8,0
32.105,-53.38,0
32.11,-53.38,0
32.115,-53.38,0
32.12,-53.38,0
32.125,25.5,0
32.13,15.98,0
32.135,15.98,0
32.14,0.58,0
32.145,0.58,0
32.15,-9.22,0
32.155,-18.82,0
32.16,-9.22,0
32.165,-9.22,0
32.17,-9.22,0
32.175,-6.21,0
32.18,66.76,0
32.185,66.76,0
32.19,107.1,0
32.195,107.1,0
32.2,-5.18,0
32.205,-5.18,0
32.21,13.18,0
32.215,-5.18,0
32.22,-138.8,0
32.225,-138.8,0
32.23,-345.26,0
32.235,-345.26,0
32.24,-345.26,0
32.245,-461.5,0
32.25,-461.5,0
32.255,-359.8,0
32.26,-604.38,0
32.265,-604.38,0
32.27,-604.38,0
32.275,-777.66,0
32.28,-777.66,0
32.285,-892.42,0
32.29,-892.42,0
32.295,-407.05,0
32.3,-407.05,0
32.305,22.51,0
32.31,-475.35,0
32.315,-386.57,0
32.32,-386.57,0
32.325,-966.39,0
32.33,-966.39,0
32.335,-844.12,0
32.34,-844.12,0
32.345,-673.25,0
32.35,-673.25,0
32.355,-34.53,0
32.36,-465.95,0
32.365,-465.95,0
32.37,-465.95,0
32.375,-465.95,0
32.38,-465.95,0
32.385,-907.6,0
32.39,-907.6,0
32.395,-333.66,0
32.4,-333.66,0
32.405,-26.03,0
32.41,-26.03,0
32.415,396.49,0
32.42,396.49,0
32.425,303.28,0
32.43,303.28,0
32.435,303.28,0
32.44,303.28,0
32.445,880.88,0
32.45,880.88,0
32.455,-386.17,0
32.46,1323.39,0
32.465,1323.39,0
32.47,1493.79,0
32.475,1493.79,0
32.48,1493.79,0
32.485,1493.79,0
32.49,1096.91,0
32.495,1096.91,0
32.5,1385.14,0
32.505,1385.14,0
32.51,1530.79,0
32.515,1530.79,0
32.52,977.84,0
32.525,977.84,0
32.53,977.84,0
32.535,977.84,0
32.54,1257.96,0
32.545,1432.9,0
32.55,1333.73,0
32.555,1333.73,0
32.56,1093.53,0
32.565,1093.53,0
32.57,1484.57,0
32.575,1484.57,0
32.58,1484.57,0
32.585,1323.83,0
32.59,2009.45,0
32.595,2009.45,0
32.6,1971.21,0
32.605,1971.21,0
32.61,1971.21,0
32.615,1971.21,0
32.62,1971.21,0
32.625,1971.21,0
32.63,2199.66,0
32.635,291.69,0
32.64,872.28,0
32.645,1386.39,0
32.65,1900.54,0
32.655,1900.54,0
32.66,1641.28,0
32.665,556.88,0
32.67,665.06,0
32.675,665.06,0
32.68,665.06,0
32.685,1000.24,0
32.69,1000.24,0
32.695,2488.4,0
32.7,2059.12,0
32.705,2554.48,0
32.71,2554.48,0
32.715,2846.8,0
32.72,2846.8,0
32.725,3384.4,0
32.73,3384.4,0
32.735,3515.43,0
32.74,3515.43,0
32.745,3503.04,0
32.75,3503.04,0
32.755,3825.29,0
32.76,2061.49,0
32.765,3569.92,0
32.77,3569.92,0
32.775,3717.65,0
32.78,3717.65,0
32.785,3717.65,0
32.79,2661.8,0
32.795,2661.8,0
32.8,2661.8,0
32.805,3684.07,0
32.81,3684.07,0
32.815,3684.07,0
32.82,2488.52,0
32.825,499.49,0
32.83,3684.07,0
32.835,2752.72,0
32.84,3676.95,0
32.845,3676.95,0
32.85,3676.95,0
32.855,3676.95,0
32.86,3676.95,0
32.865,830.9,0
32.87,3676.95,0
32.875,3872.54,0
32.88,3872.54,0
32.885,4204.22,0
32.89,4204.22,0
32.895,4821.94,0
32.9,4821.94,0
32.905,4298.97,0
32.91,4298.97,0
32.915,3813.66,0
32.92,3562.02,0
32.925,3762.14,0
32.93,4371.09,0
32.935,4371.09,0
32.94,5517.05,0
32.945,5517.05,0
32.95,2999.45,0
32.955,5663.35,0
32.96,4703.71,0
32.965,5663.35,0
32.97,4375.99,0
32.975,4375.99,0
32.98,4246.34,0
32.985,4246.34,0
32.99,3852.7,0
32.995,3852.7,0
33.0,3844.59,0
33.005,3844.59,0
33.01,4421.87,0
33.015,2450.8,0
33.02,4500.6,0
33.025,4500.6,0
33.03,4375.99,0
33.035,4500.6,0
33.04,4345.47,0
33.045,4345.47,0
33.05,4038.56,0
33.055,4038.56,0
33.06,3625.01,0
33.065,3625.01,0
33.07,3625.01,0
33.075,4166.65,0
33.08,3852.68,0
33.085,4689.22,0
33.09,3766.26,0
33.095,3985.34,0
33.1,3985.34,0
33.105,4109.6,0
33.11,4109.6,0
33.115,3853.83,0
33.12,5394.58,0
33.125,5736.36,0
33.13,5736.36,0
33.135,5696.2,0
33.14,5696.2,0
33.145,5653.41,0
33.15,5653.41,0
33.155,5653.41,0
33.16,5653.41,0
33.165,3773.66,0
33.17,4391.92,0
33.175,5874.0,0
33.18,5874.0,0
33.185,5526.46,0
33.19,5526.46,0
33.195,5904.51,0
33.2,5904.51,0
33.205,5904.51,0
33.21,5904.51,0
33.215,5866.4,0
33.22,5866.4,0
33.225,3718.93,0
33.23,6004.11,0
33.235,5593.8,0
33.24,5593.8,0
33.245,6101.31,0
33.25,5535.52,0
33.255,6101.31,0
33.26,6101.31,0
33.265,6682.67,0
33.27,6682.67,0
33.275,6682.67,0
33.28,6259.18,0
33.285,6259.18,0
33.29,6374.73,0
33.295,6374.73,0
33.3,6374.73,0
33.305,6439.6,0
33.31,6310.25,0
33.315,6310.25,0
33.32,6310.25,0
33.325,5657.65,0
33.33,5657.65,0
33.335,6605.76,0
33.34,6605.76,0
33.345,5862.85,0
33.35,6875.2,0
33.355,6377.12,0
33.36,6377.12,0
33.365,5623.32,0
33.37,5623.32,0
33.375,6207.08,0
33.38,6207.08,0
33.385,6828.11,0
33.39,5623.32,0
33.395,6373.8,0
33.4,6373.8,0
33.405,6373.8,0
33.41,6373.8,0
33.415,5795.63,0
33.42,6642.2,0
33.425,6642.2,0
33.43,6642.2,0
33.435,6356.85,0
33.44,6356.85,0
33.445,5622.24,0
33.45,5823.9,0
33.455,6182.97,0
33.46,6182.97,0
33.465,5848.13,0
33.47,5848.13,0
33.475,-916.61,0
33.48,-1305.44,0
33.485,-1305.44,0
33.49,-444.52,0
33.495,-444.52,0
33.5,-916.61,0
33.505,-176.01,0
33.51,-176.01,0
33.515,-176.01,0
33.52,-176.01,0
33.525,-176.01,0
33.53,104.88,0
33.535,104.88,0
33.54,766.45,0
33.545,766.45,0
33.55,1384.49,0
33.555,1384.49,0
33.56,1384.49,0
33.565,1384.49,0
33.57,880.67,0
33.575,880.67,0
33.58,1595.44,0
33.585,1595.44,0
33.59,1752.67,0
33.595,1752.67,0
33.6,2992.41,0
33.605,2992.41,0
33.61,2992.41,0
33.615,2992.41,0
33.62,3507.54,0
33.625,3507.54,0
33.63,3693.21,0
33.635,3693.21,0
33.64,3986.93,0
33.645,3807.6,0
33.65,3807.6,0
33.655,3807.6,0
33.66,3693.21,0
33.665,4664.37,0
33.67,4664.37,0
33.675,4529.77,0
33.68,5381.76,0
33.685,5839.4,0
33.69,5839.4,0
33.695,6509.59,0
33.7,6509.59,0
33.705,6509.59,0
33.71,3155.04,0
33.715,6646.7,0
33.72,7377.37,0
33.725,1752.42,0
33.73,7377.37,0
33.735,7792.58,0
33.74,4914.45,0
33.745,8638.28,0
33.75,1283.92,0
33.755,9343.47,0
33.76,9343.47,0
33.765,9903.16,0
33.77,9903.16,0
33.775,9778.97,0
33.78,3045.98,0
33.785,10587.4,0
33.79,10587.4,0
33.795,11207.55,0
33.8,6646.73,0
33.805,10824.47,0
33.81,11207.55,0
33.815,11207.55,0
33.82,11207.55,0
33.825,11207.55,0
33.83,11609.0,0
33.835,11609.0,0
33.84,12177.64,0
33.845,12177.64,0
33.85,11867.47,0
33.855,11867.47,0
33.86,11867.47,0
33.865,11561.83,0
33.87,12518.43,0
33.875,12518.43,0
33.88,12518.43,0
33.885,12518.43,0
33.89,12518.43,0
33.895,12621.59,0
33.9,12621.59,0
33.905,12621.59,0
33.91,13465.75,0
33.915,13465.75,0
33.92,14071.64,0
33.925,14071.64,0
33.93,13778.53,0
33.935,13602.88,0
33.94,13472.4,0
33.945,13602.88,0
33.95,10556.56,0
33.955,15072.93,0
33.96,15072.93,0
33.965,14741.39,0
33.97,14741.39,0
33.975,14582.88,0
33.98,14582.88,0
33.985,15286.83,0
33.99,15286.83,0
33.995,15395.92,0
34.0,15395.92,0
34.005,12543.54,0
34.01,15668.61,0
34.015,15547.0,0
34.02,15547.0,0
34.025,16404.62,0
34.03,16404.62,0
34.035,13018.27,0
34.04,17029.18,0
34.045,17029.18,0
34.05,17029.18,0
34.055,17029.18,0
34.06,16541.11,0
34.065,16541.11,0
34.07,17234.3,0
34.075,17234.3,0
34.08,13482.39,0
34.085,16947.13,0
34.09,15065.24,0
34.095,17719.27,0
34.1,17494.42,0
34.105,17560.37,0
34.11,18203.88,0
34.115,18336.56,0
34.12,18336.56,0
34.125,18203.88,0
34.13,17496.37,0
34.135,17496.37,0
34.14,19864.32,0
34.145,19864.32,0
34.15,19864.32,0
34.155,20663.21,0
34.16,20663.21,0
34.165,20663.21,0
34.17,20663.21,0
34.175,20663.21,0
34.18,20663.21,0
34.185,20663.21,0
34.19,20663.21,0
34.195,20008.18,0
34.2,15991.9,0
34.205,15320.09,0
34.21,19847.93,0
34.215,19847.93,0
34.22,20708.49,0
34.225,20708.49,0
34.23,20753.36,0
34.235,16988.13,0
34.24,20529.57,0
34.245,20529.57,0
34.25,20498.48,0
34.255,20498.48,0
34.26,20498.48,0
34.265,20498.48,0
34.27,20535.93,0
34.275,20535.93,0
34.28,168.04,0
34.285,168.04,0
34.29,168.04,1
34.295,168.04,0
34.3,-404.48,0
34.305,-404.48,0
34.31,-35.95,0
34.315,-35.95,0
34.32,1.44,0
34.325,1.44,0
34.33,220.3,0
34.335,220.3,0
34.34,296.39,0
34.345,296.39,0
34.35,296.39,0
34.355,296.39,0
34.36,10824.57,0
34.365,-37.76,0
34.37,-37.76,0
34.375,-25.12,0
34.38,-25.12,0
34.385,16.56,0
34.39,16.56,0
34.395,80.07,0
34.4,80.07,0
34.405,8.14,0
34.41,8.14,0
34.415,80.79,0
34.42,80.79,0
34.425,3.71,0
34.43,3.71,0
34.435,104.42,0
34.44,55.66,0
34.445,2.55,0
34.45,2.55,0
34.455,1754.48,0
34.46,16.61,0
34.465,127.71,0
34.47,61.13,0
34.475,61.13,0
34.48,32.67,0
34.485,32.67,0
34.49,116.01,0
34.495,116.01,0
34.5,2.55,0
34.505,52.71,0
34.51,48.91,0
34.515,48.91,0
34.52,48.91,0
34.525,62.09,0
34.53,62.09,0
34.535,-24.76,0
34.54,-12.72,0
34.545,-53.91,0
34.55,-53.91,0
34.555,-27.46,0
34.56,-31.22,0
34.565,-31.22,0
34.57,-31.22,0
34.575,-31.22,0
34.58,-31.22,0
34.585,37.13,0
34.59,78.53,0
34.595,62.79,0
34.6,52.25,0
34.605,89.8,0
34.61,89.8,0
34.615,68.46,0
34.62,88.54,0
34.625,89.8,0
34.63,275.57,0
34.635,275.57,0
34.64,275.57,0
34.645,1929.52,0
34.65,78.53,0
34.655,1018.98,0
34.66,1018.98,0
34.665,863.75,0
34.67,863.75,0
34.675,1334.74,0
34.68,1334.74,0
34.685,1303.2,0
34.69,1303.2,0
34.695,1571.18,0
34.7,1303.2,0
34.705,-211.14,0
34.71,-211.14,0
34.715,-211.14,0
34.72,-211.14,0
34.725,75.36,0
34.73,-557.79,0
34.735,-557.79,0
34.74,-557.79,0
34.745,-557.79,0
34.75,-557.79,0
34.755,-654.47,0
34.76,-654.47,0
34.765,-267.34,0
34.77,-267.34,0
34.775,274.41,0
34.78,274.41,0
34.785,198.82,0
34.79,198.82,0
34.795,198.82,0
34.8,367.4,0
34.805,367.4,0
34.81,491.64,0
34.815,491.64,0
34.82,205.94,0
34.825,205.94,0
34.83,384.73,0
34.835,434.29,0
34.84,434.29,0
34.845,434.29,0
34.85,944.23,0
34.855,944.23,0
34.86,1232.65,0
34.865,1035.79,0
34.87,1259.33,0
34.875,741.65,0
34.88,1245.91,0
34.885,1245.91,0
34.89,1245.91,0
34.895,1245.91,0
34.9,888.57,0
34.905,375.35,0
34.91,2214.3,0
34.915,2214.3,0
34.92,1281.99,0
34.925,920.26,0
34.93,920.26,0
34.935,920.26,0
34.94,920.26,0
34.945,920.26,0
34.95,1531.5,0
34.955,660.57,0
34.96,660.57,0
34.965,523.13,0
34.97,196.66,0
34.975,-156.92,0
34.98,-156.92,0
34.985,-156.92,0
34.99,-156.92,0
34.995,1810.74,0
35.0,-560.46,0
35.005,-560.46,0
35.01,-1004.16,0
35.015,-1004.16,0
35.02,-1592.32,0
35.025,-1592.32,0
35.03,-1255.2,0
35.035,-1255.2,0
35.04,-1255.2,0
35.045,-1255.2,0
35.05,-2615.4,0
35.055,-2615.4,0
35.06,-3192.12,0
35.065,-3192.12,0
35.07,-3192.12,0
35.075,-3192.12,0
35.08,-3814.36,0
35.085,71.21,0
35.09,-4721.72,0
35.095,-4721.72,0
35.1,-4721.72,0
35.105,-4721.72,0
35.11,79.81,0
35.115,187.71,0
35.12,402.8,0
35.125,192.71,0
35.13,519.13,0
35.135,-3516.82,0
35.14,943.55,0
35.145,943.55,0
35.15,943.55,0
35.155,943.55,0
35.16,535.38,0
35.165,535.38,0
35.17,535.38,0
35.175,535.38,0
35.18,104.52,0
35.185,104.52,0
35.19,-3516.84,0
35.195,-192.69,0
35.2,-192.69,0
35.205,-192.69,0
35.21,104.52,0
35.215,-120.2,0
35.22,-120.2,0
35.225,-120.2,0
35.23,573.38,0
35.235,573.38,0
35.24,597.9,0
35.245,597.9,0
35.25,597.9,0
35.255,-2572.11,0
35.26,597.9,0
35.265,785.94,0
35.27,785.94,0
35.275,1525.4,0
35.28,1525.4,0
35.285,1525.4,0
35.29,1693.73,0
35.295,1693.73,0
35.3,1640.38,0
35.305,1721.62,0
35.31,1721.62,0
35.315,1721.62,0
35.32,1527.57,0
35.325,1527.57,0
35.33,1691.73,0
35.335,1691.73,0
35.34,1598.86,0
35.345,1598.86,0
35.35,1736.97,0
35.355,-201.74,0
35.36,1900.83,0
35.365,1549.41,0
35.37,1549.41,0
35.375,2330.11,0
35.38,2330.11,0
35.385,2136.79,0
35.39,2136.79,0
35.395,1943.14,0
35.4,1943.14,0
35.405,1926.29,0
35.41,1926.29,0
35.415,1926.29,0
35.42,1926.29,0
35.425,1926.29,0
35.43,1926.29,0
35.435,1740.38,0
35.44,1080.42,0
35.445,1691.9,0
35.45,1500.35,0
35.455,827.06,0
35.46,827.06,0
35.465,400.07,0
35.47,400.07,0
35.475,715.13,0
35.48,715.13,0
35.485,660.05,0
35.49,660.05,0
35.495,660.05,0
35.5,-76.42,0
35.505,-76.42,0
35.51,-491.29,0
35.515,-491.29,0
35.52,-51.98,0
35.525,-51.98,0
35.53,508.19,0
35.535,508.19,0
35.54,508.19,0
35.545,456.72,0
35.55,508.19,0
35.555,1189.68,0
35.56,1068.27,0
35.565,1068.27,0
35.57,1172.0,0
35.575,1172.0,0
35.58,1172.0,0
35.585,1023.83,0
35.59,562.4,0
35.595,1130.55,0
35.6,1130.55,0
35.605,1071.58,0
35.61,1071.58,0
35.615,1071.58,0
35.62,1071.58,0
35.625,1071.58,0
35.63,1071.58,0
35.635,153.39,0
35.64,153.39,0
35.645,-201.21,0
35.65,-201.21,0
35.655,-747.79,0
35.66,-747.79,0
35.665,-301.06,0
35.67,-301.06,0
35.675,-462.12,0
35.68,-462.12,0
35.685,-462.12,0
35.69,-462.12,0
35.695,562.41,0
35.7,-801.13,0
35.705,-801.13,0
35.71,-910.96,0
35.715,-910.96,0
35.72,1535.49,0
35.725,-1416.58,0
35.73,-1344.51,0
35.735,-608.72,0
35.74,-608.72,0
35.745,-1069.7,0
35.75,-1069.7,0
35.755,-1069.7,0
35.76,-1069.7,0
35.765,-1069.7,0
35.77,-1336.67,0
35.775,1165.46,0
35.78,-894.52,0
35.785,-689.62,0
35.79,-1247.57,0
35.795,-1167.59,0
35.8,-1502.92,0
35.805,-1392.16,0
35.81,-1502.92,0
35.815,-1502.92,0
35.82,-1316.81,0
35.825,-1316.81,0
35.83,-1862.97,0
35.835,-1316.81,0
35.84,-2664.16,0
35.845,-2664.16,0
35.85,-2501.7,0
35.855,-2501.7,0
35.86,-2501.7,0
35.865,-2501.7,0
35.87,-3849.84,0
35.875,-3849.84,0
35.88,-3841.38,0
35.885,-3447.01,0
35.89,-3447.01,0
35.895,-3311.66,0
35.9,-3311.66,0
35.905,-3311.66,0
35.91,-3311.66,0
35.915,-2808.18,0
35.92,-2808.18,0
35.925,-2808.18,0
35.93,344.33,0
35.935,344.33,0
35.94,424.51,0
35.945,-921.09,0
35.95,1029.69,0
35.955,1029.69,0
35.96,1029.69,0
35.965,720.16,0
35.97,720.16,0
35.975,-3454.03,0
35.98,1270.31,0
35.985,1270.31,0
35.99,1576.24,0
35.995,1634.83,0
36.0,1634.83,0
36.005,2182.92,0
36.01,2182.92,0
36.015,2182.92,0
36.02,2182.92,0
36.025,2182.92,0
36.03,2182.92,0
36.035,2166.15,0
36.04,3077.61,0
36.045,3077.61,0
36.05,3077.61,0
36.055,3077.61,0
36.06,3077.61,0
36.065,2469.94,0
36.07,2631.27,0
36.075,2631.27,0
36.08,2631.27,0
36.085,2630.91,0
36.09,2630.91,0
36.095,3056.77,0
36.1,2974.49,0
36.105,3114.54,0
36.11,3114.54,0
36.115,3431.59,0
36.12,3431.59,0
36.125,3537.91,0
36.13,607.09,0
36.135,4085.5,0
36.14,4091.49,0
36.145,4091.49,0
36.15,3681.26,0
36.155,4416.66,0
36.16,1756.56,0
36.165,2470.28,0
36.17,2828.82,0
36.175,5071.84,0
36.18,5073.98,0
36.185,5073.98,0
36.19,5073.98,0
36.195,5767.88,0
36.2,5767.88,0
36.205,5500.45,0
36.21,2370.87,0
36.215,5500.45,0
36.22,5500.45,0
36.225,6063.19,0
36.23,6063.19,0
36.235,6063.19,0
36.24,6063.19,0
36.245,6742.47,0
36.25,6742.47,0
36.255,7036.16,0
36.26,7036.16,0
36.265,7036.16,0
36.27,7036.16,0
36.275,7342.37,0
36.28,7342.37,0
36.285,7690.92,0
36.29,5073.92,0
36.295,6384.24,0
36.3,8008.06,0
36.305,8022.49,0
36.31,8022.49,0
36.315,8344.25,0
36.32,8344.25,0
36.325,8724.63,0
36.33,8724.63,0
36.335,8475.97,0
36.34,8475.97,0
36.345,9032.53,0
36.35,9359.81,0
36.355,9359.81,0
36.36,9723.48,0
36.365,5549.65,0
36.37,9463.91,0
36.375,9463.91,0
36.38,10016.4,0
36.385,10016.4,0
36.39,10354.37,0
36.395,10354.37,0
36.4,10720.79,0
36.405,10720.79,0
36.41,11024.65,0
36.415,10039.87,0
36.42,8343.47,0
36.425,11031.0,0
36.43,11031.0,0
36.435,11031.0,0
36.44,8147.29,0
36.445,11699.22,0
36.45,8000.22,0
36.455,11439.65,0
36.46,12001.89,0
36.465,12001.89,0
36.47,11853.05,0
36.475,8190.78,0
36.48,8615.74,0
36.485,11528.72,0
36.49,11524.11,0
36.495,11524.11,0
36.5,11918.86,0
36.505,779.88,0
36.51,11844.4,0
36.515,11844.4,0
36.52,11535.68,0
36.525,11535.68,0
36.53,11932.76,0
36.535,11932.76,0
36.54,12046.47,0
36.545,11157.47,0
36.55,4486.96,0
36.555,12046.47,0
36.56,11521.66,0
36.565,11521.66,0
36.57,11521.66,0
36.575,11587.16,0
36.58,11587.16,0
36.585,12071.55,0
36.59,12004.74,0
36.595,12071.55,0
36.6,12071.55,0
36.605,12071.55,0
36.61,12071.55,0
36.615,12071.55,0
36.62,12071.55,0
36.625,12509.36,0
36.63,12509.36,0
36.635,12378.88,0
36.64,12603.66,0
36.645,12603.66,0
36.65,12603.66,0
36.655,11760.04,0
36.66,13156.55,0
36.665,13587.98,0
36.67,13156.55,0
36.675,13274.17,0
36.68,13274.17,0
36.685,11586.85,0
36.69,13274.17,0
36.695,13274.17,0
36.7,13274.17,0
36.705,13380.03,0
36.71,13380.03,0
36.715,12346.09,0
36.72,13770.49,0
36.725,15323.99,0
36.73,15323.99,0
36.735,12378.58,0
36.74,14247.73,0
36.745,1556.37,0
36.75,1556.37,0
36.755,1737.69,0
36.76,1737.69,0
36.765,11473.83,0
36.77,2998.57,0
36.775,12903.33,0
36.78,2998.57,0
36.785,3533.39,0
36.79,3839.0,0
36.795,3839.0,0
36.8,3453.2,0
36.805,3453.2,0
36.81,3562.56,0
36.815,4132.67,0
36.82,2291.21,0
36.825,4343.17,0
36.83,4496.31,0
36.835,14699.55,0
36.84,3971.3,0
36.845,3971.3,0
36.85,3971.3,0
36.855,3846.27,0
36.86,4003.1,0
36.865,4003.1,0
36.87,4330.78,0
36.875,4330.78,0
36.88,4330.78,0
36.885,4132.65,0
36.89,4596.19,0
36.895,4596.19,0
36.9,4777.78,0
36.905,4777.78,0
36.91,5050.82,0
36.915,5050.82,0
36.92,5050.82,0
36.925,4583.78,0
36.93,4583.78,0
36.935,16600.19,0
36.94,4583.78,0
36.945,4744.83,0
36.95,4744.83,0
36.955,5030.59,0
36.96,4631.89,0
36.965,4618.89,0
36.97,4618.89,0
36.975,4544.1,0
36.98,4708.87,0
36.985,4708.87,0
36.99,5019.69,0
36.995,4718.41,0
37.0,5116.14,0
37.005,5116.14,0
37.01,5483.98,0
37.015,5483.98,0
37.02,5643.07,0
37.025,5643.07,0
37.03,5964.94,0
37.035,5964.94,0
37.04,4584.22,0
37.045,5997.43,0
37.05,5586.95,0
37.055,5586.95,0
37.06,5586.95,0
37.065,5586.95,0
37.07,5506.57,0
37.075,5506.57,0
37.08,5600.63,0
37.085,5600.63,0
37.09,4552.62,0
37.095,5600.63,0
37.1,4976.82,0
37.105,5530.74,0
37.11,6022.52,0
37.115,6022.52,0
37.12,6007.28,0
37.125,6007.28,0
37.13,5602.05,0
37.135,4500.31,0
37.14,5493.54,0
37.145,5493.54,0
37.15,5493.54,0
37.155,5493.54,0
37.16,6020.83,0
37.165,6020.83,0
37.17,5618.41,0
37.175,5618.41,0
37.18,5731.92,0
37.185,5731.92,0
37.19,6022.11,0
37.195,6022.11,0
37.2,5724.98,0
37.205,6022.11,0
37.21,5646.41,0
37.215,5646.41,0
37.22,5566.72,0
37.225,5566.72,0
37.23,5566.72,0
37.235,5566.72,0
37.24,5566.72,0
37.245,5911.26,0
37.25,5753.33,0
37.255,5753.33,0
37.26,5835.97,0
37.265,6065.9,0
37.27,6065.9,0
37.275,5565.24,0
37.28,6215.62,0
37.285,6144.51,0
37.29,5744.97,0
37.295,5744.97,0
37.3,5744.97,0
37.305,5855.0,0
37.31,5855.0,0
37.315,6138.75,0
37.32,6138.75,0
37.325,6705.46,0
37.33,5662.51,0
37.335,5582.48,0
37.34,5713.58,0
37.345,5680.01,0
37.35,5635.97,0
37.355,6111.42,0
37.36,6111.42,0
37.365,5642.29,0
37.37,6221.89,0
37.375,6659.18,0
37.38,6626.8,0
37.385,6626.8,0
37.39,6626.8,0
37.395,6778.13,0
37.4,6052.81,0
37.405,7085.96,0
37.41,7085.96,0
37.415,6722.35,0
37.42,6148.44,0
37.425,6662.27,0
37.43,6856.91,0
37.435,6856.91,0
37.44,6856.91,0
37.445,5713.92,0
37.45,6856.91,0
37.455,6945.0,0
37.46,7006.59,0
37.465,7479.14,0
37.47,7301.86,0
37.475,6991.89,0
37.48,6667.33,0
37.485,6585.48,0
37.49,6585.48,0
37.495,6585.48,0
37.5,6585.48,0
37.505,7381.39,0
37.51,7381.39,0
37.515,7381.39,0
37.52,7381.39,0
37.525,6955.47,0
37.53,6955.47,0
37.535,7562.58,0
37.54,7562.58,0
37.545,7562.58,0
37.55,7562.58,0
37.555,6268.44,0
37.56,6268.44,0
37.565,-174.48,0
37.57,24.29,0
37.575,24.29,0
37.58,24.29,0
37.585,601.8,0
37.59,601.8,0
37.595,601.8,0
37.6,601.8,0
37.605,601.8,0
37.61,601.8,0
37.615,-119.97,0
37.62,-586.53,0
37.625,-586.53,0
37.63,-145.22,0
37.635,-145.22,0
37.64,-767.78,0
37.645,7292.26,0
37.65,-767.78,0
37.655,-767.78,0
37.66,-1556.72,0
37.665,-1556.72,0
37.67,-1646.17,0
37.675,-1646.17,0
37.68,-311.75,0
37.685,-765.9,0
37.69,-1057.41,0
37.695,-1057.41,0
37.7,-1517.5,0
37.705,19.62,0
37.71,-586.57,0
37.715,7382.12,0
37.72,611.69,0
37.725,-139.81,0
37.73,-912.64,0
37.735,-979.41,0
37.74,-1450.58,0
37.745,-1450.58,0
37.75,-1450.58,0
37.755,-1443.22,0
37.76,-1443.22,0
37.765,-588.68,0
37.77,-588.68,0
37.775,-588.68,0
37.78,-588.68,0
37.785,-1428.24,0
37.79,-1517.51,0
37.795,-1379.61,0
37.8,-1379.61,0
37.805,-575.13,0
37.81,-575.13,0
37.815,-671.94,0
37.82,-886.87,0
37.825,-886.87,0
37.83,-886.87,0
37.835,-1312.23,0
37.84,-1312.23,0
37.845,-772.22,0
37.85,-238.05,0
37.855,-238.05,0
37.86,-306.36,0
37.865,-306.36,0
37.87,-306.36,0
37.875,-306.36,0
37.88,-306.36,0
37.885,-306.36,0
37.89,558.51,0
37.895,558.51,0
37.9,106.38,0
37.905,106.38,0
37.91,-60.97,0
37.915,-60.97,0
37.92,-60.97,0
37.925,-60.97,0
37.93,95.99,0
37.935,-50.66,0
37.94,-192.55,0
37.945,-192.55,0
37.95,-157.17,0
37.955,-157.17,0
37.96,-157.17,0
37.965,-157.17,0
37.97,396.84,0
37.975,396.84,0
37.98,871.33,0
37.985,871.33,0
37.99,871.33,0
37.995,871.33,0
38.0,1149.06,0
38.005,1149.06,0
38.01,712.36,0
38.015,712.36,0
38.02,419.79,0
38.025,419.79,0
38.03,1021.93,0
38.035,1021.93,0
38.04,770.92,0
38.045,770.92,0
38.05,770.92,0
38.055,770.92,0
38.06,1292.36,0
38.065,1292.36,0
38.07,2233.13,0
38.075,2233.13,0
38.08,2233.13,0
38.085,2233.13,0
38.09,2904.16,0
38.095,2804.46,0
38.1,2804.46,0
38.105,2317.89,0
38.11,756.32,0
38.115,2268.39,0
38.12,832.32,0
38.125,2184.07,0
38.13,2184.07,0
38.135,2184.07,0
38.14,2184.07,0
38.145,2493.05,0
38.15,2493.05,0
38.155,2493.05,0
38.16,2493.05,0
38.165,2493.05,0
38.17,2553.63,0
38.175,2553.63,0
38.18,2268.38,0
38.185,2512.03,0
38.19,2512.03,0
38.195,2407.31,0
38.2,2407.31,0
38.205,2141.12,0
38.21,2141.12,0
38.215,2103.04,0
38.22,2407.31,0
38.225,1613.67,0
38.23,1613.67,0
38.235,1613.67,0
38.24,1613.67,0
38.245,1613.67,0
38.25,1053.3,0
38.255,1012.11,0
38.26,1012.11,0
38.265,2407.31,0
38.27,1403.72,0
38.275,1403.72,0
38.28,1878.72,0
38.285,1878.72,0
38.29,1878.72,0
38.295,2263.11,0
38.3,2263.11,0
38.305,2363.97,0
38.31,2612.31,0
38.315,2718.51,0
38.32,2718.51,0
38.325,3212.2,0
38.33,3212.2,0
38.335,3212.2,0
38.34,3266.21,0
38.345,3266.21,0
38.35,3602.84,0
38.355,2386.19,0
38.36,3948.95,0
38.365,3948.95,0
38.37,3212.2,0
38.375,3777.43,0
38.38,3777.43,0
38.385,978.54,0
38.39,-155.87,0
38.395,-155.87,0
38.4,1012.62,0
38.405,-155.87,0
38.41,-155.87,0
38.415,444.31,0
38.42,2011.28,0
38.425,444.31,0
38.43,953.71,0
38.435,953.71,0
38.44,889.17,0
38.445,889.17,0
38.45,889.17,0
38.455,889.17,0
38.46,889.17,0
38.465,1368.69,0
38.47,1368.69,0
38.475,1854.27,0
38.48,3214.26,0
38.485,1854.27,0
38.49,1946.93,0
38.495,1946.93,0
38.5,2290.89,0
38.505,2290.89,0
38.51,3857.07,0
38.515,2330.08,0
38.52,2757.46,0
38.525,2757.46,0
38.53,2817.77,0
38.535,3174.97,0
38.54,3174.97,0
38.545,1757.63,0
38.55,436.13,0
38.555,3206.13,0
38.56,3645.16,0
38.565,3645.16,0
38.57,1995.36,0
38.575,4148.2,0
38.58,4148.2,0
38.585,1757.69,0
38.59,4190.88,0
38.595,4190.88,0
38.6,4625.16,0
38.605,4625.16,0
38.61,4772.36,0
38.615,4772.36,0
38.62,4772.36,0
38.625,5194.15,0
38.63,5194.15,0
38.635,5683.21,0
38.64,5683.21,0
38.645,5750.63,0
38.65,5750.63,0
38.655,6116.77,0
38.66,6116.77,0
38.665,6116.77,0
38.67,6116.77,0
38.675,6620.18,0
38.68,6620.18,0
38.685,6560.56,0
38.69,4625.15,0
38.695,7057.1,0
38.7,7057.1,0
38.705,7117.64,0
38.71,7117.64,0
38.715,7117.64,0
38.72,7117.64,0
38.725,7545.85,0
38.73,7545.85,0
38.735,7698.38,0
38.74,7698.38,0
38.745,7698.38,0
38.75,7698.38,0
38.755,8052.35,0
38.76,8052.35,0
38.765,7514.63,0
38.77,7711.29,0
38.775,7711.29,0
38.78,7711.29,0
38.785,8035.67,0
38.79,8035.67,0
38.795,8597.62,0
38.8,7693.3,0
38.805,6078.28,0
38.81,7531.46,0
38.815,8532.77,0
38.82,8532.77,0
38.825,9010.35,0
38.83,7053.64,0
38.835,6110.9,0
38.84,8949.27,0
38.845,8467.81,0
38.85,8467.81,0
38.855,8668.34,0
38.86,8980.98,0
38.865,8980.98,0
38.87,7694.6,0
38.875,8956.59,0
38.88,8956.59,0
38.885,8532.78,0
38.89,8567.57,0
38.895,8660.79,0
38.9,8660.79,0
38.905,9006.57,0
38.91,9006.57,0
38.915,8974.73,0
38.92,8604.54,0
38.925,8604.54,0
38.93,8520.14,0
38.935,8520.14,0
38.94,9081.69,0
38.945,9081.69,0
38.95,9079.12,0
38.955,9079.12,0
38.96,8680.23,0
38.965,8680.23,0
38.97,8680.23,0
38.975,8520.14,0
38.98,8570.07,0
38.985,8778.44,0
38.99,8506.4,0
38.995,9160.72,0
39.0,8975.21,0
39.005,8975.21,0
39.01,8975.21,0
39.015,10192.37,0
39.02,10192.37,0
39.025,10323.89,0
39.03,10323.89,0
39.035,10323.89,0
39.04,8568.92,0
39.045,11043.16,0
39.05,11043.16,0
39.055,4145.58,0
39.06,11537.01,0
39.065,11586.85,0
39.07,11586.85,0
39.075,11188.08,0
39.08,10956.06,0
39.085,10956.06,0
39.09,11327.89,0
39.095,11327.89,0
39.1,10956.06,0
39.105,10875.86,0
39.11,9559.66,0
39.115,9559.66,0
39.12,9525.31,0
39.125,11800.71,0
39.13,11586.85,0
39.135,9525.31,0
39.14,4224.01,0
39.145,9592.19,0
39.15,9486.19,0
39.155,9486.19,0
39.16,9650.25,0
39.165,9650.25,0
39.17,9349.82,0
39.175,9669.01,0
39.18,11800.56,0
39.185,9741.18,0
39.19,9741.18,0
39.195,19.27,0
39.2,19.27,0
39.205,10427.47,0
39.21,19.27,0
39.215,-227.13,0
39.22,12136.22,0
39.225,-71.72,0
39.23,-86.75,0
39.235,-86.75,0
39.24,-86.75,0
39.245,12189.19,0
39.25,-94.01,0
39.255,-94.01,0
39.26,-79.72,0
39.265,-207.16,0
39.27,20.26,0
39.275,20.26,0
39.28,-3.79,0
39.285,-3.79,0
39.29,-11.95,1
39.295,-39.51,0
39.3,-44.68,0
39.305,-44.68,0
39.31,-44.68,0
39.315,-44.68,0
39.32,-44.68,0
39.325,-34.08,0
39.33,-34.08,0
39.335,-13.32,0
39.34,-13.32,0
39.345,31.28,0
39.35,31.28,0
39.355,4.56,0
39.36,4.56,0
39.365,-84.12,0
39.37,-3.28,0
39.375,-3.28,0
39.38,-7.6,0
39.385,5358.94,0
39.39,-7.6,0
39.395,-7.6,0
39.4,-4.03,0
39.405,-756.09,0
39.41,-7.6,0
39.415,0.38,0
39.42,-35.61,0
39.425,-35.61,0
39.43,-35.61,0
39.435,-21.73,0
39.44,-28.07,0
39.445,-28.07,0
39.45,-19.31,0
39.455,-19.31,0
39.46,-19.31,0
39.465,-19.31,0
39.47,-19.31,0
39.475,-19.63,0
39.48,-19.63,0
39.485,-22.44,0
39.49,-22.44,0
39.495,-77.28,0
39.5,-77.28,0
39.505,-89.43,0
39.51,-89.43,0
39.515,-50.21,0
39.52,-8.75,0
39.525,-8.75,0
39.53,-39.02,0
39.535,-39.02,0
39.54,62.19,0
39.545,62.19,0
39.55,53.06,0
39.555,53.06,0
39.56,53.06,0
39.565,53.16,0
39.57,53.16,0
39.575,57.73,0
39.58,57.73,0
39.585,31.02,0
39.59,31.02,0
39.595,31.96,0
39.6,31.96,0
39.605,-19.59,0
39.61,17.0,0
39.615,17.0,0
39.62,-25.03,0
39.625,-25.03,0
39.63,-25.03,0
39.635,-25.03,0
39.64,-25.03,0
39.645,-22.12,0
39.65,7.32,0
39.655,7.32,0
39.66,7.32,0
39.665,-28.18,0
39.67,-28.18,0
39.675,138.82,0
39.68,138.82,0
39.685,29.46,0
39.69,29.46,0
39.695,29.46,0
39.7,29.46,0
39.705,-48.1,0
39.71,-53.77,0
39.715,9.46,0
39.72,20.77,0
39.725,20.77,0
39.73,20.77,0
39.735,48.92,0
39.74,48.92,0
39.745,7.32,0
39.75,69.06,0
39.755,71.49,0
39.76,69.06,0
39.765,69.06,0
39.77,69.06,0
39.775,-8.68,0
39.78,-8.68,0
39.785,-460.88,0
39.79,-705.26,0
39.795,-705.26,0
39.8,-705.26,0
39.805,-705.26,0
39.81,-322.76,0
39.815,-322.76,0
39.82,-192.3,0
39.825,-192.3,0
39.83,220.19,0
39.835,8.57,0
39.84,220.19,0
39.845,-50.05,0
39.85,220.19,0
39.855,220.19,0
39.86,-362.29,0
39.865,-362.29,0
39.87,-397.68,0
39.875,-397.68,0
39.88,-322.76,0
39.885,207.94,0
39.89,207.94,0
39.895,-352.54,0
39.9,-352.54,0
39.905,-352.54,0
39.91,-397.68,0
39.915,383.76,0
39.92,100.88,0
39.925,100.88,0
39.93,-906.07,0
39.935,-906.07,0
39.94,-906.07,0
39.945,-906.07,0
39.95,-906.07,0
39.955,-906.07,0
39.96,-2043.65,0
39.965,-2043.65,0
39.97,-2385.57,0
39.975,-2385.57,0
39.98,-3251.48,0
39.985,-3251.48,0
39.99,-3805.0,0
39.995,-3805.0,0
40.0,442.99,0
40.005,-3805.0,0
40.01,-401.9,0
40.015,-4196.74,0
40.02,-185.28,0
40.025,-185.28,0
40.03,-456.87,0
40.035,-456.87,0
40.04,-1091.67,0
40.045,-1091.67,0
40.05,-1707.81,0
40.055,-1707.81,0
40.06,-1707.81,0
40.065,-1707.81,0
40.07,-2551.27,0
40.075,-2971.94,0
40.08,-2971.94,0
40.085,-2971.94,0
40.09,-2971.94,0
40.095,-2971.94,0
40.1,-2971.94,0
40.105,-4196.73,0
40.11,-3590.93,0
40.115,-3924.12,0
40.12,-3924.12,0
40.125,-4109.75,0
40.13,-4109.75,0
40.135,-3829.44,0
40.14,-3915.08,0
40.145,-4639.99,0
40.15,-4639.99,0
40.155,-4639.99,0
40.16,-4639.99,0
40.165,-4734.09,0
40.17,-4734.09,0
40.175,-4734.09,0
40.18,-4734.09,0
40.185,-4734.09,0
40.19,-3740.15,0
40.195,-3740.15,0
40.2,-4468.29,0
40.205,-4468.29,0
40.21,-4468.29,0
40.215,-4468.29,0
40.22,-4468.29,0
40.225,-4468.29,0
40.23,-4832.45,0
40.235,-4832.45,0
40.24,-4805.3,0
40.245,-4795.93,0
40.25,-2997.95,0
40.255,-4795.93,0
40.26,-4795.93,0
40.265,-3841.25,0
40.27,-4845.77,0
40.275,-4947.81,0
40.28,-4947.81,0
40.285,-4889.53,0
40.29,-4889.53,0
40.295,-4889.53,0
40.3,-4889.53,0
40.305,-4947.81,0
40.31,-4989.48,0
40.315,-5005.91,0
40.32,-5005.91,0
40.325,-4973.87,0
40.33,-4973.87,0
40.335,-5046.45,0
40.34,-5046.45,0
40.345,-4995.17,0
40.35,-4995.17,0
40.355,-5039.98,0
40.36,-5039.98,0
40.365,-5086.55,0
40.37,-5086.55,0
40.375,-5086.55,0
40.38,-5086.55,0
40.385,-5168.75,0
40.39,-5168.75,0
40.395,-5112.41,0
40.4,-5026.26,0
40.405,-5000.87,0
40.41,-5033.98,0
40.415,-5041.72,0
40.42,-4868.47,0
40.425,-4868.47,0
40.43,-4678.98,0
40.435,-4678.98,0
40.44,-4777.51,0
40.445,-4931.71,0
40.45,-4931.71,0
40.455,-4946.19,0
40.46,-4946.19,0
40.465,-4890.91,0
40.47,-4890.91,0
40.475,-2292.67,0
40.48,-4890.91,0
40.485,-5023.79,0
40.49,-4864.56,0
40.495,-4825.53,0
40.5,-4825.53,0
40.505,-4834.96,0
40.51,-4834.96,0
40.515,-4834.96,0
40.52,-4873.07,0
40.525,-4858.49,0
40.53,-4858.49,0
40.535,-4906.31,0
40.54,-4906.31,0
40.545,-4906.31,0
40.55,-5933.88,0
40.555,-4868.9,0
40.56,-4868.9,0
40.565,-4868.9,0
40.57,-4868.9,0
40.575,-4868.9,0
40.58,-4806.74,0
40.585,-4806.74,0
40.59,-4826.71,0
40.595,-4936.82,0
40.6,-4826.71,0
40.605,-4864.09,0
40.61,-4864.09,0
40.615,-4847.03,0
40.62,-4847.03,0
40.625,-4875.77,0
40.63,-4875.77,0
40.635,-4932.92,0
40.64,-4932.92,0
40.645,-4932.92,0
40.65,-4932.92,0
40.655,-4908.33,0
40.66,-4908.33,0
40.665,-4966.72,0
40.67,-4966.72,0
40.675,-4864.1,0
40.68,-4927.48,0
40.685,-4966.86,0
40.69,-4966.86,0
40.695,-4966.86,0
40.7,-4966.86,0
40.705,-4977.83,0
40.71,-4977.83,0
40.715,-4972.89,0
40.72,-4972.89,0
40.725,-5036.14,0
40.73,-5036.14,0
40.735,-4967.33,0
40.74,-4967.33,0
40.745,-4967.33,0
40.75,-4967.33,0
40.755,-4967.33,0
40.76,-4967.33,0
40.765,-5235.14,0
40.77,-4878.22,0
40.775,-4878.22,0
40.78,-4776.37,0
40.785,-4776.37,0
40.79,-4955.09,0
40.795,-4955.09,0
40.8,-4832.5,0
40.805,-4832.5,0
40.81,-4705.26,0
40.815,-4705.26,0
40.82,-4705.26,0
40.825,-4705.26,0
40.83,-4172.5,0
40.835,-4172.5,0
40.84,96.74,0
40.845,193.88,0
40.85,193.88,0
40.855,193.88,0
40.86,193.88,0
40.865,-38.52,0
40.87,-38.52,0
40.875,-137.66,0
40.88,-137.66,0
40.885,-271.65,0
40.89,-271.65,0
40.895,-275.24,0
40.9,-275.24,0
40.905,-275.24,0
40.91,-427.79,0
40.915,-427.79,0
40.92,-427.79,0
40.925,-515.27,0
40.93,-776.9,0
40.935,-776.9,0
40.94,-366.51,0
40.945,-516.4,0
40.95,-516.4,0
40.955,-516.4,0
40.96,-760.33,0
40.965,-760.33,0
40.97,-1513.19,0
40.975,-1513.19,0
40.98,-1033.01,0
40.985,-1033.01,0
40.99,-1377.69,0
40.995,-1377.69,0
41.0,-1839.11,0
41.005,-1839.11,0
41.01,-1486.94,0
41.015,-1486.94,0
41.02,-1297.91,0
41.025,-1297.91,0
41.03,-2017.77,0
41.035,-2017.77,0
41.04,-775.94,0
41.045,-2482.82,0
41.05,-2244.4,0
41.055,-2244.4,0
41.06,-2075.04,0
41.065,-2075.04,0
41.07,-2075.04,0
41.075,-2075.04,0
41.08,-1775.73,0
41.085,-1775.73,0
41.09,-1098.43,0
41.095,-1098.43,0
41.1,-1420.85,0
41.105,-1420.85,0
41.11,-955.93,0
41.115,-955.93,0
41.12,-1518.28,0
41.125,-1184.6,0
41.13,-1707.86,0
41.135,-2607.84,0
41.14,-1717.11,0
41.145,-1717.11,0
41.15,-1383.31,0
41.155,-1383.31,0
41.16,-1223.88,0
41.165,-1223.88,0
41.17,-1647.98,0
41.175,-1647.98,0
41.18,-1777.95,0
41.185,-1777.95,0
41.19,-1777.95,0
41.195,-1777.95,0
41.2,-1717.11,0
41.205,-1352.05,0
41.21,-195.76,0
41.215,-195.76,0
41.22,-195.76,0
41.225,-456.64,0
41.23,-456.64,0
41.235,-640.57,0
41.24,-991.57,0
41.245,-626.87,0
41.25,-626.87,0
41.255,-226.09,0
41.26,-1172.92,0
41.265,335.52,0
41.27,335.52,0
41.275,484.01,0
41.28,-1647.93,0
41.285,356.61,0
41.29,356.61,0
41.295,356.61,0
41.3,356.61,0
41.305,42.94,0
41.31,-1544.06,0
41.315,105.95,0
41.32,105.95,0
41.325,188.55,0
41.33,188.55,0
41.335,84.05,0
41.34,200.06,0
41.345,200.06,0
41.35,200.06,0
41.355,220.57,0
41.36,220.57,0
41.365,248.74,0
41.37,248.74,0
41.375,196.31,0
41.38,248.74,0
41.385,203.81,0
41.39,203.81,0
41.395,366.06,0
41.4,394.29,0
41.405,394.29,0
41.41,359.16,0
41.415,359.16,0
41.42,218.03,0
41.425,218.03,0
41.43,218.03,0
41.435,151.41,0
41.44,96.22,0
41.445,802.23,0
41.45,802.23,0
41.455,253.29,0
41.46,253.29,0
41.465,19.67,0
41.47,19.67,0
41.475,-193.39,0
41.48,143.19,0
41.485,610.46,0
41.49,610.46,0
41.495,610.46,0
41.5,610.46,0
41.505,802.23,0
41.51,829.61,0
41.515,379.87,0
41.52,379.87,0
41.525,663.71,0
41.53,663.71,0
41.535,1064.54,0
41.54,1064.54,0
41.545,1064.54,0
41.55,1064.54,0
41.555,1064.54,0
41.56,225.66,0
41.565,660.86,0
41.57,923.47,0
41.575,923.47,0
41.58,1181.79,0
41.585,1181.79,0
41.59,1353.59,0
41.595,1353.59,0
41.6,829.61,0
41.605,1353.59,0
41.61,1032.45,0
41.615,1175.38,0
41.62,1071.71,0
41.625,1071.71,0
41.63,493.16,0
41.635,493.16,0
41.64,363.49,0
41.645,363.49,0
41.65,363.49,0
41.655,363.49,0
41.66,605.07,0
41.665,605.07,0
41.67,747.29,0
41.675,682.54,0
41.68,682.54,0
41.685,682.54,0
41.69,682.54,0
41.695,884.9,0
41.7,884.9,0
41.705,831.5,0
41.71,831.5,0
41.715,936.18,0
41.72,936.18,0
41.725,936.18,0
41.73,936.18,0
41.735,936.18,0
41.74,493.17,0
41.745,900.84,0
41.75,962.38,0
41.755,962.38,0
41.76,962.38,0
41.765,339.04,0
41.77,1039.8,0
41.775,1039.8,0
41.78,1074.54,0
41.785,1074.54,0
41.79,1034.39,0
41.795,1097.73,0
41.8,1097.73,0
41.805,1097.73,0
41.81,1097.73,0
41.815,1097.73,0
41.82,1120.33,0
41.825,1120.33,0
41.83,1234.92,0
41.835,1518.95,0
41.84,1518.95,0
41.845,1518.95,0
41.85,1209.05,0
41.855,935.59,0
41.86,935.59,0
41.865,1000.76,0
41.87,1300.75,0
41.875,1207.72,0
41.88,1342.21,0
41.885,765.46,0
41.89,765.46,0
41.895,616.36,0
41.9,616.36,0
41.905,616.36,0
41.91,916.2,0
41.915,989.53,0
41.92,1467.48,0
41.925,989.53,0
41.93,989.53,0
41.935,989.53,0
41.94,682.72,0
41.945,682.72,0
41.95,1000.75,0
41.955,460.99,0
41.96,748.86,0
41.965,916.2,0
41.97,617.06,0
41.975,617.06,0
41.98,617.06,0
41.985,617.06,0
41.99,893.86,0
41.995,893.86,0
42.0,905.15,0
42.005,905.15,0
42.01,731.6,0
42.015,731.6,0
42.02,941.77,0
42.025,941.77,0
42.03,414.49,0
42.035,322.09,0
42.04,789.79,0
42.045,324.76,0
42.05,324.76,0
42.055,1023.19,0
42.06,1023.19,0
42.065,1290.75,0
42.07,1290.75,0
42.075,1276.3,0
42.08,1276.3,0
42.085,1276.3,0
42.09,1189.37,0
42.095,1189.37,0
42.1,197.75,0
42.105,197.75,0
42.11,-100.23,0
42.115,432.84,0
42.12,-232.02,0
42.125,-232.02,0
42.13,-478.37,0
42.135,-252.6,0
42.14,-252.6,0
42.145,-380.44,0
42.15,-380.44,0
42.155,-380.44,0
42.16,-307.76,0
42.165,-307.76,0
42.17,-166.82,0
42.175,-166.82,0
42.18,-166.82,0
42.185,-166.82,0
42.19,-90.16,0
42.195,-90.16,0
42.2,-156.09,0
42.205,-156.09,0
42.21,-51.72,0
42.215,-51.72,0
42.22,-64.87,0
42.225,-64.87,0
42.23,36.7,0
42.235,716.97,0
42.24,33.54,0
42.245,33.54,0
42.25,33.54,0
42.255,21.67,0
42.26,1332.61,0
42.265,21.67,0
42.27,21.67,0
42.275,-22.04,0
42.28,1369.74,0
42.285,115.88,0
42.29,115.88,0
42.295,115.88,0
42.3,99.98,0
42.305,502.02,0
42.31,502.02,0
42.315,502.02,0
42.32,502.02,0
42.325,-26.8,0
42.33,-26.8,0
42.335,-155.27,0
42.34,-155.27,0
42.345,-139.23,0
42.35,-139.23,0
42.355,86.31,0
42.36,86.31,0
42.365,86.31,0
42.37,86.31,0
42.375,160.78,0
42.38,160.78,0
42.385,-17.12,0
42.39,-17.12,0
42.395,16.64,0
42.4,16.64,0
42.405,16.64,0
42.41,36.44,0
42.415,36.44,0
42.42,36.44,0
42.425,36.44,0
42.43,29.72,0
42.435,-76.67,0
42.44,20.26,0
42.445,277.02,0
42.45,27.48,0
42.455,277.02,0
42.46,186.8,0
42.465,186.8,0
42.47,66.03,0
42.475,66.03,0
42.48,277.02,0
42.485,-298.06,0
42.49,247.78,0
42.495,51.87,0
42.5,-565.86,0
42.505,-565.86,0
42.51,-627.1,0
42.515,-627.1,0
42.52,-490.2,0
42.525,177.74,0
42.53,-490.2,0
42.535,-561.96,0
42.54,-341.49,0
42.545,-341.49,0
42.55,-220.76,0
42.555,-220.76,0
42.56,-620.67,0
42.565,-149.22,0
42.57,-140.39,0
42.575,-140.39,0
42.58,79.89,0
42.585,104.74,0
42.59,104.74,0
42.595,67.07,0
42.6,67.07,0
42.605,18.34,0
42.61,18.34,0
42.615,-70.64,0
42.62,-70.64,0
42.625,-70.64,0
42.63,-70.64,0
42.635,-70.64,0
42.64,-140.39,0
42.645,-70.64,0
42.65,-477.69,0
42.655,-477.69,0
42.66,-574.81,0
42.665,-513.07,0
42.67,-513.07,0
42.675,26.4,0
42.68,-278.78,0
42.685,-199.43,0
42.69,-110.12,0
42.695,-110.12,0
42.7,-110.12,0
42.705,-110.12,0
42.71,-6.87,0
42.715,-6.87,0
42.72,-6.87,0
42.725,-6.87,0
42.73,-146.6,0
42.735,-146.6,0
42.74,-561.41,0
42.745,-561.41,0
42.75,-561.41,0
42.755,-561.41,0
42.76,-810.21,0
42.765,-810.21,0
42.77,-460.25,0
42.775,-460.25,0
42.78,-806.52,0
42.785,-806.52,0
42.79,-806.52,0
42.795,-890.45,0
42.8,-890.45,0
42.805,-890.45,0
42.81,-921.71,0
42.815,-921.71,0
42.82,-981.97,0
42.825,-981.97,0
42.83,-146.62,0
42.835,-812.26,0
42.84,-646.11,0
42.845,-646.11,0
42.85,-468.43,0
42.855,-485.65,0
42.86,-914.82,0
42.865,-914.82,0
42.87,-914.82,0
42.875,-1045.68,0
42.88,-701.69,0
42.885,-701.69,0
42.89,-624.67,0
42.895,-624.67,0
42.9,-423.73,0
42.905,-423.73,0
42.91,-181.29,0
42.915,-650.99,0
42.92,-650.99,0
42.925,-1119.83,0
42.93,-912.88,0
42.935,-1264.24,0
42.94,-1264.24,0
42.945,-1264.24,0
42.95,-1264.24,0
42.955,-1600.84,0
42.96,-812.55,0
42.965,-1661.04,0
42.97,-1661.04,0
42.975,-1889.36,0
42.98,-517.41,0
42.985,-2210.31,0
42.99,-2210.31,0
42.995,-2210.31,0
43.0,-2210.31,0
43.005,-2608.65,0
43.01,-2510.34,0
43.015,-2510.34,0
43.02,-1047.85,0
43.025,-2418.19,0
43.03,-2453.71,0
43.035,-2453.71,0
43.04,-2453.71,0
43.045,-2453.71,0
43.05,-2484.47,0
43.055,-2484.47,0
43.06,-2977.41,0
43.065,-2977.41,0
43.07,-2977.41,0
43.075,-2885.67,0
43.08,-1649.24,0
43.085,-2336.42,0
43.09,-2336.42,0
43.095,-2336.42,0
43.1,-2336.42,0
43.105,-1725.64,0
43.11,-1725.64,0
43.115,-1102.07,0
43.12,-1102.07,0
43.125,-500.03,0
43.13,-500.03,0
43.135,-109.87,0
43.14,-109.87,0
43.145,-50.12,0
43.15,-50.12,0
43.155,-144.72,0
43.16,-144.72,0
43.165,62.81,0
43.17,62.81,0
43.175,62.81,0
43.18,62.81,0
43.185,112.2,0
43.19,112.2,0
43.195,589.99,0
43.2,-144.72,0
43.205,350.37,0
43.21,350.37,0
43.215,350.37,0
43.22,-383.51,0
43.225,-383.51,0
43.23,-363.87,0
43.235,-363.87,0
43.24,-8.69,0
43.245,112.2,0
43.25,-8.69,0
43.255,337.15,0
43.26,337.15,0
43.265,22.45,0
43.27,22.45,0
43.275,-349.01,0
43.28,-349.01,0
43.285,-1556.05,0
43.29,992.81,0
43.295,1299.63,0
43.3,1299.63,0
43.305,998.94,0
43.31,998.94,0
43.315,-363.88,0
43.32,1601.65,0
43.325,1601.65,0
43.33,1601.65,0
43.335,1942.49,0
43.34,1942.49,0
43.345,1671.73,0
43.35,1671.73,0
43.355,1178.83,0
43.36,1178.83,0
43.365,1178.83,0
43.37,1178.83,0
43.375,1178.83,0
43.38,544.01,0
43.385,544.01,0
43.39,-56.37,0
43.395,710.5,0
43.4,710.5,0
43.405,17.0,0
43.41,17.0,0
43.415,-67.5,0
43.42,-67.5,0
43.425,188.15,0
43.43,552.63,0
43.435,78.71,0
43.44,212.15,0
43.445,212.15,0
43.45,-323.55,0
43.455,228.39,0
43.46,388.17,0
43.465,388.17,0
43.47,388.17,0
43.475,1262.05,0
43.48,177.33,0
43.485,177.33,0
43.49,87.94,0
43.495,87.94,0
43.5,-99.09,0
43.505,-99.09,0
43.51,186.39,0
43.515,186.39,0
43.52,177.33,0
43.525,186.39,0
43.53,1681.36,0
43.535,1681.36,0
43.54,1681.36,0
43.545,1907.33,0
43.55,1907.33,0
43.555,2085.75,0
43.56,2085.75,0
43.565,2085.75,0
43.57,2085.75,0
43.575,-75.49,0
43.58,1669.67,0
43.585,1444.24,0
43.59,1444.24,0
43.595,1541.59,0
43.6,1541.59,0
43.605,107.74,0
43.61,1645.1,0
43.615,1645.1,0
43.62,1645.1,0
43.625,1645.1,0
43.63,1645.1,0
43.635,1515.33,0
43.64,1515.33,0
43.645,1402.32,0
43.65,1402.32,0
43.655,1601.98,0
43.66,1601.98,0
43.665,1652.51,0
43.67,1652.51,0
43.675,1652.51,0
43.68,1928.25,0
43.685,1928.25,0
43.69,2085.82,0
43.695,1648.27,0
43.7,2115.94,0
43.705,2115.94,0
43.71,2115.94,0
43.715,2115.94,0
43.72,1645.1,0
43.725,1552.02,0
43.73,1840.19,0
43.735,1840.19,0
43.74,1920.75,0
43.745,1920.75,0
43.75,1663.95,0
43.755,1663.95,0
43.76,1297.48,0
43.765,1297.48,0
43.77,750.83,0
43.775,750.83,0
43.78,606.95,0
43.785,1552.01,0
43.79,942.56,0
43.795,942.56,0
43.8,1412.37,0
43.805,1749.8,0
43.81,1277.33,0
43.815,1391.4,0
43.82,1391.4,0
43.825,1126.03,0
43.83,1548.06,0
43.835,1126.03,0
43.84,1262.49,0
43.845,1262.49,0
43.85,1298.5,0
43.855,1298.5,0
43.86,1295.16,0
43.865,1295.16,0
43.87,1295.16,0
43.875,1295.16,0
43.88,1277.34,0
43.885,1277.34,0
43.89,1519.57,0
43.895,1519.57,0
43.9,893.89,0
43.905,1234.63,0
43.91,1234.63,0
43.915,771.11,0
43.92,771.11,0
43.925,1295.16,0
43.93,926.34,0
43.935,1060.13,0
43.94,1060.13,0
43.945,729.97,0
43.95,729.97,0
43.955,1262.3,0
43.96,729.97,0
43.965,776.86,0
43.97,776.86,0
43.975,776.86,0
43.98,1078.72,0
43.985,1454.34,0
43.99,757.07,0
43.995,757.07,0
44.0,757.07,0
44.005,757.07,0
44.01,757.07,0
44.015,757.07,0
44.02,1076.24,0
44.025,1076.24,0
44.03,1071.89,0
44.035,1071.89,0
44.04,943.01,0
44.045,943.01,0
44.05,1247.73,0
44.055,1247.73,0
44.06,1247.73,0
44.065,1247.73,0
44.07,952.76,0
44.075,952.76,0
44.08,952.76,0
44.085,1300.5,0
44.09,940.22,0
44.095,686.12,0
44.1,-644.57,0
44.105,993.03,0
44.11,-644.57,0
44.115,-644.57,0
44.12,1223.62,0
44.125,-644.57,0
44.13,-25.73,0
44.135,-25.73,0
44.14,-53.31,0
44.145,-53.31,0
44.15,-124.47,0
44.155,-124.47,0
44.16,-178.45,0
44.165,-178.45,0
44.17,-178.45,0
44.175,-113.16,0
44.18,-113.16,0
44.185,180.33,0
44.19,-25.73,0
44.195,376.82,0
44.2,376.82,0
44.205,315.59,0
44.21,315.59,0
44.215,34.86,0
44.22,34.86,0
44.225,-128.89,0
44.23,-128.89,0
44.235,-688.53,0
44.24,-688.53,0
44.245,-1054.41,0
44.25,-1054.41,0
44.255,-1061.35,0
44.26,-1061.35,0
44.265,-734.69,0
44.27,-1117.73,0
44.275,-1117.73,0
44.28,-746.04,0
44.285,-746.04,0
44.29,-808.68,1
44.295,-808.68,0
44.3,-861.55,0
44.305,-861.55,0
44.31,-861.55,0
44.315,-270.15,0
44.32,-199.65,0
44.325,-870.71,0
44.33,-870.71,0
44.335,-677.95,0
44.34,-1033.39,0
44.345,-615.38,0
44.35,-1033.39,0
44.355,-1277.12,0
44.36,-1277.12,0
44.365,-1277.12,0
44.37,-1277.12,0
44.375,-1308.4,0
44.38,-1308.4,0
44.385,-1257.76,0
44.39,-1257.76,0
44.395,-1973.48,0
44.4,-100.55,0
44.405,-2297.37,0
44.41,-2297.37,0
44.415,-2297.37,0
44.42,-2297.37,0
44.425,-2214.73,0
44.43,-2214.73,0
44.435,-2458.13,0
44.44,-2458.13,0
44.445,-3037.91,0
44.45,-3037.91,0
44.455,-3476.88,0
44.46,-3476.88,0
44.465,-4369.28,0
44.47,-4369.28,0
44.475,-4552.56,0
44.48,-4552.56,0
44.485,-4544.34,0
44.49,-4544.34,0
44.495,-4678.58,0
44.5,-4678.58,0
44.505,-4762.1,0
44.51,-4805.02,0
44.515,-4805.02,0
44.52,-4814.98,0
44.525,-4814.98,0
44.53,-1138.61,0
44.535,-4900.02,0
44.54,-2586.71,0
44.545,-4461.07,0
44.55,-4337.11,0
44.555,-4312.95,0
44.56,-4312.95,0
44.565,-4234.85,0
44.57,-4234.85,0
44.575,-4805.02,0
44.58,-3624.47,0
44.585,-3624.47,0
44.59,-3624.47,0
44.595,-4591.4,0
44.6,-4200.22,0
44.605,-4200.22,0
44.61,-3778.11,0
44.615,-4200.22,0
44.62,-3778.11,0
44.625,-3778.11,0
44.63,-2236.96,0
44.635,-4797.45,0
44.64,-2147.4,0
44.645,-2236.96,0
44.65,-1971.81,0
44.655,-1971.81,0
44.66,-1944.96,0
44.665,-1944.96,0
44.67,-1465.19,0
44.675,-2112.33,0
44.68,-4795.93,0
44.685,-1465.19,0
44.69,-1465.19,0
44.695,-998.53,0
44.7,-998.53,0
44.705,-3625.82,0
44.71,-424.27,0
44.715,-424.27,0
44.72,-872.02,0
44.725,-4597.89,0
44.73,-265.25,0
44.735,-160.58,0
44.74,-160.58,0
44.745,-208.2,0
44.75,-208.2,0
44.755,-208.2,0
44.76,-3770.25,0
44.765,665.32,0
44.77,665.32,0
44.775,898.36,0
44.78,898.36,0
44.785,960.88,0
44.79,960.88,0
44.795,-1101.99,0
44.8,1137.72,0
44.805,-2092.6,0
44.81,1602.66,0
44.815,1602.66,0
44.82,1602.66,0
44.825,1798.39,0
44.83,-357.07,0
44.835,2140.06,0
44.84,2140.06,0
44.845,1893.57,0
44.85,1893.57,0
44.855,1893.57,0
44.86,1893.57,0
44.865,1722.08,0
44.87,-1060.63,0
44.875,1802.62,0
44.88,1802.62,0
44.885,-251.52,0
44.89,2523.35,0
44.895,2671.62,0
44.9,2671.62,0
44.905,2671.62,0
44.91,2671.62,0
44.915,2652.5,0
44.92,2652.5,0
44.925,-1484.59,0
44.93,-1484.59,0
44.935,-1505.49,0
44.94,-1505.49,0
44.945,-1624.41,0
44.95,-1543.51,0
44.955,-1543.51,0
44.96,-1505.49,0
44.965,-1543.51,0
44.97,-1543.51,0
44.975,2671.3,0
44.98,-1658.16,0
44.985,-1605.03,0
44.99,-1605.03,0
44.995,1722.0,0
45.0,-1720.94,0
45.005,-2042.48,0
45.01,2325.21,0
45.015,-2042.48,0
45.02,-2042.48,0
45.025,-2042.48,0
45.03,-2042.48,0
45.035,-2123.8,0
45.04,-1989.69,0
45.045,-1989.69,0
45.05,-1989.69,0
45.055,-1925.71,0
45.06,-1925.71,0
45.065,-1925.71,0
45.07,-1925.71,0
45.075,-1925.71,0
45.08,-1925.71,0
45.085,-1607.24,0
45.09,-1854.23,0
45.095,-1916.48,0
45.1,-1914.58,0
45.105,-1914.58,0
45.11,-1938.28,0
45.115,-1782.34,0
45.12,-1946.52,0
45.125,-1951.74,0
45.13,-1951.74,0
45.135,-1655.6,0
45.14,-1931.57,0
45.145,-1931.57,0
45.15,-1931.57,0
45.155,-1931.57,0
45.16,-1978.57,0
45.165,-1978.57,0
45.17,-1978.57,0
45.175,-2157.64,0
45.18,-2157.64,0
45.185,-2157.64,0
45.19,-2173.77,0
45.195,-2173.77,0
45.2,-2218.82,0
45.205,-2218.82,0
45.21,-2080.15,0
45.215,-2080.15,0
45.22,-2080.15,0
45.225,-1998.01,0
45.23,-1998.01,0
45.235,-1809.8,0
45.24,-2020.26,0
45.245,-2020.26,0
45.25,-2020.26,0
45.255,-1858.87,0
45.26,-1858.87,0
45.265,-1858.87,0
45.27,-1858.87,0
45.275,-1858.87,0
45.28,-1858.87,0
45.285,-1887.84,0
45.29,-1932.96,0
45.295,-2049.89,0
45.3,-1831.83,0
45.305,-1273.29,0
45.31,-1711.56,0
45.315,-615.9,0
45.32,-615.9,0
45.325,-332.57,0
45.33,-332.57,0
45.335,-648.66,0
45.34,-648.66,0
45.345,-699.1,0
45.35,-699.1,0
45.355,-603.93,0
45.36,-603.93,0
45.365,-541.91,0
45.37,-541.91,0
45.375,-107.95,0
45.38,-107.95,0
45.385,-12.18,0
45.39,-12.18,0
45.395,27.96,0
45.4,-771.06,0
45.405,27.96,0
45.41,27.96,0
45.415,65.63,0
45.42,65.63,0
45.425,452.09,0
45.43,452.09,0
45.435,-178.9,0
45.44,-1208.28,0
45.445,-178.9,0
45.45,-530.33,0
45.455,-530.33,0
45.46,-384.44,0
45.465,361.15,0
45.47,459.22,0
45.475,459.22,0
45.48,-830.34,0
45.485,459.22,0
45.49,962.23,0
45.495,962.23,0
45.5,852.39,0
45.505,852.39,0
45.51,1056.2,0
45.515,1056.2,0
45.52,-356.05,0
45.525,1131.65,0
45.53,1131.65,0
45.535,1114.41,0
45.54,1114.41,0
45.545,1114.41,0
45.55,1114.41,0
45.555,887.19,0
45.56,1097.58,0
45.565,1110.02,0
45.57,1110.02,0
45.575,1355.57,0
45.58,1355.57,0
45.585,1555.72,0
45.59,1555.72,0
45.595,1420.58,0
45.6,1420.58,0
45.605,1117.54,0
45.61,1117.54,0
45.615,1117.54,0
45.62,1117.54,0
45.625,1091.24,0
45.63,1091.24,0
45.635,-398.42,0
45.64,1053.07,0
45.645,1018.04,0
45.65,1018.04,0
45.655,1022.0,0
45.66,1022.0,0
45.665,1052.56,0
45.67,1052.56,0
45.675,1004.27,0
45.68,1004.27,0
45.685,1049.86,0
45.69,1049.86,0
45.695,1154.55,0
45.7,1154.55,0
45.705,1020.64,0
45.71,1085.8,0
45.715,1085.8,0
45.72,1085.8,0
45.725,1085.8,0
45.73,1037.34,0
45.735,1037.34,0
45.74,12.6,0
45.745,12.6,0
45.75,8.11,0
45.755,8.11,0
45.76,11.07,0
45.765,11.07,0
45.77,5.3,0
45.775,5.3,0
45.78,-322.3,0
45.785,-322.3,0
45.79,-131.43,0
45.795,-131.43,0
45.8,1037.34,0
45.805,49.68,0
45.81,-2.51,0
45.815,-2.51,0
45.82,-2.51,0
45.825,-2.51,0
45.83,-6.09,0
45.835,-6.09,0
45.84,-64.44,0
45.845,-64.44,0
45.85,-283.98,0
45.855,-283.98,0
45.86,-510.28,0
45.865,-510.28,0
45.87,-510.28,0
45.875,-510.28,0
45.88,-109.2,0
45.885,-109.2,0
45.89,187.04,0
45.895,187.04,0
45.9,-84.82,0
45.905,-84.82,0
45.91,-84.82,0
45.915,-84.82,0
45.92,-84.82,0
45.925,10.65,0
45.93,10.65,0
45.935,-46.72,0
45.94,5.57,0
45.945,-149.55,0
45.95,-149.55,0
45.955,-149.55,0
45.96,-714.55,0
45.965,-714.55,0
45.97,-714.55,0
45.975,-495.78,0
45.98,-495.78,0
45.985,-485.54,0
45.99,-485.54,0
45.995,31.31,0
46.0,31.31,0
46.005,8.91,0
46.01,8.91,0
46.015,8.91,0
46.02,8.91,0
46.025,-490.22,0
46.03,-809.46,0
46.035,-302.37,0
46.04,-302.37,0
46.045,-302.37,0
46.05,-709.83,0
46.055,-302.37,0
46.06,-302.37,0
46.065,-302.37,0
46.07,-302.37,0
46.075,204.67,0
46.08,204.67,0
46.085,406.76,0
46.09,8.91,0
46.095,406.76,0
46.1,104.22,0
46.105,104.22,0
46.11,-165.57,0
46.115,-715.05,0
46.12,-715.05,0
46.125,-715.05,0
46.13,-727.63,0
46.135,-727.63,0
46.14,-727.63,0
46.145,-727.63,0
46.15,543.37,0
46.155,-1057.26,0
46.16,-149.03,0
46.165,-22.45,0
46.17,-364.19,0
46.175,173.24,0
46.18,-313.56,0
46.185,-119.89,0
46.19,-299.9,0
46.195,7.94,0
46.2,7.94,0
46.205,115.95,0
46.21,115.95,0
46.215,-782.98,0
46.22,-782.98,0
46.225,-782.98,0
46.23,-22.44,0
46.235,-690.47,0
46.24,-690.47,0
46.245,-690.47,0
46.25,-1025.76,0
46.255,-1025.76,0
46.26,-957.35,0
46.265,-957.35,0
46.27,-941.1,0
46.275,-874.59,0
46.28,-874.59,0
46.285,-724.27,0
46.29,125.27,0
46.295,-874.59,0
46.3,-717.52,0
46.305,-717.52,0
46.31,-1025.76,0
46.315,-752.39,0
46.32,-1011.96,0
46.325,188.08,0
46.33,-1222.74,0
46.335,-1222.74,0
46.34,-1222.74,0
46.345,-1222.74,0
46.35,-993.1,0
46.355,-993.1,0
46.36,-913.95,0
46.365,-913.95,0
46.37,-1061.68,0
46.375,-1061.68,0
46.38,-980.6,0
46.385,-980.6,0
46.39,-980.6,0
46.395,-980.6,0
46.4,-622.87,0
46.405,-795.2,0
46.41,-795.2,0
46.415,-1078.54,0
46.42,-1078.54,0
46.425,-1175.24,0
46.43,-1175.24,0
46.435,-1059.52,0
46.44,-1059.52,0
46.445,-728.58,0
46.45,-1012.24,0
46.455,-1062.37,0
46.46,-1062.37,0
46.465,-1062.37,0
46.47,-1049.06,0
46.475,-1049.06,0
46.48,-1083.94,0
46.485,-1034.14,0
46.49,-1034.14,0
46.495,-1034.14,0
46.5,-1097.12,0
46.505,-959.42,0
46.51,-959.42,0
46.515,-843.21,0
46.52,-843.21,0
46.525,-843.21,0
46.53,-1062.37,0
46.535,-981.06,0
46.54,-1126.27,0
46.545,-1126.27,0
46.55,-1201.08,0
46.555,-1201.08,0
46.56,-1041.13,0
46.565,-1041.13,0
46.57,-169.37,0
46.575,-978.81,0
46.58,-201.97,0
46.585,-201.97,0
46.59,-201.97,0
46.595,-201.97,0
46.6,112.11,0
46.605,112.11,0
46.61,172.67,0
46.615,172.67,0
46.62,172.67,0
46.625,172.67,0
46.63,49.22,0
46.635,49.22,0
46.64,-36.2,0
46.645,-74.55,0
46.65,-32.55,0
46.655,15.49,0
46.66,-92.81,0
46.665,-411.95,0
46.67,-92.81,0
46.675,-92.81,0
46.68,-75.62,0
46.685,-75.62,0
46.69,-99.9,0
46.695,-61.17,0
46.7,-61.17,0
46.705,-17.72,0
46.71,-924.82,0
46.715,8.52,0
46.72,8.52,0
46.725,-69.88,0
46.73,-71.54,0
46.735,-69.88,0
46.74,-100.85,0
46.745,108.52,0
46.75,108.52,0
46.755,108.52,0
46.76,141.37,0
46.765,141.37,0
46.77,218.14,0
46.775,498.73,0
46.78,498.73,0
46.785,-31.22,0
46.79,145.47,0
46.795,145.47,0
46.8,-92.56,0
46.805,351.2,0
46.81,957.64,0
46.815,957.64,0
46.82,957.64,0
46.825,957.64,0
46.83,872.6,0
46.835,872.6,0
46.84,-37.18,0
46.845,-37.18,0
46.85,-475.45,0
46.855,-475.45,0
46.86,-848.26,0
46.865,-848.26,0
46.87,108.51,0
46.875,428.57,0
46.88,-848.26,0
46.885,-602.2,0
46.89,-306.02,0
46.895,-735.91,0
46.9,-735.91,0
46.905,-537.44,0
46.91,-537.44,0
46.915,80.72,0
46.92,-254.69,0
46.925,-16.78,0
46.93,-16.78,0
46.935,-89.34,0
46.94,-16.78,0
46.945,-375.35,0
46.95,-375.35,0
46.955,0.8,0
46.96,0.8,0
46.965,-335.63,0
46.97,-335.63,0
46.975,-661.19,0
46.98,-661.19,0
46.985,-1515.2,0
46.99,-1515.2,0
46.995,-297.85,0
47.0,-1596.34,0
47.005,-1515.2,0
47.01,-1588.44,0
47.015,-1588.44,0
47.02,-1515.3,0
47.025,-1515.3,0
47.03,-1917.06,0
47.035,-1917.06,0
47.04,-2065.9,0
47.045,-2065.9,0
47.05,-2065.9,0
47.055,-2065.9,0
47.06,-859.38,0
47.065,-859.38,0
47.07,-1422.58,0
47.075,-1422.58,0
47.08,-1515.62,0
47.085,-1515.62,0
47.09,-1994.22,0
47.095,-1994.22,0
47.1,-2173.23,0
47.105,-2173.23,0
47.11,-1695.38,0
47.115,-1695.38,0
47.12,-909.81,0
47.125,-909.81,0
47.13,-1276.18,0
47.135,-1276.18,0
47.14,-1631.56,0
47.145,-1631.56,0
47.15,-2451.46,0
47.155,-2451.46,0
47.16,-2419.44,0
47.165,-3412.25,0
47.17,-3412.25,0
47.175,-2963.73,0
47.18,-2963.73,0
47.185,-2963.73,0
47.19,-3515.83,0
47.195,-3515.83,0
47.2,-4036.54,0
47.205,-4036.54,0
47.21,-4036.54,0
47.215,-4036.54,0
47.22,-3807.01,0
47.225,-3807.01,0
47.23,-3983.3,0
47.235,-2047.71,0
47.24,-4262.32,0
47.245,-910.44,0
47.25,-3802.77,0
47.255,-3802.77,0
47.26,-3802.77,0
47.265,-3802.77,0
47.27,-3611.18,0
47.275,-2999.45,0
47.28,-3523.97,0
47.285,-4261.51,0
47.29,-4261.51,0
47.295,-4460.67,0
47.3,-4460.67,0
47.305,-4460.67,0
47.31,-4646.86,0
47.315,-3802.77,0
47.32,-3979.11,0
47.325,-3979.11,0
47.33,-3979.11,0
47.335,-2970.04,0
47.34,-3807.67,0
47.345,-4772.96,0
47.35,-4772.96,0
47.355,-5096.36,0
47.36,-5096.36,0
47.365,-3922.65,0
47.37,-4856.35,0
47.375,-4856.35,0
47.38,-5082.9,0
47.385,-5082.9,0
47.39,-741.22,0
47.395,-821.52,0
47.4,-3951.58,0
47.405,-653.96,0
47.41,-3524.78,0
47.415,-816.91,0
47.42,-4959.4,0
47.425,-893.61,0
47.43,-781.03,0
47.435,-781.03,0
47.44,-873.83,0
47.445,-873.83,0
47.45,-4856.36,0
47.455,-897.85,0
47.46,-729.46,0
47.465,-729.46,0
47.47,-729.46,0
47.475,-694.68,0
47.48,-694.68,0
47.485,-797.03,0
47.49,-797.03,0
47.495,-726.53,0
47.5,-726.53,0
47.505,-771.29,0
47.51,-771.29,0
47.515,-593.51,0
47.52,-593.51,0
47.525,-4854.0,0
47.53,-683.02,0
47.535,-683.02,0
47.54,-683.02,0
47.545,-889.51,0
47.55,-889.51,0
47.555,-889.51,0
47.56,-1007.64,0
47.565,-1007.64,0
47.57,-236.31,0
47.575,-713.07,0
47.58,-713.07,0
47.585,-713.07,0
47.59,-713.07,0
47.595,-713.07,0
47.6,-759.3,0
47.605,-673.87,0
47.61,-868.73,0
47.615,-1025.83,0
47.62,-1025.83,0
47.625,-678.89,0
47.63,-1086.87,0
47.635,-852.65,0
47.64,-1086.87,0
47.645,-1086.87,0
47.65,-1560.77,0
47.655,-1560.77,0
47.66,-1886.76,0
47.665,-1886.76,0
47.67,-1915.51,0
47.675,-1915.51,0
47.68,-1837.13,0
47.685,-2416.75,0
47.69,-2416.75,0
47.695,-2276.91,0
47.7,-2276.91,0
47.705,-2904.71,0
47.71,-2904.71,0
47.715,-2919.8,0
47.72,-2919.8,0
47.725,-3171.83,0
47.73,-3171.83,0
47.735,-946.12,0
47.74,-4154.69,0
47.745,-884.42,0
47.75,-4427.42,0
47.755,-4491.14,0
47.76,-4427.42,0
47.765,-4427.42,0
47.77,-4379.75,0
47.775,-4379.75,0
47.78,-4379.75,0
47.785,-4379.75,0
47.79,-3992.4,0
47.795,-3290.96,0
47.8,-2512.32,0
47.805,-3496.77,0
47.81,-3496.77,0
47.815,-3496.77,0
47.82,-3059.37,0
47.825,-2940.68,0
47.83,-2940.68,0
47.835,-3170.84,0
47.84,-3170.84,0
47.845,-3241.8,0
47.85,-3241.8,0
47.855,-3241.8,0
47.86,-3241.8,0
47.865,-2528.24,0
47.87,-2928.98,0
47.875,-3042.07,0
47.88,-3042.07,0
47.885,-3042.07,0
47.89,-3999.62,0
47.895,-3999.62,0
47.9,-4019.67,0
47.905,-4019.67,0
47.91,-3717.02,0
47.915,-3717.02,0
47.92,-3591.66,0
47.925,-3749.98,0
47.93,-3776.62,0
47.935,-3841.27,0
47.94,-3841.27,0
47.945,-3841.27,0
47.95,-3421.27,0
47.955,-3421.27,0
47.96,-3943.95,0
47.965,-3943.95,0
47.97,-4295.22,0
47.975,-3961.58,0
47.98,-3961.58,0
47.985,-3961.58,0
47.99,-4019.68,0
47.995,-3961.58,0
48.0,-3850.9,0
48.005,-3954.31,0
48.01,-4202.31,0
48.015,-4093.88,0
48.02,-4093.88,0
48.025,-3632.64,0
48.03,-3632.64,0
48.035,-4123.78,0
48.04,-4123.78,0
48.045,-4123.78,0
48.05,-4139.85,0
48.055,-4139.85,0
48.06,-3599.52,0
48.065,-3599.52,0
48.07,-3599.52,0
48.075,-3599.52,0
48.08,-3239.78,0
48.085,-2494.44,0
48.09,-2494.44,0
48.095,-2494.44,0
48.1,-3962.7,0
48.105,-2806.47,0
48.11,-2883.73,0
48.115,-2883.73,0
48.12,-3398.73,0
48.125,-3398.73,0
48.13,-3398.73,0
48.135,-3595.53,0
48.14,-3595.53,0
48.145,-3595.53,0
48.15,-3921.92,0
48.155,-3921.92,0
48.16,-3946.87,0
48.165,-3949.65,0
48.17,-4315.33,0
48.175,-3949.65,0
48.18,-3949.65,0
48.185,-3949.65,0
48.19,-4082.54,0
48.195,-4341.03,0
48.2,-3719.98,0
48.205,-3760.17,0
48.21,-379.32,0
48.215,-1615.77,0
48.22,-1615.77,0
48.225,-1615.77,0
48.23,-1615.77,0
48.235,-1615.77,0
48.24,-1615.77,0
48.245,-1636.65,0
48.25,-1636.65,0
48.255,-1636.65,0
48.26,-3920.37,0
48.265,-1806.3,0
48.27,-1806.3,0
48.275,-1569.64,0
48.28,-1569.64,0
48.285,-1569.64,0
48.29,-1569.64,0
48.295,-1980.52,0
48.3,-1980.52,0
48.305,-2067.46,0
48.31,-1821.53,0
48.315,-2067.46,0
48.32,-2067.46,0
48.325,-2067.46,0
48.33,-2067.46,0
48.335,-2067.46,0
48.34,-2067.46,0
48.345,-2519.65,0
48.35,-2519.65,0
48.355,-2318.12,0
48.36,-2318.12,0
48.365,-2542.18,0
48.37,-2542.18,0
48.375,-3093.97,0
48.38,-3093.97,0
48.385,-3093.97,0
48.39,-1851.11,0
48.395,-2276.62,0
48.4,-2276.62,0
48.405,-2833.96,0
48.41,-2833.96,0
48.415,-2302.48,0
48.42,-2646.68,0
48.425,-1810.15,0
48.43,-2646.68,0
48.435,-2646.68,0
48.44,-1556.48,0
48.445,-2646.68,0
48.45,-3108.12,0
48.455,-2579.04,0
48.46,-2579.04,0
48.465,-2646.68,0
48.47,-3110.31,0
48.475,-2496.35,0
48.48,-2496.35,0
48.485,-2844.06,0
48.49,-2852.12,0
48.495,-3027.01,0
48.5,-3264.3,0
48.505,-3264.3,0
48.51,-3264.3,0
48.515,-3244.43,0
48.52,-3067.85,0
48.525,-3067.85,0
48.53,-3213.32,0
48.535,-3213.32,0
48.54,-3919.2,0
48.545,-3919.2,0
48.55,-4206.96,0
48.555,-4206.96,0
48.56,-4206.96,0
48.565,-3963.16,0
48.57,-3887.1,0
48.575,-3887.1,0
48.58,-3887.1,0
48.585,-3822.72,0
48.59,-3822.72,0
48.595,-3798.57,0
48.6,-3879.46,0
48.605,-3879.46,0
48.61,-3879.46,0
48.615,-4081.75,0
48.62,-4081.19,0
48.625,-4081.19,0
48.63,-4081.19,0
48.635,-3911.94,0
48.64,-3911.94,0
48.645,-3892.85,0
48.65,-3892.85,0
48.655,-3892.85,0
48.66,-3892.85,0
48.665,-4206.59,0
48.67,-3835.22,0
48.675,-4002.16,0
48.68,-4002.16,0
48.685,-4002.16,0
48.69,-3910.67,0
48.695,-3865.58,0
48.7,-3091.45,0
48.705,-3819.64,0
48.71,-3819.64,0
48.715,-3988.47,0
48.72,-3691.5,0
48.725,-3809.25,0
48.73,-3809.25,0
48.735,-3641.32,0
48.74,-3641.32,0
48.745,-4106.58,0
48.75,-4106.58,0
48.755,-3871.68,0
48.76,-3871.68,0
48.765,-3502.51,0
48.77,-4086.6,0
48.775,-3502.51,0
48.78,-3502.51,0
48.785,-3502.51,0
48.79,-3502.51,0
48.795,-3746.95,0
48.8,-3746.95,0
48.805,-3499.99,0
48.81,-4057.89,0
48.815,-4057.89,0
48.82,-3762.79,0
48.825,-3733.69,0
48.83,-3578.07,0
48.835,-3578.07,0
48.84,-3294.52,0
48.845,-3294.52,0
48.85,-3526.69,0
48.855,-3526.69,0
48.86,-4085.63,0
48.865,-4085.63,0
48.87,-4085.63,0
48.875,-4085.63,0
48.88,-4461.23,0
48.885,-4461.23,0
48.89,-4461.23,0
48.895,-4842.47,0
48.9,-5246.27,0
48.905,-5246.27,0
48.91,-5341.43,0
48.915,-4069.96,0
48.92,-5341.43,0
48.925,-5341.43,0
48.93,-3482.85,0
48.935,-4969.58,0
48.94,-4969.58,0
48.945,-4554.11,0
48.95,-4554.11,0
48.955,-4755.61,0
48.96,-4755.61,0
48.965,-4847.14,0
48.97,-4847.14,0
48.975,-4977.21,0
48.98,-4977.21,0
48.985,-4995.81,0
48.99,-4995.81,0
48.995,-4995.81,0
49.0,-4995.81,0
49.005,-4945.78,0
49.01,-4733.24,0
49.015,-4448.76,0
49.02,-3782.15,0
49.025,-50.87,0
49.03,-50.87,0
49.035,-50.87,0
49.04,-50.87,0
49.045,34.59,0
49.05,34.59,0
49.055,98.32,0
49.06,270.97,0
49.065,-5354.01,0
49.07,5.84,0
49.075,-4555.17,0
49.08,30.27,0
49.085,-2.28,0
49.09,-2.28,0
49.095,36.52,0
49.1,36.52,0
49.105,36.52,0
49.11,31.42,0
49.115,31.42,0
49.12,64.29,0
49.125,64.29,0
49.13,48.93,0
49.135,48.93,0
49.14,158.23,0
49.145,158.23,0
49.15,82.31,0
49.155,82.31,0
49.16,-134.31,0
49.165,-134.31,0
49.17,-276.01,0
49.175,-276.01,0
49.18,-235.32,0
49.185,-235.32,0
49.19,30.88,0
49.195,-725.06,0
49.2,8.98,0
49.205,-868.99,0
49.21,-868.99,0
49.215,-868.99,0
49.22,-691.17,0
49.225,-691.17,0
49.23,-654.98,0
49.235,-1180.01,0
49.24,-1180.01,0
49.245,-5.7,0
49.25,64.57,0
49.255,-795.4,0
49.26,-795.4,0
49.265,-676.66,0
49.27,-676.66,0
49.275,-676.66,0
49.28,-899.84,0
49.285,112.81,0
49.29,-1197.52,1
49.295,-1197.52,0
49.3,-831.36,0
49.305,-725.06,0
49.31,-739.02,0
49.315,-739.02,0
49.32,-1277.34,0
49.325,-1073.75,0
49.33,-1277.34,0
49.335,-905.24,0
49.34,-359.0,0
49.345,-800.1,0
49.35,-800.1,0
49.355,-800.1,0
49.36,-1108.67,0
49.365,-1108.67,0
49.37,-744.2,0
49.375,-1384.4,0
49.38,-1842.7,0
49.385,-1842.7,0
49.39,-1977.52,0
49.395,-1977.52,0
49.4,-1660.77,0
49.405,-1660.77,0
49.41,-1751.21,0
49.415,-1751.21,0
49.42,-1894.14,0
49.425,-1894.14,0
49.43,-1894.14,0
49.435,-1894.14,0
49.44,-2009.67,0
49.445,-1969.34,0
49.45,-1969.34,0
49.455,-1969.34,0
49.46,-2015.47,0
49.465,-1986.85,0
49.47,-1986.85,0
49.475,-1986.85,0
49.48,-1986.85,0
49.485,-1881.2,0
49.49,-1881.2,0
49.495,-1881.2,0
49.5,-1791.7,0
49.505,-1791.7,0
49.51,-1987.25,0
49.515,-2205.14,0
49.52,-2078.61,0
49.525,-2078.61,0
49.53,-1807.06,0
49.535,-2078.61,0
49.54,-2132.11,0
49.545,-1954.98,0
49.55,-2475.16,0
49.555,-1908.87,0
49.56,-2920.43,0
49.565,-2920.43,0
49.57,-3060.46,0
49.575,-3060.46,0
49.58,-3153.59,0
49.585,-3153.59,0
49.59,-3603.73,0
49.595,-3603.73,0
49.6,-3603.73,0
49.605,-3603.73,0
49.61,-4108.01,0
49.615,-4108.01,0
49.62,-4129.45,0
49.625,-4129.45,0
49.63,-3957.81,0
49.635,-3855.53,0
49.64,-4581.44,0
49.645,-2076.49,0
49.65,-4581.44,0
49.655,-1890.42,0
49.66,-5131.55,0
49.665,-5131.55,0
49.67,-2485.93,0
49.675,-4792.63,0
49.68,-4792.63,0
49.685,-4792.63,0
49.69,-4792.63,0
49.695,-4792.63,0
49.7,-4935.76,0
49.705,-1801.58,0
49.71,-5287.34,0
49.715,-5287.34,0
49.72,-5287.34,0
49.725,-5287.34,0
49.73,-5854.72,0
49.735,-5854.72,0
49.74,-5217.9,0
49.745,-6076.98,0
49.75,-5325.57,0
49.755,-5741.39,0
49.76,-5741.39,0
49.765,-5741.39,0
49.77,-5741.39,0
49.775,-5809.5,0
49.78,-3833.67,0
49.785,-5915.77,0
49.79,-5915.77,0
49.795,-5915.77,0
49.8,-3830.67,0
49.805,-5955.67,0
49.81,-5955.67,0
49.815,-5909.57,0
49.82,-5909.57,0
49.825,-5909.57,0
49.83,-5909.57,0
49.835,-5885.08,0
49.84,-5885.08,0
49.845,-6077.16,0
49.85,-23.8,0
49.855,-23.8,0
49.86,-23.8,0
49.865,224.28,0
49.87,224.28,0
49.875,-24.07,0
49.88,-24.07,0
49.885,-24.07,0
49.89,-24.07,0
49.895,-121.23,0
49.9,-121.23,0
49.905,245.0,0
49.91,245.0,0
49.915,875.48,0
49.92,875.48,0
49.925,181.57,0
49.93,181.57,0
49.935,181.57,0
49.94,605.49,0
49.945,-271.24,0
49.95,81.94,0
49.955,245.0,0
49.96,-5943.2,0
49.965,114.39,0
49.97,114.39,0
49.975,114.39,0
49.98,114.39,0
49.985,114.39,0
49.99,114.39,0
49.995,355.82,0
50.0,355.82,0
50.005,263.75,0
50.01,263.75,0
50.015,69.77,0
50.02,69.77,0
50.025,-316.09,0
50.03,-316.09,0
50.035,-270.75,0
50.04,-270.75,0
50.045,-82.54,0
50.05,-226.68,0
50.055,-471.61,0
50.06,-471.61,0
50.065,-218.88,0
50.07,-218.88,0
50.075,-452.98,0
50.08,-822.29,0
50.085,-14.15,0
50.09,-14.15,0
50.095,514.63,0
50.1,514.63,0
50.105,514.63,0
50.11,514.63,0
50.115,271.91,0
50.12,271.91,0
50.125,120.53,0
50.13,120.53,0
50.135,120.53,0
50.14,120.53,0
50.145,52.51,0
50.15,52.51,0
50.155,-204.4,0
50.16,-822.29,0
50.165,-229.42,0
50.17,-229.42,0
50.175,-178.75,0
50.18,-14.15,0
50.185,-212.05,0
50.19,-212.05,0
50.195,-212.88,0
50.2,-212.88,0
50.205,-162.55,0
50.21,-162.55,0
50.215,-162.55,0
50.22,-162.55,0
50.225,-162.55,0
50.23,-162.55,0
50.235,-154.09,0
50.24,-823.11,0
50.245,-160.52,0
50.25,-212.05,0
50.255,-160.52,0
50.26,-109.46,0
50.265,-109.46,0
50.27,-32.91,0
50.275,-32.91,0
50.28,-111.46,0
50.285,-111.46,0
50.29,-153.34,0
50.295,-153.34,0
50.3,-250.77,0
50.305,-250.77,0
50.31,-83.06,0
50.315,-83.06,0
50.32,-143.31,0
50.325,45.97,0
50.33,45.97,0
50.335,-327.3,0
50.34,-923.17,0
50.345,-923.17,0
50.35,-923.17,0
50.355,-923.17,0
50.36,-654.59,0
50.365,-654.59,0
50.37,-47.6,0
50.375,-47.6,0
50.38,518.82,0
50.385,518.82,0
50.39,-200.83,0
50.395,732.46,0
50.4,732.46,0
50.405,732.46,0
50.41,862.69,0
50.415,862.69,0
50.42,990.5,0
50.425,990.5,0
50.43,1755.88,0
50.435,1947.68,0
50.44,1947.68,0
50.445,1947.68,0
50.45,-152.77,0
50.455,1947.68,0
50.46,1943.07,0
50.465,1943.07,0
50.47,-1069.76,0
50.475,3365.71,0
50.48,3365.71,0
50.485,1215.13,0
50.49,1497.3,0
50.495,3812.64,0
50.5,3812.64,0
50.505,3812.64,0
50.51,3812.64,0
50.515,3812.64,0
50.52,4136.75,0
50.525,4136.75,0
50.53,4136.75,0
50.535,4105.2,0
50.54,4105.2,0
50.545,4105.2,0
50.55,4020.61,0
50.555,2650.46,0
50.56,4011.05,0
50.565,4011.05,0
50.57,4011.05,0
50.575,4011.05,0
50.58,3985.78,0
50.585,3931.44,0
50.59,3931.44,0
50.595,3945.72,0
50.6,3945.72,0
50.605,3918.78,0
50.61,3918.78,0
50.615,3918.78,0
50.62,3918.78,0
50.625,3918.78,0
50.63,3971.65,0
50.635,3971.65,0
50.64,3950.64,0
50.645,3944.33,0
50.65,3944.33,0
50.655,3992.54,0
50.66,3992.54,0
50.665,3992.54,0
50.67,3590.57,0
50.675,3590.57,0
50.68,3590.57,0
50.685,3590.57,0
50.69,3590.57,0
50.695,83.14,0
50.7,-30.04,0
50.705,-30.04,0
50.71,-30.04,0
50.715,-21.15,0
50.72,-21.15,0
50.725,-21.15,0
50.73,-37.26,0
50.735,-37.26,0
50.74,141.34,0
50.745,141.34,0
50.75,421.45,0
50.755,963.26,0
50.76,3943.98,0
50.765,963.26,0
50.77,3992.47,0
50.775,67.51,0
50.78,1320.31,0
50.785,1320.31,0
50.79,845.01,0
50.795,845.01,0
50.8,464.9,0
50.805,464.9,0
50.81,1303.71,0
50.815,1303.71,0
50.82,1751.82,0
50.825,1751.82,0
50.83,2031.67,0
50.835,2031.67,0
50.84,2296.68,0
50.845,2296.68,0
50.85,2937.06,0
50.855,2937.06,0
50.86,60.4,0
50.865,3245.13,0
50.87,3260.02,0
50.875,3260.02,0
50.88,-23.05,0
50.885,1073.75,0
50.89,2719.9,0
50.895,3532.8,0
50.9,3366.1,0
50.905,3366.1,0
50.91,3388.35,0
50.915,3388.35,0
50.92,3989.8,0
50.925,3522.26,0
50.93,3522.26,0
50.935,3522.26,0
50.94,3522.26,0
50.945,3522.26,0
50.95,4062.59,0
50.955,1937.06,0
50.96,4874.89,0
50.965,4874.89,0
50.97,5123.19,0
50.975,5123.19,0
50.98,4974.3,0
50.985,4974.3,0
50.99,4944.94,0
50.995,2982.56,0
51.0,4944.94,0
51.005,4944.94,0
51.01,4889.98,0
51.015,4816.81,0
51.02,4816.81,0
51.025,3531.76,0
51.03,4816.81,0
51.035,4816.81,0
51.04,4816.81,0
51.045,5102.18,0
51.05,5102.18,0
51.055,4642.21,0
51.06,4642.21,0
51.065,4642.21,0
51.07,5033.98,0
51.075,4583.88,0
51.08,4486.1,0
51.085,4968.07,0
51.09,4968.07,0
51.095,5131.96,0
51.1,5131.96,0
51.105,5131.96,0
51.11,4804.99,0
51.115,4804.99,0
51.12,4634.18,0
51.125,4634.18,0
51.13,4634.18,0
51.135,4634.18,0
51.14,5163.51,0
51.145,5163.51,0
51.15,4780.38,0
51.155,4814.34,0
51.16,4847.69,0
51.165,4847.69,0
51.17,4847.69,0
51.175,5170.21,0
51.18,5170.21,0
51.185,4992.17,0
51.19,4757.67,0
51.195,4625.47,0
51.2,4625.47,0
51.205,4824.61,0
51.21,4824.61,0
51.215,4824.61,0
51.22,4824.61,0
51.225,5086.77,0
51.23,5086.77,0
51.235,4437.2,0
51.24,4437.2,0
51.245,4437.2,0
51.25,4437.2,0
51.255,4347.78,0
51.26,4347.78,0
51.265,4073.02,0
51.27,4073.02,0
51.275,4217.91,0
51.28,4967.31,0
51.285,4623.51,0
51.29,4623.51,0
51.295,4740.92,0
51.3,4740.92,0
51.305,4587.58,0
51.31,4587.58,0
51.315,3986.73,0
51.32,3986.73,0
51.325,3661.54,0
51.33,3661.54,0
51.335,3661.54,0
51.34,3661.54,0
51.345,3949.33,0
51.35,3949.33,0
51.355,4663.12,0
51.36,4725.47,0
51.365,3191.6,0
51.37,4126.96,0
51.375,4126.96,0
51.38,4532.87,0
51.385,3966.12,0
51.39,3966.12,0
51.395,3987.54,0
51.4,3907.25,0
51.405,3907.25,0
51.41,3907.25,0
51.415,3907.25,0
51.42,4043.29,0
51.425,4043.29,0
51.43,4060.01,0
51.435,4070.24,0
51.44,4087.57,0
51.445,4087.57,0
51.45,4035.67,0
51.455,4035.67,0
51.46,4100.46,0
51.465,4070.12,0
51.47,4096.82,0
51.475,4305.01,0
51.48,3810.1,0
51.485,3810.1,0
51.49,3810.1,0
51.495,3810.1,0
51.5,3810.1,0
51.505,3810.1,0
51.51,3263.61,0
51.515,1346.91,0
51.52,1638.45,0
51.525,1638.45,0
51.53,1658.63,0
51.535,1658.63,0
51.54,1051.9,0
51.545,1051.9,0
51.55,923.96,0
51.555,923.96,0
51.56,940.92,0
51.565,940.92,0
51.57,757.79,0
51.575,757.79,0
51.58,757.79,0
51.585,957.8,0
51.59,932.16,0
51.595,956.67,0
51.6,956.67,0
51.605,1888.46,0
51.61,946.35,0
51.615,946.35,0
51.62,1006.22,0
51.625,1006.22,0
51.63,-55.59,0
51.635,594.72,0
51.64,-57.85,0
51.645,1869.81,0
51.65,1899.2,0
51.655,1352.55,0
51.66,1790.09,0
51.665,1790.09,0
51.67,1790.09,0
51.675,1790.09,0
51.68,1909.31,0
51.685,1909.31,0
51.69,1875.59,0
51.695,1875.59,0
51.7,1828.76,0
51.705,1904.76,0
51.71,1904.76,0
51.715,1904.76,0
51.72,1904.76,0
51.725,1967.83,0
51.73,1967.83,0
51.735,1949.3,0
51.74,1949.3,0
51.745,1978.21,0
51.75,1978.21,0
51.755,2000.89,0
51.76,2000.89,0
51.765,2000.89,0
51.77,2000.89,0
51.775,1966.71,0
51.78,1961.54,0
51.785,1961.54,0
51.79,1964.68,0
51.795,1964.68,0
51.8,1947.17,0
51.805,1947.17,0
51.81,1914.19,0
51.815,1914.19,0
51.82,1899.0,0
51.825,1899.0,0
51.83,1866.24,0
51.835,1866.24,0
51.84,1971.32,0
51.845,1866.24,0
51.85,1893.88,0
51.855,1893.88,0
51.86,1937.68,0
51.865,1937.68,0
51.87,1915.86,0
51.875,1915.86,0
51.88,1966.81,0
51.885,1881.97,0
51.89,1964.7,0
51.895,1964.7,0
51.9,1985.1,0
51.905,1985.1,0
51.91,1996.03,0
51.915,1985.44,0
51.92,2004.45,0
51.925,1866.27,0
51.93,2004.45,0
51.935,2004.45,0
51.94,2004.45,0
51.945,2004.45,0
51.95,2004.45,0
51.955,2004.45,0
51.96,1866.27,0
51.965,2018.78,0
51.97,2639.29,0
51.975,2828.14,0
51.98,2828.14,0
51.985,2828.14,0
51.99,2525.3,0
51.995,2002.55,0
52.0,2571.85,0
52.005,2571.85,0
52.01,1964.45,0
52.015,2781.78,0
52.02,2781.78,0
52.025,2586.68,0
52.03,2586.68,0
52.035,2961.43,0
52.04,2961.43,0
52.045,2908.87,0
52.05,2908.87,0
52.055,2609.54,0
52.06,2609.54,0
52.065,2609.54,0
52.07,2609.54,0
52.075,2609.54,0
52.08,1901.88,0
52.085,2283.44,0
52.09,2818.33,0
52.095,2957.16,0
52.1,2374.82,0
52.105,2374.82,0
52.11,2618.43,0
52.115,2618.43,0
52.12,2618.43,0
52.125,2571.96,0
52.13,2592.0,0
52.135,2592.0,0
52.14,3296.15,0
52.145,3296.15,0
52.15,2734.71,0
52.155,2865.66,0
52.16,2945.65,0
52.165,2945.65,0
52.17,2945.65,0
52.175,3090.8,0
52.18,3090.8,0
52.185,3090.8,0
52.19,3121.2,0
52.195,3121.2,0
52.2,2971.06,0
52.205,2910.93,0
52.21,2910.93,0
52.215,3059.96,0
52.22,265.7,0
52.225,3059.96,0
52.23,3112.92,0
52.235,2646.96,0
52.24,3134.33,0
52.245,3134.33,0
52.25,3132.71,0
52.255,3132.71,0
52.26,3083.08,0
52.265,2595.39,0
52.27,3021.4,0
52.275,3021.4,0
52.28,3023.14,0
52.285,3023.14,0
52.29,3013.62,0
52.295,3013.62,0
52.3,3029.38,0
52.305,3029.38,0
52.31,2726.47,0
52.315,2726.47,0
52.32,3112.92,0
52.325,2726.47,0
52.33,-47.69,0
52.335,-47.69,0
52.34,-10.71,0
52.345,-10.71,0
52.35,-33.89,0
52.355,2784.51,0
52.36,-77.56,0
52.365,-77.56,0
52.37,-78.1,0
52.375,-78.1,0
52.38,-25.88,0
52.385,-25.88,0
52.39,23.61,0
52.395,23.61,0
52.4,-70.44,0
52.405,41.61,0
52.41,54.91,0
52.415,54.91,0
52.42,33.89,0
52.425,33.89,0
52.43,64.79,0
52.435,168.05,0
52.44,168.05,0
52.445,184.67,0
52.45,184.67,0
52.455,14.11,0
52.46,211.12,0
52.465,211.12,0
52.47,1624.59,0
52.475,211.12,0
52.48,114.1,0
52.485,114.1,0
52.49,162.98,0
52.495,162.98,0
52.5,109.5,0
52.505,77.25,0
52.51,77.25,0
52.515,77.25,0
52.52,77.25,0
52.525,77.96,0
52.53,137.37,0
52.535,43.3,0
52.54,43.3,0
52.545,156.38,0
52.55,156.38,0
52.555,155.61,0
52.56,155.61,0
52.565,155.61,0
52.57,150.34,0
52.575,150.34,0
52.58,111.51,0
52.585,111.51,0
52.59,70.98,0
52.595,37.0,0
52.6,-242.83,0
52.605,77.96,0
52.61,-126.75,0
52.615,-126.75,0
52.62,-178.71,0
52.625,-165.35,0
52.63,-38.96,0
52.635,-91.97,0
52.64,-91.97,0
52.645,-57.34,0
52.65,-57.34,0
52.655,-45.89,0
52.66,111.51,0
52.665,16.09,0
52.67,16.09,0
52.675,-16.18,0
52.68,-16.18,0
52.685,63.47,0
52.69,62.93,0
52.695,14.58,0
52.7,14.58,0
52.705,14.58,0
52.71,11.16,0
52.715,11.16,0
52.72,-10.16,0
52.725,-38.96,0
52.73,-38.96,0
52.735,-38.96,0
52.74,-38.96,0
52.745,-38.96,0
52.75,-0.27,0
52.755,-0.27,0
52.76,-37.87,0
52.765,-29.6,0
52.77,-29.6,0
52.775,-95.74,0
52.78,-29.6,0
52.785,-29.6,0
52.79,-29.6,0
52.795,-29.6,0
52.8,-19.72,0
52.805,-19.72,0
52.81,38.49,0
52.815,38.49,0
52.82,16.24,0
52.825,16.24,0
52.83,35.49,0
52.835,35.49,0
52.84,35.49,0
52.845,-19.72,0
52.85,57.75,0
52.855,-4.72,0
52.86,22.25,0
52.865,-4.72,0
52.87,28.37,0
52.875,28.37,0
52.88,-26.49,0
52.885,-26.49,0
52.89,69.2,0
52.895,69.2,0
52.9,-13.28,0
52.905,-13.28,0
52.91,37.01,0
52.915,37.01,0
52.92,-16.25,0
52.925,-16.25,0
52.93,-23.81,0
52.935,86.69,0
52.94,45.64,0
52.945,45.64,0
52.95,45.64,0
52.955,38.92,0
52.96,38.92,0
52.965,79.5,0
52.97,79.5,0
52.975,16.31,0
52.98,-28.91,0
52.985,30.79,0
52.99,30.79,0
52.995,64.89,0
53.0,-17.54,0
53.005,-17.54,0
53.01,-17.54,0
53.015,-17.54,0
53.02,-29.02,0
53.025,-29.02,0
53.03,-29.02,0
53.035,-29.02,0
53.04,25.43,0
53.045,25.43,0
53.05,67.53,0
53.055,-29.02,0
53.06,67.53,0
53.065,31.1,0
53.07,31.1,0
53.075,33.28,0
53.08,33.28,0
53.085,33.28,0
53.09,68.6,0
53.095,68.6,0
53.1,-19.94,0
53.105,-19.94,0
53.11,-19.94,0
53.115,-19.94,0
53.12,31.77,0
53.125,31.77,0
53.13,3.23,0
53.135,3.23,0
53.14,-2.85,0
53.145,-2.85,0
53.15,-33.79,0
53.155,-33.79,0
53.16,47.42,0
53.165,47.42,0
53.17,47.42,0
53.175,47.42,0
53.18,1.76,0
53.185,1.76,0
53.19,36.98,0
53.195,36.98,0
53.2,43.9,0
53.205,-26.36,0
53.21,-4.24,0
53.215,-4.24,0
53.22,-4.24,0
53.225,-4.24,0
53.23,40.31,0
53.235,40.31,0
53.24,-35.55,0
53.245,-25.68,0
53.25,1.13,0
53.255,1.13,0
53.26,-4.84,0
53.265,-4.84,0
53.27,-4.84,0
53.275,-4.84,0
53.28,-37.63,0
53.285,41.41,0
53.29,41.41,0
53.295,1.92,0
53.3,1.92,0
53.305,41.56,0
53.31,41.56,0
53.315,1.92,0
53.32,41.56,0
53.325,36.39,0
53.33,36.39,0
53.335,1.62,0
53.34,1.62,0
53.345,-23.57,0
53.35,-7.44,0
53.355,36.83,0
53.36,36.83,0
53.365,-30.75,0
53.37,-30.75,0
53.375,4.14,0
53.38,4.14,0
53.385,-3.54,0
53.39,-3.54,0
53.395,-26.12,0
53.4,-26.12,0
53.405,-25.31,0
53.41,41.27,0
53.415,-7.44,0
53.42,41.27,0
53.425,-5.66,0
53.43,-5.66,0
53.435,-5.66,0
53.44,42.43,0
53.445,42.43,0
53.45,42.43,0
53.455,13.44,0
53.46,30.04,0
53.465,13.44,0
53.47,42.57,0
53.475,42.57,0
53.48,-17.76,0
53.485,-17.76,0
53.49,-17.76,0
53.495,29.32,0
53.5,29.32,0
53.505,-10.56,0
53.51,-10.56,0
53.515,-10.56,0
53.52,-10.56,0
53.525,-33.82,0
53.53,-12.61,0
53.535,29.8,0
53.54,29.8,0
53.545,-6.91,0
53.55,-12.66,0
53.555,51.87,0
53.56,51.87,0
53.565,51.87,0
53.57,-14.22,0
53.575,-14.22,0
53.58,41.07,0
53.585,41.07,0
53.59,-14.22,0
53.595,79.84,0
53.6,7.06,0
53.605,7.06,0
53.61,-27.2,0
53.615,7.06,0
53.62,63.32,0
53.625,63.32,0
53.63,-14.9,0
53.635,-13.51,0
53.64,86.44,0
53.645,86.44,0
53.65,37.08,0
53.655,37.08,0
53.66,52.53,0
53.665,52.53,0
53.67,-32.9,0
53.675,-32.9,0
53.68,73.59,0
53.685,73.59,0
53.69,30.19,0
53.695,30.19,0
53.7,38.93,0
53.705,38.93,0
53.71,-40.11,0
53.715,-40.11,0
53.72,57.21,0
53.725,57.21,0
53.73,-50.66,0
53.735,-14.89,0
53.74,-14.74,0
53.745,-14.74,0
53.75,-85.58,0
53.755,-85.58,0
53.76,-43.34,0
53.765,-43.34,0
53.77,7.59,0
53.775,7.59,0
53.78,7.59,0
53.785,7.59,0
53.79,-38.54,0
53.795,32.63,0
53.8,32.63,0
53.805,32.63,0
53.81,32.63,0
53.815,32.63,0
53.82,32.63,0
53.825,21.77,0
53.83,-16.04,0
53.835,2.51,0
53.84,2.51,0
53.845,2.51,0
53.85,-43.77,0
53.855,-23.86,0
53.86,-23.86,0
53.865,-23.86,0
53.87,-74.85,0
53.875,-74.85,0
53.88,-25.46,0
53.885,-74.85,0
53.89,-74.85,0
53.895,-74.85,0
53.9,-4.11,0
53.905,-4.11,0
53.91,-9.28,0
53.915,-62.17,0
53.92,69.83,0
53.925,69.83,0
53.93,69.83,0
53.935,69.83,0
53.94,-97.01,0
53.945,-97.01,0
53.95,-1020.01,0
53.955,-1020.01,0
53.96,135.02,0
53.965,-68.68,0
53.97,807.92,0
53.975,-20.36,0
53.98,560.14,0
53.985,560.14,0
53.99,560.14,0
53.995,-642.37,0
54.0,161.95,0
54.005,161.95,0
54.01,775.07,0
54.015,775.07,0
54.02,592.89,0
54.025,85.94,0
54.03,-562.12,0
54.035,-186.56,0
54.04,-186.56,0
54.045,-186.56,0
54.05,784.73,0
54.055,599.42,0
54.06,599.42,0
54.065,-194.59,0
54.07,-194.59,0
54.075,112.24,0
54.08,112.24,0
54.085,112.24,0
54.09,112.24,0
54.095,112.24,0
54.1,528.4,0
54.105,515.92,0
54.11,515.92,0
54.115,-651.81,0
54.12,75.67,0
54.125,75.67,0
54.13,625.48,0
54.135,625.48,0
54.14,625.48,0
54.145,625.48,0
54.15,154.07,0
54.155,-298.97,0
54.16,-749.23,0
54.165,-749.23,0
54.17,-1065.2,0
54.175,574.13,0
54.18,-877.27,0
54.185,-877.27,0
54.19,638.56,0
54.195,-1049.51,0
54.2,-998.25,0
54.205,-998.25,0
54.21,-998.25,0
54.215,-998.25,0
54.22,-837.14,0
54.225,-837.14,0
54.23,-1024.6,0
54.235,-1024.6,0
54.24,-943.17,0
54.245,-943.17,0
54.25,-1015.91,0
54.255,-1015.91,0
54.26,-1030.78,0
54.265,-964.09,0
54.27,-1030.46,0
54.275,-1030.46,0
54.28,-976.95,0
54.285,-976.95,0
54.29,-1060.27,1
54.295,-104.84,0
54.3,-1083.59,0
54.305,-1083.59,0
54.31,-919.2,0
54.315,-919.2,0
54.32,-990.83,0
54.325,-989.48,0
54.33,-967.29,0
54.335,-989.48,0
54.34,-989.48,0
54.345,-989.48,0
54.35,-989.48,0
54.355,-989.48,0
54.36,-1034.85,0
54.365,-1034.85,0
54.37,-1034.85,0
54.375,-1034.85,0
54.38,-1034.85,0
54.385,-951.68,0
54.39,-1034.85,0
54.395,-832.55,0
54.4,-904.02,0
54.405,-904.02,0
54.41,-977.55,0
54.415,-977.55,0
54.42,-928.32,0
54.425,-875.18,0
54.43,-1082.81,0
54.435,-875.18,0
54.44,-945.18,0
54.445,-945.18,0
54.45,-945.34,0
54.455,-945.34,0
54.46,-920.07,0
54.465,-920.07,0
54.47,-992.66,0
54.475,-992.66,0
54.48,-992.66,0
54.485,-992.66,0
54.49,-943.05,0
54.495,-943.05,0
54.5,-983.38,0
54.505,-983.38,0
54.51,-998.26,0
54.515,-998.26,0
54.52,-998.59,0
54.525,-1006.56,0
54.53,-1006.56,0
54.535,-1107.78,0
54.54,-1107.78,0
54.545,-1051.71,0
54.55,-1051.71,0
54.555,-1051.71,0
54.56,-1022.48,0
54.565,-904.87,0
54.57,-1027.19,0
54.575,-1027.19,0
54.58,-920.12,0
54.585,-949.17,0
54.59,-949.17,0
54.595,-949.17,0
54.6,-1027.64,0
54.605,-1027.64,0
54.61,-935.77,0
54.615,-935.77,0
54.62,-1003.08,0
54.625,-1003.08,0
54.63,-941.13,0
54.635,-879.06,0
54.64,-981.25,0
54.645,-981.25,0
54.65,-1004.5,0
54.655,-1004.5,0
54.66,-1200.63,0
54.665,-1200.63,0
54.67,-992.74,0
54.675,-1321.59,0
54.68,-1321.59,0
54.685,-931.65,0
54.69,-1247.89,0
54.695,-1325.37,0
54.7,-1325.37,0
54.705,-976.71,0
54.71,-1020.84,0
54.715,-1020.84,0
54.72,-1020.84,0
54.725,-1020.84,0
54.73,-1325.37,0
54.735,-890.24,0
54.74,-890.24,0
54.745,-1238.91,0
54.75,-909.84,0
54.755,-1325.37,0
54.76,-1247.89,0
54.765,-972.9,0
54.77,-869.62,0
54.775,-869.62,0
54.78,29.42,0
54.785,-1093.64,0
54.79,29.42,0
54.795,29.42,0
54.8,38.91,0
54.805,-982.84,0
54.81,7.8,0
54.815,7.8,0
54.82,26.84,0
54.825,26.84,0
54.83,6.61,0
54.835,6.61,0
54.84,6.61,0
54.845,6.61,0
54.85,-9.35,0
54.855,-9.35,0
54.86,33.09,0
54.865,-76.42,0
54.87,-76.42,0
54.875,-76.42,0
54.88,-117.11,0
54.885,-910.99,0
54.89,-112.58,0
54.895,-78.08,0
54.9,-78.08,0
54.905,-129.06,0
54.91,-129.06,0
54.915,-129.06,0
54.92,-145.2,0
54.925,-145.2,0
54.93,-145.2,0
54.935,-55.82,0
54.94,-55.82,0
54.945,-188.69,0
54.95,32.78,0
54.955,-463.15,0
54.96,-463.15,0
54.965,-279.79,0
54.97,-279.79,0
54.975,-279.79,0
54.98,-279.79,0
54.985,-13.03,0
54.99,148.84,0
54.995,148.84,0
55.0,243.44,0
55.005,-55.82,0
55.01,-159.75,0
55.015,86.09,0
55.02,207.17,0
55.025,207.17,0
55.03,207.17,0
55.035,207.17,0
55.04,207.17,0
55.045,207.17,0
55.05,185.85,0
55.055,185.85,0
55.06,363.75,0
55.065,363.75,0
55.07,295.91,0
55.075,295.91,0
55.08,-46.27,0
55.085,295.91,0
55.09,336.12,0
55.095,-150.37,0
55.1,269.03,0
55.105,317.01,0
55.11,167.05,0
55.115,167.05,0
55.12,363.75,0
55.125,199.92,0
55.13,310.25,0
55.135,199.92,0
55.14,199.92,0
55.145,199.92,0
55.15,284.27,0
55.155,284.27,0
55.16,91.18,0
55.165,91.18,0
55.17,119.66,0
55.175,199.92,0
55.18,117.28,0
55.185,247.2,0
55.19,110.46,0
55.195,110.46,0
55.2,110.46,0
55.205,110.46,0
55.21,78.69,0
55.215,299.34,0
55.22,284.28,0
55.225,168.07,0
55.23,58.03,0
55.235,58.03,0
55.24,71.83,0
55.245,71.83,0
55.25,-15.3,0
55.255,-15.3,0
55.26,-55.9,0
55.265,-55.9,0
55.27,-27.73,0
55.275,71.83,0
55.28,-71.04,0
55.285,193.47,0
55.29,-25.0,0
55.295,-25.0,0
55.3,260.65,0
55.305,-248.85,0
55.31,-248.85,0
55.315,75.26,0
55.32,-47.59,0
55.325,-764.5,0
55.33,-764.5,0
55.335,-1183.48,0
55.34,-1183.48,0
55.345,-1183.48,0
55.35,-1183.48,0
55.355,-1275.24,0
55.36,-1275.24,0
55.365,-1710.91,0
55.37,-1710.91,0
55.375,-2113.17,0
55.38,-2113.17,0
55.385,-1864.16,0
55.39,260.65,0
55.395,-1864.16,0
55.4,-1864.16,0
55.405,-2712.73,0
55.41,-2712.73,0
55.415,-970.36,0
55.42,-2891.88,0
55.425,-2895.7,0
55.43,-2895.7,0
55.435,-3242.59,0
55.44,-3242.59,0
55.445,-3722.98,0
55.45,-3722.98,0
55.455,-3387.26,0
55.46,-3387.26,0
55.465,-2957.15,0
55.47,-2957.15,0
55.475,-2827.03,0
55.48,-1919.92,0
55.485,-1919.92,0
55.49,-1919.92,0
55.495,-1919.92,0
55.5,-1807.44,0
55.505,-1807.44,0
55.51,-370.08,0
55.515,-370.08,0
55.52,-370.08,0
55.525,-370.08,0
55.53,152.02,0
55.535,152.02,0
55.54,-193.71,0
55.545,-193.71,0
55.55,-1033.09,0
55.555,-1807.44,0
55.56,-2402.93,0
55.565,-1787.79,0
55.57,-2058.7,0
55.575,-2058.7,0
55.58,-12.94,0
55.585,-1486.4,0
55.59,-1772.38,0
55.595,-1772.38,0
55.6,-66.21,0
55.605,-66.21,0
55.61,37.9,0
55.615,37.9,0
55.62,-64.37,0
55.625,-64.37,0
55.63,2.59,0
55.635,2.59,0
55.64,-43.72,0
55.645,-43.72,0
55.65,8.67,0
55.655,8.67,0
55.66,8.67,0
55.665,-17.61,0
55.67,-17.61,0
55.675,-12.55,0
55.68,-12.55,0
55.685,-36.88,0
55.69,-36.88,0
55.695,-97.96,0
55.7,-97.96,0
55.705,-38.51,0
55.71,-38.51,0
55.715,-50.12,0
55.72,-50.12,0
55.725,62.33,0
55.73,62.33,0
55.735,62.33,0
55.74,62.33,0
55.745,-1478.89,0
55.75,62.33,0
55.755,62.33,0
55.76,-25.81,0
55.765,-25.81,0
55.77,-100.09,0
55.775,-100.09,0
55.78,65.93,0
55.785,65.93,0
55.79,106.32,0
55.795,106.32,0
55.8,65.93,0
55.805,106.32,0
55.81,29.26,0
55.815,29.26,0
55.82,-205.9,0
55.825,-205.9,0
55.83,-35.15,0
55.835,-35.15,0
55.84,-152.6,0
55.845,-71.56,0
55.85,-71.56,0
55.855,-178.43,0
55.86,-178.43,0
55.865,-178.43,0
55.87,-261.83,0
55.875,-261.83,0
55.88,-307.63,0
55.885,66.44,0
55.89,-394.85,0
55.895,-31.15,0
55.9,-31.15,0
55.905,-31.15,0
55.91,-31.15,0
55.915,-31.15,0
55.92,169.11,0
55.925,169.11,0
55.93,315.5,0
55.935,315.5,0
55.94,1466.65,0
55.945,1466.65,0
55.95,1466.65,0
55.955,1508.53,0
55.96,1508.53,0
55.965,1508.53,0
55.97,1683.82,0
55.975,1683.82,0
55.98,1411.56,0
55.985,1411.56,0
55.99,1846.21,0
55.995,1846.21,0
56.0,1846.21,0
56.005,1846.21,0
56.01,107.28,0
56.015,2970.45,0
56.02,3542.82,0
56.025,3542.82,0
56.03,3462.52,0
56.035,3462.52,0
56.04,3291.64,0
56.045,3291.64,0
56.05,3291.64,0
56.055,3291.64,0
56.06,3489.64,0
56.065,3489.64,0
56.07,3489.64,0
56.075,3489.64,0
56.08,4314.04,0
56.085,4314.04,0
56.09,4083.92,0
56.095,4083.92,0
56.1,4475.95,0
56.105,4475.95,0
56.11,5046.2,0
56.115,5046.2,0
56.12,5422.04,0
56.125,5422.04,0
56.13,5043.63,0
56.135,5250.16,0
56.14,1602.89,0
56.145,5475.61,0
56.15,6368.82,0
56.155,6368.82,0
56.16,6309.46,0
56.165,6309.46,0
56.17,6309.46,0
56.175,6309.46,0
56.18,6503.17,0
56.185,6503.17,0
56.19,5250.16,0
56.195,7047.52,0
56.2,7242.15,0
56.205,7311.2,0
56.21,7033.68,0
56.215,7033.68,0
56.22,7505.28,0
56.225,7311.2,0
56.23,8047.03,0
56.235,8047.03,0
56.24,8373.22,0
56.245,8373.22,0
56.25,8039.29,0
56.255,8519.85,0
56.26,8519.85,0
56.265,8519.85,0
56.27,8519.85,0
56.275,8177.14,0
56.28,9432.3,0
56.285,9432.3,0
56.29,9432.3,0
56.295,9432.3,0
56.3,9370.64,0
56.305,9370.64,0
56.31,9512.88,0
56.315,9370.64,0
56.32,10359.87,0
56.325,10359.87,0
56.33,10359.87,0
56.335,10359.87,0
56.34,10035.73,0
56.345,10035.73,0
56.35,10639.41,0
56.355,10639.41,0
56.36,10341.38,0
56.365,10341.38,0
56.37,10614.24,0
56.375,10614.24,0
56.38,10827.53,0
56.385,10827.53,0
56.39,10556.89,0
56.395,10377.82,0
56.4,10377.82,0
56.405,10377.82,0
56.41,9614.31,0
56.415,9614.31,0
56.42,2365.46,0
56.425,2365.46,0
56.43,2365.46,0
56.435,2365.46,0
56.44,3062.39,0
56.445,3062.39,0
56.45,2680.96,0
56.455,2680.96,0
56.46,2036.1,0
56.465,2036.1,0
56.47,2226.84,0
56.475,2226.84,0
56.48,2226.84,0
56.485,2226.84,0
56.49,10798.03,0
56.495,2445.13,0
56.5,2445.13,0
56.505,2468.86,0
56.51,2468.86,0
56.515,2373.28,0
56.52,2373.28,0
56.525,2615.49,0
56.53,2615.49,0
56.535,2558.39,0
56.54,2558.39,0
56.545,2209.8,0
56.55,9598.27,0
56.555,2304.13,0
56.56,3037.56,0
56.565,3037.56,0
56.57,8905.45,0
56.575,3037.56,0
56.58,2820.67,0
56.585,6233.61,0
56.59,2867.6,0
56.595,2867.6,0
56.6,2867.6,0
56.605,2867.6,0
56.61,2867.6,0
56.615,2852.21,0
56.62,2852.21,0
56.625,2852.21,0
56.63,2849.11,0
56.635,2849.11,0
56.64,2897.15,0
56.645,2897.15,0
56.65,2897.15,0
56.655,2897.15,0
56.66,2839.99,0
56.665,2839.99,0
56.67,2857.36,0
56.675,2857.36,0
56.68,2957.26,0
56.685,2957.26,0
56.69,2923.39,0
56.695,2923.39,0
56.7,2923.39,0
56.705,2923.39,0
56.71,2920.32,0
56.715,2893.88,0
56.72,2893.88,0
56.725,2893.88,0
56.73,2850.72,0
56.735,2850.72,0
56.74,2850.72,0
56.745,2850.72,0
56.75,2849.51,0
56.755,2849.51,0
56.76,2926.71,0
56.765,2926.71,0
56.77,2891.81,0
56.775,2891.81,0
56.78,2763.77,0
56.785,2641.72,0
56.79,2930.97,0
56.795,2641.72,0
56.8,2641.72,0
56.805,2897.93,0
56.81,2641.72,0
56.815,2862.77,0
56.82,2862.77,0
56.825,2470.03,0
56.83,2470.03,0
56.835,2770.58,0
56.84,2770.58,0
56.845,3001.1,0
56.85,3001.1,0
56.855,3193.83,0
56.86,3193.83,0
56.865,3171.54,0
56.87,3171.54,0
56.875,3372.21,0
56.88,3372.21,0
56.885,3102.66,0
56.89,3102.66,0
56.895,2958.41,0
56.9,2958.41,0
56.905,2909.44,0
56.91,2909.44,0
56.915,3021.94,0
56.92,3021.94,0
56.925,3112.85,0
56.93,3215.11,0
56.935,3055.82,0
56.94,3055.82,0
56.945,2961.93,0
56.95,2961.93,0
56.955,2987.84,0
56.96,2987.84,0
56.965,3204.31,0
56.97,3204.31,0
56.975,3272.73,0
56.98,3272.73,0
56.985,3272.73,0
56.99,3272.73,0
56.995,3247.59,0
57.0,3247.59,0
57.005,3192.62,0
57.01,3192.62,0
57.015,3088.01,0
57.02,3088.01,0
57.025,3091.49,0
57.03,3091.49,0
57.035,2983.22,0
57.04,2983.22,0
57.045,2983.22,0
57.05,3008.76,0
57.055,3008.76,0
57.06,2995.9,0
57.065,2995.9,0
57.07,3925.44,0
57.075,3925.44,0
57.08,4145.3,0
57.085,4145.3,0
57.09,3854.49,0
57.095,3247.62,0
57.1,3417.64,0
57.105,3417.64,0
57.11,3385.2,0
57.115,3337.22,0
57.12,3337.22,0
57.125,2716.92,0
57.13,2716.92,0
57.135,2830.12,0
57.14,2830.12,0
57.145,2830.12,0
57.15,2830.12,0
57.155,2738.93,0
57.16,2738.93,0
57.165,2789.15,0
57.17,3080.58,0
57.175,3558.79,0
57.18,2821.8,0
57.185,2919.44,0
57.19,2919.44,0
57.195,3138.98,0
57.2,3017.95,0
57.205,3017.95,0
57.21,3017.95,0
57.215,3854.09,0
57.22,3008.87,0
57.225,3008.87,0
57.23,3008.87,0
57.235,2946.27,0
57.24,2744.67,0
57.245,2744.67,0
57.25,3388.0,0
57.255,2830.23,0
57.26,40.39,0
57.265,40.39,0
57.27,40.39,0
57.275,40.39,0
57.28,2964.28,0
57.285,73.3,0
57.29,106.34,0
57.295,106.34,0
57.3,43.6,0
57.305,43.6,0
57.31,43.6,0
57.315,43.6,0
57.32,43.6,0
57.325,19.67,0
57.33,19.67,0
57.335,-19.88,0
57.34,-19.88,0
57.345,1.71,0
57.35,-386.05,0
57.355,-456.22,0
57.36,-70.51,0
57.365,106.34,0
57.37,-456.22,0
57.375,-168.58,0
57.38,-168.58,0
57.385,-55.71,0
57.39,-55.71,0
57.395,-55.71,0
57.4,-37.64,0
57.405,93.23,0
57.41,-57.02,0
57.415,-57.02,0
57.42,-42.79,0
57.425,-42.79,0
57.43,-171.67,0
57.435,-195.21,0
57.44,-15.36,0
57.445,-195.21,0
57.45,-218.43,0
57.455,-218.43,0
57.46,-253.06,0
57.465,-117.1,0
57.47,-154.87,0
57.475,-57.95,0
57.48,15.89,0
57.485,60.02,0
57.49,60.02,0
57.495,79.77,0
57.5,79.77,0
57.505,-31.27,0
57.51,-31.27,0
57.515,-40.74,0
57.52,-40.74,0
57.525,-304.3,0
57.53,-63.01,0
57.535,-63.01,0
57.54,-63.01,0
57.545,-13.92,0
57.55,-13.92,0
57.555,23.77,0
57.56,23.77,0
57.565,23.77,0
57.57,-4.06,0
57.575,-73.14,0
57.58,33.12,0
57.585,33.12,0
57.59,-37.41,0
57.595,-37.41,0
57.6,-53.16,0
57.605,-53.16,0
57.61,-3.94,0
57.615,-3.94,0
57.62,237.74,0
57.625,237.74,0
57.63,76.6,0
57.635,76.6,0
57.64,-13.78,0
57.645,-13.78,0
57.65,-14.21,0
57.655,60.16,0
57.66,104.48,0
57.665,930.51,0
57.67,8.32,0
57.675,930.51,0
57.68,775.58,0
57.685,78.35,0
57.69,1496.86,0
57.695,1496.86,0
57.7,1272.48,0
57.705,669.09,0
57.71,1272.48,0
57.715,1272.48,0
57.72,1272.48,0
57.725,1272.48,0
57.73,873.49,0
57.735,1168.77,0
57.74,380.14,0
57.745,359.56,0
57.75,359.56,0
57.755,359.56,0
57.76,964.39,0
57.765,964.39,0
57.77,689.58,0
57.775,689.58,0
57.78,466.16,0
57.785,359.56,0
57.79,571.39,0
57.795,1066.18,0
57.8,926.94,0
57.805,-15.16,0
57.81,1050.23,0
57.815,1052.49,0
57.82,99.34,0
57.825,1080.04,0
57.83,1080.04,0
57.835,1080.04,0
57.84,1080.04,0
57.845,1001.66,0
57.85,1001.66,0
57.855,1496.92,0
57.86,928.03,0
57.865,1008.0,0
57.87,1040.43,0
57.875,988.55,0
57.88,988.55,0
57.885,988.55,0
57.89,1028.91,0
57.895,1028.91,0
57.9,1002.56,0
57.905,1002.56,0
57.91,1007.88,0
57.915,1075.27,0
57.92,1075.27,0
57.925,1075.27,0
57.93,1075.27,0
57.935,1383.75,0
57.94,731.33,0
57.945,1354.67,0
57.95,1354.67,0
57.955,1098.1,0
57.96,1061.62,0
57.965,848.34,0
57.97,1017.92,0
57.975,991.02,0
57.98,991.02,0
57.985,932.09,0
57.99,932.09,0
57.995,881.85,0
58.0,1041.38,0
58.005,1079.6,0
58.01,2011.23,0
58.015,2011.23,0
58.02,2011.23,0
58.025,2011.23,0
58.03,2011.23,0
58.035,1289.15,0
58.04,2136.03,0
58.045,1033.86,0
58.05,11.69,0
58.055,11.69,0
58.06,11.69,0
58.065,-114.81,0
58.07,1882.95,0
58.075,-310.87,0
58.08,1164.98,0
58.085,-144.97,0
58.09,1098.08,0
58.095,86.24,0
58.1,86.24,0
58.105,41.1,0
58.11,41.1,0
58.115,14.79,0
58.12,14.79,0
58.125,-382.3,0
58.13,3.18,0
58.135,-43.58,0
58.14,931.38,0
58.145,1.1,0
58.15,1.1,0
58.155,23.73,0
58.16,23.73,0
58.165,23.73,0
58.17,-28.96,0
58.175,51.72,0
58.18,51.72,0
58.185,5.69,0
58.19,5.69,0
58.195,13.14,0
58.2,13.14,0
58.205,2151.15,0
58.21,30.59,0
58.215,6.56,0
58.22,30.59,0
58.225,4.72,0
58.23,4.72,0
58.235,30.12,0
58.24,30.12,0
58.245,49.29,0
58.25,22.3,0
58.255,16.26,0
58.26,49.29,0
58.265,38.55,0
58.27,38.55,0
58.275,14.21,0
58.28,14.21,0
58.285,14.7,0
58.29,48.39,0
58.295,106.84,0
58.3,106.84,0
58.305,5.72,0
58.31,52.11,0
58.315,-23.32,0
58.32,-23.32,0
58.325,7.44,0
58.33,7.44,0
58.335,-34.38,0
58.34,-34.38,0
58.345,41.36,0
58.35,-7.3,0
58.355,-22.0,0
58.36,-22.0,0
58.365,-10.36,0
58.37,-10.36,0
58.375,50.93,0
58.38,-3.17,0
58.385,-252.15,0
58.39,-252.15,0
58.395,-252.15,0
58.4,-320.0,0
58.405,-321.36,0
58.41,-3.7,0
58.415,-252.15,0
58.42,6.42,0
58.425,43.66,0
58.43,-7.79,0
58.435,-7.79,0
58.44,42.59,0
58.445,42.59,0
58.45,42.59,0
58.455,42.59,0
58.46,-172.7,0
58.465,41.28,0
58.47,-7.67,0
58.475,-7.67,0
58.48,36.92,0
58.485,36.92,0
58.49,-13.49,0
58.495,-13.49,0
58.5,-13.49,0
58.505,42.41,0
58.51,42.41,0
58.515,5.15,0
58.52,5.15,0
58.525,18.74,0
58.53,18.74,0
58.535,-8.65,0
58.54,-13.59,0
58.545,37.32,0
58.55,31.98,0
58.555,0.88,0
58.56,0.88,0
58.565,32.58,0
58.57,32.58,0
58.575,32.58,0
58.58,32.58,0
58.585,58.35,0
58.59,58.35,0
58.595,8.21,0
58.6,8.21,0
58.605,15.42,0
58.61,15.42,0
58.615,15.42,0
58.62,15.42,0
58.625,15.42,0
58.63,15.42,0
58.635,-44.31,0
58.64,-44.31,0
58.645,-26.76,0
58.65,46.33,0
58.655,46.33,0
58.66,46.33,0
58.665,-44.31,0
58.67,31.4,0
58.675,31.4,0
58.68,-12.65,0
58.685,-457.25,0
58.69,20.39,0
58.695,-146.36,0
58.7,-146.36,0
58.705,-457.25,0
58.71,-259.42,0
58.715,-259.42,0
58.72,-259.42,0
58.725,391.64,0
58.73,391.64,0
58.735,202.85,0
58.74,202.85,0
58.745,237.19,0
58.75,237.19,0
58.755,237.19,0
58.76,237.19,0
58.765,-9.78,0
58.77,251.41,0
58.775,1255.25,0
58.78,898.37,0
58.785,898.37,0
58.79,165.5,0
58.795,959.82,0
58.8,880.1,0
58.805,880.1,0
58.81,1040.58,0
58.815,1226.77,0
58.82,807.22,0
58.825,1149.07,0
58.83,1149.07,0
58.835,494.63,0
58.84,494.63,0
58.845,494.63,0
58.85,494.63,0
58.855,413.97,0
58.86,413.97,0
58.865,-443.49,0
58.87,413.97,0
58.875,1040.58,0
58.88,1011.77,0
58.885,-512.37,0
58.89,350.45,0
58.895,-34.41,0
58.9,-34.41,0
58.905,378.73,0
58.91,378.73,0
58.915,464.09,0
58.92,534.54,0
58.925,659.25,0
58.93,659.25,0
58.935,463.84,0
58.94,463.84,0
58.945,20.22,0
58.95,20.22,0
58.955,546.47,0
58.96,546.47,0
58.965,1085.14,0
58.97,1085.14,0
58.975,1125.24,0
58.98,1125.24,0
58.985,755.63,0
58.99,813.29,0
58.995,792.86,0
59.0,792.86,0
59.005,792.86,0
59.01,792.86,0
59.015,703.69,0
59.02,703.69,0
59.025,1172.01,0
59.03,1585.28,0
59.035,1585.28,0
59.04,1587.65,0
59.045,1587.65,0
59.05,1813.26,0
59.055,1813.26,0
59.06,1813.26,0
59.065,1958.81,0
59.07,2055.38,0
59.075,2055.38,0
59.08,2055.38,0
59.085,2295.49,0
59.09,2295.49,0
59.095,1922.68,0
59.1,2249.81,0
59.105,2249.81,0
59.11,2249.81,0
59.115,1942.3,0
59.12,792.79,0
59.125,1920.64,0
59.13,2146.42,0
59.135,2021.67,0
59.14,2021.67,0
59.145,2084.77,0
59.15,2084.77,0
59.155,2084.77,0
59.16,2084.77,0
59.165,2084.77,0
59.17,1951.18,0
59.175,1167.87,0
59.18,2239.62,0
59.185,832.17,0
59.19,2249.79,0
59.195,1558.83,0
59.2,2595.67,0
59.205,2595.67,0
59.21,2595.67,0
59.215,2595.67,0
59.22,2327.58,0
59.225,3117.89,0
59.23,2850.55,0
59.235,2878.52,0
59.24,2775.87,0
59.245,2775.87,0
59.25,2653.39,0
59.255,2653.39,0
59.26,2329.9,0
59.265,2329.9,0
59.27,2884.57,0
59.275,2884.57,0
59.28,3619.94,0
59.285,3656.88,0
59.29,3656.88,1
59.295,3656.88,0
59.3,3656.88,0
59.305,3245.67,0
59.31,3245.67,0
59.315,3245.67,0
59.32,3271.37,0
59.325,3271.37,0
59.33,3814.67,0
59.335,3663.54,0
59.34,3855.66,0
59.345,2246.8,0
59.35,3076.46,0
59.355,3224.36,0
59.36,3224.36,0
59.365,3051.35,0
59.37,3051.35,0
59.375,3728.31,0
59.38,2179.59,0
59.385,1746.24,0
59.39,1746.24,0
59.395,3271.36,0
59.4,2741.83,0
59.405,1638.4,0
59.41,1638.4,0
59.415,1692.86,0
59.42,1692.86,0
59.425,1394.05,0
59.43,1394.05,0
59.435,1875.36,0
59.44,1179.66,0
59.445,962.53,0
59.45,1293.48,0
59.455,1016.79,0
59.46,1016.79,0
59.465,1016.79,0
59.47,1016.79,0
59.475,995.77,0
59.48,995.77,0
59.485,995.77,0
59.49,470.04,0
59.495,470.04,0
59.5,60.88,0
59.505,60.88,0
59.51,905.8,0
59.515,905.8,0
59.52,905.8,0
59.525,905.8,0
59.53,905.8,0
59.535,1460.89,0
59.54,1460.89,0
59.545,1460.89,0
59.55,1031.11,0
59.555,1244.49,0
59.56,1353.49,0
59.565,1353.49,0
59.57,1353.49,0
59.575,1353.49,0
59.58,421.53,0
59.585,858.66,0
59.59,906.89,0
59.595,906.89,0
59.6,206.91,0
59.605,206.91,0
59.61,206.91,0
59.615,206.91,0
59.62,60.98,0
59.625,31.96,0
59.63,-936.5,0
59.635,-936.5,0
59.64,-936.5,0
59.645,-936.5,0
59.65,-388.31,0
59.655,-333.89,0
59.66,73.57,0
59.665,73.57,0
59.67,-777.93,0
59.675,-777.93,0
59.68,-953.62,0
59.685,-953.62,0
59.69,-960.18,0
59.695,-960.18,0
59.7,-960.18,0
59.705,-960.18,0
59.71,-108.24,0
59.715,-108.24,0
59.72,-448.04,0
59.725,-936.51,0
59.73,-51.47,0
59.735,-51.47,0
59.74,12.05,0
59.745,71.72,0
59.75,-89.93,0
59.755,40.74,0
59.76,40.74,0
59.765,-487.76,0
59.77,-487.76,0
59.775,-487.76,0
59.78,-487.76,0
59.785,134.65,0
59.79,-51.47,0
59.795,359.72,0
59.8,359.72,0
59.805,-936.72,0
59.81,-936.72,0
59.815,-107.04,0
59.82,-989.88,0
59.825,-1014.9,0
59.83,-1014.9,0
59.835,-1356.36,0
59.84,-1356.36,0
59.845,-1301.4,0
59.85,-1301.4,0
59.855,-44.22,0
59.86,-1282.23,0
59.865,-920.97,0
59.87,-920.97,0
59.875,-1357.17,0
59.88,-1357.17,0
59.885,-1357.17,0
59.89,-1417.37,0
59.895,199.14,0
59.9,-822.74,0
59.905,42.86,0
59.91,-822.74,0
59.915,-116.25,0
59.92,-116.25,0
59.925,136.03,0
59.93,382.65,0
59.935,126.06,0
59.94,-1422.12,0
59.945,373.33,0
59.95,548.26,0
59.955,548.26,0
59.96,489.73,0
59.965,489.73,0
59.97,259.49,0
59.975,259.49,0
59.98,61.44,0
59.985,61.44,0
59.99,-50.85,0
59.995,-1305.66,0
60.0,-90.23,0
60.005,-90.23,0
60.01,-90.23,0
60.015,-90.23,0
60.02,-90.23,0
60.025,-90.23,0
60.03,-121.19,0
60.035,-121.19,0
60.04,-69.54,0
60.045,-69.54,0
60.05,-40.55,0
60.055,-40.55,0
60.06,-40.55,0
60.065,-40.55,0
60.07,-27.71,0
60.075,-27.71,0
60.08,-35.45,0
60.085,-9.41,0
60.09,-60.36,0
60.095,-60.36,0
60.1,-60.36,0
60.105,25.38,0
60.11,25.38,0
60.115,482.01,0
60.12,254.72,0
60.125,254.72,0
60.13,536.96,0
60.135,76.79,0
60.14,-138.04,0
60.145,-138.04,0
60.15,-138.04,0
60.155,-138.04,0
60.16,25.38,0
60.165,-440.72,0
60.17,-573.52,0
60.175,-573.52,0
60.18,-1040.95,0
60.185,-1040.95,0
60.19,-988.32,0
60.195,-988.32,0
60.2,-138.04,0
60.205,-477.03,0
60.21,-359.52,0
60.215,-138.04,0
60.22,-359.52,0
60.225,-359.52,0
60.23,-544.16,0
60.235,-544.16,0
60.24,-442.21,0
60.245,-442.21,0
60.25,-649.51,0
60.255,-649.51,0
60.26,-323.82,0
60.265,-323.82,0
60.27,-580.04,0
60.275,-412.58,0
60.28,-412.58,0
60.285,-412.58,0
60.29,-296.58,0
60.295,480.7,0
60.3,480.7,0
60.305,390.74,0
60.31,-566.28,0
60.315,118.46,0
60.32,118.46,0
60.325,-128.91,0
60.33,669.5,0
60.335,699.42,0
60.34,699.42,0
60.345,9.13,0
60.35,9.13,0
60.355,179.03,0
60.36,179.03,0
60.365,332.72,0
60.37,332.72,0
60.375,267.05,0
60.38,281.59,0
60.385,281.59,0
60.39,281.59,0
60.395,158.45,0
60.4,158.45,0
60.405,158.45,0
60.41,118.19,0
60.415,118.19,0
60.42,5.43,0
60.425,332.72,0
60.43,-613.45,0
60.435,6.86,0
60.44,-83.55,0
60.445,-83.55,0
60.45,-26.98,0
60.455,-26.98,0
60.46,-61.23,0
60.465,6.78,0
60.47,6.78,0
60.475,6.78,0
60.48,-24.52,0
60.485,-24.52,0
60.49,-26.98,0
60.495,38.96,0
60.5,-3.99,0
60.505,-3.99,0
60.51,-28.13,0
60.515,-28.13,0
60.52,-28.13,0
60.525,-60.8,0
60.53,-60.8,0
60.535,-19.97,0
60.54,-19.97,0
60.545,-72.93,0
60.55,-72.93,0
60.555,-22.57,0
60.56,-22.57,0
60.565,-22.57,0
60.57,-22.57,0
60.575,-40.23,0
60.58,-40.23,0
60.585,-33.4,0
60.59,-33.4,0
60.595,-33.4,0
60.6,-33.4,0
60.605,-33.4,0
60.61,-33.4,0
60.615,-139.42,0
60.62,-139.42,0
60.625,-77.71,0
60.63,-77.71,0
60.635,-16.31,0
60.64,-16.31,0
60.645,11.93,0
60.65,-30.62,0
60.655,-7.54,0
60.66,-7.54,0
60.665,-5.9,0
60.67,-5.9,0
60.675,8.11,0
60.68,8.11,0
60.685,8.11,0
60.69,8.11,0
60.695,-43.69,0
60.7,0.7,0
60.705,0.7,0
60.71,0.7,0
60.715,0.7,0
60.72,-33.73,0
60.725,3.55,0
60.73,3.55,0
60.735,-16.31,0
60.74,23.47,0
60.745,-29.37,0
60.75,-29.37,0
60.755,-5.43,0
60.76,-5.43,0
60.765,-5.43,0
60.77,-88.06,0
60.775,14.08,0
60.78,-5.13,0
60.785,143.17,0
60.79,143.17,0
60.795,53.54,0
60.8,53.54,0
60.805,41.76,0
60.81,41.76,0
60.815,42.37,0
60.82,42.37,0
60.825,7.15,0
60.83,8.9,0
60.835,8.9,0
60.84,19.58,0
60.845,27.45,0
60.85,53.84,0
60.855,53.84,0
60.86,53.84,0
60.865,77.72,0
60.87,77.72,0
60.875,116.59,0
60.88,116.59,0
60.885,132.42,0
60.89,132.42,0
60.895,255.02,0
60.9,143.17,0
60.905,625.9,0
60.91,625.9,0
60.915,657.42,0
60.92,657.42,0
60.925,632.91,0
60.93,346.95,0
60.935,632.91,0
60.94,632.91,0
60.945,1239.68,0
60.95,1239.68,0
60.955,1241.46,0
60.96,1241.46,0
60.965,754.94,0
60.97,754.94,0
60.975,1087.63,0
60.98,1087.63,0
60.985,1087.63,0
60.99,411.61,0
60.995,292.54,0
61.0,527.72,0
61.005,527.72,0
61.01,1205.35,0
61.015,916.14,0
61.02,722.1,0
61.025,722.1,0
61.03,722.1,0
61.035,722.1,0
61.04,46.76,0
61.045,126.49,0
61.05,126.49,0
61.055,126.49,0
61.06,-98.56,0
61.065,-98.56,0
61.07,-491.8,0
61.075,-491.8,0
61.08,-491.8,0
61.085,-491.8,0
61.09,631.2,0
61.095,-491.8,0
61.1,126.49,0
61.105,-217.89,0
61.11,-217.89,0
61.115,522.29,0
61.12,522.29,0
61.125,242.65,0
61.13,242.65,0
61.135,407.26,0
61.14,407.26,0
61.145,407.26,0
61.15,-663.01,0
61.155,831.56,0
61.16,1099.48,0
61.165,1099.48,0
61.17,983.81,0
61.175,983.81,0
61.18,961.38,0
61.185,961.38,0
61.19,1051.76,0
61.195,961.64,0
61.2,961.64,0
61.205,961.64,0
61.21,868.99,0
61.215,868.99,0
61.22,895.76,0
61.225,895.76,0
61.23,913.37,0
61.235,913.37,0
61.24,943.66,0
61.245,943.66,0
61.25,-75.49,0
61.255,955.95,0
61.26,908.57,0
61.265,927.05,0
61.27,927.05,0
61.275,1121.47,0
61.28,1121.47,0
61.285,1119.36,0
61.29,1119.36,0
61.295,1036.1,0
61.3,1036.1,0
61.305,1008.16,0
61.31,1030.62,0
61.315,786.46,0
61.32,786.46,0
61.325,529.67,0
61.33,542.24,0
61.335,542.24,0
61.34,542.24,0
61.345,-27.71,0
61.35,-27.71,0
61.355,47.2,0
61.36,47.2,0
61.365,1008.16,0
61.37,3.45,0
61.375,3.45,0
61.38,3.45,0
61.385,29.55,0
61.39,29.55,0
61.395,-165.34,0
61.4,1063.07,0
61.405,74.47,0
61.41,74.47,0
61.415,74.47,0
61.42,45.44,0
61.425,74.47,0
61.43,74.47,0
61.435,-288.33,0
61.44,-288.33,0
61.445,-1117.55,0
61.45,-1117.55,0
61.455,-909.25,0
61.46,-909.25,0
61.465,-909.25,0
61.47,-20.23,0
61.475,-909.25,0
61.48,-909.25,0
61.485,-1081.03,0
61.49,-1081.03,0
61.495,-1081.03,0
61.5,-1081.03,0
61.505,-1081.03,0
61.51,-1111.52,0
61.515,-1111.52,0
61.52,-1111.52,0
61.525,-1065.22,0
61.53,-1065.22,0
61.535,-1408.67,0
61.54,-1435.27,0
61.545,-1435.27,0
61.55,-989.9,0
61.555,-989.9,0
61.56,-1089.8,0
61.565,-1089.8,0
61.57,-1670.53,0
61.575,-1670.53,0
61.58,-1670.53,0
61.585,-1670.53,0
61.59,-2565.52,0
61.595,-2565.52,0
61.6,-2577.11,0
61.605,-2577.11,0
61.61,-3072.02,0
61.615,-3072.02,0
61.62,-2872.73,0
61.625,-1166.37,0
61.63,-3408.29,0
61.635,-3408.29,0
61.64,-1166.35,0
61.645,-3222.4,0
61.65,-2982.23,0
61.655,-2939.99,0
61.66,-2939.99,0
61.665,-2467.77,0
61.67,-2467.77,0
61.675,-2400.77,0
61.68,-2400.77,0
61.685,-2999.72,0
61.69,-2999.72,0
61.695,-3094.27,0
61.7,-3094.27,0
61.705,-3094.27,0
61.71,-3094.27,0
61.715,-2807.47,0
61.72,-2807.47,0
61.725,-2560.79,0
61.73,-2560.79,0
61.735,-2313.27,0
61.74,-3203.07,0
61.745,-2440.35,0
61.75,-2440.35,0
61.755,-2440.35,0
61.76,-2440.35,0
61.765,-2554.7,0
61.77,-2554.7,0
61.775,-2329.53,0
61.78,-2329.53,0
61.785,-1749.56,0
61.79,-1749.56,0
61.795,-1994.43,0
61.8,-2991.14,0
61.805,-1994.43,0
61.81,-1994.43,0
61.815,-2193.21,0
61.82,-3000.64,0
61.825,-2215.07,0
61.83,-2215.07,0
61.835,-1324.73,0
61.84,-1324.73,0
61.845,-575.02,0
61.85,-575.02,0
61.855,-2215.07,0
61.86,-26.93,0
61.865,-318.81,0
61.87,-318.81,0
61.875,-1124.53,0
61.88,-1303.18,0
61.885,-1303.18,0
61.89,-1303.18,0
61.895,-2435.81,0
61.9,-1733.32,0
61.905,-2054.14,0
61.91,-2054.14,0
61.915,-2198.33,0
61.92,-2198.33,0
61.925,-2198.33,0
61.93,-2489.08,0
61.935,-2489.08,0
61.94,-2489.08,0
61.945,-2489.08,0
61.95,-2489.08,0
61.955,-3377.69,0
61.96,-3377.69,0
61.965,-2822.49,0
61.97,-1191.31,0
61.975,-2822.49,0
61.98,-3155.12,0
61.985,-2459.14,0
61.99,-2528.3,0
61.995,-3341.91,0
62.0,-2333.08,0
62.005,-2763.16,0
62.01,-2787.19,0
62.015,-2787.19,0
62.02,-2787.19,0
62.025,-2787.19,0
62.03,-2787.19,0
62.035,-3120.96,0
62.04,-3120.96,0
62.045,-3120.96,0
62.05,-3120.96,0
62.055,-2479.49,0
62.06,-2924.98,0
62.065,-1995.15,0
62.07,-2822.49,0
62.075,-2822.46,0
62.08,-2535.32,0
62.085,-3096.46,0
62.09,-3046.66,0
62.095,-3096.46,0
62.1,-3072.16,0
62.105,-3072.16,0
62.11,-2998.42,0
62.115,-2998.42,0
62.12,-2988.64,0
62.125,-2988.64,0
62.13,-2953.71,0
62.135,-2953.71,0
62.14,-2670.01,0
62.145,-2670.01,0
62.15,-58.15,0
62.155,-58.15,0
62.16,93.4,0
62.165,-2856.5,0
62.17,95.2,0
62.175,95.2,0
62.18,95.2,0
62.185,95.2,0
62.19,142.58,0
62.195,176.78,0
62.2,176.78,0
62.205,548.03,0
62.21,-2492.58,0
62.215,-498.36,0
62.22,-498.36,0
62.225,-498.36,0
62.23,-498.36,0
62.235,-498.36,0
62.24,-1165.06,0
62.245,-1452.86,0
62.25,-1452.86,0
62.255,-745.59,0
62.26,-745.59,0
62.265,-951.6,0
62.27,-951.6,0
62.275,237.8,0
62.28,-951.6,0
62.285,-44.36,0
62.29,-440.88,0
62.295,-440.88,0
62.3,-219.71,0
62.305,-679.91,0
62.31,-679.91,0
62.315,-2186.15,0
62.32,-2186.15,0
62.325,-2186.15,0
62.33,-2186.15,0
62.335,-2341.6,0
62.34,-2341.6,0
62.345,-2891.56,0
62.35,-2891.56,0
62.355,-2858.99,0
62.36,-2858.99,0
62.365,-3098.7,0
62.37,-3098.7,0
62.375,-3098.7,0
62.38,-3098.7,0
62.385,-3623.5,0
62.39,-3623.5,0
62.395,-4113.79,0
62.4,-568.4,0
62.405,-4851.52,0
62.41,-4851.52,0
62.415,-4547.33,0
62.42,-4547.33,0
62.425,-4547.33,0
62.43,-4547.33,0
62.435,-3764.05,0
62.44,-3764.05,0
62.445,-3642.27,0
62.45,-3642.27,0
62.455,-3610.33,0
62.46,-3610.33,0
62.465,-3608.47,0
62.47,-3608.47,0
62.475,-3529.84,0
62.48,-3529.84,0
62.485,-3510.97,0
62.49,-3510.97,0
62.495,-3848.82,0
62.5,-3848.82,0
62.505,-4652.7,0
62.51,-2197.87,0
62.515,-4764.3,0
62.52,-4303.67,0
62.525,-4303.67,0
62.53,-4303.67,0
62.535,-4530.34,0
62.54,-4530.34,0
62.545,-4530.34,0
62.55,-4530.34,0
62.555,-3493.74,0
62.56,-4240.92,0
62.565,-4474.31,0
62.57,-4474.31,0
62.575,-3249.71,0
62.58,-2589.92,0
62.585,-2589.92,0
62.59,-2589.92,0
62.595,-2589.92,0
62.6,-2589.92,0
62.605,-2472.68,0
62.61,-2472.68,0
62.615,-2843.13,0
62.62,-2917.11,0
62.625,-2624.21,0
62.63,-2624.21,0
62.635,-2277.46,0
62.64,-2277.46,0
62.645,-2277.46,0
62.65,-2724.7,0
62.655,-4813.76,0
62.66,-2345.5,0
62.665,-2345.5,0
62.67,-2345.5,0
62.675,-2187.86,0
62.68,-2187.86,0
62.685,-2187.86,0
62.69,-2187.86,0
62.695,-2516.52,0
62.7,-1645.29,0
62.705,-1645.29,0
62.71,-2450.73,0
62.715,-2450.73,0
62.72,-2355.99,0
62.725,-2355.99,0
62.73,-2355.99,0
62.735,-3878.71,0
62.74,-2479.91,0
62.745,-2646.7,0
62.75,-2646.7,0
62.755,-2522.96,0
62.76,-2556.96,0
62.765,-2556.96,0
62.77,-2556.96,0
62.775,-2672.75,0
62.78,-2672.75,0
62.785,-2018.05,0
62.79,-2899.07,0
62.795,-2610.68,0
62.8,-2699.63,0
62.805,-2619.45,0
62.81,-2619.45,0
62.815,-2165.33,0
62.82,-2165.33,0
62.825,-2812.06,0
62.83,-2812.06,0
62.835,-2765.77,0
62.84,-2564.48,0
62.845,-2621.95,0
62.85,-2446.85,0
62.855,-2446.85,0
62.86,-2446.85,0
62.865,-3247.83,0
62.87,-3247.83,0
62.875,-3567.1,0
62.88,-3567.1,0
62.885,-3426.6,0
62.89,-3426.6,0
62.895,-4258.86,0
62.9,-3426.6,0
62.905,-4456.64,0
62.91,-4456.64,0
62.915,-4456.64,0
62.92,-4456.64,0
62.925,-2488.58,0
62.93,-3918.95,0
62.935,-3918.95,0
62.94,-4459.47,0
62.945,-4459.47,0
62.95,-4459.47,0
62.955,-4934.76,0
62.96,-4772.84,0
62.965,-4772.84,0
62.97,-2867.86,0
62.975,-1082.23,0
62.98,-3563.56,0
62.985,-726.42,0
62.99,-726.42,0
62.995,-1000.32,0
63.0,-1000.32,0
63.005,-1170.3,0
63.01,-618.79,0
63.015,-618.79,0
63.02,-618.79,0
63.025,-618.79,0
63.03,-565.76,0
63.035,-995.29,0
63.04,-145.18,0
63.045,-145.18,0
63.05,-207.44,0
63.055,-207.44,0
63.06,-569.5,0
63.065,-569.5,0
63.07,-569.5,0
63.075,-569.5,0
63.08,-569.5,0
63.085,-534.4,0
63.09,-534.4,0
63.095,-685.13,0
63.1,-685.13,0
63.105,-863.84,0
63.11,-673.49,0
63.115,-1921.28,0
63.12,-673.49,0
63.125,-559.61,0
63.13,-559.61,0
63.135,-724.27,0
63.14,-724.27,0
63.145,-1261.84,0
63.15,-1496.01,0
63.155,-1496.01,0
63.16,-836.46,0
63.165,-836.46,0
63.17,-836.46,0
63.175,-836.46,0
63.18,-1196.4,0
63.185,-1196.4,0
63.19,-1334.22,0
63.195,-1334.22,0
63.2,-1334.22,0
63.205,-1334.22,0
63.21,-1334.22,0
63.215,-1334.22,0
63.22,-1196.4,0
63.225,217.25,0
63.23,-1196.4,0
63.235,1075.89,0
63.24,1419.16,0
63.245,-724.27,0
63.25,805.31,0
63.255,-1350.07,0
63.26,6.39,0
63.265,6.39,0
63.27,6.39,0
63.275,-633.11,0
63.28,6.39,0
63.285,6.39,0
63.29,33.25,0
63.295,-579.26,0
63.3,-726.45,0
63.305,-726.45,0
63.31,-793.78,0
63.315,-793.78,0
63.32,-301.93,0
63.325,-301.93,0
63.33,-678.77,0
63.335,-678.77,0
63.34,-737.69,0
63.345,-737.69,0
63.35,-920.95,0
63.355,-920.95,0
63.36,-760.51,0
63.365,-808.97,0
63.37,-760.51,0
63.375,-760.51,0
63.38,-657.49,0
63.385,-228.52,0
63.39,-228.52,0
63.395,-228.52,0
63.4,-771.15,0
63.405,-771.15,0
63.41,-707.16,0
63.415,-707.16,0
63.42,-707.16,0
63.425,-707.16,0
63.43,-864.59,0
63.435,-522.12,0
63.44,-880.06,0
63.445,-989.69,0
63.45,-1007.31,0
63.455,-1007.31,0
63.46,-970.1,0
63.465,-970.1,0
63.47,-1019.36,0
63.475,-1019.36,0
63.48,-933.58,0
63.485,-933.58,0
63.49,-967.51,0
63.495,-682.79,0
63.5,-917.05,0
63.505,-917.05,0
63.51,-988.97,0
63.515,-988.97,0
63.52,-908.14,0
63.525,-908.14,0
63.53,-908.14,0
63.535,-343.25,0
63.54,-815.54,0
63.545,-1433.11,0
63.55,-1433.11,0
63.555,-2005.08,0
63.56,-2005.08,0
63.565,-2249.62,0
63.57,-2249.62,0
63.575,-2102.39,0
63.58,-2102.39,0
63.585,-2102.39,0
63.59,-2102.39,0
63.595,-326.06,0
63.6,-2205.78,0
63.605,-2205.78,0
63.61,-2768.67,0
63.615,-3156.65,0
63.62,-3156.65,0
63.625,-3156.65,0
63.63,-3156.65,0
63.635,-3156.65,0
63.64,-3156.65,0
63.645,-3156.65,0
63.65,-1139.54,0
63.655,-4177.05,0
63.66,-3280.72,0
63.665,-3956.55,0
63.67,-3883.11,0
63.675,-3883.11,0
63.68,-3883.11,0
63.685,-4017.25,0
63.69,-3844.22,0
63.695,-4207.57,0
63.7,-3827.21,0
63.705,-3883.11,0
63.71,-3864.22,0
63.715,-3827.21,0
63.72,-4412.97,0
63.725,-4412.97,0
63.73,-4412.97,0
63.735,-4412.97,0
63.74,-4583.54,0
63.745,-4583.54,0
63.75,-4164.33,0
63.755,-3973.61,0
63.76,-3730.2,0
63.765,-3730.2,0
63.77,-3730.2,0
63.775,-4175.72,0
63.78,-3437.2,0
63.785,-3437.2,0
63.79,644.44,0
63.795,-2225.9,0
63.8,333.85,0
63.805,337.99,0
63.81,337.99,0
63.815,-4400.09,0
63.82,337.99,0
63.825,337.99,0
63.83,90.0,0
63.835,90.0,0
63.84,35.8,0
63.845,154.38,0
63.85,47.46,0
63.855,2.54,0
63.86,2.54,0
63.865,-3973.21,0
63.87,20.87,0
63.875,20.87,0
63.88,-13.5,0
63.885,-3972.62,0
63.89,-49.33,0
63.895,-54.66,0
63.9,-54.66,0
63.905,-10.32,0
63.91,-10.32,0
63.915,-10.32,0
63.92,-4042.02,0
63.925,-24.07,0
63.93,-43.45,0
63.935,-43.45,0
63.94,-43.45,0
63.945,3.22,0
63.95,3.22,0
63.955,3.22,0
63.96,-10.17,0
63.965,-10.17,0
63.97,-26.27,0
63.975,-26.27,0
63.98,-36.77,0
63.985,-36.77,0
63.99,64.06,0
63.995,-8.84,0
64.0,-8.84,0
64.005,-8.84,0
64.01,-8.84,0
64.015,-8.84,0
64.02,-30.14,0
64.025,-30.14,0
64.03,-41.31,0
64.035,-41.31,0
64.04,4.39,0
64.045,4.39,0
64.05,-45.91,0
64.055,-45.91,0
64.06,51.71,0
64.065,-43.39,0
64.07,2.65,0
64.075,4.39,0
64.08,-9.08,0
64.085,-9.08,0
64.09,11.78,0
64.095,-8.84,0
64.1,35.4,0
64.105,35.4,0
64.11,-25.72,0
64.115,-25.72,0
64.12,1.54,0
64.125,-3.36,0
64.13,-26.06,0
64.135,-26.06,0
64.14,-26.06,0
64.145,-33.24,0
64.15,-33.24,0
64.155,11.6,0
64.16,11.6,0
64.165,-22.31,0
64.17,22.22,0
64.175,31.68,0
64.18,31.68,0
64.185,-26.06,0
64.19,-23.15,0
64.195,24.11,0
64.2,24.11,0
64.205,24.11,0
64.21,24.11,0
64.215,35.61,0
64.22,35.61,0
64.225,-31.93,0
64.23,-31.93,0
64.235,-21.92,0
64.24,-21.92,0
64.245,-18.5,0
64.25,2.69,0
64.255,-117.78,0
64.26,-117.78,0
64.265,-93.64,0
64.27,-93.64,0
64.275,-84.49,0
64.28,-84.49,0
64.285,-84.49,0
64.29,-84.49,1
64.295,-84.49,0
64.3,-135.2,0
64.305,-135.2,0
64.31,-73.57,0
64.315,-73.57,0
64.32,-73.57,0
64.325,-112.34,0
64.33,-112.34,0
64.335,-70.78,0
64.34,-70.78,0
64.345,-179.9,0
64.35,-100.1,0
64.355,-100.1,0
64.36,28.03,0
64.365,-268.3,0
64.37,-268.3,0
64.375,-57.02,0
64.38,-880.74,0
64.385,-706.56,0
64.39,-706.56,0
64.395,-701.7,0
64.4,-701.7,0
64.405,-701.7,0
64.41,-93.58,0
64.415,-682.06,0
64.42,-682.06,0
64.425,-671.9,0
64.43,-671.9,0
64.435,-682.06,0
64.44,-1141.91,0
64.445,-1364.82,0
64.45,-1364.82,0
64.455,-1570.3,0
64.46,-1570.3,0
64.465,-1643.66,0
64.47,-1643.66,0
64.475,-1443.56,0
64.48,-1018.5,0
64.485,-1730.62,0
64.49,-864.07,0
64.495,-882.58,0
64.5,-882.58,0
64.505,-882.58,0
64.51,-105.09,0
64.515,-887.8,0
64.52,-887.8,0
64.525,-906.91,0
64.53,-906.91,0
64.535,-906.91,0
64.54,-906.91,0
64.545,-879.99,0
64.55,-879.99,0
64.555,-901.96,0
64.56,-764.98,0
64.565,-847.99,0
64.57,-847.99,0
64.575,-723.72,0
64.58,-723.72,0
64.585,-454.38,0
64.59,-454.38,0
64.595,-613.77,0
64.6,-901.96,0
64.605,-581.16,0
64.61,-1527.69,0
64.615,145.74,0
64.62,145.74,0
64.625,36.25,0
64.63,36.25,0
64.635,13.45,0
64.64,13.45,0
64.645,-116.03,0
64.65,-1021.52,0
64.655,-332.6,0
64.66,-332.6,0
64.665,-895.52,0
64.67,-332.6,0
64.675,716.24,0
64.68,833.82,0
64.685,-78.17,0
64.69,951.03,0
64.695,951.03,0
64.7,382.43,0
64.705,382.43,0
64.71,382.43,0
64.715,382.43,0
64.72,378.01,0
64.725,378.01,0
64.73,715.89,0
64.735,715.89,0
64.74,715.89,0
64.745,715.89,0
64.75,715.89,0
64.755,715.89,0
64.76,1327.87,0
64.765,1327.87,0
64.77,651.31,0
64.775,1779.58,0
64.78,2625.16,0
64.785,2625.16,0
64.79,2686.21,0
64.795,2686.21,0
64.8,2298.04,0
64.805,2298.04,0
64.81,2298.04,0
64.815,2298.04,0
64.82,2298.04,0
64.825,3695.0,0
64.83,3733.45,0
64.835,3733.45,0
64.84,3762.12,0
64.845,3762.12,0
64.85,4095.27,0
64.855,4095.27,0
64.86,4095.27,0
64.865,4095.27,0
64.87,1332.64,0
64.875,4032.27,0
64.88,4032.27,0
64.885,3945.32,0
64.89,3945.32,0
64.895,4121.15,0
64.9,4121.15,0
64.905,4272.71,0
64.91,4272.71,0
64.915,4272.71,0
64.92,4272.71,0
64.925,4272.71,0
64.93,4272.71,0
64.935,4193.49,0
64.94,4054.44,0
64.945,4037.72,0
64.95,3912.71,0
64.955,3912.71,0
64.96,3900.82,0
64.965,3900.82,0
64.97,3893.71,0
64.975,3893.71,0
64.98,3829.87,0
64.985,3829.87,0
64.99,3820.88,0
64.995,3820.88,0
65.0,3863.98,0
65.005,4054.44,0
65.01,3858.75,0
65.015,3833.02,0
65.02,3833.02,0
65.025,3890.69,0
65.03,3890.69,0
65.035,3890.69,0
65.04,3890.69,0
65.045,3908.02,0
65.05,1872.14,0
65.055,3916.31,0
65.06,3916.31,0
65.065,3940.21,0
65.07,3883.32,0
65.075,3905.67,0
65.08,3905.67,0
65.085,3905.67,0
65.09,3913.64,0
65.095,3913.64,0
65.1,3877.49,0
65.105,3877.49,0
65.11,3877.49,0
65.115,3877.49,0
65.12,3931.3,0
65.125,3931.3,0
65.13,3926.63,0
65.135,3926.63,0
65.14,3940.21,0
65.145,3898.66,0
65.15,3943.16,0
65.155,3943.16,0
65.16,3928.0,0
65.165,3893.6,0
65.17,3928.0,0
65.175,3923.58,0
65.18,3979.25,0
65.185,3903.75,0
65.19,3949.12,0
65.195,3881.02,0
65.2,3949.12,0
65.205,3949.12,0
65.21,3949.12,0
65.215,3928.92,0
65.22,3928.92,0
65.225,3832.07,0
65.23,3903.52,0
65.235,3942.17,0
65.24,3942.17,0
65.245,3930.63,0
65.25,3930.63,0
65.255,3930.63,0
65.26,3930.63,0
65.265,3905.73,0
65.27,3905.73,0
65.275,3941.74,0
65.28,3930.63,0
65.285,3949.16,0
65.29,3922.52,0
65.295,3942.08,0
65.3,3922.52,0
65.305,3916.83,0
65.31,3928.25,0
65.315,3914.53,0
65.32,3887.27,0
65.325,3887.27,0
65.33,3887.27,0
65.335,3907.02,0
65.34,3907.02,0
65.345,3905.71,0
65.35,3884.58,0
65.355,3923.32,0
65.36,3923.32,0
65.365,3939.67,0
65.37,3887.08,0
65.375,3910.7,0
65.38,3947.57,0
65.385,3906.0,0
65.39,3906.0,0
65.395,3942.7,0
65.4,3942.7,0
65.405,3914.15,0
65.41,3914.15,0
65.415,3935.02,0
65.42,3582.45,0
65.425,3582.45,0
65.43,56.15,0
65.435,56.15,0
65.44,-84.63,0
65.445,-84.63,0
65.45,56.08,0
65.455,3921.12,0
65.46,56.08,0
65.465,-37.02,0
65.47,9.77,0
65.475,9.77,0
65.48,3905.8,0
65.485,20.11,0
65.49,20.11,0
65.495,-14.19,0
65.5,-14.19,0
65.505,45.34,0
65.51,45.34,0
65.515,45.34,0
65.52,45.34,0
65.525,7.81,0
65.53,32.89,0
65.535,32.89,0
65.54,-40.67,0
65.545,-40.67,0
65.55,-6.26,0
65.555,-6.26,0
65.56,-6.26,0
65.565,-6.26,0
65.57,3933.6,0
65.575,207.98,0
65.58,207.98,0
65.585,137.05,0
65.59,137.05,0
65.595,7.81,0
65.6,-74.34,0
65.605,-74.34,0
65.61,2.65,0
65.615,2.65,0
65.62,2.65,0
65.625,80.37,0
65.63,158.72,0
65.635,158.72,0
65.64,-43.59,0
65.645,-43.59,0
65.65,-43.59,0
65.655,-43.59,0
65.66,1.78,0
65.665,1.78,0
65.67,-35.0,0
65.675,-35.0,0
65.68,-37.97,0
65.685,-37.97,0
65.69,-6.37,0
65.695,-3.16,0
65.7,20.58,0
65.705,20.58,0
65.71,20.58,0
65.715,-21.93,0
65.72,-21.93,0
65.725,3.69,0
65.73,3.69,0
65.735,3.69,0
65.74,3.69,0
65.745,3.69,0
65.75,3.69,0
65.755,3.69,0
65.76,3.69,0
65.765,-121.72,0
65.77,-84.69,0
65.775,-146.5,0
65.78,457.01,0
65.785,457.01,0
65.79,-84.59,0
65.795,845.92,0
65.8,312.5,0
65.805,312.5,0
65.81,-605.14,0
65.815,-605.14,0
65.82,-605.14,0
65.825,-170.73,0
65.83,-849.93,0
65.835,-849.93,0
65.84,-849.93,0
65.845,-1171.87,0
65.85,-37.78,0
65.855,-986.4,0
65.86,-813.67,0
65.865,-853.65,0
65.87,-853.65,0
65.875,-1085.8,0
65.88,-1085.8,0
65.885,755.15,0
65.89,-1079.97,0
65.895,-1079.97,0
65.9,-1122.75,0
65.905,-1122.75,0
65.91,-297.09,0
65.915,-1228.92,0
65.92,-183.31,0
65.925,-183.31,0
65.93,-183.31,0
65.935,-183.31,0
65.94,405.82,0
65.945,-87.45,0
65.95,427.36,0
65.955,427.36,0
65.96,862.08,0
65.965,862.08,0
65.97,855.09,0
65.975,855.09,0
65.98,1038.82,0
65.985,117.17,0
65.99,832.4,0
65.995,1579.77,0
66.0,1579.77,0
66.005,2007.53,0
66.01,2007.53,0
66.015,2072.51,0
66.02,2072.51,0
66.025,2055.7,0
66.03,2055.7,0
66.035,2205.65,0
66.04,2205.65,0
66.045,2203.42,0
66.05,2157.38,0
66.055,-1306.28,0
66.06,2203.42,0
66.065,2421.56,0
66.07,2421.56,0
66.075,2220.34,0
66.08,2220.34,0
66.085,2561.16,0
66.09,2561.16,0
66.095,2560.7,0
66.1,2560.7,0
66.105,-181.29,0
66.11,2560.7,0
66.115,2560.7,0
66.12,2560.7,0
66.125,2288.8,0
66.13,2288.8,0
66.135,2171.51,0
66.14,2171.51,0
66.145,1580.39,0
66.15,1580.39,0
66.155,1528.23,0
66.16,1528.23,0
66.165,1655.8,0
66.17,1655.8,0
66.175,1932.09,0
66.18,1281.47,0
66.185,857.24,0
66.19,857.24,0
66.195,857.24,0
66.2,857.24,0
66.205,855.98,0
66.21,855.98,0
66.215,1414.77,0
66.22,2223.16,0
66.225,1227.14,0
66.23,893.27,0
66.235,893.27,0
66.24,1172.75,0
66.245,1236.01,0
66.25,1172.75,0
66.255,-521.28,0
66.26,-521.28,0
66.265,2102.03,0
66.27,-521.28,0
66.275,-1072.23,0
66.28,-1072.23,0
66.285,1528.19,0
66.29,-1458.64,0
66.295,-1554.59,0
66.3,2331.22,0
66.305,-1994.98,0
66.31,-1994.98,0
66.315,-1994.98,0
66.32,-2408.32,0
66.325,-2408.32,0
66.33,-2685.91,0
66.335,-2685.91,0
66.34,-3011.34,0
66.345,-3011.34,0
66.35,-3011.34,0
66.355,-3011.34,0
66.36,-3011.34,0
66.365,-3011.34,0
66.37,-3711.63,0
66.375,-3711.63,0
66.38,-2061.3,0
66.385,-3578.83,0
66.39,-4091.06,0
66.395,-4091.06,0
66.4,-4436.56,0
66.405,-4436.56,0
66.41,-4436.56,0
66.415,-4700.35,0
66.42,-1459.54,0
66.425,-4577.3,0
66.43,-4577.3,0
66.435,-5003.14,0
66.44,-5003.14,0
66.445,-2407.95,0
66.45,-5437.56,0
66.455,-3157.05,0
66.46,-5696.04,0
66.465,-5555.05,0
66.47,-5555.05,0
66.475,-6065.44,0
66.48,-6065.44,0
66.485,-6065.44,0
66.49,-6001.7,0
66.495,-6690.38,0
66.5,-6690.38,0
66.505,-6592.56,0
66.51,-2621.71,0
66.515,-7126.83,0
66.52,-7126.83,0
66.525,-6916.19,0
66.53,-6916.19,0
66.535,-2793.75,0
66.54,-7466.27,0
66.545,-5600.93,0
66.55,-7561.79,0
66.555,-7561.79,0
66.56,-7646.41,0
66.565,-7646.41,0
66.57,-7646.41,0
66.575,-7840.85,0
66.58,-7840.85,0
66.585,-7840.85,0
66.59,-7840.85,0
66.595,-7883.78,0
66.6,-7883.78,0
66.605,-7866.73,0
66.61,-7866.73,0
66.615,-7847.16,0
66.62,-7827.67,0
66.625,-7827.67,0
66.63,-7827.67,0
66.635,-7890.78,0
66.64,-7877.05,0
66.645,-7561.85,0
66.65,-7877.05,0
66.655,-7877.05,0
66.66,-7875.67,0
66.665,-7875.67,0
66.67,-8132.02,0
66.675,-8132.02,0
66.68,-8237.35,0
66.685,-8237.35,0
66.69,-7816.66,0
66.695,-7816.66,0
66.7,-7444.14,0
66.705,-7847.13,0
66.71,-7960.93,0
66.715,-7647.03,0
66.72,-8062.97,0
66.725,-8062.97,0
66.73,-7846.47,0
66.735,-7890.61,0
66.74,-7444.14,0
66.745,-7788.35,0
66.75,-8459.45,0
66.755,-8459.45,0
66.76,-9035.98,0
66.765,-9035.98,0
66.77,-9387.04,0
66.775,-9387.04,0
66.78,-9639.9,0
66.785,-9639.9,0
66.79,-9523.96,0
66.795,-9523.96,0
66.8,-9984.95,0
66.805,-9984.95,0
66.81,-10414.07,0
66.815,-8143.03,0
66.82,-10701.7,0
66.825,-10701.7,0
66.83,-11071.34,0
66.835,-7419.58,0
66.84,-11181.24,0
66.845,-11181.24,0
66.85,-7419.58,0
66.855,-11548.8,0
66.86,-11548.8,0
66.865,-11548.8,0
66.87,-11575.86,0
66.875,-11575.86,0
66.88,-12341.46,0
66.885,-12582.4,0
66.89,-12582.4,0
66.895,-12582.4,0
66.9,-12582.4,0
66.905,-12582.4,0
66.91,-12582.4,0
66.915,-11783.81,0
66.92,-12742.19,0
66.925,-12742.19,0
66.93,-12742.19,0
66.935,-12726.83,0
66.94,-12726.83,0
66.945,-12726.83,0
66.95,-12756.62,0
66.955,-12756.62,0
66.96,-12784.35,0
66.965,-12784.35,0
66.97,-12782.02,0
66.975,-12782.02,0
66.98,-12788.17,0
66.985,-12788.17,0
66.99,-12772.63,0
66.995,-12772.63,0
67.0,-12776.83,0
67.005,-12771.22,0
67.01,-12758.47,0
67.015,-12758.47,0
67.02,-12758.47,0
67.025,-12756.04,0
67.03,-12768.03,0
67.035,-12768.03,0
67.04,-12807.67,0
67.045,-12807.67,0
67.05,-12904.67,0
67.055,-12904.67,0
67.06,-12825.15,0
67.065,-12825.15,0
67.07,-11729.05,0
67.075,-11729.05,0
67.08,-200.24,0
67.085,-200.24,0
67.09,-432.6,0
67.095,-432.6,0
67.1,-132.45,0
67.105,-432.6,0
67.11,-411.81,0
67.115,-689.03,0
67.12,-689.03,0
67.125,-689.03,0
67.13,-1054.01,0
67.135,-1054.01,0
67.14,-698.67,0
67.145,-698.67,0
67.15,-752.23,0
67.155,-752.23,0
67.16,-1199.12,0
67.165,-1199.12,0
67.17,-380.35,0
67.175,-380.35,0
67.18,-380.35,0
67.185,-380.35,0
67.19,-380.35,0
67.195,-380.35,0
67.2,-1007.6,0
67.205,-1576.77,0
67.21,-1576.77,0
67.215,-1576.77,0
67.22,-1576.77,0
67.225,-1576.77,0
67.23,-1964.45,0
67.235,-1964.45,0
67.24,-1964.45,0
67.245,-362.31,0
67.25,-2317.66,0
67.255,-2317.66,0
67.26,-2757.06,0
67.265,-2757.06,0
67.27,-2810.6,0
67.275,-2810.6,0
67.28,-2851.92,0
67.285,-2851.92,0
67.29,-2920.61,0
67.295,-2317.66,0
67.3,-2920.61,0
67.305,-2920.61,0
67.31,-2980.14,0
67.315,-827.19,0
67.32,-2981.97,0
67.325,-2981.97,0
67.33,-2944.5,0
67.335,-2944.5,0
67.34,-2968.47,0
67.345,-2968.47,0
67.35,-2971.66,0
67.355,-2975.51,0
67.36,-2975.51,0
67.365,-2975.51,0
67.37,-2764.38,0
67.375,-2989.13,0
67.38,-2966.88,0
67.385,-2971.97,0
67.39,-2971.97,0
67.395,-2971.97,0
67.4,-2971.97,0
67.405,-2971.97,0
67.41,-3098.01,0
67.415,-3098.01,0
67.42,-3252.03,0
67.425,-3252.03,0
67.43,-3319.89,0
67.435,-3319.89,0
67.44,-2974.11,0
67.445,-2974.11,0
67.45,-2974.11,0
67.455,-2974.11,0
67.46,-2948.53,0
67.465,-2971.55,0
67.47,-3506.43,0
67.475,-3506.43,0
67.48,-3743.4,0
67.485,-2988.78,0
67.49,-3002.14,0
67.495,-4015.82,0
67.5,-3242.08,0
67.505,-3242.08,0
67.51,-3624.39,0
67.515,-4163.13,0
67.52,-4163.13,0
67.525,-5001.65,0
67.53,-5001.65,0
67.535,-5001.65,0
67.54,-4325.04,0
67.545,-4325.04,0
67.55,-4116.93,0
67.555,-4116.93,0
67.56,-4692.05,0
67.565,-4692.05,0
67.57,-4692.05,0
67.575,-3989.78,0
67.58,-3989.78,0
67.585,-3989.78,0
67.59,-3908.48,0
67.595,-3908.48,0
67.6,-3970.49,0
67.605,-3970.49,0
67.61,-4022.08,0
67.615,-4022.08,0
67.62,-3236.52,0
67.625,-3236.52,0
67.63,-3581.46,0
67.635,-3581.46,0
67.64,-3581.46,0
67.645,-4880.13,0
67.65,-4880.13,0
67.655,-4219.91,0
67.66,-4219.91,0
67.665,-4159.33,0
67.67,-4566.06,0
67.675,-4566.06,0
67.68,-4253.96,0
67.685,-5074.18,0
67.69,-5796.59,0
67.695,-5796.59,0
67.7,-5406.97,0
67.705,-5406.97,0
67.71,-5406.97,0
67.715,-5397.41,0
67.72,-5074.18,0
67.725,-5104.96,0
67.73,-5104.96,0
67.735,-5883.38,0
67.74,-6046.88,0
67.745,-5496.45,0
67.75,-5496.45,0
67.755,-5692.85,0
67.76,-3594.89,0
67.765,-5692.85,0
67.77,-5796.6,0
67.775,-5812.81,0
67.78,-5812.81,0
67.785,-5823.57,0
67.79,-5823.57,0
67.795,-5830.58,0
67.8,-5830.58,0
67.805,-5104.94,0
67.81,-5830.58,0
67.815,-5770.76,0
67.82,-5791.96,0
67.825,-5749.53,0
67.83,-5749.53,0
67.835,-5699.84,0
67.84,-5699.84,0
67.845,-5656.6,0
67.85,-5656.6,0
67.855,-5697.23,0
67.86,-5697.23,0
67.865,-5817.09,0
67.87,-5817.09,0
67.875,-5817.09,0
67.88,-5869.31,0
67.885,-5869.31,0
67.89,-5335.99,0
67.895,-5335.99,0
67.9,-115.24,0
67.905,-162.8,0
67.91,-162.8,0
67.915,-120.48,0
67.92,-120.48,0
67.925,-120.48,0
67.93,-120.48,0
67.935,-5796.09,0
67.94,-140.3,0
67.945,-140.3,0
67.95,-7.21,0
67.955,-7.21,0
67.96,-390.32,0
67.965,-390.32,0
67.97,-247.38,0
67.975,-247.38,0
67.98,48.41,0
67.985,48.41,0
67.99,200.75,0
67.995,762.6,0
68.0,-7.21,0
68.005,-115.09,0
68.01,762.6,0
68.015,880.88,0
68.02,880.88,0
68.025,876.01,0
68.03,876.01,0
68.035,876.01,0
68.04,944.3,0
68.045,1683.55,0
68.05,1872.3,0
68.055,1872.3,0
68.06,2809.01,0
68.065,2809.01,0
68.07,3231.08,0
68.075,3231.08,0
68.08,3612.79,0
68.085,3612.79,0
68.09,3853.06,0
68.095,3783.04,0
68.1,3853.06,0
68.105,3853.06,0
68.11,4779.54,0
68.115,5127.74,0
68.12,5500.58,0
68.125,5500.58,0
68.13,5691.87,0
68.135,5691.87,0
68.14,5647.73,0
68.145,5647.73,0
68.15,5647.73,0
68.155,5647.73,0
68.16,5855.35,0
68.165,5855.35,0
68.17,5.99,0
68.175,5735.89,0
68.18,5826.84,0
68.185,5826.84,0
68.19,5874.62,0
68.195,5874.62,0
68.2,5874.62,0
68.205,5874.62,0
68.21,5871.86,0
68.215,5763.55,0
68.22,5912.77,0
68.225,5912.77,0
68.23,5922.96,0
68.235,5922.96,0
68.24,5908.74,0
68.245,5900.69,0
68.25,5924.84,0
68.255,5871.84,0
68.26,5902.47,0
68.265,3143.44,0
68.27,5902.47,0
68.275,5912.21,0
68.28,5912.21,0
68.285,5902.15,0
68.29,5902.15,0
68.295,5902.15,0
68.3,5902.15,0
68.305,5902.53,0
68.31,5902.53,0
68.315,5917.54,0
68.32,5876.15,0
68.325,5920.94,0
68.33,5905.84,0
68.335,5920.94,0
68.34,5925.03,0
68.345,5928.97,0
68.35,5909.66,0
68.355,5916.34,0
68.36,5903.09,0
68.365,5903.09,0
68.37,5958.72,0
68.375,5958.72,0
68.38,6011.4,0
68.385,6011.4,0
68.39,5966.54,0
68.395,5966.54,0
68.4,5868.14,0
68.405,5868.14,0
68.41,5898.53,0
68.415,5874.23,0
68.42,6297.28,0
68.425,6828.74,0
68.43,6828.74,0
68.435,6828.74,0
68.44,7020.46,0
68.445,7020.46,0
68.45,7666.47,0
68.455,7666.47,0
68.46,7812.15,0
68.465,7812.15,0
68.47,7812.15,0
68.475,7812.15,0
68.48,8080.6,0
68.485,8080.6,0
68.49,8535.26,0
68.495,8535.26,0
68.5,8744.24,0
68.505,8744.24,0
68.51,8615.88,0
68.515,8615.88,0
68.52,8615.88,0
68.525,9428.97,0
68.53,9428.97,0
68.535,9428.97,0
68.54,9582.56,0
68.545,9582.56,0
68.55,9582.56,0
68.555,9582.56,0
68.56,9604.72,0
68.565,9604.72,0
68.57,9636.46,0
68.575,9636.46,0
68.58,9636.46,0
68.585,9636.46,0
68.59,9414.98,0
68.595,5401.66,0
68.6,8967.14,0
68.605,8967.14,0
68.61,8995.08,0
68.615,8995.08,0
68.62,8999.74,0
68.625,8999.74,0
68.63,8999.74,0
68.635,8999.74,0
68.64,8999.74,0
68.645,8999.74,0
68.65,8886.23,0
68.655,8886.85,0
68.66,8886.85,0
68.665,8886.85,0
68.67,8870.28,0
68.675,8870.28,0
68.68,8839.92,0
68.685,8839.92,0
68.69,8839.92,0
68.695,8870.28,0
68.7,8824.02,0
68.705,8824.02,0
68.71,8003.79,0
68.715,8003.79,0
68.72,110.48,0
68.725,8870.28,0
68.73,110.48,0
68.735,8834.94,0
68.74,105.44,0
68.745,-28.61,0
68.75,-28.61,0
68.755,-28.61,0
68.76,105.44,0
68.765,45.52,0
68.77,81.72,0
68.775,81.72,0
68.78,19.61,0
68.785,19.61,0
68.79,37.8,0
68.795,9024.99,0
68.8,33.94,0
68.805,33.94,0
68.81,5.43,0
68.815,5.43,0
68.82,5.43,0
68.825,19.3,0
68.83,19.3,0
68.835,110.35,0
68.84,110.35,0
68.845,104.05,0
68.85,4166.76,0
68.855,34.46,0
68.86,34.46,0
68.865,4.01,0
68.87,4.01,0
68.875,43.48,0
68.88,43.48,0
68.885,-5.94,0
68.89,15.84,0
68.895,18.66,0
68.9,43.48,0
68.905,-4.74,0
68.91,-4.74,0
68.915,20.69,0
68.92,20.69,0
68.925,-12.39,0
68.93,10.37,0
68.935,10.37,0
68.94,1.69,0
68.945,1.69,0
68.95,1.69,0
68.955,14.11,0
68.96,-20.73,0
68.965,-20.73,0
68.97,-20.73,0
68.975,76.16,0
68.98,-9.62,0
68.985,-7.59,0
68.99,-7.59,0
68.995,-31.12,0
69.0,-31.12,0
69.005,22.07,0
69.01,22.07,0
69.015,71.07,0
69.02,71.07,0
69.025,8.87,0
69.03,1.64,0
69.035,86.25,0
69.04,86.25,0
69.045,-29.05,0
69.05,-29.05,0
69.055,42.2,0
69.06,42.2,0
69.065,10.21,0
69.07,10.21,0
69.075,38.53,0
69.08,38.53,0
69.085,38.53,0
69.09,38.53,0
69.095,38.53,0
69.1,38.53,0
69.105,36.09,0
69.11,36.09,0
69.115,-7.34,0
69.12,-7.34,0
69.125,-12.67,0
69.13,-12.67,0
69.135,-26.55,0
69.14,-26.55,0
69.145,5.2,0
69.15,5.2,0
69.155,-96.45,0
69.16,-96.45,0
69.165,25.77,0
69.17,25.77,0
69.175,25.77,0
69.18,25.77,0
69.185,-793.79,0
69.19,-793.79,0
69.195,-214.33,0
69.2,-501.69,0
69.205,-501.69,0
69.21,-501.69,0
69.215,-501.69,0
69.22,-1401.03,0
69.225,-1401.03,0
69.23,-1401.03,0
69.235,-927.92,0
69.24,-523.29,0
69.245,-1901.34,0
69.25,-1901.34,0
69.255,-793.79,0
69.26,-7.48,0
69.265,-1545.46,0
69.27,-1176.37,0
69.275,-1176.37,0
69.28,-1176.37,0
69.285,-1176.37,0
69.29,-1232.81,1
69.295,-1232.81,0
69.3,-1069.05,0
69.305,-1069.05,0
69.31,-36.04,0
69.315,-1095.68,0
69.32,-1590.42,0
69.325,-1590.42,0
69.33,-1659.44,0
69.335,-1659.44,0
69.34,-1921.76,0
69.345,-1921.76,0
69.35,-515.59,0
69.355,-1678.3,0
69.36,-1678.3,0
69.365,-1678.3,0
69.37,-1640.93,0
69.375,-1640.93,0
69.38,-2207.04,0
69.385,-2207.04,0
69.39,-1901.04,0
69.395,-725.51,0
69.4,-725.51,0
69.405,-725.51,0
69.41,-725.51,0
69.415,-905.32,0
69.42,-905.32,0
69.425,-798.91,0
69.43,-1590.46,0
69.435,-833.63,0
69.44,-833.63,0
69.445,-826.03,0
69.45,-833.63,0
69.455,-833.63,0
69.46,-833.63,0
69.465,-833.63,0
69.47,-771.29,0
69.475,-1209.99,0
69.48,-1116.14,0
69.485,-771.29,0
69.49,-690.32,0
69.495,-771.29,0
69.5,-624.45,0
69.505,-624.45,0
69.51,-580.49,0
69.515,-580.49,0
69.52,-548.84,0
69.525,-548.84,0
69.53,-515.9,0
69.535,-515.9,0
69.54,-580.49,0
69.545,-692.19,0
69.55,-467.59,0
69.555,-467.59,0
69.56,-431.99,0
69.565,-431.99,0
69.57,-418.44,0
69.575,-418.44,0
69.58,-410.96,0
69.585,-410.96,0
69.59,-375.94,0
69.595,-375.94,0
69.6,-317.24,0
69.605,-317.24,0
69.61,-310.1,0
69.615,-310.1,0
69.62,-312.11,0
69.625,-312.11,0
69.63,-257.34,0
69.635,-260.85,0
69.64,-260.85,0
69.645,-260.85,0
69.65,-235.4,0
69.655,-257.34,0
69.66,-467.49,0
69.665,-335.05,0
69.67,-240.47,0
69.675,-240.47,0
69.68,-621.83,0
69.685,-262.02,0
69.69,-262.02,0
69.695,-307.24,0
69.7,-270.77,0
69.705,-307.24,0
69.71,-789.75,0
69.715,-872.11,0
69.72,-872.11,0
69.725,-1198.59,0
69.73,-304.21,0
69.735,-1600.7,0
69.74,-270.77,0
69.745,-297.5,0
69.75,-1208.98,0
69.755,-1463.4,0
69.76,-1463.4,0
69.765,-873.57,0
69.77,-873.57,0
69.775,-776.8,0
69.78,-776.8,0
69.785,-39.7,0
69.79,-517.77,0
69.795,-517.77,0
69.8,-285.31,0
69.805,-881.87,0
69.81,-881.87,0
69.815,-881.87,0
69.82,-79.68,0
69.825,-79.68,0
69.83,-431.36,0
69.835,-431.36,0
69.84,-431.36,0
69.845,-641.68,0
69.85,-381.29,0
69.855,-309.02,0
69.86,-281.67,0
69.865,-281.67,0
69.87,276.49,0
69.875,276.49,0
69.88,-67.88,0
69.885,-67.88,0
69.89,-67.88,0
69.895,0.18,0
69.9,0.18,0
69.905,24.9,0
69.91,-13.44,0
69.915,-22.69,0
69.92,-22.69,0
69.925,-33.35,0
69.93,-33.35,0
69.935,-33.35,0
69.94,-33.35,0
69.945,-92.69,0
69.95,-92.69,0
69.955,-112.53,0
69.96,-112.53,0
69.965,-140.68,0
69.97,-140.68,0
69.975,-137.72,0
69.98,-137.72,0
69.985,-137.72,0
69.99,-137.72,0
69.995,-140.42,0
70.0,-140.42,0
70.005,0.14,0
70.01,-88.41,0
70.015,-32.26,0
70.02,-123.45,0
70.025,-39.22,0
70.03,-39.22,0
70.035,-39.22,0
70.04,-39.22,0
70.045,-53.98,0
70.05,-53.98,0
70.055,-45.81,0
70.06,-45.81,0
70.065,-62.44,0
70.07,-62.44,0
70.075,-112.57,0
70.08,-39.91,0
70.085,-39.91,0
70.09,-39.91,0
70.095,11.34,0
70.1,18.6,0
70.105,18.6,0
70.11,112.53,0
70.115,112.53,0
70.12,112.53,0
70.125,-4.95,0
70.13,-4.95,0
70.135,11.63,0
70.14,-6.02,0
70.145,-6.02,0
70.15,-28.09,0
70.155,-28.09,0
70.16,-51.14,0
70.165,-51.14,0
70.17,-51.14,0
70.175,-21.64,0
70.18,-21.64,0
70.185,-50.69,0
70.19,-53.57,0
70.195,-35.05,0
70.2,6.68,0
70.205,6.68,0
70.21,-127.62,0
70.215,-127.62,0
70.22,-23.41,0
70.225,-23.41,0
70.23,-23.41,0
70.235,-23.41,0
70.24,-121.15,0
70.245,-36.26,0
70.25,-48.24,0
70.255,-49.14,0
70.26,-2.01,0
70.265,-2.01,0
70.27,-77.42,0
70.275,-77.42,0
70.28,-10.96,0
70.285,-77.42,0
70.29,-51.14,0
70.295,-77.42,0
70.3,-42.05,0
70.305,-42.05,0
70.31,58.76,0
70.315,58.76,0
70.32,85.1,0
70.325,85.1,0
70.33,85.1,0
70.335,85.1,0
70.34,-31.59,0
70.345,-31.59,0
70.35,185.76,0
70.355,284.91,0
70.36,284.91,0
70.365,284.91,0
70.37,284.91,0
70.375,-48.94,0
70.38,-48.94,0
70.385,109.45,0
70.39,109.45,0
70.395,156.22,0
70.4,156.22,0
70.405,716.65,0
70.41,-50.13,0
70.415,658.98,0
70.42,658.98,0
70.425,716.65,0
70.43,172.3,0
70.435,172.3,0
70.44,172.3,0
70.445,172.3,0
70.45,520.52,0
70.455,888.48,0
70.46,888.48,0
70.465,888.48,0
70.47,1243.65,0
70.475,1243.65,0
70.48,1750.53,0
70.485,-46.72,0
70.49,1730.36,0
70.495,2709.48,0
70.5,2709.48,0
70.505,2708.7,0
70.51,110.81,0
70.515,2571.58,0
70.52,2571.58,0
70.525,2828.87,0
70.53,2828.87,0
70.535,2828.87,0
70.54,2828.87,0
70.545,2571.58,0
70.55,2730.65,0
70.555,4329.55,0
70.56,4329.55,0
70.565,2606.12,0
70.57,4774.18,0
70.575,4963.31,0
70.58,4963.31,0
70.585,4963.31,0
70.59,4963.31,0
70.595,4877.35,0
70.6,4877.35,0
70.605,2708.7,0
70.61,5379.24,0
70.615,5379.24,0
70.62,5861.89,0
70.625,5861.89,0
70.63,6091.43,0
70.635,6470.86,0
70.64,6470.86,0
70.645,6470.86,0
70.65,6781.27,0
70.655,6781.27,0
70.66,6268.75,0
70.665,6763.05,0
70.67,6763.05,0
70.675,6505.34,0
70.68,6505.34,0
70.685,6505.34,0
70.69,6505.34,0
70.695,5817.6,0
70.7,5817.6,0
70.705,5549.93,0
70.71,5549.93,0
70.715,6385.18,0
70.72,4041.88,0
70.725,5884.14,0
70.73,6139.5,0
70.735,5402.6,0
70.74,4158.39,0
70.745,4158.39,0
70.75,4343.44,0
70.755,6741.36,0
70.76,4237.12,0
70.765,4237.12,0
70.77,5288.41,0
70.775,6784.07,0
70.78,3914.03,0
70.785,6075.98,0
70.79,3910.58,0
70.795,3910.58,0
70.8,3873.81,0
70.805,3873.81,0
70.81,4066.9,0
70.815,4066.9,0
70.82,4343.96,0
70.825,4343.96,0
70.83,4343.96,0
70.835,4343.96,0
70.84,4812.06,0
70.845,4812.06,0
70.85,4626.17,0
70.855,5597.55,0
70.86,4875.24,0
70.865,4875.24,0
70.87,5215.16,0
70.875,5215.16,0
70.88,5173.1,0
70.885,5215.16,0
70.89,5215.16,0
70.895,5215.16,0
70.9,5690.2,0
70.905,5690.2,0
70.91,5158.3,0
70.915,5158.3,0
70.92,5147.6,0
70.925,3889.36,0
70.93,5147.6,0
70.935,5147.6,0
70.94,4626.21,0
70.945,5228.81,0
70.95,5348.2,0
70.955,5348.2,0
70.96,5741.06,0
70.965,5741.06,0
70.97,5687.39,0
70.975,5687.39,0
70.98,5687.39,0
70.985,5687.39,0
70.99,5142.14,0
70.995,5687.39,0
71.0,5059.09,0
71.005,5059.09,0
71.01,5289.65,0
71.015,5289.65,0
71.02,5421.31,0
71.025,5421.31,0
71.03,5421.31,0
71.035,5613.48,0
71.04,5613.48,0
71.045,5613.48,0
71.05,5503.41,0
71.055,5362.58,0
71.06,5939.09,0
71.065,6064.31,0
71.07,6064.31,0
71.075,6064.31,0
71.08,6064.31,0
71.085,6206.49,0
71.09,6206.49,0
71.095,6206.49,0
71.1,6111.25,0
71.105,5560.17,0
71.11,5560.17,0
71.115,5468.24,0
71.12,5468.24,0
71.125,5468.24,0
71.13,5334.83,0
71.135,5334.83,0
71.14,5566.08,0
71.145,5406.8,0
71.15,5684.42,0
71.155,5468.24,0
71.16,5715.76,0
71.165,5715.76,0
71.17,4954.67,0
71.175,-424.15,0
71.18,-424.15,0
71.185,-457.92,0
71.19,-457.92,0
71.195,-457.92,0
71.2,6.08,0
71.205,6.08,0
71.21,35.17,0
71.215,35.17,0
71.22,60.23,0
71.225,60.23,0
71.23,64.31,0
71.235,64.31,0
71.24,64.31,0
71.245,64.31,0
71.25,64.31,0
71.255,62.46,0
71.26,6095.83,0
71.265,38.7,0
71.27,38.7,0
71.275,118.29,0
71.28,6259.4,0
71.285,64.32,0
71.29,181.8,0
71.295,181.8,0
71.3,177.38,0
71.305,177.38,0
71.31,177.38,0
71.315,420.18,0
71.32,-39.06,0
71.325,420.18,0
71.33,555.06,0
71.335,555.06,0
71.34,555.06,0
71.345,555.06,0
71.35,555.06,0
71.355,555.06,0
71.36,795.75,0
71.365,795.75,0
71.37,-22.41,0
71.375,-22.41,0
71.38,-47.53,0
71.385,-660.97,0
71.39,-660.97,0
71.395,-302.07,0
71.4,-302.07,0
71.405,-302.07,0
71.41,-302.07,0
71.415,-302.07,0
71.42,319.74,0
71.425,151.15,0
71.43,424.69,0
71.435,424.69,0
71.44,424.69,0
71.445,424.69,0
71.45,81.81,0
71.455,81.81,0
71.46,-213.43,0
71.465,-213.43,0
71.47,-30.05,0
71.475,-30.05,0
71.48,-107.53,0
71.485,-107.53,0
71.49,-77.55,0
71.495,-77.55,0
71.5,-57.09,0
71.505,-57.09,0
71.51,-40.49,0
71.515,-40.49,0
71.52,6.54,0
71.525,6.54,0
71.53,6.54,0
71.535,6.54,0
71.54,-19.65,0
71.545,-19.65,0
71.55,-50.96,0
71.555,6.63,0
71.56,6.63,0
71.565,-6.73,0
71.57,-6.73,0
71.575,-6.73,0
71.58,-659.05,0
71.585,18.69,0
71.59,18.69,0
71.595,18.69,0
71.6,18.23,0
71.605,-23.71,0
71.61,-23.71,0
71.615,35.95,0
71.62,35.95,0
71.625,35.95,0
71.63,35.95,0
71.635,35.95,0
71.64,12.25,0
71.645,12.25,0
71.65,55.35,0
71.655,55.35,0
71.66,77.73,0
71.665,77.73,0
71.67,48.49,0
71.675,48.49,0
71.68,48.49,0
71.685,48.49,0
71.69,110.58,0
71.695,47.79,0
71.7,86.59,0
71.705,86.59,0
71.71,143.05,0
71.715,143.05,0
71.72,220.48,0
71.725,220.48,0
71.73,320.35,0
71.735,320.35,0
71.74,366.55,0
71.745,366.55,0
71.75,0.98,0
71.755,658.22,0
71.76,509.6,0
71.765,509.6,0
71.77,77.73,0
71.775,184.99,0
71.78,55.19,0
71.785,55.19,0
71.79,239.26,0
71.795,513.23,0
71.8,239.26,0
71.805,239.26,0
71.81,535.87,0
71.815,535.87,0
71.82,277.94,0
71.825,277.94,0
71.83,12.62,0
71.835,12.62,0
71.84,450.77,0
71.845,-38.09,0
71.85,-38.09,0
71.855,106.42,0
71.86,-29.03,0
71.865,-29.03,0
71.87,2.34,0
71.875,2.34,0
71.88,471.16,0
71.885,450.77,0
71.89,277.94,0
71.895,650.31,0
71.9,650.31,0
71.905,650.31,0
71.91,650.31,0
71.915,-214.5,0
71.92,759.86,0
71.925,759.86,0
71.93,471.16,0
71.935,851.17,0
71.94,929.02,0
71.945,12.54,0
71.95,-38.06,0
71.955,905.88,0
71.96,990.72,0
71.965,990.72,0
71.97,986.17,0
71.975,1020.66,0
71.98,1020.66,0
71.985,949.37,0
71.99,949.37,0
71.995,949.37,0
72.0,58.41,0
72.005,58.41,0
72.01,58.41,0
72.015,-112.64,0
72.02,-112.64,0
72.025,582.49,0
72.03,-156.88,0
72.035,-156.88,0
72.04,-70.81,0
72.045,-70.81,0
72.05,-3.66,0
72.055,-3.66,0
72.06,-3.66,0
72.065,-3.66,0
72.07,194.43,0
72.075,194.43,0
72.08,191.95,0
72.085,191.95,0
72.09,455.08,0
72.095,455.08,0
72.1,611.67,0
72.105,611.67,0
72.11,657.08,0
72.115,657.08,0
72.12,-235.37,0
72.125,-235.37,0
72.13,-235.37,0
72.135,1.51,0
72.14,1.51,0
72.145,1.51,0
72.15,-142.69,0
72.155,-142.69,0
72.16,-3.88,0
72.165,-3.88,0
72.17,470.98,0
72.175,-150.37,0
72.18,-113.02,0
72.185,-27.63,0
72.19,117.86,0
72.195,-38.3,0
72.2,45.16,0
72.205,45.16,0
72.21,39.43,0
72.215,39.43,0
72.22,39.43,0
72.225,39.43,0
72.23,-33.34,0
72.235,-33.34,0
72.24,-55.56,0
72.245,-55.56,0
72.25,-55.56,0
72.255,-55.56,0
72.26,-55.56,0
72.265,1.51,0
72.27,-55.56,0
72.275,-29.08,0
72.28,-29.08,0
72.285,99.13,0
72.29,99.13,0
72.295,99.13,0
72.3,99.13,0
72.305,99.13,0
72.31,102.25,0
72.315,102.25,0
72.32,52.29,0
72.325,52.29,0
72.33,13.41,0
72.335,13.41,0
72.34,41.11,0
72.345,41.11,0
72.35,41.11,0
72.355,41.11,0
72.36,16.86,0
72.365,16.86,0
72.37,-39.81,0
72.375,-39.81,0
72.38,-22.57,0
72.385,-22.57,0
72.39,-12.77,0
72.395,-12.77,0
72.4,-12.77,0
72.405,-124.3,0
72.41,-124.3,0
72.415,-167.44,0
72.42,-167.44,0
72.425,-3.79,0
72.43,38.72,0
72.435,-7.74,0
72.44,-7.74,0
72.445,-7.74,0
72.45,-7.74,0
72.455,-7.74,0
72.46,-17.04,0
72.465,-17.04,0
72.47,-77.14,0
72.475,-216.42,0
72.48,-216.42,0
72.485,-216.42,0
72.49,-216.42,0
72.495,-216.42,0
72.5,113.98,0
72.505,-216.42,0
72.51,-1520.84,0
72.515,-39.93,0
72.52,-1986.76,0
72.525,-2949.15,0
72.53,-2949.15,0
72.535,-3479.2,0
72.54,-3479.2,0
72.545,-3158.76,0
72.55,-3158.76,0
72.555,-3158.76,0
72.56,-3400.07,0
72.565,-3400.07,0
72.57,-3869.67,0
72.575,-3479.2,0
72.58,-3537.57,0
72.585,-3371.68,0
72.59,-3732.04,0
72.595,-3371.68,0
72.6,-3641.26,0
72.605,-3641.26,0
72.61,-3705.91,0
72.615,-3377.05,0
72.62,-3377.05,0
72.625,-3377.05,0
72.63,-3377.05,0
72.635,-3377.05,0
72.64,-3329.05,0
72.645,-3140.53,0
72.65,-3140.53,0
72.655,-3149.19,0
72.66,-3149.19,0
72.665,-3149.19,0
72.67,-3149.19,0
72.675,-2972.84,0
72.68,-2972.84,0
72.685,-2938.69,0
72.69,-2938.69,0
72.695,-2938.69,0
72.7,-2900.88,0
72.705,-2900.88,0
72.71,-2792.34,0
72.715,-2656.14,0
72.72,-2656.14,0
72.725,-2640.98,0
72.73,-2640.98,0
72.735,-3803.1,0
72.74,-2662.5,0
72.745,-2662.5,0
72.75,-2662.5,0
72.755,-2551.32,0
72.76,-3395.49,0
72.765,-2551.32,0
72.77,-2712.59,0
72.775,-2871.65,0
72.78,-2963.31,0
72.785,-2963.31,0
72.79,-2963.31,0
72.795,-2963.31,0
72.8,-3027.56,0
72.805,-3027.56,0
72.81,-2864.01,0
72.815,-2640.96,0
72.82,-2625.73,0
72.825,-2625.73,0
72.83,-2625.73,0
72.835,-2625.73,0
72.84,455.59,0
72.845,455.59,0
72.85,311.46,0
72.855,463.88,0
72.86,236.29,0
72.865,275.82,0
72.87,275.82,0
72.875,-127.98,0
72.88,-127.98,0
72.885,-292.19,0
72.89,-292.19,0
72.895,-315.19,0
72.9,-315.19,0
72.905,-319.94,0
72.91,-2703.67,0
72.915,311.46,0
72.92,-319.94,0
72.925,78.83,0
72.93,-312.58,0
72.935,-312.58,0
72.94,-312.58,0
72.945,-312.58,0
72.95,-312.58,0
72.955,236.62,0
72.96,310.66,0
72.965,310.66,0
72.97,310.66,0
72.975,449.35,0
72.98,449.35,0
72.985,-305.19,0
72.99,-305.19,0
72.995,-100.67,0
73.0,126.86,0
73.005,126.86,0
73.01,126.86,0
73.015,204.91,0
73.02,204.91,0
73.025,-235.78,0
73.03,-235.78,0
73.035,-89.11,0
73.04,45.84,0
73.045,109.61,0
73.05,109.61,0
73.055,343.34,0
73.06,739.36,0
73.065,739.36,0
73.07,806.26,0
73.075,-350.31,0
73.08,806.26,0
73.085,1776.88,0
73.09,1908.35,0
73.095,-399.97,0
73.1,2048.82,0
73.105,2048.82,0
73.11,2140.4,0
73.115,2140.4,0
73.12,-516.86,0
73.125,2140.4,0
73.13,2325.67,0
73.135,2048.82,0
73.14,2234.76,0
73.145,2234.76,0
73.15,2234.76,0
73.155,2234.76,0
73.16,2234.76,0
73.165,2234.76,0
73.17,1188.24,0
73.175,1188.24,0
73.18,1830.35,0
73.185,1830.35,0
73.19,1972.04,0
73.195,1820.23,0
73.2,1820.23,0
73.205,1820.23,0
73.21,2110.07,0
73.215,742.96,0
73.22,2300.39,0
73.225,2300.39,0
73.23,3214.16,0
73.235,1188.24,0
73.24,3214.16,0
73.245,3214.16,0
73.25,3214.16,0
73.255,1777.67,0
73.26,3132.32,0
73.265,2598.82,0
73.27,2598.82,0
73.275,1830.35,0
73.28,1879.79,0
73.285,1879.79,0
73.29,2115.47,0
73.295,2115.47,0
73.3,2280.32,0
73.305,2280.32,0
73.31,1757.84,0
73.315,1651.66,0
73.32,1651.66,0
73.325,1206.68,0
73.33,1206.68,0
73.335,1402.4,0
73.34,1402.4,0
73.345,1402.4,0
73.35,1402.4,0
73.355,544.5,0
73.36,544.5,0
73.365,544.5,0
73.37,544.5,0
73.375,2639.34,0
73.38,418.28,0
73.385,1098.6,0
73.39,1098.6,0
73.395,1782.62,0
73.4,1549.32,0
73.405,1826.9,0
73.41,1826.9,0
73.415,1833.56,0
73.42,3147.58,0
73.425,2325.21,0
73.43,2325.21,0
73.435,2459.59,0
73.44,2427.79,0
73.445,2427.79,0
73.45,2319.79,0
73.455,1404.16,0
73.46,739.41,0
73.465,2319.79,0
73.47,2319.79,0
73.475,1933.35,0
73.48,1933.35,0
73.485,1915.85,0
73.49,1915.85,0
73.495,1944.57,0
73.5,1944.57,0
73.505,1965.47,0
73.51,1965.47,0
73.515,1965.47,0
73.52,1965.47,0
73.525,1856.79,0
73.53,1856.79,0
73.535,1856.79,0
73.54,1856.79,0
73.545,1507.66,0
73.55,1507.66,0
73.555,2032.26,0
73.56,2032.26,0
73.565,2099.38,0
73.57,2099.38,0
73.575,1915.7,0
73.58,1915.7,0
73.585,2408.19,0
73.59,2408.19,0
73.595,1859.31,0
73.6,2056.07,0
73.605,2360.99,0
73.61,2360.99,0
73.615,2360.99,0
73.62,2433.14,0
73.625,1401.65,0
73.63,1079.67,0
73.635,1079.67,0
73.64,840.51,0
73.645,840.51,0
73.65,490.74,0
73.655,490.74,0
73.66,1155.61,0
73.665,1155.61,0
73.67,675.0,0
73.675,675.0,0
73.68,1401.65,0
73.685,840.51,0
73.69,1037.16,0
73.695,1037.16,0
73.7,1037.16,0
73.705,1359.68,0
73.71,1120.27,0
73.715,1120.27,0
73.72,1404.8,0
73.725,1037.16,0
73.73,1057.9,0
73.735,1057.9,0
73.74,984.37,0
73.745,1155.61,0
73.75,984.37,0
73.755,984.37,0
73.76,929.44,0
73.765,929.44,0
73.77,966.42,0
73.775,978.03,0
73.78,949.24,0
73.785,949.24,0
73.79,1009.7,0
73.795,967.09,0
73.8,967.09,0
73.805,1025.57,0
73.81,1025.57,0
73.815,928.5,0
73.82,1025.57,0
73.825,1025.57,0
73.83,999.7,0
73.835,999.7,0
73.84,952.12,0
73.845,952.12,0
73.85,965.83,0
73.855,992.64,0
73.86,992.64,0
73.865,974.49,0
73.87,992.64,0
73.875,1002.51,0
73.88,1021.59,0
73.885,1021.59,0
73.89,1016.94,0
73.895,1230.99,0
73.9,1016.94,0
73.905,1016.94,0
73.91,874.63,0
73.915,874.63,0
73.92,821.53,0
73.925,821.53,0
73.93,979.61,0
73.935,979.61,0
73.94,805.43,0
73.945,805.43,0
73.95,341.28,0
73.955,341.28,0
73.96,506.5,0
73.965,506.5,0
73.97,506.5,0
73.975,506.5,0
73.98,619.48,0
73.985,969.43,0
73.99,391.45,0
73.995,391.45,0
74.0,815.22,0
74.005,-217.65,0
74.01,-217.65,0
74.015,-217.65,0
74.02,-217.65,0
74.025,-666.24,0
74.03,-666.24,0
74.035,-802.88,0
74.04,610.67,0
74.045,43.81,0
74.05,43.81,0
74.055,341.26,0
74.06,43.81,0
74.065,43.81,0
74.07,43.81,0
74.075,-697.88,0
74.08,-697.88,0
74.085,-1014.31,0
74.09,-1014.31,0
74.095,-888.75,0
74.1,-888.75,0
74.105,-775.51,0
74.11,-775.51,0
74.115,-775.51,0
74.12,-775.51,0
74.125,-435.75,0
74.13,-435.75,0
74.135,-572.91,0
74.14,-409.4,0
74.145,-572.91,0
74.15,-572.91,0
74.155,-758.95,0
74.16,-758.95,0
74.165,-758.95,0
74.17,234.33,0
74.175,-1007.89,0
74.18,-1007.89,0
74.185,-1030.93,0
74.19,-1030.93,0
74.195,-969.8,0
74.2,-969.8,0
74.205,-1007.68,0
74.21,-1002.47,0
74.215,-966.37,0
74.22,-966.37,0
74.225,-997.68,0
74.23,-997.68,0
74.235,611.77,0
74.24,-1024.36,0
74.245,-1024.36,0
74.25,-983.37,0
74.255,-983.37,0
74.26,-983.37,0
74.265,-983.37,0
74.27,-983.37,0
74.275,-983.37,0
74.28,-983.37,0
