Time,fwEMG 3,Subject,MVC,Trial,Peak_Number,Is_Highest
2.7181818181818183,-0.052658496008690915,S01,10,1,1,False
10.3,-0.05186251603894047,S01,10,1,2,False
21.677272727272726,-0.05171029426848784,S01,10,1,3,False
55.763636363636365,-0.05295638016892248,S01,10,1,4,False
123.2090909090909,-0.052696386777572,S01,10,1,5,False
156.51818181818183,-0.051894036599580945,S01,10,1,6,False
164.12272727272727,-0.05202020473302815,S01,10,1,7,False
182.29090909090908,-0.05173223997250568,S01,10,1,8,False
197.45454545454547,-0.052099405832516106,S01,10,1,9,False
201.23636363636365,-0.05375477196771789,S01,10,1,10,False
208.8,-0.05212849443389704,S01,10,1,11,False
229.4409090909091,-0.10205531405029805,S01,10,1,12,False
231.52727272727273,-0.07421127010981196,S01,10,1,13,False
236.44545454545454,0.04493487458973872,S01,10,1,14,False
238.48181818181817,-0.12128315388154494,S01,10,1,15,False
244.03181818181818,0.04820966907854092,S01,10,1,16,False
246.4090909090909,-0.09469449441515539,S01,10,1,17,False
251.55454545454546,0.049596738085487424,S01,10,1,18,False
253.95,0.06397474138913137,S01,10,1,19,False
256.15,0.044817867606542175,S01,10,1,20,False
258.4,0.07434986648246195,S01,10,1,21,False
262.2,0.046744653941983495,S01,10,1,22,False
264.8954545454545,-0.11600391268610023,S01,10,1,23,False
270.1136363636364,-0.10312255517164977,S01,10,1,24,False
273.5181818181818,0.06302190740273073,S01,10,1,25,False
279.0863636363636,0.060715567388473904,S01,10,1,26,False
281.15909090909093,0.04862063749533373,S01,10,1,27,False
285.3863636363636,-0.09929350191729541,S01,10,1,28,False
287.49545454545455,-0.06811475194968461,S01,10,1,29,False
289.8909090909091,-0.10388179098638929,S01,10,1,30,False
292.82272727272726,-0.09647159289954954,S01,10,1,31,False
295.53636363636366,0.0439278129284658,S01,10,1,32,False
299.5863636363636,-0.09041944022351371,S01,10,1,33,False
304.2772727272727,-0.07048098680632722,S01,10,1,34,False
307.34090909090907,-0.08582194587240775,S01,10,1,35,False
310.1409090909091,-0.0767772409492754,S01,10,1,36,False
314.80454545454546,-0.11447435039145801,S01,10,1,37,False
319.3590909090909,-0.1470373739769503,S01,10,1,38,True
322.0318181818182,0.04647117678150541,S01,10,1,39,False
325.0954545454546,0.09690799144855998,S01,10,1,40,False
328.33181818181816,-0.08375307540124707,S01,10,1,41,False
330.3863636363636,0.09987675705924276,S01,10,1,42,False
336.23636363636365,-0.08455571438958183,S01,10,1,43,False
339.4227272727273,0.08306499153233926,S01,10,1,44,False
343.6545454545454,-0.11353373905948934,S01,10,1,45,False
346.9681818181818,0.0783016099176716,S01,10,1,46,False
350.3863636363636,-0.0971721693335105,S01,10,1,47,False
353.34090909090907,-0.08178730310018532,S01,10,1,48,False
357.21363636363634,-0.10340593742134724,S01,10,1,49,False
360.31363636363636,-0.09953012199771881,S01,10,1,50,False
363.7772727272727,0.07577585851209614,S01,10,1,51,False
366.6727272727273,0.09951264643943701,S01,10,1,52,False
368.93636363636364,0.06047967095256176,S01,10,1,53,False
371.0318181818182,-0.11179466456207884,S01,10,1,54,False
373.19545454545454,-0.0883042580462798,S01,10,1,55,False
375.55,-0.0786190042957654,S01,10,1,56,False
378.1136363636364,0.053520303889138504,S01,10,1,57,False
381.4727272727273,-0.08759447855364116,S01,10,1,58,False
383.65,-0.05899487965038475,S01,10,1,59,False
385.71363636363634,0.09304125298977924,S01,10,1,60,False
388.66818181818184,0.06846179018440168,S01,10,1,61,False
392.33181818181816,-0.09008214851305399,S01,10,1,62,False
396.2090909090909,0.07490822707473588,S01,10,1,63,False
399.6227272727273,-0.1065727702852027,S01,10,1,64,False
402.8090909090909,-0.08984076223269652,S01,10,1,65,False
406.93636363636364,0.08014607755829495,S01,10,1,66,False
409.53636363636366,-0.08133299803088331,S01,10,1,67,False
411.83181818181816,-0.09635594528294714,S01,10,1,68,False
414.1181818181818,-0.06002846987285048,S01,10,1,69,False
417.0272727272727,-0.08299905445282296,S01,10,1,70,False
420.0772727272727,-0.08629170571187214,S01,10,1,71,False
423.22727272727275,-0.1123923767796541,S01,10,1,72,False
426.1045454545455,-0.09750869200733012,S01,10,1,73,False
429.28636363636366,-0.0951549853399356,S01,10,1,74,False
431.6454545454545,-0.0949752114060784,S01,10,1,75,False
433.83181818181816,-0.055922078750596516,S01,10,1,76,False
436.48636363636365,0.07413979324770618,S01,10,1,77,False
440.6318181818182,-0.06275175491089505,S01,10,1,78,False
442.8590909090909,-0.10979817690401394,S01,10,1,79,False
446.5409090909091,-0.10734053059623727,S01,10,1,80,False
448.9727272727273,-0.09172065468731166,S01,10,1,81,False
452.7409090909091,-0.09263481015881536,S01,10,1,82,False
456.6454545454545,-0.11290683151564754,S01,10,1,83,False
458.8454545454546,-0.05186538755227916,S01,10,1,84,False
461.0090909090909,-0.10411876390983667,S01,10,1,85,False
463.42727272727274,-0.0737797075498571,S01,10,1,86,False
467.04545454545456,-0.06626186142105321,S01,10,1,87,False
471.0318181818182,-0.11374095209589123,S01,10,1,88,False
474.0272727272727,-0.07585487223345325,S01,10,1,89,False
476.1181818181818,-0.09395082208478345,S01,10,1,90,False
478.56363636363636,-0.10949205687756759,S01,10,1,91,False
480.81363636363636,-0.08118633588376328,S01,10,1,92,False
483.05454545454546,-0.09614136720960283,S01,10,1,93,False
485.21363636363634,-0.08304133665298086,S01,10,1,94,False
487.5409090909091,-0.08015292011112511,S01,10,1,95,False
492.16818181818184,-0.07365423282582184,S01,10,1,96,False
496.0,-0.09304619708806205,S01,10,1,97,False
498.17727272727274,-0.1458081044920404,S01,10,1,98,False
0.004545454545454545,-0.049320300287504185,S01,10,2,1,False
237.80454545454546,-0.12263817536463521,S01,10,2,2,False
242.27272727272728,-0.10600070613330001,S01,10,2,3,False
245.35454545454544,-0.051587379262367256,S01,10,2,4,False
247.7409090909091,-0.09284484032204077,S01,10,2,5,False
252.1727272727273,-0.1053896462875581,S01,10,2,6,False
254.8090909090909,0.052928591079653746,S01,10,2,7,False
258.09090909090907,-0.09132405243732326,S01,10,2,8,False
260.8909090909091,0.039685354901116396,S01,10,2,9,False
264.25454545454545,-0.1302520675041811,S01,10,2,10,False
267.7227272727273,0.06330709140771243,S01,10,2,11,False
271.90909090909093,-0.10089782220497973,S01,10,2,12,False
277.09090909090907,-0.060660273157582704,S01,10,2,13,False
280.1727272727273,-0.08382005116383928,S01,10,2,14,False
284.0272727272727,-0.13312428633206852,S01,10,2,15,False
287.4136363636364,0.06899312818730391,S01,10,2,16,False
289.6636363636364,0.09471172152292986,S01,10,2,17,False
291.95454545454544,0.08993857984000284,S01,10,2,18,False
294.24545454545455,0.04090852084444978,S01,10,2,19,False
296.73636363636365,-0.08160232552410533,S01,10,2,20,False
301.18636363636364,-0.058414506654289766,S01,10,2,21,False
303.20454545454544,0.08987337358529876,S01,10,2,22,False
305.80454545454546,-0.07715758685712609,S01,10,2,23,False
308.1909090909091,-0.0848323549720152,S01,10,2,24,False
312.21363636363634,0.06118760120933593,S01,10,2,25,False
315.0181818181818,-0.0578873221467539,S01,10,2,26,False
317.3818181818182,-0.09043028937531618,S01,10,2,27,False
321.35,0.07325096047698712,S01,10,2,28,False
325.9590909090909,0.0738346970434328,S01,10,2,29,False
329.1727272727273,0.06842695957140844,S01,10,2,30,False
334.0,-0.09025543041261345,S01,10,2,31,False
336.1227272727273,-0.08274899314754702,S01,10,2,32,False
339.2409090909091,-0.0891849644375696,S01,10,2,33,False
342.3636363636364,-0.08156514342733076,S01,10,2,34,False
346.07272727272726,-0.10423221980802927,S01,10,2,35,False
349.3090909090909,-0.09762413685798438,S01,10,2,36,False
352.05,-0.09769668983861092,S01,10,2,37,False
355.15909090909093,-0.05269942186431396,S01,10,2,38,False
357.7181818181818,-0.0908881208628241,S01,10,2,39,False
361.2318181818182,-0.08246922588549183,S01,10,2,40,False
363.43636363636364,-0.09233981866294275,S01,10,2,41,False
366.51363636363635,-0.08644997579718813,S01,10,2,42,False
370.3590909090909,-0.09651686468341497,S01,10,2,43,False
374.00454545454545,-0.07989646469506859,S01,10,2,44,False
376.3681818181818,-0.07531978914344703,S01,10,2,45,False
378.5954545454546,-0.07787671244266775,S01,10,2,46,False
382.3545454545455,-0.09918917391682938,S01,10,2,47,False
385.5272727272727,-0.09208637358348239,S01,10,2,48,False
388.1090909090909,0.07989901323062876,S01,10,2,49,False
391.8272727272727,0.07031312151610006,S01,10,2,50,False
395.2772727272727,-0.11203688792425896,S01,10,2,51,False
399.8181818181818,-0.09202752488587163,S01,10,2,52,False
402.50454545454545,0.08785204224598847,S01,10,2,53,False
406.6363636363636,-0.09039755386429159,S01,10,2,54,False
409.75,-0.11454870140536734,S01,10,2,55,False
411.79545454545456,-0.0814616205325828,S01,10,2,56,False
414.16818181818184,-0.07647565156952804,S01,10,2,57,False
417.31363636363636,-0.10640528172452017,S01,10,2,58,False
421.76363636363635,-0.16573018574812914,S01,10,2,59,True
424.7,-0.12188529966086607,S01,10,2,60,False
427.98636363636365,-0.07854852004276686,S01,10,2,61,False
430.8681818181818,-0.12156213113438273,S01,10,2,62,False
435.06363636363636,0.12243909379864433,S01,10,2,63,False
439.1,-0.0851156180285258,S01,10,2,64,False
441.9227272727273,0.12099337103875014,S01,10,2,65,False
445.31363636363636,-0.09653629654963969,S01,10,2,66,False
447.8772727272727,0.05751761076599008,S01,10,2,67,False
450.9909090909091,0.06938924495032947,S01,10,2,68,False
454.8727272727273,0.09578488795238213,S01,10,2,69,False
457.4227272727273,-0.11310386894478888,S01,10,2,70,False
459.7409090909091,-0.08497430133420977,S01,10,2,71,False
461.76363636363635,-0.05694018374253223,S01,10,2,72,False
463.9045454545454,0.06658771297962726,S01,10,2,73,False
466.48636363636365,-0.05804622655536827,S01,10,2,74,False
468.7227272727273,-0.09001397360903,S01,10,2,75,False
470.94545454545454,-0.0930794222765543,S01,10,2,76,False
475.31363636363636,0.06163493928669242,S01,10,2,77,False
478.6318181818182,-0.09316565773462539,S01,10,2,78,False
481.03636363636366,-0.05839641017684469,S01,10,2,79,False
483.5272727272727,0.06716601114987984,S01,10,2,80,False
486.5772727272727,0.08111979076637202,S01,10,2,81,False
490.1272727272727,-0.06587112119179363,S01,10,2,82,False
493.7590909090909,-0.08103403169188372,S01,10,2,83,False
496.91818181818184,-0.0853365099369364,S01,10,2,84,False
499.0772727272727,-0.0653176630338763,S01,10,2,85,False
233.3181818181818,-0.09231867606827113,S01,10,3,1,False
235.36818181818182,-0.06456149964415624,S01,10,3,2,False
245.56363636363636,0.05549411669480347,S01,10,3,3,False
250.54090909090908,-0.10613213512371666,S01,10,3,4,False
255.0,-0.09701167177494194,S01,10,3,5,False
262.33181818181816,0.058467900217727985,S01,10,3,6,False
264.9409090909091,-0.05451855621285793,S01,10,3,7,False
267.2818181818182,-0.08661659182765996,S01,10,3,8,False
273.41818181818184,-0.07062474333695612,S01,10,3,9,False
279.7227272727273,0.04757750570979467,S01,10,3,10,False
284.8681818181818,0.10152843370366584,S01,10,3,11,False
288.99545454545455,-0.0754393686428354,S01,10,3,12,False
291.4045454545454,-0.08502722084350496,S01,10,3,13,False
295.15,-0.055018074937126134,S01,10,3,14,False
300.1727272727273,0.053795608793432474,S01,10,3,15,False
303.6045454545455,-0.054465939636608646,S01,10,3,16,False
305.8772727272727,-0.09495021902955826,S01,10,3,17,False
309.2,0.11537856721345974,S01,10,3,18,False
313.34090909090907,-0.0813847054318407,S01,10,3,19,False
317.99545454545455,-0.09427679013119537,S01,10,3,20,False
320.4818181818182,0.09487531527559284,S01,10,3,21,False
322.59090909090907,-0.08428347433703177,S01,10,3,22,False
328.2318181818182,0.08896975172927826,S01,10,3,23,False
330.8454545454546,-0.09347531755033212,S01,10,3,24,False
333.1272727272727,-0.07460236963175335,S01,10,3,25,False
335.6818181818182,0.04801787129196691,S01,10,3,26,False
340.9227272727273,0.10065647776089769,S01,10,3,27,False
344.8181818181818,0.05011747790891514,S01,10,3,28,False
347.7590909090909,0.061513147885651695,S01,10,3,29,False
350.3545454545455,0.12481589536286951,S01,10,3,30,False
352.4409090909091,0.049335806619017986,S01,10,3,31,False
356.1818181818182,0.1424711682416488,S01,10,3,32,False
360.1727272727273,0.09057470888131669,S01,10,3,33,False
362.2590909090909,0.0403823572096033,S01,10,3,34,False
364.29545454545456,0.07113463940008959,S01,10,3,35,False
368.6136363636364,-0.07301084790591539,S01,10,3,36,False
371.4,0.0584353380989451,S01,10,3,37,False
374.93636363636364,0.07382368470619079,S01,10,3,38,False
378.1318181818182,0.1375360253237055,S01,10,3,39,False
380.7909090909091,-0.12197385903688189,S01,10,3,40,False
383.75454545454545,-0.12537658615545702,S01,10,3,41,False
387.51363636363635,-0.0984693834909779,S01,10,3,42,False
391.0409090909091,0.08133797366870045,S01,10,3,43,False
394.4136363636364,-0.1118933314319759,S01,10,3,44,False
396.7318181818182,-0.12787236297474597,S01,10,3,45,False
400.45,-0.10911016289809713,S01,10,3,46,False
402.78636363636366,-0.05887944212613664,S01,10,3,47,False
405.0318181818182,-0.0944786423205874,S01,10,3,48,False
407.32272727272726,-0.06564789929033557,S01,10,3,49,False
409.5954545454546,-0.14549886511776855,S01,10,3,50,False
411.7227272727273,-0.0609286772965654,S01,10,3,51,False
415.71363636363634,-0.10418943466569772,S01,10,3,52,False
419.4681818181818,-0.0755597104578144,S01,10,3,53,False
421.6636363636364,-0.12253319538388761,S01,10,3,54,False
423.84090909090907,-0.09126293690305409,S01,10,3,55,False
427.66818181818184,-0.08377202951427912,S01,10,3,56,False
431.1090909090909,0.09801890243384342,S01,10,3,57,False
433.8363636363636,-0.11400483228311627,S01,10,3,58,False
437.6409090909091,-0.10296128066782093,S01,10,3,59,False
439.7818181818182,-0.06058267883017369,S01,10,3,60,False
441.80454545454546,0.09172645680404728,S01,10,3,61,False
445.5681818181818,0.07889061655150531,S01,10,3,62,False
449.2,0.06565057426529738,S01,10,3,63,False
451.2681818181818,-0.052256395088320605,S01,10,3,64,False
453.57272727272726,-0.08759396171061617,S01,10,3,65,False
456.1090909090909,0.1260043058398633,S01,10,3,66,False
460.1045454545455,-0.08344289523621437,S01,10,3,67,False
464.18636363636364,-0.14171511417356342,S01,10,3,68,False
466.9045454545454,0.10381357840386796,S01,10,3,69,False
469.3090909090909,-0.09474112243061862,S01,10,3,70,False
472.3909090909091,-0.14861979918335516,S01,10,3,71,True
475.15,0.05427521695793408,S01,10,3,72,False
477.5181818181818,0.0754553578900771,S01,10,3,73,False
480.1636363636364,-0.1344883380548197,S01,10,3,74,False
482.75,0.08500300086555906,S01,10,3,75,False
486.1181818181818,-0.1437955513092311,S01,10,3,76,False
488.35,-0.09205593615038259,S01,10,3,77,False
490.48636363636365,0.08458816832828524,S01,10,3,78,False
492.98636363636365,-0.0732131838812597,S01,10,3,79,False
496.9,0.08222201278109026,S01,10,3,80,False
499.0181818181818,-0.06660240777809051,S01,10,3,81,False
223.93636363636364,-0.0952023261128509,S01,25,1,1,False
226.48181818181817,0.07890437830565039,S01,25,1,2,False
231.1909090909091,0.056218992323215304,S01,25,1,3,False
236.41363636363636,0.0906813591929141,S01,25,1,4,False
240.25454545454545,0.05863056864788038,S01,25,1,5,False
244.88181818181818,0.08859046261772419,S01,25,1,6,False
250.39545454545456,-0.06936127880168474,S01,25,1,7,False
254.21363636363637,-0.06509480466685513,S01,25,1,8,False
257.74545454545455,0.06193851549751281,S01,25,1,9,False
259.97727272727275,0.12442342534324767,S01,25,1,10,False
262.4318181818182,0.15003945537467164,S01,25,1,11,False
265.50454545454545,0.12479079523631242,S01,25,1,12,False
267.51363636363635,0.23131118879628448,S01,25,1,13,False
270.8727272727273,-0.11037712688005778,S01,25,1,14,False
274.6136363636364,-0.08989890346679244,S01,25,1,15,False
279.9227272727273,-0.08781042142657841,S01,25,1,16,False
282.32272727272726,-0.11308720502469302,S01,25,1,17,False
286.1818181818182,-0.09269990458043788,S01,25,1,18,False
288.3454545454546,-0.11778198052770295,S01,25,1,19,False
292.2590909090909,-0.09656106081932352,S01,25,1,20,False
296.5681818181818,-0.07694286996055706,S01,25,1,21,False
299.8681818181818,-0.11249468846255203,S01,25,1,22,False
302.40909090909093,-0.10168574282309396,S01,25,1,23,False
305.81363636363636,-0.1096656303342074,S01,25,1,24,False
308.8363636363636,-0.12989398712843536,S01,25,1,25,False
311.0409090909091,-0.08066558469034321,S01,25,1,26,False
313.3545454545455,-0.060530135428175126,S01,25,1,27,False
315.5272727272727,-0.09611334193995372,S01,25,1,28,False
317.9045454545454,-0.08681545762977348,S01,25,1,29,False
320.81363636363636,-0.057755358078413366,S01,25,1,30,False
323.05,0.08801045737072995,S01,25,1,31,False
326.7772727272727,0.08209172410622557,S01,25,1,32,False
330.25454545454545,0.13917199664832494,S01,25,1,33,False
332.67727272727274,0.048934683103109756,S01,25,1,34,False
334.73636363636365,-0.1303053539657752,S01,25,1,35,False
338.51363636363635,-0.07076223410820723,S01,25,1,36,False
341.06363636363636,-0.12145362699230208,S01,25,1,37,False
344.8181818181818,0.135048785612494,S01,25,1,38,False
348.3090909090909,-0.10301119830905947,S01,25,1,39,False
352.33181818181816,0.0771568311675161,S01,25,1,40,False
355.80454545454546,-0.11026158275862552,S01,25,1,41,False
359.04545454545456,0.10042893612370621,S01,25,1,42,False
361.7,-0.11474038809115446,S01,25,1,43,False
363.9909090909091,0.0770545134118884,S01,25,1,44,False
367.8454545454546,0.10488723022245573,S01,25,1,45,False
370.01363636363635,0.09275294010584206,S01,25,1,46,False
372.4590909090909,-0.1140978225051884,S01,25,1,47,False
374.77272727272725,-0.16367985844402963,S01,25,1,48,False
378.8454545454546,0.11213651563884974,S01,25,1,49,False
381.17727272727274,-0.09652936042531252,S01,25,1,50,False
383.66818181818184,-0.10501196745776908,S01,25,1,51,False
387.3772727272727,0.12222760778503257,S01,25,1,52,False
390.2818181818182,0.12124213983510894,S01,25,1,53,False
392.8181818181818,-0.10278544233811249,S01,25,1,54,False
395.6,0.07936278276800585,S01,25,1,55,False
400.96363636363634,0.10662006081959113,S01,25,1,56,False
403.7090909090909,0.07373034788330021,S01,25,1,57,False
406.4909090909091,-0.08514953796345658,S01,25,1,58,False
410.4727272727273,-0.10397933147210048,S01,25,1,59,False
412.8772727272727,-0.12435669065844622,S01,25,1,60,False
415.30454545454546,0.09639383788417871,S01,25,1,61,False
419.0681818181818,0.12369170378963329,S01,25,1,62,False
423.6454545454545,-0.09246215919968452,S01,25,1,63,False
426.3181818181818,-0.19840686756698955,S01,25,1,64,False
428.4,-0.1138021877155708,S01,25,1,65,False
430.8181818181818,-0.15096583358396504,S01,25,1,66,False
433.8363636363636,-0.1565782573845909,S01,25,1,67,False
437.7090909090909,-0.18244124320542163,S01,25,1,68,False
440.0272727272727,-0.08284889103344778,S01,25,1,69,False
442.0863636363636,-0.13202476956984965,S01,25,1,70,False
445.1045454545455,-0.12171362073287836,S01,25,1,71,False
447.95,-0.11969279307880921,S01,25,1,72,False
450.47727272727275,-0.1908818315365404,S01,25,1,73,False
452.9227272727273,-0.08110374171008797,S01,25,1,74,False
455.76363636363635,-0.22355265796995724,S01,25,1,75,False
458.8272727272727,-0.14280141892272724,S01,25,1,76,False
461.2,-0.12613138553098924,S01,25,1,77,False
464.25,-0.24525142244715198,S01,25,1,78,True
467.30454545454546,-0.12787512888208952,S01,25,1,79,False
470.9,-0.12073510649345114,S01,25,1,80,False
473.3909090909091,-0.14470456163157303,S01,25,1,81,False
476.65909090909093,0.09036364363592847,S01,25,1,82,False
479.22727272727275,-0.12238532755232694,S01,25,1,83,False
482.3545454545455,-0.11547793589798978,S01,25,1,84,False
485.19545454545454,-0.1011991492382484,S01,25,1,85,False
489.0181818181818,0.1352434143573391,S01,25,1,86,False
492.1363636363636,-0.13435788436907875,S01,25,1,87,False
495.5863636363636,0.13500094549724695,S01,25,1,88,False
498.92727272727274,0.07998141046404753,S01,25,1,89,False
238.6727272727273,-0.09536656521779446,S01,25,2,1,False
241.36818181818182,0.07877441767735298,S01,25,2,2,False
243.98636363636365,-0.06763672502707271,S01,25,2,3,False
248.1727272727273,0.13368646754417274,S01,25,2,4,False
250.4409090909091,0.06480321170004091,S01,25,2,5,False
252.70454545454547,0.10805358639004745,S01,25,2,6,False
255.13181818181818,0.11918304824723056,S01,25,2,7,False
258.7818181818182,0.11290269810850694,S01,25,2,8,False
261.7772727272727,0.08816755239068273,S01,25,2,9,False
267.5090909090909,-0.10794737770657599,S01,25,2,10,False
271.2227272727273,-0.08714848295597868,S01,25,2,11,False
275.1227272727273,-0.09702748546640672,S01,25,2,12,False
278.8727272727273,-0.07822100769321196,S01,25,2,13,False
282.0181818181818,-0.0879478543601596,S01,25,2,14,False
285.5090909090909,-0.08749875316340869,S01,25,2,15,False
289.65,-0.08165200508087772,S01,25,2,16,False
293.2590909090909,-0.10343546484682781,S01,25,2,17,False
297.0681818181818,-0.0844610274996562,S01,25,2,18,False
300.8772727272727,-0.0807531783940166,S01,25,2,19,False
303.47727272727275,0.08029850741557838,S01,25,2,20,False
307.1545454545454,0.06937656275906628,S01,25,2,21,False
310.06363636363636,-0.07532425254716345,S01,25,2,22,False
313.72727272727275,-0.1131561405377236,S01,25,2,23,False
318.3181818181818,-0.09903235969914086,S01,25,2,24,False
321.3590909090909,-0.09006989174806268,S01,25,2,25,False
325.2409090909091,-0.09051955041187214,S01,25,2,26,False
327.5181818181818,-0.07107627297503717,S01,25,2,27,False
330.06363636363636,0.14075032146293515,S01,25,2,28,False
333.7,0.05574269375359306,S01,25,2,29,False
337.1727272727273,-0.08685081896545865,S01,25,2,30,False
340.30454545454546,-0.09312788845150818,S01,25,2,31,False
342.67727272727274,0.10047259316053322,S01,25,2,32,False
344.73636363636365,-0.05578504943089802,S01,25,2,33,False
346.95454545454544,-0.16557080100938015,S01,25,2,34,False
349.21363636363634,-0.0698213408662403,S01,25,2,35,False
352.32272727272726,-0.12559214732317528,S01,25,2,36,False
356.57272727272726,0.12321488967317086,S01,25,2,37,False
358.8272727272727,-0.0877301881007925,S01,25,2,38,False
361.1454545454545,0.13976639693324866,S01,25,2,39,False
365.4045454545454,0.1177764668099168,S01,25,2,40,False
367.5954545454546,-0.1599609331375077,S01,25,2,41,False
371.81363636363636,-0.14784950093007007,S01,25,2,42,False
373.8954545454545,0.049345587515210086,S01,25,2,43,False
376.01363636363635,0.15508588526694353,S01,25,2,44,False
379.21363636363634,0.14258099121329537,S01,25,2,45,False
382.27272727272725,0.11970576060622347,S01,25,2,46,False
385.2090909090909,0.11413898042429681,S01,25,2,47,False
387.65,0.10045269389272476,S01,25,2,48,False
390.2181818181818,-0.1277339357018078,S01,25,2,49,False
393.1090909090909,-0.09448552315200853,S01,25,2,50,False
396.59090909090907,0.1219656279947601,S01,25,2,51,False
399.5590909090909,0.10675143081455851,S01,25,2,52,False
402.83181818181816,0.13793682553711942,S01,25,2,53,False
406.6409090909091,0.11440049215656403,S01,25,2,54,False
409.5590909090909,0.13112571239073828,S01,25,2,55,False
413.40909090909093,0.11938018239435269,S01,25,2,56,False
417.18636363636364,0.10516957221802845,S01,25,2,57,False
419.41818181818184,0.0537124221760945,S01,25,2,58,False
421.73636363636365,0.1201099694527972,S01,25,2,59,False
424.7318181818182,0.1278562006770626,S01,25,2,60,False
428.5863636363636,0.11982143726467168,S01,25,2,61,False
431.19545454545454,-0.1099543665375628,S01,25,2,62,False
434.32272727272726,-0.10334790148097281,S01,25,2,63,False
436.6272727272727,-0.13137238632514828,S01,25,2,64,False
438.8545454545455,-0.15027720723766202,S01,25,2,65,False
441.52272727272725,0.11115112892336809,S01,25,2,66,False
444.32272727272726,-0.09871133762558568,S01,25,2,67,False
447.17727272727274,-0.14083789862198362,S01,25,2,68,False
449.32272727272726,-0.14396795311622335,S01,25,2,69,False
452.9409090909091,-0.17402664198292941,S01,25,2,70,False
456.8727272727273,-0.25607083774326045,S01,25,2,71,True
458.8863636363636,0.042250695659546034,S01,25,2,72,False
461.30454545454546,-0.12464029429509221,S01,25,2,73,False
464.0590909090909,0.14591010286555725,S01,25,2,74,False
467.4136363636364,-0.10435340771250168,S01,25,2,75,False
469.45454545454544,-0.25505951351829714,S01,25,2,76,False
471.65,-0.07362351344206088,S01,25,2,77,False
473.75,0.10409730059112005,S01,25,2,78,False
476.1181818181818,-0.16600903913709605,S01,25,2,79,False
478.45454545454544,0.05657698117532011,S01,25,2,80,False
481.41818181818184,-0.14919964211106135,S01,25,2,81,False
483.5409090909091,-0.1775160465576549,S01,25,2,82,False
486.07272727272726,-0.22599172377873983,S01,25,2,83,False
488.29545454545456,0.14094464239704838,S01,25,2,84,False
490.3863636363636,-0.215129435989479,S01,25,2,85,False
492.4227272727273,-0.13015167079740408,S01,25,2,86,False
494.93636363636364,-0.13648467158165883,S01,25,2,87,False
498.1181818181818,-0.16712222877214997,S01,25,2,88,False
239.9,-0.1278367198137321,S01,25,3,1,False
242.3909090909091,0.07339622152685597,S01,25,3,2,False
246.67727272727274,0.0935719663340467,S01,25,3,3,False
248.6909090909091,0.15443281285946994,S01,25,3,4,False
250.88181818181818,0.1301799947961345,S01,25,3,5,False
253.93636363636364,0.16855929651283685,S01,25,3,6,False
256.19545454545454,0.09467302295226954,S01,25,3,7,False
258.40909090909093,0.10546570164638662,S01,25,3,8,False
263.2681818181818,-0.08801308126738605,S01,25,3,9,False
267.3090909090909,-0.11549137671254701,S01,25,3,10,False
270.20454545454544,-0.08958069151333997,S01,25,3,11,False
273.3727272727273,-0.08920189850328972,S01,25,3,12,False
277.8,-0.10061533508596299,S01,25,3,13,False
281.5590909090909,-0.0969433483604141,S01,25,3,14,False
285.1818181818182,-0.09761138380305891,S01,25,3,15,False
289.1272727272727,-0.0904115129206319,S01,25,3,16,False
292.23636363636365,-0.10737774192433451,S01,25,3,17,False
294.41818181818184,-0.10286451234522828,S01,25,3,18,False
299.1272727272727,-0.07506926417857548,S01,25,3,19,False
302.01363636363635,-0.10756468690857174,S01,25,3,20,False
305.9409090909091,-0.073436775750757,S01,25,3,21,False
309.5409090909091,-0.08348857150291408,S01,25,3,22,False
311.8363636363636,-0.05875293987478119,S01,25,3,23,False
314.22727272727275,-0.0927273344497591,S01,25,3,24,False
317.2090909090909,-0.09696059169825971,S01,25,3,25,False
320.18636363636364,-0.08676467526428927,S01,25,3,26,False
322.4136363636364,-0.10651040114175343,S01,25,3,27,False
324.43636363636364,0.14985171192701247,S01,25,3,28,False
328.0863636363636,0.0597345818975975,S01,25,3,29,False
330.29545454545456,0.14389271706471013,S01,25,3,30,False
333.9,-0.10645015844561431,S01,25,3,31,False
336.2590909090909,0.07844394134596583,S01,25,3,32,False
338.4818181818182,-0.08812441878740376,S01,25,3,33,False
341.8272727272727,0.04815971231516684,S01,25,3,34,False
344.02272727272725,0.13981214875267306,S01,25,3,35,False
346.08181818181816,-0.06767534726496877,S01,25,3,36,False
348.8863636363636,-0.12155125221429906,S01,25,3,37,False
351.18636363636364,-0.056893936500718285,S01,25,3,38,False
353.18636363636364,0.12595947242007788,S01,25,3,39,False
357.1909090909091,-0.10838454903451711,S01,25,3,40,False
360.99545454545455,-0.10329235610752588,S01,25,3,41,False
364.78636363636366,0.08492507347010717,S01,25,3,42,False
367.6136363636364,0.14015107278203576,S01,25,3,43,False
370.93636363636364,-0.16693640568745222,S01,25,3,44,False
374.07272727272726,-0.13625736706738656,S01,25,3,45,False
376.8363636363636,0.05095608668991644,S01,25,3,46,False
379.0272727272727,-0.12558336027986536,S01,25,3,47,False
382.4,-0.13161991217111846,S01,25,3,48,False
386.8363636363636,-0.13852473300942963,S01,25,3,49,False
390.54545454545456,-0.11621540911006717,S01,25,3,50,False
393.71363636363634,-0.12691938992701318,S01,25,3,51,False
396.6045454545455,0.10065554843213935,S01,25,3,52,False
399.18636363636364,0.10259026746295219,S01,25,3,53,False
401.1909090909091,-0.10235053603105901,S01,25,3,54,False
404.5954545454546,0.1491797921703739,S01,25,3,55,False
407.2,-0.10921283292953814,S01,25,3,56,False
410.70454545454544,0.13146368951729967,S01,25,3,57,False
412.7090909090909,-0.11568784256089652,S01,25,3,58,False
414.9318181818182,-0.08106442175171638,S01,25,3,59,False
417.25,-0.08960246580247316,S01,25,3,60,False
420.15909090909093,0.07940941759078879,S01,25,3,61,False
422.6045454545455,-0.11320505010640186,S01,25,3,62,False
425.5590909090909,-0.1284046425988297,S01,25,3,63,False
428.5681818181818,-0.10467867951624234,S01,25,3,64,False
431.4227272727273,-0.11010483886676384,S01,25,3,65,False
433.9136363636364,-0.19286409697874562,S01,25,3,66,True
436.65909090909093,0.11124440309316475,S01,25,3,67,False
439.4727272727273,-0.09466899380710528,S01,25,3,68,False
442.24545454545455,-0.10747806099691803,S01,25,3,69,False
445.95454545454544,-0.08448137554450613,S01,25,3,70,False
448.95,-0.18855254600647767,S01,25,3,71,False
452.3681818181818,0.12985573458934416,S01,25,3,72,False
455.2909090909091,0.0980959329046999,S01,25,3,73,False
458.41818181818184,0.12635453581719197,S01,25,3,74,False
460.8818181818182,0.11950968910912499,S01,25,3,75,False
463.32272727272726,0.0672804851280914,S01,25,3,76,False
466.1818181818182,0.12339112695914163,S01,25,3,77,False
468.22727272727275,-0.12110756778648632,S01,25,3,78,False
470.67727272727274,0.11690810102514616,S01,25,3,79,False
472.7818181818182,0.07922736849516443,S01,25,3,80,False
476.15909090909093,0.13619810777859787,S01,25,3,81,False
478.48636363636365,-0.11025420625080498,S01,25,3,82,False
481.66818181818184,-0.08726816362053351,S01,25,3,83,False
483.94545454545454,-0.104259344284344,S01,25,3,84,False
486.3090909090909,0.11217842148832724,S01,25,3,85,False
489.22727272727275,-0.1654826226021195,S01,25,3,86,False
491.75454545454545,0.16619228746133086,S01,25,3,87,False
494.79545454545456,0.13811191608487655,S01,25,3,88,False
497.6090909090909,-0.13614709241429312,S01,25,3,89,False
225.8909090909091,-0.1143157555091226,S01,50,1,1,False
236.6090909090909,-0.10383232979401572,S01,50,1,2,False
239.1818181818182,0.07040426625169308,S01,50,1,3,False
246.02272727272728,0.07229543268057595,S01,50,1,4,False
249.08636363636364,0.06594300572507315,S01,50,1,5,False
252.04090909090908,0.1036466348730743,S01,50,1,6,False
254.4318181818182,0.06914154278118646,S01,50,1,7,False
257.1409090909091,0.08973670279086376,S01,50,1,8,False
259.6318181818182,0.11662068606467076,S01,50,1,9,False
262.6136363636364,0.10073436855148789,S01,50,1,10,False
264.9818181818182,0.08191457890441689,S01,50,1,11,False
267.7681818181818,0.12810120284861798,S01,50,1,12,False
270.27272727272725,0.08806314595339144,S01,50,1,13,False
274.3272727272727,0.146673232046655,S01,50,1,14,False
276.67727272727274,-0.15623061638565144,S01,50,1,15,False
278.8636363636364,0.09869791619647345,S01,50,1,16,False
282.3954545454545,0.22006981922634689,S01,50,1,17,False
284.58181818181816,0.08774703264999983,S01,50,1,18,False
287.65909090909093,0.11960396995137715,S01,50,1,19,False
291.6545454545454,-0.08621672614918194,S01,50,1,20,False
295.6454545454545,-0.11225173093991812,S01,50,1,21,False
297.90909090909093,-0.13775517967137732,S01,50,1,22,False
299.94545454545454,-0.1879706551868491,S01,50,1,23,False
303.81363636363636,-0.1778704208119278,S01,50,1,24,False
307.25454545454545,-0.12789980979545643,S01,50,1,25,False
311.5090909090909,-0.14319584696534113,S01,50,1,26,False
315.1818181818182,-0.13344096788291193,S01,50,1,27,False
318.3363636363636,-0.1404473561723205,S01,50,1,28,False
320.6136363636364,-0.14927698601788897,S01,50,1,29,False
323.9818181818182,-0.1442767963764812,S01,50,1,30,False
327.5181818181818,-0.15645970680452354,S01,50,1,31,False
329.8727272727273,-0.16248036527475057,S01,50,1,32,False
332.65909090909093,-0.17926250638134578,S01,50,1,33,False
335.7909090909091,-0.1212195419350396,S01,50,1,34,False
340.1181818181818,-0.1533374042385248,S01,50,1,35,False
343.4,-0.1336822560896922,S01,50,1,36,False
345.8818181818182,0.10491804344954644,S01,50,1,37,False
348.7409090909091,-0.07741334716702894,S01,50,1,38,False
350.7681818181818,-0.09503048183912813,S01,50,1,39,False
353.3545454545455,-0.12778771743823525,S01,50,1,40,False
355.4409090909091,-0.10906129641076419,S01,50,1,41,False
357.8863636363636,-0.08438214072739894,S01,50,1,42,False
360.7318181818182,-0.1578302731377474,S01,50,1,43,False
363.51363636363635,0.13078037217287578,S01,50,1,44,False
366.0681818181818,-0.09480146893936653,S01,50,1,45,False
368.90909090909093,-0.15890352720084036,S01,50,1,46,False
371.2909090909091,-0.1958416521685536,S01,50,1,47,False
375.0,-0.16779359851460546,S01,50,1,48,False
379.1045454545455,-0.1459257984524807,S01,50,1,49,False
382.1363636363636,-0.17127526329006384,S01,50,1,50,False
384.8727272727273,-0.1984864107242587,S01,50,1,51,False
387.69545454545454,-0.12901973065842554,S01,50,1,52,False
390.6727272727273,-0.13397969215374889,S01,50,1,53,False
393.45454545454544,-0.21002479750380365,S01,50,1,54,False
396.2681818181818,-0.17607558280557908,S01,50,1,55,False
398.3454545454546,-0.10450092263575396,S01,50,1,56,False
401.2409090909091,-0.12051893832723516,S01,50,1,57,False
403.68636363636364,-0.14727993344706852,S01,50,1,58,False
406.42727272727274,-0.2127285380784195,S01,50,1,59,False
409.1545454545454,-0.2030661297471975,S01,50,1,60,False
411.6227272727273,-0.2646313574026363,S01,50,1,61,False
415.3909090909091,-0.15883185406230346,S01,50,1,62,False
417.6318181818182,-0.18552171675594023,S01,50,1,63,False
419.8681818181818,-0.18011167660839122,S01,50,1,64,False
422.0318181818182,-0.19889371669770903,S01,50,1,65,False
425.6818181818182,-0.18587054484597823,S01,50,1,66,False
427.99545454545455,-0.1537239939513881,S01,50,1,67,False
430.43636363636364,-0.19950421301545396,S01,50,1,68,False
434.1,-0.1561133662334278,S01,50,1,69,False
437.20454545454544,-0.19885533699582106,S01,50,1,70,False
441.1045454545455,-0.1608917410430056,S01,50,1,71,False
443.30454545454546,-0.18338984781663678,S01,50,1,72,False
446.9318181818182,-0.16771377926426034,S01,50,1,73,False
450.98636363636365,-0.19994634689546847,S01,50,1,74,False
453.81363636363636,-0.27002490221732167,S01,50,1,75,False
456.44545454545454,-0.19592825080150134,S01,50,1,76,False
459.2772727272727,-0.2363292756960877,S01,50,1,77,False
464.1181818181818,-0.18927240394449957,S01,50,1,78,False
466.8954545454545,-0.2416872206344715,S01,50,1,79,False
469.98636363636365,-0.18776540820859544,S01,50,1,80,False
472.43636363636364,-0.19785959493664615,S01,50,1,81,False
476.0272727272727,-0.21840783206788977,S01,50,1,82,False
479.6318181818182,-0.1922918297608265,S01,50,1,83,False
482.02272727272725,-0.21456015778525117,S01,50,1,84,False
484.0954545454546,0.07130116655339114,S01,50,1,85,False
486.3454545454546,0.13475252175872152,S01,50,1,86,False
489.49545454545455,-0.2744822933544731,S01,50,1,87,True
491.99545454545455,-0.20027925399535784,S01,50,1,88,False
496.1136363636364,-0.2636112556792282,S01,50,1,89,False
498.65909090909093,-0.18650550154436463,S01,50,1,90,False
236.01363636363635,0.05406642828511436,S01,50,2,1,False
241.09545454545454,-0.11238364271692522,S01,50,2,2,False
246.0090909090909,0.08686076209398226,S01,50,2,3,False
248.98636363636365,0.08015601005389392,S01,50,2,4,False
251.98636363636365,0.08241592024609512,S01,50,2,5,False
254.06363636363636,-0.08730378373286049,S01,50,2,6,False
258.83181818181816,0.1122644409496685,S01,50,2,7,False
261.50454545454545,-0.11230335760212623,S01,50,2,8,False
263.76363636363635,-0.20614393603079095,S01,50,2,9,False
266.66818181818184,-0.18734461788243031,S01,50,2,10,False
269.75,-0.15963118922030026,S01,50,2,11,False
272.5954545454546,-0.07991090885889443,S01,50,2,12,False
276.45,-0.08302527660813064,S01,50,2,13,False
278.9227272727273,-0.10804969273740314,S01,50,2,14,False
281.1818181818182,-0.07662057841672505,S01,50,2,15,False
283.20454545454544,0.1437983422215856,S01,50,2,16,False
289.9727272727273,0.06783676191600505,S01,50,2,17,False
293.5272727272727,0.10976447827426815,S01,50,2,18,False
297.4,0.16411290790275102,S01,50,2,19,False
301.3909090909091,0.11978571586168157,S01,50,2,20,False
303.9,-0.07479146727216907,S01,50,2,21,False
305.99545454545455,0.11387295346649759,S01,50,2,22,False
310.1272727272727,-0.1458326521953205,S01,50,2,23,False
314.41818181818184,-0.12244105054021004,S01,50,2,24,False
318.3636363636364,-0.11368009265352383,S01,50,2,25,False
323.5681818181818,-0.13275829222077778,S01,50,2,26,False
326.92727272727274,0.14732983122519328,S01,50,2,27,False
330.1227272727273,0.11690532442460515,S01,50,2,28,False
333.33181818181816,-0.08864632980045822,S01,50,2,29,False
336.0772727272727,0.11529439589098094,S01,50,2,30,False
339.4045454545454,-0.08320674388311414,S01,50,2,31,False
342.5863636363636,-0.11473535392802213,S01,50,2,32,False
345.31363636363636,0.12193226798687705,S01,50,2,33,False
348.65,-0.09373688877990521,S01,50,2,34,False
351.56363636363636,-0.15425378381784138,S01,50,2,35,False
355.6272727272727,0.1224201062128162,S01,50,2,36,False
358.0863636363636,0.14300018592259395,S01,50,2,37,False
360.7590909090909,-0.08745546045657954,S01,50,2,38,False
363.8,-0.20758236424042537,S01,50,2,39,False
367.8681818181818,0.10744727806510572,S01,50,2,40,False
370.5590909090909,-0.1818349783740036,S01,50,2,41,False
373.3818181818182,0.10402470901727917,S01,50,2,42,False
376.0409090909091,-0.18520735577270786,S01,50,2,43,False
378.1454545454545,-0.13326553153831652,S01,50,2,44,False
380.22727272727275,-0.14089527175788258,S01,50,2,45,False
383.9818181818182,-0.12546686535558152,S01,50,2,46,False
387.56363636363636,-0.1429311431212486,S01,50,2,47,False
390.8090909090909,0.09619058499470887,S01,50,2,48,False
393.3727272727273,-0.1689044141379049,S01,50,2,49,False
396.45454545454544,-0.14318822936572995,S01,50,2,50,False
398.8909090909091,-0.18913212316044098,S01,50,2,51,False
401.27272727272725,0.08526160987817627,S01,50,2,52,False
404.16818181818184,-0.12500539179056314,S01,50,2,53,False
406.96363636363634,-0.19752398205660157,S01,50,2,54,False
409.8818181818182,-0.2283285638402598,S01,50,2,55,False
412.2227272727273,-0.13988302244385337,S01,50,2,56,False
414.3,0.10715676951413122,S01,50,2,57,False
416.8454545454546,-0.2049771575699567,S01,50,2,58,False
419.4681818181818,0.13431242207834587,S01,50,2,59,False
423.5090909090909,-0.18799355589255634,S01,50,2,60,False
426.15,0.13182215372905995,S01,50,2,61,False
429.6272727272727,-0.1579525394787698,S01,50,2,62,False
432.29545454545456,0.1679609348796595,S01,50,2,63,False
435.9318181818182,-0.18772610925941013,S01,50,2,64,False
437.97727272727275,-0.09051124995971452,S01,50,2,65,False
440.17727272727274,-0.12840577482033957,S01,50,2,66,False
442.9727272727273,-0.3402499936817548,S01,50,2,67,True
445.2318181818182,0.1140982169434817,S01,50,2,68,False
447.67727272727274,-0.10748437039776047,S01,50,2,69,False
450.3454545454546,-0.18059069289560736,S01,50,2,70,False
452.6,-0.09501377703349873,S01,50,2,71,False
454.7318181818182,-0.26964243280657796,S01,50,2,72,False
458.4590909090909,-0.1761659383759364,S01,50,2,73,False
462.4,-0.17893167502969012,S01,50,2,74,False
465.3681818181818,-0.15739146891260902,S01,50,2,75,False
467.5863636363636,-0.16423827909023805,S01,50,2,76,False
469.6909090909091,-0.07245551116906339,S01,50,2,77,False
471.99545454545455,-0.1707507953489617,S01,50,2,78,False
475.1318181818182,-0.15397429788542183,S01,50,2,79,False
477.8954545454545,-0.14301777643826308,S01,50,2,80,False
480.41818181818184,-0.12096229940778488,S01,50,2,81,False
482.7909090909091,-0.11946245795217475,S01,50,2,82,False
485.47727272727275,-0.15737675559896172,S01,50,2,83,False
489.5318181818182,-0.15731432561629297,S01,50,2,84,False
491.9590909090909,-0.1568129309605291,S01,50,2,85,False
495.71363636363634,-0.18995584476862626,S01,50,2,86,False
498.58181818181816,-0.13790052216095036,S01,50,2,87,False
236.29545454545453,0.06614582996425178,S01,50,3,1,False
238.5681818181818,0.09743452324058981,S01,50,3,2,False
240.8318181818182,0.058619586178571624,S01,50,3,3,False
245.5772727272727,-0.07069858525125591,S01,50,3,4,False
247.75,0.05680452257519202,S01,50,3,5,False
250.1818181818182,-0.10216526205655577,S01,50,3,6,False
252.5818181818182,-0.0759367869931531,S01,50,3,7,False
256.2909090909091,-0.13047074753611132,S01,50,3,8,False
259.2409090909091,-0.24677919007931567,S01,50,3,9,True
261.50454545454545,-0.17875712678843608,S01,50,3,10,False
264.5772727272727,-0.09746179823447708,S01,50,3,11,False
267.3636363636364,0.058436120539008984,S01,50,3,12,False
269.9727272727273,-0.15235480589219869,S01,50,3,13,False
273.2181818181818,-0.08590218914255014,S01,50,3,14,False
275.2909090909091,-0.0740868414663486,S01,50,3,15,False
277.5409090909091,-0.0960154456473671,S01,50,3,16,False
282.1409090909091,-0.09108918772472646,S01,50,3,17,False
285.8363636363636,-0.07591832716760902,S01,50,3,18,False
288.8727272727273,-0.12196658804180634,S01,50,3,19,False
291.55454545454546,0.13015869303447913,S01,50,3,20,False
294.8681818181818,-0.08474693751685874,S01,50,3,21,False
297.1409090909091,-0.1361279553270302,S01,50,3,22,False
300.31363636363636,-0.10860826314443016,S01,50,3,23,False
303.70454545454544,0.1440367752506783,S01,50,3,24,False
308.6636363636364,-0.1014664609189958,S01,50,3,25,False
311.2227272727273,0.17482177221952977,S01,50,3,26,False
315.1090909090909,0.16195102255079813,S01,50,3,27,False
318.02272727272725,0.1585714310889279,S01,50,3,28,False
321.4409090909091,-0.1453003800685479,S01,50,3,29,False
324.0272727272727,0.05178587446951691,S01,50,3,30,False
326.1363636363636,0.08989470387552928,S01,50,3,31,False
329.6454545454545,0.095392527033959,S01,50,3,32,False
333.1545454545454,0.12708995310818053,S01,50,3,33,False
336.0954545454546,0.11138573664394241,S01,50,3,34,False
339.4681818181818,0.10765405604184444,S01,50,3,35,False
342.4727272727273,0.07971236902345447,S01,50,3,36,False
345.01363636363635,-0.11374125998984358,S01,50,3,37,False
348.1181818181818,0.12412670718254312,S01,50,3,38,False
350.7818181818182,0.131544730636132,S01,50,3,39,False
353.3681818181818,-0.1583373125033938,S01,50,3,40,False
356.70454545454544,0.15943450198787187,S01,50,3,41,False
359.5590909090909,0.14028771545485777,S01,50,3,42,False
362.3272727272727,-0.13854987168325422,S01,50,3,43,False
364.9818181818182,0.1352687378763395,S01,50,3,44,False
367.5954545454546,-0.13051974295648508,S01,50,3,45,False
369.74545454545455,0.08464130426447779,S01,50,3,46,False
372.6318181818182,0.13424477287411163,S01,50,3,47,False
375.1136363636364,0.12549123185480585,S01,50,3,48,False
377.7090909090909,0.10267997233434371,S01,50,3,49,False
380.28636363636366,0.11913850787790463,S01,50,3,50,False
382.6181818181818,0.0932978859292885,S01,50,3,51,False
385.80454545454546,-0.17470556546095992,S01,50,3,52,False
387.85,0.12505169447229955,S01,50,3,53,False
390.6181818181818,-0.10668410348312041,S01,50,3,54,False
394.8863636363636,-0.10673961921010171,S01,50,3,55,False
397.6636363636364,0.10682691646343913,S01,50,3,56,False
400.45454545454544,0.09534041926921691,S01,50,3,57,False
403.3727272727273,-0.23503076454848953,S01,50,3,58,False
405.6545454545454,-0.12971870184508483,S01,50,3,59,False
408.65909090909093,-0.1497959115402246,S01,50,3,60,False
412.0272727272727,0.1377727334852457,S01,50,3,61,False
414.18636363636364,0.15516299034800168,S01,50,3,62,False
416.51363636363635,0.1356064280618472,S01,50,3,63,False
418.8090909090909,0.18513135946785206,S01,50,3,64,False
421.6909090909091,-0.15952100863980764,S01,50,3,65,False
425.1545454545454,-0.16163052855119817,S01,50,3,66,False
427.1636363636364,0.11878423731632377,S01,50,3,67,False
429.4909090909091,0.05887627097996894,S01,50,3,68,False
431.83181818181816,0.14866871065635812,S01,50,3,69,False
434.77272727272725,0.13925116465342394,S01,50,3,70,False
436.9136363636364,0.133724384323964,S01,50,3,71,False
439.3727272727273,0.13746646716059388,S01,50,3,72,False
443.40909090909093,-0.1574529973060193,S01,50,3,73,False
445.46363636363634,0.16230153960541713,S01,50,3,74,False
448.0772727272727,-0.23855708101990972,S01,50,3,75,False
450.6545454545454,0.15012285392490046,S01,50,3,76,False
454.1409090909091,0.14397704925918908,S01,50,3,77,False
457.3636363636364,0.11559461496434688,S01,50,3,78,False
459.9681818181818,-0.1609173555613276,S01,50,3,79,False
462.4045454545454,-0.1605683455640749,S01,50,3,80,False
464.9,0.09946995610785206,S01,50,3,81,False
467.2090909090909,-0.16946971337870848,S01,50,3,82,False
470.1181818181818,-0.16098610636558144,S01,50,3,83,False
473.8090909090909,-0.10981648657261903,S01,50,3,84,False
475.8954545454545,-0.17878350197114368,S01,50,3,85,False
479.6318181818182,-0.1243113467970299,S01,50,3,86,False
482.4727272727273,0.11162289525097485,S01,50,3,87,False
484.6636363636364,0.11569302321394495,S01,50,3,88,False
486.8590909090909,0.12164882410589116,S01,50,3,89,False
488.8863636363636,-0.18818497025560638,S01,50,3,90,False
491.43636363636364,0.16895487366588113,S01,50,3,91,False
493.8363636363636,0.1302772851575258,S01,50,3,92,False
497.1136363636364,-0.15533271083085942,S01,50,3,93,False
499.45,-0.1532413934150364,S01,50,3,94,False
1.3409090909090908,0.10031088499934675,S02,10,1,1,False
3.618181818181818,0.10097999805189693,S02,10,1,2,False
5.886363636363637,0.10152714654199936,S02,10,1,3,False
10.063636363636364,-0.11101378327805511,S02,10,1,4,False
13.463636363636363,0.09816741203866086,S02,10,1,5,False
15.74090909090909,0.09908727550150019,S02,10,1,6,False
19.522727272727273,0.09807761891799797,S02,10,1,7,False
21.8,0.09749684641041306,S02,10,1,8,False
25.577272727272728,0.10013793284650306,S02,10,1,9,False
29.745454545454546,-0.11304615094310708,S02,10,1,10,False
33.15909090909091,0.09746792636555118,S02,10,1,11,False
36.95,0.10061320476923612,S02,10,1,12,False
39.97727272727273,0.10037565209422072,S02,10,1,13,False
43.38181818181818,-0.11195237918510707,S02,10,1,14,False
46.78181818181818,0.09695971883024027,S02,10,1,15,False
49.05909090909091,0.10213078685217396,S02,10,1,16,False
52.85,0.09943243691427084,S02,10,1,17,False
56.622727272727275,0.09610974652345947,S02,10,1,18,False
58.90909090909091,0.09280968672626642,S02,10,1,19,False
61.18636363636364,0.0967338088895205,S02,10,1,20,False
63.45,0.09811275812397302,S02,10,1,21,False
68.00454545454545,0.09928711688797963,S02,10,1,22,False
70.27272727272727,0.09737054073831886,S02,10,1,23,False
74.07272727272728,0.1006371769904958,S02,10,1,24,False
77.09545454545454,0.09778295886820676,S02,10,1,25,False
81.25909090909092,-0.11111065762112389,S02,10,1,26,False
83.52272727272727,-0.11249226712195795,S02,10,1,27,False
85.81818181818181,-0.10647904280066896,S02,10,1,28,False
88.06363636363636,-0.11019364589177481,S02,10,1,29,False
90.7090909090909,0.09768212357238133,S02,10,1,30,False
95.26363636363637,0.09691868730779803,S02,10,1,31,False
97.53181818181818,0.09926980694062154,S02,10,1,32,False
101.33181818181818,0.10079120115599258,S02,10,1,33,False
103.59545454545454,0.09985436360177972,S02,10,1,34,False
105.88181818181818,0.10000343937702363,S02,10,1,35,False
108.52727272727273,-0.11313741613183081,S02,10,1,36,False
111.19545454545455,0.0950747671627371,S02,10,1,37,False
114.21363636363637,0.0994893156092406,S02,10,1,38,False
118.74545454545455,0.09838819320705537,S02,10,1,39,False
121.77727272727273,0.09831623580576952,S02,10,1,40,False
125.57727272727273,0.09668056275181089,S02,10,1,41,False
128.62272727272727,0.09910950432686833,S02,10,1,42,False
132.3909090909091,0.09696763534051898,S02,10,1,43,False
134.6681818181818,0.10030127871975512,S02,10,1,44,False
136.92727272727274,0.09643913884463198,S02,10,1,45,False
140.71818181818182,0.09914849425003465,S02,10,1,46,False
143.75,0.10008855661118668,S02,10,1,47,False
146.01818181818183,0.09686414050421027,S02,10,1,48,False
149.05,0.1002506060419678,S02,10,1,49,False
152.08636363636364,0.09524888244112954,S02,10,1,50,False
154.73636363636365,-0.11667451697235413,S02,10,1,51,False
158.13636363636363,0.10194801947546159,S02,10,1,52,False
160.41363636363636,0.09729752458515839,S02,10,1,53,False
163.0772727272727,-0.11172946446172898,S02,10,1,54,False
165.72272727272727,0.10071430507331233,S02,10,1,55,False
168.77272727272728,0.0964256139892859,S02,10,1,56,False
171.01818181818183,0.09635262838701446,S02,10,1,57,False
173.66363636363636,-0.11458873431939749,S02,10,1,58,False
177.0772727272727,0.10479560389319091,S02,10,1,59,False
179.3590909090909,0.09886976262727173,S02,10,1,60,False
182.38636363636363,0.10040732258313921,S02,10,1,61,False
186.54090909090908,-0.11329092530970127,S02,10,1,62,False
189.19545454545454,0.09434477152883092,S02,10,1,63,False
191.47272727272727,0.09870273655564783,S02,10,1,64,False
194.49545454545455,0.09951303560552949,S02,10,1,65,False
198.6681818181818,-0.11140233437969185,S02,10,1,66,False
200.93636363636364,-0.1159735745585351,S02,10,1,67,False
203.5909090909091,0.09691516126457857,S02,10,1,68,False
206.23181818181817,-0.11461022263660901,S02,10,1,69,False
208.89545454545456,0.0945768014692432,S02,10,1,70,False
211.1590909090909,0.09812251229491023,S02,10,1,71,False
213.45,0.09789084419964177,S02,10,1,72,False
216.85,-0.10998845408921525,S02,10,1,73,False
221.01363636363635,0.10198489093731412,S02,10,1,74,False
223.28181818181818,0.09923379731968202,S02,10,1,75,False
226.3181818181818,0.10037585404377675,S02,10,1,76,False
228.6090909090909,0.09994448413692449,S02,10,1,77,False
230.85454545454544,0.09473353618037923,S02,10,1,78,False
233.13636363636363,0.09792287979958923,S02,10,1,79,False
235.4090909090909,0.09909123533041174,S02,10,1,80,False
237.68636363636364,0.09946602655468524,S02,10,1,81,False
240.72272727272727,0.09396123363519227,S02,10,1,82,False
242.97272727272727,0.09850804514118813,S02,10,1,83,False
246.3909090909091,-0.11408633760966636,S02,10,1,84,False
248.6681818181818,-0.11052260356479977,S02,10,1,85,False
251.7,-0.11494569426156578,S02,10,1,86,False
255.16363636363636,0.09492464684332964,S02,10,1,87,False
258.1318181818182,0.10044614175441115,S02,10,1,88,False
261.5863636363636,-0.11098634996301684,S02,10,1,89,False
264.5681818181818,-0.11510718234570738,S02,10,1,90,False
267.24545454545455,0.09935850159057397,S02,10,1,91,False
269.4909090909091,0.10302630525814718,S02,10,1,92,False
272.51363636363635,0.10269244871283087,S02,10,1,93,False
276.3090909090909,0.09839333133602941,S02,10,1,94,False
279.71363636363634,-0.10962942478757784,S02,10,1,95,False
282.3772727272727,0.10026995335865817,S02,10,1,96,False
284.6409090909091,0.10114527322804218,S02,10,1,97,False
287.2909090909091,-0.11081617929264871,S02,10,1,98,False
289.95,0.10251665244853243,S02,10,1,99,False
292.2227272727273,0.10117003720670546,S02,10,1,100,False
295.24545454545455,0.09542668761718155,S02,10,1,101,False
297.5272727272727,0.09943273842588575,S02,10,1,102,False
299.7909090909091,0.10048248384506435,S02,10,1,103,False
302.05454545454546,0.0979960528908203,S02,10,1,104,False
305.0954545454546,0.10637048309609914,S02,10,1,105,False
308.1409090909091,0.09886576688964721,S02,10,1,106,False
311.91818181818184,0.10091457643270568,S02,10,1,107,False
315.7090909090909,0.10371286670923306,S02,10,1,108,False
319.4818181818182,0.10110345994209538,S02,10,1,109,False
323.2818181818182,0.09968489411016368,S02,10,1,110,False
325.93636363636364,-0.11197086545408982,S02,10,1,111,False
330.1136363636364,0.09927583114977283,S02,10,1,112,False
332.3636363636364,0.10352080055389272,S02,10,1,113,False
335.3954545454545,0.09776532476875842,S02,10,1,114,False
337.6727272727273,0.09956547310593483,S02,10,1,115,False
341.0772727272727,-0.11372344484078101,S02,10,1,116,False
344.8636363636364,-0.11330708261448795,S02,10,1,117,False
348.2590909090909,0.10067517124317898,S02,10,1,118,False
352.4318181818182,-0.11087687284351683,S02,10,1,119,False
355.55454545454546,-0.586953582316488,S02,10,1,120,False
358.1227272727273,0.1005390274453968,S02,10,1,121,False
361.9045454545454,0.1010540217275421,S02,10,1,122,False
364.8818181818182,0.40947411693506874,S02,10,1,123,False
368.75,0.1054501427762808,S02,10,1,124,False
370.9909090909091,0.09604255971227767,S02,10,1,125,False
373.24545454545455,0.40136025855767976,S02,10,1,126,False
375.91818181818184,-0.11788481577483878,S02,10,1,127,False
379.1227272727273,-0.524348512211647,S02,10,1,128,False
381.6090909090909,0.10525589198338363,S02,10,1,129,False
384.0,-0.41055116524936497,S02,10,1,130,False
386.1363636363636,0.10021233051109803,S02,10,1,131,False
388.5,0.4425937452293233,S02,10,1,132,False
391.49545454545455,0.12883799980570726,S02,10,1,133,False
393.80454545454546,0.4235461608329688,S02,10,1,134,False
396.01363636363635,0.11189231291818309,S02,10,1,135,False
398.4318181818182,-0.44746963535464057,S02,10,1,136,False
400.96363636363634,-0.12132828847226787,S02,10,1,137,False
403.15,-0.563505289387723,S02,10,1,138,False
405.46363636363634,-0.10905888770166994,S02,10,1,139,False
408.1545454545454,0.4008974480375113,S02,10,1,140,False
410.8181818181818,-0.14334848410237266,S02,10,1,141,False
413.35,0.4089045595063836,S02,10,1,142,False
417.55454545454546,-0.5274334302809958,S02,10,1,143,False
421.81363636363636,0.39806958522944696,S02,10,1,144,False
426.24545454545455,0.39398778708243415,S02,10,1,145,False
430.2090909090909,0.3745826774634472,S02,10,1,146,False
434.3,-0.5700623457979253,S02,10,1,147,False
436.5090909090909,-0.12258847983449438,S02,10,1,148,False
439.0,-0.5180549506071508,S02,10,1,149,False
441.0590909090909,-0.11415187983143489,S02,10,1,150,False
443.8090909090909,0.3766946577145826,S02,10,1,151,False
445.98636363636365,0.09547586269135683,S02,10,1,152,False
448.2181818181818,0.4434812198284992,S02,10,1,153,False
450.90909090909093,-0.11145533393532736,S02,10,1,154,False
452.90909090909093,0.4410127314237851,S02,10,1,155,False
455.1409090909091,0.10250187179815778,S02,10,1,156,False
458.0409090909091,0.4332741637757497,S02,10,1,157,False
460.7318181818182,-0.3071705285494045,S02,10,1,158,False
463.1545454545454,-0.5952156408838414,S02,10,1,159,True
466.1136363636364,-0.1444798065155758,S02,10,1,160,False
468.1636363636364,-0.5196348337780825,S02,10,1,161,False
470.65909090909093,-0.11312307244765236,S02,10,1,162,False
473.47727272727275,-0.5206256624270891,S02,10,1,163,False
475.93636363636364,-0.11770817305905334,S02,10,1,164,False
478.00454545454545,-0.4785878474411092,S02,10,1,165,False
481.75454545454545,-0.514085620329374,S02,10,1,166,False
485.5590909090909,-0.54317500948829,S02,10,1,167,False
489.8545454545455,0.4213082685121602,S02,10,1,168,False
492.18636363636364,0.09843966384440998,S02,10,1,169,False
494.4909090909091,0.46322241181303414,S02,10,1,170,False
496.8818181818182,0.3682049920646444,S02,10,1,171,False
499.29545454545456,-0.5732317710800917,S02,10,1,172,False
1.7181818181818183,-0.11335448654815171,S02,10,2,1,False
4.754545454545455,-0.11489701411111786,S02,10,2,2,False
8.163636363636364,0.10331714529296372,S02,10,2,3,False
10.813636363636364,-0.11318534287107884,S02,10,2,4,False
13.090909090909092,-0.11820802197589553,S02,10,2,5,False
16.490909090909092,0.10211468674028967,S02,10,2,6,False
21.8,0.10230111152381209,S02,10,2,7,False
24.095454545454544,0.10127827989299067,S02,10,2,8,False
27.490909090909092,-0.11603698737166797,S02,10,2,9,False
31.64090909090909,0.10248270047294561,S02,10,2,10,False
34.67727272727273,0.10479368950219344,S02,10,2,11,False
38.1,-0.1138672734961099,S02,10,2,12,False
41.11363636363637,-0.11630791943679736,S02,10,2,13,False
44.96363636363636,-0.11374135029478981,S02,10,2,14,False
47.56818181818182,0.10346065092348075,S02,10,2,15,False
49.82272727272727,0.10169179865557805,S02,10,2,16,False
52.486363636363635,-0.11413518523277981,S02,10,2,17,False
55.52272727272727,-0.1123467942132797,S02,10,2,18,False
57.836363636363636,-0.1139770723129236,S02,10,2,19,False
60.06818181818182,-0.11184017036712189,S02,10,2,20,False
62.38181818181818,-0.11012837590846025,S02,10,2,21,False
64.63636363636364,-0.1128095168157404,S02,10,2,22,False
67.27727272727273,0.10313371429094706,S02,10,2,23,False
71.43181818181819,-0.1150991735368587,S02,10,2,24,False
73.70454545454545,-0.11146254398944963,S02,10,2,25,False
76.74545454545455,-0.11505435049822871,S02,10,2,26,False
80.52272727272727,-0.11732289098865703,S02,10,2,27,False
84.3,-0.11297608308453802,S02,10,2,28,False
86.63181818181818,-0.11581231702467294,S02,10,2,29,False
88.84545454545454,-0.10929989138425576,S02,10,2,30,False
91.12272727272727,-0.11341943490578614,S02,10,2,31,False
95.29545454545455,0.10406815602167442,S02,10,2,32,False
99.07272727272728,0.1024289272418617,S02,10,2,33,False
101.35,0.1010453136405781,S02,10,2,34,False
103.62727272727273,0.10418091081681452,S02,10,2,35,False
106.6590909090909,0.10381767532989276,S02,10,2,36,False
109.30454545454545,-0.11159245765679379,S02,10,2,37,False
111.57272727272728,-0.11472358121844574,S02,10,2,38,False
114.61363636363636,-0.1131579280627448,S02,10,2,39,False
116.89545454545454,-0.11489933652569276,S02,10,2,40,False
120.28636363636363,0.10190998339065947,S02,10,2,41,False
122.94090909090909,-0.11673108911098612,S02,10,2,42,False
126.35454545454546,0.10344553307846419,S02,10,2,43,False
129.38636363636363,0.10851825302706583,S02,10,2,44,False
131.71363636363637,0.10289312655058501,S02,10,2,45,False
134.6909090909091,0.10571825248734236,S02,10,2,46,False
136.97272727272727,0.10157993237891885,S02,10,2,47,False
139.63636363636363,-0.11223323096773231,S02,10,2,48,False
142.64545454545456,-0.11741173001913013,S02,10,2,49,False
144.9227272727273,-0.11522455093489273,S02,10,2,50,False
147.1727272727273,-0.11515610946831072,S02,10,2,51,False
150.96363636363637,-0.11558838090925432,S02,10,2,52,False
155.15454545454546,0.10246351804887015,S02,10,2,53,False
158.55,-0.11698636211163692,S02,10,2,54,False
160.82272727272726,-0.11852021391148582,S02,10,2,55,False
163.85454545454544,-0.11540067134331221,S02,10,2,56,False
166.12727272727273,-0.11356793386374267,S02,10,2,57,False
168.45454545454547,-0.11534350113428087,S02,10,2,58,False
171.05,0.10118439317794939,S02,10,2,59,False
175.21818181818182,-0.11563268481820976,S02,10,2,60,False
177.54545454545453,-0.11095442879186171,S02,10,2,61,False
179.76818181818183,-0.1172035928063488,S02,10,2,62,False
182.4090909090909,0.09826841361034777,S02,10,2,63,False
184.68636363636364,0.1039422906552291,S02,10,2,64,False
186.95454545454547,0.10299159387245305,S02,10,2,65,False
189.61363636363637,-0.1144330566334975,S02,10,2,66,False
191.8909090909091,-0.11287558174035973,S02,10,2,67,False
194.54090909090908,0.10447888802616309,S02,10,2,68,False
197.97272727272727,-0.11100065680855134,S02,10,2,69,False
201.04090909090908,-0.11505341500154367,S02,10,2,70,False
204.76818181818183,-0.11475724723884949,S02,10,2,71,False
208.93636363636364,0.10605011450154891,S02,10,2,72,False
211.2,0.10161986439960426,S02,10,2,73,False
214.22727272727272,0.10067133194251612,S02,10,2,74,False
216.51818181818183,0.10103989004888732,S02,10,2,75,False
219.9090909090909,-0.11526248965390387,S02,10,2,76,False
222.17727272727274,-0.1114691324516267,S02,10,2,77,False
225.21818181818182,-0.11467974369645444,S02,10,2,78,False
227.4909090909091,-0.11434587515646577,S02,10,2,79,False
229.8181818181818,-0.11558247767573127,S02,10,2,80,False
233.9409090909091,0.09949580464923068,S02,10,2,81,False
238.08636363636364,-0.11469108138346637,S02,10,2,82,False
241.9090909090909,-0.11974983391254311,S02,10,2,83,False
244.15454545454546,-0.11311609688577788,S02,10,2,84,False
246.4409090909091,-0.1188517047266014,S02,10,2,85,False
250.22727272727272,-0.11660401706465699,S02,10,2,86,False
252.51818181818183,-0.11066940017340819,S02,10,2,87,False
254.76818181818183,-0.11541790065352424,S02,10,2,88,False
257.0272727272727,-0.11305286842951215,S02,10,2,89,False
259.3,-0.11514469294496481,S02,10,2,90,False
261.9727272727273,0.10682543521507037,S02,10,2,91,False
264.6409090909091,-0.11378938240564879,S02,10,2,92,False
267.6318181818182,-0.11905717087464789,S02,10,2,93,False
271.4409090909091,-0.11449054050566744,S02,10,2,94,False
275.6136363636364,0.10242179213704387,S02,10,2,95,False
279.0181818181818,-0.11666009645332223,S02,10,2,96,False
282.4227272727273,0.10482085331219117,S02,10,2,97,False
285.45454545454544,0.10183708430205539,S02,10,2,98,False
288.8681818181818,-0.11742600890456481,S02,10,2,99,False
292.6409090909091,-0.11557763747467237,S02,10,2,100,False
295.30454545454546,0.099258876603383,S02,10,2,101,False
297.58181818181816,0.10448930671857588,S02,10,2,102,False
300.6,0.10386368915296766,S02,10,2,103,False
303.6318181818182,0.10912875829165934,S02,10,2,104,False
306.6636363636364,0.10571818103158684,S02,10,2,105,False
310.45454545454544,0.10157581491807187,S02,10,2,106,False
313.4909090909091,0.10403216835906252,S02,10,2,107,False
316.5181818181818,0.10018422523880889,S02,10,2,108,False
318.78636363636366,0.10194176734467113,S02,10,2,109,False
321.05,0.10495289456051261,S02,10,2,110,False
323.7181818181818,-0.1137283628666544,S02,10,2,111,False
326.3681818181818,0.10373591175401652,S02,10,2,112,False
329.4045454545454,0.1023982630479783,S02,10,2,113,False
332.42727272727274,0.10197192505433532,S02,10,2,114,False
334.6909090909091,0.10589691197769317,S02,10,2,115,False
338.1,-0.11581504195016933,S02,10,2,116,False
341.18636363636364,-0.11610466825939003,S02,10,2,117,False
345.3181818181818,0.10167848425113471,S02,10,2,118,False
349.0954545454546,0.10235259132815087,S02,10,2,119,False
351.75,-0.11182853520914848,S02,10,2,120,False
354.7681818181818,-0.11825304687457278,S02,10,2,121,False
358.1818181818182,0.10238641476613494,S02,10,2,122,False
361.9727272727273,0.10479572040676349,S02,10,2,123,False
364.6318181818182,-0.11501812628844507,S02,10,2,124,False
367.27272727272725,0.10422455864215685,S02,10,2,125,False
370.68636363636364,-0.11814742450061382,S02,10,2,126,False
374.54545454545456,-0.12014333835062545,S02,10,2,127,False
376.7409090909091,-0.11522370602835048,S02,10,2,128,False
380.15909090909093,0.10803560649914966,S02,10,2,129,False
383.95,0.10403960908604373,S02,10,2,130,False
386.2227272727273,0.10667731275982693,S02,10,2,131,False
388.4727272727273,0.10225710201197646,S02,10,2,132,False
391.9045454545454,-0.12528072015568714,S02,10,2,133,False
396.0681818181818,0.1074188936035074,S02,10,2,134,False
398.3909090909091,0.09843653763987804,S02,10,2,135,False
400.6136363636364,0.107632247675586,S02,10,2,136,False
402.8909090909091,0.10354352454625457,S02,10,2,137,False
405.9136363636364,0.10866936578244538,S02,10,2,138,False
408.57272727272726,-0.11369624678485572,S02,10,2,139,False
410.8863636363636,-0.11976927814602394,S02,10,2,140,False
414.6227272727273,-0.11900350105864352,S02,10,2,141,False
418.41818181818184,-0.11427770160808039,S02,10,2,142,False
420.70454545454544,-0.11531277508188563,S02,10,2,143,False
423.00454545454545,-0.1177793516961097,S02,10,2,144,False
425.23636363636365,-0.1217302160642584,S02,10,2,145,False
429.4045454545454,0.10599059638854676,S02,10,2,146,False
431.7090909090909,0.10272148055813475,S02,10,2,147,False
435.48636363636365,0.10390898193527515,S02,10,2,148,False
439.25454545454545,0.11005591216291137,S02,10,2,149,False
441.5318181818182,0.10250983604600367,S02,10,2,150,False
445.3772727272727,0.10315827974944765,S02,10,2,151,False
447.96363636363634,-0.11740518815800247,S02,10,2,152,False
452.1363636363636,0.10361198033484272,S02,10,2,153,False
454.3909090909091,0.10199528168400124,S02,10,2,154,False
456.68636363636364,0.09945557448439873,S02,10,2,155,False
458.95,0.10552012139849229,S02,10,2,156,False
462.73636363636365,0.10437599295769293,S02,10,2,157,False
466.8954545454545,-0.11337101975411,S02,10,2,158,False
470.3272727272727,0.10172383834152782,S02,10,2,159,False
473.02272727272725,-0.17125402992268157,S02,10,2,160,False
475.24545454545455,-0.12001814774272607,S02,10,2,161,False
477.26363636363635,0.16127966977075398,S02,10,2,162,False
480.5409090909091,-0.11394322205596114,S02,10,2,163,False
482.91818181818184,-0.1571850494630459,S02,10,2,164,False
485.1090909090909,-0.11211986208761392,S02,10,2,165,False
487.80454545454546,0.1896843447083535,S02,10,2,166,True
490.45454545454544,-0.10928203148105184,S02,10,2,167,False
492.7681818181818,-0.14835447944056313,S02,10,2,168,False
495.3181818181818,0.10033059238715925,S02,10,2,169,False
498.25454545454545,0.14143374164500316,S02,10,2,170,False
0.004545454545454545,0.10538303555826908,S02,10,3,1,False
2.3,0.09149564348572636,S02,10,3,2,False
4.55,0.09503437405702825,S02,10,3,3,False
7.972727272727273,-0.10524317471869271,S02,10,3,4,False
11.0,-0.10721668792354186,S02,10,3,5,False
14.4,0.09388970557786583,S02,10,3,6,False
16.672727272727272,0.0919972658448748,S02,10,3,7,False
19.704545454545453,0.09678586766420184,S02,10,3,8,False
23.12727272727273,-0.10766388898551082,S02,10,3,9,False
25.772727272727273,0.09494854604012248,S02,10,3,10,False
29.945454545454545,-0.1060713487664904,S02,10,3,11,False
32.20909090909091,-0.10889856904458751,S02,10,3,12,False
34.86363636363637,0.0961168323006112,S02,10,3,13,False
37.56363636363636,-0.10243143609631768,S02,10,3,14,False
39.79090909090909,-0.10651324294918312,S02,10,3,15,False
42.81818181818182,-0.10438963505428533,S02,10,3,16,False
45.472727272727276,0.09940624666629433,S02,10,3,17,False
49.627272727272725,-0.10774099811483774,S02,10,3,18,False
52.29090909090909,0.09558449663775268,S02,10,3,19,False
54.95454545454545,-0.10415883231491789,S02,10,3,20,False
57.263636363636365,-0.10496556252412141,S02,10,3,21,False
59.486363636363635,-0.10458477493653107,S02,10,3,22,False
62.14090909090909,0.09525532447765495,S02,10,3,23,False
65.93181818181819,0.0958011556331942,S02,10,3,24,False
68.96363636363637,0.09772035697707443,S02,10,3,25,False
71.67272727272727,-0.106121807652599,S02,10,3,26,False
75.01818181818182,0.09392511872231048,S02,10,3,27,False
78.04545454545455,0.0963369258794326,S02,10,3,28,False
81.10454545454546,0.09510100029838414,S02,10,3,29,False
84.54545454545455,-0.10497332047621703,S02,10,3,30,False
86.76363636363637,-0.10613801115520013,S02,10,3,31,False
89.8,-0.10579370534648301,S02,10,3,32,False
92.88636363636364,-0.10917590014177933,S02,10,3,33,False
95.86363636363636,-0.1026458045748544,S02,10,3,34,False
98.14090909090909,-0.10826291202341574,S02,10,3,35,False
101.17272727272727,-0.10820229038426805,S02,10,3,36,False
104.9590909090909,-0.10458476816319612,S02,10,3,37,False
108.38181818181818,0.09401474426744288,S02,10,3,38,False
110.65,0.09179050634501845,S02,10,3,39,False
112.92272727272727,0.09970917654274798,S02,10,3,40,False
116.7090909090909,0.0929640301667086,S02,10,3,41,False
119.36818181818182,-0.10780730835287174,S02,10,3,42,False
122.38636363636364,-0.10730892124619316,S02,10,3,43,False
124.70454545454545,-0.10564217875978031,S02,10,3,44,False
126.92727272727272,-0.10515652566225657,S02,10,3,45,False
130.3318181818182,0.09283197520093386,S02,10,3,46,False
133.36363636363637,0.09475575517852396,S02,10,3,47,False
137.54545454545453,-0.10653857477188425,S02,10,3,48,False
140.62272727272727,-0.10473884015410191,S02,10,3,49,False
143.61363636363637,-0.10698458351192502,S02,10,3,50,False
145.88181818181818,-0.10540922436757233,S02,10,3,51,False
148.5818181818182,0.0950383533790205,S02,10,3,52,False
151.94545454545454,-0.10564069165378442,S02,10,3,53,False
154.21363636363637,-0.10468593390581903,S02,10,3,54,False
157.27727272727273,-0.10550266353135088,S02,10,3,55,False
160.65454545454546,0.09632093036768212,S02,10,3,56,False
164.8318181818182,-0.10566543825022523,S02,10,3,57,False
168.9909090909091,0.09610537870596961,S02,10,3,58,False
172.01818181818183,0.09377493860620495,S02,10,3,59,False
175.42727272727274,-0.10673613503267146,S02,10,3,60,False
178.8590909090909,0.09398576087560337,S02,10,3,61,False
181.1090909090909,0.09554836674740237,S02,10,3,62,False
184.89545454545456,0.09414874765549872,S02,10,3,63,False
187.17727272727274,0.09475618376256241,S02,10,3,64,False
190.2,0.0941277292437378,S02,10,3,65,False
193.23181818181817,0.09637917775160515,S02,10,3,66,False
195.51818181818183,0.0953834643147564,S02,10,3,67,False
198.20454545454547,-0.10733645368351599,S02,10,3,68,False
201.2,-0.10698457979776256,S02,10,3,69,False
203.45909090909092,-0.10723946610089449,S02,10,3,70,False
205.73636363636365,-0.10466435406306412,S02,10,3,71,False
208.37727272727273,0.0973519907958853,S02,10,3,72,False
211.4181818181818,0.09469474423139537,S02,10,3,73,False
214.45454545454547,0.09871108317747716,S02,10,3,74,False
218.23181818181817,0.09851902323200591,S02,10,3,75,False
222.02727272727273,0.09670903754989163,S02,10,3,76,False
224.7,-0.10613970606194006,S02,10,3,77,False
226.95,-0.11166829759503186,S02,10,3,78,False
229.97272727272727,-0.10739418252299197,S02,10,3,79,False
233.8272727272727,-0.10554678674218002,S02,10,3,80,False
237.9318181818182,0.09687518112743966,S02,10,3,81,False
241.35,-0.11001832679125614,S02,10,3,82,False
244.3909090909091,-0.10795986900730518,S02,10,3,83,False
246.6681818181818,-0.10360494542355882,S02,10,3,84,False
248.9227272727273,-0.11019985756626281,S02,10,3,85,False
251.95909090909092,-0.11052094039603014,S02,10,3,86,False
254.23181818181817,-0.10695725051396063,S02,10,3,87,False
256.5681818181818,-0.1050695853246494,S02,10,3,88,False
258.83181818181816,-0.10160678753376827,S02,10,3,89,False
262.1818181818182,0.0954782015416298,S02,10,3,90,False
265.5954545454546,-0.11048844925669482,S02,10,3,91,False
268.25,0.09436496273636119,S02,10,3,92,False
271.2818181818182,0.09497464207551563,S02,10,3,93,False
273.5590909090909,0.09417697891707215,S02,10,3,94,False
276.65,0.09992890603423563,S02,10,3,95,False
279.6545454545454,0.09681958222553969,S02,10,3,96,False
282.30454545454546,-0.1172028317493047,S02,10,3,97,False
286.06363636363636,-0.10535649109921952,S02,10,3,98,False
289.1090909090909,-0.10822001897546595,S02,10,3,99,False
291.3545454545455,-0.1036543379601548,S02,10,3,100,False
294.7681818181818,0.09241396866769228,S02,10,3,101,False
297.05,0.09324844143346717,S02,10,3,102,False
300.8272727272727,0.08955096071477935,S02,10,3,103,False
303.1,0.09302135321018272,S02,10,3,104,False
305.76363636363635,-0.10429132135968254,S02,10,3,105,False
308.0272727272727,-0.09966931143940011,S02,10,3,106,False
310.6727272727273,0.08927583494492647,S02,10,3,107,False
312.95,0.09318212377772293,S02,10,3,108,False
316.5863636363636,-0.12402707850133313,S02,10,3,109,False
319.77272727272725,0.09229687814638586,S02,10,3,110,False
323.9227272727273,-0.13019117900430444,S02,10,3,111,False
326.2181818181818,-0.10108800549345101,S02,10,3,112,False
328.8818181818182,0.09727555764674771,S02,10,3,113,False
332.28636363636366,-0.10252996497819329,S02,10,3,114,False
334.93636363636364,0.09445975749771608,S02,10,3,115,False
338.7318181818182,0.09296351631023322,S02,10,3,116,False
341.75454545454545,0.09581529348242329,S02,10,3,117,False
345.5318181818182,0.09281939549719005,S02,10,3,118,False
347.81363636363636,0.09054161958655584,S02,10,3,119,False
350.08181818181816,0.09478340546712681,S02,10,3,120,False
353.9045454545454,0.09288150871339816,S02,10,3,121,False
356.95,0.09562371391051198,S02,10,3,122,False
362.2090909090909,0.0922156423215305,S02,10,3,123,False
365.2318181818182,0.0916829259607798,S02,10,3,124,False
368.2772727272727,0.09199592759619792,S02,10,3,125,False
371.31363636363636,0.09565858358377378,S02,10,3,126,False
375.09090909090907,0.0932363341657938,S02,10,3,127,False
378.1227272727273,0.09248731425084616,S02,10,3,128,False
380.7818181818182,-0.10536384315572868,S02,10,3,129,False
384.18636363636364,0.09204134404860624,S02,10,3,130,False
387.20454545454544,0.09465373707586322,S02,10,3,131,False
391.0,0.0927063728384221,S02,10,3,132,False
393.28636363636366,0.08825084415184711,S02,10,3,133,False
396.3181818181818,0.09322591782321107,S02,10,3,134,False
398.5863636363636,0.09119040254510495,S02,10,3,135,False
400.8545454545455,0.09200588603661561,S02,10,3,136,False
403.1318181818182,0.09532814446465004,S02,10,3,137,False
405.7772727272727,-0.10326044508433918,S02,10,3,138,False
408.4318181818182,0.0944539593596889,S02,10,3,139,False
411.4681818181818,0.09254915313960958,S02,10,3,140,False
413.73636363636365,0.09072453330448936,S02,10,3,141,False
417.9,-0.10817314121892677,S02,10,3,142,False
422.0681818181818,0.09509805703976845,S02,10,3,143,False
425.48636363636365,-0.10608994917438791,S02,10,3,144,False
428.1363636363636,0.09341437378885341,S02,10,3,145,False
431.91818181818184,0.09492094794561179,S02,10,3,146,False
435.3272727272727,-0.10373532206574726,S02,10,3,147,False
437.98636363636365,0.09897196606608526,S02,10,3,148,False
442.5318181818182,0.09799940519334581,S02,10,3,149,False
445.5681818181818,0.1007671814579248,S02,10,3,150,False
448.6454545454545,0.09595900915223567,S02,10,3,151,False
450.8727272727273,0.08968455457408298,S02,10,3,152,False
453.1636363636364,0.09438635706915648,S02,10,3,153,False
457.6909090909091,0.09481450451541047,S02,10,3,154,False
461.0954545454546,-0.1053746579121954,S02,10,3,155,False
464.1318181818182,-0.10189267480602848,S02,10,3,156,False
466.49545454545455,-0.1111581974092839,S02,10,3,157,False
468.6818181818182,-0.10142833878240994,S02,10,3,158,False
470.9409090909091,-0.1129575998563724,S02,10,3,159,False
475.54545454545456,-0.10916494436003431,S02,10,3,160,False
479.7181818181818,0.10158865772207101,S02,10,3,161,False
484.7090909090909,-0.11303673652063721,S02,10,3,162,False
486.8590909090909,-0.10244320397832443,S02,10,3,163,False
489.6227272727273,0.13240783024414055,S02,10,3,164,True
491.78636363636366,0.09216155558806692,S02,10,3,165,False
494.81363636363636,0.09812371920351604,S02,10,3,166,False
498.2590909090909,-0.10630896555036412,S02,10,3,167,False
0.4681818181818182,0.07488220054579886,S02,25,1,1,False
3.5090909090909093,0.0814893070778018,S02,25,1,2,False
5.818181818181818,0.07865971469130877,S02,25,1,3,False
8.795454545454545,0.07850620820325628,S02,25,1,4,False
11.863636363636363,0.07858908357002412,S02,25,1,5,False
14.868181818181819,0.07887332501271058,S02,25,1,6,False
17.15909090909091,0.07722027141914915,S02,25,1,7,False
19.418181818181818,0.07905501440735957,S02,25,1,8,False
21.686363636363637,0.07927870356507669,S02,25,1,9,False
23.95909090909091,0.08066801427269168,S02,25,1,10,False
27.363636363636363,-0.09357790246322074,S02,25,1,11,False
30.01818181818182,0.0791937811326878,S02,25,1,12,False
33.05,0.07885284573889945,S02,25,1,13,False
36.836363636363636,0.07836063389962578,S02,25,1,14,False
41.054545454545455,-0.09229981875982794,S02,25,1,15,False
43.65909090909091,0.07637549615697621,S02,25,1,16,False
46.736363636363635,0.07720433889047529,S02,25,1,17,False
50.45909090909091,0.0800230813590719,S02,25,1,18,False
54.64545454545455,-0.09047908490631422,S02,25,1,19,False
58.8,0.07670582964370615,S02,25,1,20,False
61.07727272727273,0.07984977126497442,S02,25,1,21,False
64.86363636363636,0.07927526836565758,S02,25,1,22,False
67.14545454545454,0.07705265830945723,S02,25,1,23,False
69.42272727272727,0.07631695803931363,S02,25,1,24,False
72.4590909090909,0.08031507337298262,S02,25,1,25,False
75.90454545454546,-0.09299055563594544,S02,25,1,26,False
78.12727272727273,-0.09136416464582833,S02,25,1,27,False
82.67727272727272,-0.09187167886478066,S02,25,1,28,False
86.52272727272727,-0.08961684758484477,S02,25,1,29,False
89.14545454545454,0.07863934660184527,S02,25,1,30,False
91.39545454545454,0.07605738415047736,S02,25,1,31,False
93.66818181818182,0.0770737736516325,S02,25,1,32,False
96.69090909090909,0.07807778762294076,S02,25,1,33,False
99.01363636363637,0.0754126638157348,S02,25,1,34,False
101.28636363636363,0.07607785998926817,S02,25,1,35,False
103.51363636363637,0.07720084192678824,S02,25,1,36,False
106.1590909090909,-0.0931357303724468,S02,25,1,37,False
111.07727272727273,0.07937402980280583,S02,25,1,38,False
113.74090909090908,-0.0933319239709663,S02,25,1,39,False
117.53181818181818,-0.09150361979537855,S02,25,1,40,False
120.16818181818182,0.07705841001175869,S02,25,1,41,False
123.58636363636364,-0.09414486482075184,S02,25,1,42,False
127.75909090909092,0.07836689229448598,S02,25,1,43,False
130.45454545454547,-0.09263152893678284,S02,25,1,44,False
133.07272727272726,0.0785277697904278,S02,25,1,45,False
135.3181818181818,0.07545919220051095,S02,25,1,46,False
137.64545454545456,0.07861599200844843,S02,25,1,47,False
142.1590909090909,0.0805767541399289,S02,25,1,48,False
144.4181818181818,0.07530176878685674,S02,25,1,49,False
146.69545454545454,0.07820748538477151,S02,25,1,50,False
149.73181818181817,0.07812314987512814,S02,25,1,51,False
153.53181818181818,0.07622528767826198,S02,25,1,52,False
156.55454545454546,0.07879706424869831,S02,25,1,53,False
159.5681818181818,0.07858704010489193,S02,25,1,54,False
163.73636363636365,-0.09063643514847616,S02,25,1,55,False
167.9,0.07893650593083276,S02,25,1,56,False
170.1681818181818,0.07667833259300029,S02,25,1,57,False
173.21363636363637,0.07884765080697834,S02,25,1,58,False
176.2409090909091,0.08133825280548271,S02,25,1,59,False
178.52272727272728,0.07882300468613691,S02,25,1,60,False
181.55,0.07515168645355902,S02,25,1,61,False
183.85454545454544,0.07839651807529882,S02,25,1,62,False
186.08636363636364,0.08028564826956713,S02,25,1,63,False
188.41363636363636,0.07693115581108029,S02,25,1,64,False
191.02272727272728,-0.09404317280446578,S02,25,1,65,False
195.5590909090909,-0.09256144012613164,S02,25,1,66,False
199.77272727272728,0.07668232769765299,S02,25,1,67,False
202.0,0.07776952536356088,S02,25,1,68,False
204.2590909090909,0.07842640711329749,S02,25,1,69,False
207.35,0.07957742953724731,S02,25,1,70,False
211.0909090909091,0.07838056175135011,S02,25,1,71,False
215.31363636363636,-0.09029577879352976,S02,25,1,72,False
219.4181818181818,0.0794655575019865,S02,25,1,73,False
222.45454545454547,0.07975102354261927,S02,25,1,74,False
224.72727272727272,0.07563860045059709,S02,25,1,75,False
228.5090909090909,0.07947916718276321,S02,25,1,76,False
231.17727272727274,-0.0889264382413743,S02,25,1,77,False
233.4409090909091,-0.09542744137593674,S02,25,1,78,False
236.0909090909091,0.07629763596616557,S02,25,1,79,False
238.79090909090908,-0.09383916256805824,S02,25,1,80,False
241.02727272727273,-0.09119753434277825,S02,25,1,81,False
243.28636363636363,-0.08943799338471539,S02,25,1,82,False
247.07272727272726,-0.09206150436913053,S02,25,1,83,False
250.10454545454544,-0.09304157338138958,S02,25,1,84,False
253.96363636363637,-0.09374299404248712,S02,25,1,85,False
257.6818181818182,-0.09034793985454334,S02,25,1,86,False
259.95,-0.0921034306147464,S02,25,1,87,False
263.0318181818182,-0.10035371010558143,S02,25,1,88,False
266.0181818181818,-0.09517531079594442,S02,25,1,89,False
268.34090909090907,-0.09003771152108113,S02,25,1,90,False
270.6272727272727,-0.09595256644616902,S02,25,1,91,False
272.8454545454546,-0.08829000845832503,S02,25,1,92,False
275.1090909090909,-0.0948459165025668,S02,25,1,93,False
277.3681818181818,-0.094377891934903,S02,25,1,94,False
280.03636363636366,0.0779537312310645,S02,25,1,95,False
283.44545454545454,-0.09329503242332757,S02,25,1,96,False
286.8772727272727,0.07860871317546742,S02,25,1,97,False
289.1318181818182,0.08112828811797185,S02,25,1,98,False
291.4045454545454,0.07652752086271211,S02,25,1,99,False
295.1818181818182,0.08054611243786348,S02,25,1,100,False
299.3545454545455,-0.0946034594412471,S02,25,1,101,False
301.6272727272727,-0.08858341850427051,S02,25,1,102,False
303.8818181818182,-0.09336594382953052,S02,25,1,103,False
306.1818181818182,-0.09296506253416442,S02,25,1,104,False
309.19545454545454,-0.09417419797092563,S02,25,1,105,False
311.85,0.08337393507220581,S02,25,1,106,False
314.1318181818182,0.07594967652377455,S02,25,1,107,False
316.3863636363636,0.07777412832830909,S02,25,1,108,False
319.45,0.07850038661139609,S02,25,1,109,False
321.68636363636364,0.07513126130733788,S02,25,1,110,False
323.9727272727273,0.07792623805409354,S02,25,1,111,False
326.2318181818182,0.07544929495322665,S02,25,1,112,False
328.50454545454545,0.08094171218444088,S02,25,1,113,False
331.15909090909093,-0.09479251143303773,S02,25,1,114,False
335.3272727272727,0.07954939829807209,S02,25,1,115,False
338.3590909090909,0.08354990413620803,S02,25,1,116,False
341.3954545454545,0.08056458451670293,S02,25,1,117,False
345.17727272727274,0.08179646504814148,S02,25,1,118,False
347.46363636363634,0.07979558983201551,S02,25,1,119,False
350.4909090909091,0.08102810352729867,S02,25,1,120,False
352.75454545454545,0.08086291293851798,S02,25,1,121,False
355.0772727272727,0.08301048141675224,S02,25,1,122,False
357.31363636363636,0.0777322962970591,S02,25,1,123,False
359.5863636363636,0.08356529518016925,S02,25,1,124,False
363.3681818181818,0.08083173002286308,S02,25,1,125,False
365.69545454545454,0.08793654343727642,S02,25,1,126,False
367.9590909090909,0.07666720205894025,S02,25,1,127,False
370.1909090909091,0.07869465736576989,S02,25,1,128,False
372.48636363636365,0.0817349109667074,S02,25,1,129,False
374.75454545454545,0.07593473171122395,S02,25,1,130,False
377.00454545454545,0.08049428712580237,S02,25,1,131,False
379.65909090909093,-0.09924207245809602,S02,25,1,132,False
382.31363636363636,0.0846711820485193,S02,25,1,133,False
386.4818181818182,-0.09737484331264373,S02,25,1,134,False
389.1318181818182,0.07607525363038901,S02,25,1,135,False
392.9227272727273,0.0802983450707527,S02,25,1,136,False
395.6136363636364,-0.0994268425532948,S02,25,1,137,False
398.9681818181818,0.07979957949289387,S02,25,1,138,False
400.97727272727275,-0.11453977758264765,S02,25,1,139,False
403.8863636363636,-0.09739580681180442,S02,25,1,140,False
406.1545454545454,-0.10308216175980413,S02,25,1,141,False
409.19545454545454,-0.09060586266285837,S02,25,1,142,False
412.02272727272725,0.11068220607833883,S02,25,1,143,False
414.5090909090909,-0.09267799540554411,S02,25,1,144,False
416.6181818181818,0.10655751214761205,S02,25,1,145,False
418.6727272727273,0.07485858854795224,S02,25,1,146,False
420.97727272727275,0.14755207998726977,S02,25,1,147,False
425.27272727272725,0.26848746609646323,S02,25,1,148,False
427.43636363636364,-0.09570472857847141,S02,25,1,149,False
429.7772727272727,-0.21392322502199487,S02,25,1,150,False
432.3772727272727,0.09971287185340588,S02,25,1,151,False
434.6181818181818,0.2940486266643343,S02,25,1,152,False
437.2681818181818,-0.1160107451247201,S02,25,1,153,False
440.05,0.20466735318166257,S02,25,1,154,False
442.1545454545454,0.14632269560535943,S02,25,1,155,False
444.3181818181818,0.2394129508178946,S02,25,1,156,False
447.1272727272727,-0.09504804037951646,S02,25,1,157,False
449.6,0.16167968930740842,S02,25,1,158,False
452.3772727272727,-0.1153804724799404,S02,25,1,159,False
455.5772727272727,-0.24101922783418933,S02,25,1,160,False
459.6045454545455,0.39550452967839184,S02,25,1,161,True
462.2909090909091,-0.2438298923921479,S02,25,1,162,False
464.51363636363635,-0.10218464780124764,S02,25,1,163,False
467.0863636363636,0.1224431884351098,S02,25,1,164,False
469.9727272727273,-0.20509830975580315,S02,25,1,165,False
473.2772727272727,0.09996231601768234,S02,25,1,166,False
475.7681818181818,-0.20413821903823937,S02,25,1,167,False
479.3590909090909,0.16759643532568735,S02,25,1,168,False
481.55,0.2430839760658824,S02,25,1,169,False
483.79545454545456,0.17635161336133248,S02,25,1,170,False
485.8545454545455,0.232890400813862,S02,25,1,171,False
488.05454545454546,-0.11082453993730351,S02,25,1,172,False
490.2909090909091,-0.12425803792832021,S02,25,1,173,False
492.8181818181818,0.1961824494905608,S02,25,1,174,False
494.8954545454545,-0.24993273027737173,S02,25,1,175,False
498.0,0.281482464809211,S02,25,1,176,False
0.9409090909090909,-0.08436125253780738,S02,25,2,1,False
3.213636363636364,-0.08618658188360234,S02,25,2,2,False
5.4409090909090905,-0.08654599067376148,S02,25,2,3,False
9.986363636363636,-0.08807076450646442,S02,25,2,4,False
12.3,-0.08530006022222655,S02,25,2,5,False
14.55,-0.08515756126539838,S02,25,2,6,False
16.804545454545455,-0.08648058003106496,S02,25,2,7,False
19.072727272727274,-0.08855126668808037,S02,25,2,8,False
21.354545454545455,-0.08384716957307749,S02,25,2,9,False
24.0,0.07506766807951173,S02,25,2,10,False
27.45909090909091,-0.08581369910459051,S02,25,2,11,False
30.068181818181817,0.07283481114638435,S02,25,2,12,False
32.33181818181818,0.07780835577196303,S02,25,2,13,False
35.74545454545454,-0.08811786586269553,S02,25,2,14,False
39.53636363636364,-0.08783859026041042,S02,25,2,15,False
43.75909090909091,0.07686106670385118,S02,25,2,16,False
47.877272727272725,-0.08847571014891886,S02,25,2,17,False
52.04090909090909,0.07704696199524877,S02,25,2,18,False
55.10909090909091,0.07389265386723418,S02,25,2,19,False
57.345454545454544,0.07535919994089055,S02,25,2,20,False
60.00909090909091,-0.08680356568802466,S02,25,2,21,False
63.03636363636364,-0.08745210931407343,S02,25,2,22,False
65.32272727272728,-0.08636426854230744,S02,25,2,23,False
67.61818181818182,-0.08518249978359853,S02,25,2,24,False
72.12727272727273,-0.0904653147267589,S02,25,2,25,False
74.82272727272728,0.07645698934431006,S02,25,2,26,False
77.42727272727272,-0.08262359044090126,S02,25,2,27,False
79.74545454545455,-0.08902952655774626,S02,25,2,28,False
82.36363636363636,0.07238791360284846,S02,25,2,29,False
85.75454545454545,-0.0898972185672203,S02,25,2,30,False
88.03181818181818,-0.0842107101045114,S02,25,2,31,False
90.34545454545454,-0.08742000971845904,S02,25,2,32,False
93.72272727272727,0.07479122926839116,S02,25,2,33,False
96.36818181818182,-0.08582767458861872,S02,25,2,34,False
100.1590909090909,-0.08677049064773727,S02,25,2,35,False
102.85454545454546,0.07567131447478115,S02,25,2,36,False
105.0909090909091,0.07297121808703029,S02,25,2,37,False
108.50454545454545,-0.0858772383250972,S02,25,2,38,False
111.91363636363636,0.07360394323739583,S02,25,2,39,False
115.69545454545455,0.07369348178940283,S02,25,2,40,False
120.25,0.07423495639246183,S02,25,2,41,False
123.66818181818182,-0.08493244333737915,S02,25,2,42,False
127.06818181818181,0.07387966053483112,S02,25,2,43,False
129.73636363636365,-0.09049936253720173,S02,25,2,44,False
133.93636363636364,0.07388374666011273,S02,25,2,45,False
137.69545454545454,0.07475273460984286,S02,25,2,46,False
140.70909090909092,0.07352621291159528,S02,25,2,47,False
142.9909090909091,0.0718790638019878,S02,25,2,48,False
145.25454545454545,0.07455156626467063,S02,25,2,49,False
147.96363636363637,-0.08806724501498392,S02,25,2,50,False
151.6909090909091,-0.08806102891348042,S02,25,2,51,False
155.86363636363637,0.07529669822494375,S02,25,2,52,False
158.12272727272727,0.07751681340993374,S02,25,2,53,False
160.78636363636363,-0.0869040129589268,S02,25,2,54,False
163.84545454545454,-0.08689694080163259,S02,25,2,55,False
168.03636363636363,0.07576812647948922,S02,25,2,56,False
171.01818181818183,0.07593838205350306,S02,25,2,57,False
174.05454545454546,0.0747113150521646,S02,25,2,58,False
176.70454545454547,-0.0857214987859918,S02,25,2,59,False
179.78181818181818,-0.08978957559806125,S02,25,2,60,False
182.4409090909091,0.07644099851817102,S02,25,2,61,False
184.6590909090909,0.07201458595056948,S02,25,2,62,False
188.07272727272726,-0.08980657362871244,S02,25,2,63,False
191.86363636363637,-0.08975511365723086,S02,25,2,64,False
195.27272727272728,0.07424578207363258,S02,25,2,65,False
199.42727272727274,-0.0867998079261239,S02,25,2,66,False
203.28636363636363,-0.08778889967495661,S02,25,2,67,False
205.52272727272728,-0.0863536392706642,S02,25,2,68,False
209.3409090909091,-0.08537870275757754,S02,25,2,69,False
212.0090909090909,0.07358094164646548,S02,25,2,70,False
215.72727272727272,0.07509821122052812,S02,25,2,71,False
220.27727272727273,0.07367478976199734,S02,25,2,72,False
222.98636363636365,-0.0867469330957131,S02,25,2,73,False
225.20454545454547,-0.08410644177982128,S02,25,2,74,False
227.48181818181817,-0.09097877947879042,S02,25,2,75,False
230.13181818181818,0.07440628969880714,S02,25,2,76,False
232.43636363636364,0.06989812616482444,S02,25,2,77,False
234.6818181818182,0.07369358109579399,S02,25,2,78,False
237.32272727272726,-0.08877154694434201,S02,25,2,79,False
240.36818181818182,-0.08962997541694025,S02,25,2,80,False
242.63181818181818,-0.09726473182714546,S02,25,2,81,False
245.28636363636363,0.07261917383829286,S02,25,2,82,False
247.95909090909092,-0.08880451897210719,S02,25,2,83,False
250.5909090909091,0.07623044196087278,S02,25,2,84,False
254.38181818181818,0.07515428818252878,S02,25,2,85,False
258.54545454545456,-0.08753480254268711,S02,25,2,86,False
261.95454545454544,0.089933776931014,S02,25,2,87,False
264.2227272727273,0.08123647283953905,S02,25,2,88,False
266.51363636363635,0.07466484966294001,S02,25,2,89,False
270.2909090909091,0.07862828547134694,S02,25,2,90,False
272.6272727272727,0.07326043921009434,S02,25,2,91,False
275.6,0.07625328572844155,S02,25,2,92,False
279.4409090909091,0.07588291387951726,S02,25,2,93,False
281.66818181818184,0.07153621938312074,S02,25,2,94,False
283.9909090909091,0.08547511919945602,S02,25,2,95,False
287.4045454545454,-0.18742487973546612,S02,25,2,96,False
290.3772727272727,-0.09080414465501102,S02,25,2,97,False
293.7909090909091,0.0762156584727515,S02,25,2,98,False
296.05454545454546,0.07883319518968579,S02,25,2,99,False
299.8636363636364,0.07599352426209345,S02,25,2,100,False
302.1409090909091,0.08005849196692699,S02,25,2,101,False
305.90909090909093,0.07381116505865214,S02,25,2,102,False
310.46363636363634,0.07638672896210706,S02,25,2,103,False
312.7181818181818,0.07154517586478772,S02,25,2,104,False
315.0,0.07750375311788643,S02,25,2,105,False
318.8,0.0792161711442537,S02,25,2,106,False
322.18636363636364,-0.08916910419063277,S02,25,2,107,False
324.5090909090909,-0.08664107864148168,S02,25,2,108,False
327.1272727272727,0.07949519791063542,S02,25,2,109,False
329.4045454545454,0.07584296650608649,S02,25,2,110,False
333.5954545454546,-0.08697079264181327,S02,25,2,111,False
335.8909090909091,-0.08421103029542733,S02,25,2,112,False
338.1636363636364,-0.08912114538981944,S02,25,2,113,False
341.5272727272727,0.07295440499681621,S02,25,2,114,False
343.8545454545455,0.07840228929918487,S02,25,2,115,False
346.0772727272727,0.07523567679037294,S02,25,2,116,False
348.72727272727275,-0.08224699693411654,S02,25,2,117,False
351.02272727272725,-0.09149379464335476,S02,25,2,118,False
355.1636363636364,0.07909643298002855,S02,25,2,119,False
357.81363636363636,-0.08639340205932122,S02,25,2,120,False
361.21363636363634,0.07609337555022155,S02,25,2,121,False
364.25454545454545,0.07960621123235284,S02,25,2,122,False
368.05,0.07435272647697802,S02,25,2,123,False
370.32272727272726,0.07843629167674092,S02,25,2,124,False
373.3545454545455,0.07420488332742792,S02,25,2,125,False
376.3772727272727,0.077884145454038,S02,25,2,126,False
380.55,-0.08946088413349111,S02,25,2,127,False
383.2090909090909,0.07371572978419041,S02,25,2,128,False
385.4727272727273,0.07763519804735289,S02,25,2,129,False
389.26363636363635,0.07946031727930358,S02,25,2,130,False
391.9727272727273,-0.08772933223594685,S02,25,2,131,False
394.56363636363636,0.07350518585776374,S02,25,2,132,False
397.5954545454546,0.07546996611228285,S02,25,2,133,False
400.6227272727273,0.07599094846419747,S02,25,2,134,False
402.95454545454544,0.07266553838443907,S02,25,2,135,False
406.69545454545454,0.07507667389730793,S02,25,2,136,False
409.3545454545455,-0.09361187238001879,S02,25,2,137,False
412.01363636363635,0.07174375704153424,S02,25,2,138,False
414.27272727272725,0.07475461961507637,S02,25,2,139,False
416.92727272727274,-0.08744307895732649,S02,25,2,140,False
418.9727272727273,0.12265619617913825,S02,25,2,141,False
423.06363636363636,-0.09849360552790762,S02,25,2,142,False
425.8090909090909,0.10299339887485504,S02,25,2,143,False
428.66818181818184,0.07389163931736395,S02,25,2,144,False
430.93636363636364,0.1405383437975668,S02,25,2,145,False
433.9681818181818,0.07527547877860594,S02,25,2,146,False
437.0590909090909,0.15048603885596126,S02,25,2,147,False
440.0318181818182,0.08052848967678931,S02,25,2,148,False
442.25454545454545,0.13586074575127027,S02,25,2,149,False
445.33181818181816,0.07850759173855984,S02,25,2,150,False
447.3727272727273,-0.10090621644529159,S02,25,2,151,False
449.92727272727274,0.0914649594600154,S02,25,2,152,False
453.07272727272726,0.11400663103622255,S02,25,2,153,False
457.18636363636364,-0.11558898592072092,S02,25,2,154,False
460.16818181818184,-0.09024399320964219,S02,25,2,155,False
462.3818181818182,-0.09178993381637261,S02,25,2,156,False
464.6909090909091,-0.08893462571087532,S02,25,2,157,False
467.6727272727273,-0.1156106704304493,S02,25,2,158,False
470.3954545454545,0.07331162874378674,S02,25,2,159,False
472.5954545454546,0.13677862483942876,S02,25,2,160,False
475.3090909090909,-0.08686829125973519,S02,25,2,161,False
477.53636363636366,-0.09400465905646681,S02,25,2,162,False
481.0954545454546,0.10956232609447719,S02,25,2,163,False
484.7909090909091,0.3484159346890429,S02,25,2,164,True
488.1727272727273,-0.08842974808582471,S02,25,2,165,False
491.7772727272727,0.2438170915035034,S02,25,2,166,False
494.22727272727275,-0.12174753381672564,S02,25,2,167,False
497.84090909090907,0.2701130966733236,S02,25,2,168,False
499.95454545454544,0.07172024197638452,S02,25,2,169,False
0.004545454545454545,-0.08717720605378255,S02,25,3,1,False
4.140909090909091,0.07187854148258763,S02,25,3,2,False
6.377272727272727,0.07239068958391678,S02,25,3,3,False
12.85909090909091,-0.08226444104567229,S02,25,3,4,False
17.745454545454546,0.07145525035114836,S02,25,3,5,False
20.072727272727274,0.06940864708230124,S02,25,3,6,False
25.73181818181818,-0.08501683685445653,S02,25,3,7,False
29.886363636363637,0.06928306916033586,S02,25,3,8,False
33.27272727272727,-0.0827725121106497,S02,25,3,9,False
38.95454545454545,0.0700744584549495,S02,25,3,10,False
41.60454545454545,-0.08103251524303984,S02,25,3,11,False
43.877272727272725,-0.08211439975272261,S02,25,3,12,False
50.31818181818182,0.07022413400966324,S02,25,3,13,False
54.10909090909091,0.06984069678885918,S02,25,3,14,False
57.89090909090909,0.06998902319971237,S02,25,3,15,False
61.32272727272727,-0.08311637841055682,S02,25,3,16,False
65.46818181818182,0.06873214730393604,S02,25,3,17,False
67.74545454545455,0.0698532993286018,S02,25,3,18,False
73.85909090909091,0.0705772821143518,S02,25,3,19,False
76.85909090909091,0.0686410798780542,S02,25,3,20,False
83.27727272727273,-0.08336729586096196,S02,25,3,21,False
86.30909090909091,-0.08446529740320166,S02,25,3,22,False
90.49090909090908,0.07001118053255052,S02,25,3,23,False
93.15454545454546,-0.08180135734300947,S02,25,3,24,False
98.05454545454545,0.0741258608270842,S02,25,3,25,False
101.83636363636364,0.07200862633483679,S02,25,3,26,False
104.55,-0.08147949131352811,S02,25,3,27,False
106.77272727272727,-0.08965244179829476,S02,25,3,28,False
110.16818181818182,0.07041566585446182,S02,25,3,29,False
113.22727272727273,0.07194159258475155,S02,25,3,30,False
117.01363636363637,0.0738732621915919,S02,25,3,31,False
120.03636363636363,0.07052274461669503,S02,25,3,32,False
122.32727272727273,0.0730036551498087,S02,25,3,33,False
126.09545454545454,0.07220818357325064,S02,25,3,34,False
129.55454545454546,-0.08707369756762467,S02,25,3,35,False
131.79545454545453,-0.08607187153603535,S02,25,3,36,False
134.45454545454547,0.07029711980836528,S02,25,3,37,False
137.09545454545454,-0.08671189689756738,S02,25,3,38,False
140.54090909090908,0.07533273974360599,S02,25,3,39,False
142.79545454545453,0.07379721805248803,S02,25,3,40,False
146.53636363636363,0.07483004441532162,S02,25,3,41,False
150.35454545454544,0.07197805092618309,S02,25,3,42,False
154.51363636363635,-0.08663963507755022,S02,25,3,43,False
159.09545454545454,-0.0841905302459851,S02,25,3,44,False
161.33636363636364,-0.08427993025202135,S02,25,3,45,False
163.65454545454546,-0.08438516473616198,S02,25,3,46,False
167.0090909090909,0.07538506782589599,S02,25,3,47,False
170.80454545454546,0.07181843948800826,S02,25,3,48,False
173.13636363636363,0.07279011454328459,S02,25,3,49,False
175.35,0.07090264677130019,S02,25,3,50,False
178.37272727272727,0.07262654297655963,S02,25,3,51,False
181.02727272727273,-0.0844013090800447,S02,25,3,52,False
185.1909090909091,0.07583188014881109,S02,25,3,53,False
188.98636363636365,0.0729425530390277,S02,25,3,54,False
191.68636363636364,-0.08377592989629437,S02,25,3,55,False
194.7,-0.08511551256504522,S02,25,3,56,False
199.2590909090909,-0.08714739675966926,S02,25,3,57,False
201.48636363636365,-0.08575971816550941,S02,25,3,58,False
205.65,0.07242706294649515,S02,25,3,59,False
207.96363636363637,0.07249977412938453,S02,25,3,60,False
211.70909090909092,0.07193131533348346,S02,25,3,61,False
213.99545454545455,0.07263090936539254,S02,25,3,62,False
217.77727272727273,0.07266058014742457,S02,25,3,63,False
222.32272727272726,0.072530674151348,S02,25,3,64,False
226.05,0.11694911902145673,S02,25,3,65,False
228.45,0.10908752311239137,S02,25,3,66,False
232.0590909090909,0.08805901286633569,S02,25,3,67,False
235.1727272727273,0.08550218615199534,S02,25,3,68,False
237.85,-0.08533912999365195,S02,25,3,69,False
240.18636363636364,-0.0888496167827816,S02,25,3,70,False
242.4318181818182,-0.09927774516036493,S02,25,3,71,False
246.6090909090909,0.08769043262747626,S02,25,3,72,False
249.59545454545454,0.08370486380802018,S02,25,3,73,False
252.69545454545454,0.07598591732548203,S02,25,3,74,False
255.75454545454545,0.1096015832892377,S02,25,3,75,False
258.75454545454545,0.07372727277339355,S02,25,3,76,False
261.02272727272725,0.07804357777644906,S02,25,3,77,False
263.1090909090909,0.07912861679391207,S02,25,3,78,False
266.27272727272725,0.07311505511666407,S02,25,3,79,False
269.45454545454544,0.0919229562459075,S02,25,3,80,False
271.6272727272727,0.07642838717591152,S02,25,3,81,False
273.95454545454544,0.08416074834888398,S02,25,3,82,False
276.1409090909091,0.07044564567675105,S02,25,3,83,False
278.3090909090909,0.09613824280719743,S02,25,3,84,False
280.8,0.08011213242177506,S02,25,3,85,False
283.8772727272727,0.07772398362061195,S02,25,3,86,False
285.9818181818182,0.07420001212690225,S02,25,3,87,False
289.32272727272726,-0.09531501220765468,S02,25,3,88,False
291.65909090909093,-0.08406503113734154,S02,25,3,89,False
294.95,0.08233793818246965,S02,25,3,90,False
297.3363636363636,0.07509419770690748,S02,25,3,91,False
300.8590909090909,-0.09953827276734765,S02,25,3,92,False
303.0409090909091,-0.0833221707669539,S02,25,3,93,False
305.59090909090907,0.10419070809213188,S02,25,3,94,False
307.9409090909091,0.0700061365201684,S02,25,3,95,False
310.3818181818182,0.08315031509460738,S02,25,3,96,False
314.0090909090909,0.07490837290906803,S02,25,3,97,False
316.3272727272727,0.07390544336218763,S02,25,3,98,False
320.19545454545454,0.104359437402721,S02,25,3,99,False
322.7181818181818,-0.08878427632437831,S02,25,3,100,False
325.3363636363636,0.11633167007298761,S02,25,3,101,False
328.1090909090909,-0.09061876360056018,S02,25,3,102,False
330.3909090909091,-0.10399760758197085,S02,25,3,103,False
332.5863636363636,-0.08268764695304541,S02,25,3,104,False
335.6454545454545,-0.11190848350914902,S02,25,3,105,False
338.30454545454546,0.07095336026086743,S02,25,3,106,False
340.8681818181818,-0.10519516251283713,S02,25,3,107,False
345.45,-0.11649167668885763,S02,25,3,108,False
348.8681818181818,0.07080065188950865,S02,25,3,109,False
351.1181818181818,0.09358439572876534,S02,25,3,110,False
354.54545454545456,-0.08876886022994158,S02,25,3,111,False
358.78636363636366,0.11673637723227977,S02,25,3,112,False
362.1227272727273,-0.08681454798965538,S02,25,3,113,False
364.40909090909093,-0.08332745667961916,S02,25,3,114,False
366.7181818181818,-0.08613972060062179,S02,25,3,115,False
370.0,0.07359858682207965,S02,25,3,116,False
372.3454545454546,0.0764748829459585,S02,25,3,117,False
375.71363636363634,-0.10171557025637226,S02,25,3,118,False
379.6136363636364,-0.0912749853946626,S02,25,3,119,False
382.6227272727273,-0.08616872125626092,S02,25,3,120,False
386.4045454545454,-0.0858408689336725,S02,25,3,121,False
389.40909090909093,-0.08547339885247715,S02,25,3,122,False
392.0863636363636,0.12013786946413524,S02,25,3,123,False
394.3272727272727,0.07168432770679864,S02,25,3,124,False
397.72727272727275,-0.08758119711870382,S02,25,3,125,False
400.00454545454545,-0.08178059027711392,S02,25,3,126,False
402.5681818181818,0.16917283830114624,S02,25,3,127,False
404.6181818181818,-0.09028610544896941,S02,25,3,128,False
406.76363636363635,-0.10112571178076511,S02,25,3,129,False
410.17727272727274,0.18589445466033172,S02,25,3,130,False
412.20454545454544,-0.08445505300515493,S02,25,3,131,False
414.77272727272725,0.20468911797136055,S02,25,3,132,False
419.1409090909091,-0.13990489941116485,S02,25,3,133,False
421.58181818181816,0.1036925180554215,S02,25,3,134,False
424.05454545454546,0.1635152216642335,S02,25,3,135,False
426.5954545454546,-0.08618285554568739,S02,25,3,136,False
429.15,0.16781592780902238,S02,25,3,137,False
433.21363636363634,-0.1412648534078862,S02,25,3,138,False
435.6272727272727,-0.08963828042403149,S02,25,3,139,False
437.90909090909093,-0.20318668746315235,S02,25,3,140,False
441.3772727272727,0.1951640407093916,S02,25,3,141,False
443.9318181818182,-0.09797066315381524,S02,25,3,142,False
446.1181818181818,-0.14989692400324572,S02,25,3,143,False
448.1454545454545,0.0710174831734472,S02,25,3,144,False
450.3363636363636,0.17904724095532232,S02,25,3,145,False
454.1090909090909,0.15141366676064452,S02,25,3,146,False
457.66818181818184,-0.18662497847654375,S02,25,3,147,False
461.30454545454546,-0.14611301986593866,S02,25,3,148,False
465.43636363636364,0.13212862418759663,S02,25,3,149,False
469.3454545454546,0.18259182900179993,S02,25,3,150,False
473.18636363636364,0.1597061524780063,S02,25,3,151,False
477.05,0.1668427146186568,S02,25,3,152,False
480.7318181818182,0.1832956144871698,S02,25,3,153,False
484.2090909090909,-0.15597411149355112,S02,25,3,154,False
487.6045454545455,0.17164172231668184,S02,25,3,155,False
491.3363636363636,0.13888898285232393,S02,25,3,156,False
494.58181818181816,-0.11515575048355696,S02,25,3,157,False
496.69545454545454,0.3580179080229956,S02,25,3,158,True
498.9,0.07619881025104731,S02,25,3,159,False
3.831818181818182,-0.08912696220131006,S02,50,1,1,False
6.5,0.07355548799897092,S02,50,1,2,False
17.85,0.07230671147217298,S02,50,1,3,False
322.3727272727273,0.09848116495693299,S02,50,1,4,False
327.34090909090907,-0.08981348841316031,S02,50,1,5,False
334.73636363636365,-0.1323169649787821,S02,50,1,6,False
342.9909090909091,0.09957522877023364,S02,50,1,7,False
345.50454545454545,-0.08462730070224594,S02,50,1,8,False
350.77272727272725,-0.164210016088241,S02,50,1,9,False
354.93636363636364,0.20380417131285689,S02,50,1,10,False
357.2,0.09948325289310053,S02,50,1,11,False
359.31363636363636,0.2915407715492322,S02,50,1,12,False
361.6727272727273,-0.2270922831153011,S02,50,1,13,False
363.9727272727273,0.06999270949795866,S02,50,1,14,False
366.07272727272726,0.14855465132631113,S02,50,1,15,False
369.09090909090907,0.35410845544780534,S02,50,1,16,False
372.15909090909093,0.1401548614734512,S02,50,1,17,False
376.1136363636364,0.385219171728928,S02,50,1,18,False
378.58181818181816,0.2251574436986759,S02,50,1,19,False
380.9681818181818,-0.8919442555646494,S02,50,1,20,True
383.2772727272727,0.23745697671724283,S02,50,1,21,False
387.2,-0.13762162581880527,S02,50,1,22,False
389.71363636363634,0.30624801700925264,S02,50,1,23,False
394.0954545454546,-0.12411545928142052,S02,50,1,24,False
396.5090909090909,0.2864610431275881,S02,50,1,25,False
398.5772727272727,-0.14421265214224555,S02,50,1,26,False
401.1272727272727,0.2673664398985291,S02,50,1,27,False
404.8363636363636,0.22674277178092958,S02,50,1,28,False
408.81363636363636,0.2850796274833427,S02,50,1,29,False
412.5,0.2256084239209689,S02,50,1,30,False
415.06363636363636,-0.20290380682436043,S02,50,1,31,False
418.57272727272726,0.20220333119557657,S02,50,1,32,False
422.2090909090909,0.24509617160356048,S02,50,1,33,False
425.41818181818184,0.276363601412366,S02,50,1,34,False
428.42727272727274,0.27772921146704244,S02,50,1,35,False
431.9727272727273,0.2297546847623112,S02,50,1,36,False
435.3363636363636,0.22166916885333884,S02,50,1,37,False
438.2409090909091,0.2628703697124699,S02,50,1,38,False
441.42727272727274,0.22551302918166133,S02,50,1,39,False
443.6045454545455,0.0826008510422258,S02,50,1,40,False
445.85,0.2275891721497183,S02,50,1,41,False
449.8590909090909,0.23452473806162516,S02,50,1,42,False
451.9818181818182,0.18885187823018162,S02,50,1,43,False
454.18636363636364,0.2883057778029499,S02,50,1,44,False
457.40909090909093,0.3273309906706411,S02,50,1,45,False
459.4590909090909,0.1488629879862095,S02,50,1,46,False
462.09090909090907,-0.3022747569463086,S02,50,1,47,False
464.30454545454546,-0.1442884608987208,S02,50,1,48,False
467.05454545454546,0.19938423288352183,S02,50,1,49,False
469.3545454545455,0.2751104674955309,S02,50,1,50,False
473.1727272727273,0.18511762363191575,S02,50,1,51,False
475.77272727272725,-0.15882001593086909,S02,50,1,52,False
478.4590909090909,0.22364593769201396,S02,50,1,53,False
482.16818181818184,0.2370484477748416,S02,50,1,54,False
485.7,-0.18578600768252307,S02,50,1,55,False
489.45454545454544,-0.20183010008466545,S02,50,1,56,False
492.8636363636364,0.2042076269873945,S02,50,1,57,False
495.05454545454546,0.07479462940487625,S02,50,1,58,False
497.5272727272727,0.1814870893038532,S02,50,1,59,False
499.82272727272726,0.11336567282719977,S02,50,1,60,False
242.03181818181818,0.06713847427561381,S02,50,2,1,False
244.29545454545453,0.07416905425760748,S02,50,2,2,False
246.59545454545454,0.09368568428183142,S02,50,2,3,False
248.87272727272727,0.07495192814412212,S02,50,2,4,False
252.5818181818182,0.06155044428921714,S02,50,2,5,False
259.46363636363634,0.09256899470296957,S02,50,2,6,False
263.23636363636365,0.07833071344697962,S02,50,2,7,False
265.4681818181818,0.08881272600328523,S02,50,2,8,False
267.7772727272727,0.06865199573311365,S02,50,2,9,False
324.16818181818184,-0.08039920772723924,S02,50,2,10,False
329.4681818181818,-0.07827399548809141,S02,50,2,11,False
336.3590909090909,-0.08655749754688928,S02,50,2,12,False
339.32272727272726,-0.08856427849467512,S02,50,2,13,False
341.6227272727273,-0.09883412545478637,S02,50,2,14,False
345.3772727272727,-0.08591684033522823,S02,50,2,15,False
349.93636363636364,-0.10193116621580421,S02,50,2,16,False
354.1318181818182,0.09136776709553292,S02,50,2,17,False
356.6909090909091,-0.08519984049125233,S02,50,2,18,False
359.0409090909091,-0.10018193519345703,S02,50,2,19,False
362.3590909090909,0.0700267445285628,S02,50,2,20,False
368.77272727272725,-0.0985278287733472,S02,50,2,21,False
372.3363636363636,0.07834895325115272,S02,50,2,22,False
377.4590909090909,0.06068320388954275,S02,50,2,23,False
382.03636363636366,0.07807725948250605,S02,50,2,24,False
385.0590909090909,0.08163958802650613,S02,50,2,25,False
387.09090909090907,-0.08070503893841205,S02,50,2,26,False
390.09090909090907,-0.11238851776086242,S02,50,2,27,False
393.8454545454546,-0.15292107884086317,S02,50,2,28,False
396.9136363636364,-0.08459081030996567,S02,50,2,29,False
399.66818181818184,0.2666070370205321,S02,50,2,30,False
402.25,-0.23109040972079303,S02,50,2,31,False
404.8454545454546,0.4746365656004128,S02,50,2,32,True
409.1272727272727,-0.11924943352567187,S02,50,2,33,False
411.66818181818184,0.21147999783630253,S02,50,2,34,False
416.27272727272725,0.19812773226878802,S02,50,2,35,False
419.15,0.13902503691686113,S02,50,2,36,False
421.92727272727274,-0.16220429118848603,S02,50,2,37,False
424.09090909090907,-0.1438261766369417,S02,50,2,38,False
427.3681818181818,-0.17162242985368711,S02,50,2,39,False
430.0090909090909,0.1896266025985043,S02,50,2,40,False
433.59090909090907,0.19867055309232032,S02,50,2,41,False
438.1818181818182,0.2189769414519604,S02,50,2,42,False
441.9681818181818,0.1793340555645976,S02,50,2,43,False
445.3090909090909,0.208097724078309,S02,50,2,44,False
448.9590909090909,0.2819736446659981,S02,50,2,45,False
451.96363636363634,0.26067850541417803,S02,50,2,46,False
455.4681818181818,0.23089923241424284,S02,50,2,47,False
457.84090909090907,0.13588470463226565,S02,50,2,48,False
460.29545454545456,0.1836617544522001,S02,50,2,49,False
462.90909090909093,0.21557458241622396,S02,50,2,50,False
465.76363636363635,0.15059782317468962,S02,50,2,51,False
467.80454545454546,0.16545113542453999,S02,50,2,52,False
470.8772727272727,0.20089039205946094,S02,50,2,53,False
473.0181818181818,0.15888591769398475,S02,50,2,54,False
475.9409090909091,0.21073065889852913,S02,50,2,55,False
478.4045454545454,0.2409606547902596,S02,50,2,56,False
480.6090909090909,0.17329063202173675,S02,50,2,57,False
483.5863636363636,0.2958790522848844,S02,50,2,58,False
486.7818181818182,0.18825869217366062,S02,50,2,59,False
489.8272727272727,0.1783891129483354,S02,50,2,60,False
492.02272727272725,0.13304569643093514,S02,50,2,61,False
494.03636363636366,0.15281147977053833,S02,50,2,62,False
496.5409090909091,0.19891663872090054,S02,50,2,63,False
498.6909090909091,0.1703901124768356,S02,50,2,64,False
233.0818181818182,0.09709149989836649,S02,50,3,1,False
235.28181818181818,0.07510972401075432,S02,50,3,2,False
238.34545454545454,0.07096159673184707,S02,50,3,3,False
240.6090909090909,0.06891746856130139,S02,50,3,4,False
320.0,0.08693557854105012,S02,50,3,5,False
334.8636363636364,-0.11322184457437755,S02,50,3,6,False
341.77272727272725,-0.13238831130771994,S02,50,3,7,False
349.3090909090909,-0.12789500855007474,S02,50,3,8,False
354.7,-0.10897181433483419,S02,50,3,9,False
359.1181818181818,-0.10932577728770443,S02,50,3,10,False
361.42727272727274,-0.13681201367720203,S02,50,3,11,False
363.4409090909091,0.07667177730052267,S02,50,3,12,False
367.8181818181818,0.18732118447127988,S02,50,3,13,False
371.16818181818184,-0.12416642923769725,S02,50,3,14,False
373.6727272727273,-0.155007964865512,S02,50,3,15,False
377.8636363636364,0.3353019752856765,S02,50,3,16,False
380.1136363636364,0.29761259760695336,S02,50,3,17,False
384.2,-0.23716087400614544,S02,50,3,18,False
386.44545454545454,-0.1020349169884063,S02,50,3,19,False
388.76363636363635,-0.12336809594118128,S02,50,3,20,False
392.8954545454545,0.1759240515910308,S02,50,3,21,False
395.9909090909091,0.09273804947325348,S02,50,3,22,False
398.22727272727275,0.14281183911353967,S02,50,3,23,False
400.7772727272727,-0.08500141144272406,S02,50,3,24,False
402.8727272727273,0.22817370945938464,S02,50,3,25,False
404.8727272727273,0.15895227861796796,S02,50,3,26,False
407.3590909090909,0.10808048362765446,S02,50,3,27,False
409.40909090909093,0.13755134498963234,S02,50,3,28,False
413.40909090909093,0.25673104061995483,S02,50,3,29,False
415.77272727272725,0.1983742916588302,S02,50,3,30,False
418.74545454545455,0.3246035432610065,S02,50,3,31,False
422.55454545454546,0.23004089512442455,S02,50,3,32,False
426.4227272727273,0.22239506339849902,S02,50,3,33,False
428.4727272727273,0.25489547891631176,S02,50,3,34,False
430.8636363636364,0.31646302664206966,S02,50,3,35,False
433.7681818181818,0.26811640642350554,S02,50,3,36,False
436.73636363636365,0.24328094152295668,S02,50,3,37,False
439.99545454545455,0.2276649447261189,S02,50,3,38,False
442.55,0.16340613644594187,S02,50,3,39,False
445.1090909090909,0.32848259779172767,S02,50,3,40,False
447.4136363636364,0.09981181915641404,S02,50,3,41,False
449.6545454545454,0.31340856457013494,S02,50,3,42,False
452.5590909090909,0.20272809306253062,S02,50,3,43,False
456.3363636363636,0.17305793817820525,S02,50,3,44,False
459.20454545454544,-0.1856422963192118,S02,50,3,45,False
462.6409090909091,0.2314200418680389,S02,50,3,46,False
465.69545454545454,0.2922258546170325,S02,50,3,47,False
468.82272727272726,0.15968713598257417,S02,50,3,48,False
471.0181818181818,0.22655542145049232,S02,50,3,49,False
473.8454545454546,0.20984004969793904,S02,50,3,50,False
476.55454545454546,0.18209053142767206,S02,50,3,51,False
478.58181818181816,0.1561114853365852,S02,50,3,52,False
480.84090909090907,0.16364083592710507,S02,50,3,53,False
483.1363636363636,0.22298820677586254,S02,50,3,54,False
485.3590909090909,0.10351133934997266,S02,50,3,55,False
487.48636363636365,0.18807705262300284,S02,50,3,56,False
490.6227272727273,0.1946951150159119,S02,50,3,57,False
493.48636363636365,0.3501083463626683,S02,50,3,58,True
496.5409090909091,0.21874875064191165,S02,50,3,59,False
499.30454545454546,0.23321441833142761,S02,50,3,60,False
1.2727272727272727,0.015364377419570259,S03,10,1,1,False
5.413636363636364,-0.025390217898615182,S03,10,1,2,False
7.590909090909091,-0.026521861529224748,S03,10,1,3,False
9.913636363636364,-0.02605381722300113,S03,10,1,4,False
12.277272727272727,-0.028020743647202945,S03,10,1,5,False
15.227272727272727,-0.030047573473424252,S03,10,1,6,False
19.418181818181818,0.01449166585359599,S03,10,1,7,False
21.663636363636364,0.014226442793010595,S03,10,1,8,False
25.85909090909091,-0.023927626649168223,S03,10,1,9,False
29.28181818181818,0.01567816709020868,S03,10,1,10,False
31.522727272727273,0.014813075438668681,S03,10,1,11,False
33.845454545454544,0.013444955649778972,S03,10,1,12,False
37.595454545454544,0.014328031132347239,S03,10,1,13,False
39.91818181818182,0.014487538829879232,S03,10,1,14,False
42.095454545454544,0.013218109156640056,S03,10,1,15,False
45.92272727272727,0.013848344128899504,S03,10,1,16,False
49.28181818181818,-0.025967916606070195,S03,10,1,17,False
53.054545454545455,-0.027229597250640572,S03,10,1,18,False
55.36818181818182,-0.0263729779956558,S03,10,1,19,False
57.69090909090909,-0.03123429717114709,S03,10,1,20,False
61.09090909090909,0.013639449939202915,S03,10,1,21,False
64.07272727272728,0.012997766744795556,S03,10,1,22,False
67.5409090909091,-0.02405072759688252,S03,10,1,23,False
70.18636363636364,0.013131193198426374,S03,10,1,24,False
72.41818181818182,0.013076423527702859,S03,10,1,25,False
75.47727272727273,0.014016188309774993,S03,10,1,26,False
78.53636363636363,0.014238562173776968,S03,10,1,27,False
81.15454545454546,-0.02230500023950171,S03,10,1,28,False
83.47272727272727,-0.02573789989758735,S03,10,1,29,False
86.1,0.01660971805210806,S03,10,1,30,False
88.32727272727273,0.01506735891411987,S03,10,1,31,False
91.00909090909092,-0.02434033795870403,S03,10,1,32,False
93.32727272727273,-0.025995737620692266,S03,10,1,33,False
97.10454545454546,-0.027648712754143757,S03,10,1,34,False
99.28636363636363,-0.03173122868209356,S03,10,1,35,False
103.87272727272727,-0.027568443626110564,S03,10,1,36,False
107.29545454545455,0.014028486625906592,S03,10,1,37,False
110.32727272727273,0.013261143775101424,S03,10,1,38,False
113.75,-0.02612056211234611,S03,10,1,39,False
117.5409090909091,-0.025265731182244566,S03,10,1,40,False
120.2,0.013607082428863172,S03,10,1,41,False
122.51363636363637,0.014455383045803447,S03,10,1,42,False
124.75909090909092,0.014168749179483117,S03,10,1,43,False
127.01818181818182,0.014161260462254306,S03,10,1,44,False
130.01363636363635,0.017897954754211527,S03,10,1,45,False
133.1090909090909,0.015036612007179881,S03,10,1,46,False
137.24545454545455,-0.024619743133045935,S03,10,1,47,False
139.4227272727273,-0.025944391752361403,S03,10,1,48,False
141.7409090909091,-0.02642769911160138,S03,10,1,49,False
144.1090909090909,-0.023052456266023973,S03,10,1,50,False
146.29090909090908,-0.030217389639140713,S03,10,1,51,False
149.0090909090909,0.013872460580205127,S03,10,1,52,False
152.4090909090909,-0.023751692403101533,S03,10,1,53,False
154.68636363636364,-0.023993835850642225,S03,10,1,54,False
156.93636363636364,-0.024129440054743385,S03,10,1,55,False
160.72727272727272,-0.02423769959137456,S03,10,1,56,False
163.7590909090909,-0.02498872275973014,S03,10,1,57,False
166.03636363636363,-0.023998118673427285,S03,10,1,58,False
168.6590909090909,0.014233308233713635,S03,10,1,59,False
171.35454545454544,-0.023269092123931655,S03,10,1,60,False
174.01818181818183,0.017149855558003226,S03,10,1,61,False
177.80454545454546,0.014001080558151718,S03,10,1,62,False
180.42727272727274,-0.0236656548667109,S03,10,1,63,False
183.52272727272728,-0.0275127459151612,S03,10,1,64,False
186.5681818181818,-0.03294090483867181,S03,10,1,65,False
189.53181818181818,-0.02535630128159428,S03,10,1,66,False
191.79090909090908,-0.024234768582853942,S03,10,1,67,False
195.97272727272727,0.01335823216851905,S03,10,1,68,False
198.6409090909091,-0.024935052273909505,S03,10,1,69,False
203.58636363636364,0.013166094743772295,S03,10,1,70,False
206.6090909090909,0.013513366145924303,S03,10,1,71,False
208.86818181818182,0.013749818118561597,S03,10,1,72,False
211.45454545454547,-0.024445930810661758,S03,10,1,73,False
214.1590909090909,0.01351307584929324,S03,10,1,74,False
217.98181818181817,0.01594694443572677,S03,10,1,75,False
221.35454545454544,-0.023690935690085655,S03,10,1,76,False
224.3909090909091,-0.023881631352886304,S03,10,1,77,False
227.3909090909091,-0.02629339038078614,S03,10,1,78,False
231.20909090909092,-0.027573082329261676,S03,10,1,79,False
235.02727272727273,-0.028163613724493542,S03,10,1,80,False
239.1909090909091,0.012578582516830996,S03,10,1,81,False
241.46363636363637,0.01520955326127257,S03,10,1,82,False
244.48181818181817,0.014091866165118086,S03,10,1,83,False
247.1090909090909,-0.024252588596810464,S03,10,1,84,False
249.80454545454546,0.013141648478271855,S03,10,1,85,False
252.05,0.012203646001614953,S03,10,1,86,False
255.85,0.014573822818421645,S03,10,1,87,False
258.5,-0.024969228623943733,S03,10,1,88,False
261.9409090909091,0.01686768360260662,S03,10,1,89,False
264.07272727272726,0.011911584535655946,S03,10,1,90,False
266.0772727272727,-0.025556261318192906,S03,10,1,91,False
269.8818181818182,-0.026281089240870765,S03,10,1,92,False
272.8454545454546,-0.029178857728348426,S03,10,1,93,False
276.5772727272727,-0.030232177486152707,S03,10,1,94,False
280.4409090909091,-0.031994987464528966,S03,10,1,95,False
282.7318181818182,-0.024790679285339935,S03,10,1,96,False
285.0,-0.02842616636092131,S03,10,1,97,False
287.20454545454544,-0.024558201431063367,S03,10,1,98,False
290.2909090909091,-0.02538285500899313,S03,10,1,99,False
293.3590909090909,-0.029384597479961836,S03,10,1,100,False
296.3818181818182,-0.02514164003675091,S03,10,1,101,False
299.4045454545454,-0.028706510691821157,S03,10,1,102,False
301.5863636363636,-0.02333031548556868,S03,10,1,103,False
303.6272727272727,0.016500688938083437,S03,10,1,104,False
305.85,0.013771869198437843,S03,10,1,105,False
308.1272727272727,0.016264038875872106,S03,10,1,106,False
312.30454545454546,-0.026531388052090956,S03,10,1,107,False
316.1227272727273,-0.027449064163967835,S03,10,1,108,False
319.1227272727273,-0.026835727326641603,S03,10,1,109,False
322.9409090909091,-0.027814902193895267,S03,10,1,110,False
325.17727272727274,-0.025415948563660837,S03,10,1,111,False
328.21363636363634,-0.02512467114832643,S03,10,1,112,False
331.25,-0.025061316951549957,S03,10,1,113,False
335.0,-0.023193083725260962,S03,10,1,114,False
338.05454545454546,-0.02603935124195855,S03,10,1,115,False
341.8454545454546,-0.026849311433290737,S03,10,1,116,False
344.49545454545455,0.014106083479957825,S03,10,1,117,False
346.7181818181818,0.015251542199285404,S03,10,1,118,False
348.99545454545455,0.014789125841544778,S03,10,1,119,False
351.65909090909093,-0.02518524684427793,S03,10,1,120,False
353.9909090909091,-0.027164276737627238,S03,10,1,121,False
356.9909090909091,-0.025961425130801737,S03,10,1,122,False
359.2681818181818,-0.028182697783828165,S03,10,1,123,False
361.5409090909091,-0.031144132630405278,S03,10,1,124,False
363.8090909090909,-0.027493254188156853,S03,10,1,125,False
366.0590909090909,-0.02456467736168226,S03,10,1,126,False
368.3772727272727,-0.024598506326738354,S03,10,1,127,False
371.4045454545454,-0.026239602502172932,S03,10,1,128,False
374.46363636363634,-0.025531302819487067,S03,10,1,129,False
377.4681818181818,-0.025070038498824835,S03,10,1,130,False
379.74545454545455,-0.023565188251467774,S03,10,1,131,False
382.0181818181818,-0.02523998293021506,S03,10,1,132,False
385.82272727272726,-0.02519466322108748,S03,10,1,133,False
388.85,-0.028373891201338496,S03,10,1,134,False
392.95454545454544,0.015372389597754957,S03,10,1,135,False
396.09090909090907,0.016651089197590587,S03,10,1,136,False
399.03636363636366,0.01605579238373323,S03,10,1,137,False
402.49545454545455,-0.02700274310446881,S03,10,1,138,False
405.5,-0.03024261003734498,S03,10,1,139,False
407.8181818181818,-0.031886154930139674,S03,10,1,140,False
409.99545454545455,-0.030370176107572464,S03,10,1,141,False
412.3545454545455,-0.023667575369114076,S03,10,1,142,False
416.07272727272726,-0.02437748944387049,S03,10,1,143,False
418.76363636363635,0.012463438117983866,S03,10,1,144,False
421.04545454545456,0.014740159797097929,S03,10,1,145,False
423.9681818181818,-0.028837047668618068,S03,10,1,146,False
427.46363636363634,-0.026457307764817185,S03,10,1,147,False
431.28636363636366,-0.02650187219111019,S03,10,1,148,False
435.05454545454546,-0.025907987934662525,S03,10,1,149,False
437.32272727272726,-0.025694730871523352,S03,10,1,150,False
439.98636363636365,0.015115232821826863,S03,10,1,151,False
442.6454545454545,-0.024495872835641072,S03,10,1,152,False
446.4590909090909,-0.028781435978463027,S03,10,1,153,False
448.68636363636364,-0.025752252555511872,S03,10,1,154,False
450.9136363636364,-0.03981040261088545,S03,10,1,155,False
453.9136363636364,-0.029757311569911682,S03,10,1,156,False
455.92727272727274,0.014470977149459847,S03,10,1,157,False
458.50454545454545,-0.025635149052660518,S03,10,1,158,False
460.8,-0.026687661121850833,S03,10,1,159,False
463.0409090909091,-0.02284506516355661,S03,10,1,160,False
465.30454545454546,-0.025241506896106016,S03,10,1,161,False
468.7818181818182,0.01587883015549301,S03,10,1,162,False
471.4409090909091,-0.026549188140871736,S03,10,1,163,False
474.0954545454546,0.013994048134778357,S03,10,1,164,False
476.3681818181818,0.015569011504146387,S03,10,1,165,False
479.76363636363635,-0.025184214366242807,S03,10,1,166,False
483.1454545454545,0.014824002606965144,S03,10,1,167,False
485.46363636363634,0.01576313553488133,S03,10,1,168,False
488.2772727272727,-0.041165163258565625,S03,10,1,169,True
491.91818181818184,-0.027565175295822624,S03,10,1,170,False
494.1454545454545,-0.029732494910826572,S03,10,1,171,False
496.4136363636364,-0.029255805213289805,S03,10,1,172,False
499.8363636363636,0.01445750367880501,S03,10,1,173,False
1.459090909090909,0.007682709044029713,S03,10,2,1,False
3.668181818181818,0.008116291584387744,S03,10,2,2,False
7.881818181818182,-0.018686438563003976,S03,10,2,3,False
12.004545454545454,0.00866707375335141,S03,10,2,4,False
14.368181818181819,0.007865089628768451,S03,10,2,5,False
16.868181818181817,-0.01790889151784884,S03,10,2,6,False
19.186363636363637,-0.02031149423464183,S03,10,2,7,False
21.509090909090908,-0.01991061960408638,S03,10,2,8,False
24.509090909090908,-0.02398670626140516,S03,10,2,9,False
28.327272727272728,-0.023810774622019307,S03,10,2,10,False
30.604545454545455,-0.017607981788090084,S03,10,2,11,False
32.82272727272727,-0.01792990740746722,S03,10,2,12,False
35.16818181818182,-0.018533518637476317,S03,10,2,13,False
38.095454545454544,-0.01911953574163236,S03,10,2,14,False
40.4,-0.016677251972273325,S03,10,2,15,False
43.127272727272725,0.008299788897479617,S03,10,2,16,False
46.53181818181818,-0.01854420293899576,S03,10,2,17,False
50.69090909090909,0.010076632331430342,S03,10,2,18,False
52.92272727272727,0.011099129779956883,S03,10,2,19,False
55.16818181818182,0.006248868000273668,S03,10,2,20,False
57.377272727272725,0.008444874842698158,S03,10,2,21,False
59.78636363636364,0.00763396204085998,S03,10,2,22,False
63.19090909090909,-0.01992438668128223,S03,10,2,23,False
66.10454545454546,-0.023142608222832615,S03,10,2,24,False
69.28636363636363,-0.02494978603474386,S03,10,2,25,False
71.46363636363637,-0.020617815690449383,S03,10,2,26,False
74.55909090909091,-0.024026045226503034,S03,10,2,27,False
76.78181818181818,-0.018004668662186526,S03,10,2,28,False
80.16363636363636,0.008676287369542722,S03,10,2,29,False
83.2,0.009274641479634905,S03,10,2,30,False
85.53636363636363,0.008131160634752818,S03,10,2,31,False
88.92272727272727,-0.01733668724500829,S03,10,2,32,False
91.14090909090909,-0.018366542086193798,S03,10,2,33,False
93.81363636363636,0.006529804482252371,S03,10,2,34,False
96.10909090909091,0.008294649960056803,S03,10,2,35,False
99.15454545454546,0.008724625142840154,S03,10,2,36,False
102.50454545454545,-0.020066637681046367,S03,10,2,37,False
105.49090909090908,-0.01886918094022584,S03,10,2,38,False
108.60909090909091,-0.023996956535563753,S03,10,2,39,False
112.38181818181818,-0.02096423430493273,S03,10,2,40,False
115.38181818181818,-0.021682824845043483,S03,10,2,41,False
117.65,-0.01965476329692381,S03,10,2,42,False
121.39545454545454,-0.017642275874685795,S03,10,2,43,False
123.66363636363636,-0.01598091165309335,S03,10,2,44,False
126.03181818181818,-0.017310872050514348,S03,10,2,45,False
128.60454545454544,0.007938191642414683,S03,10,2,46,False
131.73181818181817,0.0064818202927328546,S03,10,2,47,False
134.01818181818183,0.008983245080380417,S03,10,2,48,False
137.02272727272728,0.008160329331398562,S03,10,2,49,False
139.6727272727273,-0.019275316911070588,S03,10,2,50,False
141.9409090909091,-0.018248580926783636,S03,10,2,51,False
144.23181818181817,-0.017823887417647045,S03,10,2,52,False
146.4318181818182,-0.020214042194743636,S03,10,2,53,False
149.51818181818183,-0.018999649714457865,S03,10,2,54,False
151.79090909090908,-0.01938319002708104,S03,10,2,55,False
154.70454545454547,-0.020363735780299975,S03,10,2,56,False
157.75,-0.024022561718945935,S03,10,2,57,False
160.01818181818183,-0.019959548602416936,S03,10,2,58,False
162.38636363636363,-0.02039205886154853,S03,10,2,59,False
166.57272727272726,0.007659494351191218,S03,10,2,60,False
169.89545454545456,-0.018564084047728996,S03,10,2,61,False
173.30454545454546,0.007936128729189862,S03,10,2,62,False
175.5909090909091,0.007252945257526042,S03,10,2,63,False
177.9909090909091,0.007343756360588436,S03,10,2,64,False
180.8909090909091,0.008052390981736502,S03,10,2,65,False
184.75,0.009249111024628665,S03,10,2,66,False
188.47727272727272,0.012261941584098286,S03,10,2,67,False
192.69545454545454,-0.01750258783259198,S03,10,2,68,False
194.97727272727272,-0.017839559887484827,S03,10,2,69,False
197.25454545454545,-0.02157322847348446,S03,10,2,70,False
199.48181818181817,-0.01799716423625014,S03,10,2,71,False
201.8,-0.024770223168177185,S03,10,2,72,False
205.48181818181817,-0.02420332833789432,S03,10,2,73,False
209.30454545454546,-0.016961827854704896,S03,10,2,74,False
211.54545454545453,-0.018874291529485124,S03,10,2,75,False
214.27727272727273,0.00825076415310032,S03,10,2,76,False
218.4909090909091,-0.016981095684603004,S03,10,2,77,False
221.72272727272727,0.009247203573347169,S03,10,2,78,False
225.25,-0.01726488893311845,S03,10,2,79,False
227.4909090909091,-0.018523625571907794,S03,10,2,80,False
230.93636363636364,0.010632918343077622,S03,10,2,81,False
233.21363636363637,0.009564344493623459,S03,10,2,82,False
236.1727272727273,0.008823081566953696,S03,10,2,83,False
239.97272727272727,0.010843215713721738,S03,10,2,84,False
242.71363636363637,-0.02210965209800727,S03,10,2,85,False
244.89545454545456,-0.021328087872552262,S03,10,2,86,False
247.21363636363637,-0.01900804291100251,S03,10,2,87,False
250.27272727272728,-0.019044629701084465,S03,10,2,88,False
253.22727272727272,-0.018242039975522227,S03,10,2,89,False
255.53181818181818,-0.01767287802547804,S03,10,2,90,False
258.5681818181818,-0.02041312011533396,S03,10,2,91,False
262.34090909090907,-0.01932317204240003,S03,10,2,92,False
264.6454545454545,-0.01912658242122514,S03,10,2,93,False
266.91818181818184,-0.019894936315927883,S03,10,2,94,False
269.5318181818182,0.008915663589177624,S03,10,2,95,False
272.58181818181816,0.008648371715506784,S03,10,2,96,False
275.1454545454545,-0.019069227369815134,S03,10,2,97,False
277.1727272727273,0.008542254423516818,S03,10,2,98,False
280.08181818181816,0.011441165128683917,S03,10,2,99,False
283.8590909090909,0.010341161359559885,S03,10,2,100,False
285.9,-0.015822966861381585,S03,10,2,101,False
288.1227272727273,-0.022834138003522634,S03,10,2,102,False
291.9,-0.02233242357327881,S03,10,2,103,False
294.16818181818184,-0.01940309363929999,S03,10,2,104,False
298.7090909090909,-0.01749731359831585,S03,10,2,105,False
301.7681818181818,-0.017463886336704336,S03,10,2,106,False
304.0318181818182,-0.019229664822301304,S03,10,2,107,False
307.31363636363636,0.00774181436388,S03,10,2,108,False
310.04545454545456,-0.018014495591828807,S03,10,2,109,False
313.0409090909091,-0.01751852229671376,S03,10,2,110,False
317.99545454545455,0.00886051215232304,S03,10,2,111,False
320.6227272727273,-0.020404426118005234,S03,10,2,112,False
322.95,-0.024359463656559905,S03,10,2,113,False
326.7181818181818,-0.023227565022408567,S03,10,2,114,False
330.53636363636366,-0.021165151362513575,S03,10,2,115,False
332.81363636363636,-0.026620626936533966,S03,10,2,116,False
335.0863636363636,-0.021844037602693014,S03,10,2,117,False
338.8636363636364,-0.016385305623939087,S03,10,2,118,False
341.1318181818182,-0.01755781887641549,S03,10,2,119,False
343.4136363636364,-0.016906774513311965,S03,10,2,120,False
345.6136363636364,-0.018368010692022214,S03,10,2,121,False
347.90909090909093,-0.017262877841071528,S03,10,2,122,False
350.18636363636364,-0.017252151537377275,S03,10,2,123,False
352.3863636363636,-0.01579450273632812,S03,10,2,124,False
354.7772727272727,-0.01864392552614958,S03,10,2,125,False
357.0181818181818,-0.01742284579191891,S03,10,2,126,False
359.26363636363635,-0.020450297176892528,S03,10,2,127,False
361.5954545454546,-0.021372264114493764,S03,10,2,128,False
363.8590909090909,-0.01959358531603617,S03,10,2,129,False
366.8590909090909,-0.019235705810996886,S03,10,2,130,False
369.16818181818184,-0.021296112631528058,S03,10,2,131,False
371.31363636363636,-0.021678551621900154,S03,10,2,132,False
374.4045454545454,-0.02433657925799537,S03,10,2,133,False
377.5,-0.026147613500814976,S03,10,2,134,False
379.6818181818182,-0.025458885254565067,S03,10,2,135,False
382.78636363636366,-0.018957123955869112,S03,10,2,136,False
385.07272727272726,-0.01936744763982292,S03,10,2,137,False
387.27272727272725,-0.019305120054470694,S03,10,2,138,False
390.27272727272725,-0.0184707047087415,S03,10,2,139,False
393.3954545454545,-0.01899284379431914,S03,10,2,140,False
395.98636363636365,0.007150677516973099,S03,10,2,141,False
399.35,-0.018800247008365273,S03,10,2,142,False
401.7227272727273,-0.019042013012594877,S03,10,2,143,False
405.00454545454545,0.007546773019892735,S03,10,2,144,False
407.3681818181818,0.00952488013307318,S03,10,2,145,False
409.97727272727275,-0.0164363631138999,S03,10,2,146,False
412.27272727272725,-0.019200125269019604,S03,10,2,147,False
415.32272727272726,-0.025850986224063982,S03,10,2,148,False
417.54545454545456,-0.017998597754880073,S03,10,2,149,False
420.5954545454546,-0.022932780705141376,S03,10,2,150,False
424.4590909090909,-0.025057936060069123,S03,10,2,151,False
426.6409090909091,-0.0188800135387771,S03,10,2,152,False
428.94545454545454,-0.019118545818296126,S03,10,2,153,False
431.1909090909091,-0.01928694519733102,S03,10,2,154,False
434.2318181818182,-0.018543540077425917,S03,10,2,155,False
436.45454545454544,-0.016508274274106886,S03,10,2,156,False
440.3363636363636,-0.019565119511410444,S03,10,2,157,False
443.31363636363636,-0.018023983475318507,S03,10,2,158,False
446.8272727272727,0.010626000032649132,S03,10,2,159,False
450.9909090909091,-0.03759622944774849,S03,10,2,160,False
454.68636363636364,-0.01982496836996222,S03,10,2,161,False
457.6636363636364,-0.019849573569138995,S03,10,2,162,False
459.83181818181816,-0.04128112899728158,S03,10,2,163,False
463.8727272727273,-0.022974742525087286,S03,10,2,164,False
466.0090909090909,-0.025263838484751937,S03,10,2,165,False
468.2818181818182,-0.024453461198150412,S03,10,2,166,False
470.3090909090909,0.006350342427940916,S03,10,2,167,False
472.6227272727273,-0.05999681841809753,S03,10,2,168,True
475.1272727272727,-0.02052660132828585,S03,10,2,169,False
477.4318181818182,-0.017848496663354058,S03,10,2,170,False
479.6909090909091,-0.018465457524637713,S03,10,2,171,False
483.0590909090909,0.009479085614549809,S03,10,2,172,False
486.1818181818182,0.01070949712652352,S03,10,2,173,False
488.41818181818184,0.007422812085475286,S03,10,2,174,False
491.07272727272726,-0.01889163661365125,S03,10,2,175,False
494.07272727272726,-0.01879859569555403,S03,10,2,176,False
496.7818181818182,0.011144171141741162,S03,10,2,177,False
499.83181818181816,0.01016325940133043,S03,10,2,178,False
0.33636363636363636,-0.024586351972768018,S03,10,3,1,False
4.5227272727272725,0.016014682596129183,S03,10,3,2,False
8.327272727272728,0.013892159218494718,S03,10,3,3,False
11.654545454545454,-0.026788582391586727,S03,10,3,4,False
14.745454545454546,-0.028151661084561182,S03,10,3,5,False
18.504545454545454,-0.023788540668515483,S03,10,3,6,False
21.94090909090909,0.014466180755239174,S03,10,3,7,False
24.95909090909091,0.0147735178510414,S03,10,3,8,False
28.368181818181817,-0.025180305223858467,S03,10,3,9,False
31.03181818181818,0.01340406062780885,S03,10,3,10,False
34.02272727272727,0.015123332095056643,S03,10,3,11,False
37.45454545454545,-0.023927082176783486,S03,10,3,12,False
40.11363636363637,0.016033515142384838,S03,10,3,13,False
42.38181818181818,0.015177621559051691,S03,10,3,14,False
44.61363636363637,0.017001134086547007,S03,10,3,15,False
48.43181818181818,0.015953000098981245,S03,10,3,16,False
51.09090909090909,-0.024578748296103417,S03,10,3,17,False
53.38636363636363,-0.025962831777952614,S03,10,3,18,False
55.60909090909091,-0.027505582146824317,S03,10,3,19,False
59.43181818181818,-0.027902457399714854,S03,10,3,20,False
62.095454545454544,0.011732297802104524,S03,10,3,21,False
64.35909090909091,0.01353844616693723,S03,10,3,22,False
66.60909090909091,0.012051692241704284,S03,10,3,23,False
69.28181818181818,-0.023817509783729693,S03,10,3,24,False
71.96363636363637,0.014589689536752649,S03,10,3,25,False
75.75,0.015889431488835072,S03,10,3,26,False
78.36363636363636,-0.025087528702238238,S03,10,3,27,False
81.38636363636364,-0.024017311203011482,S03,10,3,28,False
83.66818181818182,-0.023023514410494897,S03,10,3,29,False
87.02727272727273,0.016086767393112593,S03,10,3,30,False
90.89090909090909,0.016526411081153134,S03,10,3,31,False
94.2090909090909,-0.026763665840002768,S03,10,3,32,False
97.25,-0.027524890522553254,S03,10,3,33,False
100.29545454545455,-0.024910219299266373,S03,10,3,34,False
103.39090909090909,-0.029385981446611288,S03,10,3,35,False
106.05,0.012033577418278124,S03,10,3,36,False
108.27727272727273,0.014341973203144755,S03,10,3,37,False
110.56818181818181,0.013658388605837677,S03,10,3,38,False
112.81818181818181,0.014689075909410284,S03,10,3,39,False
115.10454545454546,0.014914363815179835,S03,10,3,40,False
117.38181818181818,0.0139363130591914,S03,10,3,41,False
120.77727272727273,-0.02495726182359984,S03,10,3,42,False
124.58181818181818,-0.025187440704471965,S03,10,3,43,False
127.63636363636364,-0.024728599626389305,S03,10,3,44,False
130.21363636363637,0.014627762457175793,S03,10,3,45,False
133.29090909090908,0.014494217268725537,S03,10,3,46,False
135.52727272727273,0.01489092077123608,S03,10,3,47,False
137.85454545454544,0.013282323416148892,S03,10,3,48,False
140.11363636363637,0.012660588620113229,S03,10,3,49,False
142.75454545454545,-0.025403139749236785,S03,10,3,50,False
144.98636363636365,-0.02779401248697504,S03,10,3,51,False
147.98636363636365,-0.027249389921026552,S03,10,3,52,False
151.0681818181818,-0.023597052792155793,S03,10,3,53,False
154.11818181818182,-0.022905178222106685,S03,10,3,54,False
157.90454545454546,-0.02446535774776701,S03,10,3,55,False
160.56363636363636,0.015688648270225654,S03,10,3,56,False
164.75,-0.023679814873734845,S03,10,3,57,False
168.1590909090909,0.014826502347933196,S03,10,3,58,False
170.4090909090909,0.012734920194454043,S03,10,3,59,False
172.62272727272727,0.015589441975924406,S03,10,3,60,False
174.95909090909092,0.014275653948999226,S03,10,3,61,False
177.20909090909092,0.016398878218376593,S03,10,3,62,False
180.21818181818182,0.014641544966859153,S03,10,3,63,False
182.89545454545456,-0.026525496540420333,S03,10,3,64,False
185.9409090909091,-0.02713557621542189,S03,10,3,65,False
188.12727272727273,-0.024684398883614875,S03,10,3,66,False
190.4409090909091,-0.02540611069550091,S03,10,3,67,False
193.48636363636365,-0.02572924390955042,S03,10,3,68,False
196.16363636363636,0.01319790451347265,S03,10,3,69,False
199.9909090909091,0.012980876873073689,S03,10,3,70,False
203.01363636363635,0.013725536239464833,S03,10,3,71,False
205.27727272727273,0.01217349980911266,S03,10,3,72,False
207.54545454545453,0.014417464445472943,S03,10,3,73,False
209.8181818181818,0.012902366480824308,S03,10,3,74,False
212.0818181818182,0.016077889566041656,S03,10,3,75,False
215.13181818181818,0.015172878920692478,S03,10,3,76,False
217.7,-0.021917967705081896,S03,10,3,77,False
220.44545454545454,0.012126104983930868,S03,10,3,78,False
223.36363636363637,0.013292940259222303,S03,10,3,79,False
226.0818181818182,-0.0223414409325097,S03,10,3,80,False
229.9,-0.02660974147232239,S03,10,3,81,False
232.8590909090909,-0.02895860737134461,S03,10,3,82,False
235.17727272727274,-0.023924912451459425,S03,10,3,83,False
238.97272727272727,-0.02305277758619593,S03,10,3,84,False
241.23636363636365,-0.021681213063644497,S03,10,3,85,False
243.5,-0.022935752689378495,S03,10,3,86,False
245.76818181818183,-0.030596302071517777,S03,10,3,87,False
248.07272727272726,-0.027632705131163927,S03,10,3,88,False
250.3272727272727,-0.024568537756646157,S03,10,3,89,False
252.60454545454544,-0.028788572310671803,S03,10,3,90,False
254.87727272727273,-0.02685502815484768,S03,10,3,91,False
257.1272727272727,-0.024495393377489405,S03,10,3,92,False
260.92727272727274,-0.023922228083512943,S03,10,3,93,False
263.2318181818182,-0.027714528623730004,S03,10,3,94,False
266.6363636363636,0.013329030044402758,S03,10,3,95,False
270.04545454545456,-0.02579744390065316,S03,10,3,96,False
272.2681818181818,-0.025811501799426692,S03,10,3,97,False
276.0409090909091,-0.023735044120500218,S03,10,3,98,False
278.3636363636364,-0.028988556000971798,S03,10,3,99,False
280.6272727272727,-0.022468029716754975,S03,10,3,100,False
282.93636363636364,-0.02364949175614189,S03,10,3,101,False
285.5681818181818,0.01315242671403488,S03,10,3,102,False
288.1727272727273,-0.02185868331187852,S03,10,3,103,False
291.92727272727274,-0.022652130407026648,S03,10,3,104,False
295.7818181818182,-0.023283955371869777,S03,10,3,105,False
300.33181818181816,-0.021858008740994535,S03,10,3,106,False
303.3590909090909,-0.022552858204936785,S03,10,3,107,False
306.3909090909091,-0.02565122493040968,S03,10,3,108,False
309.3909090909091,-0.024982427999604165,S03,10,3,109,False
311.7181818181818,-0.024233643107404685,S03,10,3,110,False
316.22727272727275,-0.02707660222963925,S03,10,3,111,False
320.04545454545456,-0.02839292736849785,S03,10,3,112,False
323.05,-0.029675725791730428,S03,10,3,113,False
326.1409090909091,-0.022764636656861285,S03,10,3,114,False
329.5590909090909,0.011559878737585343,S03,10,3,115,False
332.55454545454546,0.014637305860768895,S03,10,3,116,False
335.16818181818184,-0.022130582686422297,S03,10,3,117,False
338.2318181818182,-0.024658938946637107,S03,10,3,118,False
340.47727272727275,-0.023364022490676484,S03,10,3,119,False
343.90909090909093,0.015407769181387213,S03,10,3,120,False
346.1454545454545,0.011853710753186395,S03,10,3,121,False
348.46363636363634,0.015293593105230131,S03,10,3,122,False
351.85,-0.025100368853156804,S03,10,3,123,False
354.1181818181818,-0.02175241388294366,S03,10,3,124,False
356.32272727272726,-0.023987624936174335,S03,10,3,125,False
359.41818181818184,-0.024739578190959885,S03,10,3,126,False
362.4590909090909,-0.024139424056491908,S03,10,3,127,False
364.73636363636365,-0.02829502428803775,S03,10,3,128,False
368.5090909090909,-0.029774970273377603,S03,10,3,129,False
370.7681818181818,-0.022023381386102686,S03,10,3,130,False
373.01363636363635,-0.023292207425393757,S03,10,3,131,False
375.3545454545455,-0.021811039744448465,S03,10,3,132,False
377.6,-0.02381959168031658,S03,10,3,133,False
379.8772727272727,-0.02565215388607137,S03,10,3,134,False
382.1454545454545,-0.023729716428994838,S03,10,3,135,False
385.94545454545454,-0.02726165697880195,S03,10,3,136,False
388.2227272727273,-0.024666187353724497,S03,10,3,137,False
391.2590909090909,-0.02453726837009997,S03,10,3,138,False
394.65,0.016137999740572277,S03,10,3,139,False
398.4227272727273,0.014565771015601003,S03,10,3,140,False
401.4590909090909,0.01597591579943972,S03,10,3,141,False
404.9227272727273,-0.024630047682878034,S03,10,3,142,False
408.69545454545454,-0.029934383923456834,S03,10,3,143,False
412.5090909090909,-0.04861497934174855,S03,10,3,144,True
416.19545454545454,-0.024534183642520538,S03,10,3,145,False
419.2181818181818,-0.026098380459220367,S03,10,3,146,False
421.9227272727273,0.014260315939163359,S03,10,3,147,False
424.92727272727274,0.014754832452016883,S03,10,3,148,False
427.99545454545455,0.013994367950212359,S03,10,3,149,False
430.26363636363635,0.01611136272974522,S03,10,3,150,False
433.2681818181818,0.015716970756625905,S03,10,3,151,False
435.53636363636366,0.013883225432889897,S03,10,3,152,False
437.83181818181816,0.018480540684823264,S03,10,3,153,False
441.56363636363636,0.017392706363508054,S03,10,3,154,False
444.26363636363635,-0.02756701589463003,S03,10,3,155,False
446.51363636363635,-0.02495164055197017,S03,10,3,156,False
449.56363636363636,-0.027159681431074386,S03,10,3,157,False
452.51363636363635,-0.033936304100969476,S03,10,3,158,False
454.8772727272727,-0.03124728267073651,S03,10,3,159,False
457.9227272727273,-0.026404733648474364,S03,10,3,160,False
460.90909090909093,-0.024998358991528333,S03,10,3,161,False
463.95454545454544,-0.023509086783620983,S03,10,3,162,False
468.1636363636364,0.014863708298506764,S03,10,3,163,False
471.1272727272727,0.014967722866217968,S03,10,3,164,False
474.54545454545456,-0.023905841101460375,S03,10,3,165,False
477.1818181818182,0.014751009233317135,S03,10,3,166,False
480.25,0.018219748957382362,S03,10,3,167,False
482.47727272727275,0.01879341360197491,S03,10,3,168,False
485.56363636363636,0.017618131007285466,S03,10,3,169,False
488.54545454545456,0.01594753543915306,S03,10,3,170,False
490.83181818181816,0.013988284778051958,S03,10,3,171,False
493.5681818181818,-0.02908206614723196,S03,10,3,172,False
495.79545454545456,-0.024904199328660687,S03,10,3,173,False
497.9318181818182,-0.0272378313211063,S03,10,3,174,False
207.8,-0.035945015237063185,S03,25,1,1,False
350.15,-0.09373979976671759,S03,25,1,2,False
352.5181818181818,-0.04351154940102606,S03,25,1,3,False
354.81363636363636,-0.04552545072236847,S03,25,1,4,False
357.07272727272726,-0.035271524889467054,S03,25,1,5,False
359.2318181818182,-0.07697242046866948,S03,25,1,6,False
363.41818181818184,0.056321472101906786,S03,25,1,7,False
368.9681818181818,-0.05889468220722581,S03,25,1,8,False
372.02272727272725,-0.10265462438189302,S03,25,1,9,False
374.9,-0.05143391042270909,S03,25,1,10,False
379.2681818181818,-0.05324422310921524,S03,25,1,11,False
384.3636363636364,-0.05541042130409997,S03,25,1,12,False
387.45,-0.0742329995287862,S03,25,1,13,False
391.0318181818182,-0.10786887009700323,S03,25,1,14,False
394.8954545454545,-0.07076110045082629,S03,25,1,15,False
396.93636363636364,-0.042873542440825196,S03,25,1,16,False
399.1454545454545,-0.07007602181473684,S03,25,1,17,False
403.50454545454545,-0.04884537351172462,S03,25,1,18,False
406.50454545454545,-0.10605679385048766,S03,25,1,19,False
410.0681818181818,-0.09127925196212525,S03,25,1,20,False
413.8181818181818,-0.06078458767653419,S03,25,1,21,False
416.8590909090909,-0.090081045644088,S03,25,1,22,False
422.50454545454545,-0.0638444641029552,S03,25,1,23,False
426.04545454545456,-0.054882706256588684,S03,25,1,24,False
428.1636363636364,-0.09006205367341186,S03,25,1,25,False
430.65,-0.04832858926565559,S03,25,1,26,False
432.9136363636364,-0.11599095466908535,S03,25,1,27,False
434.9318181818182,-0.09679271148220832,S03,25,1,28,False
437.43636363636364,-0.0751018758501891,S03,25,1,29,False
439.6909090909091,-0.10586534412346228,S03,25,1,30,False
441.9409090909091,-0.07999462197405169,S03,25,1,31,False
445.0181818181818,-0.06357988543999536,S03,25,1,32,False
447.1727272727273,-0.08284075164043281,S03,25,1,33,False
451.50454545454545,-0.09336736020878646,S03,25,1,34,False
453.83181818181816,-0.048461445846737006,S03,25,1,35,False
456.09090909090907,-0.07343641219645078,S03,25,1,36,False
458.18636363636364,-0.06365846769886568,S03,25,1,37,False
460.32272727272726,-0.059609438799763506,S03,25,1,38,False
462.8954545454545,-0.06141956750790241,S03,25,1,39,False
465.6818181818182,-0.14152403532099378,S03,25,1,40,True
467.72727272727275,-0.08410676552350607,S03,25,1,41,False
469.94545454545454,-0.10850415814682245,S03,25,1,42,False
472.18636363636364,-0.08645892385084025,S03,25,1,43,False
474.2909090909091,-0.10633399163252337,S03,25,1,44,False
477.15,-0.05795677153568321,S03,25,1,45,False
479.21363636363634,-0.11282348034926853,S03,25,1,46,False
481.31363636363636,-0.05400513724756789,S03,25,1,47,False
483.4045454545454,0.06622094934366665,S03,25,1,48,False
486.6318181818182,-0.09166610890088511,S03,25,1,49,False
489.8090909090909,-0.0869516767726614,S03,25,1,50,False
492.00454545454545,-0.07716724581061404,S03,25,1,51,False
494.3545454545455,-0.07876881027131248,S03,25,1,52,False
497.3818181818182,-0.10728607358973338,S03,25,1,53,False
499.4590909090909,-0.05869258813094522,S03,25,1,54,False
66.38181818181818,0.018018607494586333,S03,25,2,1,False
245.4909090909091,-0.045755274685895395,S03,25,2,2,False
248.53181818181818,-0.04190006202839787,S03,25,2,3,False
254.5818181818182,-0.04012071773352763,S03,25,2,4,False
257.6727272727273,-0.03674304279748519,S03,25,2,5,False
262.8772727272727,-0.035548464350978096,S03,25,2,6,False
326.95454545454544,0.018011482609372506,S03,25,2,7,False
332.22727272727275,0.01810958945046339,S03,25,2,8,False
334.5,0.018913788403244425,S03,25,2,9,False
349.27272727272725,-0.03565430517301458,S03,25,2,10,False
359.65909090909093,-0.05905430651038772,S03,25,2,11,False
373.8681818181818,0.018141879014161276,S03,25,2,12,False
376.5,-0.04392800485426647,S03,25,2,13,False
384.68636363636364,-0.07308763633396168,S03,25,2,14,False
388.75,-0.14754601723189187,S03,25,2,15,False
390.95454545454544,-0.11157635433936393,S03,25,2,16,False
393.1409090909091,-0.07125468992645526,S03,25,2,17,False
396.6,0.02236093664016623,S03,25,2,18,False
398.8636363636364,0.03846653508202917,S03,25,2,19,False
401.8454545454546,0.03924429091842145,S03,25,2,20,False
408.66818181818184,0.03621579096167608,S03,25,2,21,False
413.5954545454546,-0.06835758399586747,S03,25,2,22,False
416.7681818181818,-0.07877783549986594,S03,25,2,23,False
419.7590909090909,-0.054621532526921084,S03,25,2,24,False
423.28636363636366,-0.1397486319648643,S03,25,2,25,False
426.3909090909091,-0.17479146093338732,S03,25,2,26,True
428.7818181818182,-0.07051148932456167,S03,25,2,27,False
431.6045454545455,0.05865631917951942,S03,25,2,28,False
435.4909090909091,-0.04879950646975115,S03,25,2,29,False
437.8636363636364,-0.039425554710969105,S03,25,2,30,False
439.94545454545454,-0.05760300653281536,S03,25,2,31,False
442.1636363636364,0.03592186968472887,S03,25,2,32,False
444.73636363636365,-0.06975044853071125,S03,25,2,33,False
448.1409090909091,0.052719477998797164,S03,25,2,34,False
451.80454545454546,-0.054539024584636164,S03,25,2,35,False
454.56363636363636,-0.08589800758323599,S03,25,2,36,False
458.7318181818182,-0.08362019284052319,S03,25,2,37,False
462.46363636363634,0.05561687026659739,S03,25,2,38,False
465.59090909090907,-0.12064827023541008,S03,25,2,39,False
468.9590909090909,-0.09965962859842359,S03,25,2,40,False
472.8181818181818,-0.0787632889526495,S03,25,2,41,False
476.4045454545454,-0.0836014780971607,S03,25,2,42,False
480.2590909090909,-0.09308477887733475,S03,25,2,43,False
483.70454545454544,0.05651296016660762,S03,25,2,44,False
486.70454545454544,0.08817637441319622,S03,25,2,45,False
489.17727272727274,0.024465524127428247,S03,25,2,46,False
491.4727272727273,-0.06275344089125971,S03,25,2,47,False
494.55,0.04665609780913571,S03,25,2,48,False
497.6727272727273,-0.06870037567386258,S03,25,2,49,False
499.7,0.01855473027513363,S03,25,2,50,False
18.98181818181818,0.01660287228319248,S03,25,3,1,False
21.98181818181818,0.017638751861921594,S03,25,3,2,False
24.3,0.01892303813071399,S03,25,3,3,False
27.259090909090908,0.01656836956218255,S03,25,3,4,False
62.9,0.016466902639307994,S03,25,3,5,False
75.76818181818182,0.015930958164564787,S03,25,3,6,False
83.35909090909091,0.01858597073105614,S03,25,3,7,False
88.99090909090908,-0.031303676868058836,S03,25,3,8,False
110.62727272727273,0.01646949385638163,S03,25,3,9,False
118.17727272727272,0.016636046379518224,S03,25,3,10,False
257.1454545454545,-0.035087620288226734,S03,25,3,11,False
260.1454545454545,-0.03665646479430417,S03,25,3,12,False
265.5090909090909,-0.031959603653496045,S03,25,3,13,False
272.2909090909091,-0.03257789666235189,S03,25,3,14,False
274.49545454545455,-0.03431242139476863,S03,25,3,15,False
276.8454545454546,-0.031771467500247834,S03,25,3,16,False
290.1,0.01691645903488021,S03,25,3,17,False
293.1045454545455,0.019221633873521552,S03,25,3,18,False
337.78636363636366,0.01593801210793379,S03,25,3,19,False
346.08181818181816,0.018675347301739316,S03,25,3,20,False
355.21363636363634,0.019283695224034194,S03,25,3,21,False
358.97727272727275,0.016162851584234146,S03,25,3,22,False
361.2590909090909,0.016341924887286433,S03,25,3,23,False
363.55,0.016344984683841123,S03,25,3,24,False
371.66818181818184,-0.03252849390264257,S03,25,3,25,False
375.16818181818184,-0.07312733312568728,S03,25,3,26,False
378.3818181818182,-0.04746466710782469,S03,25,3,27,False
380.5318181818182,-0.0631144875417143,S03,25,3,28,False
383.6090909090909,-0.04810321049684106,S03,25,3,29,False
385.7227272727273,-0.09679060524681818,S03,25,3,30,False
389.1090909090909,-0.06225418460392686,S03,25,3,31,False
391.3181818181818,-0.08106350756839084,S03,25,3,32,False
393.4318181818182,-0.03525519407328026,S03,25,3,33,False
396.3909090909091,-0.0760875926686021,S03,25,3,34,False
399.57272727272726,-0.05595929673270975,S03,25,3,35,False
403.2818181818182,-0.056800152122599125,S03,25,3,36,False
405.5681818181818,-0.07085333352221543,S03,25,3,37,False
407.7181818181818,0.03035908892314294,S03,25,3,38,False
410.0772727272727,-0.10661493589448134,S03,25,3,39,False
414.5318181818182,-0.09774618248354634,S03,25,3,40,False
416.80454545454546,-0.05365915955718893,S03,25,3,41,False
418.80454545454546,-0.07662050660789888,S03,25,3,42,False
421.1454545454545,-0.09162928026106024,S03,25,3,43,False
423.6272727272727,-0.05962361068519826,S03,25,3,44,False
426.8,-0.07778615633615449,S03,25,3,45,False
428.93636363636364,-0.07284291721128591,S03,25,3,46,False
432.8545454545455,-0.09201022913048654,S03,25,3,47,False
435.1136363636364,-0.06263538320122347,S03,25,3,48,False
437.2818181818182,-0.12459864774847747,S03,25,3,49,True
439.65,-0.032160924646228946,S03,25,3,50,False
441.8545454545455,-0.0839096490315509,S03,25,3,51,False
445.2590909090909,0.06120530932457839,S03,25,3,52,False
447.7681818181818,-0.07832235910353669,S03,25,3,53,False
451.0,-0.03636761027051583,S03,25,3,54,False
453.1181818181818,-0.05888807016022683,S03,25,3,55,False
455.2227272727273,0.02855889813920535,S03,25,3,56,False
458.4818181818182,-0.06417667071714245,S03,25,3,57,False
462.1,0.07753697158690684,S03,25,3,58,False
464.84090909090907,-0.06939869827110293,S03,25,3,59,False
468.81363636363636,0.05611487605752426,S03,25,3,60,False
471.5318181818182,0.04198707998291274,S03,25,3,61,False
473.75454545454545,-0.08464235337141368,S03,25,3,62,False
475.94545454545454,-0.06860625182085495,S03,25,3,63,False
478.0681818181818,0.07656057077237438,S03,25,3,64,False
481.2318181818182,-0.11453808240942723,S03,25,3,65,False
484.7090909090909,0.08740701104714463,S03,25,3,66,False
486.8954545454545,0.040244647411583005,S03,25,3,67,False
490.1181818181818,-0.08169566462040413,S03,25,3,68,False
494.54545454545456,0.07194113584757382,S03,25,3,69,False
499.06363636363636,0.06157164951945562,S03,25,3,70,False
310.3272727272727,-0.10320445276010971,S03,50,1,1,False
313.30454545454546,-0.06610114589181731,S03,50,1,2,False
325.16818181818184,-0.07788603354072896,S03,50,1,3,False
328.5681818181818,-0.10271296347240141,S03,50,1,4,False
330.74545454545455,-0.09553908978648204,S03,50,1,5,False
334.3590909090909,-0.07981622198355098,S03,50,1,6,False
338.15909090909093,-0.06938691636616204,S03,50,1,7,False
340.54545454545456,-0.10588167588785342,S03,50,1,8,False
344.08181818181816,-0.055811616391074334,S03,50,1,9,False
346.41818181818184,0.2307128924562901,S03,50,1,10,True
348.4318181818182,0.07628926565659858,S03,50,1,11,False
354.24545454545455,-0.08605419725555885,S03,50,1,12,False
356.59090909090907,-0.13726118518264063,S03,50,1,13,False
360.1045454545455,-0.11392312288774796,S03,50,1,14,False
364.1409090909091,0.05462037069659778,S03,50,1,15,False
366.2681818181818,-0.08309820464213596,S03,50,1,16,False
370.67727272727274,-0.07777461309369618,S03,50,1,17,False
373.17727272727274,-0.10728590496189026,S03,50,1,18,False
376.9318181818182,-0.07604428240128885,S03,50,1,19,False
381.0,0.06930654184689491,S03,50,1,20,False
383.7909090909091,-0.07152615455726023,S03,50,1,21,False
386.97727272727275,-0.07990351127311271,S03,50,1,22,False
389.7772727272727,-0.08498727409440546,S03,50,1,23,False
393.1636363636364,0.061326475591248056,S03,50,1,24,False
396.0272727272727,-0.08811742207137258,S03,50,1,25,False
400.83181818181816,0.06723381492156494,S03,50,1,26,False
404.3590909090909,-0.0714876457586385,S03,50,1,27,False
407.09090909090907,-0.06289020338010387,S03,50,1,28,False
411.28636363636366,0.06490944424336093,S03,50,1,29,False
414.52272727272725,0.03700852928100743,S03,50,1,30,False
416.97727272727275,-0.08562853571289988,S03,50,1,31,False
419.0954545454546,0.11065327989309812,S03,50,1,32,False
422.6272727272727,0.07108394193127315,S03,50,1,33,False
425.7,0.11834784844047078,S03,50,1,34,False
429.91818181818184,-0.08397963738976696,S03,50,1,35,False
432.41818181818184,-0.1722538505423115,S03,50,1,36,False
434.49545454545455,0.06130643691885965,S03,50,1,37,False
438.0181818181818,0.12537187403509456,S03,50,1,38,False
441.9045454545454,-0.11554042276579639,S03,50,1,39,False
444.3909090909091,-0.07101525041829547,S03,50,1,40,False
446.5,-0.14907580982829022,S03,50,1,41,False
448.69545454545454,-0.08055983904774747,S03,50,1,42,False
450.8,-0.10286116330089098,S03,50,1,43,False
454.42727272727274,0.05028037223785639,S03,50,1,44,False
457.3,-0.14455350158307334,S03,50,1,45,False
459.50454545454545,-0.08082520311667835,S03,50,1,46,False
461.6545454545454,-0.11713639443229842,S03,50,1,47,False
465.1272727272727,-0.1552489201874233,S03,50,1,48,False
467.8772727272727,-0.10738240573864637,S03,50,1,49,False
471.1363636363636,-0.17985938355385844,S03,50,1,50,False
473.4,0.0614198262956721,S03,50,1,51,False
475.40909090909093,0.0684676302356069,S03,50,1,52,False
477.6,-0.19737590591515333,S03,50,1,53,False
480.03636363636366,0.06716085515896522,S03,50,1,54,False
482.1727272727273,0.13011077078044808,S03,50,1,55,False
485.45454545454544,-0.2088521262139761,S03,50,1,56,False
489.79545454545456,-0.12098124947643327,S03,50,1,57,False
492.4818181818182,-0.11821287554376274,S03,50,1,58,False
494.9818181818182,-0.12531708669337666,S03,50,1,59,False
497.20454545454544,-0.07904007702594269,S03,50,1,60,False
499.3636363636364,0.10736959826512013,S03,50,1,61,False
242.25,-0.0442520436120132,S03,50,2,1,False
245.25454545454545,-0.037033883230661445,S03,50,2,2,False
335.8863636363636,-0.07126563666024063,S03,50,2,3,False
338.3545454545455,-0.06833142725462721,S03,50,2,4,False
343.0,-0.06279381687744659,S03,50,2,5,False
345.1909090909091,-0.0845943224405501,S03,50,2,6,False
347.20454545454544,-0.05560469375551107,S03,50,2,7,False
349.2227272727273,-0.08006594056425362,S03,50,2,8,False
352.4045454545454,0.09804544667267402,S03,50,2,9,False
354.6636363636364,0.05206842412167142,S03,50,2,10,False
359.1045454545455,0.04465501467958685,S03,50,2,11,False
361.78636363636366,-0.0799334860310224,S03,50,2,12,False
365.6090909090909,-0.06347812008209221,S03,50,2,13,False
369.4318181818182,-0.07551887974150077,S03,50,2,14,False
374.2909090909091,0.060982439544557766,S03,50,2,15,False
376.30454545454546,-0.05193015439723257,S03,50,2,16,False
378.57272727272726,-0.0635039967717867,S03,50,2,17,False
380.8454545454546,-0.07402227968970015,S03,50,2,18,False
383.16818181818184,0.055446934280993405,S03,50,2,19,False
386.94545454545454,0.053455843783829005,S03,50,2,20,False
390.22727272727275,0.03691980453502604,S03,50,2,21,False
392.4590909090909,0.06908139807176569,S03,50,2,22,False
395.5590909090909,0.06504980691548959,S03,50,2,23,False
399.33181818181816,0.04792981088423372,S03,50,2,24,False
401.41818181818184,0.04313884417642484,S03,50,2,25,False
403.6818181818182,-0.05485111006138199,S03,50,2,26,False
406.92727272727274,0.06143097854069855,S03,50,2,27,False
410.52272727272725,-0.07850413773333728,S03,50,2,28,False
412.85,-0.06409935202882902,S03,50,2,29,False
415.1136363636364,0.032129412226189986,S03,50,2,30,False
417.99545454545455,-0.05452007269319505,S03,50,2,31,False
420.9909090909091,-0.0657605298033371,S03,50,2,32,False
424.3454545454546,0.06987593463135747,S03,50,2,33,False
427.7181818181818,-0.07333274021515206,S03,50,2,34,False
430.1045454545455,-0.05230345655187856,S03,50,2,35,False
433.47727272727275,0.07717026261064162,S03,50,2,36,False
438.0681818181818,0.042736035186940975,S03,50,2,37,False
442.1272727272727,-0.05678101930979069,S03,50,2,38,False
447.6818181818182,-0.09384994439375777,S03,50,2,39,False
449.80454545454546,-0.06452361406175891,S03,50,2,40,False
452.75,-0.12808219545786392,S03,50,2,41,True
457.55454545454546,0.07466237082155476,S03,50,2,42,False
460.55,0.08341747787933562,S03,50,2,43,False
463.4409090909091,-0.07506737240549376,S03,50,2,44,False
465.7909090909091,0.11024625047680428,S03,50,2,45,False
467.8272727272727,0.05273197205775388,S03,50,2,46,False
470.7,-0.07492537121689288,S03,50,2,47,False
473.1272727272727,-0.06858995882997349,S03,50,2,48,False
475.29545454545456,-0.08905376345786281,S03,50,2,49,False
478.29545454545456,0.11727783978853233,S03,50,2,50,False
481.81363636363636,0.034134758025409016,S03,50,2,51,False
484.46363636363634,-0.07937119340415634,S03,50,2,52,False
487.7318181818182,-0.07472090604627218,S03,50,2,53,False
491.2318181818182,-0.06755925744525962,S03,50,2,54,False
494.02272727272725,0.09270619505639036,S03,50,2,55,False
496.40909090909093,0.045897239720251795,S03,50,2,56,False
498.95,-0.0711529487151368,S03,50,2,57,False
9.145454545454545,-0.07260995110333307,S03,50,3,1,False
11.436363636363636,-0.09087378537866639,S03,50,3,2,False
13.695454545454545,-0.10477878400224795,S03,50,3,3,False
15.963636363636363,-0.11260003253215187,S03,50,3,4,False
18.19090909090909,-0.09151328473268637,S03,50,3,5,False
22.009090909090908,-0.08952751875092685,S03,50,3,6,False
24.236363636363638,-0.07865245338442364,S03,50,3,7,False
28.072727272727274,-0.06801459759859296,S03,50,3,8,False
30.386363636363637,-0.06788142664520874,S03,50,3,9,False
302.5090909090909,-0.07748380334829909,S03,50,3,10,False
306.9818181818182,-0.06247723939252699,S03,50,3,11,False
313.73636363636365,-0.058443946099433326,S03,50,3,12,False
322.65909090909093,-0.06581623468871585,S03,50,3,13,False
327.03636363636366,-0.0815654372650791,S03,50,3,14,False
333.7181818181818,0.06074263327542845,S03,50,3,15,False
341.84090909090907,0.046696083703509604,S03,50,3,16,False
344.0409090909091,-0.07639011045152953,S03,50,3,17,False
348.0181818181818,0.17053434407839038,S03,50,3,18,True
351.3545454545455,0.09654825810341164,S03,50,3,19,False
355.6181818181818,0.05900953357318239,S03,50,3,20,False
357.94545454545454,0.05242435644616368,S03,50,3,21,False
360.22727272727275,0.05374035053202929,S03,50,3,22,False
364.6090909090909,0.05563328938627783,S03,50,3,23,False
370.4045454545454,-0.07309430005425241,S03,50,3,24,False
374.2772727272727,-0.06812153799939852,S03,50,3,25,False
377.5863636363636,0.07178955570168266,S03,50,3,26,False
383.3454545454546,-0.07794675893836556,S03,50,3,27,False
386.83181818181816,0.07263500400928352,S03,50,3,28,False
390.16818181818184,-0.10372325564868262,S03,50,3,29,False
396.41818181818184,0.0679728365822237,S03,50,3,30,False
399.47727272727275,0.052740983190892904,S03,50,3,31,False
402.69545454545454,0.054850935205935716,S03,50,3,32,False
405.65909090909093,0.0854141129216505,S03,50,3,33,False
409.75454545454545,0.05529434505624689,S03,50,3,34,False
414.01363636363635,0.05955067969609233,S03,50,3,35,False
417.8363636363636,0.059490709256678584,S03,50,3,36,False
420.8090909090909,0.05557692666169138,S03,50,3,37,False
424.22727272727275,-0.06785198274644205,S03,50,3,38,False
426.3090909090909,0.048836269482292985,S03,50,3,39,False
428.4727272727273,0.051164867697325214,S03,50,3,40,False
431.59090909090907,-0.09576402277105317,S03,50,3,41,False
435.16818181818184,0.06549633450920653,S03,50,3,42,False
438.1045454545455,0.0905455503445059,S03,50,3,43,False
441.2318181818182,0.08593814966627043,S03,50,3,44,False
444.06363636363636,0.0746963577010137,S03,50,3,45,False
447.3863636363636,0.10329959784770217,S03,50,3,46,False
449.54545454545456,0.08117250150956604,S03,50,3,47,False
452.0,-0.06253879792983064,S03,50,3,48,False
454.41818181818184,0.08261460051308576,S03,50,3,49,False
457.0681818181818,-0.09569763785944288,S03,50,3,50,False
459.31363636363636,-0.1114332026245639,S03,50,3,51,False
464.33181818181816,-0.1555317037597083,S03,50,3,52,False
466.47727272727275,-0.06452119033550321,S03,50,3,53,False
470.23636363636365,-0.09085877271617132,S03,50,3,54,False
472.55454545454546,-0.06375588308461733,S03,50,3,55,False
474.76363636363635,0.07310208226300946,S03,50,3,56,False
479.47727272727275,-0.12361076751660412,S03,50,3,57,False
482.1318181818182,0.05687832351002725,S03,50,3,58,False
484.32272727272726,0.10779078916114601,S03,50,3,59,False
487.16818181818184,-0.07708262841200102,S03,50,3,60,False
489.9909090909091,-0.1523807635838711,S03,50,3,61,False
495.02272727272725,0.08841305112122738,S03,50,3,62,False
497.7909090909091,-0.0828183460397942,S03,50,3,63,False
131.77272727272728,-0.01734845030099754,S04,10,1,1,False
233.25454545454545,0.07212094999842944,S04,10,1,2,False
235.91363636363636,-0.03573705660802781,S04,10,1,3,False
239.2409090909091,0.06831022170337221,S04,10,1,4,False
243.07272727272726,0.07254295829556506,S04,10,1,5,False
246.93636363636364,-0.02213786600982666,S04,10,1,6,False
250.0,0.07028123468603607,S04,10,1,7,False
260.54545454545456,-0.033841215378719466,S04,10,1,8,False
262.84090909090907,0.06812435549974641,S04,10,1,9,False
266.98636363636365,0.020635476190466906,S04,10,1,10,False
269.1045454545455,0.06360843572622552,S04,10,1,11,False
273.1136363636364,0.019761320758868432,S04,10,1,12,False
275.5318181818182,0.06659907093778433,S04,10,1,13,False
278.90909090909093,0.01584968290311064,S04,10,1,14,False
281.78636363636366,0.058970277246539554,S04,10,1,15,False
284.2227272727273,0.013879900400412253,S04,10,1,16,False
286.2227272727273,0.06227310004596248,S04,10,1,17,False
290.7909090909091,0.03314575184076154,S04,10,1,18,False
294.0863636363636,0.06589969715856342,S04,10,1,19,False
296.8727272727273,0.025605590407950275,S04,10,1,20,False
299.05454545454546,0.06643939375531534,S04,10,1,21,False
303.99545454545455,0.06630002311733967,S04,10,1,22,False
307.9727272727273,0.07269393620735315,S04,10,1,23,False
313.6181818181818,0.07963787386826576,S04,10,1,24,False
315.85,-0.01776343504414894,S04,10,1,25,False
318.18636363636364,0.06592580974068202,S04,10,1,26,False
322.76363636363635,0.0604438599893751,S04,10,1,27,False
326.7090909090909,0.07855567035727333,S04,10,1,28,False
330.6454545454545,0.07150895662611163,S04,10,1,29,False
332.8863636363636,0.006477341944938541,S04,10,1,30,False
334.91818181818184,0.19737498618735547,S04,10,1,31,False
337.49545454545455,0.010296811302297527,S04,10,1,32,False
340.8545454545455,0.06789108043784628,S04,10,1,33,False
343.07272727272726,-0.021643972357985666,S04,10,1,34,False
345.3272727272727,0.07512071910740595,S04,10,1,35,False
347.52272727272725,-0.017802709643493918,S04,10,1,36,False
350.5090909090909,0.08068482529863291,S04,10,1,37,False
354.6818181818182,0.05926303501690037,S04,10,1,38,False
356.79545454545456,-0.027828054071802607,S04,10,1,39,False
359.6090909090909,0.06029021395338298,S04,10,1,40,False
363.2,0.06689817035958029,S04,10,1,41,False
365.32272727272726,-0.02384328998510697,S04,10,1,42,False
367.77272727272725,0.06441549585315445,S04,10,1,43,False
370.0318181818182,0.005002388360565761,S04,10,1,44,False
372.6818181818182,0.07280097776098768,S04,10,1,45,False
374.9,-0.01730073909733127,S04,10,1,46,False
377.02272727272725,0.20655232176255317,S04,10,1,47,True
379.04545454545456,0.05947528406475305,S04,10,1,48,False
381.6454545454545,0.15232436383016182,S04,10,1,49,False
383.74545454545455,0.009774413500635327,S04,10,1,50,False
386.03636363636366,0.0935107958949769,S04,10,1,51,False
390.0,0.05278135961316885,S04,10,1,52,False
392.00454545454545,0.052673707287719265,S04,10,1,53,False
394.3636363636364,0.05972844840888146,S04,10,1,54,False
396.6136363636364,0.04418138628856706,S04,10,1,55,False
398.7318181818182,0.06208268892522681,S04,10,1,56,False
400.7318181818182,0.034037141308230344,S04,10,1,57,False
404.0090909090909,0.0500290775354171,S04,10,1,58,False
407.73636363636365,0.18677034187515795,S04,10,1,59,False
410.0590909090909,0.053523345897582536,S04,10,1,60,False
412.8545454545455,0.050773739001738524,S04,10,1,61,False
415.0954545454546,0.1759818394750889,S04,10,1,62,False
417.4818181818182,-0.03878139637927685,S04,10,1,63,False
420.7227272727273,0.06973820034321823,S04,10,1,64,False
422.8681818181818,-0.025412930281614704,S04,10,1,65,False
246.03181818181818,0.0854084982962445,S04,10,2,1,False
249.25,0.03709945329632453,S04,10,2,2,False
251.97727272727272,0.05990515276803743,S04,10,2,3,False
254.53181818181818,0.015741227822111736,S04,10,2,4,False
257.33181818181816,0.05928594758126596,S04,10,2,5,False
261.2318181818182,0.011586899538581281,S04,10,2,6,False
265.8,0.054559884297088204,S04,10,2,7,False
267.8545454545455,-0.018147328773426858,S04,10,2,8,False
271.01363636363635,0.04150270650393255,S04,10,2,9,False
277.9590909090909,0.054248463964759505,S04,10,2,10,False
282.5181818181818,0.051740827804024024,S04,10,2,11,False
286.17727272727274,0.258579116649196,S04,10,2,12,True
288.99545454545455,0.06287780413975602,S04,10,2,13,False
291.69545454545454,0.011112662047884466,S04,10,2,14,False
294.5590909090909,0.09409313079546616,S04,10,2,15,False
296.6318181818182,-0.016935342509515283,S04,10,2,16,False
299.0772727272727,0.057404915458900176,S04,10,2,17,False
301.2181818181818,-0.019401173356903105,S04,10,2,18,False
303.46363636363634,0.038211972084411905,S04,10,2,19,False
305.8,-0.030059706856561792,S04,10,2,20,False
308.2772727272727,0.057708192594914026,S04,10,2,21,False
311.4727272727273,0.05378800704878146,S04,10,2,22,False
315.2181818181818,0.05461835349105848,S04,10,2,23,False
319.2090909090909,0.04763416830952941,S04,10,2,24,False
323.8272727272727,0.043697739259007155,S04,10,2,25,False
328.4727272727273,0.046766495539489736,S04,10,2,26,False
330.5590909090909,-0.02547519143803699,S04,10,2,27,False
333.66818181818184,0.04155121533422644,S04,10,2,28,False
336.05,-0.02019789931705001,S04,10,2,29,False
338.1090909090909,0.04724195160592442,S04,10,2,30,False
342.85,0.04249791671392552,S04,10,2,31,False
346.17727272727274,0.062322990437737216,S04,10,2,32,False
349.4318181818182,0.0553056246732825,S04,10,2,33,False
351.8636363636364,0.03194221604933374,S04,10,2,34,False
354.1363636363636,0.047867675343568575,S04,10,2,35,False
356.79545454545456,0.030382182332088246,S04,10,2,36,False
359.2590909090909,0.049357890321630016,S04,10,2,37,False
363.3954545454545,0.046850085212616625,S04,10,2,38,False
367.53636363636366,0.05426862250798964,S04,10,2,39,False
372.25454545454545,0.04375890259460874,S04,10,2,40,False
375.8818181818182,0.05102497362564456,S04,10,2,41,False
379.1181818181818,0.046418689910791705,S04,10,2,42,False
382.23636363636365,0.1784724485434545,S04,10,2,43,False
384.3772727272727,-0.022413399293405818,S04,10,2,44,False
386.55,0.060099532326005796,S04,10,2,45,False
388.6181818181818,0.004671001617834719,S04,10,2,46,False
390.79545454545456,0.08841683836225175,S04,10,2,47,False
393.55,-0.018512207608579453,S04,10,2,48,False
396.3863636363636,0.03787171333487743,S04,10,2,49,False
398.8681818181818,0.05361574910989837,S04,10,2,50,False
402.93636363636364,0.05343787691353849,S04,10,2,51,False
406.66818181818184,0.046337091329901284,S04,10,2,52,False
410.6636363636364,0.05973576434726785,S04,10,2,53,False
413.9727272727273,0.04445437667494331,S04,10,2,54,False
415.9909090909091,0.026300997841838588,S04,10,2,55,False
418.6090909090909,0.19182134487560698,S04,10,2,56,False
420.8,0.0544586842673747,S04,10,2,57,False
424.6727272727273,0.038836829973561526,S04,10,2,58,False
428.7181818181818,0.05264538858176716,S04,10,2,59,False
432.08181818181816,0.06378336974618676,S04,10,2,60,False
436.1409090909091,0.04115178806295133,S04,10,2,61,False
439.79545454545456,0.039955747536906096,S04,10,2,62,False
443.2409090909091,0.05478025237871459,S04,10,2,63,False
446.98636363636365,0.05093879714367404,S04,10,2,64,False
450.6090909090909,0.05352605729604448,S04,10,2,65,False
454.67727272727274,0.17708015347712075,S04,10,2,66,False
457.9909090909091,0.04940210989423936,S04,10,2,67,False
460.66818181818184,0.054517911812463654,S04,10,2,68,False
462.8727272727273,0.0047976787438181725,S04,10,2,69,False
465.2681818181818,0.0702092516776653,S04,10,2,70,False
468.8363636363636,0.04716507503183991,S04,10,2,71,False
472.15909090909093,-0.020532796387810217,S04,10,2,72,False
474.16818181818184,0.23656864493977903,S04,10,2,73,False
476.53636363636366,0.03741254210008055,S04,10,2,74,False
479.82272727272726,0.07787142610966252,S04,10,2,75,False
483.8909090909091,0.04936351198938484,S04,10,2,76,False
486.8545454545455,0.1989207418401549,S04,10,2,77,False
488.9227272727273,0.030248014799332833,S04,10,2,78,False
491.5318181818182,0.048211230816834164,S04,10,2,79,False
494.3772727272727,0.17809358700952135,S04,10,2,80,False
498.46363636363634,0.052940930793550445,S04,10,2,81,False
239.8090909090909,-0.03133407686027604,S04,10,3,1,False
242.5772727272727,0.05310861839701535,S04,10,3,2,False
246.3409090909091,-0.05004717723003369,S04,10,3,3,False
249.16363636363636,0.04426532456968306,S04,10,3,4,False
258.0954545454546,0.01753580908091764,S04,10,3,5,False
266.15,0.04594437345438052,S04,10,3,6,False
271.08181818181816,0.061060539596441005,S04,10,3,7,False
276.9590909090909,0.05365353467641476,S04,10,3,8,False
282.0681818181818,0.04947305131830092,S04,10,3,9,False
288.43636363636364,0.051605739338672414,S04,10,3,10,False
290.4590909090909,-0.028280081285008887,S04,10,3,11,False
294.6136363636364,0.05653549020525681,S04,10,3,12,False
297.49545454545455,0.0148292252030422,S04,10,3,13,False
299.7318181818182,0.04748074266879361,S04,10,3,14,False
303.3181818181818,0.04698679064776412,S04,10,3,15,False
307.6409090909091,0.04704606020874212,S04,10,3,16,False
312.79545454545456,0.03401474034913466,S04,10,3,17,False
316.3,0.07027743446095831,S04,10,3,18,False
318.8772727272727,0.00794745220739285,S04,10,3,19,False
321.1363636363636,0.052794948423170965,S04,10,3,20,False
323.9318181818182,0.03441699384427267,S04,10,3,21,False
326.4818181818182,0.05765462958426082,S04,10,3,22,False
330.55,0.0435704564334215,S04,10,3,23,False
333.9227272727273,0.05489717492288966,S04,10,3,24,False
337.45454545454544,0.05835693335676272,S04,10,3,25,False
341.46363636363634,0.0548026068641638,S04,10,3,26,False
344.7909090909091,0.05849243954961386,S04,10,3,27,False
347.5272727272727,0.012216819078136213,S04,10,3,28,False
350.05454545454546,0.26423236842129505,S04,10,3,29,True
352.2818181818182,0.05312200242377102,S04,10,3,30,False
354.54545454545456,0.015991446163527642,S04,10,3,31,False
357.00454545454545,0.05653003397899879,S04,10,3,32,False
359.01363636363635,0.014225215645567096,S04,10,3,33,False
362.5090909090909,0.19254119160275315,S04,10,3,34,False
364.80454545454546,0.040967781226684166,S04,10,3,35,False
367.4136363636364,0.17417905546859386,S04,10,3,36,False
369.8090909090909,0.05533483998233567,S04,10,3,37,False
373.3818181818182,0.07830878376467672,S04,10,3,38,False
377.70454545454544,0.07887055016684207,S04,10,3,39,False
380.8727272727273,0.17454724957885814,S04,10,3,40,False
383.8181818181818,0.07727234566870608,S04,10,3,41,False
388.1090909090909,0.05529293452304905,S04,10,3,42,False
392.43636363636364,0.1667384054552907,S04,10,3,43,False
395.00454545454545,0.04526011704526279,S04,10,3,44,False
398.4818181818182,0.15497532717183882,S04,10,3,45,False
401.2181818181818,0.0632566935608691,S04,10,3,46,False
403.3954545454545,0.1753506281434882,S04,10,3,47,False
405.79545454545456,-0.03435816495309281,S04,10,3,48,False
408.01363636363635,0.1667856998779327,S04,10,3,49,False
410.94545454545454,0.07466555115737757,S04,10,3,50,False
414.94545454545454,0.17563574006249394,S04,10,3,51,False
418.17727272727274,0.07384633398188575,S04,10,3,52,False
420.41818181818184,0.16910083886977945,S04,10,3,53,False
422.6818181818182,-0.030085539227359324,S04,10,3,54,False
425.0409090909091,0.16145949136711357,S04,10,3,55,False
428.93636363636364,0.15484961933187252,S04,10,3,56,False
432.54545454545456,0.15417157695515515,S04,10,3,57,False
436.18636363636364,0.08944737733454189,S04,10,3,58,False
439.05454545454546,0.1656362137776547,S04,10,3,59,False
441.5272727272727,0.0468143286190664,S04,10,3,60,False
444.05,0.16750622538999388,S04,10,3,61,False
447.5272727272727,0.10673396045978002,S04,10,3,62,False
449.7181818181818,0.17364618020679495,S04,10,3,63,False
453.1909090909091,0.09360151916864554,S04,10,3,64,False
455.49545454545455,0.18445425874112004,S04,10,3,65,False
458.0272727272727,0.053471551273467255,S04,10,3,66,False
460.84090909090907,0.16443983353902258,S04,10,3,67,False
463.82272727272726,0.07372803173594397,S04,10,3,68,False
466.5590909090909,0.18279790483118966,S04,10,3,69,False
468.7409090909091,0.010096393011647546,S04,10,3,70,False
471.25,0.20145005883203965,S04,10,3,71,False
474.46363636363634,-0.028625617832668006,S04,10,3,72,False
476.66818181818184,0.1611823253329367,S04,10,3,73,False
479.96363636363634,0.0735976493701809,S04,10,3,74,False
483.42727272727274,0.16218125643194653,S04,10,3,75,False
488.1636363636364,0.17920493783646232,S04,10,3,76,False
491.0863636363636,-0.027708819929372536,S04,10,3,77,False
493.51363636363635,0.21202177896546548,S04,10,3,78,False
496.3,0.02669355175347661,S04,10,3,79,False
499.2681818181818,0.15745219112223535,S04,10,3,80,False
232.87727272727273,0.0633681404303148,S04,25,1,1,False
235.3909090909091,0.07989555663222436,S04,25,1,2,False
239.5681818181818,-0.039438754144430974,S04,25,1,3,False
241.8409090909091,0.0704282976841179,S04,25,1,4,False
245.32272727272726,0.07111804500369162,S04,25,1,5,False
247.70454545454547,0.028828755205351043,S04,25,1,6,False
251.67727272727274,0.08618968170923691,S04,25,1,7,False
256.49545454545455,0.07257959524210071,S04,25,1,8,False
258.95454545454544,0.03252221408344728,S04,25,1,9,False
261.2227272727273,0.06951482029687572,S04,25,1,10,False
263.9318181818182,0.21578519647880495,S04,25,1,11,False
268.2590909090909,0.1057096273746815,S04,25,1,12,False
270.2590909090909,0.20107706668264808,S04,25,1,13,False
276.15909090909093,0.11234860690047219,S04,25,1,14,False
279.8272727272727,0.08278338119850397,S04,25,1,15,False
284.2,0.0710837949356503,S04,25,1,16,False
286.8772727272727,0.198191241014942,S04,25,1,17,False
291.3818181818182,0.2014605899337994,S04,25,1,18,False
294.4409090909091,0.173446193043659,S04,25,1,19,False
298.29545454545456,0.17864291298184964,S04,25,1,20,False
300.45,0.02396226969648589,S04,25,1,21,False
302.49545454545455,0.1508628567499958,S04,25,1,22,False
304.83181818181816,0.14593958824224657,S04,25,1,23,False
309.1818181818182,0.1465168795880099,S04,25,1,24,False
312.1636363636364,0.15982804374946138,S04,25,1,25,False
314.8,0.09768613475648885,S04,25,1,26,False
317.4590909090909,0.160605147949438,S04,25,1,27,False
319.4727272727273,0.04495540202625897,S04,25,1,28,False
321.80454545454546,0.15458951427591,S04,25,1,29,False
325.54545454545456,0.15903633597030123,S04,25,1,30,False
328.33181818181816,0.041959069478697236,S04,25,1,31,False
330.4909090909091,0.136377400619244,S04,25,1,32,False
333.75454545454545,0.13020903244423582,S04,25,1,33,False
336.7818181818182,0.16308409449636949,S04,25,1,34,False
341.1909090909091,0.14827658491904144,S04,25,1,35,False
343.45454545454544,0.13392484062530957,S04,25,1,36,False
346.4227272727273,0.154959293597967,S04,25,1,37,False
349.8727272727273,0.13851112778830812,S04,25,1,38,False
352.81363636363636,0.16355099117501967,S04,25,1,39,False
355.47727272727275,0.14990753424312342,S04,25,1,40,False
359.23636363636365,0.15168855605651388,S04,25,1,41,False
364.22727272727275,0.18455675066807042,S04,25,1,42,False
368.0,0.15706651492757978,S04,25,1,43,False
371.30454545454546,0.2138442439748977,S04,25,1,44,False
375.50454545454545,0.13852755200282715,S04,25,1,45,False
378.71363636363634,0.14194234080245136,S04,25,1,46,False
381.6318181818182,0.1638075612426651,S04,25,1,47,False
385.18636363636364,0.1503792756740024,S04,25,1,48,False
388.4681818181818,0.17029305833749603,S04,25,1,49,False
390.54545454545456,0.11420062528734942,S04,25,1,50,False
392.8681818181818,0.1488455453584041,S04,25,1,51,False
396.7590909090909,0.15037948157946457,S04,25,1,52,False
398.8,0.047680396146935845,S04,25,1,53,False
400.94545454545454,0.14679191284798174,S04,25,1,54,False
404.00454545454545,0.1625729875519224,S04,25,1,55,False
406.6272727272727,0.1628042702045066,S04,25,1,56,False
409.0863636363636,0.2507880520805188,S04,25,1,57,False
413.1454545454545,0.14644495687289158,S04,25,1,58,False
416.95454545454544,0.19431772266340328,S04,25,1,59,False
419.9318181818182,0.14187413152236983,S04,25,1,60,False
422.4318181818182,0.14198913976115093,S04,25,1,61,False
425.1409090909091,0.17140659568776173,S04,25,1,62,False
427.24545454545455,0.19467428709521495,S04,25,1,63,False
429.8636363636364,0.12661674249950103,S04,25,1,64,False
432.3363636363636,0.268065949269396,S04,25,1,65,True
435.2409090909091,0.16758708151206436,S04,25,1,66,False
437.53636363636366,0.1737130399585966,S04,25,1,67,False
440.48636363636365,0.16155480304394548,S04,25,1,68,False
443.7409090909091,0.17042014231581154,S04,25,1,69,False
446.7909090909091,0.1469577295236558,S04,25,1,70,False
449.4909090909091,0.15490976217621524,S04,25,1,71,False
453.45,0.13965250431975412,S04,25,1,72,False
456.5590909090909,0.14659151172823282,S04,25,1,73,False
458.95,0.06120189385585683,S04,25,1,74,False
461.20454545454544,0.15322235315812346,S04,25,1,75,False
464.4045454545454,0.14333847165485766,S04,25,1,76,False
467.3454545454546,0.1508355265554495,S04,25,1,77,False
470.9045454545454,0.20143219581108104,S04,25,1,78,False
473.72727272727275,0.13558145974122437,S04,25,1,79,False
476.3954545454545,0.17999832542669644,S04,25,1,80,False
480.0,0.14412300243966622,S04,25,1,81,False
482.59090909090907,0.15431585597801084,S04,25,1,82,False
485.8818181818182,0.18357783361503482,S04,25,1,83,False
488.22727272727275,0.16176321829803847,S04,25,1,84,False
491.05,0.14310272538117655,S04,25,1,85,False
493.8363636363636,0.16340919964256517,S04,25,1,86,False
495.9409090909091,0.12667163620081132,S04,25,1,87,False
499.2909090909091,0.16388626870414025,S04,25,1,88,False
240.76363636363635,0.04250232350959279,S04,25,2,1,False
243.29090909090908,-0.01623416884326429,S04,25,2,2,False
245.9909090909091,0.04958412055093419,S04,25,2,3,False
249.38181818181818,-0.017290305906359334,S04,25,2,4,False
254.47727272727272,0.0433005294454358,S04,25,2,5,False
256.7818181818182,0.04604571980721503,S04,25,2,6,False
261.0681818181818,0.005432225155827468,S04,25,2,7,False
263.3818181818182,0.09995653439802468,S04,25,2,8,True
266.41818181818184,0.004026446782876535,S04,25,2,9,False
269.95,0.03749814334447099,S04,25,2,10,False
272.0772727272727,0.034010952239800975,S04,25,2,11,False
276.3,0.04368621485281099,S04,25,2,12,False
279.27272727272725,0.03763624883799897,S04,25,2,13,False
282.45,0.045947264442514485,S04,25,2,14,False
284.6409090909091,0.017684989852817024,S04,25,2,15,False
288.27272727272725,0.04811610458404597,S04,25,2,16,False
293.0954545454546,0.039951422207323575,S04,25,2,17,False
295.6272727272727,-0.018925656305516916,S04,25,2,18,False
298.4318181818182,0.04277224148075416,S04,25,2,19,False
300.7227272727273,0.0352114333085689,S04,25,2,20,False
303.01363636363635,0.03124074655073459,S04,25,2,21,False
307.74545454545455,-0.0395946196618768,S04,25,2,22,False
309.9590909090909,0.033188748106488836,S04,25,2,23,False
312.9681818181818,0.04121130644996797,S04,25,2,24,False
314.97727272727275,-0.016902985773546684,S04,25,2,25,False
317.0409090909091,0.04903031549394626,S04,25,2,26,False
321.3636363636364,0.04698882735282489,S04,25,2,27,False
325.6045454545455,0.07329610780679609,S04,25,2,28,False
329.2772727272727,0.04167175096721079,S04,25,2,29,False
333.48636363636365,0.0444292909973083,S04,25,2,30,False
337.27272727272725,0.02077980019138971,S04,25,2,31,False
340.00454545454545,0.043425223713102576,S04,25,2,32,False
342.41818181818184,0.040146228900570194,S04,25,2,33,False
346.1545454545454,0.04010872141893233,S04,25,2,34,False
350.23636363636365,0.0422568421862841,S04,25,2,35,False
352.4,0.04045711575914725,S04,25,2,36,False
354.6318181818182,0.0423770455038455,S04,25,2,37,False
358.6363636363636,0.03892180109485705,S04,25,2,38,False
361.1909090909091,0.003422547085077405,S04,25,2,39,False
363.45,0.041866799421688417,S04,25,2,40,False
367.5772727272727,0.04020164593537042,S04,25,2,41,False
369.76363636363635,0.020808788388460255,S04,25,2,42,False
373.1909090909091,0.05592273733766917,S04,25,2,43,False
376.2772727272727,0.04650913665325362,S04,25,2,44,False
380.5181818181818,0.039476307920621206,S04,25,2,45,False
384.3863636363636,0.04126143914249854,S04,25,2,46,False
387.49545454545455,0.04170091880725649,S04,25,2,47,False
391.5681818181818,0.025332448231304427,S04,25,2,48,False
394.73636363636365,0.03710841467044369,S04,25,2,49,False
397.7772727272727,0.037089580082309406,S04,25,2,50,False
401.85,0.05777798312679296,S04,25,2,51,False
405.3818181818182,0.02851918783928628,S04,25,2,52,False
409.46363636363634,0.039499485315115795,S04,25,2,53,False
411.9909090909091,0.024871899288725283,S04,25,2,54,False
414.0409090909091,0.04944410646078329,S04,25,2,55,False
416.8863636363636,0.035175545312887836,S04,25,2,56,False
420.3636363636364,0.03598858092336705,S04,25,2,57,False
424.25,0.03965562947837378,S04,25,2,58,False
427.58181818181816,0.04162689347984345,S04,25,2,59,False
430.78636363636366,0.04428251154401942,S04,25,2,60,False
434.82272727272726,0.04458158124773861,S04,25,2,61,False
438.4681818181818,0.0671425613923761,S04,25,2,62,False
442.1636363636364,0.048318247256023475,S04,25,2,63,False
445.8181818181818,0.051079450695493675,S04,25,2,64,False
449.2181818181818,0.03929727792571905,S04,25,2,65,False
452.15909090909093,0.052107535734077975,S04,25,2,66,False
456.3545454545455,0.043155067966219644,S04,25,2,67,False
460.23636363636365,0.05184153887378394,S04,25,2,68,False
463.43636363636364,0.05029116284866156,S04,25,2,69,False
465.8863636363636,0.0201284998132174,S04,25,2,70,False
468.17727272727274,0.033395044725447895,S04,25,2,71,False
470.82272727272726,0.04533258948044927,S04,25,2,72,False
472.8909090909091,-0.02736113233082272,S04,25,2,73,False
475.0863636363636,0.03717367434051426,S04,25,2,74,False
478.84090909090907,0.03664977966439187,S04,25,2,75,False
481.52272727272725,0.041594198326906195,S04,25,2,76,False
484.85,0.018994262110464538,S04,25,2,77,False
487.45454545454544,0.03647461854234096,S04,25,2,78,False
491.0318181818182,0.040090331480412314,S04,25,2,79,False
493.1545454545454,0.033025192982508986,S04,25,2,80,False
495.24545454545455,0.04400537419193848,S04,25,2,81,False
499.0181818181818,0.05030002094391578,S04,25,2,82,False
32.88181818181818,-0.016015530500220476,S04,25,3,1,False
54.02272727272727,-0.019293204422379702,S04,25,3,2,False
100.21818181818182,-0.016002205061102632,S04,25,3,3,False
102.58181818181818,-0.018917190912468105,S04,25,3,4,False
105.47272727272727,-0.01860565514569726,S04,25,3,5,False
120.31818181818181,0.00328625724004814,S04,25,3,6,False
124.11818181818182,0.0032043563031641945,S04,25,3,7,False
183.2,0.0031769605394425674,S04,25,3,8,False
254.6681818181818,0.0330103571590467,S04,25,3,9,False
257.32272727272726,0.04304433775726314,S04,25,3,10,False
259.35,-0.01603370748935721,S04,25,3,11,False
261.77272727272725,0.03142655752915,S04,25,3,12,False
264.3863636363636,0.033645597812863484,S04,25,3,13,False
267.34090909090907,0.0385308218009707,S04,25,3,14,False
269.75,0.03894231388119779,S04,25,3,15,False
272.02272727272725,0.04374535110351187,S04,25,3,16,False
275.0409090909091,0.03768240375624588,S04,25,3,17,False
277.35,-0.016803390025916583,S04,25,3,18,False
279.35,0.04624456488160142,S04,25,3,19,False
283.1363636363636,0.03639165796433894,S04,25,3,20,False
286.3727272727273,0.028641694387025667,S04,25,3,21,False
288.45,0.03340153613844451,S04,25,3,22,False
291.85,0.032006106525684565,S04,25,3,23,False
295.1909090909091,0.0418216973733847,S04,25,3,24,False
297.3954545454545,0.03252308992422237,S04,25,3,25,False
299.44545454545454,-0.015649875693818906,S04,25,3,26,False
303.5681818181818,0.03710233468149647,S04,25,3,27,False
308.2772727272727,0.03184979489094754,S04,25,3,28,False
311.2681818181818,0.05092126127661986,S04,25,3,29,False
315.78636363636366,0.03500655870172428,S04,25,3,30,False
318.1,0.03924401044800462,S04,25,3,31,False
321.2409090909091,-0.026690451478732093,S04,25,3,32,False
324.1409090909091,0.040223107698947415,S04,25,3,33,False
327.90909090909093,0.03465831346039604,S04,25,3,34,False
330.2772727272727,0.03285599952832245,S04,25,3,35,False
334.75454545454545,0.03694647231723345,S04,25,3,36,False
337.2772727272727,-0.016475385033374305,S04,25,3,37,False
339.28636363636366,0.033399627801493456,S04,25,3,38,False
343.28636363636366,0.02449117384998553,S04,25,3,39,False
346.9681818181818,0.03727867158602402,S04,25,3,40,False
350.05,0.031367103818964376,S04,25,3,41,False
355.02272727272725,0.03312050549099767,S04,25,3,42,False
359.56363636363636,0.03399353127347944,S04,25,3,43,False
362.48636363636365,0.02908162249803897,S04,25,3,44,False
365.42727272727274,-0.027378164370416753,S04,25,3,45,False
367.9590909090909,0.0329031646089896,S04,25,3,46,False
370.02272727272725,-0.01918680647737747,S04,25,3,47,False
373.26363636363635,0.033058379158602685,S04,25,3,48,False
375.3636363636364,0.024617863717977105,S04,25,3,49,False
378.90909090909093,-0.029125392561297238,S04,25,3,50,False
381.0409090909091,0.03455704943459264,S04,25,3,51,False
383.40909090909093,0.028612349996867487,S04,25,3,52,False
385.5090909090909,0.014272222082339907,S04,25,3,53,False
389.0954545454546,0.03575542996589241,S04,25,3,54,False
392.3,0.02851507140086939,S04,25,3,55,False
396.17727272727274,0.03311221437437785,S04,25,3,56,False
398.24545454545455,0.03351400081617534,S04,25,3,57,False
402.23636363636365,0.02659093311434695,S04,25,3,58,False
405.7681818181818,0.030558888196405974,S04,25,3,59,False
408.9318181818182,0.0360821676228897,S04,25,3,60,False
411.3181818181818,-0.023091394212077777,S04,25,3,61,False
413.5,0.03519126470863339,S04,25,3,62,False
418.45454545454544,0.02932389160777124,S04,25,3,63,False
420.6090909090909,-0.039018620372197964,S04,25,3,64,False
422.6272727272727,0.04164608875762732,S04,25,3,65,False
427.7,-0.0405520315325348,S04,25,3,66,False
431.0409090909091,-0.05531528566604044,S04,25,3,67,False
434.6409090909091,0.03367853152613037,S04,25,3,68,False
437.7909090909091,0.04574613487380312,S04,25,3,69,False
440.74545454545455,0.022304542398676165,S04,25,3,70,False
443.1,0.031406007335270096,S04,25,3,71,False
445.3454545454546,0.04092634312855358,S04,25,3,72,False
447.49545454545455,0.07945742060601614,S04,25,3,73,True
450.17727272727274,0.02791743689077384,S04,25,3,74,False
452.75454545454545,0.05543174309628696,S04,25,3,75,False
455.81363636363636,0.043548311499556125,S04,25,3,76,False
459.00454545454545,0.0471495373986419,S04,25,3,77,False
462.26363636363635,0.031941349358050354,S04,25,3,78,False
464.46363636363634,0.03866253179592468,S04,25,3,79,False
466.4681818181818,0.0038236743570615856,S04,25,3,80,False
469.0863636363636,0.0330663258767487,S04,25,3,81,False
472.70454545454544,0.035263655210505174,S04,25,3,82,False
475.8363636363636,0.05021743495751947,S04,25,3,83,False
478.1818181818182,0.05929474554348473,S04,25,3,84,False
480.6454545454545,0.009923736083928452,S04,25,3,85,False
483.33181818181816,0.03418756997849981,S04,25,3,86,False
486.93636363636364,0.039366269444302444,S04,25,3,87,False
491.4227272727273,0.043516550639025826,S04,25,3,88,False
494.41818181818184,0.031376235183447176,S04,25,3,89,False
498.1090909090909,0.04538937608072981,S04,25,3,90,False
276.0590909090909,0.2251635194022782,S04,50,1,1,False
280.4136363636364,0.0783263929159107,S04,50,1,2,False
285.0863636363636,0.2654632536346987,S04,50,1,3,False
290.82272727272726,0.16786509340464187,S04,50,1,4,False
294.1454545454545,0.08630861422769463,S04,50,1,5,False
296.7681818181818,0.18293694281337586,S04,50,1,6,False
300.93636363636364,0.18258106129850177,S04,50,1,7,False
304.5590909090909,0.22448887170191545,S04,50,1,8,False
308.53636363636366,0.25083183072875564,S04,50,1,9,False
312.1454545454545,0.09785034962329615,S04,50,1,10,False
314.41818181818184,0.14103789630335523,S04,50,1,11,False
319.01363636363635,0.1265661860604947,S04,50,1,12,False
321.6,0.13875323223057728,S04,50,1,13,False
326.0,0.17447298115124554,S04,50,1,14,False
330.2590909090909,0.13680262368214452,S04,50,1,15,False
333.27272727272725,0.13701720047305155,S04,50,1,16,False
335.58181818181816,0.11935804482246304,S04,50,1,17,False
338.2227272727273,0.29593836890701286,S04,50,1,18,False
342.0954545454546,0.11543567243652231,S04,50,1,19,False
344.20454545454544,0.1805608285408541,S04,50,1,20,False
348.03636363636366,0.1627855677259648,S04,50,1,21,False
351.3454545454546,0.2898771900166442,S04,50,1,22,False
353.7181818181818,0.17864687553909353,S04,50,1,23,False
356.75454545454545,0.21735862313436002,S04,50,1,24,False
360.17727272727274,0.21122262390662994,S04,50,1,25,False
362.71363636363634,0.11948474262125744,S04,50,1,26,False
365.2227272727273,0.27266523194542014,S04,50,1,27,False
368.3181818181818,0.1818698570520456,S04,50,1,28,False
371.8454545454546,0.19012817902162782,S04,50,1,29,False
374.3636363636364,0.230413889310615,S04,50,1,30,False
377.1636363636364,0.16842096723287198,S04,50,1,31,False
380.0772727272727,0.21539691963415958,S04,50,1,32,False
382.6272727272727,-0.1722991718023876,S04,50,1,33,False
386.09090909090907,-0.2030507510991276,S04,50,1,34,False
390.9227272727273,0.16950769147659328,S04,50,1,35,False
394.81363636363636,0.17353901694841453,S04,50,1,36,False
397.3863636363636,0.25202039878977717,S04,50,1,37,False
400.32272727272726,0.25463582355960424,S04,50,1,38,False
402.6227272727273,0.2799356035318753,S04,50,1,39,False
404.8363636363636,0.24248717487310834,S04,50,1,40,False
407.9,-0.23834293554669123,S04,50,1,41,False
410.0181818181818,0.09093280185460431,S04,50,1,42,False
412.09090909090907,-0.33872110715924486,S04,50,1,43,False
416.9318181818182,0.3032274579538709,S04,50,1,44,False
420.6181818181818,0.2651320344720557,S04,50,1,45,False
423.16818181818184,0.2765061680834358,S04,50,1,46,False
425.9409090909091,0.3183974536839588,S04,50,1,47,False
429.8954545454545,-0.28145141730038925,S04,50,1,48,False
432.0954545454546,0.08213747836469806,S04,50,1,49,False
434.35,0.2723154633031879,S04,50,1,50,False
437.22727272727275,0.28943312376370933,S04,50,1,51,False
439.70454545454544,0.27179368615575866,S04,50,1,52,False
442.5272727272727,-0.36025774346242206,S04,50,1,53,False
445.5,-0.26862814985902883,S04,50,1,54,False
448.15909090909093,0.2229125055824617,S04,50,1,55,False
450.94545454545454,0.4957760920396779,S04,50,1,56,False
453.1636363636364,0.41522452801640813,S04,50,1,57,False
455.4318181818182,-0.48742024008553586,S04,50,1,58,False
457.55,-0.379494549737028,S04,50,1,59,False
459.9136363636364,0.575398792211143,S04,50,1,60,False
461.9818181818182,0.21089606889558812,S04,50,1,61,False
464.01363636363635,0.6102326047397613,S04,50,1,62,False
467.2409090909091,0.45604987280796366,S04,50,1,63,False
469.3681818181818,0.39850055703539605,S04,50,1,64,False
472.55454545454546,0.5853015224100008,S04,50,1,65,False
474.7318181818182,0.32182220074107404,S04,50,1,66,False
477.3772727272727,0.3271312227856184,S04,50,1,67,False
479.7409090909091,0.37332341246331574,S04,50,1,68,False
482.1181818181818,0.4935870551260353,S04,50,1,69,False
484.28636363636366,0.4276044841030321,S04,50,1,70,False
486.65909090909093,0.34086773608405485,S04,50,1,71,False
488.8,-0.12483707193314933,S04,50,1,72,False
490.97727272727275,0.46687520939611105,S04,50,1,73,False
494.3181818181818,0.674457288158548,S04,50,1,74,True
498.02272727272725,0.4195921882409761,S04,50,1,75,False
227.80454545454546,0.05919972777029843,S04,50,2,1,False
253.28181818181818,0.06145097825272165,S04,50,2,2,False
261.03636363636366,0.24647602397605767,S04,50,2,3,False
265.4590909090909,0.09594431970758056,S04,50,2,4,False
270.16818181818184,0.2993497441858971,S04,50,2,5,False
273.58181818181816,0.16042433698910039,S04,50,2,6,False
275.6227272727273,0.2630425605623882,S04,50,2,7,False
277.8954545454545,0.05859230599498305,S04,50,2,8,False
280.8454545454546,0.2579189271792254,S04,50,2,9,False
283.4681818181818,0.14157129912323227,S04,50,2,10,False
286.8818181818182,0.2404438130963456,S04,50,2,11,False
290.83181818181816,0.21864700856613384,S04,50,2,12,False
293.3681818181818,0.16465018692781822,S04,50,2,13,False
296.6636363636364,0.22655938019983762,S04,50,2,14,False
298.8454545454546,0.08865876328941866,S04,50,2,15,False
301.4681818181818,0.2115435226438333,S04,50,2,16,False
304.8681818181818,0.2188101254897337,S04,50,2,17,False
310.2090909090909,0.2608786567502808,S04,50,2,18,False
314.55454545454546,0.08934363137489727,S04,50,2,19,False
317.0181818181818,0.22601199913469286,S04,50,2,20,False
319.2818181818182,0.08795737760879106,S04,50,2,21,False
321.70454545454544,0.23322065149057314,S04,50,2,22,False
323.97727272727275,0.07659029274911022,S04,50,2,23,False
326.07272727272726,0.25272801601283396,S04,50,2,24,False
330.3181818181818,0.2531204641654863,S04,50,2,25,False
333.9227272727273,0.26825181120068203,S04,50,2,26,False
337.3181818181818,0.25257361159375835,S04,50,2,27,False
341.1363636363636,0.2609154487171515,S04,50,2,28,False
343.98636363636365,0.0645695217384713,S04,50,2,29,False
346.5954545454546,0.27225292610486024,S04,50,2,30,False
350.65,0.2313447805752548,S04,50,2,31,False
354.4590909090909,0.27427748858386164,S04,50,2,32,False
358.1909090909091,0.25057193180029147,S04,50,2,33,False
361.1909090909091,0.25693167259686805,S04,50,2,34,False
363.56363636363636,0.24442547339190787,S04,50,2,35,False
366.8590909090909,0.28154812037829297,S04,50,2,36,False
370.5181818181818,0.2714499534083413,S04,50,2,37,False
373.6727272727273,0.2673581034070839,S04,50,2,38,False
377.1227272727273,0.24599339890749025,S04,50,2,39,False
379.8818181818182,0.27776217713116025,S04,50,2,40,False
383.03636363636366,0.21928656881218023,S04,50,2,41,False
386.35,0.22558466371615693,S04,50,2,42,False
388.9318181818182,0.2320096142946353,S04,50,2,43,False
391.7818181818182,0.23272638183133548,S04,50,2,44,False
393.9909090909091,0.2722826175680477,S04,50,2,45,False
396.6136363636364,0.22606033375364076,S04,50,2,46,False
399.1636363636364,0.2508671417632494,S04,50,2,47,False
401.6409090909091,0.2318790943425656,S04,50,2,48,False
405.6272727272727,0.4071807553565573,S04,50,2,49,False
409.3727272727273,0.4252696848313889,S04,50,2,50,False
412.0318181818182,-0.2461729048102057,S04,50,2,51,False
414.3772727272727,0.6161809809525334,S04,50,2,52,True
416.55454545454546,0.19028640251248274,S04,50,2,53,False
419.00454545454545,0.30765806920200056,S04,50,2,54,False
422.6090909090909,0.384163930404246,S04,50,2,55,False
426.48636363636365,0.32156314218798226,S04,50,2,56,False
428.6727272727273,0.1554986581720847,S04,50,2,57,False
430.8545454545455,-0.2523427680064402,S04,50,2,58,False
433.19545454545454,0.2710709835785524,S04,50,2,59,False
435.9409090909091,0.3140633740577067,S04,50,2,60,False
438.16818181818184,0.4871158395422237,S04,50,2,61,False
440.76363636363635,0.30585322282507454,S04,50,2,62,False
443.15,0.3267831506086263,S04,50,2,63,False
446.27272727272725,0.28133402024668974,S04,50,2,64,False
448.71363636363634,0.2988028962227851,S04,50,2,65,False
452.0590909090909,0.2951905233976687,S04,50,2,66,False
454.3863636363636,0.209034768201185,S04,50,2,67,False
456.3909090909091,0.19774203520756922,S04,50,2,68,False
459.8090909090909,0.2860885437441598,S04,50,2,69,False
462.7909090909091,0.24370943094970782,S04,50,2,70,False
465.81363636363636,0.2589776565218796,S04,50,2,71,False
469.0,0.38675913645660165,S04,50,2,72,False
471.25,0.23395668637741696,S04,50,2,73,False
474.2090909090909,0.28881180668579176,S04,50,2,74,False
476.6181818181818,0.3104975753254845,S04,50,2,75,False
478.6363636363636,0.41947561295591645,S04,50,2,76,False
480.72727272727275,0.29593917945041065,S04,50,2,77,False
483.7772727272727,0.25551070097610684,S04,50,2,78,False
487.2590909090909,0.2407466947384929,S04,50,2,79,False
490.0090909090909,0.3372010160500616,S04,50,2,80,False
492.2772727272727,0.2834163078069216,S04,50,2,81,False
494.33181818181816,0.4323968300390562,S04,50,2,82,False
496.6409090909091,-0.27065104591209316,S04,50,2,83,False
499.22727272727275,-0.2663205077541153,S04,50,2,84,False
229.4909090909091,0.08345524237795961,S04,50,3,1,False
237.24545454545455,0.08201099636774672,S04,50,3,2,False
241.9909090909091,0.09349199994123619,S04,50,3,3,False
246.96818181818182,0.2894522706699284,S04,50,3,4,False
251.09545454545454,0.08910401821417187,S04,50,3,5,False
256.1909090909091,0.322288884796925,S04,50,3,6,False
258.6272727272727,0.0937928561550718,S04,50,3,7,False
263.4727272727273,0.09126039412073463,S04,50,3,8,False
266.04545454545456,0.3229183306978976,S04,50,3,9,False
271.73636363636365,0.2860666143497577,S04,50,3,10,False
273.9409090909091,0.08845451344947666,S04,50,3,11,False
278.16818181818184,0.11842058052211381,S04,50,3,12,False
281.1909090909091,0.31838041378540716,S04,50,3,13,False
286.7681818181818,0.3067918945873073,S04,50,3,14,False
290.6909090909091,0.30084065312931735,S04,50,3,15,False
295.6227272727273,0.29056589530204835,S04,50,3,16,False
298.3909090909091,0.0966874568791636,S04,50,3,17,False
300.5318181818182,0.23280925752060458,S04,50,3,18,False
305.5318181818182,0.2790384485340899,S04,50,3,19,False
309.6454545454545,0.24955473674150924,S04,50,3,20,False
312.6727272727273,0.06481605001450633,S04,50,3,21,False
314.75,0.2403014217729215,S04,50,3,22,False
318.85,0.25096501662990944,S04,50,3,23,False
322.80454545454546,0.2632260942130261,S04,50,3,24,False
326.69545454545454,0.27970935585808493,S04,50,3,25,False
329.4409090909091,0.309029421557351,S04,50,3,26,False
331.7090909090909,0.09439408282304629,S04,50,3,27,False
334.00454545454545,0.24330195391006515,S04,50,3,28,False
337.71363636363634,0.22319915342508523,S04,50,3,29,False
340.8590909090909,0.2665199477264171,S04,50,3,30,False
344.6727272727273,0.21428881036310998,S04,50,3,31,False
348.9681818181818,0.2451434618323982,S04,50,3,32,False
352.3954545454545,0.20741846698648342,S04,50,3,33,False
355.7227272727273,0.2895704569987027,S04,50,3,34,False
358.4818181818182,0.23206342045546935,S04,50,3,35,False
361.58181818181816,0.2385862209857087,S04,50,3,36,False
363.85,0.18889408658017884,S04,50,3,37,False
366.9227272727273,0.19066219156797026,S04,50,3,38,False
369.6090909090909,0.21753639216131945,S04,50,3,39,False
372.8181818181818,0.16092792921319968,S04,50,3,40,False
376.0181818181818,0.19195476997704883,S04,50,3,41,False
378.95,0.2032943200404686,S04,50,3,42,False
381.43636363636364,0.26214710008188413,S04,50,3,43,False
383.8727272727273,0.16743041716033605,S04,50,3,44,False
386.7909090909091,0.23151038992749357,S04,50,3,45,False
390.3363636363636,0.17129561390521053,S04,50,3,46,False
393.73636363636365,0.2086446903513713,S04,50,3,47,False
397.5181818181818,0.21481403979867048,S04,50,3,48,False
399.6909090909091,0.5892849537270968,S04,50,3,49,True
402.3909090909091,0.33827627411940414,S04,50,3,50,False
405.0181818181818,0.38184687129196243,S04,50,3,51,False
408.1,0.18483674450195947,S04,50,3,52,False
410.7772727272727,0.37268039576046236,S04,50,3,53,False
413.67727272727274,0.32855123261515723,S04,50,3,54,False
416.90909090909093,-0.27446350252777363,S04,50,3,55,False
419.7318181818182,0.423897847356188,S04,50,3,56,False
422.6636363636364,0.31530125962524796,S04,50,3,57,False
426.6454545454545,0.22236129515125294,S04,50,3,58,False
429.2909090909091,0.25329707629633563,S04,50,3,59,False
432.96363636363634,0.23805301979178087,S04,50,3,60,False
435.07272727272726,0.15520307701973418,S04,50,3,61,False
437.7318181818182,0.1694975369221453,S04,50,3,62,False
440.9,0.24335173334556162,S04,50,3,63,False
443.6636363636364,0.30766291244148536,S04,50,3,64,False
445.7590909090909,0.4404264864185423,S04,50,3,65,False
448.03636363636366,0.4570745332575257,S04,50,3,66,False
451.04545454545456,-0.21399995780440315,S04,50,3,67,False
454.6454545454545,0.23897831605901576,S04,50,3,68,False
457.44545454545454,0.19164875515125157,S04,50,3,69,False
459.47727272727275,0.23521337392570282,S04,50,3,70,False
462.47727272727275,0.2927786547821621,S04,50,3,71,False
465.4136363636364,0.3214721450763553,S04,50,3,72,False
468.2772727272727,0.22847127368987663,S04,50,3,73,False
471.09090909090907,0.4002494297815171,S04,50,3,74,False
473.6227272727273,0.22381774919188008,S04,50,3,75,False
477.0272727272727,0.33831138613964434,S04,50,3,76,False
479.95454545454544,0.3125485716197106,S04,50,3,77,False
482.2818181818182,0.3316845360389059,S04,50,3,78,False
484.5409090909091,0.22516335181394292,S04,50,3,79,False
487.29545454545456,0.2095524173713602,S04,50,3,80,False
490.4318181818182,0.3439542823529392,S04,50,3,81,False
493.28636363636366,0.30651869541752985,S04,50,3,82,False
495.50454545454545,-0.18967886391521752,S04,50,3,83,False
497.6818181818182,0.3465445538597388,S04,50,3,84,False
499.8636363636364,0.420939624903408,S04,50,3,85,False
0.1409090909090909,0.006229546348502418,S05,10,1,1,False
3.168181818181818,0.010632355522811986,S05,10,1,2,False
6.404545454545454,-0.024450939411580344,S05,10,1,3,False
9.7,-0.054564723378995594,S05,10,1,4,True
12.195454545454545,0.006272942433012572,S05,10,1,5,False
14.386363636363637,0.012584544581315948,S05,10,1,6,False
16.9,-0.01971289679423332,S05,10,1,7,False
19.37727272727273,-0.023043211151380038,S05,10,1,8,False
21.818181818181817,0.00435935691315044,S05,10,1,9,False
24.29090909090909,0.012217569662697547,S05,10,1,10,False
27.62272727272727,-0.022035651577906844,S05,10,1,11,False
29.704545454545453,0.011899592980042476,S05,10,1,12,False
33.845454545454544,-0.027867770689182364,S05,10,1,13,False
36.64545454545455,-0.022241344948839607,S05,10,1,14,False
38.82272727272727,0.009885225262686714,S05,10,1,15,False
41.3,-0.022077824820353774,S05,10,1,16,False
44.32727272727273,-0.02660270502458528,S05,10,1,17,False
48.03636363636364,-0.024025984722178546,S05,10,1,18,False
51.972727272727276,-0.026848780623097215,S05,10,1,19,False
54.86818181818182,-0.023489818507277195,S05,10,1,20,False
57.404545454545456,-0.02449791053399658,S05,10,1,21,False
59.904545454545456,0.011963166863970016,S05,10,1,22,False
63.38636363636363,-0.022376437826176414,S05,10,1,23,False
66.24545454545455,-0.023302536771915704,S05,10,1,24,False
68.61363636363636,-0.019049067265182774,S05,10,1,25,False
71.28181818181818,0.006369499953424747,S05,10,1,26,False
73.97272727272727,-0.02453108849737067,S05,10,1,27,False
77.35454545454546,0.011726050023377977,S05,10,1,28,False
81.43636363636364,-0.02526101993159839,S05,10,1,29,False
84.48636363636363,-0.02431326022528392,S05,10,1,30,False
87.53636363636363,-0.025446959911724864,S05,10,1,31,False
91.26818181818182,-0.02281719896781354,S05,10,1,32,False
95.0,-0.025554605512737513,S05,10,1,33,False
98.05,-0.025478680914717656,S05,10,1,34,False
100.15454545454546,0.010305396840289307,S05,10,1,35,False
103.20454545454545,0.010521217666508764,S05,10,1,36,False
105.83636363636364,-0.02176605736554044,S05,10,1,37,False
108.88636363636364,-0.02193382309330568,S05,10,1,38,False
111.02727272727273,-0.024242647318394282,S05,10,1,39,False
114.07727272727273,-0.02126305351102365,S05,10,1,40,False
116.63636363636364,0.011908906144715303,S05,10,1,41,False
120.17727272727272,-0.023591779308254273,S05,10,1,42,False
123.22727272727273,-0.025707366750849593,S05,10,1,43,False
126.95454545454545,-0.022949920126041856,S05,10,1,44,False
130.6909090909091,-0.02458699405082637,S05,10,1,45,False
133.0590909090909,-0.022431150826702103,S05,10,1,46,False
135.2,-0.021984128393585066,S05,10,1,47,False
137.5681818181818,-0.027020668409679944,S05,10,1,48,False
141.6818181818182,0.013184521006508819,S05,10,1,49,False
144.1409090909091,0.008905269922317818,S05,10,1,50,False
147.70909090909092,0.01114501515170872,S05,10,1,51,False
150.04090909090908,0.011297590818733933,S05,10,1,52,False
152.05,-0.018519058262706493,S05,10,1,53,False
154.28636363636363,-0.026709712874426444,S05,10,1,54,False
157.6818181818182,0.012245519910073145,S05,10,1,55,False
161.15,-0.025507493870217588,S05,10,1,56,False
163.25454545454545,-0.020086246027050135,S05,10,1,57,False
166.1,0.008835117090505828,S05,10,1,58,False
168.14545454545456,0.007138453045084266,S05,10,1,59,False
170.55,0.014661604526667545,S05,10,1,60,False
173.0,-0.019254535256535518,S05,10,1,61,False
175.09545454545454,0.012649932118398207,S05,10,1,62,False
177.36363636363637,0.0077481410658067264,S05,10,1,63,False
180.7,-0.02505133363097272,S05,10,1,64,False
182.70909090909092,0.007659921992558419,S05,10,1,65,False
184.9318181818182,0.013281655446850825,S05,10,1,66,False
188.72272727272727,0.009569999570731279,S05,10,1,67,False
190.94545454545454,0.011649310287339183,S05,10,1,68,False
193.50454545454545,-0.0246437711647438,S05,10,1,69,False
197.0909090909091,0.012928046530028929,S05,10,1,70,False
200.42727272727274,-0.02530130673243748,S05,10,1,71,False
202.62727272727273,-0.023229461666901624,S05,10,1,72,False
205.05454545454546,-0.019704948708628683,S05,10,1,73,False
208.03181818181818,-0.022524068416469034,S05,10,1,74,False
210.13636363636363,-0.02095505996307055,S05,10,1,75,False
212.56363636363636,-0.023577156817604236,S05,10,1,76,False
216.22272727272727,-0.02245168988155182,S05,10,1,77,False
219.04090909090908,0.010389831646808855,S05,10,1,78,False
221.0772727272727,-0.023097991261930545,S05,10,1,79,False
223.27727272727273,-0.02582465227062253,S05,10,1,80,False
225.47727272727272,-0.02988768467874469,S05,10,1,81,False
227.77272727272728,-0.02540026293688096,S05,10,1,82,False
230.84545454545454,-0.025424013421640204,S05,10,1,83,False
233.78636363636363,-0.02447184784605797,S05,10,1,84,False
236.72727272727272,-0.022288493720023724,S05,10,1,85,False
239.11818181818182,-0.025881480827545857,S05,10,1,86,False
241.28181818181818,-0.02321537959864072,S05,10,1,87,False
244.05454545454546,0.012467561842078879,S05,10,1,88,False
247.92727272727274,0.012188586743067211,S05,10,1,89,False
250.12272727272727,0.00601842458467361,S05,10,1,90,False
252.6727272727273,-0.02367944809287971,S05,10,1,91,False
255.4090909090909,0.02014319372725741,S05,10,1,92,False
257.53636363636366,0.011371072853344405,S05,10,1,93,False
260.82272727272726,0.011470442214286307,S05,10,1,94,False
263.78636363636366,0.011158348710238698,S05,10,1,95,False
266.46363636363634,-0.026555457336624493,S05,10,1,96,False
269.0681818181818,0.010004442994003368,S05,10,1,97,False
271.74545454545455,-0.0269641107919293,S05,10,1,98,False
273.8363636363636,-0.01754667117941535,S05,10,1,99,False
276.28636363636366,-0.022990347494178595,S05,10,1,100,False
278.5090909090909,-0.02024213485772384,S05,10,1,101,False
280.6363636363636,-0.02445427635635559,S05,10,1,102,False
284.5681818181818,-0.02495267579385936,S05,10,1,103,False
286.69545454545454,-0.019976640125691676,S05,10,1,104,False
289.1454545454545,-0.02594194595149269,S05,10,1,105,False
291.8818181818182,0.007709908701228318,S05,10,1,106,False
293.98636363636365,0.0106159179681137,S05,10,1,107,False
297.8818181818182,0.013058766005134613,S05,10,1,108,False
301.2181818181818,-0.01884774477985805,S05,10,1,109,False
303.53636363636366,-0.024397268232761837,S05,10,1,110,False
305.92727272727274,-0.020082384365587857,S05,10,1,111,False
307.99545454545455,-0.025043098854794738,S05,10,1,112,False
311.45,0.011720740462343544,S05,10,1,113,False
314.1045454545455,-0.02305582499592959,S05,10,1,114,False
317.82272727272726,-0.024526031563441422,S05,10,1,115,False
320.9909090909091,-0.02348261965177987,S05,10,1,116,False
323.9318181818182,-0.022431818464675173,S05,10,1,117,False
326.22727272727275,-0.02752726919816474,S05,10,1,118,False
330.0409090909091,-0.023941962493617727,S05,10,1,119,False
332.3363636363636,-0.017998927118187444,S05,10,1,120,False
334.91818181818184,0.009751414902556176,S05,10,1,121,False
338.0863636363636,0.009756925200479192,S05,10,1,122,False
341.2909090909091,-0.023739902148295855,S05,10,1,123,False
345.1045454545455,-0.023882812512615186,S05,10,1,124,False
348.91818181818184,-0.023387535555850568,S05,10,1,125,False
352.3909090909091,0.011940842450458814,S05,10,1,126,False
356.5681818181818,-0.01983047336027873,S05,10,1,127,False
359.18636363636364,0.009305435215916745,S05,10,1,128,False
361.44545454545454,0.01012146107468647,S05,10,1,129,False
364.4818181818182,0.0052813684185309025,S05,10,1,130,False
367.1227272727273,-0.027128203134864394,S05,10,1,131,False
369.3818181818182,-0.026045990852254182,S05,10,1,132,False
371.6409090909091,-0.023473342318447516,S05,10,1,133,False
373.9,-0.018566371260651436,S05,10,1,134,False
376.6136363636364,0.012933322931822037,S05,10,1,135,False
378.6409090909091,-0.01907009587183102,S05,10,1,136,False
380.8090909090909,-0.027914035620995606,S05,10,1,137,False
384.94545454545454,0.01025030262204692,S05,10,1,138,False
388.3636363636364,-0.025965816494697605,S05,10,1,139,False
390.6227272727273,-0.025945072842782343,S05,10,1,140,False
392.8818181818182,-0.026938104695329524,S05,10,1,141,False
395.8818181818182,-0.021284297580365652,S05,10,1,142,False
399.3681818181818,0.00973852337721997,S05,10,1,143,False
402.3954545454545,0.012289503314934315,S05,10,1,144,False
405.3363636363636,0.00841817989496985,S05,10,1,145,False
408.1090909090909,-0.02403086146925834,S05,10,1,146,False
411.4909090909091,0.0193160584427089,S05,10,1,147,False
414.94545454545454,-0.024585896111906126,S05,10,1,148,False
417.6818181818182,0.008624345084278031,S05,10,1,149,False
420.6227272727273,0.011269286133031917,S05,10,1,150,False
422.9409090909091,0.007479341312740061,S05,10,1,151,False
425.58181818181816,-0.025891873979117994,S05,10,1,152,False
428.1636363636364,0.01355906298366428,S05,10,1,153,False
430.4818181818182,0.008697372462985763,S05,10,1,154,False
433.1227272727273,-0.02707555992428528,S05,10,1,155,False
435.25,-0.021575256344958715,S05,10,1,156,False
437.34090909090907,0.01018844786813494,S05,10,1,157,False
440.6636363636364,-0.02562384549409416,S05,10,1,158,False
442.7909090909091,-0.024067890861348418,S05,10,1,159,False
446.0772727272727,-0.02391327902271948,S05,10,1,160,False
448.1454545454545,-0.019197598730352206,S05,10,1,161,False
450.1636363636364,0.01398694508222665,S05,10,1,162,False
453.96363636363634,0.01227391825259703,S05,10,1,163,False
457.1545454545454,-0.021640323601584747,S05,10,1,164,False
461.1454545454545,-0.02399821048619124,S05,10,1,165,False
463.23636363636365,-0.01950180409781563,S05,10,1,166,False
465.28636363636366,0.01608883479121158,S05,10,1,167,False
467.45454545454544,0.010960645513187244,S05,10,1,168,False
469.5090909090909,-0.025974628840276924,S05,10,1,169,False
472.8181818181818,0.012646173386373015,S05,10,1,170,False
475.84090909090907,0.010080668733358292,S05,10,1,171,False
479.7,0.012920319763045505,S05,10,1,172,False
482.71363636363634,0.012620703782269344,S05,10,1,173,False
485.7227272727273,0.00938415609354945,S05,10,1,174,False
488.06363636363636,0.013787826346860722,S05,10,1,175,False
491.44545454545454,-0.02628899706698748,S05,10,1,176,False
493.72727272727275,-0.021177705830347338,S05,10,1,177,False
496.78636363636366,-0.026244657334731122,S05,10,1,178,False
499.6181818181818,-0.020366748715175437,S05,10,1,179,False
0.06363636363636363,-0.027823623185799944,S05,10,2,1,False
3.4,0.013576398681872852,S05,10,2,2,False
6.904545454545454,-0.02326294651552193,S05,10,2,3,False
10.695454545454545,-0.027444327614000452,S05,10,2,4,False
13.027272727272727,-0.02212878781193496,S05,10,2,5,False
15.909090909090908,-0.023775594791162508,S05,10,2,6,False
18.6,0.00945963435155243,S05,10,2,7,False
21.240909090909092,-0.02434417539201772,S05,10,2,8,False
23.931818181818183,0.011136477906842183,S05,10,2,9,False
26.490909090909092,-0.027134539898762997,S05,10,2,10,False
28.5,0.00932850844148327,S05,10,2,11,False
30.71818181818182,0.01102612457263942,S05,10,2,12,False
33.377272727272725,-0.025125996690113298,S05,10,2,13,False
36.31818181818182,-0.02536092821959667,S05,10,2,14,False
38.70909090909091,-0.025788316757667608,S05,10,2,15,False
41.38636363636363,0.012626272265487008,S05,10,2,16,False
44.78181818181818,-0.027252862782193406,S05,10,2,17,False
46.945454545454545,-0.021851819825944845,S05,10,2,18,False
49.10909090909091,-0.022788896532636313,S05,10,2,19,False
51.95454545454545,0.01037921115683213,S05,10,2,20,False
54.72727272727273,-0.0236142400972556,S05,10,2,21,False
56.89090909090909,-0.0229327743784178,S05,10,2,22,False
59.054545454545455,-0.026364106087072528,S05,10,2,23,False
62.18181818181818,-0.02246109460817024,S05,10,2,24,False
65.77272727272727,-0.021259754156683307,S05,10,2,25,False
68.16363636363636,-0.02698179021489984,S05,10,2,26,False
70.19545454545455,0.012376708204708691,S05,10,2,27,False
72.26363636363637,0.011466644463488539,S05,10,2,28,False
75.7909090909091,-0.028210891055063178,S05,10,2,29,False
78.44545454545455,0.006312397712124049,S05,10,2,30,False
80.66818181818182,0.012584474094547651,S05,10,2,31,False
84.19545454545455,-0.027396805139631577,S05,10,2,32,False
87.13636363636364,-0.024456959984490406,S05,10,2,33,False
90.07727272727273,-0.023652842338789937,S05,10,2,34,False
92.10909090909091,0.011990782951785003,S05,10,2,35,False
94.21363636363637,-0.018700206620298674,S05,10,2,36,False
96.28181818181818,-0.02672905248275321,S05,10,2,37,False
98.67272727272727,-0.024765165910950487,S05,10,2,38,False
100.74090909090908,-0.023500831005957415,S05,10,2,39,False
104.19545454545455,0.012491980736230592,S05,10,2,40,False
106.43181818181819,0.006135742065933713,S05,10,2,41,False
108.5,-0.02316630510200933,S05,10,2,42,False
110.7,-0.026755875677262654,S05,10,2,43,False
114.45454545454545,-0.027603884583297794,S05,10,2,44,False
117.43181818181819,-0.02246050420746855,S05,10,2,45,False
119.76363636363637,-0.027997098942381754,S05,10,2,46,False
123.42272727272727,-0.02105096618540621,S05,10,2,47,False
125.75454545454545,-0.023640552780307734,S05,10,2,48,False
128.76818181818183,-0.02648999573719022,S05,10,2,49,False
131.23181818181817,-0.021597007666381226,S05,10,2,50,False
134.92727272727274,-0.024614889207031452,S05,10,2,51,False
138.26363636363635,0.012656716784215583,S05,10,2,52,False
140.4409090909091,-0.017997520317171285,S05,10,2,53,False
143.62272727272727,0.022034055121896483,S05,10,2,54,False
145.9181818181818,0.012208638752513198,S05,10,2,55,False
148.55,-0.028989247442251266,S05,10,2,56,False
151.14545454545456,0.008030815173456857,S05,10,2,57,False
153.15454545454546,-0.02506744667256959,S05,10,2,58,False
156.85,-0.028764424850564123,S05,10,2,59,False
159.86363636363637,-0.021666308423583063,S05,10,2,60,False
163.65454545454546,-0.025797150512290923,S05,10,2,61,False
166.76363636363635,-0.02868168682075943,S05,10,2,62,False
169.38181818181818,0.023039484906635137,S05,10,2,63,False
172.41363636363636,0.011100958736164228,S05,10,2,64,False
175.69545454545454,-0.022503917809977503,S05,10,2,65,False
178.21818181818182,-0.024085290046632905,S05,10,2,66,False
182.26818181818183,0.012941974018692976,S05,10,2,67,False
184.87727272727273,-0.02759059692288377,S05,10,2,68,False
188.6909090909091,-0.027807041681441692,S05,10,2,69,False
192.50454545454545,-0.027421253446992644,S05,10,2,70,False
195.1818181818182,0.013367978098972281,S05,10,2,71,False
198.5772727272727,-0.027214423875304955,S05,10,2,72,False
202.35454545454544,-0.022683340840865988,S05,10,2,73,False
204.61363636363637,-0.02110479919197182,S05,10,2,74,False
208.03181818181818,0.02124564400833011,S05,10,2,75,False
211.10454545454544,0.008323332260619586,S05,10,2,76,False
213.36363636363637,0.011366136878571173,S05,10,2,77,False
216.00454545454545,-0.028660960767099543,S05,10,2,78,False
219.38636363636363,0.014121373559949756,S05,10,2,79,False
221.51363636363635,0.00864817273538358,S05,10,2,80,False
224.28636363636363,-0.02114960596560013,S05,10,2,81,False
226.6409090909091,-0.028540941248740036,S05,10,2,82,False
228.95909090909092,-0.02466991236061992,S05,10,2,83,False
231.08636363636364,-0.019676145104089268,S05,10,2,84,False
233.36818181818182,-0.023498508966408226,S05,10,2,85,False
236.3909090909091,-0.023566679673185417,S05,10,2,86,False
239.1,0.013516274554173882,S05,10,2,87,False
242.5909090909091,-0.023211724999420744,S05,10,2,88,False
246.27727272727273,-0.027835397998470224,S05,10,2,89,False
248.62272727272727,-0.028734236935275485,S05,10,2,90,False
250.8090909090909,-0.021859522642422802,S05,10,2,91,False
253.11363636363637,-0.02763289744272821,S05,10,2,92,False
255.4181818181818,-0.028204345449545233,S05,10,2,93,False
257.6636363636364,-0.020246739827471417,S05,10,2,94,False
261.3772727272727,-0.028318162157426104,S05,10,2,95,False
263.4318181818182,0.007715193528252023,S05,10,2,96,False
265.54545454545456,0.0113512993585826,S05,10,2,97,False
268.00454545454545,0.012373596938313934,S05,10,2,98,False
270.0954545454546,0.010567292732594111,S05,10,2,99,False
273.2590909090909,0.01388421874857201,S05,10,2,100,False
275.35,0.008638351379662523,S05,10,2,101,False
279.19545454545454,0.008017072011745433,S05,10,2,102,False
282.16818181818184,0.010547054299922512,S05,10,2,103,False
285.3090909090909,0.013291798244552146,S05,10,2,104,False
287.74545454545455,0.006210340107250727,S05,10,2,105,False
289.8681818181818,0.01674889659982905,S05,10,2,106,False
293.2590909090909,-0.02333526731073534,S05,10,2,107,False
295.92727272727274,0.009224842899362276,S05,10,2,108,False
299.3909090909091,-0.025314660143967112,S05,10,2,109,False
301.5409090909091,-0.02209794503937489,S05,10,2,110,False
303.8954545454545,-0.018260108713027887,S05,10,2,111,False
306.1636363636364,-0.02373643954519511,S05,10,2,112,False
309.15,-0.02736467837865311,S05,10,2,113,False
312.9727272727273,-0.02891761108700556,S05,10,2,114,False
315.7318181818182,0.011777528251455397,S05,10,2,115,False
319.4590909090909,0.013121470776229036,S05,10,2,116,False
323.54545454545456,-0.025989723427403678,S05,10,2,117,False
326.65909090909093,-0.02534464247779284,S05,10,2,118,False
329.2318181818182,0.014966528590370405,S05,10,2,119,False
331.26363636363635,-0.016919104040456205,S05,10,2,120,False
333.3181818181818,-0.026789786533177283,S05,10,2,121,False
336.43636363636364,-0.022123229692399247,S05,10,2,122,False
338.7181818181818,-0.026800187629700843,S05,10,2,123,False
341.3818181818182,0.010679483090850426,S05,10,2,124,False
344.7227272727273,-0.021017269403250348,S05,10,2,125,False
347.0090909090909,-0.024889741482493507,S05,10,2,126,False
350.73636363636365,-0.024830715871538126,S05,10,2,127,False
353.1136363636364,-0.025651412183726095,S05,10,2,128,False
356.84090909090907,-0.028361150092482166,S05,10,2,129,False
359.2181818181818,-0.026543303772288505,S05,10,2,130,False
363.2318181818182,0.01383684511897057,S05,10,2,131,False
365.9681818181818,-0.025113154199376722,S05,10,2,132,False
369.44545454545454,0.012213592571244866,S05,10,2,133,False
372.85,-0.027141192803038165,S05,10,2,134,False
376.99545454545455,0.009955628494951903,S05,10,2,135,False
380.0181818181818,0.01620137340964655,S05,10,2,136,False
384.0590909090909,-0.10795938744465933,S05,10,2,137,True
386.09090909090907,0.01437167946563521,S05,10,2,138,False
389.9227272727273,0.015489526631101029,S05,10,2,139,False
392.94545454545454,0.013145004418965357,S05,10,2,140,False
396.93636363636364,-0.023904123496815637,S05,10,2,141,False
400.4909090909091,0.01324649620658949,S05,10,2,142,False
402.56363636363636,-0.022625026095807507,S05,10,2,143,False
404.75,-0.026406280860126363,S05,10,2,144,False
406.93636363636364,-0.032425309364395805,S05,10,2,145,False
409.9590909090909,-0.029291437550998292,S05,10,2,146,False
412.9818181818182,-0.025720376566407,S05,10,2,147,False
415.6454545454545,0.01312245612641284,S05,10,2,148,False
417.67727272727274,-0.020610626836963263,S05,10,2,149,False
419.8636363636364,-0.021435796395504598,S05,10,2,150,False
422.3363636363636,0.00969099504214629,S05,10,2,151,False
424.65909090909093,0.0766757200391506,S05,10,2,152,False
427.30454545454546,-0.02585322412484329,S05,10,2,153,False
430.5409090909091,-0.0843377773786581,S05,10,2,154,False
432.6409090909091,-0.02689575031636227,S05,10,2,155,False
435.1090909090909,-0.023013288219973546,S05,10,2,156,False
438.01363636363635,-0.07716591259758601,S05,10,2,157,False
441.66818181818184,-0.025870132808338074,S05,10,2,158,False
445.3727272727273,-0.07507768932628642,S05,10,2,159,False
447.54545454545456,0.010760203643083877,S05,10,2,160,False
451.3727272727273,-0.0704234264327933,S05,10,2,161,False
454.71363636363634,-0.026640488932734546,S05,10,2,162,False
457.6045454545455,-0.02244069275761674,S05,10,2,163,False
459.9818181818182,-0.0288123697854875,S05,10,2,164,False
462.9681818181818,-0.025385576534143944,S05,10,2,165,False
465.95454545454544,-0.027235398925197808,S05,10,2,166,False
469.03636363636366,-0.023613509465820824,S05,10,2,167,False
471.91818181818184,-0.02255910113626923,S05,10,2,168,False
475.6318181818182,-0.08321629004447724,S05,10,2,169,False
478.8454545454546,-0.02956462642956508,S05,10,2,170,False
481.9727272727273,-0.023161841602959504,S05,10,2,171,False
484.5772727272727,0.011078445815764459,S05,10,2,172,False
487.4909090909091,0.00937794530235006,S05,10,2,173,False
489.58181818181816,-0.02684348958010967,S05,10,2,174,False
493.4045454545454,-0.03284332547142549,S05,10,2,175,False
496.67727272727274,0.01272434273990901,S05,10,2,176,False
499.05454545454546,0.009090774750726597,S05,10,2,177,False
0.5772727272727273,-0.021559975438824305,S05,10,3,1,False
2.7818181818181817,-0.02477169976218377,S05,10,3,2,False
6.531818181818182,-0.026182873378659936,S05,10,3,3,False
10.413636363636364,-0.026031493263278596,S05,10,3,4,False
13.409090909090908,-0.025016895767392217,S05,10,3,5,False
15.577272727272728,-0.017814533328237542,S05,10,3,6,False
17.945454545454545,-0.024928964319052106,S05,10,3,7,False
21.172727272727272,0.008074057495687008,S05,10,3,8,False
23.28181818181818,-0.025804601445475916,S05,10,3,9,False
25.495454545454546,-0.018006510349481718,S05,10,3,10,False
27.727272727272727,-0.026089323678296153,S05,10,3,11,False
30.436363636363637,0.005193708819241618,S05,10,3,12,False
32.736363636363635,0.01201243562336008,S05,10,3,13,False
35.79090909090909,0.01350013997142934,S05,10,3,14,False
39.518181818181816,0.00869209831526803,S05,10,3,15,False
42.25,-0.025023947696106948,S05,10,3,16,False
44.49090909090909,-0.018931750386796807,S05,10,3,17,False
46.75454545454546,-0.023204055602928632,S05,10,3,18,False
49.027272727272724,-0.021466817612485596,S05,10,3,19,False
52.45454545454545,0.005930692774860941,S05,10,3,20,False
54.7,0.014036362498263476,S05,10,3,21,False
57.372727272727275,-0.029607674556192926,S05,10,3,22,False
59.57727272727273,-0.02100454012659119,S05,10,3,23,False
61.59090909090909,0.006004205082468532,S05,10,3,24,False
64.19090909090909,-0.024988490580439126,S05,10,3,25,False
67.58636363636364,0.012664513094270318,S05,10,3,26,False
70.21818181818182,-0.02931755677384865,S05,10,3,27,False
72.85454545454546,0.007468689538193089,S05,10,3,28,False
75.58636363636364,-0.023985560162256638,S05,10,3,29,False
78.58181818181818,-0.025840067865205554,S05,10,3,30,False
82.33181818181818,-0.02543142984825607,S05,10,3,31,False
84.99090909090908,0.013925079155679887,S05,10,3,32,False
88.34545454545454,-0.025196648298191106,S05,10,3,33,False
90.64545454545454,-0.02329976973465331,S05,10,3,34,False
93.7,-0.027934194717980348,S05,10,3,35,False
97.37727272727273,-0.02516775291476691,S05,10,3,36,False
101.18636363636364,-0.025144897808619764,S05,10,3,37,False
104.69545454545455,0.01109794696592303,S05,10,3,38,False
107.38636363636364,-0.022712799825664976,S05,10,3,39,False
110.31363636363636,-0.027184763895829717,S05,10,3,40,False
113.82272727272728,0.012141788532419845,S05,10,3,41,False
115.89545454545454,-0.018085220935821444,S05,10,3,42,False
117.93181818181819,-0.02621311643576521,S05,10,3,43,False
121.74090909090908,-0.026244502556188785,S05,10,3,44,False
124.7909090909091,-0.022255346549586268,S05,10,3,45,False
127.09545454545454,-0.023116829784284747,S05,10,3,46,False
130.8090909090909,-0.02688435199340479,S05,10,3,47,False
133.1090909090909,-0.024062156298783242,S05,10,3,48,False
135.4090909090909,-0.026492955097314412,S05,10,3,49,False
138.36818181818182,-0.025817186379781094,S05,10,3,50,False
142.21363636363637,-0.022937243042653238,S05,10,3,51,False
145.92727272727274,-0.02588254620219127,S05,10,3,52,False
147.92727272727274,0.011843525588497085,S05,10,3,53,False
150.09545454545454,0.010749759693025279,S05,10,3,54,False
153.94545454545454,0.013417326366617742,S05,10,3,55,False
156.21363636363637,0.009140040408046399,S05,10,3,56,False
158.47727272727272,0.007524345592883758,S05,10,3,57,False
160.64545454545456,0.004347367607927381,S05,10,3,58,False
162.97272727272727,0.013427167466681047,S05,10,3,59,False
166.78181818181818,0.013549236463956477,S05,10,3,60,False
168.85454545454544,-0.022028755156424946,S05,10,3,61,False
170.8909090909091,-0.025188431407713704,S05,10,3,62,False
173.94545454545454,-0.023622021111829865,S05,10,3,63,False
178.20909090909092,0.013691365785492007,S05,10,3,64,False
180.77272727272728,-0.02164018447099831,S05,10,3,65,False
183.1681818181818,-0.023769794489471835,S05,10,3,66,False
185.73181818181817,0.008069715470523878,S05,10,3,67,False
188.05454545454546,0.012045781222613999,S05,10,3,68,False
191.37272727272727,-0.027930715960014896,S05,10,3,69,False
193.76818181818183,-0.02242173205156927,S05,10,3,70,False
196.03181818181818,-0.026474937032056372,S05,10,3,71,False
198.29545454545453,-0.023714187440506056,S05,10,3,72,False
200.5590909090909,-0.025314704088183825,S05,10,3,73,False
203.5772727272727,-0.027838205213526382,S05,10,3,74,False
206.16363636363636,0.012758877900567967,S05,10,3,75,False
208.4909090909091,0.003947607581327931,S05,10,3,76,False
210.6909090909091,0.013887954315329753,S05,10,3,77,False
214.53636363636363,0.008427717603162268,S05,10,3,78,False
218.0090909090909,-0.025826413360867682,S05,10,3,79,False
220.59545454545454,0.01227987501456631,S05,10,3,80,False
222.63181818181818,-0.0187314503122216,S05,10,3,81,False
224.63181818181818,-0.02404163183487075,S05,10,3,82,False
227.12272727272727,-0.022443606180829058,S05,10,3,83,False
229.35,-0.03198251899325598,S05,10,3,84,False
231.5772727272727,-0.03217787513019473,S05,10,3,85,False
233.80454545454546,-0.029545349908767185,S05,10,3,86,False
237.01363636363635,-0.02510281454129735,S05,10,3,87,False
239.1090909090909,-0.028297632014427674,S05,10,3,88,False
241.4318181818182,-0.026331340434488933,S05,10,3,89,False
243.88636363636363,-0.018222258735772403,S05,10,3,90,False
245.94545454545454,-0.026462988203118067,S05,10,3,91,False
247.96818181818182,0.009034167395244142,S05,10,3,92,False
251.1409090909091,-0.023697228857663673,S05,10,3,93,False
253.97727272727272,0.009929003711728262,S05,10,3,94,False
257.4727272727273,-0.021779407505990996,S05,10,3,95,False
261.0272727272727,-0.024354286749306422,S05,10,3,96,False
263.99545454545455,-0.02172973425738412,S05,10,3,97,False
266.4727272727273,-0.025956141881946462,S05,10,3,98,False
268.5863636363636,-0.02007541534363894,S05,10,3,99,False
271.2590909090909,0.01252803368297424,S05,10,3,100,False
273.6045454545455,0.01418932803669816,S05,10,3,101,False
275.6227272727273,-0.023354813796068196,S05,10,3,102,False
277.84090909090907,-0.022928293058167085,S05,10,3,103,False
280.8681818181818,-0.027875989313289235,S05,10,3,104,False
283.4818181818182,0.014802834055833568,S05,10,3,105,False
286.07272727272726,-0.02583109720640829,S05,10,3,106,False
289.19545454545454,-0.028123033614759714,S05,10,3,107,False
292.99545454545455,-0.023791621706796093,S05,10,3,108,False
295.9909090909091,-0.02378718214519665,S05,10,3,109,False
298.7181818181818,0.011173217429208751,S05,10,3,110,False
300.9045454545454,0.013068038977124209,S05,10,3,111,False
303.2,0.014539721197475982,S05,10,3,112,False
306.5863636363636,-0.025602996213693174,S05,10,3,113,False
308.8636363636364,-0.021521566025092965,S05,10,3,114,False
311.0772727272727,-0.022414768132355857,S05,10,3,115,False
313.3863636363636,-0.02867689655863627,S05,10,3,116,False
315.67727272727274,-0.02343038125880402,S05,10,3,117,False
318.00454545454545,-0.026819076230063382,S05,10,3,118,False
320.50454545454545,0.011156340715895649,S05,10,3,119,False
324.3818181818182,0.01041320560270417,S05,10,3,120,False
326.48636363636365,0.008601844229559097,S05,10,3,121,False
328.8909090909091,0.015290939536795953,S05,10,3,122,False
331.1409090909091,0.010196559414925867,S05,10,3,123,False
333.15,-0.026150137347420103,S05,10,3,124,False
335.4227272727273,-0.027319607963122324,S05,10,3,125,False
338.7818181818182,0.011213266563331284,S05,10,3,126,False
342.1090909090909,-0.024345312707332947,S05,10,3,127,False
344.21363636363634,0.007703402584805787,S05,10,3,128,False
346.3545454545455,0.013224634689822847,S05,10,3,129,False
348.98636363636365,-0.026786176659812942,S05,10,3,130,False
352.32272727272726,0.012683002181864883,S05,10,3,131,False
354.76363636363635,0.01085264319942263,S05,10,3,132,False
358.1,-0.03123714991824969,S05,10,3,133,False
362.25,0.011182514698187613,S05,10,3,134,False
365.5590909090909,-0.020361102605902546,S05,10,3,135,False
367.57272727272726,0.013782323797933177,S05,10,3,136,False
369.84090909090907,0.013671019832456159,S05,10,3,137,False
373.6136363636364,0.011907515210089165,S05,10,3,138,False
377.7772727272727,-0.02359341335927935,S05,10,3,139,False
380.0863636363636,-0.02583621204289896,S05,10,3,140,False
382.16818181818184,-0.021019975080395825,S05,10,3,141,False
384.21363636363634,0.01084999709451814,S05,10,3,142,False
388.05,0.013020079836842374,S05,10,3,143,False
390.2681818181818,0.011481579070754581,S05,10,3,144,False
393.6909090909091,-0.02645152457368202,S05,10,3,145,False
397.0409090909091,0.013322136020442285,S05,10,3,146,False
400.8590909090909,0.01216602862074547,S05,10,3,147,False
404.30454545454546,-0.025335986099831342,S05,10,3,148,False
407.7181818181818,0.013497661707521133,S05,10,3,149,False
410.3181818181818,-0.02027979456857564,S05,10,3,150,False
413.05,0.010551943929503567,S05,10,3,151,False
416.5318181818182,-0.02479881237288395,S05,10,3,152,False
418.7090909090909,-0.022318253654794847,S05,10,3,153,False
421.30454545454546,0.010429105426088358,S05,10,3,154,False
424.6545454545454,-0.027762812725945815,S05,10,3,155,False
428.1727272727273,0.016715844312216517,S05,10,3,156,False
430.7681818181818,-0.021592764575149553,S05,10,3,157,False
433.1,-0.02487176212062036,S05,10,3,158,False
436.05454545454546,-0.020526152662754833,S05,10,3,159,False
439.1409090909091,-0.027599357645306223,S05,10,3,160,False
441.83181818181816,0.014933319810888905,S05,10,3,161,False
444.8590909090909,0.012761563878809078,S05,10,3,162,False
447.7409090909091,-0.09195163235643425,S05,10,3,163,True
450.1363636363636,0.014277724219667434,S05,10,3,164,False
453.5090909090909,-0.08019681489677016,S05,10,3,165,False
455.8863636363636,-0.026354938005233884,S05,10,3,166,False
459.58181818181816,-0.027282489163462195,S05,10,3,167,False
462.5954545454546,-0.0241958428237959,S05,10,3,168,False
465.0590909090909,-0.07816249686513395,S05,10,3,169,False
467.9409090909091,-0.027375131978965454,S05,10,3,170,False
470.53636363636366,0.010835985129486969,S05,10,3,171,False
472.6045454545455,-0.02254491408672673,S05,10,3,172,False
474.7090909090909,-0.024500371335225753,S05,10,3,173,False
476.7818181818182,0.06427984320754687,S05,10,3,174,False
479.68636363636364,0.013212273687775649,S05,10,3,175,False
482.35,-0.021544406214158145,S05,10,3,176,False
485.85,-0.07773856616130423,S05,10,3,177,False
489.95454545454544,-0.026335025505988097,S05,10,3,178,False
492.1545454545454,-0.029236599381580713,S05,10,3,179,False
494.3545454545455,-0.023344310639897756,S05,10,3,180,False
497.8636363636364,0.01172782088049763,S05,10,3,181,False
499.97727272727275,0.06632181167435591,S05,10,3,182,False
1.0454545454545454,-0.021096537788080738,S05,25,1,1,False
3.3545454545454545,-0.021194106195639717,S05,25,1,2,False
5.531818181818182,-0.026563400541881707,S05,25,1,3,False
10.209090909090909,-0.02714132731022807,S05,25,1,4,False
14.622727272727273,-0.026441542802560655,S05,25,1,5,False
16.986363636363638,-0.022700352774737767,S05,25,1,6,False
20.4,0.015897340591661206,S05,25,1,7,False
23.46818181818182,0.012563234303916586,S05,25,1,8,False
26.75,-0.02575978772665144,S05,25,1,9,False
29.5,0.017045398802512986,S05,25,1,10,False
33.65,-0.022489461465593927,S05,25,1,11,False
35.75454545454546,-0.022624861451670034,S05,25,1,12,False
38.18181818181818,-0.0260594860185398,S05,25,1,13,False
41.15909090909091,-0.022490353543855875,S05,25,1,14,False
45.00909090909091,-0.028252703715392923,S05,25,1,15,False
48.44090909090909,0.009189988025051318,S05,25,1,16,False
51.8,-0.02777573088510257,S05,25,1,17,False
55.25454545454546,0.013939726969241836,S05,25,1,18,False
59.71363636363636,0.014861861478422412,S05,25,1,19,False
63.10909090909091,-0.026438466483317838,S05,25,1,20,False
71.5,-0.028144583850916956,S05,25,1,21,False
75.52727272727273,0.009739210379050305,S05,25,1,22,False
78.33636363636364,-0.028528750018561755,S05,25,1,23,False
80.46363636363637,-0.023255507221327104,S05,25,1,24,False
82.51818181818182,0.011051984836571797,S05,25,1,25,False
86.06818181818181,-0.02269701821937333,S05,25,1,26,False
91.50454545454545,0.0108377173517505,S05,25,1,27,False
93.53636363636363,-0.027932947252539378,S05,25,1,28,False
96.82272727272728,0.011512616228060494,S05,25,1,29,False
99.16363636363636,0.012076322226161682,S05,25,1,30,False
102.54545454545455,-0.026972950573087226,S05,25,1,31,False
106.40454545454546,-0.027458254047920752,S05,25,1,32,False
108.68181818181819,-0.02338909443828604,S05,25,1,33,False
110.96818181818182,-0.02485790363361521,S05,25,1,34,False
114.33636363636364,0.012465546976184964,S05,25,1,35,False
116.94090909090909,-0.027108249399821156,S05,25,1,36,False
120.34545454545454,0.010156723799730791,S05,25,1,37,False
123.16363636363636,-0.022954803923734713,S05,25,1,38,False
127.52272727272727,-0.026028410523230953,S05,25,1,39,False
132.07272727272726,-0.02721525266456537,S05,25,1,40,False
134.8318181818182,0.009866833510427844,S05,25,1,41,False
137.3272727272727,-0.025675540346822803,S05,25,1,42,False
140.46818181818182,-0.02709681340175025,S05,25,1,43,False
143.6090909090909,-0.023440809501293167,S05,25,1,44,False
147.96818181818182,-0.02602064221421032,S05,25,1,45,False
151.71818181818182,-0.0229555939019402,S05,25,1,46,False
156.30454545454546,-0.025821454884518702,S05,25,1,47,False
158.55,-0.025641739957029733,S05,25,1,48,False
161.25,0.008652479676916127,S05,25,1,49,False
163.49545454545455,0.011753003512526365,S05,25,1,50,False
165.89545454545456,0.012670597673485244,S05,25,1,51,False
168.5,-0.03092451018301961,S05,25,1,52,False
171.5818181818182,-0.028268848393181167,S05,25,1,53,False
176.01363636363635,-0.026923633667864683,S05,25,1,54,False
179.38181818181818,0.008700159664390817,S05,25,1,55,False
182.51363636363635,0.01371850278583461,S05,25,1,56,False
185.90454545454546,-0.030019409337604382,S05,25,1,57,False
190.1090909090909,0.013567773444688217,S05,25,1,58,False
193.11818181818182,0.012635602469107486,S05,25,1,59,False
196.57272727272726,-0.026296722217767337,S05,25,1,60,False
199.59545454545454,-0.025107355886102994,S05,25,1,61,False
203.26363636363635,-0.02648569497748946,S05,25,1,62,False
205.6727272727273,-0.023401230790495282,S05,25,1,63,False
207.9,-0.028336093402551384,S05,25,1,64,False
211.67727272727274,-0.025744807370593016,S05,25,1,65,False
214.73636363636365,-0.02801361458870325,S05,25,1,66,False
219.38636363636363,-0.024775506062915856,S05,25,1,67,False
221.73636363636365,0.010322237318067369,S05,25,1,68,False
223.84545454545454,-0.023614446617345318,S05,25,1,69,False
226.78636363636363,-0.02514156135476578,S05,25,1,70,False
229.0818181818182,-0.023153673483754977,S05,25,1,71,False
231.37272727272727,-0.031231175568060418,S05,25,1,72,False
235.96818181818182,-0.025162788362029537,S05,25,1,73,False
239.68636363636364,-0.026844919840989107,S05,25,1,74,False
241.97727272727272,-0.025471416554845572,S05,25,1,75,False
245.01363636363635,-0.02131987865933141,S05,25,1,76,False
247.31363636363636,-0.02445897187736533,S05,25,1,77,False
249.34545454545454,0.008502420571950612,S05,25,1,78,False
251.41363636363636,0.016151932019764764,S05,25,1,79,False
254.16363636363636,-0.026942865176106705,S05,25,1,80,False
257.8454545454546,-0.02720211550465776,S05,25,1,81,False
262.8181818181818,0.01122731579589476,S05,25,1,82,False
265.8772727272727,0.013494455630064859,S05,25,1,83,False
270.81363636363636,-0.026143816229535613,S05,25,1,84,False
274.8954545454545,0.012686773905050856,S05,25,1,85,False
277.2,0.012733915649498351,S05,25,1,86,False
279.4727272727273,0.0198583532594838,S05,25,1,87,False
282.5590909090909,0.01483421156365356,S05,25,1,88,False
285.5272727272727,0.009424074478334512,S05,25,1,89,False
288.6045454545455,0.014237826631530968,S05,25,1,90,False
292.3090909090909,0.013856007099229748,S05,25,1,91,False
296.41818181818184,-0.02473923659925369,S05,25,1,92,False
298.50454545454545,0.00956758373356951,S05,25,1,93,False
301.4590909090909,0.01550854086495301,S05,25,1,94,False
305.54545454545456,-0.026659354255549078,S05,25,1,95,False
307.7318181818182,-0.024023724068636575,S05,25,1,96,False
310.3727272727273,0.010467324030314978,S05,25,1,97,False
312.42727272727274,-0.026109601527153803,S05,25,1,98,False
315.3545454545455,-0.021291298881541125,S05,25,1,99,False
318.05454545454546,0.013146981299590608,S05,25,1,100,False
320.0863636363636,-0.024742063398199184,S05,25,1,101,False
322.4045454545454,-0.021170878722981654,S05,25,1,102,False
324.43636363636364,-0.09810596574258222,S05,25,1,103,False
327.1363636363636,0.010741105333131148,S05,25,1,104,False
330.58181818181816,-0.0766490104626422,S05,25,1,105,False
333.3272727272727,0.008462029202497732,S05,25,1,106,False
335.40909090909093,0.06383607232912514,S05,25,1,107,False
339.30454545454546,0.012259295349768022,S05,25,1,108,False
342.7909090909091,-0.08134606309412908,S05,25,1,109,False
346.99545454545455,-0.07537762675396056,S05,25,1,110,False
351.0772727272727,-0.08173466033916757,S05,25,1,111,False
353.2409090909091,-0.026565904117617202,S05,25,1,112,False
355.82272727272726,-0.06165289965855554,S05,25,1,113,False
359.51363636363635,-0.07353469268567454,S05,25,1,114,False
363.6227272727273,0.051533067338243026,S05,25,1,115,False
366.93636363636364,0.05016954563473852,S05,25,1,116,False
370.1136363636364,0.07522782792502256,S05,25,1,117,False
373.7409090909091,-0.09100354904248402,S05,25,1,118,False
376.7227272727273,-0.058647255232838154,S05,25,1,119,False
379.01363636363635,-0.026733636538888307,S05,25,1,120,False
381.21363636363634,-0.027224394378739858,S05,25,1,121,False
383.4136363636364,-0.07388114517034422,S05,25,1,122,False
387.1818181818182,-0.08484101391406251,S05,25,1,123,False
389.91818181818184,0.013695360515292767,S05,25,1,124,False
392.4227272727273,0.045475276675055416,S05,25,1,125,False
394.6227272727273,0.027152708441859436,S05,25,1,126,False
397.5,-0.08348033168967188,S05,25,1,127,False
399.6818181818182,-0.0424597811336102,S05,25,1,128,False
402.3954545454545,-0.053583802576562006,S05,25,1,129,False
404.7409090909091,-0.08204411856011351,S05,25,1,130,False
408.09090909090907,0.04429866184524497,S05,25,1,131,False
411.8954545454545,-0.07516158628064736,S05,25,1,132,False
414.2772727272727,0.06287510503238057,S05,25,1,133,False
417.3363636363636,-0.07657104991302181,S05,25,1,134,False
420.7909090909091,-0.10449964532959385,S05,25,1,135,False
422.8454545454546,-0.03123214179742002,S05,25,1,136,False
424.9227272727273,-0.06690039500810677,S05,25,1,137,False
427.92727272727274,-0.04978199639960161,S05,25,1,138,False
430.03636363636366,-0.06504320663028648,S05,25,1,139,False
434.05,-0.072993897444094,S05,25,1,140,False
436.4590909090909,-0.035416864909810275,S05,25,1,141,False
438.7772727272727,-0.08204625176130112,S05,25,1,142,False
442.1272727272727,-0.13354053117519615,S05,25,1,143,False
446.03636363636366,0.051391750831257424,S05,25,1,144,False
449.8181818181818,-0.07091518918528605,S05,25,1,145,False
453.67727272727274,0.06029440834432517,S05,25,1,146,False
457.1227272727273,-0.08473826262519588,S05,25,1,147,False
459.1363636363636,-0.023049354871090715,S05,25,1,148,False
461.2227272727273,-0.07244001561760655,S05,25,1,149,False
464.6818181818182,-0.09138685143128575,S05,25,1,150,False
468.58181818181816,-0.08287229883982788,S05,25,1,151,False
472.6227272727273,-0.12739902049243984,S05,25,1,152,False
475.71363636363634,0.060864108693208074,S05,25,1,153,False
477.8818181818182,-0.11063275506283154,S05,25,1,154,False
481.9318181818182,-0.07767597601667206,S05,25,1,155,False
484.2909090909091,-0.11350300522100634,S05,25,1,156,False
487.85,-0.12005577132543477,S05,25,1,157,False
490.7090909090909,0.05893179511243066,S05,25,1,158,False
494.42727272727274,-0.17475063920671025,S05,25,1,159,True
497.67727272727274,-0.08407239529432335,S05,25,1,160,False
499.8,0.011076916047277792,S05,25,1,161,False
4.372727272727273,-0.02429112149978447,S05,25,2,1,False
6.609090909090909,-0.027642066805629813,S05,25,2,2,False
9.622727272727273,-0.024336844952150265,S05,25,2,3,False
11.85909090909091,-0.02881494083841306,S05,25,2,4,False
16.331818181818182,-0.023670221668630084,S05,25,2,5,False
18.795454545454547,-0.026439106289391456,S05,25,2,6,False
21.03181818181818,-0.023370836201221174,S05,25,2,7,False
23.26818181818182,-0.028771970225030898,S05,25,2,8,False
25.504545454545454,-0.024552229360292242,S05,25,2,9,False
28.59090909090909,-0.0275215724133981,S05,25,2,10,False
32.30909090909091,-0.02572620001803783,S05,25,2,11,False
34.64090909090909,-0.028241807126570605,S05,25,2,12,False
36.74545454545454,-0.02468718194838508,S05,25,2,13,False
40.04545454545455,-0.024963272243125147,S05,25,2,14,False
44.11818181818182,0.01565731036264996,S05,25,2,15,False
47.527272727272724,-0.024846827876375682,S05,25,2,16,False
50.445454545454545,-0.025735873575818018,S05,25,2,17,False
53.54090909090909,-0.02793020305883511,S05,25,2,18,False
56.50454545454546,-0.02545049901476179,S05,25,2,19,False
59.945454545454545,0.013770318736951014,S05,25,2,20,False
65.0,-0.023587313540396483,S05,25,2,21,False
67.18636363636364,-0.026939227266426738,S05,25,2,22,False
71.00909090909092,-0.026118343610892512,S05,25,2,23,False
75.81818181818181,0.011464103441439357,S05,25,2,24,False
79.71818181818182,0.01607361755274881,S05,25,2,25,False
81.99090909090908,0.01445647370797181,S05,25,2,26,False
85.35454545454546,-0.02789412832935955,S05,25,2,27,False
88.4,-0.024236157347174103,S05,25,2,28,False
91.92272727272727,0.01125883334178416,S05,25,2,29,False
94.10909090909091,0.015140158648051495,S05,25,2,30,False
96.83181818181818,-0.026323042587793066,S05,25,2,31,False
101.28636363636363,-0.02631773108442121,S05,25,2,32,False
104.33181818181818,-0.030526039082874077,S05,25,2,33,False
108.17727272727272,-0.025768067549285283,S05,25,2,34,False
112.02272727272727,-0.025829232528797458,S05,25,2,35,False
116.57272727272728,-0.024200441389328232,S05,25,2,36,False
119.86363636363636,0.011971640409648062,S05,25,2,37,False
123.23636363636363,-0.027596984769367443,S05,25,2,38,False
125.44545454545455,-0.023413024380211964,S05,25,2,39,False
128.57272727272726,-0.022582365971651898,S05,25,2,40,False
133.1,-0.0243536415882357,S05,25,2,41,False
135.6909090909091,0.012618231017815415,S05,25,2,42,False
139.95454545454547,-0.028840607540262932,S05,25,2,43,False
142.0681818181818,-0.02671407732536331,S05,25,2,44,False
146.10454545454544,-0.02276617450008404,S05,25,2,45,False
148.3090909090909,-0.025770866385460924,S05,25,2,46,False
150.42727272727274,-0.024210384612447438,S05,25,2,47,False
157.27727272727273,-0.02402231467420289,S05,25,2,48,False
161.22272727272727,-0.024489812418720384,S05,25,2,49,False
166.47727272727272,-0.027143397629444288,S05,25,2,50,False
169.61818181818182,-0.022570656442439826,S05,25,2,51,False
172.8909090909091,0.013221394032939862,S05,25,2,52,False
176.5681818181818,0.01054917355858373,S05,25,2,53,False
179.32272727272726,-0.03032298465568324,S05,25,2,54,False
185.70454545454547,0.0104747691451299,S05,25,2,55,False
189.92727272727274,-0.024690247274116027,S05,25,2,56,False
193.33636363636364,0.01287609384426274,S05,25,2,57,False
197.12272727272727,0.015369992506611791,S05,25,2,58,False
200.77272727272728,0.011225522054045145,S05,25,2,59,False
202.80454545454546,-0.023258245194154155,S05,25,2,60,False
205.7409090909091,-0.026217163538975484,S05,25,2,61,False
209.58636363636364,-0.025298698708209832,S05,25,2,62,False
212.62727272727273,-0.02583638412755841,S05,25,2,63,False
214.97272727272727,-0.024601867666474063,S05,25,2,64,False
217.21818181818182,-0.02874061517570229,S05,25,2,65,False
220.60454545454544,0.014300272922982091,S05,25,2,66,False
224.05,-0.026018704367113045,S05,25,2,67,False
226.29545454545453,-0.024075214305176944,S05,25,2,68,False
230.0772727272727,-0.028420822620460716,S05,25,2,69,False
233.77272727272728,-0.024740064516313887,S05,25,2,70,False
236.85454545454544,-0.033123493206081364,S05,25,2,71,False
239.93636363636364,-0.028711316077598484,S05,25,2,72,False
242.9227272727273,-0.03273238843913815,S05,25,2,73,False
245.20454545454547,-0.03200496128012441,S05,25,2,74,False
247.86818181818182,0.01913141896614891,S05,25,2,75,False
250.60454545454544,-0.02440821909105674,S05,25,2,76,False
253.91363636363636,0.01250259302772367,S05,25,2,77,False
256.2,0.014082862326097104,S05,25,2,78,False
260.2590909090909,-0.02537905486170218,S05,25,2,79,False
264.53636363636366,0.01490960762819224,S05,25,2,80,False
267.1545454545454,-0.024506115602565076,S05,25,2,81,False
270.53636363636366,0.013758528008536428,S05,25,2,82,False
273.8954545454545,-0.025435478185727244,S05,25,2,83,False
278.1272727272727,0.010452237367358142,S05,25,2,84,False
281.18636363636364,0.013544368569776371,S05,25,2,85,False
285.32272727272726,-0.025462897533137338,S05,25,2,86,False
288.07272727272726,0.012855489338311895,S05,25,2,87,False
290.6545454545454,-0.023605905330353765,S05,25,2,88,False
294.4681818181818,-0.025075797448145677,S05,25,2,89,False
296.95454545454544,0.014259960508130833,S05,25,2,90,False
304.59090909090907,0.011136842753989427,S05,25,2,91,False
306.6409090909091,-0.026972092892541454,S05,25,2,92,False
309.6545454545454,-0.024889123781975334,S05,25,2,93,False
313.6727272727273,0.015222476346794307,S05,25,2,94,False
315.9818181818182,0.019151022513064508,S05,25,2,95,False
318.40909090909093,0.012664083382870834,S05,25,2,96,False
320.9681818181818,-0.022804513722011595,S05,25,2,97,False
324.3863636363636,0.0181864509713632,S05,25,2,98,False
328.92727272727274,0.022612948530219314,S05,25,2,99,False
331.1727272727273,0.017240434838066813,S05,25,2,100,False
333.46363636363634,0.013920469095390853,S05,25,2,101,False
336.5681818181818,0.023641859109139324,S05,25,2,102,False
341.20454545454544,-0.03045838568805928,S05,25,2,103,False
344.8545454545455,0.013261282555861375,S05,25,2,104,False
347.28636363636366,-0.03837001673758802,S05,25,2,105,False
349.3590909090909,0.01940839315163845,S05,25,2,106,False
352.51363636363635,-0.04680480439343953,S05,25,2,107,False
355.42727272727274,0.024234467728447638,S05,25,2,108,False
357.80454545454546,0.015916595968122345,S05,25,2,109,False
360.47727272727275,-0.05214670971842471,S05,25,2,110,False
363.0772727272727,0.01761311457372593,S05,25,2,111,False
365.5272727272727,-0.06064047475345196,S05,25,2,112,False
370.22727272727275,-0.0319536908653848,S05,25,2,113,False
372.9227272727273,-0.053887273477754974,S05,25,2,114,False
375.41818181818184,-0.04822090473601676,S05,25,2,115,False
377.69545454545454,-0.06843659555261142,S05,25,2,116,False
379.7090909090909,0.02475723859592223,S05,25,2,117,False
382.2681818181818,0.03829941605980326,S05,25,2,118,False
384.27272727272725,0.030233071918130995,S05,25,2,119,False
388.3772727272727,-0.06724533630240309,S05,25,2,120,False
390.96363636363634,-0.06002753608371533,S05,25,2,121,False
395.20454545454544,-0.06287685000710899,S05,25,2,122,False
397.46363636363634,-0.03113982618002444,S05,25,2,123,False
399.57272727272726,-0.05837039311695226,S05,25,2,124,False
403.35,-0.05619624670375724,S05,25,2,125,False
407.2409090909091,-0.09407356725799026,S05,25,2,126,False
409.3090909090909,-0.03587818847116809,S05,25,2,127,False
412.6545454545454,0.04546453436707171,S05,25,2,128,False
414.8818181818182,-0.06727796694135268,S05,25,2,129,False
418.68636363636364,-0.08105587300595532,S05,25,2,130,False
421.1545454545454,-0.10455363866934689,S05,25,2,131,False
424.65909090909093,-0.07025405721330516,S05,25,2,132,False
428.34090909090907,-0.05835095658561529,S05,25,2,133,False
432.0590909090909,0.061663285349296,S05,25,2,134,False
436.4045454545454,0.15198809291103182,S05,25,2,135,False
439.3818181818182,0.05738530557293617,S05,25,2,136,False
443.0,0.19264647103230598,S05,25,2,137,True
447.04545454545456,0.06813477743339516,S05,25,2,138,False
449.09090909090907,-0.027598759139628105,S05,25,2,139,False
451.19545454545454,0.16748007888531188,S05,25,2,140,False
455.2772727272727,0.1521257505315913,S05,25,2,141,False
458.8181818181818,0.16449727691045993,S05,25,2,142,False
462.6636363636364,0.11743182319260088,S05,25,2,143,False
465.0954545454546,0.16857931400589615,S05,25,2,144,False
467.94545454545454,-0.14524488899494373,S05,25,2,145,False
470.1909090909091,-0.1562393953368042,S05,25,2,146,False
474.71363636363634,0.12676381502975845,S05,25,2,147,False
477.15909090909093,0.16940107866490742,S05,25,2,148,False
480.35,-0.1369749238069904,S05,25,2,149,False
484.4,-0.134495942227998,S05,25,2,150,False
487.7909090909091,0.16222830460271692,S05,25,2,151,False
490.4818181818182,0.16804653700537103,S05,25,2,152,False
493.42727272727274,0.16817840008451862,S05,25,2,153,False
496.74545454545455,0.143146266400821,S05,25,2,154,False
499.3909090909091,0.15641267723522734,S05,25,2,155,False
18.65909090909091,-0.028147521252886637,S05,25,3,1,False
21.62272727272727,-0.026892507747571966,S05,25,3,2,False
25.422727272727272,-0.027365924659765048,S05,25,3,3,False
65.56363636363636,-0.02713136814216086,S05,25,3,4,False
83.72727272727273,-0.0264342894352861,S05,25,3,5,False
111.05454545454545,-0.02951543446126923,S05,25,3,6,False
154.27727272727273,-0.028054542167254986,S05,25,3,7,False
168.97727272727272,0.014007777051415583,S05,25,3,8,False
183.04545454545453,-0.028629515295414305,S05,25,3,9,False
247.38636363636363,-0.03324986017559031,S05,25,3,10,False
250.46818181818182,-0.026381860725810176,S05,25,3,11,False
258.8181818181818,-0.0551409873678532,S05,25,3,12,False
261.80454545454546,-0.0487970266448869,S05,25,3,13,False
264.0272727272727,-0.03365531953218773,S05,25,3,14,False
267.16818181818184,-0.03140284029765647,S05,25,3,15,False
274.3,0.04981666896937967,S05,25,3,16,False
276.54545454545456,0.018638041330281768,S05,25,3,17,False
278.9409090909091,0.01344866840464783,S05,25,3,18,False
287.45,-0.027026091613010242,S05,25,3,19,False
291.42727272727274,-0.0298866225875686,S05,25,3,20,False
294.3772727272727,-0.02911360243163781,S05,25,3,21,False
296.94545454545454,0.021004411012111018,S05,25,3,22,False
299.3818181818182,0.015205344731785687,S05,25,3,23,False
301.65,0.014096879125405524,S05,25,3,24,False
309.6727272727273,0.027857126513002265,S05,25,3,25,False
314.08181818181816,-0.034898242383669016,S05,25,3,26,False
316.19545454545454,0.027503442106835203,S05,25,3,27,False
319.3954545454545,-0.03380598308242773,S05,25,3,28,False
323.1318181818182,-0.030199546429640525,S05,25,3,29,False
327.3454545454546,0.02965823895611102,S05,25,3,30,False
331.8863636363636,0.031094597039436078,S05,25,3,31,False
336.29545454545456,0.025021790322546186,S05,25,3,32,False
339.3954545454545,-0.04861094869373749,S05,25,3,33,False
343.8727272727273,0.029459462275274694,S05,25,3,34,False
347.4045454545454,-0.05700951898617156,S05,25,3,35,False
354.5409090909091,-0.04778070109070556,S05,25,3,36,False
356.9227272727273,-0.0398347350139911,S05,25,3,37,False
359.6454545454545,-0.0661901039562375,S05,25,3,38,False
361.9318181818182,-0.029596336422254624,S05,25,3,39,False
364.21363636363634,-0.07085617213681374,S05,25,3,40,False
366.7318181818182,0.04503186505226343,S05,25,3,41,False
369.67727272727274,0.055459563209366694,S05,25,3,42,False
373.29545454545456,-0.04247117874182027,S05,25,3,43,False
375.47727272727275,-0.06574945317281854,S05,25,3,44,False
379.84090909090907,-0.083912435725344,S05,25,3,45,False
383.94545454545454,-0.07480179858570608,S05,25,3,46,False
385.9909090909091,-0.04979883956187358,S05,25,3,47,False
388.1636363636364,-0.06567128425363485,S05,25,3,48,False
390.24545454545455,-0.04084735606646597,S05,25,3,49,False
394.0,-0.05791852370992058,S05,25,3,50,False
396.92727272727274,-0.058052675144418524,S05,25,3,51,False
401.45,-0.08256964124055657,S05,25,3,52,False
405.2,-0.06932074412968044,S05,25,3,53,False
407.24545454545455,-0.06998984053060654,S05,25,3,54,False
409.44545454545454,-0.08523886490740763,S05,25,3,55,False
411.83181818181816,-0.058326452930800396,S05,25,3,56,False
416.9,-0.07102287932356358,S05,25,3,57,False
420.99545454545455,-0.06655438635335272,S05,25,3,58,False
424.5409090909091,-0.07109085196582891,S05,25,3,59,False
428.9590909090909,-0.07642033022748955,S05,25,3,60,False
432.5181818181818,-0.05458125398235239,S05,25,3,61,False
434.6318181818182,-0.049639983889349676,S05,25,3,62,False
436.6818181818182,0.12704140894407917,S05,25,3,63,False
439.91818181818184,-0.05793874269731658,S05,25,3,64,False
442.9681818181818,0.13745672611173348,S05,25,3,65,False
445.9136363636364,0.045007577170063345,S05,25,3,66,False
449.25,0.16126605675445438,S05,25,3,67,False
452.3727272727273,0.06842707578898943,S05,25,3,68,False
455.3681818181818,0.14061537321374148,S05,25,3,69,False
457.5954545454546,0.14216338979966983,S05,25,3,70,False
460.05454545454546,0.045982481508124465,S05,25,3,71,False
462.2,0.1478577150260653,S05,25,3,72,False
465.51363636363635,0.1213990891245373,S05,25,3,73,False
469.3772727272727,-0.14257470522972548,S05,25,3,74,False
472.1409090909091,0.13980049421776866,S05,25,3,75,False
475.05,0.15127685931361162,S05,25,3,76,False
478.3454545454546,0.14405807093678374,S05,25,3,77,False
481.1272727272727,-0.21025111348216105,S05,25,3,78,False
484.3,0.22742266128592625,S05,25,3,79,True
488.5090909090909,-0.19440272906283076,S05,25,3,80,False
491.71363636363634,0.1451589093315795,S05,25,3,81,False
495.8909090909091,0.1315996638525352,S05,25,3,82,False
498.1409090909091,0.12708019855781147,S05,25,3,83,False
279.8181818181818,-0.05554652162845017,S05,50,1,1,False
282.0318181818182,-0.05985239571409786,S05,50,1,2,False
284.1136363636364,-0.056623034031480356,S05,50,1,3,False
287.05,-0.04912122919021883,S05,50,1,4,False
290.3590909090909,-0.04135275157521715,S05,50,1,5,False
296.1363636363636,0.05301982131959565,S05,50,1,6,False
298.19545454545454,-0.06102169285350535,S05,50,1,7,False
302.07272727272726,0.03630836981381224,S05,50,1,8,False
307.0772727272727,-0.058619655899255656,S05,50,1,9,False
310.98636363636365,0.026375637721996123,S05,50,1,10,False
313.8181818181818,-0.17100020022642543,S05,50,1,11,False
315.95,-0.09410287281572834,S05,50,1,12,False
319.18636363636364,-0.07374923609185381,S05,50,1,13,False
322.4318181818182,-0.05862341017479264,S05,50,1,14,False
324.44545454545454,-0.041158852004194335,S05,50,1,15,False
327.51363636363635,-0.07598047041749001,S05,50,1,16,False
332.2090909090909,-0.059425481917013113,S05,50,1,17,False
335.9318181818182,-0.06924709560023289,S05,50,1,18,False
339.8681818181818,-0.07685802923809146,S05,50,1,19,False
342.7681818181818,0.05850264188816023,S05,50,1,20,False
344.98636363636365,-0.04526055058551424,S05,50,1,21,False
347.05,-0.06537928509843927,S05,50,1,22,False
349.1136363636364,0.13703113430652492,S05,50,1,23,False
351.2227272727273,-0.04964661713965123,S05,50,1,24,False
354.35,0.15670109385824563,S05,50,1,25,False
356.9045454545454,0.0354191592772586,S05,50,1,26,False
359.43636363636364,0.06966653495982586,S05,50,1,27,False
361.45454545454544,0.10082754632853227,S05,50,1,28,False
366.4681818181818,0.16057820850154217,S05,50,1,29,False
371.0318181818182,0.15420941225579549,S05,50,1,30,False
373.46363636363634,0.15002424972604145,S05,50,1,31,False
377.3727272727273,0.1447540053727569,S05,50,1,32,False
380.34090909090907,0.13891343827313732,S05,50,1,33,False
382.98636363636365,0.13818774207763218,S05,50,1,34,False
385.4818181818182,0.14502825412183762,S05,50,1,35,False
387.5409090909091,0.03336340300496836,S05,50,1,36,False
389.7,0.1497940970976184,S05,50,1,37,False
392.84090909090907,0.17132022805833325,S05,50,1,38,False
395.65909090909093,0.1405106532535498,S05,50,1,39,False
398.5318181818182,0.1649323855883053,S05,50,1,40,False
401.03636363636366,0.14455077676251893,S05,50,1,41,False
404.25454545454545,0.13496812730514787,S05,50,1,42,False
407.1136363636364,0.16152025699335437,S05,50,1,43,False
410.05,-0.14572393893269037,S05,50,1,44,False
413.06363636363636,-0.1449924894473898,S05,50,1,45,False
417.8818181818182,0.14128500698544358,S05,50,1,46,False
420.1318181818182,0.1889977340656261,S05,50,1,47,False
422.6136363636364,0.045709346722272774,S05,50,1,48,False
424.9318181818182,-0.19285176779804875,S05,50,1,49,False
428.28636363636366,-0.13827334111265482,S05,50,1,50,False
432.19545454545454,0.1436655785704708,S05,50,1,51,False
434.8181818181818,-0.20913161943780723,S05,50,1,52,False
438.9681818181818,-0.18196257310490044,S05,50,1,53,False
441.55,-0.3761617433607175,S05,50,1,54,True
444.55,-0.1662975295566851,S05,50,1,55,False
447.34090909090907,0.3129485419568617,S05,50,1,56,False
450.31363636363636,0.20279952874297666,S05,50,1,57,False
452.4681818181818,-0.1412056890850563,S05,50,1,58,False
454.5590909090909,-0.16781445311817733,S05,50,1,59,False
457.2681818181818,0.17361538501690751,S05,50,1,60,False
461.31363636363636,0.20384670128293464,S05,50,1,61,False
463.65,-0.1607350411885798,S05,50,1,62,False
465.84090909090907,0.17870281842403182,S05,50,1,63,False
468.55454545454546,-0.15248541221871678,S05,50,1,64,False
471.56363636363636,0.16734758930180488,S05,50,1,65,False
473.75,-0.16511603623595733,S05,50,1,66,False
475.8772727272727,0.22910687101250976,S05,50,1,67,False
478.5181818181818,0.13664407658578603,S05,50,1,68,False
481.2909090909091,-0.1760051109645165,S05,50,1,69,False
483.74545454545455,-0.17498710766732617,S05,50,1,70,False
486.68636363636364,-0.20208375269926937,S05,50,1,71,False
489.24545454545455,-0.21686464522873328,S05,50,1,72,False
491.8545454545455,0.15179896962197373,S05,50,1,73,False
494.1818181818182,-0.16322154705332587,S05,50,1,74,False
496.43636363636364,-0.24299596154131026,S05,50,1,75,False
499.7409090909091,-0.16211222794315316,S05,50,1,76,False
57.54090909090909,-0.03145083324306206,S05,50,2,1,False
125.65454545454546,-0.03518689138906553,S05,50,2,2,False
185.4909090909091,-0.03190053733079363,S05,50,2,3,False
190.04090909090908,-0.0356367002980921,S05,50,2,4,False
234.02727272727273,-0.03353984612108535,S05,50,2,5,False
237.8409090909091,-0.03328357389889883,S05,50,2,6,False
259.4227272727273,0.020908937506223784,S05,50,2,7,False
262.31363636363636,0.021969254632242436,S05,50,2,8,False
268.47727272727275,0.020964800410540788,S05,50,2,9,False
274.5090909090909,0.02496855872606868,S05,50,2,10,False
278.8454545454546,0.03290660014066697,S05,50,2,11,False
284.5590909090909,0.029262405439397142,S05,50,2,12,False
288.9045454545454,0.04549012232854083,S05,50,2,13,False
294.23636363636365,0.028532601809765197,S05,50,2,14,False
297.31363636363636,-0.06784436004231359,S05,50,2,15,False
299.7409090909091,-0.04245896130071742,S05,50,2,16,False
302.1545454545454,-0.07480677982042308,S05,50,2,17,False
304.7318181818182,0.024913785331722678,S05,50,2,18,False
307.9136363636364,0.029807958921283177,S05,50,2,19,False
313.2818181818182,-0.050955069259181994,S05,50,2,20,False
317.3727272727273,-0.04915957812309896,S05,50,2,21,False
320.43636363636364,-0.06264840718753578,S05,50,2,22,False
324.1045454545455,-0.06550613752711912,S05,50,2,23,False
327.53636363636366,-0.05609514818791797,S05,50,2,24,False
331.77272727272725,-0.048187609936454046,S05,50,2,25,False
334.3590909090909,-0.03938528285575674,S05,50,2,26,False
337.99545454545455,0.03401728815921523,S05,50,2,27,False
340.45454545454544,0.037159820122389726,S05,50,2,28,False
342.74545454545455,0.10530776492699068,S05,50,2,29,False
345.83181818181816,0.14788045684786622,S05,50,2,30,False
348.3272727272727,-0.03956160301611823,S05,50,2,31,False
351.07272727272726,0.15095982793245932,S05,50,2,32,False
353.7090909090909,-0.049459292513145216,S05,50,2,33,False
356.76363636363635,0.1375714707139678,S05,50,2,34,False
359.3818181818182,0.04103771949971772,S05,50,2,35,False
361.9909090909091,-0.16709441950538167,S05,50,2,36,False
364.2181818181818,0.11636064571008412,S05,50,2,37,False
367.22727272727275,-0.06137607753565515,S05,50,2,38,False
370.1181818181818,0.1315771672381552,S05,50,2,39,False
372.7,0.14690177317519693,S05,50,2,40,False
374.80454545454546,-0.13319773299018975,S05,50,2,41,False
377.7909090909091,0.13039385384241028,S05,50,2,42,False
380.45454545454544,0.1622962951479674,S05,50,2,43,False
383.4045454545454,0.12874433393806378,S05,50,2,44,False
386.28636363636366,0.14475115790166249,S05,50,2,45,False
388.75,0.12853986581488805,S05,50,2,46,False
391.52272727272725,0.1292887501983477,S05,50,2,47,False
394.3181818181818,0.147139258073461,S05,50,2,48,False
396.9818181818182,0.1222355562674911,S05,50,2,49,False
399.6,0.15355561985825708,S05,50,2,50,False
402.3363636363636,0.13520853663928667,S05,50,2,51,False
404.99545454545455,0.13661882631892824,S05,50,2,52,False
407.5590909090909,0.12244428031653731,S05,50,2,53,False
409.6818181818182,0.11933228905942356,S05,50,2,54,False
411.8272727272727,0.08287778333298226,S05,50,2,55,False
414.70454545454544,0.10890146906355576,S05,50,2,56,False
417.5681818181818,0.13876753240003842,S05,50,2,57,False
420.24545454545455,0.12280952377259582,S05,50,2,58,False
424.20454545454544,0.1390769878338368,S05,50,2,59,False
426.42727272727274,0.1956639324258121,S05,50,2,60,False
429.53636363636366,0.2047929196170637,S05,50,2,61,False
433.0318181818182,-0.1090437729608115,S05,50,2,62,False
436.6454545454545,0.1477498803531342,S05,50,2,63,False
439.8590909090909,-0.18950118632403837,S05,50,2,64,False
442.0954545454546,0.12299990951329143,S05,50,2,65,False
444.4136363636364,-0.08514868974223747,S05,50,2,66,False
446.67727272727274,0.12636221537820058,S05,50,2,67,False
448.8181818181818,0.11318512048950587,S05,50,2,68,False
450.92727272727274,0.13250646008792696,S05,50,2,69,False
453.5181818181818,0.12344582633153184,S05,50,2,70,False
456.9681818181818,-0.15242852316448685,S05,50,2,71,False
459.23636363636365,0.1348905767487879,S05,50,2,72,False
461.7,-0.1862897651933443,S05,50,2,73,False
463.8772727272727,-0.1172642698198511,S05,50,2,74,False
466.4909090909091,-0.14372660520816888,S05,50,2,75,False
469.3636363636364,-0.15195462714494584,S05,50,2,76,False
472.5090909090909,-0.243086996671858,S05,50,2,77,True
475.4136363636364,-0.11772411524637386,S05,50,2,78,False
477.48636363636365,0.1687760888528585,S05,50,2,79,False
479.6272727272727,0.12645574932383813,S05,50,2,80,False
482.44545454545454,-0.16526744244812305,S05,50,2,81,False
486.48636363636365,0.1406667245202181,S05,50,2,82,False
489.7590909090909,-0.1242495476123546,S05,50,2,83,False
493.00454545454545,-0.16318953742061876,S05,50,2,84,False
495.0590909090909,0.03995178915777356,S05,50,2,85,False
497.81363636363636,0.21548905668480967,S05,50,2,86,False
499.9227272727273,0.16455070884294115,S05,50,2,87,False
48.4,0.019664164685056128,S05,50,3,1,False
103.69090909090909,0.025543716609827863,S05,50,3,2,False
108.23181818181818,0.019387161941316736,S05,50,3,3,False
114.29545454545455,0.02354109067741573,S05,50,3,4,False
121.47272727272727,-0.030833825148303018,S05,50,3,5,False
154.8090909090909,-0.03240702049032233,S05,50,3,6,False
157.12727272727273,-0.033654024855866646,S05,50,3,7,False
169.23181818181817,-0.031099525864591963,S05,50,3,8,False
172.99545454545455,-0.03489000715079599,S05,50,3,9,False
177.53636363636363,-0.036030879701845944,S05,50,3,10,False
203.3181818181818,-0.03250965214583586,S05,50,3,11,False
220.66363636363636,-0.03125149747077428,S05,50,3,12,False
223.74545454545455,-0.03208264142677897,S05,50,3,13,False
237.4090909090909,-0.0323697936555835,S05,50,3,14,False
249.11363636363637,0.02185191863416088,S05,50,3,15,False
261.9409090909091,0.019673508253751203,S05,50,3,16,False
266.53636363636366,0.024181214753034138,S05,50,3,17,False
272.2227272727273,-0.034371075665359754,S05,50,3,18,False
283.6136363636364,-0.03683228897253657,S05,50,3,19,False
289.6909090909091,-0.031075431351806994,S05,50,3,20,False
301.0,-0.042140801174476425,S05,50,3,21,False
305.51363636363635,-0.03897720411931396,S05,50,3,22,False
310.75,-0.035300072813488445,S05,50,3,23,False
314.9681818181818,0.020646010233161555,S05,50,3,24,False
319.1,-0.04356160257160162,S05,50,3,25,False
321.6454545454545,-0.04488170690413362,S05,50,3,26,False
324.3863636363636,0.08231671503729257,S05,50,3,27,False
327.1545454545454,0.11934784283821641,S05,50,3,28,False
329.4045454545454,0.029997295126852647,S05,50,3,29,False
331.50454545454545,0.09873453466461414,S05,50,3,30,False
335.5090909090909,0.13176426796219085,S05,50,3,31,False
338.4818181818182,0.12496956790736075,S05,50,3,32,False
340.7409090909091,0.0224335222673795,S05,50,3,33,False
343.1136363636364,0.11252984151098483,S05,50,3,34,False
346.6272727272727,0.09169660967936605,S05,50,3,35,False
349.8363636363636,0.11357071326860511,S05,50,3,36,False
353.01363636363635,0.0895853984495342,S05,50,3,37,False
355.57272727272726,0.10273270798173495,S05,50,3,38,False
358.3590909090909,0.10294220627862849,S05,50,3,39,False
360.8909090909091,-0.04430003086807578,S05,50,3,40,False
362.98636363636365,0.09188873538414956,S05,50,3,41,False
366.30454545454546,0.10261002905270045,S05,50,3,42,False
369.55,0.12077691712658947,S05,50,3,43,False
372.0181818181818,-0.08606912648341027,S05,50,3,44,False
374.9,0.11275511140848754,S05,50,3,45,False
377.47727272727275,-0.03985994815335067,S05,50,3,46,False
380.05,0.11271134956279022,S05,50,3,47,False
382.5,0.08860074224845559,S05,50,3,48,False
384.75,0.10802392001530829,S05,50,3,49,False
387.15,0.1142607652566307,S05,50,3,50,False
389.26363636363635,0.11672700409906667,S05,50,3,51,False
391.65909090909093,0.08085688458182431,S05,50,3,52,False
394.9227272727273,0.08683331229339421,S05,50,3,53,False
397.44545454545454,0.10055187151512002,S05,50,3,54,False
400.05,0.08794565172934937,S05,50,3,55,False
402.4,0.09162298660331188,S05,50,3,56,False
404.5409090909091,0.10710924370948487,S05,50,3,57,False
407.29545454545456,-0.0810698939002121,S05,50,3,58,False
410.3772727272727,0.1079559866026912,S05,50,3,59,False
412.9045454545454,0.09792827370463283,S05,50,3,60,False
415.45,0.09218991194671279,S05,50,3,61,False
418.3181818181818,-0.11609502595631366,S05,50,3,62,False
420.8,0.09440759451106939,S05,50,3,63,False
425.3727272727273,0.10952424844721995,S05,50,3,64,False
427.94545454545454,0.07706339930992412,S05,50,3,65,False
430.84090909090907,0.10086917041294491,S05,50,3,66,False
434.21363636363634,0.11894479737675127,S05,50,3,67,False
436.5772727272727,0.18248730251785344,S05,50,3,68,False
440.02272727272725,-0.15963716950962548,S05,50,3,69,False
443.5090909090909,-0.12222024340673812,S05,50,3,70,False
445.51363636363635,-0.0409192102140705,S05,50,3,71,False
447.5681818181818,0.1361047177069522,S05,50,3,72,False
449.84090909090907,0.10247316366034213,S05,50,3,73,False
451.9727272727273,0.06879594061425369,S05,50,3,74,False
454.00454545454545,0.09173702820871843,S05,50,3,75,False
456.3681818181818,0.11070806021898394,S05,50,3,76,False
458.7818181818182,-0.1290338022325679,S05,50,3,77,False
463.0090909090909,-0.1266120371197347,S05,50,3,78,False
465.6409090909091,-0.12171158806652788,S05,50,3,79,False
468.2090909090909,-0.10969183275005272,S05,50,3,80,False
470.26363636363635,-0.08483911406912467,S05,50,3,81,False
472.7318181818182,-0.13354398237230392,S05,50,3,82,False
476.22727272727275,0.1055765094826757,S05,50,3,83,False
478.2818181818182,-0.03242264174370966,S05,50,3,84,False
480.3,-0.1221992292979456,S05,50,3,85,False
483.1227272727273,-0.1110994369919096,S05,50,3,86,False
486.6909090909091,-0.13511999881583414,S05,50,3,87,False
488.83181818181816,-0.10183299678558282,S05,50,3,88,False
491.1818181818182,-0.0405884113622686,S05,50,3,89,False
493.2909090909091,-0.2120398509946955,S05,50,3,90,True
496.1636363636364,-0.1193892804342497,S05,50,3,91,False
499.0090909090909,-0.11851835249208595,S05,50,3,92,False
224.62727272727273,-0.17209015067677633,S07,10,1,1,False
227.06363636363636,0.028198262049341238,S07,10,1,2,False
232.60454545454544,-0.16387704236095546,S07,10,1,3,False
237.15,-0.04167972633902812,S07,10,1,4,False
240.37727272727273,-0.161828972461235,S07,10,1,5,False
243.02727272727273,0.02969866782570906,S07,10,1,6,False
248.91363636363636,-0.15796158388318798,S07,10,1,7,False
251.62727272727273,-0.049319855647257604,S07,10,1,8,False
254.30454545454546,-0.16222469257551733,S07,10,1,9,False
259.3454545454546,-0.18381591042098833,S07,10,1,10,False
262.25454545454545,0.05768381272737952,S07,10,1,11,False
264.2681818181818,-0.1750560300194804,S07,10,1,12,False
267.07272727272726,-0.0767624951951448,S07,10,1,13,False
269.2772727272727,-0.225734108296361,S07,10,1,14,False
272.1363636363636,-0.10027440862484567,S07,10,1,15,False
274.1363636363636,-0.22359664297428966,S07,10,1,16,False
277.1409090909091,-0.07829098721372003,S07,10,1,17,False
279.4818181818182,-0.1992686447937842,S07,10,1,18,False
281.8681818181818,-0.05839376636697855,S07,10,1,19,False
283.91818181818184,-0.1734460293388634,S07,10,1,20,False
288.47727272727275,-0.19705596169377507,S07,10,1,21,False
293.0772727272727,-0.20371857549517103,S07,10,1,22,False
297.8727272727273,-0.19254555086495598,S07,10,1,23,False
302.4,-0.18184091702420666,S07,10,1,24,False
306.9409090909091,-0.18598949998549158,S07,10,1,25,False
310.92727272727274,-0.1691746283508712,S07,10,1,26,False
314.8909090909091,-0.1598748439567051,S07,10,1,27,False
317.30454545454546,0.07911057849582342,S07,10,1,28,False
319.4727272727273,-0.1678064874441269,S07,10,1,29,False
323.3727272727273,-0.16331440815751436,S07,10,1,30,False
327.03636363636366,0.15195863528036807,S07,10,1,31,False
330.8090909090909,-0.21189024419430685,S07,10,1,32,False
334.6,-0.15274571156310712,S07,10,1,33,False
338.24545454545455,-0.14491836206159778,S07,10,1,34,False
341.5590909090909,0.3939496061429034,S07,10,1,35,True
344.81363636363636,-0.19659933510325955,S07,10,1,36,False
346.97727272727275,-0.07238254996950017,S07,10,1,37,False
349.96363636363634,-0.15156757463118892,S07,10,1,38,False
352.15909090909093,0.08859865805516055,S07,10,1,39,False
354.22727272727275,0.13461050386440215,S07,10,1,40,False
358.17727272727274,0.14377807970301226,S07,10,1,41,False
362.16818181818184,-0.15831090678437051,S07,10,1,42,False
366.30454545454546,-0.1492409235030281,S07,10,1,43,False
369.8909090909091,-0.16073137768209192,S07,10,1,44,False
374.46363636363634,-0.1711182342046451,S07,10,1,45,False
378.45,0.19648093578663484,S07,10,1,46,False
381.99545454545455,-0.1675622364601882,S07,10,1,47,False
385.6181818181818,-0.17003848511597516,S07,10,1,48,False
389.34090909090907,-0.17555601066641086,S07,10,1,49,False
392.15909090909093,-0.15595869476182614,S07,10,1,50,False
394.3954545454545,0.0868865142103592,S07,10,1,51,False
396.6045454545455,-0.10377399533872285,S07,10,1,52,False
400.9045454545454,-0.1581171139650732,S07,10,1,53,False
404.75454545454545,-0.16441660201526873,S07,10,1,54,False
408.52272727272725,-0.18977465958061968,S07,10,1,55,False
412.6227272727273,-0.15551042789586367,S07,10,1,56,False
415.8909090909091,-0.15341417119380094,S07,10,1,57,False
419.6454545454545,-0.15374337543783054,S07,10,1,58,False
422.4727272727273,-0.14769285417055045,S07,10,1,59,False
424.65,0.07600582391728404,S07,10,1,60,False
427.2818181818182,0.1410973040494482,S07,10,1,61,False
430.15909090909093,0.11899191427379784,S07,10,1,62,False
434.0090909090909,-0.12385117557519976,S07,10,1,63,False
438.1909090909091,-0.12815083957010365,S07,10,1,64,False
442.8909090909091,0.13433925259192783,S07,10,1,65,False
446.96363636363634,-0.13923444815540265,S07,10,1,66,False
451.15909090909093,-0.13804051392447464,S07,10,1,67,False
455.1545454545454,-0.13236694206751706,S07,10,1,68,False
459.08181818181816,-0.15747489907000423,S07,10,1,69,False
462.7090909090909,-0.12975210621571387,S07,10,1,70,False
467.0772727272727,-0.12875288171906135,S07,10,1,71,False
470.83181818181816,0.19309057312144315,S07,10,1,72,False
474.42727272727274,-0.1411468393730271,S07,10,1,73,False
476.4681818181818,0.05777060297825891,S07,10,1,74,False
478.7772727272727,-0.13850026865535953,S07,10,1,75,False
482.58181818181816,0.13421038916713168,S07,10,1,76,False
485.45,0.054654112341156434,S07,10,1,77,False
487.7318181818182,-0.16570275623051148,S07,10,1,78,False
491.78636363636366,-0.12751822944968327,S07,10,1,79,False
495.90909090909093,-0.1329700196628439,S07,10,1,80,False
499.78636363636366,0.11856788483398838,S07,10,1,81,False
244.27272727272728,0.0640367819325034,S07,10,2,1,False
262.43636363636364,0.12810871564752088,S07,10,2,2,False
266.2,0.12263175871228324,S07,10,2,3,False
268.5,0.07591334987830388,S07,10,2,4,False
272.32272727272726,0.10067437289402545,S07,10,2,5,False
274.5,0.08388094129958579,S07,10,2,6,False
276.9136363636364,0.08514866086543171,S07,10,2,7,False
279.1045454545455,0.05835620493933629,S07,10,2,8,False
351.8454545454546,0.2640074577006582,S07,10,2,9,True
353.99545454545455,0.1011183827886161,S07,10,2,10,False
371.1318181818182,-0.12696159157304385,S07,10,2,11,False
374.8727272727273,-0.22135268414516057,S07,10,2,12,False
384.5318181818182,0.2239445677231409,S07,10,2,13,False
390.3818181818182,0.20493127477897038,S07,10,2,14,False
393.6181818181818,-0.0734431608072687,S07,10,2,15,False
396.45,-0.22895092158739727,S07,10,2,16,False
400.70454545454544,-0.09252022966589252,S07,10,2,17,False
403.8181818181818,-0.262764626732382,S07,10,2,18,False
410.3090909090909,-0.18932681010573646,S07,10,2,19,False
415.1318181818182,-0.2272600909240874,S07,10,2,20,False
417.4681818181818,-0.09734156736330973,S07,10,2,21,False
420.8272727272727,-0.22914786198579484,S07,10,2,22,False
424.7590909090909,-0.2179055335422425,S07,10,2,23,False
426.8772727272727,-0.1288104639699772,S07,10,2,24,False
429.1136363636364,-0.215224005336609,S07,10,2,25,False
432.4318181818182,-0.1396914274893868,S07,10,2,26,False
435.35,-0.21200936947437382,S07,10,2,27,False
437.7181818181818,-0.10895191965502458,S07,10,2,28,False
441.09090909090907,-0.16165312156512335,S07,10,2,29,False
443.8454545454546,-0.11733620674479946,S07,10,2,30,False
446.0772727272727,-0.18805202634110554,S07,10,2,31,False
448.29545454545456,0.08249858164766555,S07,10,2,32,False
451.9318181818182,0.16275546117969886,S07,10,2,33,False
454.4727272727273,-0.09106062392578301,S07,10,2,34,False
457.04545454545456,-0.15229638705806595,S07,10,2,35,False
459.5318181818182,0.08794534093631098,S07,10,2,36,False
461.8636363636364,-0.1643940712730865,S07,10,2,37,False
466.4909090909091,-0.1834754817429358,S07,10,2,38,False
470.6636363636364,-0.14691023031838285,S07,10,2,39,False
473.8090909090909,0.10726168508568153,S07,10,2,40,False
476.3454545454546,-0.1697809321231347,S07,10,2,41,False
478.35,0.0815951584784153,S07,10,2,42,False
481.6318181818182,-0.16113793509179428,S07,10,2,43,False
486.83181818181816,-0.1585676587109229,S07,10,2,44,False
490.9136363636364,-0.1564898670180721,S07,10,2,45,False
494.7909090909091,-0.15186227741808372,S07,10,2,46,False
498.09090909090907,-0.15257314088507684,S07,10,2,47,False
246.31363636363636,0.06304764222132281,S07,10,3,1,False
248.53636363636363,0.09987742194598798,S07,10,3,2,False
250.7590909090909,0.07494447737030094,S07,10,3,3,False
253.1,0.043327489504144306,S07,10,3,4,False
255.38181818181818,0.02728698204296289,S07,10,3,5,False
259.19545454545454,0.040690492201831185,S07,10,3,6,False
262.1636363636364,0.03342052260986919,S07,10,3,7,False
265.98636363636365,0.041586231657252566,S07,10,3,8,False
268.2,0.035368215349318395,S07,10,3,9,False
271.2772727272727,0.03134381071714634,S07,10,3,10,False
273.6090909090909,0.1804098549219959,S07,10,3,11,False
275.8772727272727,0.036997050785619726,S07,10,3,12,False
278.83181818181816,0.031976895216409756,S07,10,3,13,False
283.71363636363634,-0.04636445036840003,S07,10,3,14,False
286.7909090909091,-0.0456112227893027,S07,10,3,15,False
289.1545454545454,-0.16348915424570923,S07,10,3,16,False
291.6727272727273,0.03168854466809104,S07,10,3,17,False
295.3863636363636,0.16091841514377087,S07,10,3,18,False
300.4045454545454,0.0358749682821973,S07,10,3,19,False
302.45454545454544,0.16870245006228995,S07,10,3,20,False
306.8636363636364,0.03178193991267915,S07,10,3,21,False
309.0272727272727,0.16575468085603687,S07,10,3,22,False
312.7772727272727,-0.04704188420860134,S07,10,3,23,False
315.81363636363636,0.15857862054170865,S07,10,3,24,False
318.3454545454546,0.041233216468565745,S07,10,3,25,False
320.73636363636365,0.026917649570296583,S07,10,3,26,False
323.49545454545455,0.17798263521927304,S07,10,3,27,False
325.8181818181818,0.028063650483425538,S07,10,3,28,False
328.8454545454546,-0.1525118770928106,S07,10,3,29,False
334.65,0.16923282308308535,S07,10,3,30,False
337.8363636363636,0.044210901966862566,S07,10,3,31,False
341.82272727272726,-0.1583480841575991,S07,10,3,32,False
347.1909090909091,-0.16669269559248534,S07,10,3,33,False
351.1045454545455,-0.20118014297435222,S07,10,3,34,False
354.1181818181818,-0.04083475904046874,S07,10,3,35,False
356.4681818181818,-0.1863858655424866,S07,10,3,36,False
361.19545454545454,-0.1669679189399321,S07,10,3,37,False
364.09090909090907,-0.03933956364504478,S07,10,3,38,False
366.33181818181816,-0.2083278447115186,S07,10,3,39,False
370.6181818181818,-0.1725973553751034,S07,10,3,40,False
375.29545454545456,-0.19193520325277752,S07,10,3,41,False
380.4681818181818,-0.18952122903519136,S07,10,3,42,False
384.8727272727273,0.16359498640871278,S07,10,3,43,False
389.48636363636365,-0.16192613278170281,S07,10,3,44,False
392.3,-0.047631489768053,S07,10,3,45,False
394.5863636363636,-0.18283151270803238,S07,10,3,46,False
399.49545454545455,-0.2074511171586284,S07,10,3,47,False
404.02272727272725,-0.1782330525278281,S07,10,3,48,False
408.3818181818182,-0.16655143201055306,S07,10,3,49,False
412.6727272727273,-0.1890034076167443,S07,10,3,50,False
417.0863636363636,-0.19131267132293478,S07,10,3,51,False
421.3272727272727,-0.190224421287572,S07,10,3,52,False
424.3454545454546,-0.05847484596325952,S07,10,3,53,False
426.3954545454545,-0.1763034953539476,S07,10,3,54,False
430.9727272727273,-0.17299978726736845,S07,10,3,55,False
433.1272727272727,-0.03815516831193927,S07,10,3,56,False
435.2590909090909,-0.19839629450101043,S07,10,3,57,False
437.2909090909091,-0.04809599977663501,S07,10,3,58,False
439.55454545454546,-0.18683202929817966,S07,10,3,59,False
442.81363636363636,-0.2634857400355363,S07,10,3,60,True
446.65,-0.24326981259790365,S07,10,3,61,False
448.72727272727275,-0.039332447233679846,S07,10,3,62,False
450.7318181818182,-0.16599995740043927,S07,10,3,63,False
454.95454545454544,-0.20327840978762007,S07,10,3,64,False
457.27272727272725,0.062655164234538,S07,10,3,65,False
459.8363636363636,0.13314007313714643,S07,10,3,66,False
462.48636363636365,0.056708991842648195,S07,10,3,67,False
464.49545454545455,-0.16291865635894218,S07,10,3,68,False
468.44545454545454,-0.15181548900294134,S07,10,3,69,False
473.0090909090909,-0.15980202723777445,S07,10,3,70,False
477.3863636363636,-0.14654145392490484,S07,10,3,71,False
479.67727272727274,0.059835925780580265,S07,10,3,72,False
481.8272727272727,-0.16695777572478396,S07,10,3,73,False
486.06363636363636,-0.15940055923489727,S07,10,3,74,False
489.9681818181818,-0.15824012819088001,S07,10,3,75,False
494.45454545454544,-0.15264086462706694,S07,10,3,76,False
498.6909090909091,-0.14702739385548863,S07,10,3,77,False
227.1909090909091,0.08012421575594365,S07,25,1,1,False
229.39545454545456,0.05422152341653505,S07,25,1,2,False
254.3318181818182,0.17959674373507267,S07,25,1,3,False
260.18636363636364,0.18394121556899554,S07,25,1,4,False
266.4,0.18851314386359042,S07,25,1,5,False
269.07272727272726,-0.05334297047081422,S07,25,1,6,False
271.82272727272726,-0.1711695806593871,S07,25,1,7,False
276.8181818181818,-0.18392396140869566,S07,25,1,8,False
281.59090909090907,-0.20187733896202553,S07,25,1,9,False
286.7681818181818,-0.18299682381367322,S07,25,1,10,False
291.5772727272727,-0.15953343871690484,S07,25,1,11,False
295.84090909090907,-0.19600188959384518,S07,25,1,12,False
300.6272727272727,-0.17105185836582398,S07,25,1,13,False
305.0590909090909,-0.16940659617444312,S07,25,1,14,False
309.2409090909091,-0.1920779614232123,S07,25,1,15,False
314.04545454545456,-0.17030665806778394,S07,25,1,16,False
318.42727272727274,-0.1727070439200034,S07,25,1,17,False
322.6181818181818,0.15825387086451312,S07,25,1,18,False
326.0409090909091,-0.1905332823531411,S07,25,1,19,False
329.9409090909091,-0.18542920574973043,S07,25,1,20,False
334.76363636363635,-0.14808657291098773,S07,25,1,21,False
338.67727272727274,-0.13985830426894147,S07,25,1,22,False
342.3590909090909,-0.1266605599246597,S07,25,1,23,False
346.3727272727273,-0.1460442431089919,S07,25,1,24,False
348.3954545454545,0.05321769748441749,S07,25,1,25,False
350.9909090909091,-0.14307861713670111,S07,25,1,26,False
353.2681818181818,0.082420307180942,S07,25,1,27,False
356.0772727272727,-0.12964211617798885,S07,25,1,28,False
359.4,-0.15337242725379835,S07,25,1,29,False
363.52272727272725,0.15189590811758913,S07,25,1,30,False
366.51363636363635,-0.14751470969461172,S07,25,1,31,False
369.9590909090909,0.1318448403659213,S07,25,1,32,False
374.4909090909091,0.14872031294968244,S07,25,1,33,False
378.3181818181818,-0.12286508526157161,S07,25,1,34,False
382.46363636363634,0.11278328184135875,S07,25,1,35,False
385.8590909090909,-0.13896136269596285,S07,25,1,36,False
389.6454545454545,-0.12368484042780008,S07,25,1,37,False
393.5090909090909,-0.12210155210057635,S07,25,1,38,False
396.3681818181818,0.11334579834060626,S07,25,1,39,False
399.8545454545455,0.14141002382363763,S07,25,1,40,False
402.7681818181818,0.24006168863911823,S07,25,1,41,False
405.57272727272726,0.10750335042060047,S07,25,1,42,False
407.6409090909091,0.1653241172194295,S07,25,1,43,False
412.47727272727275,0.11695734489935207,S07,25,1,44,False
415.75,0.17036383746030084,S07,25,1,45,False
418.4590909090909,0.40545505498479645,S07,25,1,46,True
420.66818181818184,0.2036329716418098,S07,25,1,47,False
424.2227272727273,0.10096712175428513,S07,25,1,48,False
426.9318181818182,0.06461985792914629,S07,25,1,49,False
429.1272727272727,-0.12362939256010196,S07,25,1,50,False
432.94545454545454,-0.1297205346354307,S07,25,1,51,False
436.3636363636364,-0.12046416118627833,S07,25,1,52,False
439.8863636363636,0.14034844362532478,S07,25,1,53,False
442.8636363636364,-0.09504585603598391,S07,25,1,54,False
446.1818181818182,0.08799601096296895,S07,25,1,55,False
448.8863636363636,-0.09043393403495724,S07,25,1,56,False
451.77272727272725,-0.08037894561710023,S07,25,1,57,False
455.7409090909091,-0.10130766583656493,S07,25,1,58,False
459.3181818181818,0.09443197920655567,S07,25,1,59,False
463.2818181818182,0.12392213425680526,S07,25,1,60,False
465.8681818181818,-0.11251880534619213,S07,25,1,61,False
469.4,-0.12937862170278427,S07,25,1,62,False
472.42727272727274,0.10875818668492242,S07,25,1,63,False
474.84090909090907,-0.08259095109920392,S07,25,1,64,False
477.5954545454546,-0.13368797142702096,S07,25,1,65,False
481.05,0.1705752915640235,S07,25,1,66,False
483.7818181818182,-0.06890916766920502,S07,25,1,67,False
486.3363636363636,0.09301242688302525,S07,25,1,68,False
488.65,-0.12122326344288253,S07,25,1,69,False
492.4318181818182,-0.17781636256533667,S07,25,1,70,False
496.2909090909091,-0.15496494800750898,S07,25,1,71,False
499.1409090909091,0.10201631452315435,S07,25,1,72,False
252.7,-0.08198986297733235,S07,25,2,1,False
255.01818181818183,-0.14327003543889455,S07,25,2,2,False
257.2909090909091,-0.0929862271382064,S07,25,2,3,False
273.83181818181816,0.15141834846580934,S07,25,2,4,False
308.66818181818184,0.17035475422493146,S07,25,2,5,False
314.34090909090907,0.18792714704313676,S07,25,2,6,False
319.2409090909091,-0.19084752012311737,S07,25,2,7,False
323.1181818181818,-0.10430917036769251,S07,25,2,8,False
325.2181818181818,-0.17979138549045143,S07,25,2,9,False
328.57272727272726,-0.07172232379374599,S07,25,2,10,False
330.70454545454544,-0.16939660902478637,S07,25,2,11,False
335.2090909090909,-0.17194995313568606,S07,25,2,12,False
338.6454545454545,-0.0636700338196774,S07,25,2,13,False
341.03636363636366,-0.14586506887741524,S07,25,2,14,False
343.20454545454544,-0.05099061895504768,S07,25,2,15,False
345.51363636363635,-0.14579820742918476,S07,25,2,16,False
349.59090909090907,-0.1628001618163366,S07,25,2,17,False
351.8954545454545,-0.07895381444739,S07,25,2,18,False
353.99545454545455,-0.1544506261280563,S07,25,2,19,False
356.3818181818182,-0.07015209129115799,S07,25,2,20,False
358.6272727272727,-0.15519777195529405,S07,25,2,21,False
362.3090909090909,-0.15304230899640175,S07,25,2,22,False
366.4136363636364,-0.1621376493491672,S07,25,2,23,False
368.50454545454545,-0.10826470379686957,S07,25,2,24,False
370.8363636363636,-0.13422792975364384,S07,25,2,25,False
374.34090909090907,-0.13118032330823198,S07,25,2,26,False
378.5272727272727,0.14775711432635286,S07,25,2,27,False
382.46363636363634,0.14270098897799735,S07,25,2,28,False
386.1545454545454,-0.16540092876771578,S07,25,2,29,False
390.8818181818182,0.12775164697064467,S07,25,2,30,False
394.6636363636364,0.11824998548225917,S07,25,2,31,False
398.3090909090909,0.13795634958263298,S07,25,2,32,False
402.1181818181818,0.11435472297934564,S07,25,2,33,False
405.3636363636364,-0.12044518951259196,S07,25,2,34,False
409.1454545454545,0.20092129140312037,S07,25,2,35,False
411.70454545454544,0.2506426206316479,S07,25,2,36,True
415.70454545454544,0.13744719510842907,S07,25,2,37,False
418.78636363636366,0.13122914744569394,S07,25,2,38,False
422.5863636363636,0.16178806083768577,S07,25,2,39,False
426.26363636363635,0.10885361724227245,S07,25,2,40,False
428.6363636363636,-0.07935583608476877,S07,25,2,41,False
432.0090909090909,0.1114182046374539,S07,25,2,42,False
434.1727272727273,0.07418307654264059,S07,25,2,43,False
437.4590909090909,0.0907642250750738,S07,25,2,44,False
440.7,0.09727780469115448,S07,25,2,45,False
444.5954545454546,0.08279055242640444,S07,25,2,46,False
447.8863636363636,0.0889452033231789,S07,25,2,47,False
450.4045454545454,-0.09928885022687567,S07,25,2,48,False
455.4,0.16278871840616352,S07,25,2,49,False
459.54545454545456,0.08836962685062175,S07,25,2,50,False
461.6136363636364,0.1166306288169657,S07,25,2,51,False
466.6545454545454,-0.12094115734345742,S07,25,2,52,False
469.47727272727275,-0.1343533111315396,S07,25,2,53,False
473.6227272727273,0.1036294419435229,S07,25,2,54,False
476.0954545454546,-0.0817950230494521,S07,25,2,55,False
478.7909090909091,0.10008938606104281,S07,25,2,56,False
480.93636363636364,0.1221860950514936,S07,25,2,57,False
484.3363636363636,0.0916310517645976,S07,25,2,58,False
487.99545454545455,0.09289848743447371,S07,25,2,59,False
491.65909090909093,0.1003920446014022,S07,25,2,60,False
494.6090909090909,0.10301868596350187,S07,25,2,61,False
497.7681818181818,0.10179901679672791,S07,25,2,62,False
499.97727272727275,0.07609226619582321,S07,25,2,63,False
259.0409090909091,-0.048575978910648854,S07,25,3,1,False
261.21363636363634,-0.04093003455149591,S07,25,3,2,False
264.30454545454546,-0.04812405189534484,S07,25,3,3,False
266.56363636363636,-0.03976637752179776,S07,25,3,4,False
268.6454545454545,-0.05559596942416653,S07,25,3,5,False
297.48636363636365,-0.03584638696486137,S07,25,3,6,False
302.81363636363636,-0.03668238945140796,S07,25,3,7,False
306.5681818181818,-0.0347874763803136,S07,25,3,8,False
314.26363636363635,-0.03340925520587801,S07,25,3,9,False
320.28636363636366,-0.037588812621272845,S07,25,3,10,False
330.3772727272727,0.1766749320967202,S07,25,3,11,False
334.40909090909093,0.024821247933079212,S07,25,3,12,False
339.9681818181818,0.17613054051379437,S07,25,3,13,False
343.6454545454545,-0.03573559475870753,S07,25,3,14,False
345.97727272727275,0.1831948315567816,S07,25,3,15,False
348.08181818181816,-0.03878884637449797,S07,25,3,16,False
352.7772727272727,-0.170026057439647,S07,25,3,17,False
355.8090909090909,-0.04789095748433716,S07,25,3,18,False
358.19545454545454,-0.15648187499761124,S07,25,3,19,False
361.2227272727273,-0.04636832395965808,S07,25,3,20,False
364.24545454545455,-0.16739158305987556,S07,25,3,21,False
367.46363636363634,-0.04628580003215406,S07,25,3,22,False
369.6318181818182,-0.19028275860625987,S07,25,3,23,False
371.74545454545455,-0.05727506634117372,S07,25,3,24,False
374.69545454545454,-0.1632044600134297,S07,25,3,25,False
380.09090909090907,0.1326406171059696,S07,25,3,26,False
384.94545454545454,0.1441689308338262,S07,25,3,27,False
387.82272727272726,-0.03463748804149758,S07,25,3,28,False
390.3272727272727,0.14833348461007767,S07,25,3,29,False
394.6409090909091,0.12525149809506048,S07,25,3,30,False
399.49545454545455,0.11693395339859981,S07,25,3,31,False
403.76363636363635,-0.12713874211569318,S07,25,3,32,False
407.5181818181818,0.127954859874164,S07,25,3,33,False
412.1136363636364,0.13326726026841368,S07,25,3,34,False
415.4136363636364,0.2558661517572543,S07,25,3,35,False
418.43636363636364,0.2683584556786006,S07,25,3,36,True
420.48636363636365,-0.048074465237633375,S07,25,3,37,False
422.6727272727273,0.13570415607052963,S07,25,3,38,False
426.70454545454544,0.10485280507444243,S07,25,3,39,False
428.74545454545455,-0.10763329233455232,S07,25,3,40,False
431.20454545454544,0.10023379435676087,S07,25,3,41,False
433.7681818181818,0.06397513674959505,S07,25,3,42,False
435.96363636363634,0.08647714900600009,S07,25,3,43,False
440.3545454545455,0.12224968641251817,S07,25,3,44,False
443.91818181818184,0.08873641309339189,S07,25,3,45,False
447.78636363636366,0.12307069833356069,S07,25,3,46,False
451.7090909090909,0.14510176136766997,S07,25,3,47,False
454.25454545454545,-0.10468326787649326,S07,25,3,48,False
456.3681818181818,0.0640232917657163,S07,25,3,49,False
460.6227272727273,-0.15000106183342954,S07,25,3,50,False
463.92727272727274,-0.11467948870705269,S07,25,3,51,False
469.05454545454546,0.09235114444694228,S07,25,3,52,False
471.2409090909091,-0.1408703838088658,S07,25,3,53,False
474.74545454545455,-0.08975685774098441,S07,25,3,54,False
478.59090909090907,-0.09334203120793265,S07,25,3,55,False
480.8454545454546,-0.10732081052846638,S07,25,3,56,False
483.0318181818182,-0.05076628579815299,S07,25,3,57,False
485.16818181818184,-0.10858001147430714,S07,25,3,58,False
489.2090909090909,-0.12827421695163516,S07,25,3,59,False
492.6818181818182,0.11164990873503887,S07,25,3,60,False
496.7681818181818,0.09509339747541802,S07,25,3,61,False
499.6636363636364,-0.08252720702157716,S07,25,3,62,False
257.0181818181818,-0.10372400000583376,S07,50,1,1,False
259.2318181818182,-0.13083885396608114,S07,50,1,2,False
261.9045454545454,-0.1905316061517789,S07,50,1,3,False
272.97727272727275,0.1685636800102372,S07,50,1,4,False
279.7818181818182,0.15536108375302093,S07,50,1,5,False
285.02272727272725,0.15348318077279335,S07,50,1,6,False
290.8909090909091,-0.1679263878937801,S07,50,1,7,False
295.6272727272727,-0.15107380114752927,S07,50,1,8,False
300.52272727272725,-0.17286337802243615,S07,50,1,9,False
304.8272727272727,-0.19937264775702807,S07,50,1,10,False
308.58181818181816,-0.2384080316743518,S07,50,1,11,True
311.2772727272727,-0.18635168372149505,S07,50,1,12,False
313.4045454545454,-0.17786569862561852,S07,50,1,13,False
317.6454545454545,-0.1502335222176704,S07,50,1,14,False
321.8772727272727,-0.20046216879810336,S07,50,1,15,False
326.2227272727273,0.15738824811429392,S07,50,1,16,False
330.57272727272726,-0.1388347672209394,S07,50,1,17,False
335.15,-0.14836314642077897,S07,50,1,18,False
339.40909090909093,-0.14868710106702887,S07,50,1,19,False
343.30454545454546,-0.18086508513016966,S07,50,1,20,False
346.52272727272725,-0.12583237451825238,S07,50,1,21,False
349.8636363636364,0.14039189280585995,S07,50,1,22,False
353.9,0.13656843264038815,S07,50,1,23,False
357.1045454545455,0.11456938469850905,S07,50,1,24,False
359.2181818181818,0.14310814229963034,S07,50,1,25,False
361.23636363636365,0.11719277910941878,S07,50,1,26,False
364.8590909090909,0.14851421313880725,S07,50,1,27,False
367.9590909090909,0.11966340092080813,S07,50,1,28,False
371.6363636363636,0.11377058859713954,S07,50,1,29,False
375.35,0.1389490474119241,S07,50,1,30,False
378.19545454545454,0.10397812001132088,S07,50,1,31,False
381.66818181818184,0.09571908018967851,S07,50,1,32,False
383.8363636363636,0.11765832996217235,S07,50,1,33,False
386.76363636363635,0.081755004690836,S07,50,1,34,False
389.0090909090909,0.10922284035399872,S07,50,1,35,False
392.6318181818182,0.09277112852590744,S07,50,1,36,False
395.67727272727274,-0.13771638516606183,S07,50,1,37,False
397.93636363636364,-0.10068636219327352,S07,50,1,38,False
400.5272727272727,0.11852895243279589,S07,50,1,39,False
403.56363636363636,0.12277470841983115,S07,50,1,40,False
407.3636363636364,0.1734343650770266,S07,50,1,41,False
410.01363636363635,-0.09552477908373597,S07,50,1,42,False
412.9,-0.1329516859005569,S07,50,1,43,False
416.76363636363635,-0.18531960068422754,S07,50,1,44,False
419.76363636363635,0.101030055173122,S07,50,1,45,False
422.7818181818182,-0.16102376757526254,S07,50,1,46,False
426.05,0.12233430817402258,S07,50,1,47,False
428.27272727272725,-0.18002802858468525,S07,50,1,48,False
431.75,-0.1405050075757016,S07,50,1,49,False
433.9045454545454,0.07079409493202443,S07,50,1,50,False
436.2181818181818,-0.15224100998538198,S07,50,1,51,False
439.5681818181818,-0.14696831671283767,S07,50,1,52,False
443.4318181818182,-0.22590396112234196,S07,50,1,53,False
446.7909090909091,0.15188405294104396,S07,50,1,54,False
449.17727272727274,-0.07816794197355945,S07,50,1,55,False
451.19545454545454,-0.13123434765052763,S07,50,1,56,False
454.5954545454546,-0.18663795086540025,S07,50,1,57,False
458.6909090909091,-0.13390851631227757,S07,50,1,58,False
461.6272727272727,-0.16798862392295494,S07,50,1,59,False
464.69545454545454,-0.18465500930441628,S07,50,1,60,False
467.8590909090909,-0.15067946638884067,S07,50,1,61,False
470.48636363636365,-0.2033339077456784,S07,50,1,62,False
472.8909090909091,0.07706689308595716,S07,50,1,63,False
475.4727272727273,0.19107295103462407,S07,50,1,64,False
479.2227272727273,0.14243421435970344,S07,50,1,65,False
483.0590909090909,-0.19253246106971264,S07,50,1,66,False
485.9590909090909,-0.19566043416761705,S07,50,1,67,False
488.8636363636364,-0.20346290024392044,S07,50,1,68,False
491.47727272727275,0.13194102089570658,S07,50,1,69,False
494.0772727272727,-0.16986592545020907,S07,50,1,70,False
496.1363636363636,-0.11323238070487908,S07,50,1,71,False
499.1909090909091,-0.1890091384767088,S07,50,1,72,False
226.4318181818182,-0.13313721394512598,S07,50,2,1,False
235.9409090909091,-0.16263599348029928,S07,50,2,2,False
238.35454545454544,-0.09283629296208785,S07,50,2,3,False
241.46818181818182,0.16568096292296675,S07,50,2,4,False
245.26818181818183,-0.10079377101451997,S07,50,2,5,False
247.59545454545454,-0.17282713213634224,S07,50,2,6,False
250.47272727272727,-0.07909427348692186,S07,50,2,7,False
252.7409090909091,-0.2037995901892106,S07,50,2,8,False
254.79545454545453,-0.07704459126639474,S07,50,2,9,False
256.85,-0.21091438071741317,S07,50,2,10,False
259.59090909090907,-0.1024875148142721,S07,50,2,11,False
262.1909090909091,-0.16503552824897882,S07,50,2,12,False
267.33181818181816,-0.14689652795678473,S07,50,2,13,False
269.3954545454545,-0.08959739689364714,S07,50,2,14,False
273.45,0.13709416421653522,S07,50,2,15,False
278.6136363636364,-0.13706562068412892,S07,50,2,16,False
283.73636363636365,-0.15176310373516372,S07,50,2,17,False
287.9227272727273,-0.131865321857904,S07,50,2,18,False
292.25,-0.15343463910789612,S07,50,2,19,False
295.83181818181816,-0.14642718369710211,S07,50,2,20,False
299.50454545454545,-0.1317382022341913,S07,50,2,21,False
303.1727272727273,0.11001386839060073,S07,50,2,22,False
307.23636363636365,0.15672573886538882,S07,50,2,23,False
311.15,0.1267048880792503,S07,50,2,24,False
314.5954545454546,0.11164129871095885,S07,50,2,25,False
318.06363636363636,0.10956981266815871,S07,50,2,26,False
321.7681818181818,0.12356093043339833,S07,50,2,27,False
325.49545454545455,0.09748214773271172,S07,50,2,28,False
328.9818181818182,0.1538578640661295,S07,50,2,29,False
332.8590909090909,-0.12301391221636739,S07,50,2,30,False
336.3590909090909,0.11557385027085083,S07,50,2,31,False
340.47727272727275,0.09120703106539846,S07,50,2,32,False
343.7590909090909,-0.12407798285994703,S07,50,2,33,False
346.08181818181816,0.08165313273803794,S07,50,2,34,False
349.3681818181818,-0.10880759577022042,S07,50,2,35,False
351.7090909090909,-0.11979431303515126,S07,50,2,36,False
354.1090909090909,-0.15019364404118762,S07,50,2,37,False
356.6454545454545,0.060535053217081795,S07,50,2,38,False
358.95,0.17369344245522866,S07,50,2,39,False
362.99545454545455,-0.1338707755823591,S07,50,2,40,False
367.0181818181818,-0.20701588867829263,S07,50,2,41,False
369.77272727272725,0.10158486492845832,S07,50,2,42,False
372.8636363636364,-0.16823098698122502,S07,50,2,43,False
376.22727272727275,0.08156688729410344,S07,50,2,44,False
378.98636363636365,-0.13505724510671457,S07,50,2,45,False
382.33181818181816,-0.14091330367307545,S07,50,2,46,False
386.0181818181818,-0.1476238661282411,S07,50,2,47,False
389.3363636363636,-0.133042211533746,S07,50,2,48,False
392.79545454545456,-0.15018832583195138,S07,50,2,49,False
395.9,-0.17512337227105065,S07,50,2,50,False
399.25,-0.1372056488330961,S07,50,2,51,False
403.1318181818182,-0.11731198323790977,S07,50,2,52,False
406.49545454545455,-0.1328897570855621,S07,50,2,53,False
409.98636363636365,0.11374672256618516,S07,50,2,54,False
412.6818181818182,0.11019277148807714,S07,50,2,55,False
414.9681818181818,0.059939068125373085,S07,50,2,56,False
416.9681818181818,-0.12664521500381587,S07,50,2,57,False
419.6181818181818,0.12483946558778451,S07,50,2,58,False
423.2090909090909,-0.14686247598405577,S07,50,2,59,False
426.6545454545454,-0.1358758971695428,S07,50,2,60,False
429.9818181818182,-0.12908539732492472,S07,50,2,61,False
433.03636363636366,-0.1541183211094988,S07,50,2,62,False
435.5772727272727,-0.14068641634164877,S07,50,2,63,False
438.2409090909091,-0.1287991851104852,S07,50,2,64,False
441.74545454545455,0.11746782323009927,S07,50,2,65,False
445.4909090909091,-0.13618924623397394,S07,50,2,66,False
448.78636363636366,-0.14653302231277343,S07,50,2,67,False
451.1454545454545,0.09625949669708654,S07,50,2,68,False
453.4409090909091,-0.2069777500252963,S07,50,2,69,False
456.4136363636364,-0.10610299705461673,S07,50,2,70,False
458.6090909090909,-0.12464566219385165,S07,50,2,71,False
461.6318181818182,-0.14084300785601206,S07,50,2,72,False
465.1318181818182,-0.14598295627485544,S07,50,2,73,False
467.4727272727273,-0.12520124459188847,S07,50,2,74,False
470.8772727272727,-0.15492198902155824,S07,50,2,75,False
475.05,-0.19199089098673655,S07,50,2,76,False
477.75454545454545,0.11864525487476181,S07,50,2,77,False
480.1545454545454,-0.24554381463406197,S07,50,2,78,True
482.9136363636364,-0.1202436088044174,S07,50,2,79,False
484.9909090909091,0.12801581763529812,S07,50,2,80,False
489.94545454545454,-0.1547855375700674,S07,50,2,81,False
493.3,-0.21761203739985274,S07,50,2,82,False
496.6,-0.1888617104495735,S07,50,2,83,False
499.3454545454546,-0.11350718045487389,S07,50,2,84,False
247.47727272727272,-0.14185277280652792,S07,50,3,1,False
274.0318181818182,0.1604460582473317,S07,50,3,2,False
282.53636363636366,0.16802892640266653,S07,50,3,3,False
287.59090909090907,0.14640947373481175,S07,50,3,4,False
296.1545454545454,-0.15905780576382117,S07,50,3,5,False
301.6,0.1490486806385483,S07,50,3,6,False
306.9681818181818,0.1580595397710599,S07,50,3,7,False
311.6454545454545,-0.16724299215243493,S07,50,3,8,False
315.8545454545455,-0.1705584506997409,S07,50,3,9,False
321.2318181818182,-0.1531720686152483,S07,50,3,10,False
324.96363636363634,-0.17972022019083933,S07,50,3,11,False
328.9818181818182,-0.22616430434495058,S07,50,3,12,False
332.67727272727274,-0.19013854052585383,S07,50,3,13,False
335.3772727272727,-0.12598252385088995,S07,50,3,14,False
337.41818181818184,-0.27756272205069804,S07,50,3,15,False
340.6318181818182,-0.17597990832901853,S07,50,3,16,False
344.83181818181816,0.1224088763972119,S07,50,3,17,False
348.5863636363636,0.1348226245933891,S07,50,3,18,False
351.9,0.10911863385474084,S07,50,3,19,False
355.4909090909091,0.12325938874083933,S07,50,3,20,False
359.4,-0.12454288584451845,S07,50,3,21,False
362.81363636363636,-0.12305842069021002,S07,50,3,22,False
366.34090909090907,0.11564456385284345,S07,50,3,23,False
370.01363636363635,0.15312278892544967,S07,50,3,24,False
373.83181818181816,-0.1690317197347623,S07,50,3,25,False
377.45,0.14594800143475023,S07,50,3,26,False
381.3181818181818,0.10137904462905924,S07,50,3,27,False
384.92727272727274,-0.1506743297346331,S07,50,3,28,False
388.6409090909091,0.12021779773539867,S07,50,3,29,False
392.2681818181818,0.10217478439885427,S07,50,3,30,False
396.1,-0.12425328737611696,S07,50,3,31,False
399.5318181818182,-0.11973505582638139,S07,50,3,32,False
403.55,-0.11690630321723725,S07,50,3,33,False
406.33181818181816,0.114864027343097,S07,50,3,34,False
409.93636363636364,0.13227380285337703,S07,50,3,35,False
412.75,-0.11841615085709184,S07,50,3,36,False
416.05,-0.1219068512315493,S07,50,3,37,False
419.49545454545455,-0.10372171516893361,S07,50,3,38,False
423.30454545454546,-0.11220806642545966,S07,50,3,39,False
426.1636363636364,0.4885821722044142,S07,50,3,40,True
429.8772727272727,0.12228323918885149,S07,50,3,41,False
432.4045454545454,0.11646785039440855,S07,50,3,42,False
434.5090909090909,-0.10261398883246103,S07,50,3,43,False
437.8545454545455,-0.178593913233271,S07,50,3,44,False
440.15,-0.11022157573687144,S07,50,3,45,False
444.06363636363636,-0.18395677805762412,S07,50,3,46,False
448.25454545454545,-0.12150128058105236,S07,50,3,47,False
451.8181818181818,-0.18627030431469077,S07,50,3,48,False
455.1090909090909,-0.12174795148516576,S07,50,3,49,False
458.2681818181818,0.1091550154837389,S07,50,3,50,False
462.15,-0.10997100809480169,S07,50,3,51,False
464.75454545454545,0.13431700820267,S07,50,3,52,False
466.8272727272727,0.0979425015096098,S07,50,3,53,False
469.51363636363635,-0.16798421315404866,S07,50,3,54,False
473.5954545454546,0.11569597217554382,S07,50,3,55,False
475.94545454545454,0.12236938644759428,S07,50,3,56,False
478.01363636363635,0.1347901389583966,S07,50,3,57,False
481.3590909090909,0.12037529977677572,S07,50,3,58,False
484.3181818181818,-0.13203976385155924,S07,50,3,59,False
486.91818181818184,0.16329437124727897,S07,50,3,60,False
489.1454545454545,-0.17428240620159086,S07,50,3,61,False
492.0318181818182,-0.10000547439587076,S07,50,3,62,False
494.0681818181818,0.1260914645269196,S07,50,3,63,False
496.8181818181818,-0.22191378026679226,S07,50,3,64,False
499.68636363636364,-0.106375845726504,S07,50,3,65,False
