timestamp,emg,event
2113.709091,509.000000,0
2113.713636,509.000000,0
2113.718182,509.000000,0
2113.722727,509.000000,0
2113.727273,509.000000,0
2113.731818,509.000000,0
2113.736364,509.000000,0
2113.740909,512.000000,0
2113.745455,512.000000,0
2113.750000,512.000000,0
2113.754545,512.000000,0
2113.759091,509.000000,0
2113.763636,509.000000,0
2113.768182,509.000000,0
2113.772727,509.000000,0
2113.777273,512.000000,0
2113.781818,512.000000,0
2113.786364,513.000000,0
2113.790909,513.000000,0
2113.795455,512.000000,0
2113.800000,512.000000,0
2113.804545,512.000000,0
2113.809091,512.000000,0
2113.813636,510.000000,0
2113.818182,510.000000,0
2113.822727,510.000000,0
2113.827273,509.000000,0
2113.831818,509.000000,0
2113.836364,509.000000,0
2113.840909,510.000000,0
2113.845455,508.000000,0
2113.850000,508.000000,0
2113.854545,509.000000,0
2113.859091,509.000000,0
2113.863636,509.000000,0
2113.868182,512.000000,0
2113.872727,512.000000,0
2113.877273,512.000000,0
2113.881818,512.000000,0
2113.886364,512.000000,0
2113.890909,512.000000,0
2113.895455,509.000000,0
2113.900000,509.000000,0
2113.904545,509.000000,0
2113.909091,509.000000,0
2113.913636,509.000000,0
2113.918182,509.000000,0
2113.922727,509.000000,0
2113.927273,509.000000,0
2113.931818,509.000000,0
2113.936364,509.000000,0
2113.940909,509.000000,0
2113.945455,509.000000,0
2113.950000,509.000000,0
2113.954545,509.000000,0
2113.959091,509.000000,0
2113.963636,509.000000,0
2113.968182,510.000000,0
2113.972727,510.000000,0
2113.977273,510.000000,0
2113.981818,510.000000,0
2113.986364,512.000000,0
2113.990909,512.000000,0
2113.995455,512.000000,0
2114.000000,512.000000,0
2114.004545,512.000000,0
2114.009091,512.000000,0
2114.013636,512.000000,0
2114.018182,512.000000,0
2114.022727,510.000000,0
2114.027273,510.000000,0
2114.031818,510.000000,0
2114.036364,510.000000,0
2114.040909,509.000000,0
2114.045455,509.000000,0
2114.050000,509.000000,0
2114.054545,509.000000,0
2114.059091,509.000000,0
2114.063636,509.000000,0
2114.068182,509.000000,0
2114.072727,509.000000,0
2114.077273,509.000000,0
2114.081818,509.000000,0
2114.086364,509.000000,0
2114.090909,512.000000,0
2114.095455,512.000000,0
2114.100000,512.000000,0
2114.104545,512.000000,0
2114.109091,510.000000,0
2114.113636,510.000000,0
2114.118182,510.000000,0
2114.122727,510.000000,0
2114.127273,510.000000,0
2114.131818,512.000000,0
2114.136364,512.000000,0
2114.140909,512.000000,0
2114.145455,513.000000,0
2114.150000,513.000000,0
2114.154545,513.000000,0
2114.159091,513.000000,0
2114.163636,510.000000,0
2114.168182,510.000000,0
2114.172727,510.000000,0
2114.177273,510.000000,0
2114.181818,510.000000,0
2114.186364,510.000000,0
2114.190909,510.000000,0
2114.195455,510.000000,0
2114.200000,510.000000,0
2114.204545,510.000000,0
2114.209091,510.000000,0
2114.213636,509.000000,0
2114.218182,509.000000,0
2114.222727,509.000000,0
2114.227273,512.000000,0
2114.231818,512.000000,0
2114.236364,512.000000,0
2114.240909,512.000000,0
2114.245455,512.000000,0
2114.250000,512.000000,0
2114.254545,512.000000,0
2114.259091,512.000000,0
2114.263636,509.000000,0
2114.268182,509.000000,0
2114.272727,509.000000,0
2114.277273,510.000000,0
2114.281818,510.000000,0
2114.286364,510.000000,0
2114.290909,510.000000,0
2114.295455,510.000000,0
2114.300000,510.000000,0
2114.304545,512.000000,0
2114.309091,512.000000,0
2114.313636,512.000000,0
2114.318182,512.000000,0
2114.322727,510.000000,0
2114.327273,510.000000,0
2114.331818,510.000000,0
2114.336364,510.000000,0
2114.340909,509.000000,0
2114.345455,509.000000,0
2114.350000,509.000000,0
2114.354545,513.000000,0
2114.359091,513.000000,0
2114.363636,513.000000,0
2114.368182,513.000000,0
2114.372727,513.000000,0
2114.377273,513.000000,0
2114.381818,513.000000,0
2114.386364,513.000000,0
2114.390909,512.000000,0
2114.395455,512.000000,0
2114.400000,512.000000,0
2114.404545,512.000000,0
2114.409091,513.000000,0
2114.413636,513.000000,0
2114.418182,513.000000,0
2114.422727,513.000000,0
2114.427273,510.000000,0
2114.431818,510.000000,0
2114.436364,510.000000,0
2114.440909,510.000000,0
2114.445455,509.000000,0
2114.450000,509.000000,0
2114.454545,509.000000,0
2114.459091,509.000000,0
2114.463636,509.000000,0
2114.468182,509.000000,0
2114.472727,509.000000,0
2114.477273,509.000000,0
2114.481818,509.000000,0
2114.486364,509.000000,0
2114.490909,509.000000,0
2114.495455,509.000000,0
2114.500000,509.000000,0
2114.504545,509.000000,0
2114.509091,509.000000,0
2114.513636,510.000000,0
2114.518182,510.000000,0
2114.522727,513.000000,0
2114.527273,513.000000,0
2114.531818,513.000000,0
2114.536364,509.000000,0
2114.540909,509.000000,0
2114.545455,509.000000,0
2114.550000,510.000000,0
2114.554545,510.000000,0
2114.559091,509.000000,0
2114.563636,509.000000,0
2114.568182,510.000000,0
2114.572727,510.000000,0
2114.577273,512.000000,0
2114.581818,512.000000,0
2114.586364,512.000000,0
2114.590909,512.000000,0
2114.595455,512.000000,0
2114.600000,512.000000,0
2114.604545,512.000000,0
2114.609091,512.000000,0
2114.613636,512.000000,0
2114.618182,509.000000,0
2114.622727,509.000000,0
2114.627273,509.000000,0
2114.631818,509.000000,0
2114.636364,509.000000,0
2114.640909,509.000000,0
2114.645455,509.000000,0
2114.650000,509.000000,0
2114.654545,510.000000,0
2114.659091,510.000000,0
2114.663636,510.000000,0
2114.668182,510.000000,0
2114.672727,509.000000,0
2114.677273,509.000000,0
2114.681818,509.000000,0
2114.686364,509.000000,0
2114.690909,508.000000,0
2114.695455,508.000000,0
2114.700000,508.000000,0
2114.704545,508.000000,0
2114.709091,512.000000,0
2114.713636,512.000000,0
2114.718182,512.000000,0
2114.722727,512.000000,0
2114.727273,513.000000,0
2114.731818,513.000000,0
2114.736364,513.000000,0
2114.740909,513.000000,0
2114.745455,513.000000,0
2114.750000,513.000000,0
2114.754545,513.000000,0
2114.759091,513.000000,0
2114.763636,513.000000,0
2114.768182,510.000000,0
2114.772727,510.000000,0
2114.777273,510.000000,0
2114.781818,510.000000,0
2114.786364,510.000000,0
2114.790909,705.000000,0
2114.795455,705.000000,0
2114.800000,705.000000,0
2114.804545,460.000000,0
2114.809091,460.000000,0
2114.813636,460.000000,0
2114.818182,460.000000,0
2114.822727,503.000000,0
2114.827273,503.000000,0
2114.831818,503.000000,0
2114.836364,503.000000,0
2114.840909,509.000000,0
2114.845455,509.000000,0
2114.850000,509.000000,0
2114.854545,509.000000,0
2114.859091,509.000000,0
2114.863636,509.000000,0
2114.868182,509.000000,0
2114.872727,509.000000,0
2114.877273,512.000000,0
2114.881818,512.000000,0
2114.886364,512.000000,0
2114.890909,512.000000,0
2114.895455,510.000000,0
2114.900000,510.000000,0
2114.904545,510.000000,0
2114.909091,510.000000,0
2114.913636,509.000000,0
2114.918182,509.000000,0
2114.922727,509.000000,0
2114.927273,509.000000,0
2114.931818,509.000000,0
2114.936364,509.000000,0
2114.940909,509.000000,0
2114.945455,509.000000,0
2114.950000,509.000000,0
2114.954545,509.000000,0
2114.959091,510.000000,0
2114.963636,510.000000,0
2114.968182,510.000000,0
2114.972727,510.000000,0
2114.977273,509.000000,0
2114.981818,509.000000,0
2114.986364,509.000000,0
2114.990909,509.000000,0
2114.995455,510.000000,0
2115.000000,510.000000,0
2115.004545,510.000000,0
2115.009091,510.000000,0
2115.013636,513.000000,0
2115.018182,513.000000,0
2115.022727,513.000000,0
2115.027273,513.000000,0
2115.031818,510.000000,0
2115.036364,510.000000,0
2115.040909,510.000000,0
2115.045455,510.000000,0
2115.050000,510.000000,0
2115.054545,510.000000,0
2115.059091,510.000000,0
2115.063636,510.000000,0
2115.068182,510.000000,0
2115.072727,510.000000,0
2115.077273,510.000000,0
2115.081818,509.000000,0
2115.086364,509.000000,0
2115.090909,509.000000,0
2115.095455,509.000000,0
2115.100000,509.000000,0
2115.104545,509.000000,0
2115.109091,509.000000,0
2115.113636,509.000000,0
2115.118182,510.000000,0
2115.122727,510.000000,0
2115.127273,510.000000,0
2115.131818,510.000000,0
2115.136364,510.000000,0
2115.140909,510.000000,0
2115.145455,510.000000,0
2115.150000,510.000000,0
2115.154545,510.000000,0
2115.159091,510.000000,0
2115.163636,510.000000,0
2115.168182,510.000000,0
2115.172727,510.000000,0
2115.177273,510.000000,0
2115.181818,509.000000,0
2115.186364,509.000000,0
2115.190909,509.000000,0
2115.195455,508.000000,0
2115.200000,508.000000,0
2115.204545,508.000000,0
2115.209091,508.000000,0
2115.213636,512.000000,0
2115.218182,512.000000,0
2115.222727,512.000000,0
2115.227273,512.000000,0
2115.231818,509.000000,0
2115.236364,509.000000,0
2115.240909,509.000000,0
2115.245455,509.000000,0
2115.250000,510.000000,0
2115.254545,510.000000,0
2115.259091,510.000000,0
2115.263636,510.000000,0
2115.268182,512.000000,0
2115.272727,512.000000,0
2115.277273,512.000000,0
2115.281818,512.000000,0
2115.286364,510.000000,0
2115.290909,510.000000,0
2115.295455,510.000000,0
2115.300000,510.000000,0
2115.304545,510.000000,0
2115.309091,510.000000,0
2115.313636,510.000000,0
2115.318182,510.000000,0
2115.322727,510.000000,0
2115.327273,509.000000,0
2115.331818,509.000000,0
2115.336364,509.000000,0
2115.340909,509.000000,0
2115.345455,509.000000,0
2115.350000,509.000000,0
2115.354545,509.000000,0
2115.359091,509.000000,0
2115.363636,455.000000,0
2115.368182,455.000000,0
2115.372727,455.000000,0
2115.377273,455.000000,0
2115.381818,491.000000,0
2115.386364,491.000000,0
2115.390909,491.000000,0
2115.395455,491.000000,0
2115.400000,510.000000,0
2115.404545,510.000000,0
2115.409091,510.000000,0
2115.413636,510.000000,0
2115.418182,512.000000,0
2115.422727,512.000000,0
2115.427273,512.000000,0
2115.431818,512.000000,0
2115.436364,495.000000,0
2115.440909,495.000000,0
2115.445455,495.000000,0
2115.450000,495.000000,0
2115.454545,508.000000,0
2115.459091,508.000000,0
2115.463636,508.000000,0
2115.468182,508.000000,0
2115.472727,508.000000,0
2115.477273,508.000000,0
2115.481818,508.000000,0
2115.486364,508.000000,0
2115.490909,509.000000,0
2115.495455,509.000000,0
2115.500000,509.000000,0
2115.504545,509.000000,0
2115.509091,512.000000,0
2115.513636,512.000000,0
2115.518182,512.000000,0
2115.522727,512.000000,0
2115.527273,510.000000,0
2115.531818,510.000000,0
2115.536364,510.000000,0
2115.540909,510.000000,0
2115.545455,510.000000,0
2115.550000,513.000000,0
2115.554545,513.000000,0
2115.559091,513.000000,0
2115.563636,513.000000,0
2115.568182,510.000000,0
2115.572727,510.000000,0
2115.577273,510.000000,0
2115.581818,510.000000,0
2115.586364,509.000000,0
2115.590909,509.000000,0
2115.595455,509.000000,1
2115.600000,509.000000,0
2115.604545,509.000000,0
2115.609091,509.000000,0
2115.613636,509.000000,0
2115.618182,509.000000,0
2115.622727,509.000000,0
2115.627273,509.000000,0
2115.631818,509.000000,0
2115.636364,509.000000,0
2115.640909,509.000000,0
2115.645455,510.000000,0
2115.650000,510.000000,0
2115.654545,510.000000,0
2115.659091,510.000000,0
2115.663636,510.000000,0
2115.668182,510.000000,0
2115.672727,510.000000,0
2115.677273,513.000000,0
2115.681818,513.000000,0
2115.686364,513.000000,0
2115.690909,510.000000,0
2115.695455,510.000000,0
2115.700000,510.000000,0
2115.704545,510.000000,0
2115.709091,510.000000,0
2115.713636,510.000000,0
2115.718182,510.000000,0
2115.722727,510.000000,0
2115.727273,509.000000,0
2115.731818,509.000000,0
2115.736364,509.000000,0
2115.740909,509.000000,0
2115.745455,510.000000,0
2115.750000,510.000000,0
2115.754545,510.000000,0
2115.759091,510.000000,0
2115.763636,510.000000,0
2115.768182,510.000000,0
2115.772727,510.000000,0
2115.777273,513.000000,0
2115.781818,513.000000,0
2115.786364,513.000000,0
2115.790909,513.000000,0
2115.795455,513.000000,0
2115.800000,513.000000,0
2115.804545,513.000000,0
2115.809091,513.000000,0
2115.813636,509.000000,0
2115.818182,509.000000,0
2115.822727,509.000000,0
2115.827273,509.000000,0
2115.831818,509.000000,0
2115.836364,510.000000,0
2115.840909,510.000000,0
2115.845455,510.000000,0
2115.850000,452.000000,0
2115.854545,452.000000,0
2115.859091,452.000000,0
2115.863636,452.000000,0
2115.868182,504.000000,0
2115.872727,504.000000,0
2115.877273,504.000000,0
2115.881818,504.000000,0
2115.886364,509.000000,0
2115.890909,509.000000,0
2115.895455,509.000000,0
2115.900000,509.000000,0
2115.904545,509.000000,0
2115.909091,509.000000,0
2115.913636,509.000000,0
2115.918182,509.000000,0
2115.922727,512.000000,0
2115.927273,512.000000,0
2115.931818,512.000000,0
2115.936364,512.000000,0
2115.940909,512.000000,0
2115.945455,513.000000,0
2115.950000,513.000000,0
2115.954545,513.000000,0
2115.959091,513.000000,0
2115.963636,509.000000,0
2115.968182,509.000000,0
2115.972727,509.000000,0
2115.977273,509.000000,0
2115.981818,509.000000,0
2115.986364,509.000000,0
2115.990909,509.000000,0
2115.995455,509.000000,0
2116.000000,509.000000,0
2116.004545,509.000000,0
2116.009091,509.000000,0
2116.013636,509.000000,0
2116.018182,510.000000,0
2116.022727,510.000000,0
2116.027273,510.000000,0
2116.031818,510.000000,0
2116.036364,509.000000,0
2116.040909,509.000000,0
2116.045455,509.000000,0
2116.050000,509.000000,0
2116.054545,513.000000,0
2116.059091,513.000000,0
2116.063636,513.000000,0
2116.068182,513.000000,0
2116.072727,510.000000,0
2116.077273,510.000000,0
2116.081818,510.000000,0
2116.086364,510.000000,0
2116.090909,510.000000,0
2116.095455,509.000000,0
2116.100000,509.000000,0
2116.104545,509.000000,0
2116.109091,509.000000,0
2116.113636,509.000000,0
2116.118182,509.000000,0
2116.122727,509.000000,0
2116.127273,509.000000,0
2116.131818,509.000000,0
2116.136364,509.000000,0
2116.140909,509.000000,0
2116.145455,509.000000,0
2116.150000,509.000000,0
2116.154545,509.000000,0
2116.159091,509.000000,0
2116.163636,513.000000,0
2116.168182,513.000000,0
2116.172727,513.000000,0
2116.177273,513.000000,0
2116.181818,513.000000,0
2116.186364,513.000000,0
2116.190909,513.000000,0
2116.195455,513.000000,0
2116.200000,513.000000,0
2116.204545,512.000000,0
2116.209091,512.000000,0
2116.213636,512.000000,0
2116.218182,512.000000,0
2116.222727,509.000000,0
2116.227273,509.000000,0
2116.231818,509.000000,0
2116.236364,509.000000,0
2116.240909,510.000000,0
2116.245455,510.000000,0
2116.250000,510.000000,0
2116.254545,510.000000,0
2116.259091,510.000000,0
2116.263636,508.000000,0
2116.268182,508.000000,0
2116.272727,508.000000,0
2116.277273,509.000000,0
2116.281818,509.000000,0
2116.286364,509.000000,0
2116.290909,509.000000,0
2116.295455,509.000000,0
2116.300000,509.000000,0
2116.304545,509.000000,0
2116.309091,509.000000,0
2116.313636,509.000000,0
2116.318182,509.000000,0
2116.322727,509.000000,0
2116.327273,509.000000,0
2116.331818,512.000000,0
2116.336364,512.000000,0
2116.340909,512.000000,0
2116.345455,512.000000,0
2116.350000,509.000000,0
2116.354545,509.000000,0
2116.359091,509.000000,0
2116.363636,509.000000,0
2116.368182,509.000000,0
2116.372727,509.000000,0
2116.377273,509.000000,0
2116.381818,509.000000,0
2116.386364,509.000000,0
2116.390909,510.000000,0
2116.395455,510.000000,0
2116.400000,510.000000,0
2116.404545,510.000000,0
2116.409091,509.000000,0
2116.413636,509.000000,0
2116.418182,509.000000,0
2116.422727,509.000000,0
2116.427273,509.000000,0
2116.431818,509.000000,0
2116.436364,509.000000,0
2116.440909,509.000000,0
2116.445455,510.000000,0
2116.450000,510.000000,0
2116.454545,510.000000,0
2116.459091,510.000000,0
2116.463636,512.000000,0
2116.468182,512.000000,0
2116.472727,512.000000,0
2116.477273,512.000000,0
2116.481818,509.000000,0
2116.486364,509.000000,0
2116.490909,509.000000,0
2116.495455,509.000000,0
2116.500000,509.000000,0
2116.504545,509.000000,0
2116.509091,509.000000,0
2116.513636,509.000000,0
2116.518182,509.000000,0
2116.522727,509.000000,0
2116.527273,509.000000,0
2116.531818,509.000000,0
2116.536364,509.000000,0
2116.540909,509.000000,0
2116.545455,509.000000,0
2116.550000,509.000000,0
2116.554545,509.000000,0
2116.559091,512.000000,0
2116.563636,512.000000,0
2116.568182,512.000000,0
2116.572727,512.000000,0
2116.577273,512.000000,0
2116.581818,512.000000,0
2116.586364,512.000000,0
2116.590909,512.000000,0
2116.595455,513.000000,0
2116.600000,513.000000,0
2116.604545,513.000000,0
2116.609091,510.000000,0
2116.613636,510.000000,0
2116.618182,510.000000,0
2116.622727,510.000000,0
2116.627273,509.000000,0
2116.631818,509.000000,0
2116.636364,509.000000,0
2116.640909,509.000000,0
2116.645455,512.000000,0
2116.650000,512.000000,0
2116.654545,512.000000,0
2116.659091,512.000000,0
2116.663636,512.000000,0
2116.668182,509.000000,0
2116.672727,509.000000,0
2116.677273,509.000000,0
2116.681818,509.000000,0
2116.686364,510.000000,0
2116.690909,510.000000,0
2116.695455,510.000000,0
2116.700000,510.000000,0
2116.704545,509.000000,0
2116.709091,509.000000,0
2116.713636,509.000000,0
2116.718182,509.000000,0
2116.722727,512.000000,0
2116.727273,512.000000,0
2116.731818,512.000000,0
2116.736364,512.000000,0
2116.740909,506.000000,0
2116.745455,506.000000,0
2116.750000,506.000000,0
2116.754545,506.000000,0
2116.759091,510.000000,0
2116.763636,510.000000,0
2116.768182,510.000000,0
2116.772727,510.000000,0
2116.777273,509.000000,0
2116.781818,509.000000,0
2116.786364,509.000000,0
2116.790909,509.000000,0
2116.795455,509.000000,0
2116.800000,513.000000,0
2116.804545,513.000000,0
2116.809091,513.000000,0
2116.813636,513.000000,0
2116.818182,509.000000,0
2116.822727,509.000000,0
2116.827273,509.000000,0
2116.831818,509.000000,0
2116.836364,508.000000,0
2116.840909,508.000000,0
2116.845455,508.000000,0
2116.850000,508.000000,0
2116.854545,509.000000,0
2116.859091,509.000000,0
2116.863636,509.000000,0
2116.868182,509.000000,0
2116.872727,514.000000,0
2116.877273,514.000000,0
2116.881818,514.000000,0
2116.886364,514.000000,0
2116.890909,509.000000,0
2116.895455,509.000000,0
2116.900000,509.000000,0
2116.904545,509.000000,0
2116.909091,510.000000,0
2116.913636,510.000000,0
2116.918182,510.000000,0
2116.922727,510.000000,0
2116.927273,508.000000,0
2116.931818,508.000000,0
2116.936364,508.000000,0
2116.940909,508.000000,0
2116.945455,513.000000,0
2116.950000,513.000000,0
2116.954545,513.000000,0
2116.959091,513.000000,0
2116.963636,510.000000,0
2116.968182,510.000000,0
2116.972727,510.000000,0
2116.977273,510.000000,0
2116.981818,510.000000,0
2116.986364,510.000000,0
2116.990909,510.000000,0
2116.995455,510.000000,0
2117.000000,510.000000,0
2117.004545,514.000000,0
2117.009091,514.000000,0
2117.013636,514.000000,0
2117.018182,514.000000,0
2117.022727,513.000000,0
2117.027273,513.000000,0
2117.031818,513.000000,0
2117.036364,513.000000,0
2117.040909,508.000000,0
2117.045455,508.000000,0
2117.050000,508.000000,0
2117.054545,512.000000,0
2117.059091,512.000000,0
2117.063636,512.000000,0
2117.068182,512.000000,0
2117.072727,512.000000,0
2117.077273,512.000000,0
2117.081818,512.000000,0
2117.086364,512.000000,0
2117.090909,509.000000,0
2117.095455,509.000000,0
2117.100000,509.000000,0
2117.104545,509.000000,0
2117.109091,509.000000,0
2117.113636,509.000000,0
2117.118182,509.000000,0
2117.122727,509.000000,0
2117.127273,512.000000,0
2117.131818,512.000000,0
2117.136364,512.000000,0
2117.140909,512.000000,0
2117.145455,495.000000,0
2117.150000,495.000000,0
2117.154545,495.000000,0
2117.159091,495.000000,0
2117.163636,509.000000,0
2117.168182,509.000000,0
2117.172727,509.000000,0
2117.177273,509.000000,0
2117.181818,495.000000,0
2117.186364,495.000000,0
2117.190909,495.000000,0
2117.195455,495.000000,0
2117.200000,495.000000,0
2117.204545,509.000000,0
2117.209091,509.000000,0
2117.213636,509.000000,0
2117.218182,509.000000,0
2117.222727,509.000000,0
2117.227273,513.000000,0
2117.231818,513.000000,0
2117.236364,513.000000,0
2117.240909,509.000000,0
2117.245455,509.000000,0
2117.250000,509.000000,0
2117.254545,509.000000,0
2117.259091,506.000000,0
2117.263636,506.000000,0
2117.268182,506.000000,0
2117.272727,506.000000,0
2117.277273,510.000000,0
2117.281818,510.000000,0
2117.286364,510.000000,0
2117.290909,510.000000,0
2117.295455,513.000000,0
2117.300000,513.000000,0
2117.304545,513.000000,0
2117.309091,513.000000,0
2117.313636,514.000000,0
2117.318182,514.000000,0
2117.322727,514.000000,0
2117.327273,514.000000,0
2117.331818,509.000000,0
2117.336364,509.000000,0
2117.340909,509.000000,0
2117.345455,509.000000,0
2117.350000,509.000000,0
2117.354545,513.000000,0
2117.359091,513.000000,0
2117.363636,513.000000,0
2117.368182,513.000000,0
2117.372727,504.000000,0
2117.377273,504.000000,0
2117.381818,504.000000,0
2117.386364,504.000000,0
2117.390909,509.000000,0
2117.395455,509.000000,0
2117.400000,509.000000,0
2117.404545,509.000000,0
2117.409091,509.000000,0
2117.413636,509.000000,0
2117.418182,509.000000,0
2117.422727,509.000000,0
2117.427273,506.000000,0
2117.431818,506.000000,0
2117.436364,506.000000,0
2117.440909,506.000000,0
2117.445455,513.000000,0
2117.450000,513.000000,0
2117.454545,513.000000,0
2117.459091,513.000000,0
2117.463636,512.000000,0
2117.468182,512.000000,0
2117.472727,512.000000,0
2117.477273,512.000000,0
2117.481818,510.000000,0
2117.486364,510.000000,0
2117.490909,510.000000,0
2117.495455,510.000000,0
2117.500000,510.000000,0
2117.504545,510.000000,0
2117.509091,510.000000,0
2117.513636,510.000000,0
2117.518182,510.000000,0
2117.522727,509.000000,0
2117.527273,509.000000,0
2117.531818,509.000000,0
2117.536364,509.000000,0
2117.540909,508.000000,0
2117.545455,508.000000,0
2117.550000,508.000000,0
2117.554545,508.000000,0
2117.559091,508.000000,0
2117.563636,508.000000,0
2117.568182,508.000000,0
2117.572727,508.000000,0
2117.577273,510.000000,0
2117.581818,510.000000,0
2117.586364,510.000000,0
2117.590909,510.000000,0
2117.595455,504.000000,0
2117.600000,504.000000,0
2117.604545,504.000000,0
2117.609091,504.000000,0
2117.613636,516.000000,0
2117.618182,516.000000,0
2117.622727,516.000000,0
2117.627273,516.000000,0
2117.631818,513.000000,0
2117.636364,513.000000,0
2117.640909,513.000000,0
2117.645455,513.000000,0
2117.650000,512.000000,0
2117.654545,512.000000,0
2117.659091,512.000000,0
2117.663636,512.000000,0
2117.668182,509.000000,0
2117.672727,509.000000,0
2117.677273,509.000000,0
2117.681818,509.000000,0
2117.686364,509.000000,0
2117.690909,509.000000,0
2117.695455,509.000000,0
2117.700000,509.000000,0
2117.704545,512.000000,0
2117.709091,512.000000,0
2117.713636,512.000000,0
2117.718182,512.000000,0
2117.722727,505.000000,0
2117.727273,505.000000,0
2117.731818,505.000000,0
2117.736364,505.000000,0
2117.740909,505.000000,0
2117.745455,509.000000,0
2117.750000,509.000000,0
2117.754545,509.000000,0
2117.759091,509.000000,0
2117.763636,477.000000,0
2117.768182,477.000000,0
2117.772727,477.000000,0
2117.777273,477.000000,0
2117.781818,510.000000,0
2117.786364,510.000000,0
2117.790909,510.000000,0
2117.795455,510.000000,0
2117.800000,501.000000,0
2117.804545,501.000000,0
2117.809091,501.000000,0
2117.813636,501.000000,0
2117.818182,509.000000,0
2117.822727,509.000000,0
2117.827273,509.000000,0
2117.831818,509.000000,0
2117.836364,508.000000,0
2117.840909,508.000000,0
2117.845455,508.000000,0
2117.850000,508.000000,0
2117.854545,509.000000,0
2117.859091,509.000000,0
2117.863636,509.000000,0
2117.868182,509.000000,0
2117.872727,509.000000,0
2117.877273,509.000000,0
2117.881818,509.000000,0
2117.886364,509.000000,0
2117.890909,513.000000,0
2117.895455,513.000000,0
2117.900000,513.000000,0
2117.904545,513.000000,0
2117.909091,513.000000,0
2117.913636,510.000000,0
2117.918182,510.000000,0
2117.922727,510.000000,0
2117.927273,510.000000,0
2117.931818,509.000000,0
2117.936364,509.000000,0
2117.940909,509.000000,0
2117.945455,509.000000,0
2117.950000,508.000000,0
2117.954545,508.000000,0
2117.959091,508.000000,0
2117.963636,508.000000,0
2117.968182,510.000000,0
2117.972727,510.000000,0
2117.977273,510.000000,0
2117.981818,510.000000,0
2117.986364,510.000000,0
2117.990909,510.000000,0
2117.995455,510.000000,0
2118.000000,510.000000,0
2118.004545,510.000000,0
2118.009091,510.000000,0
2118.013636,510.000000,0
2118.018182,510.000000,0
2118.022727,510.000000,0
2118.027273,510.000000,0
2118.031818,510.000000,0
2118.036364,510.000000,0
2118.040909,509.000000,0
2118.045455,509.000000,0
2118.050000,509.000000,0
2118.054545,509.000000,0
2118.059091,510.000000,0
2118.063636,510.000000,0
2118.068182,510.000000,0
2118.072727,510.000000,0
2118.077273,510.000000,0
2118.081818,510.000000,0
2118.086364,510.000000,0
2118.090909,510.000000,0
2118.095455,510.000000,0
2118.100000,509.000000,0
2118.104545,509.000000,0
2118.109091,509.000000,0
2118.113636,509.000000,0
2118.118182,509.000000,0
2118.122727,509.000000,0
2118.127273,509.000000,0
2118.131818,509.000000,0
2118.136364,509.000000,0
2118.140909,509.000000,0
2118.145455,509.000000,0
2118.150000,509.000000,0
2118.154545,508.000000,0
2118.159091,508.000000,0
2118.163636,508.000000,0
2118.168182,508.000000,0
2118.172727,420.000000,0
2118.177273,420.000000,0
2118.181818,420.000000,0
2118.186364,420.000000,0
2118.190909,500.000000,0
2118.195455,500.000000,0
2118.200000,500.000000,0
2118.204545,500.000000,0
2118.209091,500.000000,0
2118.213636,506.000000,0
2118.218182,506.000000,0
2118.222727,506.000000,0
2118.227273,504.000000,0
2118.231818,504.000000,0
2118.236364,504.000000,0
2118.240909,504.000000,0
2118.245455,504.000000,0
2118.250000,509.000000,0
2118.254545,509.000000,0
2118.259091,509.000000,0
2118.263636,509.000000,0
2118.268182,509.000000,0
2118.272727,509.000000,0
2118.277273,509.000000,0
2118.281818,509.000000,0
2118.286364,509.000000,0
2118.290909,509.000000,0
2118.295455,509.000000,0
2118.300000,509.000000,0
2118.304545,512.000000,0
2118.309091,512.000000,0
2118.313636,512.000000,0
2118.318182,512.000000,0
2118.322727,513.000000,0
2118.327273,513.000000,0
2118.331818,513.000000,0
2118.336364,513.000000,0
2118.340909,510.000000,0
2118.345455,510.000000,0
2118.350000,510.000000,0
2118.354545,510.000000,0
2118.359091,509.000000,0
2118.363636,509.000000,0
2118.368182,509.000000,0
2118.372727,509.000000,0
2118.377273,509.000000,0
2118.381818,509.000000,0
2118.386364,509.000000,0
2118.390909,509.000000,0
2118.395455,509.000000,0
2118.400000,509.000000,0
2118.404545,509.000000,0
2118.409091,509.000000,0
2118.413636,509.000000,0
2118.418182,509.000000,0
2118.422727,509.000000,0
2118.427273,509.000000,0
2118.431818,509.000000,0
2118.436364,512.000000,0
2118.440909,512.000000,0
2118.445455,512.000000,0
2118.450000,512.000000,0
2118.454545,510.000000,0
2118.459091,510.000000,0
2118.463636,510.000000,0
2118.468182,510.000000,0
2118.472727,510.000000,0
2118.477273,509.000000,0
2118.481818,509.000000,0
2118.486364,509.000000,0
2118.490909,509.000000,0
2118.495455,509.000000,0
2118.500000,509.000000,0
2118.504545,509.000000,0
2118.509091,509.000000,0
2118.513636,509.000000,0
2118.518182,509.000000,0
2118.522727,510.000000,0
2118.527273,510.000000,0
2118.531818,510.000000,0
2118.536364,510.000000,0
2118.540909,512.000000,0
2118.545455,512.000000,0
2118.550000,512.000000,0
2118.554545,513.000000,0
2118.559091,513.000000,0
2118.563636,513.000000,0
2118.568182,513.000000,0
2118.572727,512.000000,0
2118.577273,512.000000,0
2118.581818,512.000000,0
2118.586364,512.000000,0
2118.590909,512.000000,0
2118.595455,512.000000,0
2118.600000,509.000000,0
2118.604545,509.000000,0
2118.609091,509.000000,0
2118.613636,509.000000,0
2118.618182,509.000000,0
2118.622727,509.000000,0
2118.627273,509.000000,0
2118.631818,509.000000,0
2118.636364,509.000000,0
2118.640909,509.000000,0
2118.645455,509.000000,0
2118.650000,509.000000,0
2118.654545,509.000000,0
2118.659091,509.000000,0
2118.663636,509.000000,0
2118.668182,509.000000,0
2118.672727,513.000000,0
2118.677273,513.000000,0
2118.681818,513.000000,0
2118.686364,513.000000,0
2118.690909,513.000000,0
2118.695455,513.000000,0
2118.700000,513.000000,0
2118.704545,513.000000,0
2118.709091,512.000000,0
2118.713636,512.000000,0
2118.718182,512.000000,0
2118.722727,510.000000,0
2118.727273,510.000000,0
2118.731818,510.000000,0
2118.736364,510.000000,0
2118.740909,510.000000,0
2118.745455,510.000000,0
2118.750000,510.000000,0
2118.754545,510.000000,0
2118.759091,509.000000,0
2118.763636,509.000000,0
2118.768182,509.000000,0
2118.772727,509.000000,0
2118.777273,509.000000,0
2118.781818,510.000000,0
2118.786364,510.000000,0
2118.790909,510.000000,0
2118.795455,510.000000,0
2118.800000,510.000000,0
2118.804545,510.000000,0
2118.809091,510.000000,0
2118.813636,510.000000,0
2118.818182,509.000000,0
2118.822727,509.000000,0
2118.827273,509.000000,0
2118.831818,509.000000,0
2118.836364,510.000000,0
2118.840909,510.000000,0
2118.845455,510.000000,0
2118.850000,510.000000,0
2118.854545,510.000000,0
2118.859091,510.000000,0
2118.863636,510.000000,0
2118.868182,510.000000,0
2118.872727,509.000000,0
2118.877273,509.000000,0
2118.881818,509.000000,0
2118.886364,509.000000,0
2118.890909,509.000000,0
2118.895455,509.000000,0
2118.900000,509.000000,0
2118.904545,509.000000,0
2118.909091,509.000000,0
2118.913636,509.000000,0
2118.918182,509.000000,0
2118.922727,509.000000,0
2118.927273,509.000000,0
2118.931818,509.000000,0
2118.936364,513.000000,0
2118.940909,513.000000,0
2118.945455,513.000000,0
2118.950000,512.000000,0
2118.954545,512.000000,0
2118.959091,512.000000,0
2118.963636,510.000000,0
2118.968182,510.000000,0
2118.972727,510.000000,0
2118.977273,510.000000,0
2118.981818,509.000000,0
2118.986364,509.000000,0
2118.990909,509.000000,0
2118.995455,509.000000,0
2119.000000,510.000000,0
2119.004545,510.000000,0
2119.009091,510.000000,0
2119.013636,509.000000,0
2119.018182,509.000000,0
2119.022727,509.000000,0
2119.027273,509.000000,0
2119.031818,509.000000,0
2119.036364,509.000000,0
2119.040909,509.000000,0
2119.045455,509.000000,0
2119.050000,509.000000,0
2119.054545,510.000000,0
2119.059091,510.000000,0
2119.063636,510.000000,0
2119.068182,510.000000,0
2119.072727,510.000000,0
2119.077273,512.000000,0
2119.081818,512.000000,0
2119.086364,512.000000,0
2119.090909,512.000000,0
2119.095455,510.000000,0
2119.100000,510.000000,0
2119.104545,510.000000,0
2119.109091,510.000000,0
2119.113636,510.000000,0
2119.118182,510.000000,0
2119.122727,510.000000,0
2119.127273,509.000000,1
2119.131818,508.000000,0
2119.136364,508.000000,0
2119.140909,508.000000,0
2119.145455,510.000000,0
2119.150000,510.000000,0
2119.154545,510.000000,0
2119.159091,513.000000,0
2119.163636,513.000000,0
2119.168182,513.000000,0
2119.172727,513.000000,0
2119.177273,512.000000,0
2119.181818,512.000000,0
2119.186364,512.000000,0
2119.190909,512.000000,0
2119.195455,510.000000,0
2119.200000,510.000000,0
2119.204545,510.000000,0
2119.209091,509.000000,0
2119.213636,509.000000,0
2119.218182,509.000000,0
2119.222727,509.000000,0
2119.227273,509.000000,0
2119.231818,509.000000,0
2119.236364,509.000000,0
2119.240909,509.000000,0
2119.245455,509.000000,0
2119.250000,509.000000,0
2119.254545,509.000000,0
2119.259091,509.000000,0
2119.263636,509.000000,0
2119.268182,509.000000,0
2119.272727,509.000000,0
2119.277273,512.000000,0
2119.281818,512.000000,0
2119.286364,512.000000,0
2119.290909,512.000000,0
2119.295455,513.000000,0
2119.300000,513.000000,0
2119.304545,513.000000,0
2119.309091,513.000000,0
2119.313636,811.000000,0
2119.318182,811.000000,0
2119.322727,811.000000,0
2119.327273,811.000000,0
2119.331818,508.000000,0
2119.336364,508.000000,0
2119.340909,508.000000,0
2119.345455,508.000000,0
2119.350000,508.000000,0
2119.354545,508.000000,0
2119.359091,508.000000,0
2119.363636,508.000000,0
2119.368182,509.000000,0
2119.372727,509.000000,0
2119.377273,509.000000,0
2119.381818,509.000000,0
2119.386364,509.000000,0
2119.390909,509.000000,0
2119.395455,509.000000,0
2119.400000,509.000000,0
2119.404545,510.000000,0
2119.409091,510.000000,0
2119.413636,510.000000,0
2119.418182,510.000000,0
2119.422727,510.000000,0
2119.427273,510.000000,0
2119.431818,510.000000,0
2119.436364,510.000000,0
2119.440909,510.000000,0
2119.445455,510.000000,0
2119.450000,510.000000,0
2119.454545,510.000000,0
2119.459091,509.000000,0
2119.463636,509.000000,0
2119.468182,509.000000,0
2119.472727,509.000000,0
2119.477273,509.000000,0
2119.481818,509.000000,0
2119.486364,509.000000,0
2119.490909,509.000000,0
2119.495455,509.000000,0
2119.500000,509.000000,0
2119.504545,509.000000,0
2119.509091,509.000000,0
2119.513636,509.000000,0
2119.518182,509.000000,0
2119.522727,509.000000,0
2119.527273,509.000000,0
2119.531818,509.000000,0
2119.536364,512.000000,0
2119.540909,512.000000,0
2119.545455,512.000000,0
2119.550000,512.000000,0
2119.554545,512.000000,0
2119.559091,512.000000,0
2119.563636,512.000000,0
2119.568182,512.000000,0
2119.572727,510.000000,0
2119.577273,510.000000,0
2119.581818,510.000000,0
2119.586364,510.000000,0
2119.590909,509.000000,0
2119.595455,509.000000,0
2119.600000,509.000000,0
2119.604545,509.000000,0
2119.609091,509.000000,0
2119.613636,509.000000,0
2119.618182,509.000000,0
2119.622727,509.000000,0
2119.627273,508.000000,0
2119.631818,508.000000,0
2119.636364,508.000000,0
2119.640909,508.000000,0
2119.645455,508.000000,0
2119.650000,509.000000,0
2119.654545,509.000000,0
2119.659091,509.000000,0
2119.663636,509.000000,0
2119.668182,510.000000,0
2119.672727,510.000000,0
2119.677273,510.000000,0
2119.681818,510.000000,0
2119.686364,512.000000,0
2119.690909,512.000000,0
2119.695455,512.000000,0
2119.700000,512.000000,0
2119.704545,512.000000,0
2119.709091,512.000000,0
2119.713636,512.000000,0
2119.718182,510.000000,0
2119.722727,510.000000,0
2119.727273,510.000000,0
2119.731818,510.000000,0
2119.736364,509.000000,0
2119.740909,509.000000,0
2119.745455,509.000000,0
2119.750000,509.000000,0
2119.754545,509.000000,0
2119.759091,509.000000,0
2119.763636,509.000000,0
2119.768182,509.000000,0
2119.772727,509.000000,0
2119.777273,509.000000,0
2119.781818,509.000000,0
2119.786364,509.000000,0
2119.790909,510.000000,0
2119.795455,510.000000,0
2119.800000,510.000000,0
2119.804545,510.000000,0
2119.809091,510.000000,0
2119.813636,510.000000,0
2119.818182,510.000000,0
2119.822727,510.000000,0
2119.827273,510.000000,0
2119.831818,510.000000,0
2119.836364,510.000000,0
2119.840909,510.000000,0
2119.845455,510.000000,0
2119.850000,509.000000,0
2119.854545,509.000000,0
2119.859091,509.000000,0
2119.863636,509.000000,0
2119.868182,509.000000,0
2119.872727,512.000000,0
2119.877273,512.000000,0
2119.881818,512.000000,0
2119.886364,512.000000,0
2119.890909,510.000000,0
2119.895455,510.000000,0
2119.900000,510.000000,0
2119.904545,510.000000,0
2119.909091,509.000000,0
2119.913636,509.000000,0
2119.918182,509.000000,0
2119.922727,509.000000,0
2119.927273,510.000000,0
2119.931818,510.000000,0
2119.936364,510.000000,0
2119.940909,510.000000,0
2119.945455,510.000000,0
2119.950000,510.000000,0
2119.954545,510.000000,0
2119.959091,510.000000,0
2119.963636,510.000000,0
2119.968182,510.000000,0
2119.972727,510.000000,0
2119.977273,510.000000,0
2119.981818,510.000000,0
2119.986364,510.000000,0
2119.990909,510.000000,0
2119.995455,510.000000,0
2120.000000,512.000000,0
2120.004545,512.000000,0
2120.009091,512.000000,0
2120.013636,509.000000,0
2120.018182,509.000000,0
2120.022727,509.000000,0
2120.027273,509.000000,0
2120.031818,509.000000,0
2120.036364,508.000000,0
2120.040909,508.000000,0
2120.045455,508.000000,0
2120.050000,508.000000,0
2120.054545,510.000000,0
2120.059091,510.000000,0
2120.063636,510.000000,0
2120.068182,510.000000,0
2120.072727,513.000000,0
2120.077273,513.000000,0
2120.081818,513.000000,0
2120.086364,513.000000,0
2120.090909,513.000000,0
2120.095455,513.000000,0
2120.100000,513.000000,0
2120.104545,513.000000,0
2120.109091,512.000000,0
2120.113636,512.000000,0
2120.118182,512.000000,0
2120.122727,512.000000,0
2120.127273,512.000000,0
2120.131818,512.000000,0
2120.136364,512.000000,0
2120.140909,512.000000,0
2120.145455,510.000000,0
2120.150000,510.000000,0
2120.154545,510.000000,0
2120.159091,510.000000,0
2120.163636,510.000000,0
2120.168182,795.000000,0
2120.172727,795.000000,0
2120.177273,795.000000,0
2120.181818,503.000000,0
2120.186364,503.000000,0
2120.190909,503.000000,0
2120.195455,503.000000,0
2120.200000,503.000000,0
2120.204545,513.000000,0
2120.209091,513.000000,0
2120.213636,513.000000,0
2120.218182,513.000000,0
2120.222727,513.000000,0
2120.227273,510.000000,0
2120.231818,510.000000,0
2120.236364,510.000000,0
2120.240909,510.000000,0
2120.245455,514.000000,0
2120.250000,514.000000,0
2120.254545,514.000000,0
2120.259091,514.000000,0
2120.263636,510.000000,0
2120.268182,510.000000,0
2120.272727,510.000000,0
2120.277273,510.000000,0
2120.281818,509.000000,0
2120.286364,509.000000,0
2120.290909,509.000000,0
2120.295455,509.000000,0
2120.300000,509.000000,0
2120.304545,509.000000,0
2120.309091,509.000000,0
2120.313636,509.000000,0
2120.318182,512.000000,0
2120.322727,512.000000,0
2120.327273,512.000000,0
2120.331818,509.000000,0
2120.336364,509.000000,0
2120.340909,509.000000,0
2120.345455,509.000000,0
2120.350000,513.000000,0
2120.354545,513.000000,0
2120.359091,513.000000,0
2120.363636,513.000000,0
2120.368182,513.000000,0
2120.372727,513.000000,0
2120.377273,513.000000,0
2120.381818,513.000000,0
2120.386364,513.000000,0
2120.390909,505.000000,0
2120.395455,505.000000,0
2120.400000,505.000000,0
2120.404545,505.000000,0
2120.409091,513.000000,0
2120.413636,513.000000,0
2120.418182,513.000000,0
2120.422727,513.000000,0
2120.427273,512.000000,0
2120.431818,512.000000,0
2120.436364,512.000000,0
2120.440909,512.000000,0
2120.445455,505.000000,0
2120.450000,505.000000,0
2120.454545,505.000000,0
2120.459091,505.000000,0
2120.463636,513.000000,0
2120.468182,513.000000,0
2120.472727,513.000000,0
2120.477273,513.000000,0
2120.481818,512.000000,0
2120.486364,512.000000,0
2120.490909,512.000000,0
2120.495455,512.000000,0
2120.500000,516.000000,0
2120.504545,516.000000,0
2120.509091,516.000000,0
2120.513636,516.000000,0
2120.518182,509.000000,0
2120.522727,509.000000,0
2120.527273,509.000000,0
2120.531818,509.000000,0
2120.536364,509.000000,0
2120.540909,512.000000,0
2120.545455,512.000000,0
2120.550000,512.000000,0
2120.554545,512.000000,0
2120.559091,512.000000,0
2120.563636,512.000000,0
2120.568182,512.000000,0
2120.572727,510.000000,0
2120.577273,510.000000,0
2120.581818,510.000000,0
2120.586364,510.000000,0
2120.590909,514.000000,0
2120.595455,514.000000,0
2120.600000,514.000000,0
2120.604545,514.000000,0
2120.609091,509.000000,0
2120.613636,509.000000,0
2120.618182,509.000000,0
2120.622727,509.000000,0
2120.627273,509.000000,0
2120.631818,501.000000,0
2120.636364,501.000000,0
2120.640909,501.000000,0
2120.645455,501.000000,0
2120.650000,731.000000,0
2120.654545,731.000000,0
2120.659091,731.000000,0
2120.663636,731.000000,0
2120.668182,731.000000,0
2120.672727,562.000000,0
2120.677273,562.000000,0
2120.681818,562.000000,0
2120.686364,393.000000,0
2120.690909,393.000000,0
2120.695455,393.000000,0
2120.700000,393.000000,0
2120.704545,503.000000,0
2120.709091,503.000000,0
2120.713636,503.000000,0
2120.718182,503.000000,0
2120.722727,512.000000,0
2120.727273,512.000000,0
2120.731818,512.000000,0
2120.736364,512.000000,0
2120.740909,513.000000,0
2120.745455,513.000000,0
2120.750000,513.000000,0
2120.754545,513.000000,0
2120.759091,510.000000,0
2120.763636,510.000000,0
2120.768182,510.000000,0
2120.772727,510.000000,0
2120.777273,512.000000,0
2120.781818,512.000000,0
2120.786364,512.000000,0
2120.790909,512.000000,0
2120.795455,512.000000,0
2120.800000,503.000000,0
2120.804545,503.000000,0
2120.809091,503.000000,0
2120.813636,506.000000,0
2120.818182,506.000000,0
2120.822727,506.000000,0
2120.827273,506.000000,0
2120.831818,506.000000,0
2120.836364,509.000000,0
2120.840909,509.000000,0
2120.845455,509.000000,0
2120.850000,509.000000,0
2120.854545,504.000000,0
2120.859091,504.000000,0
2120.863636,504.000000,0
2120.868182,504.000000,0
2120.872727,512.000000,0
2120.877273,512.000000,0
2120.881818,512.000000,0
2120.886364,512.000000,0
2120.890909,512.000000,0
2120.895455,509.000000,0
2120.900000,509.000000,0
2120.904545,509.000000,0
2120.909091,509.000000,0
2120.913636,509.000000,0
2120.918182,509.000000,0
2120.922727,509.000000,0
2120.927273,509.000000,0
2120.931818,510.000000,0
2120.936364,510.000000,0
2120.940909,510.000000,0
2120.945455,509.000000,0
2120.950000,509.000000,0
2120.954545,509.000000,0
2120.959091,509.000000,0
2120.963636,509.000000,0
2120.968182,509.000000,0
2120.972727,509.000000,0
2120.977273,509.000000,0
2120.981818,509.000000,0
2120.986364,509.000000,0
2120.990909,509.000000,0
2120.995455,509.000000,0
2121.000000,509.000000,0
2121.004545,512.000000,0
2121.009091,512.000000,0
2121.013636,512.000000,0
2121.018182,512.000000,0
2121.022727,513.000000,0
2121.027273,513.000000,0
2121.031818,513.000000,0
2121.036364,513.000000,0
2121.040909,512.000000,0
2121.045455,512.000000,0
2121.050000,512.000000,0
2121.054545,512.000000,0
2121.059091,510.000000,0
2121.063636,510.000000,0
2121.068182,510.000000,0
2121.072727,510.000000,0
2121.077273,509.000000,0
2121.081818,509.000000,0
2121.086364,509.000000,0
2121.090909,509.000000,0
2121.095455,509.000000,0
2121.100000,509.000000,0
2121.104545,509.000000,0
2121.109091,509.000000,0
2121.113636,510.000000,0
2121.118182,510.000000,0
2121.122727,510.000000,0
2121.127273,510.000000,0
2121.131818,513.000000,0
2121.136364,513.000000,0
2121.140909,513.000000,0
2121.145455,513.000000,0
2121.150000,510.000000,0
2121.154545,510.000000,0
2121.159091,510.000000,0
2121.163636,510.000000,0
2121.168182,513.000000,0
2121.172727,513.000000,0
2121.177273,513.000000,0
2121.181818,513.000000,0
2121.186364,508.000000,0
2121.190909,508.000000,0
2121.195455,508.000000,0
2121.200000,508.000000,0
2121.204545,509.000000,0
2121.209091,509.000000,0
2121.213636,509.000000,0
2121.218182,509.000000,0
2121.222727,509.000000,0
2121.227273,509.000000,0
2121.231818,509.000000,0
2121.236364,509.000000,0
2121.240909,508.000000,0
2121.245455,508.000000,0
2121.250000,508.000000,0
2121.254545,508.000000,0
2121.259091,509.000000,0
2121.263636,509.000000,0
2121.268182,509.000000,0
2121.272727,509.000000,0
2121.277273,510.000000,0
2121.281818,510.000000,0
2121.286364,510.000000,0
2121.290909,510.000000,0
2121.295455,510.000000,0
2121.300000,513.000000,0
2121.304545,513.000000,0
2121.309091,513.000000,0
2121.313636,513.000000,0
2121.318182,512.000000,0
2121.322727,512.000000,0
2121.327273,512.000000,0
2121.331818,512.000000,0
2121.336364,512.000000,0
2121.340909,508.000000,0
2121.345455,508.000000,0
2121.350000,508.000000,0
2121.354545,508.000000,0
2121.359091,508.000000,0
2121.363636,508.000000,0
2121.368182,508.000000,0
2121.372727,509.000000,0
2121.377273,509.000000,0
2121.381818,509.000000,0
2121.386364,509.000000,0
2121.390909,513.000000,0
2121.395455,513.000000,0
2121.400000,513.000000,0
2121.404545,513.000000,0
2121.409091,509.000000,0
2121.413636,509.000000,0
2121.418182,509.000000,0
2121.422727,509.000000,0
2121.427273,512.000000,0
2121.431818,512.000000,0
2121.436364,512.000000,0
2121.440909,512.000000,0
2121.445455,509.000000,0
2121.450000,509.000000,0
2121.454545,509.000000,0
2121.459091,509.000000,0
2121.463636,512.000000,0
2121.468182,512.000000,0
2121.472727,512.000000,0
2121.477273,512.000000,0
2121.481818,510.000000,0
2121.486364,510.000000,0
2121.490909,510.000000,0
2121.495455,510.000000,0
2121.500000,509.000000,0
2121.504545,509.000000,0
2121.509091,509.000000,0
2121.513636,509.000000,0
2121.518182,508.000000,0
2121.522727,508.000000,0
2121.527273,508.000000,0
2121.531818,508.000000,0
2121.536364,514.000000,0
2121.540909,514.000000,0
2121.545455,514.000000,0
2121.550000,514.000000,0
2121.554545,514.000000,0
2121.559091,513.000000,0
2121.563636,513.000000,0
2121.568182,513.000000,0
2121.572727,513.000000,0
2121.577273,513.000000,0
2121.581818,513.000000,0
2121.586364,513.000000,0
2121.590909,513.000000,0
2121.595455,508.000000,0
2121.600000,508.000000,0
2121.604545,508.000000,0
2121.609091,508.000000,0
2121.613636,510.000000,0
2121.618182,510.000000,0
2121.622727,510.000000,0
2121.627273,510.000000,0
2121.631818,510.000000,0
2121.636364,510.000000,0
2121.640909,510.000000,0
2121.645455,510.000000,0
2121.650000,510.000000,0
2121.654545,510.000000,0
2121.659091,510.000000,0
2121.663636,510.000000,0
2121.668182,509.000000,0
2121.672727,509.000000,0
2121.677273,509.000000,0
2121.681818,509.000000,0
2121.686364,510.000000,0
2121.690909,510.000000,0
2121.695455,510.000000,0
2121.700000,510.000000,0
2121.704545,513.000000,0
2121.709091,513.000000,0
2121.713636,513.000000,0
2121.718182,513.000000,0
2121.722727,513.000000,0
2121.727273,510.000000,0
2121.731818,510.000000,0
2121.736364,510.000000,0
2121.740909,510.000000,0
2121.745455,509.000000,0
2121.750000,509.000000,0
2121.754545,509.000000,0
2121.759091,509.000000,0
2121.763636,508.000000,0
2121.768182,508.000000,0
2121.772727,508.000000,0
2121.777273,508.000000,0
2121.781818,512.000000,0
2121.786364,512.000000,0
2121.790909,512.000000,0
2121.795455,512.000000,0
2121.800000,510.000000,0
2121.804545,510.000000,0
2121.809091,510.000000,0
2121.813636,510.000000,0
2121.818182,513.000000,0
2121.822727,513.000000,0
2121.827273,513.000000,0
2121.831818,513.000000,0
2121.836364,509.000000,0
2121.840909,509.000000,0
2121.845455,509.000000,0
2121.850000,509.000000,0
2121.854545,512.000000,0
2121.859091,512.000000,0
2121.863636,512.000000,0
2121.868182,512.000000,0
2121.872727,509.000000,0
2121.877273,509.000000,0
2121.881818,509.000000,0
2121.886364,509.000000,0
2121.890909,508.000000,0
2121.895455,508.000000,0
2121.900000,508.000000,0
2121.904545,508.000000,0
2121.909091,508.000000,0
2121.913636,509.000000,0
2121.918182,509.000000,0
2121.922727,509.000000,0
2121.927273,509.000000,0
2121.931818,509.000000,0
2121.936364,510.000000,0
2121.940909,510.000000,0
2121.945455,510.000000,0
2121.950000,510.000000,0
2121.954545,510.000000,0
2121.959091,510.000000,0
2121.963636,510.000000,0
2121.968182,510.000000,0
2121.972727,509.000000,0
2121.977273,509.000000,0
2121.981818,509.000000,0
2121.986364,509.000000,0
2121.990909,512.000000,0
2121.995455,512.000000,0
2122.000000,512.000000,0
2122.004545,509.000000,0
2122.009091,509.000000,0
2122.013636,509.000000,0
2122.018182,509.000000,0
2122.022727,509.000000,0
2122.027273,509.000000,0
2122.031818,509.000000,0
2122.036364,509.000000,0
2122.040909,509.000000,0
2122.045455,509.000000,0
2122.050000,509.000000,0
2122.054545,509.000000,0
2122.059091,512.000000,0
2122.063636,512.000000,0
2122.068182,512.000000,0
2122.072727,512.000000,0
2122.077273,512.000000,0
2122.081818,513.000000,0
2122.086364,513.000000,0
2122.090909,513.000000,0
2122.095455,513.000000,0
2122.100000,509.000000,0
2122.104545,509.000000,0
2122.109091,509.000000,0
2122.113636,509.000000,0
2122.118182,509.000000,0
2122.122727,509.000000,0
2122.127273,509.000000,0
2122.131818,509.000000,0
2122.136364,512.000000,0
2122.140909,512.000000,0
2122.145455,512.000000,0
2122.150000,512.000000,0
2122.154545,509.000000,0
2122.159091,509.000000,0
2122.163636,509.000000,0
2122.168182,509.000000,0
2122.172727,509.000000,0
2122.177273,509.000000,0
2122.181818,509.000000,0
2122.186364,509.000000,0
2122.190909,513.000000,0
2122.195455,513.000000,0
2122.200000,513.000000,0
2122.204545,513.000000,0
2122.209091,513.000000,0
2122.213636,513.000000,0
2122.218182,513.000000,0
2122.222727,513.000000,0
2122.227273,513.000000,0
2122.231818,512.000000,0
2122.236364,512.000000,0
2122.240909,512.000000,0
2122.245455,512.000000,0
2122.250000,510.000000,0
2122.254545,510.000000,0
2122.259091,510.000000,0
2122.263636,510.000000,0
2122.268182,510.000000,0
2122.272727,510.000000,0
2122.277273,510.000000,0
2122.281818,510.000000,0
2122.286364,411.000000,0
2122.290909,411.000000,0
2122.295455,411.000000,0
2122.300000,411.000000,0
2122.304545,411.000000,0
2122.309091,500.000000,0
2122.313636,500.000000,0
2122.318182,500.000000,0
2122.322727,500.000000,0
2122.327273,510.000000,0
2122.331818,510.000000,0
2122.336364,510.000000,0
2122.340909,509.000000,0
2122.345455,509.000000,0
2122.350000,509.000000,0
2122.354545,509.000000,0
2122.359091,512.000000,0
2122.363636,512.000000,0
2122.368182,512.000000,0
2122.372727,512.000000,0
2122.377273,509.000000,0
2122.381818,509.000000,0
2122.386364,509.000000,0
2122.390909,509.000000,0
2122.395455,508.000000,0
2122.400000,508.000000,0
2122.404545,508.000000,0
2122.409091,508.000000,0
2122.413636,509.000000,0
2122.418182,509.000000,0
2122.422727,509.000000,0
2122.427273,509.000000,0
2122.431818,509.000000,0
2122.436364,509.000000,0
2122.440909,509.000000,0
2122.445455,509.000000,0
2122.450000,509.000000,0
2122.454545,512.000000,0
2122.459091,512.000000,0
2122.463636,512.000000,0
2122.468182,512.000000,0
2122.472727,512.000000,0
2122.477273,512.000000,0
2122.481818,512.000000,0
2122.486364,512.000000,0
2122.490909,509.000000,0
2122.495455,509.000000,0
2122.500000,509.000000,0
2122.504545,509.000000,0
2122.509091,509.000000,0
2122.513636,509.000000,0
2122.518182,509.000000,0
2122.522727,509.000000,0
2122.527273,509.000000,0
2122.531818,509.000000,0
2122.536364,509.000000,0
2122.540909,509.000000,0
2122.545455,509.000000,0
2122.550000,509.000000,0
2122.554545,509.000000,0
2122.559091,509.000000,0
2122.563636,509.000000,0
2122.568182,509.000000,0
2122.572727,509.000000,0
2122.577273,509.000000,0
2122.581818,512.000000,0
2122.586364,512.000000,0
2122.590909,512.000000,0
2122.595455,512.000000,0
2122.600000,512.000000,0
2122.604545,512.000000,0
2122.609091,512.000000,0
2122.613636,512.000000,0
2122.618182,512.000000,0
2122.622727,513.000000,0
2122.627273,513.000000,0
2122.631818,513.000000,0
2122.636364,513.000000,0
2122.640909,513.000000,0
2122.645455,508.000000,0
2122.650000,508.000000,0
2122.654545,508.000000,0
2122.659091,509.000000,0
2122.663636,509.000000,0
2122.668182,509.000000,0
2122.672727,509.000000,0
2122.677273,509.000000,0
2122.681818,509.000000,0
2122.686364,509.000000,0
2122.690909,509.000000,0
2122.695455,509.000000,0
2122.700000,506.000000,0
2122.704545,506.000000,0
2122.709091,506.000000,0
2122.713636,506.000000,0
2122.718182,509.000000,0
2122.722727,509.000000,0
2122.727273,509.000000,0
2122.731818,509.000000,0
2122.736364,510.000000,0
2122.740909,510.000000,0
2122.745455,510.000000,0
2122.750000,510.000000,0
2122.754545,510.000000,0
2122.759091,510.000000,0
2122.763636,510.000000,0
2122.768182,510.000000,0
2122.772727,510.000000,0
2122.777273,510.000000,0
2122.781818,510.000000,0
2122.786364,509.000000,0
2122.790909,509.000000,0
2122.795455,509.000000,0
2122.800000,509.000000,0
2122.804545,509.000000,0
2122.809091,510.000000,0
2122.813636,510.000000,0
2122.818182,510.000000,0
2122.822727,509.000000,0
2122.827273,509.000000,0
2122.831818,509.000000,0
2122.836364,509.000000,0
2122.840909,512.000000,0
2122.845455,512.000000,0
2122.850000,512.000000,0
2122.854545,512.000000,0
2122.859091,512.000000,0
2122.863636,512.000000,0
2122.868182,512.000000,0
2122.872727,512.000000,0
2122.877273,512.000000,0
2122.881818,509.000000,0
2122.886364,509.000000,0
2122.890909,509.000000,0
2122.895455,509.000000,0
2122.900000,510.000000,0
2122.904545,510.000000,0
2122.909091,510.000000,0
2122.913636,510.000000,0
2122.918182,509.000000,0
2122.922727,509.000000,0
2122.927273,509.000000,0
2122.931818,509.000000,0
2122.936364,509.000000,0
2122.940909,509.000000,0
2122.945455,509.000000,0
2122.950000,509.000000,0
2122.954545,509.000000,0
2122.959091,509.000000,0
2122.963636,509.000000,0
2122.968182,509.000000,0
2122.972727,510.000000,0
2122.977273,510.000000,0
2122.981818,510.000000,0
2122.986364,510.000000,0
2122.990909,512.000000,0
2122.995455,512.000000,0
2123.000000,512.000000,0
2123.004545,512.000000,0
2123.009091,513.000000,0
2123.013636,513.000000,0
2123.018182,513.000000,0
2123.022727,513.000000,0
2123.027273,513.000000,0
2123.031818,510.000000,0
2123.036364,510.000000,0
2123.040909,510.000000,0
2123.045455,510.000000,0
2123.050000,509.000000,0
2123.054545,509.000000,0
2123.059091,509.000000,0
2123.063636,509.000000,0
2123.068182,509.000000,0
2123.072727,509.000000,0
2123.077273,509.000000,0
2123.081818,509.000000,0
2123.086364,509.000000,0
2123.090909,509.000000,0
2123.095455,509.000000,0
2123.100000,509.000000,0
2123.104545,496.000000,0
2123.109091,496.000000,0
2123.113636,496.000000,0
2123.118182,496.000000,0
2123.122727,506.000000,0
2123.127273,506.000000,0
2123.131818,506.000000,0
2123.136364,506.000000,0
2123.140909,510.000000,0
2123.145455,510.000000,0
2123.150000,510.000000,0
2123.154545,510.000000,0
2123.159091,510.000000,0
2123.163636,510.000000,0
2123.168182,510.000000,0
2123.172727,510.000000,0
2123.177273,510.000000,0
2123.181818,510.000000,0
2123.186364,510.000000,0
2123.190909,510.000000,0
2123.195455,509.000000,0
2123.200000,509.000000,0
2123.204545,509.000000,0
2123.209091,509.000000,0
2123.213636,508.000000,0
2123.218182,508.000000,0
2123.222727,508.000000,1
2123.227273,508.000000,0
2123.231818,510.000000,0
2123.236364,510.000000,0
2123.240909,510.000000,0
2123.245455,510.000000,0
2123.250000,510.000000,0
2123.254545,510.000000,0
2123.259091,513.000000,0
2123.263636,513.000000,0
2123.268182,513.000000,0
2123.272727,513.000000,0
2123.277273,513.000000,0
2123.281818,513.000000,0
2123.286364,513.000000,0
2123.290909,513.000000,0
2123.295455,512.000000,0
2123.300000,512.000000,0
2123.304545,512.000000,0
2123.309091,509.000000,0
2123.313636,509.000000,0
2123.318182,510.000000,0
2123.322727,510.000000,0
2123.327273,510.000000,0
2123.331818,510.000000,0
2123.336364,509.000000,0
2123.340909,509.000000,0
2123.345455,509.000000,0
2123.350000,509.000000,0
2123.354545,509.000000,0
2123.359091,509.000000,0
2123.363636,509.000000,0
2123.368182,509.000000,0
2123.372727,509.000000,0
2123.377273,509.000000,0
2123.381818,512.000000,0
2123.386364,512.000000,0
2123.390909,512.000000,0
2123.395455,512.000000,0
2123.400000,512.000000,0
2123.404545,512.000000,0
2123.409091,512.000000,0
2123.413636,510.000000,0
2123.418182,510.000000,0
2123.422727,510.000000,0
2123.427273,510.000000,0
2123.431818,510.000000,0
2123.436364,510.000000,0
2123.440909,510.000000,0
2123.445455,510.000000,0
2123.450000,510.000000,0
2123.454545,510.000000,0
2123.459091,510.000000,0
2123.463636,510.000000,0
2123.468182,509.000000,0
2123.472727,509.000000,0
2123.477273,509.000000,0
2123.481818,509.000000,0
2123.486364,509.000000,0
2123.490909,509.000000,0
2123.495455,509.000000,0
2123.500000,510.000000,0
2123.504545,510.000000,0
2123.509091,510.000000,0
2123.513636,510.000000,0
2123.518182,510.000000,0
2123.522727,510.000000,0
2123.527273,510.000000,0
2123.531818,510.000000,0
2123.536364,510.000000,0
2123.540909,513.000000,0
2123.545455,513.000000,0
2123.550000,513.000000,0
2123.554545,513.000000,0
2123.559091,762.000000,0
2123.563636,762.000000,0
2123.568182,762.000000,0
2123.572727,328.000000,0
2123.577273,328.000000,0
2123.581818,494.000000,0
2123.586364,494.000000,0
2123.590909,508.000000,0
2123.595455,508.000000,0
2123.600000,508.000000,0
2123.604545,509.000000,0
2123.609091,509.000000,0
2123.613636,509.000000,0
2123.618182,509.000000,0
2123.622727,509.000000,0
2123.627273,510.000000,0
2123.631818,510.000000,0
2123.636364,510.000000,0
2123.640909,510.000000,0
2123.645455,510.000000,0
2123.650000,510.000000,0
2123.654545,510.000000,0
2123.659091,510.000000,0
2123.663636,510.000000,0
2123.668182,512.000000,0
2123.672727,512.000000,0
2123.677273,512.000000,0
2123.681818,512.000000,0
2123.686364,509.000000,0
2123.690909,509.000000,0
2123.695455,509.000000,0
2123.700000,509.000000,0
2123.704545,509.000000,0
2123.709091,509.000000,0
2123.713636,509.000000,0
2123.718182,509.000000,0
2123.722727,509.000000,0
2123.727273,509.000000,0
2123.731818,509.000000,0
2123.736364,509.000000,0
2123.740909,510.000000,0
2123.745455,510.000000,0
2123.750000,510.000000,0
2123.754545,510.000000,0
2123.759091,509.000000,0
2123.763636,509.000000,0
2123.768182,509.000000,0
2123.772727,509.000000,0
2123.777273,510.000000,0
2123.781818,510.000000,0
2123.786364,510.000000,0
2123.790909,510.000000,0
2123.795455,510.000000,0
2123.800000,510.000000,0
2123.804545,510.000000,0
2123.809091,510.000000,0
2123.813636,510.000000,0
2123.818182,510.000000,0
2123.822727,510.000000,0
2123.827273,510.000000,0
2123.831818,509.000000,0
2123.836364,509.000000,0
2123.840909,509.000000,0
2123.845455,509.000000,0
2123.850000,509.000000,0
2123.854545,509.000000,0
2123.859091,509.000000,0
2123.863636,509.000000,0
2123.868182,510.000000,0
2123.872727,510.000000,0
2123.877273,510.000000,0
2123.881818,510.000000,0
2123.886364,510.000000,0
2123.890909,510.000000,0
2123.895455,510.000000,0
2123.900000,510.000000,0
2123.904545,512.000000,0
2123.909091,512.000000,0
2123.913636,512.000000,0
2123.918182,512.000000,0
2123.922727,512.000000,0
2123.927273,509.000000,0
2123.931818,509.000000,0
2123.936364,509.000000,0
2123.940909,509.000000,0
2123.945455,513.000000,0
2123.950000,513.000000,0
2123.954545,513.000000,0
2123.959091,512.000000,0
2123.963636,512.000000,0
2123.968182,512.000000,0
2123.972727,510.000000,0
2123.977273,510.000000,0
2123.981818,510.000000,0
2123.986364,510.000000,0
2123.990909,510.000000,0
2123.995455,510.000000,0
2124.000000,510.000000,0
2124.004545,513.000000,0
2124.009091,513.000000,0
2124.013636,513.000000,0
2124.018182,513.000000,0
2124.022727,512.000000,0
2124.027273,512.000000,0
2124.031818,512.000000,0
2124.036364,512.000000,0
2124.040909,513.000000,0
2124.045455,513.000000,0
2124.050000,513.000000,0
2124.054545,509.000000,0
2124.059091,509.000000,0
2124.063636,509.000000,0
2124.068182,509.000000,0
2124.072727,509.000000,0
2124.077273,509.000000,0
2124.081818,509.000000,0
2124.086364,509.000000,0
2124.090909,509.000000,0
2124.095455,509.000000,0
2124.100000,508.000000,0
2124.104545,508.000000,0
2124.109091,508.000000,0
2124.113636,508.000000,0
2124.118182,508.000000,0
2124.122727,510.000000,0
2124.127273,510.000000,0
2124.131818,510.000000,0
2124.136364,510.000000,0
2124.140909,510.000000,0
2124.145455,510.000000,0
2124.150000,510.000000,0
2124.154545,512.000000,0
2124.159091,512.000000,0
2124.163636,512.000000,0
2124.168182,512.000000,0
2124.172727,510.000000,0
2124.177273,510.000000,0
2124.181818,510.000000,0
2124.186364,510.000000,0
2124.190909,512.000000,0
2124.195455,512.000000,0
2124.200000,512.000000,0
2124.204545,512.000000,0
2124.209091,509.000000,0
2124.213636,509.000000,0
2124.218182,509.000000,0
2124.222727,509.000000,0
2124.227273,510.000000,0
2124.231818,510.000000,0
2124.236364,510.000000,0
2124.240909,510.000000,0
2124.245455,510.000000,0
2124.250000,513.000000,0
2124.254545,513.000000,0
2124.259091,513.000000,0
2124.263636,513.000000,0
2124.268182,513.000000,0
2124.272727,513.000000,0
2124.277273,513.000000,0
2124.281818,513.000000,0
2124.286364,513.000000,0
2124.290909,503.000000,0
2124.295455,503.000000,0
2124.300000,503.000000,0
2124.304545,503.000000,0
2124.309091,512.000000,0
2124.313636,512.000000,0
2124.318182,512.000000,0
2124.322727,512.000000,0
2124.327273,509.000000,0
2124.331818,509.000000,0
2124.336364,509.000000,0
2124.340909,509.000000,0
2124.345455,509.000000,0
2124.350000,509.000000,0
2124.354545,509.000000,0
2124.359091,509.000000,0
2124.363636,508.000000,0
2124.368182,508.000000,0
2124.372727,508.000000,0
2124.377273,513.000000,0
2124.381818,513.000000,0
2124.386364,513.000000,0
2124.390909,513.000000,0
2124.395455,512.000000,0
2124.400000,512.000000,0
2124.404545,512.000000,0
2124.409091,512.000000,0
2124.413636,505.000000,0
2124.418182,505.000000,0
2124.422727,505.000000,0
2124.427273,505.000000,0
2124.431818,512.000000,0
2124.436364,512.000000,0
2124.440909,512.000000,0
2124.445455,512.000000,0
2124.450000,512.000000,0
2124.454545,504.000000,0
2124.459091,504.000000,0
2124.463636,504.000000,0
2124.468182,504.000000,0
2124.472727,505.000000,0
2124.477273,505.000000,0
2124.481818,505.000000,0
2124.486364,505.000000,0
2124.490909,512.000000,0
2124.495455,512.000000,0
2124.500000,512.000000,0
2124.504545,512.000000,0
2124.509091,508.000000,0
2124.513636,508.000000,0
2124.518182,508.000000,0
2124.522727,508.000000,0
2124.527273,512.000000,0
2124.531818,512.000000,0
2124.536364,512.000000,0
2124.540909,512.000000,0
2124.545455,513.000000,0
2124.550000,513.000000,0
2124.554545,513.000000,0
2124.559091,513.000000,0
2124.563636,509.000000,0
2124.568182,509.000000,0
2124.572727,509.000000,0
2124.577273,509.000000,0
2124.581818,510.000000,0
2124.586364,510.000000,0
2124.590909,510.000000,0
2124.595455,510.000000,0
2124.600000,509.000000,0
2124.604545,509.000000,0
2124.609091,509.000000,0
2124.613636,509.000000,0
2124.618182,509.000000,0
2124.622727,512.000000,0
2124.627273,512.000000,0
2124.631818,512.000000,0
2124.636364,508.000000,0
2124.640909,508.000000,0
2124.645455,508.000000,0
2124.650000,508.000000,0
2124.654545,508.000000,0
2124.659091,509.000000,0
2124.663636,509.000000,0
2124.668182,509.000000,0
2124.672727,509.000000,0
2124.677273,509.000000,0
2124.681818,509.000000,0
2124.686364,509.000000,0
2124.690909,509.000000,0
2124.695455,510.000000,0
2124.700000,510.000000,0
2124.704545,510.000000,0
2124.709091,510.000000,0
2124.713636,506.000000,0
2124.718182,506.000000,0
2124.722727,506.000000,0
2124.727273,506.000000,0
2124.731818,506.000000,0
2124.736364,506.000000,0
2124.740909,506.000000,0
2124.745455,506.000000,0
2124.750000,506.000000,0
2124.754545,510.000000,0
2124.759091,510.000000,0
2124.763636,510.000000,0
2124.768182,510.000000,0
2124.772727,510.000000,0
2124.777273,510.000000,0
2124.781818,510.000000,0
2124.786364,510.000000,0
2124.790909,510.000000,0
2124.795455,510.000000,0
2124.800000,510.000000,0
2124.804545,510.000000,0
2124.809091,513.000000,0
2124.813636,513.000000,0
2124.818182,513.000000,0
2124.822727,513.000000,0
2124.827273,514.000000,0
2124.831818,514.000000,0
2124.836364,514.000000,0
2124.840909,514.000000,0
2124.845455,510.000000,0
2124.850000,510.000000,0
2124.854545,510.000000,0
2124.859091,510.000000,0
2124.863636,509.000000,0
2124.868182,509.000000,0
2124.872727,509.000000,0
2124.877273,509.000000,0
2124.881818,510.000000,0
2124.886364,510.000000,0
2124.890909,510.000000,0
2124.895455,510.000000,0
2124.900000,513.000000,0
2124.904545,513.000000,0
2124.909091,513.000000,0
2124.913636,513.000000,0
2124.918182,512.000000,0
2124.922727,512.000000,0
2124.927273,512.000000,0
2124.931818,512.000000,0
2124.936364,512.000000,0
2124.940909,510.000000,0
2124.945455,510.000000,0
2124.950000,510.000000,0
2124.954545,510.000000,0
2124.959091,510.000000,0
2124.963636,510.000000,0
2124.968182,510.000000,0
2124.972727,509.000000,0
2124.977273,509.000000,0
2124.981818,509.000000,0
2124.986364,509.000000,0
2124.990909,509.000000,0
2124.995455,509.000000,0
2125.000000,509.000000,0
2125.004545,509.000000,0
2125.009091,512.000000,0
2125.013636,512.000000,0
2125.018182,512.000000,0
2125.022727,512.000000,0
2125.027273,509.000000,0
2125.031818,509.000000,0
2125.036364,509.000000,0
2125.040909,509.000000,0
2125.045455,510.000000,0
2125.050000,510.000000,0
2125.054545,510.000000,0
2125.059091,510.000000,0
2125.063636,510.000000,0
2125.068182,512.000000,0
2125.072727,512.000000,0
2125.077273,512.000000,0
2125.081818,512.000000,0
2125.086364,503.000000,0
2125.090909,503.000000,0
2125.095455,503.000000,0
2125.100000,503.000000,0
2125.104545,512.000000,0
2125.109091,512.000000,0
2125.113636,512.000000,0
2125.118182,512.000000,0
2125.122727,509.000000,0
2125.127273,509.000000,0
2125.131818,509.000000,0
2125.136364,509.000000,0
2125.140909,509.000000,0
2125.145455,509.000000,0
2125.150000,509.000000,0
2125.154545,509.000000,0
2125.159091,513.000000,0
2125.163636,513.000000,0
2125.168182,513.000000,0
2125.172727,513.000000,0
2125.177273,510.000000,0
2125.181818,510.000000,0
2125.186364,510.000000,0
2125.190909,510.000000,0
2125.195455,510.000000,0
2125.200000,513.000000,0
2125.204545,513.000000,0
2125.209091,513.000000,0
2125.213636,510.000000,0
2125.218182,510.000000,0
2125.222727,510.000000,0
2125.227273,510.000000,0
2125.231818,509.000000,0
2125.236364,509.000000,0
2125.240909,509.000000,0
2125.245455,509.000000,0
2125.250000,509.000000,0
2125.254545,506.000000,0
2125.259091,506.000000,0
2125.263636,506.000000,0
2125.268182,506.000000,0
2125.272727,510.000000,0
2125.277273,510.000000,0
2125.281818,510.000000,0
2125.286364,510.000000,0
2125.290909,513.000000,0
2125.295455,513.000000,0
2125.300000,513.000000,0
2125.304545,513.000000,0
2125.309091,513.000000,0
2125.313636,513.000000,0
2125.318182,513.000000,0
2125.322727,513.000000,0
2125.327273,512.000000,0
2125.331818,512.000000,0
2125.336364,512.000000,0
2125.340909,512.000000,0
2125.345455,749.000000,0
2125.350000,749.000000,0
2125.354545,749.000000,0
2125.359091,749.000000,0
2125.363636,470.000000,0
2125.368182,470.000000,0
2125.372727,470.000000,0
2125.377273,470.000000,0
2125.381818,505.000000,0
2125.386364,505.000000,0
2125.390909,505.000000,0
2125.395455,505.000000,0
2125.400000,503.000000,0
2125.404545,503.000000,0
2125.409091,503.000000,0
2125.413636,503.000000,0
2125.418182,509.000000,0
2125.422727,509.000000,0
2125.427273,509.000000,0
2125.431818,509.000000,0
2125.436364,506.000000,0
2125.440909,506.000000,0
2125.445455,506.000000,0
2125.450000,506.000000,0
2125.454545,514.000000,0
2125.459091,514.000000,0
2125.463636,514.000000,0
2125.468182,514.000000,0
2125.472727,513.000000,0
2125.477273,513.000000,0
2125.481818,513.000000,0
2125.486364,513.000000,0
2125.490909,513.000000,0
2125.495455,509.000000,0
2125.500000,509.000000,0
2125.504545,509.000000,0
2125.509091,506.000000,0
2125.513636,506.000000,0
2125.518182,506.000000,0
2125.522727,506.000000,0
2125.527273,506.000000,0
2125.531818,509.000000,0
2125.536364,509.000000,0
2125.540909,509.000000,0
2125.545455,509.000000,0
2125.550000,509.000000,0
2125.554545,509.000000,0
2125.559091,509.000000,0
2125.563636,509.000000,0
2125.568182,509.000000,0
2125.572727,509.000000,0
2125.577273,509.000000,0
2125.581818,509.000000,0
2125.586364,513.000000,0
2125.590909,513.000000,0
2125.595455,513.000000,0
2125.600000,513.000000,0
2125.604545,513.000000,0
2125.609091,509.000000,0
2125.613636,509.000000,0
2125.618182,509.000000,0
2125.622727,509.000000,0
2125.627273,516.000000,0
2125.631818,516.000000,0
2125.636364,516.000000,0
2125.640909,516.000000,0
2125.645455,509.000000,0
2125.650000,509.000000,0
2125.654545,509.000000,0
2125.659091,509.000000,0
2125.663636,510.000000,0
2125.668182,510.000000,0
2125.672727,510.000000,0
2125.677273,510.000000,0
2125.681818,510.000000,0
2125.686364,510.000000,0
2125.690909,510.000000,0
2125.695455,510.000000,0
2125.700000,513.000000,0
2125.704545,513.000000,0
2125.709091,513.000000,0
2125.713636,513.000000,0
2125.718182,512.000000,0
2125.722727,512.000000,0
2125.727273,512.000000,0
2125.731818,512.000000,0
2125.736364,506.000000,0
2125.740909,506.000000,0
2125.745455,506.000000,0
2125.750000,506.000000,0
2125.754545,509.000000,0
2125.759091,509.000000,0
2125.763636,509.000000,0
2125.768182,509.000000,0
2125.772727,509.000000,0
2125.777273,509.000000,0
2125.781818,509.000000,0
2125.786364,509.000000,0
2125.790909,509.000000,0
2125.795455,509.000000,0
2125.800000,509.000000,0
2125.804545,509.000000,0
2125.809091,509.000000,0
2125.813636,509.000000,0
2125.818182,509.000000,0
2125.822727,509.000000,0
2125.827273,509.000000,0
2125.831818,509.000000,0
2125.836364,509.000000,0
2125.840909,509.000000,0
2125.845455,509.000000,0
2125.850000,509.000000,0
2125.854545,509.000000,0
2125.859091,509.000000,0
2125.863636,510.000000,0
2125.868182,510.000000,0
2125.872727,510.000000,0
2125.877273,510.000000,0
2125.881818,512.000000,0
2125.886364,512.000000,0
2125.890909,512.000000,0
2125.895455,512.000000,0
2125.900000,512.000000,0
2125.904545,512.000000,0
2125.909091,512.000000,0
2125.913636,512.000000,0
2125.918182,512.000000,0
2125.922727,506.000000,0
2125.927273,506.000000,0
2125.931818,506.000000,0
2125.936364,506.000000,0
2125.940909,510.000000,0
2125.945455,510.000000,0
2125.950000,510.000000,0
2125.954545,510.000000,0
2125.959091,510.000000,0
2125.963636,510.000000,0
2125.968182,510.000000,0
2125.972727,510.000000,0
2125.977273,513.000000,0
2125.981818,513.000000,0
2125.986364,513.000000,0
2125.990909,513.000000,0
2125.995455,516.000000,0
2126.000000,516.000000,0
2126.004545,516.000000,0
2126.009091,516.000000,0
2126.013636,512.000000,0
2126.018182,512.000000,0
2126.022727,512.000000,0
2126.027273,512.000000,0
2126.031818,509.000000,0
2126.036364,509.000000,0
2126.040909,509.000000,0
2126.045455,509.000000,0
2126.050000,512.000000,0
2126.054545,512.000000,0
2126.059091,512.000000,0
2126.063636,512.000000,0
2126.068182,512.000000,0
2126.072727,510.000000,0
2126.077273,510.000000,0
2126.081818,510.000000,0
2126.086364,510.000000,0
2126.090909,509.000000,0
2126.095455,509.000000,0
2126.100000,509.000000,0
2126.104545,509.000000,0
2126.109091,512.000000,0
2126.113636,512.000000,0
2126.118182,512.000000,0
2126.122727,512.000000,0
2126.127273,512.000000,0
2126.131818,512.000000,0
2126.136364,512.000000,0
2126.140909,512.000000,0
2126.145455,512.000000,0
2126.150000,512.000000,0
2126.154545,512.000000,0
2126.159091,512.000000,0
2126.163636,509.000000,0
2126.168182,509.000000,0
2126.172727,509.000000,0
2126.177273,509.000000,0
2126.181818,509.000000,0
2126.186364,509.000000,0
2126.190909,509.000000,0
2126.195455,509.000000,0
2126.200000,510.000000,0
2126.204545,510.000000,0
2126.209091,510.000000,0
2126.213636,510.000000,0
2126.218182,513.000000,0
2126.222727,513.000000,0
2126.227273,513.000000,0
2126.231818,513.000000,0
2126.236364,509.000000,0
2126.240909,509.000000,0
2126.245455,509.000000,0
2126.250000,509.000000,0
2126.254545,512.000000,0
2126.259091,512.000000,0
2126.263636,512.000000,0
2126.268182,512.000000,0
2126.272727,509.000000,0
2126.277273,509.000000,0
2126.281818,509.000000,0
2126.286364,509.000000,0
2126.290909,509.000000,0
2126.295455,509.000000,0
2126.300000,509.000000,0
2126.304545,509.000000,0
2126.309091,509.000000,0
2126.313636,510.000000,0
2126.318182,510.000000,0
2126.322727,510.000000,0
2126.327273,510.000000,0
2126.331818,509.000000,0
2126.336364,509.000000,0
2126.340909,509.000000,0
2126.345455,509.000000,0
2126.350000,508.000000,0
2126.354545,508.000000,0
2126.359091,508.000000,0
2126.363636,508.000000,0
2126.368182,509.000000,0
2126.372727,509.000000,0
2126.377273,509.000000,0
2126.381818,509.000000,0
2126.386364,510.000000,0
2126.390909,510.000000,0
2126.395455,510.000000,0
2126.400000,510.000000,0
2126.404545,509.000000,0
2126.409091,509.000000,0
2126.413636,509.000000,0
2126.418182,509.000000,0
2126.422727,509.000000,0
2126.427273,509.000000,0
2126.431818,509.000000,0
2126.436364,509.000000,0
2126.440909,510.000000,0
2126.445455,510.000000,0
2126.450000,510.000000,0
2126.454545,510.000000,0
2126.459091,509.000000,0
2126.463636,509.000000,0
2126.468182,509.000000,0
2126.472727,509.000000,0
2126.477273,509.000000,0
2126.481818,509.000000,0
2126.486364,509.000000,0
2126.490909,509.000000,0
2126.495455,513.000000,0
2126.500000,513.000000,0
2126.504545,513.000000,0
2126.509091,513.000000,0
2126.513636,513.000000,0
2126.518182,513.000000,0
2126.522727,513.000000,0
2126.527273,513.000000,0
2126.531818,513.000000,0
2126.536364,509.000000,0
2126.540909,509.000000,0
2126.545455,509.000000,0
2126.550000,509.000000,0
2126.554545,509.000000,0
2126.559091,509.000000,0
2126.563636,509.000000,0
2126.568182,509.000000,0
2126.572727,508.000000,0
2126.577273,508.000000,0
2126.581818,508.000000,0
2126.586364,508.000000,0
2126.590909,510.000000,0
2126.595455,510.000000,0
2126.600000,510.000000,0
2126.604545,510.000000,0
2126.609091,509.000000,0
2126.613636,509.000000,0
2126.618182,509.000000,0
2126.622727,509.000000,0
2126.627273,512.000000,0
2126.631818,512.000000,0
2126.636364,512.000000,0
2126.640909,512.000000,0
2126.645455,512.000000,0
2126.650000,512.000000,0
2126.654545,512.000000,0
2126.659091,512.000000,0
2126.663636,512.000000,0
2126.668182,512.000000,0
2126.672727,512.000000,0
2126.677273,512.000000,0
2126.681818,510.000000,0
2126.686364,510.000000,0
2126.690909,510.000000,0
2126.695455,510.000000,0
2126.700000,510.000000,0
2126.704545,509.000000,0
2126.709091,509.000000,0
2126.713636,509.000000,0
2126.718182,510.000000,0
2126.722727,510.000000,0
2126.727273,510.000000,0
2126.731818,510.000000,0
2126.736364,510.000000,0
2126.740909,509.000000,0
2126.745455,509.000000,0
2126.750000,509.000000,0
2126.754545,509.000000,0
2126.759091,510.000000,0
2126.763636,510.000000,0
2126.768182,510.000000,0
2126.772727,510.000000,0
2126.777273,510.000000,0
2126.781818,512.000000,0
2126.786364,512.000000,0
2126.790909,512.000000,0
2126.795455,512.000000,0
2126.800000,512.000000,0
2126.804545,512.000000,0
2126.809091,512.000000,0
2126.813636,509.000000,0
2126.818182,509.000000,0
2126.822727,509.000000,0
2126.827273,509.000000,0
2126.831818,509.000000,0
2126.836364,509.000000,0
2126.840909,509.000000,0
2126.845455,509.000000,0
2126.850000,509.000000,0
2126.854545,509.000000,0
2126.859091,509.000000,0
2126.863636,509.000000,0
2126.868182,510.000000,0
2126.872727,510.000000,0
2126.877273,510.000000,0
2126.881818,510.000000,0
2126.886364,512.000000,0
2126.890909,512.000000,0
2126.895455,512.000000,0
2126.900000,512.000000,0
2126.904545,510.000000,0
2126.909091,510.000000,0
2126.913636,510.000000,0
2126.918182,510.000000,0
2126.922727,509.000000,0
2126.927273,509.000000,0
2126.931818,509.000000,0
2126.936364,509.000000,0
2126.940909,509.000000,0
2126.945455,510.000000,0
2126.950000,510.000000,0
2126.954545,510.000000,0
2126.959091,510.000000,0
2126.963636,510.000000,0
2126.968182,509.000000,0
2126.972727,509.000000,0
2126.977273,509.000000,0
2126.981818,509.000000,0
2126.986364,509.000000,0
2126.990909,509.000000,0
2126.995455,509.000000,0
2127.000000,509.000000,0
2127.004545,510.000000,0
2127.009091,510.000000,0
2127.013636,510.000000,0
2127.018182,510.000000,0
2127.022727,512.000000,0
2127.027273,512.000000,0
2127.031818,512.000000,0
2127.036364,512.000000,0
2127.040909,512.000000,0
2127.045455,512.000000,0
2127.050000,512.000000,0
2127.054545,512.000000,0
2127.059091,509.000000,0
2127.063636,509.000000,0
2127.068182,509.000000,0
2127.072727,509.000000,0
2127.077273,509.000000,0
2127.081818,509.000000,0
2127.086364,509.000000,0
2127.090909,509.000000,0
2127.095455,509.000000,0
2127.100000,509.000000,0
2127.104545,509.000000,0
2127.109091,509.000000,0
2127.113636,509.000000,0
2127.118182,509.000000,0
2127.122727,509.000000,0
2127.127273,509.000000,0
2127.131818,509.000000,0
2127.136364,509.000000,0
2127.140909,509.000000,0
2127.145455,509.000000,0
2127.150000,509.000000,0
2127.154545,513.000000,0
2127.159091,513.000000,0
2127.163636,513.000000,0
2127.168182,513.000000,0
2127.172727,512.000000,0
2127.177273,512.000000,0
2127.181818,512.000000,0
2127.186364,510.000000,0
2127.190909,510.000000,0
2127.195455,510.000000,0
2127.200000,509.000000,0
2127.204545,509.000000,0
2127.209091,509.000000,0
2127.213636,509.000000,0
2127.218182,510.000000,0
2127.222727,510.000000,0
2127.227273,510.000000,0
2127.231818,510.000000,0
2127.236364,512.000000,0
2127.240909,512.000000,0
2127.245455,512.000000,0
2127.250000,510.000000,0
2127.254545,510.000000,0
2127.259091,510.000000,0
2127.263636,510.000000,0
2127.268182,510.000000,0
2127.272727,509.000000,0
2127.277273,509.000000,0
2127.281818,509.000000,0
2127.286364,509.000000,0
2127.290909,509.000000,0
2127.295455,512.000000,0
2127.300000,512.000000,0
2127.304545,512.000000,0
2127.309091,512.000000,0
2127.313636,513.000000,0
2127.318182,513.000000,0
2127.322727,513.000000,0
2127.327273,513.000000,0
2127.331818,509.000000,0
2127.336364,509.000000,0
2127.340909,509.000000,0
2127.345455,509.000000,0
2127.350000,509.000000,0
2127.354545,509.000000,0
2127.359091,509.000000,0
2127.363636,509.000000,0
2127.368182,509.000000,0
2127.372727,509.000000,0
2127.377273,509.000000,0
2127.381818,509.000000,0
2127.386364,509.000000,0
2127.390909,509.000000,0
2127.395455,509.000000,0
2127.400000,509.000000,0
2127.404545,512.000000,0
2127.409091,512.000000,0
2127.413636,512.000000,0
2127.418182,500.000000,0
2127.422727,500.000000,0
2127.427273,500.000000,0
2127.431818,500.000000,0
2127.436364,500.000000,0
2127.440909,510.000000,0
2127.445455,510.000000,0
2127.450000,510.000000,0
2127.454545,510.000000,0
2127.459091,509.000000,0
2127.463636,509.000000,0
2127.468182,509.000000,0
2127.472727,509.000000,0
2127.477273,509.000000,0
2127.481818,509.000000,0
2127.486364,509.000000,0
2127.490909,509.000000,0
2127.495455,509.000000,0
2127.500000,509.000000,0
2127.504545,509.000000,0
2127.509091,509.000000,0
2127.513636,509.000000,0
2127.518182,509.000000,0
2127.522727,509.000000,0
2127.527273,509.000000,0
2127.531818,510.000000,0
2127.536364,510.000000,1
2127.540909,510.000000,0
2127.545455,510.000000,0
2127.550000,512.000000,0
2127.554545,512.000000,0
2127.559091,512.000000,0
2127.563636,512.000000,0
2127.568182,512.000000,0
2127.572727,512.000000,0
2127.577273,509.000000,0
2127.581818,509.000000,0
2127.586364,509.000000,0
2127.590909,509.000000,0
2127.595455,509.000000,0
2127.600000,509.000000,0
2127.604545,509.000000,0
2127.609091,509.000000,0
2127.613636,509.000000,0
2127.618182,509.000000,0
2127.622727,509.000000,0
2127.627273,509.000000,0
2127.631818,509.000000,0
2127.636364,509.000000,0
2127.640909,509.000000,0
2127.645455,481.000000,0
2127.650000,481.000000,0
2127.654545,481.000000,0
2127.659091,481.000000,0
2127.663636,481.000000,0
2127.668182,504.000000,0
2127.672727,504.000000,0
2127.677273,504.000000,0
2127.681818,567.000000,0
2127.686364,567.000000,0
2127.690909,567.000000,0
2127.695455,567.000000,0
2127.700000,478.000000,0
2127.704545,478.000000,0
2127.709091,478.000000,0
2127.713636,478.000000,0
2127.718182,478.000000,0
2127.722727,508.000000,0
2127.727273,508.000000,0
2127.731818,508.000000,0
2127.736364,508.000000,0
2127.740909,508.000000,0
2127.745455,508.000000,0
2127.750000,508.000000,0
2127.754545,508.000000,0
2127.759091,509.000000,0
2127.763636,509.000000,0
2127.768182,509.000000,0
2127.772727,509.000000,0
2127.777273,509.000000,0
2127.781818,509.000000,0
2127.786364,509.000000,0
2127.790909,509.000000,0
2127.795455,509.000000,0
2127.800000,509.000000,0
2127.804545,509.000000,0
2127.809091,509.000000,0
2127.813636,509.000000,0
2127.818182,509.000000,0
2127.822727,509.000000,0
2127.827273,509.000000,0
2127.831818,510.000000,0
2127.836364,510.000000,0
2127.840909,510.000000,0
2127.845455,510.000000,0
2127.850000,509.000000,0
2127.854545,509.000000,0
2127.859091,509.000000,0
2127.863636,509.000000,0
2127.868182,509.000000,0
2127.872727,509.000000,0
2127.877273,509.000000,0
2127.881818,509.000000,0
2127.886364,509.000000,0
2127.890909,509.000000,0
2127.895455,509.000000,0
2127.900000,509.000000,0
2127.904545,509.000000,0
2127.909091,509.000000,0
2127.913636,509.000000,0
2127.918182,509.000000,0
2127.922727,510.000000,0
2127.927273,510.000000,0
2127.931818,510.000000,0
2127.936364,510.000000,0
2127.940909,513.000000,0
2127.945455,513.000000,0
2127.950000,513.000000,0
2127.954545,513.000000,0
2127.959091,510.000000,0
2127.963636,510.000000,0
2127.968182,510.000000,0
2127.972727,510.000000,0
2127.977273,509.000000,0
2127.981818,509.000000,0
2127.986364,509.000000,0
2127.990909,509.000000,0
2127.995455,510.000000,0
2128.000000,510.000000,0
2128.004545,510.000000,0
2128.009091,510.000000,0
2128.013636,509.000000,0
2128.018182,509.000000,0
2128.022727,509.000000,0
2128.027273,509.000000,0
2128.031818,509.000000,0
2128.036364,509.000000,0
2128.040909,509.000000,0
2128.045455,509.000000,0
2128.050000,512.000000,0
2128.054545,512.000000,0
2128.059091,512.000000,0
2128.063636,512.000000,0
2128.068182,513.000000,0
2128.072727,513.000000,0
2128.077273,513.000000,0
2128.081818,513.000000,0
2128.086364,513.000000,0
2128.090909,513.000000,0
2128.095455,512.000000,0
2128.100000,512.000000,0
2128.104545,512.000000,0
2128.109091,512.000000,0
2128.113636,512.000000,0
2128.118182,512.000000,0
2128.122727,512.000000,0
2128.127273,509.000000,0
2128.131818,509.000000,0
2128.136364,509.000000,0
2128.140909,509.000000,0
2128.145455,509.000000,0
2128.150000,509.000000,0
2128.154545,509.000000,0
2128.159091,509.000000,0
2128.163636,509.000000,0
2128.168182,509.000000,0
2128.172727,513.000000,0
2128.177273,513.000000,0
2128.181818,513.000000,0
2128.186364,513.000000,0
2128.190909,513.000000,0
2128.195455,513.000000,0
2128.200000,512.000000,0
2128.204545,512.000000,0
2128.209091,512.000000,0
2128.213636,512.000000,0
2128.218182,509.000000,0
2128.222727,509.000000,0
2128.227273,509.000000,0
2128.231818,509.000000,0
2128.236364,509.000000,0
2128.240909,509.000000,0
2128.245455,509.000000,0
2128.250000,509.000000,0
2128.254545,510.000000,0
2128.259091,510.000000,0
2128.263636,510.000000,0
2128.268182,510.000000,0
2128.272727,510.000000,0
2128.277273,510.000000,0
2128.281818,510.000000,0
2128.286364,510.000000,0
2128.290909,510.000000,0
2128.295455,510.000000,0
2128.300000,510.000000,0
2128.304545,510.000000,0
2128.309091,510.000000,0
2128.313636,510.000000,0
2128.318182,510.000000,0
2128.322727,510.000000,0
2128.327273,509.000000,0
2128.331818,509.000000,0
2128.336364,509.000000,0
2128.340909,509.000000,0
2128.345455,510.000000,0
2128.350000,510.000000,0
2128.354545,510.000000,0
2128.359091,510.000000,0
2128.363636,509.000000,0
2128.368182,509.000000,0
2128.372727,509.000000,0
2128.377273,509.000000,0
2128.381818,509.000000,0
2128.386364,509.000000,0
2128.390909,509.000000,0
2128.395455,509.000000,0
2128.400000,510.000000,0
2128.404545,510.000000,0
2128.409091,510.000000,0
2128.413636,510.000000,0
2128.418182,510.000000,0
2128.422727,510.000000,0
2128.427273,510.000000,0
2128.431818,510.000000,0
2128.436364,513.000000,0
2128.440909,513.000000,0
2128.445455,513.000000,0
2128.450000,513.000000,0
2128.454545,512.000000,0
2128.459091,512.000000,0
2128.463636,512.000000,0
2128.468182,512.000000,0
2128.472727,512.000000,0
2128.477273,512.000000,0
2128.481818,512.000000,0
2128.486364,512.000000,0
2128.490909,512.000000,0
2128.495455,509.000000,0
2128.500000,509.000000,0
2128.504545,509.000000,0
2128.509091,509.000000,0
2128.513636,509.000000,0
2128.518182,509.000000,0
2128.522727,509.000000,0
2128.527273,509.000000,0
2128.531818,509.000000,0
2128.536364,509.000000,0
2128.540909,509.000000,0
2128.545455,509.000000,0
2128.550000,509.000000,0
2128.554545,509.000000,0
2128.559091,509.000000,0
2128.563636,509.000000,0
2128.568182,509.000000,0
2128.572727,512.000000,0
2128.577273,512.000000,0
2128.581818,512.000000,0
2128.586364,512.000000,0
2128.590909,510.000000,0
2128.595455,510.000000,0
2128.600000,510.000000,0
2128.604545,510.000000,0
2128.609091,512.000000,0
2128.613636,512.000000,0
2128.618182,512.000000,0
2128.622727,512.000000,0
2128.627273,509.000000,0
2128.631818,509.000000,0
2128.636364,509.000000,0
2128.640909,509.000000,0
2128.645455,508.000000,0
2128.650000,508.000000,0
2128.654545,508.000000,0
2128.659091,508.000000,0
2128.663636,510.000000,0
2128.668182,510.000000,0
2128.672727,510.000000,0
2128.677273,510.000000,0
2128.681818,509.000000,0
2128.686364,509.000000,0
2128.690909,509.000000,0
2128.695455,509.000000,0
2128.700000,509.000000,0
2128.704545,509.000000,0
2128.709091,509.000000,0
2128.713636,509.000000,0
2128.718182,510.000000,0
2128.722727,510.000000,0
2128.727273,510.000000,0
2128.731818,510.000000,0
2128.736364,512.000000,0
2128.740909,512.000000,0
2128.745455,512.000000,0
2128.750000,512.000000,0
2128.754545,512.000000,0
2128.759091,512.000000,0
2128.763636,512.000000,0
2128.768182,512.000000,0
2128.772727,508.000000,0
2128.777273,508.000000,0
2128.781818,508.000000,0
2128.786364,508.000000,0
2128.790909,514.000000,0
2128.795455,514.000000,0
2128.800000,514.000000,0
2128.804545,514.000000,0
2128.809091,509.000000,0
2128.813636,509.000000,0
2128.818182,509.000000,0
2128.822727,509.000000,0
2128.827273,509.000000,0
2128.831818,509.000000,0
2128.836364,517.000000,0
2128.840909,517.000000,0
2128.845455,517.000000,0
2128.850000,513.000000,0
2128.854545,513.000000,0
2128.859091,513.000000,0
2128.863636,518.000000,0
2128.868182,518.000000,0
2128.872727,518.000000,0
2128.877273,518.000000,0
2128.881818,508.000000,0
2128.886364,508.000000,0
2128.890909,508.000000,0
2128.895455,508.000000,0
2128.900000,509.000000,0
2128.904545,509.000000,0
2128.909091,509.000000,0
2128.913636,470.000000,0
2128.918182,470.000000,0
2128.922727,470.000000,0
2128.927273,470.000000,0
2128.931818,505.000000,0
2128.936364,505.000000,0
2128.940909,505.000000,0
2128.945455,505.000000,0
2128.950000,504.000000,0
2128.954545,504.000000,0
2128.959091,504.000000,0
2128.963636,514.000000,0
2128.968182,514.000000,0
2128.972727,514.000000,0
2128.977273,514.000000,0
2128.981818,514.000000,0
2128.986364,505.000000,0
2128.990909,505.000000,0
2128.995455,505.000000,0
2129.000000,509.000000,0
2129.004545,509.000000,0
2129.009091,509.000000,0
2129.013636,509.000000,0
2129.018182,512.000000,0
2129.022727,512.000000,0
2129.027273,512.000000,0
2129.031818,512.000000,0
2129.036364,508.000000,0
2129.040909,508.000000,0
2129.045455,508.000000,0
2129.050000,508.000000,0
2129.054545,508.000000,0
2129.059091,509.000000,0
2129.063636,509.000000,0
2129.068182,509.000000,0
2129.072727,510.000000,0
2129.077273,510.000000,0
2129.081818,510.000000,0
2129.086364,510.000000,0
2129.090909,512.000000,0
2129.095455,512.000000,0
2129.100000,512.000000,0
2129.104545,512.000000,0
2129.109091,504.000000,0
2129.113636,504.000000,0
2129.118182,504.000000,0
2129.122727,509.000000,0
2129.127273,509.000000,0
2129.131818,509.000000,0
2129.136364,509.000000,0
2129.140909,517.000000,0
2129.145455,517.000000,0
2129.150000,517.000000,0
2129.154545,517.000000,0
2129.159091,510.000000,0
2129.163636,510.000000,0
2129.168182,510.000000,0
2129.172727,510.000000,0
2129.177273,514.000000,0
2129.181818,514.000000,0
2129.186364,514.000000,0
2129.190909,514.000000,0
2129.195455,514.000000,0
2129.200000,514.000000,0
2129.204545,514.000000,0
2129.209091,514.000000,0
2129.213636,519.000000,0
2129.218182,519.000000,0
2129.222727,519.000000,0
2129.227273,513.000000,0
2129.231818,513.000000,0
2129.236364,513.000000,0
2129.240909,513.000000,0
2129.245455,506.000000,0
2129.250000,506.000000,0
2129.254545,506.000000,0
2129.259091,506.000000,0
2129.263636,506.000000,0
2129.268182,509.000000,0
2129.272727,509.000000,0
2129.277273,509.000000,0
2129.281818,509.000000,0
2129.286364,509.000000,0
2129.290909,509.000000,0
2129.295455,509.000000,0
2129.300000,509.000000,0
2129.304545,504.000000,0
2129.309091,504.000000,0
2129.313636,504.000000,0
2129.318182,504.000000,0
2129.322727,510.000000,0
2129.327273,510.000000,0
2129.331818,510.000000,0
2129.336364,510.000000,0
2129.340909,513.000000,0
2129.345455,513.000000,0
2129.350000,513.000000,0
2129.354545,513.000000,0
2129.359091,512.000000,0
2129.363636,512.000000,0
2129.368182,512.000000,0
2129.372727,512.000000,0
2129.377273,512.000000,0
2129.381818,516.000000,0
2129.386364,516.000000,0
2129.390909,516.000000,0
2129.395455,516.000000,0
2129.400000,512.000000,0
2129.404545,512.000000,0
2129.409091,512.000000,0
2129.413636,512.000000,0
2129.418182,512.000000,0
2129.422727,512.000000,0
2129.427273,512.000000,0
2129.431818,512.000000,0
2129.436364,512.000000,0
2129.440909,512.000000,0
2129.445455,512.000000,0
2129.450000,512.000000,0
2129.454545,509.000000,0
2129.459091,509.000000,0
2129.463636,509.000000,0
2129.468182,509.000000,0
2129.472727,513.000000,0
2129.477273,513.000000,0
2129.481818,513.000000,0
2129.486364,513.000000,0
2129.490909,501.000000,0
2129.495455,501.000000,0
2129.500000,501.000000,0
2129.504545,501.000000,0
2129.509091,508.000000,0
2129.513636,508.000000,0
2129.518182,508.000000,0
2129.522727,508.000000,0
2129.527273,509.000000,0
2129.531818,509.000000,0
2129.536364,509.000000,0
2129.540909,509.000000,0
2129.545455,510.000000,0
2129.550000,510.000000,0
2129.554545,510.000000,0
2129.559091,510.000000,0
2129.563636,510.000000,0
2129.568182,510.000000,0
2129.572727,510.000000,0
2129.577273,510.000000,0
2129.581818,510.000000,0
2129.586364,513.000000,0
2129.590909,513.000000,0
2129.595455,513.000000,0
2129.600000,513.000000,0
2129.604545,513.000000,0
2129.609091,513.000000,0
2129.613636,513.000000,0
2129.618182,513.000000,0
2129.622727,513.000000,0
2129.627273,513.000000,0
2129.631818,513.000000,0
2129.636364,513.000000,0
2129.640909,509.000000,0
2129.645455,509.000000,0
2129.650000,509.000000,0
2129.654545,509.000000,0
2129.659091,513.000000,0
2129.663636,513.000000,0
2129.668182,513.000000,0
2129.672727,513.000000,0
2129.677273,513.000000,0
2129.681818,513.000000,0
2129.686364,513.000000,0
2129.690909,513.000000,0
2129.695455,503.000000,0
2129.700000,503.000000,0
2129.704545,503.000000,0
2129.709091,503.000000,0
2129.713636,509.000000,0
2129.718182,509.000000,0
2129.722727,509.000000,0
2129.727273,509.000000,0
2129.731818,500.000000,0
2129.736364,500.000000,0
2129.740909,500.000000,0
2129.745455,500.000000,0
2129.750000,509.000000,0
2129.754545,509.000000,0
2129.759091,509.000000,0
2129.763636,509.000000,0
2129.768182,512.000000,0
2129.772727,512.000000,0
2129.777273,512.000000,0
2129.781818,512.000000,0
2129.786364,495.000000,0
2129.790909,495.000000,0
2129.795455,495.000000,0
2129.800000,495.000000,0
2129.804545,509.000000,0
2129.809091,509.000000,0
2129.813636,509.000000,0
2129.818182,509.000000,0
2129.822727,509.000000,0
2129.827273,509.000000,0
2129.831818,509.000000,0
2129.836364,509.000000,0
2129.840909,509.000000,0
2129.845455,509.000000,0
2129.850000,509.000000,0
2129.854545,509.000000,0
2129.859091,514.000000,0
2129.863636,514.000000,0
2129.868182,514.000000,0
2129.872727,514.000000,0
2129.877273,514.000000,0
2129.881818,509.000000,0
2129.886364,509.000000,0
2129.890909,509.000000,0
2129.895455,509.000000,0
2129.900000,512.000000,0
2129.904545,512.000000,0
2129.909091,512.000000,0
2129.913636,512.000000,0
2129.918182,508.000000,0
2129.922727,508.000000,0
2129.927273,508.000000,0
2129.931818,508.000000,0
2129.936364,500.000000,0
2129.940909,500.000000,0
2129.945455,500.000000,0
2129.950000,500.000000,0
2129.954545,509.000000,0
2129.959091,509.000000,0
2129.963636,509.000000,0
2129.968182,509.000000,0
2129.972727,509.000000,0
2129.977273,509.000000,0
2129.981818,509.000000,0
2129.986364,509.000000,0
2129.990909,509.000000,0
2129.995455,513.000000,0
2130.000000,513.000000,0
2130.004545,513.000000,0
2130.009091,504.000000,0
2130.013636,504.000000,0
2130.018182,504.000000,0
2130.022727,504.000000,0
2130.027273,513.000000,0
2130.031818,513.000000,0
2130.036364,513.000000,0
2130.040909,513.000000,0
2130.045455,513.000000,0
2130.050000,504.000000,0
2130.054545,504.000000,0
2130.059091,504.000000,0
2130.063636,504.000000,0
2130.068182,513.000000,0
2130.072727,513.000000,0
2130.077273,513.000000,0
2130.081818,513.000000,0
2130.086364,512.000000,0
2130.090909,512.000000,0
2130.095455,512.000000,0
2130.100000,512.000000,0
2130.104545,512.000000,0
2130.109091,512.000000,0
2130.113636,512.000000,0
2130.118182,512.000000,0
2130.122727,509.000000,0
2130.127273,509.000000,0
2130.131818,509.000000,0
2130.136364,509.000000,0
2130.140909,514.000000,0
2130.145455,514.000000,0
2130.150000,514.000000,0
2130.154545,514.000000,0
2130.159091,514.000000,0
2130.163636,514.000000,0
2130.168182,514.000000,0
2130.172727,514.000000,0
2130.177273,514.000000,0
2130.181818,509.000000,0
2130.186364,509.000000,0
2130.190909,509.000000,0
2130.195455,505.000000,0
2130.200000,505.000000,0
2130.204545,505.000000,0
2130.209091,505.000000,0
2130.213636,509.000000,0
2130.218182,509.000000,0
2130.222727,509.000000,0
2130.227273,509.000000,0
2130.231818,513.000000,0
2130.236364,513.000000,0
2130.240909,513.000000,0
2130.245455,513.000000,0
2130.250000,513.000000,0
2130.254545,510.000000,0
2130.259091,510.000000,0
2130.263636,510.000000,0
2130.268182,510.000000,0
2130.272727,510.000000,0
2130.277273,508.000000,0
2130.281818,508.000000,0
2130.286364,508.000000,0
2130.290909,508.000000,0
2130.295455,512.000000,0
2130.300000,512.000000,0
2130.304545,512.000000,0
2130.309091,512.000000,0
2130.313636,512.000000,0
2130.318182,512.000000,0
2130.322727,512.000000,0
2130.327273,512.000000,0
2130.331818,510.000000,0
2130.336364,510.000000,0
2130.340909,510.000000,0
2130.345455,510.000000,0
2130.350000,509.000000,0
2130.354545,509.000000,0
2130.359091,509.000000,0
2130.363636,514.000000,0
2130.368182,514.000000,0
2130.372727,514.000000,0
2130.377273,514.000000,0
2130.381818,512.000000,0
2130.386364,512.000000,0
2130.390909,512.000000,0
2130.395455,512.000000,0
2130.400000,513.000000,0
2130.404545,513.000000,0
2130.409091,513.000000,0
2130.413636,513.000000,0
2130.418182,512.000000,0
2130.422727,512.000000,0
2130.427273,512.000000,0
2130.431818,512.000000,0
2130.436364,514.000000,0
2130.440909,514.000000,0
2130.445455,514.000000,0
2130.450000,514.000000,0
2130.454545,514.000000,0
2130.459091,504.000000,0
2130.463636,504.000000,0
2130.468182,504.000000,0
2130.472727,504.000000,0
2130.477273,509.000000,0
2130.481818,509.000000,0
2130.486364,509.000000,0
2130.490909,509.000000,0
2130.495455,509.000000,0
2130.500000,509.000000,0
2130.504545,509.000000,0
2130.509091,509.000000,0
2130.513636,519.000000,0
2130.518182,519.000000,0
2130.522727,519.000000,0
2130.527273,519.000000,0
2130.531818,513.000000,0
2130.536364,513.000000,0
2130.540909,513.000000,0
2130.545455,513.000000,0
2130.550000,510.000000,0
2130.554545,510.000000,0
2130.559091,510.000000,0
2130.563636,510.000000,0
2130.568182,510.000000,0
2130.572727,510.000000,0
2130.577273,510.000000,0
2130.581818,510.000000,0
2130.586364,509.000000,0
2130.590909,509.000000,0
2130.595455,509.000000,0
2130.600000,509.000000,0
2130.604545,509.000000,0
2130.609091,509.000000,0
2130.613636,509.000000,0
2130.618182,509.000000,0
2130.622727,509.000000,0
2130.627273,509.000000,0
2130.631818,509.000000,0
2130.636364,509.000000,0
2130.640909,512.000000,0
2130.645455,512.000000,0
2130.650000,512.000000,0
2130.654545,512.000000,0
2130.659091,510.000000,0
2130.663636,510.000000,0
2130.668182,510.000000,0
2130.672727,510.000000,0
2130.677273,510.000000,0
2130.681818,509.000000,0
2130.686364,509.000000,0
2130.690909,509.000000,0
2130.695455,509.000000,0
2130.700000,506.000000,0
2130.704545,506.000000,0
2130.709091,506.000000,0
2130.713636,506.000000,0
2130.718182,509.000000,0
2130.722727,509.000000,0
2130.727273,509.000000,0
2130.731818,509.000000,0
2130.736364,509.000000,0
2130.740909,509.000000,0
2130.745455,509.000000,0
2130.750000,509.000000,0
2130.754545,508.000000,0
2130.759091,508.000000,0
2130.763636,508.000000,0
2130.768182,508.000000,0
2130.772727,513.000000,0
2130.777273,513.000000,0
2130.781818,513.000000,0
2130.786364,513.000000,0
2130.790909,513.000000,0
2130.795455,513.000000,0
2130.800000,513.000000,0
2130.804545,513.000000,0
2130.809091,510.000000,0
2130.813636,510.000000,0
2130.818182,510.000000,0
2130.822727,510.000000,0
2130.827273,510.000000,0
2130.831818,510.000000,0
2130.836364,510.000000,0
2130.840909,510.000000,0
2130.845455,510.000000,0
2130.850000,508.000000,0
2130.854545,508.000000,0
2130.859091,508.000000,0
2130.863636,508.000000,0
2130.868182,509.000000,0
2130.872727,509.000000,0
2130.877273,509.000000,0
2130.881818,509.000000,0
2130.886364,509.000000,0
2130.890909,509.000000,0
2130.895455,509.000000,0
2130.900000,509.000000,0
2130.904545,512.000000,0
2130.909091,512.000000,0
2130.913636,512.000000,0
2130.918182,512.000000,0
2130.922727,513.000000,0
2130.927273,513.000000,0
2130.931818,513.000000,0
2130.936364,513.000000,0
2130.940909,512.000000,0
2130.945455,512.000000,0
2130.950000,512.000000,0
2130.954545,512.000000,0
2130.959091,512.000000,0
2130.963636,510.000000,0
2130.968182,510.000000,0
2130.972727,510.000000,0
2130.977273,509.000000,0
2130.981818,509.000000,0
2130.986364,509.000000,0
2130.990909,509.000000,0
2130.995455,510.000000,0
2131.000000,510.000000,0
2131.004545,510.000000,0
2131.009091,510.000000,0
2131.013636,510.000000,0
2131.018182,509.000000,0
2131.022727,509.000000,0
2131.027273,509.000000,0
2131.031818,509.000000,0
2131.036364,510.000000,0
2131.040909,510.000000,0
2131.045455,510.000000,0
2131.050000,510.000000,0
2131.054545,509.000000,0
2131.059091,509.000000,0
2131.063636,509.000000,0
2131.068182,509.000000,0
2131.072727,513.000000,0
2131.077273,513.000000,0
2131.081818,513.000000,0
2131.086364,513.000000,0
2131.090909,510.000000,0
2131.095455,510.000000,0
2131.100000,510.000000,0
2131.104545,510.000000,0
2131.109091,509.000000,0
2131.113636,509.000000,0
2131.118182,509.000000,0
2131.122727,509.000000,0
2131.127273,509.000000,0
2131.131818,509.000000,0
2131.136364,509.000000,0
2131.140909,509.000000,0
2131.145455,509.000000,0
2131.150000,509.000000,0
2131.154545,509.000000,0
2131.159091,509.000000,0
2131.163636,509.000000,0
2131.168182,512.000000,0
2131.172727,512.000000,0
2131.177273,512.000000,0
2131.181818,512.000000,0
2131.186364,510.000000,0
2131.190909,510.000000,0
2131.195455,510.000000,0
2131.200000,510.000000,0
2131.204545,512.000000,0
2131.209091,512.000000,0
2131.213636,512.000000,0
2131.218182,512.000000,0
2131.222727,509.000000,0
2131.227273,509.000000,0
2131.231818,509.000000,0
2131.236364,509.000000,0
2131.240909,510.000000,0
2131.245455,510.000000,0
2131.250000,510.000000,0
2131.254545,510.000000,0
2131.259091,508.000000,0
2131.263636,508.000000,0
2131.268182,508.000000,0
2131.272727,508.000000,0
2131.277273,509.000000,0
2131.281818,509.000000,0
2131.286364,509.000000,0
2131.290909,509.000000,0
2131.295455,512.000000,0
2131.300000,512.000000,0
2131.304545,512.000000,0
2131.309091,512.000000,0
2131.313636,513.000000,0
2131.318182,513.000000,0
2131.322727,513.000000,0
2131.327273,513.000000,0
2131.331818,513.000000,0
2131.336364,513.000000,0
2131.340909,513.000000,0
2131.345455,513.000000,0
2131.350000,512.000000,0
2131.354545,512.000000,0
2131.359091,512.000000,0
2131.363636,512.000000,0
2131.368182,509.000000,0
2131.372727,509.000000,0
2131.377273,509.000000,0
2131.381818,509.000000,0
2131.386364,508.000000,0
2131.390909,508.000000,0
2131.395455,508.000000,0
2131.400000,508.000000,0
2131.404545,509.000000,0
2131.409091,509.000000,0
2131.413636,509.000000,0
2131.418182,509.000000,0
2131.422727,509.000000,0
2131.427273,512.000000,0
2131.431818,512.000000,0
2131.436364,512.000000,0
2131.440909,513.000000,0
2131.445455,513.000000,0
2131.450000,513.000000,0
2131.454545,513.000000,0
2131.459091,512.000000,0
2131.463636,512.000000,0
2131.468182,512.000000,0
2131.472727,512.000000,0
2131.477273,512.000000,0
2131.481818,508.000000,0
2131.486364,508.000000,0
2131.490909,508.000000,0
2131.495455,508.000000,0
2131.500000,508.000000,0
2131.504545,508.000000,0
2131.509091,508.000000,0
2131.513636,508.000000,0
2131.518182,509.000000,0
2131.522727,509.000000,0
2131.527273,509.000000,0
2131.531818,509.000000,0
2131.536364,509.000000,0
2131.540909,509.000000,0
2131.545455,509.000000,0
2131.550000,509.000000,0
2131.554545,510.000000,0
2131.559091,510.000000,0
2131.563636,510.000000,0
2131.568182,510.000000,0
2131.572727,510.000000,0
2131.577273,510.000000,0
2131.581818,510.000000,0
2131.586364,510.000000,0
2131.590909,513.000000,0
2131.595455,513.000000,0
2131.600000,513.000000,0
2131.604545,513.000000,0
2131.609091,510.000000,0
2131.613636,510.000000,0
2131.618182,510.000000,0
2131.622727,510.000000,0
2131.627273,509.000000,0
2131.631818,509.000000,0
2131.636364,509.000000,0
2131.640909,509.000000,0
2131.645455,509.000000,0
2131.650000,509.000000,0
2131.654545,509.000000,0
2131.659091,509.000000,0
2131.663636,509.000000,0
2131.668182,509.000000,0
2131.672727,509.000000,0
2131.677273,509.000000,0
2131.681818,509.000000,0
2131.686364,512.000000,0
2131.690909,512.000000,0
2131.695455,512.000000,0
2131.700000,512.000000,0
2131.704545,513.000000,0
2131.709091,513.000000,0
2131.713636,513.000000,0
2131.718182,513.000000,0
2131.722727,512.000000,0
2131.727273,512.000000,0
2131.731818,512.000000,0
2131.736364,512.000000,0
2131.740909,510.000000,0
2131.745455,510.000000,0
2131.750000,510.000000,0
2131.754545,510.000000,0
2131.759091,510.000000,0
2131.763636,510.000000,0
2131.768182,510.000000,0
2131.772727,510.000000,0
2131.777273,436.000000,0
2131.781818,436.000000,0
2131.786364,436.000000,0
2131.790909,436.000000,0
2131.795455,504.000000,0
2131.800000,504.000000,0
2131.804545,504.000000,0
2131.809091,504.000000,0
2131.813636,509.000000,0
2131.818182,509.000000,0
2131.822727,509.000000,0
2131.827273,509.000000,0
2131.831818,512.000000,0
2131.836364,512.000000,0
2131.840909,512.000000,0
2131.845455,512.000000,0
2131.850000,512.000000,0
2131.854545,512.000000,0
2131.859091,512.000000,0
2131.863636,512.000000,0
2131.868182,509.000000,0
2131.872727,509.000000,0
2131.877273,509.000000,0
2131.881818,509.000000,0
2131.886364,509.000000,0
2131.890909,509.000000,0
2131.895455,509.000000,0
2131.900000,509.000000,0
2131.904545,509.000000,0
2131.909091,509.000000,0
2131.913636,509.000000,0
2131.918182,509.000000,0
2131.922727,509.000000,0
2131.927273,509.000000,0
2131.931818,509.000000,0
2131.936364,509.000000,0
2131.940909,509.000000,0
2131.945455,510.000000,0
2131.950000,510.000000,0
2131.954545,510.000000,0
2131.959091,510.000000,0
2131.963636,513.000000,0
2131.968182,513.000000,0
2131.972727,513.000000,0
2131.977273,513.000000,0
2131.981818,512.000000,0
2131.986364,512.000000,0
2131.990909,512.000000,0
2131.995455,512.000000,0
2132.000000,512.000000,1
2132.004545,510.000000,0
2132.009091,510.000000,0
2132.013636,510.000000,0
2132.018182,510.000000,0
2132.022727,509.000000,0
2132.027273,509.000000,0
2132.031818,509.000000,0
2132.036364,509.000000,0
2132.040909,510.000000,0
2132.045455,510.000000,0
2132.050000,510.000000,0
2132.054545,509.000000,0
2132.059091,509.000000,0
2132.063636,509.000000,0
2132.068182,509.000000,0
2132.072727,510.000000,0
2132.077273,510.000000,0
2132.081818,510.000000,0
2132.086364,510.000000,0
2132.090909,513.000000,0
2132.095455,513.000000,0
2132.100000,513.000000,0
2132.104545,513.000000,0
2132.109091,513.000000,0
2132.113636,512.000000,0
2132.118182,512.000000,0
2132.122727,512.000000,0
2132.127273,510.000000,0
2132.131818,510.000000,0
2132.136364,510.000000,0
2132.140909,510.000000,0
2132.145455,509.000000,0
2132.150000,509.000000,0
2132.154545,509.000000,0
2132.159091,509.000000,0
2132.163636,509.000000,0
2132.168182,509.000000,0
2132.172727,509.000000,0
2132.177273,509.000000,0
2132.181818,509.000000,0
2132.186364,509.000000,0
2132.190909,509.000000,0
2132.195455,509.000000,0
2132.200000,509.000000,0
2132.204545,509.000000,0
2132.209091,509.000000,0
2132.213636,512.000000,0
2132.218182,512.000000,0
2132.222727,512.000000,0
2132.227273,512.000000,0
2132.231818,513.000000,0
2132.236364,513.000000,0
2132.240909,513.000000,0
2132.245455,513.000000,0
2132.250000,510.000000,0
2132.254545,510.000000,0
2132.259091,510.000000,0
2132.263636,510.000000,0
2132.268182,509.000000,0
2132.272727,509.000000,0
2132.277273,509.000000,0
2132.281818,509.000000,0
2132.286364,509.000000,0
2132.290909,509.000000,0
2132.295455,509.000000,0
2132.300000,509.000000,0
2132.304545,509.000000,0
2132.309091,509.000000,0
2132.313636,509.000000,0
2132.318182,509.000000,0
2132.322727,509.000000,0
2132.327273,509.000000,0
2132.331818,509.000000,0
2132.336364,509.000000,0
2132.340909,512.000000,0
2132.345455,512.000000,0
2132.350000,512.000000,0
2132.354545,512.000000,0
2132.359091,513.000000,0
2132.363636,513.000000,0
2132.368182,513.000000,0
2132.372727,513.000000,0
2132.377273,513.000000,0
2132.381818,513.000000,0
2132.386364,513.000000,0
2132.390909,513.000000,0
2132.395455,509.000000,0
2132.400000,509.000000,0
2132.404545,509.000000,0
2132.409091,509.000000,0
2132.413636,509.000000,0
2132.418182,509.000000,0
2132.422727,509.000000,0
2132.427273,509.000000,0
2132.431818,509.000000,0
2132.436364,509.000000,0
2132.440909,509.000000,0
2132.445455,509.000000,0
2132.450000,509.000000,0
2132.454545,512.000000,0
2132.459091,512.000000,0
2132.463636,512.000000,0
2132.468182,512.000000,0
2132.472727,510.000000,0
2132.477273,510.000000,0
2132.481818,510.000000,0
2132.486364,510.000000,0
2132.490909,510.000000,0
2132.495455,510.000000,0
2132.500000,510.000000,0
2132.504545,510.000000,0
2132.509091,510.000000,0
2132.513636,510.000000,0
2132.518182,510.000000,0
2132.522727,510.000000,0
2132.527273,510.000000,0
2132.531818,510.000000,0
2132.536364,510.000000,0
2132.540909,510.000000,0
2132.545455,510.000000,0
2132.550000,510.000000,0
2132.554545,510.000000,0
2132.559091,510.000000,0
2132.563636,509.000000,0
2132.568182,509.000000,0
2132.572727,509.000000,0
2132.577273,509.000000,0
2132.581818,509.000000,0
2132.586364,509.000000,0
2132.590909,509.000000,0
2132.595455,509.000000,0
2132.600000,510.000000,0
2132.604545,510.000000,0
2132.609091,510.000000,0
2132.613636,510.000000,0
2132.618182,510.000000,0
2132.622727,510.000000,0
2132.627273,512.000000,0
2132.631818,512.000000,0
2132.636364,512.000000,0
2132.640909,510.000000,0
2132.645455,510.000000,0
2132.650000,510.000000,0
2132.654545,510.000000,0
2132.659091,509.000000,0
2132.663636,509.000000,0
2132.668182,509.000000,0
2132.672727,509.000000,0
2132.677273,509.000000,0
2132.681818,509.000000,0
2132.686364,509.000000,0
2132.690909,509.000000,0
2132.695455,509.000000,0
2132.700000,509.000000,0
2132.704545,509.000000,0
2132.709091,509.000000,0
2132.713636,509.000000,0
2132.718182,509.000000,0
2132.722727,509.000000,0
2132.727273,509.000000,0
2132.731818,510.000000,0
2132.736364,510.000000,0
2132.740909,510.000000,0
2132.745455,510.000000,0
2132.750000,510.000000,0
2132.754545,510.000000,0
2132.759091,510.000000,0
2132.763636,510.000000,0
2132.768182,509.000000,0
2132.772727,509.000000,0
2132.777273,509.000000,0
2132.781818,509.000000,0
2132.786364,509.000000,0
2132.790909,509.000000,0
2132.795455,509.000000,0
2132.800000,509.000000,0
2132.804545,509.000000,0
2132.809091,509.000000,0
2132.813636,509.000000,0
2132.818182,509.000000,0
2132.822727,509.000000,0
2132.827273,509.000000,0
2132.831818,509.000000,0
2132.836364,509.000000,0
2132.840909,509.000000,0
2132.845455,508.000000,0
2132.850000,508.000000,0
2132.854545,508.000000,0
2132.859091,508.000000,0
2132.863636,509.000000,0
2132.868182,509.000000,0
2132.872727,509.000000,0
2132.877273,509.000000,0
2132.881818,510.000000,0
2132.886364,510.000000,0
2132.890909,510.000000,0
2132.895455,512.000000,0
2132.900000,512.000000,0
2132.904545,512.000000,0
2132.909091,512.000000,0
2132.913636,512.000000,0
2132.918182,512.000000,0
2132.922727,510.000000,0
2132.927273,510.000000,0
2132.931818,510.000000,0
2132.936364,510.000000,0
2132.940909,510.000000,0
2132.945455,510.000000,0
2132.950000,509.000000,0
2132.954545,509.000000,0
2132.959091,509.000000,0
2132.963636,509.000000,0
2132.968182,510.000000,0
2132.972727,510.000000,0
2132.977273,510.000000,0
2132.981818,510.000000,0
2132.986364,683.000000,0
2132.990909,683.000000,0
2132.995455,683.000000,0
2133.000000,683.000000,0
2133.004545,501.000000,0
2133.009091,501.000000,0
2133.013636,501.000000,0
2133.018182,506.000000,0
2133.022727,506.000000,0
2133.027273,506.000000,0
2133.031818,506.000000,0
2133.036364,508.000000,0
2133.040909,508.000000,0
2133.045455,508.000000,0
2133.050000,508.000000,0
2133.054545,509.000000,0
2133.059091,509.000000,0
2133.063636,509.000000,0
2133.068182,509.000000,0
2133.072727,509.000000,0
2133.077273,509.000000,0
2133.081818,509.000000,0
2133.086364,509.000000,0
2133.090909,508.000000,0
2133.095455,508.000000,0
2133.100000,508.000000,0
2133.104545,508.000000,0
2133.109091,508.000000,0
2133.113636,508.000000,0
2133.118182,508.000000,0
2133.122727,510.000000,0
2133.127273,510.000000,0
2133.131818,510.000000,0
2133.136364,510.000000,0
2133.140909,510.000000,0
2133.145455,510.000000,0
2133.150000,510.000000,0
2133.154545,510.000000,0
2133.159091,510.000000,0
2133.163636,799.000000,0
2133.168182,799.000000,0
2133.172727,799.000000,0
2133.177273,504.000000,0
2133.181818,504.000000,0
2133.186364,504.000000,0
2133.190909,504.000000,0
2133.195455,510.000000,0
2133.200000,510.000000,0
2133.204545,510.000000,0
2133.209091,510.000000,0
2133.213636,513.000000,0
2133.218182,513.000000,0
2133.222727,513.000000,0
2133.227273,513.000000,0
2133.231818,509.000000,0
2133.236364,509.000000,0
2133.240909,509.000000,0
2133.245455,509.000000,0
2133.250000,509.000000,0
2133.254545,509.000000,0
2133.259091,509.000000,0
2133.263636,509.000000,0
2133.268182,509.000000,0
2133.272727,509.000000,0
2133.277273,509.000000,0
2133.281818,509.000000,0
2133.286364,513.000000,0
2133.290909,513.000000,0
2133.295455,513.000000,0
2133.300000,513.000000,0
2133.304545,512.000000,0
2133.309091,512.000000,0
2133.313636,512.000000,0
2133.318182,512.000000,0
2133.322727,516.000000,0
2133.327273,516.000000,0
2133.331818,516.000000,0
2133.336364,516.000000,0
2133.340909,516.000000,0
2133.345455,516.000000,0
2133.350000,516.000000,0
2133.354545,516.000000,0
2133.359091,504.000000,0
2133.363636,504.000000,0
2133.368182,504.000000,0
2133.372727,504.000000,0
2133.377273,513.000000,0
2133.381818,513.000000,0
2133.386364,513.000000,0
2133.390909,513.000000,0
2133.395455,514.000000,0
2133.400000,514.000000,0
2133.404545,514.000000,0
2133.409091,514.000000,0
2133.413636,513.000000,0
2133.418182,513.000000,0
2133.422727,513.000000,0
2133.427273,513.000000,0
2133.431818,709.000000,0
2133.436364,709.000000,0
2133.440909,709.000000,0
2133.445455,709.000000,0
2133.450000,709.000000,0
2133.454545,495.000000,0
2133.459091,495.000000,0
2133.463636,495.000000,0
2133.468182,495.000000,0
2133.472727,499.000000,0
2133.477273,499.000000,0
2133.481818,499.000000,0
2133.486364,499.000000,0
2133.490909,509.000000,0
2133.495455,509.000000,0
2133.500000,509.000000,0
2133.504545,509.000000,0
2133.509091,509.000000,0
2133.513636,513.000000,0
2133.518182,513.000000,0
2133.522727,513.000000,0
2133.527273,513.000000,0
2133.531818,513.000000,0
2133.536364,513.000000,0
2133.540909,513.000000,0
2133.545455,513.000000,0
2133.550000,509.000000,0
2133.554545,509.000000,0
2133.559091,509.000000,0
2133.563636,509.000000,0
2133.568182,509.000000,0
2133.572727,509.000000,0
2133.577273,509.000000,0
2133.581818,509.000000,0
2133.586364,509.000000,0
2133.590909,509.000000,0
2133.595455,509.000000,0
2133.600000,509.000000,0
2133.604545,508.000000,0
2133.609091,508.000000,0
2133.613636,508.000000,0
2133.618182,508.000000,0
2133.622727,509.000000,0
2133.627273,509.000000,0
2133.631818,509.000000,0
2133.636364,509.000000,0
2133.640909,509.000000,0
2133.645455,509.000000,0
2133.650000,509.000000,0
2133.654545,509.000000,0
2133.659091,513.000000,0
2133.663636,513.000000,0
2133.668182,513.000000,0
2133.672727,513.000000,0
2133.677273,509.000000,0
2133.681818,509.000000,0
2133.686364,509.000000,0
2133.690909,509.000000,0
2133.695455,512.000000,0
2133.700000,512.000000,0
2133.704545,512.000000,0
2133.709091,512.000000,0
2133.713636,509.000000,0
2133.718182,509.000000,0
2133.722727,509.000000,0
2133.727273,509.000000,0
2133.731818,510.000000,0
2133.736364,510.000000,0
2133.740909,510.000000,0
2133.745455,510.000000,0
2133.750000,510.000000,0
2133.754545,508.000000,0
2133.759091,508.000000,0
2133.763636,508.000000,0
2133.768182,509.000000,0
2133.772727,509.000000,0
2133.777273,509.000000,0
2133.781818,509.000000,0
2133.786364,509.000000,0
2133.790909,513.000000,0
2133.795455,513.000000,0
2133.800000,513.000000,0
2133.804545,513.000000,0
2133.809091,512.000000,0
2133.813636,512.000000,0
2133.818182,513.000000,0
2133.822727,513.000000,0
2133.827273,513.000000,0
2133.831818,513.000000,0
2133.836364,513.000000,0
2133.840909,509.000000,0
2133.845455,509.000000,0
2133.850000,509.000000,0
2133.854545,509.000000,0
2133.859091,509.000000,0
2133.863636,509.000000,0
2133.868182,509.000000,0
2133.872727,510.000000,0
2133.877273,510.000000,0
2133.881818,510.000000,0
2133.886364,510.000000,0
2133.890909,510.000000,0
2133.895455,510.000000,0
2133.900000,512.000000,0
2133.904545,512.000000,0
2133.909091,512.000000,0
2133.913636,512.000000,0
2133.918182,513.000000,0
2133.922727,513.000000,0
2133.927273,513.000000,0
2133.931818,513.000000,0
2133.936364,509.000000,0
2133.940909,509.000000,0
2133.945455,509.000000,0
2133.950000,509.000000,0
2133.954545,509.000000,0
2133.959091,509.000000,0
2133.963636,509.000000,0
2133.968182,509.000000,0
2133.972727,504.000000,0
2133.977273,504.000000,0
2133.981818,504.000000,0
2133.986364,510.000000,0
2133.990909,510.000000,0
2133.995455,510.000000,0
2134.000000,510.000000,0
2134.004545,506.000000,0
2134.009091,506.000000,0
2134.013636,506.000000,0
2134.018182,506.000000,0
2134.022727,509.000000,0
2134.027273,509.000000,0
2134.031818,509.000000,0
2134.036364,509.000000,0
2134.040909,513.000000,0
2134.045455,513.000000,0
2134.050000,513.000000,0
2134.054545,513.000000,0
2134.059091,510.000000,0
2134.063636,510.000000,0
2134.068182,510.000000,0
2134.072727,510.000000,0
2134.077273,506.000000,0
2134.081818,506.000000,0
2134.086364,506.000000,0
2134.090909,506.000000,0
2134.095455,513.000000,0
2134.100000,513.000000,0
2134.104545,513.000000,0
2134.109091,513.000000,0
2134.113636,510.000000,0
2134.118182,510.000000,0
2134.122727,510.000000,0
2134.127273,510.000000,0
2134.131818,510.000000,0
2134.136364,510.000000,0
2134.140909,510.000000,0
2134.145455,510.000000,0
2134.150000,509.000000,0
2134.154545,509.000000,0
2134.159091,509.000000,0
2134.163636,509.000000,0
2134.168182,509.000000,0
2134.172727,513.000000,0
2134.177273,513.000000,0
2134.181818,513.000000,0
2134.186364,504.000000,0
2134.190909,504.000000,0
2134.195455,504.000000,0
2134.200000,504.000000,0
2134.204545,510.000000,0
2134.209091,510.000000,0
2134.213636,510.000000,0
2134.218182,510.000000,0
2134.222727,509.000000,0
2134.227273,509.000000,0
2134.231818,509.000000,0
2134.236364,509.000000,0
2134.240909,509.000000,0
2134.245455,512.000000,0
2134.250000,512.000000,0
2134.254545,512.000000,0
2134.259091,512.000000,0
2134.263636,514.000000,0
2134.268182,514.000000,0
2134.272727,514.000000,0
2134.277273,514.000000,0
2134.281818,509.000000,0
2134.286364,509.000000,0
2134.290909,509.000000,0
2134.295455,509.000000,0
2134.300000,513.000000,0
2134.304545,513.000000,0
2134.309091,513.000000,0
2134.313636,513.000000,0
2134.318182,510.000000,0
2134.322727,510.000000,0
2134.327273,510.000000,0
2134.331818,510.000000,0
2134.336364,510.000000,0
2134.340909,510.000000,0
2134.345455,510.000000,0
2134.350000,510.000000,0
2134.354545,510.000000,0
2134.359091,509.000000,0
2134.363636,509.000000,0
2134.368182,509.000000,0
2134.372727,509.000000,0
2134.377273,509.000000,0
2134.381818,509.000000,0
2134.386364,509.000000,0
2134.390909,513.000000,0
2134.395455,513.000000,0
2134.400000,513.000000,0
2134.404545,513.000000,0
2134.409091,509.000000,0
2134.413636,509.000000,0
2134.418182,509.000000,0
2134.422727,509.000000,0
2134.427273,512.000000,0
2134.431818,512.000000,0
2134.436364,512.000000,0
2134.440909,512.000000,0
2134.445455,512.000000,0
2134.450000,509.000000,0
2134.454545,509.000000,0
2134.459091,509.000000,0
2134.463636,509.000000,0
2134.468182,508.000000,0
2134.472727,508.000000,0
2134.477273,508.000000,0
2134.481818,508.000000,0
2134.486364,508.000000,0
2134.490909,508.000000,0
2134.495455,508.000000,0
2134.500000,508.000000,0
2134.504545,508.000000,0
2134.509091,509.000000,0
2134.513636,509.000000,0
2134.518182,509.000000,0
2134.522727,509.000000,0
2134.527273,510.000000,0
2134.531818,510.000000,0
2134.536364,510.000000,0
2134.540909,510.000000,0
2134.545455,512.000000,0
2134.550000,512.000000,0
2134.554545,512.000000,0
2134.559091,510.000000,0
2134.563636,510.000000,0
2134.568182,510.000000,0
2134.572727,510.000000,0
2134.577273,505.000000,0
2134.581818,505.000000,0
2134.586364,505.000000,0
2134.590909,505.000000,0
2134.595455,505.000000,0
2134.600000,512.000000,0
2134.604545,512.000000,0
2134.609091,512.000000,0
2134.613636,512.000000,0
2134.618182,509.000000,0
2134.622727,509.000000,0
2134.627273,509.000000,0
2134.631818,510.000000,0
2134.636364,510.000000,0
2134.640909,510.000000,0
2134.645455,510.000000,0
2134.650000,509.000000,0
2134.654545,509.000000,0
2134.659091,509.000000,0
2134.663636,509.000000,0
2134.668182,509.000000,0
2134.672727,513.000000,0
2134.677273,513.000000,0
2134.681818,513.000000,0
2134.686364,513.000000,0
2134.690909,509.000000,0
2134.695455,509.000000,0
2134.700000,509.000000,0
2134.704545,509.000000,0
2134.709091,512.000000,0
2134.713636,512.000000,0
2134.718182,512.000000,0
2134.722727,512.000000,0
2134.727273,509.000000,0
2134.731818,509.000000,0
2134.736364,509.000000,0
2134.740909,509.000000,0
2134.745455,512.000000,0
2134.750000,512.000000,0
2134.754545,512.000000,0
2134.759091,512.000000,0
2134.763636,510.000000,0
2134.768182,510.000000,0
2134.772727,510.000000,0
2134.777273,510.000000,0
2134.781818,510.000000,0
2134.786364,510.000000,0
2134.790909,510.000000,0
2134.795455,510.000000,0
2134.800000,510.000000,0
2134.804545,513.000000,0
2134.809091,513.000000,0
2134.813636,513.000000,0
2134.818182,513.000000,0
2134.822727,510.000000,0
2134.827273,510.000000,0
2134.831818,510.000000,0
2134.836364,510.000000,0
2134.840909,510.000000,0
2134.845455,509.000000,0
2134.850000,509.000000,0
2134.854545,509.000000,0
2134.859091,508.000000,0
2134.863636,508.000000,0
2134.868182,508.000000,0
2134.872727,508.000000,0
2134.877273,513.000000,0
2134.881818,513.000000,0
2134.886364,513.000000,0
2134.890909,513.000000,0
2134.895455,509.000000,0
2134.900000,509.000000,0
2134.904545,509.000000,0
2134.909091,509.000000,0
2134.913636,510.000000,0
2134.918182,510.000000,0
2134.922727,510.000000,0
2134.927273,510.000000,0
2134.931818,512.000000,0
2134.936364,512.000000,0
2134.940909,512.000000,0
2134.945455,512.000000,0
2134.950000,513.000000,0
2134.954545,513.000000,0
2134.959091,513.000000,0
2134.963636,513.000000,0
2134.968182,513.000000,0
2134.972727,510.000000,0
2134.977273,510.000000,0
2134.981818,510.000000,0
2134.986364,510.000000,0
2134.990909,510.000000,0
2134.995455,510.000000,0
2135.000000,510.000000,0
2135.004545,510.000000,0
2135.009091,510.000000,0
2135.013636,510.000000,0
2135.018182,510.000000,0
2135.022727,510.000000,0
2135.027273,508.000000,0
2135.031818,508.000000,0
2135.036364,508.000000,0
2135.040909,508.000000,0
2135.045455,508.000000,0
2135.050000,508.000000,0
2135.054545,508.000000,0
2135.059091,512.000000,0
2135.063636,512.000000,0
2135.068182,512.000000,0
2135.072727,512.000000,0
2135.077273,512.000000,0
2135.081818,513.000000,0
2135.086364,513.000000,0
2135.090909,513.000000,0
2135.095455,513.000000,0
2135.100000,512.000000,0
2135.104545,512.000000,0
2135.109091,512.000000,0
2135.113636,512.000000,0
2135.118182,508.000000,0
2135.122727,508.000000,0
2135.127273,508.000000,0
2135.131818,508.000000,0
2135.136364,509.000000,0
2135.140909,509.000000,0
2135.145455,509.000000,0
2135.150000,509.000000,0
2135.154545,508.000000,0
2135.159091,508.000000,0
2135.163636,508.000000,0
2135.168182,508.000000,0
2135.172727,509.000000,0
2135.177273,509.000000,0
2135.181818,509.000000,0
2135.186364,509.000000,0
2135.190909,509.000000,0
2135.195455,509.000000,0
2135.200000,509.000000,0
2135.204545,509.000000,0
2135.209091,510.000000,0
2135.213636,510.000000,0
2135.218182,510.000000,0
2135.222727,510.000000,0
2135.227273,512.000000,0
2135.231818,512.000000,0
2135.236364,512.000000,0
2135.240909,512.000000,0
2135.245455,509.000000,0
2135.250000,509.000000,0
2135.254545,509.000000,0
2135.259091,509.000000,0
2135.263636,510.000000,0
2135.268182,510.000000,0
2135.272727,510.000000,0
2135.277273,510.000000,0
2135.281818,509.000000,0
2135.286364,509.000000,0
2135.290909,509.000000,0
2135.295455,509.000000,0
2135.300000,512.000000,0
2135.304545,512.000000,0
2135.309091,512.000000,0
2135.313636,512.000000,0
2135.318182,512.000000,0
2135.322727,512.000000,0
2135.327273,512.000000,0
2135.331818,512.000000,0
2135.336364,512.000000,0
2135.340909,513.000000,0
2135.345455,513.000000,0
2135.350000,513.000000,0
2135.354545,513.000000,0
2135.359091,510.000000,0
2135.363636,510.000000,0
2135.368182,510.000000,0
2135.372727,510.000000,0
2135.377273,510.000000,0
2135.381818,510.000000,0
2135.386364,510.000000,0
2135.390909,510.000000,0
2135.395455,510.000000,0
2135.400000,510.000000,0
2135.404545,510.000000,0
2135.409091,510.000000,0
2135.413636,509.000000,0
2135.418182,509.000000,0
2135.422727,509.000000,0
2135.427273,509.000000,0
2135.431818,509.000000,0
2135.436364,509.000000,0
2135.440909,509.000000,0
2135.445455,509.000000,0
2135.450000,509.000000,0
2135.454545,509.000000,0
2135.459091,509.000000,0
2135.463636,509.000000,0
2135.468182,512.000000,0
2135.472727,512.000000,0
2135.477273,512.000000,0
2135.481818,512.000000,0
2135.486364,512.000000,0
2135.490909,513.000000,0
2135.495455,513.000000,0
2135.500000,513.000000,0
2135.504545,513.000000,0
2135.509091,513.000000,0
2135.513636,508.000000,0
2135.518182,508.000000,0
2135.522727,508.000000,0
2135.527273,509.000000,0
2135.531818,509.000000,0
2135.536364,509.000000,0
2135.540909,509.000000,0
2135.545455,509.000000,0
2135.550000,509.000000,0
2135.554545,509.000000,0
2135.559091,509.000000,0
2135.563636,508.000000,0
2135.568182,508.000000,0
2135.572727,508.000000,0
2135.577273,508.000000,0
2135.581818,492.000000,0
2135.586364,492.000000,0
2135.590909,492.000000,0
2135.595455,492.000000,0
2135.600000,510.000000,0
2135.604545,510.000000,0
2135.609091,510.000000,0
2135.613636,510.000000,0
2135.618182,510.000000,0
2135.622727,510.000000,0
2135.627273,510.000000,0
2135.631818,510.000000,0
2135.636364,509.000000,0
2135.640909,509.000000,0
2135.645455,509.000000,0
2135.650000,509.000000,0
2135.654545,509.000000,0
2135.659091,509.000000,0
2135.663636,509.000000,0
2135.668182,509.000000,0
2135.672727,509.000000,0
2135.677273,509.000000,0
2135.681818,509.000000,0
2135.686364,509.000000,0
2135.690909,509.000000,0
2135.695455,509.000000,0
2135.700000,509.000000,0
2135.704545,509.000000,0
2135.709091,509.000000,0
2135.713636,512.000000,0
2135.718182,512.000000,0
2135.722727,512.000000,0
2135.727273,512.000000,0
2135.731818,513.000000,0
2135.736364,513.000000,0
2135.740909,513.000000,0
2135.745455,513.000000,0
2135.750000,509.000000,0
2135.754545,509.000000,0
2135.759091,509.000000,0
2135.763636,509.000000,0
2135.768182,512.000000,0
2135.772727,512.000000,0
2135.777273,512.000000,0
2135.781818,512.000000,0
2135.786364,509.000000,0
2135.790909,509.000000,0
2135.795455,509.000000,0
2135.800000,509.000000,0
2135.804545,508.000000,0
2135.809091,508.000000,0
2135.813636,508.000000,0
2135.818182,508.000000,0
2135.822727,509.000000,0
2135.827273,509.000000,0
2135.831818,509.000000,0
2135.836364,509.000000,0
2135.840909,512.000000,0
2135.845455,512.000000,0
2135.850000,512.000000,0
2135.854545,512.000000,0
2135.859091,513.000000,0
2135.863636,513.000000,0
2135.868182,513.000000,0
2135.872727,513.000000,0
2135.877273,513.000000,0
2135.881818,512.000000,0
2135.886364,512.000000,0
2135.890909,512.000000,0
2135.895455,509.000000,0
2135.900000,509.000000,0
2135.904545,509.000000,0
2135.909091,509.000000,0
2135.913636,509.000000,0
2135.918182,509.000000,0
2135.922727,509.000000,0
2135.927273,509.000000,0
2135.931818,509.000000,0
2135.936364,509.000000,0
2135.940909,509.000000,0
2135.945455,509.000000,0
2135.950000,509.000000,0
2135.954545,509.000000,0
2135.959091,509.000000,0
2135.963636,509.000000,0
2135.968182,509.000000,0
2135.972727,509.000000,0
2135.977273,509.000000,0
2135.981818,509.000000,0
2135.986364,509.000000,0
2135.990909,510.000000,0
2135.995455,510.000000,0
2136.000000,510.000000,0
2136.004545,510.000000,0
2136.009091,510.000000,0
2136.013636,512.000000,0
2136.018182,512.000000,0
2136.022727,512.000000,0
2136.027273,510.000000,0
2136.031818,510.000000,0
2136.036364,510.000000,0
2136.040909,510.000000,0
2136.045455,509.000000,0
2136.050000,509.000000,0
2136.054545,509.000000,0
2136.059091,509.000000,0
2136.063636,509.000000,0
2136.068182,509.000000,0
2136.072727,509.000000,0
2136.077273,509.000000,0
2136.081818,509.000000,0
2136.086364,509.000000,0
2136.090909,509.000000,0
2136.095455,509.000000,0
2136.100000,510.000000,0
2136.104545,510.000000,0
2136.109091,510.000000,0
2136.113636,510.000000,0
2136.118182,513.000000,0
2136.122727,513.000000,0
2136.127273,513.000000,0
2136.131818,513.000000,0
2136.136364,513.000000,0
2136.140909,513.000000,0
2136.145455,513.000000,0
2136.150000,513.000000,0
2136.154545,513.000000,0
2136.159091,512.000000,0
2136.163636,512.000000,0
2136.168182,512.000000,0
2136.172727,512.000000,0
2136.177273,512.000000,0
2136.181818,509.000000,0
2136.186364,509.000000,0
2136.190909,509.000000,0
2136.195455,509.000000,0
2136.200000,509.000000,0
2136.204545,509.000000,0
2136.209091,509.000000,0
2136.213636,509.000000,0
2136.218182,509.000000,0
2136.222727,509.000000,0
2136.227273,509.000000,0
2136.231818,509.000000,0
2136.236364,509.000000,0
2136.240909,509.000000,0
2136.245455,509.000000,0
2136.250000,509.000000,0
2136.254545,510.000000,0
2136.259091,510.000000,0
2136.263636,510.000000,0
2136.268182,510.000000,0
2136.272727,512.000000,0
2136.277273,512.000000,0
2136.281818,512.000000,0
2136.286364,512.000000,0
2136.290909,512.000000,0
2136.295455,512.000000,0
2136.300000,512.000000,0
2136.304545,512.000000,0
2136.309091,510.000000,0
2136.313636,510.000000,0
2136.318182,510.000000,1
2136.322727,509.000000,0
2136.327273,509.000000,0
2136.331818,509.000000,0
2136.336364,509.000000,0
2136.340909,509.000000,0
2136.345455,509.000000,0
2136.350000,509.000000,0
2136.354545,509.000000,0
2136.359091,509.000000,0
2136.363636,510.000000,0
2136.368182,510.000000,0
2136.372727,510.000000,0
2136.377273,510.000000,0
2136.381818,510.000000,0
2136.386364,510.000000,0
2136.390909,510.000000,0
2136.395455,513.000000,0
2136.400000,513.000000,0
2136.404545,513.000000,0
2136.409091,513.000000,0
2136.413636,512.000000,0
2136.418182,512.000000,0
2136.422727,512.000000,0
2136.427273,512.000000,0
2136.431818,509.000000,0
2136.436364,509.000000,0
2136.440909,509.000000,0
2136.445455,509.000000,0
2136.450000,509.000000,0
2136.454545,509.000000,0
2136.459091,509.000000,0
2136.463636,509.000000,0
2136.468182,508.000000,0
2136.472727,508.000000,0
2136.477273,508.000000,0
2136.481818,508.000000,0
2136.486364,508.000000,0
2136.490909,508.000000,0
2136.495455,508.000000,0
2136.500000,513.000000,0
2136.504545,513.000000,0
2136.509091,513.000000,0
2136.513636,513.000000,0
2136.518182,513.000000,0
2136.522727,513.000000,0
2136.527273,513.000000,0
2136.531818,513.000000,0
2136.536364,510.000000,0
2136.540909,510.000000,0
2136.545455,510.000000,0
2136.550000,510.000000,0
2136.554545,510.000000,0
2136.559091,510.000000,0
2136.563636,510.000000,0
2136.568182,510.000000,0
2136.572727,509.000000,0
2136.577273,509.000000,0
2136.581818,509.000000,0
2136.586364,509.000000,0
2136.590909,509.000000,0
2136.595455,509.000000,0
2136.600000,509.000000,0
2136.604545,509.000000,0
2136.609091,509.000000,0
2136.613636,510.000000,0
2136.618182,510.000000,0
2136.622727,510.000000,0
2136.627273,513.000000,0
2136.631818,513.000000,0
2136.636364,513.000000,0
2136.640909,513.000000,0
2136.645455,513.000000,0
2136.650000,513.000000,0
2136.654545,512.000000,0
2136.659091,512.000000,0
2136.663636,512.000000,0
2136.668182,512.000000,0
2136.672727,510.000000,0
2136.677273,510.000000,0
2136.681818,510.000000,0
2136.686364,510.000000,0
2136.690909,509.000000,0
2136.695455,509.000000,0
2136.700000,509.000000,0
2136.704545,509.000000,0
2136.709091,510.000000,0
2136.713636,510.000000,0
2136.718182,510.000000,0
2136.722727,509.000000,0
2136.727273,509.000000,0
2136.731818,509.000000,0
2136.736364,509.000000,0
2136.740909,510.000000,0
2136.745455,510.000000,0
2136.750000,510.000000,0
2136.754545,510.000000,0
2136.759091,510.000000,0
2136.763636,509.000000,0
2136.768182,509.000000,0
2136.772727,509.000000,0
2136.777273,513.000000,0
2136.781818,513.000000,0
2136.786364,513.000000,0
2136.790909,513.000000,0
2136.795455,513.000000,0
2136.800000,513.000000,0
2136.804545,513.000000,0
2136.809091,513.000000,0
2136.813636,513.000000,0
2136.818182,513.000000,0
2136.822727,509.000000,0
2136.827273,509.000000,0
2136.831818,509.000000,0
2136.836364,510.000000,0
2136.840909,510.000000,0
2136.845455,510.000000,0
2136.850000,510.000000,0
2136.854545,509.000000,0
2136.859091,509.000000,0
2136.863636,509.000000,0
2136.868182,509.000000,0
2136.872727,509.000000,0
2136.877273,510.000000,0
2136.881818,510.000000,0
2136.886364,510.000000,0
2136.890909,510.000000,0
2136.895455,512.000000,0
2136.900000,512.000000,0
2136.904545,512.000000,0
2136.909091,512.000000,0
2136.913636,512.000000,0
2136.918182,512.000000,0
2136.922727,512.000000,0
2136.927273,512.000000,0
2136.931818,512.000000,0
2136.936364,512.000000,0
2136.940909,512.000000,0
2136.945455,512.000000,0
2136.950000,509.000000,0
2136.954545,509.000000,0
2136.959091,509.000000,0
2136.963636,509.000000,0
2136.968182,509.000000,0
2136.972727,509.000000,0
2136.977273,509.000000,0
2136.981818,509.000000,0
2136.986364,509.000000,0
2136.990909,509.000000,0
2136.995455,509.000000,0
2137.000000,510.000000,0
2137.004545,510.000000,0
2137.009091,510.000000,0
2137.013636,510.000000,0
2137.018182,510.000000,0
2137.022727,510.000000,0
2137.027273,510.000000,0
2137.031818,510.000000,0
2137.036364,510.000000,0
2137.040909,510.000000,0
2137.045455,510.000000,0
2137.050000,510.000000,0
2137.054545,510.000000,0
2137.059091,513.000000,0
2137.063636,513.000000,0
2137.068182,513.000000,0
2137.072727,513.000000,0
2137.077273,512.000000,0
2137.081818,512.000000,0
2137.086364,512.000000,0
2137.090909,512.000000,0
2137.095455,509.000000,0
2137.100000,509.000000,0
2137.104545,509.000000,0
2137.109091,509.000000,0
2137.113636,509.000000,0
2137.118182,509.000000,0
2137.122727,509.000000,0
2137.127273,509.000000,0
2137.131818,508.000000,0
2137.136364,508.000000,0
2137.140909,508.000000,0
2137.145455,508.000000,0
2137.150000,508.000000,0
2137.154545,510.000000,0
2137.159091,510.000000,0
2137.163636,510.000000,0
2137.168182,510.000000,0
2137.172727,514.000000,0
2137.177273,514.000000,0
2137.181818,514.000000,0
2137.186364,514.000000,0
2137.190909,513.000000,0
2137.195455,513.000000,0
2137.200000,513.000000,0
2137.204545,510.000000,0
2137.209091,510.000000,0
2137.213636,510.000000,0
2137.218182,510.000000,0
2137.222727,509.000000,0
2137.227273,509.000000,0
2137.231818,509.000000,0
2137.236364,509.000000,0
2137.240909,509.000000,0
2137.245455,509.000000,0
2137.250000,509.000000,0
2137.254545,509.000000,0
2137.259091,509.000000,0
2137.263636,509.000000,0
2137.268182,509.000000,0
2137.272727,509.000000,0
2137.277273,509.000000,0
2137.281818,508.000000,0
2137.286364,508.000000,0
2137.290909,508.000000,0
2137.295455,508.000000,0
2137.300000,508.000000,0
2137.304545,508.000000,0
2137.309091,508.000000,0
2137.313636,508.000000,0
2137.318182,513.000000,0
2137.322727,513.000000,0
2137.327273,513.000000,0
2137.331818,513.000000,0
2137.336364,513.000000,0
2137.340909,513.000000,0
2137.345455,513.000000,0
2137.350000,513.000000,0
2137.354545,513.000000,0
2137.359091,506.000000,0
2137.363636,506.000000,0
2137.368182,506.000000,0
2137.372727,509.000000,0
2137.377273,509.000000,0
2137.381818,509.000000,0
2137.386364,509.000000,0
2137.390909,509.000000,0
2137.395455,509.000000,0
2137.400000,509.000000,0
2137.404545,509.000000,0
2137.409091,509.000000,0
2137.413636,509.000000,0
2137.418182,509.000000,0
2137.422727,509.000000,0
2137.427273,510.000000,0
2137.431818,510.000000,0
2137.436364,510.000000,0
2137.440909,510.000000,0
2137.445455,491.000000,0
2137.450000,491.000000,0
2137.454545,491.000000,0
2137.459091,491.000000,0
2137.463636,512.000000,0
2137.468182,512.000000,0
2137.472727,512.000000,0
2137.477273,512.000000,0
2137.481818,512.000000,0
2137.486364,508.000000,0
2137.490909,508.000000,0
2137.495455,508.000000,0
2137.500000,508.000000,0
2137.504545,509.000000,0
2137.509091,509.000000,0
2137.513636,509.000000,0
2137.518182,509.000000,0
2137.522727,504.000000,0
2137.527273,504.000000,0
2137.531818,504.000000,0
2137.536364,504.000000,0
2137.540909,504.000000,0
2137.545455,510.000000,0
2137.550000,510.000000,0
2137.554545,510.000000,0
2137.559091,510.000000,0
2137.563636,510.000000,0
2137.568182,510.000000,0
2137.572727,510.000000,0
2137.577273,510.000000,0
2137.581818,513.000000,0
2137.586364,513.000000,0
2137.590909,513.000000,0
2137.595455,513.000000,0
2137.600000,513.000000,0
2137.604545,513.000000,0
2137.609091,513.000000,0
2137.613636,513.000000,0
2137.618182,513.000000,0
2137.622727,513.000000,0
2137.627273,513.000000,0
2137.631818,512.000000,0
2137.636364,512.000000,0
2137.640909,512.000000,0
2137.645455,512.000000,0
2137.650000,508.000000,0
2137.654545,508.000000,0
2137.659091,508.000000,0
2137.663636,508.000000,0
2137.668182,510.000000,0
2137.672727,510.000000,0
2137.677273,510.000000,0
2137.681818,510.000000,0
2137.686364,510.000000,0
2137.690909,510.000000,0
2137.695455,510.000000,0
2137.700000,510.000000,0
2137.704545,510.000000,0
2137.709091,513.000000,0
2137.713636,513.000000,0
2137.718182,513.000000,0
2137.722727,516.000000,0
2137.727273,516.000000,0
2137.731818,516.000000,0
2137.736364,516.000000,0
2137.740909,516.000000,0
2137.745455,516.000000,0
2137.750000,513.000000,0
2137.754545,513.000000,0
2137.759091,513.000000,0
2137.763636,513.000000,0
2137.768182,509.000000,0
2137.772727,509.000000,0
2137.777273,500.000000,0
2137.781818,500.000000,0
2137.786364,500.000000,0
2137.790909,505.000000,0
2137.795455,505.000000,0
2137.800000,505.000000,0
2137.804545,512.000000,0
2137.809091,512.000000,0
2137.813636,512.000000,0
2137.818182,512.000000,0
2137.822727,514.000000,0
2137.827273,514.000000,0
2137.831818,514.000000,0
2137.836364,513.000000,0
2137.840909,513.000000,0
2137.845455,513.000000,0
2137.850000,513.000000,0
2137.854545,509.000000,0
2137.859091,509.000000,0
2137.863636,509.000000,0
2137.868182,509.000000,0
2137.872727,513.000000,0
2137.877273,513.000000,0
2137.881818,513.000000,0
2137.886364,513.000000,0
2137.890909,505.000000,0
2137.895455,505.000000,0
2137.900000,505.000000,0
2137.904545,505.000000,0
2137.909091,509.000000,0
2137.913636,509.000000,0
2137.918182,509.000000,0
2137.922727,512.000000,0
2137.927273,512.000000,0
2137.931818,512.000000,0
2137.936364,512.000000,0
2137.940909,513.000000,0
2137.945455,513.000000,0
2137.950000,513.000000,0
2137.954545,513.000000,0
2137.959091,513.000000,0
2137.963636,506.000000,0
2137.968182,506.000000,0
2137.972727,506.000000,0
2137.977273,506.000000,0
2137.981818,510.000000,0
2137.986364,510.000000,0
2137.990909,510.000000,0
2137.995455,510.000000,0
2138.000000,509.000000,0
2138.004545,509.000000,0
2138.009091,509.000000,0
2138.013636,509.000000,0
2138.018182,506.000000,0
2138.022727,506.000000,0
2138.027273,506.000000,0
2138.031818,506.000000,0
2138.036364,505.000000,0
2138.040909,505.000000,0
2138.045455,505.000000,0
2138.050000,505.000000,0
2138.054545,513.000000,0
2138.059091,513.000000,0
2138.063636,513.000000,0
2138.068182,513.000000,0
2138.072727,510.000000,0
2138.077273,510.000000,0
2138.081818,510.000000,0
2138.086364,510.000000,0
2138.090909,516.000000,0
2138.095455,516.000000,0
2138.100000,516.000000,0
2138.104545,516.000000,0
2138.109091,514.000000,0
2138.113636,514.000000,0
2138.118182,514.000000,0
2138.122727,514.000000,0
2138.127273,513.000000,0
2138.131818,513.000000,0
2138.136364,513.000000,0
2138.140909,513.000000,0
2138.145455,501.000000,0
2138.150000,501.000000,0
2138.154545,501.000000,0
2138.159091,501.000000,0
2138.163636,512.000000,0
2138.168182,512.000000,0
2138.172727,512.000000,0
2138.177273,512.000000,0
2138.181818,509.000000,0
2138.186364,509.000000,0
2138.190909,509.000000,0
2138.195455,509.000000,0
2138.200000,509.000000,0
2138.204545,509.000000,0
2138.209091,509.000000,0
2138.213636,509.000000,0
2138.218182,509.000000,0
2138.222727,506.000000,0
2138.227273,506.000000,0
2138.231818,506.000000,0
2138.236364,510.000000,0
2138.240909,510.000000,0
2138.245455,510.000000,0
2138.250000,510.000000,0
2138.254545,510.000000,0
2138.259091,512.000000,0
2138.263636,512.000000,0
2138.268182,512.000000,0
2138.272727,512.000000,0
2138.277273,510.000000,0
2138.281818,510.000000,0
2138.286364,510.000000,0
2138.290909,510.000000,0
2138.295455,510.000000,0
2138.300000,505.000000,0
2138.304545,505.000000,0
2138.309091,505.000000,0
2138.313636,505.000000,0
2138.318182,512.000000,0
2138.322727,512.000000,0
2138.327273,512.000000,0
2138.331818,512.000000,0
2138.336364,509.000000,0
2138.340909,509.000000,0
2138.345455,509.000000,0
2138.350000,513.000000,0
2138.354545,513.000000,0
2138.359091,513.000000,0
2138.363636,513.000000,0
2138.368182,513.000000,0
2138.372727,513.000000,0
2138.377273,513.000000,0
2138.381818,513.000000,0
2138.386364,513.000000,0
2138.390909,513.000000,0
2138.395455,513.000000,0
2138.400000,513.000000,0
2138.404545,513.000000,0
2138.409091,509.000000,0
2138.413636,509.000000,0
2138.418182,509.000000,0
2138.422727,509.000000,0
2138.427273,505.000000,0
2138.431818,505.000000,0
2138.436364,505.000000,0
2138.440909,505.000000,0
2138.445455,512.000000,0
2138.450000,512.000000,0
2138.454545,512.000000,0
2138.459091,512.000000,0
2138.463636,510.000000,0
2138.468182,510.000000,0
2138.472727,510.000000,0
2138.477273,510.000000,0
2138.481818,513.000000,0
2138.486364,513.000000,0
2138.490909,513.000000,0
2138.495455,513.000000,0
2138.500000,513.000000,0
2138.504545,513.000000,0
2138.509091,513.000000,0
2138.513636,513.000000,0
2138.518182,510.000000,0
2138.522727,510.000000,0
2138.527273,510.000000,0
2138.531818,510.000000,0
2138.536364,510.000000,0
2138.540909,510.000000,0
2138.545455,510.000000,0
2138.550000,510.000000,0
2138.554545,506.000000,0
2138.559091,506.000000,0
2138.563636,506.000000,0
2138.568182,506.000000,0
2138.572727,506.000000,0
2138.577273,514.000000,0
2138.581818,514.000000,0
2138.586364,514.000000,0
2138.590909,514.000000,0
2138.595455,510.000000,0
2138.600000,510.000000,0
2138.604545,510.000000,0
2138.609091,510.000000,0
2138.613636,512.000000,0
2138.618182,512.000000,0
2138.622727,512.000000,0
2138.627273,512.000000,0
2138.631818,510.000000,0
2138.636364,510.000000,0
2138.640909,510.000000,0
2138.645455,510.000000,0
2138.650000,512.000000,0
2138.654545,512.000000,0
2138.659091,512.000000,0
2138.663636,512.000000,0
2138.668182,512.000000,0
2138.672727,512.000000,0
2138.677273,509.000000,0
2138.681818,509.000000,0
2138.686364,509.000000,0
2138.690909,509.000000,0
2138.695455,509.000000,0
2138.700000,509.000000,0
2138.704545,509.000000,0
2138.709091,509.000000,0
2138.713636,506.000000,0
2138.718182,506.000000,0
2138.722727,506.000000,0
2138.727273,506.000000,0
2138.731818,509.000000,0
2138.736364,509.000000,0
2138.740909,509.000000,0
2138.745455,509.000000,0
2138.750000,509.000000,0
2138.754545,513.000000,0
2138.759091,513.000000,0
2138.763636,512.000000,0
2138.768182,512.000000,0
2138.772727,512.000000,0
2138.777273,512.000000,0
2138.781818,512.000000,0
2138.786364,510.000000,0
2138.790909,510.000000,0
2138.795455,510.000000,0
2138.800000,510.000000,0
2138.804545,506.000000,0
2138.809091,506.000000,0
2138.813636,506.000000,0
2138.818182,506.000000,0
2138.822727,509.000000,0
2138.827273,509.000000,0
2138.831818,509.000000,0
2138.836364,512.000000,0
2138.840909,512.000000,0
2138.845455,512.000000,0
2138.850000,512.000000,0
2138.854545,509.000000,0
2138.859091,509.000000,0
2138.863636,509.000000,0
2138.868182,509.000000,0
2138.872727,509.000000,0
2138.877273,509.000000,0
2138.881818,509.000000,0
2138.886364,513.000000,0
2138.890909,513.000000,0
2138.895455,513.000000,0
2138.900000,513.000000,0
2138.904545,512.000000,0
2138.909091,512.000000,0
2138.913636,512.000000,0
2138.918182,512.000000,0
2138.922727,509.000000,0
2138.927273,509.000000,0
2138.931818,509.000000,0
2138.936364,509.000000,0
2138.940909,509.000000,0
2138.945455,509.000000,0
2138.950000,509.000000,0
2138.954545,509.000000,0
2138.959091,516.000000,0
2138.963636,516.000000,0
2138.968182,516.000000,0
2138.972727,516.000000,0
2138.977273,513.000000,0
2138.981818,513.000000,0
2138.986364,513.000000,0
2138.990909,513.000000,0
2138.995455,510.000000,0
2139.000000,510.000000,0
2139.004545,510.000000,0
2139.009091,510.000000,0
2139.013636,509.000000,0
2139.018182,509.000000,0
2139.022727,509.000000,0
2139.027273,510.000000,0
2139.031818,510.000000,0
2139.036364,510.000000,0
2139.040909,510.000000,0
2139.045455,508.000000,0
2139.050000,508.000000,0
2139.054545,508.000000,0
2139.059091,508.000000,0
2139.063636,510.000000,0
2139.068182,510.000000,0
2139.072727,510.000000,0
2139.077273,510.000000,0
2139.081818,513.000000,0
2139.086364,513.000000,0
2139.090909,513.000000,0
2139.095455,513.000000,0
2139.100000,510.000000,0
2139.104545,510.000000,0
2139.109091,510.000000,0
2139.113636,510.000000,0
2139.118182,509.000000,0
2139.122727,509.000000,0
2139.127273,509.000000,0
2139.131818,509.000000,0
2139.136364,509.000000,0
2139.140909,509.000000,0
2139.145455,509.000000,0
2139.150000,509.000000,0
2139.154545,509.000000,0
2139.159091,508.000000,0
2139.163636,508.000000,0
2139.168182,508.000000,0
2139.172727,508.000000,0
2139.177273,510.000000,0
2139.181818,510.000000,0
2139.186364,510.000000,0
2139.190909,510.000000,0
2139.195455,510.000000,0
2139.200000,510.000000,0
2139.204545,510.000000,0
2139.209091,510.000000,0
2139.213636,510.000000,0
2139.218182,510.000000,0
2139.222727,510.000000,0
2139.227273,510.000000,0
2139.231818,509.000000,0
2139.236364,509.000000,0
2139.240909,509.000000,0
2139.245455,509.000000,0
2139.250000,509.000000,0
2139.254545,509.000000,0
2139.259091,509.000000,0
2139.263636,509.000000,0
2139.268182,699.000000,0
2139.272727,699.000000,0
2139.277273,699.000000,0
2139.281818,699.000000,0
2139.286364,490.000000,0
2139.290909,490.000000,0
2139.295455,490.000000,0
2139.300000,490.000000,0
2139.304545,420.000000,0
2139.309091,420.000000,0
2139.313636,420.000000,0
2139.318182,420.000000,0
2139.322727,420.000000,0
2139.327273,500.000000,0
2139.331818,500.000000,0
2139.336364,500.000000,0
2139.340909,500.000000,0
2139.345455,509.000000,0
2139.350000,509.000000,0
2139.354545,509.000000,0
2139.359091,509.000000,0
2139.363636,510.000000,0
2139.368182,510.000000,0
2139.372727,510.000000,0
2139.377273,510.000000,0
2139.381818,509.000000,0
2139.386364,509.000000,0
2139.390909,509.000000,0
2139.395455,509.000000,0
2139.400000,509.000000,0
2139.404545,509.000000,0
2139.409091,509.000000,0
2139.413636,509.000000,0
2139.418182,509.000000,0
2139.422727,509.000000,0
2139.427273,509.000000,0
2139.431818,509.000000,0
2139.436364,509.000000,0
2139.440909,508.000000,0
2139.445455,508.000000,0
2139.450000,508.000000,0
2139.454545,508.000000,0
2139.459091,510.000000,0
2139.463636,510.000000,0
2139.468182,510.000000,0
2139.472727,510.000000,0
2139.477273,512.000000,0
2139.481818,512.000000,0
2139.486364,512.000000,0
2139.490909,512.000000,0
2139.495455,512.000000,0
2139.500000,512.000000,0
2139.504545,512.000000,0
2139.509091,512.000000,0
2139.513636,509.000000,0
2139.518182,509.000000,0
2139.522727,509.000000,0
2139.527273,509.000000,0
2139.531818,509.000000,0
2139.536364,509.000000,0
2139.540909,509.000000,0
2139.545455,509.000000,0
2139.550000,510.000000,0
2139.554545,510.000000,0
2139.559091,510.000000,0
2139.563636,510.000000,0
2139.568182,505.000000,0
2139.572727,505.000000,0
2139.577273,505.000000,0
2139.581818,505.000000,0
2139.586364,509.000000,0
2139.590909,509.000000,0
2139.595455,509.000000,0
2139.600000,509.000000,0
2139.604545,509.000000,0
2139.609091,512.000000,0
2139.613636,512.000000,0
2139.618182,512.000000,0
2139.622727,512.000000,0
2139.627273,513.000000,0
2139.631818,513.000000,0
2139.636364,513.000000,0
2139.640909,513.000000,0
2139.645455,510.000000,0
2139.650000,510.000000,0
2139.654545,510.000000,0
2139.659091,510.000000,0
2139.663636,509.000000,0
2139.668182,509.000000,0
2139.672727,509.000000,0
2139.677273,509.000000,0
2139.681818,509.000000,0
2139.686364,509.000000,0
2139.690909,509.000000,0
2139.695455,509.000000,0
2139.700000,509.000000,0
2139.704545,509.000000,0
2139.709091,509.000000,0
2139.713636,509.000000,0
2139.718182,509.000000,0
2139.722727,509.000000,0
2139.727273,509.000000,0
2139.731818,509.000000,0
2139.736364,513.000000,0
2139.740909,513.000000,0
2139.745455,513.000000,0
2139.750000,513.000000,0
2139.754545,512.000000,0
2139.759091,512.000000,0
2139.763636,512.000000,0
2139.768182,512.000000,0
2139.772727,509.000000,0
2139.777273,509.000000,0
2139.781818,509.000000,0
2139.786364,509.000000,0
2139.790909,513.000000,0
2139.795455,513.000000,0
2139.800000,513.000000,0
2139.804545,513.000000,0
2139.809091,513.000000,0
2139.813636,509.000000,0
2139.818182,509.000000,0
2139.822727,509.000000,0
2139.827273,509.000000,0
2139.831818,513.000000,0
2139.836364,513.000000,0
2139.840909,513.000000,0
2139.845455,513.000000,0
2139.850000,513.000000,0
2139.854545,513.000000,0
2139.859091,513.000000,0
2139.863636,513.000000,0
2139.868182,510.000000,0
2139.872727,510.000000,0
2139.877273,510.000000,0
2139.881818,510.000000,0
2139.886364,513.000000,0
2139.890909,513.000000,0
2139.895455,513.000000,0
2139.900000,513.000000,0
2139.904545,509.000000,0
2139.909091,509.000000,0
2139.913636,509.000000,0
2139.918182,509.000000,0
2139.922727,509.000000,0
2139.927273,509.000000,0
2139.931818,509.000000,0
2139.936364,509.000000,0
2139.940909,510.000000,0
2139.945455,510.000000,0
2139.950000,510.000000,0
2139.954545,510.000000,0
2139.959091,509.000000,0
2139.963636,509.000000,0
2139.968182,509.000000,0
2139.972727,509.000000,0
2139.977273,509.000000,0
2139.981818,509.000000,0
2139.986364,509.000000,0
2139.990909,509.000000,0
2139.995455,510.000000,0
2140.000000,510.000000,0
2140.004545,510.000000,0
2140.009091,510.000000,0
2140.013636,512.000000,0
2140.018182,512.000000,0
2140.022727,512.000000,0
2140.027273,512.000000,0
2140.031818,508.000000,0
2140.036364,508.000000,0
2140.040909,508.000000,0
2140.045455,508.000000,0
2140.050000,510.000000,0
2140.054545,510.000000,0
2140.059091,510.000000,0
2140.063636,510.000000,0
2140.068182,510.000000,0
2140.072727,510.000000,0
2140.077273,510.000000,0
2140.081818,510.000000,0
2140.086364,510.000000,0
2140.090909,509.000000,0
2140.095455,509.000000,0
2140.100000,509.000000,0
2140.104545,509.000000,0
2140.109091,509.000000,0
2140.113636,509.000000,0
2140.118182,509.000000,0
2140.122727,509.000000,0
2140.127273,509.000000,0
2140.131818,509.000000,0
2140.136364,509.000000,0
2140.140909,509.000000,0
2140.145455,512.000000,0
2140.150000,512.000000,0
2140.154545,512.000000,0
2140.159091,512.000000,0
2140.163636,512.000000,0
2140.168182,512.000000,0
2140.172727,512.000000,0
2140.177273,512.000000,0
2140.181818,510.000000,0
2140.186364,510.000000,0
2140.190909,510.000000,0
2140.195455,510.000000,0
2140.200000,510.000000,0
2140.204545,510.000000,0
2140.209091,510.000000,0
2140.213636,510.000000,0
2140.218182,512.000000,0
2140.222727,512.000000,0
2140.227273,512.000000,0
2140.231818,512.000000,0
2140.236364,509.000000,0
2140.240909,509.000000,0
2140.245455,509.000000,0
2140.250000,509.000000,0
2140.254545,509.000000,0
2140.259091,509.000000,0
2140.263636,509.000000,0
2140.268182,509.000000,0
2140.272727,509.000000,0
2140.277273,513.000000,0
2140.281818,513.000000,0
2140.286364,513.000000,0
2140.290909,510.000000,0
2140.295455,510.000000,0
2140.300000,510.000000,0
2140.304545,510.000000,0
2140.309091,510.000000,0
2140.313636,509.000000,0
2140.318182,509.000000,0
2140.322727,509.000000,0
2140.327273,509.000000,0
2140.331818,509.000000,0
2140.336364,509.000000,0
2140.340909,509.000000,0
2140.345455,509.000000,0
2140.350000,509.000000,0
2140.354545,509.000000,0
2140.359091,509.000000,0
2140.363636,509.000000,0
2140.368182,509.000000,0
2140.372727,509.000000,0
2140.377273,509.000000,0
2140.381818,509.000000,0
2140.386364,509.000000,0
2140.390909,509.000000,0
2140.395455,509.000000,0
2140.400000,509.000000,0
2140.404545,512.000000,0
2140.409091,512.000000,0
2140.413636,512.000000,0
2140.418182,512.000000,0
2140.422727,512.000000,0
2140.427273,512.000000,0
2140.431818,512.000000,0
2140.436364,512.000000,0
2140.440909,512.000000,0
2140.445455,509.000000,0
2140.450000,509.000000,0
2140.454545,509.000000,0
2140.459091,510.000000,0
2140.463636,510.000000,0
2140.468182,510.000000,0
2140.472727,510.000000,0
2140.477273,510.000000,0
2140.481818,509.000000,0
2140.486364,509.000000,0
2140.490909,509.000000,0
2140.495455,509.000000,0
2140.500000,509.000000,0
2140.504545,509.000000,0
2140.509091,509.000000,0
2140.513636,509.000000,0
2140.518182,509.000000,0
2140.522727,509.000000,0
2140.527273,509.000000,0
2140.531818,509.000000,0
2140.536364,509.000000,0
2140.540909,510.000000,0
2140.545455,510.000000,0
2140.550000,510.000000,0
2140.554545,510.000000,0
2140.559091,510.000000,0
2140.563636,510.000000,0
2140.568182,510.000000,0
2140.572727,510.000000,0
2140.577273,513.000000,0
2140.581818,513.000000,0
2140.586364,513.000000,0
2140.590909,513.000000,0
2140.595455,509.000000,0
2140.600000,509.000000,0
2140.604545,509.000000,0
2140.609091,508.000000,0
2140.613636,508.000000,0
2140.618182,508.000000,0
2140.622727,508.000000,0
2140.627273,508.000000,0
2140.631818,508.000000,0
2140.636364,508.000000,0
2140.640909,508.000000,0
2140.645455,508.000000,0
2140.650000,509.000000,0
2140.654545,509.000000,0
2140.659091,509.000000,0
2140.663636,510.000000,0
2140.668182,510.000000,0
2140.672727,510.000000,0
2140.677273,510.000000,0
2140.681818,510.000000,0
2140.686364,513.000000,0
2140.690909,513.000000,0
2140.695455,513.000000,0
2140.700000,513.000000,0
2140.704545,510.000000,0
2140.709091,510.000000,0
2140.713636,510.000000,0
2140.718182,510.000000,0
2140.722727,509.000000,0
2140.727273,509.000000,0
2140.731818,509.000000,0
2140.736364,509.000000,0
2140.740909,509.000000,0
2140.745455,509.000000,0
2140.750000,509.000000,1
2140.754545,509.000000,0
2140.759091,510.000000,0
2140.763636,510.000000,0
2140.768182,510.000000,0
2140.772727,510.000000,0
2140.777273,510.000000,0
2140.781818,509.000000,0
2140.786364,509.000000,0
2140.790909,509.000000,0
2140.795455,512.000000,0
2140.800000,512.000000,0
2140.804545,512.000000,0
2140.809091,512.000000,0
2140.813636,510.000000,0
2140.818182,510.000000,0
2140.822727,510.000000,0
2140.827273,510.000000,0
2140.831818,509.000000,0
2140.836364,509.000000,0
2140.840909,509.000000,0
2140.845455,509.000000,0
2140.850000,509.000000,0
2140.854545,510.000000,0
2140.859091,510.000000,0
2140.863636,510.000000,0
2140.868182,509.000000,0
2140.872727,509.000000,0
2140.877273,509.000000,0
2140.881818,509.000000,0
2140.886364,508.000000,0
2140.890909,508.000000,0
2140.895455,508.000000,0
2140.900000,508.000000,0
2140.904545,509.000000,0
2140.909091,509.000000,0
2140.913636,509.000000,0
2140.918182,512.000000,0
2140.922727,512.000000,0
2140.927273,512.000000,0
2140.931818,512.000000,0
2140.936364,513.000000,0
2140.940909,513.000000,0
2140.945455,513.000000,0
2140.950000,513.000000,0
2140.954545,512.000000,0
2140.959091,512.000000,0
2140.963636,512.000000,0
2140.968182,512.000000,0
2140.972727,509.000000,0
2140.977273,509.000000,0
2140.981818,509.000000,0
2140.986364,509.000000,0
2140.990909,509.000000,0
2140.995455,509.000000,0
2141.000000,509.000000,0
2141.004545,509.000000,0
2141.009091,508.000000,0
2141.013636,508.000000,0
2141.018182,508.000000,0
2141.022727,510.000000,0
2141.027273,510.000000,0
2141.031818,510.000000,0
2141.036364,510.000000,0
2141.040909,510.000000,0
2141.045455,510.000000,0
2141.050000,510.000000,0
2141.054545,510.000000,0
2141.059091,510.000000,0
2141.063636,512.000000,0
2141.068182,512.000000,0
2141.072727,512.000000,0
2141.077273,512.000000,0
2141.081818,512.000000,0
2141.086364,512.000000,0
2141.090909,512.000000,0
2141.095455,512.000000,0
2141.100000,509.000000,0
2141.104545,509.000000,0
2141.109091,509.000000,0
2141.113636,509.000000,0
2141.118182,510.000000,0
2141.122727,510.000000,0
2141.127273,510.000000,0
2141.131818,510.000000,0
2141.136364,508.000000,0
2141.140909,508.000000,0
2141.145455,508.000000,0
2141.150000,508.000000,0
2141.154545,509.000000,0
2141.159091,509.000000,0
2141.163636,509.000000,0
2141.168182,509.000000,0
2141.172727,510.000000,0
2141.177273,510.000000,0
2141.181818,510.000000,0
2141.186364,510.000000,0
2141.190909,513.000000,0
2141.195455,513.000000,0
2141.200000,513.000000,0
2141.204545,513.000000,0
2141.209091,513.000000,0
2141.213636,513.000000,0
2141.218182,513.000000,0
2141.222727,513.000000,0
2141.227273,509.000000,0
2141.231818,509.000000,0
2141.236364,509.000000,0
2141.240909,509.000000,0
2141.245455,509.000000,0
2141.250000,509.000000,0
2141.254545,509.000000,0
2141.259091,509.000000,0
2141.263636,508.000000,0
2141.268182,508.000000,0
2141.272727,508.000000,0
2141.277273,508.000000,0
2141.281818,509.000000,0
2141.286364,509.000000,0
2141.290909,509.000000,0
2141.295455,509.000000,0
2141.300000,509.000000,0
2141.304545,506.000000,0
2141.309091,506.000000,0
2141.313636,506.000000,0
2141.318182,506.000000,0
2141.322727,510.000000,0
2141.327273,510.000000,0
2141.331818,510.000000,0
2141.336364,510.000000,0
2141.340909,509.000000,0
2141.345455,509.000000,0
2141.350000,509.000000,0
2141.354545,509.000000,0
2141.359091,512.000000,0
2141.363636,512.000000,0
2141.368182,512.000000,0
2141.372727,512.000000,0
2141.377273,509.000000,0
2141.381818,509.000000,0
2141.386364,509.000000,0
2141.390909,509.000000,0
2141.395455,509.000000,0
2141.400000,509.000000,0
2141.404545,509.000000,0
2141.409091,509.000000,0
2141.413636,509.000000,0
2141.418182,509.000000,0
2141.422727,509.000000,0
2141.427273,509.000000,0
2141.431818,512.000000,0
2141.436364,512.000000,0
2141.440909,512.000000,0
2141.445455,512.000000,0
2141.450000,509.000000,0
2141.454545,509.000000,0
2141.459091,509.000000,0
2141.463636,509.000000,0
2141.468182,509.000000,0
2141.472727,509.000000,0
2141.477273,513.000000,0
2141.481818,513.000000,0
2141.486364,510.000000,0
2141.490909,510.000000,0
2141.495455,510.000000,0
2141.500000,510.000000,0
2141.504545,510.000000,0
2141.509091,509.000000,0
2141.513636,509.000000,0
2141.518182,509.000000,0
2141.522727,509.000000,0
2141.527273,509.000000,0
2141.531818,509.000000,0
2141.536364,509.000000,0
2141.540909,509.000000,0
2141.545455,509.000000,0
2141.550000,508.000000,0
2141.554545,508.000000,0
2141.559091,508.000000,0
2141.563636,508.000000,0
2141.568182,510.000000,0
2141.572727,510.000000,0
2141.577273,510.000000,0
2141.581818,510.000000,0
2141.586364,510.000000,0
2141.590909,510.000000,0
2141.595455,510.000000,0
2141.600000,510.000000,0
2141.604545,510.000000,0
2141.609091,510.000000,0
2141.613636,510.000000,0
2141.618182,510.000000,0
2141.622727,512.000000,0
2141.627273,512.000000,0
2141.631818,512.000000,0
2141.636364,512.000000,0
2141.640909,512.000000,0
2141.645455,510.000000,0
2141.650000,510.000000,0
2141.654545,509.000000,0
2141.659091,509.000000,0
2141.663636,509.000000,0
2141.668182,509.000000,0
2141.672727,509.000000,0
2141.677273,509.000000,0
2141.681818,509.000000,0
2141.686364,509.000000,0
2141.690909,510.000000,0
2141.695455,510.000000,0
2141.700000,510.000000,0
2141.704545,510.000000,0
2141.709091,510.000000,0
2141.713636,505.000000,0
2141.718182,505.000000,0
2141.722727,505.000000,0
2141.727273,505.000000,0
2141.731818,509.000000,0
2141.736364,509.000000,0
2141.740909,509.000000,0
2141.745455,509.000000,0
2141.750000,512.000000,0
2141.754545,512.000000,0
2141.759091,512.000000,0
2141.763636,512.000000,0
2141.768182,513.000000,0
2141.772727,513.000000,0
2141.777273,513.000000,0
2141.781818,513.000000,0
2141.786364,508.000000,0
2141.790909,508.000000,0
2141.795455,508.000000,0
2141.800000,508.000000,0
2141.804545,508.000000,0
2141.809091,508.000000,0
2141.813636,508.000000,0
2141.818182,508.000000,0
2141.822727,509.000000,0
2141.827273,509.000000,0
2141.831818,509.000000,0
2141.836364,509.000000,0
2141.840909,513.000000,0
2141.845455,513.000000,0
2141.850000,513.000000,0
2141.854545,513.000000,0
2141.859091,510.000000,0
2141.863636,510.000000,0
2141.868182,510.000000,0
2141.872727,510.000000,0
2141.877273,510.000000,0
2141.881818,510.000000,0
2141.886364,510.000000,0
2141.890909,510.000000,0
2141.895455,510.000000,0
2141.900000,510.000000,0
2141.904545,510.000000,0
2141.909091,510.000000,0
2141.913636,513.000000,0
2141.918182,513.000000,0
2141.922727,513.000000,0
2141.927273,513.000000,0
2141.931818,513.000000,0
2141.936364,509.000000,0
2141.940909,509.000000,0
2141.945455,509.000000,0
2141.950000,509.000000,0
2141.954545,513.000000,0
2141.959091,513.000000,0
2141.963636,513.000000,0
2141.968182,513.000000,0
2141.972727,508.000000,0
2141.977273,508.000000,0
2141.981818,508.000000,0
2141.986364,508.000000,0
2141.990909,509.000000,0
2141.995455,509.000000,0
2142.000000,509.000000,0
2142.004545,509.000000,0
2142.009091,513.000000,0
2142.013636,513.000000,0
2142.018182,513.000000,0
2142.022727,513.000000,0
2142.027273,513.000000,0
2142.031818,513.000000,0
2142.036364,513.000000,0
2142.040909,513.000000,0
2142.045455,512.000000,0
2142.050000,512.000000,0
2142.054545,512.000000,0
2142.059091,512.000000,0
2142.063636,512.000000,0
2142.068182,509.000000,0
2142.072727,509.000000,0
2142.077273,509.000000,0
2142.081818,509.000000,0
2142.086364,510.000000,0
2142.090909,510.000000,0
2142.095455,510.000000,0
2142.100000,510.000000,0
2142.104545,513.000000,0
2142.109091,513.000000,0
2142.113636,513.000000,0
2142.118182,514.000000,0
2142.122727,514.000000,0
2142.127273,514.000000,0
2142.131818,514.000000,0
2142.136364,514.000000,0
2142.140909,509.000000,0
2142.145455,509.000000,0
2142.150000,509.000000,0
2142.154545,509.000000,0
2142.159091,731.000000,0
2142.163636,731.000000,0
2142.168182,731.000000,0
2142.172727,731.000000,0
2142.177273,496.000000,0
2142.181818,496.000000,0
2142.186364,496.000000,0
2142.190909,496.000000,0
2142.195455,509.000000,0
2142.200000,509.000000,0
2142.204545,509.000000,0
2142.209091,509.000000,0
2142.213636,505.000000,0
2142.218182,505.000000,0
2142.222727,505.000000,0
2142.227273,505.000000,0
2142.231818,509.000000,0
2142.236364,509.000000,0
2142.240909,509.000000,0
2142.245455,509.000000,0
2142.250000,513.000000,0
2142.254545,513.000000,0
2142.259091,513.000000,0
2142.263636,513.000000,0
2142.268182,512.000000,0
2142.272727,512.000000,0
2142.277273,512.000000,0
2142.281818,512.000000,0
2142.286364,518.000000,0
2142.290909,518.000000,0
2142.295455,518.000000,0
2142.300000,518.000000,0
2142.304545,518.000000,0
2142.309091,509.000000,0
2142.313636,509.000000,0
2142.318182,509.000000,0
2142.322727,508.000000,0
2142.327273,508.000000,0
2142.331818,508.000000,0
2142.336364,508.000000,0
2142.340909,508.000000,0
2142.345455,508.000000,0
2142.350000,509.000000,0
2142.354545,509.000000,0
2142.359091,509.000000,0
2142.363636,509.000000,0
2142.368182,504.000000,0
2142.372727,504.000000,0
2142.377273,504.000000,0
2142.381818,504.000000,0
2142.386364,509.000000,0
2142.390909,509.000000,0
2142.395455,509.000000,0
2142.400000,509.000000,0
2142.404545,512.000000,0
2142.409091,512.000000,0
2142.413636,512.000000,0
2142.418182,509.000000,0
2142.422727,509.000000,0
2142.427273,509.000000,0
2142.431818,509.000000,0
2142.436364,509.000000,0
2142.440909,509.000000,0
2142.445455,509.000000,0
2142.450000,509.000000,0
2142.454545,505.000000,0
2142.459091,505.000000,0
2142.463636,505.000000,0
2142.468182,505.000000,0
2142.472727,513.000000,0
2142.477273,513.000000,0
2142.481818,513.000000,0
2142.486364,513.000000,0
2142.490909,512.000000,0
2142.495455,512.000000,0
2142.500000,512.000000,0
2142.504545,512.000000,0
2142.509091,512.000000,0
2142.513636,514.000000,0
2142.518182,514.000000,0
2142.522727,514.000000,0
2142.527273,514.000000,0
2142.531818,513.000000,0
2142.536364,513.000000,0
2142.540909,513.000000,0
2142.545455,513.000000,0
2142.550000,516.000000,0
2142.554545,516.000000,0
2142.559091,516.000000,0
2142.563636,516.000000,0
2142.568182,516.000000,0
2142.572727,516.000000,0
2142.577273,516.000000,0
2142.581818,516.000000,0
2142.586364,509.000000,0
2142.590909,509.000000,0
2142.595455,509.000000,0
2142.600000,509.000000,0
2142.604545,509.000000,0
2142.609091,509.000000,0
2142.613636,509.000000,0
2142.618182,509.000000,0
2142.622727,509.000000,0
2142.627273,509.000000,0
2142.631818,509.000000,0
2142.636364,509.000000,0
2142.640909,509.000000,0
2142.645455,508.000000,0
2142.650000,508.000000,0
2142.654545,508.000000,0
2142.659091,508.000000,0
2142.663636,508.000000,0
2142.668182,510.000000,0
2142.672727,510.000000,0
2142.677273,510.000000,0
2142.681818,510.000000,0
2142.686364,510.000000,0
2142.690909,730.000000,0
2142.695455,730.000000,0
2142.700000,730.000000,0
2142.704545,506.000000,0
2142.709091,506.000000,0
2142.713636,508.000000,0
2142.718182,508.000000,0
2142.722727,508.000000,0
2142.727273,506.000000,0
2142.731818,506.000000,0
2142.736364,506.000000,0
2142.740909,509.000000,0
2142.745455,509.000000,0
2142.750000,509.000000,0
2142.754545,509.000000,0
2142.759091,510.000000,0
2142.763636,510.000000,0
2142.768182,510.000000,0
2142.772727,510.000000,0
2142.777273,512.000000,0
2142.781818,512.000000,0
2142.786364,512.000000,0
2142.790909,512.000000,0
2142.795455,513.000000,0
2142.800000,513.000000,0
2142.804545,513.000000,0
2142.809091,513.000000,0
2142.813636,513.000000,0
2142.818182,513.000000,0
2142.822727,513.000000,0
2142.827273,513.000000,0
2142.831818,508.000000,0
2142.836364,508.000000,0
2142.840909,508.000000,0
2142.845455,508.000000,0
2142.850000,506.000000,0
2142.854545,506.000000,0
2142.859091,506.000000,0
2142.863636,506.000000,0
2142.868182,509.000000,0
2142.872727,509.000000,0
2142.877273,509.000000,0
2142.881818,509.000000,0
2142.886364,513.000000,0
2142.890909,513.000000,0
2142.895455,513.000000,0
2142.900000,513.000000,0
2142.904545,513.000000,0
2142.909091,513.000000,0
2142.913636,513.000000,0
2142.918182,513.000000,0
2142.922727,513.000000,0
2142.927273,513.000000,0
2142.931818,510.000000,0
2142.936364,510.000000,0
2142.940909,510.000000,0
2142.945455,512.000000,0
2142.950000,512.000000,0
2142.954545,512.000000,0
2142.959091,512.000000,0
2142.963636,509.000000,0
2142.968182,509.000000,0
2142.972727,509.000000,0
2142.977273,509.000000,0
2142.981818,509.000000,0
2142.986364,509.000000,0
2142.990909,509.000000,0
2142.995455,509.000000,0
2143.000000,513.000000,0
2143.004545,513.000000,0
2143.009091,513.000000,0
2143.013636,513.000000,0
2143.018182,513.000000,0
2143.022727,513.000000,0
2143.027273,513.000000,0
2143.031818,513.000000,0
2143.036364,513.000000,0
2143.040909,513.000000,0
2143.045455,513.000000,0
2143.050000,513.000000,0
2143.054545,512.000000,0
2143.059091,512.000000,0
2143.063636,512.000000,0
2143.068182,512.000000,0
2143.072727,509.000000,0
2143.077273,509.000000,0
2143.081818,509.000000,0
2143.086364,509.000000,0
2143.090909,509.000000,0
2143.095455,509.000000,0
2143.100000,509.000000,0
2143.104545,509.000000,0
2143.109091,512.000000,0
2143.113636,512.000000,0
2143.118182,512.000000,0
2143.122727,512.000000,0
2143.127273,509.000000,0
2143.131818,509.000000,0
2143.136364,509.000000,0
2143.140909,509.000000,0
2143.145455,513.000000,0
2143.150000,513.000000,0
2143.154545,513.000000,0
2143.159091,513.000000,0
2143.163636,513.000000,0
2143.168182,513.000000,0
2143.172727,513.000000,0
2143.177273,513.000000,0
2143.181818,512.000000,0
2143.186364,512.000000,0
2143.190909,512.000000,0
2143.195455,512.000000,0
2143.200000,512.000000,0
2143.204545,509.000000,0
2143.209091,509.000000,0
2143.213636,509.000000,0
2143.218182,509.000000,0
2143.222727,512.000000,0
2143.227273,512.000000,0
2143.231818,512.000000,0
2143.236364,512.000000,0
2143.240909,486.000000,0
2143.245455,486.000000,0
2143.250000,486.000000,0
2143.254545,486.000000,0
2143.259091,506.000000,0
2143.263636,506.000000,0
2143.268182,506.000000,0
2143.272727,506.000000,0
2143.277273,504.000000,0
2143.281818,504.000000,0
2143.286364,504.000000,0
2143.290909,504.000000,0
2143.295455,516.000000,0
2143.300000,516.000000,0
2143.304545,516.000000,0
2143.309091,516.000000,0
2143.313636,512.000000,0
2143.318182,512.000000,0
2143.322727,512.000000,0
2143.327273,512.000000,0
2143.331818,509.000000,0
2143.336364,509.000000,0
2143.340909,509.000000,0
2143.345455,509.000000,0
2143.350000,509.000000,0
2143.354545,508.000000,0
2143.359091,508.000000,0
2143.363636,508.000000,0
2143.368182,508.000000,0
2143.372727,508.000000,0
2143.377273,508.000000,0
2143.381818,508.000000,0
2143.386364,508.000000,0
2143.390909,509.000000,0
2143.395455,509.000000,0
2143.400000,509.000000,0
2143.404545,509.000000,0
2143.409091,509.000000,0
2143.413636,509.000000,0
2143.418182,509.000000,0
2143.422727,509.000000,0
2143.427273,340.000000,0
2143.431818,340.000000,0
2143.436364,340.000000,0
2143.440909,340.000000,0
2143.445455,499.000000,0
2143.450000,499.000000,0
2143.454545,499.000000,0
2143.459091,499.000000,0
2143.463636,509.000000,0
2143.468182,509.000000,0
2143.472727,509.000000,0
2143.477273,509.000000,0
2143.481818,509.000000,0
2143.486364,509.000000,0
2143.490909,509.000000,0
2143.495455,509.000000,0
2143.500000,509.000000,0
2143.504545,509.000000,0
2143.509091,509.000000,0
2143.513636,509.000000,0
2143.518182,509.000000,0
2143.522727,504.000000,0
2143.527273,504.000000,0
2143.531818,504.000000,0
2143.536364,504.000000,0
2143.540909,510.000000,0
2143.545455,510.000000,0
2143.550000,510.000000,0
2143.554545,510.000000,0
2143.559091,509.000000,0
2143.563636,509.000000,0
2143.568182,509.000000,0
2143.572727,509.000000,0
2143.577273,513.000000,0
2143.581818,513.000000,0
2143.586364,513.000000,0
2143.590909,513.000000,0
2143.595455,510.000000,0
2143.600000,510.000000,0
2143.604545,510.000000,0
2143.609091,510.000000,0
2143.613636,510.000000,0
2143.618182,509.000000,0
2143.622727,509.000000,0
2143.627273,509.000000,0
2143.631818,509.000000,0
2143.636364,509.000000,0
2143.640909,509.000000,0
2143.645455,509.000000,0
2143.650000,509.000000,0
2143.654545,509.000000,0
2143.659091,509.000000,0
2143.663636,509.000000,0
2143.668182,509.000000,0
2143.672727,512.000000,0
2143.677273,512.000000,0
2143.681818,512.000000,0
2143.686364,512.000000,0
2143.690909,512.000000,0
2143.695455,512.000000,0
2143.700000,513.000000,0
2143.704545,513.000000,0
2143.709091,513.000000,0
2143.713636,512.000000,0
2143.718182,512.000000,0
2143.722727,512.000000,0
2143.727273,512.000000,0
2143.731818,510.000000,0
2143.736364,510.000000,0
2143.740909,510.000000,0
2143.745455,510.000000,0
2143.750000,509.000000,0
2143.754545,509.000000,0
2143.759091,509.000000,0
2143.763636,509.000000,0
2143.768182,509.000000,0
2143.772727,509.000000,0
2143.777273,509.000000,0
2143.781818,509.000000,0
2143.786364,509.000000,0
2143.790909,510.000000,0
2143.795455,510.000000,0
2143.800000,510.000000,0
2143.804545,510.000000,0
2143.809091,513.000000,0
2143.813636,513.000000,0
2143.818182,513.000000,0
2143.822727,512.000000,0
2143.827273,512.000000,0
2143.831818,512.000000,0
2143.836364,512.000000,0
2143.840909,510.000000,0
2143.845455,510.000000,0
2143.850000,510.000000,0
2143.854545,510.000000,0
2143.859091,509.000000,0
2143.863636,509.000000,0
2143.868182,509.000000,0
2143.872727,509.000000,0
2143.877273,663.000000,0
2143.881818,663.000000,0
2143.886364,663.000000,0
2143.890909,464.000000,0
2143.895455,464.000000,0
2143.900000,464.000000,0
2143.904545,464.000000,0
2143.909091,505.000000,0
2143.913636,505.000000,0
2143.918182,505.000000,0
2143.922727,509.000000,0
2143.927273,509.000000,0
2143.931818,509.000000,0
2143.936364,509.000000,0
2143.940909,509.000000,0
2143.945455,509.000000,0
2143.950000,509.000000,0
2143.954545,509.000000,0
2143.959091,509.000000,0
2143.963636,509.000000,0
2143.968182,509.000000,0
2143.972727,509.000000,0
2143.977273,508.000000,0
2143.981818,508.000000,0
2143.986364,508.000000,0
2143.990909,508.000000,0
2143.995455,509.000000,0
2144.000000,509.000000,0
2144.004545,509.000000,0
2144.009091,509.000000,0
2144.013636,509.000000,0
2144.018182,509.000000,0
2144.022727,509.000000,0
2144.027273,509.000000,0
2144.031818,509.000000,0
2144.036364,509.000000,0
2144.040909,509.000000,0
2144.045455,509.000000,0
2144.050000,509.000000,0
2144.054545,509.000000,0
2144.059091,514.000000,0
2144.063636,514.000000,0
2144.068182,514.000000,0
2144.072727,514.000000,0
2144.077273,505.000000,0
2144.081818,505.000000,0
2144.086364,505.000000,0
2144.090909,505.000000,0
2144.095455,509.000000,0
2144.100000,509.000000,0
2144.104545,509.000000,0
2144.109091,509.000000,0
2144.113636,509.000000,0
2144.118182,509.000000,0
2144.122727,509.000000,0
2144.127273,509.000000,0
2144.131818,509.000000,0
2144.136364,509.000000,0
2144.140909,509.000000,0
2144.145455,509.000000,0
2144.150000,509.000000,0
2144.154545,509.000000,0
2144.159091,509.000000,0
2144.163636,509.000000,0
2144.168182,509.000000,0
2144.172727,509.000000,0
2144.177273,509.000000,0
2144.181818,512.000000,0
2144.186364,512.000000,0
2144.190909,512.000000,0
2144.195455,512.000000,0
2144.200000,512.000000,0
2144.204545,512.000000,0
2144.209091,512.000000,0
2144.213636,512.000000,0
2144.218182,512.000000,0
2144.222727,512.000000,0
2144.227273,512.000000,0
2144.231818,512.000000,0
2144.236364,512.000000,0
2144.240909,508.000000,0
2144.245455,508.000000,0
2144.250000,508.000000,0
2144.254545,508.000000,0
2144.259091,506.000000,0
2144.263636,506.000000,0
2144.268182,506.000000,0
2144.272727,506.000000,0
2144.277273,509.000000,0
2144.281818,509.000000,0
2144.286364,509.000000,0
2144.290909,509.000000,0
2144.295455,510.000000,0
2144.300000,510.000000,0
2144.304545,510.000000,0
2144.309091,510.000000,0
2144.313636,512.000000,0
2144.318182,512.000000,0
2144.322727,512.000000,0
2144.327273,512.000000,0
2144.331818,513.000000,0
2144.336364,513.000000,0
2144.340909,513.000000,0
2144.345455,513.000000,0
2144.350000,510.000000,0
2144.354545,510.000000,0
2144.359091,510.000000,0
2144.363636,510.000000,0
2144.368182,510.000000,0
2144.372727,510.000000,0
2144.377273,510.000000,0
2144.381818,510.000000,0
2144.386364,509.000000,0
2144.390909,509.000000,0
2144.395455,509.000000,0
2144.400000,509.000000,0
2144.404545,509.000000,0
2144.409091,626.000000,0
2144.413636,626.000000,0
2144.418182,626.000000,0
2144.422727,626.000000,0
2144.427273,485.000000,0
2144.431818,485.000000,0
2144.436364,485.000000,0
2144.440909,485.000000,0
2144.445455,509.000000,0
2144.450000,509.000000,0
2144.454545,509.000000,0
2144.459091,509.000000,0
2144.463636,509.000000,0
2144.468182,509.000000,0
2144.472727,509.000000,0
2144.477273,509.000000,0
2144.481818,510.000000,0
2144.486364,510.000000,0
2144.490909,510.000000,0
2144.495455,510.000000,0
2144.500000,509.000000,0
2144.504545,509.000000,0
2144.509091,509.000000,0
2144.513636,509.000000,0
2144.518182,508.000000,0
2144.522727,508.000000,0
2144.527273,508.000000,0
2144.531818,508.000000,0
2144.536364,615.000000,0
2144.540909,615.000000,0
2144.545455,615.000000,0
2144.550000,615.000000,0
2144.554545,544.000000,0
2144.559091,544.000000,0
2144.563636,544.000000,0
2144.568182,544.000000,0
2144.572727,349.000000,0
2144.577273,349.000000,0
2144.581818,349.000000,0
2144.586364,349.000000,0
2144.590909,496.000000,0
2144.595455,496.000000,0
2144.600000,496.000000,0
2144.604545,496.000000,0
2144.609091,496.000000,0
2144.613636,510.000000,0
2144.618182,510.000000,0
2144.622727,510.000000,0
2144.627273,510.000000,0
2144.631818,509.000000,0
2144.636364,509.000000,1
2144.640909,509.000000,0
2144.645455,509.000000,0
2144.650000,509.000000,0
2144.654545,509.000000,0
2144.659091,509.000000,0
2144.663636,509.000000,0
2144.668182,509.000000,0
2144.672727,509.000000,0
2144.677273,509.000000,0
2144.681818,509.000000,0
2144.686364,509.000000,0
2144.690909,509.000000,0
2144.695455,509.000000,0
2144.700000,509.000000,0
2144.704545,509.000000,0
2144.709091,509.000000,0
2144.713636,509.000000,0
2144.718182,512.000000,0
2144.722727,512.000000,0
2144.727273,512.000000,0
2144.731818,512.000000,0
2144.736364,510.000000,0
2144.740909,510.000000,0
2144.745455,510.000000,0
2144.750000,510.000000,0
2144.754545,509.000000,0
2144.759091,509.000000,0
2144.763636,509.000000,0
2144.768182,509.000000,0
2144.772727,509.000000,0
2144.777273,509.000000,0
2144.781818,509.000000,0
2144.786364,509.000000,0
2144.790909,509.000000,0
2144.795455,509.000000,0
2144.800000,509.000000,0
2144.804545,509.000000,0
2144.809091,509.000000,0
2144.813636,509.000000,0
2144.818182,509.000000,0
2144.822727,509.000000,0
2144.827273,509.000000,0
2144.831818,509.000000,0
2144.836364,510.000000,0
2144.840909,510.000000,0
2144.845455,510.000000,0
2144.850000,510.000000,0
2144.854545,509.000000,0
2144.859091,509.000000,0
2144.863636,509.000000,0
2144.868182,509.000000,0
2144.872727,509.000000,0
2144.877273,509.000000,0
2144.881818,509.000000,0
2144.886364,509.000000,0
2144.890909,509.000000,0
2144.895455,508.000000,0
2144.900000,508.000000,0
2144.904545,508.000000,0
2144.909091,508.000000,0
2144.913636,509.000000,0
2144.918182,509.000000,0
2144.922727,509.000000,0
2144.927273,509.000000,0
2144.931818,509.000000,0
2144.936364,509.000000,0
2144.940909,509.000000,0
2144.945455,509.000000,0
2144.950000,510.000000,0
2144.954545,510.000000,0
2144.959091,510.000000,0
2144.963636,510.000000,0
2144.968182,510.000000,0
2144.972727,510.000000,0
2144.977273,510.000000,0
2144.981818,510.000000,0
2144.986364,510.000000,0
2144.990909,510.000000,0
2144.995455,510.000000,0
2145.000000,510.000000,0
2145.004545,510.000000,0
2145.009091,510.000000,0
2145.013636,510.000000,0
2145.018182,510.000000,0
2145.022727,509.000000,0
2145.027273,509.000000,0
2145.031818,509.000000,0
2145.036364,509.000000,0
2145.040909,508.000000,0
2145.045455,508.000000,0
2145.050000,508.000000,0
2145.054545,508.000000,0
2145.059091,509.000000,0
2145.063636,509.000000,0
2145.068182,509.000000,0
2145.072727,509.000000,0
2145.077273,509.000000,0
2145.081818,509.000000,0
2145.086364,509.000000,0
2145.090909,509.000000,0
2145.095455,513.000000,0
2145.100000,513.000000,0
2145.104545,513.000000,0
2145.109091,513.000000,0
2145.113636,510.000000,0
2145.118182,510.000000,0
2145.122727,510.000000,0
2145.127273,510.000000,0
2145.131818,512.000000,0
2145.136364,512.000000,0
2145.140909,512.000000,0
2145.145455,512.000000,0
2145.150000,510.000000,0
2145.154545,510.000000,0
2145.159091,510.000000,0
2145.163636,510.000000,0
2145.168182,509.000000,0
2145.172727,509.000000,0
2145.177273,509.000000,0
2145.181818,509.000000,0
2145.186364,509.000000,0
2145.190909,509.000000,0
2145.195455,509.000000,0
2145.200000,509.000000,0
2145.204545,509.000000,0
2145.209091,509.000000,0
2145.213636,509.000000,0
2145.218182,509.000000,0
2145.222727,509.000000,0
2145.227273,512.000000,0
2145.231818,512.000000,0
2145.236364,512.000000,0
2145.240909,512.000000,0
2145.245455,512.000000,0
2145.250000,512.000000,0
2145.254545,512.000000,0
2145.259091,512.000000,0
2145.263636,510.000000,0
2145.268182,510.000000,0
2145.272727,510.000000,0
2145.277273,510.000000,0
2145.281818,509.000000,0
2145.286364,509.000000,0
2145.290909,509.000000,0
2145.295455,509.000000,0
2145.300000,510.000000,0
2145.304545,510.000000,0
2145.309091,510.000000,0
2145.313636,510.000000,0
2145.318182,510.000000,0
2145.322727,510.000000,0
2145.327273,510.000000,0
2145.331818,510.000000,0
2145.336364,510.000000,0
2145.340909,512.000000,0
2145.345455,512.000000,0
2145.350000,512.000000,0
2145.354545,512.000000,0
2145.359091,512.000000,0
2145.363636,512.000000,0
2145.368182,512.000000,0
2145.372727,512.000000,0
2145.377273,512.000000,0
2145.381818,512.000000,0
2145.386364,512.000000,0
2145.390909,512.000000,0
2145.395455,510.000000,0
2145.400000,510.000000,0
2145.404545,510.000000,0
2145.409091,510.000000,0
2145.413636,509.000000,0
2145.418182,509.000000,0
2145.422727,509.000000,0
2145.427273,509.000000,0
2145.431818,510.000000,0
2145.436364,510.000000,0
2145.440909,510.000000,0
2145.445455,510.000000,0
2145.450000,509.000000,0
2145.454545,509.000000,0
2145.459091,509.000000,0
2145.463636,509.000000,0
2145.468182,509.000000,0
2145.472727,509.000000,0
2145.477273,509.000000,0
2145.481818,509.000000,0
2145.486364,512.000000,0
2145.490909,512.000000,0
2145.495455,512.000000,0
2145.500000,512.000000,0
2145.504545,512.000000,0
2145.509091,512.000000,0
2145.513636,512.000000,0
2145.518182,512.000000,0
2145.522727,513.000000,0
2145.527273,513.000000,0
2145.531818,513.000000,0
2145.536364,513.000000,0
2145.540909,510.000000,0
2145.545455,510.000000,0
2145.550000,510.000000,0
2145.554545,510.000000,0
2145.559091,510.000000,0
2145.563636,509.000000,0
2145.568182,509.000000,0
2145.572727,509.000000,0
2145.577273,509.000000,0
2145.581818,512.000000,0
2145.586364,512.000000,0
2145.590909,512.000000,0
2145.595455,512.000000,0
2145.600000,510.000000,0
2145.604545,510.000000,0
2145.609091,510.000000,0
2145.613636,510.000000,0
2145.618182,509.000000,0
2145.622727,509.000000,0
2145.627273,509.000000,0
2145.631818,509.000000,0
2145.636364,512.000000,0
2145.640909,512.000000,0
2145.645455,512.000000,0
2145.650000,512.000000,0
2145.654545,513.000000,0
2145.659091,513.000000,0
2145.663636,513.000000,0
2145.668182,513.000000,0
2145.672727,709.000000,0
2145.677273,709.000000,0
2145.681818,709.000000,0
2145.686364,709.000000,0
2145.690909,500.000000,0
2145.695455,500.000000,0
2145.700000,500.000000,0
2145.704545,500.000000,0
2145.709091,508.000000,0
2145.713636,508.000000,0
2145.718182,508.000000,0
2145.722727,508.000000,0
2145.727273,508.000000,0
2145.731818,509.000000,0
2145.736364,509.000000,0
2145.740909,509.000000,0
2145.745455,513.000000,0
2145.750000,513.000000,0
2145.754545,513.000000,0
2145.759091,513.000000,0
2145.763636,513.000000,0
2145.768182,509.000000,0
2145.772727,509.000000,0
2145.777273,509.000000,0
2145.781818,509.000000,0
2145.786364,509.000000,0
2145.790909,509.000000,0
2145.795455,509.000000,0
2145.800000,509.000000,0
2145.804545,510.000000,0
2145.809091,510.000000,0
2145.813636,510.000000,0
2145.818182,510.000000,0
2145.822727,509.000000,0
2145.827273,509.000000,0
2145.831818,509.000000,0
2145.836364,509.000000,0
2145.840909,509.000000,0
2145.845455,509.000000,0
2145.850000,509.000000,0
2145.854545,509.000000,0
2145.859091,506.000000,0
2145.863636,506.000000,0
2145.868182,506.000000,0
2145.872727,506.000000,0
2145.877273,510.000000,0
2145.881818,510.000000,0
2145.886364,510.000000,0
2145.890909,510.000000,0
2145.895455,514.000000,0
2145.900000,514.000000,0
2145.904545,514.000000,0
2145.909091,514.000000,0
2145.913636,513.000000,0
2145.918182,513.000000,0
2145.922727,513.000000,0
2145.927273,513.000000,0
2145.931818,513.000000,0
2145.936364,508.000000,0
2145.940909,508.000000,0
2145.945455,508.000000,0
2145.950000,508.000000,0
2145.954545,510.000000,0
2145.959091,510.000000,0
2145.963636,510.000000,0
2145.968182,510.000000,0
2145.972727,509.000000,0
2145.977273,509.000000,0
2145.981818,509.000000,0
2145.986364,509.000000,0
2145.990909,509.000000,0
2145.995455,509.000000,0
2146.000000,509.000000,0
2146.004545,509.000000,0
2146.009091,513.000000,0
2146.013636,513.000000,0
2146.018182,513.000000,0
2146.022727,513.000000,0
2146.027273,513.000000,0
2146.031818,513.000000,0
2146.036364,513.000000,0
2146.040909,513.000000,0
2146.045455,509.000000,0
2146.050000,509.000000,0
2146.054545,509.000000,0
2146.059091,509.000000,0
2146.063636,514.000000,0
2146.068182,514.000000,0
2146.072727,514.000000,0
2146.077273,514.000000,0
2146.081818,510.000000,0
2146.086364,510.000000,0
2146.090909,510.000000,0
2146.095455,510.000000,0
2146.100000,510.000000,0
2146.104545,504.000000,0
2146.109091,504.000000,0
2146.113636,504.000000,0
2146.118182,509.000000,0
2146.122727,509.000000,0
2146.127273,509.000000,0
2146.131818,509.000000,0
2146.136364,512.000000,0
2146.140909,512.000000,0
2146.145455,512.000000,0
2146.150000,512.000000,0
2146.154545,510.000000,0
2146.159091,510.000000,0
2146.163636,510.000000,0
2146.168182,510.000000,0
2146.172727,510.000000,0
2146.177273,510.000000,0
2146.181818,510.000000,0
2146.186364,510.000000,0
2146.190909,512.000000,0
2146.195455,512.000000,0
2146.200000,512.000000,0
2146.204545,512.000000,0
2146.209091,512.000000,0
2146.213636,506.000000,0
2146.218182,506.000000,0
2146.222727,506.000000,0
2146.227273,506.000000,0
2146.231818,510.000000,0
2146.236364,510.000000,0
2146.240909,510.000000,0
2146.245455,510.000000,0
2146.250000,506.000000,0
2146.254545,506.000000,0
2146.259091,506.000000,0
2146.263636,506.000000,0
2146.268182,510.000000,0
2146.272727,510.000000,0
2146.277273,510.000000,0
2146.281818,510.000000,0
2146.286364,514.000000,0
2146.290909,514.000000,0
2146.295455,514.000000,0
2146.300000,514.000000,0
2146.304545,513.000000,0
2146.309091,513.000000,0
2146.313636,513.000000,0
2146.318182,513.000000,0
2146.322727,513.000000,0
2146.327273,510.000000,0
2146.331818,510.000000,0
2146.336364,510.000000,0
2146.340909,510.000000,0
2146.345455,509.000000,0
2146.350000,509.000000,0
2146.354545,509.000000,0
2146.359091,509.000000,0
2146.363636,510.000000,0
2146.368182,510.000000,0
2146.372727,510.000000,0
2146.377273,510.000000,0
2146.381818,509.000000,0
2146.386364,509.000000,0
2146.390909,509.000000,0
2146.395455,509.000000,0
2146.400000,514.000000,0
2146.404545,514.000000,0
2146.409091,514.000000,0
2146.413636,514.000000,0
2146.418182,513.000000,0
2146.422727,513.000000,0
2146.427273,513.000000,0
2146.431818,513.000000,0
2146.436364,509.000000,0
2146.440909,509.000000,0
2146.445455,509.000000,0
2146.450000,509.000000,0
2146.454545,513.000000,0
2146.459091,513.000000,0
2146.463636,513.000000,0
2146.468182,513.000000,0
2146.472727,512.000000,0
2146.477273,512.000000,0
2146.481818,512.000000,0
2146.486364,512.000000,0
2146.490909,512.000000,0
2146.495455,512.000000,0
2146.500000,512.000000,0
2146.504545,512.000000,0
2146.509091,509.000000,0
2146.513636,509.000000,0
2146.518182,509.000000,0
2146.522727,509.000000,0
2146.527273,513.000000,0
2146.531818,513.000000,0
2146.536364,513.000000,0
2146.540909,513.000000,0
2146.545455,510.000000,0
2146.550000,510.000000,0
2146.554545,510.000000,0
2146.559091,510.000000,0
2146.563636,510.000000,0
2146.568182,509.000000,0
2146.572727,509.000000,0
2146.577273,509.000000,0
2146.581818,509.000000,0
2146.586364,509.000000,0
2146.590909,509.000000,0
2146.595455,509.000000,0
2146.600000,509.000000,0
2146.604545,508.000000,0
2146.609091,508.000000,0
2146.613636,508.000000,0
2146.618182,508.000000,0
2146.622727,509.000000,0
2146.627273,509.000000,0
2146.631818,509.000000,0
2146.636364,509.000000,0
2146.640909,512.000000,0
2146.645455,512.000000,0
2146.650000,512.000000,0
2146.654545,512.000000,0
2146.659091,509.000000,0
2146.663636,509.000000,0
2146.668182,509.000000,0
2146.672727,509.000000,0
2146.677273,509.000000,0
2146.681818,509.000000,0
2146.686364,509.000000,0
2146.690909,509.000000,0
2146.695455,513.000000,0
2146.700000,513.000000,0
2146.704545,513.000000,0
2146.709091,513.000000,0
2146.713636,512.000000,0
2146.718182,512.000000,0
2146.722727,512.000000,0
2146.727273,512.000000,0
2146.731818,512.000000,0
2146.736364,512.000000,0
2146.740909,512.000000,0
2146.745455,512.000000,0
2146.750000,510.000000,0
2146.754545,510.000000,0
2146.759091,510.000000,0
2146.763636,510.000000,0
2146.768182,510.000000,0
2146.772727,512.000000,0
2146.777273,512.000000,0
2146.781818,512.000000,0
2146.786364,512.000000,0
2146.790909,509.000000,0
2146.795455,509.000000,0
2146.800000,509.000000,0
2146.804545,509.000000,0
2146.809091,509.000000,0
2146.813636,509.000000,0
2146.818182,509.000000,0
2146.822727,509.000000,0
2146.827273,510.000000,0
2146.831818,510.000000,0
2146.836364,510.000000,0
2146.840909,510.000000,0
2146.845455,509.000000,0
2146.850000,509.000000,0
2146.854545,509.000000,0
2146.859091,509.000000,0
2146.863636,509.000000,0
2146.868182,509.000000,0
2146.872727,509.000000,0
2146.877273,509.000000,0
2146.881818,506.000000,0
2146.886364,506.000000,0
2146.890909,506.000000,0
2146.895455,506.000000,0
2146.900000,512.000000,0
2146.904545,512.000000,0
2146.909091,512.000000,0
2146.913636,512.000000,0
2146.918182,508.000000,0
2146.922727,508.000000,0
2146.927273,508.000000,0
2146.931818,508.000000,0
2146.936364,509.000000,0
2146.940909,509.000000,0
2146.945455,509.000000,0
2146.950000,509.000000,0
2146.954545,509.000000,0
2146.959091,509.000000,0
2146.963636,509.000000,0
2146.968182,509.000000,0
2146.972727,517.000000,0
2146.977273,517.000000,0
2146.981818,517.000000,0
2146.986364,517.000000,0
2146.990909,506.000000,0
2146.995455,506.000000,0
2147.000000,506.000000,0
2147.004545,506.000000,0
2147.009091,506.000000,0
2147.013636,516.000000,0
2147.018182,516.000000,0
2147.022727,516.000000,0
2147.027273,516.000000,0
2147.031818,516.000000,0
2147.036364,510.000000,0
2147.040909,510.000000,0
2147.045455,510.000000,0
2147.050000,510.000000,0
2147.054545,510.000000,0
2147.059091,510.000000,0
2147.063636,510.000000,0
2147.068182,506.000000,0
2147.072727,506.000000,0
2147.077273,506.000000,0
2147.081818,506.000000,0
2147.086364,513.000000,0
2147.090909,513.000000,0
2147.095455,513.000000,0
2147.100000,513.000000,0
2147.104545,513.000000,0
2147.109091,512.000000,0
2147.113636,512.000000,0
2147.118182,512.000000,0
2147.122727,510.000000,0
2147.127273,510.000000,0
2147.131818,510.000000,0
2147.136364,510.000000,0
2147.140909,510.000000,0
2147.145455,510.000000,0
2147.150000,510.000000,0
2147.154545,510.000000,0
2147.159091,509.000000,0
2147.163636,509.000000,0
2147.168182,509.000000,0
2147.172727,509.000000,0
2147.177273,513.000000,0
2147.181818,513.000000,0
2147.186364,513.000000,0
2147.190909,513.000000,0
2147.195455,510.000000,0
2147.200000,510.000000,0
2147.204545,510.000000,0
2147.209091,510.000000,0
2147.213636,509.000000,0
2147.218182,509.000000,0
2147.222727,509.000000,0
2147.227273,509.000000,0
2147.231818,513.000000,0
2147.236364,513.000000,0
2147.240909,513.000000,0
2147.245455,513.000000,0
2147.250000,513.000000,0
2147.254545,512.000000,0
2147.259091,512.000000,0
2147.263636,512.000000,0
2147.268182,512.000000,0
2147.272727,512.000000,0
2147.277273,512.000000,0
2147.281818,512.000000,0
2147.286364,512.000000,0
2147.290909,509.000000,0
2147.295455,509.000000,0
2147.300000,509.000000,0
2147.304545,509.000000,0
2147.309091,509.000000,0
2147.313636,509.000000,0
2147.318182,509.000000,0
2147.322727,509.000000,0
2147.327273,509.000000,0
2147.331818,510.000000,0
2147.336364,510.000000,0
2147.340909,510.000000,0
2147.345455,510.000000,0
2147.350000,510.000000,0
2147.354545,510.000000,0
2147.359091,510.000000,0
2147.363636,510.000000,0
2147.368182,513.000000,0
2147.372727,513.000000,0
2147.377273,513.000000,0
2147.381818,513.000000,0
2147.386364,510.000000,0
2147.390909,510.000000,0
2147.395455,510.000000,0
2147.400000,510.000000,0
2147.404545,509.000000,0
2147.409091,509.000000,0
2147.413636,509.000000,0
2147.418182,509.000000,0
2147.422727,509.000000,0
2147.427273,509.000000,0
2147.431818,509.000000,0
2147.436364,509.000000,0
2147.440909,509.000000,0
2147.445455,509.000000,0
2147.450000,508.000000,0
2147.454545,508.000000,0
2147.459091,508.000000,0
2147.463636,508.000000,0
2147.468182,512.000000,0
2147.472727,512.000000,0
2147.477273,512.000000,0
2147.481818,512.000000,0
2147.486364,512.000000,0
2147.490909,512.000000,0
2147.495455,512.000000,0
2147.500000,512.000000,0
2147.504545,589.000000,0
2147.509091,589.000000,0
2147.513636,589.000000,0
2147.518182,508.000000,0
2147.522727,508.000000,0
2147.527273,508.000000,0
2147.531818,508.000000,0
2147.536364,468.000000,0
2147.540909,468.000000,0
2147.545455,468.000000,0
2147.550000,468.000000,0
2147.554545,509.000000,0
2147.559091,509.000000,0
2147.563636,509.000000,0
2147.568182,509.000000,0
2147.572727,509.000000,0
2147.577273,509.000000,0
2147.581818,509.000000,0
2147.586364,510.000000,0
2147.590909,510.000000,0
2147.595455,510.000000,0
2147.600000,510.000000,0
2147.604545,510.000000,0
2147.609091,509.000000,0
2147.613636,509.000000,0
2147.618182,509.000000,0
2147.622727,509.000000,0
2147.627273,510.000000,0
2147.631818,510.000000,0
2147.636364,510.000000,0
2147.640909,510.000000,0
2147.645455,509.000000,0
2147.650000,509.000000,0
2147.654545,509.000000,0
2147.659091,509.000000,0
2147.663636,390.000000,0
2147.668182,390.000000,0
2147.672727,390.000000,0
2147.677273,390.000000,0
2147.681818,496.000000,0
2147.686364,496.000000,0
2147.690909,496.000000,0
2147.695455,496.000000,0
2147.700000,510.000000,0
2147.704545,510.000000,0
2147.709091,510.000000,0
2147.713636,510.000000,0
2147.718182,508.000000,0
2147.722727,508.000000,0
2147.727273,508.000000,0
2147.731818,508.000000,0
2147.736364,512.000000,0
2147.740909,512.000000,0
2147.745455,512.000000,0
2147.750000,512.000000,0
2147.754545,509.000000,0
2147.759091,509.000000,0
2147.763636,509.000000,0
2147.768182,509.000000,0
2147.772727,512.000000,0
2147.777273,512.000000,0
2147.781818,512.000000,0
2147.786364,512.000000,0
2147.790909,506.000000,0
2147.795455,506.000000,0
2147.800000,506.000000,0
2147.804545,506.000000,0
2147.809091,509.000000,0
2147.813636,509.000000,0
2147.818182,509.000000,0
2147.822727,509.000000,0
2147.827273,509.000000,0
2147.831818,509.000000,0
2147.836364,509.000000,0
2147.840909,509.000000,0
2147.845455,509.000000,0
2147.850000,512.000000,0
2147.854545,512.000000,0
2147.859091,512.000000,0
2147.863636,512.000000,0
2147.868182,513.000000,0
2147.872727,513.000000,0
2147.877273,513.000000,0
2147.881818,513.000000,0
2147.886364,513.000000,0
2147.890909,513.000000,0
2147.895455,513.000000,0
2147.900000,513.000000,0
2147.904545,513.000000,0
2147.909091,513.000000,0
2147.913636,513.000000,0
2147.918182,513.000000,0
2147.922727,509.000000,0
2147.927273,509.000000,0
2147.931818,509.000000,0
2147.936364,509.000000,0
2147.940909,509.000000,0
2147.945455,509.000000,0
2147.950000,509.000000,0
2147.954545,509.000000,0
2147.959091,497.000000,0
2147.963636,497.000000,0
2147.968182,497.000000,0
2147.972727,497.000000,0
2147.977273,497.000000,0
2147.981818,509.000000,0
2147.986364,509.000000,0
2147.990909,509.000000,0
2147.995455,509.000000,0
2148.000000,510.000000,0
2148.004545,510.000000,0
2148.009091,510.000000,0
2148.013636,510.000000,0
2148.018182,513.000000,0
2148.022727,513.000000,0
2148.027273,513.000000,0
2148.031818,513.000000,0
2148.036364,510.000000,0
2148.040909,510.000000,0
2148.045455,510.000000,0
2148.050000,510.000000,0
2148.054545,510.000000,0
2148.059091,510.000000,0
2148.063636,510.000000,0
2148.068182,512.000000,0
2148.072727,512.000000,0
2148.077273,512.000000,0
2148.081818,512.000000,0
2148.086364,512.000000,0
2148.090909,424.000000,0
2148.095455,424.000000,0
2148.100000,424.000000,0
2148.104545,424.000000,0
2148.109091,501.000000,0
2148.113636,501.000000,0
2148.118182,501.000000,0
2148.122727,501.000000,0
2148.127273,510.000000,0
2148.131818,510.000000,0
2148.136364,510.000000,0
2148.140909,510.000000,0
2148.145455,508.000000,0
2148.150000,508.000000,0
2148.154545,508.000000,0
2148.159091,508.000000,0
2148.163636,508.000000,0
2148.168182,512.000000,0
2148.172727,512.000000,0
2148.177273,512.000000,0
2148.181818,508.000000,0
2148.186364,508.000000,0
2148.190909,508.000000,0
2148.195455,508.000000,0
2148.200000,508.000000,0
2148.204545,510.000000,0
2148.209091,510.000000,0
2148.213636,510.000000,0
2148.218182,510.000000,0
2148.222727,509.000000,0
2148.227273,509.000000,0
2148.231818,509.000000,0
2148.236364,509.000000,0
2148.240909,509.000000,0
2148.245455,509.000000,0
2148.250000,509.000000,0
2148.254545,509.000000,0
2148.259091,513.000000,0
2148.263636,513.000000,0
2148.268182,513.000000,0
2148.272727,513.000000,0
2148.277273,513.000000,0
2148.281818,513.000000,0
2148.286364,513.000000,0
2148.290909,513.000000,0
2148.295455,510.000000,0
2148.300000,510.000000,0
2148.304545,510.000000,0
2148.309091,510.000000,0
2148.313636,508.000000,0
2148.318182,508.000000,0
2148.322727,508.000000,0
2148.327273,508.000000,0
2148.331818,509.000000,0
2148.336364,509.000000,0
2148.340909,509.000000,0
2148.345455,509.000000,0
2148.350000,509.000000,0
2148.354545,509.000000,0
2148.359091,509.000000,0
2148.363636,509.000000,0
2148.368182,509.000000,0
2148.372727,509.000000,0
2148.377273,509.000000,0
2148.381818,509.000000,0
2148.386364,510.000000,0
2148.390909,510.000000,0
2148.395455,510.000000,0
2148.400000,510.000000,0
2148.404545,513.000000,0
2148.409091,513.000000,0
2148.413636,513.000000,0
2148.418182,513.000000,0
2148.422727,512.000000,0
2148.427273,512.000000,0
2148.431818,512.000000,0
2148.436364,512.000000,0
2148.440909,509.000000,0
2148.445455,509.000000,0
2148.450000,509.000000,0
2148.454545,509.000000,0
2148.459091,509.000000,0
2148.463636,509.000000,0
2148.468182,509.000000,0
2148.472727,509.000000,0
2148.477273,509.000000,0
2148.481818,509.000000,0
2148.486364,509.000000,0
2148.490909,509.000000,0
2148.495455,510.000000,0
2148.500000,510.000000,0
2148.504545,510.000000,0
2148.509091,510.000000,0
2148.513636,512.000000,0
2148.518182,512.000000,0
2148.522727,512.000000,0
2148.527273,512.000000,0
2148.531818,512.000000,0
2148.536364,512.000000,0
2148.540909,510.000000,0
2148.545455,510.000000,0
2148.550000,510.000000,0
2148.554545,510.000000,0
2148.559091,510.000000,0
2148.563636,510.000000,0
2148.568182,510.000000,0
2148.572727,509.000000,0
2148.577273,509.000000,0
2148.581818,509.000000,0
2148.586364,509.000000,0
2148.590909,509.000000,0
2148.595455,509.000000,0
2148.600000,509.000000,0
2148.604545,509.000000,0
2148.609091,509.000000,0
2148.613636,509.000000,0
2148.618182,509.000000,0
2148.622727,509.000000,0
2148.627273,512.000000,0
2148.631818,512.000000,0
2148.636364,512.000000,0
2148.640909,512.000000,0
2148.645455,512.000000,0
2148.650000,512.000000,0
2148.654545,512.000000,0
2148.659091,512.000000,0
2148.663636,510.000000,0
2148.668182,510.000000,0
2148.672727,510.000000,0
2148.677273,510.000000,0
2148.681818,510.000000,0
2148.686364,510.000000,0
2148.690909,510.000000,0
2148.695455,510.000000,0
2148.700000,509.000000,0
2148.704545,509.000000,0
2148.709091,509.000000,0
2148.713636,509.000000,0
2148.718182,509.000000,0
2148.722727,509.000000,0
2148.727273,509.000000,0
2148.731818,509.000000,0
2148.736364,510.000000,0
2148.740909,510.000000,0
2148.745455,510.000000,0
2148.750000,510.000000,0
2148.754545,510.000000,0
2148.759091,510.000000,0
2148.763636,510.000000,0
2148.768182,510.000000,0
2148.772727,513.000000,0
2148.777273,513.000000,0
2148.781818,513.000000,0
2148.786364,513.000000,0
2148.790909,512.000000,0
2148.795455,512.000000,0
2148.800000,512.000000,0
2148.804545,512.000000,0
2148.809091,509.000000,0
2148.813636,509.000000,0
2148.818182,509.000000,0
2148.822727,509.000000,0
2148.827273,510.000000,0
2148.831818,510.000000,0
2148.836364,510.000000,0
2148.840909,510.000000,0
2148.845455,509.000000,0
2148.850000,509.000000,0
2148.854545,509.000000,0
2148.859091,509.000000,0
2148.863636,509.000000,0
2148.868182,509.000000,0
2148.872727,509.000000,0
2148.877273,509.000000,0
2148.881818,512.000000,0
2148.886364,512.000000,0
2148.890909,512.000000,0
2148.895455,512.000000,0
2148.900000,512.000000,0
2148.904545,512.000000,0
2148.909091,512.000000,0
2148.913636,512.000000,0
2148.918182,512.000000,0
2148.922727,512.000000,0
2148.927273,512.000000,0
2148.931818,512.000000,0
2148.936364,510.000000,0
2148.940909,510.000000,0
2148.945455,510.000000,0
2148.950000,510.000000,0
2148.954545,509.000000,0
2148.959091,509.000000,0
2148.963636,509.000000,0
2148.968182,509.000000,0
2148.972727,509.000000,0
2148.977273,509.000000,0
2148.981818,509.000000,0
2148.986364,509.000000,0
2148.990909,509.000000,0
2148.995455,509.000000,0
2149.000000,509.000000,0
2149.004545,509.000000,0
2149.009091,509.000000,0
2149.013636,509.000000,0
2149.018182,509.000000,0
2149.022727,509.000000,0
2149.027273,509.000000,0
2149.031818,509.000000,0
2149.036364,509.000000,0
2149.040909,509.000000,0
2149.045455,509.000000,0
2149.050000,510.000000,0
2149.054545,510.000000,0
2149.059091,510.000000,0
2149.063636,510.000000,0
2149.068182,510.000000,0
2149.072727,510.000000,0
2149.077273,510.000000,0
2149.081818,510.000000,0
2149.086364,509.000000,0
2149.090909,509.000000,0
2149.095455,509.000000,0
2149.100000,509.000000,0
2149.104545,510.000000,0
2149.109091,510.000000,0
2149.113636,510.000000,0
2149.118182,510.000000,0
2149.122727,509.000000,0
2149.127273,509.000000,0
2149.131818,509.000000,0
2149.136364,509.000000,0
2149.140909,509.000000,0
2149.145455,510.000000,0
2149.150000,510.000000,0
2149.154545,510.000000,0
2149.159091,512.000000,0
2149.163636,512.000000,0
2149.168182,512.000000,0
2149.172727,512.000000,0
2149.177273,512.000000,0
2149.181818,512.000000,0
2149.186364,512.000000,0
2149.190909,512.000000,0
2149.195455,512.000000,0
2149.200000,512.000000,0
2149.204545,512.000000,0
2149.209091,512.000000,0
2149.213636,512.000000,0
2149.218182,509.000000,0
2149.222727,509.000000,0
2149.227273,509.000000,0
2149.231818,509.000000,0
2149.236364,509.000000,0
2149.240909,509.000000,0
2149.245455,509.000000,0
2149.250000,509.000000,0
2149.254545,512.000000,0
2149.259091,512.000000,0
2149.263636,512.000000,0
2149.268182,512.000000,0
2149.272727,510.000000,0
2149.277273,510.000000,0
2149.281818,510.000000,0
2149.286364,510.000000,0
2149.290909,513.000000,0
2149.295455,513.000000,0
2149.300000,513.000000,0
2149.304545,513.000000,0
2149.309091,513.000000,0
2149.313636,513.000000,0
2149.318182,513.000000,0
2149.322727,513.000000,0
2149.327273,512.000000,0
2149.331818,512.000000,0
2149.336364,512.000000,0
2149.340909,512.000000,0
2149.345455,510.000000,0
2149.350000,510.000000,0
2149.354545,510.000000,0
2149.359091,510.000000,0
2149.363636,512.000000,0
2149.368182,512.000000,0
2149.372727,512.000000,0
2149.377273,512.000000,0
2149.381818,512.000000,0
2149.386364,509.000000,0
2149.390909,509.000000,0
2149.395455,509.000000,0
2149.400000,509.000000,0
2149.404545,509.000000,0
2149.409091,509.000000,0
2149.413636,509.000000,0
2149.418182,509.000000,0
2149.422727,510.000000,0
2149.427273,510.000000,0
2149.431818,510.000000,0
2149.436364,510.000000,0
2149.440909,513.000000,0
2149.445455,513.000000,0
2149.450000,513.000000,0
2149.454545,513.000000,0
2149.459091,513.000000,0
2149.463636,512.000000,1
2149.468182,512.000000,0
2149.472727,512.000000,0
2149.477273,512.000000,0
2149.481818,510.000000,0
2149.486364,510.000000,0
2149.490909,510.000000,0
2149.495455,510.000000,0
2149.500000,509.000000,0
2149.504545,509.000000,0
2149.509091,509.000000,0
2149.513636,509.000000,0
2149.518182,509.000000,0
2149.522727,509.000000,0
2149.527273,509.000000,0
2149.531818,509.000000,0
2149.536364,509.000000,0
2149.540909,509.000000,0
2149.545455,509.000000,0
2149.550000,510.000000,0
2149.554545,510.000000,0
2149.559091,510.000000,0
2149.563636,510.000000,0
2149.568182,513.000000,0
2149.572727,513.000000,0
2149.577273,513.000000,0
2149.581818,510.000000,0
2149.586364,510.000000,0
2149.590909,510.000000,0
2149.595455,509.000000,0
2149.600000,509.000000,0
2149.604545,509.000000,0
2149.609091,509.000000,0
2149.613636,509.000000,0
2149.618182,509.000000,0
2149.622727,509.000000,0
2149.627273,509.000000,0
2149.631818,509.000000,0
2149.636364,509.000000,0
2149.640909,509.000000,0
2149.645455,509.000000,0
2149.650000,512.000000,0
2149.654545,512.000000,0
2149.659091,512.000000,0
2149.663636,512.000000,0
2149.668182,513.000000,0
2149.672727,513.000000,0
2149.677273,513.000000,0
2149.681818,513.000000,0
2149.686364,513.000000,0
2149.690909,513.000000,0
2149.695455,513.000000,0
2149.700000,513.000000,0
2149.704545,513.000000,0
2149.709091,512.000000,0
2149.713636,512.000000,0
2149.718182,512.000000,0
2149.722727,512.000000,0
2149.727273,510.000000,0
2149.731818,510.000000,0
2149.736364,510.000000,0
2149.740909,510.000000,0
2149.745455,510.000000,0
2149.750000,509.000000,0
2149.754545,509.000000,0
2149.759091,509.000000,0
2149.763636,509.000000,0
2149.768182,509.000000,0
2149.772727,509.000000,0
2149.777273,509.000000,0
2149.781818,509.000000,0
2149.786364,509.000000,0
2149.790909,509.000000,0
2149.795455,509.000000,0
2149.800000,512.000000,0
2149.804545,512.000000,0
2149.809091,512.000000,0
2149.813636,512.000000,0
2149.818182,510.000000,0
2149.822727,510.000000,0
2149.827273,510.000000,0
2149.831818,510.000000,0
2149.836364,512.000000,0
2149.840909,512.000000,0
2149.845455,512.000000,0
2149.850000,512.000000,0
2149.854545,512.000000,0
2149.859091,512.000000,0
2149.863636,512.000000,0
2149.868182,512.000000,0
2149.872727,512.000000,0
2149.877273,509.000000,0
2149.881818,509.000000,0
2149.886364,509.000000,0
2149.890909,509.000000,0
2149.895455,509.000000,0
2149.900000,509.000000,0
2149.904545,509.000000,0
2149.909091,509.000000,0
2149.913636,509.000000,0
2149.918182,509.000000,0
2149.922727,509.000000,0
2149.927273,509.000000,0
2149.931818,512.000000,0
2149.936364,512.000000,0
2149.940909,512.000000,0
2149.945455,512.000000,0
2149.950000,513.000000,0
2149.954545,513.000000,0
2149.959091,513.000000,0
2149.963636,513.000000,0
2149.968182,513.000000,0
2149.972727,513.000000,0
2149.977273,513.000000,0
2149.981818,513.000000,0
2149.986364,512.000000,0
2149.990909,512.000000,0
2149.995455,512.000000,0
2150.000000,512.000000,0
2150.004545,509.000000,0
2150.009091,509.000000,0
2150.013636,509.000000,0
2150.018182,509.000000,0
2150.022727,510.000000,0
2150.027273,510.000000,0
2150.031818,510.000000,0
2150.036364,510.000000,0
2150.040909,509.000000,0
2150.045455,509.000000,0
2150.050000,509.000000,0
2150.054545,509.000000,0
2150.059091,510.000000,0
2150.063636,510.000000,0
2150.068182,510.000000,0
2150.072727,510.000000,0
2150.077273,512.000000,0
2150.081818,512.000000,0
2150.086364,512.000000,0
2150.090909,512.000000,0
2150.095455,512.000000,0
2150.100000,510.000000,0
2150.104545,510.000000,0
2150.109091,510.000000,0
2150.113636,510.000000,0
2150.118182,512.000000,0
2150.122727,512.000000,0
2150.127273,512.000000,0
2150.131818,512.000000,0
2150.136364,510.000000,0
2150.140909,510.000000,0
2150.145455,510.000000,0
2150.150000,510.000000,0
2150.154545,509.000000,0
2150.159091,509.000000,0
2150.163636,509.000000,0
2150.168182,509.000000,0
2150.172727,509.000000,0
2150.177273,509.000000,0
2150.181818,509.000000,0
2150.186364,509.000000,0
2150.190909,509.000000,0
2150.195455,509.000000,0
2150.200000,509.000000,0
2150.204545,509.000000,0
2150.209091,513.000000,0
2150.213636,513.000000,0
2150.218182,513.000000,0
2150.222727,513.000000,0
2150.227273,512.000000,0
2150.231818,512.000000,0
2150.236364,512.000000,0
2150.240909,512.000000,0
2150.245455,510.000000,0
2150.250000,510.000000,0
2150.254545,510.000000,0
2150.259091,510.000000,0
2150.263636,510.000000,0
2150.268182,509.000000,0
2150.272727,509.000000,0
2150.277273,509.000000,0
2150.281818,509.000000,0
2150.286364,509.000000,0
2150.290909,509.000000,0
2150.295455,509.000000,0
2150.300000,509.000000,0
2150.304545,508.000000,0
2150.309091,508.000000,0
2150.313636,508.000000,0
2150.318182,508.000000,0
2150.322727,510.000000,0
2150.327273,510.000000,0
2150.331818,510.000000,0
2150.336364,510.000000,0
2150.340909,513.000000,0
2150.345455,513.000000,0
2150.350000,513.000000,0
2150.354545,513.000000,0
2150.359091,512.000000,0
2150.363636,512.000000,0
2150.368182,512.000000,0
2150.372727,512.000000,0
2150.377273,510.000000,0
2150.381818,510.000000,0
2150.386364,510.000000,0
2150.390909,510.000000,0
2150.395455,509.000000,0
2150.400000,509.000000,0
2150.404545,509.000000,0
2150.409091,509.000000,0
2150.413636,509.000000,0
2150.418182,509.000000,0
2150.422727,509.000000,0
2150.427273,509.000000,0
2150.431818,510.000000,0
2150.436364,510.000000,0
2150.440909,510.000000,0
2150.445455,510.000000,0
2150.450000,510.000000,0
2150.454545,510.000000,0
2150.459091,510.000000,0
2150.463636,510.000000,0
2150.468182,510.000000,0
2150.472727,509.000000,0
2150.477273,509.000000,0
2150.481818,509.000000,0
2150.486364,509.000000,0
2150.490909,512.000000,0
2150.495455,512.000000,0
2150.500000,512.000000,0
2150.504545,512.000000,0
2150.509091,512.000000,0
2150.513636,512.000000,0
2150.518182,512.000000,0
2150.522727,512.000000,0
2150.527273,509.000000,0
2150.531818,509.000000,0
2150.536364,509.000000,0
2150.540909,509.000000,0
2150.545455,509.000000,0
2150.550000,509.000000,0
2150.554545,509.000000,0
2150.559091,509.000000,0
2150.563636,510.000000,0
2150.568182,510.000000,0
2150.572727,510.000000,0
2150.577273,510.000000,0
2150.581818,510.000000,0
2150.586364,510.000000,0
2150.590909,510.000000,0
2150.595455,510.000000,0
2150.600000,510.000000,0
2150.604545,510.000000,0
2150.609091,510.000000,0
2150.613636,510.000000,0
2150.618182,512.000000,0
2150.622727,512.000000,0
2150.627273,512.000000,0
2150.631818,512.000000,0
2150.636364,512.000000,0
2150.640909,512.000000,0
2150.645455,512.000000,0
2150.650000,512.000000,0
2150.654545,512.000000,0
2150.659091,509.000000,0
2150.663636,509.000000,0
2150.668182,509.000000,0
2150.672727,509.000000,0
2150.677273,509.000000,0
2150.681818,509.000000,0
2150.686364,509.000000,0
2150.690909,509.000000,0
2150.695455,509.000000,0
2150.700000,509.000000,0
2150.704545,509.000000,0
2150.709091,509.000000,0
2150.713636,509.000000,0
2150.718182,509.000000,0
2150.722727,509.000000,0
2150.727273,509.000000,0
2150.731818,510.000000,0
2150.736364,510.000000,0
2150.740909,510.000000,0
2150.745455,510.000000,0
2150.750000,513.000000,0
2150.754545,513.000000,0
2150.759091,513.000000,0
2150.763636,513.000000,0
2150.768182,512.000000,0
2150.772727,512.000000,0
2150.777273,512.000000,0
2150.781818,512.000000,0
2150.786364,509.000000,0
2150.790909,509.000000,0
2150.795455,509.000000,0
2150.800000,509.000000,0
2150.804545,499.000000,0
2150.809091,499.000000,0
2150.813636,499.000000,0
2150.818182,499.000000,0
2150.822727,508.000000,0
2150.827273,508.000000,0
2150.831818,508.000000,0
2150.836364,508.000000,0
2150.840909,509.000000,0
2150.845455,509.000000,0
2150.850000,509.000000,0
2150.854545,509.000000,0
2150.859091,509.000000,0
2150.863636,509.000000,0
2150.868182,509.000000,0
2150.872727,509.000000,0
2150.877273,509.000000,0
2150.881818,510.000000,0
2150.886364,510.000000,0
2150.890909,510.000000,0
2150.895455,510.000000,0
2150.900000,512.000000,0
2150.904545,512.000000,0
2150.909091,512.000000,0
2150.913636,512.000000,0
2150.918182,506.000000,0
2150.922727,506.000000,0
2150.927273,506.000000,0
2150.931818,506.000000,0
2150.936364,506.000000,0
2150.940909,506.000000,0
2150.945455,506.000000,0
2150.950000,506.000000,0
2150.954545,505.000000,0
2150.959091,505.000000,0
2150.963636,505.000000,0
2150.968182,505.000000,0
2150.972727,510.000000,0
2150.977273,510.000000,0
2150.981818,510.000000,0
2150.986364,510.000000,0
2150.990909,509.000000,0
2150.995455,509.000000,0
2151.000000,509.000000,0
2151.004545,509.000000,0
2151.009091,512.000000,0
2151.013636,512.000000,0
2151.018182,512.000000,0
2151.022727,512.000000,0
2151.027273,510.000000,0
2151.031818,510.000000,0
2151.036364,510.000000,0
2151.040909,510.000000,0
2151.045455,512.000000,0
2151.050000,512.000000,0
2151.054545,512.000000,0
2151.059091,512.000000,0
2151.063636,506.000000,0
2151.068182,506.000000,0
2151.072727,506.000000,0
2151.077273,506.000000,0
2151.081818,506.000000,0
2151.086364,508.000000,0
2151.090909,508.000000,0
2151.095455,508.000000,0
2151.100000,508.000000,0
2151.104545,508.000000,0
2151.109091,508.000000,0
2151.113636,508.000000,0
2151.118182,508.000000,0
2151.122727,504.000000,0
2151.127273,504.000000,0
2151.131818,504.000000,0
2151.136364,504.000000,0
2151.140909,517.000000,0
2151.145455,517.000000,0
2151.150000,517.000000,0
2151.154545,517.000000,0
2151.159091,514.000000,0
2151.163636,514.000000,0
2151.168182,514.000000,0
2151.172727,514.000000,0
2151.177273,512.000000,0
2151.181818,512.000000,0
2151.186364,512.000000,0
2151.190909,512.000000,0
2151.195455,510.000000,0
2151.200000,510.000000,0
2151.204545,510.000000,0
2151.209091,510.000000,0
2151.213636,513.000000,0
2151.218182,513.000000,0
2151.222727,513.000000,0
2151.227273,513.000000,0
2151.231818,513.000000,0
2151.236364,513.000000,0
2151.240909,513.000000,0
2151.245455,513.000000,0
2151.250000,513.000000,0
2151.254545,513.000000,0
2151.259091,513.000000,0
2151.263636,513.000000,0
2151.268182,513.000000,0
2151.272727,506.000000,0
2151.277273,506.000000,0
2151.281818,506.000000,0
2151.286364,506.000000,0
2151.290909,513.000000,0
2151.295455,513.000000,0
2151.300000,513.000000,0
2151.304545,513.000000,0
2151.309091,516.000000,0
2151.313636,516.000000,0
2151.318182,516.000000,0
2151.322727,516.000000,0
2151.327273,509.000000,0
2151.331818,509.000000,0
2151.336364,509.000000,0
2151.340909,509.000000,0
2151.345455,506.000000,0
2151.350000,506.000000,0
2151.354545,506.000000,0
2151.359091,506.000000,0
2151.363636,513.000000,0
2151.368182,513.000000,0
2151.372727,513.000000,0
2151.377273,513.000000,0
2151.381818,509.000000,0
2151.386364,509.000000,0
2151.390909,509.000000,0
2151.395455,509.000000,0
2151.400000,513.000000,0
2151.404545,513.000000,0
2151.409091,513.000000,0
2151.413636,513.000000,0
2151.418182,510.000000,0
2151.422727,510.000000,0
2151.427273,510.000000,0
2151.431818,510.000000,0
2151.436364,513.000000,0
2151.440909,513.000000,0
2151.445455,513.000000,0
2151.450000,513.000000,0
2151.454545,513.000000,0
2151.459091,509.000000,0
2151.463636,509.000000,0
2151.468182,509.000000,0
2151.472727,509.000000,0
2151.477273,509.000000,0
2151.481818,509.000000,0
2151.486364,509.000000,0
2151.490909,509.000000,0
2151.495455,504.000000,0
2151.500000,504.000000,0
2151.504545,504.000000,0
2151.509091,504.000000,0
2151.513636,512.000000,0
2151.518182,512.000000,0
2151.522727,512.000000,0
2151.527273,512.000000,0
2151.531818,512.000000,0
2151.536364,512.000000,0
2151.540909,512.000000,0
2151.545455,512.000000,0
2151.550000,512.000000,0
2151.554545,512.000000,0
2151.559091,512.000000,0
2151.563636,512.000000,0
2151.568182,509.000000,0
2151.572727,509.000000,0
2151.577273,509.000000,0
2151.581818,509.000000,0
2151.586364,510.000000,0
2151.590909,510.000000,0
2151.595455,510.000000,0
2151.600000,510.000000,0
2151.604545,510.000000,0
2151.609091,512.000000,0
2151.613636,512.000000,0
2151.618182,512.000000,0
2151.622727,512.000000,0
2151.627273,512.000000,0
2151.631818,501.000000,0
2151.636364,501.000000,0
2151.640909,501.000000,0
2151.645455,501.000000,0
2151.650000,509.000000,0
2151.654545,509.000000,0
2151.659091,509.000000,0
2151.663636,512.000000,0
2151.668182,512.000000,0
2151.672727,512.000000,0
2151.677273,512.000000,0
2151.681818,513.000000,0
2151.686364,513.000000,0
2151.690909,513.000000,0
2151.695455,513.000000,0
2151.700000,512.000000,0
2151.704545,512.000000,0
2151.709091,512.000000,0
2151.713636,512.000000,0
2151.718182,512.000000,0
2151.722727,512.000000,0
2151.727273,512.000000,0
2151.731818,512.000000,0
2151.736364,509.000000,0
2151.740909,509.000000,0
2151.745455,509.000000,0
2151.750000,509.000000,0
2151.754545,509.000000,0
2151.759091,509.000000,0
2151.763636,509.000000,0
2151.768182,509.000000,0
2151.772727,509.000000,0
2151.777273,512.000000,0
2151.781818,512.000000,0
2151.786364,512.000000,0
2151.790909,512.000000,0
2151.795455,505.000000,0
2151.800000,505.000000,0
2151.804545,505.000000,0
2151.809091,505.000000,0
2151.813636,509.000000,0
2151.818182,509.000000,0
2151.822727,509.000000,0
2151.827273,509.000000,0
2151.831818,512.000000,0
2151.836364,512.000000,0
2151.840909,512.000000,0
2151.845455,512.000000,0
2151.850000,509.000000,0
2151.854545,509.000000,0
2151.859091,509.000000,0
2151.863636,509.000000,0
2151.868182,513.000000,0
2151.872727,513.000000,0
2151.877273,513.000000,0
2151.881818,513.000000,0
2151.886364,513.000000,0
2151.890909,513.000000,0
2151.895455,513.000000,0
2151.900000,513.000000,0
2151.904545,509.000000,0
2151.909091,509.000000,0
2151.913636,509.000000,0
2151.918182,509.000000,0
2151.922727,509.000000,0
2151.927273,509.000000,0
2151.931818,509.000000,0
2151.936364,509.000000,0
2151.940909,509.000000,0
2151.945455,509.000000,0
2151.950000,509.000000,0
2151.954545,509.000000,0
2151.959091,509.000000,0
2151.963636,513.000000,0
2151.968182,513.000000,0
2151.972727,513.000000,0
2151.977273,513.000000,0
2151.981818,510.000000,0
2151.986364,510.000000,0
2151.990909,510.000000,0
2151.995455,510.000000,0
2152.000000,509.000000,0
2152.004545,509.000000,0
2152.009091,509.000000,0
2152.013636,509.000000,0
2152.018182,509.000000,0
2152.022727,509.000000,0
2152.027273,509.000000,0
2152.031818,509.000000,0
2152.036364,510.000000,0
2152.040909,510.000000,0
2152.045455,510.000000,0
2152.050000,510.000000,0
2152.054545,509.000000,0
2152.059091,509.000000,0
2152.063636,509.000000,0
2152.068182,509.000000,0
2152.072727,456.000000,0
2152.077273,456.000000,0
2152.081818,456.000000,0
2152.086364,456.000000,0
2152.090909,510.000000,0
2152.095455,510.000000,0
2152.100000,510.000000,0
2152.104545,510.000000,0
2152.109091,509.000000,0
2152.113636,509.000000,0
2152.118182,509.000000,0
2152.122727,509.000000,0
2152.127273,506.000000,0
2152.131818,506.000000,0
2152.136364,506.000000,0
2152.140909,506.000000,0
2152.145455,506.000000,0
2152.150000,508.000000,0
2152.154545,508.000000,0
2152.159091,508.000000,0
2152.163636,508.000000,0
2152.168182,508.000000,0
2152.172727,508.000000,0
2152.177273,508.000000,0
2152.181818,508.000000,0
2152.186364,508.000000,0
2152.190909,510.000000,0
2152.195455,510.000000,0
2152.200000,510.000000,0
2152.204545,510.000000,0
2152.209091,516.000000,0
2152.213636,516.000000,0
2152.218182,516.000000,0
2152.222727,516.000000,0
2152.227273,509.000000,0
2152.231818,509.000000,0
2152.236364,509.000000,0
2152.240909,509.000000,0
2152.245455,509.000000,0
2152.250000,509.000000,0
2152.254545,509.000000,0
2152.259091,509.000000,0
2152.263636,509.000000,0
2152.268182,509.000000,0
2152.272727,509.000000,0
2152.277273,508.000000,0
2152.281818,508.000000,0
2152.286364,508.000000,0
2152.290909,508.000000,0
2152.295455,506.000000,0
2152.300000,506.000000,0
2152.304545,506.000000,0
2152.309091,509.000000,0
2152.313636,509.000000,0
2152.318182,509.000000,0
2152.322727,509.000000,0
2152.327273,509.000000,0
2152.331818,509.000000,0
2152.336364,509.000000,0
2152.340909,509.000000,0
2152.345455,518.000000,0
2152.350000,518.000000,0
2152.354545,518.000000,0
2152.359091,518.000000,0
2152.363636,510.000000,0
2152.368182,510.000000,0
2152.372727,510.000000,0
2152.377273,510.000000,0
2152.381818,510.000000,0
2152.386364,510.000000,0
2152.390909,510.000000,0
2152.395455,510.000000,0
2152.400000,510.000000,0
2152.404545,510.000000,0
2152.409091,510.000000,0
2152.413636,510.000000,0
2152.418182,506.000000,0
2152.422727,506.000000,0
2152.427273,506.000000,0
2152.431818,509.000000,0
2152.436364,509.000000,0
2152.440909,509.000000,0
2152.445455,509.000000,0
2152.450000,513.000000,0
2152.454545,513.000000,0
2152.459091,513.000000,0
2152.463636,513.000000,0
2152.468182,513.000000,0
2152.472727,513.000000,0
2152.477273,513.000000,0
2152.481818,509.000000,0
2152.486364,509.000000,0
2152.490909,509.000000,0
2152.495455,509.000000,0
2152.500000,509.000000,0
2152.504545,513.000000,0
2152.509091,513.000000,0
2152.513636,513.000000,0
2152.518182,513.000000,0
2152.522727,512.000000,0
2152.527273,512.000000,0
2152.531818,512.000000,0
2152.536364,512.000000,0
2152.540909,508.000000,0
2152.545455,508.000000,0
2152.550000,508.000000,0
2152.554545,508.000000,0
2152.559091,509.000000,0
2152.563636,509.000000,0
2152.568182,509.000000,0
2152.572727,509.000000,0
2152.577273,510.000000,0
2152.581818,510.000000,0
2152.586364,510.000000,0
2152.590909,510.000000,0
2152.595455,509.000000,0
2152.600000,509.000000,0
2152.604545,509.000000,0
2152.609091,509.000000,0
2152.613636,513.000000,0
2152.618182,513.000000,0
2152.622727,513.000000,0
2152.627273,513.000000,0
2152.631818,512.000000,0
2152.636364,512.000000,0
2152.640909,512.000000,0
2152.645455,512.000000,0
2152.650000,510.000000,0
2152.654545,510.000000,0
2152.659091,510.000000,0
2152.663636,510.000000,0
2152.668182,510.000000,0
2152.672727,510.000000,0
2152.677273,510.000000,0
2152.681818,510.000000,0
2152.686364,506.000000,0
2152.690909,506.000000,0
2152.695455,506.000000,0
2152.700000,506.000000,0
2152.704545,510.000000,0
2152.709091,510.000000,0
2152.713636,510.000000,0
2152.718182,510.000000,0
2152.722727,512.000000,0
2152.727273,512.000000,0
2152.731818,512.000000,0
2152.736364,512.000000,0
2152.740909,512.000000,0
2152.745455,509.000000,0
2152.750000,509.000000,0
2152.754545,509.000000,0
2152.759091,509.000000,0
2152.763636,509.000000,0
2152.768182,509.000000,0
2152.772727,509.000000,0
2152.777273,509.000000,0
2152.781818,509.000000,0
2152.786364,509.000000,0
2152.790909,509.000000,0
2152.795455,509.000000,0
2152.800000,635.000000,0
2152.804545,635.000000,0
2152.809091,635.000000,0
2152.813636,635.000000,0
2152.818182,635.000000,0
2152.822727,508.000000,0
2152.827273,508.000000,0
2152.831818,508.000000,0
2152.836364,508.000000,0
2152.840909,380.000000,0
2152.845455,380.000000,0
2152.850000,380.000000,0
2152.854545,380.000000,0
2152.859091,580.000000,0
2152.863636,580.000000,0
2152.868182,580.000000,0
2152.872727,455.000000,0
2152.877273,455.000000,0
2152.881818,455.000000,0
2152.886364,455.000000,0
2152.890909,455.000000,0
2152.895455,488.000000,0
2152.900000,488.000000,0
2152.904545,488.000000,0
2152.909091,488.000000,0
2152.913636,506.000000,0
2152.918182,506.000000,0
2152.922727,506.000000,0
2152.927273,506.000000,0
2152.931818,509.000000,0
2152.936364,509.000000,0
2152.940909,509.000000,0
2152.945455,509.000000,0
2152.950000,508.000000,0
2152.954545,508.000000,0
2152.959091,508.000000,0
2152.963636,508.000000,0
2152.968182,509.000000,0
2152.972727,509.000000,0
2152.977273,509.000000,0
2152.981818,509.000000,0
2152.986364,512.000000,0
2152.990909,512.000000,0
2152.995455,512.000000,0
2153.000000,512.000000,0
2153.004545,512.000000,0
2153.009091,512.000000,0
2153.013636,512.000000,0
2153.018182,512.000000,0
2153.022727,513.000000,0
2153.027273,513.000000,0
2153.031818,513.000000,0
2153.036364,513.000000,0
2153.040909,509.000000,0
2153.045455,509.000000,0
2153.050000,509.000000,0
2153.054545,509.000000,0
2153.059091,509.000000,0
2153.063636,509.000000,0
2153.068182,509.000000,0
2153.072727,509.000000,0
2153.077273,508.000000,0
2153.081818,508.000000,0
2153.086364,508.000000,0
2153.090909,508.000000,0
2153.095455,508.000000,0
2153.100000,509.000000,0
2153.104545,509.000000,0
2153.109091,509.000000,0
2153.113636,509.000000,0
2153.118182,510.000000,0
2153.122727,510.000000,0
2153.127273,510.000000,0
2153.131818,510.000000,0
2153.136364,513.000000,0
2153.140909,513.000000,0
2153.145455,513.000000,0
2153.150000,513.000000,0
2153.154545,513.000000,0
2153.159091,513.000000,0
2153.163636,513.000000,0
2153.168182,513.000000,0
2153.172727,509.000000,0
2153.177273,509.000000,0
2153.181818,509.000000,0
2153.186364,509.000000,0
2153.190909,512.000000,0
2153.195455,512.000000,0
2153.200000,512.000000,0
2153.204545,512.000000,0
2153.209091,508.000000,0
2153.213636,508.000000,0
2153.218182,508.000000,0
2153.222727,508.000000,0
2153.227273,509.000000,0
2153.231818,509.000000,0
2153.236364,509.000000,0
2153.240909,509.000000,0
2153.245455,512.000000,0
2153.250000,512.000000,0
2153.254545,512.000000,0
2153.259091,512.000000,0
2153.263636,513.000000,0
2153.268182,513.000000,0
2153.272727,513.000000,0
2153.277273,513.000000,0
2153.281818,510.000000,0
2153.286364,510.000000,0
2153.290909,510.000000,0
2153.295455,510.000000,0
2153.300000,510.000000,0
2153.304545,510.000000,0
2153.309091,510.000000,0
2153.313636,510.000000,0
2153.318182,509.000000,0
2153.322727,509.000000,0
2153.327273,509.000000,0
2153.331818,509.000000,0
2153.336364,509.000000,0
2153.340909,509.000000,0
2153.345455,509.000000,0
2153.350000,509.000000,0
2153.354545,509.000000,0
2153.359091,509.000000,0
2153.363636,509.000000,0
2153.368182,509.000000,0
2153.372727,509.000000,0
2153.377273,510.000000,0
2153.381818,510.000000,0
2153.386364,510.000000,0
2153.390909,510.000000,0
2153.395455,513.000000,0
2153.400000,513.000000,0
2153.404545,513.000000,0
2153.409091,513.000000,0
2153.413636,513.000000,0
2153.418182,513.000000,0
2153.422727,513.000000,0
2153.427273,513.000000,0
2153.431818,510.000000,0
2153.436364,510.000000,0
2153.440909,510.000000,0
2153.445455,510.000000,0
2153.450000,510.000000,0
2153.454545,510.000000,0
2153.459091,510.000000,0
2153.463636,510.000000,0
2153.468182,508.000000,0
2153.472727,508.000000,0
2153.477273,508.000000,0
2153.481818,508.000000,0
2153.486364,506.000000,0
2153.490909,506.000000,0
2153.495455,506.000000,0
2153.500000,506.000000,0
2153.504545,509.000000,0
2153.509091,509.000000,0
2153.513636,509.000000,0
2153.518182,509.000000,0
2153.522727,505.000000,0
2153.527273,505.000000,0
2153.531818,505.000000,0
2153.536364,505.000000,0
2153.540909,513.000000,0
2153.545455,513.000000,0
2153.550000,513.000000,0
2153.554545,513.000000,0
2153.559091,510.000000,0
2153.563636,510.000000,0
2153.568182,510.000000,0
2153.572727,510.000000,0
2153.577273,510.000000,0
2153.581818,510.000000,0
2153.586364,510.000000,0
2153.590909,510.000000,0
2153.595455,509.000000,0
2153.600000,509.000000,0
2153.604545,509.000000,0
2153.609091,509.000000,0
2153.613636,509.000000,0
2153.618182,509.000000,0
2153.622727,509.000000,0
2153.627273,509.000000,0
2153.631818,510.000000,0
2153.636364,510.000000,0
2153.640909,510.000000,0
2153.645455,510.000000,0
2153.650000,513.000000,1
2153.654545,513.000000,0
2153.659091,513.000000,0
2153.663636,513.000000,0
2153.668182,513.000000,0
2153.672727,513.000000,0
2153.677273,513.000000,0
2153.681818,513.000000,0
2153.686364,510.000000,0
2153.690909,510.000000,0
2153.695455,510.000000,0
2153.700000,510.000000,0
2153.704545,509.000000,0
2153.709091,509.000000,0
2153.713636,509.000000,0
2153.718182,509.000000,0
2153.722727,509.000000,0
2153.727273,509.000000,0
2153.731818,509.000000,0
2153.736364,509.000000,0
2153.740909,509.000000,0
2153.745455,509.000000,0
2153.750000,509.000000,0
2153.754545,512.000000,0
2153.759091,512.000000,0
2153.763636,512.000000,0
2153.768182,512.000000,0
2153.772727,510.000000,0
2153.777273,510.000000,0
2153.781818,510.000000,0
2153.786364,510.000000,0
2153.790909,512.000000,0
2153.795455,512.000000,0
2153.800000,512.000000,0
2153.804545,512.000000,0
2153.809091,513.000000,0
2153.813636,513.000000,0
2153.818182,513.000000,0
2153.822727,513.000000,0
2153.827273,509.000000,0
2153.831818,509.000000,0
2153.836364,509.000000,0
2153.840909,509.000000,0
2153.845455,509.000000,0
2153.850000,509.000000,0
2153.854545,509.000000,0
2153.859091,509.000000,0
2153.863636,509.000000,0
2153.868182,509.000000,0
2153.872727,509.000000,0
2153.877273,452.000000,0
2153.881818,452.000000,0
2153.886364,452.000000,0
2153.890909,452.000000,0
2153.895455,504.000000,0
2153.900000,504.000000,0
2153.904545,504.000000,0
2153.909091,504.000000,0
2153.913636,509.000000,0
2153.918182,509.000000,0
2153.922727,509.000000,0
2153.927273,509.000000,0
2153.931818,509.000000,0
2153.936364,510.000000,0
2153.940909,510.000000,0
2153.945455,510.000000,0
2153.950000,510.000000,0
2153.954545,509.000000,0
2153.959091,509.000000,0
2153.963636,509.000000,0
2153.968182,509.000000,0
2153.972727,509.000000,0
2153.977273,509.000000,0
2153.981818,509.000000,0
2153.986364,509.000000,0
2153.990909,509.000000,0
2153.995455,509.000000,0
2154.000000,509.000000,0
2154.004545,509.000000,0
2154.009091,509.000000,0
2154.013636,509.000000,0
2154.018182,509.000000,0
2154.022727,509.000000,0
2154.027273,510.000000,0
2154.031818,510.000000,0
2154.036364,510.000000,0
2154.040909,510.000000,0
2154.045455,513.000000,0
2154.050000,513.000000,0
2154.054545,513.000000,0
2154.059091,513.000000,0
2154.063636,512.000000,0
2154.068182,512.000000,0
2154.072727,512.000000,0
2154.077273,512.000000,0
2154.081818,510.000000,0
2154.086364,510.000000,0
2154.090909,510.000000,0
2154.095455,510.000000,0
2154.100000,509.000000,0
2154.104545,509.000000,0
2154.109091,509.000000,0
2154.113636,509.000000,0
2154.118182,509.000000,0
2154.122727,509.000000,0
2154.127273,509.000000,0
2154.131818,509.000000,0
2154.136364,509.000000,0
2154.140909,510.000000,0
2154.145455,510.000000,0
2154.150000,510.000000,0
2154.154545,510.000000,0
2154.159091,510.000000,0
2154.163636,510.000000,0
2154.168182,510.000000,0
2154.172727,510.000000,0
2154.177273,513.000000,0
2154.181818,513.000000,0
2154.186364,513.000000,0
2154.190909,513.000000,0
2154.195455,509.000000,0
2154.200000,509.000000,0
2154.204545,509.000000,0
2154.209091,509.000000,0
2154.213636,509.000000,0
2154.218182,509.000000,0
2154.222727,509.000000,0
2154.227273,509.000000,0
2154.231818,510.000000,0
2154.236364,510.000000,0
2154.240909,510.000000,0
2154.245455,510.000000,0
2154.250000,509.000000,0
2154.254545,509.000000,0
2154.259091,509.000000,0
2154.263636,509.000000,0
2154.268182,510.000000,0
2154.272727,510.000000,0
2154.277273,510.000000,0
2154.281818,510.000000,0
2154.286364,509.000000,0
2154.290909,509.000000,0
2154.295455,509.000000,0
2154.300000,509.000000,0
2154.304545,513.000000,0
2154.309091,513.000000,0
2154.313636,513.000000,0
2154.318182,513.000000,0
2154.322727,510.000000,0
2154.327273,510.000000,0
2154.331818,510.000000,0
2154.336364,510.000000,0
2154.340909,509.000000,0
2154.345455,509.000000,0
2154.350000,509.000000,0
2154.354545,509.000000,0
2154.359091,510.000000,0
2154.363636,510.000000,0
2154.368182,510.000000,0
2154.372727,510.000000,0
2154.377273,509.000000,0
2154.381818,509.000000,0
2154.386364,509.000000,0
2154.390909,509.000000,0
2154.395455,509.000000,0
2154.400000,509.000000,0
2154.404545,509.000000,0
2154.409091,509.000000,0
2154.413636,509.000000,0
2154.418182,509.000000,0
2154.422727,509.000000,0
2154.427273,509.000000,0
2154.431818,509.000000,0
2154.436364,510.000000,0
2154.440909,510.000000,0
2154.445455,510.000000,0
2154.450000,510.000000,0
2154.454545,512.000000,0
2154.459091,512.000000,0
2154.463636,512.000000,0
2154.468182,512.000000,0
2154.472727,509.000000,0
2154.477273,509.000000,0
2154.481818,509.000000,0
2154.486364,509.000000,0
2154.490909,509.000000,0
2154.495455,509.000000,0
2154.500000,509.000000,0
2154.504545,509.000000,0
2154.509091,509.000000,0
2154.513636,509.000000,0
2154.518182,509.000000,0
2154.522727,509.000000,0
2154.527273,509.000000,0
2154.531818,509.000000,0
2154.536364,509.000000,0
2154.540909,509.000000,0
2154.545455,510.000000,0
2154.550000,510.000000,0
2154.554545,510.000000,0
2154.559091,510.000000,0
2154.563636,510.000000,0
2154.568182,509.000000,0
2154.572727,509.000000,0
2154.577273,509.000000,0
2154.581818,509.000000,0
2154.586364,512.000000,0
2154.590909,512.000000,0
2154.595455,512.000000,0
2154.600000,512.000000,0
2154.604545,509.000000,0
2154.609091,509.000000,0
2154.613636,509.000000,0
2154.618182,509.000000,0
2154.622727,512.000000,0
2154.627273,512.000000,0
2154.631818,512.000000,0
2154.636364,512.000000,0
2154.640909,509.000000,0
2154.645455,509.000000,0
2154.650000,509.000000,0
2154.654545,509.000000,0
2154.659091,509.000000,0
2154.663636,509.000000,0
2154.668182,509.000000,0
2154.672727,509.000000,0
2154.677273,509.000000,0
2154.681818,509.000000,0
2154.686364,509.000000,0
2154.690909,509.000000,0
2154.695455,512.000000,0
2154.700000,512.000000,0
2154.704545,512.000000,0
2154.709091,512.000000,0
2154.713636,512.000000,0
2154.718182,512.000000,0
2154.722727,512.000000,0
2154.727273,512.000000,0
2154.731818,510.000000,0
2154.736364,510.000000,0
2154.740909,510.000000,0
2154.745455,510.000000,0
2154.750000,510.000000,0
2154.754545,510.000000,0
2154.759091,510.000000,0
2154.763636,510.000000,0
2154.768182,510.000000,0
2154.772727,510.000000,0
2154.777273,512.000000,0
2154.781818,512.000000,0
2154.786364,512.000000,0
2154.790909,512.000000,0
2154.795455,509.000000,0
2154.800000,509.000000,0
2154.804545,509.000000,0
2154.809091,509.000000,0
2154.813636,510.000000,0
2154.818182,510.000000,0
2154.822727,510.000000,0
2154.827273,510.000000,0
2154.831818,512.000000,0
2154.836364,512.000000,0
2154.840909,512.000000,0
2154.845455,513.000000,0
2154.850000,513.000000,0
2154.854545,513.000000,0
2154.859091,513.000000,0
2154.863636,510.000000,0
2154.868182,510.000000,0
2154.872727,510.000000,0
2154.877273,510.000000,0
2154.881818,510.000000,0
2154.886364,510.000000,0
2154.890909,510.000000,0
2154.895455,510.000000,0
2154.900000,509.000000,0
2154.904545,509.000000,0
2154.909091,509.000000,0
2154.913636,509.000000,0
2154.918182,509.000000,0
2154.922727,509.000000,0
2154.927273,509.000000,0
2154.931818,509.000000,0
2154.936364,510.000000,0
2154.940909,510.000000,0
2154.945455,510.000000,0
2154.950000,510.000000,0
2154.954545,510.000000,0
2154.959091,510.000000,0
2154.963636,510.000000,0
2154.968182,510.000000,0
2154.972727,510.000000,0
2154.977273,510.000000,0
2154.981818,510.000000,0
2154.986364,510.000000,0
2154.990909,510.000000,0
2154.995455,512.000000,0
2155.000000,512.000000,0
2155.004545,512.000000,0
2155.009091,512.000000,0
2155.013636,510.000000,0
2155.018182,510.000000,0
2155.022727,510.000000,0
2155.027273,510.000000,0
2155.031818,509.000000,0
2155.036364,509.000000,0
2155.040909,509.000000,0
2155.045455,509.000000,0
2155.050000,509.000000,0
2155.054545,509.000000,0
2155.059091,509.000000,0
2155.063636,509.000000,0
2155.068182,509.000000,0
2155.072727,509.000000,0
2155.077273,509.000000,0
2155.081818,509.000000,0
2155.086364,509.000000,0
2155.090909,509.000000,0
2155.095455,509.000000,0
2155.100000,509.000000,0
2155.104545,509.000000,0
2155.109091,509.000000,0
2155.113636,509.000000,0
2155.118182,509.000000,0
2155.122727,512.000000,0
2155.127273,512.000000,0
2155.131818,512.000000,0
2155.136364,512.000000,0
2155.140909,509.000000,0
2155.145455,509.000000,0
2155.150000,509.000000,0
2155.154545,509.000000,0
2155.159091,509.000000,0
2155.163636,509.000000,0
2155.168182,509.000000,0
2155.172727,509.000000,0
2155.177273,509.000000,0
2155.181818,512.000000,0
2155.186364,512.000000,0
2155.190909,512.000000,0
2155.195455,512.000000,0
2155.200000,512.000000,0
2155.204545,512.000000,0
2155.209091,512.000000,0
2155.213636,512.000000,0
2155.218182,508.000000,0
2155.222727,508.000000,0
2155.227273,508.000000,0
2155.231818,508.000000,0
2155.236364,508.000000,0
2155.240909,512.000000,0
2155.245455,512.000000,0
2155.250000,512.000000,0
2155.254545,512.000000,0
2155.259091,510.000000,0
2155.263636,510.000000,0
2155.268182,510.000000,0
2155.272727,510.000000,0
2155.277273,508.000000,0
2155.281818,508.000000,0
2155.286364,508.000000,0
2155.290909,510.000000,0
2155.295455,510.000000,0
2155.300000,510.000000,0
2155.304545,510.000000,0
2155.309091,510.000000,0
2155.313636,510.000000,0
2155.318182,510.000000,0
2155.322727,510.000000,0
2155.327273,510.000000,0
2155.331818,509.000000,0
2155.336364,509.000000,0
2155.340909,509.000000,0
2155.345455,509.000000,0
2155.350000,509.000000,0
2155.354545,509.000000,0
2155.359091,509.000000,0
2155.363636,509.000000,0
2155.368182,513.000000,0
2155.372727,513.000000,0
2155.377273,513.000000,0
2155.381818,513.000000,0
2155.386364,513.000000,0
2155.390909,509.000000,0
2155.395455,509.000000,0
2155.400000,509.000000,0
2155.404545,509.000000,0
2155.409091,509.000000,0
2155.413636,509.000000,0
2155.418182,509.000000,0
2155.422727,509.000000,0
2155.427273,510.000000,0
2155.431818,510.000000,0
2155.436364,510.000000,0
2155.440909,510.000000,0
2155.445455,509.000000,0
2155.450000,509.000000,0
2155.454545,509.000000,0
2155.459091,509.000000,0
2155.463636,505.000000,0
2155.468182,505.000000,0
2155.472727,505.000000,0
2155.477273,505.000000,0
2155.481818,506.000000,0
2155.486364,506.000000,0
2155.490909,506.000000,0
2155.495455,506.000000,0
2155.500000,513.000000,0
2155.504545,513.000000,0
2155.509091,513.000000,0
2155.513636,513.000000,0
2155.518182,512.000000,0
2155.522727,512.000000,0
2155.527273,512.000000,0
2155.531818,512.000000,0
2155.536364,509.000000,0
2155.540909,509.000000,0
2155.545455,509.000000,0
2155.550000,509.000000,0
2155.554545,513.000000,0
2155.559091,513.000000,0
2155.563636,513.000000,0
2155.568182,513.000000,0
2155.572727,509.000000,0
2155.577273,509.000000,0
2155.581818,509.000000,0
2155.586364,509.000000,0
2155.590909,509.000000,0
2155.595455,509.000000,0
2155.600000,509.000000,0
2155.604545,509.000000,0
2155.609091,509.000000,0
2155.613636,509.000000,0
2155.618182,509.000000,0
2155.622727,509.000000,0
2155.627273,509.000000,0
2155.631818,512.000000,0
2155.636364,512.000000,0
2155.640909,512.000000,0
2155.645455,510.000000,0
2155.650000,510.000000,0
2155.654545,510.000000,0
2155.659091,510.000000,0
2155.663636,514.000000,0
2155.668182,514.000000,0
2155.672727,514.000000,0
2155.677273,514.000000,0
2155.681818,509.000000,0
2155.686364,509.000000,0
2155.690909,509.000000,0
2155.695455,509.000000,0
2155.700000,513.000000,0
2155.704545,513.000000,0
2155.709091,513.000000,0
2155.713636,513.000000,0
2155.718182,513.000000,0
2155.722727,508.000000,0
2155.727273,508.000000,0
2155.731818,508.000000,0
2155.736364,508.000000,0
2155.740909,512.000000,0
2155.745455,512.000000,0
2155.750000,512.000000,0
2155.754545,512.000000,0
2155.759091,509.000000,0
2155.763636,509.000000,0
2155.768182,509.000000,0
2155.772727,509.000000,0
2155.777273,513.000000,0
2155.781818,513.000000,0
2155.786364,513.000000,0
2155.790909,513.000000,0
2155.795455,513.000000,0
2155.800000,513.000000,0
2155.804545,513.000000,0
2155.809091,513.000000,0
2155.813636,513.000000,0
2155.818182,513.000000,0
2155.822727,513.000000,0
2155.827273,513.000000,0
2155.831818,513.000000,0
2155.836364,509.000000,0
2155.840909,509.000000,0
2155.845455,509.000000,0
2155.850000,509.000000,0
2155.854545,509.000000,0
2155.859091,509.000000,0
2155.863636,509.000000,0
2155.868182,509.000000,0
2155.872727,513.000000,0
2155.877273,513.000000,0
2155.881818,513.000000,0
2155.886364,513.000000,0
2155.890909,510.000000,0
2155.895455,510.000000,0
2155.900000,510.000000,0
2155.904545,510.000000,0
2155.909091,513.000000,0
2155.913636,513.000000,0
2155.918182,513.000000,0
2155.922727,513.000000,0
2155.927273,508.000000,0
2155.931818,508.000000,0
2155.936364,508.000000,0
2155.940909,508.000000,0
2155.945455,510.000000,0
2155.950000,510.000000,0
2155.954545,510.000000,0
2155.959091,510.000000,0
2155.963636,509.000000,0
2155.968182,509.000000,0
2155.972727,509.000000,0
2155.977273,509.000000,0
2155.981818,512.000000,0
2155.986364,512.000000,0
2155.990909,512.000000,0
2155.995455,512.000000,0
2156.000000,509.000000,0
2156.004545,509.000000,0
2156.009091,509.000000,0
2156.013636,509.000000,0
2156.018182,509.000000,0
2156.022727,509.000000,0
2156.027273,509.000000,0
2156.031818,509.000000,0
2156.036364,513.000000,0
2156.040909,513.000000,0
2156.045455,513.000000,0
2156.050000,513.000000,0
2156.054545,513.000000,0
2156.059091,513.000000,0
2156.063636,513.000000,0
2156.068182,513.000000,0
2156.072727,512.000000,0
2156.077273,512.000000,0
2156.081818,512.000000,0
2156.086364,512.000000,0
2156.090909,509.000000,0
2156.095455,509.000000,0
2156.100000,509.000000,0
2156.104545,509.000000,0
2156.109091,513.000000,0
2156.113636,513.000000,0
2156.118182,513.000000,0
2156.122727,513.000000,0
2156.127273,513.000000,0
2156.131818,509.000000,0
2156.136364,509.000000,0
2156.140909,509.000000,0
2156.145455,509.000000,0
2156.150000,512.000000,0
2156.154545,512.000000,0
2156.159091,512.000000,0
2156.163636,512.000000,0
2156.168182,512.000000,0
2156.172727,512.000000,0
2156.177273,512.000000,0
2156.181818,512.000000,0
2156.186364,512.000000,0
2156.190909,512.000000,0
2156.195455,512.000000,0
2156.200000,512.000000,0
2156.204545,510.000000,0
2156.209091,510.000000,0
2156.213636,510.000000,0
2156.218182,510.000000,0
2156.222727,513.000000,0
2156.227273,513.000000,0
2156.231818,513.000000,0
2156.236364,513.000000,0
2156.240909,513.000000,0
2156.245455,513.000000,0
2156.250000,513.000000,0
2156.254545,513.000000,0
2156.259091,513.000000,0
2156.263636,513.000000,0
2156.268182,513.000000,0
2156.272727,513.000000,0
2156.277273,517.000000,0
2156.281818,517.000000,0
2156.286364,517.000000,0
2156.290909,517.000000,0
2156.295455,509.000000,0
2156.300000,509.000000,0
2156.304545,509.000000,0
2156.309091,509.000000,0
2156.313636,516.000000,0
2156.318182,516.000000,0
2156.322727,516.000000,0
2156.327273,516.000000,0
2156.331818,512.000000,0
2156.336364,512.000000,0
2156.340909,512.000000,0
2156.345455,512.000000,0
2156.350000,460.000000,0
2156.354545,460.000000,0
2156.359091,460.000000,0
2156.363636,460.000000,0
2156.368182,460.000000,0
2156.372727,460.000000,0
2156.377273,503.000000,0
2156.381818,503.000000,0
2156.386364,503.000000,0
2156.390909,505.000000,0
2156.395455,505.000000,0
2156.400000,505.000000,0
2156.404545,505.000000,0
2156.409091,513.000000,0
2156.413636,513.000000,0
2156.418182,513.000000,0
2156.422727,513.000000,0
2156.427273,510.000000,0
2156.431818,510.000000,0
2156.436364,510.000000,0
2156.440909,510.000000,0
2156.445455,510.000000,0
2156.450000,510.000000,0
2156.454545,510.000000,0
2156.459091,510.000000,0
2156.463636,510.000000,0
2156.468182,510.000000,0
2156.472727,510.000000,0
2156.477273,513.000000,0
2156.481818,513.000000,0
2156.486364,513.000000,0
2156.490909,513.000000,0
2156.495455,510.000000,0
2156.500000,510.000000,0
2156.504545,510.000000,0
2156.509091,510.000000,0
2156.513636,509.000000,0
2156.518182,509.000000,0
2156.522727,509.000000,0
2156.527273,509.000000,0
2156.531818,509.000000,0
2156.536364,509.000000,0
2156.540909,509.000000,0
2156.545455,509.000000,0
2156.550000,509.000000,0
2156.554545,509.000000,0
2156.559091,509.000000,0
2156.563636,509.000000,0
2156.568182,509.000000,0
2156.572727,512.000000,0
2156.577273,512.000000,0
2156.581818,512.000000,0
2156.586364,512.000000,0
2156.590909,510.000000,0
2156.595455,510.000000,0
2156.600000,510.000000,0
2156.604545,510.000000,0
2156.609091,506.000000,0
2156.613636,506.000000,0
2156.618182,506.000000,0
2156.622727,506.000000,0
2156.627273,509.000000,0
2156.631818,509.000000,0
2156.636364,509.000000,0
2156.640909,505.000000,0
2156.645455,505.000000,0
2156.650000,505.000000,0
2156.654545,505.000000,0
2156.659091,510.000000,0
2156.663636,510.000000,0
2156.668182,510.000000,0
2156.672727,510.000000,0
2156.677273,510.000000,0
2156.681818,513.000000,0
2156.686364,513.000000,0
2156.690909,513.000000,0
2156.695455,513.000000,0
2156.700000,510.000000,0
2156.704545,510.000000,0
2156.709091,510.000000,0
2156.713636,510.000000,0
2156.718182,512.000000,0
2156.722727,512.000000,0
2156.727273,512.000000,0
2156.731818,512.000000,0
2156.736364,510.000000,0
2156.740909,510.000000,0
2156.745455,510.000000,0
2156.750000,510.000000,0
2156.754545,509.000000,0
2156.759091,509.000000,0
2156.763636,509.000000,0
2156.768182,509.000000,0
2156.772727,512.000000,0
2156.777273,512.000000,0
2156.781818,512.000000,0
2156.786364,512.000000,0
2156.790909,509.000000,0
2156.795455,509.000000,0
2156.800000,509.000000,0
2156.804545,509.000000,0
2156.809091,513.000000,0
2156.813636,513.000000,0
2156.818182,513.000000,0
2156.822727,513.000000,0
2156.827273,513.000000,0
2156.831818,513.000000,0
2156.836364,513.000000,0
2156.840909,513.000000,0
2156.845455,513.000000,0
2156.850000,513.000000,0
2156.854545,513.000000,0
2156.859091,513.000000,0
2156.863636,513.000000,0
2156.868182,513.000000,0
2156.872727,513.000000,0
2156.877273,513.000000,0
2156.881818,589.000000,0
2156.886364,589.000000,0
2156.890909,589.000000,0
2156.895455,589.000000,0
2156.900000,589.000000,0
2156.904545,482.000000,0
2156.909091,482.000000,0
2156.913636,482.000000,0
2156.918182,482.000000,0
2156.922727,506.000000,0
2156.927273,506.000000,0
2156.931818,506.000000,0
2156.936364,506.000000,0
2156.940909,509.000000,0
2156.945455,509.000000,0
2156.950000,509.000000,0
2156.954545,509.000000,0
2156.959091,509.000000,0
2156.963636,509.000000,0
2156.968182,509.000000,0
2156.972727,509.000000,0
2156.977273,512.000000,0
2156.981818,512.000000,0
2156.986364,512.000000,0
2156.990909,512.000000,0
2156.995455,513.000000,0
2157.000000,513.000000,0
2157.004545,513.000000,0
2157.009091,513.000000,0
2157.013636,509.000000,0
2157.018182,509.000000,0
2157.022727,509.000000,0
2157.027273,509.000000,0
2157.031818,510.000000,0
2157.036364,510.000000,0
2157.040909,510.000000,0
2157.045455,510.000000,0
2157.050000,509.000000,0
2157.054545,509.000000,0
2157.059091,509.000000,0
2157.063636,509.000000,0
2157.068182,509.000000,0
2157.072727,509.000000,0
2157.077273,509.000000,0
2157.081818,509.000000,0
2157.086364,509.000000,0
2157.090909,509.000000,0
2157.095455,509.000000,0
2157.100000,509.000000,0
2157.104545,509.000000,0
2157.109091,509.000000,0
2157.113636,509.000000,0
2157.118182,430.000000,0
2157.122727,500.000000,0
2157.127273,500.000000,0
2157.131818,500.000000,0
2157.136364,500.000000,0
2157.140909,509.000000,0
2157.145455,509.000000,0
2157.150000,509.000000,0
2157.154545,509.000000,0
2157.159091,506.000000,0
2157.163636,506.000000,0
2157.168182,506.000000,0
2157.172727,508.000000,0
2157.177273,508.000000,0
2157.181818,508.000000,0
2157.186364,508.000000,0
2157.190909,509.000000,0
2157.195455,509.000000,0
2157.200000,509.000000,0
2157.204545,509.000000,0
2157.209091,509.000000,0
2157.213636,509.000000,0
2157.218182,509.000000,0
2157.222727,512.000000,0
2157.227273,512.000000,0
2157.231818,512.000000,0
2157.236364,512.000000,0
2157.240909,512.000000,0
2157.245455,510.000000,0
2157.250000,510.000000,0
2157.254545,510.000000,0
2157.259091,510.000000,0
2157.263636,509.000000,0
2157.268182,509.000000,0
2157.272727,508.000000,0
2157.277273,508.000000,0
2157.281818,508.000000,0
2157.286364,508.000000,0
2157.290909,509.000000,0
2157.295455,509.000000,0
2157.300000,509.000000,0
2157.304545,509.000000,0
2157.309091,509.000000,0
2157.313636,509.000000,0
2157.318182,509.000000,0
2157.322727,509.000000,0
2157.327273,512.000000,0
2157.331818,512.000000,0
2157.336364,512.000000,0
2157.340909,512.000000,0
2157.345455,512.000000,0
2157.350000,512.000000,0
2157.354545,512.000000,0
2157.359091,512.000000,0
2157.363636,512.000000,0
2157.368182,512.000000,0
2157.372727,512.000000,0
2157.377273,512.000000,0
2157.381818,512.000000,0
2157.386364,512.000000,0
2157.390909,509.000000,0
2157.395455,509.000000,0
2157.400000,509.000000,0
2157.404545,509.000000,0
2157.409091,509.000000,0
2157.413636,509.000000,0
2157.418182,509.000000,0
2157.422727,509.000000,0
2157.427273,509.000000,0
2157.431818,509.000000,0
2157.436364,509.000000,0
2157.440909,508.000000,0
2157.445455,508.000000,0
2157.450000,508.000000,0
2157.454545,508.000000,0
2157.459091,512.000000,0
2157.463636,512.000000,0
2157.468182,512.000000,0
2157.472727,512.000000,0
2157.477273,510.000000,0
2157.481818,510.000000,0
2157.486364,510.000000,0
2157.490909,510.000000,0
2157.495455,512.000000,0
2157.500000,512.000000,0
2157.504545,512.000000,0
2157.509091,512.000000,0
2157.513636,512.000000,0
2157.518182,512.000000,0
2157.522727,512.000000,0
2157.527273,512.000000,0
2157.531818,509.000000,0
2157.536364,509.000000,0
2157.540909,509.000000,0
2157.545455,509.000000,0
2157.550000,509.000000,0
2157.554545,509.000000,0
2157.559091,509.000000,0
2157.563636,509.000000,0
2157.568182,509.000000,0
2157.572727,509.000000,0
2157.577273,509.000000,0
2157.581818,509.000000,0
2157.586364,509.000000,0
2157.590909,510.000000,0
2157.595455,510.000000,0
2157.600000,510.000000,0
2157.604545,510.000000,0
2157.609091,512.000000,0
2157.613636,512.000000,0
2157.618182,512.000000,0
2157.622727,512.000000,0
2157.627273,510.000000,0
2157.631818,510.000000,0
2157.636364,510.000000,0
2157.640909,510.000000,0
2157.645455,509.000000,0
2157.650000,509.000000,0
2157.654545,509.000000,0
2157.659091,509.000000,0
2157.663636,509.000000,0
2157.668182,509.000000,0
2157.672727,509.000000,0
2157.677273,509.000000,0
2157.681818,509.000000,0
2157.686364,509.000000,0
2157.690909,509.000000,0
2157.695455,509.000000,0
2157.700000,509.000000,0
2157.704545,509.000000,0
2157.709091,509.000000,0
2157.713636,509.000000,0
2157.718182,509.000000,0
2157.722727,512.000000,0
2157.727273,512.000000,0
2157.731818,512.000000,0
2157.736364,512.000000,0
2157.740909,513.000000,0
2157.745455,513.000000,0
2157.750000,513.000000,0
2157.754545,513.000000,0
2157.759091,513.000000,0
2157.763636,513.000000,0
2157.768182,513.000000,0
2157.772727,513.000000,0
2157.777273,509.000000,0
2157.781818,509.000000,0
2157.786364,509.000000,0
2157.790909,509.000000,0
2157.795455,509.000000,0
2157.800000,509.000000,0
2157.804545,509.000000,0
2157.809091,509.000000,0
2157.813636,509.000000,0
2157.818182,509.000000,0
2157.822727,509.000000,0
2157.827273,509.000000,0
2157.831818,509.000000,0
2157.836364,509.000000,0
2157.840909,509.000000,0
2157.845455,509.000000,0
2157.850000,512.000000,0
2157.854545,512.000000,0
2157.859091,512.000000,0
2157.863636,512.000000,1
2157.868182,513.000000,0
2157.872727,513.000000,0
2157.877273,513.000000,0
2157.881818,513.000000,0
2157.886364,512.000000,0
2157.890909,512.000000,0
2157.895455,512.000000,0
2157.900000,510.000000,0
2157.904545,510.000000,0
2157.909091,510.000000,0
2157.913636,510.000000,0
2157.918182,509.000000,0
2157.922727,509.000000,0
2157.927273,509.000000,0
2157.931818,509.000000,0
2157.936364,509.000000,0
2157.940909,508.000000,0
2157.945455,508.000000,0
2157.950000,508.000000,0
2157.954545,509.000000,0
2157.959091,509.000000,0
2157.963636,509.000000,0
2157.968182,509.000000,0
2157.972727,510.000000,0
2157.977273,510.000000,0
2157.981818,510.000000,0
2157.986364,510.000000,0
2157.990909,510.000000,0
2157.995455,510.000000,0
2158.000000,510.000000,0
2158.004545,510.000000,0
2158.009091,512.000000,0
2158.013636,512.000000,0
2158.018182,512.000000,0
2158.022727,512.000000,0
2158.027273,512.000000,0
2158.031818,512.000000,0
2158.036364,512.000000,0
2158.040909,512.000000,0
2158.045455,509.000000,0
2158.050000,509.000000,0
2158.054545,509.000000,0
2158.059091,509.000000,0
2158.063636,509.000000,0
2158.068182,509.000000,0
2158.072727,509.000000,0
2158.077273,509.000000,0
2158.081818,509.000000,0
2158.086364,509.000000,0
2158.090909,509.000000,0
2158.095455,509.000000,0
2158.100000,509.000000,0
2158.104545,509.000000,0
2158.109091,509.000000,0
2158.113636,513.000000,0
2158.118182,513.000000,0
2158.122727,513.000000,0
2158.127273,513.000000,0
2158.131818,512.000000,0
2158.136364,512.000000,0
2158.140909,512.000000,0
2158.145455,512.000000,0
2158.150000,512.000000,0
2158.154545,512.000000,0
2158.159091,512.000000,0
2158.163636,512.000000,0
2158.168182,512.000000,0
2158.172727,509.000000,0
2158.177273,509.000000,0
2158.181818,509.000000,0
2158.186364,509.000000,0
2158.190909,510.000000,0
2158.195455,510.000000,0
2158.200000,510.000000,0
2158.204545,510.000000,0
2158.209091,510.000000,0
2158.213636,506.000000,0
2158.218182,506.000000,0
2158.222727,506.000000,0
2158.227273,506.000000,0
2158.231818,509.000000,0
2158.236364,509.000000,0
2158.240909,509.000000,0
2158.245455,510.000000,0
2158.250000,510.000000,0
2158.254545,510.000000,0
2158.259091,510.000000,0
2158.263636,513.000000,0
2158.268182,513.000000,0
2158.272727,513.000000,0
2158.277273,513.000000,0
2158.281818,512.000000,0
2158.286364,512.000000,0
2158.290909,512.000000,0
2158.295455,512.000000,0
2158.300000,512.000000,0
2158.304545,512.000000,0
2158.309091,512.000000,0
2158.313636,509.000000,0
2158.318182,509.000000,0
2158.322727,509.000000,0
2158.327273,509.000000,0
2158.331818,509.000000,0
2158.336364,509.000000,0
2158.340909,509.000000,0
2158.345455,509.000000,0
2158.350000,509.000000,0
2158.354545,509.000000,0
2158.359091,509.000000,0
2158.363636,509.000000,0
2158.368182,509.000000,0
2158.372727,509.000000,0
2158.377273,509.000000,0
2158.381818,512.000000,0
2158.386364,512.000000,0
2158.390909,512.000000,0
2158.395455,513.000000,0
2158.400000,513.000000,0
2158.404545,509.000000,0
2158.409091,509.000000,0
2158.413636,509.000000,0
2158.418182,509.000000,0
2158.422727,509.000000,0
2158.427273,509.000000,0
2158.431818,509.000000,0
2158.436364,509.000000,0
2158.440909,509.000000,0
2158.445455,509.000000,0
2158.450000,509.000000,0
2158.454545,509.000000,0
2158.459091,509.000000,0
2158.463636,509.000000,0
2158.468182,509.000000,0
2158.472727,509.000000,0
2158.477273,509.000000,0
2158.481818,509.000000,0
2158.486364,510.000000,0
2158.490909,510.000000,0
2158.495455,510.000000,0
2158.500000,510.000000,0
2158.504545,513.000000,0
2158.509091,513.000000,0
2158.513636,513.000000,0
2158.518182,513.000000,0
2158.522727,513.000000,0
2158.527273,513.000000,0
2158.531818,513.000000,0
2158.536364,513.000000,0
2158.540909,510.000000,0
2158.545455,510.000000,0
2158.550000,510.000000,0
2158.554545,510.000000,0
2158.559091,510.000000,0
2158.563636,510.000000,0
2158.568182,510.000000,0
2158.572727,510.000000,0
2158.577273,509.000000,0
2158.581818,509.000000,0
2158.586364,509.000000,0
2158.590909,509.000000,0
2158.595455,509.000000,0
2158.600000,509.000000,0
2158.604545,509.000000,0
2158.609091,509.000000,0
2158.613636,512.000000,0
2158.618182,512.000000,0
2158.622727,512.000000,0
2158.627273,512.000000,0
2158.631818,512.000000,0
2158.636364,512.000000,0
2158.640909,512.000000,0
2158.645455,513.000000,0
2158.650000,513.000000,0
2158.654545,513.000000,0
2158.659091,513.000000,0
2158.663636,510.000000,0
2158.668182,510.000000,0
2158.672727,510.000000,0
2158.677273,510.000000,0
2158.681818,510.000000,0
2158.686364,510.000000,0
2158.690909,510.000000,0
2158.695455,510.000000,0
2158.700000,510.000000,0
2158.704545,510.000000,0
2158.709091,510.000000,0
2158.713636,510.000000,0
2158.718182,510.000000,0
2158.722727,510.000000,0
2158.727273,510.000000,0
2158.731818,510.000000,0
2158.736364,485.000000,0
2158.740909,485.000000,0
2158.745455,485.000000,0
2158.750000,485.000000,0
2158.754545,512.000000,0
2158.759091,512.000000,0
2158.763636,512.000000,0
2158.768182,512.000000,0
2158.772727,509.000000,0
2158.777273,509.000000,0
2158.781818,509.000000,0
2158.786364,509.000000,0
2158.790909,509.000000,0
2158.795455,509.000000,0
2158.800000,509.000000,0
2158.804545,509.000000,0
2158.809091,509.000000,0
2158.813636,509.000000,0
2158.818182,509.000000,0
2158.822727,509.000000,0
2158.827273,509.000000,0
2158.831818,509.000000,0
2158.836364,509.000000,0
2158.840909,509.000000,0
2158.845455,509.000000,0
2158.850000,509.000000,0
2158.854545,509.000000,0
2158.859091,509.000000,0
2158.863636,512.000000,0
2158.868182,512.000000,0
2158.872727,512.000000,0
2158.877273,512.000000,0
2158.881818,510.000000,0
2158.886364,510.000000,0
2158.890909,510.000000,0
2158.895455,510.000000,0
2158.900000,510.000000,0
2158.904545,510.000000,0
2158.909091,510.000000,0
2158.913636,510.000000,0
2158.918182,510.000000,0
2158.922727,512.000000,0
2158.927273,512.000000,0
2158.931818,512.000000,0
2158.936364,512.000000,0
2158.940909,512.000000,0
2158.945455,512.000000,0
2158.950000,512.000000,0
2158.954545,512.000000,0
2158.959091,512.000000,0
2158.963636,510.000000,0
2158.968182,510.000000,0
2158.972727,510.000000,0
2158.977273,510.000000,0
2158.981818,504.000000,0
2158.986364,504.000000,0
2158.990909,504.000000,0
2158.995455,504.000000,0
2159.000000,510.000000,0
2159.004545,510.000000,0
2159.009091,510.000000,0
2159.013636,510.000000,0
2159.018182,513.000000,0
2159.022727,513.000000,0
2159.027273,513.000000,0
2159.031818,513.000000,0
2159.036364,513.000000,0
2159.040909,513.000000,0
2159.045455,513.000000,0
2159.050000,513.000000,0
2159.054545,510.000000,0
2159.059091,510.000000,0
2159.063636,510.000000,0
2159.068182,509.000000,0
2159.072727,509.000000,0
2159.077273,509.000000,0
2159.081818,509.000000,0
2159.086364,509.000000,0
2159.090909,509.000000,0
2159.095455,509.000000,0
2159.100000,509.000000,0
2159.104545,513.000000,0
2159.109091,513.000000,0
2159.113636,513.000000,0
2159.118182,513.000000,0
2159.122727,509.000000,0
2159.127273,509.000000,0
2159.131818,509.000000,0
2159.136364,509.000000,0
2159.140909,513.000000,0
2159.145455,513.000000,0
2159.150000,513.000000,0
2159.154545,513.000000,0
2159.159091,513.000000,0
2159.163636,513.000000,0
2159.168182,513.000000,0
2159.172727,513.000000,0
2159.177273,513.000000,0
2159.181818,508.000000,0
2159.186364,508.000000,0
2159.190909,508.000000,0
2159.195455,508.000000,0
2159.200000,508.000000,0
2159.204545,512.000000,0
2159.209091,512.000000,0
2159.213636,512.000000,0
2159.218182,512.000000,0
2159.222727,508.000000,0
2159.227273,508.000000,0
2159.231818,508.000000,0
2159.236364,508.000000,0
2159.240909,509.000000,0
2159.245455,509.000000,0
2159.250000,509.000000,0
2159.254545,509.000000,0
2159.259091,509.000000,0
2159.263636,509.000000,0
2159.268182,509.000000,0
2159.272727,509.000000,0
2159.277273,513.000000,0
2159.281818,513.000000,0
2159.286364,513.000000,0
2159.290909,509.000000,0
2159.295455,509.000000,0
2159.300000,509.000000,0
2159.304545,509.000000,0
2159.309091,513.000000,0
2159.313636,513.000000,0
2159.318182,513.000000,0
2159.322727,513.000000,0
2159.327273,513.000000,0
2159.331818,509.000000,0
2159.336364,509.000000,0
2159.340909,509.000000,0
2159.345455,509.000000,0
2159.350000,510.000000,0
2159.354545,510.000000,0
2159.359091,510.000000,0
2159.363636,510.000000,0
2159.368182,508.000000,0
2159.372727,508.000000,0
2159.377273,508.000000,0
2159.381818,508.000000,0
2159.386364,513.000000,0
2159.390909,513.000000,0
2159.395455,513.000000,0
2159.400000,513.000000,0
2159.404545,513.000000,0
2159.409091,509.000000,0
2159.413636,509.000000,0
2159.418182,509.000000,0
2159.422727,509.000000,0
2159.427273,513.000000,0
2159.431818,513.000000,0
2159.436364,513.000000,0
2159.440909,513.000000,0
2159.445455,510.000000,0
2159.450000,510.000000,0
2159.454545,510.000000,0
2159.459091,510.000000,0
2159.463636,473.000000,0
2159.468182,473.000000,0
2159.472727,473.000000,0
2159.477273,473.000000,0
2159.481818,506.000000,0
2159.486364,506.000000,0
2159.490909,506.000000,0
2159.495455,506.000000,0
2159.500000,505.000000,0
2159.504545,505.000000,0
2159.509091,505.000000,0
2159.513636,505.000000,0
2159.518182,442.000000,0
2159.522727,442.000000,0
2159.527273,442.000000,0
2159.531818,442.000000,0
2159.536364,513.000000,0
2159.540909,513.000000,0
2159.545455,513.000000,0
2159.550000,513.000000,0
2159.554545,512.000000,0
2159.559091,512.000000,0
2159.563636,512.000000,0
2159.568182,512.000000,0
2159.572727,506.000000,0
2159.577273,506.000000,0
2159.581818,506.000000,0
2159.586364,506.000000,0
2159.590909,512.000000,0
2159.595455,512.000000,0
2159.600000,512.000000,0
2159.604545,512.000000,0
2159.609091,506.000000,0
2159.613636,506.000000,0
2159.618182,506.000000,0
2159.622727,506.000000,0
2159.627273,509.000000,0
2159.631818,509.000000,0
2159.636364,509.000000,0
2159.640909,509.000000,0
2159.645455,513.000000,0
2159.650000,513.000000,0
2159.654545,513.000000,0
2159.659091,513.000000,0
2159.663636,513.000000,0
2159.668182,513.000000,0
2159.672727,513.000000,0
2159.677273,513.000000,0
2159.681818,513.000000,0
2159.686364,513.000000,0
2159.690909,513.000000,0
2159.695455,513.000000,0
2159.700000,512.000000,0
2159.704545,512.000000,0
2159.709091,512.000000,0
2159.713636,512.000000,0
2159.718182,512.000000,0
2159.722727,513.000000,0
2159.727273,513.000000,0
2159.731818,513.000000,0
2159.736364,513.000000,0
2159.740909,513.000000,0
2159.745455,509.000000,0
2159.750000,509.000000,0
2159.754545,509.000000,0
2159.759091,513.000000,0
2159.763636,513.000000,0
2159.768182,513.000000,0
2159.772727,513.000000,0
2159.777273,513.000000,0
2159.781818,740.000000,0
2159.786364,740.000000,0
2159.790909,740.000000,0
2159.795455,740.000000,0
2159.800000,487.000000,0
2159.804545,487.000000,0
2159.809091,487.000000,0
2159.813636,487.000000,0
2159.818182,512.000000,0
2159.822727,512.000000,0
2159.827273,512.000000,0
2159.831818,512.000000,0
2159.836364,512.000000,0
2159.840909,512.000000,0
2159.845455,512.000000,0
2159.850000,510.000000,0
2159.854545,510.000000,0
2159.859091,510.000000,0
2159.863636,510.000000,0
2159.868182,509.000000,0
2159.872727,509.000000,0
2159.877273,509.000000,0
2159.881818,509.000000,0
2159.886364,510.000000,0
2159.890909,510.000000,0
2159.895455,510.000000,0
2159.900000,510.000000,0
2159.904545,510.000000,0
2159.909091,510.000000,0
2159.913636,510.000000,0
2159.918182,510.000000,0
2159.922727,513.000000,0
2159.927273,513.000000,0
2159.931818,513.000000,0
2159.936364,513.000000,0
2159.940909,513.000000,0
2159.945455,513.000000,0
2159.950000,513.000000,0
2159.954545,513.000000,0
2159.959091,513.000000,0
2159.963636,513.000000,0
2159.968182,513.000000,0
2159.972727,513.000000,0
2159.977273,513.000000,0
2159.981818,510.000000,0
2159.986364,510.000000,0
2159.990909,510.000000,0
2159.995455,510.000000,0
2160.000000,513.000000,0
2160.004545,513.000000,0
2160.009091,513.000000,0
2160.013636,513.000000,0
2160.018182,509.000000,0
2160.022727,509.000000,0
2160.027273,509.000000,0
2160.031818,509.000000,0
2160.036364,512.000000,0
2160.040909,512.000000,0
2160.045455,512.000000,0
2160.050000,512.000000,0
2160.054545,509.000000,0
2160.059091,509.000000,0
2160.063636,509.000000,0
2160.068182,509.000000,0
2160.072727,510.000000,0
2160.077273,510.000000,0
2160.081818,510.000000,0
2160.086364,510.000000,0
2160.090909,509.000000,0
2160.095455,509.000000,0
2160.100000,509.000000,0
2160.104545,509.000000,0
2160.109091,509.000000,0
2160.113636,513.000000,0
2160.118182,513.000000,0
2160.122727,513.000000,0
2160.127273,513.000000,0
2160.131818,504.000000,0
2160.136364,504.000000,0
2160.140909,504.000000,0
2160.145455,504.000000,0
2160.150000,510.000000,0
2160.154545,510.000000,0
2160.159091,510.000000,0
2160.163636,510.000000,0
2160.168182,506.000000,0
2160.172727,506.000000,0
2160.177273,506.000000,0
2160.181818,506.000000,0
2160.186364,503.000000,0
2160.190909,503.000000,0
2160.195455,503.000000,0
2160.200000,503.000000,0
2160.204545,512.000000,0
2160.209091,512.000000,0
2160.213636,512.000000,0
2160.218182,512.000000,0
2160.222727,513.000000,0
2160.227273,513.000000,0
2160.231818,513.000000,0
2160.236364,513.000000,0
2160.240909,509.000000,0
2160.245455,509.000000,0
2160.250000,509.000000,0
2160.254545,509.000000,0
2160.259091,508.000000,0
2160.263636,508.000000,0
2160.268182,508.000000,0
2160.272727,508.000000,0
2160.277273,509.000000,0
2160.281818,509.000000,0
2160.286364,509.000000,0
2160.290909,509.000000,0
2160.295455,509.000000,0
2160.300000,506.000000,0
2160.304545,506.000000,0
2160.309091,506.000000,0
2160.313636,506.000000,0
2160.318182,509.000000,0
2160.322727,509.000000,0
2160.327273,509.000000,0
2160.331818,509.000000,0
2160.336364,513.000000,0
2160.340909,513.000000,0
2160.345455,513.000000,0
2160.350000,513.000000,0
2160.354545,500.000000,0
2160.359091,500.000000,0
2160.363636,500.000000,0
2160.368182,500.000000,0
2160.372727,505.000000,0
2160.377273,505.000000,0
2160.381818,505.000000,0
2160.386364,505.000000,0
2160.390909,509.000000,0
2160.395455,509.000000,0
2160.400000,509.000000,0
2160.404545,509.000000,0
2160.409091,508.000000,0
2160.413636,508.000000,0
2160.418182,508.000000,0
2160.422727,508.000000,0
2160.427273,509.000000,0
2160.431818,509.000000,0
2160.436364,509.000000,0
2160.440909,509.000000,0
2160.445455,509.000000,0
2160.450000,509.000000,0
2160.454545,509.000000,0
2160.459091,509.000000,0
2160.463636,513.000000,0
2160.468182,513.000000,0
2160.472727,513.000000,0
2160.477273,513.000000,0
2160.481818,509.000000,0
2160.486364,509.000000,0
2160.490909,509.000000,0
2160.495455,509.000000,0
2160.500000,509.000000,0
2160.504545,509.000000,0
2160.509091,509.000000,0
2160.513636,509.000000,0
2160.518182,514.000000,0
2160.522727,514.000000,0
2160.527273,514.000000,0
2160.531818,514.000000,0
2160.536364,509.000000,0
2160.540909,509.000000,0
2160.545455,509.000000,0
2160.550000,509.000000,0
2160.554545,508.000000,0
2160.559091,508.000000,0
2160.563636,508.000000,0
2160.568182,508.000000,0
2160.572727,509.000000,0
2160.577273,509.000000,0
2160.581818,509.000000,0
2160.586364,509.000000,0
2160.590909,509.000000,0
2160.595455,509.000000,0
2160.600000,509.000000,0
2160.604545,509.000000,0
2160.609091,509.000000,0
2160.613636,512.000000,0
2160.618182,512.000000,0
2160.622727,512.000000,0
2160.627273,512.000000,0
2160.631818,513.000000,0
2160.636364,513.000000,0
2160.640909,513.000000,0
2160.645455,513.000000,0
2160.650000,513.000000,0
2160.654545,513.000000,0
2160.659091,513.000000,0
2160.663636,513.000000,0
2160.668182,510.000000,0
2160.672727,510.000000,0
2160.677273,510.000000,0
2160.681818,510.000000,0
2160.686364,506.000000,0
2160.690909,506.000000,0
2160.695455,506.000000,0
2160.700000,506.000000,0
2160.704545,509.000000,0
2160.709091,509.000000,0
2160.713636,509.000000,0
2160.718182,509.000000,0
2160.722727,513.000000,0
2160.727273,513.000000,0
2160.731818,513.000000,0
2160.736364,513.000000,0
2160.740909,513.000000,0
2160.745455,513.000000,0
2160.750000,513.000000,0
2160.754545,513.000000,0
2160.759091,509.000000,0
2160.763636,509.000000,0
2160.768182,509.000000,0
2160.772727,509.000000,0
2160.777273,700.000000,0
2160.781818,700.000000,0
2160.786364,700.000000,0
2160.790909,700.000000,0
2160.795455,490.000000,0
2160.800000,490.000000,0
2160.804545,490.000000,0
2160.809091,490.000000,0
2160.813636,505.000000,0
2160.818182,505.000000,0
2160.822727,505.000000,0
2160.827273,505.000000,0
2160.831818,505.000000,0
2160.836364,509.000000,0
2160.840909,509.000000,0
2160.845455,509.000000,0
2160.850000,509.000000,0
2160.854545,512.000000,0
2160.859091,512.000000,0
2160.863636,512.000000,0
2160.868182,512.000000,0
2160.872727,512.000000,0
2160.877273,512.000000,0
2160.881818,512.000000,0
2160.886364,512.000000,0
2160.890909,509.000000,0
2160.895455,509.000000,0
2160.900000,509.000000,0
2160.904545,509.000000,0
2160.909091,510.000000,0
2160.913636,510.000000,0
2160.918182,510.000000,0
2160.922727,510.000000,0
2160.927273,509.000000,0
2160.931818,509.000000,0
2160.936364,509.000000,0
2160.940909,509.000000,0
2160.945455,510.000000,0
2160.950000,510.000000,0
2160.954545,510.000000,0
2160.959091,510.000000,0
2160.963636,510.000000,0
2160.968182,510.000000,0
2160.972727,510.000000,0
2160.977273,510.000000,0
2160.981818,510.000000,0
2160.986364,510.000000,0
2160.990909,510.000000,0
2160.995455,510.000000,0
2161.000000,510.000000,0
2161.004545,512.000000,0
2161.009091,512.000000,0
2161.013636,512.000000,0
2161.018182,512.000000,0
2161.022727,513.000000,0
2161.027273,513.000000,0
2161.031818,513.000000,0
2161.036364,513.000000,0
2161.040909,513.000000,0
2161.045455,513.000000,0
2161.050000,513.000000,0
2161.054545,513.000000,0
2161.059091,509.000000,0
2161.063636,509.000000,0
2161.068182,509.000000,0
2161.072727,509.000000,0
2161.077273,509.000000,0
2161.081818,509.000000,0
2161.086364,509.000000,0
2161.090909,509.000000,0
2161.095455,509.000000,0
2161.100000,509.000000,0
2161.104545,509.000000,0
2161.109091,509.000000,0
2161.113636,509.000000,0
2161.118182,509.000000,0
2161.122727,509.000000,0
2161.127273,509.000000,0
2161.131818,509.000000,0
2161.136364,513.000000,0
2161.140909,513.000000,0
2161.145455,513.000000,0
2161.150000,513.000000,0
2161.154545,513.000000,0
2161.159091,513.000000,0
2161.163636,513.000000,0
2161.168182,513.000000,0
2161.172727,510.000000,0
2161.177273,510.000000,0
2161.181818,510.000000,0
2161.186364,510.000000,0
2161.190909,513.000000,0
2161.195455,513.000000,0
2161.200000,513.000000,0
2161.204545,513.000000,0
2161.209091,509.000000,0
2161.213636,509.000000,0
2161.218182,509.000000,0
2161.222727,509.000000,0
2161.227273,509.000000,0
2161.231818,509.000000,0
2161.236364,509.000000,0
2161.240909,509.000000,0
2161.245455,510.000000,0
2161.250000,510.000000,0
2161.254545,510.000000,0
2161.259091,510.000000,0
2161.263636,510.000000,0
2161.268182,510.000000,0
2161.272727,510.000000,0
2161.277273,510.000000,0
2161.281818,513.000000,0
2161.286364,513.000000,0
2161.290909,513.000000,0
2161.295455,513.000000,0
2161.300000,509.000000,0
2161.304545,509.000000,0
2161.309091,509.000000,0
2161.313636,509.000000,0
2161.318182,510.000000,0
2161.322727,510.000000,0
2161.327273,510.000000,0
2161.331818,509.000000,0
2161.336364,509.000000,0
2161.340909,509.000000,0
2161.345455,509.000000,0
2161.350000,509.000000,0
2161.354545,509.000000,0
2161.359091,509.000000,0
2161.363636,509.000000,0
2161.368182,509.000000,0
2161.372727,509.000000,0
2161.377273,509.000000,0
2161.381818,509.000000,0
2161.386364,509.000000,0
2161.390909,509.000000,0
2161.395455,509.000000,0
2161.400000,509.000000,0
2161.404545,509.000000,0
2161.409091,512.000000,0
2161.413636,512.000000,0
2161.418182,512.000000,0
2161.422727,512.000000,0
2161.427273,510.000000,0
2161.431818,510.000000,0
2161.436364,510.000000,0
2161.440909,510.000000,0
2161.445455,509.000000,0
2161.450000,509.000000,0
2161.454545,509.000000,0
2161.459091,509.000000,0
2161.463636,509.000000,0
2161.468182,509.000000,0
2161.472727,509.000000,0
2161.477273,509.000000,0
2161.481818,509.000000,0
2161.486364,510.000000,0
2161.490909,510.000000,0
2161.495455,510.000000,0
2161.500000,510.000000,0
2161.504545,510.000000,0
2161.509091,510.000000,0
2161.513636,510.000000,0
2161.518182,510.000000,0
2161.522727,512.000000,0
2161.527273,512.000000,0
2161.531818,512.000000,0
2161.536364,512.000000,0
2161.540909,513.000000,0
2161.545455,513.000000,0
2161.550000,513.000000,0
2161.554545,513.000000,0
2161.559091,510.000000,0
2161.563636,510.000000,0
2161.568182,510.000000,0
2161.572727,510.000000,0
2161.577273,510.000000,0
2161.581818,510.000000,0
2161.586364,510.000000,0
2161.590909,510.000000,0
2161.595455,509.000000,0
2161.600000,509.000000,0
2161.604545,509.000000,0
2161.609091,509.000000,0
2161.613636,509.000000,0
2161.618182,509.000000,0
2161.622727,509.000000,0
2161.627273,509.000000,0
2161.631818,510.000000,0
2161.636364,510.000000,0
2161.640909,510.000000,0
2161.645455,510.000000,0
2161.650000,512.000000,0
2161.654545,512.000000,0
2161.659091,512.000000,0
2161.663636,512.000000,0
2161.668182,512.000000,0
2161.672727,512.000000,0
2161.677273,512.000000,0
2161.681818,512.000000,0
2161.686364,512.000000,0
2161.690909,512.000000,0
2161.695455,512.000000,0
2161.700000,512.000000,0
2161.704545,512.000000,0
2161.709091,553.000000,0
2161.713636,553.000000,0
2161.718182,553.000000,0
2161.722727,553.000000,0
2161.727273,466.000000,0
2161.731818,466.000000,0
2161.736364,466.000000,0
2161.740909,466.000000,0
2161.745455,504.000000,0
2161.750000,504.000000,0
2161.754545,504.000000,0
2161.759091,504.000000,0
2161.763636,509.000000,0
2161.768182,509.000000,0
2161.772727,509.000000,0
2161.777273,509.000000,0
2161.781818,509.000000,0
2161.786364,509.000000,0
2161.790909,509.000000,0
2161.795455,509.000000,0
2161.800000,510.000000,0
2161.804545,510.000000,0
2161.809091,510.000000,0
2161.813636,510.000000,0
2161.818182,510.000000,0
2161.822727,510.000000,0
2161.827273,510.000000,0
2161.831818,510.000000,0
2161.836364,510.000000,0
2161.840909,512.000000,0
2161.845455,512.000000,0
2161.850000,512.000000,0
2161.854545,510.000000,0
2161.859091,510.000000,0
2161.863636,510.000000,0
2161.868182,510.000000,0
2161.872727,482.000000,0
2161.877273,482.000000,0
2161.881818,482.000000,0
2161.886364,482.000000,0
2161.890909,506.000000,0
2161.895455,506.000000,0
2161.900000,506.000000,0
2161.904545,506.000000,0
2161.909091,510.000000,0
2161.913636,510.000000,0
2161.918182,510.000000,0
2161.922727,510.000000,0
2161.927273,510.000000,0
2161.931818,510.000000,0
2161.936364,513.000000,0
2161.940909,513.000000,0
2161.945455,513.000000,0
2161.950000,513.000000,0
2161.954545,513.000000,0
2161.959091,513.000000,0
2161.963636,513.000000,0
2161.968182,509.000000,0
2161.972727,509.000000,0
2161.977273,509.000000,0
2161.981818,510.000000,0
2161.986364,510.000000,0
2161.990909,510.000000,0
2161.995455,510.000000,0
2162.000000,509.000000,0
2162.004545,509.000000,0
2162.009091,509.000000,0
2162.013636,509.000000,0
2162.018182,509.000000,0
2162.022727,509.000000,0
2162.027273,509.000000,0
2162.031818,509.000000,0
2162.036364,510.000000,0
2162.040909,510.000000,0
2162.045455,510.000000,0
2162.050000,510.000000,0
2162.054545,513.000000,0
2162.059091,513.000000,0
2162.063636,513.000000,0
2162.068182,512.000000,0
2162.072727,512.000000,0
2162.077273,512.000000,0
2162.081818,512.000000,0
2162.086364,512.000000,0
2162.090909,512.000000,0
2162.095455,512.000000,0
2162.100000,512.000000,0
2162.104545,510.000000,0
2162.109091,510.000000,0
2162.113636,510.000000,0
2162.118182,510.000000,0
2162.122727,510.000000,0
2162.127273,510.000000,0
2162.131818,510.000000,0
2162.136364,510.000000,0
2162.140909,509.000000,0
2162.145455,509.000000,0
2162.150000,509.000000,0
2162.154545,509.000000,0
2162.159091,510.000000,0
2162.163636,510.000000,0
2162.168182,510.000000,0
2162.172727,512.000000,0
2162.177273,512.000000,0
2162.181818,512.000000,0
2162.186364,512.000000,0
2162.190909,512.000000,0
2162.195455,512.000000,0
2162.200000,512.000000,0
2162.204545,512.000000,0
2162.209091,510.000000,0
2162.213636,510.000000,0
2162.218182,510.000000,0
2162.222727,510.000000,0
2162.227273,510.000000,0
2162.231818,510.000000,0
2162.236364,510.000000,0
2162.240909,510.000000,0
2162.245455,510.000000,0
2162.250000,509.000000,0
2162.254545,509.000000,0
2162.259091,509.000000,0
2162.263636,509.000000,0
2162.268182,509.000000,0
2162.272727,509.000000,0
2162.277273,509.000000,0
2162.281818,509.000000,0
2162.286364,509.000000,0
2162.290909,509.000000,0
2162.295455,509.000000,0
2162.300000,509.000000,0
2162.304545,512.000000,0
2162.309091,512.000000,0
2162.313636,512.000000,0
2162.318182,512.000000,0
2162.322727,512.000000,0
2162.327273,512.000000,0
2162.331818,512.000000,0
2162.336364,512.000000,0
2162.340909,510.000000,0
2162.345455,510.000000,0
2162.350000,510.000000,0
2162.354545,510.000000,0
2162.359091,509.000000,0
2162.363636,509.000000,0
2162.368182,509.000000,0
2162.372727,509.000000,0
2162.377273,509.000000,0
2162.381818,510.000000,0
2162.386364,510.000000,0
2162.390909,510.000000,0
2162.395455,510.000000,0
2162.400000,510.000000,0
2162.404545,510.000000,0
2162.409091,510.000000,1
2162.413636,510.000000,0
2162.418182,510.000000,0
2162.422727,510.000000,0
2162.427273,510.000000,0
2162.431818,513.000000,0
2162.436364,513.000000,0
2162.440909,513.000000,0
2162.445455,513.000000,0
2162.450000,513.000000,0
2162.454545,512.000000,0
2162.459091,512.000000,0
2162.463636,512.000000,0
2162.468182,512.000000,0
2162.472727,512.000000,0
2162.477273,512.000000,0
2162.481818,512.000000,0
2162.486364,510.000000,0
2162.490909,510.000000,0
2162.495455,510.000000,0
2162.500000,510.000000,0
2162.504545,508.000000,0
2162.509091,508.000000,0
2162.513636,508.000000,0
2162.518182,508.000000,0
2162.522727,509.000000,0
2162.527273,509.000000,0
2162.531818,509.000000,0
2162.536364,510.000000,0
2162.540909,510.000000,0
2162.545455,510.000000,0
2162.550000,510.000000,0
2162.554545,510.000000,0
2162.559091,510.000000,0
2162.563636,510.000000,0
2162.568182,510.000000,0
2162.572727,509.000000,0
2162.577273,509.000000,0
2162.581818,509.000000,0
2162.586364,510.000000,0
2162.590909,510.000000,0
2162.595455,510.000000,0
2162.600000,510.000000,0
2162.604545,510.000000,0
2162.609091,510.000000,0
2162.613636,510.000000,0
2162.618182,510.000000,0
2162.622727,510.000000,0
2162.627273,508.000000,0
2162.631818,508.000000,0
2162.636364,508.000000,0
2162.640909,508.000000,0
2162.645455,509.000000,0
2162.650000,509.000000,0
2162.654545,509.000000,0
2162.659091,509.000000,0
2162.663636,509.000000,0
2162.668182,509.000000,0
2162.672727,509.000000,0
2162.677273,509.000000,0
2162.681818,513.000000,0
2162.686364,513.000000,0
2162.690909,513.000000,0
2162.695455,513.000000,0
2162.700000,512.000000,0
2162.704545,512.000000,0
2162.709091,512.000000,0
2162.713636,512.000000,0
2162.718182,510.000000,0
2162.722727,510.000000,0
2162.727273,510.000000,0
2162.731818,510.000000,0
2162.736364,509.000000,0
2162.740909,509.000000,0
2162.745455,509.000000,0
2162.750000,509.000000,0
2162.754545,509.000000,0
2162.759091,509.000000,0
2162.763636,509.000000,0
2162.768182,509.000000,0
2162.772727,509.000000,0
2162.777273,509.000000,0
2162.781818,509.000000,0
2162.786364,509.000000,0
2162.790909,509.000000,0
2162.795455,509.000000,0
2162.800000,509.000000,0
2162.804545,509.000000,0
2162.809091,512.000000,0
2162.813636,512.000000,0
2162.818182,512.000000,0
2162.822727,512.000000,0
2162.827273,510.000000,0
2162.831818,510.000000,0
2162.836364,510.000000,0
2162.840909,510.000000,0
2162.845455,512.000000,0
2162.850000,512.000000,0
2162.854545,512.000000,0
2162.859091,512.000000,0
2162.863636,509.000000,0
2162.868182,509.000000,0
2162.872727,509.000000,0
2162.877273,509.000000,0
2162.881818,509.000000,0
2162.886364,509.000000,0
2162.890909,509.000000,0
2162.895455,509.000000,0
2162.900000,509.000000,0
2162.904545,509.000000,0
2162.909091,509.000000,0
2162.913636,509.000000,0
2162.918182,509.000000,0
2162.922727,509.000000,0
2162.927273,509.000000,0
2162.931818,509.000000,0
2162.936364,513.000000,0
2162.940909,513.000000,0
2162.945455,513.000000,0
2162.950000,513.000000,0
2162.954545,513.000000,0
2162.959091,513.000000,0
2162.963636,512.000000,0
2162.968182,512.000000,0
2162.972727,512.000000,0
2162.977273,512.000000,0
2162.981818,510.000000,0
2162.986364,510.000000,0
2162.990909,510.000000,0
2162.995455,509.000000,0
2163.000000,509.000000,0
2163.004545,509.000000,0
2163.009091,509.000000,0
2163.013636,509.000000,0
2163.018182,509.000000,0
2163.022727,509.000000,0
2163.027273,509.000000,0
2163.031818,510.000000,0
2163.036364,510.000000,0
2163.040909,510.000000,0
2163.045455,510.000000,0
2163.050000,506.000000,0
2163.054545,506.000000,0
2163.059091,506.000000,0
2163.063636,506.000000,0
2163.068182,448.000000,0
2163.072727,448.000000,0
2163.077273,448.000000,0
2163.081818,448.000000,0
2163.086364,448.000000,0
2163.090909,513.000000,0
2163.095455,513.000000,0
2163.100000,513.000000,0
2163.104545,513.000000,0
2163.109091,512.000000,0
2163.113636,512.000000,0
2163.118182,512.000000,0
2163.122727,512.000000,0
2163.127273,509.000000,0
2163.131818,509.000000,0
2163.136364,509.000000,0
2163.140909,509.000000,0
2163.145455,509.000000,0
2163.150000,509.000000,0
2163.154545,509.000000,0
2163.159091,509.000000,0
2163.163636,510.000000,0
2163.168182,510.000000,0
2163.172727,510.000000,0
2163.177273,510.000000,0
2163.181818,506.000000,0
2163.186364,506.000000,0
2163.190909,506.000000,0
2163.195455,506.000000,0
2163.200000,509.000000,0
2163.204545,509.000000,0
2163.209091,509.000000,0
2163.213636,509.000000,0
2163.218182,509.000000,0
2163.222727,509.000000,0
2163.227273,509.000000,0
2163.231818,509.000000,0
2163.236364,509.000000,0
2163.240909,509.000000,0
2163.245455,509.000000,0
2163.250000,509.000000,0
2163.254545,509.000000,0
2163.259091,509.000000,0
2163.263636,509.000000,0
2163.268182,509.000000,0
2163.272727,509.000000,0
2163.277273,510.000000,0
2163.281818,510.000000,0
2163.286364,510.000000,0
2163.290909,510.000000,0
2163.295455,510.000000,0
2163.300000,510.000000,0
2163.304545,510.000000,0
2163.309091,510.000000,0
2163.313636,510.000000,0
2163.318182,510.000000,0
2163.322727,510.000000,0
2163.327273,510.000000,0
2163.331818,513.000000,0
2163.336364,513.000000,0
2163.340909,513.000000,0
2163.345455,513.000000,0
2163.350000,510.000000,0
2163.354545,510.000000,0
2163.359091,510.000000,0
2163.363636,510.000000,0
2163.368182,424.000000,0
2163.372727,424.000000,0
2163.377273,424.000000,0
2163.381818,424.000000,0
2163.386364,500.000000,0
2163.390909,500.000000,0
2163.395455,500.000000,0
2163.400000,512.000000,0
2163.404545,512.000000,0
2163.409091,512.000000,0
2163.413636,512.000000,0
2163.418182,509.000000,0
2163.422727,509.000000,0
2163.427273,509.000000,0
2163.431818,509.000000,0
2163.436364,509.000000,0
2163.440909,509.000000,0
2163.445455,509.000000,0
2163.450000,509.000000,0
2163.454545,510.000000,0
2163.459091,510.000000,0
2163.463636,510.000000,0
2163.468182,509.000000,0
2163.472727,509.000000,0
2163.477273,509.000000,0
2163.481818,509.000000,0
2163.486364,509.000000,0
2163.490909,509.000000,0
2163.495455,509.000000,0
2163.500000,509.000000,0
2163.504545,509.000000,0
2163.509091,509.000000,0
2163.513636,509.000000,0
2163.518182,509.000000,0
2163.522727,510.000000,0
2163.527273,510.000000,0
2163.531818,510.000000,0
2163.536364,510.000000,0
2163.540909,510.000000,0
2163.545455,506.000000,0
2163.550000,506.000000,0
2163.554545,506.000000,0
2163.559091,506.000000,0
2163.563636,505.000000,0
2163.568182,505.000000,0
2163.572727,505.000000,0
2163.577273,505.000000,0
2163.581818,513.000000,0
2163.586364,513.000000,0
2163.590909,513.000000,0
2163.595455,513.000000,0
2163.600000,512.000000,0
2163.604545,512.000000,0
2163.609091,512.000000,0
2163.613636,512.000000,0
2163.618182,509.000000,0
2163.622727,509.000000,0
2163.627273,509.000000,0
2163.631818,509.000000,0
2163.636364,513.000000,0
2163.640909,513.000000,0
2163.645455,513.000000,0
2163.650000,513.000000,0
2163.654545,513.000000,0
2163.659091,512.000000,0
2163.663636,512.000000,0
2163.668182,512.000000,0
2163.672727,509.000000,0
2163.677273,509.000000,0
2163.681818,509.000000,0
2163.686364,509.000000,0
2163.690909,510.000000,0
2163.695455,510.000000,0
2163.700000,510.000000,0
2163.704545,510.000000,0
2163.709091,510.000000,0
2163.713636,510.000000,0
2163.718182,513.000000,0
2163.722727,513.000000,0
2163.727273,513.000000,0
2163.731818,513.000000,0
2163.736364,500.000000,0
2163.740909,500.000000,0
2163.745455,500.000000,0
2163.750000,500.000000,0
2163.754545,503.000000,0
2163.759091,503.000000,0
2163.763636,503.000000,0
2163.768182,503.000000,0
2163.772727,509.000000,0
2163.777273,509.000000,0
2163.781818,509.000000,0
2163.786364,506.000000,0
2163.790909,506.000000,0
2163.795455,506.000000,0
2163.800000,506.000000,0
2163.804545,506.000000,0
2163.809091,508.000000,0
2163.813636,508.000000,0
2163.818182,508.000000,0
2163.822727,513.000000,0
2163.827273,513.000000,0
2163.831818,513.000000,0
2163.836364,513.000000,0
2163.840909,512.000000,0
2163.845455,512.000000,0
2163.850000,512.000000,0
2163.854545,512.000000,0
2163.859091,521.000000,0
2163.863636,521.000000,0
2163.868182,521.000000,0
2163.872727,521.000000,0
2163.877273,508.000000,0
2163.881818,508.000000,0
2163.886364,508.000000,0
2163.890909,508.000000,0
2163.895455,508.000000,0
2163.900000,514.000000,0
2163.904545,514.000000,0
2163.909091,514.000000,0
2163.913636,514.000000,0
2163.918182,505.000000,0
2163.922727,505.000000,0
2163.927273,505.000000,0
2163.931818,508.000000,0
2163.936364,508.000000,0
2163.940909,508.000000,0
2163.945455,508.000000,0
2163.950000,508.000000,0
2163.954545,508.000000,0
2163.959091,508.000000,0
2163.963636,508.000000,0
2163.968182,508.000000,0
2163.972727,509.000000,0
2163.977273,509.000000,0
2163.981818,509.000000,0
2163.986364,509.000000,0
2163.990909,512.000000,0
2163.995455,512.000000,0
2164.000000,512.000000,0
2164.004545,512.000000,0
2164.009091,516.000000,0
2164.013636,516.000000,0
2164.018182,516.000000,0
2164.022727,516.000000,0
2164.027273,516.000000,0
2164.031818,510.000000,0
2164.036364,510.000000,0
2164.040909,510.000000,0
2164.045455,508.000000,0
2164.050000,508.000000,0
2164.054545,508.000000,0
2164.059091,508.000000,0
2164.063636,504.000000,0
2164.068182,504.000000,0
2164.072727,504.000000,0
2164.077273,504.000000,0
2164.081818,516.000000,0
2164.086364,516.000000,0
2164.090909,516.000000,0
2164.095455,516.000000,0
2164.100000,510.000000,0
2164.104545,510.000000,0
2164.109091,510.000000,0
2164.113636,510.000000,0
2164.118182,510.000000,0
2164.122727,513.000000,0
2164.127273,513.000000,0
2164.131818,513.000000,0
2164.136364,513.000000,0
2164.140909,509.000000,0
2164.145455,509.000000,0
2164.150000,509.000000,0
2164.154545,509.000000,0
2164.159091,513.000000,0
2164.163636,513.000000,0
2164.168182,513.000000,0
2164.172727,513.000000,0
2164.177273,509.000000,0
2164.181818,509.000000,0
2164.186364,509.000000,0
2164.190909,509.000000,0
2164.195455,509.000000,0
2164.200000,509.000000,0
2164.204545,509.000000,0
2164.209091,509.000000,0
2164.213636,510.000000,0
2164.218182,510.000000,0
2164.222727,510.000000,0
2164.227273,510.000000,0
2164.231818,510.000000,0
2164.236364,510.000000,0
2164.240909,510.000000,0
2164.245455,510.000000,0
2164.250000,510.000000,0
2164.254545,510.000000,0
2164.259091,510.000000,0
2164.263636,510.000000,0
2164.268182,512.000000,0
2164.272727,512.000000,0
2164.277273,512.000000,0
2164.281818,512.000000,0
2164.286364,508.000000,0
2164.290909,508.000000,0
2164.295455,508.000000,0
2164.300000,508.000000,0
2164.304545,509.000000,0
2164.309091,509.000000,0
2164.313636,509.000000,0
2164.318182,509.000000,0
2164.322727,509.000000,0
2164.327273,509.000000,0
2164.331818,509.000000,0
2164.336364,509.000000,0
2164.340909,509.000000,0
2164.345455,509.000000,0
2164.350000,509.000000,0
2164.354545,509.000000,0
2164.359091,509.000000,0
2164.363636,513.000000,0
2164.368182,513.000000,0
2164.372727,513.000000,0
2164.377273,513.000000,0
2164.381818,513.000000,0
2164.386364,513.000000,0
2164.390909,513.000000,0
2164.395455,513.000000,0
2164.400000,491.000000,0
2164.404545,491.000000,0
2164.409091,491.000000,0
2164.413636,491.000000,0
2164.418182,508.000000,0
2164.422727,508.000000,0
2164.427273,508.000000,0
2164.431818,508.000000,0
2164.436364,513.000000,0
2164.440909,513.000000,0
2164.445455,513.000000,0
2164.450000,513.000000,0
2164.454545,513.000000,0
2164.459091,513.000000,0
2164.463636,509.000000,0
2164.468182,509.000000,0
2164.472727,509.000000,0
2164.477273,509.000000,0
2164.481818,509.000000,0
2164.486364,509.000000,0
2164.490909,509.000000,0
2164.495455,512.000000,0
2164.500000,512.000000,0
2164.504545,512.000000,0
2164.509091,513.000000,0
2164.513636,513.000000,0
2164.518182,513.000000,0
2164.522727,513.000000,0
2164.527273,513.000000,0
2164.531818,512.000000,0
2164.536364,512.000000,0
2164.540909,512.000000,0
2164.545455,509.000000,0
2164.550000,509.000000,0
2164.554545,509.000000,0
2164.559091,509.000000,0
2164.563636,509.000000,0
2164.568182,513.000000,0
2164.572727,513.000000,0
2164.577273,513.000000,0
2164.581818,513.000000,0
2164.586364,500.000000,0
2164.590909,500.000000,0
2164.595455,500.000000,0
2164.600000,500.000000,0
2164.604545,509.000000,0
2164.609091,509.000000,0
2164.613636,509.000000,0
2164.618182,509.000000,0
2164.622727,512.000000,0
2164.627273,512.000000,0
2164.631818,512.000000,0
2164.636364,512.000000,0
2164.640909,512.000000,0
2164.645455,512.000000,0
2164.650000,512.000000,0
2164.654545,512.000000,0
2164.659091,508.000000,0
2164.663636,508.000000,0
2164.668182,508.000000,0
2164.672727,508.000000,0
2164.677273,512.000000,0
2164.681818,512.000000,0
2164.686364,512.000000,0
2164.690909,512.000000,0
2164.695455,508.000000,0
2164.700000,508.000000,0
2164.704545,508.000000,0
2164.709091,508.000000,0
2164.713636,509.000000,0
2164.718182,509.000000,0
2164.722727,509.000000,0
2164.727273,509.000000,0
2164.731818,509.000000,0
2164.736364,509.000000,0
2164.740909,509.000000,0
2164.745455,509.000000,0
2164.750000,509.000000,0
2164.754545,510.000000,0
2164.759091,510.000000,0
2164.763636,510.000000,0
2164.768182,510.000000,0
2164.772727,506.000000,0
2164.777273,506.000000,0
2164.781818,506.000000,0
2164.786364,506.000000,0
2164.790909,509.000000,0
2164.795455,509.000000,0
2164.800000,509.000000,0
2164.804545,509.000000,0
2164.809091,509.000000,0
2164.813636,510.000000,0
2164.818182,510.000000,0
2164.822727,510.000000,0
2164.827273,508.000000,0
2164.831818,508.000000,0
2164.836364,508.000000,0
2164.840909,508.000000,0
2164.845455,510.000000,0
2164.850000,510.000000,0
2164.854545,510.000000,0
2164.859091,510.000000,0
2164.863636,510.000000,0
2164.868182,510.000000,0
2164.872727,510.000000,0
2164.877273,510.000000,0
2164.881818,512.000000,0
2164.886364,512.000000,0
2164.890909,512.000000,0
2164.895455,512.000000,0
2164.900000,512.000000,0
2164.904545,510.000000,0
2164.909091,510.000000,0
2164.913636,510.000000,0
2164.918182,510.000000,0
2164.922727,513.000000,0
2164.927273,513.000000,0
2164.931818,513.000000,0
2164.936364,513.000000,0
2164.940909,513.000000,0
2164.945455,508.000000,0
2164.950000,508.000000,0
2164.954545,508.000000,0
2164.959091,508.000000,0
2164.963636,508.000000,0
2164.968182,508.000000,0
2164.972727,508.000000,0
2164.977273,508.000000,0
2164.981818,509.000000,0
2164.986364,509.000000,0
2164.990909,509.000000,0
2164.995455,509.000000,0
2165.000000,509.000000,0
2165.004545,509.000000,0
2165.009091,509.000000,0
2165.013636,509.000000,0
2165.018182,509.000000,0
2165.022727,509.000000,0
2165.027273,509.000000,0
2165.031818,509.000000,0
2165.036364,514.000000,0
2165.040909,514.000000,0
2165.045455,514.000000,0
2165.050000,509.000000,0
2165.054545,509.000000,0
2165.059091,509.000000,0
2165.063636,509.000000,0
2165.068182,508.000000,0
2165.072727,508.000000,0
2165.077273,508.000000,0
2165.081818,508.000000,0
2165.086364,508.000000,0
2165.090909,506.000000,0
2165.095455,506.000000,0
2165.100000,506.000000,0
2165.104545,506.000000,0
2165.109091,509.000000,0
2165.113636,509.000000,0
2165.118182,509.000000,0
2165.122727,509.000000,0
2165.127273,509.000000,0
2165.131818,509.000000,0
2165.136364,509.000000,0
2165.140909,509.000000,0
2165.145455,509.000000,0
2165.150000,509.000000,0
2165.154545,509.000000,0
2165.159091,509.000000,0
2165.163636,510.000000,0
2165.168182,510.000000,0
2165.172727,510.000000,0
2165.177273,510.000000,0
2165.181818,513.000000,0
2165.186364,513.000000,0
2165.190909,513.000000,0
2165.195455,513.000000,0
2165.200000,512.000000,0
2165.204545,512.000000,0
2165.209091,512.000000,0
2165.213636,512.000000,0
2165.218182,508.000000,0
2165.222727,508.000000,0
2165.227273,508.000000,0
2165.231818,508.000000,0
2165.236364,509.000000,0
2165.240909,509.000000,0
2165.245455,509.000000,0
2165.250000,509.000000,0
2165.254545,512.000000,0
2165.259091,512.000000,0
2165.263636,512.000000,0
2165.268182,512.000000,0
2165.272727,513.000000,0
2165.277273,513.000000,0
2165.281818,513.000000,0
2165.286364,513.000000,0
2165.290909,510.000000,0
2165.295455,510.000000,0
2165.300000,510.000000,0
2165.304545,510.000000,0
2165.309091,514.000000,0
2165.313636,514.000000,0
2165.318182,514.000000,0
2165.322727,514.000000,0
2165.327273,514.000000,0
2165.331818,508.000000,0
2165.336364,508.000000,0
2165.340909,508.000000,0
2165.345455,508.000000,0
2165.350000,508.000000,0
2165.354545,508.000000,0
2165.359091,508.000000,0
2165.363636,508.000000,0
2165.368182,414.000000,0
2165.372727,414.000000,0
2165.377273,414.000000,0
2165.381818,414.000000,0
2165.386364,496.000000,0
2165.390909,496.000000,0
2165.395455,496.000000,0
2165.400000,496.000000,0
2165.404545,509.000000,0
2165.409091,509.000000,0
2165.413636,509.000000,0
2165.418182,509.000000,0
2165.422727,513.000000,0
2165.427273,513.000000,0
2165.431818,513.000000,0
2165.436364,513.000000,0
2165.440909,509.000000,0
2165.445455,509.000000,0
2165.450000,509.000000,0
2165.454545,509.000000,0
2165.459091,510.000000,0
2165.463636,510.000000,0
2165.468182,510.000000,0
2165.472727,510.000000,0
2165.477273,510.000000,0
2165.481818,510.000000,0
2165.486364,510.000000,0
2165.490909,510.000000,0
2165.495455,510.000000,0
2165.500000,510.000000,0
2165.504545,510.000000,0
2165.509091,510.000000,0
2165.513636,509.000000,0
2165.518182,509.000000,0
2165.522727,509.000000,0
2165.527273,509.000000,0
2165.531818,509.000000,0
2165.536364,512.000000,0
2165.540909,512.000000,0
2165.545455,512.000000,0
2165.550000,512.000000,0
2165.554545,510.000000,0
2165.559091,510.000000,0
2165.563636,510.000000,0
2165.568182,510.000000,0
2165.572727,512.000000,0
2165.577273,512.000000,0
2165.581818,512.000000,0
2165.586364,512.000000,0
2165.590909,509.000000,0
2165.595455,509.000000,0
2165.600000,509.000000,0
2165.604545,509.000000,0
2165.609091,692.000000,0
2165.613636,692.000000,0
2165.618182,692.000000,0
2165.622727,692.000000,0
2165.627273,451.000000,0
2165.631818,451.000000,0
2165.636364,451.000000,0
2165.640909,451.000000,0
2165.645455,503.000000,0
2165.650000,503.000000,0
2165.654545,503.000000,0
2165.659091,503.000000,0
2165.663636,503.000000,0
2165.668182,506.000000,0
2165.672727,506.000000,0
2165.677273,506.000000,0
2165.681818,510.000000,0
2165.686364,510.000000,0
2165.690909,510.000000,0
2165.695455,510.000000,0
2165.700000,510.000000,0
2165.704545,510.000000,0
2165.709091,510.000000,0
2165.713636,510.000000,0
2165.718182,512.000000,0
2165.722727,512.000000,0
2165.727273,512.000000,0
2165.731818,512.000000,0
2165.736364,509.000000,0
2165.740909,509.000000,0
2165.745455,509.000000,0
2165.750000,509.000000,0
2165.754545,509.000000,0
2165.759091,509.000000,0
2165.763636,509.000000,0
2165.768182,509.000000,0
2165.772727,509.000000,0
2165.777273,509.000000,0
2165.781818,509.000000,0
2165.786364,509.000000,0
2165.790909,509.000000,0
2165.795455,509.000000,0
2165.800000,509.000000,0
2165.804545,509.000000,0
2165.809091,509.000000,0
2165.813636,509.000000,0
2165.818182,509.000000,0
2165.822727,509.000000,0
2165.827273,509.000000,0
2165.831818,513.000000,0
2165.836364,513.000000,0
2165.840909,513.000000,0
2165.845455,513.000000,0
2165.850000,510.000000,0
2165.854545,510.000000,0
2165.859091,510.000000,0
2165.863636,510.000000,0
2165.868182,510.000000,0
2165.872727,510.000000,0
2165.877273,510.000000,0
2165.881818,510.000000,0
2165.886364,509.000000,0
2165.890909,509.000000,0
2165.895455,509.000000,0
2165.900000,509.000000,0
2165.904545,510.000000,0
2165.909091,510.000000,0
2165.913636,510.000000,0
2165.918182,510.000000,0
2165.922727,510.000000,0
2165.927273,509.000000,0
2165.931818,509.000000,0
2165.936364,509.000000,0
2165.940909,510.000000,0
2165.945455,510.000000,0
2165.950000,510.000000,0
2165.954545,510.000000,0
2165.959091,510.000000,0
2165.963636,513.000000,0
2165.968182,513.000000,0
2165.972727,513.000000,0
2165.977273,513.000000,0
2165.981818,512.000000,0
2165.986364,512.000000,0
2165.990909,512.000000,0
2165.995455,512.000000,0
2166.000000,512.000000,0
2166.004545,509.000000,0
2166.009091,509.000000,0
2166.013636,509.000000,0
2166.018182,508.000000,0
2166.022727,508.000000,0
2166.027273,508.000000,0
2166.031818,508.000000,0
2166.036364,508.000000,0
2166.040909,509.000000,0
2166.045455,509.000000,0
2166.050000,509.000000,0
2166.054545,509.000000,0
2166.059091,509.000000,0
2166.063636,509.000000,0
2166.068182,509.000000,0
2166.072727,510.000000,0
2166.077273,510.000000,0
2166.081818,510.000000,0
2166.086364,510.000000,0
2166.090909,512.000000,0
2166.095455,512.000000,0
2166.100000,512.000000,0
2166.104545,512.000000,0
2166.109091,510.000000,0
2166.113636,510.000000,0
2166.118182,510.000000,0
2166.122727,510.000000,0
2166.127273,510.000000,0
2166.131818,509.000000,0
2166.136364,509.000000,0
2166.140909,509.000000,0
2166.145455,509.000000,0
2166.150000,509.000000,0
2166.154545,509.000000,0
2166.159091,509.000000,0
2166.163636,509.000000,0
2166.168182,509.000000,0
2166.172727,509.000000,0
2166.177273,509.000000,0
2166.181818,510.000000,0
2166.186364,510.000000,0
2166.190909,510.000000,0
2166.195455,510.000000,0
2166.200000,510.000000,0
2166.204545,509.000000,0
2166.209091,509.000000,0
2166.213636,509.000000,0
2166.218182,509.000000,0
2166.222727,510.000000,0
2166.227273,510.000000,0
2166.231818,510.000000,0
2166.236364,510.000000,0
2166.240909,512.000000,0
2166.245455,512.000000,0
2166.250000,512.000000,0
2166.254545,512.000000,0
2166.259091,512.000000,0
2166.263636,510.000000,0
2166.268182,510.000000,0
2166.272727,510.000000,0
2166.277273,510.000000,0
2166.281818,510.000000,0
2166.286364,510.000000,0
2166.290909,510.000000,0
2166.295455,510.000000,0
2166.300000,509.000000,0
2166.304545,509.000000,0
2166.309091,509.000000,0
2166.313636,509.000000,0
2166.318182,509.000000,0
2166.322727,509.000000,0
2166.327273,509.000000,0
2166.331818,509.000000,0
2166.336364,510.000000,0
2166.340909,510.000000,0
2166.345455,510.000000,0
2166.350000,510.000000,0
2166.354545,512.000000,0
2166.359091,512.000000,0
2166.363636,512.000000,0
2166.368182,512.000000,0
2166.372727,510.000000,0
2166.377273,510.000000,0
2166.381818,510.000000,0
2166.386364,510.000000,0
2166.390909,509.000000,0
2166.395455,509.000000,0
2166.400000,509.000000,0
2166.404545,509.000000,0
2166.409091,509.000000,0
2166.413636,509.000000,0
2166.418182,509.000000,0
2166.422727,509.000000,0
2166.427273,509.000000,0
2166.431818,509.000000,0
2166.436364,509.000000,0
2166.440909,509.000000,0
2166.445455,509.000000,0
2166.450000,509.000000,0
2166.454545,509.000000,0
2166.459091,509.000000,0
2166.463636,510.000000,0
2166.468182,510.000000,0
2166.472727,510.000000,0
2166.477273,510.000000,0
2166.481818,512.000000,0
2166.486364,512.000000,0
2166.490909,512.000000,0
2166.495455,512.000000,0
2166.500000,512.000000,0
2166.504545,512.000000,0
2166.509091,512.000000,0
2166.513636,512.000000,0
2166.518182,512.000000,0
2166.522727,512.000000,0
2166.527273,512.000000,0
2166.531818,512.000000,0
2166.536364,512.000000,0
2166.540909,510.000000,0
2166.545455,510.000000,0
2166.550000,510.000000,0
2166.554545,510.000000,0
2166.559091,505.000000,0
2166.563636,505.000000,0
2166.568182,505.000000,0
2166.572727,505.000000,0
2166.577273,505.000000,0
2166.581818,506.000000,0
2166.586364,506.000000,0
2166.590909,506.000000,0
2166.595455,506.000000,0
2166.600000,510.000000,0
2166.604545,510.000000,0
2166.609091,510.000000,0
2166.613636,510.000000,0
2166.618182,516.000000,0
2166.622727,516.000000,0
2166.627273,516.000000,0
2166.631818,516.000000,0
2166.636364,513.000000,0
2166.640909,513.000000,0
2166.645455,513.000000,0
2166.650000,513.000000,0
2166.654545,510.000000,0
2166.659091,510.000000,0
2166.663636,510.000000,0
2166.668182,509.000000,0
2166.672727,509.000000,0
2166.677273,509.000000,0
2166.681818,509.000000,0
2166.686364,509.000000,0
2166.690909,509.000000,0
2166.695455,509.000000,0
2166.700000,509.000000,0
2166.704545,509.000000,0
2166.709091,509.000000,0
2166.713636,509.000000,0
2166.718182,509.000000,0
2166.722727,510.000000,0
2166.727273,510.000000,0
2166.731818,510.000000,0
2166.736364,510.000000,0
2166.740909,510.000000,0
2166.745455,510.000000,0
2166.750000,510.000000,0
2166.754545,510.000000,0
2166.759091,510.000000,0
2166.763636,510.000000,0
2166.768182,513.000000,0
2166.772727,513.000000,0
2166.777273,513.000000,0
2166.781818,512.000000,0
2166.786364,512.000000,0
2166.790909,512.000000,0
2166.795455,509.000000,0
2166.800000,509.000000,0
2166.804545,509.000000,0
2166.809091,509.000000,0
2166.813636,509.000000,0
2166.818182,509.000000,0
2166.822727,509.000000,0
2166.827273,509.000000,0
2166.831818,509.000000,0
2166.836364,509.000000,0
2166.840909,509.000000,0
2166.845455,509.000000,0
2166.850000,509.000000,0
2166.854545,512.000000,1
2166.859091,512.000000,0
2166.863636,512.000000,0
2166.868182,512.000000,0
2166.872727,512.000000,0
2166.877273,512.000000,0
2166.881818,512.000000,0
2166.886364,513.000000,0
2166.890909,513.000000,0
2166.895455,513.000000,0
2166.900000,510.000000,0
2166.904545,510.000000,0
2166.909091,510.000000,0
2166.913636,510.000000,0
2166.918182,510.000000,0
2166.922727,512.000000,0
2166.927273,512.000000,0
2166.931818,512.000000,0
2166.936364,512.000000,0
2166.940909,509.000000,0
2166.945455,509.000000,0
2166.950000,509.000000,0
2166.954545,509.000000,0
2166.959091,509.000000,0
2166.963636,509.000000,0
2166.968182,509.000000,0
2166.972727,509.000000,0
2166.977273,509.000000,0
2166.981818,509.000000,0
2166.986364,509.000000,0
2166.990909,509.000000,0
2166.995455,513.000000,0
2167.000000,513.000000,0
2167.004545,513.000000,0
2167.009091,512.000000,0
2167.013636,512.000000,0
2167.018182,512.000000,0
2167.022727,512.000000,0
2167.027273,509.000000,0
2167.031818,509.000000,0
2167.036364,509.000000,0
2167.040909,509.000000,0
2167.045455,509.000000,0
2167.050000,509.000000,0
2167.054545,509.000000,0
2167.059091,509.000000,0
2167.063636,509.000000,0
2167.068182,509.000000,0
2167.072727,509.000000,0
2167.077273,509.000000,0
2167.081818,509.000000,0
2167.086364,509.000000,0
2167.090909,509.000000,0
2167.095455,508.000000,0
2167.100000,508.000000,0
2167.104545,508.000000,0
2167.109091,508.000000,0
2167.113636,510.000000,0
2167.118182,510.000000,0
2167.122727,510.000000,0
2167.127273,510.000000,0
2167.131818,510.000000,0
2167.136364,512.000000,0
2167.140909,512.000000,0
2167.145455,512.000000,0
2167.150000,512.000000,0
2167.154545,512.000000,0
2167.159091,512.000000,0
2167.163636,512.000000,0
2167.168182,531.000000,0
2167.172727,531.000000,0
2167.177273,531.000000,0
2167.181818,554.000000,0
2167.186364,554.000000,0
2167.190909,554.000000,0
2167.195455,474.000000,0
2167.200000,474.000000,0
2167.204545,474.000000,0
2167.209091,474.000000,0
2167.213636,474.000000,0
2167.218182,506.000000,0
2167.222727,506.000000,0
2167.227273,506.000000,0
2167.231818,506.000000,0
2167.236364,512.000000,0
2167.240909,512.000000,0
2167.245455,512.000000,0
2167.250000,512.000000,0
2167.254545,512.000000,0
2167.259091,512.000000,0
2167.263636,512.000000,0
2167.268182,509.000000,0
2167.272727,509.000000,0
2167.277273,509.000000,0
2167.281818,509.000000,0
2167.286364,509.000000,0
2167.290909,509.000000,0
2167.295455,509.000000,0
2167.300000,509.000000,0
2167.304545,509.000000,0
2167.309091,509.000000,0
2167.313636,509.000000,0
2167.318182,509.000000,0
2167.322727,509.000000,0
2167.327273,509.000000,0
2167.331818,509.000000,0
2167.336364,509.000000,0
2167.340909,510.000000,0
2167.345455,510.000000,0
2167.350000,510.000000,0
2167.354545,510.000000,0
2167.359091,509.000000,0
2167.363636,509.000000,0
2167.368182,509.000000,0
2167.372727,509.000000,0
2167.377273,509.000000,0
2167.381818,510.000000,0
2167.386364,510.000000,0
2167.390909,510.000000,0
2167.395455,510.000000,0
2167.400000,509.000000,0
2167.404545,509.000000,0
2167.409091,509.000000,0
2167.413636,509.000000,0
2167.418182,726.000000,0
2167.422727,726.000000,0
2167.427273,726.000000,0
2167.431818,726.000000,0
2167.436364,470.000000,0
2167.440909,470.000000,0
2167.445455,470.000000,0
2167.450000,470.000000,0
2167.454545,460.000000,0
2167.459091,460.000000,0
2167.463636,460.000000,0
2167.468182,460.000000,0
2167.472727,505.000000,0
2167.477273,505.000000,0
2167.481818,505.000000,0
2167.486364,505.000000,0
2167.490909,510.000000,0
2167.495455,510.000000,0
2167.500000,510.000000,0
2167.504545,510.000000,0
2167.509091,509.000000,0
2167.513636,509.000000,0
2167.518182,509.000000,0
2167.522727,509.000000,0
2167.527273,509.000000,0
2167.531818,509.000000,0
2167.536364,509.000000,0
2167.540909,509.000000,0
2167.545455,509.000000,0
2167.550000,510.000000,0
2167.554545,510.000000,0
2167.559091,510.000000,0
2167.563636,510.000000,0
2167.568182,510.000000,0
2167.572727,510.000000,0
2167.577273,510.000000,0
2167.581818,510.000000,0
2167.586364,509.000000,0
2167.590909,509.000000,0
2167.595455,509.000000,0
2167.600000,509.000000,0
2167.604545,509.000000,0
2167.609091,509.000000,0
2167.613636,509.000000,0
2167.618182,509.000000,0
2167.622727,510.000000,0
2167.627273,510.000000,0
2167.631818,510.000000,0
2167.636364,510.000000,0
2167.640909,513.000000,0
2167.645455,513.000000,0
2167.650000,513.000000,0
2167.654545,513.000000,0
2167.659091,513.000000,0
2167.663636,513.000000,0
2167.668182,513.000000,0
2167.672727,513.000000,0
2167.677273,509.000000,0
2167.681818,509.000000,0
2167.686364,509.000000,0
2167.690909,509.000000,0
2167.695455,510.000000,0
2167.700000,510.000000,0
2167.704545,510.000000,0
2167.709091,510.000000,0
2167.713636,512.000000,0
2167.718182,512.000000,0
2167.722727,512.000000,0
2167.727273,512.000000,0
2167.731818,512.000000,0
2167.736364,510.000000,0
2167.740909,510.000000,0
2167.745455,510.000000,0
2167.750000,510.000000,0
2167.754545,510.000000,0
2167.759091,510.000000,0
2167.763636,510.000000,0
2167.768182,510.000000,0
2167.772727,509.000000,0
2167.777273,509.000000,0
2167.781818,509.000000,0
2167.786364,509.000000,0
2167.790909,513.000000,0
2167.795455,513.000000,0
2167.800000,513.000000,0
2167.804545,513.000000,0
2167.809091,510.000000,0
2167.813636,510.000000,0
2167.818182,510.000000,0
2167.822727,510.000000,0
2167.827273,510.000000,0
2167.831818,509.000000,0
2167.836364,509.000000,0
2167.840909,509.000000,0
2167.845455,509.000000,0
2167.850000,509.000000,0
2167.854545,509.000000,0
2167.859091,509.000000,0
2167.863636,509.000000,0
2167.868182,509.000000,0
2167.872727,509.000000,0
2167.877273,509.000000,0
2167.881818,509.000000,0
2167.886364,512.000000,0
2167.890909,512.000000,0
2167.895455,512.000000,0
2167.900000,513.000000,0
2167.904545,513.000000,0
2167.909091,513.000000,0
2167.913636,513.000000,0
2167.918182,513.000000,0
2167.922727,512.000000,0
2167.927273,512.000000,0
2167.931818,512.000000,0
2167.936364,512.000000,0
2167.940909,509.000000,0
2167.945455,509.000000,0
2167.950000,509.000000,0
2167.954545,509.000000,0
2167.959091,509.000000,0
2167.963636,509.000000,0
2167.968182,509.000000,0
2167.972727,509.000000,0
2167.977273,509.000000,0
2167.981818,504.000000,0
2167.986364,504.000000,0
2167.990909,504.000000,0
2167.995455,504.000000,0
2168.000000,509.000000,0
2168.004545,509.000000,0
2168.009091,509.000000,0
2168.013636,509.000000,0
2168.018182,513.000000,0
2168.022727,513.000000,0
2168.027273,513.000000,0
2168.031818,513.000000,0
2168.036364,513.000000,0
2168.040909,513.000000,0
2168.045455,513.000000,0
2168.050000,513.000000,0
2168.054545,509.000000,0
2168.059091,509.000000,0
2168.063636,509.000000,0
2168.068182,509.000000,0
2168.072727,509.000000,0
2168.077273,509.000000,0
2168.081818,509.000000,0
2168.086364,505.000000,0
2168.090909,505.000000,0
2168.095455,505.000000,0
2168.100000,505.000000,0
2168.104545,509.000000,0
2168.109091,509.000000,0
2168.113636,509.000000,0
2168.118182,509.000000,0
2168.122727,510.000000,0
2168.127273,510.000000,0
2168.131818,510.000000,0
2168.136364,510.000000,0
2168.140909,510.000000,0
2168.145455,510.000000,0
2168.150000,516.000000,0
2168.154545,516.000000,0
2168.159091,516.000000,0
2168.163636,513.000000,0
2168.168182,513.000000,0
2168.172727,513.000000,0
2168.177273,513.000000,0
2168.181818,513.000000,0
2168.186364,509.000000,0
2168.190909,509.000000,0
2168.195455,509.000000,0
2168.200000,509.000000,0
2168.204545,509.000000,0
2168.209091,509.000000,0
2168.213636,509.000000,0
2168.218182,509.000000,0
2168.222727,509.000000,0
2168.227273,509.000000,0
2168.231818,509.000000,0
2168.236364,509.000000,0
2168.240909,509.000000,0
2168.245455,509.000000,0
2168.250000,509.000000,0
2168.254545,509.000000,0
2168.259091,509.000000,0
2168.263636,509.000000,0
2168.268182,512.000000,0
2168.272727,512.000000,0
2168.277273,512.000000,0
2168.281818,512.000000,0
2168.286364,512.000000,0
2168.290909,512.000000,0
2168.295455,509.000000,0
2168.300000,509.000000,0
2168.304545,509.000000,0
2168.309091,509.000000,0
2168.313636,509.000000,0
2168.318182,509.000000,0
2168.322727,509.000000,0
2168.327273,509.000000,0
2168.331818,513.000000,0
2168.336364,513.000000,0
2168.340909,513.000000,0
2168.345455,513.000000,0
2168.350000,513.000000,0
2168.354545,513.000000,0
2168.359091,513.000000,0
2168.363636,513.000000,0
2168.368182,513.000000,0
2168.372727,513.000000,0
2168.377273,513.000000,0
2168.381818,513.000000,0
2168.386364,508.000000,0
2168.390909,508.000000,0
2168.395455,508.000000,0
2168.400000,508.000000,0
2168.404545,510.000000,0
2168.409091,510.000000,0
2168.413636,510.000000,0
2168.418182,510.000000,0
2168.422727,512.000000,0
2168.427273,512.000000,0
2168.431818,512.000000,0
2168.436364,512.000000,0
2168.440909,513.000000,0
2168.445455,513.000000,0
2168.450000,513.000000,0
2168.454545,513.000000,0
2168.459091,512.000000,0
2168.463636,512.000000,0
2168.468182,512.000000,0
2168.472727,513.000000,0
2168.477273,513.000000,0
2168.481818,513.000000,0
2168.486364,513.000000,0
2168.490909,509.000000,0
2168.495455,509.000000,0
2168.500000,509.000000,0
2168.504545,509.000000,0
2168.509091,509.000000,0
2168.513636,509.000000,0
2168.518182,509.000000,0
2168.522727,509.000000,0
2168.527273,509.000000,0
2168.531818,509.000000,0
2168.536364,509.000000,0
2168.540909,509.000000,0
2168.545455,516.000000,0
2168.550000,516.000000,0
2168.554545,516.000000,0
2168.559091,510.000000,0
2168.563636,510.000000,0
2168.568182,510.000000,0
2168.572727,510.000000,0
2168.577273,509.000000,0
2168.581818,509.000000,0
2168.586364,509.000000,0
2168.590909,509.000000,0
2168.595455,509.000000,0
2168.600000,509.000000,0
2168.604545,509.000000,0
2168.609091,509.000000,0
2168.613636,509.000000,0
2168.618182,509.000000,0
2168.622727,509.000000,0
2168.627273,509.000000,0
2168.631818,509.000000,0
2168.636364,509.000000,0
2168.640909,509.000000,0
2168.645455,509.000000,0
2168.650000,512.000000,0
2168.654545,512.000000,0
2168.659091,512.000000,0
2168.663636,512.000000,0
2168.668182,513.000000,0
2168.672727,513.000000,0
2168.677273,513.000000,0
2168.681818,513.000000,0
2168.686364,513.000000,0
2168.690909,517.000000,0
2168.695455,517.000000,0
2168.700000,517.000000,0
2168.704545,506.000000,0
2168.709091,506.000000,0
2168.713636,506.000000,0
2168.718182,506.000000,0
2168.722727,506.000000,0
2168.727273,499.000000,0
2168.731818,499.000000,0
2168.736364,499.000000,0
2168.740909,499.000000,0
2168.745455,510.000000,0
2168.750000,510.000000,0
2168.754545,510.000000,0
2168.759091,510.000000,0
2168.763636,510.000000,0
2168.768182,508.000000,0
2168.772727,508.000000,0
2168.777273,508.000000,0
2168.781818,508.000000,0
2168.786364,509.000000,0
2168.790909,509.000000,0
2168.795455,509.000000,0
2168.800000,512.000000,0
2168.804545,512.000000,0
2168.809091,512.000000,0
2168.813636,512.000000,0
2168.818182,718.000000,0
2168.822727,718.000000,0
2168.827273,718.000000,0
2168.831818,718.000000,0
2168.836364,460.000000,0
2168.840909,460.000000,0
2168.845455,460.000000,0
2168.850000,460.000000,0
2168.854545,504.000000,0
2168.859091,504.000000,0
2168.863636,504.000000,0
2168.868182,504.000000,0
2168.872727,510.000000,0
2168.877273,510.000000,0
2168.881818,510.000000,0
2168.886364,510.000000,0
2168.890909,508.000000,0
2168.895455,508.000000,0
2168.900000,508.000000,0
2168.904545,508.000000,0
2168.909091,438.000000,0
2168.913636,438.000000,0
2168.918182,438.000000,0
2168.922727,438.000000,0
2168.927273,505.000000,0
2168.931818,505.000000,0
2168.936364,505.000000,0
2168.940909,505.000000,0
2168.945455,505.000000,0
2168.950000,510.000000,0
2168.954545,510.000000,0
2168.959091,510.000000,0
2168.963636,510.000000,0
2168.968182,506.000000,0
2168.972727,506.000000,0
2168.977273,506.000000,0
2168.981818,506.000000,0
2168.986364,506.000000,0
2168.990909,506.000000,0
2168.995455,506.000000,0
2169.000000,506.000000,0
2169.004545,509.000000,0
2169.009091,509.000000,0
2169.013636,509.000000,0
2169.018182,509.000000,0
2169.022727,505.000000,0
2169.027273,505.000000,0
2169.031818,505.000000,0
2169.036364,505.000000,0
2169.040909,509.000000,0
2169.045455,509.000000,0
2169.050000,509.000000,0
2169.054545,509.000000,0
2169.059091,513.000000,0
2169.063636,513.000000,0
2169.068182,513.000000,0
2169.072727,513.000000,0
2169.077273,513.000000,0
2169.081818,513.000000,0
2169.086364,513.000000,0
2169.090909,513.000000,0
2169.095455,512.000000,0
2169.100000,512.000000,0
2169.104545,512.000000,0
2169.109091,512.000000,0
2169.113636,512.000000,0
2169.118182,512.000000,0
2169.122727,512.000000,0
2169.127273,512.000000,0
2169.131818,509.000000,0
2169.136364,509.000000,0
2169.140909,509.000000,0
2169.145455,509.000000,0
2169.150000,509.000000,0
2169.154545,513.000000,0
2169.159091,513.000000,0
2169.163636,513.000000,0
2169.168182,513.000000,0
2169.172727,512.000000,0
2169.177273,512.000000,0
2169.181818,512.000000,0
2169.186364,512.000000,0
2169.190909,510.000000,0
2169.195455,510.000000,0
2169.200000,510.000000,0
2169.204545,510.000000,0
2169.209091,512.000000,0
2169.213636,512.000000,0
2169.218182,512.000000,0
2169.222727,512.000000,0
2169.227273,510.000000,0
2169.231818,510.000000,0
2169.236364,510.000000,0
2169.240909,510.000000,0
2169.245455,510.000000,0
2169.250000,510.000000,0
2169.254545,510.000000,0
2169.259091,510.000000,0
2169.263636,510.000000,0
2169.268182,510.000000,0
2169.272727,510.000000,0
2169.277273,510.000000,0
2169.281818,510.000000,0
2169.286364,508.000000,0
2169.290909,508.000000,0
2169.295455,508.000000,0
2169.300000,512.000000,0
2169.304545,512.000000,0
2169.309091,512.000000,0
2169.313636,512.000000,0
2169.318182,513.000000,0
2169.322727,513.000000,0
2169.327273,513.000000,0
2169.331818,513.000000,0
2169.336364,513.000000,0
2169.340909,513.000000,0
2169.345455,513.000000,0
2169.350000,513.000000,0
2169.354545,513.000000,0
2169.359091,510.000000,0
2169.363636,510.000000,0
2169.368182,510.000000,0
2169.372727,510.000000,0
2169.377273,509.000000,0
2169.381818,509.000000,0
2169.386364,509.000000,0
2169.390909,509.000000,0
2169.395455,508.000000,0
2169.400000,508.000000,0
2169.404545,508.000000,0
2169.409091,508.000000,0
2169.413636,509.000000,0
2169.418182,509.000000,0
2169.422727,509.000000,0
2169.427273,509.000000,0
2169.431818,510.000000,0
2169.436364,510.000000,0
2169.440909,510.000000,0
2169.445455,510.000000,0
2169.450000,510.000000,0
2169.454545,510.000000,0
2169.459091,510.000000,0
2169.463636,510.000000,0
2169.468182,513.000000,0
2169.472727,513.000000,0
2169.477273,513.000000,0
2169.481818,513.000000,0
2169.486364,506.000000,0
2169.490909,506.000000,0
2169.495455,506.000000,0
2169.500000,506.000000,0
2169.504545,510.000000,0
2169.509091,510.000000,0
2169.513636,510.000000,0
2169.518182,510.000000,0
2169.522727,509.000000,0
2169.527273,509.000000,0
2169.531818,509.000000,0
2169.536364,509.000000,0
2169.540909,509.000000,0
2169.545455,509.000000,0
2169.550000,509.000000,0
2169.554545,509.000000,0
2169.559091,509.000000,0
2169.563636,509.000000,0
2169.568182,509.000000,0
2169.572727,509.000000,0
2169.577273,509.000000,0
2169.581818,513.000000,0
2169.586364,513.000000,0
2169.590909,513.000000,0
2169.595455,513.000000,0
2169.600000,512.000000,0
2169.604545,512.000000,0
2169.609091,512.000000,0
2169.613636,512.000000,0
2169.618182,509.000000,0
2169.622727,509.000000,0
2169.627273,509.000000,0
2169.631818,509.000000,0
2169.636364,509.000000,0
2169.640909,509.000000,0
2169.645455,509.000000,0
2169.650000,509.000000,0
2169.654545,512.000000,0
2169.659091,512.000000,0
2169.663636,512.000000,0
2169.668182,512.000000,0
2169.672727,509.000000,0
2169.677273,509.000000,0
2169.681818,509.000000,0
2169.686364,509.000000,0
2169.690909,509.000000,0
2169.695455,509.000000,0
2169.700000,509.000000,0
2169.704545,509.000000,0
2169.709091,512.000000,0
2169.713636,512.000000,0
2169.718182,512.000000,0
2169.722727,512.000000,0
2169.727273,512.000000,0
2169.731818,512.000000,0
2169.736364,512.000000,0
2169.740909,512.000000,0
2169.745455,512.000000,0
2169.750000,509.000000,0
2169.754545,509.000000,0
2169.759091,509.000000,0
2169.763636,509.000000,0
2169.768182,509.000000,0
2169.772727,509.000000,0
2169.777273,509.000000,0
2169.781818,509.000000,0
2169.786364,509.000000,0
2169.790909,509.000000,0
2169.795455,509.000000,0
2169.800000,509.000000,0
2169.804545,509.000000,0
2169.809091,509.000000,0
2169.813636,509.000000,0
2169.818182,509.000000,0
2169.822727,509.000000,0
2169.827273,509.000000,0
2169.831818,509.000000,0
2169.836364,509.000000,0
2169.840909,509.000000,0
2169.845455,512.000000,0
2169.850000,512.000000,0
2169.854545,512.000000,0
2169.859091,512.000000,0
2169.863636,513.000000,0
2169.868182,513.000000,0
2169.872727,513.000000,0
2169.877273,513.000000,0
2169.881818,510.000000,0
2169.886364,510.000000,0
2169.890909,510.000000,0
2169.895455,510.000000,0
2169.900000,510.000000,0
2169.904545,510.000000,0
2169.909091,510.000000,0
2169.913636,510.000000,0
2169.918182,510.000000,0
2169.922727,510.000000,0
2169.927273,510.000000,0
2169.931818,510.000000,0
2169.936364,510.000000,0
2169.940909,510.000000,0
2169.945455,510.000000,0
2169.950000,510.000000,0
2169.954545,512.000000,0
2169.959091,512.000000,0
2169.963636,512.000000,0
2169.968182,512.000000,0
2169.972727,512.000000,0
2169.977273,512.000000,0
2169.981818,512.000000,0
2169.986364,512.000000,0
2169.990909,512.000000,0
2169.995455,513.000000,0
2170.000000,513.000000,0
2170.004545,513.000000,0
2170.009091,513.000000,0
2170.013636,510.000000,0
2170.018182,510.000000,0
2170.022727,510.000000,0
2170.027273,510.000000,0
2170.031818,510.000000,0
2170.036364,510.000000,0
2170.040909,510.000000,0
2170.045455,510.000000,0
2170.050000,510.000000,0
2170.054545,510.000000,0
2170.059091,510.000000,0
2170.063636,509.000000,0
2170.068182,509.000000,0
2170.072727,509.000000,0
2170.077273,509.000000,0
2170.081818,500.000000,0
2170.086364,500.000000,0
2170.090909,500.000000,0
2170.095455,500.000000,0
2170.100000,509.000000,0
2170.104545,509.000000,0
2170.109091,509.000000,0
2170.113636,509.000000,0
2170.118182,509.000000,0
2170.122727,509.000000,0
2170.127273,512.000000,0
2170.131818,512.000000,0
2170.136364,512.000000,0
2170.140909,512.000000,0
2170.145455,512.000000,0
2170.150000,512.000000,0
2170.154545,512.000000,0
2170.159091,510.000000,0
2170.163636,510.000000,0
2170.168182,510.000000,0
2170.172727,510.000000,0
2170.177273,510.000000,0
2170.181818,509.000000,0
2170.186364,509.000000,0
2170.190909,509.000000,0
2170.195455,508.000000,0
2170.200000,508.000000,0
2170.204545,508.000000,0
2170.209091,508.000000,0
2170.213636,510.000000,0
2170.218182,510.000000,0
2170.222727,510.000000,0
2170.227273,510.000000,0
2170.231818,509.000000,0
2170.236364,509.000000,0
2170.240909,509.000000,0
2170.245455,509.000000,0
2170.250000,513.000000,0
2170.254545,513.000000,0
2170.259091,513.000000,0
2170.263636,513.000000,0
2170.268182,513.000000,0
2170.272727,513.000000,0
2170.277273,513.000000,0
2170.281818,513.000000,0
2170.286364,509.000000,0
2170.290909,509.000000,0
2170.295455,509.000000,0
2170.300000,509.000000,0
2170.304545,509.000000,0
2170.309091,509.000000,0
2170.313636,509.000000,0
2170.318182,509.000000,0
2170.322727,509.000000,0
2170.327273,508.000000,0
2170.331818,508.000000,0
2170.336364,508.000000,0
2170.340909,508.000000,0
2170.345455,509.000000,0
2170.350000,509.000000,0
2170.354545,509.000000,0
2170.359091,509.000000,0
2170.363636,509.000000,0
2170.368182,510.000000,0
2170.372727,510.000000,0
2170.377273,510.000000,0
2170.381818,512.000000,0
2170.386364,512.000000,0
2170.390909,512.000000,0
2170.395455,512.000000,0
2170.400000,512.000000,0
2170.404545,510.000000,0
2170.409091,510.000000,0
2170.413636,510.000000,0
2170.418182,512.000000,0
2170.422727,512.000000,0
2170.427273,512.000000,0
2170.431818,512.000000,0
2170.436364,509.000000,0
2170.440909,509.000000,0
2170.445455,509.000000,0
2170.450000,509.000000,0
2170.454545,510.000000,0
2170.459091,510.000000,0
2170.463636,510.000000,0
2170.468182,510.000000,0
2170.472727,510.000000,0
2170.477273,510.000000,0
2170.481818,510.000000,0
2170.486364,510.000000,0
2170.490909,512.000000,0
2170.495455,512.000000,0
2170.500000,512.000000,0
2170.504545,512.000000,0
2170.509091,512.000000,0
2170.513636,512.000000,0
2170.518182,512.000000,0
2170.522727,512.000000,0
2170.527273,512.000000,0
2170.531818,512.000000,0
2170.536364,512.000000,0
2170.540909,512.000000,0
2170.545455,512.000000,0
2170.550000,510.000000,0
2170.554545,510.000000,0
2170.559091,510.000000,0
2170.563636,510.000000,0
2170.568182,509.000000,0
2170.572727,509.000000,0
2170.577273,509.000000,0
2170.581818,509.000000,0
2170.586364,506.000000,0
2170.590909,506.000000,0
2170.595455,506.000000,0
2170.600000,506.000000,0
2170.604545,483.000000,0
2170.609091,483.000000,0
2170.613636,483.000000,0
2170.618182,483.000000,0
2170.622727,509.000000,0
2170.627273,509.000000,0
2170.631818,509.000000,0
2170.636364,509.000000,0
2170.640909,510.000000,0
2170.645455,510.000000,0
2170.650000,510.000000,0
2170.654545,510.000000,0
2170.659091,510.000000,0
2170.663636,510.000000,0
2170.668182,510.000000,0
2170.672727,510.000000,0
2170.677273,509.000000,0
2170.681818,509.000000,0
2170.686364,509.000000,0
2170.690909,509.000000,0
2170.695455,509.000000,0
2170.700000,509.000000,0
2170.704545,509.000000,0
2170.709091,509.000000,0
2170.713636,509.000000,0
2170.718182,509.000000,0
2170.722727,509.000000,0
2170.727273,509.000000,0
2170.731818,509.000000,0
2170.736364,510.000000,0
2170.740909,510.000000,0
2170.745455,510.000000,0
2170.750000,510.000000,0
2170.754545,510.000000,0
2170.759091,510.000000,0
2170.763636,510.000000,0
2170.768182,510.000000,0
2170.772727,510.000000,0
2170.777273,510.000000,0
2170.781818,510.000000,0
2170.786364,510.000000,0
2170.790909,512.000000,0
2170.795455,512.000000,0
2170.800000,512.000000,0
2170.804545,512.000000,0
2170.809091,510.000000,0
2170.813636,510.000000,0
2170.818182,510.000000,0
2170.822727,510.000000,0
2170.827273,509.000000,0
2170.831818,509.000000,0
2170.836364,509.000000,0
2170.840909,509.000000,0
2170.845455,510.000000,0
2170.850000,510.000000,0
2170.854545,510.000000,0
2170.859091,510.000000,0
2170.863636,509.000000,0
2170.868182,509.000000,0
2170.872727,509.000000,0
2170.877273,509.000000,0
2170.881818,512.000000,0
2170.886364,512.000000,0
2170.890909,512.000000,0
2170.895455,512.000000,0
2170.900000,512.000000,0
2170.904545,512.000000,1
2170.909091,512.000000,0
2170.913636,512.000000,0
2170.918182,512.000000,0
2170.922727,512.000000,0
2170.927273,510.000000,0
2170.931818,510.000000,0
2170.936364,510.000000,0
2170.940909,512.000000,0
2170.945455,512.000000,0
2170.950000,512.000000,0
2170.954545,512.000000,0
2170.959091,509.000000,0
2170.963636,509.000000,0
2170.968182,509.000000,0
2170.972727,509.000000,0
2170.977273,509.000000,0
2170.981818,509.000000,0
2170.986364,509.000000,0
2170.990909,509.000000,0
2170.995455,509.000000,0
2171.000000,509.000000,0
2171.004545,509.000000,0
2171.009091,509.000000,0
2171.013636,509.000000,0
2171.018182,509.000000,0
2171.022727,509.000000,0
2171.027273,509.000000,0
2171.031818,509.000000,0
2171.036364,509.000000,0
2171.040909,512.000000,0
2171.045455,512.000000,0
2171.050000,512.000000,0
2171.054545,512.000000,0
2171.059091,512.000000,0
2171.063636,512.000000,0
2171.068182,512.000000,0
2171.072727,512.000000,0
2171.077273,512.000000,0
2171.081818,512.000000,0
2171.086364,512.000000,0
2171.090909,512.000000,0
2171.095455,510.000000,0
2171.100000,510.000000,0
2171.104545,510.000000,0
2171.109091,510.000000,0
2171.113636,509.000000,0
2171.118182,509.000000,0
2171.122727,509.000000,0
2171.127273,509.000000,0
2171.131818,509.000000,0
2171.136364,509.000000,0
2171.140909,509.000000,0
2171.145455,509.000000,0
2171.150000,513.000000,0
2171.154545,513.000000,0
2171.159091,513.000000,0
2171.163636,513.000000,0
2171.168182,512.000000,0
2171.172727,512.000000,0
2171.177273,512.000000,0
2171.181818,509.000000,0
2171.186364,509.000000,0
2171.190909,509.000000,0
2171.195455,509.000000,0
2171.200000,510.000000,0
2171.204545,510.000000,0
2171.209091,510.000000,0
2171.213636,510.000000,0
2171.218182,509.000000,0
2171.222727,509.000000,0
2171.227273,509.000000,0
2171.231818,509.000000,0
2171.236364,509.000000,0
2171.240909,509.000000,0
2171.245455,509.000000,0
2171.250000,509.000000,0
2171.254545,509.000000,0
2171.259091,509.000000,0
2171.263636,509.000000,0
2171.268182,509.000000,0
2171.272727,510.000000,0
2171.277273,510.000000,0
2171.281818,510.000000,0
2171.286364,510.000000,0
2171.290909,513.000000,0
2171.295455,513.000000,0
2171.300000,513.000000,0
2171.304545,513.000000,0
2171.309091,513.000000,0
2171.313636,513.000000,0
2171.318182,513.000000,0
2171.322727,513.000000,0
2171.327273,455.000000,0
2171.331818,455.000000,0
2171.336364,455.000000,0
2171.340909,455.000000,0
2171.345455,504.000000,0
2171.350000,504.000000,0
2171.354545,504.000000,0
2171.359091,504.000000,0
2171.363636,506.000000,0
2171.368182,506.000000,0
2171.372727,506.000000,0
2171.377273,506.000000,0
2171.381818,509.000000,0
2171.386364,509.000000,0
2171.390909,509.000000,0
2171.395455,509.000000,0
2171.400000,510.000000,0
2171.404545,510.000000,0
2171.409091,510.000000,0
2171.413636,510.000000,0
2171.418182,513.000000,0
2171.422727,513.000000,0
2171.427273,513.000000,0
2171.431818,513.000000,0
2171.436364,513.000000,0
2171.440909,509.000000,0
2171.445455,509.000000,0
2171.450000,509.000000,0
2171.454545,509.000000,0
2171.459091,509.000000,0
2171.463636,508.000000,0
2171.468182,508.000000,0
2171.472727,508.000000,0
2171.477273,509.000000,0
2171.481818,509.000000,0
2171.486364,509.000000,0
2171.490909,509.000000,0
2171.495455,510.000000,0
2171.500000,510.000000,0
2171.504545,510.000000,0
2171.509091,510.000000,0
2171.513636,510.000000,0
2171.518182,510.000000,0
2171.522727,510.000000,0
2171.527273,510.000000,0
2171.531818,510.000000,0
2171.536364,510.000000,0
2171.540909,510.000000,0
2171.545455,510.000000,0
2171.550000,510.000000,0
2171.554545,513.000000,0
2171.559091,513.000000,0
2171.563636,513.000000,0
2171.568182,513.000000,0
2171.572727,513.000000,0
2171.577273,513.000000,0
2171.581818,513.000000,0
2171.586364,513.000000,0
2171.590909,513.000000,0
2171.595455,513.000000,0
2171.600000,513.000000,0
2171.604545,509.000000,0
2171.609091,509.000000,0
2171.613636,509.000000,0
2171.618182,509.000000,0
2171.622727,510.000000,0
2171.627273,510.000000,0
2171.631818,510.000000,0
2171.636364,509.000000,0
2171.640909,509.000000,0
2171.645455,509.000000,0
2171.650000,509.000000,0
2171.654545,513.000000,0
2171.659091,513.000000,0
2171.663636,513.000000,0
2171.668182,513.000000,0
2171.672727,510.000000,0
2171.677273,510.000000,0
2171.681818,510.000000,0
2171.686364,513.000000,0
2171.690909,513.000000,0
2171.695455,513.000000,0
2171.700000,513.000000,0
2171.704545,509.000000,0
2171.709091,509.000000,0
2171.713636,509.000000,0
2171.718182,509.000000,0
2171.722727,510.000000,0
2171.727273,510.000000,0
2171.731818,510.000000,0
2171.736364,510.000000,0
2171.740909,509.000000,0
2171.745455,509.000000,0
2171.750000,509.000000,0
2171.754545,509.000000,0
2171.759091,509.000000,0
2171.763636,509.000000,0
2171.768182,509.000000,0
2171.772727,509.000000,0
2171.777273,510.000000,0
2171.781818,510.000000,0
2171.786364,510.000000,0
2171.790909,510.000000,0
2171.795455,510.000000,0
2171.800000,510.000000,0
2171.804545,510.000000,0
2171.809091,510.000000,0
2171.813636,497.000000,0
2171.818182,497.000000,0
2171.822727,497.000000,0
2171.827273,497.000000,0
2171.831818,508.000000,0
2171.836364,508.000000,0
2171.840909,508.000000,0
2171.845455,508.000000,0
2171.850000,508.000000,0
2171.854545,508.000000,0
2171.859091,508.000000,0
2171.863636,508.000000,0
2171.868182,508.000000,0
2171.872727,509.000000,0
2171.877273,509.000000,0
2171.881818,509.000000,0
2171.886364,509.000000,0
2171.890909,509.000000,0
2171.895455,509.000000,0
2171.900000,509.000000,0
2171.904545,509.000000,0
2171.909091,510.000000,0
2171.913636,510.000000,0
2171.918182,510.000000,0
2171.922727,510.000000,0
2171.927273,512.000000,0
2171.931818,512.000000,0
2171.936364,512.000000,0
2171.940909,512.000000,0
2171.945455,512.000000,0
2171.950000,512.000000,0
2171.954545,512.000000,0
2171.959091,512.000000,0
2171.963636,512.000000,0
2171.968182,508.000000,0
2171.972727,508.000000,0
2171.977273,508.000000,0
2171.981818,509.000000,0
2171.986364,509.000000,0
2171.990909,509.000000,0
2171.995455,509.000000,0
2172.000000,455.000000,0
2172.004545,455.000000,0
2172.009091,455.000000,0
2172.013636,455.000000,0
2172.018182,504.000000,0
2172.022727,504.000000,0
2172.027273,504.000000,0
2172.031818,504.000000,0
2172.036364,509.000000,0
2172.040909,509.000000,0
2172.045455,509.000000,0
2172.050000,509.000000,0
2172.054545,512.000000,0
2172.059091,512.000000,0
2172.063636,512.000000,0
2172.068182,512.000000,0
2172.072727,512.000000,0
2172.077273,512.000000,0
2172.081818,512.000000,0
2172.086364,512.000000,0
2172.090909,509.000000,0
2172.095455,509.000000,0
2172.100000,509.000000,0
2172.104545,509.000000,0
2172.109091,509.000000,0
2172.113636,509.000000,0
2172.118182,509.000000,0
2172.122727,509.000000,0
2172.127273,509.000000,0
2172.131818,509.000000,0
2172.136364,509.000000,0
2172.140909,509.000000,0
2172.145455,509.000000,0
2172.150000,509.000000,0
2172.154545,509.000000,0
2172.159091,509.000000,0
2172.163636,512.000000,0
2172.168182,512.000000,0
2172.172727,512.000000,0
2172.177273,512.000000,0
2172.181818,512.000000,0
2172.186364,513.000000,0
2172.190909,513.000000,0
2172.195455,513.000000,0
2172.200000,513.000000,0
2172.204545,513.000000,0
2172.209091,513.000000,0
2172.213636,513.000000,0
2172.218182,509.000000,0
2172.222727,509.000000,0
2172.227273,509.000000,0
2172.231818,509.000000,0
2172.236364,509.000000,0
2172.240909,509.000000,0
2172.245455,509.000000,0
2172.250000,509.000000,0
2172.254545,509.000000,0
2172.259091,509.000000,0
2172.263636,509.000000,0
2172.268182,509.000000,0
2172.272727,509.000000,0
2172.277273,512.000000,0
2172.281818,512.000000,0
2172.286364,512.000000,0
2172.290909,512.000000,0
2172.295455,513.000000,0
2172.300000,513.000000,0
2172.304545,513.000000,0
2172.309091,513.000000,0
2172.313636,513.000000,0
2172.318182,512.000000,0
2172.322727,512.000000,0
2172.327273,512.000000,0
2172.331818,512.000000,0
2172.336364,509.000000,0
2172.340909,509.000000,0
2172.345455,509.000000,0
2172.350000,509.000000,0
2172.354545,510.000000,0
2172.359091,510.000000,0
2172.363636,510.000000,0
2172.368182,510.000000,0
2172.372727,512.000000,0
2172.377273,512.000000,0
2172.381818,512.000000,0
2172.386364,512.000000,0
2172.390909,512.000000,0
2172.395455,512.000000,0
2172.400000,512.000000,0
2172.404545,512.000000,0
2172.409091,509.000000,0
2172.413636,509.000000,0
2172.418182,509.000000,0
2172.422727,509.000000,0
2172.427273,509.000000,0
2172.431818,509.000000,0
2172.436364,509.000000,0
2172.440909,509.000000,0
2172.445455,570.000000,0
2172.450000,570.000000,0
2172.454545,570.000000,0
2172.459091,570.000000,0
2172.463636,499.000000,0
2172.468182,499.000000,0
2172.472727,499.000000,0
2172.477273,499.000000,0
2172.481818,509.000000,0
2172.486364,509.000000,0
2172.490909,509.000000,0
2172.495455,509.000000,0
2172.500000,508.000000,0
2172.504545,508.000000,0
2172.509091,508.000000,0
2172.513636,508.000000,0
2172.518182,510.000000,0
2172.522727,510.000000,0
2172.527273,510.000000,0
2172.531818,510.000000,0
2172.536364,509.000000,0
2172.540909,509.000000,0
2172.545455,509.000000,0
2172.550000,509.000000,0
2172.554545,509.000000,0
2172.559091,509.000000,0
2172.563636,509.000000,0
2172.568182,509.000000,0
2172.572727,513.000000,0
2172.577273,513.000000,0
2172.581818,513.000000,0
2172.586364,513.000000,0
2172.590909,510.000000,0
2172.595455,510.000000,0
2172.600000,510.000000,0
2172.604545,510.000000,0
2172.609091,514.000000,0
2172.613636,514.000000,0
2172.618182,514.000000,0
2172.622727,514.000000,0
2172.627273,514.000000,0
2172.631818,509.000000,0
2172.636364,509.000000,0
2172.640909,509.000000,0
2172.645455,509.000000,0
2172.650000,509.000000,0
2172.654545,509.000000,0
2172.659091,509.000000,0
2172.663636,509.000000,0
2172.668182,508.000000,0
2172.672727,508.000000,0
2172.677273,508.000000,0
2172.681818,508.000000,0
2172.686364,513.000000,0
2172.690909,513.000000,0
2172.695455,513.000000,0
2172.700000,513.000000,0
2172.704545,509.000000,0
2172.709091,509.000000,0
2172.713636,509.000000,0
2172.718182,509.000000,0
2172.722727,513.000000,0
2172.727273,513.000000,0
2172.731818,513.000000,0
2172.736364,513.000000,0
2172.740909,510.000000,0
2172.745455,510.000000,0
2172.750000,510.000000,0
2172.754545,510.000000,0
2172.759091,508.000000,0
2172.763636,508.000000,0
2172.768182,508.000000,0
2172.772727,508.000000,0
2172.777273,514.000000,0
2172.781818,514.000000,0
2172.786364,514.000000,0
2172.790909,514.000000,0
2172.795455,514.000000,0
2172.800000,504.000000,0
2172.804545,504.000000,0
2172.809091,504.000000,0
2172.813636,504.000000,0
2172.818182,509.000000,0
2172.822727,509.000000,0
2172.827273,509.000000,0
2172.831818,509.000000,0
2172.836364,513.000000,0
2172.840909,513.000000,0
2172.845455,513.000000,0
2172.850000,513.000000,0
2172.854545,514.000000,0
2172.859091,514.000000,0
2172.863636,514.000000,0
2172.868182,514.000000,0
2172.872727,513.000000,0
2172.877273,513.000000,0
2172.881818,513.000000,0
2172.886364,509.000000,0
2172.890909,509.000000,0
2172.895455,509.000000,0
2172.900000,509.000000,0
2172.904545,509.000000,0
2172.909091,513.000000,0
2172.913636,513.000000,0
2172.918182,513.000000,0
2172.922727,508.000000,0
2172.927273,508.000000,0
2172.931818,508.000000,0
2172.936364,508.000000,0
2172.940909,510.000000,0
2172.945455,510.000000,0
2172.950000,510.000000,0
2172.954545,510.000000,0
2172.959091,510.000000,0
2172.963636,510.000000,0
2172.968182,510.000000,0
2172.972727,510.000000,0
2172.977273,510.000000,0
2172.981818,508.000000,0
2172.986364,508.000000,0
2172.990909,508.000000,0
2172.995455,508.000000,0
2173.000000,513.000000,0
2173.004545,513.000000,0
2173.009091,513.000000,0
2173.013636,513.000000,0
2173.018182,513.000000,0
2173.022727,508.000000,0
2173.027273,508.000000,0
2173.031818,508.000000,0
2173.036364,508.000000,0
2173.040909,513.000000,0
2173.045455,513.000000,0
2173.050000,513.000000,0
2173.054545,513.000000,0
2173.059091,513.000000,0
2173.063636,513.000000,0
2173.068182,513.000000,0
2173.072727,509.000000,0
2173.077273,509.000000,0
2173.081818,509.000000,0
2173.086364,509.000000,0
2173.090909,509.000000,0
2173.095455,509.000000,0
2173.100000,513.000000,0
2173.104545,513.000000,0
2173.109091,513.000000,0
2173.113636,513.000000,0
2173.118182,513.000000,0
2173.122727,512.000000,0
2173.127273,512.000000,0
2173.131818,512.000000,0
2173.136364,510.000000,0
2173.140909,510.000000,0
2173.145455,510.000000,0
2173.150000,510.000000,0
2173.154545,510.000000,0
2173.159091,510.000000,0
2173.163636,510.000000,0
2173.168182,509.000000,0
2173.172727,509.000000,0
2173.177273,509.000000,0
2173.181818,509.000000,0
2173.186364,509.000000,0
2173.190909,514.000000,0
2173.195455,514.000000,0
2173.200000,514.000000,0
2173.204545,512.000000,0
2173.209091,512.000000,0
2173.213636,512.000000,0
2173.218182,512.000000,0
2173.222727,510.000000,0
2173.227273,510.000000,0
2173.231818,510.000000,0
2173.236364,510.000000,0
2173.240909,510.000000,0
2173.245455,512.000000,0
2173.250000,512.000000,0
2173.254545,512.000000,0
2173.259091,512.000000,0
2173.263636,510.000000,0
2173.268182,510.000000,0
2173.272727,510.000000,0
2173.277273,510.000000,0
2173.281818,508.000000,0
2173.286364,508.000000,0
2173.290909,508.000000,0
2173.295455,508.000000,0
2173.300000,512.000000,0
2173.304545,512.000000,0
2173.309091,512.000000,0
2173.313636,512.000000,0
2173.318182,513.000000,0
2173.322727,513.000000,0
2173.327273,513.000000,0
2173.331818,513.000000,0
2173.336364,510.000000,0
2173.340909,510.000000,0
2173.345455,510.000000,0
2173.350000,510.000000,0
2173.354545,510.000000,0
2173.359091,510.000000,0
2173.363636,510.000000,0
2173.368182,510.000000,0
2173.372727,510.000000,0
2173.377273,509.000000,0
2173.381818,509.000000,0
2173.386364,509.000000,0
2173.390909,509.000000,0
2173.395455,509.000000,0
2173.400000,509.000000,0
2173.404545,509.000000,0
2173.409091,509.000000,0
2173.413636,512.000000,0
2173.418182,512.000000,0
2173.422727,512.000000,0
2173.427273,512.000000,0
2173.431818,513.000000,0
2173.436364,513.000000,0
2173.440909,513.000000,0
2173.445455,513.000000,0
2173.450000,509.000000,0
2173.454545,509.000000,0
2173.459091,509.000000,0
2173.463636,509.000000,0
2173.468182,513.000000,0
2173.472727,513.000000,0
2173.477273,513.000000,0
2173.481818,513.000000,0
2173.486364,513.000000,0
2173.490909,513.000000,0
2173.495455,513.000000,0
2173.500000,513.000000,0
2173.504545,512.000000,0
2173.509091,512.000000,0
2173.513636,512.000000,0
2173.518182,512.000000,0
2173.522727,506.000000,0
2173.527273,506.000000,0
2173.531818,506.000000,0
2173.536364,506.000000,0
2173.540909,510.000000,0
2173.545455,510.000000,0
2173.550000,510.000000,0
2173.554545,510.000000,0
2173.559091,509.000000,0
2173.563636,509.000000,0
2173.568182,509.000000,0
2173.572727,509.000000,0
2173.577273,509.000000,0
2173.581818,558.000000,0
2173.586364,558.000000,0
2173.590909,558.000000,0
2173.595455,558.000000,0
2173.600000,553.000000,0
2173.604545,553.000000,0
2173.609091,553.000000,0
2173.613636,553.000000,0
2173.618182,434.000000,0
2173.622727,434.000000,0
2173.627273,434.000000,0
2173.631818,434.000000,0
2173.636364,504.000000,0
2173.640909,504.000000,0
2173.645455,504.000000,0
2173.650000,504.000000,0
2173.654545,509.000000,0
2173.659091,509.000000,0
2173.663636,509.000000,0
2173.668182,509.000000,0
2173.672727,505.000000,0
2173.677273,505.000000,0
2173.681818,505.000000,0
2173.686364,505.000000,0
2173.690909,509.000000,0
2173.695455,509.000000,0
2173.700000,509.000000,0
2173.704545,509.000000,0
2173.709091,510.000000,0
2173.713636,510.000000,0
2173.718182,510.000000,0
2173.722727,510.000000,0
2173.727273,510.000000,0
2173.731818,510.000000,0
2173.736364,510.000000,0
2173.740909,510.000000,0
2173.745455,513.000000,0
2173.750000,513.000000,0
2173.754545,513.000000,0
2173.759091,513.000000,0
2173.763636,509.000000,0
2173.768182,509.000000,0
2173.772727,509.000000,0
2173.777273,509.000000,0
2173.781818,506.000000,0
2173.786364,506.000000,0
2173.790909,506.000000,0
2173.795455,506.000000,0
2173.800000,506.000000,0
2173.804545,506.000000,0
2173.809091,508.000000,0
2173.813636,508.000000,0
2173.818182,508.000000,0
2173.822727,506.000000,0
2173.827273,506.000000,0
2173.831818,506.000000,0
2173.836364,506.000000,0
2173.840909,509.000000,0
2173.845455,509.000000,0
2173.850000,509.000000,0
2173.854545,509.000000,0
2173.859091,512.000000,0
2173.863636,512.000000,0
2173.868182,512.000000,0
2173.872727,512.000000,0
2173.877273,513.000000,0
2173.881818,513.000000,0
2173.886364,513.000000,0
2173.890909,513.000000,0
2173.895455,510.000000,0
2173.900000,510.000000,0
2173.904545,510.000000,0
2173.909091,510.000000,0
2173.913636,509.000000,0
2173.918182,509.000000,0
2173.922727,509.000000,0
2173.927273,509.000000,0
2173.931818,510.000000,0
2173.936364,510.000000,0
2173.940909,510.000000,0
2173.945455,510.000000,0
2173.950000,509.000000,0
2173.954545,509.000000,0
2173.959091,509.000000,0
2173.963636,509.000000,0
2173.968182,509.000000,0
2173.972727,513.000000,0
2173.977273,513.000000,0
2173.981818,513.000000,0
2173.986364,513.000000,0
2173.990909,513.000000,0
2173.995455,512.000000,0
2174.000000,512.000000,0
2174.004545,512.000000,0
2174.009091,513.000000,0
2174.013636,513.000000,0
2174.018182,513.000000,0
2174.022727,513.000000,0
2174.027273,509.000000,0
2174.031818,509.000000,0
2174.036364,509.000000,0
2174.040909,509.000000,0
2174.045455,509.000000,0
2174.050000,509.000000,0
2174.054545,509.000000,0
2174.059091,509.000000,0
2174.063636,509.000000,0
2174.068182,509.000000,0
2174.072727,509.000000,0
2174.077273,509.000000,0
2174.081818,371.000000,0
2174.086364,371.000000,0
2174.090909,371.000000,0
2174.095455,371.000000,0
2174.100000,497.000000,0
2174.104545,497.000000,0
2174.109091,497.000000,0
2174.113636,497.000000,0
2174.118182,509.000000,0
2174.122727,509.000000,0
2174.127273,509.000000,0
2174.131818,509.000000,0
2174.136364,509.000000,0
2174.140909,509.000000,0
2174.145455,509.000000,0
2174.150000,509.000000,0
2174.154545,509.000000,0
2174.159091,509.000000,0
2174.163636,509.000000,0
2174.168182,509.000000,0
2174.172727,509.000000,0
2174.177273,509.000000,0
2174.181818,509.000000,0
2174.186364,509.000000,0
2174.190909,510.000000,0
2174.195455,510.000000,0
2174.200000,510.000000,0
2174.204545,510.000000,0
2174.209091,510.000000,0
2174.213636,509.000000,0
2174.218182,509.000000,0
2174.222727,509.000000,0
2174.227273,509.000000,0
2174.231818,508.000000,0
2174.236364,508.000000,0
2174.240909,508.000000,0
2174.245455,508.000000,0
2174.250000,508.000000,0
2174.254545,508.000000,0
2174.259091,508.000000,0
2174.263636,508.000000,0
2174.268182,512.000000,0
2174.272727,512.000000,0
2174.277273,512.000000,0
2174.281818,512.000000,0
2174.286364,512.000000,0
2174.290909,512.000000,0
2174.295455,512.000000,0
2174.300000,512.000000,0
2174.304545,510.000000,0
2174.309091,510.000000,0
2174.313636,510.000000,0
2174.318182,510.000000,0
2174.322727,512.000000,0
2174.327273,512.000000,0
2174.331818,512.000000,0
2174.336364,512.000000,0
2174.340909,509.000000,0
2174.345455,509.000000,0
2174.350000,509.000000,0
2174.354545,509.000000,0
2174.359091,512.000000,0
2174.363636,512.000000,0
2174.368182,512.000000,0
2174.372727,512.000000,0
2174.377273,512.000000,0
2174.381818,513.000000,0
2174.386364,513.000000,0
2174.390909,513.000000,0
2174.395455,512.000000,0
2174.400000,512.000000,0
2174.404545,512.000000,0
2174.409091,512.000000,0
2174.413636,512.000000,0
2174.418182,512.000000,0
2174.422727,512.000000,0
2174.427273,512.000000,0
2174.431818,512.000000,0
2174.436364,509.000000,0
2174.440909,509.000000,0
2174.445455,509.000000,0
2174.450000,509.000000,0
2174.454545,508.000000,0
2174.459091,508.000000,0
2174.463636,508.000000,0
2174.468182,508.000000,0
2174.472727,508.000000,0
2174.477273,508.000000,0
2174.481818,508.000000,0
2174.486364,508.000000,0
2174.490909,510.000000,0
2174.495455,510.000000,0
2174.500000,510.000000,0
2174.504545,510.000000,0
2174.509091,513.000000,0
2174.513636,513.000000,0
2174.518182,513.000000,0
2174.522727,513.000000,0
2174.527273,512.000000,0
2174.531818,512.000000,0
2174.536364,512.000000,0
2174.540909,512.000000,0
2174.545455,510.000000,0
2174.550000,510.000000,0
2174.554545,510.000000,0
2174.559091,510.000000,0
2174.563636,509.000000,0
2174.568182,509.000000,0
2174.572727,509.000000,0
2174.577273,509.000000,0
2174.581818,509.000000,0
2174.586364,509.000000,0
2174.590909,509.000000,0
2174.595455,509.000000,0
2174.600000,509.000000,0
2174.604545,509.000000,0
2174.609091,509.000000,0
2174.613636,509.000000,0
2174.618182,510.000000,0
2174.622727,510.000000,0
2174.627273,510.000000,0
2174.631818,510.000000,0
2174.636364,510.000000,0
2174.640909,512.000000,0
2174.645455,512.000000,0
2174.650000,512.000000,0
2174.654545,512.000000,0
2174.659091,509.000000,0
2174.663636,509.000000,0
2174.668182,509.000000,0
2174.672727,509.000000,0
2174.677273,513.000000,0
2174.681818,513.000000,0
2174.686364,513.000000,0
2174.690909,513.000000,0
2174.695455,509.000000,0
2174.700000,509.000000,0
2174.704545,509.000000,0
2174.709091,509.000000,0
2174.713636,509.000000,0
2174.718182,509.000000,0
2174.722727,509.000000,0
2174.727273,509.000000,0
2174.731818,510.000000,0
2174.736364,510.000000,0
2174.740909,510.000000,0
2174.745455,510.000000,0
2174.750000,623.000000,0
2174.754545,623.000000,0
2174.759091,623.000000,0
2174.763636,623.000000,0
2174.768182,623.000000,0
2174.772727,589.000000,0
2174.777273,589.000000,0
2174.781818,589.000000,0
2174.786364,589.000000,0
2174.790909,469.000000,0
2174.795455,469.000000,0
2174.800000,469.000000,0
2174.804545,469.000000,0
2174.809091,509.000000,0
2174.813636,509.000000,0
2174.818182,509.000000,0
2174.822727,509.000000,0
2174.827273,510.000000,0
2174.831818,510.000000,0
2174.836364,510.000000,0
2174.840909,510.000000,0
2174.845455,510.000000,0
2174.850000,509.000000,0
2174.854545,509.000000,0
2174.859091,509.000000,0
2174.863636,506.000000,0
2174.868182,506.000000,0
2174.872727,506.000000,0
2174.877273,506.000000,0
2174.881818,509.000000,0
2174.886364,509.000000,0
2174.890909,509.000000,0
2174.895455,509.000000,0
2174.900000,510.000000,0
2174.904545,510.000000,0
2174.909091,510.000000,0
2174.913636,510.000000,0
2174.918182,512.000000,0
2174.922727,512.000000,0
2174.927273,512.000000,0
2174.931818,512.000000,0
2174.936364,512.000000,0
2174.940909,512.000000,0
2174.945455,512.000000,0
2174.950000,512.000000,0
2174.954545,509.000000,0
2174.959091,509.000000,0
2174.963636,509.000000,0
2174.968182,509.000000,0
2174.972727,509.000000,0
2174.977273,509.000000,0
2174.981818,509.000000,0
2174.986364,509.000000,0
2174.990909,509.000000,0
2174.995455,509.000000,0
2175.000000,509.000000,0
2175.004545,509.000000,0
2175.009091,509.000000,0
2175.013636,509.000000,0
2175.018182,509.000000,0
2175.022727,509.000000,0
2175.027273,509.000000,0
2175.031818,510.000000,0
2175.036364,510.000000,0
2175.040909,510.000000,0
2175.045455,510.000000,0
2175.050000,510.000000,0
2175.054545,510.000000,0
2175.059091,510.000000,0
2175.063636,510.000000,0
2175.068182,513.000000,0
2175.072727,513.000000,0
2175.077273,513.000000,0
2175.081818,513.000000,0
2175.086364,513.000000,0
2175.090909,509.000000,0
2175.095455,509.000000,0
2175.100000,509.000000,0
2175.104545,509.000000,0
2175.109091,510.000000,0
2175.113636,510.000000,0
2175.118182,510.000000,0
2175.122727,510.000000,0
2175.127273,508.000000,0
2175.131818,508.000000,0
2175.136364,508.000000,0
2175.140909,509.000000,0
2175.145455,509.000000,0
2175.150000,509.000000,0
2175.154545,509.000000,0
2175.159091,510.000000,0
2175.163636,510.000000,0
2175.168182,510.000000,0
2175.172727,510.000000,0
2175.177273,513.000000,0
2175.181818,513.000000,0
2175.186364,513.000000,0
2175.190909,513.000000,0
2175.195455,509.000000,0
2175.200000,509.000000,0
2175.204545,509.000000,0
2175.209091,509.000000,0
2175.213636,510.000000,0
2175.218182,510.000000,0
2175.222727,510.000000,0
2175.227273,510.000000,0
2175.231818,509.000000,0
2175.236364,509.000000,0
2175.240909,509.000000,0
2175.245455,509.000000,0
2175.250000,509.000000,0
2175.254545,509.000000,0
2175.259091,509.000000,0
2175.263636,509.000000,0
2175.268182,776.000000,0
2175.272727,776.000000,0
2175.277273,776.000000,0
2175.281818,776.000000,0
2175.286364,776.000000,0
2175.290909,473.000000,0
2175.295455,473.000000,0
2175.300000,473.000000,0
2175.304545,473.000000,0
2175.309091,509.000000,0
2175.313636,509.000000,0
2175.318182,509.000000,0
2175.322727,509.000000,0
2175.327273,509.000000,0
2175.331818,509.000000,0
2175.336364,509.000000,0
2175.340909,509.000000,0
2175.345455,509.000000,0
2175.350000,509.000000,0
2175.354545,509.000000,0
2175.359091,509.000000,0
2175.363636,509.000000,0
2175.368182,509.000000,0
2175.372727,509.000000,0
2175.377273,509.000000,0
2175.381818,509.000000,0
2175.386364,509.000000,0
2175.390909,509.000000,0
2175.395455,509.000000,0
2175.400000,509.000000,0
2175.404545,509.000000,0
2175.409091,509.000000,0
2175.413636,509.000000,0
2175.418182,509.000000,0
2175.422727,509.000000,0
2175.427273,509.000000,0
2175.431818,509.000000,0
2175.436364,510.000000,0
2175.440909,510.000000,0
2175.445455,510.000000,0
2175.450000,510.000000,0
2175.454545,510.000000,0
2175.459091,513.000000,0
2175.463636,513.000000,0
2175.468182,513.000000,0
2175.472727,513.000000,0
2175.477273,509.000000,0
2175.481818,509.000000,0
2175.486364,509.000000,0
2175.490909,509.000000,0
2175.495455,509.000000,0
2175.500000,509.000000,0
2175.504545,509.000000,0
2175.509091,509.000000,0
2175.513636,509.000000,0
2175.518182,509.000000,0
2175.522727,509.000000,0
2175.527273,509.000000,0
2175.531818,509.000000,0
2175.536364,509.000000,0
2175.540909,509.000000,0
2175.545455,509.000000,0
2175.550000,510.000000,0
2175.554545,510.000000,0
2175.559091,510.000000,0
2175.563636,510.000000,0
2175.568182,510.000000,0
2175.572727,510.000000,0
2175.577273,510.000000,0
2175.581818,510.000000,0
2175.586364,513.000000,0
2175.590909,513.000000,0
2175.595455,513.000000,0
2175.600000,513.000000,0
2175.604545,512.000000,0
2175.609091,512.000000,0
2175.613636,512.000000,0
2175.618182,512.000000,0
2175.622727,510.000000,0
2175.627273,510.000000,0
2175.631818,510.000000,0
2175.636364,510.000000,0
2175.640909,509.000000,0
2175.645455,509.000000,0
2175.650000,509.000000,0
2175.654545,509.000000,0
2175.659091,509.000000,0
2175.663636,509.000000,0
2175.668182,509.000000,0
2175.672727,509.000000,0
2175.677273,509.000000,0
2175.681818,509.000000,0
2175.686364,510.000000,0
2175.690909,510.000000,0
2175.695455,510.000000,0
2175.700000,510.000000,0
2175.704545,512.000000,0
2175.709091,512.000000,0
2175.713636,512.000000,0
2175.718182,512.000000,0
2175.722727,512.000000,0
2175.727273,512.000000,0
2175.731818,512.000000,0
2175.736364,512.000000,0
2175.740909,510.000000,0
2175.745455,510.000000,0
2175.750000,510.000000,0
2175.754545,510.000000,0
2175.759091,509.000000,0
2175.763636,509.000000,0
2175.768182,509.000000,0
2175.772727,509.000000,0
2175.777273,509.000000,0
2175.781818,509.000000,1
2175.786364,509.000000,0
2175.790909,504.000000,0
2175.795455,504.000000,0
2175.800000,504.000000,0
2175.804545,504.000000,0
2175.809091,510.000000,0
2175.813636,510.000000,0
2175.818182,510.000000,0
2175.822727,510.000000,0
2175.827273,509.000000,0
2175.831818,509.000000,0
2175.836364,509.000000,0
2175.840909,509.000000,0
2175.845455,509.000000,0
2175.850000,509.000000,0
2175.854545,509.000000,0
2175.859091,512.000000,0
2175.863636,512.000000,0
2175.868182,512.000000,0
2175.872727,512.000000,0
2175.877273,509.000000,0
2175.881818,509.000000,0
2175.886364,509.000000,0
2175.890909,509.000000,0
2175.895455,509.000000,0
2175.900000,509.000000,0
2175.904545,509.000000,0
2175.909091,509.000000,0
2175.913636,509.000000,0
2175.918182,509.000000,0
2175.922727,509.000000,0
2175.927273,509.000000,0
2175.931818,509.000000,0
2175.936364,509.000000,0
2175.940909,509.000000,0
2175.945455,512.000000,0
2175.950000,512.000000,0
2175.954545,512.000000,0
2175.959091,512.000000,0
2175.963636,510.000000,0
2175.968182,510.000000,0
2175.972727,510.000000,0
2175.977273,510.000000,0
2175.981818,510.000000,0
2175.986364,510.000000,0
2175.990909,510.000000,0
2175.995455,510.000000,0
2176.000000,510.000000,0
2176.004545,509.000000,0
2176.009091,509.000000,0
2176.013636,509.000000,0
2176.018182,509.000000,0
2176.022727,510.000000,0
2176.027273,510.000000,0
2176.031818,510.000000,0
2176.036364,510.000000,0
2176.040909,509.000000,0
2176.045455,509.000000,0
2176.050000,509.000000,0
2176.054545,509.000000,0
2176.059091,509.000000,0
2176.063636,509.000000,0
2176.068182,509.000000,0
2176.072727,509.000000,0
2176.077273,509.000000,0
2176.081818,509.000000,0
2176.086364,509.000000,0
2176.090909,509.000000,0
2176.095455,510.000000,0
2176.100000,510.000000,0
2176.104545,510.000000,0
2176.109091,510.000000,0
2176.113636,510.000000,0
2176.118182,510.000000,0
2176.122727,510.000000,0
2176.127273,510.000000,0
2176.131818,509.000000,0
2176.136364,509.000000,0
2176.140909,509.000000,0
2176.145455,509.000000,0
2176.150000,510.000000,0
2176.154545,510.000000,0
2176.159091,510.000000,0
2176.163636,510.000000,0
2176.168182,509.000000,0
2176.172727,509.000000,0
2176.177273,509.000000,0
2176.181818,509.000000,0
2176.186364,510.000000,0
2176.190909,510.000000,0
2176.195455,510.000000,0
2176.200000,510.000000,0
2176.204545,510.000000,0
2176.209091,510.000000,0
2176.213636,510.000000,0
2176.218182,510.000000,0
2176.222727,513.000000,0
2176.227273,513.000000,0
2176.231818,513.000000,0
2176.236364,513.000000,0
2176.240909,513.000000,0
2176.245455,510.000000,0
2176.250000,510.000000,0
2176.254545,510.000000,0
2176.259091,510.000000,0
2176.263636,512.000000,0
2176.268182,512.000000,0
2176.272727,512.000000,0
2176.277273,512.000000,0
2176.281818,509.000000,0
2176.286364,509.000000,0
2176.290909,509.000000,0
2176.295455,509.000000,0
2176.300000,510.000000,0
2176.304545,510.000000,0
2176.309091,510.000000,0
2176.313636,510.000000,0
2176.318182,510.000000,0
2176.322727,510.000000,0
2176.327273,510.000000,0
2176.331818,510.000000,0
2176.336364,512.000000,0
2176.340909,512.000000,0
2176.345455,512.000000,0
2176.350000,512.000000,0
2176.354545,512.000000,0
2176.359091,512.000000,0
2176.363636,512.000000,0
2176.368182,512.000000,0
2176.372727,512.000000,0
2176.377273,512.000000,0
2176.381818,512.000000,0
2176.386364,512.000000,0
2176.390909,512.000000,0
2176.395455,510.000000,0
2176.400000,510.000000,0
2176.404545,510.000000,0
2176.409091,510.000000,0
2176.413636,509.000000,0
2176.418182,509.000000,0
2176.422727,509.000000,0
2176.427273,509.000000,0
2176.431818,509.000000,0
2176.436364,509.000000,0
2176.440909,510.000000,0
2176.445455,510.000000,0
2176.450000,508.000000,0
2176.454545,508.000000,0
2176.459091,508.000000,0
2176.463636,508.000000,0
2176.468182,509.000000,0
2176.472727,509.000000,0
2176.477273,509.000000,0
2176.481818,509.000000,0
2176.486364,510.000000,0
2176.490909,510.000000,0
2176.495455,510.000000,0
2176.500000,512.000000,0
2176.504545,512.000000,0
2176.509091,512.000000,0
2176.513636,509.000000,0
2176.518182,509.000000,0
2176.522727,509.000000,0
2176.527273,509.000000,0
2176.531818,509.000000,0
2176.536364,509.000000,0
2176.540909,509.000000,0
2176.545455,509.000000,0
2176.550000,510.000000,0
2176.554545,510.000000,0
2176.559091,510.000000,0
2176.563636,510.000000,0
2176.568182,510.000000,0
2176.572727,510.000000,0
2176.577273,510.000000,0
2176.581818,512.000000,0
2176.586364,512.000000,0
2176.590909,512.000000,0
2176.595455,512.000000,0
2176.600000,512.000000,0
2176.604545,512.000000,0
2176.609091,512.000000,0
2176.613636,512.000000,0
2176.618182,512.000000,0
2176.622727,512.000000,0
2176.627273,512.000000,0
2176.631818,512.000000,0
2176.636364,510.000000,0
2176.640909,510.000000,0
2176.645455,510.000000,0
2176.650000,510.000000,0
2176.654545,510.000000,0
2176.659091,510.000000,0
2176.663636,510.000000,0
2176.668182,510.000000,0
2176.672727,510.000000,0
2176.677273,416.000000,0
2176.681818,416.000000,0
2176.686364,416.000000,0
2176.690909,499.000000,0
2176.695455,499.000000,0
2176.700000,499.000000,0
2176.704545,499.000000,0
2176.709091,510.000000,0
2176.713636,510.000000,0
2176.718182,510.000000,0
2176.722727,510.000000,0
2176.727273,510.000000,0
2176.731818,510.000000,0
2176.736364,510.000000,0
2176.740909,510.000000,0
2176.745455,510.000000,0
2176.750000,510.000000,0
2176.754545,510.000000,0
2176.759091,510.000000,0
2176.763636,510.000000,0
2176.768182,510.000000,0
2176.772727,510.000000,0
2176.777273,510.000000,0
2176.781818,510.000000,0
2176.786364,508.000000,0
2176.790909,508.000000,0
2176.795455,508.000000,0
2176.800000,508.000000,0
2176.804545,508.000000,0
2176.809091,508.000000,0
2176.813636,508.000000,0
2176.818182,508.000000,0
2176.822727,509.000000,0
2176.827273,509.000000,0
2176.831818,509.000000,0
2176.836364,509.000000,0
2176.840909,510.000000,0
2176.845455,510.000000,0
2176.850000,510.000000,0
2176.854545,510.000000,0
2176.859091,513.000000,0
2176.863636,513.000000,0
2176.868182,513.000000,0
2176.872727,513.000000,0
2176.877273,510.000000,0
2176.881818,510.000000,0
2176.886364,510.000000,0
2176.890909,510.000000,0
2176.895455,510.000000,0
2176.900000,513.000000,0
2176.904545,513.000000,0
2176.909091,513.000000,0
2176.913636,513.000000,0
2176.918182,516.000000,0
2176.922727,516.000000,0
2176.927273,516.000000,0
2176.931818,516.000000,0
2176.936364,510.000000,0
2176.940909,510.000000,0
2176.945455,510.000000,0
2176.950000,510.000000,0
2176.954545,509.000000,0
2176.959091,509.000000,0
2176.963636,509.000000,0
2176.968182,509.000000,0
2176.972727,512.000000,0
2176.977273,512.000000,0
2176.981818,512.000000,0
2176.986364,512.000000,0
2176.990909,512.000000,0
2176.995455,512.000000,0
2177.000000,512.000000,0
2177.004545,512.000000,0
2177.009091,509.000000,0
2177.013636,509.000000,0
2177.018182,509.000000,0
2177.022727,509.000000,0
2177.027273,512.000000,0
2177.031818,512.000000,0
2177.036364,512.000000,0
2177.040909,512.000000,0
2177.045455,509.000000,0
2177.050000,509.000000,0
2177.054545,509.000000,0
2177.059091,509.000000,0
2177.063636,509.000000,0
2177.068182,509.000000,0
2177.072727,509.000000,0
2177.077273,509.000000,0
2177.081818,513.000000,0
2177.086364,513.000000,0
2177.090909,513.000000,0
2177.095455,513.000000,0
2177.100000,512.000000,0
2177.104545,512.000000,0
2177.109091,512.000000,0
2177.113636,512.000000,0
2177.118182,670.000000,0
2177.122727,670.000000,0
2177.127273,670.000000,0
2177.131818,670.000000,0
2177.136364,491.000000,0
2177.140909,491.000000,0
2177.145455,491.000000,0
2177.150000,491.000000,0
2177.154545,491.000000,0
2177.159091,491.000000,0
2177.163636,443.000000,0
2177.168182,443.000000,0
2177.172727,504.000000,0
2177.177273,504.000000,0
2177.181818,504.000000,0
2177.186364,504.000000,0
2177.190909,504.000000,0
2177.195455,509.000000,0
2177.200000,509.000000,0
2177.204545,509.000000,0
2177.209091,509.000000,0
2177.213636,509.000000,0
2177.218182,506.000000,0
2177.222727,506.000000,0
2177.227273,506.000000,0
2177.231818,506.000000,0
2177.236364,506.000000,0
2177.240909,506.000000,0
2177.245455,506.000000,0
2177.250000,513.000000,0
2177.254545,513.000000,0
2177.259091,513.000000,0
2177.263636,513.000000,0
2177.268182,506.000000,0
2177.272727,506.000000,0
2177.277273,506.000000,0
2177.281818,506.000000,0
2177.286364,504.000000,0
2177.290909,504.000000,0
2177.295455,504.000000,0
2177.300000,504.000000,0
2177.304545,513.000000,0
2177.309091,513.000000,0
2177.313636,513.000000,0
2177.318182,513.000000,0
2177.322727,509.000000,0
2177.327273,509.000000,0
2177.331818,509.000000,0
2177.336364,509.000000,0
2177.340909,510.000000,0
2177.345455,510.000000,0
2177.350000,510.000000,0
2177.354545,510.000000,0
2177.359091,510.000000,0
2177.363636,513.000000,0
2177.368182,513.000000,0
2177.372727,513.000000,0
2177.377273,513.000000,0
2177.381818,510.000000,0
2177.386364,510.000000,0
2177.390909,510.000000,0
2177.395455,510.000000,0
2177.400000,513.000000,0
2177.404545,513.000000,0
2177.409091,513.000000,0
2177.413636,513.000000,0
2177.418182,513.000000,0
2177.422727,513.000000,0
2177.427273,513.000000,0
2177.431818,513.000000,0
2177.436364,513.000000,0
2177.440909,501.000000,0
2177.445455,501.000000,0
2177.450000,501.000000,0
2177.454545,501.000000,0
2177.459091,509.000000,0
2177.463636,509.000000,0
2177.468182,509.000000,0
2177.472727,509.000000,0
2177.477273,504.000000,0
2177.481818,504.000000,0
2177.486364,504.000000,0
2177.490909,504.000000,0
2177.495455,513.000000,0
2177.500000,513.000000,0
2177.504545,513.000000,0
2177.509091,513.000000,0
2177.513636,513.000000,0
2177.518182,513.000000,0
2177.522727,513.000000,0
2177.527273,513.000000,0
2177.531818,509.000000,0
2177.536364,509.000000,0
2177.540909,509.000000,0
2177.545455,509.000000,0
2177.550000,510.000000,0
2177.554545,510.000000,0
2177.559091,510.000000,0
2177.563636,510.000000,0
2177.568182,506.000000,0
2177.572727,506.000000,0
2177.577273,506.000000,0
2177.581818,506.000000,0
2177.586364,506.000000,0
2177.590909,510.000000,0
2177.595455,510.000000,0
2177.600000,510.000000,0
2177.604545,510.000000,0
2177.609091,509.000000,0
2177.613636,509.000000,0
2177.618182,509.000000,0
2177.622727,509.000000,0
2177.627273,513.000000,0
2177.631818,513.000000,0
2177.636364,513.000000,0
2177.640909,509.000000,0
2177.645455,509.000000,0
2177.650000,509.000000,0
2177.654545,509.000000,0
2177.659091,509.000000,0
2177.663636,509.000000,0
2177.668182,509.000000,0
2177.672727,509.000000,0
2177.677273,508.000000,0
2177.681818,508.000000,0
2177.686364,508.000000,0
2177.690909,508.000000,0
2177.695455,508.000000,0
2177.700000,508.000000,0
2177.704545,508.000000,0
2177.709091,508.000000,0
2177.713636,510.000000,0
2177.718182,510.000000,0
2177.722727,510.000000,0
2177.727273,510.000000,0
2177.731818,510.000000,0
2177.736364,506.000000,0
2177.740909,506.000000,0
2177.745455,506.000000,0
2177.750000,506.000000,0
2177.754545,512.000000,0
2177.759091,512.000000,0
2177.763636,512.000000,0
2177.768182,512.000000,0
2177.772727,512.000000,0
2177.777273,513.000000,0
2177.781818,513.000000,0
2177.786364,513.000000,0
2177.790909,509.000000,0
2177.795455,509.000000,0
2177.800000,509.000000,0
2177.804545,509.000000,0
2177.809091,516.000000,0
2177.813636,516.000000,0
2177.818182,516.000000,0
2177.822727,516.000000,0
2177.827273,510.000000,0
2177.831818,510.000000,0
2177.836364,510.000000,0
2177.840909,510.000000,0
2177.845455,509.000000,0
2177.850000,509.000000,0
2177.854545,509.000000,0
2177.859091,509.000000,0
2177.863636,508.000000,0
2177.868182,508.000000,0
2177.872727,508.000000,0
2177.877273,508.000000,0
2177.881818,513.000000,0
2177.886364,513.000000,0
2177.890909,513.000000,0
2177.895455,513.000000,0
2177.900000,516.000000,0
2177.904545,516.000000,0
2177.909091,516.000000,0
2177.913636,516.000000,0
2177.918182,516.000000,0
2177.922727,513.000000,0
2177.927273,513.000000,0
2177.931818,513.000000,0
2177.936364,513.000000,0
2177.940909,508.000000,0
2177.945455,508.000000,0
2177.950000,508.000000,0
2177.954545,508.000000,0
2177.959091,513.000000,0
2177.963636,513.000000,0
2177.968182,513.000000,0
2177.972727,513.000000,0
2177.977273,508.000000,0
2177.981818,508.000000,0
2177.986364,508.000000,0
2177.990909,508.000000,0
2177.995455,506.000000,0
2178.000000,506.000000,0
2178.004545,506.000000,0
2178.009091,506.000000,0
2178.013636,509.000000,0
2178.018182,509.000000,0
2178.022727,509.000000,0
2178.027273,509.000000,0
2178.031818,509.000000,0
2178.036364,509.000000,0
2178.040909,509.000000,0
2178.045455,509.000000,0
2178.050000,510.000000,0
2178.054545,510.000000,0
2178.059091,510.000000,0
2178.063636,510.000000,0
2178.068182,510.000000,0
2178.072727,510.000000,0
2178.077273,513.000000,0
2178.081818,513.000000,0
2178.086364,513.000000,0
2178.090909,513.000000,0
2178.095455,513.000000,0
2178.100000,513.000000,0
2178.104545,510.000000,0
2178.109091,510.000000,0
2178.113636,510.000000,0
2178.118182,506.000000,0
2178.122727,506.000000,0
2178.127273,509.000000,0
2178.131818,509.000000,0
2178.136364,509.000000,0
2178.140909,510.000000,0
2178.145455,510.000000,0
2178.150000,510.000000,0
2178.154545,510.000000,0
2178.159091,510.000000,0
2178.163636,509.000000,0
2178.168182,509.000000,0
2178.172727,512.000000,0
2178.177273,512.000000,0
2178.181818,512.000000,0
2178.186364,512.000000,0
2178.190909,512.000000,0
2178.195455,512.000000,0
2178.200000,512.000000,0
2178.204545,509.000000,0
2178.209091,509.000000,0
2178.213636,509.000000,0
2178.218182,509.000000,0
2178.222727,509.000000,0
2178.227273,509.000000,0
2178.231818,509.000000,0
2178.236364,509.000000,0
2178.240909,509.000000,0
2178.245455,512.000000,0
2178.250000,512.000000,0
2178.254545,508.000000,0
2178.259091,508.000000,0
2178.263636,513.000000,0
2178.268182,513.000000,0
2178.272727,509.000000,0
2178.277273,509.000000,0
2178.281818,509.000000,0
2178.286364,509.000000,0
2178.290909,512.000000,0
2178.295455,512.000000,0
2178.300000,512.000000,0
2178.304545,512.000000,0
2178.309091,513.000000,0
2178.313636,513.000000,0
2178.318182,513.000000,0
2178.322727,513.000000,0
2178.327273,506.000000,0
2178.331818,506.000000,0
2178.336364,506.000000,0
2178.340909,510.000000,0
2178.345455,510.000000,0
2178.350000,510.000000,0
2178.354545,510.000000,0
2178.359091,510.000000,0
2178.363636,510.000000,0
2178.368182,510.000000,0
2178.372727,512.000000,0
2178.377273,512.000000,0
2178.381818,512.000000,0
2178.386364,512.000000,0
2178.390909,512.000000,0
2178.395455,512.000000,0
2178.400000,512.000000,0
2178.404545,512.000000,0
2178.409091,512.000000,0
2178.413636,512.000000,0
2178.418182,512.000000,0
2178.422727,512.000000,0
2178.427273,512.000000,0
2178.431818,512.000000,0
2178.436364,512.000000,0
2178.440909,512.000000,0
2178.445455,504.000000,0
2178.450000,504.000000,0
2178.454545,504.000000,0
2178.459091,504.000000,0
2178.463636,504.000000,0
2178.468182,510.000000,0
2178.472727,510.000000,0
2178.477273,510.000000,0
2178.481818,510.000000,0
2178.486364,510.000000,0
2178.490909,508.000000,0
2178.495455,508.000000,0
2178.500000,508.000000,0
2178.504545,508.000000,0
2178.509091,508.000000,0
2178.513636,509.000000,0
2178.518182,509.000000,0
2178.522727,509.000000,0
2178.527273,509.000000,0
2178.531818,509.000000,0
2178.536364,509.000000,0
2178.540909,509.000000,0
2178.545455,513.000000,0
2178.550000,513.000000,0
2178.554545,509.000000,0
2178.559091,509.000000,0
2178.563636,512.000000,0
2178.568182,512.000000,0
2178.572727,512.000000,0
2178.577273,505.000000,0
2178.581818,505.000000,0
2178.586364,509.000000,0
2178.590909,509.000000,0
2178.595455,509.000000,0
2178.600000,510.000000,0
2178.604545,510.000000,0
2178.609091,510.000000,0
2178.613636,509.000000,0
2178.618182,509.000000,0
2178.622727,509.000000,0
2178.627273,509.000000,0
2178.631818,513.000000,0
2178.636364,513.000000,0
2178.640909,513.000000,0
2178.645455,508.000000,0
2178.650000,508.000000,0
2178.654545,508.000000,0
2178.659091,508.000000,0
2178.663636,508.000000,0
2178.668182,510.000000,0
2178.672727,510.000000,0
2178.677273,510.000000,0
2178.681818,509.000000,0
2178.686364,509.000000,0
2178.690909,509.000000,0
2178.695455,509.000000,0
2178.700000,510.000000,0
2178.704545,510.000000,0
2178.709091,510.000000,0
2178.713636,510.000000,0
2178.718182,509.000000,0
2178.722727,509.000000,0
2178.727273,509.000000,0
2178.731818,509.000000,0
2178.736364,512.000000,0
2178.740909,512.000000,0
2178.745455,512.000000,0
2178.750000,512.000000,0
2178.754545,512.000000,0
2178.759091,512.000000,0
2178.763636,512.000000,0
2178.768182,512.000000,0
2178.772727,512.000000,0
2178.777273,512.000000,0
2178.781818,512.000000,0
2178.786364,512.000000,0
2178.790909,512.000000,0
2178.795455,509.000000,0
2178.800000,509.000000,0
2178.804545,509.000000,0
2178.809091,509.000000,0
2178.813636,508.000000,0
2178.818182,508.000000,0
2178.822727,508.000000,0
2178.827273,508.000000,0
2178.831818,508.000000,0
2178.836364,504.000000,0
2178.840909,504.000000,0
2178.845455,504.000000,0
2178.850000,504.000000,0
2178.854545,505.000000,0
2178.859091,505.000000,0
2178.863636,505.000000,0
2178.868182,505.000000,0
2178.872727,505.000000,0
2178.877273,505.000000,0
2178.881818,505.000000,0
2178.886364,510.000000,0
2178.890909,510.000000,0
2178.895455,510.000000,0
2178.900000,510.000000,0
2178.904545,506.000000,0
2178.909091,506.000000,0
2178.913636,506.000000,0
2178.918182,506.000000,0
2178.922727,509.000000,0
2178.927273,509.000000,0
2178.931818,509.000000,0
2178.936364,509.000000,0
2178.940909,506.000000,0
2178.945455,506.000000,0
2178.950000,506.000000,0
2178.954545,506.000000,0
2178.959091,506.000000,0
2178.963636,510.000000,0
2178.968182,510.000000,0
2178.972727,510.000000,0
2178.977273,506.000000,0
2178.981818,506.000000,0
2178.986364,506.000000,0
2178.990909,506.000000,0
2178.995455,506.000000,0
2179.000000,509.000000,0
2179.004545,509.000000,0
2179.009091,509.000000,0
2179.013636,509.000000,0
2179.018182,510.000000,0
2179.022727,510.000000,0
2179.027273,510.000000,0
2179.031818,510.000000,0
2179.036364,509.000000,0
2179.040909,509.000000,0
2179.045455,509.000000,0
2179.050000,509.000000,0
2179.054545,500.000000,0
2179.059091,500.000000,0
2179.063636,500.000000,0
2179.068182,500.000000,0
2179.072727,500.000000,0
2179.077273,505.000000,0
2179.081818,505.000000,0
2179.086364,505.000000,0
2179.090909,509.000000,0
2179.095455,509.000000,0
2179.100000,509.000000,0
2179.104545,509.000000,0
2179.109091,512.000000,0
2179.113636,512.000000,0
2179.118182,512.000000,0
2179.122727,512.000000,0
2179.127273,509.000000,0
2179.131818,509.000000,0
2179.136364,509.000000,0
2179.140909,509.000000,0
2179.145455,509.000000,0
2179.150000,510.000000,0
2179.154545,510.000000,0
2179.159091,510.000000,0
2179.163636,510.000000,0
2179.168182,512.000000,0
2179.172727,512.000000,0
2179.177273,512.000000,0
2179.181818,512.000000,0
2179.186364,512.000000,0
2179.190909,512.000000,0
2179.195455,512.000000,0
2179.200000,512.000000,0
2179.204545,510.000000,0
2179.209091,510.000000,0
2179.213636,510.000000,0
2179.218182,510.000000,0
2179.222727,509.000000,0
2179.227273,509.000000,0
2179.231818,509.000000,0
2179.236364,509.000000,0
2179.240909,512.000000,0
2179.245455,512.000000,0
2179.250000,512.000000,0
2179.254545,512.000000,0
2179.259091,509.000000,0
2179.263636,509.000000,0
2179.268182,509.000000,0
2179.272727,509.000000,0
2179.277273,510.000000,0
2179.281818,510.000000,0
2179.286364,510.000000,0
2179.290909,510.000000,0
2179.295455,512.000000,0
2179.300000,512.000000,0
2179.304545,512.000000,0
2179.309091,512.000000,0
2179.313636,512.000000,0
2179.318182,512.000000,0
2179.322727,512.000000,0
2179.327273,512.000000,0
2179.331818,510.000000,0
2179.336364,510.000000,0
2179.340909,510.000000,0
2179.345455,510.000000,0
2179.350000,510.000000,0
2179.354545,510.000000,0
2179.359091,510.000000,0
2179.363636,510.000000,0
2179.368182,509.000000,0
2179.372727,509.000000,0
2179.377273,509.000000,0
2179.381818,509.000000,0
2179.386364,509.000000,0
2179.390909,509.000000,0
2179.395455,509.000000,0
2179.400000,509.000000,0
2179.404545,512.000000,0
2179.409091,512.000000,0
2179.413636,512.000000,0
2179.418182,512.000000,0
2179.422727,512.000000,0
2179.427273,509.000000,0
2179.431818,509.000000,0
2179.436364,509.000000,0
2179.440909,509.000000,0
2179.445455,509.000000,0
2179.450000,509.000000,0
2179.454545,509.000000,0
2179.459091,509.000000,0
2179.463636,509.000000,0
2179.468182,509.000000,0
2179.472727,509.000000,0
2179.477273,509.000000,0
2179.481818,510.000000,0
2179.486364,510.000000,0
2179.490909,510.000000,0
2179.495455,510.000000,0
2179.500000,509.000000,0
2179.504545,509.000000,0
2179.509091,509.000000,0
2179.513636,509.000000,0
2179.518182,509.000000,0
2179.522727,509.000000,0
2179.527273,509.000000,0
2179.531818,509.000000,0
2179.536364,512.000000,0
2179.540909,512.000000,0
2179.545455,512.000000,0
2179.550000,512.000000,0
2179.554545,510.000000,0
2179.559091,510.000000,0
2179.563636,510.000000,0
2179.568182,510.000000,0
2179.572727,512.000000,0
2179.577273,512.000000,0
2179.581818,512.000000,0
2179.586364,512.000000,0
2179.590909,509.000000,0
2179.595455,509.000000,0
2179.600000,509.000000,0
2179.604545,509.000000,0
2179.609091,509.000000,0
2179.613636,510.000000,0
2179.618182,510.000000,0
2179.622727,510.000000,0
2179.627273,510.000000,0
2179.631818,509.000000,0
2179.636364,509.000000,0
2179.640909,509.000000,0
2179.645455,509.000000,0
2179.650000,509.000000,0
2179.654545,509.000000,0
2179.659091,509.000000,0
2179.663636,509.000000,0
2179.668182,512.000000,0
2179.672727,512.000000,0
2179.677273,512.000000,0
2179.681818,512.000000,0
2179.686364,509.000000,0
2179.690909,509.000000,0
2179.695455,509.000000,0
2179.700000,509.000000,0
2179.704545,512.000000,0
2179.709091,512.000000,0
2179.713636,512.000000,0
2179.718182,512.000000,0
2179.722727,509.000000,0
2179.727273,509.000000,0
2179.731818,509.000000,0
2179.736364,509.000000,0
2179.740909,510.000000,0
2179.745455,510.000000,0
2179.750000,510.000000,0
2179.754545,510.000000,0
2179.759091,510.000000,0
2179.763636,510.000000,0
2179.768182,510.000000,0
2179.772727,510.000000,0
2179.777273,510.000000,0
2179.781818,510.000000,0
2179.786364,510.000000,0
2179.790909,510.000000,0
2179.795455,510.000000,0
2179.800000,512.000000,0
2179.804545,512.000000,0
2179.809091,512.000000,0
2179.813636,512.000000,0
2179.818182,512.000000,0
2179.822727,512.000000,0
2179.827273,512.000000,0
2179.831818,512.000000,0
2179.836364,508.000000,0
2179.840909,508.000000,0
2179.845455,508.000000,0
2179.850000,509.000000,0
2179.854545,509.000000,0
2179.859091,509.000000,0
2179.863636,509.000000,0
2179.868182,509.000000,0
2179.872727,509.000000,0
2179.877273,509.000000,0
2179.881818,509.000000,0
2179.886364,509.000000,0
2179.890909,509.000000,0
2179.895455,509.000000,0
2179.900000,509.000000,0
2179.904545,509.000000,0
2179.909091,509.000000,0
2179.913636,510.000000,0
2179.918182,510.000000,0
2179.922727,510.000000,0
2179.927273,510.000000,0
2179.931818,509.000000,0
2179.936364,509.000000,0
2179.940909,509.000000,0
2179.945455,509.000000,0
2179.950000,512.000000,0
2179.954545,512.000000,0
2179.959091,512.000000,0
2179.963636,510.000000,0
2179.968182,510.000000,0
2179.972727,510.000000,0
2179.977273,510.000000,0
2179.981818,509.000000,0
2179.986364,509.000000,0
2179.990909,509.000000,0
2179.995455,509.000000,0
2180.000000,509.000000,0
2180.004545,509.000000,0
2180.009091,509.000000,0
2180.013636,509.000000,0
2180.018182,509.000000,0
2180.022727,509.000000,0
2180.027273,509.000000,0
2180.031818,509.000000,0
2180.036364,510.000000,0
2180.040909,510.000000,0
2180.045455,510.000000,0
2180.050000,510.000000,0
2180.054545,512.000000,0
2180.059091,512.000000,0
2180.063636,512.000000,0
2180.068182,512.000000,0
2180.072727,512.000000,0
2180.077273,513.000000,0
2180.081818,513.000000,0
2180.086364,513.000000,0
2180.090909,510.000000,0
2180.095455,510.000000,0
2180.100000,510.000000,0
2180.104545,510.000000,0
2180.109091,510.000000,0
2180.113636,509.000000,0
2180.118182,509.000000,0
2180.122727,509.000000,0
2180.127273,509.000000,0
2180.131818,509.000000,0
2180.136364,510.000000,0
2180.140909,510.000000,0
2180.145455,510.000000,0
2180.150000,510.000000,0
2180.154545,508.000000,0
2180.159091,508.000000,0
2180.163636,508.000000,0
2180.168182,508.000000,0
2180.172727,509.000000,0
2180.177273,509.000000,0
2180.181818,509.000000,0
2180.186364,510.000000,0
2180.190909,510.000000,0
2180.195455,510.000000,0
2180.200000,510.000000,0
2180.204545,512.000000,0
2180.209091,512.000000,0
2180.213636,512.000000,0
2180.218182,512.000000,0
2180.222727,512.000000,0
2180.227273,512.000000,0
2180.231818,512.000000,0
2180.236364,512.000000,0
2180.240909,509.000000,0
2180.245455,509.000000,0
2180.250000,509.000000,0
2180.254545,509.000000,0
2180.259091,509.000000,0
2180.263636,509.000000,0
2180.268182,509.000000,0
2180.272727,509.000000,0
2180.277273,509.000000,0
2180.281818,508.000000,0
2180.286364,508.000000,0
2180.290909,508.000000,0
2180.295455,508.000000,0
2180.300000,510.000000,0
2180.304545,510.000000,0
2180.309091,510.000000,0
2180.313636,510.000000,0
2180.318182,512.000000,0
2180.322727,512.000000,0
2180.327273,512.000000,0
2180.331818,512.000000,0
2180.336364,510.000000,0
2180.340909,510.000000,0
2180.345455,510.000000,0
2180.350000,510.000000,0
2180.354545,512.000000,0
2180.359091,512.000000,0
2180.363636,512.000000,0
2180.368182,512.000000,0
2180.372727,509.000000,0
2180.377273,509.000000,0
2180.381818,509.000000,0
2180.386364,509.000000,0
2180.390909,509.000000,0
2180.395455,509.000000,0
2180.400000,509.000000,0
2180.404545,509.000000,0
2180.409091,509.000000,0
2180.413636,510.000000,0
2180.418182,510.000000,0
2180.422727,510.000000,0
2180.427273,510.000000,0
2180.431818,510.000000,0
2180.436364,510.000000,0
2180.440909,510.000000,0
2180.445455,510.000000,0
2180.450000,512.000000,0
2180.454545,512.000000,0
2180.459091,512.000000,0
2180.463636,512.000000,0
2180.468182,512.000000,0
2180.472727,512.000000,0
2180.477273,512.000000,0
2180.481818,512.000000,0
2180.486364,510.000000,0
2180.490909,510.000000,0
2180.495455,510.000000,0
2180.500000,510.000000,0
2180.504545,509.000000,0
2180.509091,509.000000,0
2180.513636,509.000000,0
2180.518182,509.000000,0
2180.522727,509.000000,0
2180.527273,509.000000,0
2180.531818,509.000000,0
2180.536364,509.000000,0
2180.540909,510.000000,0
2180.545455,510.000000,1
2180.550000,510.000000,0
2180.554545,510.000000,0
2180.559091,510.000000,0
2180.563636,512.000000,0
2180.568182,512.000000,0
2180.572727,512.000000,0
2180.577273,509.000000,0
2180.581818,509.000000,0
2180.586364,509.000000,0
2180.590909,509.000000,0
2180.595455,512.000000,0
2180.600000,512.000000,0
2180.604545,512.000000,0
2180.609091,512.000000,0
2180.613636,513.000000,0
2180.618182,513.000000,0
2180.622727,513.000000,0
2180.627273,513.000000,0
2180.631818,510.000000,0
2180.636364,510.000000,0
2180.640909,510.000000,0
2180.645455,510.000000,0
2180.650000,510.000000,0
2180.654545,510.000000,0
2180.659091,510.000000,0
2180.663636,510.000000,0
2180.668182,509.000000,0
2180.672727,509.000000,0
2180.677273,509.000000,0
2180.681818,508.000000,0
2180.686364,508.000000,0
2180.690909,508.000000,0
2180.695455,508.000000,0
2180.700000,510.000000,0
2180.704545,510.000000,0
2180.709091,510.000000,0
2180.713636,510.000000,0
2180.718182,510.000000,0
2180.722727,510.000000,0
2180.727273,510.000000,0
2180.731818,510.000000,0
2180.736364,512.000000,0
2180.740909,512.000000,0
2180.745455,512.000000,0
2180.750000,512.000000,0
2180.754545,512.000000,0
2180.759091,509.000000,0
2180.763636,509.000000,0
2180.768182,509.000000,0
2180.772727,509.000000,0
2180.777273,509.000000,0
2180.781818,509.000000,0
2180.786364,509.000000,0
2180.790909,510.000000,0
2180.795455,510.000000,0
2180.800000,510.000000,0
2180.804545,510.000000,0
2180.809091,510.000000,0
2180.813636,510.000000,0
2180.818182,510.000000,0
2180.822727,510.000000,0
2180.827273,510.000000,0
2180.831818,510.000000,0
2180.836364,510.000000,0
2180.840909,510.000000,0
2180.845455,512.000000,0
2180.850000,512.000000,0
2180.854545,512.000000,0
2180.859091,512.000000,0
2180.863636,513.000000,0
2180.868182,513.000000,0
2180.872727,513.000000,0
2180.877273,513.000000,0
2180.881818,510.000000,0
2180.886364,510.000000,0
2180.890909,510.000000,0
2180.895455,510.000000,0
2180.900000,509.000000,0
2180.904545,509.000000,0
2180.909091,509.000000,0
2180.913636,509.000000,0
2180.918182,508.000000,0
2180.922727,508.000000,0
2180.927273,508.000000,0
2180.931818,508.000000,0
2180.936364,508.000000,0
2180.940909,509.000000,0
2180.945455,509.000000,0
2180.950000,509.000000,0
2180.954545,512.000000,0
2180.959091,512.000000,0
2180.963636,512.000000,0
2180.968182,512.000000,0
2180.972727,512.000000,0
2180.977273,512.000000,0
2180.981818,512.000000,0
2180.986364,512.000000,0
2180.990909,512.000000,0
2180.995455,513.000000,0
2181.000000,513.000000,0
2181.004545,513.000000,0
2181.009091,512.000000,0
2181.013636,512.000000,0
2181.018182,512.000000,0
2181.022727,512.000000,0
2181.027273,509.000000,0
2181.031818,509.000000,0
2181.036364,509.000000,0
2181.040909,509.000000,0
2181.045455,509.000000,0
2181.050000,512.000000,0
2181.054545,512.000000,0
2181.059091,512.000000,0
2181.063636,512.000000,0
2181.068182,509.000000,0
2181.072727,509.000000,0
2181.077273,509.000000,0
2181.081818,509.000000,0
2181.086364,509.000000,0
2181.090909,509.000000,0
2181.095455,509.000000,0
2181.100000,509.000000,0
2181.104545,509.000000,0
2181.109091,510.000000,0
2181.113636,510.000000,0
2181.118182,510.000000,0
2181.122727,510.000000,0
2181.127273,513.000000,0
2181.131818,513.000000,0
2181.136364,513.000000,0
2181.140909,513.000000,0
2181.145455,512.000000,0
2181.150000,512.000000,0
2181.154545,512.000000,0
2181.159091,512.000000,0
2181.163636,510.000000,0
2181.168182,510.000000,0
2181.172727,510.000000,0
2181.177273,510.000000,0
2181.181818,509.000000,0
2181.186364,509.000000,0
2181.190909,509.000000,0
2181.195455,509.000000,0
2181.200000,513.000000,0
2181.204545,513.000000,0
2181.209091,513.000000,0
2181.213636,510.000000,0
2181.218182,510.000000,0
2181.222727,510.000000,0
2181.227273,510.000000,0
2181.231818,510.000000,0
2181.236364,510.000000,0
2181.240909,512.000000,0
2181.245455,512.000000,0
2181.250000,513.000000,0
2181.254545,513.000000,0
2181.259091,513.000000,0
2181.263636,513.000000,0
2181.268182,513.000000,0
2181.272727,513.000000,0
2181.277273,513.000000,0
2181.281818,509.000000,0
2181.286364,509.000000,0
2181.290909,509.000000,0
2181.295455,509.000000,0
2181.300000,509.000000,0
2181.304545,509.000000,0
2181.309091,509.000000,0
2181.313636,509.000000,0
2181.318182,509.000000,0
2181.322727,579.000000,0
2181.327273,579.000000,0
2181.331818,593.000000,0
2181.336364,593.000000,0
2181.340909,593.000000,0
2181.345455,398.000000,0
2181.350000,398.000000,0
2181.354545,398.000000,0
2181.359091,398.000000,0
2181.363636,495.000000,0
2181.368182,495.000000,0
2181.372727,495.000000,0
2181.377273,495.000000,0
2181.381818,510.000000,0
2181.386364,510.000000,0
2181.390909,510.000000,0
2181.395455,509.000000,0
2181.400000,509.000000,0
2181.404545,509.000000,0
2181.409091,509.000000,0
2181.413636,509.000000,0
2181.418182,509.000000,0
2181.422727,509.000000,0
2181.427273,509.000000,0
2181.431818,509.000000,0
2181.436364,508.000000,0
2181.440909,508.000000,0
2181.445455,508.000000,0
2181.450000,508.000000,0
2181.454545,510.000000,0
2181.459091,510.000000,0
2181.463636,510.000000,0
2181.468182,510.000000,0
2181.472727,509.000000,0
2181.477273,509.000000,0
2181.481818,509.000000,0
2181.486364,509.000000,0
2181.490909,510.000000,0
2181.495455,510.000000,0
2181.500000,510.000000,0
2181.504545,510.000000,0
2181.509091,510.000000,0
2181.513636,510.000000,0
2181.518182,510.000000,0
2181.522727,510.000000,0
2181.527273,513.000000,0
2181.531818,513.000000,0
2181.536364,513.000000,0
2181.540909,513.000000,0
2181.545455,512.000000,0
2181.550000,512.000000,0
2181.554545,512.000000,0
2181.559091,512.000000,0
2181.563636,512.000000,0
2181.568182,512.000000,0
2181.572727,512.000000,0
2181.577273,512.000000,0
2181.581818,506.000000,0
2181.586364,506.000000,0
2181.590909,506.000000,0
2181.595455,506.000000,0
2181.600000,509.000000,0
2181.604545,509.000000,0
2181.609091,509.000000,0
2181.613636,509.000000,0
2181.618182,510.000000,0
2181.622727,510.000000,0
2181.627273,510.000000,0
2181.631818,510.000000,0
2181.636364,514.000000,0
2181.640909,514.000000,0
2181.645455,514.000000,0
2181.650000,514.000000,0
2181.654545,514.000000,0
2181.659091,514.000000,0
2181.663636,514.000000,0
2181.668182,514.000000,0
2181.672727,514.000000,0
2181.677273,509.000000,0
2181.681818,509.000000,0
2181.686364,509.000000,0
2181.690909,509.000000,0
2181.695455,510.000000,0
2181.700000,510.000000,0
2181.704545,510.000000,0
2181.709091,510.000000,0
2181.713636,509.000000,0
2181.718182,509.000000,0
2181.722727,509.000000,0
2181.727273,509.000000,0
2181.731818,510.000000,0
2181.736364,510.000000,0
2181.740909,510.000000,0
2181.745455,510.000000,0
2181.750000,510.000000,0
2181.754545,512.000000,0
2181.759091,512.000000,0
2181.763636,512.000000,0
2181.768182,512.000000,0
2181.772727,513.000000,0
2181.777273,513.000000,0
2181.781818,513.000000,0
2181.786364,513.000000,0
2181.790909,509.000000,0
2181.795455,509.000000,0
2181.800000,509.000000,0
2181.804545,509.000000,0
2181.809091,510.000000,0
2181.813636,510.000000,0
2181.818182,510.000000,0
2181.822727,510.000000,0
2181.827273,509.000000,0
2181.831818,509.000000,0
2181.836364,509.000000,0
2181.840909,509.000000,0
2181.845455,509.000000,0
2181.850000,509.000000,0
2181.854545,509.000000,0
2181.859091,509.000000,0
2181.863636,508.000000,0
2181.868182,508.000000,0
2181.872727,508.000000,0
2181.877273,508.000000,0
2181.881818,509.000000,0
2181.886364,509.000000,0
2181.890909,509.000000,0
2181.895455,509.000000,0
2181.900000,510.000000,0
2181.904545,510.000000,0
2181.909091,510.000000,0
2181.913636,510.000000,0
2181.918182,506.000000,0
2181.922727,506.000000,0
2181.927273,506.000000,0
2181.931818,506.000000,0
2181.936364,512.000000,0
2181.940909,512.000000,0
2181.945455,512.000000,0
2181.950000,512.000000,0
2181.954545,508.000000,0
2181.959091,508.000000,0
2181.963636,508.000000,0
2181.968182,508.000000,0
2181.972727,508.000000,0
2181.977273,508.000000,0
2181.981818,508.000000,0
2181.986364,508.000000,0
2181.990909,509.000000,0
2181.995455,509.000000,0
2182.000000,509.000000,0
2182.004545,509.000000,0
2182.009091,514.000000,0
2182.013636,514.000000,0
2182.018182,514.000000,0
2182.022727,514.000000,0
2182.027273,509.000000,0
2182.031818,509.000000,0
2182.036364,509.000000,0
2182.040909,509.000000,0
2182.045455,509.000000,0
2182.050000,568.000000,0
2182.054545,568.000000,0
2182.059091,568.000000,0
2182.063636,568.000000,0
2182.068182,504.000000,0
2182.072727,504.000000,0
2182.077273,504.000000,0
2182.081818,504.000000,0
2182.086364,508.000000,0
2182.090909,508.000000,0
2182.095455,508.000000,0
2182.100000,508.000000,0
2182.104545,509.000000,0
2182.109091,509.000000,0
2182.113636,509.000000,0
2182.118182,509.000000,0
2182.122727,510.000000,0
2182.127273,510.000000,0
2182.131818,510.000000,0
2182.136364,510.000000,0
2182.140909,510.000000,0
2182.145455,510.000000,0
2182.150000,510.000000,0
2182.154545,510.000000,0
2182.159091,513.000000,0
2182.163636,513.000000,0
2182.168182,513.000000,0
2182.172727,513.000000,0
2182.177273,509.000000,0
2182.181818,509.000000,0
2182.186364,509.000000,0
2182.190909,509.000000,0
2182.195455,508.000000,0
2182.200000,508.000000,0
2182.204545,508.000000,0
2182.209091,508.000000,0
2182.213636,509.000000,0
2182.218182,509.000000,0
2182.222727,509.000000,0
2182.227273,509.000000,0
2182.231818,509.000000,0
2182.236364,509.000000,0
2182.240909,509.000000,0
2182.245455,509.000000,0
2182.250000,509.000000,0
2182.254545,509.000000,0
2182.259091,510.000000,0
2182.263636,510.000000,0
2182.268182,510.000000,0
2182.272727,512.000000,0
2182.277273,512.000000,0
2182.281818,512.000000,0
2182.286364,512.000000,0
2182.290909,510.000000,0
2182.295455,510.000000,0
2182.300000,510.000000,0
2182.304545,510.000000,0
2182.309091,509.000000,0
2182.313636,509.000000,0
2182.318182,509.000000,0
2182.322727,509.000000,0
2182.327273,509.000000,0
2182.331818,509.000000,0
2182.336364,509.000000,0
2182.340909,509.000000,0
2182.345455,513.000000,0
2182.350000,513.000000,0
2182.354545,513.000000,0
2182.359091,513.000000,0
2182.363636,513.000000,0
2182.368182,513.000000,0
2182.372727,513.000000,0
2182.377273,513.000000,0
2182.381818,510.000000,0
2182.386364,510.000000,0
2182.390909,510.000000,0
2182.395455,510.000000,0
2182.400000,513.000000,0
2182.404545,513.000000,0
2182.409091,513.000000,0
2182.413636,513.000000,0
2182.418182,510.000000,0
2182.422727,510.000000,0
2182.427273,510.000000,0
2182.431818,510.000000,0
2182.436364,509.000000,0
2182.440909,509.000000,0
2182.445455,509.000000,0
2182.450000,509.000000,0
2182.454545,513.000000,0
2182.459091,513.000000,0
2182.463636,513.000000,0
2182.468182,513.000000,0
2182.472727,513.000000,0
2182.477273,510.000000,0
2182.481818,510.000000,0
2182.486364,510.000000,0
2182.490909,510.000000,0
2182.495455,510.000000,0
2182.500000,510.000000,0
2182.504545,510.000000,0
2182.509091,510.000000,0
2182.513636,510.000000,0
2182.518182,508.000000,0
2182.522727,508.000000,0
2182.527273,508.000000,0
2182.531818,508.000000,0
2182.536364,509.000000,0
2182.540909,509.000000,0
2182.545455,509.000000,0
2182.550000,509.000000,0
2182.554545,509.000000,0
2182.559091,509.000000,0
2182.563636,509.000000,0
2182.568182,505.000000,0
2182.572727,505.000000,0
2182.577273,505.000000,0
2182.581818,505.000000,0
2182.586364,510.000000,0
2182.590909,510.000000,0
2182.595455,510.000000,0
2182.600000,510.000000,0
2182.604545,513.000000,0
2182.609091,513.000000,0
2182.613636,513.000000,0
2182.618182,513.000000,0
2182.622727,506.000000,0
2182.627273,506.000000,0
2182.631818,506.000000,0
2182.636364,506.000000,0
2182.640909,509.000000,0
2182.645455,509.000000,0
2182.650000,509.000000,0
2182.654545,509.000000,0
2182.659091,510.000000,0
2182.663636,510.000000,0
2182.668182,510.000000,0
2182.672727,510.000000,0
2182.677273,510.000000,0
2182.681818,512.000000,0
2182.686364,512.000000,0
2182.690909,512.000000,0
2182.695455,512.000000,0
2182.700000,509.000000,0
2182.704545,509.000000,0
2182.709091,509.000000,0
2182.713636,509.000000,0
2182.718182,509.000000,0
2182.722727,506.000000,0
2182.727273,506.000000,0
2182.731818,506.000000,0
2182.736364,506.000000,0
2182.740909,513.000000,0
2182.745455,513.000000,0
2182.750000,513.000000,0
2182.754545,513.000000,0
2182.759091,513.000000,0
2182.763636,513.000000,0
2182.768182,513.000000,0
2182.772727,513.000000,0
2182.777273,510.000000,0
2182.781818,510.000000,0
2182.786364,510.000000,0
2182.790909,509.000000,0
2182.795455,509.000000,0
2182.800000,509.000000,0
2182.804545,509.000000,0
2182.809091,509.000000,0
2182.813636,509.000000,0
2182.818182,509.000000,0
2182.822727,509.000000,0
2182.827273,509.000000,0
2182.831818,504.000000,0
2182.836364,504.000000,0
2182.840909,504.000000,0
2182.845455,504.000000,0
2182.850000,512.000000,0
2182.854545,512.000000,0
2182.859091,512.000000,0
2182.863636,509.000000,0
2182.868182,509.000000,0
2182.872727,509.000000,0
2182.877273,509.000000,0
2182.881818,509.000000,0
2182.886364,510.000000,0
2182.890909,510.000000,0
2182.895455,510.000000,0
2182.900000,510.000000,0
2182.904545,509.000000,0
2182.909091,509.000000,0
2182.913636,509.000000,0
2182.918182,509.000000,0
2182.922727,509.000000,0
2182.927273,509.000000,0
2182.931818,509.000000,0
2182.936364,509.000000,0
2182.940909,509.000000,0
2182.945455,509.000000,0
2182.950000,509.000000,0
2182.954545,509.000000,0
2182.959091,513.000000,0
2182.963636,513.000000,0
2182.968182,513.000000,0
2182.972727,513.000000,0
2182.977273,510.000000,0
2182.981818,510.000000,0
2182.986364,510.000000,0
2182.990909,510.000000,0
2182.995455,512.000000,0
2183.000000,512.000000,0
2183.004545,512.000000,0
2183.009091,512.000000,0
2183.013636,505.000000,0
2183.018182,505.000000,0
2183.022727,505.000000,0
2183.027273,505.000000,0
2183.031818,509.000000,0
2183.036364,509.000000,0
2183.040909,509.000000,0
2183.045455,509.000000,0
2183.050000,512.000000,0
2183.054545,512.000000,0
2183.059091,512.000000,0
2183.063636,512.000000,0
2183.068182,512.000000,0
2183.072727,512.000000,0
2183.077273,509.000000,0
2183.081818,509.000000,0
2183.086364,512.000000,0
2183.090909,512.000000,0
2183.095455,512.000000,0
2183.100000,512.000000,0
2183.104545,509.000000,0
2183.109091,509.000000,0
2183.113636,509.000000,0
2183.118182,509.000000,0
2183.122727,509.000000,0
2183.127273,509.000000,0
2183.131818,509.000000,0
2183.136364,509.000000,0
2183.140909,509.000000,0
2183.145455,509.000000,0
2183.150000,514.000000,0
2183.154545,514.000000,0
2183.159091,514.000000,0
2183.163636,509.000000,0
2183.168182,509.000000,0
2183.172727,509.000000,0
2183.177273,512.000000,0
2183.181818,512.000000,0
2183.186364,512.000000,0
2183.190909,509.000000,0
2183.195455,509.000000,0
2183.200000,509.000000,0
2183.204545,509.000000,0
2183.209091,513.000000,0
2183.213636,513.000000,0
2183.218182,513.000000,0
2183.222727,510.000000,0
2183.227273,510.000000,0
2183.231818,510.000000,0
2183.236364,510.000000,0
2183.240909,509.000000,0
2183.245455,509.000000,0
2183.250000,509.000000,0
2183.254545,509.000000,0
2183.259091,509.000000,0
2183.263636,509.000000,0
2183.268182,509.000000,0
2183.272727,509.000000,0
2183.277273,509.000000,0
2183.281818,509.000000,0
2183.286364,509.000000,0
2183.290909,512.000000,0
2183.295455,512.000000,0
2183.300000,512.000000,0
2183.304545,512.000000,0
2183.309091,512.000000,0
2183.313636,512.000000,0
2183.318182,512.000000,0
2183.322727,512.000000,0
2183.327273,512.000000,0
2183.331818,512.000000,0
2183.336364,512.000000,0
2183.340909,512.000000,0
2183.345455,510.000000,0
2183.350000,510.000000,0
2183.354545,510.000000,0
2183.359091,510.000000,0
2183.363636,510.000000,0
2183.368182,510.000000,0
2183.372727,510.000000,0
2183.377273,510.000000,0
2183.381818,510.000000,0
2183.386364,509.000000,0
2183.390909,509.000000,0
2183.395455,509.000000,0
2183.400000,508.000000,0
2183.404545,508.000000,0
2183.409091,508.000000,0
2183.413636,508.000000,0
2183.418182,509.000000,0
2183.422727,509.000000,0
2183.427273,509.000000,0
2183.431818,509.000000,0
2183.436364,510.000000,0
2183.440909,510.000000,0
2183.445455,510.000000,0
2183.450000,510.000000,0
2183.454545,512.000000,0
2183.459091,512.000000,0
2183.463636,512.000000,0
2183.468182,512.000000,0
2183.472727,579.000000,0
2183.477273,579.000000,0
2183.481818,579.000000,0
2183.486364,579.000000,0
2183.490909,506.000000,0
2183.495455,506.000000,0
2183.500000,506.000000,0
2183.504545,506.000000,0
2183.509091,506.000000,0
2183.513636,509.000000,0
2183.518182,509.000000,0
2183.522727,509.000000,0
2183.527273,510.000000,0
2183.531818,510.000000,0
2183.536364,510.000000,0
2183.540909,510.000000,0
2183.545455,510.000000,0
2183.550000,509.000000,0
2183.554545,509.000000,0
2183.559091,509.000000,0
2183.563636,509.000000,0
2183.568182,509.000000,0
2183.572727,512.000000,0
2183.577273,512.000000,0
2183.581818,512.000000,0
2183.586364,512.000000,0
2183.590909,512.000000,0
2183.595455,512.000000,0
2183.600000,512.000000,0
2183.604545,512.000000,0
2183.609091,509.000000,0
2183.613636,509.000000,0
2183.618182,509.000000,0
2183.622727,509.000000,0
2183.627273,509.000000,0
2183.631818,509.000000,0
2183.636364,509.000000,0
2183.640909,509.000000,0
2183.645455,509.000000,0
2183.650000,509.000000,0
2183.654545,509.000000,0
2183.659091,509.000000,0
2183.663636,509.000000,0
2183.668182,509.000000,0
2183.672727,509.000000,0
2183.677273,509.000000,0
2183.681818,509.000000,0
2183.686364,509.000000,0
2183.690909,509.000000,0
2183.695455,510.000000,0
2183.700000,510.000000,0
2183.704545,510.000000,0
2183.709091,510.000000,0
2183.713636,512.000000,0
2183.718182,512.000000,0
2183.722727,512.000000,0
2183.727273,512.000000,0
2183.731818,512.000000,0
2183.736364,510.000000,0
2183.740909,510.000000,0
2183.745455,510.000000,0
2183.750000,509.000000,0
2183.754545,509.000000,0
2183.759091,509.000000,0
2183.763636,509.000000,0
2183.768182,509.000000,0
2183.772727,508.000000,0
2183.777273,508.000000,0
2183.781818,508.000000,0
2183.786364,508.000000,0
2183.790909,508.000000,0
2183.795455,512.000000,0
2183.800000,512.000000,0
2183.804545,512.000000,0
2183.809091,512.000000,0
2183.813636,509.000000,0
2183.818182,509.000000,0
2183.822727,509.000000,0
2183.827273,509.000000,0
2183.831818,349.000000,0
2183.836364,349.000000,0
2183.840909,349.000000,0
2183.845455,349.000000,0
2183.850000,496.000000,0
2183.854545,496.000000,0
2183.859091,496.000000,0
2183.863636,496.000000,0
2183.868182,510.000000,0
2183.872727,510.000000,0
2183.877273,510.000000,0
2183.881818,510.000000,0
2183.886364,509.000000,0
2183.890909,509.000000,0
2183.895455,509.000000,0
2183.900000,509.000000,0
2183.904545,508.000000,0
2183.909091,508.000000,0
2183.913636,508.000000,0
2183.918182,508.000000,0
2183.922727,508.000000,0
2183.927273,508.000000,0
2183.931818,508.000000,0
2183.936364,508.000000,0
2183.940909,509.000000,0
2183.945455,509.000000,0
2183.950000,509.000000,0
2183.954545,509.000000,0
2183.959091,509.000000,0
2183.963636,509.000000,0
2183.968182,509.000000,0
2183.972727,509.000000,0
2183.977273,513.000000,0
2183.981818,513.000000,0
2183.986364,513.000000,0
2183.990909,513.000000,0
2183.995455,513.000000,0
2184.000000,513.000000,0
2184.004545,513.000000,0
2184.009091,513.000000,0
2184.013636,510.000000,0
2184.018182,510.000000,0
2184.022727,510.000000,0
2184.027273,510.000000,0
2184.031818,509.000000,0
2184.036364,509.000000,0
2184.040909,509.000000,0
2184.045455,509.000000,0
2184.050000,509.000000,0
2184.054545,509.000000,0
2184.059091,509.000000,0
2184.063636,509.000000,0
2184.068182,510.000000,0
2184.072727,510.000000,0
2184.077273,510.000000,0
2184.081818,510.000000,0
2184.086364,510.000000,0
2184.090909,510.000000,0
2184.095455,510.000000,0
2184.100000,510.000000,0
2184.104545,510.000000,0
2184.109091,510.000000,0
2184.113636,510.000000,0
2184.118182,510.000000,0
2184.122727,510.000000,0
2184.127273,510.000000,0
2184.131818,509.000000,0
2184.136364,509.000000,0
2184.140909,509.000000,0
2184.145455,509.000000,0
2184.150000,510.000000,0
2184.154545,510.000000,0
2184.159091,510.000000,0
2184.163636,510.000000,0
2184.168182,509.000000,0
2184.172727,509.000000,0
2184.177273,509.000000,0
2184.181818,509.000000,0
2184.186364,509.000000,0
2184.190909,509.000000,0
2184.195455,509.000000,0
2184.200000,509.000000,0
2184.204545,509.000000,0
2184.209091,509.000000,0
2184.213636,509.000000,0
2184.218182,509.000000,0
2184.222727,512.000000,0
2184.227273,512.000000,0
2184.231818,512.000000,0
2184.236364,512.000000,0
2184.240909,512.000000,0
2184.245455,512.000000,0
2184.250000,512.000000,0
2184.254545,513.000000,0
2184.259091,513.000000,0
2184.263636,513.000000,0
2184.268182,513.000000,0
2184.272727,513.000000,0
2184.277273,509.000000,0
2184.281818,509.000000,0
2184.286364,509.000000,0
2184.290909,509.000000,0
2184.295455,509.000000,0
2184.300000,509.000000,0
2184.304545,509.000000,0
2184.309091,509.000000,0
2184.313636,509.000000,0
2184.318182,509.000000,0
2184.322727,509.000000,0
2184.327273,509.000000,0
2184.331818,509.000000,0
2184.336364,509.000000,0
2184.340909,509.000000,0
2184.345455,509.000000,0
2184.350000,509.000000,0
2184.354545,509.000000,0
2184.359091,509.000000,0
2184.363636,509.000000,0
2184.368182,510.000000,0
2184.372727,510.000000,0
2184.377273,510.000000,0
2184.381818,510.000000,0
2184.386364,510.000000,0
2184.390909,510.000000,0
2184.395455,510.000000,0
2184.400000,510.000000,0
2184.404545,512.000000,0
2184.409091,512.000000,0
2184.413636,512.000000,0
2184.418182,512.000000,0
2184.422727,509.000000,0
2184.427273,509.000000,0
2184.431818,509.000000,0
2184.436364,509.000000,0
2184.440909,509.000000,0
2184.445455,509.000000,0
2184.450000,509.000000,0
2184.454545,509.000000,0
2184.459091,509.000000,0
2184.463636,509.000000,0
2184.468182,509.000000,0
2184.472727,509.000000,0
2184.477273,510.000000,0
2184.481818,510.000000,0
2184.486364,510.000000,0
2184.490909,510.000000,0
2184.495455,510.000000,0
2184.500000,512.000000,0
2184.504545,512.000000,0
2184.509091,512.000000,0
2184.513636,512.000000,0
2184.518182,512.000000,0
2184.522727,512.000000,0
2184.527273,512.000000,0
2184.531818,512.000000,0
2184.536364,509.000000,0
2184.540909,509.000000,0
2184.545455,509.000000,0
2184.550000,509.000000,0
2184.554545,509.000000,0
2184.559091,509.000000,0
2184.563636,509.000000,0
2184.568182,509.000000,0
2184.572727,509.000000,0
2184.577273,509.000000,0
2184.581818,509.000000,0
2184.586364,509.000000,0
2184.590909,509.000000,0
2184.595455,509.000000,0
2184.600000,509.000000,0
2184.604545,509.000000,0
2184.609091,510.000000,1
2184.613636,510.000000,0
2184.618182,510.000000,0
2184.622727,510.000000,0
2184.627273,513.000000,0
2184.631818,513.000000,0
2184.636364,513.000000,0
2184.640909,513.000000,0
2184.645455,513.000000,0
2184.650000,513.000000,0
2184.654545,513.000000,0
2184.659091,509.000000,0
2184.663636,509.000000,0
2184.668182,509.000000,0
2184.672727,509.000000,0
2184.677273,509.000000,0
2184.681818,509.000000,0
2184.686364,509.000000,0
2184.690909,510.000000,0
2184.695455,510.000000,0
2184.700000,510.000000,0
2184.704545,510.000000,0
2184.709091,509.000000,0
2184.713636,509.000000,0
2184.718182,509.000000,0
2184.722727,509.000000,0
2184.727273,509.000000,0
2184.731818,509.000000,0
2184.736364,509.000000,0
2184.740909,510.000000,0
2184.745455,510.000000,0
2184.750000,510.000000,0
2184.754545,510.000000,0
2184.759091,510.000000,0
2184.763636,512.000000,0
2184.768182,512.000000,0
2184.772727,512.000000,0
2184.777273,509.000000,0
2184.781818,509.000000,0
2184.786364,509.000000,0
2184.790909,509.000000,0
2184.795455,509.000000,0
2184.800000,509.000000,0
2184.804545,509.000000,0
2184.809091,509.000000,0
2184.813636,509.000000,0
2184.818182,509.000000,0
2184.822727,509.000000,0
2184.827273,509.000000,0
2184.831818,509.000000,0
2184.836364,509.000000,0
2184.840909,509.000000,0
2184.845455,509.000000,0
2184.850000,509.000000,0
2184.854545,510.000000,0
2184.859091,510.000000,0
2184.863636,510.000000,0
2184.868182,510.000000,0
2184.872727,513.000000,0
2184.877273,513.000000,0
2184.881818,513.000000,0
2184.886364,513.000000,0
2184.890909,513.000000,0
2184.895455,513.000000,0
2184.900000,513.000000,0
2184.904545,513.000000,0
2184.909091,512.000000,0
2184.913636,512.000000,0
2184.918182,512.000000,0
2184.922727,512.000000,0
2184.927273,512.000000,0
2184.931818,509.000000,0
2184.936364,509.000000,0
2184.940909,509.000000,0
2184.945455,509.000000,0
2184.950000,509.000000,0
2184.954545,509.000000,0
2184.959091,509.000000,0
2184.963636,509.000000,0
2184.968182,509.000000,0
2184.972727,509.000000,0
2184.977273,509.000000,0
2184.981818,509.000000,0
2184.986364,512.000000,0
2184.990909,512.000000,0
2184.995455,512.000000,0
2185.000000,512.000000,0
2185.004545,510.000000,0
2185.009091,510.000000,0
2185.013636,510.000000,0
2185.018182,510.000000,0
2185.022727,514.000000,0
2185.027273,514.000000,0
2185.031818,514.000000,0
2185.036364,514.000000,0
2185.040909,510.000000,0
2185.045455,510.000000,0
2185.050000,510.000000,0
2185.054545,510.000000,0
2185.059091,509.000000,0
2185.063636,509.000000,0
2185.068182,509.000000,0
2185.072727,509.000000,0
2185.077273,509.000000,0
2185.081818,509.000000,0
2185.086364,509.000000,0
2185.090909,509.000000,0
2185.095455,509.000000,0
2185.100000,509.000000,0
2185.104545,510.000000,0
2185.109091,510.000000,0
2185.113636,510.000000,0
2185.118182,510.000000,0
2185.122727,513.000000,0
2185.127273,513.000000,0
2185.131818,513.000000,0
2185.136364,513.000000,0
2185.140909,506.000000,0
2185.145455,506.000000,0
2185.150000,506.000000,0
2185.154545,506.000000,0
2185.159091,510.000000,0
2185.163636,510.000000,0
2185.168182,510.000000,0
2185.172727,510.000000,0
2185.177273,509.000000,0
2185.181818,509.000000,0
2185.186364,509.000000,0
2185.190909,509.000000,0
2185.195455,509.000000,0
2185.200000,509.000000,0
2185.204545,509.000000,0
2185.209091,509.000000,0
2185.213636,509.000000,0
2185.218182,509.000000,0
2185.222727,509.000000,0
2185.227273,509.000000,0
2185.231818,509.000000,0
2185.236364,509.000000,0
2185.240909,509.000000,0
2185.245455,509.000000,0
2185.250000,509.000000,0
2185.254545,512.000000,0
2185.259091,512.000000,0
2185.263636,512.000000,0
2185.268182,512.000000,0
2185.272727,512.000000,0
2185.277273,512.000000,0
2185.281818,512.000000,0
2185.286364,512.000000,0
2185.290909,512.000000,0
2185.295455,512.000000,0
2185.300000,512.000000,0
2185.304545,512.000000,0
2185.309091,509.000000,0
2185.313636,509.000000,0
2185.318182,509.000000,0
2185.322727,509.000000,0
2185.327273,510.000000,0
2185.331818,510.000000,0
2185.336364,510.000000,0
2185.340909,510.000000,0
2185.345455,509.000000,0
2185.350000,509.000000,0
2185.354545,509.000000,0
2185.359091,509.000000,0
2185.363636,509.000000,0
2185.368182,509.000000,0
2185.372727,509.000000,0
2185.377273,509.000000,0
2185.381818,509.000000,0
2185.386364,512.000000,0
2185.390909,512.000000,0
2185.395455,512.000000,0
2185.400000,513.000000,0
2185.404545,513.000000,0
2185.409091,513.000000,0
2185.413636,513.000000,0
2185.418182,510.000000,0
2185.422727,510.000000,0
2185.427273,510.000000,0
2185.431818,510.000000,0
2185.436364,510.000000,0
2185.440909,510.000000,0
2185.445455,510.000000,0
2185.450000,510.000000,0
2185.454545,510.000000,0
2185.459091,510.000000,0
2185.463636,506.000000,0
2185.468182,506.000000,0
2185.472727,506.000000,0
2185.477273,506.000000,0
2185.481818,509.000000,0
2185.486364,509.000000,0
2185.490909,509.000000,0
2185.495455,501.000000,0
2185.500000,501.000000,0
2185.504545,501.000000,0
2185.509091,501.000000,0
2185.513636,501.000000,0
2185.518182,513.000000,0
2185.522727,513.000000,0
2185.527273,513.000000,0
2185.531818,510.000000,0
2185.536364,510.000000,0
2185.540909,510.000000,0
2185.545455,510.000000,0
2185.550000,512.000000,0
2185.554545,512.000000,0
2185.559091,512.000000,0
2185.563636,512.000000,0
2185.568182,509.000000,0
2185.572727,509.000000,0
2185.577273,509.000000,0
2185.581818,509.000000,0
2185.586364,509.000000,0
2185.590909,509.000000,0
2185.595455,509.000000,0
2185.600000,509.000000,0
2185.604545,509.000000,0
2185.609091,508.000000,0
2185.613636,508.000000,0
2185.618182,508.000000,0
2185.622727,508.000000,0
2185.627273,509.000000,0
2185.631818,509.000000,0
2185.636364,509.000000,0
2185.640909,509.000000,0
2185.645455,512.000000,0
2185.650000,512.000000,0
2185.654545,512.000000,0
2185.659091,512.000000,0
2185.663636,513.000000,0
2185.668182,513.000000,0
2185.672727,513.000000,0
2185.677273,513.000000,0
2185.681818,510.000000,0
2185.686364,510.000000,0
2185.690909,510.000000,0
2185.695455,510.000000,0
2185.700000,510.000000,0
2185.704545,510.000000,0
2185.709091,510.000000,0
2185.713636,510.000000,0
2185.718182,513.000000,0
2185.722727,513.000000,0
2185.727273,513.000000,0
2185.731818,513.000000,0
2185.736364,509.000000,0
2185.740909,509.000000,0
2185.745455,509.000000,0
2185.750000,509.000000,0
2185.754545,508.000000,0
2185.759091,508.000000,0
2185.763636,508.000000,0
2185.768182,508.000000,0
2185.772727,513.000000,0
2185.777273,513.000000,0
2185.781818,513.000000,0
2185.786364,513.000000,0
2185.790909,513.000000,0
2185.795455,513.000000,0
2185.800000,513.000000,0
2185.804545,513.000000,0
2185.809091,513.000000,0
2185.813636,513.000000,0
2185.818182,513.000000,0
2185.822727,513.000000,0
2185.827273,513.000000,0
2185.831818,512.000000,0
2185.836364,512.000000,0
2185.840909,512.000000,0
2185.845455,512.000000,0
2185.850000,509.000000,0
2185.854545,509.000000,0
2185.859091,509.000000,0
2185.863636,509.000000,0
2185.868182,510.000000,0
2185.872727,510.000000,0
2185.877273,510.000000,0
2185.881818,510.000000,0
2185.886364,510.000000,0
2185.890909,510.000000,0
2185.895455,510.000000,0
2185.900000,510.000000,0
2185.904545,513.000000,0
2185.909091,513.000000,0
2185.913636,513.000000,0
2185.918182,513.000000,0
2185.922727,509.000000,0
2185.927273,509.000000,0
2185.931818,509.000000,0
2185.936364,509.000000,0
2185.940909,510.000000,0
2185.945455,510.000000,0
2185.950000,510.000000,0
2185.954545,510.000000,0
2185.959091,510.000000,0
2185.963636,512.000000,0
2185.968182,512.000000,0
2185.972727,512.000000,0
2185.977273,512.000000,0
2185.981818,512.000000,0
2185.986364,512.000000,0
2185.990909,512.000000,0
2185.995455,512.000000,0
2186.000000,510.000000,0
2186.004545,510.000000,0
2186.009091,510.000000,0
2186.013636,510.000000,0
2186.018182,510.000000,0
2186.022727,510.000000,0
2186.027273,510.000000,0
2186.031818,510.000000,0
2186.036364,513.000000,0
2186.040909,513.000000,0
2186.045455,513.000000,0
2186.050000,514.000000,0
2186.054545,514.000000,0
2186.059091,514.000000,0
2186.063636,514.000000,0
2186.068182,514.000000,0
2186.072727,514.000000,0
2186.077273,514.000000,0
2186.081818,514.000000,0
2186.086364,504.000000,0
2186.090909,504.000000,0
2186.095455,504.000000,0
2186.100000,508.000000,0
2186.104545,508.000000,0
2186.109091,508.000000,0
2186.113636,509.000000,0
2186.118182,509.000000,0
2186.122727,509.000000,0
2186.127273,509.000000,0
2186.131818,506.000000,0
2186.136364,506.000000,0
2186.140909,506.000000,0
2186.145455,506.000000,0
2186.150000,517.000000,0
2186.154545,517.000000,0
2186.159091,517.000000,0
2186.163636,517.000000,0
2186.168182,513.000000,0
2186.172727,513.000000,0
2186.177273,513.000000,0
2186.181818,513.000000,0
2186.186364,513.000000,0
2186.190909,513.000000,0
2186.195455,513.000000,0
2186.200000,505.000000,0
2186.204545,505.000000,0
2186.209091,505.000000,0
2186.213636,505.000000,0
2186.218182,513.000000,0
2186.222727,513.000000,0
2186.227273,513.000000,0
2186.231818,513.000000,0
2186.236364,503.000000,0
2186.240909,503.000000,0
2186.245455,503.000000,0
2186.250000,503.000000,0
2186.254545,503.000000,0
2186.259091,510.000000,0
2186.263636,510.000000,0
2186.268182,510.000000,0
2186.272727,510.000000,0
2186.277273,500.000000,0
2186.281818,500.000000,0
2186.286364,500.000000,0
2186.290909,500.000000,0
2186.295455,509.000000,0
2186.300000,509.000000,0
2186.304545,509.000000,0
2186.309091,509.000000,0
2186.313636,512.000000,0
2186.318182,512.000000,0
2186.322727,512.000000,0
2186.327273,512.000000,0
2186.331818,509.000000,0
2186.336364,509.000000,0
2186.340909,509.000000,0
2186.345455,509.000000,0
2186.350000,509.000000,0
2186.354545,509.000000,0
2186.359091,509.000000,0
2186.363636,509.000000,0
2186.368182,509.000000,0
2186.372727,509.000000,0
2186.377273,509.000000,0
2186.381818,509.000000,0
2186.386364,508.000000,0
2186.390909,508.000000,0
2186.395455,508.000000,0
2186.400000,508.000000,0
2186.404545,508.000000,0
2186.409091,513.000000,0
2186.413636,513.000000,0
2186.418182,513.000000,0
2186.422727,513.000000,0
2186.427273,509.000000,0
2186.431818,509.000000,0
2186.436364,509.000000,0
2186.440909,509.000000,0
2186.445455,516.000000,0
2186.450000,516.000000,0
2186.454545,516.000000,0
2186.459091,516.000000,0
2186.463636,510.000000,0
2186.468182,510.000000,0
2186.472727,510.000000,0
2186.477273,510.000000,0
2186.481818,512.000000,0
2186.486364,512.000000,0
2186.490909,512.000000,0
2186.495455,512.000000,0
2186.500000,510.000000,0
2186.504545,510.000000,0
2186.509091,510.000000,0
2186.513636,510.000000,0
2186.518182,509.000000,0
2186.522727,509.000000,0
2186.527273,509.000000,0
2186.531818,509.000000,0
2186.536364,512.000000,0
2186.540909,512.000000,0
2186.545455,512.000000,0
2186.550000,513.000000,0
2186.554545,513.000000,0
2186.559091,513.000000,0
2186.563636,513.000000,0
2186.568182,513.000000,0
2186.572727,510.000000,0
2186.577273,510.000000,0
2186.581818,510.000000,0
2186.586364,510.000000,0
2186.590909,510.000000,0
2186.595455,510.000000,0
2186.600000,510.000000,0
2186.604545,510.000000,0
2186.609091,510.000000,0
2186.613636,508.000000,0
2186.618182,508.000000,0
2186.622727,508.000000,0
2186.627273,508.000000,0
2186.631818,508.000000,0
2186.636364,508.000000,0
2186.640909,508.000000,0
2186.645455,509.000000,0
2186.650000,509.000000,0
2186.654545,509.000000,0
2186.659091,509.000000,0
2186.663636,509.000000,0
2186.668182,509.000000,0
2186.672727,509.000000,0
2186.677273,509.000000,0
2186.681818,621.000000,0
2186.686364,621.000000,0
2186.690909,621.000000,0
2186.695455,621.000000,0
2186.700000,621.000000,0
2186.704545,487.000000,0
2186.709091,487.000000,0
2186.713636,487.000000,0
2186.718182,487.000000,0
2186.722727,512.000000,0
2186.727273,512.000000,0
2186.731818,512.000000,0
2186.736364,512.000000,0
2186.740909,510.000000,0
2186.745455,510.000000,0
2186.750000,510.000000,0
2186.754545,509.000000,0
2186.759091,509.000000,0
2186.763636,509.000000,0
2186.768182,509.000000,0
2186.772727,509.000000,0
2186.777273,509.000000,0
2186.781818,509.000000,0
2186.786364,509.000000,0
2186.790909,508.000000,0
2186.795455,508.000000,0
2186.800000,508.000000,0
2186.804545,508.000000,0
2186.809091,508.000000,0
2186.813636,513.000000,0
2186.818182,513.000000,0
2186.822727,513.000000,0
2186.827273,513.000000,0
2186.831818,513.000000,0
2186.836364,513.000000,0
2186.840909,513.000000,0
2186.845455,513.000000,0
2186.850000,514.000000,0
2186.854545,514.000000,0
2186.859091,514.000000,0
2186.863636,514.000000,0
2186.868182,506.000000,0
2186.872727,506.000000,0
2186.877273,506.000000,0
2186.881818,506.000000,0
2186.886364,509.000000,0
2186.890909,509.000000,0
2186.895455,509.000000,0
2186.900000,509.000000,0
2186.904545,510.000000,0
2186.909091,510.000000,0
2186.913636,510.000000,0
2186.918182,510.000000,0
2186.922727,509.000000,0
2186.927273,509.000000,0
2186.931818,509.000000,0
2186.936364,509.000000,0
2186.940909,513.000000,0
2186.945455,513.000000,0
2186.950000,513.000000,0
2186.954545,513.000000,0
2186.959091,512.000000,0
2186.963636,512.000000,0
2186.968182,512.000000,0
2186.972727,512.000000,0
2186.977273,509.000000,0
2186.981818,509.000000,0
2186.986364,509.000000,0
2186.990909,509.000000,0
2186.995455,506.000000,0
2187.000000,506.000000,0
2187.004545,506.000000,0
2187.009091,506.000000,0
2187.013636,506.000000,0
2187.018182,510.000000,0
2187.022727,510.000000,0
2187.027273,510.000000,0
2187.031818,510.000000,0
2187.036364,509.000000,0
2187.040909,509.000000,0
2187.045455,509.000000,0
2187.050000,509.000000,0
2187.054545,509.000000,0
2187.059091,509.000000,0
2187.063636,509.000000,0
2187.068182,509.000000,0
2187.072727,510.000000,0
2187.077273,510.000000,0
2187.081818,510.000000,0
2187.086364,510.000000,0
2187.090909,512.000000,0
2187.095455,512.000000,0
2187.100000,512.000000,0
2187.104545,512.000000,0
2187.109091,512.000000,0
2187.113636,512.000000,0
2187.118182,512.000000,0
2187.122727,512.000000,0
2187.127273,510.000000,0
2187.131818,510.000000,0
2187.136364,510.000000,0
2187.140909,510.000000,0
2187.145455,509.000000,0
2187.150000,509.000000,0
2187.154545,509.000000,0
2187.159091,509.000000,0
2187.163636,509.000000,0
2187.168182,509.000000,0
2187.172727,509.000000,0
2187.177273,509.000000,0
2187.181818,510.000000,0
2187.186364,510.000000,0
2187.190909,510.000000,0
2187.195455,510.000000,0
2187.200000,510.000000,0
2187.204545,509.000000,0
2187.209091,509.000000,0
2187.213636,509.000000,0
2187.218182,509.000000,0
2187.222727,512.000000,0
2187.227273,512.000000,0
2187.231818,512.000000,0
2187.236364,512.000000,0
2187.240909,512.000000,0
2187.245455,512.000000,0
2187.250000,512.000000,0
2187.254545,512.000000,0
2187.259091,504.000000,0
2187.263636,504.000000,0
2187.268182,504.000000,0
2187.272727,504.000000,0
2187.277273,510.000000,0
2187.281818,510.000000,0
2187.286364,510.000000,0
2187.290909,510.000000,0
2187.295455,513.000000,0
2187.300000,513.000000,0
2187.304545,513.000000,0
2187.309091,513.000000,0
2187.313636,514.000000,0
2187.318182,514.000000,0
2187.322727,514.000000,0
2187.327273,514.000000,0
2187.331818,510.000000,0
2187.336364,510.000000,0
2187.340909,510.000000,0
2187.345455,510.000000,0
2187.350000,513.000000,0
2187.354545,513.000000,0
2187.359091,513.000000,0
2187.363636,513.000000,0
2187.368182,513.000000,0
2187.372727,513.000000,0
2187.377273,513.000000,0
2187.381818,513.000000,0
2187.386364,513.000000,0
2187.390909,512.000000,0
2187.395455,512.000000,0
2187.400000,512.000000,0
2187.404545,512.000000,0
2187.409091,510.000000,0
2187.413636,510.000000,0
2187.418182,510.000000,0
2187.422727,510.000000,0
2187.427273,509.000000,0
2187.431818,509.000000,0
2187.436364,509.000000,0
2187.440909,509.000000,0
2187.445455,509.000000,0
2187.450000,509.000000,0
2187.454545,509.000000,0
2187.459091,509.000000,0
2187.463636,509.000000,0
2187.468182,509.000000,0
2187.472727,509.000000,0
2187.477273,509.000000,0
2187.481818,513.000000,0
2187.486364,513.000000,0
2187.490909,513.000000,0
2187.495455,513.000000,0
2187.500000,513.000000,0
2187.504545,513.000000,0
2187.509091,513.000000,0
2187.513636,513.000000,0
2187.518182,510.000000,0
2187.522727,510.000000,0
2187.527273,510.000000,0
2187.531818,510.000000,0
2187.536364,510.000000,0
2187.540909,510.000000,0
2187.545455,510.000000,0
2187.550000,510.000000,0
2187.554545,509.000000,0
2187.559091,509.000000,0
2187.563636,509.000000,0
2187.568182,509.000000,0
2187.572727,509.000000,0
2187.577273,509.000000,0
2187.581818,509.000000,0
2187.586364,509.000000,0
2187.590909,509.000000,0
2187.595455,509.000000,0
2187.600000,509.000000,0
2187.604545,509.000000,0
2187.609091,510.000000,0
2187.613636,510.000000,0
2187.618182,510.000000,0
2187.622727,510.000000,0
2187.627273,512.000000,0
2187.631818,512.000000,0
2187.636364,512.000000,0
2187.640909,512.000000,0
2187.645455,512.000000,0
2187.650000,509.000000,0
2187.654545,509.000000,0
2187.659091,509.000000,0
2187.663636,509.000000,0
2187.668182,509.000000,0
2187.672727,509.000000,0
2187.677273,509.000000,0
2187.681818,509.000000,0
2187.686364,509.000000,0
2187.690909,506.000000,0
2187.695455,506.000000,0
2187.700000,506.000000,0
2187.704545,506.000000,0
2187.709091,509.000000,0
2187.713636,509.000000,0
2187.718182,509.000000,0
2187.722727,509.000000,0
2187.727273,509.000000,0
2187.731818,509.000000,0
2187.736364,509.000000,0
2187.740909,509.000000,0
2187.745455,512.000000,0
2187.750000,512.000000,0
2187.754545,512.000000,0
2187.759091,512.000000,0
2187.763636,510.000000,0
2187.768182,510.000000,0
2187.772727,510.000000,0
2187.777273,510.000000,0
2187.781818,510.000000,0
2187.786364,510.000000,0
2187.790909,510.000000,0
2187.795455,510.000000,0
2187.800000,510.000000,0
2187.804545,510.000000,0
2187.809091,510.000000,0
2187.813636,510.000000,0
2187.818182,510.000000,0
2187.822727,510.000000,0
2187.827273,510.000000,0
2187.831818,509.000000,0
2187.836364,509.000000,0
2187.840909,509.000000,0
2187.845455,509.000000,0
2187.850000,509.000000,0
2187.854545,509.000000,0
2187.859091,509.000000,0
2187.863636,509.000000,0
2187.868182,509.000000,0
2187.872727,479.000000,0
2187.877273,479.000000,0
2187.881818,479.000000,0
2187.886364,479.000000,0
2187.890909,509.000000,0
2187.895455,509.000000,0
2187.900000,509.000000,0
2187.904545,509.000000,0
2187.909091,510.000000,0
2187.913636,510.000000,0
2187.918182,510.000000,0
2187.922727,510.000000,0
2187.927273,509.000000,0
2187.931818,509.000000,0
2187.936364,509.000000,0
2187.940909,509.000000,0
2187.945455,509.000000,0
2187.950000,509.000000,0
2187.954545,509.000000,0
2187.959091,509.000000,0
2187.963636,479.000000,0
2187.968182,479.000000,0
2187.972727,479.000000,0
2187.977273,479.000000,0
2187.981818,479.000000,0
2187.986364,506.000000,0
2187.990909,506.000000,0
2187.995455,506.000000,0
2188.000000,506.000000,0
2188.004545,509.000000,0
2188.009091,509.000000,0
2188.013636,509.000000,0
2188.018182,509.000000,0
2188.022727,510.000000,0
2188.027273,510.000000,0
2188.031818,510.000000,0
2188.036364,510.000000,0
2188.040909,510.000000,0
2188.045455,510.000000,0
2188.050000,510.000000,0
2188.054545,510.000000,0
2188.059091,510.000000,0
2188.063636,510.000000,0
2188.068182,510.000000,0
2188.072727,510.000000,0
2188.077273,509.000000,0
2188.081818,509.000000,0
2188.086364,509.000000,0
2188.090909,510.000000,0
2188.095455,510.000000,0
2188.100000,510.000000,0
2188.104545,509.000000,0
2188.109091,509.000000,0
2188.113636,509.000000,0
2188.118182,513.000000,0
2188.122727,513.000000,0
2188.127273,513.000000,0
2188.131818,513.000000,0
2188.136364,513.000000,0
2188.140909,510.000000,0
2188.145455,510.000000,0
2188.150000,510.000000,0
2188.154545,512.000000,0
2188.159091,512.000000,0
2188.163636,512.000000,0
2188.168182,512.000000,0
2188.172727,509.000000,0
2188.177273,509.000000,0
2188.181818,509.000000,0
2188.186364,509.000000,0
2188.190909,642.000000,0
2188.195455,642.000000,0
2188.200000,642.000000,0
2188.204545,642.000000,0
2188.209091,577.000000,0
2188.213636,577.000000,0
2188.218182,577.000000,0
2188.222727,577.000000,0
2188.227273,331.000000,0
2188.231818,331.000000,0
2188.236364,331.000000,0
2188.240909,331.000000,0
2188.245455,331.000000,0
2188.250000,433.000000,0
2188.254545,433.000000,0
2188.259091,433.000000,0
2188.263636,433.000000,0
2188.268182,506.000000,0
2188.272727,506.000000,0
2188.277273,506.000000,0
2188.281818,512.000000,0
2188.286364,512.000000,0
2188.290909,512.000000,0
2188.295455,512.000000,0
2188.300000,512.000000,0
2188.304545,512.000000,0
2188.309091,512.000000,0
2188.313636,509.000000,0
2188.318182,509.000000,0
2188.322727,509.000000,0
2188.327273,509.000000,0
2188.331818,509.000000,0
2188.336364,509.000000,0
2188.340909,509.000000,0
2188.345455,509.000000,0
2188.350000,509.000000,0
2188.354545,509.000000,0
2188.359091,509.000000,0
2188.363636,508.000000,0
2188.368182,508.000000,0
2188.372727,508.000000,0
2188.377273,508.000000,0
2188.381818,513.000000,0
2188.386364,513.000000,0
2188.390909,513.000000,0
2188.395455,513.000000,0
2188.400000,510.000000,0
2188.404545,510.000000,0
2188.409091,510.000000,0
2188.413636,510.000000,0
2188.418182,510.000000,0
2188.422727,510.000000,0
2188.427273,510.000000,0
2188.431818,510.000000,0
2188.436364,510.000000,0
2188.440909,510.000000,0
2188.445455,510.000000,0
2188.450000,512.000000,0
2188.454545,512.000000,0
2188.459091,512.000000,0
2188.463636,512.000000,0
2188.468182,509.000000,0
2188.472727,509.000000,0
2188.477273,509.000000,0
2188.481818,509.000000,0
2188.486364,510.000000,0
2188.490909,510.000000,0
2188.495455,510.000000,0
2188.500000,510.000000,0
2188.504545,510.000000,0
2188.509091,510.000000,0
2188.513636,510.000000,0
2188.518182,510.000000,0
2188.522727,510.000000,0
2188.527273,513.000000,0
2188.531818,513.000000,0
2188.536364,513.000000,0
2188.540909,513.000000,0
2188.545455,513.000000,0
2188.550000,509.000000,0
2188.554545,509.000000,0
2188.559091,509.000000,0
2188.563636,509.000000,0
2188.568182,509.000000,0
2188.572727,509.000000,0
2188.577273,509.000000,0
2188.581818,509.000000,0
2188.586364,509.000000,0
2188.590909,509.000000,0
2188.595455,509.000000,0
2188.600000,509.000000,1
2188.604545,509.000000,0
2188.609091,509.000000,0
2188.613636,509.000000,0
2188.618182,509.000000,0
2188.622727,510.000000,0
2188.627273,510.000000,0
2188.631818,510.000000,0
2188.636364,510.000000,0
2188.640909,512.000000,0
2188.645455,512.000000,0
2188.650000,512.000000,0
2188.654545,512.000000,0
2188.659091,512.000000,0
2188.663636,512.000000,0
2188.668182,512.000000,0
2188.672727,510.000000,0
2188.677273,510.000000,0
2188.681818,510.000000,0
2188.686364,510.000000,0
2188.690909,509.000000,0
2188.695455,509.000000,0
2188.700000,509.000000,0
2188.704545,510.000000,0
2188.709091,510.000000,0
2188.713636,510.000000,0
2188.718182,510.000000,0
2188.722727,508.000000,0
2188.727273,508.000000,0
2188.731818,508.000000,0
2188.736364,508.000000,0
2188.740909,509.000000,0
2188.745455,509.000000,0
2188.750000,509.000000,0
2188.754545,509.000000,0
2188.759091,510.000000,0
2188.763636,510.000000,0
2188.768182,510.000000,0
2188.772727,512.000000,0
2188.777273,512.000000,0
2188.781818,512.000000,0
2188.786364,512.000000,0
2188.790909,512.000000,0
2188.795455,513.000000,0
2188.800000,513.000000,0
2188.804545,513.000000,0
2188.809091,512.000000,0
2188.813636,512.000000,0
2188.818182,512.000000,0
2188.822727,512.000000,0
2188.827273,509.000000,0
2188.831818,509.000000,0
2188.836364,509.000000,0
2188.840909,509.000000,0
2188.845455,510.000000,0
2188.850000,510.000000,0
2188.854545,510.000000,0
2188.859091,510.000000,0
2188.863636,509.000000,0
2188.868182,509.000000,0
2188.872727,509.000000,0
2188.877273,509.000000,0
2188.881818,510.000000,0
2188.886364,510.000000,0
2188.890909,510.000000,0
2188.895455,510.000000,0
2188.900000,509.000000,0
2188.904545,509.000000,0
2188.909091,509.000000,0
2188.913636,509.000000,0
2188.918182,510.000000,0
2188.922727,510.000000,0
2188.927273,510.000000,0
2188.931818,510.000000,0
2188.936364,510.000000,0
2188.940909,510.000000,0
2188.945455,510.000000,0
2188.950000,510.000000,0
2188.954545,794.000000,0
2188.959091,794.000000,0
2188.963636,794.000000,0
2188.968182,794.000000,0
2188.972727,794.000000,0
2188.977273,508.000000,0
2188.981818,508.000000,0
2188.986364,508.000000,0
2188.990909,508.000000,0
2188.995455,509.000000,0
2189.000000,509.000000,0
2189.004545,509.000000,0
2189.009091,509.000000,0
2189.013636,509.000000,0
2189.018182,509.000000,0
2189.022727,509.000000,0
2189.027273,509.000000,0
2189.031818,512.000000,0
2189.036364,512.000000,0
2189.040909,512.000000,0
2189.045455,512.000000,0
2189.050000,512.000000,0
2189.054545,512.000000,0
2189.059091,512.000000,0
2189.063636,512.000000,0
2189.068182,512.000000,0
2189.072727,512.000000,0
2189.077273,512.000000,0
2189.081818,512.000000,0
2189.086364,509.000000,0
2189.090909,509.000000,0
2189.095455,509.000000,0
2189.100000,509.000000,0
2189.104545,509.000000,0
2189.109091,509.000000,0
2189.113636,509.000000,0
2189.118182,509.000000,0
2189.122727,506.000000,0
2189.127273,506.000000,0
2189.131818,506.000000,0
2189.136364,506.000000,0
2189.140909,506.000000,0
2189.145455,512.000000,0
2189.150000,512.000000,0
2189.154545,512.000000,0
2189.159091,512.000000,0
2189.163636,509.000000,0
2189.168182,509.000000,0
2189.172727,509.000000,0
2189.177273,509.000000,0
2189.181818,513.000000,0
2189.186364,513.000000,0
2189.190909,513.000000,0
2189.195455,513.000000,0
2189.200000,510.000000,0
2189.204545,510.000000,0
2189.209091,510.000000,0
2189.213636,510.000000,0
2189.218182,509.000000,0
2189.222727,509.000000,0
2189.227273,509.000000,0
2189.231818,509.000000,0
2189.236364,510.000000,0
2189.240909,510.000000,0
2189.245455,510.000000,0
2189.250000,510.000000,0
2189.254545,510.000000,0
2189.259091,510.000000,0
2189.263636,510.000000,0
2189.268182,510.000000,0
2189.272727,509.000000,0
2189.277273,509.000000,0
2189.281818,509.000000,0
2189.286364,509.000000,0
2189.290909,509.000000,0
2189.295455,509.000000,0
2189.300000,509.000000,0
2189.304545,509.000000,0
2189.309091,513.000000,0
2189.313636,513.000000,0
2189.318182,513.000000,0
2189.322727,513.000000,0
2189.327273,510.000000,0
2189.331818,510.000000,0
2189.336364,510.000000,0
2189.340909,510.000000,0
2189.345455,509.000000,0
2189.350000,509.000000,0
2189.354545,509.000000,0
2189.359091,509.000000,0
2189.363636,509.000000,0
2189.368182,509.000000,0
2189.372727,509.000000,0
2189.377273,509.000000,0
2189.381818,509.000000,0
2189.386364,509.000000,0
2189.390909,509.000000,0
2189.395455,509.000000,0
2189.400000,509.000000,0
2189.404545,509.000000,0
2189.409091,509.000000,0
2189.413636,509.000000,0
2189.418182,512.000000,0
2189.422727,512.000000,0
2189.427273,512.000000,0
2189.431818,512.000000,0
2189.436364,512.000000,0
2189.440909,513.000000,0
2189.445455,513.000000,0
2189.450000,513.000000,0
2189.454545,513.000000,0
2189.459091,512.000000,0
2189.463636,512.000000,0
2189.468182,512.000000,0
2189.472727,512.000000,0
2189.477273,509.000000,0
2189.481818,509.000000,0
2189.486364,509.000000,0
2189.490909,509.000000,0
2189.495455,508.000000,0
2189.500000,508.000000,0
2189.504545,508.000000,0
2189.509091,508.000000,0
2189.513636,508.000000,0
2189.518182,508.000000,0
2189.522727,508.000000,0
2189.527273,508.000000,0
2189.531818,509.000000,0
2189.536364,509.000000,0
2189.540909,509.000000,0
2189.545455,509.000000,0
2189.550000,509.000000,0
2189.554545,513.000000,0
2189.559091,513.000000,0
2189.563636,513.000000,0
2189.568182,513.000000,0
2189.572727,512.000000,0
2189.577273,512.000000,0
2189.581818,512.000000,0
2189.586364,509.000000,0
2189.590909,509.000000,0
2189.595455,509.000000,0
2189.600000,509.000000,0
2189.604545,509.000000,0
2189.609091,510.000000,0
2189.613636,510.000000,0
2189.618182,510.000000,0
2189.622727,509.000000,0
2189.627273,509.000000,0
2189.631818,509.000000,0
2189.636364,509.000000,0
2189.640909,509.000000,0
2189.645455,509.000000,0
2189.650000,509.000000,0
2189.654545,509.000000,0
2189.659091,509.000000,0
2189.663636,512.000000,0
2189.668182,512.000000,0
2189.672727,512.000000,0
2189.677273,512.000000,0
2189.681818,510.000000,0
2189.686364,510.000000,0
2189.690909,510.000000,0
2189.695455,510.000000,0
2189.700000,509.000000,0
2189.704545,509.000000,0
2189.709091,509.000000,0
2189.713636,509.000000,0
2189.718182,513.000000,0
2189.722727,513.000000,0
2189.727273,513.000000,0
2189.731818,513.000000,0
2189.736364,510.000000,0
2189.740909,510.000000,0
2189.745455,510.000000,0
2189.750000,510.000000,0
2189.754545,510.000000,0
2189.759091,510.000000,0
2189.763636,510.000000,0
2189.768182,510.000000,0
2189.772727,509.000000,0
2189.777273,509.000000,0
2189.781818,509.000000,0
2189.786364,509.000000,0
2189.790909,510.000000,0
2189.795455,510.000000,0
2189.800000,510.000000,0
2189.804545,510.000000,0
2189.809091,513.000000,0
2189.813636,513.000000,0
2189.818182,513.000000,0
2189.822727,513.000000,0
2189.827273,513.000000,0
2189.831818,510.000000,0
2189.836364,510.000000,0
2189.840909,510.000000,0
2189.845455,509.000000,0
2189.850000,509.000000,0
2189.854545,509.000000,0
2189.859091,509.000000,0
2189.863636,509.000000,0
2189.868182,509.000000,0
2189.872727,510.000000,0
2189.877273,510.000000,0
2189.881818,510.000000,0
2189.886364,509.000000,0
2189.890909,509.000000,0
2189.895455,509.000000,0
2189.900000,509.000000,0
2189.904545,496.000000,0
2189.909091,496.000000,0
2189.913636,496.000000,0
2189.918182,496.000000,0
2189.922727,504.000000,0
2189.927273,504.000000,0
2189.931818,504.000000,0
2189.936364,504.000000,0
2189.940909,510.000000,0
2189.945455,510.000000,0
2189.950000,510.000000,0
2189.954545,510.000000,0
2189.959091,513.000000,0
2189.963636,513.000000,0
2189.968182,513.000000,0
2189.972727,513.000000,0
2189.977273,513.000000,0
2189.981818,509.000000,0
2189.986364,509.000000,0
2189.990909,509.000000,0
2189.995455,509.000000,0
2190.000000,510.000000,0
2190.004545,510.000000,0
2190.009091,510.000000,0
2190.013636,510.000000,0
2190.018182,510.000000,0
2190.022727,510.000000,0
2190.027273,510.000000,0
2190.031818,510.000000,0
2190.036364,516.000000,0
2190.040909,516.000000,0
2190.045455,516.000000,0
2190.050000,513.000000,0
2190.054545,513.000000,0
2190.059091,513.000000,0
2190.063636,513.000000,0
2190.068182,512.000000,0
2190.072727,512.000000,0
2190.077273,512.000000,0
2190.081818,512.000000,0
2190.086364,510.000000,0
2190.090909,510.000000,0
2190.095455,510.000000,0
2190.100000,510.000000,0
2190.104545,509.000000,0
2190.109091,509.000000,0
2190.113636,509.000000,0
2190.118182,509.000000,0
2190.122727,513.000000,0
2190.127273,513.000000,0
2190.131818,513.000000,0
2190.136364,513.000000,0
2190.140909,513.000000,0
2190.145455,508.000000,0
2190.150000,508.000000,0
2190.154545,508.000000,0
2190.159091,508.000000,0
2190.163636,509.000000,0
2190.168182,509.000000,0
2190.172727,509.000000,0
2190.177273,509.000000,0
2190.181818,508.000000,0
2190.186364,508.000000,0
2190.190909,508.000000,0
2190.195455,508.000000,0
2190.200000,509.000000,0
2190.204545,509.000000,0
2190.209091,509.000000,0
2190.213636,509.000000,0
2190.218182,512.000000,0
2190.222727,512.000000,0
2190.227273,512.000000,0
2190.231818,512.000000,0
2190.236364,517.000000,0
2190.240909,517.000000,0
2190.245455,517.000000,0
2190.250000,517.000000,0
2190.254545,513.000000,0
2190.259091,513.000000,0
2190.263636,513.000000,0
2190.268182,513.000000,0
2190.272727,508.000000,0
2190.277273,508.000000,0
2190.281818,508.000000,0
2190.286364,508.000000,0
2190.290909,508.000000,0
2190.295455,508.000000,0
2190.300000,509.000000,0
2190.304545,509.000000,0
2190.309091,509.000000,0
2190.313636,509.000000,0
2190.318182,509.000000,0
2190.322727,509.000000,0
2190.327273,509.000000,0
2190.331818,512.000000,0
2190.336364,512.000000,0
2190.340909,512.000000,0
2190.345455,512.000000,0
2190.350000,508.000000,0
2190.354545,508.000000,0
2190.359091,508.000000,0
2190.363636,508.000000,0
2190.368182,513.000000,0
2190.372727,513.000000,0
2190.377273,513.000000,0
2190.381818,513.000000,0
2190.386364,553.000000,0
2190.390909,553.000000,0
2190.395455,553.000000,0
2190.400000,553.000000,0
2190.404545,509.000000,0
2190.409091,509.000000,0
2190.413636,509.000000,0
2190.418182,509.000000,0
2190.422727,439.000000,0
2190.427273,439.000000,0
2190.431818,439.000000,0
2190.436364,439.000000,0
2190.440909,501.000000,0
2190.445455,501.000000,0
2190.450000,501.000000,0
2190.454545,501.000000,0
2190.459091,505.000000,0
2190.463636,505.000000,0
2190.468182,505.000000,0
2190.472727,505.000000,0
2190.477273,509.000000,0
2190.481818,509.000000,0
2190.486364,509.000000,0
2190.490909,509.000000,0
2190.495455,513.000000,0
2190.500000,513.000000,0
2190.504545,513.000000,0
2190.509091,513.000000,0
2190.513636,504.000000,0
2190.518182,504.000000,0
2190.522727,504.000000,0
2190.527273,504.000000,0
2190.531818,504.000000,0
2190.536364,509.000000,0
2190.540909,509.000000,0
2190.545455,509.000000,0
2190.550000,509.000000,0
2190.554545,509.000000,0
2190.559091,509.000000,0
2190.563636,509.000000,0
2190.568182,509.000000,0
2190.572727,512.000000,0
2190.577273,512.000000,0
2190.581818,512.000000,0
2190.586364,512.000000,0
2190.590909,509.000000,0
2190.595455,509.000000,0
2190.600000,509.000000,0
2190.604545,509.000000,0
2190.609091,513.000000,0
2190.613636,513.000000,0
2190.618182,513.000000,0
2190.622727,513.000000,0
2190.627273,512.000000,0
2190.631818,512.000000,0
2190.636364,512.000000,0
2190.640909,512.000000,0
2190.645455,509.000000,0
2190.650000,509.000000,0
2190.654545,509.000000,0
2190.659091,509.000000,0
2190.663636,508.000000,0
2190.668182,508.000000,0
2190.672727,508.000000,0
2190.677273,508.000000,0
2190.681818,510.000000,0
2190.686364,510.000000,0
2190.690909,510.000000,0
2190.695455,510.000000,0
2190.700000,509.000000,0
2190.704545,509.000000,0
2190.709091,509.000000,0
2190.713636,509.000000,0
2190.718182,504.000000,0
2190.722727,504.000000,0
2190.727273,504.000000,0
2190.731818,504.000000,0
2190.736364,509.000000,0
2190.740909,509.000000,0
2190.745455,509.000000,0
2190.750000,509.000000,0
2190.754545,513.000000,0
2190.759091,513.000000,0
2190.763636,513.000000,0
2190.768182,513.000000,0
2190.772727,513.000000,0
2190.777273,510.000000,0
2190.781818,510.000000,0
2190.786364,510.000000,0
2190.790909,510.000000,0
2190.795455,509.000000,0
2190.800000,509.000000,0
2190.804545,509.000000,0
2190.809091,509.000000,0
2190.813636,509.000000,0
2190.818182,509.000000,0
2190.822727,509.000000,0
2190.827273,509.000000,0
2190.831818,509.000000,0
2190.836364,513.000000,0
2190.840909,513.000000,0
2190.845455,513.000000,0
2190.850000,509.000000,0
2190.854545,509.000000,0
2190.859091,509.000000,0
2190.863636,509.000000,0
2190.868182,509.000000,0
2190.872727,509.000000,0
2190.877273,509.000000,0
2190.881818,509.000000,0
2190.886364,512.000000,0
2190.890909,512.000000,0
2190.895455,512.000000,0
2190.900000,512.000000,0
2190.904545,509.000000,0
2190.909091,509.000000,0
2190.913636,509.000000,0
2190.918182,509.000000,0
2190.922727,509.000000,0
2190.927273,509.000000,0
2190.931818,509.000000,0
2190.936364,509.000000,0
2190.940909,466.000000,0
2190.945455,466.000000,0
2190.950000,466.000000,0
2190.954545,505.000000,0
2190.959091,505.000000,0
2190.963636,505.000000,0
2190.968182,505.000000,0
2190.972727,513.000000,0
2190.977273,513.000000,0
2190.981818,513.000000,0
2190.986364,513.000000,0
2190.990909,509.000000,0
2190.995455,509.000000,0
2191.000000,509.000000,0
2191.004545,510.000000,0
2191.009091,510.000000,0
2191.013636,510.000000,0
2191.018182,510.000000,0
2191.022727,510.000000,0
2191.027273,512.000000,0
2191.031818,512.000000,0
2191.036364,512.000000,0
2191.040909,510.000000,0
2191.045455,510.000000,0
2191.050000,510.000000,0
2191.054545,510.000000,0
2191.059091,512.000000,0
2191.063636,512.000000,0
2191.068182,512.000000,0
2191.072727,512.000000,0
2191.077273,509.000000,0
2191.081818,509.000000,0
2191.086364,509.000000,0
2191.090909,509.000000,0
2191.095455,508.000000,0
2191.100000,508.000000,0
2191.104545,508.000000,0
2191.109091,509.000000,0
2191.113636,509.000000,0
2191.118182,509.000000,0
2191.122727,509.000000,0
2191.127273,512.000000,0
2191.131818,512.000000,0
2191.136364,512.000000,0
2191.140909,512.000000,0
2191.145455,514.000000,0
2191.150000,514.000000,0
2191.154545,514.000000,0
2191.159091,514.000000,0
2191.163636,508.000000,0
2191.168182,508.000000,0
2191.172727,508.000000,0
2191.177273,508.000000,0
2191.181818,508.000000,0
2191.186364,512.000000,0
2191.190909,512.000000,0
2191.195455,512.000000,0
2191.200000,512.000000,0
2191.204545,512.000000,0
2191.209091,512.000000,0
2191.213636,512.000000,0
2191.218182,512.000000,0
2191.222727,506.000000,0
2191.227273,506.000000,0
2191.231818,506.000000,0
2191.236364,506.000000,0
2191.240909,508.000000,0
2191.245455,508.000000,0
2191.250000,508.000000,0
2191.254545,508.000000,0
2191.259091,509.000000,0
2191.263636,509.000000,0
2191.268182,509.000000,0
2191.272727,509.000000,0
2191.277273,512.000000,0
2191.281818,512.000000,0
2191.286364,512.000000,0
2191.290909,512.000000,0
2191.295455,512.000000,0
2191.300000,512.000000,0
2191.304545,512.000000,0
2191.309091,512.000000,0
2191.313636,509.000000,0
2191.318182,509.000000,0
2191.322727,509.000000,0
2191.327273,509.000000,0
2191.331818,509.000000,0
2191.336364,509.000000,0
2191.340909,509.000000,0
2191.345455,509.000000,0
2191.350000,509.000000,0
2191.354545,509.000000,0
2191.359091,509.000000,0
2191.363636,509.000000,0
2191.368182,509.000000,0
2191.372727,513.000000,0
2191.377273,513.000000,0
2191.381818,513.000000,0
2191.386364,513.000000,0
2191.390909,512.000000,0
2191.395455,512.000000,0
2191.400000,512.000000,0
2191.404545,512.000000,0
2191.409091,510.000000,0
2191.413636,510.000000,0
2191.418182,510.000000,0
2191.422727,510.000000,0
2191.427273,510.000000,0
2191.431818,510.000000,0
2191.436364,510.000000,0
2191.440909,510.000000,0
2191.445455,510.000000,0
2191.450000,510.000000,0
2191.454545,510.000000,0
2191.459091,510.000000,0
2191.463636,509.000000,0
2191.468182,509.000000,0
2191.472727,509.000000,0
2191.477273,509.000000,0
2191.481818,509.000000,0
2191.486364,509.000000,0
2191.490909,509.000000,0
2191.495455,509.000000,0
2191.500000,509.000000,0
2191.504545,509.000000,0
2191.509091,509.000000,0
2191.513636,509.000000,0
2191.518182,510.000000,0
2191.522727,510.000000,0
2191.527273,510.000000,0
2191.531818,510.000000,0
2191.536364,506.000000,0
2191.540909,506.000000,0
2191.545455,506.000000,0
2191.550000,506.000000,0
2191.554545,512.000000,0
2191.559091,512.000000,0
2191.563636,512.000000,0
2191.568182,512.000000,0
2191.572727,510.000000,0
2191.577273,510.000000,0
2191.581818,510.000000,0
2191.586364,510.000000,0
2191.590909,509.000000,0
2191.595455,509.000000,0
2191.600000,509.000000,0
2191.604545,509.000000,0
2191.609091,509.000000,0
2191.613636,509.000000,0
2191.618182,509.000000,0
2191.622727,509.000000,0
2191.627273,509.000000,0
2191.631818,510.000000,0
2191.636364,510.000000,0
2191.640909,510.000000,0
2191.645455,510.000000,0
2191.650000,510.000000,0
2191.654545,510.000000,0
2191.659091,510.000000,0
2191.663636,510.000000,0
2191.668182,510.000000,0
2191.672727,510.000000,0
2191.677273,510.000000,0
2191.681818,510.000000,0
2191.686364,512.000000,0
2191.690909,512.000000,0
2191.695455,512.000000,0
2191.700000,512.000000,0
2191.704545,513.000000,0
2191.709091,513.000000,0
2191.713636,513.000000,0
2191.718182,513.000000,0
2191.722727,512.000000,0
2191.727273,512.000000,0
2191.731818,512.000000,0
2191.736364,512.000000,0
2191.740909,509.000000,0
2191.745455,509.000000,0
2191.750000,509.000000,0
2191.754545,509.000000,0
2191.759091,509.000000,0
2191.763636,509.000000,0
2191.768182,509.000000,0
2191.772727,509.000000,0
2191.777273,513.000000,0
2191.781818,513.000000,0
2191.786364,513.000000,0
2191.790909,513.000000,0
2191.795455,513.000000,0
2191.800000,512.000000,0
2191.804545,512.000000,0
2191.809091,512.000000,0
2191.813636,512.000000,0
2191.818182,513.000000,0
2191.822727,513.000000,0
2191.827273,513.000000,0
2191.831818,513.000000,0
2191.836364,509.000000,0
2191.840909,509.000000,0
2191.845455,509.000000,0
2191.850000,509.000000,0
2191.854545,442.000000,0
2191.859091,442.000000,0
2191.863636,442.000000,0
2191.868182,442.000000,0
2191.872727,501.000000,0
2191.877273,501.000000,0
2191.881818,501.000000,0
2191.886364,501.000000,0
2191.890909,508.000000,0
2191.895455,508.000000,0
2191.900000,508.000000,0
2191.904545,508.000000,0
2191.909091,510.000000,0
2191.913636,510.000000,0
2191.918182,510.000000,0
2191.922727,510.000000,0
2191.927273,512.000000,0
2191.931818,512.000000,0
2191.936364,512.000000,0
2191.940909,512.000000,0
2191.945455,513.000000,0
2191.950000,513.000000,0
2191.954545,513.000000,0
2191.959091,513.000000,0
2191.963636,510.000000,0
2191.968182,510.000000,0
2191.972727,510.000000,0
2191.977273,510.000000,0
2191.981818,510.000000,0
2191.986364,510.000000,0
2191.990909,510.000000,0
2191.995455,510.000000,0
2192.000000,510.000000,0
2192.004545,510.000000,0
2192.009091,509.000000,0
2192.013636,509.000000,0
2192.018182,509.000000,0
2192.022727,509.000000,0
2192.027273,508.000000,0
2192.031818,508.000000,0
2192.036364,508.000000,0
2192.040909,508.000000,0
2192.045455,510.000000,0
2192.050000,510.000000,0
2192.054545,510.000000,0
2192.059091,510.000000,0
2192.063636,510.000000,0
2192.068182,510.000000,0
2192.072727,510.000000,0
2192.077273,513.000000,0
2192.081818,513.000000,0
2192.086364,513.000000,0
2192.090909,513.000000,0
2192.095455,509.000000,0
2192.100000,509.000000,0
2192.104545,509.000000,0
2192.109091,509.000000,0
2192.113636,509.000000,0
2192.118182,509.000000,0
2192.122727,509.000000,0
2192.127273,509.000000,0
2192.131818,509.000000,0
2192.136364,509.000000,0
2192.140909,509.000000,0
2192.145455,509.000000,0
2192.150000,509.000000,0
2192.154545,509.000000,0
2192.159091,509.000000,0
2192.163636,509.000000,0
2192.168182,510.000000,0
2192.172727,510.000000,0
2192.177273,510.000000,0
2192.181818,510.000000,0
2192.186364,510.000000,0
2192.190909,513.000000,0
2192.195455,513.000000,0
2192.200000,513.000000,0
2192.204545,513.000000,0
2192.209091,512.000000,0
2192.213636,512.000000,0
2192.218182,512.000000,0
2192.222727,512.000000,0
2192.227273,510.000000,0
2192.231818,510.000000,0
2192.236364,510.000000,0
2192.240909,510.000000,0
2192.245455,512.000000,0
2192.250000,512.000000,0
2192.254545,512.000000,0
2192.259091,512.000000,0
2192.263636,508.000000,0
2192.268182,508.000000,0
2192.272727,508.000000,0
2192.277273,508.000000,0
2192.281818,508.000000,0
2192.286364,509.000000,0
2192.290909,509.000000,0
2192.295455,509.000000,0
2192.300000,509.000000,0
2192.304545,510.000000,0
2192.309091,510.000000,0
2192.313636,510.000000,0
2192.318182,510.000000,0
2192.322727,510.000000,0
2192.327273,510.000000,0
2192.331818,510.000000,0
2192.336364,510.000000,0
2192.340909,512.000000,0
2192.345455,512.000000,0
2192.350000,512.000000,0
2192.354545,512.000000,0
2192.359091,510.000000,0
2192.363636,510.000000,0
2192.368182,510.000000,0
2192.372727,510.000000,0
2192.377273,509.000000,0
2192.381818,509.000000,0
2192.386364,509.000000,0
2192.390909,509.000000,0
2192.395455,510.000000,0
2192.400000,510.000000,0
2192.404545,510.000000,0
2192.409091,510.000000,0
2192.413636,509.000000,0
2192.418182,509.000000,0
2192.422727,509.000000,0
2192.427273,509.000000,0
2192.431818,510.000000,0
2192.436364,510.000000,0
2192.440909,510.000000,0
2192.445455,510.000000,0
2192.450000,512.000000,0
2192.454545,512.000000,0
2192.459091,512.000000,0
2192.463636,512.000000,0
2192.468182,512.000000,0
2192.472727,512.000000,0
2192.477273,512.000000,0
2192.481818,512.000000,0
2192.486364,510.000000,0
2192.490909,510.000000,0
2192.495455,510.000000,0
2192.500000,510.000000,0
2192.504545,510.000000,0
2192.509091,510.000000,0
2192.513636,510.000000,0
2192.518182,510.000000,0
2192.522727,510.000000,0
2192.527273,510.000000,0
2192.531818,510.000000,0
2192.536364,510.000000,0
2192.540909,510.000000,0
2192.545455,510.000000,0
2192.550000,510.000000,0
2192.554545,510.000000,0
2192.559091,509.000000,0
2192.563636,509.000000,0
2192.568182,509.000000,0
2192.572727,509.000000,0
2192.577273,509.000000,0
2192.581818,509.000000,0
2192.586364,509.000000,0
2192.590909,509.000000,0
2192.595455,513.000000,0
2192.600000,513.000000,0
2192.604545,513.000000,0
2192.609091,513.000000,0
2192.613636,514.000000,0
2192.618182,514.000000,0
2192.622727,514.000000,0
2192.627273,514.000000,0
2192.631818,510.000000,0
2192.636364,510.000000,0
2192.640909,510.000000,0
2192.645455,510.000000,0
2192.650000,510.000000,0
2192.654545,510.000000,0
2192.659091,510.000000,0
2192.663636,510.000000,0
2192.668182,509.000000,0
2192.672727,509.000000,0
2192.677273,509.000000,0
2192.681818,509.000000,0
2192.686364,509.000000,0
2192.690909,509.000000,0
2192.695455,509.000000,0
2192.700000,509.000000,0
2192.704545,509.000000,0
2192.709091,509.000000,0
2192.713636,509.000000,0
2192.718182,509.000000,0
2192.722727,510.000000,0
2192.727273,510.000000,0
2192.731818,510.000000,0
2192.736364,510.000000,0
2192.740909,510.000000,0
2192.745455,510.000000,0
2192.750000,510.000000,0
2192.754545,510.000000,0
2192.759091,510.000000,0
2192.763636,510.000000,0
2192.768182,510.000000,0
2192.772727,510.000000,0
2192.777273,510.000000,0
2192.781818,509.000000,0
2192.786364,509.000000,0
2192.790909,509.000000,0
2192.795455,509.000000,0
2192.800000,509.000000,0
2192.804545,509.000000,0
2192.809091,509.000000,0
2192.813636,509.000000,0
2192.818182,509.000000,0
2192.822727,410.000000,0
2192.827273,410.000000,0
2192.831818,410.000000,0
2192.836364,410.000000,0
2192.840909,496.000000,0
2192.845455,496.000000,0
2192.850000,496.000000,0
2192.854545,496.000000,0
2192.859091,510.000000,0
2192.863636,510.000000,0
2192.868182,510.000000,0
2192.872727,510.000000,0
2192.877273,510.000000,0
2192.881818,510.000000,0
2192.886364,510.000000,0
2192.890909,510.000000,0
2192.895455,509.000000,0
2192.900000,509.000000,0
2192.904545,509.000000,0
2192.909091,509.000000,0
2192.913636,509.000000,0
2192.918182,509.000000,0
2192.922727,509.000000,0
2192.927273,509.000000,0
2192.931818,510.000000,0
2192.936364,510.000000,0
2192.940909,510.000000,0
2192.945455,510.000000,0
2192.950000,510.000000,0
2192.954545,510.000000,0
2192.959091,510.000000,0
2192.963636,510.000000,0
2192.968182,510.000000,0
2192.972727,510.000000,0
2192.977273,513.000000,0
2192.981818,513.000000,0
2192.986364,513.000000,0
2192.990909,512.000000,0
2192.995455,512.000000,0
2193.000000,512.000000,1
2193.004545,513.000000,0
2193.009091,513.000000,0
2193.013636,513.000000,0
2193.018182,513.000000,0
2193.022727,512.000000,0
2193.027273,512.000000,0
2193.031818,510.000000,0
2193.036364,510.000000,0
2193.040909,510.000000,0
2193.045455,510.000000,0
2193.050000,510.000000,0
2193.054545,510.000000,0
2193.059091,510.000000,0
2193.063636,510.000000,0
2193.068182,509.000000,0
2193.072727,509.000000,0
2193.077273,509.000000,0
2193.081818,510.000000,0
2193.086364,510.000000,0
2193.090909,510.000000,0
2193.095455,512.000000,0
2193.100000,512.000000,0
2193.104545,512.000000,0
2193.109091,512.000000,0
2193.113636,512.000000,0
2193.118182,512.000000,0
2193.122727,512.000000,0
2193.127273,512.000000,0
2193.131818,509.000000,0
2193.136364,509.000000,0
2193.140909,509.000000,0
2193.145455,509.000000,0
2193.150000,509.000000,0
2193.154545,509.000000,0
2193.159091,509.000000,0
2193.163636,509.000000,0
2193.168182,510.000000,0
2193.172727,510.000000,0
2193.177273,510.000000,0
2193.181818,510.000000,0
2193.186364,510.000000,0
2193.190909,510.000000,0
2193.195455,510.000000,0
2193.200000,510.000000,0
2193.204545,509.000000,0
2193.209091,509.000000,0
2193.213636,509.000000,0
2193.218182,510.000000,0
2193.222727,510.000000,0
2193.227273,510.000000,0
2193.231818,510.000000,0
2193.236364,512.000000,0
2193.240909,512.000000,0
2193.245455,512.000000,0
2193.250000,512.000000,0
2193.254545,509.000000,0
2193.259091,509.000000,0
2193.263636,509.000000,0
2193.268182,509.000000,0
2193.272727,509.000000,0
2193.277273,509.000000,0
2193.281818,509.000000,0
2193.286364,509.000000,0
2193.290909,510.000000,0
2193.295455,510.000000,0
2193.300000,510.000000,0
2193.304545,509.000000,0
2193.309091,509.000000,0
2193.313636,509.000000,0
2193.318182,509.000000,0
2193.322727,510.000000,0
2193.327273,510.000000,0
2193.331818,510.000000,0
2193.336364,510.000000,0
2193.340909,510.000000,0
2193.345455,510.000000,0
2193.350000,510.000000,0
2193.354545,510.000000,0
2193.359091,510.000000,0
2193.363636,510.000000,0
2193.368182,510.000000,0
2193.372727,510.000000,0
2193.377273,510.000000,0
2193.381818,510.000000,0
2193.386364,510.000000,0
2193.390909,509.000000,0
2193.395455,509.000000,0
2193.400000,509.000000,0
2193.404545,509.000000,0
2193.409091,509.000000,0
2193.413636,509.000000,0
2193.418182,509.000000,0
2193.422727,508.000000,0
2193.427273,508.000000,0
2193.431818,508.000000,0
2193.436364,508.000000,0
2193.440909,509.000000,0
2193.445455,509.000000,0
2193.450000,509.000000,0
2193.454545,509.000000,0
2193.459091,509.000000,0
2193.463636,509.000000,0
2193.468182,509.000000,0
2193.472727,509.000000,0
2193.477273,509.000000,0
2193.481818,512.000000,0
2193.486364,512.000000,0
2193.490909,512.000000,0
2193.495455,512.000000,0
2193.500000,510.000000,0
2193.504545,510.000000,0
2193.509091,510.000000,0
2193.513636,510.000000,0
2193.518182,512.000000,0
2193.522727,512.000000,0
2193.527273,512.000000,0
2193.531818,512.000000,0
2193.536364,512.000000,0
2193.540909,512.000000,0
2193.545455,512.000000,0
2193.550000,512.000000,0
2193.554545,512.000000,0
2193.559091,509.000000,0
2193.563636,509.000000,0
2193.568182,509.000000,0
2193.572727,509.000000,0
2193.577273,509.000000,0
2193.581818,509.000000,0
2193.586364,509.000000,0
2193.590909,509.000000,0
2193.595455,513.000000,0
2193.600000,513.000000,0
2193.604545,513.000000,0
2193.609091,513.000000,0
2193.613636,512.000000,0
2193.618182,512.000000,0
2193.622727,512.000000,0
2193.627273,512.000000,0
2193.631818,513.000000,0
2193.636364,513.000000,0
2193.640909,513.000000,0
2193.645455,513.000000,0
2193.650000,510.000000,0
2193.654545,510.000000,0
2193.659091,510.000000,0
2193.663636,510.000000,0
2193.668182,512.000000,0
2193.672727,512.000000,0
2193.677273,512.000000,0
2193.681818,512.000000,0
2193.686364,508.000000,0
2193.690909,508.000000,0
2193.695455,508.000000,0
2193.700000,508.000000,0
2193.704545,505.000000,0
2193.709091,505.000000,0
2193.713636,505.000000,0
2193.718182,505.000000,0
2193.722727,510.000000,0
2193.727273,510.000000,0
2193.731818,510.000000,0
2193.736364,510.000000,0
2193.740909,513.000000,0
2193.745455,513.000000,0
2193.750000,513.000000,0
2193.754545,513.000000,0
2193.759091,509.000000,0
2193.763636,509.000000,0
2193.768182,509.000000,0
2193.772727,509.000000,0
2193.777273,509.000000,0
2193.781818,509.000000,0
2193.786364,509.000000,0
2193.790909,509.000000,0
2193.795455,510.000000,0
2193.800000,510.000000,0
2193.804545,510.000000,0
2193.809091,510.000000,0
2193.813636,508.000000,0
2193.818182,508.000000,0
2193.822727,508.000000,0
2193.827273,508.000000,0
2193.831818,509.000000,0
2193.836364,509.000000,0
2193.840909,509.000000,0
2193.845455,509.000000,0
2193.850000,509.000000,0
2193.854545,510.000000,0
2193.859091,510.000000,0
2193.863636,510.000000,0
2193.868182,510.000000,0
2193.872727,513.000000,0
2193.877273,513.000000,0
2193.881818,513.000000,0
2193.886364,513.000000,0
2193.890909,509.000000,0
2193.895455,509.000000,0
2193.900000,509.000000,0
2193.904545,509.000000,0
2193.909091,509.000000,0
2193.913636,509.000000,0
2193.918182,509.000000,0
2193.922727,509.000000,0
2193.927273,509.000000,0
2193.931818,509.000000,0
2193.936364,509.000000,0
2193.940909,509.000000,0
2193.945455,509.000000,0
2193.950000,513.000000,0
2193.954545,513.000000,0
2193.959091,513.000000,0
2193.963636,513.000000,0
2193.968182,509.000000,0
2193.972727,509.000000,0
2193.977273,509.000000,0
2193.981818,509.000000,0
2193.986364,496.000000,0
2193.990909,496.000000,0
2193.995455,496.000000,0
2194.000000,496.000000,0
2194.004545,510.000000,0
2194.009091,510.000000,0
2194.013636,510.000000,0
2194.018182,510.000000,0
2194.022727,513.000000,0
2194.027273,513.000000,0
2194.031818,513.000000,0
2194.036364,513.000000,0
2194.040909,516.000000,0
2194.045455,516.000000,0
2194.050000,516.000000,0
2194.054545,516.000000,0
2194.059091,509.000000,0
2194.063636,509.000000,0
2194.068182,509.000000,0
2194.072727,509.000000,0
2194.077273,510.000000,0
2194.081818,510.000000,0
2194.086364,510.000000,0
2194.090909,510.000000,0
2194.095455,512.000000,0
2194.100000,512.000000,0
2194.104545,512.000000,0
2194.109091,512.000000,0
2194.113636,509.000000,0
2194.118182,509.000000,0
2194.122727,509.000000,0
2194.127273,509.000000,0
2194.131818,514.000000,0
2194.136364,514.000000,0
2194.140909,514.000000,0
2194.145455,514.000000,0
2194.150000,510.000000,0
2194.154545,510.000000,0
2194.159091,510.000000,0
2194.163636,510.000000,0
2194.168182,510.000000,0
2194.172727,510.000000,0
2194.177273,510.000000,0
2194.181818,510.000000,0
2194.186364,506.000000,0
2194.190909,506.000000,0
2194.195455,506.000000,0
2194.200000,506.000000,0
2194.204545,503.000000,0
2194.209091,503.000000,0
2194.213636,503.000000,0
2194.218182,503.000000,0
2194.222727,508.000000,0
2194.227273,508.000000,0
2194.231818,508.000000,0
2194.236364,508.000000,0
2194.240909,504.000000,0
2194.245455,504.000000,0
2194.250000,504.000000,0
2194.254545,504.000000,0
2194.259091,504.000000,0
2194.263636,512.000000,0
2194.268182,512.000000,0
2194.272727,512.000000,0
2194.277273,512.000000,0
2194.281818,500.000000,0
2194.286364,500.000000,0
2194.290909,500.000000,0
2194.295455,500.000000,0
2194.300000,513.000000,0
2194.304545,513.000000,0
2194.309091,513.000000,0
2194.313636,513.000000,0
2194.318182,513.000000,0
2194.322727,513.000000,0
2194.327273,513.000000,0
2194.331818,513.000000,0
2194.336364,513.000000,0
2194.340909,513.000000,0
2194.345455,513.000000,0
2194.350000,513.000000,0
2194.354545,510.000000,0
2194.359091,510.000000,0
2194.363636,510.000000,0
2194.368182,510.000000,0
2194.372727,509.000000,0
2194.377273,509.000000,0
2194.381818,509.000000,0
2194.386364,509.000000,0
2194.390909,509.000000,0
2194.395455,509.000000,0
2194.400000,509.000000,0
2194.404545,509.000000,0
2194.409091,512.000000,0
2194.413636,512.000000,0
2194.418182,512.000000,0
2194.422727,512.000000,0
2194.427273,512.000000,0
2194.431818,512.000000,0
2194.436364,509.000000,0
2194.440909,509.000000,0
2194.445455,509.000000,0
2194.450000,509.000000,0
2194.454545,509.000000,0
2194.459091,509.000000,0
2194.463636,509.000000,0
2194.468182,509.000000,0
2194.472727,509.000000,0
2194.477273,509.000000,0
2194.481818,509.000000,0
2194.486364,513.000000,0
2194.490909,513.000000,0
2194.495455,513.000000,0
2194.500000,513.000000,0
2194.504545,512.000000,0
2194.509091,512.000000,0
2194.513636,512.000000,0
2194.518182,512.000000,0
2194.522727,508.000000,0
2194.527273,508.000000,0
2194.531818,508.000000,0
2194.536364,508.000000,0
2194.540909,513.000000,0
2194.545455,513.000000,0
2194.550000,513.000000,0
2194.554545,513.000000,0
2194.559091,508.000000,0
2194.563636,508.000000,0
2194.568182,508.000000,0
2194.572727,508.000000,0
2194.577273,509.000000,0
2194.581818,509.000000,0
2194.586364,509.000000,0
2194.590909,509.000000,0
2194.595455,509.000000,0
2194.600000,508.000000,0
2194.604545,508.000000,0
2194.609091,508.000000,0
2194.613636,508.000000,0
2194.618182,506.000000,0
2194.622727,506.000000,0
2194.627273,506.000000,0
2194.631818,506.000000,0
2194.636364,513.000000,0
2194.640909,513.000000,0
2194.645455,513.000000,0
2194.650000,513.000000,0
2194.654545,513.000000,0
2194.659091,510.000000,0
2194.663636,510.000000,0
2194.668182,510.000000,0
2194.672727,513.000000,0
2194.677273,513.000000,0
2194.681818,513.000000,0
2194.686364,513.000000,0
2194.690909,513.000000,0
2194.695455,513.000000,0
2194.700000,513.000000,0
2194.704545,513.000000,0
2194.709091,513.000000,0
2194.713636,510.000000,0
2194.718182,510.000000,0
2194.722727,510.000000,0
2194.727273,510.000000,0
2194.731818,509.000000,0
2194.736364,509.000000,0
2194.740909,509.000000,0
2194.745455,509.000000,0
2194.750000,509.000000,0
2194.754545,509.000000,0
2194.759091,509.000000,0
2194.763636,509.000000,0
2194.768182,508.000000,0
2194.772727,508.000000,0
2194.777273,508.000000,0
2194.781818,508.000000,0
2194.786364,510.000000,0
2194.790909,510.000000,0
2194.795455,510.000000,0
2194.800000,510.000000,0
2194.804545,509.000000,0
2194.809091,509.000000,0
2194.813636,509.000000,0
2194.818182,512.000000,0
2194.822727,512.000000,0
2194.827273,512.000000,0
2194.831818,512.000000,0
2194.836364,509.000000,0
2194.840909,509.000000,0
2194.845455,509.000000,0
2194.850000,509.000000,0
2194.854545,509.000000,0
2194.859091,510.000000,0
2194.863636,510.000000,0
2194.868182,510.000000,0
2194.872727,510.000000,0
2194.877273,509.000000,0
2194.881818,509.000000,0
2194.886364,509.000000,0
2194.890909,509.000000,0
2194.895455,512.000000,0
2194.900000,512.000000,0
2194.904545,512.000000,0
2194.909091,512.000000,0
2194.913636,510.000000,0
2194.918182,510.000000,0
2194.922727,510.000000,0
2194.927273,510.000000,0
2194.931818,512.000000,0
2194.936364,512.000000,0
2194.940909,512.000000,0
2194.945455,512.000000,0
2194.950000,513.000000,0
2194.954545,513.000000,0
2194.959091,513.000000,0
2194.963636,513.000000,0
2194.968182,508.000000,0
2194.972727,508.000000,0
2194.977273,508.000000,0
2194.981818,508.000000,0
2194.986364,509.000000,0
2194.990909,509.000000,0
2194.995455,509.000000,0
2195.000000,509.000000,0
2195.004545,508.000000,0
2195.009091,508.000000,0
2195.013636,508.000000,0
2195.018182,508.000000,0
2195.022727,509.000000,0
2195.027273,509.000000,0
2195.031818,509.000000,0
2195.036364,509.000000,0
2195.040909,509.000000,0
2195.045455,504.000000,0
2195.050000,504.000000,0
2195.054545,504.000000,0
2195.059091,504.000000,0
2195.063636,509.000000,0
2195.068182,509.000000,0
2195.072727,509.000000,0
2195.077273,509.000000,0
2195.081818,510.000000,0
2195.086364,510.000000,0
2195.090909,510.000000,0
2195.095455,510.000000,0
2195.100000,513.000000,0
2195.104545,513.000000,0
2195.109091,513.000000,0
2195.113636,513.000000,0
2195.118182,513.000000,0
2195.122727,514.000000,0
2195.127273,514.000000,0
2195.131818,514.000000,0
2195.136364,514.000000,0
2195.140909,506.000000,0
2195.145455,506.000000,0
2195.150000,506.000000,0
2195.154545,506.000000,0
2195.159091,508.000000,0
2195.163636,508.000000,0
2195.168182,508.000000,0
2195.172727,508.000000,0
2195.177273,506.000000,0
2195.181818,506.000000,0
2195.186364,506.000000,0
2195.190909,506.000000,0
2195.195455,513.000000,0
2195.200000,513.000000,0
2195.204545,513.000000,0
2195.209091,513.000000,0
2195.213636,513.000000,0
2195.218182,513.000000,0
2195.222727,513.000000,0
2195.227273,513.000000,0
2195.231818,510.000000,0
2195.236364,510.000000,0
2195.240909,510.000000,0
2195.245455,510.000000,0
2195.250000,509.000000,0
2195.254545,509.000000,0
2195.259091,509.000000,0
2195.263636,509.000000,0
2195.268182,509.000000,0
2195.272727,513.000000,0
2195.277273,513.000000,0
2195.281818,513.000000,0
2195.286364,510.000000,0
2195.290909,510.000000,0
2195.295455,510.000000,0
2195.300000,510.000000,0
2195.304545,510.000000,0
2195.309091,509.000000,0
2195.313636,509.000000,0
2195.318182,509.000000,0
2195.322727,509.000000,0
2195.327273,510.000000,0
2195.331818,510.000000,0
2195.336364,510.000000,0
2195.340909,510.000000,0
2195.345455,512.000000,0
2195.350000,512.000000,0
2195.354545,512.000000,0
2195.359091,510.000000,0
2195.363636,510.000000,0
2195.368182,510.000000,0
2195.372727,510.000000,0
2195.377273,509.000000,0
2195.381818,509.000000,0
2195.386364,509.000000,0
2195.390909,509.000000,0
2195.395455,558.000000,0
2195.400000,558.000000,0
2195.404545,558.000000,0
2195.409091,558.000000,0
2195.413636,451.000000,0
2195.418182,451.000000,0
2195.422727,451.000000,0
2195.427273,451.000000,0
2195.431818,451.000000,0
2195.436364,451.000000,0
2195.440909,599.000000,0
2195.445455,599.000000,0
2195.450000,599.000000,0
2195.454545,486.000000,0
2195.459091,486.000000,0
2195.463636,486.000000,0
2195.468182,486.000000,0
2195.472727,509.000000,0
2195.477273,509.000000,0
2195.481818,509.000000,0
2195.486364,509.000000,0
2195.490909,512.000000,0
2195.495455,512.000000,0
2195.500000,512.000000,0
2195.504545,512.000000,0
2195.509091,512.000000,0
2195.513636,508.000000,0
2195.518182,508.000000,0
2195.522727,508.000000,0
2195.527273,508.000000,0
2195.531818,509.000000,0
2195.536364,509.000000,0
2195.540909,509.000000,0
2195.545455,509.000000,0
2195.550000,509.000000,0
2195.554545,509.000000,0
2195.559091,509.000000,0
2195.563636,513.000000,0
2195.568182,513.000000,0
2195.572727,513.000000,0
2195.577273,513.000000,0
2195.581818,512.000000,0
2195.586364,512.000000,0
2195.590909,512.000000,0
2195.595455,512.000000,0
2195.600000,488.000000,0
2195.604545,488.000000,0
2195.609091,488.000000,0
2195.613636,488.000000,0
2195.618182,509.000000,0
2195.622727,509.000000,0
2195.627273,509.000000,0
2195.631818,509.000000,0
2195.636364,496.000000,0
2195.640909,496.000000,0
2195.645455,496.000000,0
2195.650000,496.000000,0
2195.654545,496.000000,0
2195.659091,496.000000,0
2195.663636,508.000000,0
2195.668182,508.000000,0
2195.672727,508.000000,0
2195.677273,506.000000,0
2195.681818,506.000000,0
2195.686364,506.000000,0
2195.690909,509.000000,0
2195.695455,509.000000,0
2195.700000,509.000000,0
2195.704545,510.000000,0
2195.709091,510.000000,0
2195.713636,510.000000,0
2195.718182,510.000000,0
2195.722727,512.000000,0
2195.727273,512.000000,0
2195.731818,512.000000,0
2195.736364,512.000000,0
2195.740909,512.000000,0
2195.745455,512.000000,0
2195.750000,512.000000,0
2195.754545,512.000000,0
2195.759091,509.000000,0
2195.763636,509.000000,0
2195.768182,509.000000,0
2195.772727,509.000000,0
2195.777273,510.000000,0
2195.781818,510.000000,0
2195.786364,510.000000,0
2195.790909,509.000000,0
2195.795455,509.000000,0
2195.800000,509.000000,0
2195.804545,509.000000,0
2195.809091,509.000000,0
2195.813636,509.000000,0
2195.818182,509.000000,0
2195.822727,512.000000,0
2195.827273,512.000000,0
2195.831818,512.000000,0
2195.836364,512.000000,0
2195.840909,512.000000,0
2195.845455,512.000000,0
2195.850000,512.000000,0
2195.854545,512.000000,0
2195.859091,510.000000,0
2195.863636,510.000000,0
2195.868182,510.000000,0
2195.872727,510.000000,0
2195.877273,509.000000,0
2195.881818,509.000000,0
2195.886364,509.000000,0
2195.890909,509.000000,0
2195.895455,509.000000,0
2195.900000,509.000000,0
2195.904545,509.000000,0
2195.909091,509.000000,0
2195.913636,509.000000,0
2195.918182,509.000000,0
2195.922727,509.000000,0
2195.927273,509.000000,0
2195.931818,509.000000,0
2195.936364,509.000000,0
2195.940909,509.000000,0
2195.945455,509.000000,0
2195.950000,510.000000,0
2195.954545,510.000000,0
2195.959091,510.000000,0
2195.963636,510.000000,0
2195.968182,512.000000,0
2195.972727,512.000000,0
2195.977273,512.000000,0
2195.981818,512.000000,0
2195.986364,510.000000,0
2195.990909,510.000000,0
2195.995455,510.000000,0
2196.000000,510.000000,0
2196.004545,509.000000,0
2196.009091,509.000000,0
2196.013636,509.000000,0
2196.018182,509.000000,0
2196.022727,509.000000,0
2196.027273,509.000000,0
2196.031818,509.000000,0
2196.036364,509.000000,0
2196.040909,509.000000,0
2196.045455,510.000000,0
2196.050000,510.000000,0
2196.054545,510.000000,0
2196.059091,510.000000,0
2196.063636,509.000000,0
2196.068182,509.000000,0
2196.072727,509.000000,0
2196.077273,509.000000,0
2196.081818,512.000000,0
2196.086364,512.000000,0
2196.090909,512.000000,0
2196.095455,512.000000,0
2196.100000,513.000000,0
2196.104545,513.000000,0
2196.109091,513.000000,0
2196.113636,513.000000,0
2196.118182,513.000000,0
2196.122727,513.000000,0
2196.127273,513.000000,0
2196.131818,513.000000,0
2196.136364,510.000000,0
2196.140909,510.000000,0
2196.145455,510.000000,0
2196.150000,510.000000,0
2196.154545,509.000000,0
2196.159091,509.000000,0
2196.163636,509.000000,0
2196.168182,509.000000,0
2196.172727,510.000000,0
2196.177273,510.000000,0
2196.181818,510.000000,0
2196.186364,510.000000,0
2196.190909,509.000000,0
2196.195455,509.000000,0
2196.200000,509.000000,0
2196.204545,509.000000,0
2196.209091,509.000000,0
2196.213636,509.000000,0
2196.218182,509.000000,0
2196.222727,509.000000,0
2196.227273,510.000000,0
2196.231818,510.000000,0
2196.236364,510.000000,0
2196.240909,510.000000,0
2196.245455,510.000000,0
2196.250000,510.000000,0
2196.254545,510.000000,0
2196.259091,510.000000,0
2196.263636,510.000000,0
2196.268182,510.000000,0
2196.272727,512.000000,0
2196.277273,512.000000,0
2196.281818,512.000000,0
2196.286364,512.000000,0
2196.290909,509.000000,0
2196.295455,509.000000,0
2196.300000,509.000000,0
2196.304545,509.000000,0
2196.309091,509.000000,0
2196.313636,509.000000,0
2196.318182,509.000000,0
2196.322727,509.000000,0
2196.327273,509.000000,0
2196.331818,509.000000,0
2196.336364,509.000000,0
2196.340909,508.000000,0
2196.345455,508.000000,0
2196.350000,508.000000,0
2196.354545,508.000000,0
2196.359091,508.000000,0
2196.363636,509.000000,0
2196.368182,509.000000,0
2196.372727,509.000000,0
2196.377273,509.000000,0
2196.381818,510.000000,0
2196.386364,510.000000,0
2196.390909,510.000000,0
2196.395455,510.000000,0
2196.400000,509.000000,0
2196.404545,509.000000,0
2196.409091,509.000000,0
2196.413636,509.000000,0
2196.418182,509.000000,0
2196.422727,509.000000,0
2196.427273,509.000000,0
2196.431818,509.000000,0
2196.436364,509.000000,0
2196.440909,509.000000,0
2196.445455,509.000000,0
2196.450000,509.000000,0
2196.454545,509.000000,0
2196.459091,509.000000,0
2196.463636,509.000000,0
2196.468182,509.000000,0
2196.472727,509.000000,0
2196.477273,509.000000,0
2196.481818,509.000000,0
2196.486364,509.000000,0
2196.490909,512.000000,0
2196.495455,512.000000,0
2196.500000,512.000000,0
2196.504545,512.000000,0
2196.509091,512.000000,0
2196.513636,512.000000,0
2196.518182,512.000000,0
2196.522727,512.000000,0
2196.527273,512.000000,0
2196.531818,510.000000,0
2196.536364,510.000000,0
2196.540909,510.000000,0
2196.545455,510.000000,0
2196.550000,509.000000,0
2196.554545,509.000000,0
2196.559091,509.000000,0
2196.563636,509.000000,0
2196.568182,509.000000,0
2196.572727,509.000000,0
2196.577273,509.000000,0
2196.581818,509.000000,0
2196.586364,509.000000,0
2196.590909,509.000000,0
2196.595455,509.000000,0
2196.600000,509.000000,0
2196.604545,509.000000,0
2196.609091,509.000000,0
2196.613636,509.000000,0
2196.618182,510.000000,0
2196.622727,510.000000,0
2196.627273,510.000000,0
2196.631818,510.000000,0
2196.636364,510.000000,0
2196.640909,513.000000,0
2196.645455,513.000000,0
2196.650000,513.000000,0
2196.654545,513.000000,0
2196.659091,510.000000,0
2196.663636,510.000000,0
2196.668182,510.000000,0
2196.672727,510.000000,0
2196.677273,510.000000,0
2196.681818,510.000000,0
2196.686364,510.000000,0
2196.690909,510.000000,0
2196.695455,509.000000,0
2196.700000,509.000000,0
2196.704545,509.000000,0
2196.709091,509.000000,0
2196.713636,510.000000,0
2196.718182,510.000000,0
2196.722727,510.000000,0
2196.727273,510.000000,0
2196.731818,509.000000,0
2196.736364,509.000000,0
2196.740909,509.000000,0
2196.745455,509.000000,0
2196.750000,509.000000,0
2196.754545,509.000000,0
2196.759091,509.000000,0
2196.763636,509.000000,0
2196.768182,509.000000,0
2196.772727,509.000000,0
2196.777273,509.000000,0
2196.781818,509.000000,0
2196.786364,510.000000,0
2196.790909,510.000000,0
2196.795455,510.000000,0
2196.800000,510.000000,0
2196.804545,509.000000,0
2196.809091,509.000000,0
2196.813636,509.000000,0
2196.818182,509.000000,0
2196.822727,509.000000,0
2196.827273,509.000000,0
2196.831818,509.000000,0
2196.836364,509.000000,0
2196.840909,509.000000,0
2196.845455,509.000000,0
2196.850000,509.000000,0
2196.854545,509.000000,0
2196.859091,509.000000,0
2196.863636,509.000000,0
2196.868182,509.000000,0
2196.872727,509.000000,0
2196.877273,510.000000,0
2196.881818,510.000000,0
2196.886364,510.000000,0
2196.890909,510.000000,0
2196.895455,512.000000,0
2196.900000,512.000000,0
2196.904545,512.000000,0
2196.909091,512.000000,0
2196.913636,512.000000,0
2196.918182,512.000000,0
2196.922727,512.000000,0
2196.927273,512.000000,0
2196.931818,512.000000,0
2196.936364,512.000000,0
2196.940909,512.000000,0
2196.945455,512.000000,0
2196.950000,512.000000,0
2196.954545,509.000000,0
2196.959091,509.000000,0
2196.963636,509.000000,0
2196.968182,509.000000,0
2196.972727,510.000000,0
2196.977273,510.000000,0
2196.981818,510.000000,0
2196.986364,510.000000,0
2196.990909,509.000000,0
2196.995455,509.000000,0
2197.000000,509.000000,0
2197.004545,509.000000,0
2197.009091,510.000000,0
2197.013636,510.000000,0
2197.018182,510.000000,0
2197.022727,510.000000,0
2197.027273,509.000000,0
2197.031818,509.000000,0
2197.036364,509.000000,0
2197.040909,509.000000,0
2197.045455,509.000000,0
2197.050000,513.000000,0
2197.054545,513.000000,0
2197.059091,513.000000,0
2197.063636,510.000000,0
2197.068182,510.000000,0
2197.072727,510.000000,0
2197.077273,510.000000,0
2197.081818,509.000000,0
2197.086364,509.000000,0
2197.090909,509.000000,0
2197.095455,509.000000,0
2197.100000,509.000000,0
2197.104545,509.000000,0
2197.109091,509.000000,0
2197.113636,509.000000,0
2197.118182,509.000000,0
2197.122727,509.000000,0
2197.127273,509.000000,0
2197.131818,509.000000,1
2197.136364,510.000000,0
2197.140909,510.000000,0
2197.145455,510.000000,0
2197.150000,510.000000,0
2197.154545,514.000000,0
2197.159091,514.000000,0
2197.163636,514.000000,0
2197.168182,514.000000,0
2197.172727,509.000000,0
2197.177273,509.000000,0
2197.181818,509.000000,0
2197.186364,509.000000,0
2197.190909,512.000000,0
2197.195455,512.000000,0
2197.200000,512.000000,0
2197.204545,512.000000,0
2197.209091,512.000000,0
2197.213636,512.000000,0
2197.218182,512.000000,0
2197.222727,512.000000,0
2197.227273,509.000000,0
2197.231818,509.000000,0
2197.236364,509.000000,0
2197.240909,509.000000,0
2197.245455,509.000000,0
2197.250000,509.000000,0
2197.254545,509.000000,0
2197.259091,509.000000,0
2197.263636,509.000000,0
2197.268182,509.000000,0
2197.272727,509.000000,0
2197.277273,512.000000,0
2197.281818,512.000000,0
2197.286364,512.000000,0
2197.290909,512.000000,0
2197.295455,513.000000,0
2197.300000,513.000000,0
2197.304545,513.000000,0
2197.309091,513.000000,0
2197.313636,469.000000,0
2197.318182,469.000000,0
2197.322727,469.000000,0
2197.327273,504.000000,0
2197.331818,504.000000,0
2197.336364,504.000000,0
2197.340909,504.000000,0
2197.345455,509.000000,0
2197.350000,509.000000,0
2197.354545,509.000000,0
2197.359091,509.000000,0
2197.363636,508.000000,0
2197.368182,508.000000,0
2197.372727,508.000000,0
2197.377273,508.000000,0
2197.381818,509.000000,0
2197.386364,509.000000,0
2197.390909,509.000000,0
2197.395455,509.000000,0
2197.400000,509.000000,0
2197.404545,512.000000,0
2197.409091,512.000000,0
2197.413636,512.000000,0
2197.418182,512.000000,0
2197.422727,513.000000,0
2197.427273,513.000000,0
2197.431818,513.000000,0
2197.436364,513.000000,0
2197.440909,512.000000,0
2197.445455,512.000000,0
2197.450000,512.000000,0
2197.454545,512.000000,0
2197.459091,512.000000,0
2197.463636,509.000000,0
2197.468182,509.000000,0
2197.472727,509.000000,0
2197.477273,509.000000,0
2197.481818,512.000000,0
2197.486364,512.000000,0
2197.490909,512.000000,0
2197.495455,512.000000,0
2197.500000,508.000000,0
2197.504545,508.000000,0
2197.509091,508.000000,0
2197.513636,508.000000,0
2197.518182,509.000000,0
2197.522727,509.000000,0
2197.527273,509.000000,0
2197.531818,509.000000,0
2197.536364,510.000000,0
2197.540909,510.000000,0
2197.545455,510.000000,0
2197.550000,513.000000,0
2197.554545,513.000000,0
2197.559091,513.000000,0
2197.563636,513.000000,0
2197.568182,513.000000,0
2197.572727,510.000000,0
2197.577273,510.000000,0
2197.581818,510.000000,0
2197.586364,510.000000,0
2197.590909,510.000000,0
2197.595455,510.000000,0
2197.600000,510.000000,0
2197.604545,509.000000,0
2197.609091,509.000000,0
2197.613636,509.000000,0
2197.618182,509.000000,0
2197.622727,509.000000,0
2197.627273,509.000000,0
2197.631818,509.000000,0
2197.636364,509.000000,0
2197.640909,509.000000,0
2197.645455,509.000000,0
2197.650000,509.000000,0
2197.654545,509.000000,0
2197.659091,509.000000,0
2197.663636,509.000000,0
2197.668182,509.000000,0
2197.672727,509.000000,0
2197.677273,509.000000,0
2197.681818,509.000000,0
2197.686364,513.000000,0
2197.690909,513.000000,0
2197.695455,513.000000,0
2197.700000,513.000000,0
2197.704545,513.000000,0
2197.709091,513.000000,0
2197.713636,513.000000,0
2197.718182,513.000000,0
2197.722727,512.000000,0
2197.727273,512.000000,0
2197.731818,512.000000,0
2197.736364,512.000000,0
2197.740909,510.000000,0
2197.745455,510.000000,0
2197.750000,510.000000,0
2197.754545,509.000000,0
2197.759091,509.000000,0
2197.763636,509.000000,0
2197.768182,509.000000,0
2197.772727,509.000000,0
2197.777273,509.000000,0
2197.781818,509.000000,0
2197.786364,509.000000,0
2197.790909,510.000000,0
2197.795455,510.000000,0
2197.800000,510.000000,0
2197.804545,510.000000,0
2197.809091,510.000000,0
2197.813636,510.000000,0
2197.818182,510.000000,0
2197.822727,510.000000,0
2197.827273,512.000000,0
2197.831818,512.000000,0
2197.836364,512.000000,0
2197.840909,512.000000,0
2197.845455,510.000000,0
2197.850000,510.000000,0
2197.854545,510.000000,0
2197.859091,509.000000,0
2197.863636,509.000000,0
2197.868182,509.000000,0
2197.872727,509.000000,0
2197.877273,509.000000,0
2197.881818,509.000000,0
2197.886364,509.000000,0
2197.890909,509.000000,0
2197.895455,509.000000,0
2197.900000,509.000000,0
2197.904545,509.000000,0
2197.909091,509.000000,0
2197.913636,509.000000,0
2197.918182,510.000000,0
2197.922727,510.000000,0
2197.927273,510.000000,0
2197.931818,513.000000,0
2197.936364,513.000000,0
2197.940909,513.000000,0
2197.945455,513.000000,0
2197.950000,509.000000,0
2197.954545,509.000000,0
2197.959091,509.000000,0
2197.963636,509.000000,0
2197.968182,508.000000,0
2197.972727,508.000000,0
2197.977273,508.000000,0
2197.981818,508.000000,0
2197.986364,509.000000,0
2197.990909,509.000000,0
2197.995455,509.000000,0
2198.000000,509.000000,0
2198.004545,506.000000,0
2198.009091,506.000000,0
2198.013636,506.000000,0
2198.018182,513.000000,0
2198.022727,513.000000,0
2198.027273,513.000000,0
2198.031818,513.000000,0
2198.036364,510.000000,0
2198.040909,510.000000,0
2198.045455,510.000000,0
2198.050000,510.000000,0
2198.054545,512.000000,0
2198.059091,512.000000,0
2198.063636,512.000000,0
2198.068182,512.000000,0
2198.072727,512.000000,0
2198.077273,512.000000,0
2198.081818,512.000000,0
2198.086364,512.000000,0
2198.090909,508.000000,0
2198.095455,508.000000,0
2198.100000,508.000000,0
2198.104545,508.000000,0
2198.109091,508.000000,0
2198.113636,508.000000,0
2198.118182,508.000000,0
2198.122727,508.000000,0
2198.127273,513.000000,0
2198.131818,513.000000,0
2198.136364,513.000000,0
2198.140909,513.000000,0
2198.145455,509.000000,0
2198.150000,509.000000,0
2198.154545,509.000000,0
2198.159091,509.000000,0
2198.163636,509.000000,0
2198.168182,509.000000,0
2198.172727,509.000000,0
2198.177273,509.000000,0
2198.181818,509.000000,0
2198.186364,512.000000,0
2198.190909,512.000000,0
2198.195455,512.000000,0
2198.200000,512.000000,0
2198.204545,509.000000,0
2198.209091,509.000000,0
2198.213636,509.000000,0
2198.218182,509.000000,0
2198.222727,506.000000,0
2198.227273,506.000000,0
2198.231818,506.000000,0
2198.236364,506.000000,0
2198.240909,506.000000,0
2198.245455,510.000000,0
2198.250000,510.000000,0
2198.254545,510.000000,0
2198.259091,510.000000,0
2198.263636,510.000000,0
2198.268182,510.000000,0
2198.272727,510.000000,0
2198.277273,510.000000,0
2198.281818,504.000000,0
2198.286364,504.000000,0
2198.290909,504.000000,0
2198.295455,504.000000,0
2198.300000,510.000000,0
2198.304545,510.000000,0
2198.309091,510.000000,0
2198.313636,512.000000,0
2198.318182,512.000000,0
2198.322727,512.000000,0
2198.327273,512.000000,0
2198.331818,509.000000,0
2198.336364,509.000000,0
2198.340909,509.000000,0
2198.345455,509.000000,0
2198.350000,513.000000,0
2198.354545,513.000000,0
2198.359091,513.000000,0
2198.363636,513.000000,0
2198.368182,513.000000,0
2198.372727,508.000000,0
2198.377273,508.000000,0
2198.381818,508.000000,0
2198.386364,508.000000,0
2198.390909,505.000000,0
2198.395455,505.000000,0
2198.400000,505.000000,0
2198.404545,505.000000,0
2198.409091,505.000000,0
2198.413636,505.000000,0
2198.418182,505.000000,0
2198.422727,505.000000,0
2198.427273,505.000000,0
2198.431818,510.000000,0
2198.436364,510.000000,0
2198.440909,510.000000,0
2198.445455,510.000000,0
2198.450000,509.000000,0
2198.454545,509.000000,0
2198.459091,509.000000,0
2198.463636,509.000000,0
2198.468182,509.000000,0
2198.472727,509.000000,0
2198.477273,509.000000,0
2198.481818,509.000000,0
2198.486364,510.000000,0
2198.490909,510.000000,0
2198.495455,510.000000,0
2198.500000,510.000000,0
2198.504545,514.000000,0
2198.509091,514.000000,0
2198.513636,514.000000,0
2198.518182,514.000000,0
2198.522727,513.000000,0
2198.527273,513.000000,0
2198.531818,513.000000,0
2198.536364,513.000000,0
2198.540909,510.000000,0
2198.545455,510.000000,0
2198.550000,510.000000,0
2198.554545,510.000000,0
2198.559091,512.000000,0
2198.563636,512.000000,0
2198.568182,512.000000,0
2198.572727,512.000000,0
2198.577273,509.000000,0
2198.581818,509.000000,0
2198.586364,509.000000,0
2198.590909,509.000000,0
2198.595455,513.000000,0
2198.600000,513.000000,0
2198.604545,513.000000,0
2198.609091,513.000000,0
2198.613636,514.000000,0
2198.618182,514.000000,0
2198.622727,514.000000,0
2198.627273,514.000000,0
2198.631818,509.000000,0
2198.636364,509.000000,0
2198.640909,509.000000,0
2198.645455,509.000000,0
2198.650000,510.000000,0
2198.654545,510.000000,0
2198.659091,510.000000,0
2198.663636,510.000000,0
2198.668182,512.000000,0
2198.672727,512.000000,0
2198.677273,512.000000,0
2198.681818,512.000000,0
2198.686364,513.000000,0
2198.690909,513.000000,0
2198.695455,513.000000,0
2198.700000,513.000000,0
2198.704545,512.000000,0
2198.709091,512.000000,0
2198.713636,512.000000,0
2198.718182,512.000000,0
2198.722727,516.000000,0
2198.727273,516.000000,0
2198.731818,516.000000,0
2198.736364,516.000000,0
2198.740909,516.000000,0
2198.745455,508.000000,0
2198.750000,508.000000,0
2198.754545,508.000000,0
2198.759091,508.000000,0
2198.763636,509.000000,0
2198.768182,509.000000,0
2198.772727,509.000000,0
2198.777273,509.000000,0
2198.781818,510.000000,0
2198.786364,510.000000,0
2198.790909,510.000000,0
2198.795455,510.000000,0
2198.800000,509.000000,0
2198.804545,509.000000,0
2198.809091,509.000000,0
2198.813636,509.000000,0
2198.818182,509.000000,0
2198.822727,509.000000,0
2198.827273,509.000000,0
2198.831818,509.000000,0
2198.836364,509.000000,0
2198.840909,514.000000,0
2198.845455,514.000000,0
2198.850000,514.000000,0
2198.854545,514.000000,0
2198.859091,510.000000,0
2198.863636,510.000000,0
2198.868182,510.000000,0
2198.872727,510.000000,0
2198.877273,510.000000,0
2198.881818,510.000000,0
2198.886364,510.000000,0
2198.890909,510.000000,0
2198.895455,510.000000,0
2198.900000,510.000000,0
2198.904545,510.000000,0
2198.909091,505.000000,0
2198.913636,505.000000,0
2198.918182,505.000000,0
2198.922727,505.000000,0
2198.927273,509.000000,0
2198.931818,509.000000,0
2198.936364,509.000000,0
2198.940909,509.000000,0
2198.945455,509.000000,0
2198.950000,508.000000,0
2198.954545,508.000000,0
2198.959091,508.000000,0
2198.963636,514.000000,0
2198.968182,514.000000,0
2198.972727,514.000000,0
2198.977273,514.000000,0
2198.981818,514.000000,0
2198.986364,514.000000,0
2198.990909,509.000000,0
2198.995455,509.000000,0
2199.000000,509.000000,0
2199.004545,509.000000,0
2199.009091,509.000000,0
2199.013636,509.000000,0
2199.018182,509.000000,0
2199.022727,509.000000,0
2199.027273,509.000000,0
2199.031818,509.000000,0
2199.036364,509.000000,0
2199.040909,509.000000,0
2199.045455,509.000000,0
2199.050000,509.000000,0
2199.054545,509.000000,0
2199.059091,509.000000,0
2199.063636,508.000000,0
2199.068182,508.000000,0
2199.072727,508.000000,0
2199.077273,508.000000,0
2199.081818,510.000000,0
2199.086364,510.000000,0
2199.090909,510.000000,0
2199.095455,510.000000,0
2199.100000,509.000000,0
2199.104545,509.000000,0
2199.109091,509.000000,0
2199.113636,509.000000,0
2199.118182,510.000000,0
2199.122727,510.000000,0
2199.127273,510.000000,0
2199.131818,510.000000,0
2199.136364,513.000000,0
2199.140909,513.000000,0
2199.145455,513.000000,0
2199.150000,513.000000,0
2199.154545,512.000000,0
2199.159091,512.000000,0
2199.163636,512.000000,0
2199.168182,512.000000,0
2199.172727,509.000000,0
2199.177273,509.000000,0
2199.181818,509.000000,0
2199.186364,509.000000,0
2199.190909,509.000000,0
2199.195455,509.000000,0
2199.200000,509.000000,0
2199.204545,509.000000,0
2199.209091,509.000000,0
2199.213636,509.000000,0
2199.218182,509.000000,0
2199.222727,509.000000,0
2199.227273,509.000000,0
2199.231818,509.000000,0
2199.236364,509.000000,0
2199.240909,509.000000,0
2199.245455,512.000000,0
2199.250000,512.000000,0
2199.254545,512.000000,0
2199.259091,512.000000,0
2199.263636,513.000000,0
2199.268182,513.000000,0
2199.272727,513.000000,0
2199.277273,513.000000,0
2199.281818,513.000000,0
2199.286364,513.000000,0
2199.290909,513.000000,0
2199.295455,513.000000,0
2199.300000,509.000000,0
2199.304545,509.000000,0
2199.309091,509.000000,0
2199.313636,509.000000,0
2199.318182,510.000000,0
2199.322727,510.000000,0
2199.327273,510.000000,0
2199.331818,510.000000,0
2199.336364,512.000000,0
2199.340909,512.000000,0
2199.345455,512.000000,0
2199.350000,512.000000,0
2199.354545,512.000000,0
2199.359091,512.000000,0
2199.363636,512.000000,0
2199.368182,512.000000,0
2199.372727,512.000000,0
2199.377273,513.000000,0
2199.381818,513.000000,0
2199.386364,513.000000,0
2199.390909,513.000000,0
2199.395455,510.000000,0
2199.400000,510.000000,0
2199.404545,510.000000,0
2199.409091,510.000000,0
2199.413636,510.000000,0
2199.418182,510.000000,0
2199.422727,510.000000,0
2199.427273,510.000000,0
2199.431818,510.000000,0
2199.436364,512.000000,0
2199.440909,512.000000,0
2199.445455,512.000000,0
2199.450000,509.000000,0
2199.454545,509.000000,0
2199.459091,509.000000,0
2199.463636,509.000000,0
2199.468182,509.000000,0
2199.472727,512.000000,0
2199.477273,512.000000,0
2199.481818,512.000000,0
2199.486364,512.000000,0
2199.490909,510.000000,0
2199.495455,510.000000,0
2199.500000,510.000000,0
2199.504545,513.000000,0
2199.509091,513.000000,0
2199.513636,513.000000,0
2199.518182,513.000000,0
2199.522727,512.000000,0
2199.527273,512.000000,0
2199.531818,512.000000,0
2199.536364,512.000000,0
2199.540909,510.000000,0
2199.545455,510.000000,0
2199.550000,510.000000,0
2199.554545,510.000000,0
2199.559091,510.000000,0
2199.563636,510.000000,0
2199.568182,510.000000,0
2199.572727,510.000000,0
2199.577273,510.000000,0
2199.581818,510.000000,0
2199.586364,510.000000,0
2199.590909,510.000000,0
2199.595455,509.000000,0
2199.600000,509.000000,0
2199.604545,509.000000,0
2199.609091,509.000000,0
2199.613636,509.000000,0
2199.618182,506.000000,0
2199.622727,506.000000,0
2199.627273,506.000000,0
2199.631818,514.000000,0
2199.636364,514.000000,0
2199.640909,514.000000,0
2199.645455,514.000000,0
2199.650000,514.000000,0
2199.654545,512.000000,0
2199.659091,512.000000,0
2199.663636,512.000000,0
2199.668182,512.000000,0
2199.672727,510.000000,0
2199.677273,510.000000,0
2199.681818,510.000000,0
2199.686364,510.000000,0
2199.690909,512.000000,0
2199.695455,512.000000,0
2199.700000,512.000000,0
2199.704545,512.000000,0
2199.709091,509.000000,0
2199.713636,509.000000,0
2199.718182,509.000000,0
2199.722727,509.000000,0
2199.727273,510.000000,0
2199.731818,510.000000,0
2199.736364,510.000000,0
2199.740909,510.000000,0
2199.745455,509.000000,0
2199.750000,509.000000,0
2199.754545,509.000000,0
2199.759091,509.000000,0
2199.763636,513.000000,0
2199.768182,513.000000,0
2199.772727,513.000000,0
2199.777273,513.000000,0
2199.781818,512.000000,0
2199.786364,512.000000,0
2199.790909,512.000000,0
2199.795455,512.000000,0
2199.800000,509.000000,0
2199.804545,509.000000,0
2199.809091,509.000000,0
2199.813636,509.000000,0
2199.818182,509.000000,0
2199.822727,509.000000,0
2199.827273,509.000000,0
2199.831818,509.000000,0
2199.836364,509.000000,0
2199.840909,509.000000,0
2199.845455,509.000000,0
2199.850000,509.000000,0
2199.854545,509.000000,0
2199.859091,509.000000,0
2199.863636,509.000000,0
2199.868182,509.000000,0
2199.872727,509.000000,0
2199.877273,509.000000,0
2199.881818,509.000000,0
2199.886364,509.000000,0
2199.890909,509.000000,0
2199.895455,509.000000,0
2199.900000,512.000000,0
2199.904545,512.000000,0
2199.909091,512.000000,0
2199.913636,512.000000,0
2199.918182,513.000000,0
2199.922727,513.000000,0
2199.927273,513.000000,0
2199.931818,496.000000,0
2199.936364,496.000000,0
2199.940909,496.000000,0
2199.945455,496.000000,0
2199.950000,706.000000,0
2199.954545,706.000000,0
2199.959091,706.000000,0
2199.963636,706.000000,0
2199.968182,487.000000,0
2199.972727,487.000000,0
2199.977273,487.000000,0
2199.981818,487.000000,0
2199.986364,487.000000,0
2199.990909,508.000000,0
2199.995455,508.000000,0
2200.000000,508.000000,0
2200.004545,508.000000,0
2200.009091,509.000000,0
2200.013636,509.000000,0
2200.018182,509.000000,0
2200.022727,509.000000,0
2200.027273,509.000000,0
2200.031818,509.000000,0
2200.036364,509.000000,0
2200.040909,509.000000,0
2200.045455,509.000000,0
2200.050000,509.000000,0
2200.054545,509.000000,0
2200.059091,509.000000,0
2200.063636,509.000000,0
2200.068182,509.000000,0
2200.072727,509.000000,0
2200.077273,509.000000,0
2200.081818,509.000000,0
2200.086364,509.000000,0
2200.090909,509.000000,0
2200.095455,509.000000,0
2200.100000,509.000000,0
2200.104545,510.000000,0
2200.109091,510.000000,0
2200.113636,510.000000,0
2200.118182,509.000000,0
2200.122727,509.000000,0
2200.127273,509.000000,0
2200.131818,509.000000,0
2200.136364,509.000000,0
2200.140909,509.000000,0
2200.145455,509.000000,0
2200.150000,509.000000,0
2200.154545,513.000000,0
2200.159091,513.000000,0
2200.163636,513.000000,0
2200.168182,513.000000,0
2200.172727,510.000000,0
2200.177273,510.000000,0
2200.181818,510.000000,0
2200.186364,510.000000,0
2200.190909,510.000000,0
2200.195455,510.000000,0
2200.200000,510.000000,0
2200.204545,510.000000,0
2200.209091,510.000000,0
2200.213636,509.000000,0
2200.218182,509.000000,0
2200.222727,509.000000,0
2200.227273,509.000000,0
2200.231818,509.000000,0
2200.236364,509.000000,0
2200.240909,509.000000,0
2200.245455,509.000000,0
2200.250000,513.000000,0
2200.254545,513.000000,0
2200.259091,513.000000,0
2200.263636,513.000000,0
2200.268182,510.000000,0
2200.272727,510.000000,0
2200.277273,510.000000,0
2200.281818,510.000000,0
2200.286364,510.000000,0
2200.290909,510.000000,0
2200.295455,510.000000,0
2200.300000,510.000000,0
2200.304545,510.000000,0
2200.309091,510.000000,0
2200.313636,510.000000,0
2200.318182,510.000000,0
2200.322727,510.000000,0
2200.327273,510.000000,0
2200.331818,510.000000,0
2200.336364,510.000000,0
2200.340909,510.000000,0
2200.345455,510.000000,0
2200.350000,510.000000,0
2200.354545,510.000000,0
2200.359091,510.000000,0
2200.363636,512.000000,0
2200.368182,512.000000,0
2200.372727,512.000000,0
2200.377273,508.000000,0
2200.381818,508.000000,0
2200.386364,508.000000,0
2200.390909,508.000000,0
2200.395455,510.000000,0
2200.400000,510.000000,0
2200.404545,510.000000,0
2200.409091,510.000000,0
2200.413636,512.000000,0
2200.418182,512.000000,0
2200.422727,512.000000,0
2200.427273,512.000000,0
2200.431818,513.000000,0
2200.436364,513.000000,0
2200.440909,513.000000,0
2200.445455,513.000000,0
2200.450000,513.000000,0
2200.454545,513.000000,0
2200.459091,513.000000,0
2200.463636,513.000000,0
2200.468182,513.000000,0
2200.472727,513.000000,0
2200.477273,510.000000,0
2200.481818,510.000000,0
2200.486364,510.000000,0
2200.490909,510.000000,0
2200.495455,510.000000,0
2200.500000,510.000000,0
2200.504545,510.000000,0
2200.509091,510.000000,0
2200.513636,510.000000,0
2200.518182,510.000000,0
2200.522727,510.000000,0
2200.527273,510.000000,0
2200.531818,510.000000,0
2200.536364,510.000000,0
2200.540909,510.000000,0
2200.545455,513.000000,0
2200.550000,513.000000,0
2200.554545,513.000000,0
2200.559091,513.000000,0
2200.563636,512.000000,0
2200.568182,512.000000,0
2200.572727,512.000000,0
2200.577273,512.000000,0
2200.581818,510.000000,0
2200.586364,510.000000,0
2200.590909,510.000000,0
2200.595455,510.000000,0
2200.600000,512.000000,0
2200.604545,512.000000,0
2200.609091,512.000000,0
2200.613636,509.000000,0
2200.618182,509.000000,0
2200.622727,509.000000,0
2200.627273,509.000000,0
2200.631818,509.000000,0
2200.636364,509.000000,0
2200.640909,509.000000,0
2200.645455,509.000000,0
2200.650000,509.000000,0
2200.654545,509.000000,0
2200.659091,509.000000,0
2200.663636,509.000000,0
2200.668182,509.000000,0
2200.672727,509.000000,0
2200.677273,509.000000,0
2200.681818,512.000000,0
2200.686364,512.000000,0
2200.690909,512.000000,0
2200.695455,512.000000,0
2200.700000,512.000000,0
2200.704545,513.000000,0
2200.709091,513.000000,0
2200.713636,513.000000,0
2200.718182,512.000000,0
2200.722727,512.000000,0
2200.727273,512.000000,0
2200.731818,512.000000,0
2200.736364,509.000000,0
2200.740909,509.000000,0
2200.745455,509.000000,0
2200.750000,509.000000,0
2200.754545,512.000000,0
2200.759091,512.000000,0
2200.763636,512.000000,0
2200.768182,512.000000,0
2200.772727,509.000000,0
2200.777273,509.000000,0
2200.781818,509.000000,0
2200.786364,509.000000,0
2200.790909,509.000000,0
2200.795455,509.000000,0
2200.800000,509.000000,0
2200.804545,509.000000,0
2200.809091,512.000000,0
2200.813636,512.000000,0
2200.818182,512.000000,0
2200.822727,512.000000,0
2200.827273,512.000000,0
2200.831818,512.000000,0
2200.836364,512.000000,0
2200.840909,512.000000,0
2200.845455,509.000000,0
2200.850000,509.000000,0
2200.854545,509.000000,0
2200.859091,509.000000,0
2200.863636,509.000000,0
2200.868182,508.000000,0
2200.872727,508.000000,0
2200.877273,508.000000,0
2200.881818,508.000000,0
2200.886364,509.000000,0
2200.890909,509.000000,0
2200.895455,509.000000,0
2200.900000,509.000000,0
2200.904545,509.000000,0
2200.909091,509.000000,0
2200.913636,509.000000,0
2200.918182,509.000000,0
2200.922727,509.000000,0
2200.927273,509.000000,0
2200.931818,509.000000,0
2200.936364,510.000000,0
2200.940909,510.000000,0
2200.945455,510.000000,0
2200.950000,510.000000,0
2200.954545,510.000000,0
2200.959091,510.000000,0
2200.963636,510.000000,0
2200.968182,510.000000,0
2200.972727,510.000000,0
2200.977273,510.000000,0
2200.981818,510.000000,0
2200.986364,510.000000,0
2200.990909,509.000000,0
2200.995455,509.000000,0
2201.000000,509.000000,0
2201.004545,509.000000,0
2201.009091,509.000000,0
2201.013636,509.000000,0
2201.018182,509.000000,0
2201.022727,509.000000,0
2201.027273,509.000000,0
2201.031818,509.000000,0
2201.036364,509.000000,0
2201.040909,509.000000,0
2201.045455,509.000000,0
2201.050000,509.000000,0
2201.054545,509.000000,0
2201.059091,509.000000,0
2201.063636,509.000000,0
2201.068182,509.000000,0
2201.072727,513.000000,0
2201.077273,513.000000,0
2201.081818,513.000000,0
2201.086364,510.000000,0
2201.090909,510.000000,0
2201.095455,510.000000,0
2201.100000,510.000000,0
2201.104545,512.000000,0
2201.109091,512.000000,0
2201.113636,512.000000,0
2201.118182,512.000000,0
2201.122727,510.000000,0
2201.127273,510.000000,0
2201.131818,510.000000,0
2201.136364,510.000000,0
2201.140909,510.000000,0
2201.145455,510.000000,0
2201.150000,510.000000,0
2201.154545,510.000000,0
2201.159091,509.000000,0
2201.163636,509.000000,1
2201.168182,509.000000,0
2201.172727,509.000000,0
2201.177273,509.000000,0
2201.181818,509.000000,0
2201.186364,509.000000,0
2201.190909,509.000000,0
2201.195455,509.000000,0
2201.200000,510.000000,0
2201.204545,510.000000,0
2201.209091,510.000000,0
2201.213636,512.000000,0
2201.218182,512.000000,0
2201.222727,512.000000,0
2201.227273,512.000000,0
2201.231818,512.000000,0
2201.236364,512.000000,0
2201.240909,512.000000,0
2201.245455,512.000000,0
2201.250000,509.000000,0
2201.254545,509.000000,0
2201.259091,509.000000,0
2201.263636,509.000000,0
2201.268182,510.000000,0
2201.272727,510.000000,0
2201.277273,510.000000,0
2201.281818,510.000000,0
2201.286364,509.000000,0
2201.290909,509.000000,0
2201.295455,509.000000,0
2201.300000,509.000000,0
2201.304545,509.000000,0
2201.309091,509.000000,0
2201.313636,509.000000,0
2201.318182,512.000000,0
2201.322727,512.000000,0
2201.327273,512.000000,0
2201.331818,512.000000,0
2201.336364,513.000000,0
2201.340909,513.000000,0
2201.345455,513.000000,0
2201.350000,513.000000,0
2201.354545,510.000000,0
2201.359091,510.000000,0
2201.363636,510.000000,0
2201.368182,510.000000,0
2201.372727,510.000000,0
2201.377273,510.000000,0
2201.381818,510.000000,0
2201.386364,510.000000,0
2201.390909,508.000000,0
2201.395455,508.000000,0
2201.400000,508.000000,0
2201.404545,508.000000,0
2201.409091,508.000000,0
2201.413636,509.000000,0
2201.418182,509.000000,0
2201.422727,509.000000,0
2201.427273,509.000000,0
2201.431818,509.000000,0
2201.436364,509.000000,0
2201.440909,509.000000,0
2201.445455,509.000000,0
2201.450000,509.000000,0
2201.454545,509.000000,0
2201.459091,509.000000,0
2201.463636,513.000000,0
2201.468182,513.000000,0
2201.472727,513.000000,0
2201.477273,513.000000,0
2201.481818,513.000000,0
2201.486364,513.000000,0
2201.490909,513.000000,0
2201.495455,513.000000,0
2201.500000,513.000000,0
2201.504545,509.000000,0
2201.509091,509.000000,0
2201.513636,509.000000,0
2201.518182,509.000000,0
2201.522727,509.000000,0
2201.527273,509.000000,0
2201.531818,509.000000,0
2201.536364,509.000000,0
2201.540909,512.000000,0
2201.545455,512.000000,0
2201.550000,512.000000,0
2201.554545,512.000000,0
2201.559091,508.000000,0
2201.563636,508.000000,0
2201.568182,508.000000,0
2201.572727,508.000000,0
2201.577273,510.000000,0
2201.581818,510.000000,0
2201.586364,510.000000,0
2201.590909,510.000000,0
2201.595455,513.000000,0
2201.600000,513.000000,0
2201.604545,513.000000,0
2201.609091,513.000000,0
2201.613636,512.000000,0
2201.618182,512.000000,0
2201.622727,512.000000,0
2201.627273,512.000000,0
2201.631818,510.000000,0
2201.636364,510.000000,0
2201.640909,510.000000,0
2201.645455,510.000000,0
2201.650000,509.000000,0
2201.654545,509.000000,0
2201.659091,509.000000,0
2201.663636,509.000000,0
2201.668182,509.000000,0
2201.672727,509.000000,0
2201.677273,509.000000,0
2201.681818,509.000000,0
2201.686364,510.000000,0
2201.690909,510.000000,0
2201.695455,510.000000,0
2201.700000,510.000000,0
2201.704545,509.000000,0
2201.709091,509.000000,0
2201.713636,509.000000,0
2201.718182,509.000000,0
2201.722727,509.000000,0
2201.727273,509.000000,0
2201.731818,509.000000,0
2201.736364,509.000000,0
2201.740909,509.000000,0
2201.745455,513.000000,0
2201.750000,513.000000,0
2201.754545,513.000000,0
2201.759091,513.000000,0
2201.763636,509.000000,0
2201.768182,509.000000,0
2201.772727,509.000000,0
2201.777273,509.000000,0
2201.781818,509.000000,0
2201.786364,509.000000,0
2201.790909,509.000000,0
2201.795455,509.000000,0
2201.800000,513.000000,0
2201.804545,513.000000,0
2201.809091,513.000000,0
2201.813636,513.000000,0
2201.818182,513.000000,0
2201.822727,513.000000,0
2201.827273,513.000000,0
2201.831818,513.000000,0
2201.836364,513.000000,0
2201.840909,513.000000,0
2201.845455,513.000000,0
2201.850000,513.000000,0
2201.854545,513.000000,0
2201.859091,513.000000,0
2201.863636,513.000000,0
2201.868182,513.000000,0
2201.872727,513.000000,0
2201.877273,513.000000,0
2201.881818,513.000000,0
2201.886364,513.000000,0
2201.890909,513.000000,0
2201.895455,505.000000,0
2201.900000,505.000000,0
2201.904545,505.000000,0
2201.909091,509.000000,0
2201.913636,509.000000,0
2201.918182,509.000000,0
2201.922727,509.000000,0
2201.927273,509.000000,0
2201.931818,508.000000,0
2201.936364,508.000000,0
2201.940909,508.000000,0
2201.945455,508.000000,0
2201.950000,508.000000,0
2201.954545,508.000000,0
2201.959091,508.000000,0
2201.963636,508.000000,0
2201.968182,509.000000,0
2201.972727,509.000000,0
2201.977273,509.000000,0
2201.981818,509.000000,0
2201.986364,509.000000,0
2201.990909,509.000000,0
2201.995455,509.000000,0
2202.000000,509.000000,0
2202.004545,513.000000,0
2202.009091,513.000000,0
2202.013636,513.000000,0
2202.018182,513.000000,0
2202.022727,512.000000,0
2202.027273,512.000000,0
2202.031818,512.000000,0
2202.036364,512.000000,0
2202.040909,509.000000,0
2202.045455,509.000000,0
2202.050000,509.000000,0
2202.054545,509.000000,0
2202.059091,509.000000,0
2202.063636,512.000000,0
2202.068182,512.000000,0
2202.072727,512.000000,0
2202.077273,512.000000,0
2202.081818,509.000000,0
2202.086364,509.000000,0
2202.090909,509.000000,0
2202.095455,509.000000,0
2202.100000,517.000000,0
2202.104545,517.000000,0
2202.109091,517.000000,0
2202.113636,517.000000,0
2202.118182,509.000000,0
2202.122727,509.000000,0
2202.127273,509.000000,0
2202.131818,509.000000,0
2202.136364,513.000000,0
2202.140909,513.000000,0
2202.145455,513.000000,0
2202.150000,513.000000,0
2202.154545,504.000000,0
2202.159091,504.000000,0
2202.163636,504.000000,0
2202.168182,504.000000,0
2202.172727,510.000000,0
2202.177273,510.000000,0
2202.181818,510.000000,0
2202.186364,510.000000,0
2202.190909,509.000000,0
2202.195455,509.000000,0
2202.200000,509.000000,0
2202.204545,509.000000,0
2202.209091,513.000000,0
2202.213636,513.000000,0
2202.218182,513.000000,0
2202.222727,513.000000,0
2202.227273,513.000000,0
2202.231818,509.000000,0
2202.236364,509.000000,0
2202.240909,509.000000,0
2202.245455,509.000000,0
2202.250000,516.000000,0
2202.254545,516.000000,0
2202.259091,516.000000,0
2202.263636,516.000000,0
2202.268182,513.000000,0
2202.272727,513.000000,0
2202.277273,513.000000,0
2202.281818,513.000000,0
2202.286364,513.000000,0
2202.290909,513.000000,0
2202.295455,513.000000,0
2202.300000,513.000000,0
2202.304545,508.000000,0
2202.309091,508.000000,0
2202.313636,508.000000,0
2202.318182,508.000000,0
2202.322727,509.000000,0
2202.327273,509.000000,0
2202.331818,509.000000,0
2202.336364,509.000000,0
2202.340909,506.000000,0
2202.345455,506.000000,0
2202.350000,506.000000,0
2202.354545,506.000000,0
2202.359091,505.000000,0
2202.363636,505.000000,0
2202.368182,505.000000,0
2202.372727,505.000000,0
2202.377273,513.000000,0
2202.381818,513.000000,0
2202.386364,513.000000,0
2202.390909,513.000000,0
2202.395455,514.000000,0
2202.400000,514.000000,0
2202.404545,514.000000,0
2202.409091,514.000000,0
2202.413636,518.000000,0
2202.418182,518.000000,0
2202.422727,518.000000,0
2202.427273,518.000000,0
2202.431818,508.000000,0
2202.436364,508.000000,0
2202.440909,508.000000,0
2202.445455,508.000000,0
2202.450000,509.000000,0
2202.454545,509.000000,0
2202.459091,509.000000,0
2202.463636,509.000000,0
2202.468182,510.000000,0
2202.472727,510.000000,0
2202.477273,510.000000,0
2202.481818,510.000000,0
2202.486364,505.000000,0
2202.490909,505.000000,0
2202.495455,505.000000,0
2202.500000,505.000000,0
2202.504545,505.000000,0
2202.509091,508.000000,0
2202.513636,508.000000,0
2202.518182,508.000000,0
2202.522727,508.000000,0
2202.527273,508.000000,0
2202.531818,516.000000,0
2202.536364,516.000000,0
2202.540909,516.000000,0
2202.545455,517.000000,0
2202.550000,517.000000,0
2202.554545,517.000000,0
2202.559091,517.000000,0
2202.563636,508.000000,0
2202.568182,508.000000,0
2202.572727,508.000000,0
2202.577273,508.000000,0
2202.581818,508.000000,0
2202.586364,508.000000,0
2202.590909,508.000000,0
2202.595455,508.000000,0
2202.600000,503.000000,0
2202.604545,503.000000,0
2202.609091,503.000000,0
2202.613636,503.000000,0
2202.618182,512.000000,0
2202.622727,512.000000,0
2202.627273,512.000000,0
2202.631818,512.000000,0
2202.636364,481.000000,0
2202.640909,481.000000,0
2202.645455,481.000000,0
2202.650000,481.000000,0
2202.654545,509.000000,0
2202.659091,509.000000,0
2202.663636,509.000000,0
2202.668182,509.000000,0
2202.672727,508.000000,0
2202.677273,508.000000,0
2202.681818,508.000000,0
2202.686364,508.000000,0
2202.690909,509.000000,0
2202.695455,509.000000,0
2202.700000,509.000000,0
2202.704545,509.000000,0
2202.709091,509.000000,0
2202.713636,509.000000,0
2202.718182,509.000000,0
2202.722727,509.000000,0
2202.727273,509.000000,0
2202.731818,509.000000,0
2202.736364,510.000000,0
2202.740909,510.000000,0
2202.745455,510.000000,0
2202.750000,509.000000,0
2202.754545,509.000000,0
2202.759091,509.000000,0
2202.763636,509.000000,0
2202.768182,509.000000,0
2202.772727,509.000000,0
2202.777273,509.000000,0
2202.781818,513.000000,0
2202.786364,513.000000,0
2202.790909,513.000000,0
2202.795455,509.000000,0
2202.800000,509.000000,0
2202.804545,509.000000,0
2202.809091,508.000000,0
2202.813636,508.000000,0
2202.818182,508.000000,0
2202.822727,508.000000,0
2202.827273,508.000000,0
2202.831818,509.000000,0
2202.836364,509.000000,0
2202.840909,509.000000,0
2202.845455,509.000000,0
2202.850000,509.000000,0
2202.854545,509.000000,0
2202.859091,509.000000,0
2202.863636,508.000000,0
2202.868182,508.000000,0
2202.872727,508.000000,0
2202.877273,508.000000,0
2202.881818,509.000000,0
2202.886364,509.000000,0
2202.890909,513.000000,0
2202.895455,513.000000,0
2202.900000,513.000000,0
2202.904545,512.000000,0
2202.909091,512.000000,0
2202.913636,512.000000,0
2202.918182,512.000000,0
2202.922727,512.000000,0
2202.927273,512.000000,0
2202.931818,512.000000,0
2202.936364,512.000000,0
2202.940909,512.000000,0
2202.945455,510.000000,0
2202.950000,510.000000,0
2202.954545,510.000000,0
2202.959091,510.000000,0
2202.963636,508.000000,0
2202.968182,508.000000,0
2202.972727,508.000000,0
2202.977273,508.000000,0
2202.981818,508.000000,0
2202.986364,508.000000,0
2202.990909,508.000000,0
2202.995455,509.000000,0
2203.000000,509.000000,0
2203.004545,509.000000,0
2203.009091,509.000000,0
2203.013636,512.000000,0
2203.018182,512.000000,0
2203.022727,512.000000,0
2203.027273,512.000000,0
2203.031818,512.000000,0
2203.036364,512.000000,0
2203.040909,512.000000,0
2203.045455,506.000000,0
2203.050000,506.000000,0
2203.054545,506.000000,0
2203.059091,506.000000,0
2203.063636,510.000000,0
2203.068182,510.000000,0
2203.072727,510.000000,0
2203.077273,510.000000,0
2203.081818,509.000000,0
2203.086364,509.000000,0
2203.090909,509.000000,0
2203.095455,509.000000,0
2203.100000,508.000000,0
2203.104545,508.000000,0
2203.109091,508.000000,0
2203.113636,508.000000,0
2203.118182,508.000000,0
2203.122727,509.000000,0
2203.127273,509.000000,0
2203.131818,509.000000,0
2203.136364,510.000000,0
2203.140909,510.000000,0
2203.145455,510.000000,0
2203.150000,510.000000,0
2203.154545,510.000000,0
2203.159091,510.000000,0
2203.163636,510.000000,0
2203.168182,510.000000,0
2203.172727,510.000000,0
2203.177273,510.000000,0
2203.181818,510.000000,0
2203.186364,512.000000,0
2203.190909,512.000000,0
2203.195455,512.000000,0
2203.200000,512.000000,0
2203.204545,510.000000,0
2203.209091,510.000000,0
2203.213636,510.000000,0
2203.218182,510.000000,0
2203.222727,510.000000,0
2203.227273,510.000000,0
2203.231818,510.000000,0
2203.236364,509.000000,0
2203.240909,509.000000,0
2203.245455,509.000000,0
2203.250000,509.000000,0
2203.254545,510.000000,0
2203.259091,510.000000,0
2203.263636,510.000000,0
2203.268182,510.000000,0
2203.272727,513.000000,0
2203.277273,513.000000,0
2203.281818,513.000000,0
2203.286364,513.000000,0
2203.290909,513.000000,0
2203.295455,513.000000,0
2203.300000,513.000000,0
2203.304545,509.000000,0
2203.309091,509.000000,0
2203.313636,509.000000,0
2203.318182,509.000000,0
2203.322727,509.000000,0
2203.327273,509.000000,0
2203.331818,509.000000,0
2203.336364,509.000000,0
2203.340909,508.000000,0
2203.345455,508.000000,0
2203.350000,508.000000,0
2203.354545,508.000000,0
2203.359091,512.000000,0
2203.363636,512.000000,0
2203.368182,512.000000,0
2203.372727,512.000000,0
2203.377273,513.000000,0
2203.381818,513.000000,0
2203.386364,513.000000,0
2203.390909,513.000000,0
2203.395455,510.000000,0
2203.400000,510.000000,0
2203.404545,510.000000,0
2203.409091,510.000000,0
2203.413636,510.000000,0
2203.418182,510.000000,0
2203.422727,510.000000,0
2203.427273,510.000000,0
2203.431818,510.000000,0
2203.436364,513.000000,0
2203.440909,513.000000,0
2203.445455,513.000000,0
2203.450000,513.000000,0
2203.454545,512.000000,0
2203.459091,512.000000,0
2203.463636,512.000000,0
2203.468182,512.000000,0
2203.472727,512.000000,0
2203.477273,512.000000,0
2203.481818,512.000000,0
2203.486364,512.000000,0
2203.490909,509.000000,0
2203.495455,509.000000,0
2203.500000,509.000000,0
2203.504545,509.000000,0
2203.509091,513.000000,0
2203.513636,513.000000,0
2203.518182,513.000000,0
2203.522727,513.000000,0
2203.527273,512.000000,0
2203.531818,512.000000,0
2203.536364,512.000000,0
2203.540909,512.000000,0
2203.545455,509.000000,0
2203.550000,509.000000,0
2203.554545,509.000000,0
2203.559091,509.000000,0
2203.563636,506.000000,0
2203.568182,506.000000,0
2203.572727,506.000000,0
2203.577273,506.000000,0
2203.581818,512.000000,0
2203.586364,512.000000,0
2203.590909,512.000000,0
2203.595455,512.000000,0
2203.600000,509.000000,0
2203.604545,509.000000,0
2203.609091,509.000000,0
2203.613636,509.000000,0
2203.618182,506.000000,0
2203.622727,506.000000,0
2203.627273,506.000000,0
2203.631818,506.000000,0
2203.636364,512.000000,0
2203.640909,512.000000,0
2203.645455,512.000000,0
2203.650000,512.000000,0
2203.654545,510.000000,0
2203.659091,510.000000,0
2203.663636,510.000000,0
2203.668182,510.000000,0
2203.672727,510.000000,0
2203.677273,510.000000,0
2203.681818,510.000000,0
2203.686364,510.000000,0
2203.690909,510.000000,0
2203.695455,510.000000,0
2203.700000,510.000000,0
2203.704545,510.000000,0
2203.709091,510.000000,0
2203.713636,506.000000,0
2203.718182,506.000000,0
2203.722727,506.000000,0
2203.727273,506.000000,0
2203.731818,509.000000,0
2203.736364,509.000000,0
2203.740909,509.000000,0
2203.745455,509.000000,0
2203.750000,509.000000,0
2203.754545,509.000000,0
2203.759091,509.000000,0
2203.763636,509.000000,0
2203.768182,509.000000,0
2203.772727,509.000000,0
2203.777273,509.000000,0
2203.781818,509.000000,0
2203.786364,509.000000,0
2203.790909,514.000000,0
2203.795455,514.000000,0
2203.800000,514.000000,0
2203.804545,514.000000,0
2203.809091,510.000000,0
2203.813636,510.000000,0
2203.818182,510.000000,0
2203.822727,510.000000,0
2203.827273,509.000000,0
2203.831818,509.000000,0
2203.836364,509.000000,0
2203.840909,509.000000,0
2203.845455,509.000000,0
2203.850000,509.000000,0
2203.854545,509.000000,0
2203.859091,509.000000,0
2203.863636,510.000000,0
2203.868182,510.000000,0
2203.872727,510.000000,0
2203.877273,509.000000,0
2203.881818,509.000000,0
2203.886364,509.000000,0
2203.890909,509.000000,0
2203.895455,510.000000,0
2203.900000,510.000000,0
2203.904545,510.000000,0
2203.909091,510.000000,0
2203.913636,513.000000,0
2203.918182,513.000000,0
2203.922727,513.000000,0
2203.927273,513.000000,0
2203.931818,513.000000,0
2203.936364,513.000000,0
2203.940909,513.000000,0
2203.945455,513.000000,0
2203.950000,513.000000,0
2203.954545,509.000000,0
2203.959091,509.000000,0
2203.963636,509.000000,0
2203.968182,509.000000,0
2203.972727,509.000000,0
2203.977273,509.000000,0
2203.981818,509.000000,0
2203.986364,509.000000,0
2203.990909,509.000000,0
2203.995455,509.000000,0
2204.000000,509.000000,0
2204.004545,509.000000,0
2204.009091,509.000000,0
2204.013636,509.000000,0
2204.018182,509.000000,0
2204.022727,509.000000,0
2204.027273,509.000000,0
2204.031818,512.000000,0
2204.036364,512.000000,0
2204.040909,512.000000,0
2204.045455,512.000000,0
2204.050000,512.000000,0
2204.054545,512.000000,0
2204.059091,512.000000,0
2204.063636,512.000000,0
2204.068182,512.000000,0
2204.072727,512.000000,0
2204.077273,512.000000,0
2204.081818,512.000000,0
2204.086364,488.000000,0
2204.090909,488.000000,0
2204.095455,488.000000,0
2204.100000,505.000000,0
2204.104545,505.000000,0
2204.109091,505.000000,0
2204.113636,505.000000,0
2204.118182,509.000000,0
2204.122727,509.000000,0
2204.127273,509.000000,0
2204.131818,509.000000,0
2204.136364,509.000000,0
2204.140909,509.000000,0
2204.145455,509.000000,0
2204.150000,509.000000,0
2204.154545,509.000000,0
2204.159091,509.000000,0
2204.163636,509.000000,0
2204.168182,509.000000,0
2204.172727,509.000000,0
2204.177273,509.000000,0
2204.181818,509.000000,0
2204.186364,509.000000,0
2204.190909,509.000000,0
2204.195455,510.000000,0
2204.200000,510.000000,0
2204.204545,510.000000,0
2204.209091,510.000000,0
2204.213636,509.000000,0
2204.218182,509.000000,0
2204.222727,509.000000,0
2204.227273,509.000000,0
2204.231818,504.000000,0
2204.236364,504.000000,0
2204.240909,504.000000,0
2204.245455,504.000000,0
2204.250000,509.000000,0
2204.254545,509.000000,0
2204.259091,509.000000,0
2204.263636,509.000000,0
2204.268182,508.000000,0
2204.272727,508.000000,0
2204.277273,508.000000,0
2204.281818,508.000000,0
2204.286364,508.000000,0
2204.290909,509.000000,0
2204.295455,509.000000,0
2204.300000,509.000000,0
2204.304545,509.000000,0
2204.309091,510.000000,0
2204.313636,510.000000,0
2204.318182,510.000000,0
2204.322727,510.000000,0
2204.327273,513.000000,0
2204.331818,513.000000,0
2204.336364,513.000000,0
2204.340909,513.000000,0
2204.345455,509.000000,0
2204.350000,509.000000,0
2204.354545,509.000000,0
2204.359091,509.000000,0
2204.363636,509.000000,0
2204.368182,509.000000,0
2204.372727,509.000000,0
2204.377273,509.000000,0
2204.381818,510.000000,0
2204.386364,510.000000,0
2204.390909,510.000000,0
2204.395455,510.000000,0
2204.400000,501.000000,0
2204.404545,501.000000,0
2204.409091,501.000000,0
2204.413636,501.000000,0
2204.418182,510.000000,0
2204.422727,510.000000,0
2204.427273,510.000000,0
2204.431818,510.000000,0
2204.436364,510.000000,0
2204.440909,510.000000,0
2204.445455,510.000000,0
2204.450000,510.000000,0
2204.454545,512.000000,0
2204.459091,512.000000,0
2204.463636,512.000000,0
2204.468182,512.000000,0
2204.472727,510.000000,0
2204.477273,510.000000,0
2204.481818,510.000000,0
2204.486364,510.000000,0
2204.490909,510.000000,0
2204.495455,510.000000,0
2204.500000,510.000000,0
2204.504545,510.000000,0
2204.509091,509.000000,0
2204.513636,509.000000,0
2204.518182,509.000000,0
2204.522727,509.000000,0
2204.527273,509.000000,0
2204.531818,509.000000,0
2204.536364,510.000000,0
2204.540909,510.000000,0
2204.545455,510.000000,0
2204.550000,509.000000,0
2204.554545,509.000000,0
2204.559091,509.000000,0
2204.563636,509.000000,0
2204.568182,510.000000,0
2204.572727,510.000000,0
2204.577273,510.000000,0
2204.581818,510.000000,0
2204.586364,513.000000,0
2204.590909,513.000000,0
2204.595455,513.000000,0
2204.600000,513.000000,0
2204.604545,512.000000,0
2204.609091,512.000000,0
2204.613636,512.000000,0
2204.618182,512.000000,0
2204.622727,512.000000,0
2204.627273,510.000000,0
2204.631818,510.000000,0
2204.636364,510.000000,0
2204.640909,510.000000,0
2204.645455,509.000000,0
2204.650000,509.000000,0
2204.654545,509.000000,0
2204.659091,509.000000,0
2204.663636,509.000000,0
2204.668182,509.000000,0
2204.672727,509.000000,0
2204.677273,509.000000,0
2204.681818,509.000000,0
2204.686364,509.000000,0
2204.690909,509.000000,0
2204.695455,509.000000,0
2204.700000,510.000000,0
2204.704545,510.000000,0
2204.709091,510.000000,0
2204.713636,510.000000,0
2204.718182,513.000000,0
2204.722727,513.000000,0
2204.727273,513.000000,0
2204.731818,513.000000,0
2204.736364,510.000000,0
2204.740909,510.000000,0
2204.745455,510.000000,0
2204.750000,510.000000,0
2204.754545,508.000000,0
2204.759091,508.000000,0
2204.763636,508.000000,0
2204.768182,508.000000,0
2204.772727,509.000000,0
2204.777273,509.000000,0
2204.781818,509.000000,0
2204.786364,509.000000,0
2204.790909,509.000000,0
2204.795455,509.000000,0
2204.800000,508.000000,0
2204.804545,508.000000,0
2204.809091,509.000000,0
2204.813636,509.000000,0
2204.818182,509.000000,0
2204.822727,509.000000,0
2204.827273,510.000000,0
2204.831818,510.000000,0
2204.836364,510.000000,0
2204.840909,510.000000,0
2204.845455,512.000000,0
2204.850000,512.000000,0
2204.854545,512.000000,0
2204.859091,512.000000,0
2204.863636,512.000000,0
2204.868182,512.000000,0
2204.872727,512.000000,0
2204.877273,512.000000,0
2204.881818,510.000000,0
2204.886364,510.000000,0
2204.890909,510.000000,0
2204.895455,510.000000,0
2204.900000,509.000000,0
2204.904545,509.000000,0
2204.909091,509.000000,0
2204.913636,509.000000,0
2204.918182,509.000000,0
2204.922727,509.000000,0
2204.927273,509.000000,0
2204.931818,509.000000,0
2204.936364,509.000000,0
2204.940909,509.000000,0
2204.945455,509.000000,0
2204.950000,509.000000,0
2204.954545,509.000000,0
2204.959091,510.000000,0
2204.963636,510.000000,0
2204.968182,510.000000,0
2204.972727,510.000000,0
2204.977273,513.000000,0
2204.981818,513.000000,0
2204.986364,513.000000,0
2204.990909,513.000000,0
2204.995455,512.000000,0
2205.000000,512.000000,0
2205.004545,512.000000,0
2205.009091,512.000000,0
2205.013636,509.000000,0
2205.018182,509.000000,0
2205.022727,509.000000,0
2205.027273,509.000000,0
2205.031818,509.000000,0
2205.036364,509.000000,0
2205.040909,509.000000,0
2205.045455,509.000000,0
2205.050000,508.000000,0
2205.054545,508.000000,0
2205.059091,508.000000,0
2205.063636,508.000000,0
2205.068182,509.000000,0
2205.072727,509.000000,0
2205.077273,509.000000,0
2205.081818,509.000000,0
2205.086364,510.000000,0
2205.090909,510.000000,0
2205.095455,510.000000,0
2205.100000,510.000000,0
2205.104545,513.000000,0
2205.109091,513.000000,0
2205.113636,513.000000,0
2205.118182,513.000000,0
2205.122727,513.000000,0
2205.127273,512.000000,0
2205.131818,512.000000,0
2205.136364,512.000000,0
2205.140909,512.000000,0
2205.145455,509.000000,0
2205.150000,509.000000,0
2205.154545,509.000000,0
2205.159091,509.000000,0
2205.163636,508.000000,0
2205.168182,508.000000,0
2205.172727,508.000000,0
2205.177273,508.000000,0
2205.181818,509.000000,0
2205.186364,509.000000,0
2205.190909,509.000000,1
2205.195455,509.000000,0
2205.200000,509.000000,0
2205.204545,509.000000,0
2205.209091,509.000000,0
2205.213636,512.000000,0
2205.218182,512.000000,0
2205.222727,512.000000,0
2205.227273,512.000000,0
2205.231818,513.000000,0
2205.236364,513.000000,0
2205.240909,513.000000,0
2205.245455,513.000000,0
2205.250000,513.000000,0
2205.254545,513.000000,0
2205.259091,513.000000,0
2205.263636,513.000000,0
2205.268182,512.000000,0
2205.272727,512.000000,0
2205.277273,512.000000,0
2205.281818,512.000000,0
2205.286364,510.000000,0
2205.290909,510.000000,0
2205.295455,510.000000,0
2205.300000,509.000000,0
2205.304545,509.000000,0
2205.309091,509.000000,0
2205.313636,509.000000,0
2205.318182,509.000000,0
2205.322727,509.000000,0
2205.327273,509.000000,0
2205.331818,509.000000,0
2205.336364,510.000000,0
2205.340909,510.000000,0
2205.345455,510.000000,0
2205.350000,510.000000,0
2205.354545,513.000000,0
2205.359091,513.000000,0
2205.363636,513.000000,0
2205.368182,512.000000,0
2205.372727,512.000000,0
2205.377273,512.000000,0
2205.381818,512.000000,0
2205.386364,512.000000,0
2205.390909,512.000000,0
2205.395455,512.000000,0
2205.400000,512.000000,0
2205.404545,509.000000,0
2205.409091,509.000000,0
2205.413636,509.000000,0
2205.418182,509.000000,0
2205.422727,510.000000,0
2205.427273,510.000000,0
2205.431818,510.000000,0
2205.436364,509.000000,0
2205.440909,509.000000,0
2205.445455,509.000000,0
2205.450000,509.000000,0
2205.454545,510.000000,0
2205.459091,510.000000,0
2205.463636,510.000000,0
2205.468182,510.000000,0
2205.472727,510.000000,0
2205.477273,510.000000,0
2205.481818,510.000000,0
2205.486364,510.000000,0
2205.490909,510.000000,0
2205.495455,512.000000,0
2205.500000,512.000000,0
2205.504545,512.000000,0
2205.509091,512.000000,0
2205.513636,510.000000,0
2205.518182,510.000000,0
2205.522727,510.000000,0
2205.527273,512.000000,0
2205.531818,512.000000,0
2205.536364,512.000000,0
2205.540909,512.000000,0
2205.545455,510.000000,0
2205.550000,510.000000,0
2205.554545,510.000000,0
2205.559091,509.000000,0
2205.563636,509.000000,0
2205.568182,509.000000,0
2205.572727,509.000000,0
2205.577273,509.000000,0
2205.581818,510.000000,0
2205.586364,510.000000,0
2205.590909,510.000000,0
2205.595455,510.000000,0
2205.600000,506.000000,0
2205.604545,506.000000,0
2205.609091,506.000000,0
2205.613636,513.000000,0
2205.618182,513.000000,0
2205.622727,513.000000,0
2205.627273,513.000000,0
2205.631818,513.000000,0
2205.636364,509.000000,0
2205.640909,509.000000,0
2205.645455,509.000000,0
2205.650000,508.000000,0
2205.654545,508.000000,0
2205.659091,508.000000,0
2205.663636,508.000000,0
2205.668182,509.000000,0
2205.672727,509.000000,0
2205.677273,509.000000,0
2205.681818,509.000000,0
2205.686364,509.000000,0
2205.690909,509.000000,0
2205.695455,509.000000,0
2205.700000,509.000000,0
2205.704545,509.000000,0
2205.709091,509.000000,0
2205.713636,509.000000,0
2205.718182,509.000000,0
2205.722727,510.000000,0
2205.727273,510.000000,0
2205.731818,510.000000,0
2205.736364,510.000000,0
2205.740909,510.000000,0
2205.745455,510.000000,0
2205.750000,510.000000,0
2205.754545,510.000000,0
2205.759091,510.000000,0
2205.763636,510.000000,0
2205.768182,510.000000,0
2205.772727,510.000000,0
2205.777273,510.000000,0
2205.781818,508.000000,0
2205.786364,508.000000,0
2205.790909,508.000000,0
2205.795455,508.000000,0
2205.800000,503.000000,0
2205.804545,503.000000,0
2205.809091,503.000000,0
2205.813636,503.000000,0
2205.818182,505.000000,0
2205.822727,505.000000,0
2205.827273,505.000000,0
2205.831818,505.000000,0
2205.836364,510.000000,0
2205.840909,510.000000,0
2205.845455,510.000000,0
2205.850000,510.000000,0
2205.854545,510.000000,0
2205.859091,510.000000,0
2205.863636,510.000000,0
2205.868182,510.000000,0
2205.872727,512.000000,0
2205.877273,512.000000,0
2205.881818,512.000000,0
2205.886364,512.000000,0
2205.890909,509.000000,0
2205.895455,509.000000,0
2205.900000,509.000000,0
2205.904545,509.000000,0
2205.909091,509.000000,0
2205.913636,509.000000,0
2205.918182,509.000000,0
2205.922727,509.000000,0
2205.927273,512.000000,0
2205.931818,512.000000,0
2205.936364,512.000000,0
2205.940909,512.000000,0
2205.945455,512.000000,0
2205.950000,512.000000,0
2205.954545,512.000000,0
2205.959091,512.000000,0
2205.963636,509.000000,0
2205.968182,509.000000,0
2205.972727,509.000000,0
2205.977273,509.000000,0
2205.981818,514.000000,0
2205.986364,514.000000,0
2205.990909,514.000000,0
2205.995455,514.000000,0
2206.000000,513.000000,0
2206.004545,513.000000,0
2206.009091,513.000000,0
2206.013636,513.000000,0
2206.018182,513.000000,0
2206.022727,513.000000,0
2206.027273,513.000000,0
2206.031818,513.000000,0
2206.036364,513.000000,0
2206.040909,513.000000,0
2206.045455,513.000000,0
2206.050000,513.000000,0
2206.054545,513.000000,0
2206.059091,509.000000,0
2206.063636,509.000000,0
2206.068182,509.000000,0
2206.072727,509.000000,0
2206.077273,513.000000,0
2206.081818,513.000000,0
2206.086364,513.000000,0
2206.090909,513.000000,0
2206.095455,516.000000,0
2206.100000,516.000000,0
2206.104545,516.000000,0
2206.109091,516.000000,0
2206.113636,510.000000,0
2206.118182,510.000000,0
2206.122727,510.000000,0
2206.127273,510.000000,0
2206.131818,509.000000,0
2206.136364,509.000000,0
2206.140909,509.000000,0
2206.145455,509.000000,0
2206.150000,509.000000,0
2206.154545,509.000000,0
2206.159091,509.000000,0
2206.163636,509.000000,0
2206.168182,508.000000,0
2206.172727,508.000000,0
2206.177273,508.000000,0
2206.181818,508.000000,0
2206.186364,451.000000,0
2206.190909,451.000000,0
2206.195455,451.000000,0
2206.200000,451.000000,0
2206.204545,451.000000,0
2206.209091,508.000000,0
2206.213636,508.000000,0
2206.218182,508.000000,0
2206.222727,508.000000,0
2206.227273,509.000000,0
2206.231818,509.000000,0
2206.236364,509.000000,0
2206.240909,509.000000,0
2206.245455,512.000000,0
2206.250000,512.000000,0
2206.254545,512.000000,0
2206.259091,512.000000,0
2206.263636,512.000000,0
2206.268182,512.000000,0
2206.272727,512.000000,0
2206.277273,512.000000,0
2206.281818,512.000000,0
2206.286364,512.000000,0
2206.290909,512.000000,0
2206.295455,512.000000,0
2206.300000,513.000000,0
2206.304545,513.000000,0
2206.309091,513.000000,0
2206.313636,513.000000,0
2206.318182,509.000000,0
2206.322727,509.000000,0
2206.327273,509.000000,0
2206.331818,509.000000,0
2206.336364,509.000000,0
2206.340909,509.000000,0
2206.345455,509.000000,0
2206.350000,509.000000,0
2206.354545,510.000000,0
2206.359091,510.000000,0
2206.363636,510.000000,0
2206.368182,510.000000,0
2206.372727,510.000000,0
2206.377273,512.000000,0
2206.381818,512.000000,0
2206.386364,512.000000,0
2206.390909,512.000000,0
2206.395455,513.000000,0
2206.400000,513.000000,0
2206.404545,513.000000,0
2206.409091,513.000000,0
2206.413636,510.000000,0
2206.418182,510.000000,0
2206.422727,510.000000,0
2206.427273,510.000000,0
2206.431818,508.000000,0
2206.436364,508.000000,0
2206.440909,508.000000,0
2206.445455,508.000000,0
2206.450000,512.000000,0
2206.454545,512.000000,0
2206.459091,512.000000,0
2206.463636,512.000000,0
2206.468182,509.000000,0
2206.472727,509.000000,0
2206.477273,509.000000,0
2206.481818,509.000000,0
2206.486364,514.000000,0
2206.490909,514.000000,0
2206.495455,514.000000,0
2206.500000,514.000000,0
2206.504545,512.000000,0
2206.509091,512.000000,0
2206.513636,512.000000,0
2206.518182,512.000000,0
2206.522727,513.000000,0
2206.527273,513.000000,0
2206.531818,513.000000,0
2206.536364,513.000000,0
2206.540909,510.000000,0
2206.545455,510.000000,0
2206.550000,510.000000,0
2206.554545,510.000000,0
2206.559091,505.000000,0
2206.563636,505.000000,0
2206.568182,505.000000,0
2206.572727,505.000000,0
2206.577273,512.000000,0
2206.581818,512.000000,0
2206.586364,512.000000,0
2206.590909,512.000000,0
2206.595455,506.000000,0
2206.600000,506.000000,0
2206.604545,506.000000,0
2206.609091,506.000000,0
2206.613636,506.000000,0
2206.618182,509.000000,0
2206.622727,509.000000,0
2206.627273,509.000000,0
2206.631818,509.000000,0
2206.636364,512.000000,0
2206.640909,512.000000,0
2206.645455,512.000000,0
2206.650000,512.000000,0
2206.654545,512.000000,0
2206.659091,512.000000,0
2206.663636,512.000000,0
2206.668182,512.000000,0
2206.672727,510.000000,0
2206.677273,510.000000,0
2206.681818,510.000000,0
2206.686364,510.000000,0
2206.690909,512.000000,0
2206.695455,512.000000,0
2206.700000,512.000000,0
2206.704545,512.000000,0
2206.709091,512.000000,0
2206.713636,512.000000,0
2206.718182,512.000000,0
2206.722727,512.000000,0
2206.727273,512.000000,0
2206.731818,509.000000,0
2206.736364,509.000000,0
2206.740909,509.000000,0
2206.745455,470.000000,0
2206.750000,470.000000,0
2206.754545,470.000000,0
2206.759091,470.000000,0
2206.763636,481.000000,0
2206.768182,481.000000,0
2206.772727,481.000000,0
2206.777273,481.000000,0
2206.781818,504.000000,0
2206.786364,504.000000,0
2206.790909,504.000000,0
2206.795455,504.000000,0
2206.800000,509.000000,0
2206.804545,509.000000,0
2206.809091,509.000000,0
2206.813636,510.000000,0
2206.818182,510.000000,0
2206.822727,510.000000,0
2206.827273,510.000000,0
2206.831818,510.000000,0
2206.836364,508.000000,0
2206.840909,508.000000,0
2206.845455,508.000000,0
2206.850000,508.000000,0
2206.854545,513.000000,0
2206.859091,513.000000,0
2206.863636,513.000000,0
2206.868182,513.000000,0
2206.872727,506.000000,0
2206.877273,506.000000,0
2206.881818,506.000000,0
2206.886364,506.000000,0
2206.890909,509.000000,0
2206.895455,509.000000,0
2206.900000,509.000000,0
2206.904545,509.000000,0
2206.909091,512.000000,0
2206.913636,512.000000,0
2206.918182,512.000000,0
2206.922727,512.000000,0
2206.927273,510.000000,0
2206.931818,510.000000,0
2206.936364,510.000000,0
2206.940909,510.000000,0
2206.945455,506.000000,0
2206.950000,506.000000,0
2206.954545,506.000000,0
2206.959091,506.000000,0
2206.963636,510.000000,0
2206.968182,510.000000,0
2206.972727,510.000000,0
2206.977273,510.000000,0
2206.981818,513.000000,0
2206.986364,513.000000,0
2206.990909,513.000000,0
2206.995455,513.000000,0
2207.000000,513.000000,0
2207.004545,509.000000,0
2207.009091,509.000000,0
2207.013636,509.000000,0
2207.018182,512.000000,0
2207.022727,512.000000,0
2207.027273,512.000000,0
2207.031818,512.000000,0
2207.036364,512.000000,0
2207.040909,508.000000,0
2207.045455,508.000000,0
2207.050000,508.000000,0
2207.054545,508.000000,0
2207.059091,512.000000,0
2207.063636,512.000000,0
2207.068182,512.000000,0
2207.072727,512.000000,0
2207.077273,510.000000,0
2207.081818,510.000000,0
2207.086364,510.000000,0
2207.090909,510.000000,0
2207.095455,510.000000,0
2207.100000,510.000000,0
2207.104545,510.000000,0
2207.109091,510.000000,0
2207.113636,508.000000,0
2207.118182,508.000000,0
2207.122727,508.000000,0
2207.127273,508.000000,0
2207.131818,508.000000,0
2207.136364,510.000000,0
2207.140909,510.000000,0
2207.145455,510.000000,0
2207.150000,510.000000,0
2207.154545,514.000000,0
2207.159091,514.000000,0
2207.163636,514.000000,0
2207.168182,514.000000,0
2207.172727,513.000000,0
2207.177273,513.000000,0
2207.181818,513.000000,0
2207.186364,513.000000,0
2207.190909,512.000000,0
2207.195455,512.000000,0
2207.200000,512.000000,0
2207.204545,512.000000,0
2207.209091,513.000000,0
2207.213636,513.000000,0
2207.218182,513.000000,0
2207.222727,513.000000,0
2207.227273,509.000000,0
2207.231818,509.000000,0
2207.236364,509.000000,0
2207.240909,512.000000,0
2207.245455,512.000000,0
2207.250000,512.000000,0
2207.254545,512.000000,0
2207.259091,512.000000,0
2207.263636,510.000000,0
2207.268182,510.000000,0
2207.272727,510.000000,0
2207.277273,510.000000,0
2207.281818,509.000000,0
2207.286364,509.000000,0
2207.290909,509.000000,0
2207.295455,509.000000,0
2207.300000,513.000000,0
2207.304545,513.000000,0
2207.309091,513.000000,0
2207.313636,513.000000,0
2207.318182,512.000000,0
2207.322727,512.000000,0
2207.327273,512.000000,0
2207.331818,512.000000,0
2207.336364,513.000000,0
2207.340909,513.000000,0
2207.345455,513.000000,0
2207.350000,513.000000,0
2207.354545,509.000000,0
2207.359091,509.000000,0
2207.363636,509.000000,0
2207.368182,509.000000,0
2207.372727,509.000000,0
2207.377273,509.000000,0
2207.381818,509.000000,0
2207.386364,509.000000,0
2207.390909,509.000000,0
2207.395455,509.000000,0
2207.400000,509.000000,0
2207.404545,509.000000,0
2207.409091,509.000000,0
2207.413636,509.000000,0
2207.418182,509.000000,0
2207.422727,509.000000,0
2207.427273,509.000000,0
2207.431818,512.000000,0
2207.436364,512.000000,0
2207.440909,512.000000,0
2207.445455,513.000000,0
2207.450000,513.000000,0
2207.454545,513.000000,0
2207.459091,513.000000,0
2207.463636,513.000000,0
2207.468182,510.000000,0
2207.472727,510.000000,0
2207.477273,510.000000,0
2207.481818,510.000000,0
2207.486364,510.000000,0
2207.490909,510.000000,0
2207.495455,510.000000,0
2207.500000,510.000000,0
2207.504545,509.000000,0
2207.509091,509.000000,0
2207.513636,509.000000,0
2207.518182,509.000000,0
2207.522727,506.000000,0
2207.527273,506.000000,0
2207.531818,506.000000,0
2207.536364,506.000000,0
2207.540909,513.000000,0
2207.545455,513.000000,0
2207.550000,513.000000,0
2207.554545,513.000000,0
2207.559091,513.000000,0
2207.563636,513.000000,0
2207.568182,513.000000,0
2207.572727,513.000000,0
2207.577273,512.000000,0
2207.581818,512.000000,0
2207.586364,512.000000,0
2207.590909,512.000000,0
2207.595455,509.000000,0
2207.600000,509.000000,0
2207.604545,509.000000,0
2207.609091,509.000000,0
2207.613636,509.000000,0
2207.618182,509.000000,0
2207.622727,509.000000,0
2207.627273,509.000000,0
2207.631818,509.000000,0
2207.636364,509.000000,0
2207.640909,509.000000,0
2207.645455,509.000000,0
2207.650000,510.000000,0
2207.654545,510.000000,0
2207.659091,510.000000,0
2207.663636,510.000000,0
2207.668182,508.000000,0
2207.672727,508.000000,0
2207.677273,508.000000,0
2207.681818,508.000000,0
2207.686364,509.000000,0
2207.690909,509.000000,0
2207.695455,509.000000,0
2207.700000,509.000000,0
2207.704545,509.000000,0
2207.709091,509.000000,0
2207.713636,512.000000,0
2207.718182,512.000000,0
2207.722727,512.000000,0
2207.727273,512.000000,0
2207.731818,512.000000,0
2207.736364,512.000000,0
2207.740909,512.000000,0
2207.745455,512.000000,0
2207.750000,509.000000,0
2207.754545,509.000000,0
2207.759091,509.000000,0
2207.763636,509.000000,0
2207.768182,509.000000,0
2207.772727,509.000000,0
2207.777273,510.000000,0
2207.781818,510.000000,0
2207.786364,510.000000,0
2207.790909,510.000000,0
2207.795455,510.000000,0
2207.800000,510.000000,0
2207.804545,510.000000,0
2207.809091,510.000000,0
2207.813636,510.000000,0
2207.818182,510.000000,0
2207.822727,510.000000,0
2207.827273,509.000000,0
2207.831818,509.000000,0
2207.836364,509.000000,0
2207.840909,509.000000,0
2207.845455,510.000000,0
2207.850000,510.000000,0
2207.854545,510.000000,0
2207.859091,510.000000,0
2207.863636,509.000000,0
2207.868182,509.000000,0
2207.872727,509.000000,0
2207.877273,509.000000,0
2207.881818,509.000000,0
2207.886364,509.000000,0
2207.890909,509.000000,0
2207.895455,509.000000,0
2207.900000,509.000000,0
2207.904545,509.000000,0
2207.909091,509.000000,0
2207.913636,509.000000,0
2207.918182,510.000000,0
2207.922727,510.000000,0
2207.927273,510.000000,0
2207.931818,510.000000,0
2207.936364,510.000000,0
2207.940909,509.000000,0
2207.945455,509.000000,0
2207.950000,509.000000,0
2207.954545,509.000000,0
2207.959091,510.000000,0
2207.963636,510.000000,0
2207.968182,510.000000,0
2207.972727,510.000000,0
2207.977273,510.000000,0
2207.981818,510.000000,0
2207.986364,510.000000,0
2207.990909,510.000000,0
2207.995455,510.000000,0
2208.000000,509.000000,0
2208.004545,509.000000,0
2208.009091,509.000000,0
2208.013636,509.000000,0
2208.018182,509.000000,0
2208.022727,509.000000,0
2208.027273,509.000000,0
2208.031818,509.000000,0
2208.036364,509.000000,0
2208.040909,509.000000,0
2208.045455,509.000000,0
2208.050000,509.000000,0
2208.054545,510.000000,0
2208.059091,510.000000,0
2208.063636,510.000000,0
2208.068182,510.000000,0
2208.072727,513.000000,0
2208.077273,513.000000,0
2208.081818,513.000000,0
2208.086364,513.000000,0
2208.090909,510.000000,0
2208.095455,510.000000,0
2208.100000,510.000000,0
2208.104545,510.000000,0
2208.109091,510.000000,0
2208.113636,510.000000,0
2208.118182,510.000000,0
2208.122727,510.000000,0
2208.127273,512.000000,0
2208.131818,512.000000,0
2208.136364,512.000000,0
2208.140909,512.000000,0
2208.145455,509.000000,0
2208.150000,509.000000,0
2208.154545,509.000000,0
2208.159091,509.000000,0
2208.163636,509.000000,0
2208.168182,509.000000,0
2208.172727,509.000000,0
2208.177273,509.000000,0
2208.181818,512.000000,0
2208.186364,512.000000,0
2208.190909,512.000000,0
2208.195455,512.000000,0
2208.200000,510.000000,0
2208.204545,510.000000,0
2208.209091,510.000000,0
2208.213636,510.000000,0
2208.218182,510.000000,0
2208.222727,512.000000,0
2208.227273,512.000000,0
2208.231818,512.000000,0
2208.236364,512.000000,0
2208.240909,510.000000,0
2208.245455,510.000000,0
2208.250000,510.000000,0
2208.254545,509.000000,0
2208.259091,509.000000,0
2208.263636,509.000000,0
2208.268182,509.000000,0
2208.272727,509.000000,0
2208.277273,509.000000,0
2208.281818,509.000000,0
2208.286364,509.000000,0
2208.290909,509.000000,0
2208.295455,509.000000,0
2208.300000,509.000000,0
2208.304545,509.000000,0
2208.309091,510.000000,0
2208.313636,510.000000,0
2208.318182,510.000000,0
2208.322727,510.000000,0
2208.327273,512.000000,0
2208.331818,512.000000,0
2208.336364,512.000000,0
2208.340909,512.000000,0
2208.345455,512.000000,0
2208.350000,539.000000,0
2208.354545,539.000000,0
2208.359091,539.000000,0
2208.363636,539.000000,0
2208.368182,402.000000,0
2208.372727,402.000000,0
2208.377273,402.000000,0
2208.381818,402.000000,0
2208.386364,500.000000,0
2208.390909,500.000000,0
2208.395455,500.000000,0
2208.400000,500.000000,0
2208.404545,505.000000,0
2208.409091,505.000000,0
2208.413636,505.000000,0
2208.418182,505.000000,0
2208.422727,505.000000,0
2208.427273,509.000000,0
2208.431818,509.000000,0
2208.436364,509.000000,0
2208.440909,509.000000,0
2208.445455,509.000000,0
2208.450000,509.000000,0
2208.454545,509.000000,0
2208.459091,510.000000,0
2208.463636,510.000000,0
2208.468182,510.000000,0
2208.472727,510.000000,0
2208.477273,510.000000,0
2208.481818,510.000000,0
2208.486364,510.000000,0
2208.490909,510.000000,0
2208.495455,510.000000,0
2208.500000,510.000000,0
2208.504545,510.000000,0
2208.509091,510.000000,0
2208.513636,509.000000,0
2208.518182,509.000000,0
2208.522727,509.000000,0
2208.527273,509.000000,0
2208.531818,509.000000,0
2208.536364,510.000000,0
2208.540909,510.000000,0
2208.545455,510.000000,0
2208.550000,510.000000,0
2208.554545,510.000000,0
2208.559091,510.000000,0
2208.563636,510.000000,0
2208.568182,510.000000,0
2208.572727,510.000000,0
2208.577273,510.000000,0
2208.581818,510.000000,0
2208.586364,512.000000,0
2208.590909,512.000000,0
2208.595455,512.000000,0
2208.600000,512.000000,0
2208.604545,512.000000,0
2208.609091,510.000000,0
2208.613636,510.000000,0
2208.618182,510.000000,0
2208.622727,510.000000,0
2208.627273,509.000000,0
2208.631818,509.000000,0
2208.636364,509.000000,0
2208.640909,509.000000,0
2208.645455,509.000000,0
2208.650000,509.000000,0
2208.654545,509.000000,0
2208.659091,509.000000,0
2208.663636,509.000000,0
2208.668182,509.000000,0
2208.672727,509.000000,0
2208.677273,509.000000,0
2208.681818,509.000000,0
2208.686364,509.000000,0
2208.690909,509.000000,0
2208.695455,509.000000,0
2208.700000,510.000000,0
2208.704545,510.000000,0
2208.709091,510.000000,0
2208.713636,510.000000,0
2208.718182,512.000000,0
2208.722727,512.000000,0
2208.727273,512.000000,0
2208.731818,512.000000,0
2208.736364,510.000000,0
2208.740909,510.000000,0
2208.745455,510.000000,0
2208.750000,510.000000,0
2208.754545,510.000000,0
2208.759091,510.000000,0
2208.763636,510.000000,0
2208.768182,510.000000,0
2208.772727,510.000000,0
2208.777273,509.000000,0
2208.781818,509.000000,0
2208.786364,509.000000,0
2208.790909,509.000000,0
2208.795455,509.000000,0
2208.800000,509.000000,0
2208.804545,509.000000,0
2208.809091,509.000000,0
2208.813636,512.000000,0
2208.818182,512.000000,0
2208.822727,512.000000,1
2208.827273,512.000000,0
2208.831818,510.000000,0
2208.836364,510.000000,0
2208.840909,510.000000,0
2208.845455,510.000000,0
2208.850000,470.000000,0
2208.854545,470.000000,0
2208.859091,470.000000,0
2208.863636,470.000000,0
2208.868182,508.000000,0
2208.872727,508.000000,0
2208.877273,508.000000,0
2208.881818,508.000000,0
2208.886364,509.000000,0
2208.890909,509.000000,0
2208.895455,509.000000,0
2208.900000,509.000000,0
2208.904545,509.000000,0
2208.909091,509.000000,0
2208.913636,509.000000,0
2208.918182,509.000000,0
2208.922727,509.000000,0
2208.927273,509.000000,0
2208.931818,509.000000,0
2208.936364,509.000000,0
2208.940909,509.000000,0
2208.945455,509.000000,0
2208.950000,509.000000,0
2208.954545,638.000000,0
2208.959091,638.000000,0
2208.963636,638.000000,0
2208.968182,638.000000,0
2208.972727,491.000000,0
2208.977273,491.000000,0
2208.981818,491.000000,0
2208.986364,509.000000,0
2208.990909,509.000000,0
2208.995455,509.000000,0
2209.000000,509.000000,0
2209.004545,510.000000,0
2209.009091,510.000000,0
2209.013636,510.000000,0
2209.018182,510.000000,0
2209.022727,509.000000,0
2209.027273,509.000000,0
2209.031818,509.000000,0
2209.036364,509.000000,0
2209.040909,509.000000,0
2209.045455,509.000000,0
2209.050000,509.000000,0
2209.054545,509.000000,0
2209.059091,508.000000,0
2209.063636,508.000000,0
2209.068182,508.000000,0
2209.072727,508.000000,0
2209.077273,509.000000,0
2209.081818,509.000000,0
2209.086364,509.000000,0
2209.090909,509.000000,0
2209.095455,510.000000,0
2209.100000,510.000000,0
2209.104545,510.000000,0
2209.109091,510.000000,0
2209.113636,512.000000,0
2209.118182,512.000000,0
2209.122727,512.000000,0
2209.127273,512.000000,0
2209.131818,513.000000,0
2209.136364,513.000000,0
2209.140909,513.000000,0
2209.145455,513.000000,0
2209.150000,510.000000,0
2209.154545,510.000000,0
2209.159091,510.000000,0
2209.163636,510.000000,0
2209.168182,509.000000,0
2209.172727,509.000000,0
2209.177273,509.000000,0
2209.181818,509.000000,0
2209.186364,509.000000,0
2209.190909,509.000000,0
2209.195455,509.000000,0
2209.200000,509.000000,0
2209.204545,509.000000,0
2209.209091,506.000000,0
2209.213636,506.000000,0
2209.218182,506.000000,0
2209.222727,506.000000,0
2209.227273,512.000000,0
2209.231818,512.000000,0
2209.236364,512.000000,0
2209.240909,504.000000,0
2209.245455,504.000000,0
2209.250000,504.000000,0
2209.254545,504.000000,0
2209.259091,504.000000,0
2209.263636,510.000000,0
2209.268182,510.000000,0
2209.272727,510.000000,0
2209.277273,510.000000,0
2209.281818,509.000000,0
2209.286364,509.000000,0
2209.290909,509.000000,0
2209.295455,510.000000,0
2209.300000,510.000000,0
2209.304545,510.000000,0
2209.309091,510.000000,0
2209.313636,509.000000,0
2209.318182,509.000000,0
2209.322727,509.000000,0
2209.327273,509.000000,0
2209.331818,509.000000,0
2209.336364,509.000000,0
2209.340909,509.000000,0
2209.345455,509.000000,0
2209.350000,509.000000,0
2209.354545,509.000000,0
2209.359091,509.000000,0
2209.363636,509.000000,0
2209.368182,509.000000,0
2209.372727,512.000000,0
2209.377273,512.000000,0
2209.381818,512.000000,0
2209.386364,512.000000,0
2209.390909,510.000000,0
2209.395455,510.000000,0
2209.400000,510.000000,0
2209.404545,510.000000,0
2209.409091,509.000000,0
2209.413636,509.000000,0
2209.418182,509.000000,0
2209.422727,509.000000,0
2209.427273,510.000000,0
2209.431818,510.000000,0
2209.436364,510.000000,0
2209.440909,510.000000,0
2209.445455,509.000000,0
2209.450000,509.000000,0
2209.454545,509.000000,0
2209.459091,509.000000,0
2209.463636,510.000000,0
2209.468182,510.000000,0
2209.472727,510.000000,0
2209.477273,510.000000,0
2209.481818,510.000000,0
2209.486364,512.000000,0
2209.490909,512.000000,0
2209.495455,512.000000,0
2209.500000,512.000000,0
2209.504545,513.000000,0
2209.509091,513.000000,0
2209.513636,513.000000,0
2209.518182,512.000000,0
2209.522727,512.000000,0
2209.527273,512.000000,0
2209.531818,512.000000,0
2209.536364,512.000000,0
2209.540909,510.000000,0
2209.545455,510.000000,0
2209.550000,510.000000,0
2209.554545,510.000000,0
2209.559091,512.000000,0
2209.563636,512.000000,0
2209.568182,512.000000,0
2209.572727,512.000000,0
2209.577273,509.000000,0
2209.581818,509.000000,0
2209.586364,509.000000,0
2209.590909,509.000000,0
2209.595455,509.000000,0
2209.600000,509.000000,0
2209.604545,509.000000,0
2209.609091,509.000000,0
2209.613636,509.000000,0
2209.618182,509.000000,0
2209.622727,509.000000,0
2209.627273,509.000000,0
2209.631818,512.000000,0
2209.636364,512.000000,0
2209.640909,512.000000,0
2209.645455,512.000000,0
2209.650000,510.000000,0
2209.654545,510.000000,0
2209.659091,510.000000,0
2209.663636,510.000000,0
2209.668182,512.000000,0
2209.672727,512.000000,0
2209.677273,512.000000,0
2209.681818,512.000000,0
2209.686364,510.000000,0
2209.690909,510.000000,0
2209.695455,510.000000,0
2209.700000,510.000000,0
2209.704545,510.000000,0
2209.709091,510.000000,0
2209.713636,510.000000,0
2209.718182,510.000000,0
2209.722727,510.000000,0
2209.727273,509.000000,0
2209.731818,509.000000,0
2209.736364,509.000000,0
2209.740909,509.000000,0
2209.745455,513.000000,0
2209.750000,513.000000,0
2209.754545,513.000000,0
2209.759091,513.000000,0
2209.763636,510.000000,0
2209.768182,510.000000,0
2209.772727,510.000000,0
2209.777273,510.000000,0
2209.781818,509.000000,0
2209.786364,509.000000,0
2209.790909,509.000000,0
2209.795455,509.000000,0
2209.800000,510.000000,0
2209.804545,510.000000,0
2209.809091,510.000000,0
2209.813636,510.000000,0
2209.818182,510.000000,0
2209.822727,510.000000,0
2209.827273,510.000000,0
2209.831818,510.000000,0
2209.836364,510.000000,0
2209.840909,510.000000,0
2209.845455,510.000000,0
2209.850000,510.000000,0
2209.854545,509.000000,0
2209.859091,509.000000,0
2209.863636,509.000000,0
2209.868182,509.000000,0
2209.872727,510.000000,0
2209.877273,510.000000,0
2209.881818,510.000000,0
2209.886364,510.000000,0
2209.890909,510.000000,0
2209.895455,510.000000,0
2209.900000,510.000000,0
2209.904545,510.000000,0
2209.909091,510.000000,0
2209.913636,510.000000,0
2209.918182,510.000000,0
2209.922727,510.000000,0
2209.927273,509.000000,0
2209.931818,509.000000,0
2209.936364,509.000000,0
2209.940909,509.000000,0
2209.945455,509.000000,0
2209.950000,509.000000,0
2209.954545,509.000000,0
2209.959091,509.000000,0
2209.963636,509.000000,0
2209.968182,508.000000,0
2209.972727,508.000000,0
2209.977273,508.000000,0
2209.981818,508.000000,0
2209.986364,509.000000,0
2209.990909,509.000000,0
2209.995455,509.000000,0
2210.000000,509.000000,0
2210.004545,510.000000,0
2210.009091,510.000000,0
2210.013636,510.000000,0
2210.018182,510.000000,0
2210.022727,512.000000,0
2210.027273,512.000000,0
2210.031818,512.000000,0
2210.036364,512.000000,0
2210.040909,509.000000,0
2210.045455,509.000000,0
2210.050000,509.000000,0
2210.054545,509.000000,0
2210.059091,510.000000,0
2210.063636,510.000000,0
2210.068182,510.000000,0
2210.072727,510.000000,0
2210.077273,510.000000,0
2210.081818,510.000000,0
2210.086364,510.000000,0
2210.090909,510.000000,0
2210.095455,510.000000,0
2210.100000,512.000000,0
2210.104545,512.000000,0
2210.109091,512.000000,0
2210.113636,512.000000,0
2210.118182,513.000000,0
2210.122727,513.000000,0
2210.127273,513.000000,0
2210.131818,513.000000,0
2210.136364,510.000000,0
2210.140909,510.000000,0
2210.145455,510.000000,0
2210.150000,510.000000,0
2210.154545,513.000000,0
2210.159091,513.000000,0
2210.163636,513.000000,0
2210.168182,512.000000,0
2210.172727,512.000000,0
2210.177273,512.000000,0
2210.181818,512.000000,0
2210.186364,509.000000,0
2210.190909,509.000000,0
2210.195455,509.000000,0
2210.200000,509.000000,0
2210.204545,509.000000,0
2210.209091,509.000000,0
2210.213636,509.000000,0
2210.218182,506.000000,0
2210.222727,506.000000,0
2210.227273,506.000000,0
2210.231818,506.000000,0
2210.236364,442.000000,0
2210.240909,442.000000,0
2210.245455,442.000000,0
2210.250000,442.000000,0
2210.254545,509.000000,0
2210.259091,509.000000,0
2210.263636,509.000000,0
2210.268182,513.000000,0
2210.272727,513.000000,0
2210.277273,513.000000,0
2210.281818,513.000000,0
2210.286364,513.000000,0
2210.290909,513.000000,0
2210.295455,513.000000,0
2210.300000,510.000000,0
2210.304545,510.000000,0
2210.309091,510.000000,0
2210.313636,510.000000,0
2210.318182,504.000000,0
2210.322727,504.000000,0
2210.327273,504.000000,0
2210.331818,504.000000,0
2210.336364,504.000000,0
2210.340909,509.000000,0
2210.345455,509.000000,0
2210.350000,509.000000,0
2210.354545,509.000000,0
2210.359091,513.000000,0
2210.363636,513.000000,0
2210.368182,513.000000,0
2210.372727,509.000000,0
2210.377273,509.000000,0
2210.381818,509.000000,0
2210.386364,509.000000,0
2210.390909,509.000000,0
2210.395455,510.000000,0
2210.400000,510.000000,0
2210.404545,510.000000,0
2210.409091,510.000000,0
2210.413636,510.000000,0
2210.418182,512.000000,0
2210.422727,512.000000,0
2210.427273,512.000000,0
2210.431818,512.000000,0
2210.436364,509.000000,0
2210.440909,509.000000,0
2210.445455,509.000000,0
2210.450000,509.000000,0
2210.454545,508.000000,0
2210.459091,508.000000,0
2210.463636,508.000000,0
2210.468182,508.000000,0
2210.472727,508.000000,0
2210.477273,508.000000,0
2210.481818,508.000000,0
2210.486364,508.000000,0
2210.490909,508.000000,0
2210.495455,505.000000,0
2210.500000,505.000000,0
2210.504545,505.000000,0
2210.509091,513.000000,0
2210.513636,513.000000,0
2210.518182,513.000000,0
2210.522727,513.000000,0
2210.527273,506.000000,0
2210.531818,506.000000,0
2210.536364,506.000000,0
2210.540909,506.000000,0
2210.545455,509.000000,0
2210.550000,509.000000,0
2210.554545,509.000000,0
2210.559091,509.000000,0
2210.563636,513.000000,0
2210.568182,513.000000,0
2210.572727,513.000000,0
2210.577273,513.000000,0
2210.581818,510.000000,0
2210.586364,510.000000,0
2210.590909,510.000000,0
2210.595455,510.000000,0
2210.600000,509.000000,0
2210.604545,509.000000,0
2210.609091,509.000000,0
2210.613636,509.000000,0
2210.618182,506.000000,0
2210.622727,506.000000,0
2210.627273,506.000000,0
2210.631818,506.000000,0
2210.636364,509.000000,0
2210.640909,509.000000,0
2210.645455,509.000000,0
2210.650000,509.000000,0
2210.654545,510.000000,0
2210.659091,510.000000,0
2210.663636,510.000000,0
2210.668182,510.000000,0
2210.672727,517.000000,0
2210.677273,517.000000,0
2210.681818,517.000000,0
2210.686364,517.000000,0
2210.690909,513.000000,0
2210.695455,513.000000,0
2210.700000,513.000000,0
2210.704545,513.000000,0
2210.709091,512.000000,0
2210.713636,512.000000,0
2210.718182,512.000000,0
2210.722727,512.000000,0
2210.727273,513.000000,0
2210.731818,513.000000,0
2210.736364,513.000000,0
2210.740909,513.000000,0
2210.745455,513.000000,0
2210.750000,509.000000,0
2210.754545,509.000000,0
2210.759091,509.000000,0
2210.763636,509.000000,0
2210.768182,504.000000,0
2210.772727,504.000000,0
2210.777273,504.000000,0
2210.781818,504.000000,0
2210.786364,512.000000,0
2210.790909,512.000000,0
2210.795455,512.000000,0
2210.800000,512.000000,0
2210.804545,513.000000,0
2210.809091,513.000000,0
2210.813636,513.000000,0
2210.818182,513.000000,0
2210.822727,513.000000,0
2210.827273,513.000000,0
2210.831818,513.000000,0
2210.836364,513.000000,0
2210.840909,510.000000,0
2210.845455,510.000000,0
2210.850000,510.000000,0
2210.854545,510.000000,0
2210.859091,510.000000,0
2210.863636,510.000000,0
2210.868182,510.000000,0
2210.872727,510.000000,0
2210.877273,509.000000,0
2210.881818,509.000000,0
2210.886364,509.000000,0
2210.890909,509.000000,0
2210.895455,509.000000,0
2210.900000,509.000000,0
2210.904545,509.000000,0
2210.909091,509.000000,0
2210.913636,509.000000,0
2210.918182,509.000000,0
2210.922727,509.000000,0
2210.927273,509.000000,0
2210.931818,510.000000,0
2210.936364,510.000000,0
2210.940909,510.000000,0
2210.945455,510.000000,0
2210.950000,510.000000,0
2210.954545,509.000000,0
2210.959091,509.000000,0
2210.963636,509.000000,0
2210.968182,509.000000,0
2210.972727,510.000000,0
2210.977273,510.000000,0
2210.981818,510.000000,0
2210.986364,510.000000,0
2210.990909,510.000000,0
2210.995455,512.000000,0
2211.000000,512.000000,0
2211.004545,512.000000,0
2211.009091,506.000000,0
2211.013636,506.000000,0
2211.018182,506.000000,0
2211.022727,506.000000,0
2211.027273,513.000000,0
2211.031818,513.000000,0
2211.036364,513.000000,0
2211.040909,513.000000,0
2211.045455,513.000000,0
2211.050000,513.000000,0
2211.054545,513.000000,0
2211.059091,513.000000,0
2211.063636,513.000000,0
2211.068182,510.000000,0
2211.072727,510.000000,0
2211.077273,510.000000,0
2211.081818,513.000000,0
2211.086364,513.000000,0
2211.090909,513.000000,0
2211.095455,513.000000,0
2211.100000,510.000000,0
2211.104545,510.000000,0
2211.109091,510.000000,0
2211.113636,510.000000,0
2211.118182,510.000000,0
2211.122727,510.000000,0
2211.127273,508.000000,0
2211.131818,508.000000,0
2211.136364,508.000000,0
2211.140909,508.000000,0
2211.145455,514.000000,0
2211.150000,514.000000,0
2211.154545,514.000000,0
2211.159091,514.000000,0
2211.163636,512.000000,0
2211.168182,512.000000,0
2211.172727,512.000000,0
2211.177273,512.000000,0
2211.181818,510.000000,0
2211.186364,510.000000,0
2211.190909,510.000000,0
2211.195455,510.000000,0
2211.200000,516.000000,0
2211.204545,516.000000,0
2211.209091,516.000000,0
2211.213636,513.000000,0
2211.218182,513.000000,0
2211.222727,513.000000,0
2211.227273,513.000000,0
2211.231818,512.000000,0
2211.236364,512.000000,0
2211.240909,512.000000,0
2211.245455,512.000000,0
2211.250000,510.000000,0
2211.254545,510.000000,0
2211.259091,510.000000,0
2211.263636,510.000000,0
2211.268182,509.000000,0
2211.272727,509.000000,0
2211.277273,509.000000,0
2211.281818,509.000000,0
2211.286364,505.000000,0
2211.290909,505.000000,0
2211.295455,505.000000,0
2211.300000,505.000000,0
2211.304545,510.000000,0
2211.309091,510.000000,0
2211.313636,510.000000,0
2211.318182,510.000000,0
2211.322727,513.000000,0
2211.327273,513.000000,0
2211.331818,513.000000,0
2211.336364,513.000000,0
2211.340909,513.000000,0
2211.345455,514.000000,0
2211.350000,514.000000,0
2211.354545,514.000000,0
2211.359091,514.000000,0
2211.363636,509.000000,0
2211.368182,509.000000,0
2211.372727,509.000000,0
2211.377273,509.000000,0
2211.381818,509.000000,0
2211.386364,509.000000,0
2211.390909,509.000000,0
2211.395455,509.000000,0
2211.400000,509.000000,0
2211.404545,509.000000,0
2211.409091,509.000000,0
2211.413636,509.000000,0
2211.418182,509.000000,0
2211.422727,509.000000,0
2211.427273,509.000000,0
2211.431818,509.000000,0
2211.436364,509.000000,0
2211.440909,509.000000,0
2211.445455,509.000000,0
2211.450000,509.000000,0
2211.454545,510.000000,0
2211.459091,510.000000,0
2211.463636,510.000000,0
2211.468182,510.000000,0
2211.472727,513.000000,0
2211.477273,513.000000,0
2211.481818,513.000000,0
2211.486364,513.000000,0
2211.490909,512.000000,0
2211.495455,512.000000,0
2211.500000,512.000000,0
2211.504545,512.000000,0
2211.509091,509.000000,0
2211.513636,509.000000,0
2211.518182,509.000000,0
2211.522727,509.000000,0
2211.527273,509.000000,0
2211.531818,509.000000,0
2211.536364,509.000000,0
2211.540909,509.000000,0
2211.545455,510.000000,0
2211.550000,510.000000,0
2211.554545,510.000000,0
2211.559091,510.000000,0
2211.563636,510.000000,0
2211.568182,510.000000,0
2211.572727,512.000000,0
2211.577273,512.000000,0
2211.581818,512.000000,0
2211.586364,512.000000,0
2211.590909,512.000000,0
2211.595455,512.000000,0
2211.600000,512.000000,0
2211.604545,509.000000,0
2211.609091,509.000000,0
2211.613636,509.000000,0
2211.618182,509.000000,0
2211.622727,508.000000,0
2211.627273,508.000000,0
2211.631818,508.000000,0
2211.636364,508.000000,0
2211.640909,510.000000,0
2211.645455,510.000000,0
2211.650000,510.000000,0
2211.654545,510.000000,0
2211.659091,509.000000,0
2211.663636,509.000000,0
2211.668182,509.000000,0
2211.672727,509.000000,0
2211.677273,506.000000,0
2211.681818,506.000000,0
2211.686364,506.000000,0
2211.690909,506.000000,0
2211.695455,517.000000,0
2211.700000,517.000000,0
2211.704545,517.000000,0
2211.709091,517.000000,0
2211.713636,512.000000,0
2211.718182,512.000000,0
2211.722727,512.000000,0
2211.727273,512.000000,0
2211.731818,513.000000,0
2211.736364,513.000000,0
2211.740909,513.000000,0
2211.745455,513.000000,0
2211.750000,455.000000,0
2211.754545,455.000000,0
2211.759091,455.000000,0
2211.763636,455.000000,0
2211.768182,504.000000,0
2211.772727,504.000000,0
2211.777273,504.000000,0
2211.781818,504.000000,0
2211.786364,505.000000,0
2211.790909,505.000000,0
2211.795455,505.000000,0
2211.800000,505.000000,0
2211.804545,505.000000,0
2211.809091,509.000000,0
2211.813636,509.000000,0
2211.818182,509.000000,0
2211.822727,509.000000,0
2211.827273,509.000000,0
2211.831818,509.000000,0
2211.836364,509.000000,0
2211.840909,509.000000,0
2211.845455,633.000000,0
2211.850000,633.000000,0
2211.854545,633.000000,0
2211.859091,633.000000,0
2211.863636,488.000000,0
2211.868182,488.000000,0
2211.872727,488.000000,0
2211.877273,488.000000,0
2211.881818,510.000000,0
2211.886364,510.000000,0
2211.890909,510.000000,0
2211.895455,510.000000,0
2211.900000,510.000000,0
2211.904545,510.000000,0
2211.909091,510.000000,0
2211.913636,510.000000,0
2211.918182,509.000000,0
2211.922727,509.000000,0
2211.927273,509.000000,0
2211.931818,509.000000,0
2211.936364,509.000000,0
2211.940909,509.000000,0
2211.945455,509.000000,0
2211.950000,509.000000,0
2211.954545,509.000000,0
2211.959091,509.000000,0
2211.963636,509.000000,0
2211.968182,509.000000,0
2211.972727,509.000000,0
2211.977273,510.000000,0
2211.981818,510.000000,0
2211.986364,510.000000,0
2211.990909,514.000000,0
2211.995455,514.000000,0
2212.000000,514.000000,0
2212.004545,514.000000,0
2212.009091,512.000000,0
2212.013636,512.000000,0
2212.018182,512.000000,0
2212.022727,512.000000,0
2212.027273,508.000000,0
2212.031818,508.000000,0
2212.036364,508.000000,0
2212.040909,508.000000,0
2212.045455,508.000000,0
2212.050000,508.000000,0
2212.054545,508.000000,0
2212.059091,508.000000,0
2212.063636,505.000000,0
2212.068182,505.000000,0
2212.072727,505.000000,0
2212.077273,505.000000,0
2212.081818,512.000000,0
2212.086364,512.000000,0
2212.090909,512.000000,0
2212.095455,512.000000,0
2212.100000,512.000000,0
2212.104545,513.000000,0
2212.109091,513.000000,0
2212.113636,513.000000,0
2212.118182,512.000000,0
2212.122727,512.000000,0
2212.127273,512.000000,0
2212.131818,512.000000,0
2212.136364,512.000000,0
2212.140909,512.000000,0
2212.145455,512.000000,0
2212.150000,512.000000,0
2212.154545,512.000000,0
2212.159091,510.000000,0
2212.163636,510.000000,0
2212.168182,510.000000,0
2212.172727,510.000000,0
2212.177273,509.000000,0
2212.181818,509.000000,0
2212.186364,509.000000,0
2212.190909,509.000000,0
2212.195455,509.000000,0
2212.200000,509.000000,0
2212.204545,509.000000,0
2212.209091,509.000000,0
2212.213636,509.000000,0
2212.218182,509.000000,0
2212.222727,509.000000,0
2212.227273,509.000000,0
2212.231818,509.000000,0
2212.236364,509.000000,0
2212.240909,509.000000,0
2212.245455,509.000000,0
2212.250000,513.000000,0
2212.254545,513.000000,0
2212.259091,513.000000,0
2212.263636,513.000000,0
2212.268182,509.000000,0
2212.272727,509.000000,0
2212.277273,509.000000,0
2212.281818,509.000000,0
2212.286364,509.000000,0
2212.290909,509.000000,0
2212.295455,509.000000,0
2212.300000,509.000000,0
2212.304545,509.000000,0
2212.309091,509.000000,0
2212.313636,509.000000,0
2212.318182,509.000000,0
2212.322727,509.000000,0
2212.327273,509.000000,0
2212.331818,509.000000,0
2212.336364,509.000000,0
2212.340909,509.000000,0
2212.345455,509.000000,0
2212.350000,509.000000,0
2212.354545,509.000000,0
2212.359091,510.000000,0
2212.363636,510.000000,0
2212.368182,510.000000,0
2212.372727,510.000000,0
2212.377273,512.000000,0
2212.381818,512.000000,0
2212.386364,512.000000,0
2212.390909,512.000000,0
2212.395455,512.000000,0
2212.400000,509.000000,0
2212.404545,509.000000,0
2212.409091,509.000000,0
2212.413636,509.000000,0
2212.418182,509.000000,0
2212.422727,509.000000,0
2212.427273,509.000000,0
2212.431818,509.000000,0
2212.436364,509.000000,0
2212.440909,509.000000,0
2212.445455,509.000000,0
2212.450000,509.000000,0
2212.454545,509.000000,0
2212.459091,509.000000,0
2212.463636,509.000000,0
2212.468182,509.000000,0
2212.472727,509.000000,0
2212.477273,509.000000,0
2212.481818,509.000000,0
2212.486364,509.000000,0
2212.490909,510.000000,0
2212.495455,510.000000,0
2212.500000,510.000000,0
2212.504545,510.000000,0
2212.509091,512.000000,0
2212.513636,512.000000,0
2212.518182,512.000000,0
2212.522727,512.000000,0
2212.527273,513.000000,0
2212.531818,513.000000,0
2212.536364,513.000000,0
2212.540909,513.000000,0
2212.545455,509.000000,0
2212.550000,509.000000,0
2212.554545,509.000000,0
2212.559091,509.000000,0
2212.563636,509.000000,0
2212.568182,509.000000,0
2212.572727,509.000000,0
2212.577273,509.000000,0
2212.581818,509.000000,0
2212.586364,509.000000,0
2212.590909,509.000000,0
2212.595455,509.000000,0
2212.600000,509.000000,0
2212.604545,509.000000,0
2212.609091,509.000000,0
2212.613636,509.000000,0
2212.618182,509.000000,0
2212.622727,512.000000,0
2212.627273,512.000000,0
2212.631818,512.000000,0
2212.636364,512.000000,0
2212.640909,512.000000,0
2212.645455,510.000000,0
2212.650000,510.000000,0
2212.654545,510.000000,0
2212.659091,512.000000,0
2212.663636,512.000000,0
2212.668182,512.000000,0
2212.672727,512.000000,0
2212.677273,509.000000,0
2212.681818,509.000000,0
2212.686364,509.000000,0
2212.690909,509.000000,0
2212.695455,509.000000,0
2212.700000,509.000000,0
2212.704545,509.000000,0
2212.709091,509.000000,0
2212.713636,509.000000,0
2212.718182,509.000000,0
2212.722727,509.000000,0
2212.727273,509.000000,0
2212.731818,510.000000,0
2212.736364,510.000000,0
2212.740909,510.000000,0
2212.745455,510.000000,0
2212.750000,509.000000,0
2212.754545,509.000000,0
2212.759091,510.000000,0
2212.763636,510.000000,0
2212.768182,510.000000,0
2212.772727,512.000000,0
2212.777273,512.000000,0
2212.781818,512.000000,0
2212.786364,509.000000,0
2212.790909,509.000000,0
2212.795455,509.000000,0
2212.800000,509.000000,0
2212.804545,509.000000,0
2212.809091,510.000000,0
2212.813636,510.000000,0
2212.818182,510.000000,0
2212.822727,509.000000,0
2212.827273,509.000000,0
2212.831818,509.000000,0
2212.836364,509.000000,0
2212.840909,509.000000,0
2212.845455,509.000000,0
2212.850000,509.000000,0
2212.854545,509.000000,0
2212.859091,512.000000,0
2212.863636,512.000000,0
2212.868182,512.000000,0
2212.872727,512.000000,0
2212.877273,513.000000,0
2212.881818,513.000000,0
2212.886364,513.000000,0
2212.890909,510.000000,0
2212.895455,510.000000,0
2212.900000,510.000000,0
2212.904545,510.000000,0
2212.909091,510.000000,0
2212.913636,510.000000,0
2212.918182,510.000000,0
2212.922727,510.000000,0
2212.927273,509.000000,0
2212.931818,509.000000,0
2212.936364,509.000000,0
2212.940909,509.000000,0
2212.945455,510.000000,0
2212.950000,510.000000,0
2212.954545,510.000000,0
2212.959091,510.000000,0
2212.963636,509.000000,0
2212.968182,509.000000,0
2212.972727,509.000000,0
2212.977273,509.000000,0
2212.981818,509.000000,0
2212.986364,509.000000,0
2212.990909,509.000000,0
2212.995455,509.000000,0
2213.000000,513.000000,0
2213.004545,513.000000,0
2213.009091,513.000000,0
2213.013636,513.000000,0
2213.018182,513.000000,1
2213.022727,513.000000,0
2213.027273,513.000000,0
2213.031818,513.000000,0
2213.036364,513.000000,0
2213.040909,513.000000,0
2213.045455,513.000000,0
2213.050000,509.000000,0
2213.054545,509.000000,0
2213.059091,509.000000,0
2213.063636,509.000000,0
2213.068182,509.000000,0
2213.072727,510.000000,0
2213.077273,510.000000,0
2213.081818,510.000000,0
2213.086364,510.000000,0
2213.090909,510.000000,0
2213.095455,510.000000,0
2213.100000,510.000000,0
2213.104545,509.000000,0
2213.109091,509.000000,0
2213.113636,509.000000,0
2213.118182,509.000000,0
2213.122727,509.000000,0
2213.127273,513.000000,0
2213.131818,513.000000,0
2213.136364,513.000000,0
2213.140909,513.000000,0
2213.145455,513.000000,0
2213.150000,513.000000,0
2213.154545,513.000000,0
2213.159091,512.000000,0
2213.163636,512.000000,0
2213.168182,512.000000,0
2213.172727,512.000000,0
2213.177273,512.000000,0
2213.181818,509.000000,0
2213.186364,509.000000,0
2213.190909,509.000000,0
2213.195455,510.000000,0
2213.200000,510.000000,0
2213.204545,510.000000,0
2213.209091,510.000000,0
2213.213636,509.000000,0
2213.218182,509.000000,0
2213.222727,509.000000,0
2213.227273,509.000000,0
2213.231818,509.000000,0
2213.236364,509.000000,0
2213.240909,509.000000,0
2213.245455,512.000000,0
2213.250000,512.000000,0
2213.254545,512.000000,0
2213.259091,512.000000,0
2213.263636,512.000000,0
2213.268182,512.000000,0
2213.272727,512.000000,0
2213.277273,512.000000,0
2213.281818,510.000000,0
2213.286364,510.000000,0
2213.290909,510.000000,0
2213.295455,510.000000,0
2213.300000,509.000000,0
2213.304545,509.000000,0
2213.309091,509.000000,0
2213.313636,510.000000,0
2213.318182,510.000000,0
2213.322727,510.000000,0
2213.327273,510.000000,0
2213.331818,510.000000,0
2213.336364,509.000000,0
2213.340909,509.000000,0
2213.345455,509.000000,0
2213.350000,509.000000,0
2213.354545,510.000000,0
2213.359091,510.000000,0
2213.363636,510.000000,0
2213.368182,510.000000,0
2213.372727,510.000000,0
2213.377273,510.000000,0
2213.381818,510.000000,0
2213.386364,516.000000,0
2213.390909,516.000000,0
2213.395455,516.000000,0
2213.400000,516.000000,0
2213.404545,513.000000,0
2213.409091,513.000000,0
2213.413636,513.000000,0
2213.418182,512.000000,0
2213.422727,512.000000,0
2213.427273,512.000000,0
2213.431818,509.000000,0
2213.436364,509.000000,0
2213.440909,509.000000,0
2213.445455,509.000000,0
2213.450000,509.000000,0
2213.454545,510.000000,0
2213.459091,510.000000,0
2213.463636,510.000000,0
2213.468182,510.000000,0
2213.472727,510.000000,0
2213.477273,510.000000,0
2213.481818,510.000000,0
2213.486364,510.000000,0
2213.490909,510.000000,0
2213.495455,509.000000,0
2213.500000,509.000000,0
2213.504545,509.000000,0
2213.509091,512.000000,0
2213.513636,512.000000,0
2213.518182,512.000000,0
2213.522727,512.000000,0
2213.527273,512.000000,0
2213.531818,510.000000,0
2213.536364,510.000000,0
2213.540909,510.000000,0
2213.545455,509.000000,0
2213.550000,509.000000,0
2213.554545,509.000000,0
2213.559091,509.000000,0
2213.563636,509.000000,0
2213.568182,509.000000,0
2213.572727,509.000000,0
2213.577273,509.000000,0
2213.581818,509.000000,0
2213.586364,509.000000,0
2213.590909,509.000000,0
2213.595455,509.000000,0
2213.600000,509.000000,0
2213.604545,509.000000,0
2213.609091,509.000000,0
2213.613636,509.000000,0
2213.618182,513.000000,0
2213.622727,513.000000,0
2213.627273,513.000000,0
2213.631818,513.000000,0
2213.636364,513.000000,0
2213.640909,510.000000,0
2213.645455,510.000000,0
2213.650000,510.000000,0
2213.654545,510.000000,0
2213.659091,510.000000,0
2213.663636,510.000000,0
2213.668182,510.000000,0
2213.672727,510.000000,0
2213.677273,510.000000,0
2213.681818,509.000000,0
2213.686364,509.000000,0
2213.690909,509.000000,0
2213.695455,509.000000,0
2213.700000,509.000000,0
2213.704545,509.000000,0
2213.709091,509.000000,0
2213.713636,509.000000,0
2213.718182,512.000000,0
2213.722727,512.000000,0
2213.727273,512.000000,0
2213.731818,509.000000,0
2213.736364,509.000000,0
2213.740909,509.000000,0
2213.745455,509.000000,0
2213.750000,510.000000,0
2213.754545,510.000000,0
2213.759091,510.000000,0
2213.763636,510.000000,0
2213.768182,510.000000,0
2213.772727,510.000000,0
2213.777273,510.000000,0
2213.781818,510.000000,0
2213.786364,512.000000,0
2213.790909,512.000000,0
2213.795455,512.000000,0
2213.800000,512.000000,0
2213.804545,512.000000,0
2213.809091,512.000000,0
2213.813636,512.000000,0
2213.818182,512.000000,0
2213.822727,512.000000,0
2213.827273,512.000000,0
2213.831818,512.000000,0
2213.836364,512.000000,0
2213.840909,512.000000,0
2213.845455,509.000000,0
2213.850000,509.000000,0
2213.854545,509.000000,0
2213.859091,509.000000,0
2213.863636,509.000000,0
2213.868182,509.000000,0
2213.872727,509.000000,0
2213.877273,509.000000,0
2213.881818,510.000000,0
2213.886364,510.000000,0
2213.890909,510.000000,0
2213.895455,510.000000,0
2213.900000,513.000000,0
2213.904545,513.000000,0
2213.909091,513.000000,0
2213.913636,513.000000,0
2213.918182,512.000000,0
2213.922727,512.000000,0
2213.927273,512.000000,0
2213.931818,512.000000,0
2213.936364,509.000000,0
2213.940909,509.000000,0
2213.945455,509.000000,0
2213.950000,509.000000,0
2213.954545,510.000000,0
2213.959091,510.000000,0
2213.963636,510.000000,0
2213.968182,510.000000,0
2213.972727,512.000000,0
2213.977273,512.000000,0
2213.981818,512.000000,0
2213.986364,512.000000,0
2213.990909,509.000000,0
2213.995455,509.000000,0
2214.000000,509.000000,0
2214.004545,509.000000,0
2214.009091,516.000000,0
2214.013636,516.000000,0
2214.018182,516.000000,0
2214.022727,516.000000,0
2214.027273,513.000000,0
2214.031818,513.000000,0
2214.036364,513.000000,0
2214.040909,513.000000,0
2214.045455,513.000000,0
2214.050000,510.000000,0
2214.054545,510.000000,0
2214.059091,510.000000,0
2214.063636,510.000000,0
2214.068182,509.000000,0
2214.072727,509.000000,0
2214.077273,509.000000,0
2214.081818,506.000000,0
2214.086364,506.000000,0
2214.090909,506.000000,0
2214.095455,506.000000,0
2214.100000,506.000000,0
2214.104545,510.000000,0
2214.109091,510.000000,0
2214.113636,509.000000,0
2214.118182,509.000000,0
2214.122727,509.000000,0
2214.127273,509.000000,0
2214.131818,505.000000,0
2214.136364,505.000000,0
2214.140909,505.000000,0
2214.145455,516.000000,0
2214.150000,516.000000,0
2214.154545,516.000000,0
2214.159091,516.000000,0
2214.163636,513.000000,0
2214.168182,513.000000,0
2214.172727,513.000000,0
2214.177273,513.000000,0
2214.181818,509.000000,0
2214.186364,509.000000,0
2214.190909,509.000000,0
2214.195455,509.000000,0
2214.200000,510.000000,0
2214.204545,510.000000,0
2214.209091,510.000000,0
2214.213636,512.000000,0
2214.218182,512.000000,0
2214.222727,512.000000,0
2214.227273,512.000000,0
2214.231818,512.000000,0
2214.236364,509.000000,0
2214.240909,509.000000,0
2214.245455,509.000000,0
2214.250000,509.000000,0
2214.254545,509.000000,0
2214.259091,510.000000,0
2214.263636,510.000000,0
2214.268182,510.000000,0
2214.272727,514.000000,0
2214.277273,514.000000,0
2214.281818,514.000000,0
2214.286364,514.000000,0
2214.290909,510.000000,0
2214.295455,510.000000,0
2214.300000,510.000000,0
2214.304545,510.000000,0
2214.309091,509.000000,0
2214.313636,509.000000,0
2214.318182,509.000000,0
2214.322727,509.000000,0
2214.327273,508.000000,0
2214.331818,508.000000,0
2214.336364,508.000000,0
2214.340909,508.000000,0
2214.345455,509.000000,0
2214.350000,509.000000,0
2214.354545,509.000000,0
2214.359091,509.000000,0
2214.363636,509.000000,0
2214.368182,509.000000,0
2214.372727,509.000000,0
2214.377273,509.000000,0
2214.381818,514.000000,0
2214.386364,514.000000,0
2214.390909,514.000000,0
2214.395455,514.000000,0
2214.400000,513.000000,0
2214.404545,513.000000,0
2214.409091,513.000000,0
2214.413636,513.000000,0
2214.418182,512.000000,0
2214.422727,512.000000,0
2214.427273,512.000000,0
2214.431818,512.000000,0
2214.436364,510.000000,0
2214.440909,510.000000,0
2214.445455,510.000000,0
2214.450000,510.000000,0
2214.454545,508.000000,0
2214.459091,508.000000,0
2214.463636,508.000000,0
2214.468182,508.000000,0
2214.472727,508.000000,0
2214.477273,513.000000,0
2214.481818,513.000000,0
2214.486364,513.000000,0
2214.490909,513.000000,0
2214.495455,513.000000,0
2214.500000,513.000000,0
2214.504545,513.000000,0
2214.509091,513.000000,0
2214.513636,510.000000,0
2214.518182,510.000000,0
2214.522727,510.000000,0
2214.527273,510.000000,0
2214.531818,509.000000,0
2214.536364,509.000000,0
2214.540909,509.000000,0
2214.545455,509.000000,0
2214.550000,512.000000,0
2214.554545,512.000000,0
2214.559091,512.000000,0
2214.563636,512.000000,0
2214.568182,513.000000,0
2214.572727,513.000000,0
2214.577273,513.000000,0
2214.581818,513.000000,0
2214.586364,506.000000,0
2214.590909,506.000000,0
2214.595455,506.000000,0
2214.600000,506.000000,0
2214.604545,506.000000,0
2214.609091,508.000000,0
2214.613636,508.000000,0
2214.618182,508.000000,0
2214.622727,508.000000,0
2214.627273,508.000000,0
2214.631818,508.000000,0
2214.636364,508.000000,0
2214.640909,508.000000,0
2214.645455,506.000000,0
2214.650000,506.000000,0
2214.654545,506.000000,0
2214.659091,506.000000,0
2214.663636,512.000000,0
2214.668182,512.000000,0
2214.672727,512.000000,0
2214.677273,512.000000,0
2214.681818,513.000000,0
2214.686364,513.000000,0
2214.690909,513.000000,0
2214.695455,513.000000,0
2214.700000,514.000000,0
2214.704545,514.000000,0
2214.709091,514.000000,0
2214.713636,514.000000,0
2214.718182,509.000000,0
2214.722727,509.000000,0
2214.727273,509.000000,0
2214.731818,509.000000,0
2214.736364,512.000000,0
2214.740909,512.000000,0
2214.745455,512.000000,0
2214.750000,512.000000,0
2214.754545,510.000000,0
2214.759091,510.000000,0
2214.763636,510.000000,0
2214.768182,510.000000,0
2214.772727,509.000000,0
2214.777273,509.000000,0
2214.781818,509.000000,0
2214.786364,509.000000,0
2214.790909,510.000000,0
2214.795455,510.000000,0
2214.800000,510.000000,0
2214.804545,510.000000,0
2214.809091,513.000000,0
2214.813636,513.000000,0
2214.818182,513.000000,0
2214.822727,513.000000,0
2214.827273,509.000000,0
2214.831818,509.000000,0
2214.836364,509.000000,0
2214.840909,509.000000,0
2214.845455,506.000000,0
2214.850000,506.000000,0
2214.854545,506.000000,0
2214.859091,506.000000,0
2214.863636,506.000000,0
2214.868182,512.000000,0
2214.872727,512.000000,0
2214.877273,512.000000,0
2214.881818,512.000000,0
2214.886364,512.000000,0
2214.890909,509.000000,0
2214.895455,509.000000,0
2214.900000,509.000000,0
2214.904545,509.000000,0
2214.909091,509.000000,0
2214.913636,513.000000,0
2214.918182,513.000000,0
2214.922727,513.000000,0
2214.927273,513.000000,0
2214.931818,513.000000,0
2214.936364,513.000000,0
2214.940909,513.000000,0
2214.945455,510.000000,0
2214.950000,510.000000,0
2214.954545,510.000000,0
2214.959091,510.000000,0
2214.963636,513.000000,0
2214.968182,513.000000,0
2214.972727,513.000000,0
2214.977273,513.000000,0
2214.981818,674.000000,0
2214.986364,674.000000,0
2214.990909,674.000000,0
2214.995455,580.000000,0
2215.000000,580.000000,0
2215.004545,580.000000,0
2215.009091,580.000000,0
2215.013636,580.000000,0
2215.018182,308.000000,0
2215.022727,308.000000,0
2215.027273,308.000000,0
2215.031818,492.000000,0
2215.036364,492.000000,0
2215.040909,492.000000,0
2215.045455,492.000000,0
2215.050000,509.000000,0
2215.054545,509.000000,0
2215.059091,509.000000,0
2215.063636,509.000000,0
2215.068182,509.000000,0
2215.072727,509.000000,0
2215.077273,509.000000,0
2215.081818,508.000000,0
2215.086364,508.000000,0
2215.090909,508.000000,0
2215.095455,508.000000,0
2215.100000,508.000000,0
2215.104545,508.000000,0
2215.109091,508.000000,0
2215.113636,508.000000,0
2215.118182,508.000000,0
2215.122727,509.000000,0
2215.127273,509.000000,0
2215.131818,509.000000,0
2215.136364,509.000000,0
2215.140909,510.000000,0
2215.145455,510.000000,0
2215.150000,510.000000,0
2215.154545,510.000000,0
2215.159091,506.000000,0
2215.163636,506.000000,0
2215.168182,506.000000,0
2215.172727,506.000000,0
2215.177273,510.000000,0
2215.181818,510.000000,0
2215.186364,510.000000,0
2215.190909,510.000000,0
2215.195455,510.000000,0
2215.200000,510.000000,0
2215.204545,510.000000,0
2215.209091,510.000000,0
2215.213636,509.000000,0
2215.218182,509.000000,0
2215.222727,509.000000,0
2215.227273,509.000000,0
2215.231818,509.000000,0
2215.236364,512.000000,0
2215.240909,512.000000,0
2215.245455,512.000000,0
2215.250000,509.000000,0
2215.254545,509.000000,0
2215.259091,509.000000,0
2215.263636,509.000000,0
2215.268182,510.000000,0
2215.272727,510.000000,0
2215.277273,510.000000,0
2215.281818,510.000000,0
2215.286364,510.000000,0
2215.290909,510.000000,0
2215.295455,510.000000,0
2215.300000,510.000000,0
2215.304545,513.000000,0
2215.309091,513.000000,0
2215.313636,513.000000,0
2215.318182,513.000000,0
2215.322727,510.000000,0
2215.327273,510.000000,0
2215.331818,510.000000,0
2215.336364,510.000000,0
2215.340909,509.000000,0
2215.345455,509.000000,0
2215.350000,509.000000,0
2215.354545,509.000000,0
2215.359091,509.000000,0
2215.363636,509.000000,0
2215.368182,509.000000,0
2215.372727,509.000000,0
2215.377273,509.000000,0
2215.381818,509.000000,0
2215.386364,509.000000,0
2215.390909,509.000000,0
2215.395455,509.000000,0
2215.400000,509.000000,0
2215.404545,509.000000,0
2215.409091,509.000000,0
2215.413636,510.000000,0
2215.418182,510.000000,0
2215.422727,510.000000,0
2215.427273,510.000000,0
2215.431818,510.000000,0
2215.436364,513.000000,0
2215.440909,513.000000,0
2215.445455,513.000000,0
2215.450000,513.000000,0
2215.454545,510.000000,0
2215.459091,510.000000,0
2215.463636,510.000000,0
2215.468182,510.000000,0
2215.472727,513.000000,0
2215.477273,513.000000,0
2215.481818,513.000000,0
2215.486364,513.000000,0
2215.490909,509.000000,0
2215.495455,509.000000,0
2215.500000,509.000000,0
2215.504545,509.000000,0
2215.509091,509.000000,0
2215.513636,509.000000,0
2215.518182,509.000000,0
2215.522727,509.000000,0
2215.527273,513.000000,0
2215.531818,513.000000,0
2215.536364,513.000000,0
2215.540909,513.000000,0
2215.545455,510.000000,0
2215.550000,510.000000,0
2215.554545,510.000000,0
2215.559091,510.000000,0
2215.563636,512.000000,0
2215.568182,512.000000,0
2215.572727,512.000000,0
2215.577273,512.000000,0
2215.581818,512.000000,0
2215.586364,512.000000,0
2215.590909,512.000000,0
2215.595455,512.000000,0
2215.600000,512.000000,0
2215.604545,509.000000,0
2215.609091,509.000000,0
2215.613636,509.000000,0
2215.618182,509.000000,0
2215.622727,508.000000,0
2215.627273,508.000000,0
2215.631818,508.000000,0
2215.636364,508.000000,0
2215.640909,509.000000,0
2215.645455,509.000000,0
2215.650000,509.000000,0
2215.654545,509.000000,0
2215.659091,509.000000,0
2215.663636,509.000000,0
2215.668182,509.000000,0
2215.672727,509.000000,0
2215.677273,513.000000,0
2215.681818,513.000000,0
2215.686364,513.000000,0
2215.690909,513.000000,0
2215.695455,512.000000,0
2215.700000,512.000000,0
2215.704545,512.000000,0
2215.709091,512.000000,0
2215.713636,509.000000,0
2215.718182,509.000000,0
2215.722727,509.000000,0
2215.727273,509.000000,0
2215.731818,510.000000,0
2215.736364,510.000000,0
2215.740909,510.000000,0
2215.745455,510.000000,0
2215.750000,510.000000,0
2215.754545,510.000000,0
2215.759091,510.000000,0
2215.763636,510.000000,0
2215.768182,510.000000,0
2215.772727,509.000000,0
2215.777273,509.000000,0
2215.781818,509.000000,0
2215.786364,509.000000,0
2215.790909,509.000000,0
2215.795455,509.000000,0
2215.800000,509.000000,0
2215.804545,509.000000,0
2215.809091,474.000000,0
2215.813636,474.000000,0
2215.818182,474.000000,0
2215.822727,474.000000,0
2215.827273,508.000000,0
2215.831818,508.000000,0
2215.836364,508.000000,0
2215.840909,509.000000,0
2215.845455,509.000000,0
2215.850000,509.000000,0
2215.854545,509.000000,0
2215.859091,509.000000,0
2215.863636,509.000000,0
2215.868182,509.000000,0
2215.872727,509.000000,0
2215.877273,509.000000,0
2215.881818,508.000000,0
2215.886364,508.000000,0
2215.890909,508.000000,0
2215.895455,509.000000,0
2215.900000,509.000000,0
2215.904545,509.000000,0
2215.909091,509.000000,0
2215.913636,509.000000,0
2215.918182,510.000000,0
2215.922727,510.000000,0
2215.927273,510.000000,0
2215.931818,512.000000,0
2215.936364,512.000000,0
2215.940909,512.000000,0
2215.945455,512.000000,0
2215.950000,512.000000,0
2215.954545,512.000000,0
2215.959091,512.000000,0
2215.963636,512.000000,0
2215.968182,512.000000,0
2215.972727,512.000000,0
2215.977273,510.000000,0
2215.981818,510.000000,0
2215.986364,510.000000,0
2215.990909,509.000000,0
2215.995455,509.000000,0
2216.000000,509.000000,0
2216.004545,509.000000,0
2216.009091,509.000000,0
2216.013636,509.000000,0
2216.018182,509.000000,0
2216.022727,509.000000,0
2216.027273,508.000000,0
2216.031818,508.000000,0
2216.036364,508.000000,0
2216.040909,508.000000,0
2216.045455,509.000000,0
2216.050000,509.000000,0
2216.054545,509.000000,0
2216.059091,509.000000,0
2216.063636,510.000000,0
2216.068182,510.000000,0
2216.072727,510.000000,0
2216.077273,510.000000,0
2216.081818,512.000000,0
2216.086364,512.000000,0
2216.090909,512.000000,0
2216.095455,512.000000,0
2216.100000,510.000000,0
2216.104545,510.000000,0
2216.109091,510.000000,0
2216.113636,510.000000,0
2216.118182,509.000000,0
2216.122727,509.000000,0
2216.127273,509.000000,0
2216.131818,509.000000,0
2216.136364,509.000000,0
2216.140909,509.000000,0
2216.145455,509.000000,0
2216.150000,509.000000,0
2216.154545,510.000000,0
2216.159091,510.000000,0
2216.163636,510.000000,0
2216.168182,510.000000,0
2216.172727,510.000000,0
2216.177273,509.000000,0
2216.181818,509.000000,0
2216.186364,509.000000,0
2216.190909,509.000000,0
2216.195455,509.000000,0
2216.200000,509.000000,0
2216.204545,509.000000,0
2216.209091,509.000000,0
2216.213636,513.000000,0
2216.218182,513.000000,0
2216.222727,513.000000,0
2216.227273,513.000000,0
2216.231818,513.000000,0
2216.236364,510.000000,0
2216.240909,510.000000,0
2216.245455,510.000000,0
2216.250000,510.000000,0
2216.254545,512.000000,0
2216.259091,512.000000,0
2216.263636,512.000000,0
2216.268182,512.000000,0
2216.272727,510.000000,0
2216.277273,510.000000,0
2216.281818,510.000000,0
2216.286364,510.000000,0
2216.290909,509.000000,0
2216.295455,509.000000,0
2216.300000,509.000000,0
2216.304545,509.000000,0
2216.309091,509.000000,0
2216.313636,509.000000,0
2216.318182,509.000000,0
2216.322727,509.000000,0
2216.327273,509.000000,0
2216.331818,509.000000,0
2216.336364,509.000000,0
2216.340909,509.000000,0
2216.345455,513.000000,0
2216.350000,513.000000,0
2216.354545,513.000000,0
2216.359091,513.000000,0
2216.363636,513.000000,0
2216.368182,513.000000,0
2216.372727,513.000000,0
2216.377273,513.000000,0
2216.381818,509.000000,0
2216.386364,509.000000,0
2216.390909,509.000000,0
2216.395455,509.000000,0
2216.400000,509.000000,0
2216.404545,509.000000,0
2216.409091,509.000000,0
2216.413636,509.000000,0
2216.418182,509.000000,0
2216.422727,510.000000,0
2216.427273,510.000000,0
2216.431818,510.000000,0
2216.436364,510.000000,0
2216.440909,499.000000,0
2216.445455,499.000000,0
2216.450000,499.000000,0
2216.454545,499.000000,0
2216.459091,508.000000,0
2216.463636,508.000000,0
2216.468182,508.000000,0
2216.472727,508.000000,0
2216.477273,510.000000,0
2216.481818,510.000000,0
2216.486364,510.000000,0
2216.490909,510.000000,0
2216.495455,512.000000,0
2216.500000,512.000000,0
2216.504545,512.000000,0
2216.509091,512.000000,0
2216.513636,512.000000,0
2216.518182,512.000000,0
2216.522727,512.000000,0
2216.527273,509.000000,0
2216.531818,509.000000,0
2216.536364,509.000000,0
2216.540909,509.000000,0
2216.545455,509.000000,0
2216.550000,509.000000,0
2216.554545,509.000000,0
2216.559091,509.000000,0
2216.563636,509.000000,0
2216.568182,509.000000,0
2216.572727,509.000000,1
2216.577273,509.000000,0
2216.581818,509.000000,0
2216.586364,510.000000,0
2216.590909,510.000000,0
2216.595455,510.000000,0
2216.600000,510.000000,0
2216.604545,512.000000,0
2216.609091,512.000000,0
2216.613636,512.000000,0
2216.618182,512.000000,0
2216.622727,512.000000,0
2216.627273,512.000000,0
2216.631818,512.000000,0
2216.636364,512.000000,0
2216.640909,512.000000,0
2216.645455,512.000000,0
2216.650000,512.000000,0
2216.654545,512.000000,0
2216.659091,510.000000,0
2216.663636,510.000000,0
2216.668182,510.000000,0
2216.672727,510.000000,0
2216.677273,510.000000,0
2216.681818,509.000000,0
2216.686364,509.000000,0
2216.690909,510.000000,0
2216.695455,510.000000,0
2216.700000,510.000000,0
2216.704545,509.000000,0
2216.709091,509.000000,0
2216.713636,509.000000,0
2216.718182,509.000000,0
2216.722727,510.000000,0
2216.727273,510.000000,0
2216.731818,510.000000,0
2216.736364,512.000000,0
2216.740909,512.000000,0
2216.745455,512.000000,0
2216.750000,512.000000,0
2216.754545,512.000000,0
2216.759091,512.000000,0
2216.763636,512.000000,0
2216.768182,512.000000,0
2216.772727,510.000000,0
2216.777273,510.000000,0
2216.781818,510.000000,0
2216.786364,510.000000,0
2216.790909,510.000000,0
2216.795455,509.000000,0
2216.800000,509.000000,0
2216.804545,509.000000,0
2216.809091,509.000000,0
2216.813636,508.000000,0
2216.818182,508.000000,0
2216.822727,508.000000,0
2216.827273,508.000000,0
2216.831818,509.000000,0
2216.836364,509.000000,0
2216.840909,509.000000,0
2216.845455,509.000000,0
2216.850000,510.000000,0
2216.854545,510.000000,0
2216.859091,510.000000,0
2216.863636,510.000000,0
2216.868182,510.000000,0
2216.872727,512.000000,0
2216.877273,512.000000,0
2216.881818,512.000000,0
2216.886364,512.000000,0
2216.890909,510.000000,0
2216.895455,510.000000,0
2216.900000,510.000000,0
2216.904545,510.000000,0
2216.909091,509.000000,0
2216.913636,509.000000,0
2216.918182,509.000000,0
2216.922727,509.000000,0
2216.927273,509.000000,0
2216.931818,509.000000,0
2216.936364,509.000000,0
2216.940909,509.000000,0
2216.945455,509.000000,0
2216.950000,509.000000,0
2216.954545,509.000000,0
2216.959091,509.000000,0
2216.963636,509.000000,0
2216.968182,509.000000,0
2216.972727,509.000000,0
2216.977273,509.000000,0
2216.981818,510.000000,0
2216.986364,510.000000,0
2216.990909,510.000000,0
2216.995455,510.000000,0
2217.000000,510.000000,0
2217.004545,510.000000,0
2217.009091,510.000000,0
2217.013636,510.000000,0
2217.018182,512.000000,0
2217.022727,512.000000,0
2217.027273,512.000000,0
2217.031818,512.000000,0
2217.036364,509.000000,0
2217.040909,509.000000,0
2217.045455,509.000000,0
2217.050000,509.000000,0
2217.054545,509.000000,0
2217.059091,509.000000,0
2217.063636,509.000000,0
2217.068182,509.000000,0
2217.072727,509.000000,0
2217.077273,509.000000,0
2217.081818,509.000000,0
2217.086364,509.000000,0
2217.090909,509.000000,0
2217.095455,510.000000,0
2217.100000,510.000000,0
2217.104545,510.000000,0
2217.109091,510.000000,0
2217.113636,510.000000,0
2217.118182,510.000000,0
2217.122727,510.000000,0
2217.127273,510.000000,0
2217.131818,512.000000,0
2217.136364,512.000000,0
2217.140909,512.000000,0
2217.145455,510.000000,0
2217.150000,510.000000,0
2217.154545,510.000000,0
2217.159091,510.000000,0
2217.163636,509.000000,0
2217.168182,509.000000,0
2217.172727,509.000000,0
2217.177273,509.000000,0
2217.181818,510.000000,0
2217.186364,510.000000,0
2217.190909,510.000000,0
2217.195455,510.000000,0
2217.200000,509.000000,0
2217.204545,509.000000,0
2217.209091,509.000000,0
2217.213636,509.000000,0
2217.218182,509.000000,0
2217.222727,510.000000,0
2217.227273,510.000000,0
2217.231818,510.000000,0
2217.236364,510.000000,0
2217.240909,510.000000,0
2217.245455,509.000000,0
2217.250000,509.000000,0
2217.254545,509.000000,0
2217.259091,509.000000,0
2217.263636,513.000000,0
2217.268182,513.000000,0
2217.272727,513.000000,0
2217.277273,513.000000,0
2217.281818,512.000000,0
2217.286364,512.000000,0
2217.290909,512.000000,0
2217.295455,510.000000,0
2217.300000,510.000000,0
2217.304545,510.000000,0
2217.309091,510.000000,0
2217.313636,510.000000,0
2217.318182,510.000000,0
2217.322727,510.000000,0
2217.327273,510.000000,0
2217.331818,509.000000,0
2217.336364,509.000000,0
2217.340909,509.000000,0
2217.345455,509.000000,0
2217.350000,509.000000,0
2217.354545,510.000000,0
2217.359091,510.000000,0
2217.363636,510.000000,0
2217.368182,510.000000,0
2217.372727,513.000000,0
2217.377273,513.000000,0
2217.381818,513.000000,0
2217.386364,513.000000,0
2217.390909,510.000000,0
2217.395455,510.000000,0
2217.400000,510.000000,0
2217.404545,510.000000,0
2217.409091,512.000000,0
2217.413636,512.000000,0
2217.418182,512.000000,0
2217.422727,512.000000,0
2217.427273,512.000000,0
2217.431818,510.000000,0
2217.436364,510.000000,0
2217.440909,510.000000,0
2217.445455,509.000000,0
2217.450000,509.000000,0
2217.454545,509.000000,0
2217.459091,509.000000,0
2217.463636,510.000000,0
2217.468182,510.000000,0
2217.472727,510.000000,0
2217.477273,510.000000,0
2217.481818,508.000000,0
2217.486364,508.000000,0
2217.490909,508.000000,0
2217.495455,508.000000,0
2217.500000,510.000000,0
2217.504545,510.000000,0
2217.509091,510.000000,0
2217.513636,510.000000,0
2217.518182,513.000000,0
2217.522727,513.000000,0
2217.527273,513.000000,0
2217.531818,513.000000,0
2217.536364,512.000000,0
2217.540909,512.000000,0
2217.545455,512.000000,0
2217.550000,512.000000,0
2217.554545,510.000000,0
2217.559091,510.000000,0
2217.563636,510.000000,0
2217.568182,510.000000,0
2217.572727,509.000000,0
2217.577273,509.000000,0
2217.581818,509.000000,0
2217.586364,509.000000,0
2217.590909,509.000000,0
2217.595455,510.000000,0
2217.600000,510.000000,0
2217.604545,510.000000,0
2217.609091,510.000000,0
2217.613636,510.000000,0
2217.618182,509.000000,0
2217.622727,509.000000,0
2217.627273,509.000000,0
2217.631818,509.000000,0
2217.636364,509.000000,0
2217.640909,509.000000,0
2217.645455,510.000000,0
2217.650000,510.000000,0
2217.654545,509.000000,0
2217.659091,509.000000,0
2217.663636,509.000000,0
2217.668182,512.000000,0
2217.672727,512.000000,0
2217.677273,512.000000,0
2217.681818,512.000000,0
2217.686364,510.000000,0
2217.690909,510.000000,0
2217.695455,509.000000,0
2217.700000,509.000000,0
2217.704545,509.000000,0
2217.709091,509.000000,0
2217.713636,512.000000,0
2217.718182,512.000000,0
2217.722727,509.000000,0
2217.727273,509.000000,0
2217.731818,509.000000,0
2217.736364,509.000000,0
2217.740909,509.000000,0
2217.745455,509.000000,0
2217.750000,513.000000,0
2217.754545,513.000000,0
2217.759091,513.000000,0
2217.763636,513.000000,0
2217.768182,513.000000,0
2217.772727,513.000000,0
2217.777273,513.000000,0
2217.781818,506.000000,0
2217.786364,506.000000,0
2217.790909,506.000000,0
2217.795455,509.000000,0
2217.800000,509.000000,0
2217.804545,509.000000,0
2217.809091,509.000000,0
2217.813636,508.000000,0
2217.818182,508.000000,0
2217.822727,508.000000,0
2217.827273,508.000000,0
2217.831818,512.000000,0
2217.836364,512.000000,0
2217.840909,512.000000,0
2217.845455,510.000000,0
2217.850000,510.000000,0
2217.854545,510.000000,0
2217.859091,510.000000,0
2217.863636,633.000000,0
2217.868182,633.000000,0
2217.872727,633.000000,0
2217.877273,633.000000,0
2217.881818,580.000000,0
2217.886364,580.000000,0
2217.890909,580.000000,0
2217.895455,580.000000,0
2217.900000,580.000000,0
2217.904545,442.000000,0
2217.909091,442.000000,0
2217.913636,442.000000,0
2217.918182,442.000000,0
2217.922727,556.000000,0
2217.927273,556.000000,0
2217.931818,556.000000,0
2217.936364,556.000000,0
2217.940909,607.000000,0
2217.945455,607.000000,0
2217.950000,607.000000,0
2217.954545,607.000000,0
2217.959091,483.000000,0
2217.963636,483.000000,0
2217.968182,483.000000,0
2217.972727,483.000000,0
2217.977273,491.000000,0
2217.981818,491.000000,0
2217.986364,491.000000,0
2217.990909,491.000000,0
2217.995455,506.000000,0
2218.000000,506.000000,0
2218.004545,506.000000,0
2218.009091,506.000000,0
2218.013636,506.000000,0
2218.018182,506.000000,0
2218.022727,506.000000,0
2218.027273,506.000000,0
2218.031818,510.000000,0
2218.036364,510.000000,0
2218.040909,510.000000,0
2218.045455,510.000000,0
2218.050000,512.000000,0
2218.054545,512.000000,0
2218.059091,512.000000,0
2218.063636,512.000000,0
2218.068182,510.000000,0
2218.072727,510.000000,0
2218.077273,510.000000,0
2218.081818,510.000000,0
2218.086364,512.000000,0
2218.090909,512.000000,0
2218.095455,512.000000,0
2218.100000,512.000000,0
2218.104545,512.000000,0
2218.109091,512.000000,0
2218.113636,512.000000,0
2218.118182,512.000000,0
2218.122727,510.000000,0
2218.127273,510.000000,0
2218.131818,510.000000,0
2218.136364,510.000000,0
2218.140909,510.000000,0
2218.145455,516.000000,0
2218.150000,516.000000,0
2218.154545,516.000000,0
2218.159091,516.000000,0
2218.163636,510.000000,0
2218.168182,510.000000,0
2218.172727,510.000000,0
2218.177273,510.000000,0
2218.181818,513.000000,0
2218.186364,513.000000,0
2218.190909,513.000000,0
2218.195455,509.000000,0
2218.200000,509.000000,0
2218.204545,509.000000,0
2218.209091,509.000000,0
2218.213636,509.000000,0
2218.218182,638.000000,0
2218.222727,638.000000,0
2218.227273,638.000000,0
2218.231818,638.000000,0
2218.236364,478.000000,0
2218.240909,478.000000,0
2218.245455,478.000000,0
2218.250000,478.000000,0
2218.254545,478.000000,0
2218.259091,476.000000,0
2218.263636,476.000000,0
2218.268182,476.000000,0
2218.272727,476.000000,0
2218.277273,508.000000,0
2218.281818,508.000000,0
2218.286364,508.000000,0
2218.290909,508.000000,0
2218.295455,509.000000,0
2218.300000,509.000000,0
2218.304545,509.000000,0
2218.309091,509.000000,0
2218.313636,584.000000,0
2218.318182,584.000000,0
2218.322727,584.000000,0
2218.327273,584.000000,0
2218.331818,516.000000,0
2218.336364,516.000000,0
2218.340909,516.000000,0
2218.345455,516.000000,0
2218.350000,545.000000,0
2218.354545,545.000000,0
2218.359091,545.000000,0
2218.363636,545.000000,0
2218.368182,423.000000,0
2218.372727,423.000000,0
2218.377273,423.000000,0
2218.381818,423.000000,0
2218.386364,503.000000,0
2218.390909,503.000000,0
2218.395455,503.000000,0
2218.400000,503.000000,0
2218.404545,513.000000,0
2218.409091,513.000000,0
2218.413636,513.000000,0
2218.418182,513.000000,0
2218.422727,513.000000,0
2218.427273,513.000000,0
2218.431818,513.000000,0
2218.436364,513.000000,0
2218.440909,513.000000,0
2218.445455,510.000000,0
2218.450000,510.000000,0
2218.454545,510.000000,0
2218.459091,510.000000,0
2218.463636,508.000000,0
2218.468182,508.000000,0
2218.472727,508.000000,0
2218.477273,508.000000,0
2218.481818,504.000000,0
2218.486364,504.000000,0
2218.490909,504.000000,0
2218.495455,504.000000,0
2218.500000,513.000000,0
2218.504545,513.000000,0
2218.509091,513.000000,0
2218.513636,513.000000,0
2218.518182,509.000000,0
2218.522727,509.000000,0
2218.527273,509.000000,0
2218.531818,509.000000,0
2218.536364,513.000000,0
2218.540909,513.000000,0
2218.545455,513.000000,0
2218.550000,513.000000,0
2218.554545,510.000000,0
2218.559091,510.000000,0
2218.563636,510.000000,0
2218.568182,510.000000,0
2218.572727,509.000000,0
2218.577273,509.000000,0
2218.581818,509.000000,0
2218.586364,509.000000,0
2218.590909,509.000000,0
2218.595455,509.000000,0
2218.600000,509.000000,0
2218.604545,509.000000,0
2218.609091,509.000000,0
2218.613636,509.000000,0
2218.618182,509.000000,0
2218.622727,509.000000,0
2218.627273,509.000000,0
2218.631818,509.000000,0
2218.636364,509.000000,0
2218.640909,509.000000,0
2218.645455,509.000000,0
2218.650000,510.000000,0
2218.654545,510.000000,0
2218.659091,510.000000,0
2218.663636,510.000000,0
2218.668182,513.000000,0
2218.672727,513.000000,0
2218.677273,513.000000,0
2218.681818,513.000000,0
2218.686364,509.000000,0
2218.690909,509.000000,0
2218.695455,509.000000,0
2218.700000,509.000000,0
2218.704545,513.000000,0
2218.709091,513.000000,0
2218.713636,513.000000,0
2218.718182,513.000000,0
2218.722727,510.000000,0
2218.727273,510.000000,0
2218.731818,510.000000,0
2218.736364,510.000000,0
2218.740909,509.000000,0
2218.745455,509.000000,0
2218.750000,509.000000,0
2218.754545,509.000000,0
2218.759091,509.000000,0
2218.763636,509.000000,0
2218.768182,509.000000,0
2218.772727,509.000000,0
2218.777273,506.000000,0
2218.781818,506.000000,0
2218.786364,506.000000,0
2218.790909,506.000000,0
2218.795455,513.000000,0
2218.800000,513.000000,0
2218.804545,513.000000,0
2218.809091,513.000000,0
2218.813636,513.000000,0
2218.818182,513.000000,0
2218.822727,513.000000,0
2218.827273,513.000000,0
2218.831818,513.000000,0
2218.836364,513.000000,0
2218.840909,513.000000,0
2218.845455,513.000000,0
2218.850000,513.000000,0
2218.854545,513.000000,0
2218.859091,513.000000,0
2218.863636,513.000000,0
2218.868182,510.000000,0
2218.872727,510.000000,0
2218.877273,510.000000,0
2218.881818,510.000000,0
2218.886364,512.000000,0
2218.890909,512.000000,0
2218.895455,512.000000,0
2218.900000,512.000000,0
2218.904545,509.000000,0
2218.909091,509.000000,0
2218.913636,509.000000,0
2218.918182,509.000000,0
2218.922727,513.000000,0
2218.927273,513.000000,0
2218.931818,513.000000,0
2218.936364,513.000000,0
2218.940909,509.000000,0
2218.945455,509.000000,0
2218.950000,509.000000,0
2218.954545,509.000000,0
2218.959091,510.000000,0
2218.963636,510.000000,0
2218.968182,510.000000,0
2218.972727,510.000000,0
2218.977273,510.000000,0
2218.981818,510.000000,0
2218.986364,510.000000,0
2218.990909,510.000000,0
2218.995455,510.000000,0
2219.000000,509.000000,0
2219.004545,509.000000,0
2219.009091,509.000000,0
2219.013636,509.000000,0
2219.018182,506.000000,0
2219.022727,506.000000,0
2219.027273,506.000000,0
2219.031818,506.000000,0
2219.036364,508.000000,0
2219.040909,508.000000,0
2219.045455,508.000000,0
2219.050000,508.000000,0
2219.054545,513.000000,0
2219.059091,513.000000,0
2219.063636,513.000000,0
2219.068182,513.000000,0
2219.072727,510.000000,0
2219.077273,510.000000,0
2219.081818,510.000000,0
2219.086364,510.000000,0
2219.090909,514.000000,0
2219.095455,514.000000,0
2219.100000,514.000000,0
2219.104545,514.000000,0
2219.109091,510.000000,0
2219.113636,510.000000,0
2219.118182,510.000000,0
2219.122727,510.000000,0
2219.127273,509.000000,0
2219.131818,509.000000,0
2219.136364,509.000000,0
2219.140909,509.000000,0
2219.145455,509.000000,0
2219.150000,509.000000,0
2219.154545,509.000000,0
2219.159091,509.000000,0
2219.163636,509.000000,0
2219.168182,509.000000,0
2219.172727,509.000000,0
2219.177273,509.000000,0
2219.181818,509.000000,0
2219.186364,509.000000,0
2219.190909,509.000000,0
2219.195455,509.000000,0
2219.200000,509.000000,0
2219.204545,512.000000,0
2219.209091,512.000000,0
2219.213636,512.000000,0
2219.218182,512.000000,0
2219.222727,509.000000,0
2219.227273,509.000000,0
2219.231818,509.000000,0
2219.236364,509.000000,0
2219.240909,509.000000,0
2219.245455,509.000000,0
2219.250000,509.000000,0
2219.254545,509.000000,0
2219.259091,509.000000,0
2219.263636,509.000000,0
2219.268182,509.000000,0
2219.272727,509.000000,0
2219.277273,510.000000,0
2219.281818,510.000000,0
2219.286364,510.000000,0
2219.290909,510.000000,0
2219.295455,509.000000,0
2219.300000,509.000000,0
2219.304545,509.000000,0
2219.309091,509.000000,0
2219.313636,509.000000,0
2219.318182,509.000000,0
2219.322727,509.000000,0
2219.327273,509.000000,0
2219.331818,513.000000,0
2219.336364,513.000000,0
2219.340909,513.000000,0
2219.345455,513.000000,0
2219.350000,513.000000,0
2219.354545,513.000000,0
2219.359091,513.000000,0
2219.363636,513.000000,0
2219.368182,513.000000,0
2219.372727,513.000000,0
2219.377273,513.000000,0
2219.381818,513.000000,0
2219.386364,513.000000,0
2219.390909,512.000000,0
2219.395455,512.000000,0
2219.400000,512.000000,0
2219.404545,512.000000,0
2219.409091,509.000000,0
2219.413636,509.000000,0
2219.418182,509.000000,0
2219.422727,509.000000,0
2219.427273,509.000000,0
2219.431818,509.000000,0
2219.436364,509.000000,0
2219.440909,509.000000,0
2219.445455,509.000000,0
2219.450000,509.000000,0
2219.454545,509.000000,0
2219.459091,509.000000,0
2219.463636,513.000000,0
2219.468182,513.000000,0
2219.472727,513.000000,0
2219.477273,513.000000,0
2219.481818,513.000000,0
2219.486364,513.000000,0
2219.490909,513.000000,0
2219.495455,513.000000,0
2219.500000,513.000000,0
2219.504545,513.000000,0
2219.509091,513.000000,0
2219.513636,513.000000,0
2219.518182,513.000000,0
2219.522727,512.000000,0
2219.527273,512.000000,0
2219.531818,512.000000,0
2219.536364,513.000000,0
2219.540909,513.000000,0
2219.545455,513.000000,0
2219.550000,513.000000,0
2219.554545,513.000000,0
2219.559091,506.000000,0
2219.563636,506.000000,0
2219.568182,506.000000,0
2219.572727,506.000000,0
2219.577273,509.000000,0
2219.581818,509.000000,0
2219.586364,509.000000,0
2219.590909,509.000000,0
2219.595455,513.000000,0
2219.600000,513.000000,0
2219.604545,513.000000,0
2219.609091,513.000000,0
2219.613636,512.000000,0
2219.618182,512.000000,0
2219.622727,512.000000,0
2219.627273,512.000000,0
2219.631818,513.000000,0
2219.636364,513.000000,0
2219.640909,513.000000,0
2219.645455,513.000000,0
2219.650000,509.000000,0
2219.654545,509.000000,0
2219.659091,509.000000,0
2219.663636,509.000000,0
2219.668182,509.000000,0
2219.672727,509.000000,0
2219.677273,509.000000,0
2219.681818,509.000000,0
2219.686364,510.000000,0
2219.690909,510.000000,0
2219.695455,510.000000,0
2219.700000,510.000000,0
2219.704545,510.000000,0
2219.709091,509.000000,0
2219.713636,509.000000,0
2219.718182,509.000000,0
2219.722727,509.000000,0
2219.727273,509.000000,0
2219.731818,512.000000,0
2219.736364,512.000000,0
2219.740909,512.000000,0
2219.745455,512.000000,0
2219.750000,513.000000,0
2219.754545,513.000000,0
2219.759091,513.000000,0
2219.763636,513.000000,0
2219.768182,509.000000,0
2219.772727,509.000000,0
2219.777273,509.000000,0
2219.781818,509.000000,0
2219.786364,509.000000,0
2219.790909,509.000000,0
2219.795455,509.000000,0
2219.800000,509.000000,0
2219.804545,509.000000,0
2219.809091,509.000000,0
2219.813636,510.000000,0
2219.818182,510.000000,0
2219.822727,510.000000,0
2219.827273,510.000000,0
2219.831818,509.000000,0
2219.836364,509.000000,0
2219.840909,509.000000,0
2219.845455,510.000000,0
2219.850000,510.000000,0
2219.854545,510.000000,0
2219.859091,513.000000,0
2219.863636,513.000000,0
2219.868182,513.000000,0
2219.872727,513.000000,0
2219.877273,512.000000,0
2219.881818,512.000000,0
2219.886364,512.000000,0
2219.890909,512.000000,0
2219.895455,506.000000,0
2219.900000,506.000000,0
2219.904545,506.000000,0
2219.909091,509.000000,0
2219.913636,509.000000,0
2219.918182,509.000000,0
2219.922727,509.000000,0
2219.927273,509.000000,0
2219.931818,509.000000,0
2219.936364,509.000000,0
2219.940909,509.000000,0
2219.945455,508.000000,0
2219.950000,508.000000,0
2219.954545,508.000000,0
2219.959091,508.000000,0
2219.963636,508.000000,0
2219.968182,510.000000,0
2219.972727,510.000000,0
2219.977273,510.000000,0
2219.981818,510.000000,0
2219.986364,512.000000,0
2219.990909,512.000000,0
2219.995455,512.000000,0
2220.000000,512.000000,0
2220.004545,510.000000,0
2220.009091,510.000000,0
2220.013636,510.000000,0
2220.018182,510.000000,0
2220.022727,510.000000,0
2220.027273,510.000000,0
2220.031818,510.000000,0
2220.036364,510.000000,0
2220.040909,509.000000,0
2220.045455,509.000000,0
2220.050000,509.000000,0
2220.054545,509.000000,0
2220.059091,509.000000,0
2220.063636,509.000000,0
2220.068182,509.000000,0
2220.072727,509.000000,0
2220.077273,509.000000,0
2220.081818,509.000000,0
2220.086364,509.000000,0
2220.090909,509.000000,0
2220.095455,510.000000,0
2220.100000,510.000000,0
2220.104545,510.000000,0
2220.109091,510.000000,0
2220.113636,510.000000,0
2220.118182,510.000000,0
2220.122727,510.000000,0
2220.127273,510.000000,0
2220.131818,510.000000,0
2220.136364,510.000000,0
2220.140909,510.000000,0
2220.145455,510.000000,0
2220.150000,510.000000,0
2220.154545,510.000000,0
2220.159091,509.000000,0
2220.163636,509.000000,0
2220.168182,509.000000,0
2220.172727,509.000000,0
2220.177273,508.000000,0
2220.181818,508.000000,0
2220.186364,508.000000,0
2220.190909,508.000000,0
2220.195455,508.000000,0
2220.200000,508.000000,0
2220.204545,508.000000,0
2220.209091,508.000000,0
2220.213636,509.000000,0
2220.218182,509.000000,0
2220.222727,509.000000,0
2220.227273,509.000000,0
2220.231818,510.000000,0
2220.236364,510.000000,0
2220.240909,510.000000,0
2220.245455,510.000000,0
2220.250000,513.000000,0
2220.254545,513.000000,0
2220.259091,513.000000,0
2220.263636,513.000000,0
2220.268182,512.000000,0
2220.272727,512.000000,0
2220.277273,512.000000,0
2220.281818,512.000000,0
2220.286364,509.000000,0
2220.290909,509.000000,0
2220.295455,509.000000,0
2220.300000,509.000000,0
2220.304545,508.000000,0
2220.309091,508.000000,0
2220.313636,508.000000,0
2220.318182,508.000000,0
2220.322727,508.000000,0
2220.327273,508.000000,0
2220.331818,508.000000,0
2220.336364,508.000000,0
2220.340909,508.000000,0
2220.345455,509.000000,0
2220.350000,509.000000,0
2220.354545,509.000000,0
2220.359091,509.000000,0
2220.363636,509.000000,0
2220.368182,509.000000,0
2220.372727,509.000000,0
2220.377273,510.000000,0
2220.381818,510.000000,0
2220.386364,510.000000,0
2220.390909,510.000000,0
2220.395455,513.000000,0
2220.400000,513.000000,0
2220.404545,513.000000,0
2220.409091,513.000000,0
2220.413636,509.000000,0
2220.418182,509.000000,0
2220.422727,509.000000,0
2220.427273,509.000000,0
2220.431818,510.000000,0
2220.436364,510.000000,0
2220.440909,510.000000,0
2220.445455,510.000000,0
2220.450000,509.000000,0
2220.454545,509.000000,0
2220.459091,509.000000,0
2220.463636,509.000000,0
2220.468182,510.000000,0
2220.472727,510.000000,0
2220.477273,510.000000,0
2220.481818,510.000000,0
2220.486364,512.000000,0
2220.490909,512.000000,0
2220.495455,512.000000,0
2220.500000,512.000000,0
2220.504545,512.000000,0
2220.509091,483.000000,0
2220.513636,483.000000,0
2220.518182,483.000000,0
2220.522727,483.000000,0
2220.527273,508.000000,0
2220.531818,508.000000,0
2220.536364,508.000000,0
2220.540909,508.000000,0
2220.545455,509.000000,0
2220.550000,509.000000,0
2220.554545,509.000000,0
2220.559091,509.000000,0
2220.563636,509.000000,0
2220.568182,509.000000,0
2220.572727,509.000000,0
2220.577273,509.000000,0
2220.581818,509.000000,0
2220.586364,509.000000,0
2220.590909,509.000000,0
2220.595455,509.000000,0
2220.600000,509.000000,0
2220.604545,509.000000,0
2220.609091,509.000000,0
2220.613636,509.000000,0
2220.618182,510.000000,0
2220.622727,510.000000,0
2220.627273,510.000000,0
2220.631818,510.000000,0
2220.636364,512.000000,0
2220.640909,512.000000,0
2220.645455,512.000000,0
2220.650000,512.000000,0
2220.654545,510.000000,0
2220.659091,510.000000,0
2220.663636,510.000000,0
2220.668182,510.000000,0
2220.672727,510.000000,0
2220.677273,509.000000,0
2220.681818,509.000000,0
2220.686364,509.000000,0
2220.690909,509.000000,0
2220.695455,509.000000,0
2220.700000,509.000000,0
2220.704545,509.000000,0
2220.709091,509.000000,0
2220.713636,509.000000,0
2220.718182,509.000000,0
2220.722727,509.000000,0
2220.727273,509.000000,0
2220.731818,508.000000,0
2220.736364,508.000000,0
2220.740909,508.000000,0
2220.745455,508.000000,0
2220.750000,509.000000,0
2220.754545,509.000000,0
2220.759091,509.000000,0
2220.763636,509.000000,0
2220.768182,513.000000,0
2220.772727,513.000000,0
2220.777273,513.000000,0
2220.781818,513.000000,0
2220.786364,513.000000,0
2220.790909,513.000000,0
2220.795455,513.000000,0
2220.800000,513.000000,0
2220.804545,478.000000,0
2220.809091,478.000000,0
2220.813636,478.000000,0
2220.818182,478.000000,0
2220.822727,505.000000,0
2220.827273,505.000000,0
2220.831818,505.000000,0
2220.836364,505.000000,0
2220.840909,509.000000,0
2220.845455,509.000000,0
2220.850000,509.000000,0
2220.854545,509.000000,0
2220.859091,509.000000,0
2220.863636,509.000000,0
2220.868182,509.000000,0
2220.872727,509.000000,0
2220.877273,509.000000,0
2220.881818,509.000000,0
2220.886364,509.000000,0
2220.890909,509.000000,0
2220.895455,509.000000,0
2220.900000,509.000000,0
2220.904545,509.000000,0
2220.909091,509.000000,0
2220.913636,509.000000,0
2220.918182,512.000000,0
2220.922727,512.000000,0
2220.927273,512.000000,0
2220.931818,512.000000,0
2220.936364,510.000000,0
2220.940909,510.000000,0
2220.945455,510.000000,0
2220.950000,510.000000,0
2220.954545,509.000000,0
2220.959091,509.000000,0
2220.963636,509.000000,0
2220.968182,509.000000,0
2220.972727,509.000000,0
2220.977273,509.000000,0
2220.981818,509.000000,0
2220.986364,509.000000,0
2220.990909,509.000000,0
2220.995455,509.000000,0
2221.000000,509.000000,0
2221.004545,509.000000,0
2221.009091,509.000000,0
2221.013636,509.000000,0
2221.018182,512.000000,0
2221.022727,512.000000,0
2221.027273,513.000000,0
2221.031818,513.000000,0
2221.036364,513.000000,0
2221.040909,513.000000,0
2221.045455,513.000000,0
2221.050000,513.000000,0
2221.054545,513.000000,0
2221.059091,513.000000,0
2221.063636,509.000000,0
2221.068182,509.000000,0
2221.072727,509.000000,0
2221.077273,509.000000,0
2221.081818,509.000000,0
2221.086364,509.000000,0
2221.090909,509.000000,0
2221.095455,509.000000,0
2221.100000,509.000000,0
2221.104545,509.000000,0
2221.109091,509.000000,0
2221.113636,509.000000,0
2221.118182,509.000000,0
2221.122727,509.000000,0
2221.127273,509.000000,0
2221.131818,509.000000,0
2221.136364,509.000000,0
2221.140909,510.000000,0
2221.145455,510.000000,0
2221.150000,510.000000,0
2221.154545,510.000000,0
2221.159091,510.000000,0
2221.163636,510.000000,0
2221.168182,510.000000,0
2221.172727,510.000000,0
2221.177273,510.000000,0
2221.181818,510.000000,0
2221.186364,510.000000,0
2221.190909,510.000000,0
2221.195455,510.000000,0
2221.200000,510.000000,0
2221.204545,510.000000,0
2221.209091,510.000000,0
2221.213636,509.000000,0
2221.218182,509.000000,0
2221.222727,509.000000,0
2221.227273,509.000000,0
2221.231818,509.000000,0
2221.236364,509.000000,0
2221.240909,510.000000,0
2221.245455,510.000000,0
2221.250000,510.000000,0
2221.254545,509.000000,0
2221.259091,509.000000,0
2221.263636,509.000000,0
2221.268182,509.000000,0
2221.272727,513.000000,0
2221.277273,513.000000,0
2221.281818,513.000000,0
2221.286364,513.000000,0
2221.290909,512.000000,0
2221.295455,512.000000,0
2221.300000,512.000000,0
2221.304545,512.000000,0
2221.309091,512.000000,0
2221.313636,512.000000,0
2221.318182,512.000000,0
2221.322727,512.000000,0
2221.327273,512.000000,0
2221.331818,512.000000,1
2221.336364,512.000000,0
2221.340909,512.000000,0
2221.345455,509.000000,0
2221.350000,509.000000,0
2221.354545,509.000000,0
2221.359091,509.000000,0
2221.363636,509.000000,0
2221.368182,509.000000,0
2221.372727,509.000000,0
2221.377273,509.000000,0
2221.381818,509.000000,0
2221.386364,509.000000,0
2221.390909,509.000000,0
2221.395455,509.000000,0
2221.400000,509.000000,0
2221.404545,509.000000,0
2221.409091,512.000000,0
2221.413636,512.000000,0
2221.418182,512.000000,0
2221.422727,510.000000,0
2221.427273,510.000000,0
2221.431818,510.000000,0
2221.436364,510.000000,0
2221.440909,510.000000,0
2221.445455,510.000000,0
2221.450000,510.000000,0
2221.454545,510.000000,0
2221.459091,510.000000,0
2221.463636,509.000000,0
2221.468182,509.000000,0
2221.472727,509.000000,0
2221.477273,509.000000,0
2221.481818,509.000000,0
2221.486364,509.000000,0
2221.490909,509.000000,0
2221.495455,509.000000,0
2221.500000,509.000000,0
2221.504545,509.000000,0
2221.509091,509.000000,0
2221.513636,509.000000,0
2221.518182,509.000000,0
2221.522727,509.000000,0
2221.527273,509.000000,0
2221.531818,510.000000,0
2221.536364,510.000000,0
2221.540909,510.000000,0
2221.545455,510.000000,0
2221.550000,512.000000,0
2221.554545,512.000000,0
2221.559091,512.000000,0
2221.563636,512.000000,0
2221.568182,512.000000,0
2221.572727,512.000000,0
2221.577273,512.000000,0
2221.581818,512.000000,0
2221.586364,512.000000,0
2221.590909,509.000000,0
2221.595455,509.000000,0
2221.600000,509.000000,0
2221.604545,509.000000,0
2221.609091,509.000000,0
2221.613636,509.000000,0
2221.618182,509.000000,0
2221.622727,509.000000,0
2221.627273,509.000000,0
2221.631818,509.000000,0
2221.636364,509.000000,0
2221.640909,509.000000,0
2221.645455,509.000000,0
2221.650000,469.000000,0
2221.654545,469.000000,0
2221.659091,469.000000,0
2221.663636,469.000000,0
2221.668182,508.000000,0
2221.672727,508.000000,0
2221.677273,508.000000,0
2221.681818,508.000000,0
2221.686364,509.000000,0
2221.690909,509.000000,0
2221.695455,509.000000,0
2221.700000,509.000000,0
2221.704545,510.000000,0
2221.709091,510.000000,0
2221.713636,510.000000,0
2221.718182,510.000000,0
2221.722727,509.000000,0
2221.727273,509.000000,0
2221.731818,509.000000,0
2221.736364,509.000000,0
2221.740909,512.000000,0
2221.745455,512.000000,0
2221.750000,512.000000,0
2221.754545,512.000000,0
2221.759091,509.000000,0
2221.763636,509.000000,0
2221.768182,509.000000,0
2221.772727,509.000000,0
2221.777273,510.000000,0
2221.781818,510.000000,0
2221.786364,510.000000,0
2221.790909,510.000000,0
2221.795455,512.000000,0
2221.800000,512.000000,0
2221.804545,512.000000,0
2221.809091,512.000000,0
2221.813636,510.000000,0
2221.818182,510.000000,0
2221.822727,510.000000,0
2221.827273,510.000000,0
2221.831818,512.000000,0
2221.836364,512.000000,0
2221.840909,512.000000,0
2221.845455,512.000000,0
2221.850000,509.000000,0
2221.854545,509.000000,0
2221.859091,509.000000,0
2221.863636,509.000000,0
2221.868182,508.000000,0
2221.872727,508.000000,0
2221.877273,508.000000,0
2221.881818,508.000000,0
2221.886364,508.000000,0
2221.890909,508.000000,0
2221.895455,508.000000,0
2221.900000,508.000000,0
2221.904545,508.000000,0
2221.909091,508.000000,0
2221.913636,508.000000,0
2221.918182,508.000000,0
2221.922727,509.000000,0
2221.927273,509.000000,0
2221.931818,509.000000,0
2221.936364,509.000000,0
2221.940909,510.000000,0
2221.945455,510.000000,0
2221.950000,510.000000,0
2221.954545,510.000000,0
2221.959091,510.000000,0
2221.963636,510.000000,0
2221.968182,510.000000,0
2221.972727,510.000000,0
2221.977273,510.000000,0
2221.981818,510.000000,0
2221.986364,510.000000,0
2221.990909,510.000000,0
2221.995455,510.000000,0
2222.000000,510.000000,0
2222.004545,510.000000,0
2222.009091,510.000000,0
2222.013636,509.000000,0
2222.018182,509.000000,0
2222.022727,509.000000,0
2222.027273,509.000000,0
2222.031818,509.000000,0
2222.036364,509.000000,0
2222.040909,509.000000,0
2222.045455,509.000000,0
2222.050000,512.000000,0
2222.054545,512.000000,0
2222.059091,512.000000,0
2222.063636,512.000000,0
2222.068182,512.000000,0
2222.072727,510.000000,0
2222.077273,510.000000,0
2222.081818,510.000000,0
2222.086364,510.000000,0
2222.090909,513.000000,0
2222.095455,513.000000,0
2222.100000,513.000000,0
2222.104545,513.000000,0
2222.109091,510.000000,0
2222.113636,510.000000,0
2222.118182,510.000000,0
2222.122727,510.000000,0
2222.127273,509.000000,0
2222.131818,509.000000,0
2222.136364,509.000000,0
2222.140909,509.000000,0
2222.145455,512.000000,0
2222.150000,512.000000,0
2222.154545,512.000000,0
2222.159091,512.000000,0
2222.163636,510.000000,0
2222.168182,510.000000,0
2222.172727,510.000000,0
2222.177273,510.000000,0
2222.181818,510.000000,0
2222.186364,510.000000,0
2222.190909,510.000000,0
2222.195455,510.000000,0
2222.200000,509.000000,0
2222.204545,509.000000,0
2222.209091,509.000000,0
2222.213636,509.000000,0
2222.218182,512.000000,0
2222.222727,512.000000,0
2222.227273,512.000000,0
2222.231818,512.000000,0
2222.236364,512.000000,0
2222.240909,510.000000,0
2222.245455,510.000000,0
2222.250000,510.000000,0
2222.254545,508.000000,0
2222.259091,508.000000,0
2222.263636,508.000000,0
2222.268182,508.000000,0
2222.272727,508.000000,0
2222.277273,509.000000,0
2222.281818,509.000000,0
2222.286364,509.000000,0
2222.290909,509.000000,0
2222.295455,510.000000,0
2222.300000,510.000000,0
2222.304545,510.000000,0
2222.309091,510.000000,0
2222.313636,512.000000,0
2222.318182,512.000000,0
2222.322727,512.000000,0
2222.327273,512.000000,0
2222.331818,513.000000,0
2222.336364,513.000000,0
2222.340909,513.000000,0
2222.345455,513.000000,0
2222.350000,509.000000,0
2222.354545,509.000000,0
2222.359091,509.000000,0
2222.363636,509.000000,0
2222.368182,510.000000,0
2222.372727,510.000000,0
2222.377273,510.000000,0
2222.381818,510.000000,0
2222.386364,509.000000,0
2222.390909,509.000000,0
2222.395455,509.000000,0
2222.400000,509.000000,0
2222.404545,513.000000,0
2222.409091,513.000000,0
2222.413636,513.000000,0
2222.418182,513.000000,0
2222.422727,509.000000,0
2222.427273,509.000000,0
2222.431818,509.000000,0
2222.436364,509.000000,0
2222.440909,509.000000,0
2222.445455,509.000000,0
2222.450000,509.000000,0
2222.454545,509.000000,0
2222.459091,509.000000,0
2222.463636,509.000000,0
2222.468182,512.000000,0
2222.472727,512.000000,0
2222.477273,512.000000,0
2222.481818,512.000000,0
2222.486364,510.000000,0
2222.490909,510.000000,0
2222.495455,510.000000,0
2222.500000,508.000000,0
2222.504545,508.000000,0
2222.509091,508.000000,0
2222.513636,508.000000,0
2222.518182,508.000000,0
2222.522727,509.000000,0
2222.527273,509.000000,0
2222.531818,509.000000,0
2222.536364,509.000000,0
2222.540909,505.000000,0
2222.545455,505.000000,0
2222.550000,505.000000,0
2222.554545,505.000000,0
2222.559091,505.000000,0
2222.563636,505.000000,0
2222.568182,510.000000,0
2222.572727,510.000000,0
2222.577273,510.000000,0
2222.581818,510.000000,0
2222.586364,510.000000,0
2222.590909,512.000000,0
2222.595455,512.000000,0
2222.600000,512.000000,0
2222.604545,506.000000,0
2222.609091,506.000000,0
2222.613636,506.000000,0
2222.618182,509.000000,0
2222.622727,509.000000,0
2222.627273,509.000000,0
2222.631818,508.000000,0
2222.636364,508.000000,0
2222.640909,508.000000,0
2222.645455,508.000000,0
2222.650000,508.000000,0
2222.654545,506.000000,0
2222.659091,506.000000,0
2222.663636,506.000000,0
2222.668182,506.000000,0
2222.672727,506.000000,0
2222.677273,506.000000,0
2222.681818,506.000000,0
2222.686364,509.000000,0
2222.690909,509.000000,0
2222.695455,513.000000,0
2222.700000,513.000000,0
2222.704545,513.000000,0
2222.709091,513.000000,0
2222.713636,510.000000,0
2222.718182,510.000000,0
2222.722727,510.000000,0
2222.727273,510.000000,0
2222.731818,513.000000,0
2222.736364,513.000000,0
2222.740909,513.000000,0
2222.745455,513.000000,0
2222.750000,509.000000,0
2222.754545,509.000000,0
2222.759091,509.000000,0
2222.763636,509.000000,0
2222.768182,512.000000,0
2222.772727,512.000000,0
2222.777273,512.000000,0
2222.781818,509.000000,0
2222.786364,509.000000,0
2222.790909,509.000000,0
2222.795455,509.000000,0
2222.800000,510.000000,0
2222.804545,510.000000,0
2222.809091,510.000000,0
2222.813636,510.000000,0
2222.818182,510.000000,0
2222.822727,513.000000,0
2222.827273,513.000000,0
2222.831818,513.000000,0
2222.836364,513.000000,0
2222.840909,513.000000,0
2222.845455,513.000000,0
2222.850000,513.000000,0
2222.854545,509.000000,0
2222.859091,509.000000,0
2222.863636,509.000000,0
2222.868182,509.000000,0
2222.872727,509.000000,0
2222.877273,509.000000,0
2222.881818,509.000000,0
2222.886364,509.000000,0
2222.890909,509.000000,0
2222.895455,512.000000,0
2222.900000,512.000000,0
2222.904545,509.000000,0
2222.909091,509.000000,0
2222.913636,509.000000,0
2222.918182,509.000000,0
2222.922727,509.000000,0
2222.927273,512.000000,0
2222.931818,512.000000,0
2222.936364,512.000000,0
2222.940909,513.000000,0
2222.945455,513.000000,0
2222.950000,513.000000,0
2222.954545,513.000000,0
2222.959091,509.000000,0
2222.963636,509.000000,0
2222.968182,509.000000,0
2222.972727,509.000000,0
2222.977273,509.000000,0
2222.981818,509.000000,0
2222.986364,509.000000,0
2222.990909,509.000000,0
2222.995455,512.000000,0
2223.000000,512.000000,0
2223.004545,512.000000,0
2223.009091,509.000000,0
2223.013636,509.000000,0
2223.018182,509.000000,0
2223.022727,509.000000,0
2223.027273,509.000000,0
2223.031818,510.000000,0
2223.036364,510.000000,0
2223.040909,510.000000,0
2223.045455,510.000000,0
2223.050000,510.000000,0
2223.054545,510.000000,0
2223.059091,510.000000,0
2223.063636,510.000000,0
2223.068182,513.000000,0
2223.072727,513.000000,0
2223.077273,513.000000,0
2223.081818,513.000000,0
2223.086364,512.000000,0
2223.090909,512.000000,0
2223.095455,512.000000,0
2223.100000,512.000000,0
2223.104545,512.000000,0
2223.109091,512.000000,0
2223.113636,512.000000,0
2223.118182,512.000000,0
2223.122727,513.000000,0
2223.127273,513.000000,0
2223.131818,513.000000,0
2223.136364,513.000000,0
2223.140909,513.000000,0
2223.145455,513.000000,0
2223.150000,513.000000,0
2223.154545,513.000000,0
2223.159091,509.000000,0
2223.163636,509.000000,0
2223.168182,509.000000,0
2223.172727,509.000000,0
2223.177273,510.000000,0
2223.181818,510.000000,0
2223.186364,510.000000,0
2223.190909,510.000000,0
2223.195455,512.000000,0
2223.200000,512.000000,0
2223.204545,512.000000,0
2223.209091,512.000000,0
2223.213636,412.000000,0
2223.218182,412.000000,0
2223.222727,412.000000,0
2223.227273,412.000000,0
2223.231818,500.000000,0
2223.236364,500.000000,0
2223.240909,500.000000,0
2223.245455,500.000000,0
2223.250000,500.000000,0
2223.254545,503.000000,0
2223.259091,503.000000,0
2223.263636,503.000000,0
2223.268182,503.000000,0
2223.272727,508.000000,0
2223.277273,508.000000,0
2223.281818,508.000000,0
2223.286364,508.000000,0
2223.290909,506.000000,0
2223.295455,506.000000,0
2223.300000,506.000000,0
2223.304545,506.000000,0
2223.309091,510.000000,0
2223.313636,510.000000,0
2223.318182,510.000000,0
2223.322727,510.000000,0
2223.327273,512.000000,0
2223.331818,512.000000,0
2223.336364,512.000000,0
2223.340909,512.000000,0
2223.345455,510.000000,0
2223.350000,510.000000,0
2223.354545,510.000000,0
2223.359091,510.000000,0
2223.363636,509.000000,0
2223.368182,509.000000,0
2223.372727,509.000000,0
2223.377273,509.000000,0
2223.381818,510.000000,0
2223.386364,510.000000,0
2223.390909,510.000000,0
2223.395455,510.000000,0
2223.400000,510.000000,0
2223.404545,509.000000,0
2223.409091,509.000000,0
2223.413636,509.000000,0
2223.418182,509.000000,0
2223.422727,509.000000,0
2223.427273,509.000000,0
2223.431818,509.000000,0
2223.436364,509.000000,0
2223.440909,509.000000,0
2223.445455,509.000000,0
2223.450000,509.000000,0
2223.454545,509.000000,0
2223.459091,513.000000,0
2223.463636,513.000000,0
2223.468182,513.000000,0
2223.472727,513.000000,0
2223.477273,513.000000,0
2223.481818,513.000000,0
2223.486364,513.000000,0
2223.490909,513.000000,0
2223.495455,513.000000,0
2223.500000,512.000000,0
2223.504545,512.000000,0
2223.509091,512.000000,0
2223.513636,512.000000,0
2223.518182,513.000000,0
2223.522727,513.000000,0
2223.527273,513.000000,0
2223.531818,513.000000,0
2223.536364,512.000000,0
2223.540909,512.000000,0
2223.545455,512.000000,0
2223.550000,512.000000,0
2223.554545,510.000000,0
2223.559091,510.000000,0
2223.563636,510.000000,0
2223.568182,510.000000,0
2223.572727,509.000000,0
2223.577273,509.000000,0
2223.581818,509.000000,0
2223.586364,509.000000,0
2223.590909,513.000000,0
2223.595455,513.000000,0
2223.600000,513.000000,0
2223.604545,509.000000,0
2223.609091,509.000000,0
2223.613636,509.000000,0
2223.618182,509.000000,0
2223.622727,509.000000,0
2223.627273,509.000000,0
2223.631818,509.000000,0
2223.636364,509.000000,0
2223.640909,509.000000,0
2223.645455,509.000000,0
2223.650000,509.000000,0
2223.654545,509.000000,0
2223.659091,509.000000,0
2223.663636,509.000000,0
2223.668182,647.000000,0
2223.672727,647.000000,0
2223.677273,647.000000,0
2223.681818,647.000000,0
2223.686364,469.000000,0
2223.690909,469.000000,0
2223.695455,469.000000,0
2223.700000,469.000000,0
2223.704545,505.000000,0
2223.709091,505.000000,0
2223.713636,505.000000,0
2223.718182,505.000000,0
2223.722727,513.000000,0
2223.727273,513.000000,0
2223.731818,513.000000,0
2223.736364,513.000000,0
2223.740909,510.000000,0
2223.745455,510.000000,0
2223.750000,510.000000,0
2223.754545,510.000000,0
2223.759091,508.000000,0
2223.763636,508.000000,0
2223.768182,508.000000,0
2223.772727,510.000000,0
2223.777273,510.000000,0
2223.781818,510.000000,0
2223.786364,510.000000,0
2223.790909,510.000000,0
2223.795455,509.000000,0
2223.800000,509.000000,0
2223.804545,509.000000,0
2223.809091,509.000000,0
2223.813636,509.000000,0
2223.818182,509.000000,0
2223.822727,509.000000,0
2223.827273,509.000000,0
2223.831818,509.000000,0
2223.836364,509.000000,0
2223.840909,509.000000,0
2223.845455,509.000000,0
2223.850000,510.000000,0
2223.854545,510.000000,0
2223.859091,510.000000,0
2223.863636,510.000000,0
2223.868182,513.000000,0
2223.872727,513.000000,0
2223.877273,513.000000,0
2223.881818,513.000000,0
2223.886364,513.000000,0
2223.890909,513.000000,0
2223.895455,513.000000,0
2223.900000,513.000000,0
2223.904545,510.000000,0
2223.909091,510.000000,0
2223.913636,510.000000,0
2223.918182,510.000000,0
2223.922727,508.000000,0
2223.927273,508.000000,0
2223.931818,508.000000,0
2223.936364,508.000000,0
2223.940909,509.000000,0
2223.945455,509.000000,0
2223.950000,509.000000,0
2223.954545,509.000000,0
2223.959091,510.000000,0
2223.963636,510.000000,0
2223.968182,510.000000,0
2223.972727,510.000000,0
2223.977273,513.000000,0
2223.981818,513.000000,0
2223.986364,513.000000,0
2223.990909,513.000000,0
2223.995455,513.000000,0
2224.000000,513.000000,0
2224.004545,513.000000,0
2224.009091,513.000000,0
2224.013636,513.000000,0
2224.018182,510.000000,0
2224.022727,510.000000,0
2224.027273,510.000000,0
2224.031818,510.000000,0
2224.036364,509.000000,0
2224.040909,509.000000,0
2224.045455,509.000000,0
2224.050000,509.000000,0
2224.054545,509.000000,0
2224.059091,509.000000,0
2224.063636,509.000000,0
2224.068182,509.000000,0
2224.072727,509.000000,0
2224.077273,509.000000,0
2224.081818,509.000000,0
2224.086364,509.000000,0
2224.090909,509.000000,0
2224.095455,505.000000,0
2224.100000,505.000000,0
2224.104545,505.000000,0
2224.109091,505.000000,0
2224.113636,509.000000,0
2224.118182,509.000000,0
2224.122727,509.000000,0
2224.127273,509.000000,0
2224.131818,512.000000,0
2224.136364,512.000000,0
2224.140909,512.000000,0
2224.145455,512.000000,0
2224.150000,512.000000,0
2224.154545,512.000000,0
2224.159091,512.000000,0
2224.163636,510.000000,0
2224.168182,510.000000,0
2224.172727,510.000000,0
2224.177273,510.000000,0
2224.181818,510.000000,0
2224.186364,509.000000,0
2224.190909,509.000000,0
2224.195455,509.000000,0
2224.200000,509.000000,0
2224.204545,509.000000,0
2224.209091,509.000000,0
2224.213636,509.000000,0
2224.218182,509.000000,0
2224.222727,509.000000,0
2224.227273,509.000000,0
2224.231818,509.000000,0
2224.236364,509.000000,0
2224.240909,509.000000,0
2224.245455,509.000000,0
2224.250000,509.000000,0
2224.254545,509.000000,0
2224.259091,510.000000,0
2224.263636,510.000000,0
2224.268182,510.000000,0
2224.272727,510.000000,0
2224.277273,513.000000,0
2224.281818,513.000000,0
2224.286364,513.000000,0
2224.290909,513.000000,0
2224.295455,509.000000,0
2224.300000,509.000000,0
2224.304545,509.000000,0
2224.309091,509.000000,0
2224.313636,509.000000,0
2224.318182,509.000000,0
2224.322727,509.000000,0
2224.327273,509.000000,0
2224.331818,509.000000,0
2224.336364,509.000000,0
2224.340909,509.000000,0
2224.345455,509.000000,0
2224.350000,509.000000,0
2224.354545,509.000000,0
2224.359091,509.000000,0
2224.363636,509.000000,0
2224.368182,512.000000,0
2224.372727,512.000000,0
2224.377273,512.000000,0
2224.381818,512.000000,0
2224.386364,512.000000,0
2224.390909,510.000000,0
2224.395455,510.000000,0
2224.400000,510.000000,0
2224.404545,510.000000,0
2224.409091,510.000000,0
2224.413636,510.000000,0
2224.418182,510.000000,0
2224.422727,510.000000,0
2224.427273,509.000000,0
2224.431818,509.000000,0
2224.436364,509.000000,0
2224.440909,509.000000,0
2224.445455,457.000000,0
2224.450000,457.000000,0
2224.454545,457.000000,0
2224.459091,457.000000,0
2224.463636,504.000000,0
2224.468182,504.000000,0
2224.472727,504.000000,0
2224.477273,504.000000,0
2224.481818,508.000000,0
2224.486364,508.000000,0
2224.490909,508.000000,0
2224.495455,508.000000,0
2224.500000,509.000000,0
2224.504545,509.000000,0
2224.509091,509.000000,0
2224.513636,509.000000,0
2224.518182,509.000000,0
2224.522727,513.000000,0
2224.527273,513.000000,0
2224.531818,513.000000,0
2224.536364,513.000000,0
2224.540909,510.000000,0
2224.545455,510.000000,0
2224.550000,510.000000,0
2224.554545,510.000000,0
2224.559091,509.000000,0
2224.563636,509.000000,0
2224.568182,509.000000,0
2224.572727,510.000000,0
2224.577273,510.000000,0
2224.581818,510.000000,0
2224.586364,510.000000,0
2224.590909,509.000000,0
2224.595455,509.000000,0
2224.600000,509.000000,0
2224.604545,509.000000,0
2224.609091,508.000000,0
2224.613636,508.000000,0
2224.618182,508.000000,0
2224.622727,510.000000,0
2224.627273,510.000000,0
2224.631818,510.000000,0
2224.636364,510.000000,0
2224.640909,513.000000,0
2224.645455,513.000000,0
2224.650000,513.000000,0
2224.654545,513.000000,0
2224.659091,512.000000,0
2224.663636,512.000000,0
2224.668182,512.000000,0
2224.672727,510.000000,0
2224.677273,510.000000,0
2224.681818,510.000000,0
2224.686364,510.000000,0
2224.690909,508.000000,0
2224.695455,508.000000,0
2224.700000,508.000000,0
2224.704545,508.000000,0
2224.709091,509.000000,0
2224.713636,509.000000,0
2224.718182,509.000000,0
2224.722727,509.000000,0
2224.727273,509.000000,0
2224.731818,509.000000,0
2224.736364,509.000000,0
2224.740909,509.000000,0
2224.745455,510.000000,0
2224.750000,510.000000,0
2224.754545,510.000000,0
2224.759091,510.000000,0
2224.763636,512.000000,0
2224.768182,512.000000,0
2224.772727,512.000000,0
2224.777273,512.000000,0
2224.781818,512.000000,0
2224.786364,512.000000,0
2224.790909,512.000000,0
2224.795455,512.000000,0
2224.800000,510.000000,0
2224.804545,510.000000,0
2224.809091,510.000000,0
2224.813636,510.000000,0
2224.818182,510.000000,0
2224.822727,509.000000,0
2224.827273,509.000000,0
2224.831818,509.000000,0
2224.836364,509.000000,0
2224.840909,510.000000,0
2224.845455,510.000000,0
2224.850000,510.000000,0
2224.854545,510.000000,0
2224.859091,509.000000,0
2224.863636,509.000000,0
2224.868182,509.000000,0
2224.872727,509.000000,0
2224.877273,510.000000,0
2224.881818,510.000000,0
2224.886364,510.000000,0
2224.890909,510.000000,0
2224.895455,509.000000,0
2224.900000,509.000000,0
2224.904545,509.000000,0
2224.909091,509.000000,0
2224.913636,513.000000,0
2224.918182,513.000000,0
2224.922727,513.000000,0
2224.927273,513.000000,0
2224.931818,510.000000,0
2224.936364,510.000000,0
2224.940909,510.000000,0
2224.945455,510.000000,0
2224.950000,510.000000,0
2224.954545,510.000000,0
2224.959091,510.000000,0
2224.963636,510.000000,0
2224.968182,509.000000,0
2224.972727,509.000000,0
2224.977273,509.000000,0
2224.981818,509.000000,0
2224.986364,509.000000,0
2224.990909,509.000000,0
2224.995455,509.000000,0
2225.000000,509.000000,0
2225.004545,509.000000,0
2225.009091,509.000000,0
2225.013636,509.000000,0
2225.018182,509.000000,0
2225.022727,509.000000,0
2225.027273,513.000000,0
2225.031818,513.000000,0
2225.036364,513.000000,0
2225.040909,513.000000,0
2225.045455,512.000000,0
2225.050000,512.000000,0
2225.054545,512.000000,0
2225.059091,512.000000,0
2225.063636,510.000000,0
2225.068182,510.000000,0
2225.072727,510.000000,0
2225.077273,510.000000,0
2225.081818,510.000000,0
2225.086364,510.000000,0
2225.090909,510.000000,0
2225.095455,510.000000,0
2225.100000,509.000000,0
2225.104545,509.000000,0
2225.109091,509.000000,0
2225.113636,509.000000,0
2225.118182,509.000000,0
2225.122727,509.000000,0
2225.127273,509.000000,0
2225.131818,509.000000,0
2225.136364,509.000000,0
2225.140909,510.000000,0
2225.145455,510.000000,0
2225.150000,510.000000,0
2225.154545,512.000000,0
2225.159091,512.000000,0
2225.163636,512.000000,0
2225.168182,512.000000,0
2225.172727,513.000000,0
2225.177273,513.000000,0
2225.181818,513.000000,0
2225.186364,513.000000,0
2225.190909,513.000000,0
2225.195455,510.000000,0
2225.200000,510.000000,0
2225.204545,510.000000,0
2225.209091,510.000000,0
2225.213636,510.000000,0
2225.218182,510.000000,0
2225.222727,510.000000,0
2225.227273,510.000000,0
2225.231818,510.000000,0
2225.236364,510.000000,1
2225.240909,510.000000,0
2225.245455,509.000000,0
2225.250000,509.000000,0
2225.254545,509.000000,0
2225.259091,509.000000,0
2225.263636,509.000000,0
2225.268182,510.000000,0
2225.272727,510.000000,0
2225.277273,510.000000,0
2225.281818,510.000000,0
2225.286364,495.000000,0
2225.290909,495.000000,0
2225.295455,495.000000,0
2225.300000,495.000000,0
2225.304545,510.000000,0
2225.309091,510.000000,0
2225.313636,510.000000,0
2225.318182,510.000000,0
2225.322727,509.000000,0
2225.327273,509.000000,0
2225.331818,509.000000,0
2225.336364,509.000000,0
2225.340909,509.000000,0
2225.345455,509.000000,0
2225.350000,509.000000,0
2225.354545,510.000000,0
2225.359091,510.000000,0
2225.363636,510.000000,0
2225.368182,509.000000,0
2225.372727,509.000000,0
2225.377273,509.000000,0
2225.381818,509.000000,0
2225.386364,509.000000,0
2225.390909,509.000000,0
2225.395455,509.000000,0
2225.400000,510.000000,0
2225.404545,510.000000,0
2225.409091,510.000000,0
2225.413636,510.000000,0
2225.418182,510.000000,0
2225.422727,512.000000,0
2225.427273,512.000000,0
2225.431818,512.000000,0
2225.436364,510.000000,0
2225.440909,510.000000,0
2225.445455,510.000000,0
2225.450000,510.000000,0
2225.454545,510.000000,0
2225.459091,510.000000,0
2225.463636,510.000000,0
2225.468182,510.000000,0
2225.472727,510.000000,0
2225.477273,509.000000,0
2225.481818,509.000000,0
2225.486364,509.000000,0
2225.490909,509.000000,0
2225.495455,509.000000,0
2225.500000,509.000000,0
2225.504545,509.000000,0
2225.509091,509.000000,0
2225.513636,509.000000,0
2225.518182,509.000000,0
2225.522727,509.000000,0
2225.527273,509.000000,0
2225.531818,509.000000,0
2225.536364,509.000000,0
2225.540909,509.000000,0
2225.545455,509.000000,0
2225.550000,512.000000,0
2225.554545,512.000000,0
2225.559091,512.000000,0
2225.563636,512.000000,0
2225.568182,509.000000,0
2225.572727,509.000000,0
2225.577273,509.000000,0
2225.581818,512.000000,0
2225.586364,512.000000,0
2225.590909,512.000000,0
2225.595455,512.000000,0
2225.600000,512.000000,0
2225.604545,508.000000,0
2225.609091,508.000000,0
2225.613636,508.000000,0
2225.618182,508.000000,0
2225.622727,509.000000,0
2225.627273,509.000000,0
2225.631818,509.000000,0
2225.636364,509.000000,0
2225.640909,512.000000,0
2225.645455,512.000000,0
2225.650000,512.000000,0
2225.654545,512.000000,0
2225.659091,509.000000,0
2225.663636,509.000000,0
2225.668182,509.000000,0
2225.672727,509.000000,0
2225.677273,512.000000,0
2225.681818,512.000000,0
2225.686364,512.000000,0
2225.690909,512.000000,0
2225.695455,510.000000,0
2225.700000,510.000000,0
2225.704545,510.000000,0
2225.709091,510.000000,0
2225.713636,509.000000,0
2225.718182,509.000000,0
2225.722727,509.000000,0
2225.727273,509.000000,0
2225.731818,510.000000,0
2225.736364,510.000000,0
2225.740909,510.000000,0
2225.745455,510.000000,0
2225.750000,510.000000,0
2225.754545,510.000000,0
2225.759091,510.000000,0
2225.763636,510.000000,0
2225.768182,510.000000,0
2225.772727,509.000000,0
2225.777273,509.000000,0
2225.781818,509.000000,0
2225.786364,512.000000,0
2225.790909,512.000000,0
2225.795455,512.000000,0
2225.800000,512.000000,0
2225.804545,512.000000,0
2225.809091,509.000000,0
2225.813636,509.000000,0
2225.818182,509.000000,0
2225.822727,509.000000,0
2225.827273,510.000000,0
2225.831818,510.000000,0
2225.836364,510.000000,0
2225.840909,510.000000,0
2225.845455,509.000000,0
2225.850000,509.000000,0
2225.854545,509.000000,0
2225.859091,509.000000,0
2225.863636,509.000000,0
2225.868182,509.000000,0
2225.872727,509.000000,0
2225.877273,509.000000,0
2225.881818,509.000000,0
2225.886364,509.000000,0
2225.890909,509.000000,0
2225.895455,509.000000,0
2225.900000,509.000000,0
2225.904545,509.000000,0
2225.909091,509.000000,0
2225.913636,509.000000,0
2225.918182,509.000000,0
2225.922727,509.000000,0
2225.927273,509.000000,0
2225.931818,509.000000,0
2225.936364,509.000000,0
2225.940909,513.000000,0
2225.945455,513.000000,0
2225.950000,513.000000,0
2225.954545,512.000000,0
2225.959091,512.000000,0
2225.963636,512.000000,0
2225.968182,512.000000,0
2225.972727,512.000000,0
2225.977273,506.000000,0
2225.981818,506.000000,0
2225.986364,506.000000,0
2225.990909,506.000000,0
2225.995455,508.000000,0
2226.000000,508.000000,0
2226.004545,508.000000,0
2226.009091,508.000000,0
2226.013636,509.000000,0
2226.018182,509.000000,0
2226.022727,509.000000,0
2226.027273,509.000000,0
2226.031818,506.000000,0
2226.036364,506.000000,0
2226.040909,506.000000,0
2226.045455,506.000000,0
2226.050000,509.000000,0
2226.054545,509.000000,0
2226.059091,509.000000,0
2226.063636,509.000000,0
2226.068182,510.000000,0
2226.072727,510.000000,0
2226.077273,510.000000,0
2226.081818,510.000000,0
2226.086364,509.000000,0
2226.090909,509.000000,0
2226.095455,509.000000,0
2226.100000,509.000000,0
2226.104545,509.000000,0
2226.109091,509.000000,0
2226.113636,509.000000,0
2226.118182,509.000000,0
2226.122727,510.000000,0
2226.127273,510.000000,0
2226.131818,510.000000,0
2226.136364,510.000000,0
2226.140909,514.000000,0
2226.145455,514.000000,0
2226.150000,514.000000,0
2226.154545,514.000000,0
2226.159091,514.000000,0
2226.163636,509.000000,0
2226.168182,509.000000,0
2226.172727,509.000000,0
2226.177273,509.000000,0
2226.181818,509.000000,0
2226.186364,509.000000,0
2226.190909,509.000000,0
2226.195455,509.000000,0
2226.200000,509.000000,0
2226.204545,509.000000,0
2226.209091,509.000000,0
2226.213636,509.000000,0
2226.218182,514.000000,0
2226.222727,514.000000,0
2226.227273,514.000000,0
2226.231818,514.000000,0
2226.236364,513.000000,0
2226.240909,513.000000,0
2226.245455,513.000000,0
2226.250000,513.000000,0
2226.254545,505.000000,0
2226.259091,505.000000,0
2226.263636,505.000000,0
2226.268182,505.000000,0
2226.272727,509.000000,0
2226.277273,509.000000,0
2226.281818,509.000000,0
2226.286364,509.000000,0
2226.290909,514.000000,0
2226.295455,514.000000,0
2226.300000,514.000000,0
2226.304545,514.000000,0
2226.309091,504.000000,0
2226.313636,504.000000,0
2226.318182,504.000000,0
2226.322727,504.000000,0
2226.327273,509.000000,0
2226.331818,509.000000,0
2226.336364,509.000000,0
2226.340909,509.000000,0
2226.345455,509.000000,0
2226.350000,512.000000,0
2226.354545,512.000000,0
2226.359091,512.000000,0
2226.363636,513.000000,0
2226.368182,513.000000,0
2226.372727,513.000000,0
2226.377273,513.000000,0
2226.381818,513.000000,0
2226.386364,510.000000,0
2226.390909,510.000000,0
2226.395455,510.000000,0
2226.400000,510.000000,0
2226.404545,510.000000,0
2226.409091,510.000000,0
2226.413636,510.000000,0
2226.418182,510.000000,0
2226.422727,510.000000,0
2226.427273,506.000000,0
2226.431818,506.000000,0
2226.436364,506.000000,0
2226.440909,506.000000,0
2226.445455,512.000000,0
2226.450000,512.000000,0
2226.454545,512.000000,0
2226.459091,512.000000,0
2226.463636,510.000000,0
2226.468182,510.000000,0
2226.472727,510.000000,0
2226.477273,510.000000,0
2226.481818,510.000000,0
2226.486364,510.000000,0
2226.490909,510.000000,0
2226.495455,510.000000,0
2226.500000,491.000000,0
2226.504545,491.000000,0
2226.509091,491.000000,0
2226.513636,509.000000,0
2226.518182,509.000000,0
2226.522727,509.000000,0
2226.527273,509.000000,0
2226.531818,509.000000,0
2226.536364,509.000000,0
2226.540909,509.000000,0
2226.545455,509.000000,0
2226.550000,509.000000,0
2226.554545,506.000000,0
2226.559091,506.000000,0
2226.563636,506.000000,0
2226.568182,518.000000,0
2226.572727,518.000000,0
2226.577273,518.000000,0
2226.581818,518.000000,0
2226.586364,518.000000,0
2226.590909,506.000000,0
2226.595455,506.000000,0
2226.600000,506.000000,0
2226.604545,509.000000,0
2226.609091,509.000000,0
2226.613636,509.000000,0
2226.618182,509.000000,0
2226.622727,509.000000,0
2226.627273,513.000000,0
2226.631818,513.000000,0
2226.636364,513.000000,0
2226.640909,513.000000,0
2226.645455,509.000000,0
2226.650000,509.000000,0
2226.654545,509.000000,0
2226.659091,509.000000,0
2226.663636,508.000000,0
2226.668182,508.000000,0
2226.672727,508.000000,0
2226.677273,508.000000,0
2226.681818,509.000000,0
2226.686364,509.000000,0
2226.690909,509.000000,0
2226.695455,509.000000,0
2226.700000,509.000000,0
2226.704545,509.000000,0
2226.709091,509.000000,0
2226.713636,509.000000,0
2226.718182,509.000000,0
2226.722727,513.000000,0
2226.727273,513.000000,0
2226.731818,513.000000,0
2226.736364,513.000000,0
2226.740909,516.000000,0
2226.745455,516.000000,0
2226.750000,516.000000,0
2226.754545,516.000000,0
2226.759091,509.000000,0
2226.763636,509.000000,0
2226.768182,509.000000,0
2226.772727,509.000000,0
2226.777273,513.000000,0
2226.781818,513.000000,0
2226.786364,513.000000,0
2226.790909,513.000000,0
2226.795455,509.000000,0
2226.800000,509.000000,0
2226.804545,509.000000,0
2226.809091,509.000000,0
2226.813636,508.000000,0
2226.818182,508.000000,0
2226.822727,508.000000,0
2226.827273,508.000000,0
2226.831818,510.000000,0
2226.836364,510.000000,0
2226.840909,510.000000,0
2226.845455,510.000000,0
2226.850000,516.000000,0
2226.854545,516.000000,0
2226.859091,516.000000,0
2226.863636,516.000000,0
2226.868182,510.000000,0
2226.872727,510.000000,0
2226.877273,510.000000,0
2226.881818,510.000000,0
2226.886364,513.000000,0
2226.890909,513.000000,0
2226.895455,513.000000,0
2226.900000,513.000000,0
2226.904545,509.000000,0
2226.909091,509.000000,0
2226.913636,509.000000,0
2226.918182,509.000000,0
2226.922727,509.000000,0
2226.927273,510.000000,0
2226.931818,510.000000,0
2226.936364,510.000000,0
2226.940909,508.000000,0
2226.945455,508.000000,0
2226.950000,508.000000,0
2226.954545,508.000000,0
2226.959091,510.000000,0
2226.963636,510.000000,0
2226.968182,510.000000,0
2226.972727,510.000000,0
2226.977273,512.000000,0
2226.981818,512.000000,0
2226.986364,512.000000,0
2226.990909,512.000000,0
2226.995455,513.000000,0
2227.000000,513.000000,0
2227.004545,513.000000,0
2227.009091,513.000000,0
2227.013636,513.000000,0
2227.018182,513.000000,0
2227.022727,513.000000,0
2227.027273,513.000000,0
2227.031818,513.000000,0
2227.036364,510.000000,0
2227.040909,510.000000,0
2227.045455,510.000000,0
2227.050000,510.000000,0
2227.054545,510.000000,0
2227.059091,509.000000,0
2227.063636,509.000000,0
2227.068182,509.000000,0
2227.072727,509.000000,0
2227.077273,508.000000,0
2227.081818,508.000000,0
2227.086364,508.000000,0
2227.090909,506.000000,0
2227.095455,506.000000,0
2227.100000,506.000000,0
2227.104545,506.000000,0
2227.109091,481.000000,0
2227.113636,481.000000,0
2227.118182,481.000000,0
2227.122727,481.000000,0
2227.127273,508.000000,0
2227.131818,508.000000,0
2227.136364,508.000000,0
2227.140909,508.000000,0
2227.145455,509.000000,0
2227.150000,509.000000,0
2227.154545,509.000000,0
2227.159091,509.000000,0
2227.163636,510.000000,0
2227.168182,510.000000,0
2227.172727,510.000000,0
2227.177273,510.000000,0
2227.181818,510.000000,0
2227.186364,510.000000,0
2227.190909,510.000000,0
2227.195455,510.000000,0
2227.200000,509.000000,0
2227.204545,509.000000,0
2227.209091,509.000000,0
2227.213636,509.000000,0
2227.218182,509.000000,0
2227.222727,509.000000,0
2227.227273,512.000000,0
2227.231818,512.000000,0
2227.236364,512.000000,0
2227.240909,513.000000,0
2227.245455,513.000000,0
2227.250000,513.000000,0
2227.254545,513.000000,0
2227.259091,513.000000,0
2227.263636,514.000000,0
2227.268182,514.000000,0
2227.272727,514.000000,0
2227.277273,514.000000,0
2227.281818,510.000000,0
2227.286364,510.000000,0
2227.290909,510.000000,0
2227.295455,508.000000,0
2227.300000,508.000000,0
2227.304545,508.000000,0
2227.309091,508.000000,0
2227.313636,509.000000,0
2227.318182,509.000000,0
2227.322727,509.000000,0
2227.327273,509.000000,0
2227.331818,509.000000,0
2227.336364,509.000000,0
2227.340909,509.000000,0
2227.345455,509.000000,0
2227.350000,509.000000,0
2227.354545,510.000000,0
2227.359091,510.000000,0
2227.363636,510.000000,0
2227.368182,510.000000,0
2227.372727,512.000000,0
2227.377273,512.000000,0
2227.381818,512.000000,0
2227.386364,512.000000,0
2227.390909,513.000000,0
2227.395455,513.000000,0
2227.400000,513.000000,0
2227.404545,513.000000,0
2227.409091,510.000000,0
2227.413636,510.000000,0
2227.418182,510.000000,0
2227.422727,510.000000,0
2227.427273,509.000000,0
2227.431818,509.000000,0
2227.436364,509.000000,0
2227.440909,509.000000,0
2227.445455,509.000000,0
2227.450000,509.000000,0
2227.454545,509.000000,0
2227.459091,509.000000,0
2227.463636,509.000000,0
2227.468182,509.000000,0
2227.472727,509.000000,0
2227.477273,509.000000,0
2227.481818,509.000000,0
2227.486364,510.000000,0
2227.490909,510.000000,0
2227.495455,510.000000,0
2227.500000,510.000000,0
2227.504545,510.000000,0
2227.509091,510.000000,0
2227.513636,510.000000,0
2227.518182,512.000000,0
2227.522727,512.000000,0
2227.527273,512.000000,0
2227.531818,512.000000,0
2227.536364,512.000000,0
2227.540909,512.000000,0
2227.545455,512.000000,0
2227.550000,512.000000,0
2227.554545,512.000000,0
2227.559091,509.000000,0
2227.563636,509.000000,0
2227.568182,509.000000,0
2227.572727,509.000000,0
2227.577273,509.000000,0
2227.581818,509.000000,0
2227.586364,509.000000,0
2227.590909,510.000000,0
2227.595455,510.000000,0
2227.600000,509.000000,0
2227.604545,509.000000,0
2227.609091,509.000000,0
2227.613636,509.000000,0
2227.618182,510.000000,0
2227.622727,510.000000,0
2227.627273,510.000000,0
2227.631818,510.000000,0
2227.636364,513.000000,0
2227.640909,513.000000,0
2227.645455,513.000000,0
2227.650000,513.000000,0
2227.654545,513.000000,0
2227.659091,513.000000,0
2227.663636,513.000000,0
2227.668182,509.000000,0
2227.672727,509.000000,0
2227.677273,509.000000,0
2227.681818,509.000000,0
2227.686364,512.000000,0
2227.690909,512.000000,0
2227.695455,512.000000,0
2227.700000,512.000000,0
2227.704545,509.000000,0
2227.709091,509.000000,0
2227.713636,509.000000,0
2227.718182,509.000000,0
2227.722727,509.000000,0
2227.727273,509.000000,0
2227.731818,509.000000,0
2227.736364,510.000000,0
2227.740909,510.000000,0
2227.745455,510.000000,0
2227.750000,510.000000,0
2227.754545,510.000000,0
2227.759091,510.000000,0
2227.763636,510.000000,0
2227.768182,510.000000,0
2227.772727,510.000000,0
2227.777273,510.000000,0
2227.781818,510.000000,0
2227.786364,510.000000,0
2227.790909,510.000000,0
2227.795455,512.000000,0
2227.800000,512.000000,0
2227.804545,512.000000,0
2227.809091,509.000000,0
2227.813636,509.000000,0
2227.818182,509.000000,0
2227.822727,509.000000,0
2227.827273,509.000000,0
2227.831818,509.000000,0
2227.836364,509.000000,0
2227.840909,509.000000,0
2227.845455,508.000000,0
2227.850000,508.000000,0
2227.854545,508.000000,0
2227.859091,508.000000,0
2227.863636,510.000000,0
2227.868182,510.000000,0
2227.872727,510.000000,0
2227.877273,513.000000,0
2227.881818,513.000000,0
2227.886364,513.000000,0
2227.890909,513.000000,0
2227.895455,512.000000,0
2227.900000,512.000000,0
2227.904545,512.000000,0
2227.909091,512.000000,0
2227.913636,510.000000,0
2227.918182,510.000000,0
2227.922727,510.000000,0
2227.927273,510.000000,0
2227.931818,510.000000,0
2227.936364,510.000000,0
2227.940909,510.000000,0
2227.945455,510.000000,0
2227.950000,510.000000,0
2227.954545,510.000000,0
2227.959091,510.000000,0
2227.963636,510.000000,0
2227.968182,506.000000,0
2227.972727,506.000000,0
2227.977273,506.000000,0
2227.981818,506.000000,0
2227.986364,509.000000,0
2227.990909,509.000000,0
2227.995455,509.000000,0
2228.000000,509.000000,0
2228.004545,510.000000,0
2228.009091,510.000000,0
2228.013636,510.000000,0
2228.018182,510.000000,0
2228.022727,510.000000,0
2228.027273,513.000000,0
2228.031818,513.000000,0
2228.036364,513.000000,0
2228.040909,509.000000,0
2228.045455,509.000000,0
2228.050000,509.000000,0
2228.054545,509.000000,0
2228.059091,509.000000,0
2228.063636,512.000000,0
2228.068182,512.000000,0
2228.072727,512.000000,0
2228.077273,512.000000,0
2228.081818,509.000000,0
2228.086364,509.000000,0
2228.090909,509.000000,0
2228.095455,509.000000,0
2228.100000,508.000000,0
2228.104545,508.000000,0
2228.109091,508.000000,0
2228.113636,508.000000,0
2228.118182,509.000000,0
2228.122727,509.000000,0
2228.127273,509.000000,0
2228.131818,509.000000,0
2228.136364,512.000000,0
2228.140909,512.000000,0
2228.145455,512.000000,0
2228.150000,512.000000,0
2228.154545,512.000000,0
2228.159091,512.000000,0
2228.163636,512.000000,0
2228.168182,512.000000,0
2228.172727,512.000000,0
2228.177273,512.000000,0
2228.181818,512.000000,0
2228.186364,512.000000,0
2228.190909,509.000000,0
2228.195455,509.000000,0
2228.200000,509.000000,0
2228.204545,509.000000,0
2228.209091,509.000000,0
2228.213636,509.000000,0
2228.218182,509.000000,0
2228.222727,509.000000,0
2228.227273,509.000000,0
2228.231818,509.000000,0
2228.236364,509.000000,0
2228.240909,509.000000,0
2228.245455,509.000000,0
2228.250000,509.000000,0
2228.254545,509.000000,0
2228.259091,509.000000,0
2228.263636,509.000000,0
2228.268182,512.000000,0
2228.272727,512.000000,0
2228.277273,512.000000,0
2228.281818,512.000000,0
2228.286364,512.000000,0
2228.290909,512.000000,0
2228.295455,512.000000,0
2228.300000,512.000000,0
2228.304545,509.000000,0
2228.309091,509.000000,0
2228.313636,509.000000,0
2228.318182,509.000000,0
2228.322727,508.000000,0
2228.327273,508.000000,0
2228.331818,508.000000,0
2228.336364,508.000000,0
2228.340909,509.000000,0
2228.345455,509.000000,0
2228.350000,509.000000,0
2228.354545,509.000000,0
2228.359091,509.000000,0
2228.363636,509.000000,0
2228.368182,509.000000,0
2228.372727,509.000000,0
2228.377273,509.000000,0
2228.381818,509.000000,0
2228.386364,509.000000,0
2228.390909,509.000000,0
2228.395455,389.000000,0
2228.400000,389.000000,0
2228.404545,389.000000,0
2228.409091,389.000000,0
2228.413636,500.000000,0
2228.418182,500.000000,0
2228.422727,500.000000,0
2228.427273,500.000000,0
2228.431818,509.000000,0
2228.436364,509.000000,0
2228.440909,509.000000,0
2228.445455,509.000000,0
2228.450000,509.000000,0
2228.454545,509.000000,0
2228.459091,509.000000,0
2228.463636,509.000000,0
2228.468182,509.000000,0
2228.472727,509.000000,0
2228.477273,509.000000,0
2228.481818,509.000000,0
2228.486364,509.000000,0
2228.490909,509.000000,0
2228.495455,509.000000,0
2228.500000,509.000000,0
2228.504545,509.000000,0
2228.509091,510.000000,0
2228.513636,510.000000,0
2228.518182,510.000000,0
2228.522727,510.000000,0
2228.527273,510.000000,0
2228.531818,509.000000,0
2228.536364,509.000000,0
2228.540909,509.000000,0
2228.545455,510.000000,0
2228.550000,510.000000,0
2228.554545,510.000000,0
2228.559091,510.000000,0
2228.563636,487.000000,0
2228.568182,487.000000,0
2228.572727,487.000000,0
2228.577273,487.000000,0
2228.581818,506.000000,0
2228.586364,506.000000,0
2228.590909,506.000000,0
2228.595455,506.000000,0
2228.600000,508.000000,0
2228.604545,508.000000,0
2228.609091,508.000000,0
2228.613636,508.000000,0
2228.618182,509.000000,0
2228.622727,509.000000,0
2228.627273,509.000000,0
2228.631818,509.000000,0
2228.636364,509.000000,0
2228.640909,509.000000,0
2228.645455,509.000000,0
2228.650000,509.000000,0
2228.654545,509.000000,0
2228.659091,510.000000,0
2228.663636,510.000000,0
2228.668182,510.000000,0
2228.672727,510.000000,0
2228.677273,512.000000,0
2228.681818,512.000000,0
2228.686364,512.000000,0
2228.690909,512.000000,0
2228.695455,510.000000,0
2228.700000,510.000000,0
2228.704545,510.000000,0
2228.709091,510.000000,0
2228.713636,509.000000,0
2228.718182,509.000000,0
2228.722727,509.000000,0
2228.727273,509.000000,0
2228.731818,509.000000,0
2228.736364,509.000000,0
2228.740909,509.000000,0
2228.745455,509.000000,0
2228.750000,509.000000,0
2228.754545,509.000000,0
2228.759091,509.000000,0
2228.763636,509.000000,0
2228.768182,509.000000,0
2228.772727,509.000000,0
2228.777273,509.000000,0
2228.781818,509.000000,0
2228.786364,491.000000,0
2228.790909,491.000000,0
2228.795455,491.000000,0
2228.800000,491.000000,0
2228.804545,509.000000,0
2228.809091,509.000000,0
2228.813636,509.000000,0
2228.818182,509.000000,0
2228.822727,510.000000,0
2228.827273,510.000000,0
2228.831818,510.000000,0
2228.836364,510.000000,0
2228.840909,509.000000,0
2228.845455,509.000000,0
2228.850000,509.000000,0
2228.854545,509.000000,0
2228.859091,509.000000,0
2228.863636,509.000000,0
2228.868182,509.000000,0
2228.872727,509.000000,0
2228.877273,509.000000,0
2228.881818,509.000000,0
2228.886364,509.000000,0
2228.890909,509.000000,0
2228.895455,509.000000,0
2228.900000,508.000000,0
2228.904545,508.000000,0
2228.909091,508.000000,0
2228.913636,508.000000,0
2228.918182,510.000000,0
2228.922727,510.000000,0
2228.927273,510.000000,0
2228.931818,510.000000,0
2228.936364,510.000000,0
2228.940909,510.000000,0
2228.945455,510.000000,0
2228.950000,510.000000,0
2228.954545,509.000000,0
2228.959091,509.000000,0
2228.963636,509.000000,0
2228.968182,509.000000,0
2228.972727,509.000000,0
2228.977273,510.000000,0
2228.981818,510.000000,0
2228.986364,510.000000,0
2228.990909,510.000000,0
2228.995455,509.000000,0
2229.000000,509.000000,0
2229.004545,509.000000,0
2229.009091,509.000000,0
2229.013636,509.000000,0
2229.018182,509.000000,0
2229.022727,509.000000,0
2229.027273,509.000000,0
2229.031818,509.000000,0
2229.036364,509.000000,0
2229.040909,509.000000,0
2229.045455,509.000000,0
2229.050000,509.000000,0
2229.054545,509.000000,0
2229.059091,509.000000,0
2229.063636,509.000000,0
2229.068182,512.000000,0
2229.072727,512.000000,0
2229.077273,512.000000,0
2229.081818,512.000000,0
2229.086364,513.000000,0
2229.090909,513.000000,0
2229.095455,513.000000,0
2229.100000,513.000000,0
2229.104545,510.000000,0
2229.109091,510.000000,0
2229.113636,510.000000,0
2229.118182,510.000000,0
2229.122727,509.000000,0
2229.127273,509.000000,0
2229.131818,509.000000,0
2229.136364,509.000000,0
2229.140909,510.000000,0
2229.145455,510.000000,0
2229.150000,510.000000,0
2229.154545,510.000000,0
2229.159091,510.000000,0
2229.163636,510.000000,0
2229.168182,510.000000,0
2229.172727,510.000000,0
2229.177273,510.000000,0
2229.181818,510.000000,0
2229.186364,510.000000,0
2229.190909,510.000000,0
2229.195455,510.000000,0
2229.200000,512.000000,0
2229.204545,512.000000,0
2229.209091,512.000000,0
2229.213636,512.000000,0
2229.218182,513.000000,0
2229.222727,513.000000,0
2229.227273,513.000000,0
2229.231818,513.000000,0
2229.236364,512.000000,0
2229.240909,512.000000,0
2229.245455,512.000000,0
2229.250000,512.000000,0
2229.254545,510.000000,0
2229.259091,510.000000,0
2229.263636,510.000000,0
2229.268182,510.000000,0
2229.272727,510.000000,0
2229.277273,510.000000,0
2229.281818,510.000000,1
2229.286364,509.000000,0
2229.290909,509.000000,0
2229.295455,509.000000,0
2229.300000,509.000000,0
2229.304545,509.000000,0
2229.309091,510.000000,0
2229.313636,510.000000,0
2229.318182,510.000000,0
2229.322727,510.000000,0
2229.327273,513.000000,0
2229.331818,513.000000,0
2229.336364,513.000000,0
2229.340909,512.000000,0
2229.345455,512.000000,0
2229.350000,512.000000,0
2229.354545,512.000000,0
2229.359091,512.000000,0
2229.363636,510.000000,0
2229.368182,510.000000,0
2229.372727,509.000000,0
2229.377273,509.000000,0
2229.381818,509.000000,0
2229.386364,509.000000,0
2229.390909,509.000000,0
2229.395455,509.000000,0
2229.400000,509.000000,0
2229.404545,510.000000,0
2229.409091,510.000000,0
2229.413636,510.000000,0
2229.418182,510.000000,0
2229.422727,633.000000,0
2229.427273,633.000000,0
2229.431818,633.000000,0
2229.436364,633.000000,0
2229.440909,491.000000,0
2229.445455,491.000000,0
2229.450000,491.000000,0
2229.454545,491.000000,0
2229.459091,454.000000,0
2229.463636,454.000000,0
2229.468182,454.000000,0
2229.472727,454.000000,0
2229.477273,506.000000,0
2229.481818,506.000000,0
2229.486364,506.000000,0
2229.490909,506.000000,0
2229.495455,509.000000,0
2229.500000,509.000000,0
2229.504545,509.000000,0
2229.509091,509.000000,0
2229.513636,509.000000,0
2229.518182,509.000000,0
2229.522727,509.000000,0
2229.527273,509.000000,0
2229.531818,508.000000,0
2229.536364,508.000000,0
2229.540909,508.000000,0
2229.545455,508.000000,0
2229.550000,509.000000,0
2229.554545,509.000000,0
2229.559091,509.000000,0
2229.563636,509.000000,0
2229.568182,513.000000,0
2229.572727,513.000000,0
2229.577273,513.000000,0
2229.581818,510.000000,0
2229.586364,510.000000,0
2229.590909,510.000000,0
2229.595455,510.000000,0
2229.600000,512.000000,0
2229.604545,512.000000,0
2229.609091,512.000000,0
2229.613636,512.000000,0
2229.618182,509.000000,0
2229.622727,509.000000,0
2229.627273,509.000000,0
2229.631818,509.000000,0
2229.636364,510.000000,0
2229.640909,510.000000,0
2229.645455,510.000000,0
2229.650000,510.000000,0
2229.654545,510.000000,0
2229.659091,510.000000,0
2229.663636,510.000000,0
2229.668182,510.000000,0
2229.672727,510.000000,0
2229.677273,512.000000,0
2229.681818,512.000000,0
2229.686364,512.000000,0
2229.690909,513.000000,0
2229.695455,513.000000,0
2229.700000,513.000000,0
2229.704545,513.000000,0
2229.709091,509.000000,0
2229.713636,509.000000,0
2229.718182,509.000000,0
2229.722727,509.000000,0
2229.727273,509.000000,0
2229.731818,509.000000,0
2229.736364,509.000000,0
2229.740909,509.000000,0
2229.745455,509.000000,0
2229.750000,509.000000,0
2229.754545,509.000000,0
2229.759091,510.000000,0
2229.763636,510.000000,0
2229.768182,510.000000,0
2229.772727,510.000000,0
2229.777273,509.000000,0
2229.781818,509.000000,0
2229.786364,509.000000,0
2229.790909,509.000000,0
2229.795455,513.000000,0
2229.800000,513.000000,0
2229.804545,513.000000,0
2229.809091,513.000000,0
2229.813636,509.000000,0
2229.818182,509.000000,0
2229.822727,509.000000,0
2229.827273,509.000000,0
2229.831818,512.000000,0
2229.836364,512.000000,0
2229.840909,512.000000,0
2229.845455,512.000000,0
2229.850000,510.000000,0
2229.854545,510.000000,0
2229.859091,510.000000,0
2229.863636,510.000000,0
2229.868182,510.000000,0
2229.872727,510.000000,0
2229.877273,510.000000,0
2229.881818,510.000000,0
2229.886364,509.000000,0
2229.890909,509.000000,0
2229.895455,509.000000,0
2229.900000,509.000000,0
2229.904545,510.000000,0
2229.909091,510.000000,0
2229.913636,510.000000,0
2229.918182,510.000000,0
2229.922727,509.000000,0
2229.927273,509.000000,0
2229.931818,509.000000,0
2229.936364,509.000000,0
2229.940909,513.000000,0
2229.945455,513.000000,0
2229.950000,513.000000,0
2229.954545,513.000000,0
2229.959091,513.000000,0
2229.963636,509.000000,0
2229.968182,509.000000,0
2229.972727,509.000000,0
2229.977273,509.000000,0
2229.981818,509.000000,0
2229.986364,509.000000,0
2229.990909,509.000000,0
2229.995455,509.000000,0
2230.000000,509.000000,0
2230.004545,510.000000,0
2230.009091,510.000000,0
2230.013636,510.000000,0
2230.018182,510.000000,0
2230.022727,509.000000,0
2230.027273,509.000000,0
2230.031818,509.000000,0
2230.036364,506.000000,0
2230.040909,506.000000,0
2230.045455,506.000000,0
2230.050000,506.000000,0
2230.054545,509.000000,0
2230.059091,509.000000,0
2230.063636,509.000000,0
2230.068182,509.000000,0
2230.072727,508.000000,0
2230.077273,508.000000,0
2230.081818,508.000000,0
2230.086364,508.000000,0
2230.090909,513.000000,0
2230.095455,513.000000,0
2230.100000,513.000000,0
2230.104545,513.000000,0
2230.109091,510.000000,0
2230.113636,510.000000,0
2230.118182,510.000000,0
2230.122727,510.000000,0
2230.127273,506.000000,0
2230.131818,506.000000,0
2230.136364,506.000000,0
2230.140909,506.000000,0
2230.145455,509.000000,0
2230.150000,509.000000,0
2230.154545,509.000000,0
2230.159091,509.000000,0
2230.163636,509.000000,0
2230.168182,509.000000,0
2230.172727,509.000000,0
2230.177273,509.000000,0
2230.181818,510.000000,0
2230.186364,510.000000,0
2230.190909,510.000000,0
2230.195455,510.000000,0
2230.200000,510.000000,0
2230.204545,509.000000,0
2230.209091,509.000000,0
2230.213636,509.000000,0
2230.218182,509.000000,0
2230.222727,512.000000,0
2230.227273,512.000000,0
2230.231818,512.000000,0
2230.236364,512.000000,0
2230.240909,513.000000,0
2230.245455,513.000000,0
2230.250000,513.000000,0
2230.254545,513.000000,0
2230.259091,513.000000,0
2230.263636,513.000000,0
2230.268182,513.000000,0
2230.272727,513.000000,0
2230.277273,513.000000,0
2230.281818,506.000000,0
2230.286364,506.000000,0
2230.290909,506.000000,0
2230.295455,506.000000,0
2230.300000,506.000000,0
2230.304545,506.000000,0
2230.309091,506.000000,0
2230.313636,506.000000,0
2230.318182,509.000000,0
2230.322727,509.000000,0
2230.327273,509.000000,0
2230.331818,514.000000,0
2230.336364,514.000000,0
2230.340909,514.000000,0
2230.345455,514.000000,0
2230.350000,510.000000,0
2230.354545,510.000000,0
2230.359091,510.000000,0
2230.363636,510.000000,0
2230.368182,509.000000,0
2230.372727,509.000000,0
2230.377273,509.000000,0
2230.381818,509.000000,0
2230.386364,508.000000,0
2230.390909,508.000000,0
2230.395455,508.000000,0
2230.400000,508.000000,0
2230.404545,509.000000,0
2230.409091,509.000000,0
2230.413636,509.000000,0
2230.418182,509.000000,0
2230.422727,509.000000,0
2230.427273,509.000000,0
2230.431818,509.000000,0
2230.436364,509.000000,0
2230.440909,509.000000,0
2230.445455,509.000000,0
2230.450000,509.000000,0
2230.454545,509.000000,0
2230.459091,509.000000,0
2230.463636,513.000000,0
2230.468182,513.000000,0
2230.472727,513.000000,0
2230.477273,513.000000,0
2230.481818,513.000000,0
2230.486364,513.000000,0
2230.490909,513.000000,0
2230.495455,513.000000,0
2230.500000,509.000000,0
2230.504545,509.000000,0
2230.509091,509.000000,0
2230.513636,509.000000,0
2230.518182,510.000000,0
2230.522727,510.000000,0
2230.527273,510.000000,0
2230.531818,510.000000,0
2230.536364,512.000000,0
2230.540909,512.000000,0
2230.545455,512.000000,0
2230.550000,512.000000,0
2230.554545,513.000000,0
2230.559091,513.000000,0
2230.563636,513.000000,0
2230.568182,513.000000,0
2230.572727,509.000000,0
2230.577273,509.000000,0
2230.581818,509.000000,0
2230.586364,509.000000,0
2230.590909,513.000000,0
2230.595455,513.000000,0
2230.600000,513.000000,0
2230.604545,513.000000,0
2230.609091,516.000000,0
2230.613636,516.000000,0
2230.618182,516.000000,0
2230.622727,516.000000,0
2230.627273,509.000000,0
2230.631818,509.000000,0
2230.636364,509.000000,0
2230.640909,509.000000,0
2230.645455,510.000000,0
2230.650000,510.000000,0
2230.654545,510.000000,0
2230.659091,510.000000,0
2230.663636,512.000000,0
2230.668182,512.000000,0
2230.672727,512.000000,0
2230.677273,512.000000,0
2230.681818,512.000000,0
2230.686364,509.000000,0
2230.690909,509.000000,0
2230.695455,509.000000,0
2230.700000,509.000000,0
2230.704545,509.000000,0
2230.709091,509.000000,0
2230.713636,509.000000,0
2230.718182,509.000000,0
2230.722727,512.000000,0
2230.727273,512.000000,0
2230.731818,512.000000,0
2230.736364,512.000000,0
2230.740909,509.000000,0
2230.745455,509.000000,0
2230.750000,509.000000,0
2230.754545,509.000000,0
2230.759091,510.000000,0
2230.763636,510.000000,0
2230.768182,510.000000,0
2230.772727,510.000000,0
2230.777273,517.000000,0
2230.781818,517.000000,0
2230.786364,517.000000,0
2230.790909,517.000000,0
2230.795455,508.000000,0
2230.800000,508.000000,0
2230.804545,508.000000,0
2230.809091,508.000000,0
2230.813636,508.000000,0
2230.818182,508.000000,0
2230.822727,508.000000,0
2230.827273,508.000000,0
2230.831818,508.000000,0
2230.836364,508.000000,0
2230.840909,508.000000,0
2230.845455,508.000000,0
2230.850000,509.000000,0
2230.854545,509.000000,0
2230.859091,509.000000,0
2230.863636,509.000000,0
2230.868182,510.000000,0
2230.872727,510.000000,0
2230.877273,510.000000,0
2230.881818,510.000000,0
2230.886364,513.000000,0
2230.890909,513.000000,0
2230.895455,513.000000,0
2230.900000,513.000000,0
2230.904545,513.000000,0
2230.909091,510.000000,0
2230.913636,510.000000,0
2230.918182,510.000000,0
2230.922727,510.000000,0
2230.927273,509.000000,0
2230.931818,509.000000,0
2230.936364,509.000000,0
2230.940909,509.000000,0
2230.945455,504.000000,0
2230.950000,504.000000,0
2230.954545,504.000000,0
2230.959091,504.000000,0
2230.963636,510.000000,0
2230.968182,510.000000,0
2230.972727,510.000000,0
2230.977273,510.000000,0
2230.981818,510.000000,0
2230.986364,509.000000,0
2230.990909,509.000000,0
2230.995455,509.000000,0
2231.000000,509.000000,0
2231.004545,508.000000,0
2231.009091,508.000000,0
2231.013636,508.000000,0
2231.018182,508.000000,0
2231.022727,512.000000,0
2231.027273,512.000000,0
2231.031818,512.000000,0
2231.036364,512.000000,0
2231.040909,512.000000,0
2231.045455,512.000000,0
2231.050000,512.000000,0
2231.054545,508.000000,0
2231.059091,508.000000,0
2231.063636,508.000000,0
2231.068182,508.000000,0
2231.072727,508.000000,0
2231.077273,509.000000,0
2231.081818,509.000000,0
2231.086364,509.000000,0
2231.090909,510.000000,0
2231.095455,510.000000,0
2231.100000,510.000000,0
2231.104545,510.000000,0
2231.109091,513.000000,0
2231.113636,513.000000,0
2231.118182,513.000000,0
2231.122727,513.000000,0
2231.127273,513.000000,0
2231.131818,513.000000,0
2231.136364,513.000000,0
2231.140909,513.000000,0
2231.145455,513.000000,0
2231.150000,513.000000,0
2231.154545,513.000000,0
2231.159091,513.000000,0
2231.163636,513.000000,0
2231.168182,510.000000,0
2231.172727,510.000000,0
2231.177273,510.000000,0
2231.181818,510.000000,0
2231.186364,510.000000,0
2231.190909,510.000000,0
2231.195455,510.000000,0
2231.200000,510.000000,0
2231.204545,504.000000,0
2231.209091,504.000000,0
2231.213636,504.000000,0
2231.218182,504.000000,0
2231.222727,509.000000,0
2231.227273,509.000000,0
2231.231818,509.000000,0
2231.236364,509.000000,0
2231.240909,509.000000,0
2231.245455,510.000000,0
2231.250000,510.000000,0
2231.254545,510.000000,0
2231.259091,512.000000,0
2231.263636,512.000000,0
2231.268182,512.000000,0
2231.272727,512.000000,0
2231.277273,510.000000,0
2231.281818,510.000000,0
2231.286364,510.000000,0
2231.290909,510.000000,0
2231.295455,510.000000,0
2231.300000,510.000000,0
2231.304545,510.000000,0
2231.309091,510.000000,0
2231.313636,510.000000,0
2231.318182,510.000000,0
2231.322727,510.000000,0
2231.327273,510.000000,0
2231.331818,510.000000,0
2231.336364,509.000000,0
2231.340909,509.000000,0
2231.345455,509.000000,0
2231.350000,509.000000,0
2231.354545,472.000000,0
2231.359091,472.000000,0
2231.363636,472.000000,0
2231.368182,472.000000,0
2231.372727,505.000000,0
2231.377273,505.000000,0
2231.381818,505.000000,0
2231.386364,509.000000,0
2231.390909,509.000000,0
2231.395455,509.000000,0
2231.400000,509.000000,0
2231.404545,513.000000,0
2231.409091,513.000000,0
2231.413636,513.000000,0
2231.418182,513.000000,0
2231.422727,510.000000,0
2231.427273,510.000000,0
2231.431818,510.000000,0
2231.436364,510.000000,0
2231.440909,510.000000,0
2231.445455,509.000000,0
2231.450000,509.000000,0
2231.454545,509.000000,0
2231.459091,509.000000,0
2231.463636,509.000000,0
2231.468182,509.000000,0
2231.472727,509.000000,0
2231.477273,509.000000,0
2231.481818,509.000000,0
2231.486364,509.000000,0
2231.490909,509.000000,0
2231.495455,509.000000,0
2231.500000,509.000000,0
2231.504545,509.000000,0
2231.509091,509.000000,0
2231.513636,509.000000,0
2231.518182,509.000000,0
2231.522727,509.000000,0
2231.527273,509.000000,0
2231.531818,509.000000,0
2231.536364,512.000000,0
2231.540909,512.000000,0
2231.545455,512.000000,0
2231.550000,512.000000,0
2231.554545,512.000000,0
2231.559091,512.000000,0
2231.563636,512.000000,0
2231.568182,512.000000,0
2231.572727,512.000000,0
2231.577273,512.000000,0
2231.581818,512.000000,0
2231.586364,512.000000,0
2231.590909,509.000000,0
2231.595455,509.000000,0
2231.600000,509.000000,0
2231.604545,509.000000,0
2231.609091,509.000000,0
2231.613636,509.000000,0
2231.618182,509.000000,0
2231.622727,509.000000,0
2231.627273,509.000000,0
2231.631818,509.000000,0
2231.636364,509.000000,0
2231.640909,509.000000,0
2231.645455,509.000000,0
2231.650000,509.000000,0
2231.654545,512.000000,0
2231.659091,512.000000,0
2231.663636,512.000000,0
2231.668182,512.000000,0
2231.672727,509.000000,0
2231.677273,509.000000,0
2231.681818,509.000000,0
2231.686364,510.000000,0
2231.690909,510.000000,0
2231.695455,510.000000,0
2231.700000,510.000000,0
2231.704545,509.000000,0
2231.709091,509.000000,0
2231.713636,509.000000,0
2231.718182,509.000000,0
2231.722727,509.000000,0
2231.727273,509.000000,0
2231.731818,509.000000,0
2231.736364,509.000000,0
2231.740909,509.000000,0
2231.745455,509.000000,0
2231.750000,509.000000,0
2231.754545,509.000000,0
2231.759091,506.000000,0
2231.763636,506.000000,0
2231.768182,506.000000,0
2231.772727,506.000000,0
2231.777273,510.000000,0
2231.781818,510.000000,0
2231.786364,510.000000,0
2231.790909,510.000000,0
2231.795455,513.000000,0
2231.800000,513.000000,0
2231.804545,513.000000,0
2231.809091,513.000000,0
2231.813636,510.000000,0
2231.818182,510.000000,0
2231.822727,510.000000,0
2231.827273,510.000000,0
2231.831818,510.000000,0
2231.836364,509.000000,0
2231.840909,509.000000,0
2231.845455,509.000000,0
2231.850000,509.000000,0
2231.854545,509.000000,0
2231.859091,509.000000,0
2231.863636,509.000000,0
2231.868182,509.000000,0
2231.872727,509.000000,0
2231.877273,509.000000,0
2231.881818,509.000000,0
2231.886364,509.000000,0
2231.890909,509.000000,0
2231.895455,510.000000,0
2231.900000,510.000000,0
2231.904545,510.000000,0
2231.909091,510.000000,0
2231.913636,510.000000,0
2231.918182,510.000000,0
2231.922727,510.000000,0
2231.927273,510.000000,0
2231.931818,513.000000,0
2231.936364,513.000000,0
2231.940909,513.000000,0
2231.945455,513.000000,0
2231.950000,510.000000,0
2231.954545,510.000000,0
2231.959091,510.000000,0
2231.963636,509.000000,0
2231.968182,509.000000,0
2231.972727,509.000000,0
2231.977273,509.000000,0
2231.981818,508.000000,0
2231.986364,508.000000,0
2231.990909,508.000000,0
2231.995455,508.000000,0
2232.000000,508.000000,0
2232.004545,510.000000,0
2232.009091,510.000000,0
2232.013636,510.000000,0
2232.018182,510.000000,0
2232.022727,510.000000,0
2232.027273,510.000000,0
2232.031818,510.000000,0
2232.036364,510.000000,0
2232.040909,510.000000,0
2232.045455,510.000000,0
2232.050000,510.000000,0
2232.054545,513.000000,0
2232.059091,513.000000,0
2232.063636,513.000000,0
2232.068182,513.000000,0
2232.072727,512.000000,0
2232.077273,512.000000,0
2232.081818,512.000000,0
2232.086364,512.000000,0
2232.090909,509.000000,0
2232.095455,509.000000,0
2232.100000,509.000000,0
2232.104545,509.000000,0
2232.109091,510.000000,0
2232.113636,510.000000,0
2232.118182,510.000000,0
2232.122727,510.000000,0
2232.127273,510.000000,0
2232.131818,509.000000,0
2232.136364,509.000000,0
2232.140909,509.000000,0
2232.145455,509.000000,0
2232.150000,509.000000,0
2232.154545,509.000000,0
2232.159091,509.000000,0
2232.163636,509.000000,0
2232.168182,510.000000,0
2232.172727,510.000000,0
2232.177273,510.000000,0
2232.181818,510.000000,0
2232.186364,516.000000,0
2232.190909,516.000000,0
2232.195455,516.000000,0
2232.200000,516.000000,0
2232.204545,512.000000,0
2232.209091,512.000000,0
2232.213636,512.000000,0
2232.218182,512.000000,0
2232.222727,510.000000,0
2232.227273,510.000000,0
2232.231818,510.000000,0
2232.236364,510.000000,0
2232.240909,509.000000,0
2232.245455,509.000000,0
2232.250000,509.000000,0
2232.254545,509.000000,0
2232.259091,510.000000,0
2232.263636,510.000000,0
2232.268182,510.000000,0
2232.272727,510.000000,0
2232.277273,510.000000,0
2232.281818,510.000000,0
2232.286364,510.000000,0
2232.290909,510.000000,0
2232.295455,510.000000,0
2232.300000,510.000000,0
2232.304545,510.000000,0
2232.309091,510.000000,0
2232.313636,513.000000,0
2232.318182,513.000000,0
2232.322727,513.000000,0
2232.327273,513.000000,0
2232.331818,513.000000,0
2232.336364,512.000000,0
2232.340909,512.000000,0
2232.345455,512.000000,0
2232.350000,512.000000,0
2232.354545,509.000000,0
2232.359091,509.000000,0
2232.363636,509.000000,0
2232.368182,509.000000,0
2232.372727,510.000000,0
2232.377273,510.000000,0
2232.381818,510.000000,0
2232.386364,510.000000,0
2232.390909,509.000000,0
2232.395455,509.000000,0
2232.400000,509.000000,0
2232.404545,509.000000,0
2232.409091,510.000000,0
2232.413636,510.000000,0
2232.418182,510.000000,0
2232.422727,510.000000,0
2232.427273,509.000000,0
2232.431818,509.000000,0
2232.436364,509.000000,0
2232.440909,509.000000,0
2232.445455,509.000000,0
2232.450000,512.000000,0
2232.454545,512.000000,0
2232.459091,512.000000,0
2232.463636,512.000000,0
2232.468182,512.000000,0
2232.472727,512.000000,0
2232.477273,512.000000,0
2232.481818,512.000000,0
2232.486364,512.000000,0
2232.490909,512.000000,0
2232.495455,512.000000,0
2232.500000,509.000000,0
2232.504545,509.000000,0
2232.509091,509.000000,0
2232.513636,509.000000,0
2232.518182,509.000000,0
2232.522727,509.000000,0
2232.527273,509.000000,0
2232.531818,509.000000,0
2232.536364,509.000000,0
2232.540909,509.000000,0
2232.545455,509.000000,0
2232.550000,509.000000,0
2232.554545,509.000000,0
2232.559091,509.000000,0
2232.563636,509.000000,0
2232.568182,513.000000,0
2232.572727,513.000000,0
2232.577273,513.000000,0
2232.581818,513.000000,0
2232.586364,510.000000,0
2232.590909,510.000000,0
2232.595455,510.000000,0
2232.600000,510.000000,0
2232.604545,510.000000,0
2232.609091,510.000000,0
2232.613636,510.000000,0
2232.618182,510.000000,0
2232.622727,510.000000,0
2232.627273,510.000000,0
2232.631818,509.000000,0
2232.636364,509.000000,0
2232.640909,509.000000,0
2232.645455,509.000000,0
2232.650000,509.000000,0
2232.654545,509.000000,0
2232.659091,509.000000,0
2232.663636,510.000000,0
2232.668182,510.000000,0
2232.672727,510.000000,0
2232.677273,510.000000,1
2232.681818,510.000000,0
2232.686364,512.000000,0
2232.690909,512.000000,0
2232.695455,512.000000,0
2232.700000,513.000000,0
2232.704545,513.000000,0
2232.709091,513.000000,0
2232.713636,510.000000,0
2232.718182,510.000000,0
2232.722727,510.000000,0
2232.727273,509.000000,0
2232.731818,509.000000,0
2232.736364,509.000000,0
2232.740909,509.000000,0
2232.745455,509.000000,0
2232.750000,509.000000,0
2232.754545,510.000000,0
2232.759091,510.000000,0
2232.763636,510.000000,0
2232.768182,510.000000,0
2232.772727,510.000000,0
2232.777273,510.000000,0
2232.781818,510.000000,0
2232.786364,510.000000,0
2232.790909,512.000000,0
2232.795455,512.000000,0
2232.800000,512.000000,0
2232.804545,512.000000,0
2232.809091,512.000000,0
2232.813636,512.000000,0
2232.818182,512.000000,0
2232.822727,512.000000,0
2232.827273,513.000000,0
2232.831818,513.000000,0
2232.836364,513.000000,0
2232.840909,509.000000,0
2232.845455,509.000000,0
2232.850000,509.000000,0
2232.854545,509.000000,0
2232.859091,509.000000,0
2232.863636,510.000000,0
2232.868182,510.000000,0
2232.872727,510.000000,0
2232.877273,510.000000,0
2232.881818,508.000000,0
2232.886364,508.000000,0
2232.890909,508.000000,0
2232.895455,508.000000,0
2232.900000,508.000000,0
2232.904545,509.000000,0
2232.909091,509.000000,0
2232.913636,509.000000,0
2232.918182,509.000000,0
2232.922727,510.000000,0
2232.927273,510.000000,0
2232.931818,510.000000,0
2232.936364,510.000000,0
2232.940909,512.000000,0
2232.945455,512.000000,0
2232.950000,512.000000,0
2232.954545,512.000000,0
2232.959091,510.000000,0
2232.963636,510.000000,0
2232.968182,510.000000,0
2232.972727,510.000000,0
2232.977273,509.000000,0
2232.981818,509.000000,0
2232.986364,509.000000,0
2232.990909,509.000000,0
2232.995455,509.000000,0
2233.000000,509.000000,0
2233.004545,509.000000,0
2233.009091,509.000000,0
2233.013636,509.000000,0
2233.018182,509.000000,0
2233.022727,509.000000,0
2233.027273,510.000000,0
2233.031818,510.000000,0
2233.036364,510.000000,0
2233.040909,510.000000,0
2233.045455,513.000000,0
2233.050000,513.000000,0
2233.054545,513.000000,0
2233.059091,513.000000,0
2233.063636,513.000000,0
2233.068182,513.000000,0
2233.072727,513.000000,0
2233.077273,513.000000,0
2233.081818,513.000000,0
2233.086364,512.000000,0
2233.090909,512.000000,0
2233.095455,512.000000,0
2233.100000,512.000000,0
2233.104545,512.000000,0
2233.109091,512.000000,0
2233.113636,512.000000,0
2233.118182,512.000000,0
2233.122727,509.000000,0
2233.127273,509.000000,0
2233.131818,509.000000,0
2233.136364,509.000000,0
2233.140909,509.000000,0
2233.145455,509.000000,0
2233.150000,509.000000,0
2233.154545,509.000000,0
2233.159091,509.000000,0
2233.163636,509.000000,0
2233.168182,509.000000,0
2233.172727,509.000000,0
2233.177273,512.000000,0
2233.181818,512.000000,0
2233.186364,512.000000,0
2233.190909,512.000000,0
2233.195455,510.000000,0
2233.200000,510.000000,0
2233.204545,510.000000,0
2233.209091,510.000000,0
2233.213636,510.000000,0
2233.218182,510.000000,0
2233.222727,510.000000,0
2233.227273,510.000000,0
2233.231818,509.000000,0
2233.236364,509.000000,0
2233.240909,509.000000,0
2233.245455,509.000000,0
2233.250000,508.000000,0
2233.254545,508.000000,0
2233.259091,508.000000,0
2233.263636,508.000000,0
2233.268182,509.000000,0
2233.272727,509.000000,0
2233.277273,509.000000,0
2233.281818,509.000000,0
2233.286364,510.000000,0
2233.290909,510.000000,0
2233.295455,510.000000,0
2233.300000,510.000000,0
2233.304545,513.000000,0
2233.309091,513.000000,0
2233.313636,513.000000,0
2233.318182,513.000000,0
2233.322727,512.000000,0
2233.327273,512.000000,0
2233.331818,512.000000,0
2233.336364,512.000000,0
2233.340909,509.000000,0
2233.345455,509.000000,0
2233.350000,509.000000,0
2233.354545,509.000000,0
2233.359091,510.000000,0
2233.363636,510.000000,0
2233.368182,510.000000,0
2233.372727,510.000000,0
2233.377273,510.000000,0
2233.381818,509.000000,0
2233.386364,509.000000,0
2233.390909,509.000000,0
2233.395455,509.000000,0
2233.400000,508.000000,0
2233.404545,508.000000,0
2233.409091,508.000000,0
2233.413636,508.000000,0
2233.418182,508.000000,0
2233.422727,508.000000,0
2233.427273,508.000000,0
2233.431818,508.000000,0
2233.436364,513.000000,0
2233.440909,513.000000,0
2233.445455,513.000000,0
2233.450000,513.000000,0
2233.454545,514.000000,0
2233.459091,514.000000,0
2233.463636,514.000000,0
2233.468182,514.000000,0
2233.472727,508.000000,0
2233.477273,508.000000,0
2233.481818,508.000000,0
2233.486364,508.000000,0
2233.490909,509.000000,0
2233.495455,509.000000,0
2233.500000,509.000000,0
2233.504545,509.000000,0
2233.509091,509.000000,0
2233.513636,509.000000,0
2233.518182,509.000000,0
2233.522727,509.000000,0
2233.527273,510.000000,0
2233.531818,510.000000,0
2233.536364,510.000000,0
2233.540909,510.000000,0
2233.545455,509.000000,0
2233.550000,509.000000,0
2233.554545,509.000000,0
2233.559091,509.000000,0
2233.563636,513.000000,0
2233.568182,513.000000,0
2233.572727,513.000000,0
2233.577273,513.000000,0
2233.581818,513.000000,0
2233.586364,510.000000,0
2233.590909,510.000000,0
2233.595455,510.000000,0
2233.600000,510.000000,0
2233.604545,509.000000,0
2233.609091,509.000000,0
2233.613636,509.000000,0
2233.618182,509.000000,0
2233.622727,509.000000,0
2233.627273,509.000000,0
2233.631818,509.000000,0
2233.636364,509.000000,0
2233.640909,514.000000,0
2233.645455,514.000000,0
2233.650000,514.000000,0
2233.654545,514.000000,0
2233.659091,509.000000,0
2233.663636,509.000000,0
2233.668182,509.000000,0
2233.672727,509.000000,0
2233.677273,509.000000,0
2233.681818,509.000000,0
2233.686364,509.000000,0
2233.690909,509.000000,0
2233.695455,509.000000,0
2233.700000,510.000000,0
2233.704545,510.000000,0
2233.709091,510.000000,0
2233.713636,510.000000,0
2233.718182,509.000000,0
2233.722727,509.000000,0
2233.727273,509.000000,0
2233.731818,509.000000,0
2233.736364,513.000000,0
2233.740909,513.000000,0
2233.745455,513.000000,0
2233.750000,513.000000,0
2233.754545,508.000000,0
2233.759091,508.000000,0
2233.763636,508.000000,0
2233.768182,510.000000,0
2233.772727,510.000000,0
2233.777273,510.000000,0
2233.781818,510.000000,0
2233.786364,510.000000,0
2233.790909,509.000000,0
2233.795455,509.000000,0
2233.800000,509.000000,0
2233.804545,509.000000,0
2233.809091,505.000000,0
2233.813636,505.000000,0
2233.818182,505.000000,0
2233.822727,505.000000,0
2233.827273,510.000000,0
2233.831818,510.000000,0
2233.836364,510.000000,0
2233.840909,510.000000,0
2233.845455,513.000000,0
2233.850000,513.000000,0
2233.854545,513.000000,0
2233.859091,513.000000,0
2233.863636,513.000000,0
2233.868182,506.000000,0
2233.872727,506.000000,0
2233.877273,506.000000,0
2233.881818,508.000000,0
2233.886364,508.000000,0
2233.890909,508.000000,0
2233.895455,508.000000,0
2233.900000,510.000000,0
2233.904545,510.000000,0
2233.909091,510.000000,0
2233.913636,510.000000,0
2233.918182,509.000000,0
2233.922727,509.000000,0
2233.927273,509.000000,0
2233.931818,509.000000,0
2233.936364,510.000000,0
2233.940909,510.000000,0
2233.945455,510.000000,0
2233.950000,510.000000,0
2233.954545,513.000000,0
2233.959091,513.000000,0
2233.963636,513.000000,0
2233.968182,513.000000,0
2233.972727,513.000000,0
2233.977273,513.000000,0
2233.981818,513.000000,0
2233.986364,513.000000,0
2233.990909,513.000000,0
2233.995455,513.000000,0
2234.000000,513.000000,0
2234.004545,513.000000,0
2234.009091,513.000000,0
2234.013636,509.000000,0
2234.018182,509.000000,0
2234.022727,509.000000,0
2234.027273,509.000000,0
2234.031818,509.000000,0
2234.036364,509.000000,0
2234.040909,509.000000,0
2234.045455,509.000000,0
2234.050000,504.000000,0
2234.054545,504.000000,0
2234.059091,504.000000,0
2234.063636,504.000000,0
2234.068182,508.000000,0
2234.072727,508.000000,0
2234.077273,508.000000,0
2234.081818,508.000000,0
2234.086364,510.000000,0
2234.090909,510.000000,0
2234.095455,510.000000,0
2234.100000,510.000000,0
2234.104545,514.000000,0
2234.109091,514.000000,0
2234.113636,514.000000,0
2234.118182,514.000000,0
2234.122727,512.000000,0
2234.127273,512.000000,0
2234.131818,512.000000,0
2234.136364,512.000000,0
2234.140909,512.000000,0
2234.145455,517.000000,0
2234.150000,517.000000,0
2234.154545,517.000000,0
2234.159091,509.000000,0
2234.163636,509.000000,0
2234.168182,509.000000,0
2234.172727,509.000000,0
2234.177273,510.000000,0
2234.181818,510.000000,0
2234.186364,510.000000,0
2234.190909,510.000000,0
2234.195455,509.000000,0
2234.200000,509.000000,0
2234.204545,509.000000,0
2234.209091,512.000000,0
2234.213636,512.000000,0
2234.218182,512.000000,0
2234.222727,512.000000,0
2234.227273,509.000000,0
2234.231818,509.000000,0
2234.236364,509.000000,0
2234.240909,509.000000,0
2234.245455,513.000000,0
2234.250000,513.000000,0
2234.254545,513.000000,0
2234.259091,513.000000,0
2234.263636,510.000000,0
2234.268182,510.000000,0
2234.272727,510.000000,0
2234.277273,509.000000,0
2234.281818,509.000000,0
2234.286364,509.000000,0
2234.290909,509.000000,0
2234.295455,509.000000,0
2234.300000,509.000000,0
2234.304545,509.000000,0
2234.309091,509.000000,0
2234.313636,509.000000,0
2234.318182,509.000000,0
2234.322727,509.000000,0
2234.327273,509.000000,0
2234.331818,509.000000,0
2234.336364,510.000000,0
2234.340909,510.000000,0
2234.345455,510.000000,0
2234.350000,510.000000,0
2234.354545,510.000000,0
2234.359091,510.000000,0
2234.363636,510.000000,0
2234.368182,509.000000,0
2234.372727,509.000000,0
2234.377273,509.000000,0
2234.381818,509.000000,0
2234.386364,513.000000,0
2234.390909,513.000000,0
2234.395455,513.000000,0
2234.400000,513.000000,0
2234.404545,509.000000,0
2234.409091,509.000000,0
2234.413636,509.000000,0
2234.418182,509.000000,0
2234.422727,510.000000,0
2234.427273,510.000000,0
2234.431818,510.000000,0
2234.436364,510.000000,0
2234.440909,510.000000,0
2234.445455,500.000000,0
2234.450000,500.000000,0
2234.454545,500.000000,0
2234.459091,500.000000,0
2234.463636,508.000000,0
2234.468182,508.000000,0
2234.472727,508.000000,0
2234.477273,508.000000,0
2234.481818,513.000000,0
2234.486364,513.000000,0
2234.490909,513.000000,0
2234.495455,513.000000,0
2234.500000,510.000000,0
2234.504545,510.000000,0
2234.509091,510.000000,0
2234.513636,510.000000,0
2234.518182,513.000000,0
2234.522727,513.000000,0
2234.527273,513.000000,0
2234.531818,513.000000,0
2234.536364,512.000000,0
2234.540909,512.000000,0
2234.545455,512.000000,0
2234.550000,512.000000,0
2234.554545,509.000000,0
2234.559091,509.000000,0
2234.563636,509.000000,0
2234.568182,509.000000,0
2234.572727,506.000000,0
2234.577273,506.000000,0
2234.581818,506.000000,0
2234.586364,506.000000,0
2234.590909,509.000000,0
2234.595455,509.000000,0
2234.600000,509.000000,0
2234.604545,509.000000,0
2234.609091,512.000000,0
2234.613636,512.000000,0
2234.618182,512.000000,0
2234.622727,512.000000,0
2234.627273,513.000000,0
2234.631818,513.000000,0
2234.636364,513.000000,0
2234.640909,513.000000,0
2234.645455,513.000000,0
2234.650000,513.000000,0
2234.654545,513.000000,0
2234.659091,513.000000,0
2234.663636,513.000000,0
2234.668182,513.000000,0
2234.672727,513.000000,0
2234.677273,513.000000,0
2234.681818,513.000000,0
2234.686364,508.000000,0
2234.690909,508.000000,0
2234.695455,508.000000,0
2234.700000,508.000000,0
2234.704545,509.000000,0
2234.709091,509.000000,0
2234.713636,509.000000,0
2234.718182,509.000000,0
2234.722727,513.000000,0
2234.727273,513.000000,0
2234.731818,513.000000,0
2234.736364,513.000000,0
2234.740909,510.000000,0
2234.745455,510.000000,0
2234.750000,510.000000,0
2234.754545,510.000000,0
2234.759091,514.000000,0
2234.763636,514.000000,0
2234.768182,514.000000,0
2234.772727,514.000000,0
2234.777273,509.000000,0
2234.781818,509.000000,0
2234.786364,509.000000,0
2234.790909,509.000000,0
2234.795455,509.000000,0
2234.800000,509.000000,0
2234.804545,509.000000,0
2234.809091,509.000000,0
2234.813636,510.000000,0
2234.818182,510.000000,0
2234.822727,510.000000,0
2234.827273,510.000000,0
2234.831818,509.000000,0
2234.836364,509.000000,0
2234.840909,509.000000,0
2234.845455,509.000000,0
2234.850000,509.000000,0
2234.854545,503.000000,0
2234.859091,503.000000,0
2234.863636,503.000000,0
2234.868182,503.000000,0
2234.872727,510.000000,0
2234.877273,510.000000,0
2234.881818,510.000000,0
2234.886364,510.000000,0
2234.890909,512.000000,0
2234.895455,512.000000,0
2234.900000,512.000000,0
2234.904545,512.000000,0
2234.909091,512.000000,0
2234.913636,512.000000,0
2234.918182,512.000000,0
2234.922727,512.000000,0
2234.927273,510.000000,0
2234.931818,510.000000,0
2234.936364,510.000000,0
2234.940909,510.000000,0
2234.945455,509.000000,0
2234.950000,509.000000,0
2234.954545,509.000000,0
2234.959091,509.000000,0
2234.963636,510.000000,0
2234.968182,510.000000,0
2234.972727,510.000000,0
2234.977273,510.000000,0
2234.981818,510.000000,0
2234.986364,510.000000,0
2234.990909,510.000000,0
2234.995455,510.000000,0
2235.000000,512.000000,0
2235.004545,512.000000,0
2235.009091,512.000000,0
2235.013636,512.000000,0
2235.018182,512.000000,0
2235.022727,512.000000,0
2235.027273,512.000000,0
2235.031818,512.000000,0
2235.036364,512.000000,0
2235.040909,512.000000,0
2235.045455,513.000000,0
2235.050000,513.000000,0
2235.054545,513.000000,0
2235.059091,513.000000,0
2235.063636,513.000000,0
2235.068182,513.000000,0
2235.072727,513.000000,0
2235.077273,513.000000,0
2235.081818,509.000000,0
2235.086364,509.000000,0
2235.090909,509.000000,0
2235.095455,508.000000,0
2235.100000,508.000000,0
2235.104545,508.000000,0
2235.109091,508.000000,0
2235.113636,509.000000,0
2235.118182,509.000000,0
2235.122727,509.000000,0
2235.127273,509.000000,0
2235.131818,514.000000,0
2235.136364,514.000000,0
2235.140909,514.000000,0
2235.145455,514.000000,0
2235.150000,513.000000,0
2235.154545,513.000000,0
2235.159091,513.000000,0
2235.163636,513.000000,0
2235.168182,512.000000,0
2235.172727,512.000000,0
2235.177273,512.000000,0
2235.181818,512.000000,0
2235.186364,512.000000,0
2235.190909,512.000000,0
2235.195455,512.000000,0
2235.200000,512.000000,0
2235.204545,509.000000,0
2235.209091,509.000000,0
2235.213636,509.000000,0
2235.218182,509.000000,0
2235.222727,508.000000,0
2235.227273,508.000000,0
2235.231818,508.000000,0
2235.236364,508.000000,0
2235.240909,509.000000,0
2235.245455,509.000000,0
2235.250000,509.000000,0
2235.254545,509.000000,0
2235.259091,509.000000,0
2235.263636,509.000000,0
2235.268182,509.000000,0
2235.272727,509.000000,0
2235.277273,509.000000,0
2235.281818,506.000000,0
2235.286364,506.000000,0
2235.290909,506.000000,0
2235.295455,506.000000,0
2235.300000,512.000000,0
2235.304545,512.000000,0
2235.309091,512.000000,0
2235.313636,512.000000,0
2235.318182,512.000000,0
2235.322727,509.000000,0
2235.327273,509.000000,0
2235.331818,509.000000,0
2235.336364,509.000000,0
2235.340909,510.000000,0
2235.345455,510.000000,0
2235.350000,510.000000,0
2235.354545,510.000000,0
2235.359091,510.000000,0
2235.363636,510.000000,0
2235.368182,510.000000,0
2235.372727,510.000000,0
2235.377273,512.000000,0
2235.381818,512.000000,0
2235.386364,512.000000,0
2235.390909,512.000000,0
2235.395455,510.000000,0
2235.400000,510.000000,0
2235.404545,510.000000,0
2235.409091,510.000000,0
2235.413636,510.000000,0
2235.418182,510.000000,0
2235.422727,510.000000,0
2235.427273,509.000000,0
2235.431818,509.000000,0
2235.436364,509.000000,0
2235.440909,509.000000,0
2235.445455,509.000000,0
2235.450000,513.000000,0
2235.454545,513.000000,0
2235.459091,513.000000,0
2235.463636,513.000000,0
2235.468182,509.000000,0
2235.472727,509.000000,0
2235.477273,509.000000,0
2235.481818,509.000000,0
2235.486364,510.000000,0
2235.490909,510.000000,0
2235.495455,510.000000,0
2235.500000,510.000000,0
2235.504545,509.000000,0
2235.509091,509.000000,0
2235.513636,509.000000,0
2235.518182,509.000000,0
2235.522727,512.000000,0
2235.527273,512.000000,0
2235.531818,512.000000,0
2235.536364,512.000000,0
2235.540909,512.000000,0
2235.545455,512.000000,0
2235.550000,512.000000,0
2235.554545,512.000000,0
2235.559091,510.000000,0
2235.563636,510.000000,0
2235.568182,510.000000,0
2235.572727,510.000000,0
2235.577273,510.000000,0
2235.581818,510.000000,0
2235.586364,510.000000,0
2235.590909,510.000000,0
2235.595455,508.000000,0
2235.600000,508.000000,0
2235.604545,508.000000,0
2235.609091,508.000000,0
2235.613636,513.000000,0
2235.618182,513.000000,0
2235.622727,513.000000,0
2235.627273,513.000000,0
2235.631818,509.000000,0
2235.636364,509.000000,0
2235.640909,509.000000,0
2235.645455,509.000000,0
2235.650000,509.000000,0
2235.654545,509.000000,0
2235.659091,509.000000,0
2235.663636,509.000000,0
2235.668182,509.000000,0
2235.672727,509.000000,0
2235.677273,509.000000,0
2235.681818,509.000000,0
2235.686364,509.000000,0
2235.690909,513.000000,0
2235.695455,513.000000,0
2235.700000,513.000000,0
2235.704545,513.000000,0
2235.709091,722.000000,0
2235.713636,722.000000,0
2235.718182,722.000000,0
2235.722727,722.000000,0
2235.727273,483.000000,0
2235.731818,483.000000,0
2235.736364,483.000000,0
2235.740909,483.000000,0
2235.745455,508.000000,0
2235.750000,508.000000,0
2235.754545,508.000000,0
2235.759091,508.000000,0
2235.763636,508.000000,0
2235.768182,508.000000,0
2235.772727,508.000000,0
2235.777273,508.000000,0
2235.781818,509.000000,0
2235.786364,509.000000,0
2235.790909,509.000000,0
2235.795455,509.000000,0
2235.800000,510.000000,0
2235.804545,510.000000,0
2235.809091,510.000000,0
2235.813636,510.000000,0
2235.818182,510.000000,0
2235.822727,510.000000,0
2235.827273,510.000000,0
2235.831818,510.000000,0
2235.836364,510.000000,0
2235.840909,510.000000,0
2235.845455,510.000000,0
2235.850000,510.000000,0
2235.854545,510.000000,0
2235.859091,510.000000,0
2235.863636,509.000000,0
2235.868182,509.000000,0
2235.872727,509.000000,0
2235.877273,509.000000,0
2235.881818,509.000000,0
2235.886364,509.000000,0
2235.890909,509.000000,0
2235.895455,509.000000,0
2235.900000,509.000000,0
2235.904545,509.000000,0
2235.909091,509.000000,0
2235.913636,509.000000,0
2235.918182,509.000000,0
2235.922727,509.000000,0
2235.927273,509.000000,0
2235.931818,509.000000,0
2235.936364,512.000000,0
2235.940909,512.000000,0
2235.945455,512.000000,0
2235.950000,512.000000,0
2235.954545,512.000000,0
2235.959091,512.000000,0
2235.963636,512.000000,0
2235.968182,512.000000,0
2235.972727,512.000000,0
2235.977273,512.000000,0
2235.981818,512.000000,0
2235.986364,512.000000,0
2235.990909,509.000000,0
2235.995455,509.000000,0
2236.000000,509.000000,0
2236.004545,510.000000,0
2236.009091,510.000000,0
2236.013636,510.000000,0
2236.018182,510.000000,0
2236.022727,510.000000,0
2236.027273,510.000000,0
2236.031818,510.000000,0
2236.036364,510.000000,0
2236.040909,510.000000,0
2236.045455,509.000000,0
2236.050000,509.000000,0
2236.054545,509.000000,0
2236.059091,509.000000,0
2236.063636,509.000000,0
2236.068182,509.000000,0
2236.072727,509.000000,0
2236.077273,509.000000,0
2236.081818,513.000000,0
2236.086364,513.000000,0
2236.090909,513.000000,0
2236.095455,513.000000,0
2236.100000,512.000000,0
2236.104545,512.000000,0
2236.109091,512.000000,0
2236.113636,512.000000,0
2236.118182,509.000000,0
2236.122727,509.000000,0
2236.127273,509.000000,0
2236.131818,509.000000,0
2236.136364,509.000000,0
2236.140909,509.000000,0
2236.145455,509.000000,0
2236.150000,509.000000,0
2236.154545,508.000000,0
2236.159091,508.000000,0
2236.163636,508.000000,0
2236.168182,508.000000,0
2236.172727,508.000000,0
2236.177273,509.000000,0
2236.181818,509.000000,0
2236.186364,509.000000,0
2236.190909,509.000000,0
2236.195455,510.000000,0
2236.200000,510.000000,0
2236.204545,510.000000,0
2236.209091,510.000000,0
2236.213636,512.000000,0
2236.218182,512.000000,0
2236.222727,512.000000,0
2236.227273,510.000000,0
2236.231818,510.000000,0
2236.236364,510.000000,0
2236.240909,510.000000,0
2236.245455,510.000000,0
2236.250000,510.000000,0
2236.254545,510.000000,0
2236.259091,510.000000,0
2236.263636,510.000000,0
2236.268182,445.000000,0
2236.272727,445.000000,0
2236.277273,445.000000,0
2236.281818,445.000000,0
2236.286364,501.000000,0
2236.290909,501.000000,0
2236.295455,501.000000,0
2236.300000,501.000000,0
2236.304545,508.000000,0
2236.309091,508.000000,0
2236.313636,508.000000,0
2236.318182,508.000000,0
2236.322727,510.000000,0
2236.327273,510.000000,0
2236.331818,510.000000,0
2236.336364,510.000000,0
2236.340909,512.000000,0
2236.345455,512.000000,0
2236.350000,512.000000,0
2236.354545,512.000000,0
2236.359091,509.000000,0
2236.363636,509.000000,0
2236.368182,509.000000,0
2236.372727,509.000000,0
2236.377273,509.000000,0
2236.381818,509.000000,0
2236.386364,509.000000,0
2236.390909,509.000000,0
2236.395455,509.000000,0
2236.400000,509.000000,0
2236.404545,509.000000,0
2236.409091,509.000000,0
2236.413636,509.000000,0
2236.418182,509.000000,0
2236.422727,509.000000,0
2236.427273,509.000000,0
2236.431818,509.000000,0
2236.436364,509.000000,0
2236.440909,509.000000,0
2236.445455,509.000000,0
2236.450000,509.000000,0
2236.454545,509.000000,0
2236.459091,509.000000,0
2236.463636,509.000000,0
2236.468182,512.000000,0
2236.472727,512.000000,0
2236.477273,512.000000,0
2236.481818,512.000000,0
2236.486364,513.000000,0
2236.490909,513.000000,0
2236.495455,513.000000,0
2236.500000,513.000000,0
2236.504545,509.000000,0
2236.509091,509.000000,0
2236.513636,509.000000,0
2236.518182,509.000000,0
2236.522727,509.000000,0
2236.527273,509.000000,0
2236.531818,509.000000,0
2236.536364,509.000000,0
2236.540909,509.000000,0
2236.545455,509.000000,0
2236.550000,509.000000,0
2236.554545,509.000000,0
2236.559091,509.000000,0
2236.563636,509.000000,0
2236.568182,509.000000,0
2236.572727,509.000000,0
2236.577273,509.000000,0
2236.581818,509.000000,0
2236.586364,509.000000,0
2236.590909,509.000000,0
2236.595455,509.000000,0
2236.600000,509.000000,0
2236.604545,512.000000,0
2236.609091,512.000000,0
2236.613636,512.000000,0
2236.618182,512.000000,0
2236.622727,513.000000,0
2236.627273,513.000000,0
2236.631818,513.000000,0
2236.636364,513.000000,0
2236.640909,509.000000,0
2236.645455,509.000000,0
2236.650000,509.000000,0
2236.654545,509.000000,0
2236.659091,510.000000,0
2236.663636,510.000000,0
2236.668182,510.000000,0
2236.672727,510.000000,0
2236.677273,510.000000,0
2236.681818,510.000000,0
2236.686364,510.000000,0
2236.690909,510.000000,0
2236.695455,509.000000,0
2236.700000,509.000000,0
2236.704545,509.000000,0
2236.709091,509.000000,0
2236.713636,512.000000,0
2236.718182,512.000000,0
2236.722727,512.000000,0
2236.727273,512.000000,0
2236.731818,512.000000,0
2236.736364,512.000000,0
2236.740909,512.000000,0
2236.745455,512.000000,0
2236.750000,512.000000,0
2236.754545,512.000000,0
2236.759091,512.000000,0
2236.763636,512.000000,0
2236.768182,575.000000,0
2236.772727,575.000000,0
2236.777273,575.000000,0
2236.781818,575.000000,0
2236.786364,495.000000,0
2236.790909,495.000000,0
2236.795455,495.000000,0
2236.800000,495.000000,0
2236.804545,508.000000,0
2236.809091,508.000000,0
2236.813636,508.000000,0
2236.818182,508.000000,0
2236.822727,506.000000,0
2236.827273,506.000000,0
2236.831818,506.000000,0
2236.836364,506.000000,0
2236.840909,510.000000,0
2236.845455,510.000000,0
2236.850000,510.000000,0
2236.854545,510.000000,0
2236.859091,512.000000,0
2236.863636,512.000000,0
2236.868182,512.000000,0
2236.872727,512.000000,0
2236.877273,512.000000,0
2236.881818,512.000000,0
2236.886364,512.000000,0
2236.890909,512.000000,0
2236.895455,509.000000,0
2236.900000,509.000000,0
2236.904545,509.000000,0
2236.909091,509.000000,0
2236.913636,509.000000,0
2236.918182,509.000000,0
2236.922727,509.000000,0
2236.927273,509.000000,0
2236.931818,509.000000,0
2236.936364,509.000000,0
2236.940909,509.000000,0
2236.945455,509.000000,0
2236.950000,509.000000,0
2236.954545,509.000000,0
2236.959091,509.000000,0
2236.963636,509.000000,0
2236.968182,509.000000,0
2236.972727,512.000000,0
2236.977273,512.000000,0
2236.981818,512.000000,0
2236.986364,513.000000,0
2236.990909,513.000000,0
2236.995455,513.000000,0
2237.000000,513.000000,0
2237.004545,513.000000,0
2237.009091,512.000000,0
2237.013636,512.000000,0
2237.018182,512.000000,0
2237.022727,512.000000,0
2237.027273,510.000000,0
2237.031818,510.000000,0
2237.036364,510.000000,0
2237.040909,510.000000,0
2237.045455,509.000000,0
2237.050000,509.000000,0
2237.054545,509.000000,1
2237.059091,509.000000,0
2237.063636,509.000000,0
2237.068182,512.000000,0
2237.072727,512.000000,0
2237.077273,512.000000,0
2237.081818,509.000000,0
2237.086364,509.000000,0
2237.090909,509.000000,0
2237.095455,509.000000,0
2237.100000,509.000000,0
2237.104545,509.000000,0
2237.109091,509.000000,0
2237.113636,512.000000,0
2237.118182,512.000000,0
2237.122727,512.000000,0
2237.127273,512.000000,0
2237.131818,512.000000,0
2237.136364,512.000000,0
2237.140909,512.000000,0
2237.145455,512.000000,0
2237.150000,512.000000,0
2237.154545,512.000000,0
2237.159091,512.000000,0
2237.163636,512.000000,0
2237.168182,509.000000,0
2237.172727,509.000000,0
2237.177273,509.000000,0
2237.181818,509.000000,0
2237.186364,509.000000,0
2237.190909,509.000000,0
2237.195455,509.000000,0
2237.200000,509.000000,0
2237.204545,509.000000,0
2237.209091,509.000000,0
2237.213636,509.000000,0
2237.218182,509.000000,0
2237.222727,509.000000,0
2237.227273,509.000000,0
2237.231818,509.000000,0
2237.236364,509.000000,0
2237.240909,513.000000,0
2237.245455,513.000000,0
2237.250000,513.000000,0
2237.254545,513.000000,0
2237.259091,513.000000,0
2237.263636,513.000000,0
2237.268182,513.000000,0
2237.272727,513.000000,0
2237.277273,447.000000,0
2237.281818,447.000000,0
2237.286364,447.000000,0
2237.290909,447.000000,0
2237.295455,483.000000,0
2237.300000,483.000000,0
2237.304545,483.000000,0
2237.309091,483.000000,0
2237.313636,508.000000,0
2237.318182,508.000000,0
2237.322727,508.000000,0
2237.327273,508.000000,0
2237.331818,509.000000,0
2237.336364,509.000000,0
2237.340909,509.000000,0
2237.345455,509.000000,0
2237.350000,508.000000,0
2237.354545,508.000000,0
2237.359091,508.000000,0
2237.363636,508.000000,0
2237.368182,508.000000,0
2237.372727,509.000000,0
2237.377273,509.000000,0
2237.381818,512.000000,0
2237.386364,512.000000,0
2237.390909,512.000000,0
2237.395455,512.000000,0
2237.400000,512.000000,0
2237.404545,509.000000,0
2237.409091,509.000000,0
2237.413636,509.000000,0
2237.418182,509.000000,0
2237.422727,509.000000,0
2237.427273,509.000000,0
2237.431818,509.000000,0
2237.436364,509.000000,0
2237.440909,510.000000,0
2237.445455,510.000000,0
2237.450000,509.000000,0
2237.454545,509.000000,0
2237.459091,509.000000,0
2237.463636,509.000000,0
2237.468182,510.000000,0
2237.472727,510.000000,0
2237.477273,510.000000,0
2237.481818,510.000000,0
2237.486364,510.000000,0
2237.490909,510.000000,0
2237.495455,510.000000,0
2237.500000,510.000000,0
2237.504545,513.000000,0
2237.509091,513.000000,0
2237.513636,513.000000,0
2237.518182,513.000000,0
2237.522727,513.000000,0
2237.527273,513.000000,0
2237.531818,513.000000,0
2237.536364,513.000000,0
2237.540909,509.000000,0
2237.545455,509.000000,0
2237.550000,509.000000,0
2237.554545,512.000000,0
2237.559091,512.000000,0
2237.563636,512.000000,0
2237.568182,512.000000,0
2237.572727,510.000000,0
2237.577273,510.000000,0
2237.581818,510.000000,0
2237.586364,510.000000,0
2237.590909,509.000000,0
2237.595455,509.000000,0
2237.600000,509.000000,0
2237.604545,509.000000,0
2237.609091,510.000000,0
2237.613636,510.000000,0
2237.618182,510.000000,0
2237.622727,512.000000,0
2237.627273,512.000000,0
2237.631818,512.000000,0
2237.636364,512.000000,0
2237.640909,512.000000,0
2237.645455,509.000000,0
2237.650000,509.000000,0
2237.654545,509.000000,0
2237.659091,509.000000,0
2237.663636,509.000000,0
2237.668182,509.000000,0
2237.672727,509.000000,0
2237.677273,509.000000,0
2237.681818,509.000000,0
2237.686364,509.000000,0
2237.690909,509.000000,0
2237.695455,509.000000,0
2237.700000,509.000000,0
2237.704545,509.000000,0
2237.709091,509.000000,0
2237.713636,510.000000,0
2237.718182,510.000000,0
2237.722727,510.000000,0
2237.727273,510.000000,0
2237.731818,510.000000,0
2237.736364,510.000000,0
2237.740909,510.000000,0
2237.745455,510.000000,0
2237.750000,514.000000,0
2237.754545,514.000000,0
2237.759091,514.000000,0
2237.763636,514.000000,0
2237.768182,469.000000,0
2237.772727,469.000000,0
2237.777273,469.000000,0
2237.781818,469.000000,0
2237.786364,505.000000,0
2237.790909,505.000000,0
2237.795455,505.000000,0
2237.800000,505.000000,0
2237.804545,509.000000,0
2237.809091,509.000000,0
2237.813636,509.000000,0
2237.818182,509.000000,0
2237.822727,509.000000,0
2237.827273,509.000000,0
2237.831818,509.000000,0
2237.836364,509.000000,0
2237.840909,509.000000,0
2237.845455,509.000000,0
2237.850000,509.000000,0
2237.854545,509.000000,0
2237.859091,513.000000,0
2237.863636,513.000000,0
2237.868182,513.000000,0
2237.872727,513.000000,0
2237.877273,513.000000,0
2237.881818,513.000000,0
2237.886364,513.000000,0
2237.890909,513.000000,0
2237.895455,513.000000,0
2237.900000,509.000000,0
2237.904545,509.000000,0
2237.909091,509.000000,0
2237.913636,509.000000,0
2237.918182,509.000000,0
2237.922727,509.000000,0
2237.927273,509.000000,0
2237.931818,509.000000,0
2237.936364,509.000000,0
2237.940909,509.000000,0
2237.945455,509.000000,0
2237.950000,509.000000,0
2237.954545,510.000000,0
2237.959091,510.000000,0
2237.963636,510.000000,0
2237.968182,510.000000,0
2237.972727,509.000000,0
2237.977273,509.000000,0
2237.981818,509.000000,0
2237.986364,509.000000,0
2237.990909,510.000000,0
2237.995455,510.000000,0
2238.000000,510.000000,0
2238.004545,510.000000,0
2238.009091,512.000000,0
2238.013636,512.000000,0
2238.018182,512.000000,0
2238.022727,512.000000,0
2238.027273,512.000000,0
2238.031818,512.000000,0
2238.036364,512.000000,0
2238.040909,512.000000,0
2238.045455,510.000000,0
2238.050000,510.000000,0
2238.054545,510.000000,0
2238.059091,510.000000,0
2238.063636,510.000000,0
2238.068182,508.000000,0
2238.072727,508.000000,0
2238.077273,508.000000,0
2238.081818,508.000000,0
2238.086364,510.000000,0
2238.090909,510.000000,0
2238.095455,510.000000,0
2238.100000,510.000000,0
2238.104545,497.000000,0
2238.109091,497.000000,0
2238.113636,497.000000,0
2238.118182,497.000000,0
2238.122727,509.000000,0
2238.127273,509.000000,0
2238.131818,509.000000,0
2238.136364,509.000000,0
2238.140909,512.000000,0
2238.145455,512.000000,0
2238.150000,512.000000,0
2238.154545,512.000000,0
2238.159091,512.000000,0
2238.163636,512.000000,0
2238.168182,512.000000,0
2238.172727,512.000000,0
2238.177273,509.000000,0
2238.181818,509.000000,0
2238.186364,509.000000,0
2238.190909,509.000000,0
2238.195455,509.000000,0
2238.200000,508.000000,0
2238.204545,508.000000,0
2238.209091,508.000000,0
2238.213636,508.000000,0
2238.218182,513.000000,0
2238.222727,513.000000,0
2238.227273,513.000000,0
2238.231818,513.000000,0
2238.236364,512.000000,0
2238.240909,512.000000,0
2238.245455,512.000000,0
2238.250000,512.000000,0
2238.254545,509.000000,0
2238.259091,509.000000,0
2238.263636,509.000000,0
2238.268182,509.000000,0
2238.272727,512.000000,0
2238.277273,512.000000,0
2238.281818,512.000000,0
2238.286364,513.000000,0
2238.290909,513.000000,0
2238.295455,513.000000,0
2238.300000,513.000000,0
2238.304545,513.000000,0
2238.309091,510.000000,0
2238.313636,510.000000,0
2238.318182,510.000000,0
2238.322727,510.000000,0
2238.327273,512.000000,0
2238.331818,512.000000,0
2238.336364,512.000000,0
2238.340909,512.000000,0
2238.345455,513.000000,0
2238.350000,513.000000,0
2238.354545,513.000000,0
2238.359091,513.000000,0
2238.363636,508.000000,0
2238.368182,508.000000,0
2238.372727,508.000000,0
2238.377273,508.000000,0
2238.381818,509.000000,0
2238.386364,509.000000,0
2238.390909,509.000000,0
2238.395455,509.000000,0
2238.400000,509.000000,0
2238.404545,510.000000,0
2238.409091,510.000000,0
2238.413636,510.000000,0
2238.418182,510.000000,0
2238.422727,510.000000,0
2238.427273,510.000000,0
2238.431818,510.000000,0
2238.436364,510.000000,0
2238.440909,510.000000,0
2238.445455,510.000000,0
2238.450000,510.000000,0
2238.454545,510.000000,0
2238.459091,509.000000,0
2238.463636,509.000000,0
2238.468182,509.000000,0
2238.472727,509.000000,0
2238.477273,509.000000,0
2238.481818,509.000000,0
2238.486364,509.000000,0
2238.490909,509.000000,0
2238.495455,505.000000,0
2238.500000,505.000000,0
2238.504545,505.000000,0
2238.509091,505.000000,0
2238.513636,509.000000,0
2238.518182,509.000000,0
2238.522727,509.000000,0
2238.527273,509.000000,0
2238.531818,512.000000,0
2238.536364,512.000000,0
2238.540909,512.000000,0
2238.545455,512.000000,0
2238.550000,517.000000,0
2238.554545,517.000000,0
2238.559091,517.000000,0
2238.563636,517.000000,0
2238.568182,513.000000,0
2238.572727,513.000000,0
2238.577273,513.000000,0
2238.581818,513.000000,0
2238.586364,510.000000,0
2238.590909,510.000000,0
2238.595455,510.000000,0
2238.600000,510.000000,0
2238.604545,510.000000,0
2238.609091,510.000000,0
2238.613636,510.000000,0
2238.618182,510.000000,0
2238.622727,509.000000,0
2238.627273,509.000000,0
2238.631818,509.000000,0
2238.636364,509.000000,0
2238.640909,510.000000,0
2238.645455,510.000000,0
2238.650000,510.000000,0
2238.654545,510.000000,0
2238.659091,509.000000,0
2238.663636,509.000000,0
2238.668182,509.000000,0
2238.672727,509.000000,0
2238.677273,514.000000,0
2238.681818,514.000000,0
2238.686364,514.000000,0
2238.690909,514.000000,0
2238.695455,514.000000,0
2238.700000,514.000000,0
2238.704545,509.000000,0
2238.709091,509.000000,0
2238.713636,509.000000,0
2238.718182,509.000000,0
2238.722727,669.000000,0
2238.727273,669.000000,0
2238.731818,669.000000,0
2238.736364,669.000000,0
2238.740909,500.000000,0
2238.745455,500.000000,0
2238.750000,500.000000,0
2238.754545,500.000000,0
2238.759091,508.000000,0
2238.763636,508.000000,0
2238.768182,508.000000,0
2238.772727,508.000000,0
2238.777273,513.000000,0
2238.781818,513.000000,0
2238.786364,513.000000,0
2238.790909,513.000000,0
2238.795455,510.000000,0
2238.800000,510.000000,0
2238.804545,510.000000,0
2238.809091,510.000000,0
2238.813636,510.000000,0
2238.818182,510.000000,0
2238.822727,510.000000,0
2238.827273,510.000000,0
2238.831818,512.000000,0
2238.836364,512.000000,0
2238.840909,512.000000,0
2238.845455,512.000000,0
2238.850000,510.000000,0
2238.854545,510.000000,0
2238.859091,510.000000,0
2238.863636,510.000000,0
2238.868182,513.000000,0
2238.872727,513.000000,0
2238.877273,513.000000,0
2238.881818,513.000000,0
2238.886364,508.000000,0
2238.890909,508.000000,0
2238.895455,508.000000,0
2238.900000,508.000000,0
2238.904545,509.000000,0
2238.909091,509.000000,0
2238.913636,509.000000,0
2238.918182,509.000000,0
2238.922727,510.000000,0
2238.927273,510.000000,0
2238.931818,510.000000,0
2238.936364,510.000000,0
2238.940909,513.000000,0
2238.945455,513.000000,0
2238.950000,513.000000,0
2238.954545,513.000000,0
2238.959091,510.000000,0
2238.963636,510.000000,0
2238.968182,510.000000,0
2238.972727,510.000000,0
2238.977273,510.000000,0
2238.981818,512.000000,0
2238.986364,512.000000,0
2238.990909,513.000000,0
2238.995455,513.000000,0
2239.000000,513.000000,0
2239.004545,513.000000,0
2239.009091,513.000000,0
2239.013636,509.000000,0
2239.018182,509.000000,0
2239.022727,509.000000,0
2239.027273,508.000000,0
2239.031818,508.000000,0
2239.036364,508.000000,0
2239.040909,509.000000,0
2239.045455,509.000000,0
2239.050000,509.000000,0
2239.054545,509.000000,0
2239.059091,509.000000,0
2239.063636,509.000000,0
2239.068182,514.000000,0
2239.072727,514.000000,0
2239.077273,514.000000,0
2239.081818,514.000000,0
2239.086364,508.000000,0
2239.090909,508.000000,0
2239.095455,508.000000,0
2239.100000,508.000000,0
2239.104545,505.000000,0
2239.109091,505.000000,0
2239.113636,505.000000,0
2239.118182,505.000000,0
2239.122727,508.000000,0
2239.127273,508.000000,0
2239.131818,508.000000,0
2239.136364,508.000000,0
2239.140909,508.000000,0
2239.145455,508.000000,0
2239.150000,508.000000,0
2239.154545,508.000000,0
2239.159091,508.000000,0
2239.163636,510.000000,0
2239.168182,510.000000,0
2239.172727,510.000000,0
2239.177273,510.000000,0
2239.181818,510.000000,0
2239.186364,510.000000,0
2239.190909,510.000000,0
2239.195455,510.000000,0
2239.200000,509.000000,0
2239.204545,509.000000,0
2239.209091,509.000000,0
2239.213636,509.000000,0
2239.218182,509.000000,0
2239.222727,509.000000,0
2239.227273,509.000000,0
2239.231818,509.000000,0
2239.236364,509.000000,0
2239.240909,509.000000,0
2239.245455,509.000000,0
2239.250000,509.000000,0
2239.254545,504.000000,0
2239.259091,504.000000,0
2239.263636,504.000000,0
2239.268182,504.000000,0
2239.272727,506.000000,0
2239.277273,506.000000,0
2239.281818,506.000000,0
2239.286364,506.000000,0
2239.290909,518.000000,0
2239.295455,518.000000,0
2239.300000,518.000000,0
2239.304545,518.000000,0
2239.309091,510.000000,0
2239.313636,510.000000,0
2239.318182,510.000000,0
2239.322727,510.000000,0
2239.327273,510.000000,0
2239.331818,510.000000,0
2239.336364,510.000000,0
2239.340909,510.000000,0
2239.345455,510.000000,0
2239.350000,510.000000,0
2239.354545,510.000000,0
2239.359091,510.000000,0
2239.363636,510.000000,0
2239.368182,473.000000,0
2239.372727,473.000000,0
2239.377273,473.000000,0
2239.381818,473.000000,0
2239.386364,500.000000,0
2239.390909,500.000000,0
2239.395455,500.000000,0
2239.400000,500.000000,0
2239.404545,510.000000,0
2239.409091,510.000000,0
2239.413636,510.000000,0
2239.418182,510.000000,0
2239.422727,509.000000,0
2239.427273,509.000000,0
2239.431818,509.000000,0
2239.436364,509.000000,0
2239.440909,513.000000,0
2239.445455,513.000000,0
2239.450000,513.000000,0
2239.454545,513.000000,0
2239.459091,510.000000,0
2239.463636,510.000000,0
2239.468182,510.000000,0
2239.472727,510.000000,0
2239.477273,509.000000,0
2239.481818,509.000000,0
2239.486364,509.000000,0
2239.490909,509.000000,0
2239.495455,506.000000,0
2239.500000,506.000000,0
2239.504545,506.000000,0
2239.509091,506.000000,0
2239.513636,510.000000,0
2239.518182,510.000000,0
2239.522727,510.000000,0
2239.527273,510.000000,0
2239.531818,510.000000,0
2239.536364,505.000000,0
2239.540909,505.000000,0
2239.545455,505.000000,0
2239.550000,505.000000,0
2239.554545,512.000000,0
2239.559091,512.000000,0
2239.563636,512.000000,0
2239.568182,512.000000,0
2239.572727,513.000000,0
2239.577273,513.000000,0
2239.581818,513.000000,0
2239.586364,513.000000,0
2239.590909,513.000000,0
2239.595455,510.000000,0
2239.600000,510.000000,0
2239.604545,510.000000,0
2239.609091,510.000000,0
2239.613636,510.000000,0
2239.618182,510.000000,0
2239.622727,510.000000,0
2239.627273,510.000000,0
2239.631818,512.000000,0
2239.636364,512.000000,0
2239.640909,512.000000,0
2239.645455,509.000000,0
2239.650000,509.000000,0
2239.654545,509.000000,0
2239.659091,509.000000,0
2239.663636,509.000000,0
2239.668182,510.000000,0
2239.672727,510.000000,0
2239.677273,510.000000,0
2239.681818,510.000000,0
2239.686364,513.000000,0
2239.690909,513.000000,0
2239.695455,513.000000,0
2239.700000,513.000000,0
2239.704545,510.000000,0
2239.709091,510.000000,0
2239.713636,510.000000,0
2239.718182,510.000000,0
2239.722727,508.000000,0
2239.727273,508.000000,0
2239.731818,508.000000,0
2239.736364,509.000000,0
2239.740909,509.000000,0
2239.745455,509.000000,0
2239.750000,509.000000,0
2239.754545,509.000000,0
2239.759091,509.000000,0
2239.763636,509.000000,0
2239.768182,509.000000,0
2239.772727,510.000000,0
2239.777273,510.000000,0
2239.781818,510.000000,0
2239.786364,510.000000,0
2239.790909,510.000000,0
2239.795455,510.000000,0
2239.800000,510.000000,0
2239.804545,510.000000,0
2239.809091,510.000000,0
2239.813636,510.000000,0
2239.818182,512.000000,0
2239.822727,512.000000,0
2239.827273,512.000000,0
2239.831818,509.000000,0
2239.836364,509.000000,0
2239.840909,509.000000,0
2239.845455,509.000000,0
2239.850000,506.000000,0
2239.854545,506.000000,0
2239.859091,506.000000,0
2239.863636,506.000000,0
2239.868182,506.000000,0
2239.872727,512.000000,0
2239.877273,512.000000,0
2239.881818,512.000000,0
2239.886364,512.000000,0
2239.890909,509.000000,0
2239.895455,509.000000,0
2239.900000,509.000000,0
2239.904545,509.000000,0
2239.909091,510.000000,0
2239.913636,510.000000,0
2239.918182,510.000000,0
2239.922727,510.000000,0
2239.927273,510.000000,0
2239.931818,510.000000,0
2239.936364,510.000000,0
2239.940909,510.000000,0
2239.945455,510.000000,0
2239.950000,510.000000,0
2239.954545,510.000000,0
2239.959091,510.000000,0
2239.963636,513.000000,0
2239.968182,513.000000,0
2239.972727,513.000000,0
2239.977273,513.000000,0
2239.981818,510.000000,0
2239.986364,510.000000,0
2239.990909,510.000000,0
2239.995455,510.000000,0
2240.000000,509.000000,0
2240.004545,509.000000,0
2240.009091,509.000000,0
2240.013636,509.000000,0
2240.018182,509.000000,0
2240.022727,509.000000,0
2240.027273,509.000000,0
2240.031818,509.000000,0
2240.036364,506.000000,0
2240.040909,506.000000,0
2240.045455,506.000000,0
2240.050000,506.000000,0
2240.054545,423.000000,0
2240.059091,423.000000,0
2240.063636,423.000000,0
2240.068182,423.000000,0
2240.072727,423.000000,0
2240.077273,500.000000,0
2240.081818,500.000000,0
2240.086364,500.000000,0
2240.090909,509.000000,0
2240.095455,509.000000,0
2240.100000,509.000000,0
2240.104545,509.000000,0
2240.109091,512.000000,0
2240.113636,512.000000,0
2240.118182,512.000000,0
2240.122727,512.000000,0
2240.127273,506.000000,0
2240.131818,506.000000,0
2240.136364,506.000000,0
2240.140909,506.000000,0
2240.145455,506.000000,0
2240.150000,506.000000,0
2240.154545,506.000000,0
2240.159091,506.000000,0
2240.163636,509.000000,0
2240.168182,509.000000,0
2240.172727,509.000000,0
2240.177273,509.000000,0
2240.181818,509.000000,0
2240.186364,509.000000,0
2240.190909,509.000000,0
2240.195455,509.000000,0
2240.200000,510.000000,0
2240.204545,510.000000,0
2240.209091,510.000000,0
2240.213636,510.000000,0
2240.218182,513.000000,0
2240.222727,513.000000,0
2240.227273,513.000000,0
2240.231818,513.000000,0
2240.236364,510.000000,0
2240.240909,510.000000,0
2240.245455,510.000000,0
2240.250000,510.000000,0
2240.254545,510.000000,0
2240.259091,509.000000,0
2240.263636,509.000000,0
2240.268182,509.000000,0
2240.272727,509.000000,0
2240.277273,508.000000,0
2240.281818,508.000000,0
2240.286364,508.000000,0
2240.290909,508.000000,0
2240.295455,508.000000,0
2240.300000,510.000000,0
2240.304545,510.000000,0
2240.309091,510.000000,0
2240.313636,510.000000,0
2240.318182,510.000000,0
2240.322727,510.000000,0
2240.327273,510.000000,0
2240.331818,510.000000,0
2240.336364,513.000000,0
2240.340909,513.000000,0
2240.345455,513.000000,0
2240.350000,513.000000,0
2240.354545,512.000000,0
2240.359091,512.000000,0
2240.363636,512.000000,0
2240.368182,512.000000,0
2240.372727,512.000000,0
2240.377273,512.000000,0
2240.381818,512.000000,0
2240.386364,510.000000,0
2240.390909,510.000000,0
2240.395455,510.000000,0
2240.400000,510.000000,0
2240.404545,510.000000,0
2240.409091,510.000000,0
2240.413636,510.000000,0
2240.418182,510.000000,0
2240.422727,509.000000,0
2240.427273,509.000000,0
2240.431818,509.000000,0
2240.436364,509.000000,0
2240.440909,508.000000,0
2240.445455,508.000000,0
2240.450000,508.000000,0
2240.454545,508.000000,0
2240.459091,508.000000,0
2240.463636,508.000000,0
2240.468182,509.000000,0
2240.472727,509.000000,0
2240.477273,509.000000,0
2240.481818,510.000000,0
2240.486364,510.000000,0
2240.490909,510.000000,0
2240.495455,510.000000,0
2240.500000,513.000000,0
2240.504545,513.000000,0
2240.509091,513.000000,0
2240.513636,513.000000,0
2240.518182,510.000000,0
2240.522727,510.000000,0
2240.527273,510.000000,0
2240.531818,510.000000,0
2240.536364,491.000000,0
2240.540909,491.000000,0
2240.545455,491.000000,0
2240.550000,491.000000,0
2240.554545,509.000000,0
2240.559091,509.000000,0
2240.563636,509.000000,0
2240.568182,509.000000,0
2240.572727,508.000000,0
2240.577273,508.000000,0
2240.581818,508.000000,0
2240.586364,508.000000,0
2240.590909,510.000000,0
2240.595455,510.000000,0
2240.600000,510.000000,0
2240.604545,510.000000,0
2240.609091,512.000000,0
2240.613636,512.000000,0
2240.618182,512.000000,0
2240.622727,512.000000,0
2240.627273,512.000000,0
2240.631818,513.000000,0
2240.636364,513.000000,0
2240.640909,513.000000,0
2240.645455,513.000000,0
2240.650000,510.000000,0
2240.654545,510.000000,0
2240.659091,510.000000,0
2240.663636,510.000000,0
2240.668182,509.000000,0
2240.672727,509.000000,0
2240.677273,509.000000,0
2240.681818,509.000000,0
2240.686364,509.000000,0
2240.690909,509.000000,0
2240.695455,509.000000,0
2240.700000,509.000000,0
2240.704545,509.000000,0
2240.709091,509.000000,0
2240.713636,509.000000,0
2240.718182,509.000000,0
2240.722727,510.000000,0
2240.727273,510.000000,0
2240.731818,510.000000,0
2240.736364,510.000000,0
2240.740909,509.000000,0
2240.745455,509.000000,0
2240.750000,509.000000,0
2240.754545,509.000000,0
2240.759091,512.000000,0
2240.763636,512.000000,0
2240.768182,512.000000,0
2240.772727,512.000000,0
2240.777273,512.000000,0
2240.781818,510.000000,0
2240.786364,510.000000,0
2240.790909,510.000000,0
2240.795455,510.000000,0
2240.800000,509.000000,0
2240.804545,509.000000,0
2240.809091,509.000000,0
2240.813636,509.000000,0
2240.818182,509.000000,0
2240.822727,509.000000,0
2240.827273,509.000000,0
2240.831818,509.000000,0
2240.836364,509.000000,0
2240.840909,509.000000,0
2240.845455,509.000000,0
2240.850000,509.000000,0
2240.854545,509.000000,0
2240.859091,509.000000,0
2240.863636,509.000000,0
2240.868182,509.000000,0
2240.872727,510.000000,0
2240.877273,510.000000,0
2240.881818,510.000000,0
2240.886364,510.000000,0
2240.890909,513.000000,0
2240.895455,513.000000,0
2240.900000,513.000000,0
2240.904545,513.000000,0
2240.909091,510.000000,0
2240.913636,510.000000,0
2240.918182,510.000000,0
2240.922727,510.000000,0
2240.927273,509.000000,0
2240.931818,509.000000,0
2240.936364,509.000000,0
2240.940909,509.000000,0
2240.945455,510.000000,0
2240.950000,510.000000,0
2240.954545,510.000000,0
2240.959091,510.000000,0
2240.963636,509.000000,0
2240.968182,509.000000,0
2240.972727,509.000000,0
2240.977273,509.000000,0
2240.981818,509.000000,0
2240.986364,509.000000,0
2240.990909,509.000000,0
2240.995455,509.000000,0
2241.000000,512.000000,0
2241.004545,512.000000,0
2241.009091,512.000000,0
2241.013636,512.000000,0
2241.018182,512.000000,0
2241.022727,512.000000,0
2241.027273,512.000000,0
2241.031818,512.000000,0
2241.036364,512.000000,0
2241.040909,512.000000,0
2241.045455,512.000000,0
2241.050000,512.000000,0
2241.054545,512.000000,0
2241.059091,509.000000,0
2241.063636,509.000000,0
2241.068182,509.000000,0
2241.072727,509.000000,0
2241.077273,510.000000,0
2241.081818,510.000000,0
2241.086364,510.000000,0
2241.090909,510.000000,0
2241.095455,509.000000,0
2241.100000,509.000000,0
2241.104545,509.000000,0
2241.109091,509.000000,0
2241.113636,509.000000,0
2241.118182,509.000000,0
2241.122727,509.000000,0
2241.127273,509.000000,0
2241.131818,510.000000,0
2241.136364,510.000000,0
2241.140909,510.000000,0
2241.145455,510.000000,0
2241.150000,510.000000,0
2241.154545,510.000000,0
2241.159091,510.000000,0
2241.163636,510.000000,0
2241.168182,512.000000,0
2241.172727,512.000000,0
2241.177273,512.000000,0
2241.181818,512.000000,0
2241.186364,509.000000,0
2241.190909,509.000000,0
2241.195455,509.000000,0
2241.200000,509.000000,0
2241.204545,510.000000,0
2241.209091,510.000000,0
2241.213636,510.000000,0
2241.218182,510.000000,0
2241.222727,510.000000,0
2241.227273,509.000000,0
2241.231818,509.000000,0
2241.236364,509.000000,0
2241.240909,509.000000,0
2241.245455,509.000000,0
2241.250000,509.000000,0
2241.254545,509.000000,0
2241.259091,509.000000,0
2241.263636,512.000000,0
2241.268182,512.000000,0
2241.272727,512.000000,0
2241.277273,512.000000,0
2241.281818,510.000000,0
2241.286364,510.000000,0
2241.290909,510.000000,0
2241.295455,510.000000,0
2241.300000,513.000000,0
2241.304545,513.000000,0
2241.309091,513.000000,0
2241.313636,513.000000,0
2241.318182,512.000000,0
2241.322727,512.000000,0
2241.327273,512.000000,0
2241.331818,512.000000,0
2241.336364,509.000000,0
2241.340909,509.000000,0
2241.345455,509.000000,0
2241.350000,509.000000,0
2241.354545,509.000000,0
2241.359091,509.000000,0
2241.363636,509.000000,0
2241.368182,509.000000,0
2241.372727,509.000000,0
2241.377273,509.000000,0
2241.381818,509.000000,0
2241.386364,509.000000,0
2241.390909,512.000000,0
2241.395455,512.000000,0
2241.400000,512.000000,0
2241.404545,512.000000,0
2241.409091,513.000000,0
2241.413636,513.000000,0
2241.418182,513.000000,0
2241.422727,513.000000,0
2241.427273,513.000000,0
2241.431818,510.000000,0
2241.436364,510.000000,0
2241.440909,510.000000,0
2241.445455,510.000000,0
2241.450000,510.000000,0
2241.454545,510.000000,0
2241.459091,510.000000,0
2241.463636,510.000000,0
2241.468182,510.000000,0
2241.472727,510.000000,0
2241.477273,510.000000,0
2241.481818,510.000000,0
2241.486364,510.000000,0
2241.490909,510.000000,0
2241.495455,510.000000,0
2241.500000,510.000000,0
2241.504545,509.000000,0
2241.509091,509.000000,0
2241.513636,509.000000,0
2241.518182,509.000000,0
2241.522727,509.000000,0
2241.527273,509.000000,0
2241.531818,509.000000,0
2241.536364,509.000000,0
2241.540909,509.000000,0
2241.545455,510.000000,0
2241.550000,510.000000,1
2241.554545,510.000000,0
2241.559091,512.000000,0
2241.563636,512.000000,0
2241.568182,512.000000,0
2241.572727,512.000000,0
2241.577273,509.000000,0
2241.581818,509.000000,0
2241.586364,509.000000,0
2241.590909,510.000000,0
2241.595455,510.000000,0
2241.600000,510.000000,0
2241.604545,510.000000,0
2241.609091,509.000000,0
2241.613636,509.000000,0
2241.618182,509.000000,0
2241.622727,509.000000,0
2241.627273,510.000000,0
2241.631818,510.000000,0
2241.636364,510.000000,0
2241.640909,510.000000,0
2241.645455,509.000000,0
2241.650000,509.000000,0
2241.654545,509.000000,0
2241.659091,509.000000,0
2241.663636,512.000000,0
2241.668182,512.000000,0
2241.672727,512.000000,0
2241.677273,512.000000,0
2241.681818,513.000000,0
2241.686364,513.000000,0
2241.690909,513.000000,0
2241.695455,513.000000,0
2241.700000,513.000000,0
2241.704545,510.000000,0
2241.709091,510.000000,0
2241.713636,510.000000,0
2241.718182,510.000000,0
2241.722727,510.000000,0
2241.727273,510.000000,0
2241.731818,509.000000,0
2241.736364,509.000000,0
2241.740909,509.000000,0
2241.745455,509.000000,0
2241.750000,509.000000,0
2241.754545,509.000000,0
2241.759091,509.000000,0
2241.763636,509.000000,0
2241.768182,509.000000,0
2241.772727,509.000000,0
2241.777273,509.000000,0
2241.781818,513.000000,0
2241.786364,513.000000,0
2241.790909,513.000000,0
2241.795455,513.000000,0
2241.800000,513.000000,0
2241.804545,510.000000,0
2241.809091,510.000000,0
2241.813636,510.000000,0
2241.818182,510.000000,0
2241.822727,510.000000,0
2241.827273,510.000000,0
2241.831818,510.000000,0
2241.836364,510.000000,0
2241.840909,651.000000,0
2241.845455,651.000000,0
2241.850000,651.000000,0
2241.854545,651.000000,0
2241.859091,451.000000,0
2241.863636,451.000000,0
2241.868182,451.000000,0
2241.872727,451.000000,0
2241.877273,504.000000,0
2241.881818,504.000000,0
2241.886364,504.000000,0
2241.890909,504.000000,0
2241.895455,509.000000,0
2241.900000,509.000000,0
2241.904545,509.000000,0
2241.909091,509.000000,0
2241.913636,512.000000,0
2241.918182,512.000000,0
2241.922727,512.000000,0
2241.927273,512.000000,0
2241.931818,510.000000,0
2241.936364,510.000000,0
2241.940909,510.000000,0
2241.945455,510.000000,0
2241.950000,510.000000,0
2241.954545,510.000000,0
2241.959091,510.000000,0
2241.963636,510.000000,0
2241.968182,558.000000,0
2241.972727,558.000000,0
2241.977273,558.000000,0
2241.981818,558.000000,0
2241.986364,499.000000,0
2241.990909,499.000000,0
2241.995455,499.000000,0
2242.000000,499.000000,0
2242.004545,499.000000,0
2242.009091,508.000000,0
2242.013636,508.000000,0
2242.018182,508.000000,0
2242.022727,508.000000,0
2242.027273,509.000000,0
2242.031818,509.000000,0
2242.036364,509.000000,0
2242.040909,509.000000,0
2242.045455,509.000000,0
2242.050000,512.000000,0
2242.054545,512.000000,0
2242.059091,512.000000,0
2242.063636,512.000000,0
2242.068182,510.000000,0
2242.072727,510.000000,0
2242.077273,510.000000,0
2242.081818,510.000000,0
2242.086364,510.000000,0
2242.090909,510.000000,0
2242.095455,510.000000,0
2242.100000,509.000000,0
2242.104545,509.000000,0
2242.109091,509.000000,0
2242.113636,509.000000,0
2242.118182,510.000000,0
2242.122727,510.000000,0
2242.127273,510.000000,0
2242.131818,510.000000,0
2242.136364,509.000000,0
2242.140909,509.000000,0
2242.145455,509.000000,0
2242.150000,509.000000,0
2242.154545,509.000000,0
2242.159091,509.000000,0
2242.163636,509.000000,0
2242.168182,509.000000,0
2242.172727,510.000000,0
2242.177273,510.000000,0
2242.181818,510.000000,0
2242.186364,510.000000,0
2242.190909,510.000000,0
2242.195455,512.000000,0
2242.200000,512.000000,0
2242.204545,512.000000,0
2242.209091,512.000000,0
2242.213636,509.000000,0
2242.218182,509.000000,0
2242.222727,509.000000,0
2242.227273,509.000000,0
2242.231818,509.000000,0
2242.236364,509.000000,0
2242.240909,509.000000,0
2242.245455,509.000000,0
2242.250000,510.000000,0
2242.254545,510.000000,0
2242.259091,510.000000,0
2242.263636,510.000000,0
2242.268182,509.000000,0
2242.272727,509.000000,0
2242.277273,509.000000,0
2242.281818,509.000000,0
2242.286364,509.000000,0
2242.290909,509.000000,0
2242.295455,509.000000,0
2242.300000,509.000000,0
2242.304545,509.000000,0
2242.309091,509.000000,0
2242.313636,509.000000,0
2242.318182,510.000000,0
2242.322727,510.000000,0
2242.327273,510.000000,0
2242.331818,510.000000,0
2242.336364,512.000000,0
2242.340909,512.000000,0
2242.345455,512.000000,0
2242.350000,512.000000,0
2242.354545,512.000000,0
2242.359091,512.000000,0
2242.363636,509.000000,0
2242.368182,509.000000,0
2242.372727,509.000000,0
2242.377273,509.000000,0
2242.381818,509.000000,0
2242.386364,509.000000,0
2242.390909,509.000000,0
2242.395455,510.000000,0
2242.400000,510.000000,0
2242.404545,509.000000,0
2242.409091,509.000000,0
2242.413636,509.000000,0
2242.418182,510.000000,0
2242.422727,510.000000,0
2242.427273,512.000000,0
2242.431818,512.000000,0
2242.436364,512.000000,0
2242.440909,512.000000,0
2242.445455,510.000000,0
2242.450000,510.000000,0
2242.454545,510.000000,0
2242.459091,510.000000,0
2242.463636,509.000000,0
2242.468182,509.000000,0
2242.472727,509.000000,0
2242.477273,510.000000,0
2242.481818,510.000000,0
2242.486364,510.000000,0
2242.490909,510.000000,0
2242.495455,510.000000,0
2242.500000,508.000000,0
2242.504545,508.000000,0
2242.509091,508.000000,0
2242.513636,509.000000,0
2242.518182,509.000000,0
2242.522727,509.000000,0
2242.527273,509.000000,0
2242.531818,512.000000,0
2242.536364,512.000000,0
2242.540909,512.000000,0
2242.545455,512.000000,0
2242.550000,512.000000,0
2242.554545,512.000000,0
2242.559091,512.000000,0
2242.563636,512.000000,0
2242.568182,510.000000,0
2242.572727,510.000000,0
2242.577273,510.000000,0
2242.581818,510.000000,0
2242.586364,509.000000,0
2242.590909,509.000000,0
2242.595455,509.000000,0
2242.600000,509.000000,0
2242.604545,509.000000,0
2242.609091,509.000000,0
2242.613636,509.000000,0
2242.618182,509.000000,0
2242.622727,509.000000,0
2242.627273,509.000000,0
2242.631818,509.000000,0
2242.636364,509.000000,0
2242.640909,509.000000,0
2242.645455,509.000000,0
2242.650000,509.000000,0
2242.654545,509.000000,0
2242.659091,510.000000,0
2242.663636,510.000000,0
2242.668182,510.000000,0
2242.672727,510.000000,0
2242.677273,510.000000,0
2242.681818,509.000000,0
2242.686364,509.000000,0
2242.690909,509.000000,0
2242.695455,509.000000,0
2242.700000,513.000000,0
2242.704545,513.000000,0
2242.709091,513.000000,0
2242.713636,513.000000,0
2242.718182,510.000000,0
2242.722727,510.000000,0
2242.727273,510.000000,0
2242.731818,510.000000,0
2242.736364,510.000000,0
2242.740909,509.000000,0
2242.745455,509.000000,0
2242.750000,509.000000,0
2242.754545,512.000000,0
2242.759091,512.000000,0
2242.763636,512.000000,0
2242.768182,512.000000,0
2242.772727,509.000000,0
2242.777273,509.000000,0
2242.781818,509.000000,0
2242.786364,509.000000,0
2242.790909,510.000000,0
2242.795455,510.000000,0
2242.800000,510.000000,0
2242.804545,510.000000,0
2242.809091,510.000000,0
2242.813636,510.000000,0
2242.818182,510.000000,0
2242.822727,512.000000,0
2242.827273,512.000000,0
2242.831818,512.000000,0
2242.836364,512.000000,0
2242.840909,510.000000,0
2242.845455,510.000000,0
2242.850000,510.000000,0
2242.854545,510.000000,0
2242.859091,510.000000,0
2242.863636,509.000000,0
2242.868182,509.000000,0
2242.872727,509.000000,0
2242.877273,509.000000,0
2242.881818,510.000000,0
2242.886364,510.000000,0
2242.890909,510.000000,0
2242.895455,510.000000,0
2242.900000,510.000000,0
2242.904545,510.000000,0
2242.909091,510.000000,0
2242.913636,510.000000,0
2242.918182,510.000000,0
2242.922727,510.000000,0
2242.927273,510.000000,0
2242.931818,510.000000,0
2242.936364,510.000000,0
2242.940909,510.000000,0
2242.945455,510.000000,0
2242.950000,510.000000,0
2242.954545,510.000000,0
2242.959091,510.000000,0
2242.963636,510.000000,0
2242.968182,510.000000,0
2242.972727,510.000000,0
2242.977273,510.000000,0
2242.981818,510.000000,0
2242.986364,510.000000,0
2242.990909,509.000000,0
2242.995455,509.000000,0
2243.000000,509.000000,0
2243.004545,509.000000,0
2243.009091,506.000000,0
2243.013636,506.000000,0
2243.018182,506.000000,0
2243.022727,506.000000,0
2243.027273,509.000000,0
2243.031818,509.000000,0
2243.036364,509.000000,0
2243.040909,509.000000,0
2243.045455,510.000000,0
2243.050000,510.000000,0
2243.054545,510.000000,0
2243.059091,510.000000,0
2243.063636,510.000000,0
2243.068182,512.000000,0
2243.072727,512.000000,0
2243.077273,512.000000,0
2243.081818,512.000000,0
2243.086364,510.000000,0
2243.090909,510.000000,0
2243.095455,510.000000,0
2243.100000,510.000000,0
2243.104545,509.000000,0
2243.109091,509.000000,0
2243.113636,509.000000,0
2243.118182,509.000000,0
2243.122727,509.000000,0
2243.127273,509.000000,0
2243.131818,509.000000,0
2243.136364,509.000000,0
2243.140909,509.000000,0
2243.145455,509.000000,0
2243.150000,509.000000,0
2243.154545,509.000000,0
2243.159091,509.000000,0
2243.163636,509.000000,0
2243.168182,509.000000,0
2243.172727,509.000000,0
2243.177273,510.000000,0
2243.181818,510.000000,0
2243.186364,510.000000,0
2243.190909,510.000000,0
2243.195455,512.000000,0
2243.200000,512.000000,0
2243.204545,512.000000,0
2243.209091,512.000000,0
2243.213636,512.000000,0
2243.218182,512.000000,0
2243.222727,512.000000,0
2243.227273,512.000000,0
2243.231818,510.000000,0
2243.236364,510.000000,0
2243.240909,510.000000,0
2243.245455,510.000000,0
2243.250000,512.000000,0
2243.254545,512.000000,0
2243.259091,512.000000,0
2243.263636,512.000000,0
2243.268182,510.000000,0
2243.272727,510.000000,0
2243.277273,510.000000,0
2243.281818,510.000000,0
2243.286364,509.000000,0
2243.290909,509.000000,0
2243.295455,509.000000,0
2243.300000,509.000000,0
2243.304545,510.000000,0
2243.309091,510.000000,0
2243.313636,510.000000,0
2243.318182,510.000000,0
2243.322727,513.000000,0
2243.327273,513.000000,0
2243.331818,513.000000,0
2243.336364,513.000000,0
2243.340909,513.000000,0
2243.345455,513.000000,0
2243.350000,513.000000,0
2243.354545,513.000000,0
2243.359091,513.000000,0
2243.363636,510.000000,0
2243.368182,510.000000,0
2243.372727,510.000000,0
2243.377273,510.000000,0
2243.381818,494.000000,0
2243.386364,494.000000,0
2243.390909,494.000000,0
2243.395455,494.000000,0
2243.400000,506.000000,0
2243.404545,506.000000,0
2243.409091,506.000000,0
2243.413636,506.000000,0
2243.418182,509.000000,0
2243.422727,509.000000,0
2243.427273,509.000000,0
2243.431818,509.000000,0
2243.436364,509.000000,0
2243.440909,509.000000,0
2243.445455,509.000000,0
2243.450000,509.000000,0
2243.454545,512.000000,0
2243.459091,512.000000,0
2243.463636,512.000000,0
2243.468182,512.000000,0
2243.472727,512.000000,0
2243.477273,510.000000,0
2243.481818,510.000000,0
2243.486364,510.000000,0
2243.490909,510.000000,0
2243.495455,510.000000,0
2243.500000,510.000000,0
2243.504545,510.000000,0
2243.509091,510.000000,0
2243.513636,510.000000,0
2243.518182,510.000000,0
2243.522727,510.000000,0
2243.527273,510.000000,0
2243.531818,510.000000,0
2243.536364,510.000000,0
2243.540909,510.000000,0
2243.545455,510.000000,0
2243.550000,510.000000,0
2243.554545,509.000000,0
2243.559091,509.000000,0
2243.563636,509.000000,0
2243.568182,509.000000,0
2243.572727,509.000000,0
2243.577273,509.000000,0
2243.581818,509.000000,0
2243.586364,509.000000,0
2243.590909,512.000000,0
2243.595455,512.000000,0
2243.600000,512.000000,0
2243.604545,512.000000,0
2243.609091,512.000000,0
2243.613636,512.000000,0
2243.618182,512.000000,0
2243.622727,512.000000,0
2243.627273,513.000000,0
2243.631818,513.000000,0
2243.636364,513.000000,0
2243.640909,509.000000,0
2243.645455,509.000000,0
2243.650000,509.000000,0
2243.654545,509.000000,0
2243.659091,509.000000,0
2243.663636,509.000000,0
2243.668182,509.000000,0
2243.672727,509.000000,0
2243.677273,509.000000,0
2243.681818,509.000000,0
2243.686364,509.000000,0
2243.690909,509.000000,0
2243.695455,510.000000,0
2243.700000,510.000000,0
2243.704545,510.000000,0
2243.709091,510.000000,0
2243.713636,510.000000,0
2243.718182,510.000000,0
2243.722727,510.000000,0
2243.727273,510.000000,0
2243.731818,510.000000,0
2243.736364,510.000000,0
2243.740909,510.000000,0
2243.745455,510.000000,0
2243.750000,509.000000,0
2243.754545,509.000000,0
