timestamp,ch1 (µV),event
7.9000,-7.06,0
7.9050,-7.06,0
7.9100,-7.06,0
7.9150,1.27,0
7.9200,13.58,0
7.9250,-11.85,0
7.9300,-11.85,0
7.9350,-7.59,0
7.9400,-11.85,0
7.9450,-11.85,0
7.9500,-11.85,0
7.9550,11.95,0
7.9600,11.95,0
7.9650,-6.73,0
7.9700,-6.73,0
7.9750,-7.06,0
7.9800,-9.81,0
7.9850,-9.81,0
7.9900,9.25,0
7.9950,10.37,0
8.0000,10.37,0
8.0050,6.97,0
8.0100,6.97,0
8.0150,6.97,0
8.0200,-6.08,0
8.0250,-6.08,0
8.0300,10.47,0
8.0350,10.47,0
8.0400,10.47,0
8.0450,10.47,0
8.0500,19.77,0
8.0550,-9.40,0
8.0600,-8.57,0
8.0650,11.42,0
8.0700,12.06,0
8.0750,18.56,0
8.0800,7.41,0
8.0850,7.41,0
8.0900,22.79,0
8.0950,22.79,0
8.1000,22.79,0
8.1050,22.79,0
8.1100,9.68,0
8.1150,21.29,0
8.1200,11.03,0
8.1250,11.03,0
8.1300,11.03,0
8.1350,11.03,0
8.1400,11.03,0
8.1450,11.03,0
8.1500,-1.13,0
8.1550,-11.90,0
8.1600,-11.90,0
8.1650,-13.99,0
8.1700,0.43,0
8.1750,0.66,0
8.1800,0.66,0
8.1850,0.66,0
8.1900,0.66,0
8.1950,10.26,0
8.2000,-10.70,0
8.2050,12.03,0
8.2100,17.06,0
8.2150,17.06,0
8.2200,-3.26,0
8.2250,20.99,0
8.2300,20.99,0
8.2350,20.99,0
8.2400,20.99,0
8.2450,0.66,0
8.2500,17.64,0
8.2550,18.97,0
8.2600,-2.17,0
8.2650,-9.22,0
8.2700,17.72,0
8.2750,17.72,0
8.2800,-13.66,0
8.2850,-13.66,0
8.2900,19.69,0
8.2950,17.88,0
8.3000,3.33,0
8.3050,3.33,0
8.3100,0.14,0
8.3150,0.14,0
8.3200,-10.19,0
8.3250,16.62,0
8.3300,16.62,0
8.3350,7.49,0
8.3400,1.87,0
8.3450,1.87,0
8.3500,21.35,0
8.3550,21.35,0
8.3600,21.35,0
8.3650,19.95,0
8.3700,19.95,0
8.3750,-1.12,0
8.3800,-13.83,0
8.3850,16.02,0
8.3900,16.02,0
8.3950,-15.92,0
8.4000,-15.92,0
8.4050,-0.81,0
8.4100,-15.92,0
8.4150,-0.26,0
8.4200,-0.26,0
8.4250,-0.26,0
8.4300,0.03,0
8.4350,0.03,0
8.4400,21.54,0
8.4450,-6.36,0
8.4500,16.90,0
8.4550,16.90,0
8.4600,16.90,0
8.4650,16.90,0
8.4700,16.90,0
8.4750,16.90,0
8.4800,19.13,0
8.4850,20.07,0
8.4900,20.07,0
8.4950,12.50,0
8.5000,-0.91,0
8.5050,2.52,0
8.5100,-1.45,0
8.5150,-1.45,0
8.5200,32.21,0
8.5250,20.87,0
8.5300,-12.01,0
8.5350,-12.01,0
8.5400,2.85,0
8.5450,2.85,0
8.5500,-3.35,0
8.5550,-3.35,0
8.5600,19.46,0
8.5650,-10.46,0
8.5700,-10.46,0
8.5750,18.54,0
8.5800,15.77,0
8.5850,15.77,0
8.5900,15.77,0
8.5950,2.01,0
8.6000,2.01,0
8.6050,-10.95,0
8.6100,-10.95,0
8.6150,19.10,0
8.6200,10.48,0
8.6250,1.86,0
8.6300,21.90,0
8.6350,19.58,0
8.6400,19.58,0
8.6450,-13.78,0
8.6500,-13.78,0
8.6550,12.21,0
8.6600,-13.78,0
8.6650,-3.99,0
8.6700,-3.99,0
8.6750,-3.38,0
8.6800,-14.89,0
8.6850,-14.89,0
8.6900,2.02,0
8.6950,16.50,0
8.7000,16.50,0
8.7050,16.50,0
8.7100,19.27,0
8.7150,1.84,0
8.7200,1.84,0
8.7250,17.97,0
8.7300,7.54,0
8.7350,18.34,0
8.7400,18.34,0
8.7450,0.00,0
8.7500,0.00,0
8.7550,0.30,0
8.7600,0.30,0
8.7650,18.84,0
8.7700,18.84,0
8.7750,-12.72,0
8.7800,16.34,0
8.7850,22.80,0
8.7900,-2.96,0
8.7950,-2.96,0
8.8000,-2.96,0
8.8050,22.44,0
8.8100,22.44,0
8.8150,16.97,0
8.8200,16.69,0
8.8250,16.69,0
8.8300,16.69,0
8.8350,-0.60,0
8.8400,-0.60,0
8.8450,19.39,0
8.8500,19.39,0
8.8550,18.50,0
8.8600,18.50,0
8.8650,0.13,0
8.8700,0.13,0
8.8750,0.13,0
8.8800,0.13,0
8.8850,18.53,0
8.8900,-14.23,0
8.8950,-14.23,0
8.9000,3.92,0
8.9050,3.92,0
8.9100,3.92,0
8.9150,-0.01,0
8.9200,-0.01,0
8.9250,-0.01,0
8.9300,-13.37,0
8.9350,-13.37,0
8.9400,17.99,0
8.9450,17.99,0
8.9500,-4.35,0
8.9550,-4.35,0
8.9600,-4.35,0
8.9650,11.06,0
8.9700,-10.03,0
8.9750,13.77,0
8.9800,13.77,0
8.9850,-13.37,0
8.9900,13.77,0
8.9950,17.66,0
9.0000,22.59,0
9.0050,-7.97,0
9.0100,-7.97,0
9.0150,14.97,0
9.0200,14.97,0
9.0250,-6.32,0
9.0300,-13.38,0
9.0350,22.26,0
9.0400,22.26,0
9.0450,22.26,0
9.0500,-6.32,0
9.0550,9.18,0
9.0600,-11.75,0
9.0650,-11.75,0
9.0700,20.40,0
9.0750,23.08,0
9.0800,-6.73,0
9.0850,-6.73,0
9.0900,8.22,0
9.0950,8.22,0
9.1000,13.08,0
9.1050,13.08,0
9.1100,21.97,0
9.1150,21.97,0
9.1200,21.97,0
9.1250,21.97,0
9.1300,21.97,0
9.1350,21.97,0
9.1400,21.97,0
9.1450,21.97,0
9.1500,21.97,0
9.1550,-9.45,0
9.1600,-9.45,0
9.1650,-5.87,0
9.1700,-5.87,0
9.1750,6.96,0
9.1800,6.96,0
9.1850,-10.91,0
9.1900,16.49,0
9.1950,21.08,0
9.2000,24.35,0
9.2050,24.35,0
9.2100,24.35,0
9.2150,7.87,0
9.2200,7.87,0
9.2250,13.36,0
9.2300,13.36,0
9.2350,21.54,0
9.2400,21.54,0
9.2450,-6.40,0
9.2500,-6.40,0
9.2550,9.93,0
9.2600,9.93,0
9.2650,15.23,0
9.2700,-3.27,0
9.2750,-13.32,0
9.2800,-13.32,0
9.2850,-2.21,0
9.2900,7.96,0
9.2950,-13.32,0
9.3000,7.96,0
9.3050,5.72,0
9.3100,14.09,0
9.3150,23.13,0
9.3200,23.13,0
9.3250,23.13,0
9.3300,6.14,0
9.3350,15.23,0
9.3400,13.04,0
9.3450,13.04,0
9.3500,13.04,0
9.3550,21.32,0
9.3600,24.84,0
9.3650,-0.96,0
9.3700,-0.96,0
9.3750,-0.96,0
9.3800,-0.96,0
9.3850,14.06,0
9.3900,-9.15,0
9.3950,-13.68,0
9.4000,17.97,0
9.4050,-6.61,0
9.4100,-6.61,0
9.4150,3.35,0
9.4200,3.35,0
9.4250,11.10,0
9.4300,11.10,0
9.4350,-11.58,0
9.4400,22.75,0
9.4450,22.75,0
9.4500,22.75,0
9.4550,5.53,0
9.4600,5.53,0
9.4650,8.79,0
9.4700,-14.00,0
9.4750,-14.00,0
9.4800,23.35,0
9.4850,23.35,0
9.4900,23.35,0
9.4950,23.35,0
9.5000,14.07,0
9.5050,14.07,0
9.5100,-9.55,0
9.5150,-9.55,0
9.5200,-4.85,0
9.5250,-4.85,0
9.5300,6.63,0
9.5350,6.63,0
9.5400,6.63,0
9.5450,-4.85,0
9.5500,-8.79,0
9.5550,-8.79,0
9.5600,-8.79,0
9.5650,-4.48,0
9.5700,6.63,0
9.5750,21.81,0
9.5800,-9.19,0
9.5850,-9.19,0
9.5900,-9.19,0
9.5950,-9.19,0
9.6000,20.85,0
9.6050,20.85,0
9.6100,-5.01,0
9.6150,-5.01,0
9.6200,18.01,0
9.6250,18.01,0
9.6300,18.01,0
9.6350,-13.89,0
9.6400,23.31,0
9.6450,23.31,0
9.6500,-2.30,0
9.6550,-2.30,0
9.6600,18.31,0
9.6650,3.54,0
9.6700,14.74,0
9.6750,-10.73,0
9.6800,-10.73,0
9.6850,23.48,0
9.6900,4.34,0
9.6950,-7.70,0
9.7000,4.62,0
9.7050,0.51,0
9.7100,10.94,0
9.7150,10.94,0
9.7200,14.74,0
9.7250,19.27,0
9.7300,19.27,0
9.7350,-5.52,0
9.7400,-5.52,0
9.7450,5.39,0
9.7500,5.39,0
9.7550,13.09,0
9.7600,6.13,0
9.7650,-7.50,0
9.7700,-4.00,0
9.7750,-4.00,0
9.7800,-4.00,0
9.7850,-13.25,0
9.7900,-13.25,0
9.7950,14.93,0
9.8000,1.64,0
9.8050,1.64,0
9.8100,1.64,0
9.8150,20.73,0
9.8200,21.14,0
9.8250,21.14,0
9.8300,21.14,0
9.8350,17.70,0
9.8400,17.70,0
9.8450,4.10,0
9.8500,4.10,0
9.8550,25.60,0
9.8600,25.60,0
9.8650,-9.70,0
9.8700,-9.70,0
9.8750,-9.70,0
9.8800,-9.70,0
9.8850,5.93,0
9.8900,5.93,0
9.8950,-5.65,0
9.9000,-5.65,0
9.9050,-10.52,0
9.9100,-10.52,0
9.9150,15.76,0
9.9200,7.14,0
9.9250,7.14,0
9.9300,7.14,0
9.9350,-4.55,0
9.9400,-4.55,0
9.9450,20.37,0
9.9500,20.37,0
9.9550,16.24,0
9.9600,2.23,0
9.9650,2.23,0
9.9700,2.23,0
9.9750,-6.47,0
9.9800,18.67,0
9.9850,-15.07,0
9.9900,-15.07,0
9.9950,-15.07,0
10.0000,-15.07,0
10.0050,4.96,0
10.0100,4.96,0
10.0150,-3.75,0
10.0200,-3.75,0
10.0250,-3.75,0
10.0300,-3.75,0
10.0350,20.63,0
10.0400,20.63,0
10.0450,-1.49,0
10.0500,-1.49,0
10.0550,-1.49,0
10.0600,-1.49,0
10.0650,16.41,0
10.0700,16.41,0
10.0750,15.81,0
10.0800,15.81,0
10.0850,8.34,0
10.0900,-6.03,0
10.0950,-6.03,0
10.1000,-6.03,0
10.1050,23.03,0
10.1100,23.03,0
10.1150,23.03,0
10.1200,7.07,0
10.1250,7.07,0
10.1300,-3.49,0
10.1350,-3.49,0
10.1400,-16.02,0
10.1450,20.72,0
10.1500,13.79,0
10.1550,13.79,0
10.1600,13.79,0
10.1650,13.79,0
10.1700,24.27,0
10.1750,-5.27,0
10.1800,20.95,0
10.1850,20.95,0
10.1900,13.23,0
10.1950,13.23,0
10.2000,13.23,0
10.2050,8.34,0
10.2100,6.45,0
10.2150,15.75,0
10.2200,6.45,0
10.2250,20.93,0
10.2300,-9.18,0
10.2350,-9.18,0
10.2400,-9.18,0
10.2450,-9.18,0
10.2500,-9.18,0
10.2550,13.79,0
10.2600,15.15,0
10.2650,21.86,0
10.2700,21.34,0
10.2750,21.34,0
10.2800,21.34,0
10.2850,15.66,0
10.2900,15.66,0
10.2950,-5.11,0
10.3000,21.32,0
10.3050,21.32,0
10.3100,-10.03,0
10.3150,-10.03,0
10.3200,13.21,0
10.3250,13.21,0
10.3300,7.63,0
10.3350,7.63,0
10.3400,23.22,0
10.3450,23.22,0
10.3500,18.10,0
10.3550,-12.74,0
10.3600,15.88,0
10.3650,15.88,0
10.3700,4.15,0
10.3750,4.15,0
10.3800,-13.68,0
10.3850,-6.37,0
10.3900,-5.41,0
10.3950,6.30,0
10.4000,22.22,0
10.4050,18.37,0
10.4100,23.22,0
10.4150,8.61,0
10.4200,18.60,0
10.4250,18.60,0
10.4300,18.60,0
10.4350,18.60,0
10.4400,-10.03,0
10.4450,18.60,0
10.4500,18.60,0
10.4550,13.55,0
10.4600,13.55,0
10.4650,-3.36,0
10.4700,-3.36,0
10.4750,-3.36,0
10.4800,-3.36,0
10.4850,-3.44,0
10.4900,4.23,0
10.4950,4.23,0
10.5000,-7.17,0
10.5050,14.66,0
10.5100,-7.17,0
10.5150,-7.17,0
10.5200,-7.17,0
10.5250,20.32,0
10.5300,20.32,0
10.5350,20.32,0
10.5400,20.32,0
10.5450,-7.37,0
10.5500,-7.37,0
10.5550,23.89,0
10.5600,23.89,0
10.5650,23.89,0
10.5700,23.89,0
10.5750,-8.37,0
10.5800,-8.37,0
10.5850,-8.37,0
10.5900,-9.02,0
10.5950,19.67,0
10.6000,21.64,0
10.6050,14.81,0
10.6100,14.81,0
10.6150,-16.14,0
10.6200,-16.14,0
10.6250,-3.52,0
10.6300,-3.52,0
10.6350,4.07,0
10.6400,4.07,0
10.6450,13.52,0
10.6500,13.52,0
10.6550,13.52,0
10.6600,22.38,0
10.6650,22.38,0
10.6700,5.92,0
10.6750,5.92,0
10.6800,5.92,0
10.6850,20.89,0
10.6900,15.15,0
10.6950,-12.27,0
10.7000,-12.27,0
10.7050,25.22,0
10.7100,25.22,0
10.7150,-1.97,0
10.7200,-1.97,0
10.7250,-1.97,0
10.7300,16.96,0
10.7350,16.96,0
10.7400,-4.77,0
10.7450,-4.77,0
10.7500,6.37,0
10.7550,-4.77,0
10.7600,4.42,0
10.7650,4.42,0
10.7700,19.18,0
10.7750,19.18,0
10.7800,13.03,0
10.7850,21.67,0
10.7900,-0.42,0
10.7950,4.40,0
10.8000,16.94,0
10.8050,16.94,0
10.8100,16.94,0
10.8150,16.94,0
10.8200,16.94,0
10.8250,21.19,0
10.8300,21.19,0
10.8350,-1.78,0
10.8400,-5.84,0
10.8450,-1.78,0
10.8500,-1.78,0
10.8550,3.13,0
10.8600,18.93,0
10.8650,18.93,0
10.8700,-3.78,0
10.8750,-3.78,0
10.8800,-3.78,0
10.8850,4.12,0
10.8900,4.12,0
10.8950,-11.08,0
10.9000,-11.08,0
10.9050,20.65,0
10.9100,20.65,0
10.9150,20.65,0
10.9200,20.65,0
10.9250,2.41,0
10.9300,2.41,0
10.9350,2.41,0
10.9400,-8.06,0
10.9450,-8.06,0
10.9500,-8.06,0
10.9550,-5.34,0
10.9600,-1.11,0
10.9650,4.06,0
10.9700,4.06,0
10.9750,17.06,0
10.9800,17.06,0
10.9850,-7.31,0
10.9900,-7.31,0
10.9950,-3.52,0
11.0000,-3.52,0
11.0050,2.81,0
11.0100,2.81,0
11.0150,2.81,0
11.0200,2.81,0
11.0250,2.81,0
11.0300,2.81,0
11.0350,-2.87,0
11.0400,-2.87,0
11.0450,17.06,0
11.0500,4.70,0
11.0550,18.74,0
11.0600,-12.72,0
11.0650,22.38,0
11.0700,22.38,0
11.0750,-3.83,0
11.0800,-3.83,0
11.0850,-3.83,0
11.0900,-3.83,0
11.0950,15.31,0
11.1000,15.31,0
11.1050,15.31,0
11.1100,15.31,0
11.1150,-2.30,0
11.1200,4.07,0
11.1250,4.07,0
11.1300,4.07,0
11.1350,4.70,0
11.1400,4.07,0
11.1450,20.62,0
11.1500,-9.39,0
11.1550,21.22,0
11.1600,4.74,0
11.1650,4.74,0
11.1700,18.89,0
11.1750,18.89,0
11.1800,18.89,0
11.1850,18.89,0
11.1900,17.12,0
11.1950,17.12,0
11.2000,-2.64,0
11.2050,-2.64,0
11.2100,-7.59,0
11.2150,16.28,0
11.2200,16.28,0
11.2250,-11.00,0
11.2300,-11.00,0
11.2350,20.50,0
11.2400,22.57,0
11.2450,-3.15,0
11.2500,-1.28,0
11.2550,-1.28,0
11.2600,-10.61,0
11.2650,-10.61,0
11.2700,-10.61,0
11.2750,-10.61,0
11.2800,-10.61,0
11.2850,18.67,0
11.2900,14.49,0
11.2950,14.49,0
11.3000,14.49,0
11.3050,14.49,0
11.3100,14.49,0
11.3150,21.17,0
11.3200,21.17,0
11.3250,-3.65,0
11.3300,-3.65,0
11.3350,2.28,0
11.3400,-11.60,0
11.3450,-11.60,0
11.3500,-11.60,0
11.3550,-11.60,0
11.3600,-7.23,0
11.3650,-1.83,0
11.3700,-1.83,0
11.3750,22.94,0
11.3800,4.34,0
11.3850,4.34,0
11.3900,4.34,0
11.3950,4.34,0
11.4000,2.05,0
11.4050,-4.43,0
11.4100,3.85,0
11.4150,3.85,0
11.4200,3.85,0
11.4250,11.23,0
11.4300,6.52,0
11.4350,6.52,0
11.4400,6.52,0
11.4450,-9.50,0
11.4500,-4.28,0
11.4550,24.54,0
11.4600,24.54,0
11.4650,-8.84,0
11.4700,-8.84,0
11.4750,-8.84,0
11.4800,14.73,0
11.4850,14.73,0
11.4900,-11.58,0
11.4950,-11.58,0
11.5000,-11.58,0
11.5050,-11.58,0
11.5100,12.52,0
11.5150,12.52,0
11.5200,14.29,0
11.5250,-3.63,0
11.5300,19.16,0
11.5350,19.16,0
11.5400,12.59,0
11.5450,12.59,0
11.5500,12.59,0
11.5550,12.59,0
11.5600,12.59,0
11.5650,12.59,0
11.5700,12.59,0
11.5750,-0.35,0
11.5800,21.22,0
11.5850,-10.51,0
11.5900,-10.51,0
11.5950,8.83,0
11.6000,8.83,0
11.6050,8.83,0
11.6100,8.83,0
11.6150,8.83,0
11.6200,8.83,0
11.6250,-10.82,0
11.6300,-10.82,0
11.6350,-10.82,0
11.6400,-10.82,0
11.6450,7.55,0
11.6500,7.55,0
11.6550,22.16,0
11.6600,22.16,0
11.6650,-12.22,0
11.6700,15.73,0
11.6750,15.73,0
11.6800,-0.35,0
11.6850,4.46,0
11.6900,4.46,0
11.6950,19.16,0
11.7000,19.16,0
11.7050,-9.99,0
11.7100,-3.24,0
11.7150,14.36,0
11.7200,9.19,0
11.7250,9.19,0
11.7300,9.19,0
11.7350,11.21,0
11.7400,17.75,0
11.7450,-12.28,0
11.7500,-12.28,0
11.7550,-12.28,0
11.7600,-12.28,0
11.7650,14.33,0
11.7700,14.33,0
11.7750,-4.48,0
11.7800,-4.48,0
11.7850,14.81,0
11.7900,23.09,0
11.7950,10.52,0
11.8000,8.89,0
11.8050,8.89,0
11.8100,8.89,0
11.8150,22.22,0
11.8200,18.79,0
11.8250,-8.63,0
11.8300,-8.63,0
11.8350,-8.63,0
11.8400,-8.63,0
11.8450,5.31,0
11.8500,18.43,0
11.8550,-5.72,0
11.8600,-5.72,0
11.8650,-7.87,0
11.8700,-7.87,0
11.8750,13.42,0
11.8800,13.42,0
11.8850,6.62,0
11.8900,6.62,0
11.8950,24.80,0
11.9000,24.80,0
11.9050,24.80,0
11.9100,24.80,0
11.9150,6.62,0
11.9200,16.15,0
11.9250,16.15,0
11.9300,16.15,0
11.9350,6.97,0
11.9400,6.97,0
11.9450,-11.61,0
11.9500,-11.61,0
11.9550,-11.61,0
11.9600,10.10,0
11.9650,10.10,0
11.9700,-2.24,0
11.9750,10.10,0
11.9800,-6.14,0
11.9850,-6.14,0
11.9900,13.77,0
11.9950,-7.35,0
12.0000,12.86,0
12.0050,12.86,0
12.0100,12.86,0
12.0150,13.77,0
12.0200,-2.24,0
12.0250,-12.67,0
12.0300,12.01,0
12.0350,12.01,0
12.0400,7.85,0
12.0450,7.85,0
12.0500,7.85,0
12.0550,7.85,0
12.0600,22.22,0
12.0650,22.22,0
12.0700,22.22,0
12.0750,22.22,0
12.0800,22.22,0
12.0850,-9.03,0
12.0900,-9.03,0
12.0950,14.77,0
12.1000,20.03,0
12.1050,-12.07,0
12.1100,-15.47,0
12.1150,-7.57,0
12.1200,-7.57,0
12.1250,20.88,0
12.1300,-5.25,0
12.1350,-7.30,0
12.1400,-7.30,0
12.1450,21.03,0
12.1500,7.94,0
12.1550,14.89,0
12.1600,14.66,0
12.1650,14.66,0
12.1700,9.95,0
12.1750,9.95,0
12.1800,9.95,0
12.1850,9.95,0
12.1900,21.00,0
12.1950,21.00,0
12.2000,14.66,0
12.2050,21.38,0
12.2100,10.32,0
12.2150,-10.62,0
12.2200,-10.62,0
12.2250,-10.62,0
12.2300,-10.62,0
12.2350,-8.13,0
12.2400,-8.13,0
12.2450,-11.54,0
12.2500,-11.54,0
12.2550,19.08,0
12.2600,19.08,0
12.2650,-3.37,0
12.2700,21.00,0
12.2750,1.21,0
12.2800,1.21,0
12.2850,17.15,0
12.2900,17.15,0
12.2950,-11.45,0
12.3000,-11.45,0
12.3050,-4.60,0
12.3100,-4.60,0
12.3150,-11.95,0
12.3200,17.00,0
12.3250,17.00,0
12.3300,17.00,0
12.3350,17.00,0
12.3400,17.00,0
12.3450,-5.51,0
12.3500,-5.51,0
12.3550,-0.84,0
12.3600,-0.84,0
12.3650,-7.91,0
12.3700,-7.91,0
12.3750,-7.91,0
12.3800,-7.91,0
12.3850,-7.91,0
12.3900,-7.91,0
12.3950,3.66,0
12.4000,3.66,0
12.4050,17.37,0
12.4100,17.37,0
12.4150,17.37,0
12.4200,17.37,0
12.4250,-11.29,0
12.4300,-12.74,0
12.4350,19.46,0
12.4400,19.46,0
12.4450,19.46,0
12.4500,19.46,0
12.4550,-8.52,0
12.4600,-8.52,0
12.4650,-8.52,0
12.4700,18.18,0
12.4750,18.18,0
12.4800,8.02,0
12.4850,-8.22,0
12.4900,-8.22,0
12.4950,-8.22,0
12.5000,-8.22,0
12.5050,20.48,0
12.5100,20.48,0
12.5150,3.66,0
12.5200,3.33,0
12.5250,17.39,0
12.5300,17.39,0
12.5350,17.39,0
12.5400,-12.81,0
12.5450,-12.81,0
12.5500,-12.81,0
12.5550,20.84,0
12.5600,20.84,0
12.5650,17.98,0
12.5700,17.98,0
12.5750,-3.22,0
12.5800,8.72,0
12.5850,-3.54,0
12.5900,-3.54,0
12.5950,1.11,0
12.6000,1.11,0
12.6050,14.56,0
12.6100,-12.04,0
12.6150,-12.04,0
12.6200,14.56,0
12.6250,19.57,0
12.6300,19.57,0
12.6350,19.57,0
12.6400,-4.65,0
12.6450,-4.65,0
12.6500,2.00,0
12.6550,-4.65,0
12.6600,-4.65,0
12.6650,-4.65,0
12.6700,20.58,0
12.6750,20.58,0
12.6800,20.58,0
12.6850,17.86,0
12.6900,17.86,0
12.6950,-17.73,0
12.7000,-1.74,0
12.7050,-1.74,0
12.7100,1.72,0
12.7150,1.72,0
12.7200,23.27,0
12.7250,5.03,0
12.7300,21.26,0
12.7350,-14.69,0
12.7400,10.38,0
12.7450,20.60,0
12.7500,20.60,0
12.7550,19.60,0
12.7600,4.44,0
12.7650,14.80,0
12.7700,14.80,0
12.7750,14.80,0
12.7800,14.80,0
12.7850,-9.85,0
12.7900,-9.85,0
12.7950,-1.68,0
12.8000,-1.68,0
12.8050,10.33,0
12.8100,-1.49,0
12.8150,-11.70,0
12.8200,-1.74,0
12.8250,-11.70,0
12.8300,-11.70,0
12.8350,-0.62,0
12.8400,-1.73,0
12.8450,8.94,0
12.8500,19.74,0
12.8550,19.74,0
12.8600,19.74,0
12.8650,17.42,0
12.8700,17.42,0
12.8750,17.42,0
12.8800,5.44,0
12.8850,5.44,0
12.8900,5.44,0
12.8950,-1.03,0
12.9000,15.10,0
12.9050,15.10,0
12.9100,15.17,1
12.9150,15.17,0
12.9200,-5.03,0
12.9250,15.17,0
12.9300,15.67,0
12.9350,10.47,0
12.9400,-9.60,0
12.9450,-9.60,0
12.9500,10.05,0
12.9550,-2.10,0
12.9600,-0.43,0
12.9650,-0.43,0
12.9700,16.13,0
12.9750,16.13,0
12.9800,-10.03,0
12.9850,-10.03,0
12.9900,-10.03,0
12.9950,-10.03,0
13.0000,-0.83,0
13.0050,-0.83,0
13.0100,19.36,0
13.0150,-12.16,0
13.0200,-10.08,0
13.0250,-10.08,0
13.0300,19.60,0
13.0350,19.60,0
13.0400,19.60,0
13.0450,13.16,0
13.0500,24.09,0
13.0550,17.84,0
13.0600,8.62,0
13.0650,8.62,0
13.0700,-5.47,0
13.0750,-5.47,0
13.0800,22.88,0
13.0850,22.88,0
13.0900,22.88,0
13.0950,22.88,0
13.1000,22.88,0
13.1050,9.63,0
13.1100,9.63,0
13.1150,9.63,0
13.1200,21.02,0
13.1250,20.86,0
13.1300,-10.41,0
13.1350,-12.10,0
13.1400,-12.10,0
13.1450,9.15,0
13.1500,0.71,0
13.1550,9.15,0
13.1600,18.88,0
13.1650,18.88,0
13.1700,-9.79,0
13.1750,-3.77,0
13.1800,10.25,0
13.1850,10.25,0
13.1900,15.62,0
13.1950,8.91,0
13.2000,-6.71,0
13.2050,-6.71,0
13.2100,8.91,0
13.2150,-7.43,0
13.2200,14.49,0
13.2250,14.49,0
13.2300,21.88,0
13.2350,8.73,0
13.2400,17.17,0
13.2450,17.82,0
13.2500,17.82,0
13.2550,15.62,0
13.2600,12.44,0
13.2650,12.44,0
13.2700,12.44,0
13.2750,18.88,0
13.2800,11.07,0
13.2850,20.18,0
13.2900,20.18,0
13.2950,-9.72,0
13.3000,-9.72,0
13.3050,-9.72,0
13.3100,9.93,0
13.3150,-13.25,0
13.3200,9.93,0
13.3250,-8.24,0
13.3300,14.49,0
13.3350,10.76,0
13.3400,-7.46,0
13.3450,11.07,0
13.3500,9.72,0
13.3550,9.72,0
13.3600,9.72,0
13.3650,-8.24,0
13.3700,-8.24,0
13.3750,-8.24,0
13.3800,-8.24,0
13.3850,14.50,0
13.3900,14.50,0
13.3950,6.97,0
13.4000,6.97,0
13.4050,-3.20,0
13.4100,-3.20,0
13.4150,-9.51,0
13.4200,-1.34,0
13.4250,20.69,0
13.4300,-9.51,0
13.4350,14.50,0
13.4400,-9.42,0
13.4450,-9.42,0
13.4500,-9.42,0
13.4550,-9.42,0
13.4600,-9.42,0
13.4650,-9.42,0
13.4700,-9.42,0
13.4750,20.70,0
13.4800,9.54,0
13.4850,-8.87,0
13.4900,-8.87,0
13.4950,23.90,0
13.5000,23.90,0
13.5050,10.81,0
13.5100,10.81,0
13.5150,11.70,0
13.5200,11.70,0
13.5250,11.70,0
13.5300,11.70,0
13.5350,19.46,0
13.5400,-9.04,0
13.5450,19.46,0
13.5500,-8.36,0
13.5550,-8.36,0
13.5600,-8.36,0
13.5650,-6.04,0
13.5700,8.99,0
13.5750,8.99,0
13.5800,8.99,0
13.5850,13.40,0
13.5900,14.58,0
13.5950,14.58,0
13.6000,14.58,0
13.6050,-5.80,0
13.6100,-5.80,0
13.6150,21.19,0
13.6200,21.19,0
13.6250,21.19,0
13.6300,21.19,0
13.6350,12.30,0
13.6400,12.30,0
13.6450,9.75,0
13.6500,1.65,0
13.6550,-7.47,0
13.6600,18.68,0
13.6650,18.46,0
13.6700,-11.84,0
13.6750,14.58,0
13.6800,14.58,0
13.6850,9.31,0
13.6900,9.31,0
13.6950,-4.80,0
13.7000,-8.72,0
13.7050,-10.15,0
13.7100,-10.15,0
13.7150,-0.62,0
13.7200,12.00,0
13.7250,7.18,0
13.7300,13.87,0
13.7350,22.56,0
13.7400,22.56,0
13.7450,22.56,0
13.7500,22.56,0
13.7550,22.56,0
13.7600,22.56,0
13.7650,12.73,0
13.7700,12.73,0
13.7750,21.46,0
13.7800,-7.71,0
13.7850,-7.71,0
13.7900,-7.71,0
13.7950,-7.71,0
13.8000,-7.71,0
13.8050,11.40,0
13.8100,11.40,0
13.8150,-7.26,0
13.8200,-7.26,0
13.8250,-9.49,0
13.8300,10.40,0
13.8350,10.40,0
13.8400,10.40,0
13.8450,8.17,0
13.8500,8.17,0
13.8550,23.14,0
13.8600,12.73,0
13.8650,19.50,0
13.8700,21.58,0
13.8750,21.58,0
13.8800,12.73,0
13.8850,-8.01,0
13.8900,-2.16,0
13.8950,-2.16,0
13.9000,-2.16,0
13.9050,-2.16,0
13.9100,-2.16,0
13.9150,-2.16,0
13.9200,1.19,0
13.9250,18.01,0
13.9300,18.01,0
13.9350,1.65,0
13.9400,-0.30,0
13.9450,-0.30,0
13.9500,16.80,0
13.9550,16.80,0
13.9600,16.80,0
13.9650,-14.52,0
13.9700,-14.52,0
13.9750,18.12,0
13.9800,18.12,0
13.9850,-1.74,0
13.9900,3.44,0
13.9950,15.51,0
14.0000,15.51,0
14.0050,16.86,0
14.0100,18.12,0
14.0150,-5.28,0
14.0200,-5.28,0
14.0250,-5.28,0
14.0300,-5.28,0
14.0350,15.84,0
14.0400,15.84,0
14.0450,-9.29,0
14.0500,-9.29,0
14.0550,0.16,0
14.0600,0.16,0
14.0650,0.48,0
14.0700,0.48,0
14.0750,0.48,0
14.0800,0.48,0
14.0850,-3.81,0
14.0900,-10.84,0
14.0950,18.82,0
14.1000,-5.28,0
14.1050,3.38,0
14.1100,3.38,0
14.1150,16.91,0
14.1200,16.91,0
14.1250,16.91,0
14.1300,16.91,0
14.1350,18.29,0
14.1400,18.29,0
14.1450,18.29,0
14.1500,2.15,0
14.1550,2.33,0
14.1600,2.15,0
14.1650,-10.98,0
14.1700,21.86,0
14.1750,21.86,0
14.1800,21.86,0
14.1850,-1.86,0
14.1900,3.91,0
14.1950,3.91,0
14.2000,-6.60,0
14.2050,-6.60,0
14.2100,20.67,0
14.2150,20.67,0
14.2200,-2.26,0
14.2250,-2.26,0
14.2300,-1.77,0
14.2350,1.67,0
14.2400,16.81,0
14.2450,16.81,0
14.2500,18.08,0
14.2550,18.08,0
14.2600,-0.33,0
14.2650,-0.33,0
14.2700,14.76,0
14.2750,14.76,0
14.2800,-8.76,0
14.2850,-8.76,0
14.2900,-8.76,0
14.2950,-8.76,0
14.3000,1.66,0
14.3050,1.66,0
14.3100,2.21,0
14.3150,21.89,0
14.3200,-16.28,0
14.3250,-16.28,0
14.3300,18.19,0
14.3350,18.19,0
14.3400,18.19,0
14.3450,18.19,0
14.3500,4.29,0
14.3550,0.72,0
14.3600,4.29,0
14.3650,4.29,0
14.3700,-12.12,0
14.3750,-12.12,0
14.3800,1.47,0
14.3850,1.47,0
14.3900,5.44,0
14.3950,5.44,0
14.4000,-8.08,0
14.4050,15.11,0
14.4100,-7.22,0
14.4150,-12.11,0
14.4200,0.03,0
14.4250,0.03,0
14.4300,-0.91,0
14.4350,22.70,0
14.4400,-0.91,0
14.4450,-0.91,0
14.4500,-0.91,0
14.4550,-4.64,0
14.4600,21.79,0
14.4650,21.79,0
14.4700,5.44,0
14.4750,-2.27,0
14.4800,4.29,0
14.4850,-0.99,0
14.4900,-10.40,0
14.4950,-10.40,0
14.5000,17.49,0
14.5050,21.28,0
14.5100,0.36,0
14.5150,0.36,0
14.5200,15.93,0
14.5250,-14.15,0
14.5300,-14.15,0
14.5350,19.92,0
14.5400,19.92,0
14.5450,19.92,0
14.5500,-5.29,0
14.5550,-5.29,0
14.5600,-14.15,0
14.5650,16.14,0
14.5700,16.14,0
14.5750,19.69,0
14.5800,19.69,0
14.5850,-4.13,0
14.5900,-4.13,0
14.5950,-4.13,0
14.6000,-4.13,0
14.6050,20.66,0
14.6100,15.56,0
14.6150,15.56,0
14.6200,15.56,0
14.6250,-3.46,0
14.6300,-8.05,0
14.6350,0.23,0
14.6400,0.23,0
14.6450,20.77,0
14.6500,-11.45,0
14.6550,-11.45,0
14.6600,-11.45,0
14.6650,-11.45,0
14.6700,17.11,0
14.6750,20.77,0
14.6800,17.11,0
14.6850,-10.99,0
14.6900,-10.99,0
14.6950,-10.99,0
14.7000,-10.99,0
14.7050,-2.88,0
14.7100,18.10,0
14.7150,18.10,0
14.7200,15.32,0
14.7250,15.32,0
14.7300,-8.33,0
14.7350,8.12,0
14.7400,8.12,0
14.7450,1.69,0
14.7500,8.12,0
14.7550,21.71,0
14.7600,21.71,0
14.7650,-8.89,0
14.7700,10.44,0
14.7750,10.44,0
14.7800,-5.30,0
14.7850,-5.30,0
14.7900,-5.30,0
14.7950,-5.30,0
14.8000,-5.30,0
14.8050,-5.30,0
14.8100,8.66,0
14.8150,8.66,0
14.8200,-6.03,0
14.8250,-6.03,0
14.8300,18.72,0
14.8350,18.72,0
14.8400,18.72,0
14.8450,18.72,0
14.8500,12.15,0
14.8550,12.15,0
14.8600,9.30,0
14.8650,9.30,0
14.8700,23.35,0
14.8750,23.35,0
14.8800,-10.39,0
14.8850,-10.39,0
14.8900,-10.39,0
14.8950,9.30,0
14.9000,-10.39,0
14.9050,-10.39,0
14.9100,5.45,0
14.9150,5.45,0
14.9200,5.45,0
14.9250,5.45,0
14.9300,9.30,0
14.9350,19.90,0
14.9400,19.90,0
14.9450,-5.39,0
14.9500,-5.39,0
14.9550,22.05,0
14.9600,22.05,0
14.9650,22.05,0
14.9700,22.05,0
14.9750,9.82,0
14.9800,9.82,0
14.9850,8.83,0
14.9900,8.83,0
14.9950,22.92,0
15.0000,22.92,0
15.0050,-10.49,0
15.0100,-10.49,0
15.0150,0.80,0
15.0200,-10.49,0
15.0250,9.00,0
15.0300,9.00,0
15.0350,15.19,0
15.0400,-7.26,0
15.0450,19.24,0
15.0500,9.08,0
15.0550,9.08,0
15.0600,-8.96,0
15.0650,8.56,0
15.0700,-7.32,0
15.0750,-7.32,0
15.0800,-7.32,0
15.0850,18.43,0
15.0900,-12.32,0
15.0950,18.43,0
15.1000,0.80,0
15.1050,-7.59,0
15.1100,-7.59,0
15.1150,11.49,0
15.1200,11.49,0
15.1250,-9.77,0
15.1300,-9.77,0
15.1350,-9.77,0
15.1400,-9.77,0
15.1450,7.54,0
15.1500,7.54,0
15.1550,-10.85,0
15.1600,-10.85,0
15.1650,-8.25,0
15.1700,-8.25,0
15.1750,10.89,0
15.1800,10.89,0
15.1850,18.39,0
15.1900,10.89,0
15.1950,-5.53,0
15.2000,22.50,0
15.2050,22.50,0
15.2100,12.89,0
15.2150,-13.22,0
15.2200,8.90,0
15.2250,8.90,0
15.2300,8.90,0
15.2350,8.90,0
15.2400,19.54,0
15.2450,-11.26,0
15.2500,19.54,0
15.2550,19.54,0
15.2600,11.58,0
15.2650,22.50,0
15.2700,-8.89,0
15.2750,-8.89,0
15.2800,-8.89,0
15.2850,-13.22,0
15.2900,-8.11,0
15.2950,-8.11,0
15.3000,13.59,0
15.3050,13.59,0
15.3100,-6.72,0
15.3150,-6.65,0
15.3200,23.71,0
15.3250,23.71,0
15.3300,2.62,0
15.3350,-12.17,0
15.3400,10.58,0
15.3450,10.58,0
15.3500,9.69,0
15.3550,9.69,0
15.3600,22.40,0
15.3650,22.40,0
15.3700,22.40,0
15.3750,22.40,0
15.3800,-6.70,0
15.3850,-9.19,0
15.3900,-3.54,0
15.3950,-3.54,0
15.4000,-3.54,0
15.4050,-3.54,0
15.4100,-9.67,0
15.4150,-9.67,0
15.4200,10.35,0
15.4250,10.35,0
15.4300,-4.99,0
15.4350,-4.99,0
15.4400,21.85,0
15.4450,21.85,0
15.4500,21.85,0
15.4550,21.85,0
15.4600,21.85,0
15.4650,-7.91,0
15.4700,-7.91,0
15.4750,7.54,0
15.4800,7.54,0
15.4850,23.45,0
15.4900,7.54,0
15.4950,-6.76,0
15.5000,-6.76,0
15.5050,-6.76,0
15.5100,-6.76,0
15.5150,9.82,0
15.5200,9.82,0
15.5250,-1.39,0
15.5300,-1.39,0
15.5350,4.46,0
15.5400,4.46,0
15.5450,-13.28,0
15.5500,4.46,0
15.5550,4.46,0
15.5600,4.46,0
15.5650,3.05,0
15.5700,3.05,0
15.5750,3.05,0
15.5800,20.59,0
15.5850,-8.92,0
15.5900,19.01,0
15.5950,19.01,0
15.6000,19.01,0
15.6050,-1.37,0
15.6100,-1.37,0
15.6150,-1.37,0
15.6200,-1.37,0
15.6250,14.00,0
15.6300,14.00,0
15.6350,-7.55,0
15.6400,23.89,0
15.6450,0.11,0
15.6500,0.11,0
15.6550,0.43,0
15.6600,0.43,0
15.6650,0.43,0
15.6700,-10.15,0
15.6750,30.12,0
15.6800,-10.15,0
15.6850,22.31,0
15.6900,3.33,0
15.6950,3.33,0
15.7000,3.33,0
15.7050,3.33,0
15.7100,4.48,0
15.7150,3.33,0
15.7200,20.14,0
15.7250,20.14,0
15.7300,-2.20,0
15.7350,-2.20,0
15.7400,20.51,0
15.7450,21.03,0
15.7500,-10.32,0
15.7550,-10.32,0
15.7600,-7.29,0
15.7650,20.79,0
15.7700,-1.51,0
15.7750,-1.51,0
15.7800,-1.51,0
15.7850,-1.51,0
15.7900,0.06,0
15.7950,30.79,0
15.8000,-12.16,0
15.8050,-8.37,0
15.8100,21.39,0
15.8150,21.39,0
15.8200,0.40,0
15.8250,0.40,0
15.8300,0.40,0
15.8350,0.40,0
15.8400,20.96,0
15.8450,20.96,0
15.8500,-0.87,0
15.8550,-0.87,0
15.8600,14.67,0
15.8650,14.67,0
15.8700,13.68,0
15.8750,14.67,0
15.8800,-1.51,0
15.8850,14.67,0
15.8900,0.82,0
15.8950,0.82,0
15.9000,20.45,0
15.9050,-11.85,0
15.9100,-11.85,0
15.9150,-11.85,0
15.9200,20.21,0
15.9250,20.21,0
15.9300,20.21,0
15.9350,20.45,0
15.9400,0.32,0
15.9450,0.32,0
15.9500,16.41,0
15.9550,7.14,0
15.9600,-13.57,0
15.9650,19.92,0
15.9700,19.92,0
15.9750,-1.30,0
15.9800,-1.30,0
15.9850,15.51,0
15.9900,15.51,0
15.9950,-11.60,0
16.0000,-11.60,0
16.0050,19.74,0
16.0100,19.74,0
16.0150,1.94,0
16.0200,1.94,0
16.0250,19.15,0
16.0300,19.15,0
16.0350,-7.96,0
16.0400,-4.61,0
16.0450,18.63,0
16.0500,18.63,0
16.0550,5.05,0
16.0600,5.05,0
16.0650,15.22,0
16.0700,15.22,0
16.0750,21.46,0
16.0800,21.46,0
16.0850,-2.47,0
16.0900,-2.47,0
16.0950,-2.47,0
16.1000,-2.47,0
16.1050,13.82,0
16.1100,20.08,0
16.1150,13.82,0
16.1200,-10.47,0
16.1250,-10.47,0
16.1300,0.69,0
16.1350,0.69,0
16.1400,1.03,0
16.1450,1.03,0
16.1500,1.03,0
16.1550,1.03,0
16.1600,1.03,0
16.1650,1.03,0
16.1700,15.03,0
16.1750,-0.91,0
16.1800,-0.91,0
16.1850,0.69,0
16.1900,18.10,0
16.1950,18.10,0
16.2000,18.10,0
16.2050,18.10,0
16.2100,18.10,0
16.2150,18.10,0
16.2200,-0.09,0
16.2250,-0.09,0
16.2300,17.50,0
16.2350,17.50,0
16.2400,-7.52,0
16.2450,-7.52,0
16.2500,-7.52,0
16.2550,0.03,0
16.2600,0.03,0
16.2650,0.03,0
16.2700,2.73,0
16.2750,2.73,0
16.2800,2.73,0
16.2850,2.73,0
16.2900,15.08,0
16.2950,15.08,0
16.3000,1.73,0
16.3050,-7.41,0
16.3100,1.73,0
16.3150,1.73,0
16.3200,18.08,0
16.3250,18.08,0
16.3300,17.30,0
16.3350,17.30,0
16.3400,21.27,0
16.3450,-10.70,0
16.3500,-10.70,0
16.3550,-10.70,0
16.3600,-10.70,0
16.3650,-10.70,0
16.3700,10.03,0
16.3750,-5.99,0
16.3800,-5.99,0
16.3850,21.91,0
16.3900,21.91,0
16.3950,-6.01,0
16.4000,-6.01,0
16.4050,12.39,0
16.4100,12.39,0
16.4150,-8.17,0
16.4200,-8.17,0
16.4250,21.36,0
16.4300,21.36,0
16.4350,9.18,0
16.4400,9.18,0
16.4450,9.62,0
16.4500,9.62,0
16.4550,9.62,0
16.4600,15.78,0
16.4650,21.72,0
16.4700,21.72,0
16.4750,6.04,0
16.4800,-7.82,0
16.4850,12.01,0
16.4900,12.01,0
16.4950,12.01,0
16.5000,-5.66,0
16.5050,10.93,0
16.5100,21.40,0
16.5150,-7.46,0
16.5200,-11.93,0
16.5250,-7.46,0
16.5300,11.84,0
16.5350,-5.46,0
16.5400,-5.46,0
16.5450,-5.46,0
16.5500,19.92,0
16.5550,-5.51,0
16.5600,-5.51,0
16.5650,21.28,0
16.5700,7.39,0
16.5750,7.39,0
16.5800,7.39,0
16.5850,7.39,0
16.5900,22.20,0
16.5950,22.20,0
16.6000,-9.13,0
16.6050,-9.13,0
16.6100,7.69,0
16.6150,7.69,0
16.6200,-3.42,0
16.6250,-3.42,0
16.6300,-3.42,0
16.6350,-3.42,0
16.6400,-6.34,0
16.6450,-6.34,0
16.6500,9.69,0
16.6550,9.69,0
16.6600,-5.98,0
16.6650,-5.98,0
16.6700,21.30,0
16.6750,-10.99,0
16.6800,-10.99,0
16.6850,-10.99,0
16.6900,9.56,0
16.6950,-7.84,0
16.7000,9.56,0
16.7050,9.56,0
16.7100,-7.73,0
16.7150,-7.73,0
16.7200,-6.45,0
16.7250,-6.45,0
16.7300,8.51,0
16.7350,8.51,0
16.7400,8.51,0
16.7450,8.51,0
16.7500,-6.34,0
16.7550,-5.36,0
16.7600,-7.81,0
16.7650,-7.81,0
16.7700,9.79,0
16.7750,9.79,0
16.7800,9.79,0
16.7850,10.82,0
16.7900,9.79,0
16.7950,-9.62,0
16.8000,-4.91,0
16.8050,-1.70,0
16.8100,1.36,0
16.8150,16.83,0
16.8200,5.54,0
16.8250,5.54,0
16.8300,19.83,0
16.8350,19.83,0
16.8400,-10.19,0
16.8450,16.34,0
16.8500,-10.19,0
16.8550,-10.19,0
16.8600,9.63,0
16.8650,9.63,0
16.8700,-9.38,0
16.8750,-9.38,0
16.8800,-8.62,0
16.8850,-8.62,0
16.8900,9.13,0
16.8950,9.13,0
16.9000,9.13,0
16.9050,9.13,0
16.9100,9.13,0
16.9150,9.13,0
16.9200,19.30,0
16.9250,18.33,0
16.9300,9.17,0
16.9350,9.19,0
16.9400,9.19,0
16.9450,-8.53,0
16.9500,-12.07,0
16.9550,21.16,0
16.9600,4.96,0
16.9650,21.16,0
16.9700,-7.01,0
16.9750,7.22,0
16.9800,7.22,0
16.9850,-8.53,0
16.9900,-7.35,0
16.9950,21.30,0
17.0000,21.30,0
17.0050,-6.22,0
17.0100,-6.22,0
17.0150,13.80,0
17.0200,13.80,0
17.0250,-4.66,0
17.0300,-4.66,0
17.0350,23.08,0
17.0400,23.08,0
17.0450,-7.29,0
17.0500,-7.29,0
17.0550,9.29,0
17.0600,9.29,0
17.0650,9.29,0
17.0700,9.29,0
17.0750,19.39,0
17.0800,19.39,0
17.0850,19.39,0
17.0900,19.39,0
17.0950,20.18,0
17.1000,11.80,0
17.1050,-5.10,0
17.1100,-5.10,0
17.1150,-5.10,0
17.1200,-5.10,0
17.1250,-9.85,0
17.1300,-9.85,0
17.1350,10.84,0
17.1400,10.84,0
17.1450,10.84,0
17.1500,10.84,0
17.1550,9.17,0
17.1600,9.17,0
17.1650,17.75,0
17.1700,17.75,0
17.1750,17.75,0
17.1800,17.75,0
17.1850,-7.84,0
17.1900,10.84,0
17.1950,-0.16,0
17.2000,-12.41,0
17.2050,14.56,0
17.2100,14.56,0
17.2150,-10.72,0
17.2200,-10.72,0
17.2250,-10.72,0
17.2300,-10.72,0
17.2350,0.83,0
17.2400,0.83,0
17.2450,-0.32,0
17.2500,15.64,0
17.2550,-10.37,0
17.2600,17.01,0
17.2650,17.01,0
17.2700,17.01,0
17.2750,17.01,0
17.2800,3.00,0
17.2850,3.00,0
17.2900,18.80,0
17.2950,18.80,0
17.3000,23.72,0
17.3050,23.72,0
17.3100,-0.49,0
17.3150,-0.49,0
17.3200,-0.49,0
17.3250,-0.49,0
17.3300,15.93,0
17.3350,15.93,0
17.3400,-11.51,0
17.3450,-11.51,0
17.3500,-0.58,0
17.3550,-0.58,0
17.3600,-2.89,0
17.3650,-2.89,0
17.3700,18.50,0
17.3750,18.50,0
17.3800,-15.73,0
17.3850,-15.73,0
17.3900,17.59,0
17.3950,17.59,0
17.4000,10.24,0
17.4050,0.61,0
17.4100,17.60,0
17.4150,-15.73,0
17.4200,-10.99,0
17.4250,-10.99,0
17.4300,22.33,0
17.4350,22.33,0
17.4400,-3.38,0
17.4450,-3.38,0
17.4500,17.49,0
17.4550,-7.60,0
17.4600,-7.60,0
17.4650,-7.60,0
17.4700,-3.74,0
17.4750,-7.60,0
17.4800,-7.60,0
17.4850,22.33,0
17.4900,24.29,0
17.4950,-1.96,0
17.5000,19.81,0
17.5050,-7.08,0
17.5100,-1.96,0
17.5150,1.80,0
17.5200,1.80,0
17.5250,17.57,0
17.5300,18.42,0
17.5350,-7.02,0
17.5400,-3.38,0
17.5450,18.08,0
17.5500,18.08,0
17.5550,0.30,0
17.5600,0.30,0
17.5650,-11.37,0
17.5700,20.83,0
17.5750,-11.54,0
17.5800,-11.54,0
17.5850,-11.54,0
17.5900,-11.54,0
17.5950,-11.54,0
17.6000,-11.54,0
17.6050,1.28,0
17.6100,-1.70,0
17.6150,17.51,0
17.6200,-2.04,0
17.6250,-15.14,0
17.6300,-15.14,0
17.6350,-15.14,0
17.6400,-9.00,0
17.6450,2.27,0
17.6500,2.27,0
17.6550,17.36,0
17.6600,17.36,0
17.6650,18.03,0
17.6700,18.03,0
17.6750,18.03,0
17.6800,18.03,0
17.6850,-0.51,0
17.6900,-0.51,0
17.6950,-13.47,0
17.7000,-3.10,0
17.7050,-13.47,0
17.7100,-13.47,0
17.7150,-13.47,0
17.7200,21.36,0
17.7250,-13.47,0
17.7300,2.45,0
17.7350,2.45,0
17.7400,19.28,0
17.7450,19.28,0
17.7500,14.31,0
17.7550,14.31,0
17.7600,2.56,0
17.7650,2.56,0
17.7700,-1.06,0
17.7750,-1.06,0
17.7800,19.26,0
17.7850,19.26,0
17.7900,18.63,0
17.7950,18.63,0
17.8000,18.63,0
17.8050,18.63,0
17.8100,18.63,0
17.8150,18.63,0
17.8200,18.63,0
17.8250,18.63,0
17.8300,18.63,0
17.8350,18.63,0
17.8400,17.18,0
17.8450,17.18,0
17.8500,-0.66,0
17.8550,-0.66,0
17.8600,-13.19,0
17.8650,-13.19,0
17.8700,22.67,0
17.8750,-13.72,0
17.8800,22.67,0
17.8850,22.67,0
17.8900,-5.73,0
17.8950,22.67,0
17.9000,2.48,0
17.9050,16.50,0
17.9100,18.20,1
17.9150,18.20,0
17.9200,-0.87,0
17.9250,-0.87,0
17.9300,-0.87,0
17.9350,15.61,0
17.9400,-0.87,0
17.9450,-0.87,0
17.9500,-17.39,0
17.9550,-17.39,0
17.9600,1.20,0
17.9650,1.20,0
17.9700,18.64,0
17.9750,18.64,0
17.9800,18.64,0
17.9850,18.64,0
17.9900,12.76,0
17.9950,12.76,0
18.0000,18.87,0
18.0050,-9.60,0
18.0100,-9.60,0
18.0150,-9.60,0
18.0200,20.69,0
18.0250,20.69,0
18.0300,8.56,0
18.0350,8.56,0
18.0400,9.95,0
18.0450,9.95,0
18.0500,9.95,0
18.0550,9.95,0
18.0600,25.37,0
18.0650,25.37,0
18.0700,7.96,0
18.0750,7.96,0
18.0800,6.13,0
18.0850,22.38,0
18.0900,7.96,0
18.0950,-8.96,0
18.1000,-8.96,0
18.1050,12.05,0
18.1100,12.05,0
18.1150,-7.87,0
18.1200,-7.87,0
18.1250,-7.87,0
18.1300,-7.87,0
18.1350,-7.87,0
18.1400,-7.87,0
18.1450,17.93,0
18.1500,12.28,0
18.1550,12.54,0
18.1600,11.91,0
18.1650,24.03,0
18.1700,24.03,0
18.1750,-6.53,0
18.1800,-6.53,0
18.1850,-6.53,0
18.1900,-6.53,0
18.1950,-6.53,0
18.2000,7.04,0
18.2050,7.04,0
18.2100,-5.13,0
18.2150,-5.13,0
18.2200,18.22,0
18.2250,8.82,0
18.2300,8.82,0
18.2350,11.29,0
18.2400,11.29,0
18.2450,11.29,0
18.2500,-5.21,0
18.2550,-5.21,0
18.2600,23.59,0
18.2650,23.59,0
18.2700,9.71,0
18.2750,11.61,0
18.2800,11.61,0
18.2850,7.04,0
18.2900,-6.72,0
18.2950,-6.72,0
18.3000,-9.24,0
18.3050,-9.24,0
18.3100,-9.24,0
18.3150,-9.24,0
18.3200,11.37,0
18.3250,11.37,0
18.3300,-7.80,0
18.3350,-7.91,0
18.3400,-7.91,0
18.3450,-7.91,0
18.3500,6.06,0
18.3550,6.06,0
18.3600,-6.72,0
18.3650,6.06,0
18.3700,-10.13,0
18.3750,-10.13,0
18.3800,20.76,0
18.3850,20.76,0
18.3900,13.41,0
18.3950,2.51,0
18.4000,10.16,0
18.4050,10.16,0
18.4100,-11.36,0
18.4150,25.02,0
18.4200,25.02,0
18.4250,6.00,0
18.4300,-8.27,0
18.4350,3.00,0
18.4400,11.20,0
18.4450,-6.20,0
18.4500,-6.20,0
18.4550,-6.20,0
18.4600,23.01,0
18.4650,23.01,0
18.4700,-9.03,0
18.4750,10.32,0
18.4800,3.00,0
18.4850,-7.03,0
18.4900,-22.62,0
18.4950,-7.03,0
18.5000,-7.03,0
18.5050,-7.03,0
18.5100,-7.03,0
18.5150,-7.03,0
18.5200,-7.03,0
18.5250,10.93,0
18.5300,10.93,0
18.5350,10.93,0
18.5400,8.78,0
18.5450,8.78,0
18.5500,20.43,0
18.5550,22.07,0
18.5600,11.94,0
18.5650,-7.31,0
18.5700,-7.31,0
18.5750,-7.31,0
18.5800,-7.31,0
18.5850,-10.89,0
18.5900,-10.89,0
18.5950,7.79,0
18.6000,7.79,0
18.6050,7.79,0
18.6100,-7.87,0
18.6150,18.92,0
18.6200,18.92,0
18.6250,1.55,0
18.6300,18.92,0
18.6350,18.92,0
18.6400,7.21,0
18.6450,-0.17,0
18.6500,7.53,0
18.6550,7.53,0
18.6600,22.71,0
18.6650,7.53,0
18.6700,-6.80,0
18.6750,12.57,0
18.6800,12.57,0
18.6850,12.57,0
18.6900,-7.88,0
18.6950,12.57,0
18.7000,-5.09,0
18.7050,-5.09,0
18.7100,-5.09,0
18.7150,-5.09,0
18.7200,-13.30,0
18.7250,-7.82,0
18.7300,-7.82,0
18.7350,-7.82,0
18.7400,-7.82,0
18.7450,22.10,0
18.7500,22.10,0
18.7550,22.10,0
18.7600,5.66,0
18.7650,5.66,0
18.7700,9.45,0
18.7750,-11.04,0
18.7800,16.90,0
18.7850,24.21,0
18.7900,24.21,0
18.7950,24.21,0
18.8000,-13.82,0
18.8050,-10.85,0
18.8100,-10.85,0
18.8150,-0.15,0
18.8200,-0.15,0
18.8250,-1.98,0
18.8300,-1.98,0
18.8350,-1.98,0
18.8400,-1.98,0
18.8450,-15.90,0
18.8500,-11.50,0
18.8550,18.35,0
18.8600,9.59,0
18.8650,1.26,0
18.8700,-0.22,0
18.8750,-0.22,0
18.8800,22.56,0
18.8850,15.10,0
18.8900,20.00,0
18.8950,20.00,0
18.9000,3.25,0
18.9050,3.25,0
18.9100,19.60,0
18.9150,19.60,0
18.9200,-11.34,0
18.9250,-11.34,0
18.9300,-11.34,0
18.9350,-11.34,0
18.9400,-1.33,0
18.9450,-1.33,0
18.9500,0.18,0
18.9550,0.18,0
18.9600,-0.22,0
18.9650,-9.10,0
18.9700,21.21,0
18.9750,21.21,0
18.9800,21.21,0
18.9850,21.21,0
18.9900,21.21,0
18.9950,21.21,0
19.0000,-13.56,0
19.0050,-13.56,0
19.0100,17.97,0
19.0150,-17.91,0
19.0200,9.90,0
19.0250,2.26,0
19.0300,2.26,0
19.0350,2.26,0
19.0400,19.98,0
19.0450,2.26,0
19.0500,2.26,0
19.0550,15.67,0
19.0600,15.67,0
19.0650,-0.27,0
19.0700,-0.27,0
19.0750,-0.27,0
19.0800,17.72,0
19.0850,17.72,0
19.0900,10.03,0
19.0950,-11.85,0
19.1000,19.54,0
19.1050,19.54,0
19.1100,-0.33,0
19.1150,-0.33,0
19.1200,-0.33,0
19.1250,-0.33,0
19.1300,-14.65,0
19.1350,-14.65,0
19.1400,-1.35,0
19.1450,-1.35,0
19.1500,-0.08,0
19.1550,-0.08,0
19.1600,20.62,0
19.1650,20.62,0
19.1700,-9.64,0
19.1750,-9.64,0
19.1800,-2.32,0
19.1850,-2.32,0
19.1900,1.47,0
19.1950,1.47,0
19.2000,17.89,0
19.2050,-9.64,0
19.2100,-9.06,0
19.2150,-9.06,0
19.2200,21.68,0
19.2250,21.68,0
19.2300,0.12,0
19.2350,0.12,0
19.2400,21.64,0
19.2450,21.64,0
19.2500,-13.49,0
19.2550,-13.49,0
19.2600,1.71,0
19.2650,1.71,0
19.2700,1.71,0
19.2750,16.54,0
19.2800,18.98,0
19.2850,18.98,0
19.2900,-9.84,0
19.2950,-9.84,0
19.3000,-2.12,0
19.3050,-2.12,0
19.3100,2.11,0
19.3150,2.11,0
19.3200,2.11,0
19.3250,2.11,0
19.3300,2.11,0
19.3350,-11.88,0
19.3400,17.72,0
19.3450,-11.88,0
19.3500,19.46,0
19.3550,-3.13,0
19.3600,-3.13,0
19.3650,17.13,0
19.3700,17.13,0
19.3750,-10.78,0
19.3800,16.06,0
19.3850,16.06,0
19.3900,16.06,0
19.3950,6.15,0
19.4000,18.04,0
19.4050,18.04,0
19.4100,18.04,0
19.4150,-10.07,0
19.4200,-10.07,0
19.4250,19.10,0
19.4300,19.10,0
19.4350,0.02,0
19.4400,-3.13,0
19.4450,0.02,0
19.4500,0.02,0
19.4550,-14.74,0
19.4600,-14.74,0
19.4650,18.46,0
19.4700,-1.37,0
19.4750,-1.37,0
19.4800,-1.37,0
19.4850,-1.37,0
19.4900,-1.37,0
19.4950,-1.37,0
19.5000,-1.37,0
19.5050,17.87,0
19.5100,17.87,0
19.5150,20.39,0
19.5200,16.60,0
19.5250,16.60,0
19.5300,-1.37,0
19.5350,-11.80,0
19.5400,-11.80,0
19.5450,17.08,0
19.5500,4.69,0
19.5550,4.69,0
19.5600,-2.88,0
19.5650,-2.88,0
19.5700,-2.88,0
19.5750,-2.88,0
19.5800,-2.88,0
19.5850,18.28,0
19.5900,-2.02,0
19.5950,-2.02,0
19.6000,-2.02,0
19.6050,-2.02,0
19.6100,-2.02,0
19.6150,18.28,0
19.6200,9.18,0
19.6250,9.18,0
19.6300,22.19,0
19.6350,22.19,0
19.6400,-4.04,0
19.6450,-4.04,0
19.6500,18.28,0
19.6550,-4.04,0
19.6600,14.06,0
19.6650,14.06,0
19.6700,-8.53,0
19.6750,-8.53,0
19.6800,-8.53,0
19.6850,-8.50,0
19.6900,-8.50,0
19.6950,10.48,0
19.7000,10.48,0
19.7050,13.33,0
19.7100,13.33,0
19.7150,-4.82,0
19.7200,-4.82,0
19.7250,17.24,0
19.7300,17.24,0
19.7350,6.13,0
19.7400,6.13,0
19.7450,14.22,0
19.7500,20.39,0
19.7550,20.39,0
19.7600,20.39,0
19.7650,19.58,0
19.7700,14.06,0
19.7750,-6.08,0
19.7800,7.20,0
19.7850,7.89,0
19.7900,7.89,0
19.7950,-10.48,0
19.8000,-10.48,0
19.8050,7.66,0
19.8100,-4.70,0
19.8150,-6.08,0
19.8200,7.00,0
19.8250,12.08,0
19.8300,-9.36,0
19.8350,-9.62,0
19.8400,-9.62,0
19.8450,21.82,0
19.8500,21.82,0
19.8550,7.79,0
19.8600,7.79,0
19.8650,10.32,0
19.8700,10.32,0
19.8750,-8.63,0
19.8800,-8.63,0
19.8850,-0.34,0
19.8900,21.89,0
19.8950,-4.95,0
19.9000,-4.95,0
19.9050,8.46,0
19.9100,8.46,0
19.9150,-7.44,0
19.9200,-7.44,0
19.9250,21.89,0
19.9300,-3.99,0
19.9350,-3.99,0
19.9400,-3.99,0
19.9450,-3.99,0
19.9500,-4.53,0
19.9550,-9.63,0
19.9600,-9.63,0
19.9650,1.55,0
19.9700,21.88,0
19.9750,5.64,0
19.9800,12.92,0
19.9850,12.92,0
19.9900,12.92,0
19.9950,12.92,0
20.0000,21.98,0
20.0050,21.98,0
20.0100,21.98,0
20.0150,-3.56,0
20.0200,-3.56,0
20.0250,-3.56,0
20.0300,7.92,0
20.0350,7.92,0
20.0400,7.92,0
20.0450,-6.99,0
20.0500,-6.99,0
20.0550,-6.99,0
20.0600,-6.99,0
20.0650,11.15,0
20.0700,11.15,0
20.0750,-10.31,0
20.0800,19.67,0
20.0850,-14.16,0
20.0900,-2.70,0
20.0950,-2.70,0
20.1000,-2.70,0
20.1050,6.83,0
20.1100,17.92,0
20.1150,13.56,0
20.1200,13.56,0
20.1250,20.10,0
20.1300,20.10,0
20.1350,-5.65,0
20.1400,-5.65,0
20.1450,5.82,0
20.1500,5.71,0
20.1550,-5.30,0
20.1600,-5.30,0
20.1650,-5.30,0
20.1700,-5.30,0
20.1750,-4.49,0
20.1800,13.56,0
20.1850,8.76,0
20.1900,8.76,0
20.1950,8.76,0
20.2000,8.76,0
20.2050,8.76,0
20.2100,-2.13,0
20.2150,-2.13,0
20.2200,3.56,0
20.2250,3.56,0
20.2300,3.56,0
20.2350,3.56,0
20.2400,-9.63,0
20.2450,-12.14,0
20.2500,-4.68,0
20.2550,-4.68,0
20.2600,19.66,0
20.2650,-4.68,0
20.2700,10.78,0
20.2750,10.78,0
20.2800,-6.31,0
20.2850,-6.31,0
20.2900,-3.91,0
20.2950,-3.91,0
20.3000,-9.63,0
20.3050,5.24,0
20.3100,3.56,0
20.3150,14.55,0
20.3200,-11.38,0
20.3250,-11.38,0
20.3300,21.74,0
20.3350,21.74,0
20.3400,21.74,0
20.3450,21.74,0
20.3500,5.90,0
20.3550,5.90,0
20.3600,23.10,0
20.3650,23.10,0
20.3700,23.10,0
20.3750,23.10,0
20.3800,-9.55,0
20.3850,-3.79,0
20.3900,-3.79,0
20.3950,-3.79,0
20.4000,15.30,0
20.4050,15.30,0
20.4100,-5.69,0
20.4150,-5.69,0
20.4200,-5.69,0
20.4250,-5.69,0
20.4300,-14.18,0
20.4350,-5.69,0
20.4400,-9.83,0
20.4450,18.10,0
20.4500,-2.66,0
20.4550,-1.34,0
20.4600,19.53,0
20.4650,19.53,0
20.4700,19.53,0
20.4750,-2.88,0
20.4800,19.53,0
20.4850,19.53,0
20.4900,-4.81,0
20.4950,-7.01,0
20.5000,19.33,0
20.5050,-6.50,0
20.5100,-8.20,0
20.5150,-8.20,0
20.5200,1.65,0
20.5250,1.65,0
20.5300,-2.76,0
20.5350,-2.76,0
20.5400,-2.76,0
20.5450,-2.76,0
20.5500,-13.95,0
20.5550,-13.95,0
20.5600,-13.95,0
20.5650,24.35,0
20.5700,2.06,0
20.5750,16.04,0
20.5800,19.91,0
20.5850,19.91,0
20.5900,-11.91,0
20.5950,-5.06,0
20.6000,18.21,0
20.6050,18.21,0
20.6100,6.49,0
20.6150,6.49,0
20.6200,20.54,0
20.6250,20.54,0
20.6300,5.61,0
20.6350,-12.05,0
20.6400,-12.05,0
20.6450,-12.05,0
20.6500,-12.05,0
20.6550,-12.05,0
20.6600,-12.05,0
20.6650,21.01,0
20.6700,-12.20,0
20.6750,-12.20,0
20.6800,-12.20,0
20.6850,22.99,0
20.6900,16.70,0
20.6950,-8.53,0
20.7000,19.07,0
20.7050,19.07,0
20.7100,19.07,0
20.7150,19.07,0
20.7200,13.82,0
20.7250,13.82,0
20.7300,4.45,0
20.7350,4.45,0
20.7400,20.20,0
20.7450,20.20,0
20.7500,20.20,0
20.7550,-9.19,0
20.7600,-2.42,0
20.7650,16.24,0
20.7700,16.24,0
20.7750,8.36,0
20.7800,8.36,0
20.7850,-4.57,0
20.7900,-5.74,0
20.7950,-4.57,0
20.8000,-4.57,0
20.8050,-11.70,0
20.8100,-11.70,0
20.8150,-7.19,0
20.8200,-7.19,0
20.8250,20.55,0
20.8300,20.55,0
20.8350,20.55,0
20.8400,20.55,0
20.8450,-7.19,0
20.8500,12.60,0
20.8550,3.57,0
20.8600,3.57,0
20.8650,19.36,0
20.8700,-8.44,0
20.8750,-8.44,0
20.8800,-8.44,0
20.8850,-8.44,0
20.8900,22.21,0
20.8950,3.35,0
20.9000,-2.92,0
20.9050,-2.92,0
20.9100,-13.60,0
20.9150,-13.60,0
20.9200,15.62,0
20.9250,15.62,0
20.9300,5.07,0
20.9350,-13.60,0
20.9400,-13.60,0
20.9450,-4.62,0
20.9500,18.86,0
20.9550,18.86,0
20.9600,15.56,0
20.9650,15.56,0
20.9700,8.31,0
20.9750,8.31,0
20.9800,20.35,0
20.9850,20.35,0
20.9900,-10.79,0
20.9950,-10.79,0
21.0000,-10.79,0
21.0050,-2.07,0
21.0100,15.60,0
21.0150,15.60,0
21.0200,15.60,0
21.0250,-6.23,0
21.0300,-7.57,0
21.0350,-7.57,0
21.0400,14.65,0
21.0450,14.65,0
21.0500,14.65,0
21.0550,14.65,0
21.0600,14.65,0
21.0650,-3.37,0
21.0700,-3.37,0
21.0750,23.11,0
21.0800,23.11,0
21.0850,15.30,0
21.0900,15.30,0
21.0950,9.69,0
21.1000,9.69,0
21.1050,-6.27,0
21.1100,-6.27,0
21.1150,16.16,0
21.1200,-9.20,0
21.1250,16.16,0
21.1300,13.93,0
21.1350,13.93,0
21.1400,13.93,0
21.1450,-2.17,0
21.1500,-2.17,0
21.1550,21.32,0
21.1600,9.69,0
21.1650,-12.21,0
21.1700,-3.37,0
21.1750,16.26,0
21.1800,16.26,0
21.1850,-7.08,0
21.1900,-5.43,0
21.1950,22.92,0
21.2000,22.92,0
21.2050,22.92,0
21.2100,12.52,0
21.2150,12.52,0
21.2200,4.66,0
21.2250,4.66,0
21.2300,19.64,0
21.2350,19.64,0
21.2400,1.62,0
21.2450,1.62,0
21.2500,15.81,0
21.2550,15.81,0
21.2600,-14.04,0
21.2650,4.66,0
21.2700,-14.04,0
21.2750,-1.83,0
21.2800,0.92,0
21.2850,0.92,0
21.2900,0.92,0
21.2950,0.92,0
21.3000,14.07,0
21.3050,14.07,0
21.3100,14.07,0
21.3150,0.96,0
21.3200,9.76,0
21.3250,0.96,0
21.3300,0.96,0
21.3350,0.96,0
21.3400,-6.43,0
21.3450,17.13,0
21.3500,-1.55,0
21.3550,-1.55,0
21.3600,-1.55,0
21.3650,-10.14,0
21.3700,10.64,0
21.3750,10.64,0
21.3800,14.07,0
21.3850,10.64,0
21.3900,10.64,0
21.3950,-2.54,0
21.4000,3.93,0
21.4050,3.93,0
21.4100,3.93,0
21.4150,-11.30,0
21.4200,-11.30,0
21.4250,18.72,0
21.4300,18.72,0
21.4350,18.72,0
21.4400,-2.69,0
21.4450,-2.69,0
21.4500,-2.69,0
21.4550,14.62,0
21.4600,14.62,0
21.4650,14.62,0
21.4700,14.62,0
21.4750,-11.20,0
21.4800,0.60,0
21.4850,0.99,0
21.4900,0.99,0
21.4950,13.04,0
21.5000,13.04,0
21.5050,-6.12,0
21.5100,-0.18,0
21.5150,-0.18,0
21.5200,2.50,0
21.5250,-6.12,0
21.5300,2.50,0
21.5350,2.50,0
21.5400,-13.56,0
21.5450,-13.56,0
21.5500,-13.56,0
21.5550,-13.56,0
21.5600,-9.00,0
21.5650,1.85,0
21.5700,19.67,0
21.5750,19.67,0
21.5800,15.26,0
21.5850,-6.66,0
21.5900,17.06,0
21.5950,17.06,0
21.6000,2.49,0
21.6050,2.49,0
21.6100,-10.52,0
21.6150,15.14,0
21.6200,15.14,0
21.6250,15.14,0
21.6300,-10.87,0
21.6350,-10.87,0
21.6400,2.62,0
21.6450,2.62,0
21.6500,2.28,0
21.6550,2.28,0
21.6600,-12.31,0
21.6650,-12.31,0
21.6700,16.59,0
21.6750,16.59,0
21.6800,2.32,0
21.6850,-1.23,0
21.6900,-1.23,0
21.6950,-1.23,0
21.7000,-1.23,0
21.7050,-1.23,0
21.7100,18.79,0
21.7150,18.79,0
21.7200,-0.11,0
21.7250,-0.11,0
21.7300,17.24,0
21.7350,17.24,0
21.7400,-9.99,0
21.7450,-9.99,0
21.7500,16.37,0
21.7550,16.37,0
21.7600,4.48,0
21.7650,4.48,0
21.7700,4.48,0
21.7750,4.48,0
21.7800,4.48,0
21.7850,4.48,0
21.7900,-11.77,0
21.7950,-11.77,0
21.8000,2.37,0
21.8050,2.37,0
21.8100,18.15,0
21.8150,18.15,0
21.8200,18.15,0
21.8250,18.15,0
21.8300,18.15,0
21.8350,21.28,0
21.8400,23.27,0
21.8450,-0.14,0
21.8500,15.91,0
21.8550,15.91,0
21.8600,15.91,0
21.8650,15.91,0
21.8700,-9.82,0
21.8750,-9.82,0
21.8800,-9.82,0
21.8850,17.82,0
21.8900,-0.13,0
21.8950,-0.13,0
21.9000,-10.51,0
21.9050,-10.51,0
21.9100,-10.51,0
21.9150,21.48,0
21.9200,16.46,0
21.9250,16.46,0
21.9300,14.38,0
21.9350,14.38,0
21.9400,14.38,0
21.9450,14.38,0
21.9500,14.38,0
21.9550,14.38,0
21.9600,17.56,0
21.9650,17.56,0
21.9700,14.63,0
21.9750,14.63,0
21.9800,-7.55,0
21.9850,-7.55,0
21.9900,-7.55,0
21.9950,-7.55,0
22.0000,-7.55,0
22.0050,11.90,0
22.0100,-7.55,0
22.0150,0.80,0
22.0200,0.80,0
22.0250,-7.80,0
22.0300,17.33,0
22.0350,17.33,0
22.0400,17.33,0
22.0450,-10.48,0
22.0500,1.17,0
22.0550,1.17,0
22.0600,12.82,0
22.0650,12.82,0
22.0700,10.38,0
22.0750,10.38,0
22.0800,17.81,0
22.0850,20.69,0
22.0900,-6.92,0
22.0950,-6.92,0
22.1000,-6.92,0
22.1050,-6.92,0
22.1100,8.21,0
22.1150,8.21,0
22.1200,-8.07,0
22.1250,-8.07,0
22.1300,9.15,0
22.1350,-8.07,0
22.1400,-2.61,0
22.1450,-2.61,0
22.1500,5.87,0
22.1550,5.87,0
22.1600,5.87,0
22.1650,5.87,0
22.1700,5.87,0
22.1750,-7.06,0
22.1800,-7.06,0
22.1850,8.88,0
22.1900,8.88,0
22.1950,11.39,0
22.2000,11.39,0
22.2050,11.39,0
22.2100,11.39,0
22.2150,11.39,0
22.2200,11.39,0
22.2250,7.80,0
22.2300,7.80,0
22.2350,10.90,0
22.2400,10.90,0
22.2450,-3.16,0
22.2500,21.45,0
22.2550,21.45,0
22.2600,17.41,0
22.2650,-4.18,0
22.2700,-4.18,0
22.2750,-4.18,0
22.2800,14.52,0
22.2850,-6.04,0
22.2900,-6.04,0
22.2950,20.24,0
22.3000,17.08,0
22.3050,11.43,0
22.3100,11.43,0
22.3150,19.80,0
22.3200,12.26,0
22.3250,4.18,0
22.3300,-4.50,0
22.3350,15.89,0
22.3400,15.89,0
22.3450,-5.20,0
22.3500,-5.20,0
22.3550,11.28,0
22.3600,11.28,0
22.3650,-3.25,0
22.3700,-3.25,0
22.3750,16.81,0
22.3800,16.81,0
22.3850,10.98,0
22.3900,10.98,0
22.3950,10.98,0
22.4000,10.98,0
22.4050,-10.60,0
22.4100,-10.60,0
22.4150,20.61,0
22.4200,20.61,0
22.4250,8.70,0
22.4300,8.70,0
22.4350,10.94,0
22.4400,10.94,0
22.4450,10.94,0
22.4500,10.94,0
22.4550,15.74,0
22.4600,-5.94,0
22.4650,-7.48,0
22.4700,4.70,0
22.4750,-7.48,0
22.4800,-7.48,0
22.4850,-7.48,0
22.4900,-7.48,0
22.4950,17.12,0
22.5000,17.12,0
22.5050,-8.83,0
22.5100,-8.83,0
22.5150,6.77,0
22.5200,0.40,0
22.5250,-4.96,0
22.5300,-4.96,0
22.5350,19.47,0
22.5400,-8.83,0
22.5450,-6.69,0
22.5500,-6.69,0
22.5550,6.97,0
22.5600,-2.75,0
22.5650,13.28,0
22.5700,13.28,0
22.5750,18.18,0
22.5800,18.18,0
22.5850,-1.97,0
22.5900,-1.97,0
22.5950,-1.97,0
22.6000,-1.97,0
22.6050,-1.97,0
22.6100,20.93,0
22.6150,20.93,0
22.6200,21.45,0
22.6250,-4.68,0
22.6300,20.11,0
22.6350,10.56,0
22.6400,10.56,0
22.6450,11.39,0
22.6500,11.39,0
22.6550,20.94,0
22.6600,20.94,0
22.6650,20.94,0
22.6700,8.74,0
22.6750,8.74,0
22.6800,8.74,0
22.6850,12.48,0
22.6900,12.48,0
22.6950,22.56,0
22.7000,-9.10,0
22.7050,3.86,0
22.7100,-3.90,0
22.7150,-3.90,0
22.7200,-3.90,0
22.7250,26.06,0
22.7300,11.88,0
22.7350,-6.90,0
22.7400,-3.81,0
22.7450,-3.81,0
22.7500,9.01,0
22.7550,9.01,0
22.7600,9.01,0
22.7650,12.82,0
22.7700,8.74,0
22.7750,-7.44,0
22.7800,-7.44,0
22.7850,19.63,0
22.7900,19.63,0
22.7950,5.82,0
22.8000,5.82,0
22.8050,0.60,0
22.8100,14.49,0
22.8150,-9.13,0
22.8200,14.49,0
22.8250,14.49,0
22.8300,14.49,0
22.8350,5.42,0
22.8400,8.20,0
22.8450,11.20,0
22.8500,11.20,0
22.8550,-5.51,0
22.8600,-5.51,0
22.8650,-2.68,0
22.8700,16.56,0
22.8750,16.56,0
22.8800,-9.76,0
22.8850,-9.76,0
22.8900,15.70,0
22.8950,15.70,0
22.9000,15.70,0
22.9050,15.70,0
22.9100,-9.10,1
22.9150,5.75,0
22.9200,22.87,0
22.9250,11.09,0
22.9300,11.09,0
22.9350,0.91,0
22.9400,0.91,0
22.9450,0.91,0
22.9500,0.91,0
22.9550,17.37,0
22.9600,17.37,0
22.9650,-8.34,0
22.9700,-8.34,0
22.9750,1.03,0
22.9800,1.03,0
22.9850,-0.12,0
22.9900,-0.12,0
22.9950,-0.12,0
23.0000,-11.37,0
23.0050,-11.37,0
23.0100,14.98,0
23.0150,14.98,0
23.0200,14.98,0
23.0250,-4.48,0
23.0300,-4.48,0
23.0350,21.05,0
23.0400,21.05,0
23.0450,21.05,0
23.0500,13.45,0
23.0550,13.45,0
23.0600,-0.12,0
23.0650,4.90,0
23.0700,4.90,0
23.0750,-1.03,0
23.0800,22.14,0
23.0850,-7.91,0
23.0900,-7.91,0
23.0950,14.96,0
23.1000,14.96,0
23.1050,0.62,0
23.1100,0.62,0
23.1150,1.00,0
23.1200,-0.86,0
23.1250,-8.72,0
23.1300,-8.72,0
23.1350,14.67,0
23.1400,14.67,0
23.1450,-2.61,0
23.1500,-2.61,0
23.1550,19.89,0
23.1600,4.23,0
23.1650,19.89,0
23.1700,19.89,0
23.1750,19.89,0
23.1800,19.89,0
23.1850,16.69,0
23.1900,-2.42,0
23.1950,18.75,0
23.2000,18.75,0
23.2050,-10.71,0
23.2100,-10.71,0
23.2150,-10.71,0
23.2200,-2.40,0
23.2250,4.28,0
23.2300,4.28,0
23.2350,-5.22,0
23.2400,-11.46,0
23.2450,-11.46,0
23.2500,12.33,0
23.2550,16.53,0
23.2600,16.53,0
23.2650,16.53,0
23.2700,-2.49,0
23.2750,-2.49,0
23.2800,18.82,0
23.2850,18.82,0
23.2900,16.46,0
23.2950,16.46,0
23.3000,4.79,0
23.3050,4.79,0
23.3100,-2.51,0
23.3150,4.79,0
23.3200,18.17,0
23.3250,18.17,0
23.3300,-10.89,0
23.3350,-10.89,0
23.3400,4.07,0
23.3450,4.07,0
23.3500,4.07,0
23.3550,4.07,0
23.3600,-0.28,0
23.3650,-0.28,0
23.3700,-9.93,0
23.3750,21.45,0
23.3800,-9.93,0
23.3850,-9.93,0
23.3900,-9.93,0
23.3950,-6.06,0
23.4000,-6.06,0
23.4050,17.99,0
23.4100,17.99,0
23.4150,15.37,0
23.4200,15.37,0
23.4250,3.26,0
23.4300,3.26,0
23.4350,3.26,0
23.4400,-2.67,0
23.4450,21.05,0
23.4500,21.05,0
23.4550,-1.05,0
23.4600,-9.33,0
23.4650,-0.98,0
23.4700,-0.98,0
23.4750,-6.70,0
23.4800,-6.70,0
23.4850,21.52,0
23.4900,21.52,0
23.4950,21.52,0
23.5000,21.52,0
23.5050,21.52,0
23.5100,21.52,0
23.5150,8.61,0
23.5200,8.61,0
23.5250,20.97,0
23.5300,20.97,0
23.5350,-10.45,0
23.5400,-10.45,0
23.5450,3.67,0
23.5500,13.68,0
23.5550,3.67,0
23.5600,3.67,0
23.5650,-7.07,0
23.5700,19.68,0
23.5750,-8.06,0
23.5800,-8.06,0
23.5850,-10.45,0
23.5900,-8.06,0
23.5950,16.96,0
23.6000,16.96,0
23.6050,-7.43,0
23.6100,-7.43,0
23.6150,-7.43,0
23.6200,-7.43,0
23.6250,9.72,0
23.6300,9.72,0
23.6350,-6.13,0
23.6400,-6.13,0
23.6450,18.86,0
23.6500,18.86,0
23.6550,9.72,0
23.6600,-13.60,0
23.6650,-13.97,0
23.6700,14.51,0
23.6750,6.17,0
23.6800,6.17,0
23.6850,22.25,0
23.6900,22.25,0
23.6950,17.31,0
23.7000,17.31,0
23.7050,17.62,0
23.7100,-5.93,0
23.7150,-5.93,0
23.7200,-5.93,0
23.7250,-3.64,0
23.7300,-3.64,0
23.7350,-3.64,0
23.7400,-3.64,0
23.7450,5.58,0
23.7500,5.58,0
23.7550,20.65,0
23.7600,20.65,0
23.7650,20.65,0
23.7700,18.61,0
23.7750,3.83,0
23.7800,16.90,0
23.7850,16.90,0
23.7900,-3.64,0
23.7950,18.08,0
23.8000,-1.01,0
23.8050,-1.01,0
23.8100,-1.01,0
23.8150,-1.01,0
23.8200,18.19,0
23.8250,18.19,0
23.8300,-8.73,0
23.8350,-8.73,0
23.8400,-6.63,0
23.8450,-6.63,0
23.8500,-6.63,0
23.8550,8.06,0
23.8600,-5.17,0
23.8650,13.63,0
23.8700,13.63,0
23.8750,-12.48,0
23.8800,18.08,0
23.8850,19.66,0
23.8900,1.17,0
23.8950,1.17,0
23.9000,12.10,0
23.9050,24.28,0
23.9100,-9.07,0
23.9150,-9.07,0
23.9200,21.98,0
23.9250,21.98,0
23.9300,-1.09,0
23.9350,-1.09,0
23.9400,14.70,0
23.9450,14.70,0
23.9500,6.27,0
23.9550,18.18,0
23.9600,-10.21,0
23.9650,-10.21,0
23.9700,-0.83,0
23.9750,-0.83,0
23.9800,5.66,0
23.9850,1.77,0
23.9900,-9.34,0
23.9950,-9.34,0
24.0000,16.75,0
24.0050,16.75,0
24.0100,-0.83,0
24.0150,-2.59,0
24.0200,15.64,0
24.0250,15.64,0
24.0300,15.64,0
24.0350,15.64,0
24.0400,16.81,0
24.0450,16.81,0
24.0500,-1.37,0
24.0550,-1.37,0
24.0600,13.91,0
24.0650,13.91,0
24.0700,13.91,0
24.0750,13.91,0
24.0800,13.91,0
24.0850,13.91,0
24.0900,-8.27,0
24.0950,19.08,0
24.1000,19.08,0
24.1050,0.91,0
24.1100,0.91,0
24.1150,-11.51,0
24.1200,-11.51,0
24.1250,18.93,0
24.1300,18.93,0
24.1350,0.11,0
24.1400,-13.74,0
24.1450,0.29,0
24.1500,14.68,0
24.1550,14.68,0
24.1600,14.68,0
24.1650,14.68,0
24.1700,14.68,0
24.1750,16.40,0
24.1800,16.40,0
24.1850,18.69,0
24.1900,18.69,0
24.1950,-12.96,0
24.2000,-12.96,0
24.2050,-12.18,0
24.2100,-12.96,0
24.2150,-0.74,0
24.2200,-0.74,0
24.2250,-0.59,0
24.2300,-0.59,0
24.2350,-0.59,0
24.2400,-0.59,0
24.2450,15.40,0
24.2500,15.40,0
24.2550,15.40,0
24.2600,5.39,0
24.2650,5.39,0
24.2700,16.90,0
24.2750,16.90,0
24.2800,13.71,0
24.2850,-13.72,0
24.2900,18.76,0
24.2950,18.76,0
24.3000,18.76,0
24.3050,14.08,0
24.3100,14.08,0
24.3150,14.08,0
24.3200,-0.74,0
24.3250,-9.91,0
24.3300,-1.28,0
24.3350,-1.28,0
24.3400,-1.28,0
24.3450,5.93,0
24.3500,5.93,0
24.3550,17.97,0
24.3600,17.97,0
24.3650,20.61,0
24.3700,17.08,0
24.3750,17.08,0
24.3800,17.08,0
24.3850,-1.74,0
24.3900,-1.74,0
24.3950,17.20,0
24.4000,17.20,0
24.4050,17.20,0
24.4100,17.20,0
24.4150,17.20,0
24.4200,2.02,0
24.4250,2.02,0
24.4300,2.02,0
24.4350,19.71,0
24.4400,-12.31,0
24.4450,-12.31,0
24.4500,-12.31,0
24.4550,-12.31,0
24.4600,-12.31,0
24.4650,0.87,0
24.4700,0.87,0
24.4750,-8.47,0
24.4800,-8.47,0
24.4850,19.70,0
24.4900,19.70,0
24.4950,1.05,0
24.5000,-5.49,0
24.5050,-5.60,0
24.5100,-1.97,0
24.5150,9.49,0
24.5200,9.49,0
24.5250,9.49,0
24.5300,9.49,0
24.5350,9.68,0
24.5400,18.92,0
24.5450,-5.13,0
24.5500,-5.13,0
24.5550,9.00,0
24.5600,9.00,0
24.5650,-5.28,0
24.5700,-5.28,0
24.5750,-5.28,0
24.5800,-5.28,0
24.5850,-9.46,0
24.5900,-9.46,0
24.5950,11.58,0
24.6000,-5.24,0
24.6050,-11.06,0
24.6100,23.54,0
24.6150,23.54,0
24.6200,23.54,0
24.6250,23.54,0
24.6300,23.54,0
24.6350,11.29,0
24.6400,11.29,0
24.6450,10.33,0
24.6500,20.73,0
24.6550,20.73,0
24.6600,20.73,0
24.6650,23.20,0
24.6700,-4.72,0
24.6750,-4.72,0
24.6800,11.96,0
24.6850,11.96,0
24.6900,-5.75,0
24.6950,-5.75,0
24.7000,11.96,0
24.7050,-6.47,0
24.7100,9.19,0
24.7150,11.58,0
24.7200,9.19,0
24.7250,9.19,0
24.7300,9.19,0
24.7350,8.82,0
24.7400,21.15,0
24.7450,21.15,0
24.7500,7.22,0
24.7550,7.22,0
24.7600,21.15,0
24.7650,10.79,0
24.7700,10.79,0
24.7750,-10.78,0
24.7800,10.79,0
24.7850,10.79,0
24.7900,9.42,0
24.7950,9.42,0
24.8000,-6.47,0
24.8050,13.33,0
24.8100,-5.91,0
24.8150,-5.91,0
24.8200,-12.44,0
24.8250,3.46,0
24.8300,17.49,0
24.8350,2.01,0
24.8400,17.49,0
24.8450,17.49,0
24.8500,17.49,0
24.8550,17.49,0
24.8600,-35.72,0
24.8650,-46.04,0
24.8700,-46.04,0
24.8750,-43.40,0
24.8800,-43.40,0
24.8850,-43.40,0
24.8900,1.28,0
24.8950,-34.24,0
24.9000,1.14,0
24.9050,-43.64,0
24.9100,-43.64,0
24.9150,2.84,0
24.9200,-11.79,0
24.9250,-2.47,0
24.9300,-2.47,0
24.9350,-2.47,0
24.9400,-2.47,0
24.9450,-2.47,0
24.9500,5.71,0
24.9550,5.71,0
24.9600,25.65,0
24.9650,25.65,0
24.9700,-11.39,0
24.9750,32.62,0
24.9800,32.62,0
24.9850,32.62,0
24.9900,32.62,0
24.9950,32.62,0
25.0000,27.18,0
25.0050,20.60,0
25.0100,32.39,0
25.0150,32.39,0
25.0200,37.76,0
25.0250,13.15,0
25.0300,12.20,0
25.0350,27.18,0
25.0400,12.20,0
25.0450,5.61,0
25.0500,20.65,0
25.0550,-10.21,0
25.0600,-10.21,0
25.0650,-15.90,0
25.0700,-15.90,0
25.0750,-0.19,0
25.0800,-0.19,0
25.0850,-0.19,0
25.0900,-0.19,0
25.0950,-23.41,0
25.1000,-23.41,0
25.1050,0.61,0
25.1100,0.61,0
25.1150,-34.18,0
25.1200,-0.19,0
25.1250,-34.18,0
25.1300,-22.17,0
25.1350,-22.17,0
25.1400,-22.17,0
25.1450,-22.17,0
25.1500,-22.17,0
25.1550,-22.17,0
25.1600,-9.10,0
25.1650,-9.10,0
25.1700,9.15,0
25.1750,9.15,0
25.1800,9.15,0
25.1850,9.15,0
25.1900,9.15,0
25.1950,9.15,0
25.2000,9.15,0
25.2050,-4.50,0
25.2100,14.46,0
25.2150,30.41,0
25.2200,-1.50,0
25.2250,30.41,0
25.2300,48.65,0
25.2350,48.65,0
25.2400,38.97,0
25.2450,38.97,0
25.2500,41.41,0
25.2550,41.41,0
25.2600,41.41,0
25.2650,41.41,0
25.2700,35.46,0
25.2750,35.46,0
25.2800,27.30,0
25.2850,27.30,0
25.2900,20.85,0
25.2950,69.11,0
25.3000,69.11,0
25.3050,69.11,0
25.3100,69.11,0
25.3150,69.11,0
25.3200,149.17,0
25.3250,149.17,0
25.3300,229.08,0
25.3350,229.08,0
25.3400,262.82,0
25.3450,262.82,0
25.3500,262.82,0
25.3550,262.82,0
25.3600,262.82,0
25.3650,-94.55,0
25.3700,-94.55,0
25.3750,-68.06,0
25.3800,-68.06,0
25.3850,-68.06,0
25.3900,-69.78,0
25.3950,-21.89,0
25.4000,-21.89,0
25.4050,-52.31,0
25.4100,-52.31,0
25.4150,-52.31,0
25.4200,-52.31,0
25.4250,-31.70,0
25.4300,-31.70,0
25.4350,-30.73,0
25.4400,-30.73,0
25.4450,-38.61,0
25.4500,-36.97,0
25.4550,-10.36,0
25.4600,-10.36,0
25.4650,-10.36,0
25.4700,-10.36,0
25.4750,116.38,0
25.4800,148.79,0
25.4850,-12.07,0
25.4900,5.28,0
25.4950,5.28,0
25.5000,-2.49,0
25.5050,-2.49,0
25.5100,220.76,0
25.5150,-14.52,0
25.5200,-19.26,0
25.5250,-42.58,0
25.5300,2.63,0
25.5350,2.63,0
25.5400,2.83,0
25.5450,2.83,0
25.5500,-7.35,0
25.5550,-17.26,0
25.5600,-17.26,0
25.5650,-17.26,0
25.5700,-17.26,0
25.5750,-21.43,0
25.5800,-21.43,0
25.5850,6.89,0
25.5900,6.89,0
25.5950,-14.77,0
25.6000,-14.77,0
25.6050,6.73,0
25.6100,2.50,0
25.6150,-18.04,0
25.6200,-18.04,0
25.6250,-12.76,0
25.6300,3.45,0
25.6350,3.45,0
25.6400,5.61,0
25.6450,12.50,0
25.6500,12.50,0
25.6550,12.50,0
25.6600,-15.73,0
25.6650,-15.73,0
25.6700,-9.11,0
25.6750,-1.97,0
25.6800,-7.81,0
25.6850,-7.81,0
25.6900,-7.81,0
25.6950,-7.81,0
25.7000,-16.37,0
25.7050,-2.86,0
25.7100,10.43,0
25.7150,-10.71,0
25.7200,-10.71,0
25.7250,14.63,0
25.7300,14.63,0
25.7350,14.63,0
25.7400,-2.14,0
25.7450,14.63,0
25.7500,8.61,0
25.7550,9.81,0
25.7600,9.81,0
25.7650,9.81,0
25.7700,-15.29,0
25.7750,-10.73,0
25.7800,-11.85,0
25.7850,-11.85,0
25.7900,11.02,0
25.7950,11.02,0
25.8000,2.93,0
25.8050,2.93,0
25.8100,-8.16,0
25.8150,-13.68,0
25.8200,-13.68,0
25.8250,9.12,0
25.8300,9.12,0
25.8350,9.12,0
25.8400,9.12,0
25.8450,-8.49,0
25.8500,-8.49,0
25.8550,18.19,0
25.8600,18.19,0
25.8650,13.06,0
25.8700,13.06,0
25.8750,4.52,0
25.8800,4.52,0
25.8850,-7.91,0
25.8900,-7.91,0
25.8950,-8.91,0
25.9000,-8.91,0
25.9050,9.12,0
25.9100,9.12,0
25.9150,0.56,0
25.9200,0.56,0
25.9250,-6.20,0
25.9300,-6.20,0
25.9350,0.99,0
25.9400,12.32,0
25.9450,8.30,0
25.9500,-6.30,0
25.9550,8.30,0
25.9600,8.30,0
25.9650,-9.81,0
25.9700,-9.81,0
25.9750,-9.81,0
25.9800,-9.81,0
25.9850,-9.81,0
25.9900,7.39,0
25.9950,7.39,0
26.0000,2.83,0
26.0050,2.83,0
26.0100,18.94,0
26.0150,18.94,0
26.0200,-17.19,0
26.0250,-12.12,0
26.0300,10.46,0
26.0350,10.46,0
26.0400,4.74,0
26.0450,4.74,0
26.0500,4.74,0
26.0550,7.39,0
26.0600,-11.05,0
26.0650,-10.54,0
26.0700,13.62,0
26.0750,13.62,0
26.0800,13.62,0
26.0850,13.62,0
26.0900,13.62,0
26.0950,13.62,0
26.1000,-10.38,0
26.1050,-19.62,0
26.1100,11.77,0
26.1150,11.77,0
26.1200,7.59,0
26.1250,7.59,0
26.1300,18.13,0
26.1350,-9.95,0
26.1400,16.81,0
26.1450,16.81,0
26.1500,-14.24,0
26.1550,-14.24,0
26.1600,-14.24,0
26.1650,-14.24,0
26.1700,-9.95,0
26.1750,-2.82,0
26.1800,2.74,0
26.1850,2.74,0
26.1900,-3.86,0
26.1950,-13.13,0
26.2000,-13.13,0
26.2050,-13.13,0
26.2100,-13.13,0
26.2150,20.46,0
26.2200,20.46,0
26.2250,4.12,0
26.2300,14.04,0
26.2350,13.15,0
26.2400,13.15,0
26.2450,-6.55,0
26.2500,19.34,0
26.2550,-3.76,0
26.2600,-3.76,0
26.2650,-0.41,0
26.2700,-0.41,0
26.2750,-10.32,0
26.2800,-10.32,0
26.2850,-10.32,0
26.2900,-10.32,0
26.2950,-2.02,0
26.3000,-2.02,0
26.3050,4.28,0
26.3100,4.28,0
26.3150,-12.77,0
26.3200,17.83,0
26.3250,17.83,0
26.3300,17.83,0
26.3350,17.83,0
26.3400,1.17,0
26.3450,1.17,0
26.3500,15.90,0
26.3550,15.90,0
26.3600,20.21,0
26.3650,20.21,0
26.3700,1.71,0
26.3750,1.71,0
26.3800,1.71,0
26.3850,1.71,0
26.3900,1.71,0
26.3950,1.71,0
26.4000,-10.33,0
26.4050,26.39,0
26.4100,-10.33,0
26.4150,2.83,0
26.4200,2.83,0
26.4250,0.75,0
26.4300,0.75,0
26.4350,16.67,0
26.4400,16.67,0
26.4450,-12.74,0
26.4500,-12.74,0
26.4550,20.86,0
26.4600,20.86,0
26.4650,-1.58,0
26.4700,1.41,0
26.4750,16.65,0
26.4800,16.65,0
26.4850,16.65,0
26.4900,16.77,0
26.4950,16.65,0
26.5000,16.65,0
26.5050,16.65,0
26.5100,16.86,0
26.5150,16.86,0
26.5200,-8.97,0
26.5250,-7.53,0
26.5300,17.30,0
26.5350,17.30,0
26.5400,17.30,0
26.5450,17.30,0
26.5500,12.69,0
26.5550,15.48,0
26.5600,-9.84,0
26.5650,-9.84,0
26.5700,22.22,0
26.5750,22.22,0
26.5800,1.23,0
26.5850,1.97,0
26.5900,17.33,0
26.5950,17.33,0
26.6000,17.33,0
26.6050,17.33,0
26.6100,15.30,0
26.6150,1.57,0
26.6200,4.44,0
26.6250,4.44,0
26.6300,14.55,0
26.6350,14.55,0
26.6400,-10.63,0
26.6450,-10.63,0
26.6500,-10.63,0
26.6550,-10.63,0
26.6600,-10.63,0
26.6650,-10.63,0
26.6700,-10.63,0
26.6750,17.60,0
26.6800,-10.31,0
26.6850,-10.31,0
26.6900,-10.31,0
26.6950,17.93,0
26.7000,17.93,0
26.7050,-0.49,0
26.7100,15.79,0
26.7150,15.79,0
26.7200,15.79,0
26.7250,-0.91,0
26.7300,15.79,0
26.7350,13.48,0
26.7400,13.48,0
26.7450,4.27,0
26.7500,4.27,0
26.7550,16.85,0
26.7600,16.85,0
26.7650,-7.86,0
26.7700,-7.86,0
26.7750,-7.16,0
26.7800,15.50,0
26.7850,15.50,0
26.7900,0.47,0
26.7950,0.47,0
26.8000,-11.01,0
26.8050,-11.01,0
26.8100,16.74,0
26.8150,16.74,0
26.8200,16.74,0
26.8250,16.74,0
26.8300,1.50,0
26.8350,1.50,0
26.8400,18.57,0
26.8450,18.57,0
26.8500,19.10,0
26.8550,17.39,0
26.8600,17.95,0
26.8650,-0.54,0
26.8700,-0.54,0
26.8750,-0.54,0
26.8800,-0.54,0
26.8850,18.72,0
26.8900,18.72,0
26.8950,-11.16,0
26.9000,-11.16,0
26.9050,0.40,0
26.9100,0.40,0
26.9150,-3.44,0
26.9200,-3.44,0
26.9250,16.50,0
26.9300,16.50,0
26.9350,-10.45,0
26.9400,-10.45,0
26.9450,20.99,0
26.9500,17.94,0
26.9550,-3.85,0
26.9600,-3.85,0
26.9650,-3.85,0
26.9700,-3.85,0
26.9750,10.77,0
26.9800,10.77,0
26.9850,12.98,0
26.9900,12.98,0
26.9950,20.24,0
27.0000,20.24,0
27.0050,-6.51,0
27.0100,-6.51,0
27.0150,5.89,0
27.0200,5.89,0
27.0250,-7.77,0
27.0300,-7.77,0
27.0350,-7.77,0
27.0400,-7.77,0
27.0450,-7.77,0
27.0500,-7.77,0
27.0550,11.96,0
27.0600,10.11,0
27.0650,-7.11,0
27.0700,-7.11,0
27.0750,17.86,0
27.0800,17.86,0
27.0850,-8.67,0
27.0900,16.94,0
27.0950,8.86,0
27.1000,8.86,0
27.1050,8.86,0
27.1100,8.86,0
27.1150,-7.66,0
27.1200,-7.66,0
27.1250,-6.35,0
27.1300,-6.35,0
27.1350,9.21,0
27.1400,-7.36,0
27.1450,9.21,0
27.1500,9.21,0
27.1550,-10.45,0
27.1600,-4.43,0
27.1650,-4.43,0
27.1700,-4.43,0
27.1750,5.27,0
27.1800,5.27,0
27.1850,-8.87,0
27.1900,-8.87,0
27.1950,-8.87,0
27.2000,-8.87,0
27.2050,-8.87,0
27.2100,-8.87,0
27.2150,11.96,0
27.2200,11.96,0
27.2250,6.97,0
27.2300,6.97,0
27.2350,18.94,0
27.2400,-9.12,0
27.2450,17.98,0
27.2500,20.45,0
27.2550,11.02,0
27.2600,15.58,0
27.2650,11.02,0
27.2700,11.02,0
27.2750,-2.42,0
27.2800,-8.10,0
27.2850,-8.10,0
27.2900,-8.10,0
27.2950,14.74,0
27.3000,-6.97,0
27.3050,-10.36,0
27.3100,-10.36,0
27.3150,-10.36,0
27.3200,-10.36,0
27.3250,-9.35,0
27.3300,19.41,0
27.3350,8.92,0
27.3400,13.68,0
27.3450,13.68,0
27.3500,-5.35,0
27.3550,-5.35,0
27.3600,-5.35,0
27.3650,19.76,0
27.3700,19.76,0
27.3750,19.76,0
27.3800,14.36,0
27.3850,14.36,0
27.3900,-7.53,0
27.3950,-7.53,0
27.4000,-7.53,0
27.4050,-7.53,0
27.4100,-7.53,0
27.4150,-17.33,0
27.4200,-1.26,0
27.4250,-7.53,0
27.4300,7.32,0
27.4350,7.32,0
27.4400,-7.48,0
27.4450,-7.48,0
27.4500,11.33,0
27.4550,-2.91,0
27.4600,-2.91,0
27.4650,14.02,0
27.4700,14.02,0
27.4750,14.02,0
27.4800,14.02,0
27.4850,21.70,0
27.4900,21.70,0
27.4950,15.51,0
27.5000,21.70,0
27.5050,6.52,0
27.5100,7.32,0
27.5150,-7.75,0
27.5200,-7.75,0
27.5250,21.71,0
27.5300,-4.39,0
27.5350,-4.39,0
27.5400,7.99,0
27.5450,7.99,0
27.5500,-12.79,0
27.5550,-12.79,0
27.5600,-1.57,0
27.5650,18.55,0
27.5700,18.55,0
27.5750,-4.46,0
27.5800,10.21,0
27.5850,10.21,0
27.5900,10.21,0
27.5950,10.21,0
27.6000,10.21,0
27.6050,17.95,0
27.6100,-3.74,0
27.6150,-3.74,0
27.6200,11.71,0
27.6250,11.71,0
27.6300,-11.74,0
27.6350,-11.74,0
27.6400,-11.74,0
27.6450,-11.74,0
27.6500,-11.74,0
27.6550,21.23,0
27.6600,14.11,0
27.6650,14.11,0
27.6700,-6.73,0
27.6750,-6.73,0
27.6800,22.12,0
27.6850,22.12,0
27.6900,-6.73,0
27.6950,-6.73,0
27.7000,2.36,0
27.7050,2.36,0
27.7100,-8.79,0
27.7150,-4.50,0
27.7200,1.83,0
27.7250,20.60,0
27.7300,-3.08,0
27.7350,-3.08,0
27.7400,11.49,0
27.7450,11.49,0
27.7500,-6.81,0
27.7550,18.43,0
27.7600,-6.81,0
27.7650,-6.81,0
27.7700,20.63,0
27.7750,20.63,0
27.7800,-11.85,0
27.7850,-11.85,0
27.7900,15.22,0
27.7950,15.22,0
27.8000,4.47,0
27.8050,4.47,0
27.8100,4.47,0
27.8150,0.71,0
27.8200,0.71,0
27.8250,0.71,0
27.8300,0.71,0
27.8350,-10.91,0
27.8400,13.17,0
27.8450,4.77,0
27.8500,4.77,0
27.8550,11.49,0
27.8600,4.77,0
27.8650,-3.63,0
27.8700,-3.63,0
27.8750,15.30,0
27.8800,15.30,0
27.8850,-3.48,0
27.8900,3.01,0
27.8950,3.01,0
27.9000,21.45,0
27.9050,21.45,0
27.9100,-0.94,1
27.9150,14.28,0
27.9200,14.28,0
27.9250,14.28,0
27.9300,-5.68,0
27.9350,-5.68,0
27.9400,-5.68,0
27.9450,-5.68,0
27.9500,-7.63,0
27.9550,-7.63,0
27.9600,8.50,0
27.9650,8.50,0
27.9700,-3.52,0
27.9750,-3.52,0
27.9800,-3.52,0
27.9850,18.40,0
27.9900,-6.67,0
27.9950,-6.67,0
28.0000,-6.67,0
28.0050,4.05,0
28.0100,-3.14,0
28.0150,8.50,0
28.0200,19.44,0
28.0250,4.56,0
28.0300,-2.50,0
28.0350,-12.65,0
28.0400,-12.65,0
28.0450,14.97,0
28.0500,14.97,0
28.0550,-6.99,0
28.0600,-6.99,0
28.0650,18.30,0
28.0700,-7.62,0
28.0750,-7.62,0
28.0800,6.44,0
28.0850,6.44,0
28.0900,6.44,0
28.0950,6.44,0
28.1000,6.44,0
28.1050,-4.67,0
28.1100,-4.67,0
28.1150,14.05,0
28.1200,14.05,0
28.1250,6.73,0
28.1300,6.73,0
28.1350,-7.14,0
28.1400,-7.14,0
28.1450,-7.14,0
28.1500,-6.70,0
28.1550,-6.70,0
28.1600,-6.70,0
28.1650,13.77,0
28.1700,13.77,0
28.1750,15.03,0
28.1800,-8.64,0
28.1850,20.51,0
28.1900,-9.00,0
28.1950,-9.00,0
28.2000,8.32,0
28.2050,8.32,0
28.2100,8.32,0
28.2150,7.96,0
28.2200,-7.62,0
28.2250,17.00,0
28.2300,17.00,0
28.2350,-7.84,0
28.2400,-7.84,0
28.2450,17.35,0
28.2500,6.73,0
28.2550,6.73,0
28.2600,-1.14,0
28.2650,-1.14,0
28.2700,-1.14,0
28.2750,-8.64,0
28.2800,9.61,0
28.2850,9.82,0
28.2900,4.25,0
28.2950,4.25,0
28.3000,22.65,0
28.3050,22.65,0
28.3100,22.65,0
28.3150,22.65,0
28.3200,12.92,0
28.3250,12.92,0
28.3300,5.48,0
28.3350,5.48,0
28.3400,18.42,0
28.3450,7.88,0
28.3500,-8.70,0
28.3550,-8.70,0
28.3600,2.64,0
28.3650,-8.70,0
28.3700,5.13,0
28.3750,-7.74,0
28.3800,2.08,0
28.3850,2.08,0
28.3900,2.08,0
28.3950,2.08,0
28.4000,20.73,0
28.4050,20.73,0
28.4100,20.73,0
28.4150,-2.03,0
28.4200,-2.03,0
28.4250,-2.03,0
28.4300,21.17,0
28.4350,15.30,0
28.4400,12.77,0
28.4450,12.77,0
28.4500,7.80,0
28.4550,7.80,0
28.4600,-1.51,0
28.4650,-1.51,0
28.4700,-1.51,0
28.4750,-1.51,0
28.4800,15.48,0
28.4850,15.48,0
28.4900,3.82,0
28.4950,3.82,0
28.5000,-5.29,0
28.5050,-5.29,0
28.5100,-8.69,0
28.5150,-8.69,0
28.5200,15.64,0
28.5250,15.64,0
28.5300,15.64,0
28.5350,-8.69,0
28.5400,-1.76,0
28.5450,12.48,0
28.5500,22.95,0
28.5550,22.95,0
28.5600,13.03,0
28.5650,13.03,0
28.5700,6.38,0
28.5750,6.38,0
28.5800,-5.02,0
28.5850,-5.02,0
28.5900,6.36,0
28.5950,6.36,0
28.6000,15.68,0
28.6050,15.68,0
28.6100,-9.93,0
28.6150,-9.93,0
28.6200,-4.14,0
28.6250,-4.14,0
28.6300,4.76,0
28.6350,6.42,0
28.6400,4.76,0
28.6450,-9.88,0
28.6500,-9.88,0
28.6550,21.50,0
28.6600,21.50,0
28.6650,-8.56,0
28.6700,-8.56,0
28.6750,12.97,0
28.6800,12.97,0
28.6850,12.97,0
28.6900,12.97,0
28.6950,16.32,0
28.7000,16.32,0
28.7050,-4.50,0
28.7100,-4.50,0
28.7150,14.68,0
28.7200,14.68,0
28.7250,-5.98,0
28.7300,-5.98,0
28.7350,-5.98,0
28.7400,-5.98,0
28.7450,-4.83,0
28.7500,-4.83,0
28.7550,9.38,0
28.7600,9.38,0
28.7650,14.53,0
28.7700,14.53,0
28.7750,-8.45,0
28.7800,-8.45,0
28.7850,6.01,0
28.7900,6.01,0
28.7950,-4.83,0
28.8000,6.01,0
28.8050,6.01,0
28.8100,6.01,0
28.8150,16.77,0
28.8200,16.77,0
28.8250,-3.87,0
28.8300,9.38,0
28.8350,-3.87,0
28.8400,-3.87,0
28.8450,22.91,0
28.8500,-3.87,0
28.8550,16.81,0
28.8600,16.81,0
28.8650,-2.43,0
28.8700,-2.43,0
28.8750,3.89,0
28.8800,3.89,0
28.8850,-8.72,0
28.8900,7.72,0
28.8950,19.94,0
28.9000,19.94,0
28.9050,19.94,0
28.9100,19.94,0
28.9150,19.94,0
28.9200,19.94,0
28.9250,19.94,0
28.9300,19.94,0
28.9350,2.47,0
28.9400,2.47,0
28.9450,-3.41,0
28.9500,-3.41,0
28.9550,11.34,0
28.9600,11.34,0
28.9650,19.36,0
28.9700,-11.11,0
28.9750,-11.11,0
28.9800,-11.11,0
28.9850,-6.35,0
28.9900,-6.35,0
28.9950,4.61,0
29.0000,4.61,0
29.0050,-9.39,0
29.0100,-9.39,0
29.0150,25.37,0
29.0200,25.37,0
29.0250,25.37,0
29.0300,13.80,0
29.0350,25.37,0
29.0400,25.37,0
29.0450,-0.02,0
29.0500,-0.02,0
29.0550,18.83,0
29.0600,18.83,0
29.0650,-3.92,0
29.0700,-2.24,0
29.0750,-3.92,0
29.0800,-3.92,0
29.0850,14.26,0
29.0900,14.26,0
29.0950,-8.34,0
29.1000,-8.51,0
29.1050,-8.51,0
29.1100,-11.05,0
29.1150,-1.51,0
29.1200,3.61,0
29.1250,3.61,0
29.1300,15.22,0
29.1350,15.22,0
29.1400,20.73,0
29.1450,20.73,0
29.1500,20.73,0
29.1550,20.73,0
29.1600,2.16,0
29.1650,16.40,0
29.1700,22.06,0
29.1750,16.40,0
29.1800,-8.22,0
29.1850,6.38,0
29.1900,-2.59,0
29.1950,-2.59,0
29.2000,-2.59,0
29.2050,-2.59,0
29.2100,11.79,0
29.2150,11.79,0
29.2200,-8.21,0
29.2250,-8.21,0
29.2300,2.38,0
29.2350,2.38,0
29.2400,8.76,0
29.2450,8.76,0
29.2500,8.76,0
29.2550,-13.03,0
29.2600,12.43,0
29.2650,-13.03,0
29.2700,6.63,0
29.2750,1.44,0
29.2800,1.44,0
29.2850,1.44,0
29.2900,1.44,0
29.2950,1.44,0
29.3000,1.44,0
29.3050,1.44,0
29.3100,19.25,0
29.3150,2.35,0
29.3200,-5.23,0
29.3250,-5.23,0
29.3300,14.81,0
29.3350,-7.69,0
29.3400,-7.69,0
29.3450,21.62,0
29.3500,21.62,0
29.3550,-5.06,0
29.3600,-5.06,0
29.3650,-5.06,0
29.3700,-5.06,0
29.3750,-5.06,0
29.3800,-5.06,0
29.3850,18.80,0
29.3900,18.80,0
29.3950,-5.35,0
29.4000,-5.35,0
29.4050,12.06,0
29.4100,12.06,0
29.4150,12.06,0
29.4200,10.32,0
29.4250,10.32,0
29.4300,10.32,0
29.4350,20.34,0
29.4400,20.34,0
29.4450,-12.12,0
29.4500,-12.12,0
29.4550,-12.12,0
29.4600,-12.12,0
29.4650,20.34,0
29.4700,14.24,0
29.4750,14.24,0
29.4800,6.43,0
29.4850,6.43,0
29.4900,6.43,0
29.4950,-5.92,0
29.5000,13.04,0
29.5050,13.04,0
29.5100,-6.65,0
29.5150,4.89,0
29.5200,4.28,0
29.5250,17.79,0
29.5300,9.08,0
29.5350,-2.70,0
29.5400,-15.66,0
29.5450,7.22,0
29.5500,7.22,0
29.5550,7.22,0
29.5600,18.21,0
29.5650,18.21,0
29.5700,-7.44,0
29.5750,-7.44,0
29.5800,-8.39,0
29.5850,5.84,0
29.5900,-1.93,0
29.5950,-1.93,0
29.6000,20.75,0
29.6050,18.44,0
29.6100,-11.11,0
29.6150,-11.11,0
29.6200,-8.14,0
29.6250,-11.11,0
29.6300,-7.00,0
29.6350,-7.00,0
29.6400,20.33,0
29.6450,20.33,0
29.6500,12.55,0
29.6550,12.55,0
29.6600,11.10,0
29.6650,11.10,0
29.6700,11.10,0
29.6750,11.10,0
29.6800,22.12,0
29.6850,22.12,0
29.6900,4.99,0
29.6950,22.12,0
29.7000,12.34,0
29.7050,12.34,0
29.7100,-4.59,0
29.7150,-4.59,0
29.7200,21.93,0
29.7250,21.93,0
29.7300,-11.54,0
29.7350,-11.54,0
29.7400,11.10,0
29.7450,12.17,0
29.7500,-7.15,0
29.7550,-7.15,0
29.7600,23.42,0
29.7650,23.42,0
29.7700,-10.38,0
29.7750,-10.38,0
29.7800,10.78,0
29.7850,10.78,0
29.7900,10.78,0
29.7950,10.78,0
29.8000,22.37,0
29.8050,22.37,0
29.8100,-4.59,0
29.8150,22.37,0
29.8200,22.37,0
29.8250,22.37,0
29.8300,22.37,0
29.8350,22.37,0
29.8400,-4.70,0
29.8450,-4.70,0
29.8500,-9.94,0
29.8550,-4.70,0
29.8600,-9.94,0
29.8650,-9.94,0
29.8700,11.50,0
29.8750,11.50,0
29.8800,19.94,0
29.8850,19.94,0
29.8900,2.52,0
29.8950,-8.83,0
29.9000,8.86,0
29.9050,-14.21,0
29.9100,8.86,0
29.9150,8.86,0
29.9200,22.49,0
29.9250,22.49,0
29.9300,22.49,0
29.9350,-7.00,0
29.9400,11.32,0
29.9450,11.32,0
29.9500,-5.72,0
29.9550,-5.72,0
29.9600,-5.72,0
29.9650,-5.72,0
29.9700,-11.71,0
29.9750,15.05,0
29.9800,17.05,0
29.9850,17.05,0
29.9900,-4.57,0
29.9950,-4.57,0
30.0000,20.40,0
30.0050,20.40,0
30.0100,20.40,0
30.0150,20.40,0
30.0200,-7.35,0
30.0250,-7.00,0
30.0300,-2.85,0
30.0350,-8.64,0
30.0400,-4.55,0
30.0450,18.33,0
30.0500,18.33,0
30.0550,-2.36,0
30.0600,-9.88,0
30.0650,11.34,0
30.0700,11.34,0
30.0750,11.34,0
30.0800,17.59,0
30.0850,18.47,0
30.0900,18.47,0
30.0950,-11.69,0
30.1000,11.25,0
30.1050,7.67,0
30.1100,7.67,0
30.1150,7.19,0
30.1200,-6.94,0
30.1250,-6.94,0
30.1300,-6.94,0
30.1350,0.47,0
30.1400,21.03,0
30.1450,-8.95,0
30.1500,-8.95,0
30.1550,11.94,0
30.1600,11.94,0
30.1650,23.01,0
30.1700,23.01,0
30.1750,-8.92,0
30.1800,-8.92,0
30.1850,-8.92,0
30.1900,-8.92,0
30.1950,10.77,0
30.2000,10.77,0
30.2050,-2.24,0
30.2100,-2.24,0
30.2150,-9.78,0
30.2200,-9.78,0
30.2250,-13.63,0
30.2300,-13.63,0
30.2350,21.64,0
30.2400,19.39,0
30.2450,19.39,0
30.2500,19.39,0
30.2550,-2.13,0
30.2600,-16.56,0
30.2650,-2.13,0
30.2700,-2.13,0
30.2750,-2.13,0
30.2800,-2.13,0
30.2850,-2.13,0
30.2900,-2.13,0
30.2950,-0.91,0
30.3000,-0.91,0
30.3050,23.37,0
30.3100,23.37,0
30.3150,-12.64,0
30.3200,-12.64,0
30.3250,-5.07,0
30.3300,2.23,0
30.3350,1.71,0
30.3400,1.71,0
30.3450,7.28,0
30.3500,1.71,0
30.3550,-11.90,0
30.3600,-11.90,0
30.3650,-11.90,0
30.3700,-11.90,0
30.3750,-1.05,0
30.3800,-1.05,0
30.3850,2.67,0
30.3900,-6.23,0
30.3950,2.67,0
30.4000,19.33,0
30.4050,19.33,0
30.4100,-2.83,0
30.4150,-2.83,0
30.4200,18.02,0
30.4250,21.06,0
30.4300,-9.88,0
30.4350,-9.88,0
30.4400,18.29,0
30.4450,18.29,0
30.4500,-0.60,0
30.4550,2.67,0
30.4600,11.51,0
30.4650,18.29,0
30.4700,-14.39,0
30.4750,-14.39,0
30.4800,18.65,0
30.4850,18.65,0
30.4900,20.24,0
30.4950,-6.45,0
30.5000,22.68,0
30.5050,16.30,0
30.5100,16.30,0
30.5150,16.30,0
30.5200,-14.39,0
30.5250,16.30,0
30.5300,16.30,0
30.5350,17.44,0
30.5400,17.44,0
30.5450,19.27,0
30.5500,19.27,0
30.5550,-9.73,0
30.5600,-9.73,0
30.5650,-9.73,0
30.5700,-9.73,0
30.5750,-9.73,0
30.5800,-9.73,0
30.5850,2.61,0
30.5900,-9.35,0
30.5950,-9.35,0
30.6000,21.01,0
30.6050,21.01,0
30.6100,21.01,0
30.6150,-0.46,0
30.6200,-0.46,0
30.6250,0.55,0
30.6300,19.42,0
30.6350,19.42,0
30.6400,19.42,0
30.6450,12.63,0
30.6500,3.68,0
30.6550,-8.24,0
30.6600,0.88,0
30.6650,0.88,0
30.6700,-12.98,0
30.6750,-12.98,0
30.6800,-12.98,0
30.6850,-12.98,0
30.6900,18.29,0
30.6950,18.29,0
30.7000,17.99,0
30.7050,17.99,0
30.7100,17.99,0
30.7150,17.99,0
30.7200,-8.39,0
30.7250,-8.39,0
30.7300,0.45,0
30.7350,-1.43,0
30.7400,2.16,0
30.7450,2.16,0
30.7500,15.94,0
30.7550,-0.09,0
30.7600,16.96,0
30.7650,16.96,0
30.7700,3.78,0
30.7750,3.78,0
30.7800,0.00,0
30.7850,18.29,0
30.7900,18.96,0
30.7950,18.96,0
30.8000,-12.66,0
30.8050,-12.66,0
30.8100,-12.66,0
30.8150,21.67,0
30.8200,2.23,0
30.8250,2.23,0
30.8300,-14.56,0
30.8350,-14.56,0
30.8400,20.56,0
30.8450,-14.56,0
30.8500,16.26,0
30.8550,16.26,0
30.8600,-3.94,0
30.8650,-3.94,0
30.8700,17.04,0
30.8750,17.04,0
30.8800,-12.38,0
30.8850,-12.38,0
30.8900,4.73,0
30.8950,7.99,0
30.9000,4.73,0
30.9050,4.73,0
30.9100,-12.38,0
30.9150,18.81,0
30.9200,-14.10,0
30.9250,-14.10,0
30.9300,0.18,0
30.9350,0.18,0
30.9400,-2.41,0
30.9450,-2.41,0
30.9500,19.22,0
30.9550,19.22,0
30.9600,-8.97,0
30.9650,-8.97,0
30.9700,19.90,0
30.9750,19.90,0
30.9800,-3.33,0
30.9850,-3.33,0
30.9900,21.20,0
30.9950,18.81,0
31.0000,-10.65,0
31.0050,-10.65,0
31.0100,15.69,0
31.0150,15.69,0
31.0200,15.69,0
31.0250,15.69,0
31.0300,16.82,0
31.0350,16.82,0
31.0400,16.82,0
31.0450,10.94,0
31.0500,10.94,0
31.0550,-11.50,0
31.0600,-11.50,0
31.0650,20.38,0
31.0700,20.38,0
31.0750,11.48,0
31.0800,0.03,0
31.0850,11.48,0
31.0900,-9.09,0
31.0950,-6.33,0
31.1000,23.51,0
31.1050,23.51,0
31.1100,23.51,0
31.1150,6.06,0
31.1200,6.06,0
31.1250,13.75,0
31.1300,13.75,0
31.1350,13.75,0
31.1400,13.75,0
31.1450,22.55,0
31.1500,22.55,0
31.1550,-5.56,0
31.1600,-5.56,0
31.1650,-5.56,0
31.1700,-5.56,0
31.1750,-5.56,0
31.1800,17.81,0
31.1850,17.81,0
31.1900,17.81,0
31.1950,-6.62,0
31.2000,9.73,0
31.2050,9.73,0
31.2100,9.73,0
31.2150,10.77,0
31.2200,10.77,0
31.2250,-5.65,0
31.2300,-5.65,0
31.2350,10.55,0
31.2400,10.55,0
31.2450,10.55,0
31.2500,10.58,0
31.2550,10.58,0
31.2600,10.58,0
31.2650,10.58,0
31.2700,-7.72,0
31.2750,-7.72,0
31.2800,8.23,0
31.2850,8.23,0
31.2900,-11.41,0
31.2950,-10.29,0
31.3000,8.23,0
31.3050,21.46,0
31.3100,21.46,0
31.3150,-7.99,0
31.3200,9.24,0
31.3250,9.24,0
31.3300,6.39,0
31.3350,6.39,0
31.3400,18.98,0
31.3450,10.73,0
31.3500,22.34,0
31.3550,1.43,0
31.3600,22.34,0
31.3650,6.60,0
31.3700,6.60,0
31.3750,2.74,0
31.3800,9.19,0
31.3850,6.60,0
31.3900,-1.67,0
31.3950,19.36,0
31.4000,-5.77,0
31.4050,-5.77,0
31.4100,-5.77,0
31.4150,5.99,0
31.4200,5.99,0
31.4250,-1.32,0
31.4300,-4.65,0
31.4350,-4.65,0
31.4400,7.00,0
31.4450,-15.18,0
31.4500,7.00,0
31.4550,7.00,0
31.4600,-7.74,0
31.4650,-7.74,0
31.4700,24.77,0
31.4750,24.77,0
31.4800,11.95,0
31.4850,6.22,0
31.4900,14.12,0
31.4950,14.12,0
31.5000,14.12,0
31.5050,1.15,0
31.5100,22.88,0
31.5150,-18.80,0
31.5200,17.93,0
31.5250,-6.21,0
31.5300,-6.21,0
31.5350,7.59,0
31.5400,7.59,0
31.5450,-7.74,0
31.5500,-8.32,0
31.5550,23.69,0
31.5600,23.69,0
31.5650,-3.52,0
31.5700,11.97,0
31.5750,11.97,0
31.5800,-9.40,0
31.5850,-9.40,0
31.5900,20.85,0
31.5950,20.85,0
31.6000,-4.60,0
31.6050,-4.60,0
31.6100,7.17,0
31.6150,7.17,0
31.6200,14.37,0
31.6250,14.37,0
31.6300,19.20,0
31.6350,-4.60,0
31.6400,-4.63,0
31.6450,-4.63,0
31.6500,9.29,0
31.6550,9.29,0
31.6600,23.68,0
31.6650,-5.46,0
31.6700,-5.46,0
31.6750,-5.46,0
31.6800,-8.18,0
31.6850,-8.18,0
31.6900,7.15,0
31.6950,7.15,0
31.7000,0.37,0
31.7050,-7.70,0
31.7100,-7.70,0
31.7150,-7.70,0
31.7200,-7.70,0
31.7250,-7.70,0
31.7300,9.57,0
31.7350,9.57,0
31.7400,18.45,0
31.7450,1.40,0
31.7500,17.77,0
31.7550,17.77,0
31.7600,-14.75,0
31.7650,-7.30,0
31.7700,11.99,0
31.7750,11.99,0
31.7800,-5.45,0
31.7850,-7.48,0
31.7900,-5.70,0
31.7950,-5.45,0
31.8000,22.34,0
31.8050,20.62,0
31.8100,22.34,0
31.8150,13.67,0
31.8200,13.67,0
31.8250,-11.78,0
31.8300,-11.78,0
31.8350,22.24,0
31.8400,22.24,0
31.8450,22.24,0
31.8500,22.24,0
31.8550,-9.70,0
31.8600,-9.70,0
31.8650,17.26,0
31.8700,-11.38,0
31.8750,4.79,0
31.8800,-1.37,0
31.8850,-1.37,0
31.8900,17.23,0
31.8950,17.23,0
31.9000,-5.50,0
31.9050,-5.50,0
31.9100,-3.28,0
31.9150,-3.28,0
31.9200,-0.05,0
31.9250,19.03,0
31.9300,-12.31,0
31.9350,-12.31,0
31.9400,18.93,0
31.9450,18.93,0
31.9500,18.19,0
31.9550,18.93,0
31.9600,18.93,0
31.9650,-0.88,0
31.9700,-0.88,0
31.9750,19.69,0
31.9800,19.69,0
31.9850,16.43,0
31.9900,18.03,0
31.9950,2.92,0
32.0000,-0.97,0
32.0050,-0.97,0
32.0100,-0.97,0
32.0150,14.21,0
32.0200,14.21,0
32.0250,-9.60,0
32.0300,1.29,0
32.0350,1.29,0
32.0400,-0.83,0
32.0450,18.99,0
32.0500,16.20,0
32.0550,16.20,0
32.0600,-13.76,0
32.0650,16.31,0
32.0700,-13.76,0
32.0750,-13.76,0
32.0800,-1.13,0
32.0850,-1.13,0
32.0900,-5.47,0
32.0950,18.99,0
32.1000,11.16,0
32.1050,16.54,0
32.1100,16.54,0
32.1150,-7.90,0
32.1200,3.61,0
32.1250,3.61,0
32.1300,3.61,0
32.1350,18.56,0
32.1400,18.56,0
32.1450,-10.80,0
32.1500,-10.80,0
32.1550,-10.80,0
32.1600,-10.80,0
32.1650,-10.80,0
32.1700,20.68,0
32.1750,-8.90,0
32.1800,0.29,0
32.1850,-10.60,0
32.1900,-10.60,0
32.1950,16.11,0
32.2000,16.11,0
32.2050,-0.64,0
32.2100,-0.64,0
32.2150,5.96,0
32.2200,16.54,0
32.2250,-6.70,0
32.2300,17.07,0
32.2350,17.07,0
32.2400,-1.38,0
32.2450,1.98,0
32.2500,1.98,0
32.2550,0.06,0
32.2600,16.72,0
32.2650,16.72,0
32.2700,16.72,0
32.2750,11.38,0
32.2800,19.58,0
32.2850,19.58,0
32.2900,19.58,0
32.2950,22.36,0
32.3000,-10.18,0
32.3050,-10.18,0
32.3100,-10.18,0
32.3150,18.85,0
32.3200,18.85,0
32.3250,-1.29,0
32.3300,-9.52,0
32.3350,21.52,0
32.3400,21.52,0
32.3450,1.52,0
32.3500,21.52,0
32.3550,17.50,0
32.3600,17.50,0
32.3650,-0.92,0
32.3700,22.36,0
32.3750,17.50,0
32.3800,-2.41,0
32.3850,-2.41,0
32.3900,17.11,0
32.3950,17.11,0
32.4000,0.52,0
32.4050,0.52,0
32.4100,0.88,0
32.4150,0.88,0
32.4200,-11.98,0
32.4250,-11.98,0
32.4300,17.45,0
32.4350,17.45,0
32.4400,17.45,0
32.4450,17.45,0
32.4500,-4.36,0
32.4550,-4.36,0
32.4600,-1.38,0
32.4650,21.07,0
32.4700,18.63,0
32.4750,18.63,0
32.4800,2.48,0
32.4850,15.49,0
32.4900,-0.51,0
32.4950,-0.47,0
32.5000,-9.50,0
32.5050,-9.50,0
32.5100,-9.50,0
32.5150,-9.50,0
32.5200,-9.50,0
32.5250,-9.50,0
32.5300,-9.50,0
32.5350,0.64,0
32.5400,-9.93,0
32.5450,-9.93,0
32.5500,16.64,0
32.5550,16.64,0
32.5600,16.64,0
32.5650,16.64,0
32.5700,22.24,0
32.5750,-2.89,0
32.5800,-2.89,0
32.5850,18.03,0
32.5900,18.03,0
32.5950,15.26,0
32.6000,15.26,0
32.6050,-0.85,0
32.6100,-0.85,0
32.6150,3.78,0
32.6200,3.78,0
32.6250,-8.07,0
32.6300,3.78,0
32.6350,20.22,0
32.6400,20.22,0
32.6450,2.68,0
32.6500,2.68,0
32.6550,0.05,0
32.6600,0.05,0
32.6650,0.05,0
32.6700,10.67,0
32.6750,-9.47,0
32.6800,-7.95,0
32.6850,-7.95,0
32.6900,-7.95,0
32.6950,-7.95,0
32.7000,22.36,0
32.7050,22.36,0
32.7100,10.28,0
32.7150,10.28,0
32.7200,10.28,0
32.7250,10.28,0
32.7300,9.51,0
32.7350,22.98,0
32.7400,22.98,0
32.7450,-4.41,0
32.7500,-4.41,0
32.7550,10.70,0
32.7600,10.70,0
32.7650,-9.29,0
32.7700,-9.29,0
32.7750,-9.29,0
32.7800,22.36,0
32.7850,-9.29,0
32.7900,4.99,0
32.7950,4.99,0
32.8000,-9.50,0
32.8050,-9.50,0
32.8100,20.65,0
32.8150,20.65,0
32.8200,20.65,0
32.8250,-0.72,0
32.8300,-3.41,0
32.8350,8.74,0
32.8400,8.74,0
32.8450,8.98,0
32.8500,8.98,0
32.8550,28.82,0
32.8600,-13.12,0
32.8650,20.87,0
32.8700,-3.41,0
32.8750,14.62,0
32.8800,-10.18,0
32.8850,-10.18,0
32.8900,-10.18,0
32.8950,-10.18,0
32.9000,-10.18,0
32.9050,18.52,0
32.9100,18.52,0
32.9150,7.63,1
32.9200,7.63,0
32.9250,-8.38,0
32.9300,-8.38,0
32.9350,24.86,0
32.9400,-11.70,0
32.9450,24.86,0
32.9500,-5.00,0
32.9550,6.09,0
32.9600,11.79,0
32.9650,11.79,0
32.9700,11.79,0
32.9750,11.79,0
32.9800,24.86,0
32.9850,11.79,0
32.9900,7.13,0
32.9950,7.13,0
33.0000,10.91,0
33.0050,10.91,0
33.0100,11.46,0
33.0150,-8.43,0
33.0200,-8.43,0
33.0250,-8.43,0
33.0300,22.80,0
33.0350,22.80,0
33.0400,-8.46,0
33.0450,-8.46,0
33.0500,-8.46,0
33.0550,-8.46,0
33.0600,-8.46,0
33.0650,-8.46,0
33.0700,-2.35,0
33.0750,9.15,0
33.0800,7.49,0
33.0850,12.49,0
33.0900,-10.97,0
33.0950,-10.97,0
33.1000,-5.84,0
33.1050,-5.84,0
33.1100,-5.84,0
33.1150,-5.84,0
33.1200,11.75,0
33.1250,11.75,0
33.1300,-6.47,0
33.1350,-6.47,0
33.1400,20.72,0
33.1450,20.72,0
33.1500,-6.63,0
33.1550,-6.63,0
33.1600,9.40,0
33.1650,9.40,0
33.1700,20.72,0
33.1750,22.44,0
33.1800,22.44,0
33.1850,-5.84,0
33.1900,-6.16,0
33.1950,7.89,0
33.2000,13.06,0
33.2050,13.06,0
33.2100,13.06,0
33.2150,22.63,0
33.2200,22.63,0
33.2250,13.46,0
33.2300,-4.35,0
33.2350,7.30,0
33.2400,7.30,0
33.2450,-6.08,0
33.2500,-5.65,0
33.2550,-5.65,0
33.2600,22.44,0
33.2650,-7.90,0
33.2700,-7.90,0
33.2750,7.24,0
33.2800,7.24,0
33.2850,-12.43,0
33.2900,-12.43,0
33.2950,-0.98,0
33.3000,22.02,0
33.3050,22.02,0
33.3100,22.02,0
33.3150,5.36,0
33.3200,5.36,0
33.3250,11.30,0
33.3300,11.30,0
33.3350,11.30,0
33.3400,19.11,0
33.3450,19.11,0
33.3500,5.43,0
33.3550,-6.38,0
33.3600,8.77,0
33.3650,9.09,0
33.3700,1.88,0
33.3750,-7.66,0
33.3800,-7.66,0
33.3850,-7.17,0
33.3900,-7.17,0
33.3950,8.41,0
33.4000,8.41,0
33.4050,8.41,0
33.4100,11.53,0
33.4150,11.53,0
33.4200,-7.31,0
33.4250,-7.31,0
33.4300,-7.31,0
33.4350,-7.31,0
33.4400,5.36,0
33.4450,5.36,0
33.4500,14.01,0
33.4550,18.23,0
33.4600,18.23,0
33.4650,-7.49,0
33.4700,-7.49,0
33.4750,-7.49,0
33.4800,-7.49,0
33.4850,18.54,0
33.4900,18.54,0
33.4950,3.44,0
33.5000,3.44,0
33.5050,3.44,0
33.5100,3.44,0
33.5150,20.22,0
33.5200,20.22,0
33.5250,18.93,0
33.5300,7.85,0
33.5350,18.93,0
33.5400,18.93,0
33.5450,-2.30,0
33.5500,-2.30,0
33.5550,-2.30,0
33.5600,5.35,0
33.5650,19.90,0
33.5700,17.84,0
33.5750,17.84,0
33.5800,-0.32,0
33.5850,-0.32,0
33.5900,-4.63,0
33.5950,12.51,0
33.6000,21.06,0
33.6050,19.90,0
33.6100,-9.22,0
33.6150,-9.22,0
33.6200,0.14,0
33.6250,0.14,0
33.6300,-3.99,0
33.6350,-3.99,0
33.6400,18.84,0
33.6450,-8.38,0
33.6500,-8.38,0
33.6550,19.10,0
33.6600,13.12,0
33.6650,-4.30,0
33.6700,-4.30,0
33.6750,20.76,0
33.6800,20.76,0
33.6850,20.46,0
33.6900,-14.33,0
33.6950,15.98,0
33.7000,15.98,0
33.7050,15.98,0
33.7100,4.39,0
33.7150,4.39,0
33.7200,19.43,0
33.7250,19.43,0
33.7300,20.76,0
33.7350,-4.30,0
33.7400,13.30,0
33.7450,-0.72,0
33.7500,18.50,0
33.7550,-0.72,0
33.7600,6.62,0
33.7650,-0.72,0
33.7700,-16.12,0
33.7750,-16.12,0
33.7800,18.11,0
33.7850,18.11,0
33.7900,0.80,0
33.7950,0.80,0
33.8000,7.26,0
33.8050,21.21,0
33.8100,21.21,0
33.8150,14.53,0
33.8200,0.80,0
33.8250,13.30,0
33.8300,3.76,0
33.8350,20.36,0
33.8400,20.36,0
33.8450,-8.51,0
33.8500,-12.41,0
33.8550,-12.41,0
33.8600,19.72,0
33.8650,19.72,0
33.8700,4.08,0
33.8750,4.08,0
33.8800,4.08,0
33.8850,4.08,0
33.8900,-13.15,0
33.8950,-13.15,0
33.9000,19.97,0
33.9050,19.97,0
33.9100,1.23,0
33.9150,1.23,0
33.9200,-2.87,0
33.9250,-2.87,0
33.9300,18.19,0
33.9350,18.19,0
33.9400,13.13,0
33.9450,13.13,0
33.9500,5.28,0
33.9550,5.28,0
33.9600,5.28,0
33.9650,5.28,0
33.9700,5.28,0
33.9750,5.28,0
33.9800,-7.15,0
33.9850,-7.15,0
33.9900,5.32,0
33.9950,5.32,0
34.0000,-2.33,0
34.0050,-7.15,0
34.0100,-2.33,0
34.0150,19.26,0
34.0200,-11.80,0
34.0250,28.63,0
34.0300,17.34,0
34.0350,17.34,0
34.0400,-0.10,0
34.0450,-0.10,0
34.0500,21.64,0
34.0550,21.64,0
34.0600,17.09,0
34.0650,17.09,0
34.0700,4.20,0
34.0750,4.20,0
34.0800,4.20,0
34.0850,17.71,0
34.0900,17.71,0
34.0950,-8.30,0
34.1000,-8.30,0
34.1050,0.66,0
34.1100,0.66,0
34.1150,-2.24,0
34.1200,-2.24,0
34.1250,-2.24,0
34.1300,-2.24,0
34.1350,21.37,0
34.1400,-4.36,0
34.1450,4.47,0
34.1500,4.47,0
34.1550,-1.51,0
34.1600,-1.51,0
34.1650,22.81,0
34.1700,22.81,0
34.1750,22.81,0
34.1800,22.81,0
34.1850,14.43,0
34.1900,1.51,0
34.1950,1.51,0
34.2000,-3.43,0
34.2050,-3.43,0
34.2100,16.51,0
34.2150,16.51,0
34.2200,-11.06,0
34.2250,-11.06,0
34.2300,-1.06,0
34.2350,-1.06,0
34.2400,-2.26,0
34.2450,-2.26,0
34.2500,-17.71,0
34.2550,-17.71,0
34.2600,18.85,0
34.2650,18.85,0
34.2700,18.85,0
34.2750,18.85,0
34.2800,-5.69,0
34.2850,-0.92,0
34.2900,4.58,0
34.2950,19.45,0
34.3000,19.45,0
34.3050,19.45,0
34.3100,14.42,0
34.3150,-10.85,0
34.3200,-10.85,0
34.3250,-10.85,0
34.3300,-10.85,0
34.3350,22.65,0
34.3400,-10.85,0
34.3450,-4.18,0
34.3500,-4.18,0
34.3550,-6.92,0
34.3600,-6.92,0
34.3650,-5.83,0
34.3700,-5.83,0
34.3750,6.21,0
34.3800,6.21,0
34.3850,11.36,0
34.3900,11.36,0
34.3950,-7.27,0
34.4000,18.61,0
34.4050,20.85,0
34.4100,20.85,0
34.4150,4.43,0
34.4200,-6.32,0
34.4250,6.25,0
34.4300,6.25,0
34.4350,22.69,0
34.4400,22.69,0
34.4450,-5.56,0
34.4500,24.69,0
34.4550,-5.56,0
34.4600,-5.56,0
34.4650,15.76,0
34.4700,17.13,0
34.4750,-8.91,0
34.4800,-8.91,0
34.4850,-8.18,0
34.4900,-8.18,0
34.4950,3.23,0
34.5000,3.23,0
34.5050,3.23,0
34.5100,3.23,0
34.5150,-9.47,0
34.5200,-9.47,0
34.5250,22.67,0
34.5300,-6.39,0
34.5350,-5.56,0
34.5400,14.72,0
34.5450,14.72,0
34.5500,14.72,0
34.5550,14.72,0
34.5600,14.72,0
34.5650,14.72,0
34.5700,-6.08,0
34.5750,-6.08,0
34.5800,13.95,0
34.5850,13.95,0
34.5900,17.49,0
34.5950,-9.27,0
34.6000,21.61,0
34.6050,16.82,0
34.6100,5.37,0
34.6150,5.37,0
34.6200,5.37,0
34.6250,5.37,0
34.6300,5.37,0
34.6350,3.30,0
34.6400,-12.35,0
34.6450,-12.35,0
34.6500,-6.90,0
34.6550,-10.49,0
34.6600,-6.90,0
34.6650,6.12,0
34.6700,-9.12,0
34.6750,-9.12,0
34.6800,-2.87,0
34.6850,23.36,0
34.6900,23.36,0
34.6950,-7.63,0
34.7000,-7.63,0
34.7050,8.70,0
34.7100,8.70,0
34.7150,-10.36,0
34.7200,-10.36,0
34.7250,22.90,0
34.7300,22.90,0
34.7350,-8.06,0
34.7400,9.78,0
34.7450,9.78,0
34.7500,-11.25,0
34.7550,-11.25,0
34.7600,20.80,0
34.7650,15.21,0
34.7700,20.80,0
34.7750,20.80,0
34.7800,12.13,0
34.7850,20.80,0
34.7900,-11.92,0
34.7950,-11.92,0
34.8000,22.71,0
34.8050,6.31,0
34.8100,22.71,0
34.8150,-6.69,0
34.8200,13.28,0
34.8250,13.28,0
34.8300,13.28,0
34.8350,-9.72,0
34.8400,-7.87,0
34.8450,-9.72,0
34.8500,-9.72,0
34.8550,-7.48,0
34.8600,-7.48,0
34.8650,-7.48,0
34.8700,-7.48,0
34.8750,10.56,0
34.8800,10.56,0
34.8850,24.59,0
34.8900,6.92,0
34.8950,24.59,0
34.9000,24.59,0
34.9050,-11.92,0
34.9100,-8.75,0
34.9150,-8.75,0
34.9200,23.56,0
34.9250,23.56,0
34.9300,-5.87,0
34.9350,-5.87,0
34.9400,-5.87,0
34.9450,-5.87,0
34.9500,-0.81,0
34.9550,-16.19,0
34.9600,-7.59,0
34.9650,-7.59,0
34.9700,-4.44,0
34.9750,0.31,0
34.9800,6.84,0
34.9850,6.84,0
34.9900,14.47,0
34.9950,14.47,0
35.0000,-11.72,0
35.0050,-11.13,0
35.0100,-7.98,0
35.0150,23.79,0
35.0200,2.31,0
35.0250,2.31,0
35.0300,10.16,0
35.0350,10.16,0
35.0400,6.92,0
35.0450,26.09,0
35.0500,-4.05,0
35.0550,-4.05,0
35.0600,-4.05,0
35.0650,-4.05,0
35.0700,14.26,0
35.0750,14.26,0
35.0800,-7.35,0
35.0850,-7.35,0
35.0900,-5.94,0
35.0950,-5.94,0
35.1000,-5.94,0
35.1050,-5.94,0
35.1100,-5.94,0
35.1150,19.12,0
35.1200,0.60,0
35.1250,0.60,0
35.1300,-3.73,0
35.1350,-3.73,0
35.1400,16.36,0
35.1450,16.36,0
35.1500,19.47,0
35.1550,16.41,0
35.1600,3.18,0
35.1650,3.18,0
35.1700,-4.04,0
35.1750,-4.04,0
35.1800,17.90,0
35.1850,17.90,0
35.1900,-13.76,0
35.1950,-13.76,0
35.2000,2.68,0
35.2050,2.68,0
35.2100,-3.59,0
35.2150,-3.59,0
35.2200,-7.70,0
35.2250,29.91,0
35.2300,19.64,0
35.2350,20.19,0
35.2400,20.19,0
35.2450,20.19,0
35.2500,20.19,0
35.2550,-4.35,0
35.2600,-7.24,0
35.2650,20.49,0
35.2700,20.49,0
35.2750,15.41,0
35.2800,6.21,0
35.2850,6.21,0
35.2900,6.21,0
35.2950,6.21,0
35.3000,6.21,0
35.3050,6.21,0
35.3100,6.21,0
35.3150,-7.24,0
35.3200,-1.79,0
35.3250,-1.79,0
35.3300,-1.79,0
35.3350,20.31,0
35.3400,20.31,0
35.3450,4.86,0
35.3500,20.76,0
35.3550,-6.11,0
35.3600,-6.11,0
35.3650,13.03,0
35.3700,13.03,0
35.3750,-1.73,0
35.3800,-1.73,0
35.3850,-6.57,0
35.3900,21.02,0
35.3950,21.02,0
35.4000,21.02,0
35.4050,21.02,0
35.4100,21.02,0
35.4150,18.66,0
35.4200,18.66,0
35.4250,16.07,0
35.4300,10.91,0
35.4350,-13.44,0
35.4400,16.06,0
35.4450,16.06,0
35.4500,0.95,0
35.4550,0.95,0
35.4600,0.95,0
35.4650,10.56,0
35.4700,-8.24,0
35.4750,-8.73,0
35.4800,-8.73,0
35.4850,-8.73,0
35.4900,18.66,0
35.4950,20.00,0
35.5000,20.23,0
35.5050,20.23,0
35.5100,20.23,0
35.5150,20.23,0
35.5200,20.23,0
35.5250,12.77,0
35.5300,4.51,0
35.5350,4.51,0
35.5400,16.72,0
35.5450,20.16,0
35.5500,-14.20,0
35.5550,-14.20,0
35.5600,-14.20,0
35.5650,-14.20,0
35.5700,7.34,0
35.5750,7.34,0
35.5800,-0.94,0
35.5850,-0.94,0
35.5900,-10.82,0
35.5950,-10.82,0
35.6000,-10.82,0
35.6050,-10.82,0
35.6100,-10.82,0
35.6150,-10.82,0
35.6200,-1.34,0
35.6250,7.34,0
35.6300,22.73,0
35.6350,22.73,0
35.6400,20.36,0
35.6450,20.36,0
35.6500,2.35,0
35.6550,2.35,0
35.6600,-2.47,0
35.6650,-2.47,0
35.6700,18.48,0
35.6750,18.48,0
35.6800,-9.52,0
35.6850,-9.52,0
35.6900,3.43,0
35.6950,3.43,0
35.7000,-14.33,0
35.7050,-0.76,0
35.7100,-18.77,0
35.7150,-12.57,0
35.7200,16.64,0
35.7250,16.64,0
35.7300,16.64,0
35.7350,16.64,0
35.7400,-5.57,0
35.7450,-5.57,0
35.7500,-5.57,0
35.7550,19.83,0
35.7600,19.83,0
35.7650,20.33,0
35.7700,6.80,0
35.7750,6.80,0
35.7800,1.48,0
35.7850,1.48,0
35.7900,19.53,0
35.7950,19.53,0
35.8000,-8.98,0
35.8050,-8.98,0
35.8100,-8.98,0
35.8150,2.78,0
35.8200,-6.62,0
35.8250,-6.62,0
35.8300,-6.62,0
35.8350,21.12,0
35.8400,-10.36,0
35.8450,-10.36,0
35.8500,-10.36,0
35.8550,-10.36,0
35.8600,-10.36,0
35.8650,23.00,0
35.8700,-3.22,0
35.8750,21.41,0
35.8800,21.41,0
35.8850,13.45,0
35.8900,9.20,0
35.8950,-10.28,0
35.9000,6.00,0
35.9050,6.00,0
35.9100,20.27,0
35.9150,20.27,0
35.9200,20.27,0
35.9250,-11.58,0
35.9300,-11.58,0
35.9350,-11.58,0
35.9400,14.34,0
35.9450,14.34,0
35.9500,14.34,0
35.9550,12.38,0
35.9600,5.36,0
35.9650,5.36,0
35.9700,5.36,0
35.9750,-10.28,0
35.9800,-10.28,0
35.9850,22.94,0
35.9900,22.94,0
35.9950,5.12,0
36.0000,15.64,0
36.0050,15.64,0
36.0100,15.64,0
36.0150,-3.00,0
36.0200,15.64,0
36.0250,20.86,0
36.0300,20.86,0
36.0350,-4.56,0
36.0400,-4.56,0
36.0450,10.95,0
36.0500,10.95,0
36.0550,-11.44,0
36.0600,-11.44,0
36.0650,-11.44,0
36.0700,-3.77,0
36.0750,-6.14,0
36.0800,7.80,0
36.0850,7.80,0
36.0900,-10.56,0
36.0950,-10.56,0
36.1000,23.33,0
36.1050,23.33,0
36.1100,-4.13,0
36.1150,-10.74,0
36.1200,10.64,0
36.1250,10.64,0
36.1300,10.64,0
36.1350,10.64,0
36.1400,10.64,0
36.1450,16.79,0
36.1500,16.79,0
36.1550,-8.71,0
36.1600,-8.71,0
36.1650,5.15,0
36.1700,-8.15,0
36.1750,-8.15,0
36.1800,-8.15,0
36.1850,-8.15,0
36.1900,-8.15,0
36.1950,-5.74,0
36.2000,-5.74,0
36.2050,7.16,0
36.2100,7.16,0
36.2150,7.16,0
36.2200,13.99,0
36.2250,13.99,0
36.2300,10.93,0
36.2350,10.93,0
36.2400,-2.00,0
36.2450,10.93,0
36.2500,14.01,0
36.2550,14.01,0
36.2600,23.00,0
36.2650,15.64,0
36.2700,-5.76,0
36.2750,-5.76,0
36.2800,-5.76,0
36.2850,8.10,0
36.2900,8.10,0
36.2950,13.49,0
36.3000,13.49,0
36.3050,13.49,0
36.3100,-7.68,0
36.3150,-7.68,0
36.3200,-7.68,0
36.3250,6.00,0
36.3300,6.00,0
36.3350,-11.89,0
36.3400,19.09,0
36.3450,19.09,0
36.3500,19.09,0
36.3550,19.09,0
36.3600,7.26,0
36.3650,7.26,0
36.3700,14.90,0
36.3750,10.94,0
36.3800,-9.34,0
36.3850,-23.13,0
36.3900,16.71,0
36.3950,16.71,0
36.4000,-10.61,0
36.4050,-11.89,0
36.4100,14.11,0
36.4150,14.11,0
36.4200,33.28,0
36.4250,-6.70,0
36.4300,21.72,0
36.4350,19.66,0
36.4400,-5.52,0
36.4450,-5.52,0
36.4500,6.00,0
36.4550,-10.60,0
36.4600,-10.36,0
36.4650,-10.36,0
36.4700,20.27,0
36.4750,-0.28,0
36.4800,-7.14,0
36.4850,-7.14,0
36.4900,7.30,0
36.4950,7.30,0
36.5000,11.92,0
36.5050,11.92,0
36.5100,18.71,0
36.5150,18.71,0
36.5200,-5.00,0
36.5250,-5.00,0
36.5300,7.07,0
36.5350,-4.82,0
36.5400,14.06,0
36.5450,-5.74,0
36.5500,-5.74,0
36.5550,-9.44,0
36.5600,-9.44,0
36.5650,8.46,0
36.5700,8.46,0
36.5750,12.58,0
36.5800,12.58,0
36.5850,-7.07,0
36.5900,-7.07,0
36.5950,-2.66,0
36.6000,-2.66,0
36.6050,-2.66,0
36.6100,3.67,0
36.6150,3.67,0
36.6200,10.55,0
36.6250,19.37,0
36.6300,19.37,0
36.6350,11.74,0
36.6400,-3.13,0
36.6450,-3.13,0
36.6500,5.98,0
36.6550,14.40,0
36.6600,14.40,0
36.6650,-7.83,0
36.6700,12.42,0
36.6750,-4.49,0
36.6800,-4.49,0
36.6850,6.87,0
36.6900,6.87,0
36.6950,10.05,0
36.7000,2.64,0
36.7050,-10.11,0
36.7100,-10.11,0
36.7150,23.06,0
36.7200,23.06,0
36.7250,4.74,0
36.7300,4.74,0
36.7350,2.64,0
36.7400,12.08,0
36.7450,12.08,0
36.7500,-12.48,0
36.7550,24.57,0
36.7600,19.84,0
36.7650,19.84,0
36.7700,19.84,0
36.7750,14.78,0
36.7800,-7.82,0
36.7850,-0.91,0
36.7900,-0.91,0
36.7950,-1.94,0
36.8000,6.87,0
36.8050,-1.94,0
36.8100,22.81,0
36.8150,22.81,0
36.8200,-12.95,0
36.8250,17.69,0
36.8300,17.69,0
36.8350,17.69,0
36.8400,-11.45,0
36.8450,17.69,0
36.8500,4.31,0
36.8550,4.31,0
36.8600,8.00,0
36.8650,17.28,0
36.8700,4.31,0
36.8750,1.70,0
36.8800,1.70,0
36.8850,1.70,0
36.8900,1.70,0
36.8950,1.70,0
36.9000,19.69,0
36.9050,19.69,0
36.9100,6.51,0
36.9150,6.51,0
36.9200,6.51,0
36.9250,-4.05,0
36.9300,-4.05,0
36.9350,-11.69,0
36.9400,-11.69,0
36.9450,16.53,0
36.9500,16.53,0
36.9550,1.67,0
36.9600,1.67,0
36.9650,21.64,0
36.9700,21.64,0
36.9750,21.64,0
36.9800,14.68,0
36.9850,16.03,0
36.9900,-3.27,0
36.9950,0.51,0
37.0000,0.51,0
37.0050,-9.70,0
37.0100,0.51,0
37.0150,-3.51,0
37.0200,-3.51,0
37.0250,4.10,0
37.0300,1.67,0
37.0350,4.10,0
37.0400,4.10,0
37.0450,-2.96,0
37.0500,-2.96,0
37.0550,-2.96,0
37.0600,-11.93,0
37.0650,-11.93,0
37.0700,-7.59,0
37.0750,17.65,0
37.0800,5.88,0
37.0850,5.88,0
37.0900,21.38,0
37.0950,21.38,0
37.1000,-15.47,0
37.1050,21.38,0
37.1100,16.10,0
37.1150,16.10,0
37.1200,5.05,0
37.1250,5.05,0
37.1300,16.72,0
37.1350,16.72,0
37.1400,-10.66,0
37.1450,-10.66,0
37.1500,-8.01,0
37.1550,-10.66,0
37.1600,3.50,0
37.1650,5.88,0
37.1700,-1.75,0
37.1750,-1.75,0
37.1800,-14.56,0
37.1850,-14.56,0
37.1900,17.98,0
37.1950,17.98,0
37.2000,17.98,0
37.2050,-3.35,0
37.2100,-3.35,0
37.2150,22.95,0
37.2200,22.95,0
37.2250,5.79,0
37.2300,22.95,0
37.2350,22.95,0
37.2400,-8.91,0
37.2450,-8.91,0
37.2500,20.77,0
37.2550,20.77,0
37.2600,20.77,0
37.2650,-3.87,0
37.2700,-9.53,0
37.2750,-9.53,0
37.2800,0.81,0
37.2850,0.81,0
37.2900,18.03,0
37.2950,0.81,0
37.3000,-5.83,0
37.3050,-5.83,0
37.3100,17.96,0
37.3150,18.50,0
37.3200,18.50,0
37.3250,18.50,0
37.3300,-0.54,0
37.3350,-0.54,0
37.3400,22.40,0
37.3450,22.40,0
37.3500,18.51,0
37.3550,18.51,0
37.3600,18.51,0
37.3650,18.51,0
37.3700,18.51,0
37.3750,12.38,0
37.3800,13.26,0
37.3850,18.51,0
37.3900,-2.50,0
37.3950,-2.50,0
37.4000,-7.78,0
37.4050,-3.44,0
37.4100,-3.44,0
37.4150,19.01,0
37.4200,-7.99,0
37.4250,-13.68,0
37.4300,-13.68,0
37.4350,16.74,0
37.4400,16.74,0
37.4450,-3.57,0
37.4500,-3.57,0
37.4550,-3.57,0
37.4600,-3.57,0
37.4650,21.12,0
37.4700,21.12,0
37.4750,4.35,0
37.4800,4.35,0
37.4850,-0.46,0
37.4900,4.35,0
37.4950,20.66,0
37.5000,20.66,0
37.5050,-8.96,0
37.5100,-8.96,0
37.5150,0.81,0
37.5200,0.81,0
37.5250,1.66,0
37.5300,1.66,0
37.5350,1.66,0
37.5400,1.66,0
37.5450,1.66,0
37.5500,-12.87,0
37.5550,-12.87,0
37.5600,14.81,0
37.5650,14.81,0
37.5700,1.28,0
37.5750,-5.16,0
37.5800,-5.16,0
37.5850,-5.16,0
37.5900,14.35,0
37.5950,14.35,0
37.6000,14.35,0
37.6050,14.35,0
37.6100,20.59,0
37.6150,20.59,0
37.6200,-5.83,0
37.6250,13.14,0
37.6300,13.14,0
37.6350,-8.50,0
37.6400,-8.50,0
37.6450,-8.50,0
37.6500,4.09,0
37.6550,-7.38,0
37.6600,-7.38,0
37.6650,21.36,0
37.6700,7.19,0
37.6750,-7.95,0
37.6800,-7.95,0
37.6850,22.21,0
37.6900,22.21,0
37.6950,-10.74,0
37.7000,-10.74,0
37.7050,-1.81,0
37.7100,7.72,0
37.7150,11.52,0
37.7200,11.52,0
37.7250,20.66,0
37.7300,20.66,0
37.7350,-5.61,0
37.7400,20.66,0
37.7450,20.66,0
37.7500,-5.50,0
37.7550,15.32,0
37.7600,8.39,0
37.7650,-6.33,0
37.7700,-6.33,0
37.7750,-6.27,0
37.7800,-6.27,0
37.7850,8.44,0
37.7900,8.44,0
37.7950,12.20,0
37.8000,12.20,0
37.8050,12.20,0
37.8100,-9.73,0
37.8150,-9.73,0
37.8200,-9.73,0
37.8250,-9.73,0
37.8300,-9.73,0
37.8350,-9.73,0
37.8400,-10.01,0
37.8450,22.17,0
37.8500,25.50,0
37.8550,25.50,0
37.8600,-10.43,0
37.8650,-10.43,0
37.8700,-6.27,0
37.8750,12.57,0
37.8800,12.57,0
37.8850,-10.95,0
37.8900,17.30,0
37.8950,-7.50,0
37.9000,-7.50,0
37.9050,-7.50,0
37.9100,12.87,0
37.9150,12.87,1
37.9200,12.25,0
37.9250,12.25,0
37.9300,-8.66,0
37.9350,-8.66,0
37.9400,-10.62,0
37.9450,6.56,0
37.9500,6.56,0
37.9550,17.09,0
37.9600,17.09,0
37.9650,17.09,0
37.9700,12.87,0
37.9750,-9.57,0
37.9800,-6.53,0
37.9850,-6.53,0
37.9900,7.25,0
37.9950,11.27,0
38.0000,-6.98,0
38.0050,-6.16,0
38.0100,-8.71,0
38.0150,25.40,0
38.0200,25.40,0
38.0250,-9.57,0
38.0300,7.19,0
38.0350,7.19,0
38.0400,7.19,0
38.0450,-10.08,0
38.0500,-10.08,0
38.0550,22.01,0
38.0600,-3.55,0
38.0650,21.54,0
38.0700,7.36,0
38.0750,11.31,0
38.0800,12.86,0
38.0850,12.86,0
38.0900,12.86,0
38.0950,6.30,0
38.1000,20.13,0
38.1050,-5.07,0
38.1100,0.66,0
38.1150,23.49,0
38.1200,11.22,0
38.1250,11.22,0
38.1300,11.22,0
38.1350,2.44,0
38.1400,2.44,0
38.1450,-9.54,0
38.1500,-7.48,0
38.1550,-7.48,0
38.1600,7.27,0
38.1650,3.25,0
38.1700,-6.02,0
38.1750,23.54,0
38.1800,23.54,0
38.1850,23.54,0
38.1900,23.54,0
38.1950,23.54,0
38.2000,23.54,0
38.2050,23.54,0
38.2100,-11.70,0
38.2150,-11.70,0
38.2200,7.18,0
38.2250,25.29,0
38.2300,-7.33,0
38.2350,-7.33,0
38.2400,10.72,0
38.2450,10.72,0
38.2500,-10.21,0
38.2550,-10.21,0
38.2600,-10.21,0
38.2650,-10.21,0
38.2700,-10.21,0
38.2750,-10.21,0
38.2800,-10.21,0
38.2850,-10.21,0
38.2900,-7.33,0
38.2950,-5.17,0
38.3000,-5.17,0
38.3050,-5.17,0
38.3100,21.86,0
38.3150,11.10,0
38.3200,11.10,0
38.3250,10.20,0
38.3300,10.20,0
38.3350,22.22,0
38.3400,22.22,0
38.3450,-6.76,0
38.3500,-6.76,0
38.3550,14.11,0
38.3600,-6.76,0
38.3650,-6.76,0
38.3700,-6.76,0
38.3750,-11.60,0
38.3800,-11.60,0
38.3850,-11.60,0
38.3900,-5.13,0
38.3950,-5.13,0
38.4000,-12.72,0
38.4050,10.20,0
38.4100,16.23,0
38.4150,16.23,0
38.4200,16.23,0
38.4250,-3.67,0
38.4300,-3.67,0
38.4350,-3.67,0
38.4400,-3.67,0
38.4450,-11.88,0
38.4500,-11.88,0
38.4550,5.16,0
38.4600,5.16,0
38.4650,5.16,0
38.4700,5.16,0
38.4750,5.16,0
38.4800,5.16,0
38.4850,-11.30,0
38.4900,-11.30,0
38.4950,5.39,0
38.5000,5.39,0
38.5050,-5.17,0
38.5100,-5.17,0
38.5150,21.47,0
38.5200,21.47,0
38.5250,-13.35,0
38.5300,-13.35,0
38.5350,21.47,0
38.5400,16.20,0
38.5450,-3.33,0
38.5500,-3.33,0
38.5550,20.19,0
38.5600,-8.10,0
38.5650,-11.81,0
38.5700,-11.81,0
38.5750,2.88,0
38.5800,2.88,0
38.5850,2.88,0
38.5900,2.88,0
38.5950,20.35,0
38.6000,20.35,0
38.6050,-7.63,0
38.6100,-7.63,0
38.6150,-12.76,0
38.6200,1.40,0
38.6250,-0.37,0
38.6300,-0.37,0
38.6350,-0.37,0
38.6400,-0.37,0
38.6450,-13.90,0
38.6500,-13.90,0
38.6550,-13.90,0
38.6600,17.54,0
38.6650,-5.95,0
38.6700,-4.70,0
38.6750,-4.70,0
38.6800,22.18,0
38.6850,22.18,0
38.6900,22.18,0
38.6950,22.18,0
38.7000,22.18,0
38.7050,3.44,0
38.7100,3.44,0
38.7150,3.44,0
38.7200,-0.70,0
38.7250,-13.42,0
38.7300,-13.42,0
38.7350,6.03,0
38.7400,6.03,0
38.7450,6.03,0
38.7500,6.03,0
38.7550,0.85,0
38.7600,0.85,0
38.7650,0.85,0
38.7700,0.85,0
38.7750,-13.21,0
38.7800,-13.21,0
38.7850,2.37,0
38.7900,2.37,0
38.7950,15.21,0
38.8000,15.21,0
38.8050,15.21,0
38.8100,15.21,0
38.8150,16.99,0
38.8200,16.99,0
38.8250,0.44,0
38.8300,0.44,0
38.8350,0.44,0
38.8400,0.44,0
38.8450,0.44,0
38.8500,-4.96,0
38.8550,-4.96,0
38.8600,2.52,0
38.8650,2.52,0
38.8700,20.58,0
38.8750,-10.28,0
38.8800,-2.52,0
38.8850,-2.52,0
38.8900,-13.09,0
38.8950,-13.09,0
38.9000,18.11,0
38.9050,18.11,0
38.9100,0.50,0
38.9150,0.50,0
38.9200,-3.78,0
38.9250,2.38,0
38.9300,2.52,0
38.9350,-9.38,0
38.9400,-9.38,0
38.9450,2.39,0
38.9500,2.39,0
38.9550,-2.98,0
38.9600,-2.98,0
38.9650,24.69,0
38.9700,24.69,0
38.9750,-12.16,0
38.9800,-12.16,0
38.9850,2.52,0
38.9900,3.04,0
38.9950,2.27,0
39.0000,14.08,0
39.0050,-10.30,0
39.0100,-10.30,0
39.0150,18.16,0
39.0200,18.16,0
39.0250,18.16,0
39.0300,18.16,0
39.0350,18.16,0
39.0400,-2.92,0
39.0450,-2.92,0
39.0500,21.00,0
39.0550,19.42,0
39.0600,19.42,0
39.0650,26.92,0
39.0700,22.87,0
39.0750,3.15,0
39.0800,-14.15,0
39.0850,18.57,0
39.0900,18.57,0
39.0950,-9.95,0
39.1000,-9.95,0
39.1050,2.33,0
39.1100,2.33,0
39.1150,-0.34,0
39.1200,-0.34,0
39.1250,-0.34,0
39.1300,-0.34,0
39.1350,-13.98,0
39.1400,16.81,0
39.1450,-11.79,0
39.1500,3.94,0
39.1550,3.94,0
39.1600,18.64,0
39.1650,18.64,0
39.1700,18.64,0
39.1750,18.99,0
39.1800,18.64,0
39.1850,18.64,0
39.1900,6.23,0
39.1950,6.23,0
39.2000,6.23,0
39.2050,20.94,0
39.2100,5.99,0
39.2150,5.99,0
39.2200,5.99,0
39.2250,10.53,0
39.2300,10.53,0
39.2350,-8.53,0
39.2400,-7.04,0
39.2450,-7.04,0
39.2500,-7.04,0
39.2550,4.51,0
39.2600,5.50,0
39.2650,-9.47,0
39.2700,-9.47,0
39.2750,21.36,0
39.2800,21.36,0
39.2850,21.36,0
39.2900,21.36,0
39.2950,-4.54,0
39.3000,-4.54,0
39.3050,-11.64,0
39.3100,-11.64,0
39.3150,21.64,0
39.3200,-4.12,0
39.3250,-4.12,0
39.3300,-4.12,0
39.3350,-4.12,0
39.3400,-4.12,0
39.3450,15.75,0
39.3500,1.18,0
39.3550,-10.63,0
39.3600,11.90,0
39.3650,-7.72,0
39.3700,-7.72,0
39.3750,-7.72,0
39.3800,-7.72,0
39.3850,7.69,0
39.3900,7.69,0
39.3950,5.61,0
39.4000,7.69,0
39.4050,19.36,0
39.4100,19.36,0
39.4150,5.21,0
39.4200,14.84,0
39.4250,14.84,0
39.4300,-11.10,0
39.4350,-11.10,0
39.4400,19.75,0
39.4450,19.75,0
39.4500,-3.17,0
39.4550,-3.17,0
39.4600,12.55,0
39.4650,12.55,0
39.4700,12.55,0
39.4750,0.27,0
39.4800,-2.75,0
39.4850,20.82,0
39.4900,20.82,0
39.4950,8.47,0
39.5000,8.47,0
39.5050,8.47,0
39.5100,20.15,0
39.5150,-13.43,0
39.5200,-13.43,0
39.5250,21.90,0
39.5300,21.90,0
39.5350,6.49,0
39.5400,6.49,0
39.5450,17.85,0
39.5500,17.85,0
39.5550,-3.02,0
39.5600,17.85,0
39.5650,19.02,0
39.5700,-6.37,0
39.5750,-6.37,0
39.5800,13.04,0
39.5850,-6.98,0
39.5900,-8.34,0
39.5950,-8.34,0
39.6000,-8.34,0
39.6050,-8.34,0
39.6100,-7.92,0
39.6150,-7.92,0
39.6200,-7.92,0
39.6250,-7.92,0
39.6300,13.71,0
39.6350,13.71,0
39.6400,20.11,0
39.6450,20.11,0
39.6500,-4.83,0
39.6550,13.71,0
39.6600,4.74,0
39.6650,4.74,0
39.6700,-7.02,0
39.6750,11.30,0
39.6800,21.71,0
39.6850,21.71,0
39.6900,-7.62,0
39.6950,-7.62,0
39.7000,6.83,0
39.7050,6.83,0
39.7100,13.73,0
39.7150,13.73,0
39.7200,13.73,0
39.7250,13.73,0
39.7300,-4.05,0
39.7350,4.74,0
39.7400,-4.05,0
39.7450,-4.05,0
39.7500,-4.05,0
39.7550,15.19,0
39.7600,24.69,0
39.7650,24.69,0
39.7700,24.69,0
39.7750,24.69,0
39.7800,4.20,0
39.7850,4.20,0
39.7900,17.52,0
39.7950,-10.11,0
39.8000,21.10,0
39.8050,21.10,0
39.8100,-2.62,0
39.8150,-2.62,0
39.8200,-2.62,0
39.8250,-2.62,0
39.8300,14.04,0
39.8350,14.04,0
39.8400,-10.30,0
39.8450,-10.30,0
39.8500,-4.98,0
39.8550,-4.98,0
39.8600,5.28,0
39.8650,5.28,0
39.8700,15.84,0
39.8750,15.84,0
39.8800,-8.73,0
39.8850,-8.73,0
39.8900,21.03,0
39.8950,21.03,0
39.9000,8.42,0
39.9050,8.42,0
39.9100,3.17,0
39.9150,15.75,0
39.9200,18.49,0
39.9250,18.49,0
39.9300,-3.46,0
39.9350,-3.46,0
39.9400,-3.46,0
39.9450,-3.46,0
39.9500,11.67,0
39.9550,-0.35,0
39.9600,-9.65,0
39.9650,-9.65,0
39.9700,-5.96,0
39.9750,-5.96,0
39.9800,2.80,0
39.9850,2.80,0
39.9900,12.66,0
39.9950,12.66,0
40.0000,-11.59,0
40.0050,-11.59,0
40.0100,22.88,0
40.0150,22.88,0
40.0200,-12.19,0
40.0250,-12.19,0
40.0300,15.11,0
40.0350,15.11,0
40.0400,-4.35,0
40.0450,6.82,0
40.0500,-6.43,0
40.0550,-6.43,0
40.0600,20.60,0
40.0650,20.60,0
40.0700,1.51,0
40.0750,20.60,0
40.0800,3.27,0
40.0850,3.27,0
40.0900,1.71,0
40.0950,1.71,0
40.1000,-9.29,0
40.1050,-9.29,0
40.1100,-7.93,0
40.1150,13.77,0
40.1200,13.77,0
40.1250,4.40,0
40.1300,-8.17,0
40.1350,-8.17,0
40.1400,17.83,0
40.1450,12.32,0
40.1500,17.83,0
40.1550,17.83,0
40.1600,-11.19,0
40.1650,-11.19,0
40.1700,18.87,0
40.1750,18.87,0
40.1800,18.87,0
40.1850,18.87,0
40.1900,15.12,0
40.1950,-12.10,0
40.2000,6.25,0
40.2050,17.04,0
40.2100,-0.36,0
40.2150,-0.36,0
40.2200,-8.17,0
40.2250,-12.60,0
40.2300,-12.60,0
40.2350,19.15,0
40.2400,19.15,0
40.2450,19.15,0
40.2500,-6.39,0
40.2550,-6.39,0
40.2600,23.37,0
40.2650,23.37,0
40.2700,14.07,0
40.2750,14.07,0
40.2800,6.27,0
40.2850,6.27,0
40.2900,6.27,0
40.2950,6.27,0
40.3000,16.30,0
40.3050,16.30,0
40.3100,-9.47,0
40.3150,-9.47,0
40.3200,3.21,0
40.3250,3.21,0
40.3300,-2.62,0
40.3350,-2.62,0
40.3400,-2.62,0
40.3450,-2.62,0
40.3500,-14.00,0
40.3550,-14.00,0
40.3600,17.19,0
40.3650,17.19,0
40.3700,-6.54,0
40.3750,-6.54,0
40.3800,21.86,0
40.3850,21.86,0
40.3900,21.86,0
40.3950,21.86,0
40.4000,13.73,0
40.4050,13.73,0
40.4100,8.97,0
40.4150,17.34,0
40.4200,17.34,0
40.4250,17.34,0
40.4300,-12.18,0
40.4350,-12.18,0
40.4400,13.85,0
40.4450,13.85,0
40.4500,6.98,0
40.4550,-2.98,0
40.4600,-2.98,0
40.4650,-8.03,0
40.4700,-8.03,0
40.4750,-8.03,0
40.4800,-12.17,0
40.4850,16.23,0
40.4900,16.23,0
40.4950,16.23,0
40.5000,23.25,0
40.5050,23.25,0
40.5100,23.25,0
40.5150,23.25,0
40.5200,16.80,0
40.5250,16.80,0
40.5300,23.25,0
40.5350,16.80,0
40.5400,16.80,0
40.5450,16.80,0
40.5500,8.05,0
40.5550,8.05,0
40.5600,-13.53,0
40.5650,22.50,0
40.5700,16.23,0
40.5750,20.42,0
40.5800,-6.95,0
40.5850,-6.95,0
40.5900,-8.03,0
40.5950,-8.03,0
40.6000,15.08,0
40.6050,15.08,0
40.6100,15.08,0
40.6150,15.08,0
40.6200,15.08,0
40.6250,15.08,0
40.6300,-13.29,0
40.6350,-13.29,0
40.6400,-13.29,0
40.6450,-0.56,0
40.6500,-0.56,0
40.6550,-3.96,0
40.6600,-3.96,0
40.6650,19.96,0
40.6700,-13.29,0
40.6750,-10.56,0
40.6800,-10.56,0
40.6850,4.64,0
40.6900,4.64,0
40.6950,-5.32,0
40.7000,-5.32,0
40.7050,-13.46,0
40.7100,-13.46,0
40.7150,15.38,0
40.7200,15.38,0
40.7250,-5.32,0
40.7300,15.38,0
40.7350,-3.36,0
40.7400,-1.13,0
40.7450,21.98,0
40.7500,21.98,0
40.7550,12.80,0
40.7600,12.80,0
40.7650,5.87,0
40.7700,5.87,0
40.7750,-1.72,0
40.7800,-1.72,0
40.7850,20.44,0
40.7900,20.44,0
40.7950,-19.67,0
40.8000,-7.93,0
40.8050,3.61,0
40.8100,3.61,0
40.8150,3.61,0
40.8200,-2.78,0
40.8250,-12.59,0
40.8300,-12.59,0
40.8350,-12.59,0
40.8400,-11.11,0
40.8450,-11.11,0
40.8500,-11.11,0
40.8550,-11.11,0
40.8600,22.56,0
40.8650,22.56,0
40.8700,4.20,0
40.8750,4.20,0
40.8800,16.04,0
40.8850,16.04,0
40.8900,21.78,0
40.8950,12.24,0
40.9000,-5.57,0
40.9050,-5.57,0
40.9100,-5.57,0
40.9150,14.98,0
40.9200,-3.42,0
40.9250,13.62,0
40.9300,13.62,0
40.9350,13.62,0
40.9400,-10.49,0
40.9450,6.39,0
40.9500,6.39,0
40.9550,6.39,0
40.9600,6.39,0
40.9650,6.39,0
40.9700,6.39,0
40.9750,13.62,0
40.9800,-10.45,0
40.9850,5.88,0
40.9900,5.88,0
40.9950,10.55,0
41.0000,10.55,0
41.0050,10.55,0
41.0100,10.55,0
41.0150,19.03,0
41.0200,19.03,0
41.0250,-3.94,0
41.0300,-3.94,0
41.0350,15.87,0
41.0400,15.87,0
41.0450,15.87,0
41.0500,15.87,0
41.0550,15.87,0
41.0600,15.87,0
41.0650,15.87,0
41.0700,15.87,0
41.0750,3.44,0
41.0800,3.44,0
41.0850,3.44,0
41.0900,3.44,0
41.0950,-7.95,0
41.1000,-8.92,0
41.1050,-8.92,0
41.1100,10.55,0
41.1150,7.30,0
41.1200,12.63,0
41.1250,12.63,0
41.1300,12.63,0
41.1350,12.63,0
41.1400,12.63,0
41.1450,12.63,0
41.1500,-3.90,0
41.1550,-3.90,0
41.1600,17.96,0
41.1650,17.96,0
41.1700,17.96,0
41.1750,17.96,0
41.1800,-11.45,0
41.1850,-11.45,0
41.1900,-11.45,0
41.1950,15.56,0
41.2000,23.78,0
41.2050,4.26,0
41.2100,4.26,0
41.2150,21.85,0
41.2200,21.85,0
41.2250,21.85,0
41.2300,-3.79,0
41.2350,2.32,0
41.2400,2.32,0
41.2450,14.30,0
41.2500,17.96,0
41.2550,14.30,0
41.2600,14.30,0
41.2650,21.14,0
41.2700,21.14,0
41.2750,19.25,0
41.2800,19.25,0
41.2850,-13.39,0
41.2900,-13.39,0
41.2950,-13.39,0
41.3000,-13.39,0
41.3050,-1.82,0
41.3100,-1.82,0
41.3150,3.01,0
41.3200,3.01,0
41.3250,-11.45,0
41.3300,-11.45,0
41.3350,-1.39,0
41.3400,-3.79,0
41.3450,-11.45,0
41.3500,-11.45,0
41.3550,3.37,0
41.3600,3.37,0
41.3650,15.25,0
41.3700,15.25,0
41.3750,20.80,0
41.3800,20.80,0
41.3850,20.80,0
41.3900,20.80,0
41.3950,20.80,0
41.4000,-2.97,0
41.4050,-2.97,0
41.4100,22.76,0
41.4150,-13.15,0
41.4200,-13.15,0
41.4250,-13.15,0
41.4300,-3.74,0
41.4350,4.53,0
41.4400,4.53,0
41.4450,15.56,0
41.4500,15.56,0
41.4550,-9.71,0
41.4600,-9.71,0
41.4650,22.88,0
41.4700,22.88,0
41.4750,3.55,0
41.4800,-2.54,0
41.4850,14.02,0
41.4900,14.02,0
41.4950,14.02,0
41.5000,14.02,0
41.5050,-10.61,0
41.5100,-10.61,0
41.5150,1.79,0
41.5200,1.79,0
41.5250,18.92,0
41.5300,18.92,0
41.5350,18.92,0
41.5400,18.92,0
41.5450,18.92,0
41.5500,19.91,0
41.5550,0.37,0
41.5600,0.37,0
41.5650,-6.11,0
41.5700,14.66,0
41.5750,14.66,0
41.5800,-8.70,0
41.5850,-8.70,0
41.5900,-8.70,0
41.5950,-8.70,0
41.6000,3.39,0
41.6050,3.39,0
41.6100,15.45,0
41.6150,-12.92,0
41.6200,-12.92,0
41.6250,-12.92,0
41.6300,-12.92,0
41.6350,2.12,0
41.6400,2.12,0
41.6450,16.07,0
41.6500,16.07,0
41.6550,2.00,0
41.6600,3.85,0
41.6650,-8.20,0
41.6700,-8.20,0
41.6750,16.35,0
41.6800,-8.20,0
41.6850,-10.36,0
41.6900,-10.36,0
41.6950,14.91,0
41.7000,14.91,0
41.7050,9.36,0
41.7100,-6.43,0
41.7150,21.64,0
41.7200,21.64,0
41.7250,21.64,0
41.7300,-12.42,0
41.7350,3.85,0
41.7400,12.75,0
41.7450,12.75,0
41.7500,9.65,0
41.7550,17.70,0
41.7600,17.70,0
41.7650,17.70,0
41.7700,-12.32,0
41.7750,8.88,0
41.7800,8.88,0
41.7850,8.88,0
41.7900,8.88,0
41.7950,8.88,0
41.8000,8.88,0
41.8050,-13.21,0
41.8100,-13.21,0
41.8150,12.31,0
41.8200,12.31,0
41.8250,12.31,0
41.8300,20.39,0
41.8350,-4.66,0
41.8400,23.82,0
41.8450,19.16,0
41.8500,23.82,0
41.8550,23.82,0
41.8600,7.59,0
41.8650,7.59,0
41.8700,-4.66,0
41.8750,8.68,0
41.8800,8.68,0
41.8850,8.68,0
41.8900,-2.86,0
41.8950,-2.86,0
41.9000,10.01,0
41.9050,10.01,0
41.9100,10.01,0
41.9150,10.01,0
41.9200,-4.75,0
41.9250,-4.75,0
41.9300,-5.81,0
41.9350,14.76,0
41.9400,14.76,0
41.9450,-13.57,0
41.9500,23.83,0
41.9550,-2.86,0
41.9600,23.38,0
41.9650,-8.98,0
41.9700,23.38,0
41.9750,-0.68,0
41.9800,15.28,0
41.9850,15.28,0
41.9900,8.04,0
41.9950,8.04,0
42.0000,19.59,0
42.0050,19.59,0
42.0100,-10.73,0
42.0150,-10.73,0
42.0200,5.87,0
42.0250,8.33,0
42.0300,8.33,0
42.0350,8.33,0
42.0400,8.33,0
42.0450,21.09,0
42.0500,21.09,0
42.0550,13.79,0
42.0600,13.79,0
42.0650,13.79,0
42.0700,13.79,0
42.0750,-2.37,0
42.0800,-2.37,0
42.0850,21.59,0
42.0900,21.59,0
42.0950,4.20,0
42.1000,12.15,0
42.1050,8.97,0
42.1100,-11.55,0
42.1150,-2.77,0
42.1200,-2.77,0
42.1250,19.78,0
42.1300,19.78,0
42.1350,19.78,0
42.1400,-7.22,0
42.1450,6.55,0
42.1500,6.55,0
42.1550,6.55,0
42.1600,-2.79,0
42.1650,-13.75,0
42.1700,-13.75,0
42.1750,-13.75,0
42.1800,9.93,0
42.1850,9.93,0
42.1900,9.93,0
42.1950,9.93,0
42.2000,8.38,0
42.2050,-10.14,0
42.2100,-10.14,0
42.2150,-10.14,0
42.2200,-2.79,0
42.2250,12.82,0
42.2300,5.17,0
42.2350,12.82,0
42.2400,5.17,0
42.2450,5.17,0
42.2500,5.17,0
42.2550,5.17,0
42.2600,-9.13,0
42.2650,-9.13,0
42.2700,9.41,0
42.2750,-4.64,0
42.2800,-4.64,0
42.2850,22.39,0
42.2900,20.84,0
42.2950,22.39,0
42.3000,18.90,0
42.3050,-6.41,0
42.3100,10.06,0
42.3150,10.06,0
42.3200,8.24,0
42.3250,8.24,0
42.3300,21.32,0
42.3350,21.32,0
42.3400,12.09,0
42.3450,-1.82,0
42.3500,1.81,0
42.3550,12.42,0
42.3600,12.42,0
42.3650,20.17,0
42.3700,20.17,0
42.3750,0.05,0
42.3800,-8.71,0
42.3850,-8.71,0
42.3900,6.69,0
42.3950,1.17,0
42.4000,-6.16,0
42.4050,-6.16,0
42.4100,-6.16,0
42.4150,-9.88,0
42.4200,-9.88,0
42.4250,-9.88,0
42.4300,12.45,0
42.4350,12.45,0
42.4400,12.45,0
42.4450,7.74,0
42.4500,7.74,0
42.4550,-8.34,0
42.4600,-8.34,0
42.4650,-10.69,0
42.4700,-10.69,0
42.4750,24.66,0
42.4800,21.49,0
42.4850,21.49,0
42.4900,21.49,0
42.4950,-4.81,0
42.5000,-4.81,0
42.5050,-13.60,0
42.5100,-13.60,0
42.5150,-13.60,0
42.5200,-13.60,0
42.5250,2.65,0
42.5300,-1.21,0
42.5350,-1.21,0
42.5400,-1.21,0
42.5450,18.02,0
42.5500,18.02,0
42.5550,16.19,0
42.5600,16.19,0
42.5650,16.19,0
42.5700,-0.90,0
42.5750,12.46,0
42.5800,16.19,0
42.5850,-4.15,0
42.5900,-6.64,0
42.5950,19.48,0
42.6000,19.48,0
42.6050,-3.65,0
42.6100,-3.65,0
42.6150,19.38,0
42.6200,19.38,0
42.6250,-12.98,0
42.6300,-12.98,0
42.6350,-12.98,0
42.6400,-12.98,0
42.6450,-1.21,0
42.6500,-1.21,0
42.6550,-1.49,0
42.6600,-1.49,0
42.6650,-12.57,0
42.6700,-12.57,0
42.6750,19.76,0
42.6800,19.76,0
42.6850,-0.44,0
42.6900,-0.44,0
42.6950,-0.09,0
42.7000,-0.09,0
42.7050,19.76,0
42.7100,19.59,0
42.7150,15.62,0
42.7200,15.62,0
42.7250,-0.05,0
42.7300,-0.05,0
42.7350,17.31,0
42.7400,-7.31,0
42.7450,-8.91,0
42.7500,-8.91,0
42.7550,-8.91,0
42.7600,-8.91,0
42.7650,-8.91,0
42.7700,-8.91,0
42.7750,-8.91,0
42.7800,-8.91,0
42.7850,-4.21,0
42.7900,-4.21,0
42.7950,-9.88,0
42.8000,-11.92,0
42.8050,-11.92,0
42.8100,-1.24,0
42.8150,-1.24,0
42.8200,-1.24,0
42.8250,-9.49,0
42.8300,18.26,0
42.8350,18.26,0
42.8400,18.13,0
42.8450,-9.49,0
42.8500,1.34,0
42.8550,1.34,0
42.8600,1.34,0
42.8650,19.49,0
42.8700,1.34,0
42.8750,-10.56,0
42.8800,-10.56,0
42.8850,11.02,0
42.8900,19.66,0
42.8950,19.66,0
42.9000,-1.74,0
42.9050,-10.17,0
42.9100,-10.17,0
42.9150,19.18,1
42.9200,19.18,0
42.9250,19.18,0
42.9300,19.18,0
42.9350,19.18,0
42.9400,19.18,0
42.9450,19.18,0
42.9500,0.75,0
42.9550,20.30,0
42.9600,20.30,0
42.9650,20.30,0
42.9700,2.19,0
42.9750,2.19,0
42.9800,2.19,0
42.9850,2.19,0
42.9900,16.34,0
42.9950,-12.81,0
43.0000,-12.81,0
43.0050,-12.81,0
43.0100,-0.95,0
43.0150,-0.95,0
43.0200,-0.95,0
43.0250,-0.95,0
43.0300,-8.23,0
43.0350,-14.63,0
43.0400,-14.63,0
43.0450,18.43,0
43.0500,18.43,0
43.0550,18.43,0
43.0600,18.43,0
43.0650,4.52,0
43.0700,-2.01,0
43.0750,21.31,0
43.0800,21.31,0
43.0850,18.76,0
43.0900,18.76,0
43.0950,0.15,0
43.1000,0.15,0
43.1050,15.48,0
43.1100,15.48,0
43.1150,-7.90,0
43.1200,-7.90,0
43.1250,20.43,0
43.1300,20.43,0
43.1350,0.21,0
43.1400,0.21,0
43.1450,0.21,0
43.1500,0.21,0
43.1550,-15.48,0
43.1600,-15.48,0
43.1650,17.38,0
43.1700,17.38,0
43.1750,1.24,0
43.1800,1.24,0
43.1850,-7.90,0
43.1900,20.43,0
43.1950,17.38,0
43.2000,1.24,0
43.2050,18.91,0
43.2100,18.91,0
43.2150,-0.13,0
43.2200,-0.13,0
43.2250,-0.13,0
43.2300,20.20,0
43.2350,20.20,0
43.2400,-11.98,0
43.2450,-11.98,0
43.2500,21.27,0
43.2550,21.27,0
43.2600,1.22,0
43.2650,4.70,0
43.2700,4.70,0
43.2750,4.70,0
43.2800,12.03,0
43.2850,10.04,0
43.2900,-12.48,0
43.2950,-12.48,0
43.3000,22.63,0
43.3050,19.99,0
43.3100,0.37,0
43.3150,-11.98,0
43.3200,9.33,0
43.3250,9.33,0
43.3300,11.34,0
43.3350,11.34,0
43.3400,11.34,0
43.3450,-6.57,0
43.3500,-10.82,0
43.3550,7.50,0
43.3600,7.50,0
43.3650,7.50,0
43.3700,7.50,0
43.3750,7.50,0
43.3800,-8.57,0
43.3850,-6.16,0
43.3900,-6.16,0
43.3950,13.54,0
43.4000,10.87,0
43.4050,10.22,0
43.4100,10.22,0
43.4150,21.86,0
43.4200,21.86,0
43.4250,-6.57,0
43.4300,21.86,0
43.4350,10.22,0
43.4400,7.52,0
43.4450,7.52,0
43.4500,8.15,0
43.4550,21.63,0
43.4600,21.63,0
43.4650,21.63,0
43.4700,21.63,0
43.4750,21.63,0
43.4800,21.63,0
43.4850,21.63,0
43.4900,7.60,0
43.4950,7.60,0
43.5000,-7.88,0
43.5050,-7.88,0
43.5100,-7.85,0
43.5150,8.48,0
43.5200,0.59,0
43.5250,-8.69,0
43.5300,12.59,0
43.5350,-6.37,0
43.5400,-6.37,0
43.5450,-11.10,0
43.5500,22.97,0
43.5550,22.97,0
43.5600,22.97,0
43.5650,-5.80,0
43.5700,-5.80,0
43.5750,21.74,0
43.5800,18.19,0
43.5850,21.74,0
43.5900,21.74,0
43.5950,21.74,0
43.6000,-8.08,0
43.6050,8.38,0
43.6100,8.38,0
43.6150,-9.30,0
43.6200,-9.30,0
43.6250,-9.30,0
43.6300,-8.06,0
43.6350,7.14,0
43.6400,7.14,0
43.6450,7.14,0
43.6500,7.14,0
43.6550,7.14,0
43.6600,-7.72,0
43.6650,-7.72,0
43.6700,19.02,0
43.6750,19.02,0
43.6800,2.80,0
43.6850,2.80,0
43.6900,7.82,0
43.6950,7.82,0
43.7000,-8.74,0
43.7050,-8.74,0
43.7100,21.65,0
43.7150,21.65,0
43.7200,-11.25,0
43.7250,10.33,0
43.7300,10.33,0
43.7350,10.33,0
43.7400,-3.99,0
43.7450,10.33,0
43.7500,23.45,0
43.7550,23.45,0
43.7600,-9.46,0
43.7650,-9.46,0
43.7700,3.73,0
43.7750,3.73,0
43.7800,-9.07,0
43.7850,-9.07,0
43.7900,-9.07,0
43.7950,-9.07,0
43.8000,19.77,0
43.8050,10.12,0
43.8100,14.38,0
43.8150,14.38,0
43.8200,-0.48,0
43.8250,14.38,0
43.8300,23.05,0
43.8350,23.05,0
43.8400,13.84,0
43.8450,23.05,0
43.8500,5.52,0
43.8550,5.68,0
43.8600,-6.89,0
43.8650,-6.89,0
43.8700,-6.89,0
43.8750,3.73,0
43.8800,-3.89,0
43.8850,-3.89,0
43.8900,7.32,0
43.8950,-9.57,0
43.9000,-9.57,0
43.9050,-9.57,0
43.9100,-9.57,0
43.9150,-9.57,0
43.9200,-9.57,0
43.9250,-9.57,0
43.9300,-9.57,0
43.9350,21.24,0
43.9400,6.36,0
43.9450,6.36,0
43.9500,21.35,0
43.9550,-7.80,0
43.9600,-7.80,0
43.9650,8.73,0
43.9700,8.73,0
43.9750,15.51,0
43.9800,15.51,0
43.9850,-8.07,0
43.9900,-8.07,0
43.9950,-4.29,0
44.0000,-4.29,0
44.0050,9.28,0
44.0100,9.28,0
44.0150,-11.38,0
44.0200,-11.38,0
44.0250,21.12,0
44.0300,21.12,0
44.0350,21.12,0
44.0400,21.12,0
44.0450,4.54,0
44.0500,4.54,0
44.0550,17.46,0
44.0600,10.98,0
44.0650,24.08,0
44.0700,24.08,0
44.0750,-4.70,0
44.0800,12.11,0
44.0850,-4.70,0
44.0900,-4.70,0
44.0950,17.79,0
44.1000,17.79,0
44.1050,3.93,0
44.1100,3.93,0
44.1150,3.93,0
44.1200,3.93,0
44.1250,25.64,0
44.1300,25.64,0
44.1350,25.64,0
44.1400,14.24,0
44.1450,14.24,0
44.1500,14.24,0
44.1550,14.24,0
44.1600,-2.35,0
44.1650,-2.35,0
44.1700,-2.35,0
44.1750,-2.35,0
44.1800,12.75,0
44.1850,14.55,0
44.1900,-7.63,0
44.1950,-2.09,0
44.2000,-3.05,0
44.2050,-3.05,0
44.2100,-7.23,0
44.2150,24.20,0
44.2200,-7.23,0
44.2250,-7.59,0
44.2300,4.40,0
44.2350,22.51,0
44.2400,-3.05,0
44.2450,20.25,0
44.2500,20.25,0
44.2550,24.20,0
44.2600,20.25,0
44.2650,2.45,0
44.2700,2.45,0
44.2750,-3.86,0
44.2800,-3.86,0
44.2850,19.34,0
44.2900,10.11,0
44.2950,15.90,0
44.3000,15.90,0
44.3050,2.99,0
44.3100,2.99,0
44.3150,2.99,0
44.3200,7.84,0
44.3250,18.89,0
44.3300,18.89,0
44.3350,-8.74,0
44.3400,-8.74,0
44.3450,-3.05,0
44.3500,17.04,0
44.3550,-3.65,0
44.3600,-3.65,0
44.3650,-3.65,0
44.3700,-3.65,0
44.3750,-3.65,0
44.3800,-3.65,0
44.3850,2.69,0
44.3900,2.69,0
44.3950,18.95,0
44.4000,0.32,0
44.4050,0.32,0
44.4100,0.32,0
44.4150,0.32,0
44.4200,0.32,0
44.4250,13.41,0
44.4300,13.41,0
44.4350,1.03,0
44.4400,1.03,0
44.4450,23.24,0
44.4500,23.24,0
44.4550,23.24,0
44.4600,23.24,0
44.4650,-12.93,0
44.4700,-12.93,0
44.4750,-6.02,0
44.4800,-6.02,0
44.4850,16.36,0
44.4900,-6.02,0
44.4950,-6.02,0
44.5000,-6.02,0
44.5050,13.41,0
44.5100,-8.82,0
44.5150,-5.54,0
44.5200,-5.54,0
44.5250,-5.54,0
44.5300,20.55,0
44.5350,20.55,0
44.5400,20.55,0
44.5450,12.75,0
44.5500,12.75,0
44.5550,12.75,0
44.5600,7.41,0
44.5650,4.44,0
44.5700,7.41,0
44.5750,7.41,0
44.5800,-3.09,0
44.5850,6.00,0
44.5900,6.00,0
44.5950,6.00,0
44.6000,6.00,0
44.6050,6.00,0
44.6100,-5.19,0
44.6150,-5.19,0
44.6200,-5.19,0
44.6250,-5.19,0
44.6300,-9.43,0
44.6350,-9.43,0
44.6400,-2.67,0
44.6450,12.75,0
44.6500,16.89,0
44.6550,16.89,0
44.6600,-10.80,0
44.6650,17.84,0
44.6700,17.84,0
44.6750,17.84,0
44.6800,5.47,0
44.6850,5.47,0
44.6900,5.47,0
44.6950,5.47,0
44.7000,-5.82,0
44.7050,-5.82,0
44.7100,8.76,0
44.7150,8.76,0
44.7200,8.76,0
44.7250,9.26,0
44.7300,-2.35,0
44.7350,-2.35,0
44.7400,-10.74,0
44.7450,-10.74,0
44.7500,15.09,0
44.7550,15.09,0
44.7600,15.09,0
44.7650,15.09,0
44.7700,-4.95,0
44.7750,-4.95,0
44.7800,-8.23,0
44.7850,15.09,0
44.7900,17.27,0
44.7950,5.66,0
44.8000,5.93,0
44.8050,5.93,0
44.8100,5.93,0
44.8150,5.93,0
44.8200,25.13,0
44.8250,16.16,0
44.8300,16.16,0
44.8350,4.27,0
44.8400,4.27,0
44.8450,-7.70,0
44.8500,-7.70,0
44.8550,-7.70,0
44.8600,-12.33,0
44.8650,-12.33,0
44.8700,15.68,0
44.8750,15.68,0
44.8800,5.66,0
44.8850,5.66,0
44.8900,-3.20,0
44.8950,-3.20,0
44.9000,-8.58,0
44.9050,-8.58,0
44.9100,-8.58,0
44.9150,-8.58,0
44.9200,13.17,0
44.9250,13.17,0
44.9300,-1.72,0
44.9350,-1.72,0
44.9400,1.63,0
44.9450,1.63,0
44.9500,-1.42,0
44.9550,14.25,0
44.9600,-12.79,0
44.9650,-12.79,0
44.9700,-4.71,0
44.9750,-4.71,0
44.9800,5.91,0
44.9850,5.91,0
44.9900,-7.62,0
44.9950,5.91,0
45.0000,5.91,0
45.0050,5.91,0
45.0100,-2.93,0
45.0150,-12.96,0
45.0200,5.02,0
45.0250,5.02,0
45.0300,12.22,0
45.0350,12.22,0
45.0400,-10.49,0
45.0450,-10.49,0
45.0500,19.67,0
45.0550,19.67,0
45.0600,-8.50,0
45.0650,4.10,0
45.0700,15.81,0
45.0750,15.81,0
45.0800,-10.95,0
45.0850,-10.95,0
45.0900,17.55,0
45.0950,13.05,0
45.1000,-3.17,0
45.1050,16.42,0
45.1100,16.42,0
45.1150,-11.47,0
45.1200,-11.47,0
45.1250,-11.47,0
45.1300,22.94,0
45.1350,18.99,0
45.1400,3.34,0
45.1450,3.34,0
45.1500,3.34,0
45.1550,13.59,0
45.1600,-0.83,0
45.1650,-11.05,0
45.1700,4.95,0
45.1750,3.67,0
45.1800,3.67,0
45.1850,16.50,0
45.1900,3.67,0
45.1950,16.50,0
45.2000,16.50,0
45.2050,18.23,0
45.2100,-7.24,0
45.2150,18.23,0
45.2200,-5.87,0
45.2250,-5.87,0
45.2300,-1.70,0
45.2350,-1.70,0
45.2400,14.91,0
45.2450,14.91,0
45.2500,-11.36,0
45.2550,-11.36,0
45.2600,-3.43,0
45.2650,-3.43,0
45.2700,5.49,0
45.2750,7.91,0
45.2800,-12.64,0
45.2850,-12.64,0
45.2900,22.10,0
45.2950,-3.40,0
45.3000,-3.40,0
45.3050,-5.41,0
45.3100,3.45,0
45.3150,3.45,0
45.3200,17.10,0
45.3250,17.10,0
45.3300,17.24,0
45.3350,17.24,0
45.3400,-1.92,0
45.3450,-1.92,0
45.3500,-1.92,0
45.3550,-1.92,0
45.3600,-1.92,0
45.3650,-1.92,0
45.3700,-1.92,0
45.3750,-1.92,0
45.3800,-10.41,0
45.3850,-10.41,0
45.3900,3.21,0
45.3950,3.21,0
45.4000,-11.95,0
45.4050,-11.95,0
45.4100,22.22,0
45.4150,22.22,0
45.4200,22.22,0
45.4250,22.22,0
45.4300,3.03,0
45.4350,3.03,0
45.4400,18.86,0
45.4450,18.86,0
45.4500,18.86,0
45.4550,18.86,0
45.4600,23.53,0
45.4650,23.53,0
45.4700,3.97,0
45.4750,3.97,0
45.4800,17.70,0
45.4850,17.70,0
45.4900,-10.85,0
45.4950,-10.85,0
45.5000,-1.89,0
45.5050,5.43,0
45.5100,5.43,0
45.5150,-10.58,0
45.5200,-10.58,0
45.5250,-10.58,0
45.5300,22.86,0
45.5350,22.86,0
45.5400,22.86,0
45.5450,-4.10,0
45.5500,3.70,0
45.5550,3.70,0
45.5600,16.20,0
45.5650,16.20,0
45.5700,19.27,0
45.5750,19.27,0
45.5800,-1.17,0
45.5850,-1.17,0
45.5900,-1.17,0
45.5950,-1.17,0
45.6000,-1.17,0
45.6050,-9.63,0
45.6100,3.70,0
45.6150,-8.26,0
45.6200,-2.28,0
45.6250,-2.28,0
45.6300,-6.39,0
45.6350,0.25,0
45.6400,0.25,0
45.6450,1.35,0
45.6500,0.25,0
45.6550,0.25,0
45.6600,21.49,0
45.6650,21.49,0
45.6700,-1.84,0
45.6750,-1.84,0
45.6800,-3.66,0
45.6850,20.54,0
45.6900,-13.48,0
45.6950,-13.48,0
45.7000,20.78,0
45.7050,20.78,0
45.7100,0.91,0
45.7150,0.91,0
45.7200,1.93,0
45.7250,1.93,0
45.7300,-9.42,0
45.7350,-9.42,0
45.7400,-6.34,0
45.7450,22.33,0
45.7500,22.33,0
45.7550,22.33,0
45.7600,-8.07,0
45.7650,8.11,0
45.7700,0.32,0
45.7750,11.65,0
45.7800,-7.67,0
45.7850,-7.67,0
45.7900,18.87,0
45.7950,18.87,0
45.8000,-7.24,0
45.8050,10.81,0
45.8100,7.31,0
45.8150,10.81,0
45.8200,10.81,0
45.8250,10.81,0
45.8300,19.99,0
45.8350,-8.61,0
45.8400,-10.85,0
45.8450,-10.85,0
45.8500,20.33,0
45.8550,-10.85,0
45.8600,-10.85,0
45.8650,-10.85,0
45.8700,-10.14,0
45.8750,-10.14,0
45.8800,-10.14,0
45.8850,10.55,0
45.8900,10.55,0
45.8950,10.55,0
45.9000,10.55,0
45.9050,10.55,0
45.9100,8.43,0
45.9150,8.43,0
45.9200,23.23,0
45.9250,23.23,0
45.9300,23.23,0
45.9350,11.63,0
45.9400,11.63,0
45.9450,-7.25,0
45.9500,17.65,0
45.9550,17.65,0
45.9600,-9.32,0
45.9650,-9.32,0
45.9700,-9.32,0
45.9750,-9.32,0
45.9800,-9.32,0
45.9850,-6.02,0
45.9900,-6.02,0
45.9950,-9.69,0
46.0000,-9.69,0
46.0050,11.42,0
46.0100,11.42,0
46.0150,11.42,0
46.0200,11.42,0
46.0250,11.42,0
46.0300,11.42,0
46.0350,19.33,0
46.0400,19.33,0
46.0450,19.33,0
46.0500,19.33,0
46.0550,8.78,0
46.0600,8.78,0
46.0650,8.78,0
46.0700,-12.54,0
46.0750,-4.21,0
46.0800,17.41,0
46.0850,-4.21,0
46.0900,-4.21,0
46.0950,-4.21,0
46.1000,11.88,0
46.1050,11.88,0
46.1100,-6.87,0
46.1150,-8.46,0
46.1200,-8.46,0
46.1250,9.72,0
46.1300,9.72,0
46.1350,9.72,0
46.1400,9.72,0
46.1450,-10.59,0
46.1500,-10.59,0
46.1550,-0.11,0
46.1600,-3.51,0
46.1650,-8.61,0
46.1700,12.03,0
46.1750,12.03,0
46.1800,-12.66,0
46.1850,12.03,0
46.1900,20.62,0
46.1950,20.62,0
46.2000,-4.60,0
46.2050,-4.60,0
46.2100,11.03,0
46.2150,11.03,0
46.2200,-8.46,0
46.2250,29.88,0
46.2300,-9.30,0
46.2350,-9.30,0
46.2400,-9.30,0
46.2450,-8.03,0
46.2500,7.69,0
46.2550,7.69,0
46.2600,10.50,0
46.2650,10.50,0
46.2700,22.23,0
46.2750,-9.71,0
46.2800,-9.71,0
46.2850,-9.71,0
46.2900,9.67,0
46.2950,9.67,0
46.3000,7.65,0
46.3050,7.65,0
46.3100,19.11,0
46.3150,19.11,0
46.3200,19.11,0
46.3250,19.11,0
46.3300,10.50,0
46.3350,19.11,0
46.3400,9.37,0
46.3450,9.37,0
46.3500,9.37,0
46.3550,12.35,0
46.3600,-5.09,0
46.3650,22.80,0
46.3700,-8.98,0
46.3750,-8.98,0
46.3800,9.33,0
46.3850,9.33,0
46.3900,-4.68,0
46.3950,0.80,0
46.4000,17.38,0
46.4050,17.65,0
46.4100,11.23,0
46.4150,18.25,0
46.4200,12.27,0
46.4250,12.27,0
46.4300,21.22,0
46.4350,-8.75,0
46.4400,-5.55,0
46.4450,-5.55,0
46.4500,-11.24,0
46.4550,-5.55,0
46.4600,8.70,0
46.4650,8.70,0
46.4700,-6.55,0
46.4750,-6.55,0
46.4800,-4.76,0
46.4850,-8.78,0
46.4900,-4.76,0
46.4950,-4.76,0
46.5000,9.94,0
46.5050,2.82,0
46.5100,-8.95,0
46.5150,-8.95,0
46.5200,20.92,0
46.5250,20.92,0
46.5300,5.91,0
46.5350,5.91,0
46.5400,18.31,0
46.5450,18.31,0
46.5500,-0.69,0
46.5550,-0.69,0
46.5600,-0.38,0
46.5650,-0.38,0
46.5700,21.37,0
46.5750,20.44,0
46.5800,21.37,0
46.5850,-13.39,0
46.5900,-13.39,0
46.5950,3.19,0
46.6000,3.19,0
46.6050,0.24,0
46.6100,0.24,0
46.6150,-14.59,0
46.6200,-14.59,0
46.6250,17.18,0
46.6300,17.18,0
46.6350,17.18,0
46.6400,-1.10,0
46.6450,-1.10,0
46.6500,21.48,0
46.6550,21.48,0
46.6600,-15.68,0
46.6650,-15.68,0
46.6700,19.48,0
46.6750,19.48,0
46.6800,2.89,0
46.6850,2.89,0
46.6900,19.52,0
46.6950,19.52,0
46.7000,-11.17,0
46.7050,-11.17,0
46.7100,0.81,0
46.7150,0.81,0
46.7200,17.30,0
46.7250,-1.52,0
46.7300,-1.52,0
46.7350,-1.52,0
46.7400,-12.32,0
46.7450,-12.32,0
46.7500,17.71,0
46.7550,17.71,0
46.7600,-1.79,0
46.7650,-1.79,0
46.7700,-1.79,0
46.7750,21.43,0
46.7800,9.44,0
46.7850,20.55,0
46.7900,20.55,0
46.7950,-9.25,0
46.8000,17.49,0
46.8050,17.49,0
46.8100,17.49,0
46.8150,21.85,0
46.8200,21.85,0
46.8250,-14.08,0
46.8300,-14.08,0
46.8350,3.16,0
46.8400,3.16,0
46.8450,8.97,0
46.8500,-2.09,0
46.8550,21.80,0
46.8600,-11.12,0
46.8650,-11.12,0
46.8700,-1.39,0
46.8750,18.63,0
46.8800,-3.12,0
46.8850,-3.12,0
46.8900,-3.12,0
46.8950,21.09,0
46.9000,21.09,0
46.9050,21.09,0
46.9100,15.61,0
46.9150,15.61,0
46.9200,2.30,0
46.9250,2.30,0
46.9300,20.40,0
46.9350,20.40,0
46.9400,-13.57,0
46.9450,-13.57,0
46.9500,19.75,0
46.9550,19.75,0
46.9600,-1.12,0
46.9650,-1.12,0
46.9700,14.25,0
46.9750,-1.12,0
46.9800,-1.12,0
46.9850,-12.28,0
46.9900,19.09,0
46.9950,19.09,0
47.0000,19.09,0
47.0050,4.83,0
47.0100,4.83,0
47.0150,13.01,0
47.0200,19.46,0
47.0250,19.46,0
47.0300,19.46,0
47.0350,14.48,0
47.0400,6.29,0
47.0450,6.42,0
47.0500,19.09,0
47.0550,16.32,0
47.0600,16.32,0
47.0650,27.56,0
47.0700,-13.24,0
47.0750,-13.24,0
47.0800,2.17,0
47.0850,2.17,0
47.0900,-3.98,0
47.0950,-4.12,0
47.1000,-6.96,0
47.1050,-6.96,0
47.1100,19.02,0
47.1150,19.02,0
47.1200,19.02,0
47.1250,19.02,0
47.1300,-5.41,0
47.1350,-5.41,0
47.1400,19.64,0
47.1450,19.64,0
47.1500,14.16,0
47.1550,14.16,0
47.1600,6.33,0
47.1650,6.33,0
47.1700,-2.19,0
47.1750,-2.19,0
47.1800,16.95,0
47.1850,16.95,0
47.1900,-10.17,0
47.1950,-10.17,0
47.2000,6.17,0
47.2050,6.17,0
47.2100,-0.70,0
47.2150,-10.17,0
47.2200,-8.76,0
47.2250,-8.76,0
47.2300,13.45,0
47.2350,13.45,0
47.2400,13.45,0
47.2450,13.45,0
47.2500,13.45,0
47.2550,13.45,0
47.2600,5.18,0
47.2650,13.45,0
47.2700,-10.55,0
47.2750,-10.55,0
47.2800,2.00,0
47.2850,2.00,0
47.2900,-3.45,0
47.2950,-3.45,0
47.3000,23.91,0
47.3050,23.91,0
47.3100,-12.47,0
47.3150,-12.47,0
47.3200,-12.47,0
47.3250,13.45,0
47.3300,5.80,0
47.3350,5.80,0
47.3400,20.04,0
47.3450,20.04,0
47.3500,26.20,0
47.3550,-10.41,0
47.3600,-12.81,0
47.3650,18.47,0
47.3700,18.47,0
47.3750,18.47,0
47.3800,6.89,0
47.3850,6.89,0
47.3900,6.89,0
47.3950,6.89,0
47.4000,6.89,0
47.4050,6.89,0
47.4100,19.87,0
47.4150,19.87,0
47.4200,-4.00,0
47.4250,-4.00,0
47.4300,15.17,0
47.4350,15.17,0
47.4400,-6.97,0
47.4450,-4.94,0
47.4500,22.40,0
47.4550,22.40,0
47.4600,-7.95,0
47.4650,-7.95,0
47.4700,18.47,0
47.4750,-12.32,0
47.4800,-12.32,0
47.4850,-12.32,0
47.4900,20.01,0
47.4950,-5.11,0
47.5000,-5.11,0
47.5050,5.33,0
47.5100,5.33,0
47.5150,5.33,0
47.5200,5.33,0
47.5250,5.33,0
47.5300,22.77,0
47.5350,22.77,0
47.5400,-5.91,0
47.5450,-5.91,0
47.5500,12.27,0
47.5550,12.27,0
47.5600,-8.82,0
47.5650,-8.82,0
47.5700,-8.82,0
47.5750,-8.82,0
47.5800,-2.20,0
47.5850,-2.20,0
47.5900,6.49,0
47.5950,14.27,0
47.6000,14.27,0
47.6050,-12.20,0
47.6100,-12.20,0
47.6150,-12.20,0
47.6200,-12.20,0
47.6250,-4.56,0
47.6300,4.24,0
47.6350,22.36,0
47.6400,15.07,0
47.6450,21.06,0
47.6500,-4.54,0
47.6550,-4.56,0
47.6600,-4.56,0
47.6650,-4.56,0
47.6700,-4.56,0
47.6750,17.27,0
47.6800,-2.50,0
47.6850,5.41,0
47.6900,-5.13,0
47.6950,-6.59,0
47.7000,-6.59,0
47.7050,5.19,0
47.7100,5.19,0
47.7150,5.19,0
47.7200,5.19,0
47.7250,5.19,0
47.7300,5.19,0
47.7350,-11.18,0
47.7400,21.26,0
47.7450,3.08,0
47.7500,3.08,0
47.7550,15.81,0
47.7600,15.81,0
47.7650,15.81,0
47.7700,15.81,0
47.7750,23.13,0
47.7800,23.13,0
47.7850,-1.55,0
47.7900,-1.55,0
47.7950,14.92,0
47.8000,14.92,0
47.8050,-11.43,0
47.8100,5.19,0
47.8150,19.83,0
47.8200,-6.58,0
47.8250,5.43,0
47.8300,5.43,0
47.8350,5.43,0
47.8400,5.43,0
47.8450,14.76,0
47.8500,14.76,0
47.8550,23.66,0
47.8600,23.66,0
47.8650,4.93,0
47.8700,4.93,0
47.8750,16.47,0
47.8800,15.00,0
47.8850,16.47,0
47.8900,14.61,0
47.8950,20.01,0
47.9000,20.01,0
47.9050,-1.59,0
47.9100,-1.59,0
47.9150,11.73,1
47.9200,-10.55,0
47.9250,-10.55,0
47.9300,-10.55,0
47.9350,-10.55,0
47.9400,-0.98,0
47.9450,-0.98,0
47.9500,-0.98,0
47.9550,22.67,0
47.9600,6.97,0
47.9650,-11.69,0
47.9700,2.84,0
47.9750,22.22,0
47.9800,22.22,0
47.9850,22.22,0
47.9900,5.49,0
47.9950,5.49,0
48.0000,-1.59,0
48.0050,15.09,0
48.0100,14.18,0
48.0150,20.05,0
48.0200,-5.16,0
48.0250,-4.97,0
48.0300,10.30,0
48.0350,3.85,0
48.0400,-10.73,0
48.0450,-10.73,0
48.0500,-10.73,0
48.0550,-10.73,0
48.0600,-3.51,0
48.0650,-6.76,0
48.0700,-3.51,0
48.0750,3.67,0
48.0800,3.67,0
48.0850,-13.52,0
48.0900,-13.52,0
48.0950,25.06,0
48.1000,25.06,0
48.1050,25.06,0
48.1100,1.22,0
48.1150,1.22,0
48.1200,18.22,0
48.1250,18.22,0
48.1300,-9.34,0
48.1350,-9.34,0
48.1400,21.43,0
48.1450,21.43,0
48.1500,2.00,0
48.1550,2.00,0
48.1600,18.75,0
48.1650,18.75,0
48.1700,4.66,0
48.1750,4.66,0
48.1800,-10.21,0
48.1850,-10.21,0
48.1900,-13.19,0
48.1950,-2.37,0
48.2000,14.86,0
48.2050,14.86,0
48.2100,-6.54,0
48.2150,14.86,0
48.2200,-7.62,0
48.2250,-7.62,0
48.2300,24.23,0
48.2350,24.23,0
48.2400,11.40,0
48.2450,11.40,0
48.2500,6.36,0
48.2550,6.36,0
48.2600,-6.05,0
48.2650,-6.05,0
48.2700,23.21,0
48.2750,23.21,0
48.2800,-9.94,0
48.2850,-9.94,0
48.2900,-9.94,0
48.2950,-9.94,0
48.3000,6.46,0
48.3050,7.97,0
48.3100,20.37,0
48.3150,20.37,0
48.3200,14.82,0
48.3250,14.82,0
48.3300,14.82,0
48.3350,14.82,0
48.3400,-10.72,0
48.3450,-6.88,0
48.3500,20.75,0
48.3550,20.75,0
48.3600,14.89,0
48.3650,14.89,0
48.3700,5.88,0
48.3750,5.88,0
48.3800,5.88,0
48.3850,5.88,0
48.3900,22.56,0
48.3950,5.88,0
48.4000,-10.84,0
48.4050,7.97,0
48.4100,-10.84,0
48.4150,6.45,0
48.4200,20.24,0
48.4250,-2.46,0
48.4300,-10.55,0
48.4350,-10.55,0
48.4400,-10.55,0
48.4450,9.41,0
48.4500,9.41,0
48.4550,-6.88,0
48.4600,9.41,0
48.4650,-8.09,0
48.4700,20.70,0
48.4750,7.37,0
48.4800,-10.24,0
48.4850,-10.24,0
48.4900,13.38,0
48.4950,7.89,0
48.5000,7.89,0
48.5050,7.89,0
48.5100,7.89,0
48.5150,14.90,0
48.5200,-8.08,0
48.5250,-8.08,0
48.5300,-6.37,0
48.5350,-6.37,0
48.5400,-5.57,0
48.5450,-5.57,0
48.5500,-5.57,0
48.5550,-5.57,0
48.5600,-5.57,0
48.5650,-10.61,0
48.5700,13.01,0
48.5750,13.01,0
48.5800,13.01,0
48.5850,7.89,0
48.5900,-5.70,0
48.5950,-5.70,0
48.6000,-10.24,0
48.6050,-10.24,0
48.6100,20.81,0
48.6150,8.18,0
48.6200,3.93,0
48.6250,20.04,0
48.6300,21.69,0
48.6350,21.69,0
48.6400,21.69,0
48.6450,-12.15,0
48.6500,-12.15,0
48.6550,-5.33,0
48.6600,-4.61,0
48.6650,-4.61,0
48.6700,5.75,0
48.6750,-4.61,0
48.6800,20.07,0
48.6850,-8.04,0
48.6900,4.92,0
48.6950,0.75,0
48.7000,-8.58,0
48.7050,-8.58,0
48.7100,22.92,0
48.7150,22.92,0
48.7200,22.92,0
48.7250,22.92,0
48.7300,12.25,0
48.7350,-6.75,0
48.7400,12.25,0
48.7450,12.25,0
48.7500,-6.73,0
48.7550,-7.70,0
48.7600,-10.85,0
48.7650,18.08,0
48.7700,9.64,0
48.7750,12.26,0
48.7800,-8.58,0
48.7850,10.88,0
48.7900,-7.77,0
48.7950,-7.77,0
48.8000,-8.45,0
48.8050,-7.77,0
48.8100,13.42,0
48.8150,13.42,0
48.8200,-7.38,0
48.8250,23.20,0
48.8300,15.97,0
48.8350,15.97,0
48.8400,15.97,0
48.8450,15.97,0
48.8500,12.01,0
48.8550,12.01,0
48.8600,11.19,0
48.8650,11.19,0
48.8700,21.62,0
48.8750,21.62,0
48.8800,-9.36,0
48.8850,-9.36,0
48.8900,-9.36,0
48.8950,-9.36,0
48.9000,9.30,0
48.9050,9.30,0
48.9100,-6.18,0
48.9150,-6.18,0
48.9200,-6.18,0
48.9250,-6.18,0
48.9300,-6.18,0
48.9350,-6.18,0
48.9400,-6.18,0
48.9450,21.85,0
48.9500,21.85,0
48.9550,-9.45,0
48.9600,-7.39,0
48.9650,19.63,0
48.9700,21.85,0
48.9750,10.94,0
48.9800,10.94,0
48.9850,22.36,0
48.9900,22.36,0
48.9950,-0.88,0
49.0000,-5.00,0
49.0050,1.19,0
49.0100,1.19,0
49.0150,20.56,0
49.0200,20.56,0
49.0250,-7.83,0
49.0300,-7.83,0
49.0350,-7.83,0
49.0400,-0.13,0
49.0450,-0.13,0
49.0500,22.94,0
49.0550,22.94,0
49.0600,-14.38,0
49.0650,-14.38,0
49.0700,-14.38,0
49.0750,-14.38,0
49.0800,1.86,0
49.0850,1.86,0
49.0900,1.86,0
49.0950,1.86,0
49.1000,-10.78,0
49.1050,-10.78,0
49.1100,1.23,0
49.1150,1.23,0
49.1200,1.23,0
49.1250,1.23,0
49.1300,16.87,0
49.1350,16.87,0
49.1400,-10.57,0
49.1450,-10.57,0
49.1500,-1.01,0
49.1550,-1.01,0
49.1600,-0.96,0
49.1650,-0.96,0
49.1700,17.20,0
49.1750,17.20,0
49.1800,-15.64,0
49.1850,-15.64,0
49.1900,-15.64,0
49.1950,-15.64,0
49.2000,-15.64,0
49.2050,0.14,0
49.2100,3.85,0
49.2150,17.65,0
49.2200,16.20,0
49.2250,16.20,0
49.2300,16.20,0
49.2350,16.20,0
49.2400,16.20,0
49.2450,16.20,0
49.2500,16.20,0
49.2550,20.75,0
49.2600,20.75,0
49.2650,-12.10,0
49.2700,-1.09,0
49.2750,-1.09,0
49.2800,1.50,0
49.2850,1.50,0
49.2900,1.50,0
49.2950,1.50,0
49.3000,-11.15,0
49.3050,-11.15,0
49.3100,21.47,0
49.3150,21.47,0
49.3200,-0.01,0
49.3250,0.03,0
49.3300,17.65,0
49.3350,17.65,0
49.3400,-11.85,0
49.3450,-11.85,0
49.3500,20.11,0
49.3550,20.11,0
49.3600,0.60,0
49.3650,11.21,0
49.3700,-6.34,0
49.3750,19.44,0
49.3800,-12.60,0
49.3850,-12.60,0
49.3900,18.97,0
49.3950,18.97,0
49.4000,10.94,0
49.4050,2.38,0
49.4100,2.38,0
49.4150,21.46,0
49.4200,-12.65,0
49.4250,18.29,0
49.4300,18.29,0
49.4350,0.83,0
49.4400,0.83,0
49.4450,18.29,0
49.4500,2.15,0
49.4550,-0.24,0
49.4600,18.65,0
49.4650,20.70,0
49.4700,20.70,0
49.4750,-1.54,0
49.4800,-1.54,0
49.4850,-1.54,0
49.4900,-1.54,0
49.4950,-1.54,0
49.5000,-1.54,0
49.5050,-1.54,0
49.5100,-12.47,0
49.5150,-14.23,0
49.5200,-2.67,0
49.5250,-2.67,0
49.5300,1.78,0
49.5350,1.78,0
49.5400,-14.51,0
49.5450,-14.51,0
49.5500,1.78,0
49.5550,18.47,0
49.5600,18.47,0
49.5650,18.47,0
49.5700,18.47,0
49.5750,17.79,0
49.5800,-10.55,0
49.5850,17.79,0
49.5900,18.07,0
49.5950,0.64,0
49.6000,0.64,0
49.6050,0.64,0
49.6100,-1.72,0
49.6150,-1.72,0
49.6200,19.24,0
49.6250,19.24,0
49.6300,-13.90,0
49.6350,-13.90,0
49.6400,24.01,0
49.6450,18.14,0
49.6500,18.14,0
49.6550,21.07,0
49.6600,21.07,0
49.6650,-17.29,0
49.6700,-6.46,0
49.6750,18.89,0
49.6800,18.89,0
49.6850,-4.87,0
49.6900,-4.87,0
49.6950,18.57,0
49.7000,18.57,0
49.7050,18.57,0
49.7100,-17.29,0
49.7150,16.93,0
49.7200,-17.29,0
49.7250,-1.41,0
49.7300,18.65,0
49.7350,18.65,0
49.7400,18.65,0
49.7450,-11.26,0
49.7500,-17.29,0
49.7550,19.40,0
49.7600,19.40,0
49.7650,19.40,0
49.7700,18.13,0
49.7750,-1.26,0
49.7800,-1.26,0
49.7850,-11.53,0
49.7900,-11.53,0
49.7950,-6.24,0
49.8000,18.65,0
49.8050,-0.12,0
49.8100,-6.24,0
49.8150,-6.24,0
49.8200,-6.24,0
49.8250,10.65,0
49.8300,10.65,0
49.8350,10.65,0
49.8400,10.65,0
49.8450,-11.87,0
49.8500,-11.87,0
49.8550,-8.39,0
49.8600,-8.39,0
49.8650,9.73,0
49.8700,9.73,0
49.8750,11.03,0
49.8800,11.03,0
49.8850,-11.53,0
49.8900,-11.53,0
49.8950,-11.53,0
49.9000,-11.53,0
49.9050,-7.31,0
49.9100,-7.31,0
49.9150,14.83,0
49.9200,14.83,0
49.9250,-5.47,0
49.9300,-5.47,0
49.9350,-5.47,0
49.9400,-8.20,0
49.9450,-8.20,0
49.9500,13.19,0
49.9550,13.19,0
49.9600,-8.46,0
49.9650,-8.46,0
49.9700,20.53,0
49.9750,20.53,0
49.9800,-4.05,0
49.9850,-4.05,0
49.9900,13.65,0
49.9950,13.65,0
50.0000,-5.37,0
50.0050,-5.37,0
50.0100,-5.37,0
50.0150,-5.37,0
50.0200,17.68,0
50.0250,17.68,0
50.0300,-11.47,0
50.0350,-10.73,0
50.0400,-7.43,0
50.0450,-7.43,0
50.0500,21.19,0
50.0550,21.19,0
50.0600,9.62,0
50.0650,9.62,0
50.0700,6.89,0
50.0750,6.89,0
50.0800,6.89,0
50.0850,6.89,0
50.0900,6.89,0
50.0950,6.89,0
50.1000,-8.94,0
50.1050,-8.94,0
50.1100,12.61,0
50.1150,12.61,0
50.1200,22.56,0
50.1250,-8.67,0
50.1300,-8.67,0
50.1350,7.90,0
50.1400,-10.41,0
50.1450,23.78,0
50.1500,10.30,0
50.1550,-8.00,0
50.1600,24.93,0
50.1650,-8.00,0
50.1700,20.63,0
50.1750,20.63,0
50.1800,20.63,0
50.1850,6.98,0
50.1900,-2.13,0
50.1950,6.98,0
50.2000,10.38,0
50.2050,10.38,0
50.2100,26.52,0
50.2150,26.52,0
50.2200,-12.79,0
50.2250,-2.60,0
50.2300,8.46,0
50.2350,10.38,0
50.2400,12.25,0
50.2450,12.25,0
50.2500,-11.42,0
50.2550,-5.52,0
50.2600,-5.52,0
50.2650,-5.52,0
50.2700,10.19,0
50.2750,11.21,0
50.2800,11.21,0
50.2850,-10.73,0
50.2900,-10.73,0
50.2950,19.30,0
50.3000,19.30,0
50.3050,4.86,0
50.3100,4.86,0
50.3150,13.13,0
50.3200,13.13,0
50.3250,-6.43,0
50.3300,-6.43,0
50.3350,26.13,0
50.3400,19.84,0
50.3450,-5.70,0
50.3500,-10.82,0
50.3550,14.14,0
50.3600,14.14,0
50.3650,-8.71,0
50.3700,-8.71,0
50.3750,-8.71,0
50.3800,-6.49,0
50.3850,-8.71,0
50.3900,27.91,0
50.3950,6.33,0
50.4000,-15.10,0
50.4050,-15.10,0
50.4100,21.23,0
50.4150,21.23,0
50.4200,-8.97,0
50.4250,-8.97,0
50.4300,22.08,0
50.4350,10.74,0
50.4400,10.74,0
50.4450,13.12,0
50.4500,21.54,0
50.4550,21.54,0
50.4600,20.13,0
50.4650,21.54,0
50.4700,6.46,0
50.4750,6.46,0
50.4800,-11.37,0
50.4850,-11.37,0
50.4900,-11.37,0
50.4950,-11.37,0
50.5000,22.09,0
50.5050,22.09,0
50.5100,7.32,0
50.5150,7.32,0
50.5200,-7.41,0
50.5250,-7.41,0
50.5300,-7.41,0
50.5350,22.35,0
50.5400,22.35,0
50.5450,-8.00,0
50.5500,-8.00,0
50.5550,15.87,0
50.5600,15.87,0
50.5650,15.87,0
50.5700,23.64,0
50.5750,23.64,0
50.5800,23.64,0
50.5850,23.20,0
50.5900,-7.14,0
50.5950,12.46,0
50.6000,12.46,0
50.6050,-5.56,0
50.6100,-5.56,0
50.6150,6.52,0
50.6200,6.52,0
50.6250,23.45,0
50.6300,-2.25,0
50.6350,-12.90,0
50.6400,17.53,0
50.6450,17.53,0
50.6500,2.73,0
50.6550,2.73,0
50.6600,2.73,0
50.6650,2.73,0
50.6700,21.39,0
50.6750,21.39,0
50.6800,16.45,0
50.6850,16.45,0
50.6900,5.96,0
50.6950,5.96,0
50.7000,-1.21,0
50.7050,-1.21,0
50.7100,-11.24,0
50.7150,-11.24,0
50.7200,-11.24,0
50.7250,-11.24,0
50.7300,2.52,0
50.7350,2.52,0
50.7400,-2.64,0
50.7450,-2.64,0
50.7500,-11.31,0
50.7550,-11.31,0
50.7600,14.09,0
50.7650,14.09,0
50.7700,3.49,0
50.7750,3.49,0
50.7800,3.49,0
50.7850,-5.90,0
50.7900,-5.90,0
50.7950,17.33,0
50.8000,18.83,0
50.8050,18.83,0
50.8100,18.83,0
50.8150,7.14,0
50.8200,7.14,0
50.8250,-1.91,0
50.8300,-1.91,0
50.8350,-11.72,0
50.8400,-11.72,0
50.8450,-11.72,0
50.8500,-11.72,0
50.8550,6.14,0
50.8600,6.14,0
50.8650,26.31,0
50.8700,-1.48,0
50.8750,-13.39,0
50.8800,-13.39,0
50.8850,12.71,0
50.8900,18.14,0
50.8950,18.14,0
50.9000,18.14,0
50.9050,-3.30,0
50.9100,-3.30,0
50.9150,-3.30,0
50.9200,-3.30,0
50.9250,-12.29,0
50.9300,-12.29,0
50.9350,4.96,0
50.9400,4.96,0
50.9450,4.96,0
50.9500,4.96,0
50.9550,22.87,0
50.9600,22.87,0
50.9650,-11.76,0
50.9700,-11.76,0
50.9750,3.72,0
50.9800,3.72,0
50.9850,3.72,0
50.9900,3.72,0
50.9950,3.72,0
51.0000,4.89,0
51.0050,3.72,0
51.0100,3.72,0
51.0150,-10.83,0
51.0200,-1.38,0
51.0250,-1.38,0
51.0300,21.85,0
51.0350,21.85,0
51.0400,21.85,0
51.0450,21.85,0
51.0500,11.63,0
51.0550,11.63,0
51.0600,7.35,0
51.0650,7.35,0
51.0700,-2.42,0
51.0750,-2.42,0
51.0800,20.00,0
51.0850,20.00,0
51.0900,-8.99,0
51.0950,-8.99,0
51.1000,14.35,0
51.1050,14.35,0
51.1100,14.35,0
51.1150,14.35,0
51.1200,22.19,0
51.1250,22.19,0
51.1300,22.19,0
51.1350,17.99,0
51.1400,-2.66,0
51.1450,-7.09,0
51.1500,-1.08,0
51.1550,20.96,0
51.1600,20.96,0
51.1650,20.96,0
51.1700,20.96,0
51.1750,14.43,0
51.1800,14.43,0
51.1850,-11.58,0
51.1900,-5.80,0
51.1950,20.41,0
51.2000,20.41,0
51.2050,-9.10,0
51.2100,20.41,0
51.2150,-9.10,0
51.2200,-9.10,0
51.2250,1.72,0
51.2300,1.72,0
51.2350,-2.81,0
51.2400,-2.81,0
51.2450,-12.00,0
51.2500,14.34,0
51.2550,14.34,0
51.2600,14.34,0
51.2650,14.34,0
51.2700,14.34,0
51.2750,-1.94,0
51.2800,-1.94,0
51.2850,22.43,0
51.2900,15.97,0
51.2950,15.97,0
51.3000,2.03,0
51.3050,2.03,0
51.3100,-4.92,0
51.3150,-4.92,0
51.3200,-9.10,0
51.3250,21.44,0
51.3300,-13.18,0
51.3350,-13.18,0
51.3400,6.36,0
51.3450,-2.81,0
51.3500,-6.71,0
51.3550,-6.71,0
51.3600,-6.71,0
51.3650,20.73,0
51.3700,-6.71,0
51.3750,-9.45,0
51.3800,16.57,0
51.3850,16.57,0
51.3900,-3.50,0
51.3950,-3.50,0
51.4000,22.47,0
51.4050,24.31,0
51.4100,10.65,0
51.4150,10.65,0
51.4200,3.91,0
51.4250,3.91,0
51.4300,20.53,0
51.4350,20.53,0
51.4400,-13.62,0
51.4450,20.53,0
51.4500,20.59,0
51.4550,20.53,0
51.4600,4.05,0
51.4650,2.26,0
51.4700,-3.78,0
51.4750,4.85,0
51.4800,2.26,0
51.4850,-3.78,0
51.4900,-3.78,0
51.4950,-3.78,0
51.5000,-10.54,0
51.5050,-10.54,0
51.5100,-13.80,0
51.5150,16.32,0
51.5200,7.50,0
51.5250,7.50,0
51.5300,14.29,0
51.5350,14.29,0
51.5400,12.83,0
51.5450,-12.22,0
51.5500,-12.22,0
51.5550,18.51,0
51.5600,-5.35,0
51.5650,-5.35,0
51.5700,-5.35,0
51.5750,16.49,0
51.5800,16.49,0
51.5850,-12.73,0
51.5900,-12.73,0
51.5950,-0.97,0
51.6000,-0.97,0
51.6050,4.09,0
51.6100,4.09,0
51.6150,4.09,0
51.6200,-13.05,0
51.6250,-13.05,0
51.6300,19.71,0
51.6350,19.71,0
51.6400,19.71,0
51.6450,5.78,0
51.6500,5.78,0
51.6550,15.73,0
51.6600,15.73,0
51.6650,15.73,0
51.6700,23.09,0
51.6750,23.09,0
51.6800,-0.47,0
51.6850,-0.47,0
51.6900,15.17,0
51.6950,15.17,0
51.7000,-8.00,0
51.7050,-8.00,0
51.7100,-8.00,0
51.7150,-8.00,0
51.7200,-5.10,0
51.7250,20.16,0
51.7300,20.40,0
51.7350,-5.10,0
51.7400,5.70,0
51.7450,15.17,0
51.7500,-10.79,0
51.7550,-10.79,0
51.7600,-2.89,0
51.7650,-2.89,0
51.7700,-2.89,0
51.7750,15.90,0
51.7800,15.90,0
51.7850,12.91,0
51.7900,24.00,0
51.7950,24.00,0
51.8000,-2.12,0
51.8050,-2.12,0
51.8100,-2.12,0
51.8150,16.37,0
51.8200,16.37,0
51.8250,-12.38,0
51.8300,-12.38,0
51.8350,-12.38,0
51.8400,-12.38,0
51.8450,-4.51,0
51.8500,-4.51,0
51.8550,1.81,0
51.8600,1.81,0
51.8650,-11.83,0
51.8700,-11.83,0
51.8750,21.49,0
51.8800,21.49,0
51.8850,-1.99,0
51.8900,-1.99,0
51.8950,-1.99,0
51.9000,-1.99,0
51.9050,-1.99,0
51.9100,14.03,0
51.9150,-7.33,0
51.9200,1.16,0
51.9250,1.16,0
51.9300,1.16,0
51.9350,18.64,0
51.9400,18.64,0
51.9450,-12.27,0
51.9500,-12.27,0
51.9550,-12.27,0
51.9600,-5.10,0
51.9650,1.81,0
51.9700,0.13,0
51.9750,0.13,0
51.9800,22.82,0
51.9850,17.37,0
51.9900,-10.13,0
51.9950,-10.13,0
52.0000,-10.13,0
52.0050,13.79,0
52.0100,-10.13,0
52.0150,-10.13,0
52.0200,4.63,0
52.0250,4.63,0
52.0300,22.38,0
52.0350,22.38,0
52.0400,-7.16,0
52.0450,-7.16,0
52.0500,-6.60,0
52.0550,-5.48,0
52.0600,5.28,0
52.0650,-10.13,0
52.0700,-10.18,0
52.0750,-10.18,0
52.0800,-10.18,0
52.0850,15.36,0
52.0900,-3.96,0
52.0950,4.06,0
52.1000,4.06,0
52.1050,16.35,0
52.1100,16.35,0
52.1150,19.65,0
52.1200,19.65,0
52.1250,19.65,0
52.1300,3.63,0
52.1350,3.63,0
52.1400,3.63,0
52.1450,3.63,0
52.1500,3.63,0
52.1550,-12.87,0
52.1600,-12.87,0
52.1650,-2.89,0
52.1700,18.70,0
52.1750,-2.89,0
52.1800,-2.89,0
52.1850,6.45,0
52.1900,-13.54,0
52.1950,-13.54,0
52.2000,-2.28,0
52.2050,-2.28,0
52.2100,6.11,0
52.2150,6.11,0
52.2200,6.11,0
52.2250,6.11,0
52.2300,-14.33,0
52.2350,-14.33,0
52.2400,-6.58,0
52.2450,-6.58,0
52.2500,19.93,0
52.2550,19.93,0
52.2600,13.34,0
52.2650,13.34,0
52.2700,4.70,0
52.2750,4.70,0
52.2800,4.70,0
52.2850,4.70,0
52.2900,21.90,0
52.2950,21.90,0
52.3000,-13.72,0
52.3050,-13.72,0
52.3100,7.99,0
52.3150,7.99,0
52.3200,7.99,0
52.3250,-4.32,0
52.3300,20.44,0
52.3350,7.99,0
52.3400,18.81,0
52.3450,18.81,0
52.3500,18.81,0
52.3550,18.81,0
52.3600,8.35,0
52.3650,8.35,0
52.3700,-4.32,0
52.3750,24.73,0
52.3800,24.73,0
52.3850,24.73,0
52.3900,24.73,0
52.3950,24.73,0
52.4000,24.73,0
52.4050,11.16,0
52.4100,11.16,0
52.4150,19.78,0
52.4200,19.78,0
52.4250,19.78,0
52.4300,19.78,0
52.4350,19.78,0
52.4400,19.78,0
52.4450,19.78,0
52.4500,19.78,0
52.4550,14.10,0
52.4600,-6.21,0
52.4650,-6.74,0
52.4700,-6.74,0
52.4750,9.60,0
52.4800,9.60,0
52.4850,9.99,0
52.4900,9.99,0
52.4950,20.87,0
52.5000,20.87,0
52.5050,20.87,0
52.5100,20.87,0
52.5150,13.33,0
52.5200,13.33,0
52.5250,5.63,0
52.5300,19.29,0
52.5350,19.29,0
52.5400,19.29,0
52.5450,-10.53,0
52.5500,-10.53,0
52.5550,-10.53,0
52.5600,5.96,0
52.5650,5.96,0
52.5700,5.96,0
52.5750,-8.34,0
52.5800,-9.89,0
52.5850,-9.89,0
52.5900,-9.89,0
52.5950,12.60,0
52.6000,12.60,0
52.6050,-9.89,0
52.6100,12.60,0
52.6150,-6.89,0
52.6200,-6.89,0
52.6250,21.88,0
52.6300,21.88,0
52.6350,15.81,0
52.6400,13.76,0
52.6450,9.35,0
52.6500,9.35,0
52.6550,-7.55,0
52.6600,-7.55,0
52.6650,-8.20,0
52.6700,-8.20,0
52.6750,-8.20,0
52.6800,-8.20,0
52.6850,9.28,0
52.6900,9.28,0
52.6950,-6.06,0
52.7000,-6.06,0
52.7050,-5.33,0
52.7100,-5.33,0
52.7150,-5.33,0
52.7200,-5.33,0
52.7250,-2.88,0
52.7300,-3.91,0
52.7350,-10.08,0
52.7400,19.21,0
52.7450,19.21,0
52.7500,13.90,0
52.7550,13.90,0
52.7600,9.87,0
52.7650,9.87,0
52.7700,9.87,0
52.7750,3.09,0
52.7800,9.87,0
52.7850,21.48,0
52.7900,21.48,0
52.7950,21.48,0
52.8000,21.48,0
52.8050,21.48,0
52.8100,-11.09,0
52.8150,-11.09,0
52.8200,-11.09,0
52.8250,21.91,0
52.8300,21.91,0
52.8350,-10.29,0
52.8400,9.75,0
52.8450,9.75,0
52.8500,-7.66,0
52.8550,-7.66,0
52.8600,-7.66,0
52.8650,25.71,0
52.8700,25.71,0
52.8750,-7.83,0
52.8800,12.76,0
52.8850,-7.66,0
52.8900,12.76,0
52.8950,-7.63,0
52.9000,20.55,0
52.9050,22.31,0
52.9100,-10.58,0
52.9150,-10.58,1
52.9200,13.61,0
52.9250,13.61,0
52.9300,-7.21,0
52.9350,-7.21,0
52.9400,-7.21,0
52.9450,0.81,0
52.9500,-7.21,0
52.9550,-11.20,0
52.9600,-11.20,0
52.9650,7.90,0
52.9700,7.90,0
52.9750,-6.60,0
52.9800,-6.60,0
52.9850,20.67,0
52.9900,20.67,0
52.9950,20.67,0
53.0000,20.67,0
53.0050,10.50,0
53.0100,10.50,0
53.0150,7.21,0
53.0200,7.21,0
53.0250,23.75,0
53.0300,-6.15,0
53.0350,23.75,0
53.0400,-6.15,0
53.0450,-6.15,0
53.0500,-6.15,0
53.0550,-6.15,0
53.0600,-13.59,0
53.0650,0.10,0
53.0700,1.63,0
53.0750,1.63,0
53.0800,15.21,0
53.0850,-11.00,0
53.0900,20.90,0
53.0950,20.90,0
53.1000,-2.36,0
53.1050,-2.36,0
53.1100,1.30,0
53.1150,1.30,0
53.1200,1.30,0
53.1250,1.30,0
53.1300,1.30,0
53.1350,21.27,0
53.1400,7.53,0
53.1450,-3.10,0
53.1500,-3.10,0
53.1550,17.88,0
53.1600,17.88,0
53.1650,-13.77,0
53.1700,19.82,0
53.1750,-13.77,0
53.1800,-13.77,0
53.1850,0.53,0
53.1900,0.53,0
53.1950,0.08,0
53.2000,0.08,0
53.2050,-10.34,0
53.2100,-10.34,0
53.2150,19.97,0
53.2200,19.97,0
53.2250,19.97,0
53.2300,19.97,0
53.2350,18.61,0
53.2400,1.77,0
53.2450,1.77,0
53.2500,21.29,0
53.2550,21.29,0
53.2600,21.29,0
53.2650,-2.05,0
53.2700,1.95,0
53.2750,1.95,0
53.2800,18.25,0
53.2850,18.25,0
53.2900,18.25,0
53.2950,-12.36,0
53.3000,-0.62,0
53.3050,-0.62,0
53.3100,-1.65,0
53.3150,-1.65,0
53.3200,-1.65,0
53.3250,10.43,0
53.3300,9.97,0
53.3350,-10.11,0
53.3400,-10.11,0
53.3450,-10.11,0
53.3500,-10.11,0
53.3550,-1.01,0
53.3600,-1.01,0
53.3650,16.96,0
53.3700,16.96,0
53.3750,19.89,0
53.3800,19.89,0
53.3850,-3.35,0
53.3900,-3.35,0
53.3950,-3.35,0
53.4000,21.38,0
53.4050,21.38,0
53.4100,-11.30,0
53.4150,20.68,0
53.4200,-2.77,0
53.4250,-2.77,0
53.4300,1.42,0
53.4350,1.42,0
53.4400,1.42,0
53.4450,-8.11,0
53.4500,-10.77,0
53.4550,-10.77,0
53.4600,24.58,0
53.4650,24.58,0
53.4700,-1.97,0
53.4750,-1.97,0
53.4800,17.35,0
53.4850,17.35,0
53.4900,-12.52,0
53.4950,-12.52,0
53.5000,19.12,0
53.5050,19.12,0
53.5100,-2.11,0
53.5150,-2.11,0
53.5200,19.31,0
53.5250,24.58,0
53.5300,-11.46,0
53.5350,-11.46,0
53.5400,-1.40,0
53.5450,-1.40,0
53.5500,-1.87,0
53.5550,-1.87,0
53.5600,-1.87,0
53.5650,-1.87,0
53.5700,-1.87,0
53.5750,-1.87,0
53.5800,18.43,0
53.5850,18.43,0
53.5900,-2.42,0
53.5950,-2.42,0
53.6000,13.56,0
53.6050,13.56,0
53.6100,-12.50,0
53.6150,-9.04,0
53.6200,19.16,0
53.6250,19.16,0
53.6300,-1.08,0
53.6350,-1.08,0
53.6400,18.40,0
53.6450,19.34,0
53.6500,-11.98,0
53.6550,-11.98,0
53.6600,18.57,0
53.6650,18.57,0
53.6700,0.40,0
53.6750,0.40,0
53.6800,0.81,0
53.6850,0.81,0
53.6900,0.81,0
53.6950,0.81,0
53.7000,-10.56,0
53.7050,19.27,0
53.7100,-0.58,0
53.7150,-0.58,0
53.7200,17.84,0
53.7250,17.84,0
53.7300,17.84,0
53.7350,17.84,0
53.7400,19.71,0
53.7450,19.71,0
53.7500,-0.15,0
53.7550,-0.15,0
53.7600,19.33,0
53.7650,19.33,0
53.7700,-12.50,0
53.7750,-12.50,0
53.7800,-12.50,0
53.7850,-12.50,0
53.7900,-12.50,0
53.7950,-12.50,0
53.8000,-0.40,0
53.8050,-0.40,0
53.8100,21.44,0
53.8150,-11.28,0
53.8200,22.42,0
53.8250,-11.28,0
53.8300,1.51,0
53.8350,1.51,0
53.8400,19.98,0
53.8450,19.98,0
53.8500,19.98,0
53.8550,19.98,0
53.8600,21.87,0
53.8650,21.87,0
53.8700,22.86,0
53.8750,22.86,0
53.8800,-8.08,0
53.8850,12.13,0
53.8900,6.43,0
53.8950,6.43,0
53.9000,-7.23,0
53.9050,-7.23,0
53.9100,-7.23,0
53.9150,-0.41,0
53.9200,-9.56,0
53.9250,-4.49,0
53.9300,-9.56,0
53.9350,-0.45,0
53.9400,8.85,0
53.9450,-9.50,0
53.9500,23.08,0
53.9550,23.08,0
53.9600,8.85,0
53.9650,23.08,0
53.9700,7.90,0
53.9750,7.90,0
53.9800,11.28,0
53.9850,11.28,0
53.9900,-13.27,0
53.9950,-13.27,0
54.0000,20.07,0
54.0050,17.95,0
54.0100,17.95,0
54.0150,17.95,0
54.0200,17.95,0
54.0250,17.95,0
54.0300,10.09,0
54.0350,10.09,0
54.0400,-7.03,0
54.0450,-7.03,0
54.0500,3.83,0
54.0550,3.83,0
54.0600,11.27,0
54.0650,11.27,0
54.0700,-10.53,0
54.0750,-10.53,0
54.0800,20.89,0
54.0850,20.89,0
54.0900,20.89,0
54.0950,-4.37,0
54.1000,10.92,0
54.1050,10.92,0
54.1100,-9.30,0
54.1150,-9.30,0
54.1200,-9.30,0
54.1250,-10.67,0
54.1300,-10.67,0
54.1350,-10.67,0
54.1400,-10.67,0
54.1450,-10.67,0
54.1500,-10.67,0
54.1550,-8.29,0
54.1600,13.97,0
54.1650,-7.62,0
54.1700,-7.62,0
54.1750,9.27,0
54.1800,9.27,0
54.1850,17.49,0
54.1900,9.27,0
54.1950,-7.93,0
54.2000,-7.93,0
54.2050,21.55,0
54.2100,21.55,0
54.2150,9.83,0
54.2200,9.83,0
54.2250,10.21,0
54.2300,9.27,0
54.2350,10.21,0
54.2400,10.21,0
54.2450,10.21,0
54.2500,10.21,0
54.2550,-10.07,0
54.2600,11.54,0
54.2650,11.54,0
54.2700,-10.42,0
54.2750,-10.42,0
54.2800,25.07,0
54.2850,25.07,0
54.2900,-7.93,0
54.2950,-7.93,0
54.3000,9.35,0
54.3050,9.35,0
54.3100,-10.25,0
54.3150,-10.25,0
54.3200,23.56,0
54.3250,23.56,0
54.3300,9.83,0
54.3350,10.24,0
54.3400,14.76,0
54.3450,14.76,0
54.3500,21.18,0
54.3550,14.76,0
54.3600,21.37,0
54.3650,21.37,0
54.3700,-9.82,0
54.3750,-9.82,0
54.3800,-9.82,0
54.3850,12.47,0
54.3900,1.68,0
54.3950,-15.28,0
54.4000,-15.28,0
54.4050,23.69,0
54.4100,23.69,0
54.4150,-7.91,0
54.4200,-7.91,0
54.4250,8.07,0
54.4300,-10.65,0
54.4350,-10.65,0
54.4400,23.35,0
54.4450,23.35,0
54.4500,23.35,0
54.4550,23.53,0
54.4600,7.95,0
54.4650,11.70,0
54.4700,11.70,0
54.4750,7.95,0
54.4800,11.70,0
54.4850,25.13,0
54.4900,12.47,0
54.4950,-4.97,0
54.5000,21.32,0
54.5050,12.07,0
54.5100,-8.73,0
54.5150,-8.73,0
54.5200,0.69,0
54.5250,-8.73,0
54.5300,-9.34,0
54.5350,-9.34,0
54.5400,11.11,0
54.5450,11.11,0
54.5500,-11.15,0
54.5550,-11.15,0
54.5600,20.88,0
54.5650,-17.62,0
54.5700,20.88,0
54.5750,20.88,0
54.5800,10.04,0
54.5850,10.04,0
54.5900,10.04,0
54.5950,10.04,0
54.6000,21.17,0
54.6050,-9.34,0
54.6100,-8.56,0
54.6150,-8.56,0
54.6200,6.05,0
54.6250,13.30,0
54.6300,-6.61,0
54.6350,23.18,0
54.6400,-6.61,0
54.6450,-6.61,0
54.6500,-6.61,0
54.6550,-9.58,0
54.6600,-9.58,0
54.6650,8.78,0
54.6700,8.25,0
54.6750,-7.59,0
54.6800,-7.59,0
54.6850,-11.11,0
54.6900,24.61,0
54.6950,-1.54,0
54.7000,6.05,0
54.7050,19.98,0
54.7100,19.98,0
54.7150,19.98,0
54.7200,19.98,0
54.7250,18.39,0
54.7300,18.39,0
54.7350,23.13,0
54.7400,-13.18,0
54.7450,-9.83,0
54.7500,-13.18,0
54.7550,-13.18,0
54.7600,1.10,0
54.7650,1.10,0
54.7700,1.10,0
54.7750,-3.81,0
54.7800,-3.81,0
54.7850,-14.41,0
54.7900,-14.41,0
54.7950,19.87,0
54.8000,4.24,0
54.8050,4.24,0
54.8100,4.24,0
54.8150,-1.45,0
54.8200,23.13,0
54.8250,21.57,0
54.8300,20.56,0
54.8350,20.05,0
54.8400,-0.24,0
54.8450,-0.24,0
54.8500,1.02,0
54.8550,1.02,0
54.8600,19.71,0
54.8650,19.71,0
54.8700,-14.76,0
54.8750,-14.76,0
54.8800,-14.76,0
54.8850,4.07,0
54.8900,4.07,0
54.8950,-0.66,0
54.9000,21.42,0
54.9050,21.42,0
54.9100,21.42,0
54.9150,21.21,0
54.9200,21.21,0
54.9250,21.21,0
54.9300,21.21,0
54.9350,-1.82,0
54.9400,-1.82,0
54.9450,21.03,0
54.9500,21.03,0
54.9550,22.99,0
54.9600,22.99,0
54.9650,0.87,0
54.9700,0.87,0
54.9750,0.87,0
54.9800,21.03,0
54.9850,22.45,0
54.9900,-15.48,0
54.9950,-15.48,0
55.0000,-15.48,0
55.0050,-0.30,0
55.0100,-0.30,0
55.0150,-10.05,0
55.0200,-2.57,0
55.0250,24.63,0
55.0300,-1.82,0
55.0350,-13.25,0
55.0400,-13.25,0
55.0450,-13.25,0
55.0500,-1.10,0
55.0550,-1.10,0
55.0600,23.75,0
55.0650,23.75,0
55.0700,-14.49,0
55.0750,-14.49,0
55.0800,-14.49,0
55.0850,15.59,0
55.0900,15.59,0
55.0950,-1.18,0
55.1000,20.61,0
55.1050,20.61,0
55.1100,-6.24,0
55.1150,-15.23,0
55.1200,21.87,0
55.1250,21.87,0
55.1300,21.87,0
55.1350,-1.97,0
55.1400,-1.97,0
55.1450,0.46,0
55.1500,-12.53,0
55.1550,-17.06,0
55.1600,18.35,0
55.1650,-17.84,0
55.1700,-2.81,0
55.1750,-2.81,0
55.1800,20.46,0
55.1850,20.46,0
55.1900,20.46,0
55.1950,20.46,0
55.2000,19.96,0
55.2050,15.58,0
55.2100,19.96,0
55.2150,19.96,0
55.2200,0.58,0
55.2250,0.58,0
55.2300,-14.33,0
55.2350,-14.33,0
55.2400,16.96,0
55.2450,16.96,0
55.2500,-11.94,0
55.2550,2.06,0
55.2600,-1.08,0
55.2650,-1.08,0
55.2700,-13.15,0
55.2750,-13.15,0
55.2800,20.23,0
55.2850,20.23,0
55.2900,1.18,0
55.2950,20.47,0
55.3000,18.43,0
55.3050,18.43,0
55.3100,18.43,0
55.3150,18.43,0
55.3200,18.63,0
55.3250,18.63,0
55.3300,3.04,0
55.3350,3.04,0
55.3400,3.04,0
55.3450,21.69,0
55.3500,-12.37,0
55.3550,-16.44,0
55.3600,-16.44,0
55.3650,-16.44,0
55.3700,-0.64,0
55.3750,-0.64,0
55.3800,-0.64,0
55.3850,-9.06,0
55.3900,1.19,0
55.3950,-17.76,0
55.4000,-17.76,0
55.4050,20.56,0
55.4100,20.56,0
55.4150,3.02,0
55.4200,3.02,0
55.4250,21.69,0
55.4300,-0.63,0
55.4350,19.15,0
55.4400,7.20,0
55.4450,18.00,0
55.4500,-0.53,0
55.4550,-0.53,0
55.4600,-2.26,0
55.4650,-17.76,0
55.4700,25.23,0
55.4750,-13.17,0
55.4800,-13.17,0
55.4850,-13.17,0
55.4900,2.74,0
55.4950,-13.17,0
55.5000,1.08,0
55.5050,1.08,0
55.5100,9.78,0
55.5150,9.78,0
55.5200,9.78,0
55.5250,6.48,0
55.5300,-10.59,0
55.5350,-10.59,0
55.5400,-10.59,0
55.5450,-14.20,0
55.5500,10.72,0
55.5550,10.72,0
55.5600,11.77,0
55.5650,11.77,0
55.5700,11.77,0
55.5750,11.77,0
55.5800,11.77,0
55.5850,11.77,0
55.5900,-8.37,0
55.5950,-8.37,0
55.6000,11.38,0
55.6050,11.38,0
55.6100,-9.77,0
55.6150,-9.77,0
55.6200,-8.32,0
55.6250,-8.32,0
55.6300,9.79,0
55.6350,9.79,0
55.6400,9.79,0
55.6450,9.79,0
55.6500,-10.08,0
55.6550,-10.08,0
55.6600,26.52,0
55.6650,26.52,0
55.6700,6.15,0
55.6750,6.15,0
55.6800,8.54,0
55.6850,8.54,0
55.6900,-9.77,0
55.6950,-9.77,0
55.7000,-7.12,0
55.7050,-7.12,0
55.7100,20.64,0
55.7150,-7.12,0
55.7200,9.91,0
55.7250,9.91,0
55.7300,9.91,0
55.7350,-11.14,0
55.7400,-10.88,0
55.7450,-10.88,0
55.7500,-10.88,0
55.7550,10.01,0
55.7600,9.47,0
55.7650,9.47,0
55.7700,9.47,0
55.7750,-9.95,0
55.7800,-9.95,0
55.7850,24.25,0
55.7900,24.25,0
55.7950,10.28,0
55.8000,9.47,0
55.8050,9.47,0
55.8100,9.47,0
55.8150,9.47,0
55.8200,26.65,0
55.8250,26.65,0
55.8300,26.65,0
55.8350,-11.59,0
55.8400,-11.59,0
55.8450,10.89,0
55.8500,10.89,0
55.8550,-12.61,0
55.8600,18.70,0
55.8650,28.52,0
55.8700,-8.64,0
55.8750,-8.64,0
55.8800,9.08,0
55.8850,9.08,0
55.8900,-10.58,0
55.8950,-8.64,0
55.9000,22.60,0
55.9050,22.60,0
55.9100,-7.53,0
55.9150,-7.53,0
55.9200,-7.53,0
55.9250,8.51,0
55.9300,8.51,0
55.9350,8.51,0
55.9400,8.51,0
55.9450,8.51,0
55.9500,8.51,0
55.9550,-10.22,0
55.9600,12.62,0
55.9650,15.01,0
55.9700,-8.63,0
55.9750,-8.63,0
55.9800,-8.63,0
55.9850,-8.63,0
55.9900,-12.58,0
55.9950,15.01,0
56.0000,9.37,0
56.0050,9.37,0
56.0100,-8.47,0
56.0150,-8.47,0
56.0200,-8.47,0
56.0250,-8.47,0
56.0300,-8.47,0
56.0350,-8.47,0
56.0400,9.61,0
56.0450,9.61,0
56.0500,9.53,0
56.0550,9.53,0
56.0600,28.74,0
56.0650,28.74,0
56.0700,-9.82,0
56.0750,-12.71,0
56.0800,11.46,0
56.0850,9.37,0
56.0900,-12.30,0
56.0950,-12.30,0
56.1000,-12.30,0
56.1050,11.27,0
56.1100,-7.61,0
56.1150,12.36,0
56.1200,12.66,0
56.1250,12.66,0
56.1300,-8.66,0
56.1350,-8.66,0
56.1400,21.54,0
56.1450,22.59,0
56.1500,22.59,0
56.1550,22.59,0
56.1600,28.74,0
56.1650,9.63,0
56.1700,9.01,0
56.1750,9.01,0
56.1800,24.30,0
56.1850,24.30,0
56.1900,-9.96,0
56.1950,-9.96,0
56.2000,10.03,0
56.2050,10.03,0
56.2100,22.52,0
56.2150,-10.72,0
56.2200,-10.72,0
56.2250,-10.72,0
56.2300,-10.38,0
56.2350,-10.38,0
56.2400,9.53,0
56.2450,9.53,0
56.2500,9.53,0
56.2550,-11.18,0
56.2600,-11.18,0
56.2650,-11.18,0
56.2700,-11.18,0
56.2750,-10.72,0
56.2800,9.83,0
56.2850,9.83,0
56.2900,11.58,0
56.2950,11.58,0
56.3000,21.97,0
56.3050,21.97,0
56.3100,21.44,0
56.3150,20.93,0
56.3200,20.93,0
56.3250,-17.13,0
56.3300,-17.13,0
56.3350,-17.13,0
56.3400,-2.20,0
56.3450,1.62,0
56.3500,-1.18,0
56.3550,-1.18,0
56.3600,-1.18,0
56.3650,-14.93,0
56.3700,-14.93,0
56.3750,22.66,0
56.3800,22.66,0
56.3850,22.66,0
56.3900,-0.38,0
56.3950,-0.38,0
56.4000,20.08,0
56.4050,20.08,0
56.4100,21.28,0
56.4150,-10.65,0
56.4200,1.43,0
56.4250,1.43,0
56.4300,1.43,0
56.4350,21.31,0
56.4400,21.20,0
56.4450,-10.46,0
56.4500,-19.33,0
56.4550,-19.33,0
56.4600,-0.25,0
56.4650,-0.25,0
56.4700,-0.25,0
56.4750,-0.25,0
56.4800,-0.25,0
56.4850,-3.40,0
56.4900,-3.40,0
56.4950,-4.83,0
56.5000,18.25,0
56.5050,18.25,0
56.5100,18.25,0
56.5150,1.52,0
56.5200,15.51,0
56.5250,15.51,0
56.5300,-14.33,0
56.5350,-19.34,0
56.5400,21.27,0
56.5450,21.27,0
56.5500,-0.93,0
56.5550,8.61,0
56.5600,18.87,0
56.5650,18.87,0
56.5700,-15.77,0
56.5750,-15.77,0
56.5800,18.91,0
56.5850,-19.29,0
56.5900,0.04,0
56.5950,0.04,0
56.6000,10.04,0
56.6050,0.04,0
56.6100,-12.06,0
56.6150,-12.06,0
56.6200,23.72,0
56.6250,-12.60,0
56.6300,0.44,0
56.6350,0.44,0
56.6400,21.28,0
56.6450,21.28,0
56.6500,-10.03,0
56.6550,-10.03,0
56.6600,21.24,0
56.6650,21.24,0
56.6700,21.24,0
56.6750,-5.79,0
56.6800,-5.79,0
56.6850,21.08,0
56.6900,21.08,0
56.6950,-15.05,0
56.7000,-15.05,0
56.7050,24.65,0
56.7100,24.65,0
56.7150,-2.93,0
56.7200,-2.93,0
56.7250,10.23,0
56.7300,21.28,0
56.7350,-15.62,0
56.7400,19.86,0
56.7450,8.79,0
56.7500,0.40,0
56.7550,0.40,0
56.7600,21.78,0
56.7650,21.78,0
56.7700,21.78,0
56.7750,21.78,0
56.7800,21.78,0
56.7850,24.85,0
56.7900,24.85,0
56.7950,-5.99,0
56.8000,-5.99,0
56.8050,19.31,0
56.8100,19.31,0
56.8150,-15.10,0
56.8200,-15.10,0
56.8250,-15.10,0
56.8300,-2.11,0
56.8350,-2.11,0
56.8400,19.50,0
56.8450,-2.11,0
56.8500,-14.07,0
56.8550,6.93,0
56.8600,21.30,0
56.8650,21.30,0
56.8700,-3.00,0
56.8750,-3.00,0
56.8800,-5.14,0
56.8850,17.19,0
56.8900,17.19,0
56.8950,17.19,0
56.9000,23.74,0
56.9050,23.74,0
56.9100,9.66,0
56.9150,-0.79,0
56.9200,-0.79,0
56.9250,-0.79,0
56.9300,1.73,0
56.9350,1.73,0
56.9400,-12.09,0
56.9450,-12.09,0
56.9500,-2.12,0
56.9550,-2.12,0
56.9600,-2.12,0
56.9650,3.83,0
56.9700,-0.79,0
56.9750,-11.99,0
56.9800,-11.99,0
56.9850,22.20,0
56.9900,22.20,0
56.9950,-0.21,0
57.0000,-0.21,0
57.0050,0.41,0
57.0100,0.41,0
57.0150,0.41,0
57.0200,25.31,0
57.0250,-12.58,0
57.0300,-2.63,0
57.0350,-2.63,0
57.0400,-2.63,0
57.0450,19.61,0
57.0500,19.61,0
57.0550,19.61,0
57.0600,9.53,0
57.0650,19.61,0
57.0700,19.61,0
57.0750,19.61,0
57.0800,19.61,0
57.0850,-2.10,0
57.0900,-2.10,0
57.0950,-14.34,0
57.1000,-11.94,0
57.1050,20.21,0
57.1100,20.21,0
57.1150,20.21,0
57.1200,-13.96,0
57.1250,-0.37,0
57.1300,19.07,0
57.1350,19.07,0
57.1400,19.07,0
57.1450,19.07,0
57.1500,7.34,0
57.1550,-2.10,0
57.1600,11.47,0
57.1650,-11.81,0
57.1700,-11.81,0
57.1750,-11.81,0
57.1800,8.98,0
57.1850,26.61,0
57.1900,-6.25,0
57.1950,-0.37,0
57.2000,-9.84,0
57.2050,-9.84,0
57.2100,-6.35,0
57.2150,10.95,0
57.2200,10.95,0
57.2250,10.95,0
57.2300,-9.21,0
57.2350,-9.21,0
57.2400,-3.29,0
57.2450,18.70,0
57.2500,10.78,0
57.2550,12.27,0
57.2600,12.27,0
57.2650,5.59,0
57.2700,-9.27,0
57.2750,-9.27,0
57.2800,-9.27,0
57.2850,25.02,0
57.2900,25.02,0
57.2950,25.02,0
57.3000,14.17,0
57.3050,14.17,0
57.3100,-5.60,0
57.3150,-5.60,0
57.3200,24.17,0
57.3250,24.17,0
57.3300,-12.55,0
57.3350,-12.55,0
57.3400,15.78,0
57.3450,15.78,0
57.3500,-8.32,0
57.3550,-8.32,0
57.3600,21.56,0
57.3650,21.56,0
57.3700,21.56,0
57.3750,21.56,0
57.3800,21.56,0
57.3850,21.56,0
57.3900,21.56,0
57.3950,9.95,0
57.4000,23.42,0
57.4050,23.42,0
57.4100,23.42,0
57.4150,-9.79,0
57.4200,13.48,0
57.4250,3.17,0
57.4300,-8.79,0
57.4350,-18.05,0
57.4400,-8.79,0
57.4450,-8.79,0
57.4500,-9.68,0
57.4550,-9.68,0
57.4600,-9.68,0
57.4650,-9.68,0
57.4700,8.14,0
57.4750,8.14,0
57.4800,8.14,0
57.4850,22.75,0
57.4900,22.75,0
57.4950,6.41,0
57.5000,-1.89,0
57.5050,15.79,0
57.5100,6.51,0
57.5150,-16.00,0
57.5200,24.17,0
57.5250,24.17,0
57.5300,24.17,0
57.5350,-13.58,0
57.5400,14.96,0
57.5450,14.96,0
57.5500,8.44,0
57.5550,8.44,0
57.5600,8.44,0
57.5650,-6.61,0
57.5700,-6.61,0
57.5750,-15.39,0
57.5800,-15.39,0
57.5850,14.05,0
57.5900,-0.60,0
57.5950,14.05,0
57.6000,14.05,0
57.6050,5.17,0
57.6100,5.17,0
57.6150,-10.23,0
57.6200,-6.61,0
57.6250,16.35,0
57.6300,16.35,0
57.6350,10.52,0
57.6400,10.52,0
57.6450,24.00,0
57.6500,24.00,0
57.6550,-15.42,0
57.6600,-6.02,0
57.6650,-15.42,0
57.6700,-15.42,0
57.6750,10.17,0
57.6800,10.17,0
57.6850,-6.39,0
57.6900,-10.02,0
57.6950,-10.02,0
57.7000,23.81,0
57.7050,15.93,0
57.7100,5.94,0
57.7150,-5.90,0
57.7200,-5.78,0
57.7250,-5.78,0
57.7300,21.06,0
57.7350,21.06,0
57.7400,-13.62,0
57.7450,21.06,0
57.7500,17.31,0
57.7550,17.31,0
57.7600,-5.55,0
57.7650,25.45,0
57.7700,-5.55,0
57.7750,-15.11,0
57.7800,19.07,0
57.7850,-15.11,0
57.7900,15.93,0
57.7950,7.83,0
57.8000,19.45,0
57.8050,-7.53,0
57.8100,-7.53,0
57.8150,-12.34,0
57.8200,-12.34,0
57.8250,19.43,0
57.8300,12.00,0
57.8350,12.00,0
57.8400,12.00,0
57.8450,-4.54,0
57.8500,-4.54,0
57.8550,22.71,0
57.8600,22.71,0
57.8650,-9.31,0
57.8700,-14.39,0
57.8750,-14.39,0
57.8800,-6.99,0
57.8850,17.39,0
57.8900,24.21,0
57.8950,21.38,0
57.9000,-13.27,0
57.9050,-13.27,0
57.9100,-13.27,0
57.9150,-13.27,1
57.9200,-13.27,0
57.9250,-13.27,0
57.9300,-13.27,0
57.9350,-7.06,0
57.9400,-7.06,0
57.9450,15.67,0
57.9500,15.67,0
57.9550,22.54,0
57.9600,22.54,0
57.9650,22.54,0
57.9700,22.54,0
57.9750,22.54,0
57.9800,22.54,0
57.9850,13.71,0
57.9900,13.71,0
57.9950,-12.26,0
58.0000,-12.26,0
58.0050,25.75,0
58.0100,-3.33,0
58.0150,-3.33,0
58.0200,13.79,0
58.0250,13.79,0
58.0300,13.79,0
58.0350,-16.14,0
58.0400,25.94,0
58.0450,25.94,0
58.0500,2.69,0
58.0550,2.69,0
58.0600,2.69,0
58.0650,2.69,0
58.0700,-11.26,0
58.0750,-11.26,0
58.0800,24.23,0
58.0850,24.23,0
58.0900,3.48,0
58.0950,3.48,0
58.1000,15.67,0
58.1050,15.67,0
58.1100,15.67,0
58.1150,15.67,0
58.1200,15.67,0
58.1250,15.67,0
58.1300,15.67,0
58.1350,-10.68,0
58.1400,15.67,0
58.1450,12.22,0
58.1500,12.22,0
58.1550,-13.47,0
58.1600,22.18,0
58.1650,22.18,0
58.1700,-4.99,0
58.1750,-4.99,0
58.1800,-4.99,0
58.1850,5.25,0
58.1900,11.37,0
58.1950,11.37,0
58.2000,5.25,0
58.2050,20.84,0
58.2100,20.84,0
58.2150,-5.53,0
58.2200,-5.53,0
58.2250,12.98,0
58.2300,15.96,0
58.2350,12.98,0
58.2400,12.98,0
58.2450,22.68,0
58.2500,22.68,0
58.2550,22.18,0
58.2600,-7.01,0
58.2650,0.96,0
58.2700,-13.69,0
58.2750,-13.69,0
58.2800,-13.69,0
58.2850,-13.69,0
58.2900,-7.70,0
58.2950,-7.70,0
58.3000,-7.70,0
58.3050,5.14,0
58.3100,5.14,0
58.3150,16.18,0
58.3200,16.18,0
58.3250,-7.65,0
58.3300,16.24,0
58.3350,19.04,0
58.3400,22.73,0
58.3450,6.97,0
58.3500,6.97,0
58.3550,15.48,0
58.3600,15.48,0
58.3650,15.48,0
58.3700,-10.36,0
58.3750,-10.36,0
58.3800,-8.67,0
58.3850,-8.67,0
58.3900,-8.67,0
58.3950,-5.58,0
58.4000,15.28,0
58.4050,-9.74,0
58.4100,-9.74,0
58.4150,-8.25,0
58.4200,-8.25,0
58.4250,5.19,0
58.4300,5.19,0
58.4350,16.23,0
58.4400,16.23,0
58.4450,-10.92,0
58.4500,-10.92,0
58.4550,-10.92,0
58.4600,-10.92,0
58.4650,-9.46,0
58.4700,-9.46,0
58.4750,14.12,0
58.4800,14.12,0
58.4850,-12.57,0
58.4900,-12.57,0
58.4950,22.94,0
58.5000,22.94,0
58.5050,-7.43,0
58.5100,-7.43,0
58.5150,14.34,0
58.5200,-12.52,0
58.5250,-12.52,0
58.5300,-12.52,0
58.5350,23.67,0
58.5400,23.67,0
58.5450,-15.15,0
58.5500,-5.72,0
58.5550,6.48,0
58.5600,6.48,0
58.5650,-9.90,0
58.5700,-9.90,0
58.5750,24.87,0
58.5800,24.87,0
58.5850,-7.04,0
58.5900,-7.04,0
58.5950,13.38,0
58.6000,13.38,0
58.6050,13.38,0
58.6100,-14.78,0
58.6150,23.36,0
58.6200,23.36,0
58.6250,-9.08,0
58.6300,-9.08,0
58.6350,10.99,0
58.6400,10.99,0
58.6450,10.99,0
58.6500,2.45,0
58.6550,10.99,0
58.6600,-4.68,0
58.6650,-4.68,0
58.6700,-4.68,0
58.6750,7.86,0
58.6800,7.86,0
58.6850,-11.24,0
58.6900,19.64,0
58.6950,10.99,0
58.7000,22.79,0
58.7050,24.25,0
58.7100,11.69,0
58.7150,11.69,0
58.7200,15.00,0
58.7250,15.00,0
58.7300,23.95,0
58.7350,23.95,0
58.7400,-9.10,0
58.7450,-9.10,0
58.7500,-9.10,0
58.7550,-9.10,0
58.7600,14.54,0
58.7650,14.54,0
58.7700,1.49,0
58.7750,1.49,0
58.7800,1.49,0
58.7850,-3.37,0
58.7900,-3.37,0
58.7950,-13.74,0
58.8000,-13.74,0
58.8050,22.70,0
58.8100,19.01,0
58.8150,19.01,0
58.8200,19.01,0
58.8250,19.01,0
58.8300,23.55,0
58.8350,23.55,0
58.8400,23.55,0
58.8450,-1.88,0
58.8500,22.48,0
58.8550,0.61,0
58.8600,0.61,0
58.8650,0.61,0
58.8700,20.55,0
58.8750,20.55,0
58.8800,-13.60,0
58.8850,-13.60,0
58.8900,-13.60,0
58.8950,0.26,0
58.9000,0.26,0
58.9050,0.26,0
58.9100,20.10,0
58.9150,-4.39,0
58.9200,-4.39,0
58.9250,-18.15,0
58.9300,-18.15,0
58.9350,23.54,0
58.9400,23.54,0
58.9450,-0.12,0
58.9500,-9.38,0
58.9550,20.81,0
58.9600,20.81,0
58.9650,-12.51,0
58.9700,-13.22,0
58.9750,22.68,0
58.9800,22.68,0
58.9850,-2.54,0
58.9900,-2.54,0
58.9950,20.75,0
59.0000,14.19,0
59.0050,-13.15,0
59.0100,-13.15,0
59.0150,21.77,0
59.0200,21.77,0
59.0250,-0.10,0
59.0300,-0.10,0
59.0350,-0.10,0
59.0400,-0.10,0
59.0450,-9.95,0
59.0500,-17.82,0
59.0550,20.31,0
59.0600,20.31,0
59.0650,-0.99,0
59.0700,1.59,0
59.0750,18.23,0
59.0800,18.23,0
59.0850,18.23,0
59.0900,18.23,0
59.0950,21.32,0
59.1000,-3.80,0
59.1050,-3.80,0
59.1100,-2.24,0
59.1150,-2.24,0
59.1200,-14.81,0
59.1250,-14.81,0
59.1300,-14.81,0
59.1350,-14.81,0
59.1400,-0.77,0
59.1450,25.55,0
59.1500,2.96,0
59.1550,2.96,0
59.1600,-18.60,0
59.1650,-18.60,0
59.1700,20.04,0
59.1750,22.89,0
59.1800,1.99,0
59.1850,1.99,0
59.1900,0.77,0
59.1950,0.77,0
59.2000,22.14,0
59.2050,22.14,0
59.2100,21.45,0
59.2150,21.45,0
59.2200,-3.70,0
59.2250,-3.70,0
59.2300,-2.41,0
59.2350,-2.41,0
59.2400,-12.77,0
59.2450,-12.77,0
59.2500,-12.77,0
59.2550,-12.77,0
59.2600,-12.77,0
59.2650,-3.99,0
59.2700,-8.70,0
59.2750,-1.61,0
59.2800,-1.61,0
59.2850,-11.72,0
59.2900,-11.72,0
59.2950,20.41,0
59.3000,20.41,0
59.3050,20.41,0
59.3100,20.41,0
59.3150,0.75,0
59.3200,0.75,0
59.3250,18.97,0
59.3300,20.32,0
59.3350,20.32,0
59.3400,-4.31,0
59.3450,-4.31,0
59.3500,8.81,0
59.3550,-4.31,0
59.3600,-4.31,0
59.3650,-4.31,0
59.3700,-4.31,0
59.3750,-12.68,0
59.3800,-12.68,0
59.3850,-2.13,0
59.3900,-2.13,0
59.3950,2.27,0
59.4000,2.27,0
59.4050,-14.66,0
59.4100,-14.66,0
59.4150,22.02,0
59.4200,22.02,0
59.4250,22.02,0
59.4300,2.39,0
59.4350,2.39,0
59.4400,20.32,0
59.4450,2.39,0
59.4500,-11.38,0
59.4550,-11.38,0
59.4600,-1.17,0
59.4650,26.97,0
59.4700,-1.17,0
59.4750,-1.17,0
59.4800,18.19,0
59.4850,18.19,0
59.4900,-15.19,0
59.4950,-15.19,0
59.5000,-11.36,0
59.5050,-1.18,0
59.5100,-1.28,0
59.5150,-1.28,0
59.5200,-1.28,0
59.5250,-1.28,0
59.5300,19.86,0
59.5350,-12.54,0
59.5400,20.09,0
59.5450,12.80,0
59.5500,20.09,0
59.5550,-2.19,0
59.5600,-2.19,0
59.5650,17.75,0
59.5700,17.75,0
59.5750,17.75,0
59.5800,22.66,0
59.5850,22.66,0
59.5900,22.79,0
59.5950,22.79,0
59.6000,-9.75,0
59.6050,9.00,0
59.6100,9.00,0
59.6150,9.00,0
59.6200,-10.33,0
59.6250,-10.33,0
59.6300,-10.33,0
59.6350,-1.28,0
59.6400,-8.33,0
59.6450,14.56,0
59.6500,14.56,0
59.6550,-6.57,0
59.6600,-6.57,0
59.6650,19.72,0
59.6700,19.72,0
59.6750,19.72,0
59.6800,19.72,0
59.6850,13.25,0
59.6900,13.25,0
59.6950,4.57,0
59.7000,4.57,0
59.7050,25.19,0
59.7100,25.19,0
59.7150,-14.38,0
59.7200,-14.38,0
59.7250,13.84,0
59.7300,13.84,0
59.7350,4.69,0
59.7400,4.69,0
59.7450,-5.65,0
59.7500,-5.65,0
59.7550,-9.18,0
59.7600,-9.18,0
59.7650,13.01,0
59.7700,13.01,0
59.7750,7.32,0
59.7800,7.32,0
59.7850,-8.85,0
59.7900,23.71,0
59.7950,23.71,0
59.8000,-1.29,0
59.8050,23.71,0
59.8100,23.71,0
59.8150,10.56,0
59.8200,10.56,0
59.8250,0.22,0
59.8300,22.44,0
59.8350,-8.98,0
59.8400,-8.98,0
59.8450,17.03,0
59.8500,17.03,0
59.8550,9.87,0
59.8600,9.87,0
59.8650,-7.13,0
59.8700,-7.13,0
59.8750,-13.01,0
59.8800,-13.01,0
59.8850,-13.01,0
59.8900,-13.01,0
59.8950,12.59,0
59.9000,12.59,0
59.9050,16.41,0
59.9100,16.41,0
59.9150,5.56,0
59.9200,16.41,0
59.9250,16.41,0
59.9300,17.97,0
59.9350,17.97,0
59.9400,3.45,0
59.9450,0.31,0
59.9500,21.15,0
59.9550,21.15,0
59.9600,-10.35,0
59.9650,-13.01,0
59.9700,-10.35,0
59.9750,-10.35,0
59.9800,-10.35,0
59.9850,-4.58,0
59.9900,-4.58,0
59.9950,-4.58,0
60.0000,-4.58,0
60.0050,-14.19,0
60.0100,-14.19,0
60.0150,3.07,0
60.0200,3.07,0
60.0250,-14.19,0
60.0300,-7.21,0
60.0350,22.16,0
60.0400,22.16,0
60.0450,15.94,0
60.0500,15.94,0
60.0550,4.89,0
60.0600,4.89,0
60.0650,4.89,0
60.0700,22.20,0
60.0750,21.09,0
60.0800,-15.35,0
60.0850,-15.35,0
60.0900,-15.35,0
60.0950,9.03,0
60.1000,15.94,0
60.1050,9.03,0
60.1100,-7.95,0
60.1150,-13.10,0
60.1200,-13.10,0
60.1250,18.36,0
60.1300,18.36,0
60.1350,18.36,0
60.1400,18.36,0
60.1450,-6.02,0
60.1500,-11.89,0
60.1550,24.38,0
60.1600,24.38,0
60.1650,2.73,0
60.1700,17.54,0
60.1750,-14.21,0
60.1800,3.76,0
60.1850,-3.10,0
60.1900,-3.10,0
60.1950,33.51,0
60.2000,23.88,0
60.2050,-10.85,0
60.2100,-10.85,0
60.2150,2.29,0
60.2200,6.28,0
60.2250,-3.34,0
60.2300,-3.34,0
60.2350,-3.34,0
60.2400,-3.34,0
60.2450,-12.65,0
60.2500,-12.65,0
60.2550,-3.34,0
60.2600,-12.65,0
60.2650,3.42,0
60.2700,23.73,0
60.2750,5.12,0
60.2800,-14.98,0
60.2850,-14.98,0
60.2900,-14.98,0
60.2950,21.04,0
60.3000,21.04,0
60.3050,5.87,0
60.3100,5.87,0
60.3150,18.86,0
60.3200,18.86,0
60.3250,-20.10,0
60.3300,-20.10,0
60.3350,17.69,0
60.3400,-20.10,0
60.3450,-20.10,0
60.3500,-20.10,0
60.3550,-2.88,0
60.3600,-2.88,0
60.3650,-13.88,0
60.3700,-13.88,0
60.3750,15.53,0
60.3800,-11.58,0
60.3850,-3.42,0
60.3900,21.12,0
60.3950,17.91,0
60.4000,-6.72,0
60.4050,5.72,0
60.4100,15.94,0
60.4150,15.94,0
60.4200,15.94,0
60.4250,-11.30,0
60.4300,-11.30,0
60.4350,18.44,0
60.4400,-10.35,0
60.4450,-10.35,0
60.4500,-10.35,0
60.4550,-3.68,0
60.4600,-10.35,0
60.4650,-8.47,0
60.4700,-6.24,0
60.4750,-6.24,0
60.4800,-6.24,0
60.4850,8.52,0
60.4900,8.52,0
60.4950,15.94,0
60.5000,28.90,0
60.5050,14.64,0
60.5100,14.64,0
60.5150,21.24,0
60.5200,6.95,0
60.5250,6.95,0
60.5300,11.27,0
60.5350,11.27,0
60.5400,11.27,0
60.5450,11.27,0
60.5500,11.27,0
60.5550,11.27,0
60.5600,-9.78,0
60.5650,-9.78,0
60.5700,9.43,0
60.5750,9.43,0
60.5800,-7.77,0
60.5850,-7.77,0
60.5900,-11.51,0
60.5950,25.62,0
60.6000,-10.22,0
60.6050,10.61,0
60.6100,3.04,0
60.6150,10.61,0
60.6200,10.61,0
60.6250,-10.78,0
60.6300,-10.78,0
60.6350,-10.78,0
60.6400,-10.78,0
60.6450,-4.85,0
60.6500,-10.78,0
60.6550,11.65,0
60.6600,11.65,0
60.6650,24.86,0
60.6700,24.86,0
60.6750,24.86,0
60.6800,-8.41,0
60.6850,-8.41,0
60.6900,11.09,0
60.6950,11.09,0
60.7000,14.10,0
60.7050,11.09,0
60.7100,11.09,0
60.7150,11.09,0
60.7200,-7.50,0
60.7250,-7.50,0
60.7300,10.82,0
60.7350,10.82,0
60.7400,-12.28,0
60.7450,-12.28,0
60.7500,-13.11,0
60.7550,22.59,0
60.7600,22.59,0
60.7650,1.70,0
60.7700,9.05,0
60.7750,13.48,0
60.7800,13.48,0
60.7850,13.48,0
60.7900,13.48,0
60.7950,1.35,0
60.8000,-9.61,0
60.8050,-9.61,0
60.8100,-7.76,0
60.8150,7.45,0
60.8200,11.05,0
60.8250,-10.36,0
60.8300,-10.36,0
60.8350,-10.36,0
60.8400,-10.84,0
60.8450,-10.84,0
60.8500,8.07,0
60.8550,8.07,0
60.8600,8.32,0
60.8650,8.32,0
60.8700,-10.87,0
60.8750,-10.87,0
60.8800,-10.87,0
60.8850,-10.87,0
60.8900,9.20,0
60.8950,9.20,0
60.9000,9.20,0
60.9050,9.20,0
60.9100,11.37,0
60.9150,-10.36,0
60.9200,-5.79,0
60.9250,-5.79,0
60.9300,24.43,0
60.9350,-5.79,0
60.9400,11.25,0
60.9450,11.25,0
60.9500,11.25,0
60.9550,11.25,0
60.9600,-8.64,0
60.9650,-8.64,0
60.9700,14.07,0
60.9750,14.07,0
60.9800,14.07,0
60.9850,14.07,0
60.9900,14.07,0
60.9950,14.07,0
61.0000,22.37,0
61.0050,22.37,0
61.0100,10.61,0
61.0150,6.47,0
61.0200,6.47,0
61.0250,6.47,0
61.0300,6.47,0
61.0350,25.51,0
61.0400,25.51,0
61.0450,-11.60,0
61.0500,-11.60,0
61.0550,8.48,0
61.0600,8.48,0
61.0650,-9.97,0
61.0700,-9.97,0
61.0750,-9.97,0
61.0800,22.63,0
61.0850,-1.65,0
61.0900,8.31,0
61.0950,8.31,0
61.1000,-9.97,0
61.1050,8.31,0
61.1100,-9.02,0
61.1150,-9.02,0
61.1200,-2.27,0
61.1250,22.36,0
61.1300,9.03,0
61.1350,10.41,0
61.1400,10.41,0
61.1450,10.41,0
61.1500,10.41,0
61.1550,10.41,0
61.1600,-9.45,0
61.1650,-9.45,0
61.1700,-7.50,0
61.1750,-7.50,0
61.1800,8.97,0
61.1850,-7.57,0
61.1900,-7.57,0
61.1950,-7.57,0
61.2000,-7.57,0
61.2050,3.10,0
61.2100,-9.44,0
61.2150,-13.30,0
61.2200,-13.30,0
61.2250,20.06,0
61.2300,20.06,0
61.2350,19.31,0
61.2400,20.06,0
61.2450,20.06,0
61.2500,20.06,0
61.2550,-15.84,0
61.2600,17.87,0
61.2650,19.20,0
61.2700,19.20,0
61.2750,19.20,0
61.2800,19.20,0
61.2850,19.20,0
61.2900,3.72,0
61.2950,3.72,0
61.3000,-9.52,0
61.3050,-9.52,0
61.3100,-9.52,0
61.3150,-2.02,0
61.3200,-2.02,0
61.3250,-2.02,0
61.3300,-2.02,0
61.3350,-2.02,0
61.3400,19.20,0
61.3450,-15.34,0
61.3500,-15.34,0
61.3550,-15.34,0
61.3600,-15.34,0
61.3650,2.17,0
61.3700,2.17,0
61.3750,15.50,0
61.3800,15.50,0
61.3850,-9.65,0
61.3900,19.88,0
61.3950,17.76,0
61.4000,-7.50,0
61.4050,-1.24,0
61.4100,-1.24,0
61.4150,18.32,0
61.4200,18.32,0
61.4250,-15.30,0
61.4300,-15.30,0
61.4350,-15.30,0
61.4400,-15.30,0
61.4450,-15.30,0
61.4500,23.35,0
61.4550,-5.04,0
61.4600,13.15,0
61.4650,-26.44,0
61.4700,-7.50,0
61.4750,23.84,0
61.4800,23.84,0
61.4850,2.50,0
61.4900,2.50,0
61.4950,18.50,0
61.5000,18.50,0
61.5050,-10.39,0
61.5100,-10.39,0
61.5150,-5.94,0
61.5200,-5.94,0
61.5250,-5.94,0
61.5300,-5.94,0
61.5350,-5.94,0
61.5400,11.74,0
61.5450,18.03,0
61.5500,-16.31,0
61.5550,-16.31,0
61.5600,-4.26,0
61.5650,1.54,0
61.5700,1.54,0
61.5750,1.54,0
61.5800,1.54,0
61.5850,1.54,0
61.5900,-10.68,0
61.5950,17.88,0
61.6000,17.88,0
61.6050,17.88,0
61.6100,2.24,0
61.6150,18.65,0
61.6200,18.65,0
61.6250,18.65,0
61.6300,18.65,0
61.6350,22.42,0
61.6400,22.42,0
61.6450,17.28,0
61.6500,-4.53,0
61.6550,15.67,0
61.6600,17.88,0
61.6650,-15.49,0
61.6700,-15.49,0
61.6750,-15.49,0
61.6800,-15.49,0
61.6850,-3.71,0
61.6900,-3.71,0
61.6950,-15.03,0
61.7000,4.29,0
61.7050,4.29,0
61.7100,-12.34,0
61.7150,-12.34,0
61.7200,4.29,0
61.7250,23.31,0
61.7300,-5.04,0
61.7350,-5.04,0
61.7400,2.64,0
61.7450,18.08,0
61.7500,18.08,0
61.7550,18.08,0
61.7600,25.98,0
61.7650,25.98,0
61.7700,-8.04,0
61.7750,-8.04,0
61.7800,-8.04,0
61.7850,-8.04,0
61.7900,25.11,0
61.7950,-10.97,0
61.8000,-10.97,0
61.8050,-10.97,0
61.8100,-10.97,0
61.8150,-10.97,0
61.8200,3.00,0
61.8250,3.00,0
61.8300,-14.57,0
61.8350,19.93,0
61.8400,19.93,0
61.8450,19.93,0
61.8500,19.93,0
61.8550,19.93,0
61.8600,5.93,0
61.8650,5.93,0
61.8700,17.06,0
61.8750,14.44,0
61.8800,23.45,0
61.8850,23.45,0
61.8900,14.89,0
61.8950,3.00,0
61.9000,7.17,0
61.9050,7.17,0
61.9100,7.17,0
61.9150,7.17,0
61.9200,-12.90,0
61.9250,-12.90,0
61.9300,-12.90,0
61.9350,-12.90,0
61.9400,-3.67,0
61.9450,-3.67,0
61.9500,15.06,0
61.9550,15.06,0
61.9600,22.10,0
61.9650,22.10,0
61.9700,-7.42,0
61.9750,22.10,0
61.9800,5.86,0
61.9850,5.86,0
61.9900,16.84,0
61.9950,16.84,0
62.0000,19.82,0
62.0050,19.82,0
62.0100,-7.67,0
62.0150,5.58,0
62.0200,-7.67,0
62.0250,-7.67,0
62.0300,13.60,0
62.0350,4.64,0
62.0400,2.64,0
62.0450,2.64,0
62.0500,-3.85,0
62.0550,-14.47,0
62.0600,-14.47,0
62.0650,-4.74,0
62.0700,13.03,0
62.0750,13.03,0
62.0800,13.03,0
62.0850,13.03,0
62.0900,-4.89,0
62.0950,-4.00,0
62.1000,22.11,0
62.1050,22.11,0
62.1100,17.49,0
62.1150,18.40,0
62.1200,7.86,0
62.1250,7.86,0
62.1300,7.86,0
62.1350,7.86,0
62.1400,7.86,0
62.1450,7.86,0
62.1500,-13.51,0
62.1550,-13.51,0
62.1600,4.55,0
62.1650,-3.51,0
62.1700,-3.51,0
62.1750,-3.51,0
62.1800,-3.51,0
62.1850,-14.39,0
62.1900,-14.39,0
62.1950,16.61,0
62.2000,16.61,0
62.2050,-1.36,0
62.2100,-1.36,0
62.2150,18.70,0
62.2200,18.70,0
62.2250,18.70,0
62.2300,18.70,0
62.2350,18.70,0
62.2400,18.70,0
62.2450,17.48,0
62.2500,6.92,0
62.2550,6.92,0
62.2600,6.92,0
62.2650,22.21,0
62.2700,22.21,0
62.2750,16.60,0
62.2800,16.60,0
62.2850,-3.50,0
62.2900,12.81,0
62.2950,-3.50,0
62.3000,-3.50,0
62.3050,-13.01,0
62.3100,-13.01,0
62.3150,19.05,0
62.3200,-13.75,0
62.3250,-3.74,0
62.3300,-3.74,0
62.3350,-3.74,0
62.3400,-3.74,0
62.3450,-3.74,0
62.3500,-3.74,0
62.3550,-3.74,0
62.3600,18.51,0
62.3650,18.66,0
62.3700,-0.85,0
62.3750,-0.85,0
62.3800,-15.37,0
62.3850,25.43,0
62.3900,-13.62,0
62.3950,-13.62,0
62.4000,18.17,0
62.4050,18.17,0
62.4100,-4.77,0
62.4150,17.20,0
62.4200,-4.77,0
62.4250,-4.77,0
62.4300,-13.82,0
62.4350,-13.82,0
62.4400,20.74,0
62.4450,20.74,0
62.4500,0.22,0
62.4550,0.22,0
62.4600,20.08,0
62.4650,20.08,0
62.4700,20.08,0
62.4750,20.08,0
62.4800,18.90,0
62.4850,18.90,0
62.4900,0.76,0
62.4950,0.76,0
62.5000,22.26,0
62.5050,22.26,0
62.5100,22.26,0
62.5150,22.26,0
62.5200,22.36,0
62.5250,8.82,0
62.5300,-0.04,0
62.5350,-0.04,0
62.5400,0.45,0
62.5450,0.45,0
62.5500,-12.55,0
62.5550,24.93,0
62.5600,-12.55,0
62.5650,-12.55,0
62.5700,-10.83,0
62.5750,1.63,0
62.5800,1.63,0
62.5850,1.63,0
62.5900,1.63,0
62.5950,1.63,0
62.6000,-15.00,0
62.6050,0.22,0
62.6100,-14.10,0
62.6150,0.22,0
62.6200,0.22,0
62.6250,23.44,0
62.6300,23.44,0
62.6350,23.44,0
62.6400,-18.64,0
62.6450,-18.64,0
62.6500,2.03,0
62.6550,2.03,0
62.6600,3.23,0
62.6650,3.23,0
62.6700,20.39,0
62.6750,-5.89,0
62.6800,-18.20,0
62.6850,-18.20,0
62.6900,8.26,0
62.6950,-18.20,0
62.7000,-2.23,0
62.7050,-2.23,0
62.7100,-2.23,0
62.7150,-2.23,0
62.7200,11.32,0
62.7250,-12.85,0
62.7300,-2.20,0
62.7350,-2.20,0
62.7400,-2.20,0
62.7450,-2.20,0
62.7500,12.01,0
62.7550,-15.48,0
62.7600,-15.48,0
62.7650,21.86,0
62.7700,21.86,0
62.7750,-1.64,0
62.7800,-1.64,0
62.7850,-1.64,0
62.7900,-1.64,0
62.7950,-14.40,0
62.8000,-14.40,0
62.8050,19.20,0
62.8100,19.20,0
62.8150,-4.34,0
62.8200,-4.34,0
62.8250,-4.34,0
62.8300,-4.34,0
62.8350,0.02,0
62.8400,-4.34,0
62.8450,-4.34,0
62.8500,22.41,0
62.8550,22.41,0
62.8600,24.25,0
62.8650,19.20,0
62.8700,-13.70,0
62.8750,27.86,0
62.8800,7.97,0
62.8850,23.38,0
62.8900,7.97,0
62.8950,7.97,0
62.9000,10.71,0
62.9050,-10.68,0
62.9100,-10.68,0
62.9150,-10.68,1
62.9200,18.71,0
62.9250,10.20,0
62.9300,10.20,0
62.9350,23.63,0
62.9400,23.63,0
62.9450,23.63,0
62.9500,8.07,0
62.9550,24.34,0
62.9600,13.04,0
62.9650,13.04,0
62.9700,13.04,0
62.9750,13.04,0
62.9800,-10.44,0
62.9850,-8.93,0
62.9900,-8.93,0
62.9950,-8.93,0
63.0000,-8.93,0
63.0050,8.49,0
63.0100,8.49,0
63.0150,-11.15,0
63.0200,-11.15,0
63.0250,-8.51,0
63.0300,8.07,0
63.0350,7.89,0
63.0400,-8.51,0
63.0450,-8.51,0
63.0500,12.99,0
63.0550,-8.90,0
63.0600,-8.90,0
63.0650,-8.90,0
63.0700,-21.01,0
63.0750,-8.93,0
63.0800,12.99,0
63.0850,7.29,0
63.0900,7.29,0
63.0950,7.29,0
63.1000,-5.49,0
63.1050,-5.49,0
63.1100,-12.86,0
63.1150,-12.86,0
63.1200,-12.86,0
63.1250,-12.86,0
63.1300,10.56,0
63.1350,10.56,0
63.1400,-8.69,0
63.1450,-8.69,0
63.1500,-11.34,0
63.1550,-7.08,0
63.1600,-7.08,0
63.1650,-7.08,0
63.1700,-7.08,0
63.1750,-7.08,0
63.1800,-4.78,0
63.1850,-4.78,0
63.1900,23.15,0
63.1950,14.44,0
63.2000,14.44,0
63.2050,14.44,0
63.2100,-13.65,0
63.2150,6.29,0
63.2200,6.29,0
63.2250,24.02,0
63.2300,-6.16,0
63.2350,24.02,0
63.2400,-7.93,0
63.2450,-2.62,0
63.2500,12.79,0
63.2550,12.79,0
63.2600,6.29,0
63.2650,7.68,0
63.2700,-7.08,0
63.2750,-7.97,0
63.2800,-12.62,0
63.2850,-12.62,0
63.2900,11.52,0
63.2950,-6.66,0
63.3000,-6.66,0
63.3050,20.26,0
63.3100,20.26,0
63.3150,-6.66,0
63.3200,20.26,0
63.3250,16.89,0
63.3300,16.89,0
63.3350,5.37,0
63.3400,5.37,0
63.3450,25.55,0
63.3500,25.55,0
63.3550,-11.10,0
63.3600,-11.10,0
63.3650,15.54,0
63.3700,15.54,0
63.3750,10.89,0
63.3800,10.89,0
63.3850,-10.18,0
63.3900,-10.18,0
63.3950,-11.74,0
63.4000,-11.74,0
63.4050,15.18,0
63.4100,15.18,0
63.4150,7.30,0
63.4200,7.30,0
63.4250,-6.92,0
63.4300,-6.92,0
63.4350,4.11,0
63.4400,23.53,0
63.4450,15.75,0
63.4500,15.75,0
63.4550,16.38,0
63.4600,5.30,0
63.4650,5.30,0
63.4700,5.30,0
63.4750,21.06,0
63.4800,-16.31,0
63.4850,-16.31,0
63.4900,16.96,0
63.4950,-16.31,0
63.5000,-16.31,0
63.5050,5.00,0
63.5100,23.98,0
63.5150,23.98,0
63.5200,-13.11,0
63.5250,-13.11,0
63.5300,15.73,0
63.5350,15.73,0
63.5400,-5.90,0
63.5450,-5.90,0
63.5500,5.30,0
63.5550,20.87,0
63.5600,20.87,0
63.5650,-11.01,0
63.5700,15.25,0
63.5750,7.02,0
63.5800,15.25,0
63.5850,3.94,0
63.5900,3.94,0
63.5950,25.30,0
63.6000,5.19,0
63.6050,-14.51,0
63.6100,-14.51,0
63.6150,-14.51,0
63.6200,-14.51,0
63.6250,-14.51,0
63.6300,-6.98,0
63.6350,-13.11,0
63.6400,-10.59,0
63.6450,21.12,0
63.6500,-10.59,0
63.6550,13.83,0
63.6600,7.79,0
63.6650,7.79,0
63.6700,-3.01,0
63.6750,-3.01,0
63.6800,6.48,0
63.6850,6.48,0
63.6900,14.67,0
63.6950,14.15,0
63.7000,25.81,0
63.7050,25.81,0
63.7100,-4.79,0
63.7150,-4.84,0
63.7200,-6.98,0
63.7250,3.16,0
63.7300,16.05,0
63.7350,16.05,0
63.7400,-9.19,0
63.7450,-9.19,0
63.7500,-3.77,0
63.7550,-3.77,0
63.7600,4.35,0
63.7650,6.48,0
63.7700,-11.61,0
63.7750,-11.61,0
63.7800,-11.61,0
63.7850,-11.61,0
63.7900,14.15,0
63.7950,26.19,0
63.8000,26.19,0
63.8050,5.36,0
63.8100,7.08,0
63.8150,14.15,0
63.8200,14.15,0
63.8250,25.25,0
63.8300,25.25,0
63.8350,-10.59,0
63.8400,-10.59,0
63.8450,-7.62,0
63.8500,-4.85,0
63.8550,13.31,0
63.8600,13.28,0
63.8650,-15.26,0
63.8700,-15.26,0
63.8750,-9.49,0
63.8800,-7.88,0
63.8850,-7.88,0
63.8900,16.48,0
63.8950,16.48,0
63.9000,21.15,0
63.9050,20.82,0
63.9100,21.15,0
63.9150,21.15,0
63.9200,21.15,0
63.9250,-5.13,0
63.9300,6.70,0
63.9350,12.50,0
63.9400,12.50,0
63.9450,34.68,0
63.9500,12.50,0
63.9550,-11.44,0
63.9600,-11.44,0
63.9650,-6.74,0
63.9700,-6.74,0
63.9750,9.48,0
63.9800,-11.76,0
63.9850,-11.76,0
63.9900,-11.76,0
63.9950,-7.36,0
64.0000,3.31,0
64.0050,8.42,0
64.0100,8.42,0
64.0150,6.94,0
64.0200,8.42,0
64.0250,9.48,0
64.0300,-9.29,0
64.0350,-9.29,0
64.0400,-9.29,0
64.0450,-8.45,0
64.0500,-8.45,0
64.0550,14.46,0
64.0600,14.46,0
64.0650,14.46,0
64.0700,14.46,0
64.0750,14.46,0
64.0800,14.46,0
64.0850,22.45,0
64.0900,-6.51,0
64.0950,14.95,0
64.1000,-12.95,0
64.1050,-12.95,0
64.1100,-12.95,0
64.1150,9.67,0
64.1200,7.06,0
64.1250,-12.95,0
64.1300,-12.95,0
64.1350,6.67,0
64.1400,6.67,0
64.1450,-9.37,0
64.1500,-9.37,0
64.1550,-13.05,0
64.1600,20.76,0
64.1650,8.46,0
64.1700,13.06,0
64.1750,13.06,0
64.1800,-13.46,0
64.1850,13.06,0
64.1900,13.06,0
64.1950,6.67,0
64.2000,-2.10,0
64.2050,22.09,0
64.2100,22.09,0
64.2150,8.85,0
64.2200,8.85,0
64.2250,-10.79,0
64.2300,14.19,0
64.2350,-10.70,0
64.2400,22.46,0
64.2450,-7.55,0
64.2500,-7.55,0
64.2550,10.36,0
64.2600,10.36,0
64.2650,-8.63,0
64.2700,-8.63,0
64.2750,23.10,0
64.2800,23.10,0
64.2850,5.35,0
64.2900,-8.76,0
64.2950,9.96,0
64.3000,9.96,0
64.3050,13.31,0
64.3100,13.31,0
64.3150,26.21,0
64.3200,-11.78,0
64.3250,-11.78,0
64.3300,-11.78,0
64.3350,-11.78,0
64.3400,12.33,0
64.3450,12.33,0
64.3500,-10.85,0
64.3550,-10.85,0
64.3600,-8.33,0
64.3650,0.68,0
64.3700,10.40,0
64.3750,10.40,0
64.3800,14.41,0
64.3850,14.41,0
64.3900,-11.70,0
64.3950,-11.70,0
64.4000,-11.70,0
64.4050,-11.70,0
64.4100,7.25,0
64.4150,9.34,0
64.4200,9.34,0
64.4250,14.41,0
64.4300,11.99,0
64.4350,22.56,0
64.4400,7.60,0
64.4450,-11.83,0
64.4500,-11.83,0
64.4550,-11.83,0
64.4600,10.88,0
64.4650,10.88,0
64.4700,10.88,0
64.4750,-10.61,0
64.4800,-2.93,0
64.4850,-10.61,0
64.4900,-10.61,0
64.4950,22.26,0
64.5000,-12.36,0
64.5050,22.81,0
64.5100,22.81,0
64.5150,22.81,0
64.5200,22.81,0
64.5250,-0.40,0
64.5300,-0.40,0
64.5350,16.41,0
64.5400,16.41,0
64.5450,16.03,0
64.5500,16.03,0
64.5550,1.03,0
64.5600,1.03,0
64.5650,1.03,0
64.5700,1.03,0
64.5750,19.89,0
64.5800,-11.55,0
64.5850,-11.55,0
64.5900,-1.85,0
64.5950,-1.85,0
64.6000,-1.85,0
64.6050,-1.85,0
64.6100,-1.85,0
64.6150,-1.85,0
64.6200,-10.68,0
64.6250,22.14,0
64.6300,22.80,0
64.6350,22.34,0
64.6400,22.34,0
64.6450,0.31,0
64.6500,14.27,0
64.6550,14.27,0
64.6600,14.27,0
64.6650,10.32,0
64.6700,-13.89,0
64.6750,1.08,0
64.6800,1.08,0
64.6850,1.08,0
64.6900,1.08,0
64.6950,1.08,0
64.7000,1.08,0
64.7050,-12.31,0
64.7100,10.93,0
64.7150,-1.39,0
64.7200,-1.39,0
64.7250,-1.39,0
64.7300,-1.39,0
64.7350,-1.39,0
64.7400,-1.39,0
64.7450,-14.23,0
64.7500,23.46,0
64.7550,23.46,0
64.7600,23.46,0
64.7650,1.62,0
64.7700,1.62,0
64.7750,18.43,0
64.7800,-1.39,0
64.7850,18.43,0
64.7900,18.43,0
64.7950,19.47,0
64.8000,-0.16,0
64.8050,-0.16,0
64.8100,19.28,0
64.8150,19.28,0
64.8200,11.59,0
64.8250,-16.10,0
64.8300,23.71,0
64.8350,23.71,0
64.8400,23.71,0
64.8450,-1.40,0
64.8500,-8.95,0
64.8550,-1.40,0
64.8600,-1.40,0
64.8650,-10.58,0
64.8700,-10.58,0
64.8750,21.68,0
64.8800,21.68,0
64.8850,0.46,0
64.8900,0.46,0
64.8950,20.76,0
64.9000,20.76,0
64.9050,20.76,0
64.9100,20.76,0
64.9150,21.83,0
64.9200,21.83,0
64.9250,-2.73,0
64.9300,-2.73,0
64.9350,10.39,0
64.9400,-2.73,0
64.9450,0.67,0
64.9500,-14.31,0
64.9550,-14.31,0
64.9600,-2.63,0
64.9650,-2.63,0
64.9700,-2.63,0
64.9750,-2.63,0
64.9800,19.50,0
64.9850,19.50,0
64.9900,-1.33,0
64.9950,25.06,0
65.0000,25.06,0
65.0050,25.06,0
65.0100,4.82,0
65.0150,4.82,0
65.0200,-2.63,0
65.0250,19.06,0
65.0300,24.98,0
65.0350,24.98,0
65.0400,-7.58,0
65.0450,-7.58,0
65.0500,1.26,0
65.0550,1.26,0
65.0600,15.02,0
65.0650,15.02,0
65.0700,-14.81,0
65.0750,-14.81,0
65.0800,0.15,0
65.0850,-7.82,0
65.0900,1.88,0
65.0950,1.88,0
65.1000,-10.34,0
65.1050,-10.34,0
65.1100,-10.34,0
65.1150,25.61,0
65.1200,25.61,0
65.1250,25.61,0
65.1300,25.61,0
65.1350,3.89,0
65.1400,17.29,0
65.1450,17.29,0
65.1500,23.79,0
65.1550,23.79,0
65.1600,-4.66,0
65.1650,-4.66,0
65.1700,4.06,0
65.1750,4.06,0
65.1800,4.06,0
65.1850,15.36,0
65.1900,15.36,0
65.1950,-12.65,0
65.2000,-5.62,0
65.2050,-5.62,0
65.2100,-0.49,0
65.2150,-0.49,0
65.2200,-0.49,0
65.2250,-11.88,0
65.2300,-11.88,0
65.2350,21.19,0
65.2400,21.19,0
65.2450,21.19,0
65.2500,21.19,0
65.2550,3.43,0
65.2600,3.43,0
65.2650,17.54,0
65.2700,17.54,0
65.2750,24.51,0
65.2800,-3.02,0
65.2850,-3.02,0
65.2900,3.18,0
65.2950,3.18,0
65.3000,3.18,0
65.3050,3.18,0
65.3100,3.18,0
65.3150,3.18,0
65.3200,3.18,0
65.3250,-12.75,0
65.3300,-12.75,0
65.3350,-9.59,0
65.3400,-9.59,0
65.3450,11.01,0
65.3500,11.01,0
65.3550,11.01,0
65.3600,-8.84,0
65.3650,-7.75,0
65.3700,-7.75,0
65.3750,7.84,0
65.3800,22.38,0
65.3850,22.38,0
65.3900,22.38,0
65.3950,12.21,0
65.4000,12.21,0
65.4050,10.15,0
65.4100,-7.05,0
65.4150,24.82,0
65.4200,24.82,0
65.4250,-16.30,0
65.4300,24.82,0
65.4350,-15.11,0
65.4400,-5.94,0
65.4450,1.73,0
65.4500,24.14,0
65.4550,-7.05,0
65.4600,-14.37,0
65.4650,15.93,0
65.4700,-14.37,0
65.4750,-14.37,0
65.4800,-14.37,0
65.4850,-10.49,0
65.4900,-10.49,0
65.4950,22.83,0
65.5000,-14.42,0
65.5050,-14.42,0
65.5100,7.28,0
65.5150,7.28,0
65.5200,7.28,0
65.5250,7.28,0
65.5300,21.46,0
65.5350,21.46,0
65.5400,21.46,0
65.5450,21.46,0
65.5500,-11.96,0
65.5550,-11.96,0
65.5600,23.65,0
65.5650,-6.15,0
65.5700,23.65,0
65.5750,-6.15,0
65.5800,-6.15,0
65.5850,-20.94,0
65.5900,-13.77,0
65.5950,-11.77,0
65.6000,-5.73,0
65.6050,-5.73,0
65.6100,22.06,0
65.6150,22.06,0
65.6200,22.06,0
65.6250,22.06,0
65.6300,-12.92,0
65.6350,-12.92,0
65.6400,6.33,0
65.6450,-7.15,0
65.6500,-7.15,0
65.6550,23.52,0
65.6600,23.52,0
65.6650,6.03,0
65.6700,-12.65,0
65.6750,8.88,0
65.6800,8.88,0
65.6850,8.88,0
65.6900,-8.30,0
65.6950,-8.30,0
65.7000,-11.08,0
65.7050,19.22,0
65.7100,19.22,0
65.7150,19.22,0
65.7200,19.22,0
65.7250,19.22,0
65.7300,-12.92,0
65.7350,19.90,0
65.7400,19.90,0
65.7450,19.90,0
65.7500,19.90,0
65.7550,19.90,0
65.7600,-9.07,0
65.7650,-9.07,0
65.7700,-6.52,0
65.7750,-6.52,0
65.7800,20.36,0
65.7850,20.36,0
65.7900,-14.28,0
65.7950,5.50,0
65.8000,15.38,0
65.8050,5.50,0
65.8100,-8.20,0
65.8150,-9.93,0
65.8200,22.59,0
65.8250,22.59,0
65.8300,-8.69,0
65.8350,-8.69,0
65.8400,-8.69,0
65.8450,-6.95,0
65.8500,-8.19,0
65.8550,19.91,0
65.8600,-7.41,0
65.8650,19.91,0
65.8700,19.91,0
65.8750,19.91,0
65.8800,19.91,0
65.8850,3.86,0
65.8900,3.86,0
65.8950,22.43,0
65.9000,18.25,0
65.9050,-13.75,0
65.9100,-13.75,0
65.9150,-13.75,0
65.9200,-13.75,0
65.9250,22.18,0
65.9300,22.18,0
65.9350,-7.63,0
65.9400,-7.63,0
65.9450,-16.16,0
65.9500,-16.16,0
65.9550,13.24,0
65.9600,13.24,0
65.9650,-7.13,0
65.9700,-7.13,0
65.9750,-7.13,0
65.9800,21.74,0
65.9850,-11.28,0
65.9900,-11.28,0
65.9950,-11.28,0
66.0000,16.32,0
66.0050,7.26,0
66.0100,7.26,0
66.0150,23.36,0
66.0200,23.36,0
66.0250,-13.42,0
66.0300,-13.42,0
66.0350,-13.42,0
66.0400,-13.42,0
66.0450,-3.46,0
66.0500,21.74,0
66.0550,6.17,0
66.0600,6.17,0
66.0650,-15.70,0
66.0700,16.00,0
66.0750,16.00,0
66.0800,16.00,0
66.0850,16.00,0
66.0900,16.00,0
66.0950,-3.33,0
66.1000,-3.33,0
66.1050,21.29,0
66.1100,21.29,0
66.1150,16.21,0
66.1200,16.21,0
66.1250,16.21,0
66.1300,24.98,0
66.1350,24.98,0
66.1400,-4.88,0
66.1450,-4.88,0
66.1500,12.78,0
66.1550,12.78,0
66.1600,2.49,0
66.1650,-13.52,0
66.1700,23.62,0
66.1750,23.62,0
66.1800,-7.63,0
66.1850,4.46,0
66.1900,7.98,0
66.1950,7.98,0
66.2000,7.98,0
66.2050,-5.66,0
66.2100,-10.52,0
66.2150,-10.52,0
66.2200,7.51,0
66.2250,7.51,0
66.2300,13.92,0
66.2350,-14.82,0
66.2400,13.92,0
66.2450,13.92,0
66.2500,13.92,0
66.2550,13.92,0
66.2600,-7.12,0
66.2650,-7.12,0
66.2700,12.82,0
66.2750,12.82,0
66.2800,-16.45,0
66.2850,12.82,0
66.2900,26.12,0
66.2950,26.12,0
66.3000,-5.50,0
66.3050,-5.50,0
66.3100,4.79,0
66.3150,4.79,0
66.3200,17.61,0
66.3250,17.61,0
66.3300,21.76,0
66.3350,21.76,0
66.3400,-11.80,0
66.3450,3.80,0
66.3500,3.80,0
66.3550,17.49,0
66.3600,17.49,0
66.3650,17.49,0
66.3700,17.49,0
66.3750,17.49,0
66.3800,21.78,0
66.3850,25.79,0
66.3900,4.72,0
66.3950,2.59,0
66.4000,12.18,0
66.4050,21.79,0
66.4100,-12.31,0
66.4150,-12.31,0
66.4200,-12.31,0
66.4250,-12.31,0
66.4300,4.13,0
66.4350,20.78,0
66.4400,-10.28,0
66.4450,-10.28,0
66.4500,27.52,0
66.4550,27.52,0
66.4600,27.52,0
66.4650,27.52,0
66.4700,7.05,0
66.4750,7.05,0
66.4800,12.16,0
66.4850,12.16,0
66.4900,23.34,0
66.4950,23.34,0
66.5000,-5.28,0
66.5050,-5.28,0
66.5100,-5.28,0
66.5150,-5.28,0
66.5200,21.68,0
66.5250,14.21,0
66.5300,-15.59,0
66.5350,22.81,0
66.5400,-6.34,0
66.5450,14.21,0
66.5500,3.42,0
66.5550,3.42,0
66.5600,16.12,0
66.5650,16.12,0
66.5700,-10.95,0
66.5750,-10.95,0
66.5800,22.02,0
66.5850,22.02,0
66.5900,3.70,0
66.5950,3.70,0
66.6000,-4.15,0
66.6050,11.51,0
66.6100,24.43,0
66.6150,24.43,0
66.6200,-12.10,0
66.6250,-10.39,0
66.6300,-10.39,0
66.6350,-10.39,0
66.6400,13.36,0
66.6450,13.36,0
66.6500,13.36,0
66.6550,13.36,0
66.6600,-3.36,0
66.6650,13.90,0
66.6700,13.90,0
66.6750,13.90,0
66.6800,13.90,0
66.6850,-10.77,0
66.6900,-10.77,0
66.6950,-10.77,0
66.7000,-10.77,0
66.7050,21.53,0
66.7100,21.53,0
66.7150,14.10,0
66.7200,-12.15,0
66.7250,14.10,0
66.7300,14.10,0
66.7350,22.97,0
66.7400,21.52,0
66.7450,-9.65,0
66.7500,-9.65,0
66.7550,14.53,0
66.7600,14.53,0
66.7650,14.53,0
66.7700,14.53,0
66.7750,-10.58,0
66.7800,-10.58,0
66.7850,-9.57,0
66.7900,21.53,0
66.7950,5.73,0
66.8000,5.73,0
66.8050,-10.32,0
66.8100,28.04,0
66.8150,-10.32,0
66.8200,-10.32,0
66.8250,23.88,0
66.8300,23.88,0
66.8350,-9.42,0
66.8400,-9.42,0
66.8450,9.68,0
66.8500,9.68,0
66.8550,21.24,0
66.8600,21.24,0
66.8650,-8.61,0
66.8700,-8.61,0
66.8750,15.70,0
66.8800,15.70,0
66.8850,7.07,0
66.8900,15.70,0
66.8950,-13.14,0
66.9000,-13.14,0
66.9050,-13.14,0
66.9100,-13.14,0
66.9150,-13.14,0
66.9200,7.92,0
66.9250,-9.85,0
66.9300,-11.00,0
66.9350,-11.00,0
66.9400,22.49,0
66.9450,-14.50,0
66.9500,-8.52,0
66.9550,1.32,0
66.9600,-15.43,0
66.9650,19.08,0
66.9700,19.08,0
66.9750,1.06,0
66.9800,1.06,0
66.9850,20.64,0
66.9900,22.63,0
66.9950,20.64,0
67.0000,-15.66,0
67.0050,17.62,0
67.0100,4.78,0
67.0150,3.17,0
67.0200,3.17,0
67.0250,3.17,0
67.0300,3.17,0
67.0350,-13.53,0
67.0400,-13.53,0
67.0450,22.08,0
67.0500,22.08,0
67.0550,-6.26,0
67.0600,-6.26,0
67.0650,20.43,0
67.0700,20.43,0
67.0750,20.43,0
67.0800,20.43,0
67.0850,18.71,0
67.0900,18.71,0
67.0950,-1.70,0
67.1000,-1.70,0
67.1050,1.37,0
67.1100,1.37,0
67.1150,21.31,0
67.1200,21.31,0
67.1250,-11.68,0
67.1300,-11.68,0
67.1350,2.12,0
67.1400,-5.85,0
67.1450,-13.53,0
67.1500,-5.85,0
67.1550,-14.26,0
67.1600,-17.78,0
67.1650,-8.50,0
67.1700,17.97,0
67.1750,17.97,0
67.1800,17.97,0
67.1850,-4.28,0
67.1900,-4.28,0
67.1950,18.71,0
67.2000,18.71,0
67.2050,-5.85,0
67.2100,15.61,0
67.2150,4.33,0
67.2200,4.33,0
67.2250,-2.53,0
67.2300,21.90,0
67.2350,21.90,0
67.2400,-13.40,0
67.2450,-13.40,0
67.2500,-4.28,0
67.2550,1.82,0
67.2600,1.82,0
67.2650,1.82,0
67.2700,-2.42,0
67.2750,-2.42,0
67.2800,22.16,0
67.2850,22.16,0
67.2900,22.16,0
67.2950,22.16,0
67.3000,22.16,0
67.3050,-0.69,0
67.3100,-0.69,0
67.3150,20.64,0
67.3200,20.64,0
67.3250,18.11,0
67.3300,18.11,0
67.3350,18.11,0
67.3400,18.11,0
67.3450,18.11,0
67.3500,18.11,0
67.3550,18.11,0
67.3600,18.11,0
67.3650,22.42,0
67.3700,22.42,0
67.3750,2.24,0
67.3800,2.24,0
67.3850,-4.41,0
67.3900,-4.41,0
67.3950,23.75,0
67.4000,23.75,0
67.4050,2.24,0
67.4100,20.14,0
67.4150,20.14,0
67.4200,20.14,0
67.4250,-4.81,0
67.4300,-4.81,0
67.4350,8.09,0
67.4400,20.97,0
67.4450,21.63,0
67.4500,21.63,0
67.4550,0.29,0
67.4600,0.29,0
67.4650,0.29,0
67.4700,0.29,0
67.4750,0.29,0
67.4800,20.06,0
67.4850,-14.31,0
67.4900,-14.31,0
67.4950,-14.31,0
67.5000,1.79,0
67.5050,-4.18,0
67.5100,-4.18,0
67.5150,7.26,0
67.5200,-4.18,0
67.5250,-12.85,0
67.5300,-7.01,0
67.5350,18.07,0
67.5400,18.07,0
67.5450,0.29,0
67.5500,2.17,0
67.5550,21.17,0
67.5600,21.17,0
67.5650,-13.84,0
67.5700,-13.84,0
67.5750,21.35,0
67.5800,3.46,0
67.5850,3.46,0
67.5900,3.46,0
67.5950,3.46,0
67.6000,25.15,0
67.6050,25.15,0
67.6100,-14.08,0
67.6150,3.17,0
67.6200,3.17,0
67.6250,-3.38,0
67.6300,-3.38,0
67.6350,-3.38,0
67.6400,-3.38,0
67.6450,-10.22,0
67.6500,-10.22,0
67.6550,20.91,0
67.6600,20.91,0
67.6650,20.91,0
67.6700,20.91,0
67.6750,4.03,0
67.6800,4.03,0
67.6850,-11.57,0
67.6900,-11.57,0
67.6950,-3.38,0
67.7000,18.16,0
67.7050,-0.95,0
67.7100,-0.95,0
67.7150,20.45,0
67.7200,20.45,0
67.7250,-14.25,0
67.7300,-14.25,0
67.7350,20.72,0
67.7400,-11.22,0
67.7450,-0.55,0
67.7500,-0.55,0
67.7550,-0.55,0
67.7600,-6.88,0
67.7650,9.10,0
67.7700,9.10,0
67.7750,-9.08,0
67.7800,-9.08,0
67.7850,21.17,0
67.7900,21.17,0
67.7950,21.17,0
67.8000,21.17,0
67.8050,21.17,0
67.8100,21.17,0
67.8150,-9.60,0
67.8200,11.96,0
67.8250,11.96,0
67.8300,22.00,0
67.8350,-10.05,0
67.8400,-10.05,0
67.8450,7.25,0
67.8500,7.25,0
67.8550,7.25,0
67.8600,-11.67,0
67.8650,-11.67,0
67.8700,-11.67,0
67.8750,-9.67,0
67.8800,-9.67,0
67.8850,-9.67,0
67.8900,-9.67,0
67.8950,-9.67,0
67.9000,8.92,0
67.9050,11.41,0
67.9100,-9.60,0
67.9150,21.75,1
67.9200,21.75,0
67.9250,13.81,0
67.9300,13.81,0
67.9350,9.66,0
67.9400,9.66,0
67.9450,25.50,0
67.9500,-17.95,0
67.9550,-10.07,0
67.9600,-10.07,0
67.9650,12.30,0
67.9700,12.30,0
67.9750,10.39,0
67.9800,7.25,0
67.9850,21.75,0
67.9900,30.13,0
67.9950,-6.92,0
68.0000,-6.92,0
68.0050,11.42,0
68.0100,11.50,0
68.0150,-10.81,0
68.0200,-10.68,0
68.0250,-10.81,0
68.0300,-0.33,0
68.0350,22.67,0
68.0400,-6.92,0
68.0450,12.30,0
68.0500,10.39,0
68.0550,9.45,0
68.0600,10.99,0
68.0650,10.99,0
68.0700,24.17,0
68.0750,-11.63,0
68.0800,-8.33,0
68.0850,-11.63,0
68.0900,-11.63,0
68.0950,7.90,0
68.1000,7.90,0
68.1050,-8.27,0
68.1100,13.52,0
68.1150,22.43,0
68.1200,22.43,0
68.1250,-7.41,0
68.1300,-7.41,0
68.1350,-7.41,0
68.1400,10.61,0
68.1450,10.61,0
68.1500,-7.17,0
68.1550,-9.53,0
68.1600,10.99,0
68.1650,-9.60,0
68.1700,-9.60,0
68.1750,0.43,0
68.1800,23.23,0
68.1850,10.59,0
68.1900,-10.90,0
68.1950,-10.90,0
68.2000,20.32,0
68.2050,20.79,0
68.2100,20.32,0
68.2150,-9.46,0
68.2200,-9.46,0
68.2250,-9.46,0
68.2300,8.77,0
68.2350,8.77,0
68.2400,24.30,0
68.2450,10.59,0
68.2500,-11.99,0
68.2550,-11.99,0
68.2600,-11.99,0
68.2650,-11.99,0
68.2700,6.74,0
68.2750,6.74,0
68.2800,26.22,0
68.2850,26.22,0
68.2900,-12.31,0
68.2950,-12.31,0
68.3000,12.29,0
68.3050,-0.00,0
68.3100,11.59,0
68.3150,11.59,0
68.3200,24.00,0
68.3250,24.00,0
68.3300,-8.60,0
68.3350,-8.60,0
68.3400,10.66,0
68.3450,10.66,0
68.3500,10.66,0
68.3550,10.66,0
68.3600,-6.50,0
68.3650,24.29,0
68.3700,-11.01,0
68.3750,0.53,0
68.3800,-14.85,0
68.3850,7.21,0
68.3900,-7.12,0
68.3950,-19.83,0
68.4000,-7.12,0
68.4050,-12.97,0
68.4100,-7.12,0
68.4150,-7.12,0
68.4200,12.02,0
68.4250,12.02,0
68.4300,9.35,0
68.4350,24.64,0
68.4400,24.64,0
68.4450,-10.06,0
68.4500,-10.06,0
68.4550,-10.06,0
68.4600,24.79,0
68.4650,13.09,0
68.4700,13.09,0
68.4750,-8.03,0
68.4800,-8.03,0
68.4850,-9.79,0
68.4900,-9.79,0
68.4950,7.86,0
68.5000,7.86,0
68.5050,7.86,0
68.5100,7.86,0
68.5150,-18.54,0
68.5200,-8.64,0
68.5250,20.75,0
68.5300,20.75,0
68.5350,9.01,0
68.5400,9.01,0
68.5450,8.25,0
68.5500,17.73,0
68.5550,-10.15,0
68.5600,-10.15,0
68.5650,-8.64,0
68.5700,20.75,0
68.5750,21.35,0
68.5800,20.93,0
68.5850,18.43,0
68.5900,-12.29,0
68.5950,-12.29,0
68.6000,-1.27,0
68.6050,21.35,0
68.6100,-2.22,0
68.6150,-2.22,0
68.6200,17.20,0
68.6250,-20.31,0
68.6300,-14.25,0
68.6350,19.05,0
68.6400,19.05,0
68.6450,17.16,0
68.6500,-1.65,0
68.6550,-1.26,0
68.6600,-14.23,0
68.6650,2.04,0
68.6700,2.04,0
68.6750,-10.92,0
68.6800,14.15,0
68.6850,21.94,0
68.6900,-1.66,0
68.6950,21.94,0
68.7000,21.94,0
68.7050,-0.50,0
68.7100,-0.50,0
68.7150,17.26,0
68.7200,17.26,0
68.7250,17.26,0
68.7300,17.16,0
68.7350,17.26,0
68.7400,17.26,0
68.7450,-1.77,0
68.7500,19.75,0
68.7550,19.75,0
68.7600,-16.74,0
68.7650,-16.74,0
68.7700,21.22,0
68.7750,5.40,0
68.7800,5.40,0
68.7850,0.99,0
68.7900,20.48,0
68.7950,-11.82,0
68.8000,-11.82,0
68.8050,20.45,0
68.8100,20.45,0
68.8150,-2.59,0
68.8200,-2.59,0
68.8250,0.49,0
68.8300,0.49,0
68.8350,-12.21,0
68.8400,19.35,0
68.8450,22.95,0
68.8500,-10.26,0
68.8550,20.46,0
68.8600,-5.33,0
68.8650,-5.33,0
68.8700,20.92,0
68.8750,20.92,0
68.8800,-16.89,0
68.8850,-16.89,0
68.8900,21.84,0
68.8950,-5.64,0
68.9000,-0.52,0
68.9050,-0.52,0
68.9100,18.86,0
68.9150,-8.16,0
68.9200,-15.43,0
68.9250,-15.43,0
68.9300,-15.43,0
68.9350,0.49,0
68.9400,3.26,0
68.9450,3.26,0
68.9500,18.16,0
68.9550,18.16,0
68.9600,-0.74,0
68.9650,22.52,0
68.9700,-4.17,0
68.9750,18.86,0
68.9800,-4.17,0
68.9850,-4.17,0
68.9900,-16.89,0
68.9950,18.76,0
69.0000,20.18,0
69.0050,-17.39,0
69.0100,-1.05,0
69.0150,-1.05,0
69.0200,-1.05,0
69.0250,1.73,0
69.0300,5.88,0
69.0350,3.26,0
69.0400,21.10,0
69.0450,-10.00,0
69.0500,-10.00,0
69.0550,13.15,0
69.0600,-10.00,0
69.0650,9.29,0
69.0700,21.33,0
69.0750,21.33,0
69.0800,21.33,0
69.0850,-13.34,0
69.0900,-13.34,0
69.0950,20.67,0
69.1000,20.67,0
69.1050,0.19,0
69.1100,18.77,0
69.1150,20.11,0
69.1200,20.11,0
69.1250,20.11,0
69.1300,20.11,0
69.1350,-12.57,0
69.1400,-12.57,0
69.1450,7.22,0
69.1500,7.22,0
69.1550,19.63,0
69.1600,7.22,0
69.1650,-12.19,0
69.1700,-7.66,0
69.1750,-12.19,0
69.1800,-12.19,0
69.1850,-2.35,0
69.1900,-2.35,0
69.1950,19.64,0
69.2000,19.64,0
69.2050,-13.15,0
69.2100,-13.15,0
69.2150,-13.15,0
69.2200,-13.15,0
69.2250,0.25,0
69.2300,0.25,0
69.2350,0.25,0
69.2400,0.25,0
69.2450,20.50,0
69.2500,20.50,0
69.2550,-3.37,0
69.2600,10.29,0
69.2650,-14.27,0
69.2700,-14.27,0
69.2750,-6.13,0
69.2800,-6.13,0
69.2850,-7.43,0
69.2900,18.88,0
69.2950,18.88,0
69.3000,17.68,0
69.3050,-12.71,0
69.3100,1.82,0
69.3150,1.82,0
69.3200,18.96,0
69.3250,11.74,0
69.3300,11.74,0
69.3350,9.19,0
69.3400,9.19,0
69.3450,23.43,0
69.3500,23.43,0
69.3550,-14.00,0
69.3600,-14.00,0
69.3650,12.59,0
69.3700,12.59,0
69.3750,6.95,0
69.3800,6.95,0
69.3850,-8.05,0
69.3900,-8.05,0
69.3950,-10.36,0
69.4000,25.92,0
69.4050,-10.36,0
69.4100,-10.36,0
69.4150,-10.36,0
69.4200,-10.36,0
69.4250,-5.95,0
69.4300,23.67,0
69.4350,18.92,0
69.4400,23.67,0
69.4450,14.07,0
69.4500,8.48,0
69.4550,8.48,0
69.4600,8.48,0
69.4650,8.48,0
69.4700,23.95,0
69.4750,23.95,0
69.4800,-10.90,0
69.4850,-10.90,0
69.4900,10.62,0
69.4950,10.62,0
69.5000,-10.11,0
69.5050,-10.11,0
69.5100,-10.66,0
69.5150,23.13,0
69.5200,-10.44,0
69.5250,-10.44,0
69.5300,13.30,0
69.5350,13.30,0
69.5400,-14.99,0
69.5450,13.30,0
69.5500,-9.99,0
69.5550,-9.99,0
69.5600,10.96,0
69.5650,-1.86,0
69.5700,10.96,0
69.5750,9.19,0
69.5800,9.19,0
69.5850,9.19,0
69.5900,10.62,0
69.5950,9.19,0
69.6000,-10.44,0
69.6050,19.07,0
69.6100,19.06,0
69.6150,9.64,0
69.6200,9.64,0
69.6250,9.55,0
69.6300,-11.11,0
69.6350,-11.11,0
69.6400,-11.11,0
69.6450,-11.12,0
69.6500,10.88,0
69.6550,10.88,0
69.6600,10.88,0
69.6650,10.88,0
69.6700,8.75,0
69.6750,8.75,0
69.6800,24.34,0
69.6850,23.31,0
69.6900,11.70,0
69.6950,11.70,0
69.7000,5.10,0
69.7050,5.10,0
69.7100,20.23,0
69.7150,20.23,0
69.7200,20.23,0
69.7250,-9.51,0
69.7300,10.01,0
69.7350,10.01,0
69.7400,6.17,0
69.7450,6.17,0
69.7500,-9.24,0
69.7550,-9.24,0
69.7600,-9.24,0
69.7650,-11.63,0
69.7700,-11.63,0
69.7750,3.78,0
69.7800,14.87,0
69.7850,14.87,0
69.7900,14.87,0
69.7950,14.87,0
69.8000,14.87,0
69.8050,24.20,0
69.8100,24.20,0
69.8150,11.03,0
69.8200,11.03,0
69.8250,3.44,0
69.8300,0.30,0
69.8350,24.26,0
69.8400,-8.62,0
69.8450,-6.72,0
69.8500,-8.62,0
69.8550,-8.62,0
69.8600,-8.62,0
69.8650,-8.62,0
69.8700,-8.62,0
69.8750,-6.80,0
69.8800,-6.80,0
69.8850,-6.88,0
69.8900,-6.88,0
69.8950,9.63,0
69.9000,9.63,0
69.9050,9.63,0
69.9100,-6.95,0
69.9150,-6.95,0
69.9200,23.55,0
69.9250,23.55,0
69.9300,12.62,0
69.9350,12.62,0
69.9400,12.62,0
69.9450,8.07,0
69.9500,8.07,0
69.9550,-6.98,0
69.9600,-12.37,0
69.9650,25.68,0
69.9700,12.62,0
69.9750,-9.16,0
69.9800,-9.16,0
69.9850,-9.16,0
69.9900,-9.16,0
69.9950,7.89,0
70.0000,7.89,0
70.0050,21.97,0
70.0100,-9.60,0
70.0150,20.94,0
70.0200,-9.60,0
70.0250,27.69,0
70.0300,10.31,0
70.0350,-4.77,0
70.0400,26.44,0
70.0450,21.30,0
70.0500,21.30,0
70.0550,10.85,0
70.0600,10.85,0
70.0650,6.87,0
70.0700,6.87,0
70.0750,6.87,0
70.0800,6.87,0
70.0850,23.49,0
70.0900,23.49,0
70.0950,-12.83,0
70.1000,-12.83,0
70.1050,26.09,0
70.1100,7.52,0
70.1150,-10.41,0
70.1200,30.08,0
70.1250,20.51,0
70.1300,21.30,0
70.1350,-9.86,0
70.1400,-9.86,0
70.1450,-12.48,0
70.1500,-12.48,0
70.1550,-6.51,0
70.1600,-0.88,0
70.1650,-0.88,0
70.1700,-0.88,0
70.1750,0.55,0
70.1800,0.55,0
70.1850,20.79,0
70.1900,20.79,0
70.1950,20.86,0
70.2000,-4.18,0
70.2050,-4.18,0
70.2100,18.03,0
70.2150,18.03,0
70.2200,21.38,0
70.2250,7.53,0
70.2300,-13.28,0
70.2350,-13.28,0
70.2400,-1.76,0
70.2450,-1.76,0
70.2500,0.93,0
70.2550,0.93,0
70.2600,-9.77,0
70.2650,-11.96,0
70.2700,21.16,0
70.2750,20.60,0
70.2800,21.82,0
70.2850,0.66,0
70.2900,0.66,0
70.2950,-0.47,0
70.3000,19.66,0
70.3050,19.66,0
70.3100,-15.30,0
70.3150,23.49,0
70.3200,-3.63,0
70.3250,-3.63,0
70.3300,-3.63,0
70.3350,-3.63,0
70.3400,17.70,0
70.3450,17.70,0
70.3500,-14.95,0
70.3550,-14.95,0
70.3600,-1.67,0
70.3650,-1.67,0
70.3700,2.39,0
70.3750,2.39,0
70.3800,-1.67,0
70.3850,21.25,0
70.3900,-18.79,0
70.3950,-18.79,0
70.4000,-1.67,0
70.4050,19.05,0
70.4100,-7.54,0
70.4150,0.83,0
70.4200,0.83,0
70.4250,-16.21,0
70.4300,4.14,0
70.4350,-16.21,0
70.4400,-16.21,0
70.4450,-2.48,0
70.4500,-2.48,0
70.4550,17.98,0
70.4600,4.50,0
70.4650,-13.90,0
70.4700,-13.90,0
70.4750,0.11,0
70.4800,-13.03,0
70.4850,0.11,0
70.4900,0.11,0
70.4950,0.11,0
70.5000,0.11,0
70.5050,20.72,0
70.5100,20.72,0
70.5150,21.94,0
70.5200,21.94,0
70.5250,-2.74,0
70.5300,-2.74,0
70.5350,-2.09,0
70.5400,-2.09,0
70.5450,15.84,0
70.5500,18.80,0
70.5550,18.80,0
70.5600,18.80,0
70.5650,-4.42,0
70.5700,-0.20,0
70.5750,-0.20,0
70.5800,18.67,0
70.5850,18.67,0
70.5900,-2.09,0
70.5950,-10.06,0
70.6000,-2.75,0
70.6050,-2.75,0
70.6100,-2.75,0
70.6150,-2.75,0
70.6200,-0.35,0
70.6250,-0.35,0
70.6300,-0.35,0
70.6350,23.81,0
70.6400,23.81,0
70.6450,23.81,0
70.6500,23.81,0
70.6550,1.58,0
70.6600,1.58,0
70.6650,18.89,0
70.6700,-4.42,0
70.6750,22.20,0
70.6800,22.20,0
70.6850,-0.68,0
70.6900,-0.68,0
70.6950,-0.68,0
70.7000,18.80,0
70.7050,18.80,0
70.7100,18.80,0
70.7150,-13.13,0
70.7200,-13.13,0
70.7250,-0.01,0
70.7300,-0.01,0
70.7350,-0.01,0
70.7400,-0.01,0
70.7450,-0.01,0
70.7500,-0.01,0
70.7550,-0.01,0
70.7600,-0.01,0
70.7650,-0.01,0
70.7700,17.48,0
70.7750,17.48,0
70.7800,-1.45,0
70.7850,-1.45,0
70.7900,-13.30,0
70.7950,-13.30,0
70.8000,24.81,0
70.8050,24.81,0
70.8100,-3.36,0
70.8150,-3.36,0
70.8200,20.15,0
70.8250,20.15,0
70.8300,-12.81,0
70.8350,-12.81,0
70.8400,0.76,0
70.8450,0.76,0
70.8500,3.13,0
70.8550,3.13,0
70.8600,3.13,0
70.8650,3.13,0
70.8700,-10.82,0
70.8750,-10.82,0
70.8800,-10.82,0
70.8850,-10.82,0
70.8900,-2.07,0
70.8950,-2.07,0
70.9000,21.77,0
70.9050,21.77,0
70.9100,-8.99,0
70.9150,-15.48,0
70.9200,18.57,0
70.9250,18.57,0
70.9300,0.70,0
70.9350,0.70,0
70.9400,20.02,0
70.9450,20.02,0
70.9500,13.98,0
70.9550,10.98,0
70.9600,-7.15,0
70.9650,-7.15,0
70.9700,-7.15,0
70.9750,-7.15,0
70.9800,-7.15,0
70.9850,-7.15,0
70.9900,7.84,0
70.9950,7.84,0
71.0000,-7.45,0
71.0050,-7.45,0
71.0100,21.77,0
71.0150,21.77,0
71.0200,14.47,0
71.0250,14.47,0
71.0300,7.91,0
71.0350,7.91,0
71.0400,7.91,0
71.0450,7.91,0
71.0500,7.91,0
71.0550,20.87,0
71.0600,20.87,0
71.0650,20.87,0
71.0700,20.87,0
71.0750,13.13,0
71.0800,13.13,0
71.0850,-6.48,0
71.0900,10.87,0
71.0950,20.34,0
71.1000,-12.32,0
71.1050,-4.60,0
71.1100,-12.32,0
71.1150,12.28,0
71.1200,-10.48,0
71.1250,-10.48,0
71.1300,-10.48,0
71.1350,22.73,0
71.1400,14.47,0
71.1450,-12.08,0
71.1500,-12.08,0
71.1550,7.88,0
71.1600,27.22,0
71.1650,7.88,0
71.1700,22.40,0
71.1750,22.40,0
71.1800,-9.62,0
71.1850,-9.62,0
71.1900,11.14,0
71.1950,11.14,0
71.2000,11.28,0
71.2050,11.28,0
71.2100,11.28,0
71.2150,-16.56,0
71.2200,-10.05,0
71.2250,-10.05,0
71.2300,-12.44,0
71.2350,14.29,0
71.2400,14.29,0
71.2450,-8.18,0
71.2500,-8.18,0
71.2550,7.88,0
71.2600,25.73,0
71.2650,25.73,0
71.2700,25.73,0
71.2750,11.99,0
71.2800,11.99,0
71.2850,12.46,0
71.2900,12.46,0
71.2950,29.47,0
71.3000,24.63,0
71.3050,-9.12,0
71.3100,-9.12,0
71.3150,-9.12,0
71.3200,-9.12,0
71.3250,-8.25,0
71.3300,24.63,0
71.3350,11.05,0
71.3400,24.03,0
71.3450,24.03,0
71.3500,25.11,0
71.3550,11.59,0
71.3600,11.59,0
71.3650,18.75,0
71.3700,4.31,0
71.3750,-6.55,0
71.3800,-6.55,0
71.3850,24.30,0
71.3900,24.30,0
71.3950,24.30,0
71.4000,11.67,0
71.4050,11.67,0
71.4100,-6.34,0
71.4150,-6.34,0
71.4200,-11.23,0
71.4250,-11.23,0
71.4300,-11.23,0
71.4350,-11.23,0
71.4400,7.94,0
71.4450,1.02,0
71.4500,7.94,0
71.4550,-6.59,0
71.4600,-12.03,0
71.4650,-12.03,0
71.4700,10.97,0
71.4750,19.01,0
71.4800,10.97,0
71.4850,10.97,0
71.4900,-10.16,0
71.4950,-10.16,0
71.5000,24.48,0
71.5050,24.48,0
71.5100,24.48,0
71.5150,11.30,0
71.5200,12.25,0
71.5250,12.25,0
71.5300,12.25,0
71.5350,12.25,0
71.5400,12.25,0
71.5450,12.25,0
71.5500,-6.31,0
71.5550,-6.31,0
71.5600,12.94,0
71.5650,12.94,0
71.5700,-0.52,0
71.5750,-13.58,0
71.5800,-13.58,0
71.5850,-9.50,0
71.5900,10.66,0
71.5950,11.91,0
71.6000,-10.40,0
71.6050,10.90,0
71.6100,11.91,0
71.6150,-8.57,0
71.6200,21.23,0
71.6250,21.23,0
71.6300,10.46,0
71.6350,10.46,0
71.6400,10.46,0
71.6450,11.32,0
71.6500,11.32,0
71.6550,11.32,0
71.6600,11.32,0
71.6650,-8.89,0
71.6700,-8.89,0
71.6750,-10.29,0
71.6800,-10.29,0
71.6850,15.94,0
71.6900,30.42,0
71.6950,-12.67,0
71.7000,-12.67,0
71.7050,-12.67,0
71.7100,-12.67,0
71.7150,-12.67,0
71.7200,-12.67,0
71.7250,9.69,0
71.7300,9.69,0
71.7350,-9.70,0
71.7400,19.22,0
71.7450,19.22,0
71.7500,-6.37,0
71.7550,-6.37,0
71.7600,7.44,0
71.7650,7.44,0
71.7700,22.54,0
71.7750,22.54,0
71.7800,0.69,0
71.7850,-16.26,0
71.7900,18.28,0
71.7950,18.28,0
71.8000,22.54,0
71.8050,-13.87,0
71.8100,19.85,0
71.8150,-12.66,0
71.8200,2.36,0
71.8250,2.36,0
71.8300,-0.71,0
71.8350,-0.71,0
71.8400,-15.51,0
71.8450,-15.51,0
71.8500,20.68,0
71.8550,20.68,0
71.8600,1.00,0
71.8650,1.00,0
71.8700,-3.12,0
71.8750,9.62,0
71.8800,22.36,0
71.8850,22.36,0
71.8900,18.36,0
71.8950,24.52,0
71.9000,-0.16,0
71.9050,-0.16,0
71.9100,21.41,0
71.9150,21.41,0
71.9200,-13.32,0
71.9250,14.40,0
71.9300,-13.32,0
71.9350,-13.32,0
71.9400,1.63,0
71.9450,1.63,0
71.9500,0.43,0
71.9550,0.43,0
71.9600,-16.51,0
71.9650,-16.51,0
71.9700,18.52,0
71.9750,18.52,0
71.9800,-8.31,0
71.9850,0.11,0
71.9900,-4.21,0
71.9950,-4.21,0
72.0000,20.00,0
72.0050,20.00,0
72.0100,15.79,0
72.0150,-7.74,0
72.0200,-0.98,0
72.0250,-0.98,0
72.0300,23.78,0
72.0350,21.97,0
72.0400,-13.42,0
72.0450,-13.42,0
72.0500,-13.42,0
72.0550,-13.42,0
72.0600,-1.01,0
72.0650,-1.01,0
72.0700,-2.28,0
72.0750,-2.28,0
72.0800,21.66,0
72.0850,21.66,0
72.0900,16.38,0
72.0950,16.38,0
72.1000,16.38,0
72.1050,16.38,0
72.1100,16.38,0
72.1150,16.38,0
72.1200,17.73,0
72.1250,17.73,0
72.1300,18.49,0
72.1350,18.49,0
72.1400,-0.02,0
72.1450,-0.02,0
72.1500,20.27,0
72.1550,20.27,0
72.1600,-14.91,0
72.1650,-14.91,0
72.1700,-14.91,0
72.1750,-14.91,0
72.1800,0.97,0
72.1850,0.97,0
72.1900,-2.06,0
72.1950,-2.06,0
72.2000,-0.64,0
72.2050,-10.32,0
72.2100,20.27,0
72.2150,15.84,0
72.2200,15.84,0
72.2250,1.36,0
72.2300,1.36,0
72.2350,1.36,0
72.2400,1.36,0
72.2450,21.48,0
72.2500,21.08,0
72.2550,21.24,0
72.2600,21.24,0
72.2650,0.98,0
72.2700,0.98,0
72.2750,0.98,0
72.2800,15.84,0
72.2850,-4.35,0
72.2900,-4.35,0
72.2950,23.98,0
72.3000,-12.80,0
72.3050,-12.80,0
72.3100,-12.80,0
72.3150,-4.57,0
72.3200,-4.57,0
72.3250,-13.02,0
72.3300,-13.02,0
72.3350,14.94,0
72.3400,5.26,0
72.3450,5.26,0
72.3500,5.26,0
72.3550,-2.00,0
72.3600,-2.00,0
72.3650,-2.00,0
72.3700,17.08,0
72.3750,17.08,0
72.3800,17.08,0
72.3850,5.17,0
72.3900,5.17,0
72.3950,-3.43,0
72.4000,-3.43,0
72.4050,-3.43,0
72.4100,-9.52,0
72.4150,-9.52,0
72.4200,0.65,0
72.4250,0.65,0
72.4300,-1.48,0
72.4350,-1.48,0
72.4400,-10.19,0
72.4450,-16.93,0
72.4500,13.69,0
72.4550,20.67,0
72.4600,20.67,0
72.4650,-12.98,0
72.4700,20.67,0
72.4750,-1.36,0
72.4800,-1.36,0
72.4850,22.81,0
72.4900,22.81,0
72.4950,18.22,0
72.5000,1.29,0
72.5050,1.29,0
72.5100,1.29,0
72.5150,1.29,0
72.5200,1.29,0
72.5250,18.89,0
72.5300,22.81,0
72.5350,-12.67,0
72.5400,-0.40,0
72.5450,-0.40,0
72.5500,-0.40,0
72.5550,-0.40,0
72.5600,-0.72,0
72.5650,9.64,0
72.5700,-6.09,0
72.5750,-10.08,0
72.5800,-10.08,0
72.5850,-6.36,0
72.5900,21.01,0
72.5950,21.01,0
72.6000,-8.92,0
72.6050,22.79,0
72.6100,-8.92,0
72.6150,7.75,0
72.6200,7.75,0
72.6250,-9.74,0
72.6300,-9.74,0
72.6350,26.54,0
72.6400,-4.24,0
72.6450,-4.24,0
72.6500,14.22,0
72.6550,14.22,0
72.6600,3.11,0
72.6650,-12.99,0
72.6700,23.59,0
72.6750,-12.57,0
72.6800,-9.40,0
72.6850,-9.40,0
72.6900,15.41,0
72.6950,13.06,0
72.7000,13.06,0
72.7050,25.25,0
72.7100,25.25,0
72.7150,25.25,0
72.7200,25.25,0
72.7250,8.48,0
72.7300,8.48,0
72.7350,16.40,0
72.7400,16.40,0
72.7450,0.61,0
72.7500,-10.08,0
72.7550,22.59,0
72.7600,-7.38,0
72.7650,-7.38,0
72.7700,-7.38,0
72.7750,-4.09,0
72.7800,13.55,0
72.7850,-9.19,0
72.7900,-9.19,0
72.7950,-6.41,0
72.8000,-6.41,0
72.8050,6.35,0
72.8100,6.35,0
72.8150,6.35,0
72.8200,6.35,0
72.8250,-11.33,0
72.8300,-3.88,0
72.8350,25.84,0
72.8400,25.84,0
72.8450,25.84,0
72.8500,25.23,0
72.8550,2.87,0
72.8600,6.77,0
72.8650,6.77,0
72.8700,-11.24,0
72.8750,-11.24,0
72.8800,-10.15,0
72.8850,2.84,0
72.8900,-10.15,0
72.8950,-10.15,0
72.9000,15.33,0
72.9050,-9.81,0
72.9100,-9.81,0
72.9150,-9.81,1
72.9200,-4.94,0
72.9250,-4.94,0
72.9300,-6.42,0
72.9350,5.27,0
72.9400,5.27,0
72.9450,-14.19,0
72.9500,-14.19,0
72.9550,26.99,0
72.9600,26.99,0
72.9650,6.46,0
72.9700,6.46,0
72.9750,11.86,0
72.9800,11.86,0
72.9850,11.86,0
72.9900,11.86,0
72.9950,24.97,0
73.0000,24.97,0
73.0050,24.97,0
73.0100,24.97,0
73.0150,-8.66,0
73.0200,-8.66,0
73.0250,16.64,0
73.0300,-11.08,0
73.0350,-11.08,0
73.0400,-11.08,0
73.0450,-6.61,0
73.0500,6.40,0
73.0550,6.40,0
73.0600,11.87,0
73.0650,11.87,0
73.0700,11.87,0
73.0750,24.35,0
73.0800,24.35,0
73.0850,24.35,0
73.0900,4.93,0
73.0950,4.93,0
73.1000,14.85,0
73.1050,14.85,0
73.1100,23.81,0
73.1150,23.81,0
73.1200,-6.11,0
73.1250,4.93,0
73.1300,-6.11,0
73.1350,-6.11,0
73.1400,12.10,0
73.1450,12.10,0
73.1500,-10.08,0
73.1550,-10.08,0
73.1600,-7.13,0
73.1650,-9.64,0
73.1700,4.38,0
73.1750,4.38,0
73.1800,12.76,0
73.1850,12.76,0
73.1900,-13.30,0
73.1950,-13.30,0
73.2000,23.31,0
73.2050,23.31,0
73.2100,6.95,0
73.2150,6.95,0
73.2200,17.54,0
73.2250,17.54,0
73.2300,-14.64,0
73.2350,-14.64,0
73.2400,-5.10,0
73.2450,7.42,0
73.2500,17.54,0
73.2550,-5.10,0
73.2600,3.97,0
73.2650,3.97,0
73.2700,-10.64,0
73.2750,-10.64,0
73.2800,-5.21,0
73.2850,-5.21,0
73.2900,-5.21,0
73.2950,-5.21,0
73.3000,-5.21,0
73.3050,-5.21,0
73.3100,4.91,0
73.3150,-13.58,0
73.3200,-13.58,0
73.3250,24.91,0
73.3300,4.61,0
73.3350,17.95,0
73.3400,7.55,0
73.3450,13.66,0
73.3500,13.66,0
73.3550,-14.03,0
73.3600,-14.03,0
73.3650,-3.22,0
73.3700,-3.22,0
73.3750,-3.22,0
73.3800,-3.22,0
73.3850,16.90,0
73.3900,16.90,0
73.3950,5.20,0
73.4000,-4.12,0
73.4050,-4.12,0
73.4100,-4.12,0
73.4150,26.04,0
73.4200,26.04,0
73.4250,-10.86,0
73.4300,-10.86,0
73.4350,12.84,0
73.4400,12.84,0
73.4450,-4.38,0
73.4500,-12.05,0
73.4550,26.04,0
73.4600,24.44,0
73.4650,24.44,0
73.4700,4.74,0
73.4750,4.74,0
73.4800,4.74,0
73.4850,4.74,0
73.4900,4.74,0
73.4950,23.53,0
73.5000,23.53,0
73.5050,-16.76,0
73.5100,-11.97,0
73.5150,10.60,0
73.5200,-5.78,0
73.5250,-5.78,0
73.5300,5.73,0
73.5350,-5.78,0
73.5400,-5.78,0
73.5450,19.26,0
73.5500,17.50,0
73.5550,17.50,0
73.5600,-2.64,0
73.5650,-2.64,0
73.5700,-2.64,0
73.5750,-2.64,0
73.5800,-2.64,0
73.5850,-2.64,0
73.5900,13.27,0
73.5950,13.27,0
73.6000,-4.30,0
73.6050,9.83,0
73.6100,9.83,0
73.6150,21.75,0
73.6200,-13.16,0
73.6250,-13.16,0
73.6300,-13.16,0
73.6350,21.75,0
73.6400,3.02,0
73.6450,-4.03,0
73.6500,-4.03,0
73.6550,22.89,0
73.6600,22.89,0
73.6650,15.36,0
73.6700,15.36,0
73.6750,15.36,0
73.6800,5.86,0
73.6850,-6.42,0
73.6900,-6.42,0
73.6950,22.03,0
73.7000,22.03,0
73.7050,13.09,0
73.7100,-6.42,0
73.7150,5.06,0
73.7200,5.06,0
73.7250,-5.01,0
73.7300,-5.01,0
73.7350,22.34,0
73.7400,22.34,0
73.7450,22.34,0
73.7500,22.34,0
73.7550,22.34,0
73.7600,22.34,0
73.7650,10.92,0
73.7700,10.92,0
73.7750,-4.50,0
73.7800,-4.50,0
73.7850,20.13,0
73.7900,20.13,0
73.7950,20.13,0
73.8000,20.13,0
73.8050,8.66,0
73.8100,8.66,0
73.8150,8.66,0
73.8200,21.80,0
73.8250,21.80,0
73.8300,21.80,0
73.8350,21.80,0
73.8400,-15.84,0
73.8450,-15.84,0
73.8500,3.59,0
73.8550,3.59,0
73.8600,25.50,0
73.8650,21.80,0
73.8700,-13.83,0
73.8750,-13.83,0
73.8800,-13.83,0
73.8850,-13.83,0
73.8900,3.48,0
73.8950,-3.37,0
73.9000,-3.37,0
73.9050,-3.37,0
73.9100,-3.37,0
73.9150,13.39,0
73.9200,13.39,0
73.9250,13.39,0
73.9300,-4.73,0
73.9350,18.10,0
73.9400,18.10,0
73.9450,18.10,0
73.9500,-10.20,0
73.9550,-10.20,0
73.9600,-10.20,0
73.9650,-10.20,0
73.9700,8.21,0
73.9750,8.21,0
73.9800,26.06,0
73.9850,26.06,0
73.9900,-10.66,0
73.9950,4.57,0
74.0000,4.57,0
74.0050,-4.24,0
74.0100,-4.24,0
74.0150,-4.24,0
74.0200,-4.58,0
74.0250,-4.24,0
74.0300,-11.82,0
74.0350,18.28,0
74.0400,18.28,0
74.0450,18.28,0
74.0500,23.82,0
74.0550,26.64,0
74.0600,26.64,0
74.0650,-10.48,0
74.0700,-10.48,0
74.0750,14.58,0
74.0800,14.58,0
74.0850,8.83,0
74.0900,8.83,0
74.0950,17.63,0
74.1000,13.81,0
74.1050,17.63,0
74.1100,17.63,0
74.1150,-6.41,0
74.1200,-8.27,0
74.1250,-8.27,0
74.1300,-2.27,0
74.1350,-13.62,0
74.1400,-7.03,0
74.1450,-2.27,0
74.1500,-15.21,0
74.1550,-15.21,0
74.1600,12.19,0
74.1650,12.19,0
74.1700,9.28,0
74.1750,9.28,0
74.1800,-6.85,0
74.1850,-6.85,0
74.1900,22.11,0
74.1950,8.83,0
74.2000,22.11,0
74.2050,22.11,0
74.2100,12.72,0
74.2150,1.02,0
74.2200,1.02,0
74.2250,1.02,0
74.2300,1.02,0
74.2350,1.02,0
74.2400,1.02,0
74.2450,1.02,0
74.2500,-9.27,0
74.2550,-3.70,0
74.2600,25.34,0
74.2650,-2.02,0
74.2700,-2.02,0
74.2750,-2.02,0
74.2800,-2.02,0
74.2850,21.19,0
74.2900,21.19,0
74.2950,25.73,0
74.3000,22.71,0
74.3050,3.73,0
74.3100,3.73,0
74.3150,3.73,0
74.3200,12.70,0
74.3250,23.71,0
74.3300,23.71,0
74.3350,23.71,0
74.3400,0.24,0
74.3450,0.24,0
74.3500,0.24,0
74.3550,0.24,0
74.3600,0.24,0
74.3650,0.24,0
74.3700,11.72,0
74.3750,-11.47,0
74.3800,-3.01,0
74.3850,-3.01,0
74.3900,-2.11,0
74.3950,-2.11,0
74.4000,17.39,0
74.4050,17.39,0
74.4100,23.96,0
74.4150,23.96,0
74.4200,23.96,0
74.4250,23.96,0
74.4300,4.21,0
74.4350,4.21,0
74.4400,21.04,0
74.4450,21.04,0
74.4500,20.22,0
74.4550,20.22,0
74.4600,-3.80,0
74.4650,-3.80,0
74.4700,-3.80,0
74.4750,24.65,0
74.4800,-3.80,0
74.4850,18.51,0
74.4900,-12.85,0
74.4950,-12.85,0
74.5000,2.31,0
74.5050,2.31,0
74.5100,-2.71,0
74.5150,20.73,0
74.5200,-2.71,0
74.5250,20.41,0
74.5300,-7.20,0
74.5350,19.89,0
74.5400,19.89,0
74.5450,19.89,0
74.5500,2.37,0
74.5550,2.37,0
74.5600,19.27,0
74.5650,19.27,0
74.5700,20.48,0
74.5750,20.48,0
74.5800,20.48,0
74.5850,-3.03,0
74.5900,-3.03,0
74.5950,-3.03,0
74.6000,-3.03,0
74.6050,20.52,0
74.6100,20.52,0
74.6150,-10.36,0
74.6200,-10.36,0
74.6250,-4.27,0
74.6300,20.41,0
74.6350,1.03,0
74.6400,1.03,0
74.6450,2.37,0
74.6500,1.03,0
74.6550,1.03,0
74.6600,21.83,0
74.6650,21.83,0
74.6700,21.83,0
74.6750,2.38,0
74.6800,14.71,0
74.6850,14.71,0
74.6900,14.71,0
74.6950,-15.27,0
74.7000,-9.92,0
74.7050,17.94,0
74.7100,17.94,0
74.7150,17.94,0
74.7200,20.81,0
74.7250,-9.63,0
74.7300,20.81,0
74.7350,-9.22,0
74.7400,20.81,0
74.7450,19.69,0
74.7500,10.06,0
74.7550,-0.49,0
74.7600,-0.49,0
74.7650,-0.49,0
74.7700,-0.49,0
74.7750,-14.27,0
74.7800,-14.27,0
74.7850,20.62,0
74.7900,20.62,0
74.7950,2.58,0
74.8000,2.58,0
74.8050,2.58,0
74.8100,2.58,0
74.8150,18.99,0
74.8200,12.33,0
74.8250,-14.11,0
74.8300,-14.11,0
74.8350,1.98,0
74.8400,20.02,0
74.8450,20.02,0
74.8500,20.02,0
74.8550,20.02,0
74.8600,20.02,0
74.8650,-14.66,0
74.8700,-14.66,0
74.8750,-0.10,0
74.8800,-4.07,0
74.8850,-0.10,0
74.8900,-0.10,0
74.8950,20.30,0
74.9000,20.30,0
74.9050,24.01,0
74.9100,-2.20,0
74.9150,1.78,0
74.9200,-8.97,0
74.9250,-0.40,0
74.9300,11.15,0
74.9350,20.79,0
74.9400,20.79,0
74.9450,17.09,0
74.9500,-8.70,0
74.9550,-3.02,0
74.9600,-3.02,0
74.9650,20.07,0
74.9700,20.07,0
74.9750,-14.20,0
74.9800,-14.20,0
74.9850,24.99,0
74.9900,11.35,0
74.9950,1.15,0
75.0000,1.15,0
75.0050,-0.49,0
75.0100,-0.49,0
75.0150,0.02,0
75.0200,-15.87,0
75.0250,-9.45,0
75.0300,-9.45,0
75.0350,25.04,0
75.0400,25.04,0
75.0450,-8.87,0
75.0500,-8.87,0
75.0550,10.97,0
75.0600,10.97,0
75.0650,9.24,0
75.0700,9.24,0
75.0750,24.33,0
75.0800,-11.26,0
75.0850,10.97,0
75.0900,10.70,0
75.0950,10.70,0
75.1000,8.47,0
75.1050,8.47,0
75.1100,-9.87,0
75.1150,-9.87,0
75.1200,-6.17,0
75.1250,-6.17,0
75.1300,10.40,0
75.1350,10.40,0
75.1400,10.99,0
75.1450,10.99,0
75.1500,22.08,0
75.1550,22.08,0
75.1600,22.08,0
75.1650,22.08,0
75.1700,13.30,0
75.1750,13.30,0
75.1800,13.30,0
75.1850,13.30,0
75.1900,-11.83,0
75.1950,-11.83,0
75.2000,-6.99,0
75.2050,-6.99,0
75.2100,-6.99,0
75.2150,-6.99,0
75.2200,10.35,0
75.2250,-9.49,0
75.2300,-8.84,0
75.2350,-8.84,0
75.2400,-12.09,0
75.2450,-12.09,0
75.2500,-12.09,0
75.2550,-4.88,0
75.2600,11.33,0
75.2650,11.33,0
75.2700,-10.65,0
75.2750,-10.65,0
75.2800,26.13,0
75.2850,26.13,0
75.2900,26.13,0
75.2950,10.73,0
75.3000,22.93,0
75.3050,11.22,0
75.3100,11.22,0
75.3150,22.78,0
75.3200,-8.02,0
75.3250,-8.02,0
75.3300,-8.02,0
75.3350,-8.84,0
75.3400,-8.02,0
75.3450,9.37,0
75.3500,9.37,0
75.3550,-8.39,0
75.3600,-6.08,0
75.3650,-6.08,0
75.3700,18.58,0
75.3750,-6.08,0
75.3800,-6.08,0
75.3850,-6.08,0
75.3900,-10.71,0
75.3950,-10.71,0
75.4000,29.90,0
75.4050,29.90,0
75.4100,22.78,0
75.4150,9.70,0
75.4200,10.88,0
75.4250,10.88,0
75.4300,10.88,0
75.4350,13.24,0
75.4400,-11.36,0
75.4450,21.04,0
75.4500,-7.76,0
75.4550,-7.76,0
75.4600,12.04,0
75.4650,12.04,0
75.4700,-8.81,0
75.4750,-8.81,0
75.4800,26.31,0
75.4850,26.31,0
75.4900,7.92,0
75.4950,7.92,0
75.5000,7.92,0
75.5050,7.92,0
75.5100,-7.76,0
75.5150,7.92,0
75.5200,-8.03,0
75.5250,-8.03,0
75.5300,-8.03,0
75.5350,11.50,0
75.5400,-8.81,0
75.5450,11.50,0
75.5500,4.56,0
75.5550,4.56,0
75.5600,23.46,0
75.5650,23.46,0
75.5700,-7.05,0
75.5750,-7.05,0
75.5800,-7.05,0
75.5850,-7.05,0
75.5900,3.46,0
75.5950,-7.05,0
75.6000,-11.08,0
75.6050,-11.08,0
75.6100,-8.48,0
75.6150,-8.48,0
75.6200,9.27,0
75.6250,8.29,0
75.6300,8.29,0
75.6350,8.29,0
75.6400,8.29,0
75.6450,11.56,0
75.6500,-7.45,0
75.6550,-7.45,0
75.6600,14.04,0
75.6650,8.32,0
75.6700,6.77,0
75.6750,6.77,0
75.6800,23.07,0
75.6850,23.07,0
75.6900,-8.38,0
75.6950,-8.38,0
75.7000,-8.38,0
75.7050,-8.38,0
75.7100,-8.38,0
75.7150,-8.38,0
75.7200,-8.38,0
75.7250,-8.38,0
75.7300,10.32,0
75.7350,10.32,0
75.7400,7.33,0
75.7450,7.33,0
75.7500,12.44,0
75.7550,12.44,0
75.7600,12.44,0
75.7650,-13.22,0
75.7700,-13.22,0
75.7750,27.73,0
75.7800,27.73,0
75.7850,10.07,0
75.7900,10.07,0
75.7950,13.85,0
75.8000,13.85,0
75.8050,-11.61,0
75.8100,6.67,0
75.8150,22.90,0
75.8200,-8.33,0
75.8250,-3.72,0
75.8300,6.25,0
75.8350,6.25,0
75.8400,-7.56,0
75.8450,-7.56,0
75.8500,-2.91,0
75.8550,2.46,0
75.8600,2.46,0
75.8650,2.46,0
75.8700,-10.47,0
75.8750,-10.47,0
75.8800,22.31,0
75.8850,22.31,0
75.8900,-2.77,0
75.8950,-2.77,0
75.9000,22.86,0
75.9050,22.86,0
75.9100,-14.31,0
75.9150,-14.31,0
75.9200,15.33,0
75.9250,15.33,0
75.9300,5.45,0
75.9350,5.45,0
75.9400,-11.43,0
75.9450,22.15,0
75.9500,-11.88,0
75.9550,-11.88,0
75.9600,4.52,0
75.9650,4.52,0
75.9700,-2.02,0
75.9750,-2.02,0
75.9800,-2.02,0
75.9850,-2.02,0
75.9900,-11.02,0
75.9950,-11.02,0
76.0000,19.82,0
76.0050,-6.22,0
76.0100,-3.29,0
76.0150,-3.29,0
76.0200,23.19,0
76.0250,23.19,0
76.0300,23.19,0
76.0350,23.19,0
76.0400,23.19,0
76.0450,9.05,0
76.0500,2.39,0
76.0550,2.39,0
76.0600,-9.31,0
76.0650,21.31,0
76.0700,16.01,0
76.0750,-19.56,0
76.0800,2.57,0
76.0850,2.57,0
76.0900,2.57,0
76.0950,-3.63,0
76.1000,18.80,0
76.1050,-3.63,0
76.1100,-3.63,0
76.1150,-16.79,0
76.1200,-16.79,0
76.1250,18.85,0
76.1300,18.85,0
76.1350,-4.42,0
76.1400,-4.42,0
76.1450,22.78,0
76.1500,22.78,0
76.1550,22.78,0
76.1600,22.78,0
76.1650,22.78,0
76.1700,22.78,0
76.1750,22.78,0
76.1800,20.11,0
76.1850,20.11,0
76.1900,-13.17,0
76.1950,-13.17,0
76.2000,18.53,0
76.2050,18.53,0
76.2100,0.32,0
76.2150,0.32,0
76.2200,-3.36,0
76.2250,-3.36,0
76.2300,-16.97,0
76.2350,-16.97,0
76.2400,16.84,0
76.2450,16.84,0
76.2500,0.30,0
76.2550,0.30,0
76.2600,-2.13,0
76.2650,-2.13,0
76.2700,22.12,0
76.2750,22.12,0
76.2800,-13.74,0
76.2850,-13.74,0
76.2900,0.25,0
76.2950,0.25,0
76.3000,20.23,0
76.3050,20.23,0
76.3100,-12.38,0
76.3150,-12.38,0
76.3200,19.35,0
76.3250,19.35,0
76.3300,1.24,0
76.3350,1.24,0
76.3400,-2.36,0
76.3450,-2.36,0
76.3500,-13.26,0
76.3550,-13.26,0
76.3600,16.84,0
76.3650,16.84,0
76.3700,-3.80,0
76.3750,19.35,0
76.3800,21.95,0
76.3850,21.95,0
76.3900,21.95,0
76.3950,21.95,0
76.4000,17.48,0
76.4050,-0.14,0
76.4100,3.79,0
76.4150,3.79,0
76.4200,25.30,0
76.4250,25.30,0
76.4300,-15.61,0
76.4350,-15.61,0
76.4400,14.70,0
76.4450,14.70,0
76.4500,1.72,0
76.4550,1.72,0
76.4600,-4.01,0
76.4650,-4.01,0
76.4700,-6.05,0
76.4750,-12.97,0
76.4800,17.56,0
76.4850,17.56,0
76.4900,-1.83,0
76.4950,-1.83,0
76.5000,21.92,0
76.5050,21.92,0
76.5100,21.92,0
76.5150,21.92,0
76.5200,21.92,0
76.5250,16.97,0
76.5300,16.97,0
76.5350,5.46,0
76.5400,5.46,0
76.5450,22.69,0
76.5500,22.69,0
76.5550,-9.83,0
76.5600,-9.83,0
76.5650,-9.83,0
76.5700,5.82,0
76.5750,5.82,0
76.5800,5.82,0
76.5850,-3.62,0
76.5900,2.10,0
76.5950,-13.28,0
76.6000,-13.28,0
76.6050,-13.28,0
76.6100,-13.28,0
76.6150,-13.28,0
76.6200,-13.28,0
76.6250,-13.28,0
76.6300,-5.20,0
76.6350,-5.20,0
76.6400,-5.20,0
76.6450,18.38,0
76.6500,1.30,0
76.6550,22.26,0
76.6600,22.26,0
76.6650,-4.68,0
76.6700,-4.68,0
76.6750,-4.68,0
76.6800,-4.68,0
76.6850,15.24,0
76.6900,6.53,0
76.6950,-7.81,0
76.7000,-7.81,0
76.7050,-7.81,0
76.7100,-7.81,0
76.7150,22.43,0
76.7200,22.43,0
76.7250,7.07,0
76.7300,7.07,0
76.7350,7.07,0
76.7400,7.07,0
76.7450,9.79,0
76.7500,20.66,0
76.7550,20.66,0
76.7600,20.66,0
76.7650,14.07,0
76.7700,14.07,0
76.7750,-9.71,0
76.7800,20.39,0
76.7850,20.39,0
76.7900,-5.28,0
76.7950,-5.28,0
76.8000,17.81,0
76.8050,17.81,0
76.8100,-9.35,0
76.8150,-9.35,0
76.8200,22.80,0
76.8250,22.80,0
76.8300,7.06,0
76.8350,7.06,0
76.8400,7.06,0
76.8450,14.07,0
76.8500,-13.18,0
76.8550,-6.85,0
76.8600,-13.18,0
76.8650,-13.18,0
76.8700,-4.84,0
76.8750,-4.84,0
76.8800,16.75,0
76.8850,-10.85,0
76.8900,-4.38,0
76.8950,16.75,0
76.9000,24.63,0
76.9050,-12.35,0
76.9100,-4.09,0
76.9150,-4.09,0
76.9200,15.26,0
76.9250,15.26,0
76.9300,-10.06,0
76.9350,-10.06,0
76.9400,24.76,0
76.9450,24.76,0
76.9500,24.76,0
76.9550,7.83,0
76.9600,7.83,0
76.9650,7.83,0
76.9700,24.91,0
76.9750,-11.12,0
76.9800,-11.12,0
76.9850,21.29,0
76.9900,21.29,0
76.9950,3.99,0
77.0000,3.99,0
77.0050,18.12,0
77.0100,15.71,0
77.0150,15.71,0
77.0200,15.71,0
77.0250,24.90,0
77.0300,24.90,0
77.0350,-5.68,0
77.0400,-5.68,0
77.0450,16.56,0
77.0500,16.56,0
77.0550,16.56,0
77.0600,16.56,0
77.0650,21.29,0
77.0700,16.06,0
77.0750,16.56,0
77.0800,20.48,0
77.0850,-4.59,0
77.0900,-9.13,0
77.0950,-9.13,0
77.1000,-9.13,0
77.1050,21.68,0
77.1100,21.68,0
77.1150,-5.66,0
77.1200,-5.66,0
77.1250,5.95,0
77.1300,5.95,0
77.1350,15.95,0
77.1400,15.95,0
77.1450,15.95,0
77.1500,15.95,0
77.1550,15.95,0
77.1600,-12.71,0
77.1650,-12.71,0
77.1700,-12.71,0
77.1750,15.00,0
77.1800,15.00,0
77.1850,15.00,0
77.1900,-5.66,0
77.1950,-5.66,0
77.2000,-5.66,0
77.2050,7.69,0
77.2100,7.69,0
77.2150,-3.95,0
77.2200,-9.60,0
77.2250,23.77,0
77.2300,20.87,0
77.2350,20.87,0
77.2400,20.87,0
77.2450,20.87,0
77.2500,20.87,0
77.2550,14.29,0
77.2600,14.29,0
77.2650,23.19,0
77.2700,23.19,0
77.2750,23.19,0
77.2800,23.19,0
77.2850,23.19,0
77.2900,23.19,0
77.2950,14.93,0
77.3000,14.93,0
77.3050,-9.42,0
77.3100,-9.42,0
77.3150,18.32,0
77.3200,18.32,0
77.3250,9.15,0
77.3300,9.15,0
77.3350,19.69,0
77.3400,19.69,0
77.3450,-5.97,0
77.3500,-12.97,0
77.3550,23.52,0
77.3600,23.74,0
77.3650,7.28,0
77.3700,7.28,0
77.3750,7.28,0
77.3800,7.28,0
77.3850,-7.76,0
77.3900,-13.83,0
77.3950,-3.86,0
77.4000,-3.86,0
77.4050,-3.86,0
77.4100,-3.86,0
77.4150,14.25,0
77.4200,-10.33,0
77.4250,-10.33,0
77.4300,-10.33,0
77.4350,-10.33,0
77.4400,23.62,0
77.4450,23.62,0
77.4500,23.62,0
77.4550,-6.63,0
77.4600,3.49,0
77.4650,-10.50,0
77.4700,-10.50,0
77.4750,-6.42,0
77.4800,20.36,0
77.4850,21.77,0
77.4900,21.77,0
77.4950,-11.68,0
77.5000,16.64,0
77.5050,16.64,0
77.5100,15.58,0
77.5150,7.96,0
77.5200,7.96,0
77.5250,22.45,0
77.5300,25.45,0
77.5350,-6.69,0
77.5400,5.92,0
