timestamp,ch1 (µV),event
7.905,-7.06,0
7.91,-7.06,0
7.915,1.27,0
7.92,13.58,0
7.925,-11.85,0
7.93,-11.85,0
7.935,-7.59,0
7.94,-11.85,0
7.945,-11.85,0
7.95,-11.85,0
7.955,11.95,0
7.96,11.95,0
7.965,-6.73,0
7.97,-6.73,0
7.975,-7.06,0
7.98,-9.81,0
7.985,-9.81,0
7.99,9.25,0
7.995,10.37,0
8.0,10.37,0
8.005,6.97,0
8.01,6.97,0
8.015,6.97,0
8.02,-6.08,0
8.025,-6.08,0
8.03,10.47,0
8.035,10.47,0
8.04,10.47,0
8.045,10.47,0
8.05,19.77,0
8.055,-9.4,0
8.06,-8.57,0
8.065,11.42,0
8.07,12.06,0
8.075,18.56,0
8.08,7.41,0
8.085,7.41,0
8.09,22.79,0
8.095,22.79,0
8.1,22.79,0
8.105,22.79,0
8.11,9.68,0
8.115,21.29,0
8.12,11.03,0
8.125,11.03,0
8.13,11.03,0
8.135,11.03,0
8.14,11.03,0
8.145,11.03,0
8.15,-1.13,0
8.155,-11.9,0
8.16,-11.9,0
8.165,-13.99,0
8.17,0.43,0
8.175,0.66,0
8.18,0.66,0
8.185,0.66,0
8.19,0.66,0
8.195,10.26,0
8.2,-10.7,0
8.205,12.03,0
8.21,17.06,0
8.215,17.06,0
8.22,-3.26,0
8.225,20.99,0
8.23,20.99,0
8.235,20.99,0
8.24,20.99,0
8.245,0.66,0
8.25,17.64,0
8.255,18.97,0
8.26,-2.17,0
8.265,-9.22,0
8.27,17.72,0
8.275,17.72,0
8.28,-13.66,0
8.285,-13.66,0
8.29,19.69,0
8.295,17.88,0
8.3,3.33,0
8.305,3.33,0
8.31,0.14,0
8.315,0.14,0
8.32,-10.19,0
8.325,16.62,0
8.33,16.62,0
8.335,7.49,0
8.34,1.87,0
8.345,1.87,0
8.35,21.35,0
8.355,21.35,0
8.36,21.35,0
8.365,19.95,0
8.37,19.95,0
8.375,-1.12,0
8.38,-13.83,0
8.385,16.02,0
8.39,16.02,0
8.395,-15.92,0
8.4,-15.92,0
8.405,-0.81,0
8.41,-15.92,0
8.415,-0.26,0
8.42,-0.26,0
8.425,-0.26,0
8.43,0.03,0
8.435,0.03,0
8.44,21.54,0
8.445,-6.36,0
8.45,16.9,0
8.455,16.9,0
8.46,16.9,0
8.465,16.9,0
8.47,16.9,0
8.475,16.9,0
8.48,19.13,0
8.485,20.07,0
8.49,20.07,0
8.495,12.5,0
8.5,-0.91,0
8.505,2.52,0
8.51,-1.45,0
8.515,-1.45,0
8.52,32.21,0
8.525,20.87,0
8.53,-12.01,0
8.535,-12.01,0
8.54,2.85,0
8.545,2.85,0
8.55,-3.35,0
8.555,-3.35,0
8.56,19.46,0
8.565,-10.46,0
8.57,-10.46,0
8.575,18.54,0
8.58,15.77,0
8.585,15.77,0
8.59,15.77,0
8.595,2.01,0
8.6,2.01,0
8.605,-10.95,0
8.61,-10.95,0
8.615,19.1,0
8.62,10.48,0
8.625,1.86,0
8.63,21.9,0
8.635,19.58,0
8.64,19.58,0
8.645,-13.78,0
8.65,-13.78,0
8.655,12.21,0
8.66,-13.78,0
8.665,-3.99,0
8.67,-3.99,0
8.675,-3.38,0
8.68,-14.89,0
8.685,-14.89,0
8.69,2.02,0
8.695,16.5,0
8.7,16.5,0
8.705,16.5,0
8.71,19.27,0
8.715,1.84,0
8.72,1.84,0
8.725,17.97,0
8.73,7.54,0
8.735,18.34,0
8.74,18.34,0
8.745,0.0,0
8.75,0.0,0
8.755,0.3,0
8.76,0.3,0
8.765,18.84,0
8.77,18.84,0
8.775,-12.72,0
8.78,16.34,0
8.785,22.8,0
8.79,-2.96,0
8.795,-2.96,0
8.8,-2.96,0
8.805,22.44,0
8.81,22.44,0
8.815,16.97,0
8.82,16.69,0
8.825,16.69,0
8.83,16.69,0
8.835,-0.6,0
8.84,-0.6,0
8.845,19.39,0
8.85,19.39,0
8.855,18.5,0
8.86,18.5,0
8.865,0.13,0
8.87,0.13,0
8.875,0.13,0
8.88,0.13,0
8.885,18.53,0
8.89,-14.23,0
8.895,-14.23,0
8.9,3.92,0
8.905,3.92,0
8.91,3.92,0
8.915,-0.01,0
8.92,-0.01,0
8.925,-0.01,0
8.93,-13.37,0
8.935,-13.37,0
8.94,17.99,0
8.945,17.99,0
8.95,-4.35,0
8.955,-4.35,0
8.96,-4.35,0
8.965,11.06,0
8.97,-10.03,0
8.975,13.77,0
8.98,13.77,0
8.985,-13.37,0
8.99,13.77,0
8.995,17.66,0
9.0,22.59,0
9.005,-7.97,0
9.01,-7.97,0
9.015,14.97,0
9.02,14.97,0
9.025,-6.32,0
9.03,-13.38,0
9.035,22.26,0
9.04,22.26,0
9.045,22.26,0
9.05,-6.32,0
9.055,9.18,0
9.06,-11.75,0
9.065,-11.75,0
9.07,20.4,0
9.075,23.08,0
9.08,-6.73,0
9.085,-6.73,0
9.09,8.22,0
9.095,8.22,0
9.1,13.08,0
9.105,13.08,0
9.11,21.97,0
9.115,21.97,0
9.12,21.97,0
9.125,21.97,0
9.13,21.97,0
9.135,21.97,0
9.14,21.97,0
9.145,21.97,0
9.15,21.97,0
9.155,-9.45,0
9.16,-9.45,0
9.165,-5.87,0
9.17,-5.87,0
9.175,6.96,0
9.18,6.96,0
9.185,-10.91,0
9.19,16.49,0
9.195,21.08,0
9.2,24.35,0
9.205,24.35,0
9.21,24.35,0
9.215,7.87,0
9.22,7.87,0
9.225,13.36,0
9.23,13.36,0
9.235,21.54,0
9.24,21.54,0
9.245,-6.4,0
9.25,-6.4,0
9.255,9.93,0
9.26,9.93,0
9.265,15.23,0
9.27,-3.27,0
9.275,-13.32,0
9.28,-13.32,0
9.285,-2.21,0
9.29,7.96,0
9.295,-13.32,0
9.3,7.96,0
9.305,5.72,0
9.31,14.09,0
9.315,23.13,0
9.32,23.13,0
9.325,23.13,0
9.33,6.14,0
9.335,15.23,0
9.34,13.04,0
9.345,13.04,0
9.35,13.04,0
9.355,21.32,0
9.36,24.84,0
9.365,-0.96,0
9.37,-0.96,0
9.375,-0.96,0
9.38,-0.96,0
9.385,14.06,0
9.39,-9.15,0
9.395,-13.68,0
9.4,17.97,0
9.405,-6.61,0
9.41,-6.61,0
9.415,3.35,0
9.42,3.35,0
9.425,11.1,0
9.43,11.1,0
9.435,-11.58,0
9.44,22.75,0
9.445,22.75,0
9.45,22.75,0
9.455,5.53,0
9.46,5.53,0
9.465,8.79,0
9.47,-14.0,0
9.475,-14.0,0
9.48,23.35,0
9.485,23.35,0
9.49,23.35,0
9.495,23.35,0
9.5,14.07,0
9.505,14.07,0
9.51,-9.55,0
9.515,-9.55,0
9.52,-4.85,0
9.525,-4.85,0
9.53,6.63,0
9.535,6.63,0
9.54,6.63,0
9.545,-4.85,0
9.55,-8.79,0
9.555,-8.79,0
9.56,-8.79,0
9.565,-4.48,0
9.57,6.63,0
9.575,21.81,0
9.58,-9.19,0
9.585,-9.19,0
9.59,-9.19,0
9.595,-9.19,0
9.6,20.85,0
9.605,20.85,0
9.61,-5.01,0
9.615,-5.01,0
9.62,18.01,0
9.625,18.01,0
9.63,18.01,0
9.635,-13.89,0
9.64,23.31,0
9.645,23.31,0
9.65,-2.3,0
9.655,-2.3,0
9.66,18.31,0
9.665,3.54,0
9.67,14.74,0
9.675,-10.73,0
9.68,-10.73,0
9.685,23.48,0
9.69,4.34,0
9.695,-7.7,0
9.7,4.62,0
9.705,0.51,0
9.71,10.94,0
9.715,10.94,0
9.72,14.74,0
9.725,19.27,0
9.73,19.27,0
9.735,-5.52,0
9.74,-5.52,0
9.745,5.39,0
9.75,5.39,0
9.755,13.09,0
9.76,6.13,0
9.765,-7.5,0
9.77,-4.0,0
9.775,-4.0,0
9.78,-4.0,0
9.785,-13.25,0
9.79,-13.25,0
9.795,14.93,0
9.8,1.64,0
9.805,1.64,0
9.81,1.64,0
9.815,20.73,0
9.82,21.14,0
9.825,21.14,0
9.83,21.14,0
9.835,17.7,0
9.84,17.7,0
9.845,4.1,0
9.85,4.1,0
9.855,25.6,0
9.86,25.6,0
9.865,-9.7,0
9.87,-9.7,0
9.875,-9.7,0
9.88,-9.7,0
9.885,5.93,0
9.89,5.93,0
9.895,-5.65,0
9.9,-5.65,0
9.905,-10.52,0
9.91,-10.52,0
9.915,15.76,0
9.92,7.14,0
9.925,7.14,0
9.93,7.14,0
9.935,-4.55,0
9.94,-4.55,0
9.945,20.37,0
9.95,20.37,0
9.955,16.24,0
9.96,2.23,0
9.965,2.23,0
9.97,2.23,0
9.975,-6.47,0
9.98,18.67,0
9.985,-15.07,0
9.99,-15.07,0
9.995,-15.07,0
10.0,-15.07,0
10.005,4.96,0
10.01,4.96,0
10.015,-3.75,0
10.02,-3.75,0
10.025,-3.75,0
10.03,-3.75,0
10.035,20.63,0
10.04,20.63,0
10.045,-1.49,0
10.05,-1.49,0
10.055,-1.49,0
10.06,-1.49,0
10.065,16.41,0
10.07,16.41,0
10.075,15.81,0
10.08,15.81,0
10.085,8.34,0
10.09,-6.03,0
10.095,-6.03,0
10.1,-6.03,0
10.105,23.03,0
10.11,23.03,0
10.115,23.03,0
10.12,7.07,0
10.125,7.07,0
10.13,-3.49,0
10.135,-3.49,0
10.14,-16.02,0
10.145,20.72,0
10.15,13.79,0
10.155,13.79,0
10.16,13.79,0
10.165,13.79,0
10.17,24.27,0
10.175,-5.27,0
10.18,20.95,0
10.185,20.95,0
10.19,13.23,0
10.195,13.23,0
10.2,13.23,0
10.205,8.34,0
10.21,6.45,0
10.215,15.75,0
10.22,6.45,0
10.225,20.93,0
10.23,-9.18,0
10.235,-9.18,0
10.24,-9.18,0
10.245,-9.18,0
10.25,-9.18,0
10.255,13.79,0
10.26,15.15,0
10.265,21.86,0
10.27,21.34,0
10.275,21.34,0
10.28,21.34,0
10.285,15.66,0
10.29,15.66,0
10.295,-5.11,0
10.3,21.32,0
10.305,21.32,0
10.31,-10.03,0
10.315,-10.03,0
10.32,13.21,0
10.325,13.21,0
10.33,7.63,0
10.335,7.63,0
10.34,23.22,0
10.345,23.22,0
10.35,18.1,0
10.355,-12.74,0
10.36,15.88,0
10.365,15.88,0
10.37,4.15,0
10.375,4.15,0
10.38,-13.68,0
10.385,-6.37,0
10.39,-5.41,0
10.395,6.3,0
10.4,22.22,0
10.405,18.37,0
10.41,23.22,0
10.415,8.61,0
10.42,18.6,0
10.425,18.6,0
10.43,18.6,0
10.435,18.6,0
10.44,-10.03,0
10.445,18.6,0
10.45,18.6,0
10.455,13.55,0
10.46,13.55,0
10.465,-3.36,0
10.47,-3.36,0
10.475,-3.36,0
10.48,-3.36,0
10.485,-3.44,0
10.49,4.23,0
10.495,4.23,0
10.5,-7.17,0
10.505,14.66,0
10.51,-7.17,0
10.515,-7.17,0
10.52,-7.17,0
10.525,20.32,0
10.53,20.32,0
10.535,20.32,0
10.54,20.32,0
10.545,-7.37,0
10.55,-7.37,0
10.555,23.89,0
10.56,23.89,0
10.565,23.89,0
10.57,23.89,0
10.575,-8.37,0
10.58,-8.37,0
10.585,-8.37,0
10.59,-9.02,0
10.595,19.67,0
10.6,21.64,0
10.605,14.81,0
10.61,14.81,0
10.615,-16.14,0
10.62,-16.14,0
10.625,-3.52,0
10.63,-3.52,0
10.635,4.07,0
10.64,4.07,0
10.645,13.52,0
10.65,13.52,0
10.655,13.52,0
10.66,22.38,0
10.665,22.38,0
10.67,5.92,0
10.675,5.92,0
10.68,5.92,0
10.685,20.89,0
10.69,15.15,0
10.695,-12.27,0
10.7,-12.27,0
10.705,25.22,0
10.71,25.22,0
10.715,-1.97,0
10.72,-1.97,0
10.725,-1.97,0
10.73,16.96,0
10.735,16.96,0
10.74,-4.77,0
10.745,-4.77,0
10.75,6.37,0
10.755,-4.77,0
10.76,4.42,0
10.765,4.42,0
10.77,19.18,0
10.775,19.18,0
10.78,13.03,0
10.785,21.67,0
10.79,-0.42,0
10.795,4.4,0
10.8,16.94,0
10.805,16.94,0
10.81,16.94,0
10.815,16.94,0
10.82,16.94,0
10.825,21.19,0
10.83,21.19,0
10.835,-1.78,0
10.84,-5.84,0
10.845,-1.78,0
10.85,-1.78,0
10.855,3.13,0
10.86,18.93,0
10.865,18.93,0
10.87,-3.78,0
10.875,-3.78,0
10.88,-3.78,0
10.885,4.12,0
10.89,4.12,0
10.895,-11.08,0
10.9,-11.08,0
10.905,20.65,0
10.91,20.65,0
10.915,20.65,0
10.92,20.65,0
10.925,2.41,0
10.93,2.41,0
10.935,2.41,0
10.94,-8.06,0
10.945,-8.06,0
10.95,-8.06,0
10.955,-5.34,0
10.96,-1.11,0
10.965,4.06,0
10.97,4.06,0
10.975,17.06,0
10.98,17.06,0
10.985,-7.31,0
10.99,-7.31,0
10.995,-3.52,0
11.0,-3.52,0
11.005,2.81,0
11.01,2.81,0
11.015,2.81,0
11.02,2.81,0
11.025,2.81,0
11.03,2.81,0
11.035,-2.87,0
11.04,-2.87,0
11.045,17.06,0
11.05,4.7,0
11.055,18.74,0
11.06,-12.72,0
11.065,22.38,0
11.07,22.38,0
11.075,-3.83,0
11.08,-3.83,0
11.085,-3.83,0
11.09,-3.83,0
11.095,15.31,0
11.1,15.31,0
11.105,15.31,0
11.11,15.31,0
11.115,-2.3,0
11.12,4.07,0
11.125,4.07,0
11.13,4.07,0
11.135,4.7,0
11.14,4.07,0
11.145,20.62,0
11.15,-9.39,0
11.155,21.22,0
11.16,4.74,0
11.165,4.74,0
11.17,18.89,0
11.175,18.89,0
11.18,18.89,0
11.185,18.89,0
11.19,17.12,0
11.195,17.12,0
11.2,-2.64,0
11.205,-2.64,0
11.21,-7.59,0
11.215,16.28,0
11.22,16.28,0
11.225,-11.0,0
11.23,-11.0,0
11.235,20.5,0
11.24,22.57,0
11.245,-3.15,0
11.25,-1.28,0
11.255,-1.28,0
11.26,-10.61,0
11.265,-10.61,0
11.27,-10.61,0
11.275,-10.61,0
11.28,-10.61,0
11.285,18.67,0
11.29,14.49,0
11.295,14.49,0
11.3,14.49,0
11.305,14.49,0
11.31,14.49,0
11.315,21.17,0
11.32,21.17,0
11.325,-3.65,0
11.33,-3.65,0
11.335,2.28,0
11.34,-11.6,0
11.345,-11.6,0
11.35,-11.6,0
11.355,-11.6,0
11.36,-7.23,0
11.365,-1.83,0
11.37,-1.83,0
11.375,22.94,0
11.38,4.34,0
11.385,4.34,0
11.39,4.34,0
11.395,4.34,0
11.4,2.05,0
11.405,-4.43,0
11.41,3.85,0
11.415,3.85,0
11.42,3.85,0
11.425,11.23,0
11.43,6.52,0
11.435,6.52,0
11.44,6.52,0
11.445,-9.5,0
11.45,-4.28,0
11.455,24.54,0
11.46,24.54,0
11.465,-8.84,0
11.47,-8.84,0
11.475,-8.84,0
11.48,14.73,0
11.485,14.73,0
11.49,-11.58,0
11.495,-11.58,0
11.5,-11.58,0
11.505,-11.58,0
11.51,12.52,0
11.515,12.52,0
11.52,14.29,0
11.525,-3.63,0
11.53,19.16,0
11.535,19.16,0
11.54,12.59,0
11.545,12.59,0
11.55,12.59,0
11.555,12.59,0
11.56,12.59,0
11.565,12.59,0
11.57,12.59,0
11.575,-0.35,0
11.58,21.22,0
11.585,-10.51,0
11.59,-10.51,0
11.595,8.83,0
11.6,8.83,0
11.605,8.83,0
11.61,8.83,0
11.615,8.83,0
11.62,8.83,0
11.625,-10.82,0
11.63,-10.82,0
11.635,-10.82,0
11.64,-10.82,0
11.645,7.55,0
11.65,7.55,0
11.655,22.16,0
11.66,22.16,0
11.665,-12.22,0
11.67,15.73,0
11.675,15.73,0
11.68,-0.35,0
11.685,4.46,0
11.69,4.46,0
11.695,19.16,0
11.7,19.16,0
11.705,-9.99,0
11.71,-3.24,0
11.715,14.36,0
11.72,9.19,0
11.725,9.19,0
11.73,9.19,0
11.735,11.21,0
11.74,17.75,0
11.745,-12.28,0
11.75,-12.28,0
11.755,-12.28,0
11.76,-12.28,0
11.765,14.33,0
11.77,14.33,0
11.775,-4.48,0
11.78,-4.48,0
11.785,14.81,0
11.79,23.09,0
11.795,10.52,0
11.8,8.89,0
11.805,8.89,0
11.81,8.89,0
11.815,22.22,0
11.82,18.79,0
11.825,-8.63,0
11.83,-8.63,0
11.835,-8.63,0
11.84,-8.63,0
11.845,5.31,0
11.85,18.43,0
11.855,-5.72,0
11.86,-5.72,0
11.865,-7.87,0
11.87,-7.87,0
11.875,13.42,0
11.88,13.42,0
11.885,6.62,0
11.89,6.62,0
11.895,24.8,0
11.9,24.8,0
11.905,24.8,0
11.91,24.8,0
11.915,6.62,0
11.92,16.15,0
11.925,16.15,0
11.93,16.15,0
11.935,6.97,0
11.94,6.97,0
11.945,-11.61,0
11.95,-11.61,0
11.955,-11.61,0
11.96,10.1,0
11.965,10.1,0
11.97,-2.24,0
11.975,10.1,0
11.98,-6.14,0
11.985,-6.14,0
11.99,13.77,0
11.995,-7.35,0
12.0,12.86,0
12.005,12.86,0
12.01,12.86,0
12.015,13.77,0
12.02,-2.24,0
12.025,-12.67,0
12.03,12.01,0
12.035,12.01,0
12.04,7.85,0
12.045,7.85,0
12.05,7.85,0
12.055,7.85,0
12.06,22.22,0
12.065,22.22,0
12.07,22.22,0
12.075,22.22,0
12.08,22.22,0
12.085,-9.03,0
12.09,-9.03,0
12.095,14.77,0
12.1,20.03,0
12.105,-12.07,0
12.11,-15.47,0
12.115,-7.57,0
12.12,-7.57,0
12.125,20.88,0
12.13,-5.25,0
12.135,-7.3,0
12.14,-7.3,0
12.145,21.03,0
12.15,7.94,0
12.155,14.89,0
12.16,14.66,0
12.165,14.66,0
12.17,9.95,0
12.175,9.95,0
12.18,9.95,0
12.185,9.95,0
12.19,21.0,0
12.195,21.0,0
12.2,14.66,0
12.205,21.38,0
12.21,10.32,0
12.215,-10.62,0
12.22,-10.62,0
12.225,-10.62,0
12.23,-10.62,0
12.235,-8.13,0
12.24,-8.13,0
12.245,-11.54,0
12.25,-11.54,0
12.255,19.08,0
12.26,19.08,0
12.265,-3.37,0
12.27,21.0,0
12.275,1.21,0
12.28,1.21,0
12.285,17.15,0
12.29,17.15,0
12.295,-11.45,0
12.3,-11.45,0
12.305,-4.6,0
12.31,-4.6,0
12.315,-11.95,0
12.32,17.0,0
12.325,17.0,0
12.33,17.0,0
12.335,17.0,0
12.34,17.0,0
12.345,-5.51,0
12.35,-5.51,0
12.355,-0.84,0
12.36,-0.84,0
12.365,-7.91,0
12.37,-7.91,0
12.375,-7.91,0
12.38,-7.91,0
12.385,-7.91,0
12.39,-7.91,0
12.395,3.66,0
12.4,3.66,0
12.405,17.37,0
12.41,17.37,0
12.415,17.37,0
12.42,17.37,0
12.425,-11.29,0
12.43,-12.74,0
12.435,19.46,0
12.44,19.46,0
12.445,19.46,0
12.45,19.46,0
12.455,-8.52,0
12.46,-8.52,0
12.465,-8.52,0
12.47,18.18,0
12.475,18.18,0
12.48,8.02,0
12.485,-8.22,0
12.49,-8.22,0
12.495,-8.22,0
12.5,-8.22,0
12.505,20.48,0
12.51,20.48,0
12.515,3.66,0
12.52,3.33,0
12.525,17.39,0
12.53,17.39,0
12.535,17.39,0
12.54,-12.81,0
12.545,-12.81,0
12.55,-12.81,0
12.555,20.84,0
12.56,20.84,0
12.565,17.98,0
12.57,17.98,0
12.575,-3.22,0
12.58,8.72,0
12.585,-3.54,0
12.59,-3.54,0
12.595,1.11,0
12.6,1.11,0
12.605,14.56,0
12.61,-12.04,0
12.615,-12.04,0
12.62,14.56,0
12.625,19.57,0
12.63,19.57,0
12.635,19.57,0
12.64,-4.65,0
12.645,-4.65,0
12.65,2.0,0
12.655,-4.65,0
12.66,-4.65,0
12.665,-4.65,0
12.67,20.58,0
12.675,20.58,0
12.68,20.58,0
12.685,17.86,0
12.69,17.86,0
12.695,-17.73,0
12.7,-1.74,0
12.705,-1.74,0
12.71,1.72,0
12.715,1.72,0
12.72,23.27,0
12.725,5.03,0
12.73,21.26,0
12.735,-14.69,0
12.74,10.38,0
12.745,20.6,0
12.75,20.6,0
12.755,19.6,0
12.76,4.44,0
12.765,14.8,0
12.77,14.8,0
12.775,14.8,0
12.78,14.8,0
12.785,-9.85,0
12.79,-9.85,0
12.795,-1.68,0
12.8,-1.68,0
12.805,10.33,0
12.81,-1.49,0
12.815,-11.7,0
12.82,-1.74,0
12.825,-11.7,0
12.83,-11.7,0
12.835,-0.62,0
12.84,-1.73,0
12.845,8.94,0
12.85,19.74,0
12.855,19.74,0
12.86,19.74,0
12.865,17.42,0
12.87,17.42,0
12.875,17.42,0
12.88,5.44,0
12.885,5.44,0
12.89,5.44,0
12.895,-1.03,0
12.9,15.1,0
12.905,15.1,0
12.91,15.17,1
12.915,15.17,0
12.92,-5.03,0
12.925,15.17,0
12.93,15.67,0
12.935,10.47,0
12.94,-9.6,0
12.945,-9.6,0
12.95,10.05,0
12.955,-2.1,0
12.96,-0.43,0
12.965,-0.43,0
12.97,16.13,0
12.975,16.13,0
12.98,-10.03,0
12.985,-10.03,0
12.99,-10.03,0
12.995,-10.03,0
13.0,-0.83,0
13.005,-0.83,0
13.01,19.36,0
13.015,-12.16,0
13.02,-10.08,0
13.025,-10.08,0
13.03,19.6,0
13.035,19.6,0
13.04,19.6,0
13.045,13.16,0
13.05,24.09,0
13.055,17.84,0
13.06,8.62,0
13.065,8.62,0
13.07,-5.47,0
13.075,-5.47,0
13.08,22.88,0
13.085,22.88,0
13.09,22.88,0
13.095,22.88,0
13.1,22.88,0
13.105,9.63,0
13.11,9.63,0
13.115,9.63,0
13.12,21.02,0
13.125,20.86,0
13.13,-10.41,0
13.135,-12.1,0
13.14,-12.1,0
13.145,9.15,0
13.15,0.71,0
13.155,9.15,0
13.16,18.88,0
13.165,18.88,0
13.17,-9.79,0
13.175,-3.77,0
13.18,10.25,0
13.185,10.25,0
13.19,15.62,0
13.195,8.91,0
13.2,-6.71,0
13.205,-6.71,0
13.21,8.91,0
13.215,-7.43,0
13.22,14.49,0
13.225,14.49,0
13.23,21.88,0
13.235,8.73,0
13.24,17.17,0
13.245,17.82,0
13.25,17.82,0
13.255,15.62,0
13.26,12.44,0
13.265,12.44,0
13.27,12.44,0
13.275,18.88,0
13.28,11.07,0
13.285,20.18,0
13.29,20.18,0
13.295,-9.72,0
13.3,-9.72,0
13.305,-9.72,0
13.31,9.93,0
13.315,-13.25,0
13.32,9.93,0
13.325,-8.24,0
13.33,14.49,0
13.335,10.76,0
13.34,-7.46,0
13.345,11.07,0
13.35,9.72,0
13.355,9.72,0
13.36,9.72,0
13.365,-8.24,0
13.37,-8.24,0
13.375,-8.24,0
13.38,-8.24,0
13.385,14.5,0
13.39,14.5,0
13.395,6.97,0
13.4,6.97,0
13.405,-3.2,0
13.41,-3.2,0
13.415,-9.51,0
13.42,-1.34,0
13.425,20.69,0
13.43,-9.51,0
13.435,14.5,0
13.44,-9.42,0
13.445,-9.42,0
13.45,-9.42,0
13.455,-9.42,0
13.46,-9.42,0
13.465,-9.42,0
13.47,-9.42,0
13.475,20.7,0
13.48,9.54,0
13.485,-8.87,0
13.49,-8.87,0
13.495,23.9,0
13.5,23.9,0
13.505,10.81,0
13.51,10.81,0
13.515,11.7,0
13.52,11.7,0
13.525,11.7,0
13.53,11.7,0
13.535,19.46,0
13.54,-9.04,0
13.545,19.46,0
13.55,-8.36,0
13.555,-8.36,0
13.56,-8.36,0
13.565,-6.04,0
13.57,8.99,0
13.575,8.99,0
13.58,8.99,0
13.585,13.4,0
13.59,14.58,0
13.595,14.58,0
13.6,14.58,0
13.605,-5.8,0
13.61,-5.8,0
13.615,21.19,0
13.62,21.19,0
13.625,21.19,0
13.63,21.19,0
13.635,12.3,0
13.64,12.3,0
13.645,9.75,0
13.65,1.65,0
13.655,-7.47,0
13.66,18.68,0
13.665,18.46,0
13.67,-11.84,0
13.675,14.58,0
13.68,14.58,0
13.685,9.31,0
13.69,9.31,0
13.695,-4.8,0
13.7,-8.72,0
13.705,-10.15,0
13.71,-10.15,0
13.715,-0.62,0
13.72,12.0,0
13.725,7.18,0
13.73,13.87,0
13.735,22.56,0
13.74,22.56,0
13.745,22.56,0
13.75,22.56,0
13.755,22.56,0
13.76,22.56,0
13.765,12.73,0
13.77,12.73,0
13.775,21.46,0
13.78,-7.71,0
13.785,-7.71,0
13.79,-7.71,0
13.795,-7.71,0
13.8,-7.71,0
13.805,11.4,0
13.81,11.4,0
13.815,-7.26,0
13.82,-7.26,0
13.825,-9.49,0
13.83,10.4,0
13.835,10.4,0
13.84,10.4,0
13.845,8.17,0
13.85,8.17,0
13.855,23.14,0
13.86,12.73,0
13.865,19.5,0
13.87,21.58,0
13.875,21.58,0
13.88,12.73,0
13.885,-8.01,0
13.89,-2.16,0
13.895,-2.16,0
13.9,-2.16,0
13.905,-2.16,0
13.91,-2.16,0
13.915,-2.16,0
13.92,1.19,0
13.925,18.01,0
13.93,18.01,0
13.935,1.65,0
13.94,-0.3,0
13.945,-0.3,0
13.95,16.8,0
13.955,16.8,0
13.96,16.8,0
13.965,-14.52,0
13.97,-14.52,0
13.975,18.12,0
13.98,18.12,0
13.985,-1.74,0
13.99,3.44,0
13.995,15.51,0
14.0,15.51,0
14.005,16.86,0
14.01,18.12,0
14.015,-5.28,0
14.02,-5.28,0
14.025,-5.28,0
14.03,-5.28,0
14.035,15.84,0
14.04,15.84,0
14.045,-9.29,0
14.05,-9.29,0
14.055,0.16,0
14.06,0.16,0
14.065,0.48,0
14.07,0.48,0
14.075,0.48,0
14.08,0.48,0
14.085,-3.81,0
14.09,-10.84,0
14.095,18.82,0
14.1,-5.28,0
14.105,3.38,0
14.11,3.38,0
14.115,16.91,0
14.12,16.91,0
14.125,16.91,0
14.13,16.91,0
14.135,18.29,0
14.14,18.29,0
14.145,18.29,0
14.15,2.15,0
14.155,2.33,0
14.16,2.15,0
14.165,-10.98,0
14.17,21.86,0
14.175,21.86,0
14.18,21.86,0
14.185,-1.86,0
14.19,3.91,0
14.195,3.91,0
14.2,-6.6,0
14.205,-6.6,0
14.21,20.67,0
14.215,20.67,0
14.22,-2.26,0
14.225,-2.26,0
14.23,-1.77,0
14.235,1.67,0
14.24,16.81,0
14.245,16.81,0
14.25,18.08,0
14.255,18.08,0
14.26,-0.33,0
14.265,-0.33,0
14.27,14.76,0
14.275,14.76,0
14.28,-8.76,0
14.285,-8.76,0
14.29,-8.76,0
14.295,-8.76,0
14.3,1.66,0
14.305,1.66,0
14.31,2.21,0
14.315,21.89,0
14.32,-16.28,0
14.325,-16.28,0
14.33,18.19,0
14.335,18.19,0
14.34,18.19,0
14.345,18.19,0
14.35,4.29,0
14.355,0.72,0
14.36,4.29,0
14.365,4.29,0
14.37,-12.12,0
14.375,-12.12,0
14.38,1.47,0
14.385,1.47,0
14.39,5.44,0
14.395,5.44,0
14.4,-8.08,0
14.405,15.11,0
14.41,-7.22,0
14.415,-12.11,0
14.42,0.03,0
14.425,0.03,0
14.43,-0.91,0
14.435,22.7,0
14.44,-0.91,0
14.445,-0.91,0
14.45,-0.91,0
14.455,-4.64,0
14.46,21.79,0
14.465,21.79,0
14.47,5.44,0
14.475,-2.27,0
14.48,4.29,0
14.485,-0.99,0
14.49,-10.4,0
14.495,-10.4,0
14.5,17.49,0
14.505,21.28,0
14.51,0.36,0
14.515,0.36,0
14.52,15.93,0
14.525,-14.15,0
14.53,-14.15,0
14.535,19.92,0
14.54,19.92,0
14.545,19.92,0
14.55,-5.29,0
14.555,-5.29,0
14.56,-14.15,0
14.565,16.14,0
14.57,16.14,0
14.575,19.69,0
14.58,19.69,0
14.585,-4.13,0
14.59,-4.13,0
14.595,-4.13,0
14.6,-4.13,0
14.605,20.66,0
14.61,15.56,0
14.615,15.56,0
14.62,15.56,0
14.625,-3.46,0
14.63,-8.05,0
14.635,0.23,0
14.64,0.23,0
14.645,20.77,0
14.65,-11.45,0
14.655,-11.45,0
14.66,-11.45,0
14.665,-11.45,0
14.67,17.11,0
14.675,20.77,0
14.68,17.11,0
14.685,-10.99,0
14.69,-10.99,0
14.695,-10.99,0
14.7,-10.99,0
14.705,-2.88,0
14.71,18.1,0
14.715,18.1,0
14.72,15.32,0
14.725,15.32,0
14.73,-8.33,0
14.735,8.12,0
14.74,8.12,0
14.745,1.69,0
14.75,8.12,0
14.755,21.71,0
14.76,21.71,0
14.765,-8.89,0
14.77,10.44,0
14.775,10.44,0
14.78,-5.3,0
14.785,-5.3,0
14.79,-5.3,0
14.795,-5.3,0
14.8,-5.3,0
14.805,-5.3,0
14.81,8.66,0
14.815,8.66,0
14.82,-6.03,0
14.825,-6.03,0
14.83,18.72,0
14.835,18.72,0
14.84,18.72,0
14.845,18.72,0
14.85,12.15,0
14.855,12.15,0
14.86,9.3,0
14.865,9.3,0
14.87,23.35,0
14.875,23.35,0
14.88,-10.39,0
14.885,-10.39,0
14.89,-10.39,0
14.895,9.3,0
14.9,-10.39,0
14.905,-10.39,0
14.91,5.45,0
14.915,5.45,0
14.92,5.45,0
14.925,5.45,0
14.93,9.3,0
14.935,19.9,0
14.94,19.9,0
14.945,-5.39,0
14.95,-5.39,0
14.955,22.05,0
14.96,22.05,0
14.965,22.05,0
14.97,22.05,0
14.975,9.82,0
14.98,9.82,0
14.985,8.83,0
14.99,8.83,0
14.995,22.92,0
15.0,22.92,0
15.005,-10.49,0
15.01,-10.49,0
15.015,0.8,0
15.02,-10.49,0
15.025,9.0,0
15.03,9.0,0
15.035,15.19,0
15.04,-7.26,0
15.045,19.24,0
15.05,9.08,0
15.055,9.08,0
15.06,-8.96,0
15.065,8.56,0
15.07,-7.32,0
15.075,-7.32,0
15.08,-7.32,0
15.085,18.43,0
15.09,-12.32,0
15.095,18.43,0
15.1,0.8,0
15.105,-7.59,0
15.11,-7.59,0
15.115,11.49,0
15.12,11.49,0
15.125,-9.77,0
15.13,-9.77,0
15.135,-9.77,0
15.14,-9.77,0
15.145,7.54,0
15.15,7.54,0
15.155,-10.85,0
15.16,-10.85,0
15.165,-8.25,0
15.17,-8.25,0
15.175,10.89,0
15.18,10.89,0
15.185,18.39,0
15.19,10.89,0
15.195,-5.53,0
15.2,22.5,0
15.205,22.5,0
15.21,12.89,0
15.215,-13.22,0
15.22,8.9,0
15.225,8.9,0
15.23,8.9,0
15.235,8.9,0
15.24,19.54,0
15.245,-11.26,0
15.25,19.54,0
15.255,19.54,0
15.26,11.58,0
15.265,22.5,0
15.27,-8.89,0
15.275,-8.89,0
15.28,-8.89,0
15.285,-13.22,0
15.29,-8.11,0
15.295,-8.11,0
15.3,13.59,0
15.305,13.59,0
15.31,-6.72,0
15.315,-6.65,0
15.32,23.71,0
15.325,23.71,0
15.33,2.62,0
15.335,-12.17,0
15.34,10.58,0
15.345,10.58,0
15.35,9.69,0
15.355,9.69,0
15.36,22.4,0
15.365,22.4,0
15.37,22.4,0
15.375,22.4,0
15.38,-6.7,0
15.385,-9.19,0
15.39,-3.54,0
15.395,-3.54,0
15.4,-3.54,0
15.405,-3.54,0
15.41,-9.67,0
15.415,-9.67,0
15.42,10.35,0
15.425,10.35,0
15.43,-4.99,0
15.435,-4.99,0
15.44,21.85,0
15.445,21.85,0
15.45,21.85,0
15.455,21.85,0
15.46,21.85,0
15.465,-7.91,0
15.47,-7.91,0
15.475,7.54,0
15.48,7.54,0
15.485,23.45,0
15.49,7.54,0
15.495,-6.76,0
15.5,-6.76,0
15.505,-6.76,0
15.51,-6.76,0
15.515,9.82,0
15.52,9.82,0
15.525,-1.39,0
15.53,-1.39,0
15.535,4.46,0
15.54,4.46,0
15.545,-13.28,0
15.55,4.46,0
15.555,4.46,0
15.56,4.46,0
15.565,3.05,0
15.57,3.05,0
15.575,3.05,0
15.58,20.59,0
15.585,-8.92,0
15.59,19.01,0
15.595,19.01,0
15.6,19.01,0
15.605,-1.37,0
15.61,-1.37,0
15.615,-1.37,0
15.62,-1.37,0
15.625,14.0,0
15.63,14.0,0
15.635,-7.55,0
15.64,23.89,0
15.645,0.11,0
15.65,0.11,0
15.655,0.43,0
15.66,0.43,0
15.665,0.43,0
15.67,-10.15,0
15.675,30.12,0
15.68,-10.15,0
15.685,22.31,0
15.69,3.33,0
15.695,3.33,0
15.7,3.33,0
15.705,3.33,0
15.71,4.48,0
15.715,3.33,0
15.72,20.14,0
15.725,20.14,0
15.73,-2.2,0
15.735,-2.2,0
15.74,20.51,0
15.745,21.03,0
15.75,-10.32,0
15.755,-10.32,0
15.76,-7.29,0
15.765,20.79,0
15.77,-1.51,0
15.775,-1.51,0
15.78,-1.51,0
15.785,-1.51,0
15.79,0.06,0
15.795,30.79,0
15.8,-12.16,0
15.805,-8.37,0
15.81,21.39,0
15.815,21.39,0
15.82,0.4,0
15.825,0.4,0
15.83,0.4,0
15.835,0.4,0
15.84,20.96,0
15.845,20.96,0
15.85,-0.87,0
15.855,-0.87,0
15.86,14.67,0
15.865,14.67,0
15.87,13.68,0
15.875,14.67,0
15.88,-1.51,0
15.885,14.67,0
15.89,0.82,0
15.895,0.82,0
15.9,20.45,0
15.905,-11.85,0
15.91,-11.85,0
15.915,-11.85,0
15.92,20.21,0
15.925,20.21,0
15.93,20.21,0
15.935,20.45,0
15.94,0.32,0
15.945,0.32,0
15.95,16.41,0
15.955,7.14,0
15.96,-13.57,0
15.965,19.92,0
15.97,19.92,0
15.975,-1.3,0
15.98,-1.3,0
15.985,15.51,0
15.99,15.51,0
15.995,-11.6,0
16.0,-11.6,0
16.005,19.74,0
16.01,19.74,0
16.015,1.94,0
16.02,1.94,0
16.025,19.15,0
16.03,19.15,0
16.035,-7.96,0
16.04,-4.61,0
16.045,18.63,0
16.05,18.63,0
16.055,5.05,0
16.06,5.05,0
16.065,15.22,0
16.07,15.22,0
16.075,21.46,0
16.08,21.46,0
16.085,-2.47,0
16.09,-2.47,0
16.095,-2.47,0
16.1,-2.47,0
16.105,13.82,0
16.11,20.08,0
16.115,13.82,0
16.12,-10.47,0
16.125,-10.47,0
16.13,0.69,0
16.135,0.69,0
16.14,1.03,0
16.145,1.03,0
16.15,1.03,0
16.155,1.03,0
16.16,1.03,0
16.165,1.03,0
16.17,15.03,0
16.175,-0.91,0
16.18,-0.91,0
16.185,0.69,0
16.19,18.1,0
16.195,18.1,0
16.2,18.1,0
16.205,18.1,0
16.21,18.1,0
16.215,18.1,0
16.22,-0.09,0
16.225,-0.09,0
16.23,17.5,0
16.235,17.5,0
16.24,-7.52,0
16.245,-7.52,0
16.25,-7.52,0
16.255,0.03,0
16.26,0.03,0
16.265,0.03,0
16.27,2.73,0
16.275,2.73,0
16.28,2.73,0
16.285,2.73,0
16.29,15.08,0
16.295,15.08,0
16.3,1.73,0
16.305,-7.41,0
16.31,1.73,0
16.315,1.73,0
16.32,18.08,0
16.325,18.08,0
16.33,17.3,0
16.335,17.3,0
16.34,21.27,0
16.345,-10.7,0
16.35,-10.7,0
16.355,-10.7,0
16.36,-10.7,0
16.365,-10.7,0
16.37,10.03,0
16.375,-5.99,0
16.38,-5.99,0
16.385,21.91,0
16.39,21.91,0
16.395,-6.01,0
16.4,-6.01,0
16.405,12.39,0
16.41,12.39,0
16.415,-8.17,0
16.42,-8.17,0
16.425,21.36,0
16.43,21.36,0
16.435,9.18,0
16.44,9.18,0
16.445,9.62,0
16.45,9.62,0
16.455,9.62,0
16.46,15.78,0
16.465,21.72,0
16.47,21.72,0
16.475,6.04,0
16.48,-7.82,0
16.485,12.01,0
16.49,12.01,0
16.495,12.01,0
16.5,-5.66,0
16.505,10.93,0
16.51,21.4,0
16.515,-7.46,0
16.52,-11.93,0
16.525,-7.46,0
16.53,11.84,0
16.535,-5.46,0
16.54,-5.46,0
16.545,-5.46,0
16.55,19.92,0
16.555,-5.51,0
16.56,-5.51,0
16.565,21.28,0
16.57,7.39,0
16.575,7.39,0
16.58,7.39,0
16.585,7.39,0
16.59,22.2,0
16.595,22.2,0
16.6,-9.13,0
16.605,-9.13,0
16.61,7.69,0
16.615,7.69,0
16.62,-3.42,0
16.625,-3.42,0
16.63,-3.42,0
16.635,-3.42,0
16.64,-6.34,0
16.645,-6.34,0
16.65,9.69,0
16.655,9.69,0
16.66,-5.98,0
16.665,-5.98,0
16.67,21.3,0
16.675,-10.99,0
16.68,-10.99,0
16.685,-10.99,0
16.69,9.56,0
16.695,-7.84,0
16.7,9.56,0
16.705,9.56,0
16.71,-7.73,0
16.715,-7.73,0
16.72,-6.45,0
16.725,-6.45,0
16.73,8.51,0
16.735,8.51,0
16.74,8.51,0
16.745,8.51,0
16.75,-6.34,0
16.755,-5.36,0
16.76,-7.81,0
16.765,-7.81,0
16.77,9.79,0
16.775,9.79,0
16.78,9.79,0
16.785,10.82,0
16.79,9.79,0
16.795,-9.62,0
16.8,-4.91,0
16.805,-1.7,0
16.81,1.36,0
16.815,16.83,0
16.82,5.54,0
16.825,5.54,0
16.83,19.83,0
16.835,19.83,0
16.84,-10.19,0
16.845,16.34,0
16.85,-10.19,0
16.855,-10.19,0
16.86,9.63,0
16.865,9.63,0
16.87,-9.38,0
16.875,-9.38,0
16.88,-8.62,0
16.885,-8.62,0
16.89,9.13,0
16.895,9.13,0
16.9,9.13,0
16.905,9.13,0
16.91,9.13,0
16.915,9.13,0
16.92,19.3,0
16.925,18.33,0
16.93,9.17,0
16.935,9.19,0
16.94,9.19,0
16.945,-8.53,0
16.95,-12.07,0
16.955,21.16,0
16.96,4.96,0
16.965,21.16,0
16.97,-7.01,0
16.975,7.22,0
16.98,7.22,0
16.985,-8.53,0
16.99,-7.35,0
16.995,21.3,0
17.0,21.3,0
17.005,-6.22,0
17.01,-6.22,0
17.015,13.8,0
17.02,13.8,0
17.025,-4.66,0
17.03,-4.66,0
17.035,23.08,0
17.04,23.08,0
17.045,-7.29,0
17.05,-7.29,0
17.055,9.29,0
17.06,9.29,0
17.065,9.29,0
17.07,9.29,0
17.075,19.39,0
17.08,19.39,0
17.085,19.39,0
17.09,19.39,0
17.095,20.18,0
17.1,11.8,0
17.105,-5.1,0
17.11,-5.1,0
17.115,-5.1,0
17.12,-5.1,0
17.125,-9.85,0
17.13,-9.85,0
17.135,10.84,0
17.14,10.84,0
17.145,10.84,0
17.15,10.84,0
17.155,9.17,0
17.16,9.17,0
17.165,17.75,0
17.17,17.75,0
17.175,17.75,0
17.18,17.75,0
17.185,-7.84,0
17.19,10.84,0
17.195,-0.16,0
17.2,-12.41,0
17.205,14.56,0
17.21,14.56,0
17.215,-10.72,0
17.22,-10.72,0
17.225,-10.72,0
17.23,-10.72,0
17.235,0.83,0
17.24,0.83,0
17.245,-0.32,0
17.25,15.64,0
17.255,-10.37,0
17.26,17.01,0
17.265,17.01,0
17.27,17.01,0
17.275,17.01,0
17.28,3.0,0
17.285,3.0,0
17.29,18.8,0
17.295,18.8,0
17.3,23.72,0
17.305,23.72,0
17.31,-0.49,0
17.315,-0.49,0
17.32,-0.49,0
17.325,-0.49,0
17.33,15.93,0
17.335,15.93,0
17.34,-11.51,0
17.345,-11.51,0
17.35,-0.58,0
17.355,-0.58,0
17.36,-2.89,0
17.365,-2.89,0
17.37,18.5,0
17.375,18.5,0
17.38,-15.73,0
17.385,-15.73,0
17.39,17.59,0
17.395,17.59,0
17.4,10.24,0
17.405,0.61,0
17.41,17.6,0
17.415,-15.73,0
17.42,-10.99,0
17.425,-10.99,0
17.43,22.33,0
17.435,22.33,0
17.44,-3.38,0
17.445,-3.38,0
17.45,17.49,0
17.455,-7.6,0
17.46,-7.6,0
17.465,-7.6,0
17.47,-3.74,0
17.475,-7.6,0
17.48,-7.6,0
17.485,22.33,0
17.49,24.29,0
17.495,-1.96,0
17.5,19.81,0
17.505,-7.08,0
17.51,-1.96,0
17.515,1.8,0
17.52,1.8,0
17.525,17.57,0
17.53,18.42,0
17.535,-7.02,0
17.54,-3.38,0
17.545,18.08,0
17.55,18.08,0
17.555,0.3,0
17.56,0.3,0
17.565,-11.37,0
17.57,20.83,0
17.575,-11.54,0
17.58,-11.54,0
17.585,-11.54,0
17.59,-11.54,0
17.595,-11.54,0
17.6,-11.54,0
17.605,1.28,0
17.61,-1.7,0
17.615,17.51,0
17.62,-2.04,0
17.625,-15.14,0
17.63,-15.14,0
17.635,-15.14,0
17.64,-9.0,0
17.645,2.27,0
17.65,2.27,0
17.655,17.36,0
17.66,17.36,0
17.665,18.03,0
17.67,18.03,0
17.675,18.03,0
17.68,18.03,0
17.685,-0.51,0
17.69,-0.51,0
17.695,-13.47,0
17.7,-3.1,0
17.705,-13.47,0
17.71,-13.47,0
17.715,-13.47,0
17.72,21.36,0
17.725,-13.47,0
17.73,2.45,0
17.735,2.45,0
17.74,19.28,0
17.745,19.28,0
17.75,14.31,0
17.755,14.31,0
17.76,2.56,0
17.765,2.56,0
17.77,-1.06,0
17.775,-1.06,0
17.78,19.26,0
17.785,19.26,0
17.79,18.63,0
17.795,18.63,0
17.8,18.63,0
17.805,18.63,0
17.81,18.63,0
17.815,18.63,0
17.82,18.63,0
17.825,18.63,0
17.83,18.63,0
17.835,18.63,0
17.84,17.18,0
17.845,17.18,0
17.85,-0.66,0
17.855,-0.66,0
17.86,-13.19,0
17.865,-13.19,0
17.87,22.67,0
17.875,-13.72,0
17.88,22.67,0
17.885,22.67,0
17.89,-5.73,0
17.895,22.67,0
17.9,2.48,0
17.905,16.5,0
17.91,18.2,1
17.915,18.2,0
17.92,-0.87,0
17.925,-0.87,0
17.93,-0.87,0
17.935,15.61,0
17.94,-0.87,0
17.945,-0.87,0
17.95,-17.39,0
17.955,-17.39,0
17.96,1.2,0
17.965,1.2,0
17.97,18.64,0
17.975,18.64,0
17.98,18.64,0
17.985,18.64,0
17.99,12.76,0
17.995,12.76,0
18.0,18.87,0
18.005,-9.6,0
18.01,-9.6,0
18.015,-9.6,0
18.02,20.69,0
18.025,20.69,0
18.03,8.56,0
18.035,8.56,0
18.04,9.95,0
18.045,9.95,0
18.05,9.95,0
18.055,9.95,0
18.06,25.37,0
18.065,25.37,0
18.07,7.96,0
18.075,7.96,0
18.08,6.13,0
18.085,22.38,0
18.09,7.96,0
18.095,-8.96,0
18.1,-8.96,0
18.105,12.05,0
18.11,12.05,0
18.115,-7.87,0
18.12,-7.87,0
18.125,-7.87,0
18.13,-7.87,0
18.135,-7.87,0
18.14,-7.87,0
18.145,17.93,0
18.15,12.28,0
18.155,12.54,0
18.16,11.91,0
18.165,24.03,0
18.17,24.03,0
18.175,-6.53,0
18.18,-6.53,0
18.185,-6.53,0
18.19,-6.53,0
18.195,-6.53,0
18.2,7.04,0
18.205,7.04,0
18.21,-5.13,0
18.215,-5.13,0
18.22,18.22,0
18.225,8.82,0
18.23,8.82,0
18.235,11.29,0
18.24,11.29,0
18.245,11.29,0
18.25,-5.21,0
18.255,-5.21,0
18.26,23.59,0
18.265,23.59,0
18.27,9.71,0
18.275,11.61,0
18.28,11.61,0
18.285,7.04,0
18.29,-6.72,0
18.295,-6.72,0
18.3,-9.24,0
18.305,-9.24,0
18.31,-9.24,0
18.315,-9.24,0
18.32,11.37,0
18.325,11.37,0
18.33,-7.8,0
18.335,-7.91,0
18.34,-7.91,0
18.345,-7.91,0
18.35,6.06,0
18.355,6.06,0
18.36,-6.72,0
18.365,6.06,0
18.37,-10.13,0
18.375,-10.13,0
18.38,20.76,0
18.385,20.76,0
18.39,13.41,0
18.395,2.51,0
18.4,10.16,0
18.405,10.16,0
18.41,-11.36,0
18.415,25.02,0
18.42,25.02,0
18.425,6.0,0
18.43,-8.27,0
18.435,3.0,0
18.44,11.2,0
18.445,-6.2,0
18.45,-6.2,0
18.455,-6.2,0
18.46,23.01,0
18.465,23.01,0
18.47,-9.03,0
18.475,10.32,0
18.48,3.0,0
18.485,-7.03,0
18.49,-22.62,0
18.495,-7.03,0
18.5,-7.03,0
18.505,-7.03,0
18.51,-7.03,0
18.515,-7.03,0
18.52,-7.03,0
18.525,10.93,0
18.53,10.93,0
18.535,10.93,0
18.54,8.78,0
18.545,8.78,0
18.55,20.43,0
18.555,22.07,0
18.56,11.94,0
18.565,-7.31,0
18.57,-7.31,0
18.575,-7.31,0
18.58,-7.31,0
18.585,-10.89,0
18.59,-10.89,0
18.595,7.79,0
18.6,7.79,0
18.605,7.79,0
18.61,-7.87,0
18.615,18.92,0
18.62,18.92,0
18.625,1.55,0
18.63,18.92,0
18.635,18.92,0
18.64,7.21,0
18.645,-0.17,0
18.65,7.53,0
18.655,7.53,0
18.66,22.71,0
18.665,7.53,0
18.67,-6.8,0
18.675,12.57,0
18.68,12.57,0
18.685,12.57,0
18.69,-7.88,0
18.695,12.57,0
18.7,-5.09,0
18.705,-5.09,0
18.71,-5.09,0
18.715,-5.09,0
18.72,-13.3,0
18.725,-7.82,0
18.73,-7.82,0
18.735,-7.82,0
18.74,-7.82,0
18.745,22.1,0
18.75,22.1,0
18.755,22.1,0
18.76,5.66,0
18.765,5.66,0
18.77,9.45,0
18.775,-11.04,0
18.78,16.9,0
18.785,24.21,0
18.79,24.21,0
18.795,24.21,0
18.8,-13.82,0
18.805,-10.85,0
18.81,-10.85,0
18.815,-0.15,0
18.82,-0.15,0
18.825,-1.98,0
18.83,-1.98,0
18.835,-1.98,0
18.84,-1.98,0
18.845,-15.9,0
18.85,-11.5,0
18.855,18.35,0
18.86,9.59,0
18.865,1.26,0
18.87,-0.22,0
18.875,-0.22,0
18.88,22.56,0
18.885,15.1,0
18.89,20.0,0
18.895,20.0,0
18.9,3.25,0
18.905,3.25,0
18.91,19.6,0
18.915,19.6,0
18.92,-11.34,0
18.925,-11.34,0
18.93,-11.34,0
18.935,-11.34,0
18.94,-1.33,0
18.945,-1.33,0
18.95,0.18,0
18.955,0.18,0
18.96,-0.22,0
18.965,-9.1,0
18.97,21.21,0
18.975,21.21,0
18.98,21.21,0
18.985,21.21,0
18.99,21.21,0
18.995,21.21,0
19.0,-13.56,0
19.005,-13.56,0
19.01,17.97,0
19.015,-17.91,0
19.02,9.9,0
19.025,2.26,0
19.03,2.26,0
19.035,2.26,0
19.04,19.98,0
19.045,2.26,0
19.05,2.26,0
19.055,15.67,0
19.06,15.67,0
19.065,-0.27,0
19.07,-0.27,0
19.075,-0.27,0
19.08,17.72,0
19.085,17.72,0
19.09,10.03,0
19.095,-11.85,0
19.1,19.54,0
19.105,19.54,0
19.11,-0.33,0
19.115,-0.33,0
19.12,-0.33,0
19.125,-0.33,0
19.13,-14.65,0
19.135,-14.65,0
19.14,-1.35,0
19.145,-1.35,0
19.15,-0.08,0
19.155,-0.08,0
19.16,20.62,0
19.165,20.62,0
19.17,-9.64,0
19.175,-9.64,0
19.18,-2.32,0
19.185,-2.32,0
19.19,1.47,0
19.195,1.47,0
19.2,17.89,0
19.205,-9.64,0
19.21,-9.06,0
19.215,-9.06,0
19.22,21.68,0
19.225,21.68,0
19.23,0.12,0
19.235,0.12,0
19.24,21.64,0
19.245,21.64,0
19.25,-13.49,0
19.255,-13.49,0
19.26,1.71,0
19.265,1.71,0
19.27,1.71,0
19.275,16.54,0
19.28,18.98,0
19.285,18.98,0
19.29,-9.84,0
19.295,-9.84,0
19.3,-2.12,0
19.305,-2.12,0
19.31,2.11,0
19.315,2.11,0
19.32,2.11,0
19.325,2.11,0
19.33,2.11,0
19.335,-11.88,0
19.34,17.72,0
19.345,-11.88,0
19.35,19.46,0
19.355,-3.13,0
19.36,-3.13,0
19.365,17.13,0
19.37,17.13,0
19.375,-10.78,0
19.38,16.06,0
19.385,16.06,0
19.39,16.06,0
19.395,6.15,0
19.4,18.04,0
19.405,18.04,0
19.41,18.04,0
19.415,-10.07,0
19.42,-10.07,0
19.425,19.1,0
19.43,19.1,0
19.435,0.02,0
19.44,-3.13,0
19.445,0.02,0
19.45,0.02,0
19.455,-14.74,0
19.46,-14.74,0
19.465,18.46,0
19.47,-1.37,0
19.475,-1.37,0
19.48,-1.37,0
19.485,-1.37,0
19.49,-1.37,0
19.495,-1.37,0
19.5,-1.37,0
19.505,17.87,0
19.51,17.87,0
19.515,20.39,0
19.52,16.6,0
19.525,16.6,0
19.53,-1.37,0
19.535,-11.8,0
19.54,-11.8,0
19.545,17.08,0
19.55,4.69,0
19.555,4.69,0
19.56,-2.88,0
19.565,-2.88,0
19.57,-2.88,0
19.575,-2.88,0
19.58,-2.88,0
19.585,18.28,0
19.59,-2.02,0
19.595,-2.02,0
19.6,-2.02,0
19.605,-2.02,0
19.61,-2.02,0
19.615,18.28,0
19.62,9.18,0
19.625,9.18,0
19.63,22.19,0
19.635,22.19,0
19.64,-4.04,0
19.645,-4.04,0
19.65,18.28,0
19.655,-4.04,0
19.66,14.06,0
19.665,14.06,0
19.67,-8.53,0
19.675,-8.53,0
19.68,-8.53,0
19.685,-8.5,0
19.69,-8.5,0
19.695,10.48,0
19.7,10.48,0
19.705,13.33,0
19.71,13.33,0
19.715,-4.82,0
19.72,-4.82,0
19.725,17.24,0
19.73,17.24,0
19.735,6.13,0
19.74,6.13,0
19.745,14.22,0
19.75,20.39,0
19.755,20.39,0
19.76,20.39,0
19.765,19.58,0
19.77,14.06,0
19.775,-6.08,0
19.78,7.2,0
19.785,7.89,0
19.79,7.89,0
19.795,-10.48,0
19.8,-10.48,0
19.805,7.66,0
19.81,-4.7,0
19.815,-6.08,0
19.82,7.0,0
19.825,12.08,0
19.83,-9.36,0
19.835,-9.62,0
19.84,-9.62,0
19.845,21.82,0
19.85,21.82,0
19.855,7.79,0
19.86,7.79,0
19.865,10.32,0
19.87,10.32,0
19.875,-8.63,0
19.88,-8.63,0
19.885,-0.34,0
19.89,21.89,0
19.895,-4.95,0
19.9,-4.95,0
19.905,8.46,0
19.91,8.46,0
19.915,-7.44,0
19.92,-7.44,0
19.925,21.89,0
19.93,-3.99,0
19.935,-3.99,0
19.94,-3.99,0
19.945,-3.99,0
19.95,-4.53,0
19.955,-9.63,0
19.96,-9.63,0
19.965,1.55,0
19.97,21.88,0
19.975,5.64,0
19.98,12.92,0
19.985,12.92,0
19.99,12.92,0
19.995,12.92,0
20.0,21.98,0
20.005,21.98,0
20.01,21.98,0
20.015,-3.56,0
20.02,-3.56,0
20.025,-3.56,0
20.03,7.92,0
20.035,7.92,0
20.04,7.92,0
20.045,-6.99,0
20.05,-6.99,0
20.055,-6.99,0
20.06,-6.99,0
20.065,11.15,0
20.07,11.15,0
20.075,-10.31,0
20.08,19.67,0
20.085,-14.16,0
20.09,-2.7,0
20.095,-2.7,0
20.1,-2.7,0
20.105,6.83,0
20.11,17.92,0
20.115,13.56,0
20.12,13.56,0
20.125,20.1,0
20.13,20.1,0
20.135,-5.65,0
20.14,-5.65,0
20.145,5.82,0
20.15,5.71,0
20.155,-5.3,0
20.16,-5.3,0
20.165,-5.3,0
20.17,-5.3,0
20.175,-4.49,0
20.18,13.56,0
20.185,8.76,0
20.19,8.76,0
20.195,8.76,0
20.2,8.76,0
20.205,8.76,0
20.21,-2.13,0
20.215,-2.13,0
20.22,3.56,0
20.225,3.56,0
20.23,3.56,0
20.235,3.56,0
20.24,-9.63,0
20.245,-12.14,0
20.25,-4.68,0
20.255,-4.68,0
20.26,19.66,0
20.265,-4.68,0
20.27,10.78,0
20.275,10.78,0
20.28,-6.31,0
20.285,-6.31,0
20.29,-3.91,0
20.295,-3.91,0
20.3,-9.63,0
20.305,5.24,0
20.31,3.56,0
20.315,14.55,0
20.32,-11.38,0
20.325,-11.38,0
20.33,21.74,0
20.335,21.74,0
20.34,21.74,0
20.345,21.74,0
20.35,5.9,0
20.355,5.9,0
20.36,23.1,0
20.365,23.1,0
20.37,23.1,0
20.375,23.1,0
20.38,-9.55,0
20.385,-3.79,0
20.39,-3.79,0
20.395,-3.79,0
20.4,15.3,0
20.405,15.3,0
20.41,-5.69,0
20.415,-5.69,0
20.42,-5.69,0
20.425,-5.69,0
20.43,-14.18,0
20.435,-5.69,0
20.44,-9.83,0
20.445,18.1,0
20.45,-2.66,0
20.455,-1.34,0
20.46,19.53,0
20.465,19.53,0
20.47,19.53,0
20.475,-2.88,0
20.48,19.53,0
20.485,19.53,0
20.49,-4.81,0
20.495,-7.01,0
20.5,19.33,0
20.505,-6.5,0
20.51,-8.2,0
20.515,-8.2,0
20.52,1.65,0
20.525,1.65,0
20.53,-2.76,0
20.535,-2.76,0
20.54,-2.76,0
20.545,-2.76,0
20.55,-13.95,0
20.555,-13.95,0
20.56,-13.95,0
20.565,24.35,0
20.57,2.06,0
20.575,16.04,0
20.58,19.91,0
20.585,19.91,0
20.59,-11.91,0
20.595,-5.06,0
20.6,18.21,0
20.605,18.21,0
20.61,6.49,0
20.615,6.49,0
20.62,20.54,0
20.625,20.54,0
20.63,5.61,0
20.635,-12.05,0
20.64,-12.05,0
20.645,-12.05,0
20.65,-12.05,0
20.655,-12.05,0
20.66,-12.05,0
20.665,21.01,0
20.67,-12.2,0
20.675,-12.2,0
20.68,-12.2,0
20.685,22.99,0
20.69,16.7,0
20.695,-8.53,0
20.7,19.07,0
20.705,19.07,0
20.71,19.07,0
20.715,19.07,0
20.72,13.82,0
20.725,13.82,0
20.73,4.45,0
20.735,4.45,0
20.74,20.2,0
20.745,20.2,0
20.75,20.2,0
20.755,-9.19,0
20.76,-2.42,0
20.765,16.24,0
20.77,16.24,0
20.775,8.36,0
20.78,8.36,0
20.785,-4.57,0
20.79,-5.74,0
20.795,-4.57,0
20.8,-4.57,0
20.805,-11.7,0
20.81,-11.7,0
20.815,-7.19,0
20.82,-7.19,0
20.825,20.55,0
20.83,20.55,0
20.835,20.55,0
20.84,20.55,0
20.845,-7.19,0
20.85,12.6,0
20.855,3.57,0
20.86,3.57,0
20.865,19.36,0
20.87,-8.44,0
20.875,-8.44,0
20.88,-8.44,0
20.885,-8.44,0
20.89,22.21,0
20.895,3.35,0
20.9,-2.92,0
20.905,-2.92,0
20.91,-13.6,0
20.915,-13.6,0
20.92,15.62,0
20.925,15.62,0
20.93,5.07,0
20.935,-13.6,0
20.94,-13.6,0
20.945,-4.62,0
20.95,18.86,0
20.955,18.86,0
20.96,15.56,0
20.965,15.56,0
20.97,8.31,0
20.975,8.31,0
20.98,20.35,0
20.985,20.35,0
20.99,-10.79,0
20.995,-10.79,0
21.0,-10.79,0
21.005,-2.07,0
21.01,15.6,0
21.015,15.6,0
21.02,15.6,0
21.025,-6.23,0
21.03,-7.57,0
21.035,-7.57,0
21.04,14.65,0
21.045,14.65,0
21.05,14.65,0
21.055,14.65,0
21.06,14.65,0
21.065,-3.37,0
21.07,-3.37,0
21.075,23.11,0
21.08,23.11,0
21.085,15.3,0
21.09,15.3,0
21.095,9.69,0
21.1,9.69,0
21.105,-6.27,0
21.11,-6.27,0
21.115,16.16,0
21.12,-9.2,0
21.125,16.16,0
21.13,13.93,0
21.135,13.93,0
21.14,13.93,0
21.145,-2.17,0
21.15,-2.17,0
21.155,21.32,0
21.16,9.69,0
21.165,-12.21,0
21.17,-3.37,0
21.175,16.26,0
21.18,16.26,0
21.185,-7.08,0
21.19,-5.43,0
21.195,22.92,0
21.2,22.92,0
21.205,22.92,0
21.21,12.52,0
21.215,12.52,0
21.22,4.66,0
21.225,4.66,0
21.23,19.64,0
21.235,19.64,0
21.24,1.62,0
21.245,1.62,0
21.25,15.81,0
21.255,15.81,0
21.26,-14.04,0
21.265,4.66,0
21.27,-14.04,0
21.275,-1.83,0
21.28,0.92,0
21.285,0.92,0
21.29,0.92,0
21.295,0.92,0
21.3,14.07,0
21.305,14.07,0
21.31,14.07,0
21.315,0.96,0
21.32,9.76,0
21.325,0.96,0
21.33,0.96,0
21.335,0.96,0
21.34,-6.43,0
21.345,17.13,0
21.35,-1.55,0
21.355,-1.55,0
21.36,-1.55,0
21.365,-10.14,0
21.37,10.64,0
21.375,10.64,0
21.38,14.07,0
21.385,10.64,0
21.39,10.64,0
21.395,-2.54,0
21.4,3.93,0
21.405,3.93,0
21.41,3.93,0
21.415,-11.3,0
21.42,-11.3,0
21.425,18.72,0
21.43,18.72,0
21.435,18.72,0
21.44,-2.69,0
21.445,-2.69,0
21.45,-2.69,0
21.455,14.62,0
21.46,14.62,0
21.465,14.62,0
21.47,14.62,0
21.475,-11.2,0
21.48,0.6,0
21.485,0.99,0
21.49,0.99,0
21.495,13.04,0
21.5,13.04,0
21.505,-6.12,0
21.51,-0.18,0
21.515,-0.18,0
21.52,2.5,0
21.525,-6.12,0
21.53,2.5,0
21.535,2.5,0
21.54,-13.56,0
21.545,-13.56,0
21.55,-13.56,0
21.555,-13.56,0
21.56,-9.0,0
21.565,1.85,0
21.57,19.67,0
21.575,19.67,0
21.58,15.26,0
21.585,-6.66,0
21.59,17.06,0
21.595,17.06,0
21.6,2.49,0
21.605,2.49,0
21.61,-10.52,0
21.615,15.14,0
21.62,15.14,0
21.625,15.14,0
21.63,-10.87,0
21.635,-10.87,0
21.64,2.62,0
21.645,2.62,0
21.65,2.28,0
21.655,2.28,0
21.66,-12.31,0
21.665,-12.31,0
21.67,16.59,0
21.675,16.59,0
21.68,2.32,0
21.685,-1.23,0
21.69,-1.23,0
21.695,-1.23,0
21.7,-1.23,0
21.705,-1.23,0
21.71,18.79,0
21.715,18.79,0
21.72,-0.11,0
21.725,-0.11,0
21.73,17.24,0
21.735,17.24,0
21.74,-9.99,0
21.745,-9.99,0
21.75,16.37,0
21.755,16.37,0
21.76,4.48,0
21.765,4.48,0
21.77,4.48,0
21.775,4.48,0
21.78,4.48,0
21.785,4.48,0
21.79,-11.77,0
21.795,-11.77,0
21.8,2.37,0
21.805,2.37,0
21.81,18.15,0
21.815,18.15,0
21.82,18.15,0
21.825,18.15,0
21.83,18.15,0
21.835,21.28,0
21.84,23.27,0
21.845,-0.14,0
21.85,15.91,0
21.855,15.91,0
21.86,15.91,0
21.865,15.91,0
21.87,-9.82,0
21.875,-9.82,0
21.88,-9.82,0
21.885,17.82,0
21.89,-0.13,0
21.895,-0.13,0
21.9,-10.51,0
21.905,-10.51,0
21.91,-10.51,0
21.915,21.48,0
21.92,16.46,0
21.925,16.46,0
21.93,14.38,0
21.935,14.38,0
21.94,14.38,0
21.945,14.38,0
21.95,14.38,0
21.955,14.38,0
21.96,17.56,0
21.965,17.56,0
21.97,14.63,0
21.975,14.63,0
21.98,-7.55,0
21.985,-7.55,0
21.99,-7.55,0
21.995,-7.55,0
22.0,-7.55,0
22.005,11.9,0
22.01,-7.55,0
22.015,0.8,0
22.02,0.8,0
22.025,-7.8,0
22.03,17.33,0
22.035,17.33,0
22.04,17.33,0
22.045,-10.48,0
22.05,1.17,0
22.055,1.17,0
22.06,12.82,0
22.065,12.82,0
22.07,10.38,0
22.075,10.38,0
22.08,17.81,0
22.085,20.69,0
22.09,-6.92,0
22.095,-6.92,0
22.1,-6.92,0
22.105,-6.92,0
22.11,8.21,0
22.115,8.21,0
22.12,-8.07,0
22.125,-8.07,0
22.13,9.15,0
22.135,-8.07,0
22.14,-2.61,0
22.145,-2.61,0
22.15,5.87,0
22.155,5.87,0
22.16,5.87,0
22.165,5.87,0
22.17,5.87,0
22.175,-7.06,0
22.18,-7.06,0
22.185,8.88,0
22.19,8.88,0
22.195,11.39,0
22.2,11.39,0
22.205,11.39,0
22.21,11.39,0
22.215,11.39,0
22.22,11.39,0
22.225,7.8,0
22.23,7.8,0
22.235,10.9,0
22.24,10.9,0
22.245,-3.16,0
22.25,21.45,0
22.255,21.45,0
22.26,17.41,0
22.265,-4.18,0
22.27,-4.18,0
22.275,-4.18,0
22.28,14.52,0
22.285,-6.04,0
22.29,-6.04,0
22.295,20.24,0
22.3,17.08,0
22.305,11.43,0
22.31,11.43,0
22.315,19.8,0
22.32,12.26,0
22.325,4.18,0
22.33,-4.5,0
22.335,15.89,0
22.34,15.89,0
22.345,-5.2,0
22.35,-5.2,0
22.355,11.28,0
22.36,11.28,0
22.365,-3.25,0
22.37,-3.25,0
22.375,16.81,0
22.38,16.81,0
22.385,10.98,0
22.39,10.98,0
22.395,10.98,0
22.4,10.98,0
22.405,-10.6,0
22.41,-10.6,0
22.415,20.61,0
22.42,20.61,0
22.425,8.7,0
22.43,8.7,0
22.435,10.94,0
22.44,10.94,0
22.445,10.94,0
22.45,10.94,0
22.455,15.74,0
22.46,-5.94,0
22.465,-7.48,0
22.47,4.7,0
22.475,-7.48,0
22.48,-7.48,0
22.485,-7.48,0
22.49,-7.48,0
22.495,17.12,0
22.5,17.12,0
22.505,-8.83,0
22.51,-8.83,0
22.515,6.77,0
22.52,0.4,0
22.525,-4.96,0
22.53,-4.96,0
22.535,19.47,0
22.54,-8.83,0
22.545,-6.69,0
22.55,-6.69,0
22.555,6.97,0
22.56,-2.75,0
22.565,13.28,0
22.57,13.28,0
22.575,18.18,0
22.58,18.18,0
22.585,-1.97,0
22.59,-1.97,0
22.595,-1.97,0
22.6,-1.97,0
22.605,-1.97,0
22.61,20.93,0
22.615,20.93,0
22.62,21.45,0
22.625,-4.68,0
22.63,20.11,0
22.635,10.56,0
22.64,10.56,0
22.645,11.39,0
22.65,11.39,0
22.655,20.94,0
22.66,20.94,0
22.665,20.94,0
22.67,8.74,0
22.675,8.74,0
22.68,8.74,0
22.685,12.48,0
22.69,12.48,0
22.695,22.56,0
22.7,-9.1,0
22.705,3.86,0
22.71,-3.9,0
22.715,-3.9,0
22.72,-3.9,0
22.725,26.06,0
22.73,11.88,0
22.735,-6.9,0
22.74,-3.81,0
22.745,-3.81,0
22.75,9.01,0
22.755,9.01,0
22.76,9.01,0
22.765,12.82,0
22.77,8.74,0
22.775,-7.44,0
22.78,-7.44,0
22.785,19.63,0
22.79,19.63,0
22.795,5.82,0
22.8,5.82,0
22.805,0.6,0
22.81,14.49,0
22.815,-9.13,0
22.82,14.49,0
22.825,14.49,0
22.83,14.49,0
22.835,5.42,0
22.84,8.2,0
22.845,11.2,0
22.85,11.2,0
22.855,-5.51,0
22.86,-5.51,0
22.865,-2.68,0
22.87,16.56,0
22.875,16.56,0
22.88,-9.76,0
22.885,-9.76,0
22.89,15.7,0
22.895,15.7,0
22.9,15.7,0
22.905,15.7,0
22.91,-9.1,1
22.915,5.75,0
22.92,22.87,0
22.925,11.09,0
22.93,11.09,0
22.935,0.91,0
22.94,0.91,0
22.945,0.91,0
22.95,0.91,0
22.955,17.37,0
22.96,17.37,0
22.965,-8.34,0
22.97,-8.34,0
22.975,1.03,0
22.98,1.03,0
22.985,-0.12,0
22.99,-0.12,0
22.995,-0.12,0
23.0,-11.37,0
23.005,-11.37,0
23.01,14.98,0
23.015,14.98,0
23.02,14.98,0
23.025,-4.48,0
23.03,-4.48,0
23.035,21.05,0
23.04,21.05,0
23.045,21.05,0
23.05,13.45,0
23.055,13.45,0
23.06,-0.12,0
23.065,4.9,0
23.07,4.9,0
23.075,-1.03,0
23.08,22.14,0
23.085,-7.91,0
23.09,-7.91,0
23.095,14.96,0
23.1,14.96,0
23.105,0.62,0
23.11,0.62,0
23.115,1.0,0
23.12,-0.86,0
23.125,-8.72,0
23.13,-8.72,0
23.135,14.67,0
23.14,14.67,0
23.145,-2.61,0
23.15,-2.61,0
23.155,19.89,0
23.16,4.23,0
23.165,19.89,0
23.17,19.89,0
23.175,19.89,0
23.18,19.89,0
23.185,16.69,0
23.19,-2.42,0
23.195,18.75,0
23.2,18.75,0
23.205,-10.71,0
23.21,-10.71,0
23.215,-10.71,0
23.22,-2.4,0
23.225,4.28,0
23.23,4.28,0
23.235,-5.22,0
23.24,-11.46,0
23.245,-11.46,0
23.25,12.33,0
23.255,16.53,0
23.26,16.53,0
23.265,16.53,0
23.27,-2.49,0
23.275,-2.49,0
23.28,18.82,0
23.285,18.82,0
23.29,16.46,0
23.295,16.46,0
23.3,4.79,0
23.305,4.79,0
23.31,-2.51,0
23.315,4.79,0
23.32,18.17,0
23.325,18.17,0
23.33,-10.89,0
23.335,-10.89,0
23.34,4.07,0
23.345,4.07,0
23.35,4.07,0
23.355,4.07,0
23.36,-0.28,0
23.365,-0.28,0
23.37,-9.93,0
23.375,21.45,0
23.38,-9.93,0
23.385,-9.93,0
23.39,-9.93,0
23.395,-6.06,0
23.4,-6.06,0
23.405,17.99,0
23.41,17.99,0
23.415,15.37,0
23.42,15.37,0
23.425,3.26,0
23.43,3.26,0
23.435,3.26,0
23.44,-2.67,0
23.445,21.05,0
23.45,21.05,0
23.455,-1.05,0
23.46,-9.33,0
23.465,-0.98,0
23.47,-0.98,0
23.475,-6.7,0
23.48,-6.7,0
23.485,21.52,0
23.49,21.52,0
23.495,21.52,0
23.5,21.52,0
23.505,21.52,0
23.51,21.52,0
23.515,8.61,0
23.52,8.61,0
23.525,20.97,0
23.53,20.97,0
23.535,-10.45,0
23.54,-10.45,0
23.545,3.67,0
23.55,13.68,0
23.555,3.67,0
23.56,3.67,0
23.565,-7.07,0
23.57,19.68,0
23.575,-8.06,0
23.58,-8.06,0
23.585,-10.45,0
23.59,-8.06,0
23.595,16.96,0
23.6,16.96,0
23.605,-7.43,0
23.61,-7.43,0
23.615,-7.43,0
23.62,-7.43,0
23.625,9.72,0
23.63,9.72,0
23.635,-6.13,0
23.64,-6.13,0
23.645,18.86,0
23.65,18.86,0
23.655,9.72,0
23.66,-13.6,0
23.665,-13.97,0
23.67,14.51,0
23.675,6.17,0
23.68,6.17,0
23.685,22.25,0
23.69,22.25,0
23.695,17.31,0
23.7,17.31,0
23.705,17.62,0
23.71,-5.93,0
23.715,-5.93,0
23.72,-5.93,0
23.725,-3.64,0
23.73,-3.64,0
23.735,-3.64,0
23.74,-3.64,0
23.745,5.58,0
23.75,5.58,0
23.755,20.65,0
23.76,20.65,0
23.765,20.65,0
23.77,18.61,0
23.775,3.83,0
23.78,16.9,0
23.785,16.9,0
23.79,-3.64,0
23.795,18.08,0
23.8,-1.01,0
23.805,-1.01,0
23.81,-1.01,0
23.815,-1.01,0
23.82,18.19,0
23.825,18.19,0
23.83,-8.73,0
23.835,-8.73,0
23.84,-6.63,0
23.845,-6.63,0
23.85,-6.63,0
23.855,8.06,0
23.86,-5.17,0
23.865,13.63,0
23.87,13.63,0
23.875,-12.48,0
23.88,18.08,0
23.885,19.66,0
23.89,1.17,0
23.895,1.17,0
23.9,12.1,0
23.905,24.28,0
23.91,-9.07,0
23.915,-9.07,0
23.92,21.98,0
23.925,21.98,0
23.93,-1.09,0
23.935,-1.09,0
23.94,14.7,0
23.945,14.7,0
23.95,6.27,0
23.955,18.18,0
23.96,-10.21,0
23.965,-10.21,0
23.97,-0.83,0
23.975,-0.83,0
23.98,5.66,0
23.985,1.77,0
23.99,-9.34,0
23.995,-9.34,0
24.0,16.75,0
24.005,16.75,0
24.01,-0.83,0
24.015,-2.59,0
24.02,15.64,0
24.025,15.64,0
24.03,15.64,0
24.035,15.64,0
24.04,16.81,0
24.045,16.81,0
24.05,-1.37,0
24.055,-1.37,0
24.06,13.91,0
24.065,13.91,0
24.07,13.91,0
24.075,13.91,0
24.08,13.91,0
24.085,13.91,0
24.09,-8.27,0
24.095,19.08,0
24.1,19.08,0
24.105,0.91,0
24.11,0.91,0
24.115,-11.51,0
24.12,-11.51,0
24.125,18.93,0
24.13,18.93,0
24.135,0.11,0
24.14,-13.74,0
24.145,0.29,0
24.15,14.68,0
24.155,14.68,0
24.16,14.68,0
24.165,14.68,0
24.17,14.68,0
24.175,16.4,0
24.18,16.4,0
24.185,18.69,0
24.19,18.69,0
24.195,-12.96,0
24.2,-12.96,0
24.205,-12.18,0
24.21,-12.96,0
24.215,-0.74,0
24.22,-0.74,0
24.225,-0.59,0
24.23,-0.59,0
24.235,-0.59,0
24.24,-0.59,0
24.245,15.4,0
24.25,15.4,0
24.255,15.4,0
24.26,5.39,0
24.265,5.39,0
24.27,16.9,0
24.275,16.9,0
24.28,13.71,0
24.285,-13.72,0
24.29,18.76,0
24.295,18.76,0
24.3,18.76,0
24.305,14.08,0
24.31,14.08,0
24.315,14.08,0
24.32,-0.74,0
24.325,-9.91,0
24.33,-1.28,0
24.335,-1.28,0
24.34,-1.28,0
24.345,5.93,0
24.35,5.93,0
24.355,17.97,0
24.36,17.97,0
24.365,20.61,0
24.37,17.08,0
24.375,17.08,0
24.38,17.08,0
24.385,-1.74,0
24.39,-1.74,0
24.395,17.2,0
24.4,17.2,0
24.405,17.2,0
24.41,17.2,0
24.415,17.2,0
24.42,2.02,0
24.425,2.02,0
24.43,2.02,0
24.435,19.71,0
24.44,-12.31,0
24.445,-12.31,0
24.45,-12.31,0
24.455,-12.31,0
24.46,-12.31,0
24.465,0.87,0
24.47,0.87,0
24.475,-8.47,0
24.48,-8.47,0
24.485,19.7,0
24.49,19.7,0
24.495,1.05,0
24.5,-5.49,0
24.505,-5.6,0
24.51,-1.97,0
24.515,9.49,0
24.52,9.49,0
24.525,9.49,0
24.53,9.49,0
24.535,9.68,0
24.54,18.92,0
24.545,-5.13,0
24.55,-5.13,0
24.555,9.0,0
24.56,9.0,0
24.565,-5.28,0
24.57,-5.28,0
24.575,-5.28,0
24.58,-5.28,0
24.585,-9.46,0
24.59,-9.46,0
24.595,11.58,0
24.6,-5.24,0
24.605,-11.06,0
24.61,23.54,0
24.615,23.54,0
24.62,23.54,0
24.625,23.54,0
24.63,23.54,0
24.635,11.29,0
24.64,11.29,0
24.645,10.33,0
24.65,20.73,0
24.655,20.73,0
24.66,20.73,0
24.665,23.2,0
24.67,-4.72,0
24.675,-4.72,0
24.68,11.96,0
24.685,11.96,0
24.69,-5.75,0
24.695,-5.75,0
24.7,11.96,0
24.705,-6.47,0
24.71,9.19,0
24.715,11.58,0
24.72,9.19,0
24.725,9.19,0
24.73,9.19,0
24.735,8.82,0
24.74,21.15,0
24.745,21.15,0
24.75,7.22,0
24.755,7.22,0
24.76,21.15,0
24.765,10.79,0
24.77,10.79,0
24.775,-10.78,0
24.78,10.79,0
24.785,10.79,0
24.79,9.42,0
24.795,9.42,0
24.8,-6.47,0
24.805,13.33,0
24.81,-5.91,0
24.815,-5.91,0
24.82,-12.44,0
24.825,3.46,0
24.83,17.49,0
24.835,2.01,0
24.84,17.49,0
24.845,17.49,0
24.85,17.49,0
24.855,17.49,0
24.86,-35.72,0
24.865,-46.04,0
24.87,-46.04,0
24.875,-43.4,0
24.88,-43.4,0
24.885,-43.4,0
24.89,1.28,0
24.895,-34.24,0
24.9,1.14,0
24.905,-43.64,0
24.91,-43.64,0
24.915,2.84,0
24.92,-11.79,0
24.925,-2.47,0
24.93,-2.47,0
24.935,-2.47,0
24.94,-2.47,0
24.945,-2.47,0
24.95,5.71,0
24.955,5.71,0
24.96,25.65,0
24.965,25.65,0
24.97,-11.39,0
24.975,32.62,0
24.98,32.62,0
24.985,32.62,0
24.99,32.62,0
24.995,32.62,0
25.0,27.18,0
25.005,20.6,0
25.01,32.39,0
25.015,32.39,0
25.02,37.76,0
25.025,13.15,0
25.03,12.2,0
25.035,27.18,0
25.04,12.2,0
25.045,5.61,0
25.05,20.65,0
25.055,-10.21,0
25.06,-10.21,0
25.065,-15.9,0
25.07,-15.9,0
25.075,-0.19,0
25.08,-0.19,0
25.085,-0.19,0
25.09,-0.19,0
25.095,-23.41,0
25.1,-23.41,0
25.105,0.61,0
25.11,0.61,0
25.115,-34.18,0
25.12,-0.19,0
25.125,-34.18,0
25.13,-22.17,0
25.135,-22.17,0
25.14,-22.17,0
25.145,-22.17,0
25.15,-22.17,0
25.155,-22.17,0
25.16,-9.1,0
25.165,-9.1,0
25.17,9.15,0
25.175,9.15,0
25.18,9.15,0
25.185,9.15,0
25.19,9.15,0
25.195,9.15,0
25.2,9.15,0
25.205,-4.5,0
25.21,14.46,0
25.215,30.41,0
25.22,-1.5,0
25.225,30.41,0
25.23,48.65,0
25.235,48.65,0
25.24,38.97,0
25.245,38.97,0
25.25,41.41,0
25.255,41.41,0
25.26,41.41,0
25.265,41.41,0
25.27,35.46,0
25.275,35.46,0
25.28,27.3,0
25.285,27.3,0
25.29,20.85,0
25.295,69.11,0
25.3,69.11,0
25.305,69.11,0
25.31,69.11,0
25.315,69.11,0
25.32,149.17,0
25.325,149.17,0
25.33,229.08,0
25.335,229.08,0
25.34,262.82,0
25.345,262.82,0
25.35,262.82,0
25.355,262.82,0
25.36,262.82,0
25.365,-94.55,0
25.37,-94.55,0
25.375,-68.06,0
25.38,-68.06,0
25.385,-68.06,0
25.39,-69.78,0
25.395,-21.89,0
25.4,-21.89,0
25.405,-52.31,0
25.41,-52.31,0
25.415,-52.31,0
25.42,-52.31,0
25.425,-31.7,0
25.43,-31.7,0
25.435,-30.73,0
25.44,-30.73,0
25.445,-38.61,0
25.45,-36.97,0
25.455,-10.36,0
25.46,-10.36,0
25.465,-10.36,0
25.47,-10.36,0
25.475,116.38,0
25.48,148.79,0
25.485,-12.07,0
25.49,5.28,0
25.495,5.28,0
25.5,-2.49,0
25.505,-2.49,0
25.51,220.76,0
25.515,-14.52,0
25.52,-19.26,0
25.525,-42.58,0
25.53,2.63,0
25.535,2.63,0
25.54,2.83,0
25.545,2.83,0
25.55,-7.35,0
25.555,-17.26,0
25.56,-17.26,0
25.565,-17.26,0
25.57,-17.26,0
25.575,-21.43,0
25.58,-21.43,0
25.585,6.89,0
25.59,6.89,0
25.595,-14.77,0
25.6,-14.77,0
25.605,6.73,0
25.61,2.5,0
25.615,-18.04,0
25.62,-18.04,0
25.625,-12.76,0
25.63,3.45,0
25.635,3.45,0
25.64,5.61,0
25.645,12.5,0
25.65,12.5,0
25.655,12.5,0
25.66,-15.73,0
25.665,-15.73,0
25.67,-9.11,0
25.675,-1.97,0
25.68,-7.81,0
25.685,-7.81,0
25.69,-7.81,0
25.695,-7.81,0
25.7,-16.37,0
25.705,-2.86,0
25.71,10.43,0
25.715,-10.71,0
25.72,-10.71,0
25.725,14.63,0
25.73,14.63,0
25.735,14.63,0
25.74,-2.14,0
25.745,14.63,0
25.75,8.61,0
25.755,9.81,0
25.76,9.81,0
25.765,9.81,0
25.77,-15.29,0
25.775,-10.73,0
25.78,-11.85,0
25.785,-11.85,0
25.79,11.02,0
25.795,11.02,0
25.8,2.93,0
25.805,2.93,0
25.81,-8.16,0
25.815,-13.68,0
25.82,-13.68,0
25.825,9.12,0
25.83,9.12,0
25.835,9.12,0
25.84,9.12,0
25.845,-8.49,0
25.85,-8.49,0
25.855,18.19,0
25.86,18.19,0
25.865,13.06,0
25.87,13.06,0
25.875,4.52,0
25.88,4.52,0
25.885,-7.91,0
25.89,-7.91,0
25.895,-8.91,0
25.9,-8.91,0
25.905,9.12,0
25.91,9.12,0
25.915,0.56,0
25.92,0.56,0
25.925,-6.2,0
25.93,-6.2,0
25.935,0.99,0
25.94,12.32,0
25.945,8.3,0
25.95,-6.3,0
25.955,8.3,0
25.96,8.3,0
25.965,-9.81,0
25.97,-9.81,0
25.975,-9.81,0
25.98,-9.81,0
25.985,-9.81,0
25.99,7.39,0
25.995,7.39,0
26.0,2.83,0
26.005,2.83,0
26.01,18.94,0
26.015,18.94,0
26.02,-17.19,0
26.025,-12.12,0
26.03,10.46,0
26.035,10.46,0
26.04,4.74,0
26.045,4.74,0
26.05,4.74,0
26.055,7.39,0
26.06,-11.05,0
26.065,-10.54,0
26.07,13.62,0
26.075,13.62,0
26.08,13.62,0
26.085,13.62,0
26.09,13.62,0
26.095,13.62,0
26.1,-10.38,0
26.105,-19.62,0
26.11,11.77,0
26.115,11.77,0
26.12,7.59,0
26.125,7.59,0
26.13,18.13,0
26.135,-9.95,0
26.14,16.81,0
26.145,16.81,0
26.15,-14.24,0
26.155,-14.24,0
26.16,-14.24,0
26.165,-14.24,0
26.17,-9.95,0
26.175,-2.82,0
26.18,2.74,0
26.185,2.74,0
26.19,-3.86,0
26.195,-13.13,0
26.2,-13.13,0
26.205,-13.13,0
26.21,-13.13,0
26.215,20.46,0
26.22,20.46,0
26.225,4.12,0
26.23,14.04,0
26.235,13.15,0
26.24,13.15,0
26.245,-6.55,0
26.25,19.34,0
26.255,-3.76,0
26.26,-3.76,0
26.265,-0.41,0
26.27,-0.41,0
26.275,-10.32,0
26.28,-10.32,0
26.285,-10.32,0
26.29,-10.32,0
26.295,-2.02,0
26.3,-2.02,0
26.305,4.28,0
26.31,4.28,0
26.315,-12.77,0
26.32,17.83,0
26.325,17.83,0
26.33,17.83,0
26.335,17.83,0
26.34,1.17,0
26.345,1.17,0
26.35,15.9,0
26.355,15.9,0
26.36,20.21,0
26.365,20.21,0
26.37,1.71,0
26.375,1.71,0
26.38,1.71,0
26.385,1.71,0
26.39,1.71,0
26.395,1.71,0
26.4,-10.33,0
26.405,26.39,0
26.41,-10.33,0
26.415,2.83,0
26.42,2.83,0
26.425,0.75,0
26.43,0.75,0
26.435,16.67,0
26.44,16.67,0
26.445,-12.74,0
26.45,-12.74,0
26.455,20.86,0
26.46,20.86,0
26.465,-1.58,0
26.47,1.41,0
26.475,16.65,0
26.48,16.65,0
26.485,16.65,0
26.49,16.77,0
26.495,16.65,0
26.5,16.65,0
26.505,16.65,0
26.51,16.86,0
26.515,16.86,0
26.52,-8.97,0
26.525,-7.53,0
26.53,17.3,0
26.535,17.3,0
26.54,17.3,0
26.545,17.3,0
26.55,12.69,0
26.555,15.48,0
26.56,-9.84,0
26.565,-9.84,0
26.57,22.22,0
26.575,22.22,0
26.58,1.23,0
26.585,1.97,0
26.59,17.33,0
26.595,17.33,0
26.6,17.33,0
26.605,17.33,0
26.61,15.3,0
26.615,1.57,0
26.62,4.44,0
26.625,4.44,0
26.63,14.55,0
26.635,14.55,0
26.64,-10.63,0
26.645,-10.63,0
26.65,-10.63,0
26.655,-10.63,0
26.66,-10.63,0
26.665,-10.63,0
26.67,-10.63,0
26.675,17.6,0
26.68,-10.31,0
26.685,-10.31,0
26.69,-10.31,0
26.695,17.93,0
26.7,17.93,0
26.705,-0.49,0
26.71,15.79,0
26.715,15.79,0
26.72,15.79,0
26.725,-0.91,0
26.73,15.79,0
26.735,13.48,0
26.74,13.48,0
26.745,4.27,0
26.75,4.27,0
26.755,16.85,0
26.76,16.85,0
26.765,-7.86,0
26.77,-7.86,0
26.775,-7.16,0
26.78,15.5,0
26.785,15.5,0
26.79,0.47,0
26.795,0.47,0
26.8,-11.01,0
26.805,-11.01,0
26.81,16.74,0
26.815,16.74,0
26.82,16.74,0
26.825,16.74,0
26.83,1.5,0
26.835,1.5,0
26.84,18.57,0
26.845,18.57,0
26.85,19.1,0
26.855,17.39,0
26.86,17.95,0
26.865,-0.54,0
26.87,-0.54,0
26.875,-0.54,0
26.88,-0.54,0
26.885,18.72,0
26.89,18.72,0
26.895,-11.16,0
26.9,-11.16,0
26.905,0.4,0
26.91,0.4,0
26.915,-3.44,0
26.92,-3.44,0
26.925,16.5,0
26.93,16.5,0
26.935,-10.45,0
26.94,-10.45,0
26.945,20.99,0
26.95,17.94,0
26.955,-3.85,0
26.96,-3.85,0
26.965,-3.85,0
26.97,-3.85,0
26.975,10.77,0
26.98,10.77,0
26.985,12.98,0
26.99,12.98,0
26.995,20.24,0
27.0,20.24,0
27.005,-6.51,0
27.01,-6.51,0
27.015,5.89,0
27.02,5.89,0
27.025,-7.77,0
27.03,-7.77,0
27.035,-7.77,0
27.04,-7.77,0
27.045,-7.77,0
27.05,-7.77,0
27.055,11.96,0
27.06,10.11,0
27.065,-7.11,0
27.07,-7.11,0
27.075,17.86,0
27.08,17.86,0
27.085,-8.67,0
27.09,16.94,0
27.095,8.86,0
27.1,8.86,0
27.105,8.86,0
27.11,8.86,0
27.115,-7.66,0
27.12,-7.66,0
27.125,-6.35,0
27.13,-6.35,0
27.135,9.21,0
27.14,-7.36,0
27.145,9.21,0
27.15,9.21,0
27.155,-10.45,0
27.16,-4.43,0
27.165,-4.43,0
27.17,-4.43,0
27.175,5.27,0
27.18,5.27,0
27.185,-8.87,0
27.19,-8.87,0
27.195,-8.87,0
27.2,-8.87,0
27.205,-8.87,0
27.21,-8.87,0
27.215,11.96,0
27.22,11.96,0
27.225,6.97,0
27.23,6.97,0
27.235,18.94,0
27.24,-9.12,0
27.245,17.98,0
27.25,20.45,0
27.255,11.02,0
27.26,15.58,0
27.265,11.02,0
27.27,11.02,0
27.275,-2.42,0
27.28,-8.1,0
27.285,-8.1,0
27.29,-8.1,0
27.295,14.74,0
27.3,-6.97,0
27.305,-10.36,0
27.31,-10.36,0
27.315,-10.36,0
27.32,-10.36,0
27.325,-9.35,0
27.33,19.41,0
27.335,8.92,0
27.34,13.68,0
27.345,13.68,0
27.35,-5.35,0
27.355,-5.35,0
27.36,-5.35,0
27.365,19.76,0
27.37,19.76,0
27.375,19.76,0
27.38,14.36,0
27.385,14.36,0
27.39,-7.53,0
27.395,-7.53,0
27.4,-7.53,0
27.405,-7.53,0
27.41,-7.53,0
27.415,-17.33,0
27.42,-1.26,0
27.425,-7.53,0
27.43,7.32,0
27.435,7.32,0
27.44,-7.48,0
27.445,-7.48,0
27.45,11.33,0
27.455,-2.91,0
27.46,-2.91,0
27.465,14.02,0
27.47,14.02,0
27.475,14.02,0
27.48,14.02,0
27.485,21.7,0
27.49,21.7,0
27.495,15.51,0
27.5,21.7,0
27.505,6.52,0
27.51,7.32,0
27.515,-7.75,0
27.52,-7.75,0
27.525,21.71,0
27.53,-4.39,0
27.535,-4.39,0
27.54,7.99,0
27.545,7.99,0
27.55,-12.79,0
27.555,-12.79,0
27.56,-1.57,0
27.565,18.55,0
27.57,18.55,0
27.575,-4.46,0
27.58,10.21,0
27.585,10.21,0
27.59,10.21,0
27.595,10.21,0
27.6,10.21,0
27.605,17.95,0
27.61,-3.74,0
27.615,-3.74,0
27.62,11.71,0
27.625,11.71,0
27.63,-11.74,0
27.635,-11.74,0
27.64,-11.74,0
27.645,-11.74,0
27.65,-11.74,0
27.655,21.23,0
27.66,14.11,0
27.665,14.11,0
27.67,-6.73,0
27.675,-6.73,0
27.68,22.12,0
27.685,22.12,0
27.69,-6.73,0
27.695,-6.73,0
27.7,2.36,0
27.705,2.36,0
27.71,-8.79,0
27.715,-4.5,0
27.72,1.83,0
27.725,20.6,0
27.73,-3.08,0
27.735,-3.08,0
27.74,11.49,0
27.745,11.49,0
27.75,-6.81,0
27.755,18.43,0
27.76,-6.81,0
27.765,-6.81,0
27.77,20.63,0
27.775,20.63,0
27.78,-11.85,0
27.785,-11.85,0
27.79,15.22,0
27.795,15.22,0
27.8,4.47,0
27.805,4.47,0
27.81,4.47,0
27.815,0.71,0
27.82,0.71,0
27.825,0.71,0
27.83,0.71,0
27.835,-10.91,0
27.84,13.17,0
27.845,4.77,0
27.85,4.77,0
27.855,11.49,0
27.86,4.77,0
27.865,-3.63,0
27.87,-3.63,0
27.875,15.3,0
27.88,15.3,0
27.885,-3.48,0
27.89,3.01,0
27.895,3.01,0
27.9,21.45,0
27.905,21.45,0
27.91,-0.94,1
27.915,14.28,0
27.92,14.28,0
27.925,14.28,0
27.93,-5.68,0
27.935,-5.68,0
27.94,-5.68,0
27.945,-5.68,0
27.95,-7.63,0
27.955,-7.63,0
27.96,8.5,0
27.965,8.5,0
27.97,-3.52,0
27.975,-3.52,0
27.98,-3.52,0
27.985,18.4,0
27.99,-6.67,0
27.995,-6.67,0
28.0,-6.67,0
28.005,4.05,0
28.01,-3.14,0
28.015,8.5,0
28.02,19.44,0
28.025,4.56,0
28.03,-2.5,0
28.035,-12.65,0
28.04,-12.65,0
28.045,14.97,0
28.05,14.97,0
28.055,-6.99,0
28.06,-6.99,0
28.065,18.3,0
28.07,-7.62,0
28.075,-7.62,0
28.08,6.44,0
28.085,6.44,0
28.09,6.44,0
28.095,6.44,0
28.1,6.44,0
28.105,-4.67,0
28.11,-4.67,0
28.115,14.05,0
28.12,14.05,0
28.125,6.73,0
28.13,6.73,0
28.135,-7.14,0
28.14,-7.14,0
28.145,-7.14,0
28.15,-6.7,0
28.155,-6.7,0
28.16,-6.7,0
28.165,13.77,0
28.17,13.77,0
28.175,15.03,0
28.18,-8.64,0
28.185,20.51,0
28.19,-9.0,0
28.195,-9.0,0
28.2,8.32,0
28.205,8.32,0
28.21,8.32,0
28.215,7.96,0
28.22,-7.62,0
28.225,17.0,0
28.23,17.0,0
28.235,-7.84,0
28.24,-7.84,0
28.245,17.35,0
28.25,6.73,0
28.255,6.73,0
28.26,-1.14,0
28.265,-1.14,0
28.27,-1.14,0
28.275,-8.64,0
28.28,9.61,0
28.285,9.82,0
28.29,4.25,0
28.295,4.25,0
28.3,22.65,0
28.305,22.65,0
28.31,22.65,0
28.315,22.65,0
28.32,12.92,0
28.325,12.92,0
28.33,5.48,0
28.335,5.48,0
28.34,18.42,0
28.345,7.88,0
28.35,-8.7,0
28.355,-8.7,0
28.36,2.64,0
28.365,-8.7,0
28.37,5.13,0
28.375,-7.74,0
28.38,2.08,0
28.385,2.08,0
28.39,2.08,0
28.395,2.08,0
28.4,20.73,0
28.405,20.73,0
28.41,20.73,0
28.415,-2.03,0
28.42,-2.03,0
28.425,-2.03,0
28.43,21.17,0
28.435,15.3,0
28.44,12.77,0
28.445,12.77,0
28.45,7.8,0
28.455,7.8,0
28.46,-1.51,0
28.465,-1.51,0
28.47,-1.51,0
28.475,-1.51,0
28.48,15.48,0
28.485,15.48,0
28.49,3.82,0
28.495,3.82,0
28.5,-5.29,0
28.505,-5.29,0
28.51,-8.69,0
28.515,-8.69,0
28.52,15.64,0
28.525,15.64,0
28.53,15.64,0
28.535,-8.69,0
28.54,-1.76,0
28.545,12.48,0
28.55,22.95,0
28.555,22.95,0
28.56,13.03,0
28.565,13.03,0
28.57,6.38,0
28.575,6.38,0
28.58,-5.02,0
28.585,-5.02,0
28.59,6.36,0
28.595,6.36,0
28.6,15.68,0
28.605,15.68,0
28.61,-9.93,0
28.615,-9.93,0
28.62,-4.14,0
28.625,-4.14,0
28.63,4.76,0
28.635,6.42,0
28.64,4.76,0
28.645,-9.88,0
28.65,-9.88,0
28.655,21.5,0
28.66,21.5,0
28.665,-8.56,0
28.67,-8.56,0
28.675,12.97,0
28.68,12.97,0
28.685,12.97,0
28.69,12.97,0
28.695,16.32,0
28.7,16.32,0
28.705,-4.5,0
28.71,-4.5,0
28.715,14.68,0
28.72,14.68,0
28.725,-5.98,0
28.73,-5.98,0
28.735,-5.98,0
28.74,-5.98,0
28.745,-4.83,0
28.75,-4.83,0
28.755,9.38,0
28.76,9.38,0
28.765,14.53,0
28.77,14.53,0
28.775,-8.45,0
28.78,-8.45,0
28.785,6.01,0
28.79,6.01,0
28.795,-4.83,0
28.8,6.01,0
28.805,6.01,0
28.81,6.01,0
28.815,16.77,0
28.82,16.77,0
28.825,-3.87,0
28.83,9.38,0
28.835,-3.87,0
28.84,-3.87,0
28.845,22.91,0
28.85,-3.87,0
28.855,16.81,0
28.86,16.81,0
28.865,-2.43,0
28.87,-2.43,0
28.875,3.89,0
28.88,3.89,0
28.885,-8.72,0
28.89,7.72,0
28.895,19.94,0
28.9,19.94,0
28.905,19.94,0
28.91,19.94,0
28.915,19.94,0
28.92,19.94,0
28.925,19.94,0
28.93,19.94,0
28.935,2.47,0
28.94,2.47,0
28.945,-3.41,0
28.95,-3.41,0
28.955,11.34,0
28.96,11.34,0
28.965,19.36,0
28.97,-11.11,0
28.975,-11.11,0
28.98,-11.11,0
28.985,-6.35,0
28.99,-6.35,0
28.995,4.61,0
29.0,4.61,0
29.005,-9.39,0
29.01,-9.39,0
29.015,25.37,0
29.02,25.37,0
29.025,25.37,0
29.03,13.8,0
29.035,25.37,0
29.04,25.37,0
29.045,-0.02,0
29.05,-0.02,0
29.055,18.83,0
29.06,18.83,0
29.065,-3.92,0
29.07,-2.24,0
29.075,-3.92,0
29.08,-3.92,0
29.085,14.26,0
29.09,14.26,0
29.095,-8.34,0
29.1,-8.51,0
29.105,-8.51,0
29.11,-11.05,0
29.115,-1.51,0
29.12,3.61,0
29.125,3.61,0
29.13,15.22,0
29.135,15.22,0
29.14,20.73,0
29.145,20.73,0
29.15,20.73,0
29.155,20.73,0
29.16,2.16,0
29.165,16.4,0
29.17,22.06,0
29.175,16.4,0
29.18,-8.22,0
29.185,6.38,0
29.19,-2.59,0
29.195,-2.59,0
29.2,-2.59,0
29.205,-2.59,0
29.21,11.79,0
29.215,11.79,0
29.22,-8.21,0
29.225,-8.21,0
29.23,2.38,0
29.235,2.38,0
29.24,8.76,0
29.245,8.76,0
29.25,8.76,0
29.255,-13.03,0
29.26,12.43,0
29.265,-13.03,0
29.27,6.63,0
29.275,1.44,0
29.28,1.44,0
29.285,1.44,0
29.29,1.44,0
29.295,1.44,0
29.3,1.44,0
29.305,1.44,0
29.31,19.25,0
29.315,2.35,0
29.32,-5.23,0
29.325,-5.23,0
29.33,14.81,0
29.335,-7.69,0
29.34,-7.69,0
29.345,21.62,0
29.35,21.62,0
29.355,-5.06,0
29.36,-5.06,0
29.365,-5.06,0
29.37,-5.06,0
29.375,-5.06,0
29.38,-5.06,0
29.385,18.8,0
29.39,18.8,0
29.395,-5.35,0
29.4,-5.35,0
29.405,12.06,0
29.41,12.06,0
29.415,12.06,0
29.42,10.32,0
29.425,10.32,0
29.43,10.32,0
29.435,20.34,0
29.44,20.34,0
29.445,-12.12,0
29.45,-12.12,0
29.455,-12.12,0
29.46,-12.12,0
29.465,20.34,0
29.47,14.24,0
29.475,14.24,0
29.48,6.43,0
29.485,6.43,0
29.49,6.43,0
29.495,-5.92,0
29.5,13.04,0
29.505,13.04,0
29.51,-6.65,0
29.515,4.89,0
29.52,4.28,0
29.525,17.79,0
29.53,9.08,0
29.535,-2.7,0
29.54,-15.66,0
29.545,7.22,0
29.55,7.22,0
29.555,7.22,0
29.56,18.21,0
29.565,18.21,0
29.57,-7.44,0
29.575,-7.44,0
29.58,-8.39,0
29.585,5.84,0
29.59,-1.93,0
29.595,-1.93,0
29.6,20.75,0
29.605,18.44,0
29.61,-11.11,0
29.615,-11.11,0
29.62,-8.14,0
29.625,-11.11,0
29.63,-7.0,0
29.635,-7.0,0
29.64,20.33,0
29.645,20.33,0
29.65,12.55,0
29.655,12.55,0
29.66,11.1,0
29.665,11.1,0
29.67,11.1,0
29.675,11.1,0
29.68,22.12,0
29.685,22.12,0
29.69,4.99,0
29.695,22.12,0
29.7,12.34,0
29.705,12.34,0
29.71,-4.59,0
29.715,-4.59,0
29.72,21.93,0
29.725,21.93,0
29.73,-11.54,0
29.735,-11.54,0
29.74,11.1,0
29.745,12.17,0
29.75,-7.15,0
29.755,-7.15,0
29.76,23.42,0
29.765,23.42,0
29.77,-10.38,0
29.775,-10.38,0
29.78,10.78,0
29.785,10.78,0
29.79,10.78,0
29.795,10.78,0
29.8,22.37,0
29.805,22.37,0
29.81,-4.59,0
29.815,22.37,0
29.82,22.37,0
29.825,22.37,0
29.83,22.37,0
29.835,22.37,0
29.84,-4.7,0
29.845,-4.7,0
29.85,-9.94,0
29.855,-4.7,0
29.86,-9.94,0
29.865,-9.94,0
29.87,11.5,0
29.875,11.5,0
29.88,19.94,0
29.885,19.94,0
29.89,2.52,0
29.895,-8.83,0
29.9,8.86,0
29.905,-14.21,0
29.91,8.86,0
29.915,8.86,0
29.92,22.49,0
29.925,22.49,0
29.93,22.49,0
29.935,-7.0,0
29.94,11.32,0
29.945,11.32,0
29.95,-5.72,0
29.955,-5.72,0
29.96,-5.72,0
29.965,-5.72,0
29.97,-11.71,0
29.975,15.05,0
29.98,17.05,0
29.985,17.05,0
29.99,-4.57,0
29.995,-4.57,0
30.0,20.4,0
30.005,20.4,0
30.01,20.4,0
30.015,20.4,0
30.02,-7.35,0
30.025,-7.0,0
30.03,-2.85,0
30.035,-8.64,0
30.04,-4.55,0
30.045,18.33,0
30.05,18.33,0
30.055,-2.36,0
30.06,-9.88,0
30.065,11.34,0
30.07,11.34,0
30.075,11.34,0
30.08,17.59,0
30.085,18.47,0
30.09,18.47,0
30.095,-11.69,0
30.1,11.25,0
30.105,7.67,0
30.11,7.67,0
30.115,7.19,0
30.12,-6.94,0
30.125,-6.94,0
30.13,-6.94,0
30.135,0.47,0
30.14,21.03,0
30.145,-8.95,0
30.15,-8.95,0
30.155,11.94,0
30.16,11.94,0
30.165,23.01,0
30.17,23.01,0
30.175,-8.92,0
30.18,-8.92,0
30.185,-8.92,0
30.19,-8.92,0
30.195,10.77,0
30.2,10.77,0
30.205,-2.24,0
30.21,-2.24,0
30.215,-9.78,0
30.22,-9.78,0
30.225,-13.63,0
30.23,-13.63,0
30.235,21.64,0
30.24,19.39,0
30.245,19.39,0
30.25,19.39,0
30.255,-2.13,0
30.26,-16.56,0
30.265,-2.13,0
30.27,-2.13,0
30.275,-2.13,0
30.28,-2.13,0
30.285,-2.13,0
30.29,-2.13,0
30.295,-0.91,0
30.3,-0.91,0
30.305,23.37,0
30.31,23.37,0
30.315,-12.64,0
30.32,-12.64,0
30.325,-5.07,0
30.33,2.23,0
30.335,1.71,0
30.34,1.71,0
30.345,7.28,0
30.35,1.71,0
30.355,-11.9,0
30.36,-11.9,0
30.365,-11.9,0
30.37,-11.9,0
30.375,-1.05,0
30.38,-1.05,0
30.385,2.67,0
30.39,-6.23,0
30.395,2.67,0
30.4,19.33,0
30.405,19.33,0
30.41,-2.83,0
30.415,-2.83,0
30.42,18.02,0
30.425,21.06,0
30.43,-9.88,0
30.435,-9.88,0
30.44,18.29,0
30.445,18.29,0
30.45,-0.6,0
30.455,2.67,0
30.46,11.51,0
30.465,18.29,0
30.47,-14.39,0
30.475,-14.39,0
30.48,18.65,0
30.485,18.65,0
30.49,20.24,0
30.495,-6.45,0
30.5,22.68,0
30.505,16.3,0
30.51,16.3,0
30.515,16.3,0
30.52,-14.39,0
30.525,16.3,0
30.53,16.3,0
30.535,17.44,0
30.54,17.44,0
30.545,19.27,0
30.55,19.27,0
30.555,-9.73,0
30.56,-9.73,0
30.565,-9.73,0
30.57,-9.73,0
30.575,-9.73,0
30.58,-9.73,0
30.585,2.61,0
30.59,-9.35,0
30.595,-9.35,0
30.6,21.01,0
30.605,21.01,0
30.61,21.01,0
30.615,-0.46,0
30.62,-0.46,0
30.625,0.55,0
30.63,19.42,0
30.635,19.42,0
30.64,19.42,0
30.645,12.63,0
30.65,3.68,0
30.655,-8.24,0
30.66,0.88,0
30.665,0.88,0
30.67,-12.98,0
30.675,-12.98,0
30.68,-12.98,0
30.685,-12.98,0
30.69,18.29,0
30.695,18.29,0
30.7,17.99,0
30.705,17.99,0
30.71,17.99,0
30.715,17.99,0
30.72,-8.39,0
30.725,-8.39,0
30.73,0.45,0
30.735,-1.43,0
30.74,2.16,0
30.745,2.16,0
30.75,15.94,0
30.755,-0.09,0
30.76,16.96,0
30.765,16.96,0
30.77,3.78,0
30.775,3.78,0
30.78,0.0,0
30.785,18.29,0
30.79,18.96,0
30.795,18.96,0
30.8,-12.66,0
30.805,-12.66,0
30.81,-12.66,0
30.815,21.67,0
30.82,2.23,0
30.825,2.23,0
30.83,-14.56,0
30.835,-14.56,0
30.84,20.56,0
30.845,-14.56,0
30.85,16.26,0
30.855,16.26,0
30.86,-3.94,0
30.865,-3.94,0
30.87,17.04,0
30.875,17.04,0
30.88,-12.38,0
30.885,-12.38,0
30.89,4.73,0
30.895,7.99,0
30.9,4.73,0
30.905,4.73,0
30.91,-12.38,0
30.915,18.81,0
30.92,-14.1,0
30.925,-14.1,0
30.93,0.18,0
30.935,0.18,0
30.94,-2.41,0
30.945,-2.41,0
30.95,19.22,0
30.955,19.22,0
30.96,-8.97,0
30.965,-8.97,0
30.97,19.9,0
30.975,19.9,0
30.98,-3.33,0
30.985,-3.33,0
30.99,21.2,0
30.995,18.81,0
31.0,-10.65,0
31.005,-10.65,0
31.01,15.69,0
31.015,15.69,0
31.02,15.69,0
31.025,15.69,0
31.03,16.82,0
31.035,16.82,0
31.04,16.82,0
31.045,10.94,0
31.05,10.94,0
31.055,-11.5,0
31.06,-11.5,0
31.065,20.38,0
31.07,20.38,0
31.075,11.48,0
31.08,0.03,0
31.085,11.48,0
31.09,-9.09,0
31.095,-6.33,0
31.1,23.51,0
31.105,23.51,0
31.11,23.51,0
31.115,6.06,0
31.12,6.06,0
31.125,13.75,0
31.13,13.75,0
31.135,13.75,0
31.14,13.75,0
31.145,22.55,0
31.15,22.55,0
31.155,-5.56,0
31.16,-5.56,0
31.165,-5.56,0
31.17,-5.56,0
31.175,-5.56,0
31.18,17.81,0
31.185,17.81,0
31.19,17.81,0
31.195,-6.62,0
31.2,9.73,0
31.205,9.73,0
31.21,9.73,0
31.215,10.77,0
31.22,10.77,0
31.225,-5.65,0
31.23,-5.65,0
31.235,10.55,0
31.24,10.55,0
31.245,10.55,0
31.25,10.58,0
31.255,10.58,0
31.26,10.58,0
31.265,10.58,0
31.27,-7.72,0
31.275,-7.72,0
31.28,8.23,0
31.285,8.23,0
31.29,-11.41,0
31.295,-10.29,0
31.3,8.23,0
31.305,21.46,0
31.31,21.46,0
31.315,-7.99,0
31.32,9.24,0
31.325,9.24,0
31.33,6.39,0
31.335,6.39,0
31.34,18.98,0
31.345,10.73,0
31.35,22.34,0
31.355,1.43,0
31.36,22.34,0
31.365,6.6,0
31.37,6.6,0
31.375,2.74,0
31.38,9.19,0
31.385,6.6,0
31.39,-1.67,0
31.395,19.36,0
31.4,-5.77,0
31.405,-5.77,0
31.41,-5.77,0
31.415,5.99,0
31.42,5.99,0
31.425,-1.32,0
31.43,-4.65,0
31.435,-4.65,0
31.44,7.0,0
31.445,-15.18,0
31.45,7.0,0
31.455,7.0,0
31.46,-7.74,0
31.465,-7.74,0
31.47,24.77,0
31.475,24.77,0
31.48,11.95,0
31.485,6.22,0
31.49,14.12,0
31.495,14.12,0
31.5,14.12,0
31.505,1.15,0
31.51,22.88,0
31.515,-18.8,0
31.52,17.93,0
31.525,-6.21,0
31.53,-6.21,0
31.535,7.59,0
31.54,7.59,0
31.545,-7.74,0
31.55,-8.32,0
31.555,23.69,0
31.56,23.69,0
31.565,-3.52,0
31.57,11.97,0
31.575,11.97,0
31.58,-9.4,0
31.585,-9.4,0
31.59,20.85,0
31.595,20.85,0
31.6,-4.6,0
31.605,-4.6,0
31.61,7.17,0
31.615,7.17,0
31.62,14.37,0
31.625,14.37,0
31.63,19.2,0
31.635,-4.6,0
31.64,-4.63,0
31.645,-4.63,0
31.65,9.29,0
31.655,9.29,0
31.66,23.68,0
31.665,-5.46,0
31.67,-5.46,0
31.675,-5.46,0
31.68,-8.18,0
31.685,-8.18,0
31.69,7.15,0
31.695,7.15,0
31.7,0.37,0
31.705,-7.7,0
31.71,-7.7,0
31.715,-7.7,0
31.72,-7.7,0
31.725,-7.7,0
31.73,9.57,0
31.735,9.57,0
31.74,18.45,0
31.745,1.4,0
31.75,17.77,0
31.755,17.77,0
31.76,-14.75,0
31.765,-7.3,0
31.77,11.99,0
31.775,11.99,0
31.78,-5.45,0
31.785,-7.48,0
31.79,-5.7,0
31.795,-5.45,0
31.8,22.34,0
31.805,20.62,0
31.81,22.34,0
31.815,13.67,0
31.82,13.67,0
31.825,-11.78,0
31.83,-11.78,0
31.835,22.24,0
31.84,22.24,0
31.845,22.24,0
31.85,22.24,0
31.855,-9.7,0
31.86,-9.7,0
31.865,17.26,0
31.87,-11.38,0
31.875,4.79,0
31.88,-1.37,0
31.885,-1.37,0
31.89,17.23,0
31.895,17.23,0
31.9,-5.5,0
31.905,-5.5,0
31.91,-3.28,0
31.915,-3.28,0
31.92,-0.05,0
31.925,19.03,0
31.93,-12.31,0
31.935,-12.31,0
31.94,18.93,0
31.945,18.93,0
31.95,18.19,0
31.955,18.93,0
31.96,18.93,0
31.965,-0.88,0
31.97,-0.88,0
31.975,19.69,0
31.98,19.69,0
31.985,16.43,0
31.99,18.03,0
31.995,2.92,0
32.0,-0.97,0
32.005,-0.97,0
32.01,-0.97,0
32.015,14.21,0
32.02,14.21,0
32.025,-9.6,0
32.03,1.29,0
32.035,1.29,0
32.04,-0.83,0
32.045,18.99,0
32.05,16.2,0
32.055,16.2,0
32.06,-13.76,0
32.065,16.31,0
32.07,-13.76,0
32.075,-13.76,0
32.08,-1.13,0
32.085,-1.13,0
32.09,-5.47,0
32.095,18.99,0
32.1,11.16,0
32.105,16.54,0
32.11,16.54,0
32.115,-7.9,0
32.12,3.61,0
32.125,3.61,0
32.13,3.61,0
32.135,18.56,0
32.14,18.56,0
32.145,-10.8,0
32.15,-10.8,0
32.155,-10.8,0
32.16,-10.8,0
32.165,-10.8,0
32.17,20.68,0
32.175,-8.9,0
32.18,0.29,0
32.185,-10.6,0
32.19,-10.6,0
32.195,16.11,0
32.2,16.11,0
32.205,-0.64,0
32.21,-0.64,0
32.215,5.96,0
32.22,16.54,0
32.225,-6.7,0
32.23,17.07,0
32.235,17.07,0
32.24,-1.38,0
32.245,1.98,0
32.25,1.98,0
32.255,0.06,0
32.26,16.72,0
32.265,16.72,0
32.27,16.72,0
32.275,11.38,0
32.28,19.58,0
32.285,19.58,0
32.29,19.58,0
32.295,22.36,0
32.3,-10.18,0
32.305,-10.18,0
32.31,-10.18,0
32.315,18.85,0
32.32,18.85,0
32.325,-1.29,0
32.33,-9.52,0
32.335,21.52,0
32.34,21.52,0
32.345,1.52,0
32.35,21.52,0
32.355,17.5,0
32.36,17.5,0
32.365,-0.92,0
32.37,22.36,0
32.375,17.5,0
32.38,-2.41,0
32.385,-2.41,0
32.39,17.11,0
32.395,17.11,0
32.4,0.52,0
32.405,0.52,0
32.41,0.88,0
32.415,0.88,0
32.42,-11.98,0
32.425,-11.98,0
32.43,17.45,0
32.435,17.45,0
32.44,17.45,0
32.445,17.45,0
32.45,-4.36,0
32.455,-4.36,0
32.46,-1.38,0
32.465,21.07,0
32.47,18.63,0
32.475,18.63,0
32.48,2.48,0
32.485,15.49,0
32.49,-0.51,0
32.495,-0.47,0
32.5,-9.5,0
32.505,-9.5,0
32.51,-9.5,0
32.515,-9.5,0
32.52,-9.5,0
32.525,-9.5,0
32.53,-9.5,0
32.535,0.64,0
32.54,-9.93,0
32.545,-9.93,0
32.55,16.64,0
32.555,16.64,0
32.56,16.64,0
32.565,16.64,0
32.57,22.24,0
32.575,-2.89,0
32.58,-2.89,0
32.585,18.03,0
32.59,18.03,0
32.595,15.26,0
32.6,15.26,0
32.605,-0.85,0
32.61,-0.85,0
32.615,3.78,0
32.62,3.78,0
32.625,-8.07,0
32.63,3.78,0
32.635,20.22,0
32.64,20.22,0
32.645,2.68,0
32.65,2.68,0
32.655,0.05,0
32.66,0.05,0
32.665,0.05,0
32.67,10.67,0
32.675,-9.47,0
32.68,-7.95,0
32.685,-7.95,0
32.69,-7.95,0
32.695,-7.95,0
32.7,22.36,0
32.705,22.36,0
32.71,10.28,0
32.715,10.28,0
32.72,10.28,0
32.725,10.28,0
32.73,9.51,0
32.735,22.98,0
32.74,22.98,0
32.745,-4.41,0
32.75,-4.41,0
32.755,10.7,0
32.76,10.7,0
32.765,-9.29,0
32.77,-9.29,0
32.775,-9.29,0
32.78,22.36,0
32.785,-9.29,0
32.79,4.99,0
32.795,4.99,0
32.8,-9.5,0
32.805,-9.5,0
32.81,20.65,0
32.815,20.65,0
32.82,20.65,0
32.825,-0.72,0
32.83,-3.41,0
32.835,8.74,0
32.84,8.74,0
32.845,8.98,0
32.85,8.98,0
32.855,28.82,0
32.86,-13.12,0
32.865,20.87,0
32.87,-3.41,0
32.875,14.62,0
32.88,-10.18,0
32.885,-10.18,0
32.89,-10.18,0
32.895,-10.18,0
32.9,-10.18,0
32.905,18.52,0
32.91,18.52,0
32.915,7.63,1
32.92,7.63,0
32.925,-8.38,0
32.93,-8.38,0
32.935,24.86,0
32.94,-11.7,0
32.945,24.86,0
32.95,-5.0,0
32.955,6.09,0
32.96,11.79,0
32.965,11.79,0
32.97,11.79,0
32.975,11.79,0
32.98,24.86,0
32.985,11.79,0
32.99,7.13,0
32.995,7.13,0
33.0,10.91,0
33.005,10.91,0
33.01,11.46,0
33.015,-8.43,0
33.02,-8.43,0
33.025,-8.43,0
33.03,22.8,0
33.035,22.8,0
33.04,-8.46,0
33.045,-8.46,0
33.05,-8.46,0
33.055,-8.46,0
33.06,-8.46,0
33.065,-8.46,0
33.07,-2.35,0
33.075,9.15,0
33.08,7.49,0
33.085,12.49,0
33.09,-10.97,0
33.095,-10.97,0
33.1,-5.84,0
33.105,-5.84,0
33.11,-5.84,0
33.115,-5.84,0
33.12,11.75,0
33.125,11.75,0
33.13,-6.47,0
33.135,-6.47,0
33.14,20.72,0
33.145,20.72,0
33.15,-6.63,0
33.155,-6.63,0
33.16,9.4,0
33.165,9.4,0
33.17,20.72,0
33.175,22.44,0
33.18,22.44,0
33.185,-5.84,0
33.19,-6.16,0
33.195,7.89,0
33.2,13.06,0
33.205,13.06,0
33.21,13.06,0
33.215,22.63,0
33.22,22.63,0
33.225,13.46,0
33.23,-4.35,0
33.235,7.3,0
33.24,7.3,0
33.245,-6.08,0
33.25,-5.65,0
33.255,-5.65,0
33.26,22.44,0
33.265,-7.9,0
33.27,-7.9,0
33.275,7.24,0
33.28,7.24,0
33.285,-12.43,0
33.29,-12.43,0
33.295,-0.98,0
33.3,22.02,0
33.305,22.02,0
33.31,22.02,0
33.315,5.36,0
33.32,5.36,0
33.325,11.3,0
33.33,11.3,0
33.335,11.3,0
33.34,19.11,0
33.345,19.11,0
33.35,5.43,0
33.355,-6.38,0
33.36,8.77,0
33.365,9.09,0
33.37,1.88,0
33.375,-7.66,0
33.38,-7.66,0
33.385,-7.17,0
33.39,-7.17,0
33.395,8.41,0
33.4,8.41,0
33.405,8.41,0
33.41,11.53,0
33.415,11.53,0
33.42,-7.31,0
33.425,-7.31,0
33.43,-7.31,0
33.435,-7.31,0
33.44,5.36,0
33.445,5.36,0
33.45,14.01,0
33.455,18.23,0
33.46,18.23,0
33.465,-7.49,0
33.47,-7.49,0
33.475,-7.49,0
33.48,-7.49,0
33.485,18.54,0
33.49,18.54,0
33.495,3.44,0
33.5,3.44,0
33.505,3.44,0
33.51,3.44,0
33.515,20.22,0
33.52,20.22,0
33.525,18.93,0
33.53,7.85,0
33.535,18.93,0
33.54,18.93,0
33.545,-2.3,0
33.55,-2.3,0
33.555,-2.3,0
33.56,5.35,0
33.565,19.9,0
33.57,17.84,0
33.575,17.84,0
33.58,-0.32,0
33.585,-0.32,0
33.59,-4.63,0
33.595,12.51,0
33.6,21.06,0
33.605,19.9,0
33.61,-9.22,0
33.615,-9.22,0
33.62,0.14,0
33.625,0.14,0
33.63,-3.99,0
33.635,-3.99,0
33.64,18.84,0
33.645,-8.38,0
33.65,-8.38,0
33.655,19.1,0
33.66,13.12,0
33.665,-4.3,0
33.67,-4.3,0
33.675,20.76,0
33.68,20.76,0
33.685,20.46,0
33.69,-14.33,0
33.695,15.98,0
33.7,15.98,0
33.705,15.98,0
33.71,4.39,0
33.715,4.39,0
33.72,19.43,0
33.725,19.43,0
33.73,20.76,0
33.735,-4.3,0
33.74,13.3,0
33.745,-0.72,0
33.75,18.5,0
33.755,-0.72,0
33.76,6.62,0
33.765,-0.72,0
33.77,-16.12,0
33.775,-16.12,0
33.78,18.11,0
33.785,18.11,0
33.79,0.8,0
33.795,0.8,0
33.8,7.26,0
33.805,21.21,0
33.81,21.21,0
33.815,14.53,0
33.82,0.8,0
33.825,13.3,0
33.83,3.76,0
33.835,20.36,0
33.84,20.36,0
33.845,-8.51,0
33.85,-12.41,0
33.855,-12.41,0
33.86,19.72,0
33.865,19.72,0
33.87,4.08,0
33.875,4.08,0
33.88,4.08,0
33.885,4.08,0
33.89,-13.15,0
33.895,-13.15,0
33.9,19.97,0
33.905,19.97,0
33.91,1.23,0
33.915,1.23,0
33.92,-2.87,0
33.925,-2.87,0
33.93,18.19,0
33.935,18.19,0
33.94,13.13,0
33.945,13.13,0
33.95,5.28,0
33.955,5.28,0
33.96,5.28,0
33.965,5.28,0
33.97,5.28,0
33.975,5.28,0
33.98,-7.15,0
33.985,-7.15,0
33.99,5.32,0
33.995,5.32,0
34.0,-2.33,0
34.005,-7.15,0
34.01,-2.33,0
34.015,19.26,0
34.02,-11.8,0
34.025,28.63,0
34.03,17.34,0
34.035,17.34,0
34.04,-0.1,0
34.045,-0.1,0
34.05,21.64,0
34.055,21.64,0
34.06,17.09,0
34.065,17.09,0
34.07,4.2,0
34.075,4.2,0
34.08,4.2,0
34.085,17.71,0
34.09,17.71,0
34.095,-8.3,0
34.1,-8.3,0
34.105,0.66,0
34.11,0.66,0
34.115,-2.24,0
34.12,-2.24,0
34.125,-2.24,0
34.13,-2.24,0
34.135,21.37,0
34.14,-4.36,0
34.145,4.47,0
34.15,4.47,0
34.155,-1.51,0
34.16,-1.51,0
34.165,22.81,0
34.17,22.81,0
34.175,22.81,0
34.18,22.81,0
34.185,14.43,0
34.19,1.51,0
34.195,1.51,0
34.2,-3.43,0
34.205,-3.43,0
34.21,16.51,0
34.215,16.51,0
34.22,-11.06,0
34.225,-11.06,0
34.23,-1.06,0
34.235,-1.06,0
34.24,-2.26,0
34.245,-2.26,0
34.25,-17.71,0
34.255,-17.71,0
34.26,18.85,0
34.265,18.85,0
34.27,18.85,0
34.275,18.85,0
34.28,-5.69,0
34.285,-0.92,0
34.29,4.58,0
34.295,19.45,0
34.3,19.45,0
34.305,19.45,0
34.31,14.42,0
34.315,-10.85,0
34.32,-10.85,0
34.325,-10.85,0
34.33,-10.85,0
34.335,22.65,0
34.34,-10.85,0
34.345,-4.18,0
34.35,-4.18,0
34.355,-6.92,0
34.36,-6.92,0
34.365,-5.83,0
34.37,-5.83,0
34.375,6.21,0
34.38,6.21,0
34.385,11.36,0
34.39,11.36,0
34.395,-7.27,0
34.4,18.61,0
34.405,20.85,0
34.41,20.85,0
34.415,4.43,0
34.42,-6.32,0
34.425,6.25,0
34.43,6.25,0
34.435,22.69,0
34.44,22.69,0
34.445,-5.56,0
34.45,24.69,0
34.455,-5.56,0
34.46,-5.56,0
34.465,15.76,0
34.47,17.13,0
34.475,-8.91,0
34.48,-8.91,0
34.485,-8.18,0
34.49,-8.18,0
34.495,3.23,0
34.5,3.23,0
34.505,3.23,0
34.51,3.23,0
34.515,-9.47,0
34.52,-9.47,0
34.525,22.67,0
34.53,-6.39,0
34.535,-5.56,0
34.54,14.72,0
34.545,14.72,0
34.55,14.72,0
34.555,14.72,0
34.56,14.72,0
34.565,14.72,0
34.57,-6.08,0
34.575,-6.08,0
34.58,13.95,0
34.585,13.95,0
34.59,17.49,0
34.595,-9.27,0
34.6,21.61,0
34.605,16.82,0
34.61,5.37,0
34.615,5.37,0
34.62,5.37,0
34.625,5.37,0
34.63,5.37,0
34.635,3.3,0
34.64,-12.35,0
34.645,-12.35,0
34.65,-6.9,0
34.655,-10.49,0
34.66,-6.9,0
34.665,6.12,0
34.67,-9.12,0
34.675,-9.12,0
34.68,-2.87,0
34.685,23.36,0
34.69,23.36,0
34.695,-7.63,0
34.7,-7.63,0
34.705,8.7,0
34.71,8.7,0
34.715,-10.36,0
34.72,-10.36,0
34.725,22.9,0
34.73,22.9,0
34.735,-8.06,0
34.74,9.78,0
34.745,9.78,0
34.75,-11.25,0
34.755,-11.25,0
34.76,20.8,0
34.765,15.21,0
34.77,20.8,0
34.775,20.8,0
34.78,12.13,0
34.785,20.8,0
34.79,-11.92,0
34.795,-11.92,0
34.8,22.71,0
34.805,6.31,0
34.81,22.71,0
34.815,-6.69,0
34.82,13.28,0
34.825,13.28,0
34.83,13.28,0
34.835,-9.72,0
34.84,-7.87,0
34.845,-9.72,0
34.85,-9.72,0
34.855,-7.48,0
34.86,-7.48,0
34.865,-7.48,0
34.87,-7.48,0
34.875,10.56,0
34.88,10.56,0
34.885,24.59,0
34.89,6.92,0
34.895,24.59,0
34.9,24.59,0
34.905,-11.92,0
34.91,-8.75,0
34.915,-8.75,0
34.92,23.56,0
34.925,23.56,0
34.93,-5.87,0
34.935,-5.87,0
34.94,-5.87,0
34.945,-5.87,0
34.95,-0.81,0
34.955,-16.19,0
34.96,-7.59,0
34.965,-7.59,0
34.97,-4.44,0
34.975,0.31,0
34.98,6.84,0
34.985,6.84,0
34.99,14.47,0
34.995,14.47,0
35.0,-11.72,0
35.005,-11.13,0
35.01,-7.98,0
35.015,23.79,0
35.02,2.31,0
35.025,2.31,0
35.03,10.16,0
35.035,10.16,0
35.04,6.92,0
35.045,26.09,0
35.05,-4.05,0
35.055,-4.05,0
35.06,-4.05,0
35.065,-4.05,0
35.07,14.26,0
35.075,14.26,0
35.08,-7.35,0
35.085,-7.35,0
35.09,-5.94,0
35.095,-5.94,0
35.1,-5.94,0
35.105,-5.94,0
35.11,-5.94,0
35.115,19.12,0
35.12,0.6,0
35.125,0.6,0
35.13,-3.73,0
35.135,-3.73,0
35.14,16.36,0
35.145,16.36,0
35.15,19.47,0
35.155,16.41,0
35.16,3.18,0
35.165,3.18,0
35.17,-4.04,0
35.175,-4.04,0
35.18,17.9,0
35.185,17.9,0
35.19,-13.76,0
35.195,-13.76,0
35.2,2.68,0
35.205,2.68,0
35.21,-3.59,0
35.215,-3.59,0
35.22,-7.7,0
35.225,29.91,0
35.23,19.64,0
35.235,20.19,0
35.24,20.19,0
35.245,20.19,0
35.25,20.19,0
35.255,-4.35,0
35.26,-7.24,0
35.265,20.49,0
35.27,20.49,0
35.275,15.41,0
35.28,6.21,0
35.285,6.21,0
35.29,6.21,0
35.295,6.21,0
35.3,6.21,0
35.305,6.21,0
35.31,6.21,0
35.315,-7.24,0
35.32,-1.79,0
35.325,-1.79,0
35.33,-1.79,0
35.335,20.31,0
35.34,20.31,0
35.345,4.86,0
35.35,20.76,0
35.355,-6.11,0
35.36,-6.11,0
35.365,13.03,0
35.37,13.03,0
35.375,-1.73,0
35.38,-1.73,0
35.385,-6.57,0
35.39,21.02,0
35.395,21.02,0
35.4,21.02,0
35.405,21.02,0
35.41,21.02,0
35.415,18.66,0
35.42,18.66,0
35.425,16.07,0
35.43,10.91,0
35.435,-13.44,0
35.44,16.06,0
35.445,16.06,0
35.45,0.95,0
35.455,0.95,0
35.46,0.95,0
35.465,10.56,0
35.47,-8.24,0
35.475,-8.73,0
35.48,-8.73,0
35.485,-8.73,0
35.49,18.66,0
35.495,20.0,0
35.5,20.23,0
35.505,20.23,0
35.51,20.23,0
35.515,20.23,0
35.52,20.23,0
35.525,12.77,0
35.53,4.51,0
35.535,4.51,0
35.54,16.72,0
35.545,20.16,0
35.55,-14.2,0
35.555,-14.2,0
35.56,-14.2,0
35.565,-14.2,0
35.57,7.34,0
35.575,7.34,0
35.58,-0.94,0
35.585,-0.94,0
35.59,-10.82,0
35.595,-10.82,0
35.6,-10.82,0
35.605,-10.82,0
35.61,-10.82,0
35.615,-10.82,0
35.62,-1.34,0
35.625,7.34,0
35.63,22.73,0
35.635,22.73,0
35.64,20.36,0
35.645,20.36,0
35.65,2.35,0
35.655,2.35,0
35.66,-2.47,0
35.665,-2.47,0
35.67,18.48,0
35.675,18.48,0
35.68,-9.52,0
35.685,-9.52,0
35.69,3.43,0
35.695,3.43,0
35.7,-14.33,0
35.705,-0.76,0
35.71,-18.77,0
35.715,-12.57,0
35.72,16.64,0
35.725,16.64,0
35.73,16.64,0
35.735,16.64,0
35.74,-5.57,0
35.745,-5.57,0
35.75,-5.57,0
35.755,19.83,0
35.76,19.83,0
35.765,20.33,0
35.77,6.8,0
35.775,6.8,0
35.78,1.48,0
35.785,1.48,0
35.79,19.53,0
35.795,19.53,0
35.8,-8.98,0
35.805,-8.98,0
35.81,-8.98,0
35.815,2.78,0
35.82,-6.62,0
35.825,-6.62,0
35.83,-6.62,0
35.835,21.12,0
35.84,-10.36,0
35.845,-10.36,0
35.85,-10.36,0
35.855,-10.36,0
35.86,-10.36,0
35.865,23.0,0
35.87,-3.22,0
35.875,21.41,0
35.88,21.41,0
35.885,13.45,0
35.89,9.2,0
35.895,-10.28,0
35.9,6.0,0
35.905,6.0,0
35.91,20.27,0
35.915,20.27,0
35.92,20.27,0
35.925,-11.58,0
35.93,-11.58,0
35.935,-11.58,0
35.94,14.34,0
35.945,14.34,0
35.95,14.34,0
35.955,12.38,0
35.96,5.36,0
35.965,5.36,0
35.97,5.36,0
35.975,-10.28,0
35.98,-10.28,0
35.985,22.94,0
35.99,22.94,0
35.995,5.12,0
36.0,15.64,0
36.005,15.64,0
36.01,15.64,0
36.015,-3.0,0
36.02,15.64,0
36.025,20.86,0
36.03,20.86,0
36.035,-4.56,0
36.04,-4.56,0
36.045,10.95,0
36.05,10.95,0
36.055,-11.44,0
36.06,-11.44,0
36.065,-11.44,0
36.07,-3.77,0
36.075,-6.14,0
36.08,7.8,0
36.085,7.8,0
36.09,-10.56,0
36.095,-10.56,0
36.1,23.33,0
36.105,23.33,0
36.11,-4.13,0
36.115,-10.74,0
36.12,10.64,0
36.125,10.64,0
36.13,10.64,0
36.135,10.64,0
36.14,10.64,0
36.145,16.79,0
36.15,16.79,0
36.155,-8.71,0
36.16,-8.71,0
36.165,5.15,0
36.17,-8.15,0
36.175,-8.15,0
36.18,-8.15,0
36.185,-8.15,0
36.19,-8.15,0
36.195,-5.74,0
36.2,-5.74,0
36.205,7.16,0
36.21,7.16,0
36.215,7.16,0
36.22,13.99,0
36.225,13.99,0
36.23,10.93,0
36.235,10.93,0
36.24,-2.0,0
36.245,10.93,0
36.25,14.01,0
36.255,14.01,0
36.26,23.0,0
36.265,15.64,0
36.27,-5.76,0
36.275,-5.76,0
36.28,-5.76,0
36.285,8.1,0
36.29,8.1,0
36.295,13.49,0
36.3,13.49,0
36.305,13.49,0
36.31,-7.68,0
36.315,-7.68,0
36.32,-7.68,0
36.325,6.0,0
36.33,6.0,0
36.335,-11.89,0
36.34,19.09,0
36.345,19.09,0
36.35,19.09,0
36.355,19.09,0
36.36,7.26,0
36.365,7.26,0
36.37,14.9,0
36.375,10.94,0
36.38,-9.34,0
36.385,-23.13,0
36.39,16.71,0
36.395,16.71,0
36.4,-10.61,0
36.405,-11.89,0
36.41,14.11,0
36.415,14.11,0
36.42,33.28,0
36.425,-6.7,0
36.43,21.72,0
36.435,19.66,0
36.44,-5.52,0
36.445,-5.52,0
36.45,6.0,0
36.455,-10.6,0
36.46,-10.36,0
36.465,-10.36,0
36.47,20.27,0
36.475,-0.28,0
36.48,-7.14,0
36.485,-7.14,0
36.49,7.3,0
36.495,7.3,0
36.5,11.92,0
36.505,11.92,0
36.51,18.71,0
36.515,18.71,0
36.52,-5.0,0
36.525,-5.0,0
36.53,7.07,0
36.535,-4.82,0
36.54,14.06,0
36.545,-5.74,0
36.55,-5.74,0
36.555,-9.44,0
36.56,-9.44,0
36.565,8.46,0
36.57,8.46,0
36.575,12.58,0
36.58,12.58,0
36.585,-7.07,0
36.59,-7.07,0
36.595,-2.66,0
36.6,-2.66,0
36.605,-2.66,0
36.61,3.67,0
36.615,3.67,0
36.62,10.55,0
36.625,19.37,0
36.63,19.37,0
36.635,11.74,0
36.64,-3.13,0
36.645,-3.13,0
36.65,5.98,0
36.655,14.4,0
36.66,14.4,0
36.665,-7.83,0
36.67,12.42,0
36.675,-4.49,0
36.68,-4.49,0
36.685,6.87,0
36.69,6.87,0
36.695,10.05,0
36.7,2.64,0
36.705,-10.11,0
36.71,-10.11,0
36.715,23.06,0
36.72,23.06,0
36.725,4.74,0
36.73,4.74,0
36.735,2.64,0
36.74,12.08,0
36.745,12.08,0
36.75,-12.48,0
36.755,24.57,0
36.76,19.84,0
36.765,19.84,0
36.77,19.84,0
36.775,14.78,0
36.78,-7.82,0
36.785,-0.91,0
36.79,-0.91,0
36.795,-1.94,0
36.8,6.87,0
36.805,-1.94,0
36.81,22.81,0
36.815,22.81,0
36.82,-12.95,0
36.825,17.69,0
36.83,17.69,0
36.835,17.69,0
36.84,-11.45,0
36.845,17.69,0
36.85,4.31,0
36.855,4.31,0
36.86,8.0,0
36.865,17.28,0
36.87,4.31,0
36.875,1.7,0
36.88,1.7,0
36.885,1.7,0
36.89,1.7,0
36.895,1.7,0
36.9,19.69,0
36.905,19.69,0
36.91,6.51,0
36.915,6.51,0
36.92,6.51,0
36.925,-4.05,0
36.93,-4.05,0
36.935,-11.69,0
36.94,-11.69,0
36.945,16.53,0
36.95,16.53,0
36.955,1.67,0
36.96,1.67,0
36.965,21.64,0
36.97,21.64,0
36.975,21.64,0
36.98,14.68,0
36.985,16.03,0
36.99,-3.27,0
36.995,0.51,0
37.0,0.51,0
37.005,-9.7,0
37.01,0.51,0
37.015,-3.51,0
37.02,-3.51,0
37.025,4.1,0
37.03,1.67,0
37.035,4.1,0
37.04,4.1,0
37.045,-2.96,0
37.05,-2.96,0
37.055,-2.96,0
37.06,-11.93,0
37.065,-11.93,0
37.07,-7.59,0
37.075,17.65,0
37.08,5.88,0
37.085,5.88,0
37.09,21.38,0
37.095,21.38,0
37.1,-15.47,0
37.105,21.38,0
37.11,16.1,0
37.115,16.1,0
37.12,5.05,0
37.125,5.05,0
37.13,16.72,0
37.135,16.72,0
37.14,-10.66,0
37.145,-10.66,0
37.15,-8.01,0
37.155,-10.66,0
37.16,3.5,0
37.165,5.88,0
37.17,-1.75,0
37.175,-1.75,0
37.18,-14.56,0
37.185,-14.56,0
37.19,17.98,0
37.195,17.98,0
37.2,17.98,0
37.205,-3.35,0
37.21,-3.35,0
37.215,22.95,0
37.22,22.95,0
37.225,5.79,0
37.23,22.95,0
37.235,22.95,0
37.24,-8.91,0
37.245,-8.91,0
37.25,20.77,0
37.255,20.77,0
37.26,20.77,0
37.265,-3.87,0
37.27,-9.53,0
37.275,-9.53,0
37.28,0.81,0
37.285,0.81,0
37.29,18.03,0
37.295,0.81,0
37.3,-5.83,0
37.305,-5.83,0
37.31,17.96,0
37.315,18.5,0
37.32,18.5,0
37.325,18.5,0
37.33,-0.54,0
37.335,-0.54,0
37.34,22.4,0
37.345,22.4,0
37.35,18.51,0
37.355,18.51,0
37.36,18.51,0
37.365,18.51,0
37.37,18.51,0
37.375,12.38,0
37.38,13.26,0
37.385,18.51,0
37.39,-2.5,0
37.395,-2.5,0
37.4,-7.78,0
37.405,-3.44,0
37.41,-3.44,0
37.415,19.01,0
37.42,-7.99,0
37.425,-13.68,0
37.43,-13.68,0
37.435,16.74,0
37.44,16.74,0
37.445,-3.57,0
37.45,-3.57,0
37.455,-3.57,0
37.46,-3.57,0
37.465,21.12,0
37.47,21.12,0
37.475,4.35,0
37.48,4.35,0
37.485,-0.46,0
37.49,4.35,0
37.495,20.66,0
37.5,20.66,0
37.505,-8.96,0
37.51,-8.96,0
37.515,0.81,0
37.52,0.81,0
37.525,1.66,0
37.53,1.66,0
37.535,1.66,0
37.54,1.66,0
37.545,1.66,0
37.55,-12.87,0
37.555,-12.87,0
37.56,14.81,0
37.565,14.81,0
37.57,1.28,0
37.575,-5.16,0
37.58,-5.16,0
37.585,-5.16,0
37.59,14.35,0
37.595,14.35,0
37.6,14.35,0
37.605,14.35,0
37.61,20.59,0
37.615,20.59,0
37.62,-5.83,0
37.625,13.14,0
37.63,13.14,0
37.635,-8.5,0
37.64,-8.5,0
37.645,-8.5,0
37.65,4.09,0
37.655,-7.38,0
37.66,-7.38,0
37.665,21.36,0
37.67,7.19,0
37.675,-7.95,0
37.68,-7.95,0
37.685,22.21,0
37.69,22.21,0
37.695,-10.74,0
37.7,-10.74,0
37.705,-1.81,0
37.71,7.72,0
37.715,11.52,0
37.72,11.52,0
37.725,20.66,0
37.73,20.66,0
37.735,-5.61,0
37.74,20.66,0
37.745,20.66,0
37.75,-5.5,0
37.755,15.32,0
37.76,8.39,0
37.765,-6.33,0
37.77,-6.33,0
37.775,-6.27,0
37.78,-6.27,0
37.785,8.44,0
37.79,8.44,0
37.795,12.2,0
37.8,12.2,0
37.805,12.2,0
37.81,-9.73,0
37.815,-9.73,0
37.82,-9.73,0
37.825,-9.73,0
37.83,-9.73,0
37.835,-9.73,0
37.84,-10.01,0
37.845,22.17,0
37.85,25.5,0
37.855,25.5,0
37.86,-10.43,0
37.865,-10.43,0
37.87,-6.27,0
37.875,12.57,0
37.88,12.57,0
37.885,-10.95,0
37.89,17.3,0
37.895,-7.5,0
37.9,-7.5,0
37.905,-7.5,0
37.91,12.87,0
37.915,12.87,1
37.92,12.25,0
37.925,12.25,0
37.93,-8.66,0
37.935,-8.66,0
37.94,-10.62,0
37.945,6.56,0
37.95,6.56,0
37.955,17.09,0
37.96,17.09,0
37.965,17.09,0
37.97,12.87,0
37.975,-9.57,0
37.98,-6.53,0
37.985,-6.53,0
37.99,7.25,0
37.995,11.27,0
38.0,-6.98,0
38.005,-6.16,0
38.01,-8.71,0
38.015,25.4,0
38.02,25.4,0
38.025,-9.57,0
38.03,7.19,0
38.035,7.19,0
38.04,7.19,0
38.045,-10.08,0
38.05,-10.08,0
38.055,22.01,0
38.06,-3.55,0
38.065,21.54,0
38.07,7.36,0
38.075,11.31,0
38.08,12.86,0
38.085,12.86,0
38.09,12.86,0
38.095,6.3,0
38.1,20.13,0
38.105,-5.07,0
38.11,0.66,0
38.115,23.49,0
38.12,11.22,0
38.125,11.22,0
38.13,11.22,0
38.135,2.44,0
38.14,2.44,0
38.145,-9.54,0
38.15,-7.48,0
38.155,-7.48,0
38.16,7.27,0
38.165,3.25,0
38.17,-6.02,0
38.175,23.54,0
38.18,23.54,0
38.185,23.54,0
38.19,23.54,0
38.195,23.54,0
38.2,23.54,0
38.205,23.54,0
38.21,-11.7,0
38.215,-11.7,0
38.22,7.18,0
38.225,25.29,0
38.23,-7.33,0
38.235,-7.33,0
38.24,10.72,0
38.245,10.72,0
38.25,-10.21,0
38.255,-10.21,0
38.26,-10.21,0
38.265,-10.21,0
38.27,-10.21,0
38.275,-10.21,0
38.28,-10.21,0
38.285,-10.21,0
38.29,-7.33,0
38.295,-5.17,0
38.3,-5.17,0
38.305,-5.17,0
38.31,21.86,0
38.315,11.1,0
38.32,11.1,0
38.325,10.2,0
38.33,10.2,0
38.335,22.22,0
38.34,22.22,0
38.345,-6.76,0
38.35,-6.76,0
38.355,14.11,0
38.36,-6.76,0
38.365,-6.76,0
38.37,-6.76,0
38.375,-11.6,0
38.38,-11.6,0
38.385,-11.6,0
38.39,-5.13,0
38.395,-5.13,0
38.4,-12.72,0
38.405,10.2,0
38.41,16.23,0
38.415,16.23,0
38.42,16.23,0
38.425,-3.67,0
38.43,-3.67,0
38.435,-3.67,0
38.44,-3.67,0
38.445,-11.88,0
38.45,-11.88,0
38.455,5.16,0
38.46,5.16,0
38.465,5.16,0
38.47,5.16,0
38.475,5.16,0
38.48,5.16,0
38.485,-11.3,0
38.49,-11.3,0
38.495,5.39,0
38.5,5.39,0
38.505,-5.17,0
38.51,-5.17,0
38.515,21.47,0
38.52,21.47,0
38.525,-13.35,0
38.53,-13.35,0
38.535,21.47,0
38.54,16.2,0
38.545,-3.33,0
38.55,-3.33,0
38.555,20.19,0
38.56,-8.1,0
38.565,-11.81,0
38.57,-11.81,0
38.575,2.88,0
38.58,2.88,0
38.585,2.88,0
38.59,2.88,0
38.595,20.35,0
38.6,20.35,0
38.605,-7.63,0
38.61,-7.63,0
38.615,-12.76,0
38.62,1.4,0
38.625,-0.37,0
38.63,-0.37,0
38.635,-0.37,0
38.64,-0.37,0
38.645,-13.9,0
38.65,-13.9,0
38.655,-13.9,0
38.66,17.54,0
38.665,-5.95,0
38.67,-4.7,0
38.675,-4.7,0
38.68,22.18,0
38.685,22.18,0
38.69,22.18,0
38.695,22.18,0
38.7,22.18,0
38.705,3.44,0
38.71,3.44,0
38.715,3.44,0
38.72,-0.7,0
38.725,-13.42,0
38.73,-13.42,0
38.735,6.03,0
38.74,6.03,0
38.745,6.03,0
38.75,6.03,0
38.755,0.85,0
38.76,0.85,0
38.765,0.85,0
38.77,0.85,0
38.775,-13.21,0
38.78,-13.21,0
38.785,2.37,0
38.79,2.37,0
38.795,15.21,0
38.8,15.21,0
38.805,15.21,0
38.81,15.21,0
38.815,16.99,0
38.82,16.99,0
38.825,0.44,0
38.83,0.44,0
38.835,0.44,0
38.84,0.44,0
38.845,0.44,0
38.85,-4.96,0
38.855,-4.96,0
38.86,2.52,0
38.865,2.52,0
38.87,20.58,0
38.875,-10.28,0
38.88,-2.52,0
38.885,-2.52,0
38.89,-13.09,0
38.895,-13.09,0
38.9,18.11,0
38.905,18.11,0
38.91,0.5,0
38.915,0.5,0
38.92,-3.78,0
38.925,2.38,0
38.93,2.52,0
38.935,-9.38,0
38.94,-9.38,0
38.945,2.39,0
38.95,2.39,0
38.955,-2.98,0
38.96,-2.98,0
38.965,24.69,0
38.97,24.69,0
38.975,-12.16,0
38.98,-12.16,0
38.985,2.52,0
38.99,3.04,0
38.995,2.27,0
39.0,14.08,0
39.005,-10.3,0
39.01,-10.3,0
39.015,18.16,0
39.02,18.16,0
39.025,18.16,0
39.03,18.16,0
39.035,18.16,0
39.04,-2.92,0
39.045,-2.92,0
39.05,21.0,0
39.055,19.42,0
39.06,19.42,0
39.065,26.92,0
39.07,22.87,0
39.075,3.15,0
39.08,-14.15,0
39.085,18.57,0
39.09,18.57,0
39.095,-9.95,0
39.1,-9.95,0
39.105,2.33,0
39.11,2.33,0
39.115,-0.34,0
39.12,-0.34,0
39.125,-0.34,0
39.13,-0.34,0
39.135,-13.98,0
39.14,16.81,0
39.145,-11.79,0
39.15,3.94,0
39.155,3.94,0
39.16,18.64,0
39.165,18.64,0
39.17,18.64,0
39.175,18.99,0
39.18,18.64,0
39.185,18.64,0
39.19,6.23,0
39.195,6.23,0
39.2,6.23,0
39.205,20.94,0
39.21,5.99,0
39.215,5.99,0
39.22,5.99,0
39.225,10.53,0
39.23,10.53,0
39.235,-8.53,0
39.24,-7.04,0
39.245,-7.04,0
39.25,-7.04,0
39.255,4.51,0
39.26,5.5,0
39.265,-9.47,0
39.27,-9.47,0
39.275,21.36,0
39.28,21.36,0
39.285,21.36,0
39.29,21.36,0
39.295,-4.54,0
39.3,-4.54,0
39.305,-11.64,0
39.31,-11.64,0
39.315,21.64,0
39.32,-4.12,0
39.325,-4.12,0
39.33,-4.12,0
39.335,-4.12,0
39.34,-4.12,0
39.345,15.75,0
39.35,1.18,0
39.355,-10.63,0
39.36,11.9,0
39.365,-7.72,0
39.37,-7.72,0
39.375,-7.72,0
39.38,-7.72,0
39.385,7.69,0
39.39,7.69,0
39.395,5.61,0
39.4,7.69,0
39.405,19.36,0
39.41,19.36,0
39.415,5.21,0
39.42,14.84,0
39.425,14.84,0
39.43,-11.1,0
39.435,-11.1,0
39.44,19.75,0
39.445,19.75,0
39.45,-3.17,0
39.455,-3.17,0
39.46,12.55,0
39.465,12.55,0
39.47,12.55,0
39.475,0.27,0
39.48,-2.75,0
39.485,20.82,0
39.49,20.82,0
39.495,8.47,0
39.5,8.47,0
39.505,8.47,0
39.51,20.15,0
39.515,-13.43,0
39.52,-13.43,0
39.525,21.9,0
39.53,21.9,0
39.535,6.49,0
39.54,6.49,0
39.545,17.85,0
39.55,17.85,0
39.555,-3.02,0
39.56,17.85,0
39.565,19.02,0
39.57,-6.37,0
39.575,-6.37,0
39.58,13.04,0
39.585,-6.98,0
39.59,-8.34,0
39.595,-8.34,0
39.6,-8.34,0
39.605,-8.34,0
39.61,-7.92,0
39.615,-7.92,0
39.62,-7.92,0
39.625,-7.92,0
39.63,13.71,0
39.635,13.71,0
39.64,20.11,0
39.645,20.11,0
39.65,-4.83,0
39.655,13.71,0
39.66,4.74,0
39.665,4.74,0
39.67,-7.02,0
39.675,11.3,0
39.68,21.71,0
39.685,21.71,0
39.69,-7.62,0
39.695,-7.62,0
39.7,6.83,0
39.705,6.83,0
39.71,13.73,0
39.715,13.73,0
39.72,13.73,0
39.725,13.73,0
39.73,-4.05,0
39.735,4.74,0
39.74,-4.05,0
39.745,-4.05,0
39.75,-4.05,0
39.755,15.19,0
39.76,24.69,0
39.765,24.69,0
39.77,24.69,0
39.775,24.69,0
39.78,4.2,0
39.785,4.2,0
39.79,17.52,0
39.795,-10.11,0
39.8,21.1,0
39.805,21.1,0
39.81,-2.62,0
39.815,-2.62,0
39.82,-2.62,0
39.825,-2.62,0
39.83,14.04,0
39.835,14.04,0
39.84,-10.3,0
39.845,-10.3,0
39.85,-4.98,0
39.855,-4.98,0
39.86,5.28,0
39.865,5.28,0
39.87,15.84,0
39.875,15.84,0
39.88,-8.73,0
39.885,-8.73,0
39.89,21.03,0
39.895,21.03,0
39.9,8.42,0
39.905,8.42,0
39.91,3.17,0
39.915,15.75,0
39.92,18.49,0
39.925,18.49,0
39.93,-3.46,0
39.935,-3.46,0
39.94,-3.46,0
39.945,-3.46,0
39.95,11.67,0
39.955,-0.35,0
39.96,-9.65,0
39.965,-9.65,0
39.97,-5.96,0
39.975,-5.96,0
39.98,2.8,0
39.985,2.8,0
39.99,12.66,0
39.995,12.66,0
40.0,-11.59,0
40.005,-11.59,0
40.01,22.88,0
40.015,22.88,0
40.02,-12.19,0
40.025,-12.19,0
40.03,15.11,0
40.035,15.11,0
40.04,-4.35,0
40.045,6.82,0
40.05,-6.43,0
40.055,-6.43,0
40.06,20.6,0
40.065,20.6,0
40.07,1.51,0
40.075,20.6,0
40.08,3.27,0
40.085,3.27,0
40.09,1.71,0
40.095,1.71,0
40.1,-9.29,0
40.105,-9.29,0
40.11,-7.93,0
40.115,13.77,0
40.12,13.77,0
40.125,4.4,0
40.13,-8.17,0
40.135,-8.17,0
40.14,17.83,0
40.145,12.32,0
40.15,17.83,0
40.155,17.83,0
40.16,-11.19,0
40.165,-11.19,0
40.17,18.87,0
40.175,18.87,0
40.18,18.87,0
40.185,18.87,0
40.19,15.12,0
40.195,-12.1,0
40.2,6.25,0
40.205,17.04,0
40.21,-0.36,0
40.215,-0.36,0
40.22,-8.17,0
40.225,-12.6,0
40.23,-12.6,0
40.235,19.15,0
40.24,19.15,0
40.245,19.15,0
40.25,-6.39,0
40.255,-6.39,0
40.26,23.37,0
40.265,23.37,0
40.27,14.07,0
40.275,14.07,0
40.28,6.27,0
40.285,6.27,0
40.29,6.27,0
40.295,6.27,0
40.3,16.3,0
40.305,16.3,0
40.31,-9.47,0
40.315,-9.47,0
40.32,3.21,0
40.325,3.21,0
40.33,-2.62,0
40.335,-2.62,0
40.34,-2.62,0
40.345,-2.62,0
40.35,-14.0,0
40.355,-14.0,0
40.36,17.19,0
40.365,17.19,0
40.37,-6.54,0
40.375,-6.54,0
40.38,21.86,0
40.385,21.86,0
40.39,21.86,0
40.395,21.86,0
40.4,13.73,0
40.405,13.73,0
40.41,8.97,0
40.415,17.34,0
40.42,17.34,0
40.425,17.34,0
40.43,-12.18,0
40.435,-12.18,0
40.44,13.85,0
40.445,13.85,0
40.45,6.98,0
40.455,-2.98,0
40.46,-2.98,0
40.465,-8.03,0
40.47,-8.03,0
40.475,-8.03,0
40.48,-12.17,0
40.485,16.23,0
40.49,16.23,0
40.495,16.23,0
40.5,23.25,0
40.505,23.25,0
40.51,23.25,0
40.515,23.25,0
40.52,16.8,0
40.525,16.8,0
40.53,23.25,0
40.535,16.8,0
40.54,16.8,0
40.545,16.8,0
40.55,8.05,0
40.555,8.05,0
40.56,-13.53,0
40.565,22.5,0
40.57,16.23,0
40.575,20.42,0
40.58,-6.95,0
40.585,-6.95,0
40.59,-8.03,0
40.595,-8.03,0
40.6,15.08,0
40.605,15.08,0
40.61,15.08,0
40.615,15.08,0
40.62,15.08,0
40.625,15.08,0
40.63,-13.29,0
40.635,-13.29,0
40.64,-13.29,0
40.645,-0.56,0
40.65,-0.56,0
40.655,-3.96,0
40.66,-3.96,0
40.665,19.96,0
40.67,-13.29,0
40.675,-10.56,0
40.68,-10.56,0
40.685,4.64,0
40.69,4.64,0
40.695,-5.32,0
40.7,-5.32,0
40.705,-13.46,0
40.71,-13.46,0
40.715,15.38,0
40.72,15.38,0
40.725,-5.32,0
40.73,15.38,0
40.735,-3.36,0
40.74,-1.13,0
40.745,21.98,0
40.75,21.98,0
40.755,12.8,0
40.76,12.8,0
40.765,5.87,0
40.77,5.87,0
40.775,-1.72,0
40.78,-1.72,0
40.785,20.44,0
40.79,20.44,0
40.795,-19.67,0
40.8,-7.93,0
40.805,3.61,0
40.81,3.61,0
40.815,3.61,0
40.82,-2.78,0
40.825,-12.59,0
40.83,-12.59,0
40.835,-12.59,0
40.84,-11.11,0
40.845,-11.11,0
40.85,-11.11,0
40.855,-11.11,0
40.86,22.56,0
40.865,22.56,0
40.87,4.2,0
40.875,4.2,0
40.88,16.04,0
40.885,16.04,0
40.89,21.78,0
40.895,12.24,0
40.9,-5.57,0
40.905,-5.57,0
40.91,-5.57,0
40.915,14.98,0
40.92,-3.42,0
40.925,13.62,0
40.93,13.62,0
40.935,13.62,0
40.94,-10.49,0
40.945,6.39,0
40.95,6.39,0
40.955,6.39,0
40.96,6.39,0
40.965,6.39,0
40.97,6.39,0
40.975,13.62,0
40.98,-10.45,0
40.985,5.88,0
40.99,5.88,0
40.995,10.55,0
41.0,10.55,0
41.005,10.55,0
41.01,10.55,0
41.015,19.03,0
41.02,19.03,0
41.025,-3.94,0
41.03,-3.94,0
41.035,15.87,0
41.04,15.87,0
41.045,15.87,0
41.05,15.87,0
41.055,15.87,0
41.06,15.87,0
41.065,15.87,0
41.07,15.87,0
41.075,3.44,0
41.08,3.44,0
41.085,3.44,0
41.09,3.44,0
41.095,-7.95,0
41.1,-8.92,0
41.105,-8.92,0
41.11,10.55,0
41.115,7.3,0
41.12,12.63,0
41.125,12.63,0
41.13,12.63,0
41.135,12.63,0
41.14,12.63,0
41.145,12.63,0
41.15,-3.9,0
41.155,-3.9,0
41.16,17.96,0
41.165,17.96,0
41.17,17.96,0
41.175,17.96,0
41.18,-11.45,0
41.185,-11.45,0
41.19,-11.45,0
41.195,15.56,0
41.2,23.78,0
41.205,4.26,0
41.21,4.26,0
41.215,21.85,0
41.22,21.85,0
41.225,21.85,0
41.23,-3.79,0
41.235,2.32,0
41.24,2.32,0
41.245,14.3,0
41.25,17.96,0
41.255,14.3,0
41.26,14.3,0
41.265,21.14,0
41.27,21.14,0
41.275,19.25,0
41.28,19.25,0
41.285,-13.39,0
41.29,-13.39,0
41.295,-13.39,0
41.3,-13.39,0
41.305,-1.82,0
41.31,-1.82,0
41.315,3.01,0
41.32,3.01,0
41.325,-11.45,0
41.33,-11.45,0
41.335,-1.39,0
41.34,-3.79,0
41.345,-11.45,0
41.35,-11.45,0
41.355,3.37,0
41.36,3.37,0
41.365,15.25,0
41.37,15.25,0
41.375,20.8,0
41.38,20.8,0
41.385,20.8,0
41.39,20.8,0
41.395,20.8,0
41.4,-2.97,0
41.405,-2.97,0
41.41,22.76,0
41.415,-13.15,0
41.42,-13.15,0
41.425,-13.15,0
41.43,-3.74,0
41.435,4.53,0
41.44,4.53,0
41.445,15.56,0
41.45,15.56,0
41.455,-9.71,0
41.46,-9.71,0
41.465,22.88,0
41.47,22.88,0
41.475,3.55,0
41.48,-2.54,0
41.485,14.02,0
41.49,14.02,0
41.495,14.02,0
41.5,14.02,0
41.505,-10.61,0
41.51,-10.61,0
41.515,1.79,0
41.52,1.79,0
41.525,18.92,0
41.53,18.92,0
41.535,18.92,0
41.54,18.92,0
41.545,18.92,0
41.55,19.91,0
41.555,0.37,0
41.56,0.37,0
41.565,-6.11,0
41.57,14.66,0
41.575,14.66,0
41.58,-8.7,0
41.585,-8.7,0
41.59,-8.7,0
41.595,-8.7,0
41.6,3.39,0
41.605,3.39,0
41.61,15.45,0
41.615,-12.92,0
41.62,-12.92,0
41.625,-12.92,0
41.63,-12.92,0
41.635,2.12,0
41.64,2.12,0
41.645,16.07,0
41.65,16.07,0
41.655,2.0,0
41.66,3.85,0
41.665,-8.2,0
41.67,-8.2,0
41.675,16.35,0
41.68,-8.2,0
41.685,-10.36,0
41.69,-10.36,0
41.695,14.91,0
41.7,14.91,0
41.705,9.36,0
41.71,-6.43,0
41.715,21.64,0
41.72,21.64,0
41.725,21.64,0
41.73,-12.42,0
41.735,3.85,0
41.74,12.75,0
41.745,12.75,0
41.75,9.65,0
41.755,17.7,0
41.76,17.7,0
41.765,17.7,0
41.77,-12.32,0
41.775,8.88,0
41.78,8.88,0
41.785,8.88,0
41.79,8.88,0
41.795,8.88,0
41.8,8.88,0
41.805,-13.21,0
41.81,-13.21,0
41.815,12.31,0
41.82,12.31,0
41.825,12.31,0
41.83,20.39,0
41.835,-4.66,0
41.84,23.82,0
41.845,19.16,0
41.85,23.82,0
41.855,23.82,0
41.86,7.59,0
41.865,7.59,0
41.87,-4.66,0
41.875,8.68,0
41.88,8.68,0
41.885,8.68,0
41.89,-2.86,0
41.895,-2.86,0
41.9,10.01,0
41.905,10.01,0
41.91,10.01,0
41.915,10.01,0
41.92,-4.75,0
41.925,-4.75,0
41.93,-5.81,0
41.935,14.76,0
41.94,14.76,0
41.945,-13.57,0
41.95,23.83,0
41.955,-2.86,0
41.96,23.38,0
41.965,-8.98,0
41.97,23.38,0
41.975,-0.68,0
41.98,15.28,0
41.985,15.28,0
41.99,8.04,0
41.995,8.04,0
42.0,19.59,0
42.005,19.59,0
42.01,-10.73,0
42.015,-10.73,0
42.02,5.87,0
42.025,8.33,0
42.03,8.33,0
42.035,8.33,0
42.04,8.33,0
42.045,21.09,0
42.05,21.09,0
42.055,13.79,0
42.06,13.79,0
42.065,13.79,0
42.07,13.79,0
42.075,-2.37,0
42.08,-2.37,0
42.085,21.59,0
42.09,21.59,0
42.095,4.2,0
42.1,12.15,0
42.105,8.97,0
42.11,-11.55,0
42.115,-2.77,0
42.12,-2.77,0
42.125,19.78,0
42.13,19.78,0
42.135,19.78,0
42.14,-7.22,0
42.145,6.55,0
42.15,6.55,0
42.155,6.55,0
42.16,-2.79,0
42.165,-13.75,0
42.17,-13.75,0
42.175,-13.75,0
42.18,9.93,0
42.185,9.93,0
42.19,9.93,0
42.195,9.93,0
42.2,8.38,0
42.205,-10.14,0
42.21,-10.14,0
42.215,-10.14,0
42.22,-2.79,0
42.225,12.82,0
42.23,5.17,0
42.235,12.82,0
42.24,5.17,0
42.245,5.17,0
42.25,5.17,0
42.255,5.17,0
42.26,-9.13,0
42.265,-9.13,0
42.27,9.41,0
42.275,-4.64,0
42.28,-4.64,0
42.285,22.39,0
42.29,20.84,0
42.295,22.39,0
42.3,18.9,0
42.305,-6.41,0
42.31,10.06,0
42.315,10.06,0
42.32,8.24,0
42.325,8.24,0
42.33,21.32,0
42.335,21.32,0
42.34,12.09,0
42.345,-1.82,0
42.35,1.81,0
42.355,12.42,0
42.36,12.42,0
42.365,20.17,0
42.37,20.17,0
42.375,0.05,0
42.38,-8.71,0
42.385,-8.71,0
42.39,6.69,0
42.395,1.17,0
42.4,-6.16,0
42.405,-6.16,0
42.41,-6.16,0
42.415,-9.88,0
42.42,-9.88,0
42.425,-9.88,0
42.43,12.45,0
42.435,12.45,0
42.44,12.45,0
42.445,7.74,0
42.45,7.74,0
42.455,-8.34,0
42.46,-8.34,0
42.465,-10.69,0
42.47,-10.69,0
42.475,24.66,0
42.48,21.49,0
42.485,21.49,0
42.49,21.49,0
42.495,-4.81,0
42.5,-4.81,0
42.505,-13.6,0
42.51,-13.6,0
42.515,-13.6,0
42.52,-13.6,0
42.525,2.65,0
42.53,-1.21,0
42.535,-1.21,0
42.54,-1.21,0
42.545,18.02,0
42.55,18.02,0
42.555,16.19,0
42.56,16.19,0
42.565,16.19,0
42.57,-0.9,0
42.575,12.46,0
42.58,16.19,0
42.585,-4.15,0
42.59,-6.64,0
42.595,19.48,0
42.6,19.48,0
42.605,-3.65,0
42.61,-3.65,0
42.615,19.38,0
42.62,19.38,0
42.625,-12.98,0
42.63,-12.98,0
42.635,-12.98,0
42.64,-12.98,0
42.645,-1.21,0
42.65,-1.21,0
42.655,-1.49,0
42.66,-1.49,0
42.665,-12.57,0
42.67,-12.57,0
42.675,19.76,0
42.68,19.76,0
42.685,-0.44,0
42.69,-0.44,0
42.695,-0.09,0
42.7,-0.09,0
42.705,19.76,0
42.71,19.59,0
42.715,15.62,0
42.72,15.62,0
42.725,-0.05,0
42.73,-0.05,0
42.735,17.31,0
42.74,-7.31,0
42.745,-8.91,0
42.75,-8.91,0
42.755,-8.91,0
42.76,-8.91,0
42.765,-8.91,0
42.77,-8.91,0
42.775,-8.91,0
42.78,-8.91,0
42.785,-4.21,0
42.79,-4.21,0
42.795,-9.88,0
42.8,-11.92,0
42.805,-11.92,0
42.81,-1.24,0
42.815,-1.24,0
42.82,-1.24,0
42.825,-9.49,0
42.83,18.26,0
42.835,18.26,0
42.84,18.13,0
42.845,-9.49,0
42.85,1.34,0
42.855,1.34,0
42.86,1.34,0
42.865,19.49,0
42.87,1.34,0
42.875,-10.56,0
42.88,-10.56,0
42.885,11.02,0
42.89,19.66,0
42.895,19.66,0
42.9,-1.74,0
42.905,-10.17,0
42.91,-10.17,0
42.915,19.18,1
42.92,19.18,0
42.925,19.18,0
42.93,19.18,0
42.935,19.18,0
42.94,19.18,0
42.945,19.18,0
42.95,0.75,0
42.955,20.3,0
42.96,20.3,0
42.965,20.3,0
42.97,2.19,0
42.975,2.19,0
42.98,2.19,0
42.985,2.19,0
42.99,16.34,0
42.995,-12.81,0
43.0,-12.81,0
43.005,-12.81,0
43.01,-0.95,0
43.015,-0.95,0
43.02,-0.95,0
43.025,-0.95,0
43.03,-8.23,0
43.035,-14.63,0
43.04,-14.63,0
43.045,18.43,0
43.05,18.43,0
43.055,18.43,0
43.06,18.43,0
43.065,4.52,0
43.07,-2.01,0
43.075,21.31,0
43.08,21.31,0
43.085,18.76,0
43.09,18.76,0
43.095,0.15,0
43.1,0.15,0
43.105,15.48,0
43.11,15.48,0
43.115,-7.9,0
43.12,-7.9,0
43.125,20.43,0
43.13,20.43,0
43.135,0.21,0
43.14,0.21,0
43.145,0.21,0
43.15,0.21,0
43.155,-15.48,0
43.16,-15.48,0
43.165,17.38,0
43.17,17.38,0
43.175,1.24,0
43.18,1.24,0
43.185,-7.9,0
43.19,20.43,0
43.195,17.38,0
43.2,1.24,0
43.205,18.91,0
43.21,18.91,0
43.215,-0.13,0
43.22,-0.13,0
43.225,-0.13,0
43.23,20.2,0
43.235,20.2,0
43.24,-11.98,0
43.245,-11.98,0
43.25,21.27,0
43.255,21.27,0
43.26,1.22,0
43.265,4.7,0
43.27,4.7,0
43.275,4.7,0
43.28,12.03,0
43.285,10.04,0
43.29,-12.48,0
43.295,-12.48,0
43.3,22.63,0
43.305,19.99,0
43.31,0.37,0
43.315,-11.98,0
43.32,9.33,0
43.325,9.33,0
43.33,11.34,0
43.335,11.34,0
43.34,11.34,0
43.345,-6.57,0
43.35,-10.82,0
43.355,7.5,0
43.36,7.5,0
43.365,7.5,0
43.37,7.5,0
43.375,7.5,0
43.38,-8.57,0
43.385,-6.16,0
43.39,-6.16,0
43.395,13.54,0
43.4,10.87,0
43.405,10.22,0
43.41,10.22,0
43.415,21.86,0
43.42,21.86,0
43.425,-6.57,0
43.43,21.86,0
43.435,10.22,0
43.44,7.52,0
43.445,7.52,0
43.45,8.15,0
43.455,21.63,0
43.46,21.63,0
43.465,21.63,0
43.47,21.63,0
43.475,21.63,0
43.48,21.63,0
43.485,21.63,0
43.49,7.6,0
43.495,7.6,0
43.5,-7.88,0
43.505,-7.88,0
43.51,-7.85,0
43.515,8.48,0
43.52,0.59,0
43.525,-8.69,0
43.53,12.59,0
43.535,-6.37,0
43.54,-6.37,0
43.545,-11.1,0
43.55,22.97,0
43.555,22.97,0
43.56,22.97,0
43.565,-5.8,0
43.57,-5.8,0
43.575,21.74,0
43.58,18.19,0
43.585,21.74,0
43.59,21.74,0
43.595,21.74,0
43.6,-8.08,0
43.605,8.38,0
43.61,8.38,0
43.615,-9.3,0
43.62,-9.3,0
43.625,-9.3,0
43.63,-8.06,0
43.635,7.14,0
43.64,7.14,0
43.645,7.14,0
43.65,7.14,0
43.655,7.14,0
43.66,-7.72,0
43.665,-7.72,0
43.67,19.02,0
43.675,19.02,0
43.68,2.8,0
43.685,2.8,0
43.69,7.82,0
43.695,7.82,0
43.7,-8.74,0
43.705,-8.74,0
43.71,21.65,0
43.715,21.65,0
43.72,-11.25,0
43.725,10.33,0
43.73,10.33,0
43.735,10.33,0
43.74,-3.99,0
43.745,10.33,0
43.75,23.45,0
43.755,23.45,0
43.76,-9.46,0
43.765,-9.46,0
43.77,3.73,0
43.775,3.73,0
43.78,-9.07,0
43.785,-9.07,0
43.79,-9.07,0
43.795,-9.07,0
43.8,19.77,0
43.805,10.12,0
43.81,14.38,0
43.815,14.38,0
43.82,-0.48,0
43.825,14.38,0
43.83,23.05,0
43.835,23.05,0
43.84,13.84,0
43.845,23.05,0
43.85,5.52,0
43.855,5.68,0
43.86,-6.89,0
43.865,-6.89,0
43.87,-6.89,0
43.875,3.73,0
43.88,-3.89,0
43.885,-3.89,0
43.89,7.32,0
43.895,-9.57,0
43.9,-9.57,0
43.905,-9.57,0
43.91,-9.57,0
43.915,-9.57,0
43.92,-9.57,0
43.925,-9.57,0
43.93,-9.57,0
43.935,21.24,0
43.94,6.36,0
43.945,6.36,0
43.95,21.35,0
43.955,-7.8,0
43.96,-7.8,0
43.965,8.73,0
43.97,8.73,0
43.975,15.51,0
43.98,15.51,0
43.985,-8.07,0
43.99,-8.07,0
43.995,-4.29,0
44.0,-4.29,0
44.005,9.28,0
44.01,9.28,0
44.015,-11.38,0
44.02,-11.38,0
44.025,21.12,0
44.03,21.12,0
44.035,21.12,0
44.04,21.12,0
44.045,4.54,0
44.05,4.54,0
44.055,17.46,0
44.06,10.98,0
44.065,24.08,0
44.07,24.08,0
44.075,-4.7,0
44.08,12.11,0
44.085,-4.7,0
44.09,-4.7,0
44.095,17.79,0
44.1,17.79,0
44.105,3.93,0
44.11,3.93,0
44.115,3.93,0
44.12,3.93,0
44.125,25.64,0
44.13,25.64,0
44.135,25.64,0
44.14,14.24,0
44.145,14.24,0
44.15,14.24,0
44.155,14.24,0
44.16,-2.35,0
44.165,-2.35,0
44.17,-2.35,0
44.175,-2.35,0
44.18,12.75,0
44.185,14.55,0
44.19,-7.63,0
44.195,-2.09,0
44.2,-3.05,0
44.205,-3.05,0
44.21,-7.23,0
44.215,24.2,0
44.22,-7.23,0
44.225,-7.59,0
44.23,4.4,0
44.235,22.51,0
44.24,-3.05,0
44.245,20.25,0
44.25,20.25,0
44.255,24.2,0
44.26,20.25,0
44.265,2.45,0
44.27,2.45,0
44.275,-3.86,0
44.28,-3.86,0
44.285,19.34,0
44.29,10.11,0
44.295,15.9,0
44.3,15.9,0
44.305,2.99,0
44.31,2.99,0
44.315,2.99,0
44.32,7.84,0
44.325,18.89,0
44.33,18.89,0
44.335,-8.74,0
44.34,-8.74,0
44.345,-3.05,0
44.35,17.04,0
44.355,-3.65,0
44.36,-3.65,0
44.365,-3.65,0
44.37,-3.65,0
44.375,-3.65,0
44.38,-3.65,0
44.385,2.69,0
44.39,2.69,0
44.395,18.95,0
44.4,0.32,0
44.405,0.32,0
44.41,0.32,0
44.415,0.32,0
44.42,0.32,0
44.425,13.41,0
44.43,13.41,0
44.435,1.03,0
44.44,1.03,0
44.445,23.24,0
44.45,23.24,0
44.455,23.24,0
44.46,23.24,0
44.465,-12.93,0
44.47,-12.93,0
44.475,-6.02,0
44.48,-6.02,0
44.485,16.36,0
44.49,-6.02,0
44.495,-6.02,0
44.5,-6.02,0
44.505,13.41,0
44.51,-8.82,0
44.515,-5.54,0
44.52,-5.54,0
44.525,-5.54,0
44.53,20.55,0
44.535,20.55,0
44.54,20.55,0
44.545,12.75,0
44.55,12.75,0
44.555,12.75,0
44.56,7.41,0
44.565,4.44,0
44.57,7.41,0
44.575,7.41,0
44.58,-3.09,0
44.585,6.0,0
44.59,6.0,0
44.595,6.0,0
44.6,6.0,0
44.605,6.0,0
44.61,-5.19,0
44.615,-5.19,0
44.62,-5.19,0
44.625,-5.19,0
44.63,-9.43,0
44.635,-9.43,0
44.64,-2.67,0
44.645,12.75,0
44.65,16.89,0
44.655,16.89,0
44.66,-10.8,0
44.665,17.84,0
44.67,17.84,0
44.675,17.84,0
44.68,5.47,0
44.685,5.47,0
44.69,5.47,0
44.695,5.47,0
44.7,-5.82,0
44.705,-5.82,0
44.71,8.76,0
44.715,8.76,0
44.72,8.76,0
44.725,9.26,0
44.73,-2.35,0
44.735,-2.35,0
44.74,-10.74,0
44.745,-10.74,0
44.75,15.09,0
44.755,15.09,0
44.76,15.09,0
44.765,15.09,0
44.77,-4.95,0
44.775,-4.95,0
44.78,-8.23,0
44.785,15.09,0
44.79,17.27,0
44.795,5.66,0
44.8,5.93,0
44.805,5.93,0
44.81,5.93,0
44.815,5.93,0
44.82,25.13,0
44.825,16.16,0
44.83,16.16,0
44.835,4.27,0
44.84,4.27,0
44.845,-7.7,0
44.85,-7.7,0
44.855,-7.7,0
44.86,-12.33,0
44.865,-12.33,0
44.87,15.68,0
44.875,15.68,0
44.88,5.66,0
44.885,5.66,0
44.89,-3.2,0
44.895,-3.2,0
44.9,-8.58,0
44.905,-8.58,0
44.91,-8.58,0
44.915,-8.58,0
44.92,13.17,0
44.925,13.17,0
44.93,-1.72,0
44.935,-1.72,0
44.94,1.63,0
44.945,1.63,0
44.95,-1.42,0
44.955,14.25,0
44.96,-12.79,0
44.965,-12.79,0
44.97,-4.71,0
44.975,-4.71,0
44.98,5.91,0
44.985,5.91,0
44.99,-7.62,0
44.995,5.91,0
45.0,5.91,0
45.005,5.91,0
45.01,-2.93,0
45.015,-12.96,0
45.02,5.02,0
45.025,5.02,0
45.03,12.22,0
45.035,12.22,0
45.04,-10.49,0
45.045,-10.49,0
45.05,19.67,0
45.055,19.67,0
45.06,-8.5,0
45.065,4.1,0
45.07,15.81,0
45.075,15.81,0
45.08,-10.95,0
45.085,-10.95,0
45.09,17.55,0
45.095,13.05,0
45.1,-3.17,0
45.105,16.42,0
45.11,16.42,0
45.115,-11.47,0
45.12,-11.47,0
45.125,-11.47,0
45.13,22.94,0
45.135,18.99,0
45.14,3.34,0
45.145,3.34,0
45.15,3.34,0
45.155,13.59,0
45.16,-0.83,0
45.165,-11.05,0
45.17,4.95,0
45.175,3.67,0
45.18,3.67,0
45.185,16.5,0
45.19,3.67,0
45.195,16.5,0
45.2,16.5,0
45.205,18.23,0
45.21,-7.24,0
45.215,18.23,0
45.22,-5.87,0
45.225,-5.87,0
45.23,-1.7,0
45.235,-1.7,0
45.24,14.91,0
45.245,14.91,0
45.25,-11.36,0
45.255,-11.36,0
45.26,-3.43,0
45.265,-3.43,0
45.27,5.49,0
45.275,7.91,0
45.28,-12.64,0
45.285,-12.64,0
45.29,22.1,0
45.295,-3.4,0
45.3,-3.4,0
45.305,-5.41,0
45.31,3.45,0
45.315,3.45,0
45.32,17.1,0
45.325,17.1,0
45.33,17.24,0
45.335,17.24,0
45.34,-1.92,0
45.345,-1.92,0
45.35,-1.92,0
45.355,-1.92,0
45.36,-1.92,0
45.365,-1.92,0
45.37,-1.92,0
45.375,-1.92,0
45.38,-10.41,0
45.385,-10.41,0
45.39,3.21,0
45.395,3.21,0
45.4,-11.95,0
45.405,-11.95,0
45.41,22.22,0
45.415,22.22,0
45.42,22.22,0
45.425,22.22,0
45.43,3.03,0
45.435,3.03,0
45.44,18.86,0
45.445,18.86,0
45.45,18.86,0
45.455,18.86,0
45.46,23.53,0
45.465,23.53,0
45.47,3.97,0
45.475,3.97,0
45.48,17.7,0
45.485,17.7,0
45.49,-10.85,0
45.495,-10.85,0
45.5,-1.89,0
45.505,5.43,0
45.51,5.43,0
45.515,-10.58,0
45.52,-10.58,0
45.525,-10.58,0
45.53,22.86,0
45.535,22.86,0
45.54,22.86,0
45.545,-4.1,0
45.55,3.7,0
45.555,3.7,0
45.56,16.2,0
45.565,16.2,0
45.57,19.27,0
45.575,19.27,0
45.58,-1.17,0
45.585,-1.17,0
45.59,-1.17,0
45.595,-1.17,0
45.6,-1.17,0
45.605,-9.63,0
45.61,3.7,0
45.615,-8.26,0
45.62,-2.28,0
45.625,-2.28,0
45.63,-6.39,0
45.635,0.25,0
45.64,0.25,0
45.645,1.35,0
45.65,0.25,0
45.655,0.25,0
45.66,21.49,0
45.665,21.49,0
45.67,-1.84,0
45.675,-1.84,0
45.68,-3.66,0
45.685,20.54,0
45.69,-13.48,0
45.695,-13.48,0
45.7,20.78,0
45.705,20.78,0
45.71,0.91,0
45.715,0.91,0
45.72,1.93,0
45.725,1.93,0
45.73,-9.42,0
45.735,-9.42,0
45.74,-6.34,0
45.745,22.33,0
45.75,22.33,0
45.755,22.33,0
45.76,-8.07,0
45.765,8.11,0
45.77,0.32,0
45.775,11.65,0
45.78,-7.67,0
45.785,-7.67,0
45.79,18.87,0
45.795,18.87,0
45.8,-7.24,0
45.805,10.81,0
45.81,7.31,0
45.815,10.81,0
45.82,10.81,0
45.825,10.81,0
45.83,19.99,0
45.835,-8.61,0
45.84,-10.85,0
45.845,-10.85,0
45.85,20.33,0
45.855,-10.85,0
45.86,-10.85,0
45.865,-10.85,0
45.87,-10.14,0
45.875,-10.14,0
45.88,-10.14,0
45.885,10.55,0
45.89,10.55,0
45.895,10.55,0
45.9,10.55,0
45.905,10.55,0
45.91,8.43,0
45.915,8.43,0
45.92,23.23,0
45.925,23.23,0
45.93,23.23,0
45.935,11.63,0
45.94,11.63,0
45.945,-7.25,0
45.95,17.65,0
45.955,17.65,0
45.96,-9.32,0
45.965,-9.32,0
45.97,-9.32,0
45.975,-9.32,0
45.98,-9.32,0
45.985,-6.02,0
45.99,-6.02,0
45.995,-9.69,0
46.0,-9.69,0
46.005,11.42,0
46.01,11.42,0
46.015,11.42,0
46.02,11.42,0
46.025,11.42,0
46.03,11.42,0
46.035,19.33,0
46.04,19.33,0
46.045,19.33,0
46.05,19.33,0
46.055,8.78,0
46.06,8.78,0
46.065,8.78,0
46.07,-12.54,0
46.075,-4.21,0
46.08,17.41,0
46.085,-4.21,0
46.09,-4.21,0
46.095,-4.21,0
46.1,11.88,0
46.105,11.88,0
46.11,-6.87,0
46.115,-8.46,0
46.12,-8.46,0
46.125,9.72,0
46.13,9.72,0
46.135,9.72,0
46.14,9.72,0
46.145,-10.59,0
46.15,-10.59,0
46.155,-0.11,0
46.16,-3.51,0
46.165,-8.61,0
46.17,12.03,0
46.175,12.03,0
46.18,-12.66,0
46.185,12.03,0
46.19,20.62,0
46.195,20.62,0
46.2,-4.6,0
46.205,-4.6,0
46.21,11.03,0
46.215,11.03,0
46.22,-8.46,0
46.225,29.88,0
46.23,-9.3,0
46.235,-9.3,0
46.24,-9.3,0
46.245,-8.03,0
46.25,7.69,0
46.255,7.69,0
46.26,10.5,0
46.265,10.5,0
46.27,22.23,0
46.275,-9.71,0
46.28,-9.71,0
46.285,-9.71,0
46.29,9.67,0
46.295,9.67,0
46.3,7.65,0
46.305,7.65,0
46.31,19.11,0
46.315,19.11,0
46.32,19.11,0
46.325,19.11,0
46.33,10.5,0
46.335,19.11,0
46.34,9.37,0
46.345,9.37,0
46.35,9.37,0
46.355,12.35,0
46.36,-5.09,0
46.365,22.8,0
46.37,-8.98,0
46.375,-8.98,0
46.38,9.33,0
46.385,9.33,0
46.39,-4.68,0
46.395,0.8,0
46.4,17.38,0
46.405,17.65,0
46.41,11.23,0
46.415,18.25,0
46.42,12.27,0
46.425,12.27,0
46.43,21.22,0
46.435,-8.75,0
46.44,-5.55,0
46.445,-5.55,0
46.45,-11.24,0
46.455,-5.55,0
46.46,8.7,0
46.465,8.7,0
46.47,-6.55,0
46.475,-6.55,0
46.48,-4.76,0
46.485,-8.78,0
46.49,-4.76,0
46.495,-4.76,0
46.5,9.94,0
46.505,2.82,0
46.51,-8.95,0
46.515,-8.95,0
46.52,20.92,0
46.525,20.92,0
46.53,5.91,0
46.535,5.91,0
46.54,18.31,0
46.545,18.31,0
46.55,-0.69,0
46.555,-0.69,0
46.56,-0.38,0
46.565,-0.38,0
46.57,21.37,0
46.575,20.44,0
46.58,21.37,0
46.585,-13.39,0
46.59,-13.39,0
46.595,3.19,0
46.6,3.19,0
46.605,0.24,0
46.61,0.24,0
46.615,-14.59,0
46.62,-14.59,0
46.625,17.18,0
46.63,17.18,0
46.635,17.18,0
46.64,-1.1,0
46.645,-1.1,0
46.65,21.48,0
46.655,21.48,0
46.66,-15.68,0
46.665,-15.68,0
46.67,19.48,0
46.675,19.48,0
46.68,2.89,0
46.685,2.89,0
46.69,19.52,0
46.695,19.52,0
46.7,-11.17,0
46.705,-11.17,0
46.71,0.81,0
46.715,0.81,0
46.72,17.3,0
46.725,-1.52,0
46.73,-1.52,0
46.735,-1.52,0
46.74,-12.32,0
46.745,-12.32,0
46.75,17.71,0
46.755,17.71,0
46.76,-1.79,0
46.765,-1.79,0
46.77,-1.79,0
46.775,21.43,0
46.78,9.44,0
46.785,20.55,0
46.79,20.55,0
46.795,-9.25,0
46.8,17.49,0
46.805,17.49,0
46.81,17.49,0
46.815,21.85,0
46.82,21.85,0
46.825,-14.08,0
46.83,-14.08,0
46.835,3.16,0
46.84,3.16,0
46.845,8.97,0
46.85,-2.09,0
46.855,21.8,0
46.86,-11.12,0
46.865,-11.12,0
46.87,-1.39,0
46.875,18.63,0
46.88,-3.12,0
46.885,-3.12,0
46.89,-3.12,0
46.895,21.09,0
46.9,21.09,0
46.905,21.09,0
46.91,15.61,0
46.915,15.61,0
46.92,2.3,0
46.925,2.3,0
46.93,20.4,0
46.935,20.4,0
46.94,-13.57,0
46.945,-13.57,0
46.95,19.75,0
46.955,19.75,0
46.96,-1.12,0
46.965,-1.12,0
46.97,14.25,0
46.975,-1.12,0
46.98,-1.12,0
46.985,-12.28,0
46.99,19.09,0
46.995,19.09,0
47.0,19.09,0
47.005,4.83,0
47.01,4.83,0
47.015,13.01,0
47.02,19.46,0
47.025,19.46,0
47.03,19.46,0
47.035,14.48,0
47.04,6.29,0
47.045,6.42,0
47.05,19.09,0
47.055,16.32,0
47.06,16.32,0
47.065,27.56,0
47.07,-13.24,0
47.075,-13.24,0
47.08,2.17,0
47.085,2.17,0
47.09,-3.98,0
47.095,-4.12,0
47.1,-6.96,0
47.105,-6.96,0
47.11,19.02,0
47.115,19.02,0
47.12,19.02,0
47.125,19.02,0
47.13,-5.41,0
47.135,-5.41,0
47.14,19.64,0
47.145,19.64,0
47.15,14.16,0
47.155,14.16,0
47.16,6.33,0
47.165,6.33,0
47.17,-2.19,0
47.175,-2.19,0
47.18,16.95,0
47.185,16.95,0
47.19,-10.17,0
47.195,-10.17,0
47.2,6.17,0
47.205,6.17,0
47.21,-0.7,0
47.215,-10.17,0
47.22,-8.76,0
47.225,-8.76,0
47.23,13.45,0
47.235,13.45,0
47.24,13.45,0
47.245,13.45,0
47.25,13.45,0
47.255,13.45,0
47.26,5.18,0
47.265,13.45,0
47.27,-10.55,0
47.275,-10.55,0
47.28,2.0,0
47.285,2.0,0
47.29,-3.45,0
47.295,-3.45,0
47.3,23.91,0
47.305,23.91,0
47.31,-12.47,0
47.315,-12.47,0
47.32,-12.47,0
47.325,13.45,0
47.33,5.8,0
47.335,5.8,0
47.34,20.04,0
47.345,20.04,0
47.35,26.2,0
47.355,-10.41,0
47.36,-12.81,0
47.365,18.47,0
47.37,18.47,0
47.375,18.47,0
47.38,6.89,0
47.385,6.89,0
47.39,6.89,0
47.395,6.89,0
47.4,6.89,0
47.405,6.89,0
47.41,19.87,0
47.415,19.87,0
47.42,-4.0,0
47.425,-4.0,0
47.43,15.17,0
47.435,15.17,0
47.44,-6.97,0
47.445,-4.94,0
47.45,22.4,0
47.455,22.4,0
47.46,-7.95,0
47.465,-7.95,0
47.47,18.47,0
47.475,-12.32,0
47.48,-12.32,0
47.485,-12.32,0
47.49,20.01,0
47.495,-5.11,0
47.5,-5.11,0
47.505,5.33,0
47.51,5.33,0
47.515,5.33,0
47.52,5.33,0
47.525,5.33,0
47.53,22.77,0
47.535,22.77,0
47.54,-5.91,0
47.545,-5.91,0
47.55,12.27,0
47.555,12.27,0
47.56,-8.82,0
47.565,-8.82,0
47.57,-8.82,0
47.575,-8.82,0
47.58,-2.2,0
47.585,-2.2,0
47.59,6.49,0
47.595,14.27,0
47.6,14.27,0
47.605,-12.2,0
47.61,-12.2,0
47.615,-12.2,0
47.62,-12.2,0
47.625,-4.56,0
47.63,4.24,0
47.635,22.36,0
47.64,15.07,0
47.645,21.06,0
47.65,-4.54,0
47.655,-4.56,0
47.66,-4.56,0
47.665,-4.56,0
47.67,-4.56,0
47.675,17.27,0
47.68,-2.5,0
47.685,5.41,0
47.69,-5.13,0
47.695,-6.59,0
47.7,-6.59,0
47.705,5.19,0
47.71,5.19,0
47.715,5.19,0
47.72,5.19,0
47.725,5.19,0
47.73,5.19,0
47.735,-11.18,0
47.74,21.26,0
47.745,3.08,0
47.75,3.08,0
47.755,15.81,0
47.76,15.81,0
47.765,15.81,0
47.77,15.81,0
47.775,23.13,0
47.78,23.13,0
47.785,-1.55,0
47.79,-1.55,0
47.795,14.92,0
47.8,14.92,0
47.805,-11.43,0
47.81,5.19,0
47.815,19.83,0
47.82,-6.58,0
47.825,5.43,0
47.83,5.43,0
47.835,5.43,0
47.84,5.43,0
47.845,14.76,0
47.85,14.76,0
47.855,23.66,0
47.86,23.66,0
47.865,4.93,0
47.87,4.93,0
47.875,16.47,0
47.88,15.0,0
47.885,16.47,0
47.89,14.61,0
47.895,20.01,0
47.9,20.01,0
47.905,-1.59,0
47.91,-1.59,0
47.915,11.73,1
47.92,-10.55,0
47.925,-10.55,0
47.93,-10.55,0
47.935,-10.55,0
47.94,-0.98,0
47.945,-0.98,0
47.95,-0.98,0
47.955,22.67,0
47.96,6.97,0
47.965,-11.69,0
47.97,2.84,0
47.975,22.22,0
47.98,22.22,0
47.985,22.22,0
47.99,5.49,0
47.995,5.49,0
48.0,-1.59,0
48.005,15.09,0
48.01,14.18,0
48.015,20.05,0
48.02,-5.16,0
48.025,-4.97,0
48.03,10.3,0
48.035,3.85,0
48.04,-10.73,0
48.045,-10.73,0
48.05,-10.73,0
48.055,-10.73,0
48.06,-3.51,0
48.065,-6.76,0
48.07,-3.51,0
48.075,3.67,0
48.08,3.67,0
48.085,-13.52,0
48.09,-13.52,0
48.095,25.06,0
48.1,25.06,0
48.105,25.06,0
48.11,1.22,0
48.115,1.22,0
48.12,18.22,0
48.125,18.22,0
48.13,-9.34,0
48.135,-9.34,0
48.14,21.43,0
48.145,21.43,0
48.15,2.0,0
48.155,2.0,0
48.16,18.75,0
48.165,18.75,0
48.17,4.66,0
48.175,4.66,0
48.18,-10.21,0
48.185,-10.21,0
48.19,-13.19,0
48.195,-2.37,0
48.2,14.86,0
48.205,14.86,0
48.21,-6.54,0
48.215,14.86,0
48.22,-7.62,0
48.225,-7.62,0
48.23,24.23,0
48.235,24.23,0
48.24,11.4,0
48.245,11.4,0
48.25,6.36,0
48.255,6.36,0
48.26,-6.05,0
48.265,-6.05,0
48.27,23.21,0
48.275,23.21,0
48.28,-9.94,0
48.285,-9.94,0
48.29,-9.94,0
48.295,-9.94,0
48.3,6.46,0
48.305,7.97,0
48.31,20.37,0
48.315,20.37,0
48.32,14.82,0
48.325,14.82,0
48.33,14.82,0
48.335,14.82,0
48.34,-10.72,0
48.345,-6.88,0
48.35,20.75,0
48.355,20.75,0
48.36,14.89,0
48.365,14.89,0
48.37,5.88,0
48.375,5.88,0
48.38,5.88,0
48.385,5.88,0
48.39,22.56,0
48.395,5.88,0
48.4,-10.84,0
48.405,7.97,0
48.41,-10.84,0
48.415,6.45,0
48.42,20.24,0
48.425,-2.46,0
48.43,-10.55,0
48.435,-10.55,0
48.44,-10.55,0
48.445,9.41,0
48.45,9.41,0
48.455,-6.88,0
48.46,9.41,0
48.465,-8.09,0
48.47,20.7,0
48.475,7.37,0
48.48,-10.24,0
48.485,-10.24,0
48.49,13.38,0
48.495,7.89,0
48.5,7.89,0
48.505,7.89,0
48.51,7.89,0
48.515,14.9,0
48.52,-8.08,0
48.525,-8.08,0
48.53,-6.37,0
48.535,-6.37,0
48.54,-5.57,0
48.545,-5.57,0
48.55,-5.57,0
48.555,-5.57,0
48.56,-5.57,0
48.565,-10.61,0
48.57,13.01,0
48.575,13.01,0
48.58,13.01,0
48.585,7.89,0
48.59,-5.7,0
48.595,-5.7,0
48.6,-10.24,0
48.605,-10.24,0
48.61,20.81,0
48.615,8.18,0
48.62,3.93,0
48.625,20.04,0
48.63,21.69,0
48.635,21.69,0
48.64,21.69,0
48.645,-12.15,0
48.65,-12.15,0
48.655,-5.33,0
48.66,-4.61,0
48.665,-4.61,0
48.67,5.75,0
48.675,-4.61,0
48.68,20.07,0
48.685,-8.04,0
48.69,4.92,0
48.695,0.75,0
48.7,-8.58,0
48.705,-8.58,0
48.71,22.92,0
48.715,22.92,0
48.72,22.92,0
48.725,22.92,0
48.73,12.25,0
48.735,-6.75,0
48.74,12.25,0
48.745,12.25,0
48.75,-6.73,0
48.755,-7.7,0
48.76,-10.85,0
48.765,18.08,0
48.77,9.64,0
48.775,12.26,0
48.78,-8.58,0
48.785,10.88,0
48.79,-7.77,0
48.795,-7.77,0
48.8,-8.45,0
48.805,-7.77,0
48.81,13.42,0
48.815,13.42,0
48.82,-7.38,0
48.825,23.2,0
48.83,15.97,0
48.835,15.97,0
48.84,15.97,0
48.845,15.97,0
48.85,12.01,0
48.855,12.01,0
48.86,11.19,0
48.865,11.19,0
48.87,21.62,0
48.875,21.62,0
48.88,-9.36,0
48.885,-9.36,0
48.89,-9.36,0
48.895,-9.36,0
48.9,9.3,0
48.905,9.3,0
48.91,-6.18,0
48.915,-6.18,0
48.92,-6.18,0
48.925,-6.18,0
48.93,-6.18,0
48.935,-6.18,0
48.94,-6.18,0
48.945,21.85,0
48.95,21.85,0
48.955,-9.45,0
48.96,-7.39,0
48.965,19.63,0
48.97,21.85,0
48.975,10.94,0
48.98,10.94,0
48.985,22.36,0
48.99,22.36,0
48.995,-0.88,0
49.0,-5.0,0
49.005,1.19,0
49.01,1.19,0
49.015,20.56,0
49.02,20.56,0
49.025,-7.83,0
49.03,-7.83,0
49.035,-7.83,0
49.04,-0.13,0
49.045,-0.13,0
49.05,22.94,0
49.055,22.94,0
49.06,-14.38,0
49.065,-14.38,0
49.07,-14.38,0
49.075,-14.38,0
49.08,1.86,0
49.085,1.86,0
49.09,1.86,0
49.095,1.86,0
49.1,-10.78,0
49.105,-10.78,0
49.11,1.23,0
49.115,1.23,0
49.12,1.23,0
49.125,1.23,0
49.13,16.87,0
49.135,16.87,0
49.14,-10.57,0
49.145,-10.57,0
49.15,-1.01,0
49.155,-1.01,0
49.16,-0.96,0
49.165,-0.96,0
49.17,17.2,0
49.175,17.2,0
49.18,-15.64,0
49.185,-15.64,0
49.19,-15.64,0
49.195,-15.64,0
49.2,-15.64,0
49.205,0.14,0
49.21,3.85,0
49.215,17.65,0
49.22,16.2,0
49.225,16.2,0
49.23,16.2,0
49.235,16.2,0
49.24,16.2,0
49.245,16.2,0
49.25,16.2,0
49.255,20.75,0
49.26,20.75,0
49.265,-12.1,0
49.27,-1.09,0
49.275,-1.09,0
49.28,1.5,0
49.285,1.5,0
49.29,1.5,0
49.295,1.5,0
49.3,-11.15,0
49.305,-11.15,0
49.31,21.47,0
49.315,21.47,0
49.32,-0.01,0
49.325,0.03,0
49.33,17.65,0
49.335,17.65,0
49.34,-11.85,0
49.345,-11.85,0
49.35,20.11,0
49.355,20.11,0
49.36,0.6,0
49.365,11.21,0
49.37,-6.34,0
49.375,19.44,0
49.38,-12.6,0
49.385,-12.6,0
49.39,18.97,0
49.395,18.97,0
49.4,10.94,0
49.405,2.38,0
49.41,2.38,0
49.415,21.46,0
49.42,-12.65,0
49.425,18.29,0
49.43,18.29,0
49.435,0.83,0
49.44,0.83,0
49.445,18.29,0
49.45,2.15,0
49.455,-0.24,0
49.46,18.65,0
49.465,20.7,0
49.47,20.7,0
49.475,-1.54,0
49.48,-1.54,0
49.485,-1.54,0
49.49,-1.54,0
49.495,-1.54,0
49.5,-1.54,0
49.505,-1.54,0
49.51,-12.47,0
49.515,-14.23,0
49.52,-2.67,0
49.525,-2.67,0
49.53,1.78,0
49.535,1.78,0
49.54,-14.51,0
49.545,-14.51,0
49.55,1.78,0
49.555,18.47,0
49.56,18.47,0
49.565,18.47,0
49.57,18.47,0
49.575,17.79,0
49.58,-10.55,0
49.585,17.79,0
49.59,18.07,0
49.595,0.64,0
49.6,0.64,0
49.605,0.64,0
49.61,-1.72,0
49.615,-1.72,0
49.62,19.24,0
49.625,19.24,0
49.63,-13.9,0
49.635,-13.9,0
49.64,24.01,0
49.645,18.14,0
49.65,18.14,0
49.655,21.07,0
49.66,21.07,0
49.665,-17.29,0
49.67,-6.46,0
49.675,18.89,0
49.68,18.89,0
49.685,-4.87,0
49.69,-4.87,0
49.695,18.57,0
49.7,18.57,0
49.705,18.57,0
49.71,-17.29,0
49.715,16.93,0
49.72,-17.29,0
49.725,-1.41,0
49.73,18.65,0
49.735,18.65,0
49.74,18.65,0
49.745,-11.26,0
49.75,-17.29,0
49.755,19.4,0
49.76,19.4,0
49.765,19.4,0
49.77,18.13,0
49.775,-1.26,0
49.78,-1.26,0
49.785,-11.53,0
49.79,-11.53,0
49.795,-6.24,0
49.8,18.65,0
49.805,-0.12,0
49.81,-6.24,0
49.815,-6.24,0
49.82,-6.24,0
49.825,10.65,0
49.83,10.65,0
49.835,10.65,0
49.84,10.65,0
49.845,-11.87,0
49.85,-11.87,0
49.855,-8.39,0
49.86,-8.39,0
49.865,9.73,0
49.87,9.73,0
49.875,11.03,0
49.88,11.03,0
49.885,-11.53,0
49.89,-11.53,0
49.895,-11.53,0
49.9,-11.53,0
49.905,-7.31,0
49.91,-7.31,0
49.915,14.83,0
49.92,14.83,0
49.925,-5.47,0
49.93,-5.47,0
49.935,-5.47,0
49.94,-8.2,0
49.945,-8.2,0
49.95,13.19,0
49.955,13.19,0
49.96,-8.46,0
49.965,-8.46,0
49.97,20.53,0
49.975,20.53,0
49.98,-4.05,0
49.985,-4.05,0
49.99,13.65,0
49.995,13.65,0
50.0,-5.37,0
50.005,-5.37,0
50.01,-5.37,0
50.015,-5.37,0
50.02,17.68,0
50.025,17.68,0
50.03,-11.47,0
50.035,-10.73,0
50.04,-7.43,0
50.045,-7.43,0
50.05,21.19,0
50.055,21.19,0
50.06,9.62,0
50.065,9.62,0
50.07,6.89,0
50.075,6.89,0
50.08,6.89,0
50.085,6.89,0
50.09,6.89,0
50.095,6.89,0
50.1,-8.94,0
50.105,-8.94,0
50.11,12.61,0
50.115,12.61,0
50.12,22.56,0
50.125,-8.67,0
50.13,-8.67,0
50.135,7.9,0
50.14,-10.41,0
50.145,23.78,0
50.15,10.3,0
50.155,-8.0,0
50.16,24.93,0
50.165,-8.0,0
50.17,20.63,0
50.175,20.63,0
50.18,20.63,0
50.185,6.98,0
50.19,-2.13,0
50.195,6.98,0
50.2,10.38,0
50.205,10.38,0
50.21,26.52,0
50.215,26.52,0
50.22,-12.79,0
50.225,-2.6,0
50.23,8.46,0
50.235,10.38,0
50.24,12.25,0
50.245,12.25,0
50.25,-11.42,0
50.255,-5.52,0
50.26,-5.52,0
50.265,-5.52,0
50.27,10.19,0
50.275,11.21,0
50.28,11.21,0
50.285,-10.73,0
50.29,-10.73,0
50.295,19.3,0
50.3,19.3,0
50.305,4.86,0
50.31,4.86,0
50.315,13.13,0
50.32,13.13,0
50.325,-6.43,0
50.33,-6.43,0
50.335,26.13,0
50.34,19.84,0
50.345,-5.7,0
50.35,-10.82,0
50.355,14.14,0
50.36,14.14,0
50.365,-8.71,0
50.37,-8.71,0
50.375,-8.71,0
50.38,-6.49,0
50.385,-8.71,0
50.39,27.91,0
50.395,6.33,0
50.4,-15.1,0
50.405,-15.1,0
50.41,21.23,0
50.415,21.23,0
50.42,-8.97,0
50.425,-8.97,0
50.43,22.08,0
50.435,10.74,0
50.44,10.74,0
50.445,13.12,0
50.45,21.54,0
50.455,21.54,0
50.46,20.13,0
50.465,21.54,0
50.47,6.46,0
50.475,6.46,0
50.48,-11.37,0
50.485,-11.37,0
50.49,-11.37,0
50.495,-11.37,0
50.5,22.09,0
50.505,22.09,0
50.51,7.32,0
50.515,7.32,0
50.52,-7.41,0
50.525,-7.41,0
50.53,-7.41,0
50.535,22.35,0
50.54,22.35,0
50.545,-8.0,0
50.55,-8.0,0
50.555,15.87,0
50.56,15.87,0
50.565,15.87,0
50.57,23.64,0
50.575,23.64,0
50.58,23.64,0
50.585,23.2,0
50.59,-7.14,0
50.595,12.46,0
50.6,12.46,0
50.605,-5.56,0
50.61,-5.56,0
50.615,6.52,0
50.62,6.52,0
50.625,23.45,0
50.63,-2.25,0
50.635,-12.9,0
50.64,17.53,0
50.645,17.53,0
50.65,2.73,0
50.655,2.73,0
50.66,2.73,0
50.665,2.73,0
50.67,21.39,0
50.675,21.39,0
50.68,16.45,0
50.685,16.45,0
50.69,5.96,0
50.695,5.96,0
50.7,-1.21,0
50.705,-1.21,0
50.71,-11.24,0
50.715,-11.24,0
50.72,-11.24,0
50.725,-11.24,0
50.73,2.52,0
50.735,2.52,0
50.74,-2.64,0
50.745,-2.64,0
50.75,-11.31,0
50.755,-11.31,0
50.76,14.09,0
50.765,14.09,0
50.77,3.49,0
50.775,3.49,0
50.78,3.49,0
50.785,-5.9,0
50.79,-5.9,0
50.795,17.33,0
50.8,18.83,0
50.805,18.83,0
50.81,18.83,0
50.815,7.14,0
50.82,7.14,0
50.825,-1.91,0
50.83,-1.91,0
50.835,-11.72,0
50.84,-11.72,0
50.845,-11.72,0
50.85,-11.72,0
50.855,6.14,0
50.86,6.14,0
50.865,26.31,0
50.87,-1.48,0
50.875,-13.39,0
50.88,-13.39,0
50.885,12.71,0
50.89,18.14,0
50.895,18.14,0
50.9,18.14,0
50.905,-3.3,0
50.91,-3.3,0
50.915,-3.3,0
50.92,-3.3,0
50.925,-12.29,0
50.93,-12.29,0
50.935,4.96,0
50.94,4.96,0
50.945,4.96,0
50.95,4.96,0
50.955,22.87,0
50.96,22.87,0
50.965,-11.76,0
50.97,-11.76,0
50.975,3.72,0
50.98,3.72,0
50.985,3.72,0
50.99,3.72,0
50.995,3.72,0
51.0,4.89,0
51.005,3.72,0
51.01,3.72,0
51.015,-10.83,0
51.02,-1.38,0
51.025,-1.38,0
51.03,21.85,0
51.035,21.85,0
51.04,21.85,0
51.045,21.85,0
51.05,11.63,0
51.055,11.63,0
51.06,7.35,0
51.065,7.35,0
51.07,-2.42,0
51.075,-2.42,0
51.08,20.0,0
51.085,20.0,0
51.09,-8.99,0
51.095,-8.99,0
51.1,14.35,0
51.105,14.35,0
51.11,14.35,0
51.115,14.35,0
51.12,22.19,0
51.125,22.19,0
51.13,22.19,0
51.135,17.99,0
51.14,-2.66,0
51.145,-7.09,0
51.15,-1.08,0
51.155,20.96,0
51.16,20.96,0
51.165,20.96,0
51.17,20.96,0
51.175,14.43,0
51.18,14.43,0
51.185,-11.58,0
51.19,-5.8,0
51.195,20.41,0
51.2,20.41,0
51.205,-9.1,0
51.21,20.41,0
51.215,-9.1,0
51.22,-9.1,0
51.225,1.72,0
51.23,1.72,0
51.235,-2.81,0
51.24,-2.81,0
51.245,-12.0,0
51.25,14.34,0
51.255,14.34,0
51.26,14.34,0
51.265,14.34,0
51.27,14.34,0
51.275,-1.94,0
51.28,-1.94,0
51.285,22.43,0
51.29,15.97,0
51.295,15.97,0
51.3,2.03,0
51.305,2.03,0
51.31,-4.92,0
51.315,-4.92,0
51.32,-9.1,0
51.325,21.44,0
51.33,-13.18,0
51.335,-13.18,0
51.34,6.36,0
51.345,-2.81,0
51.35,-6.71,0
51.355,-6.71,0
51.36,-6.71,0
51.365,20.73,0
51.37,-6.71,0
51.375,-9.45,0
51.38,16.57,0
51.385,16.57,0
51.39,-3.5,0
51.395,-3.5,0
51.4,22.47,0
51.405,24.31,0
51.41,10.65,0
51.415,10.65,0
51.42,3.91,0
51.425,3.91,0
51.43,20.53,0
51.435,20.53,0
51.44,-13.62,0
51.445,20.53,0
51.45,20.59,0
51.455,20.53,0
51.46,4.05,0
51.465,2.26,0
51.47,-3.78,0
51.475,4.85,0
51.48,2.26,0
51.485,-3.78,0
51.49,-3.78,0
51.495,-3.78,0
51.5,-10.54,0
51.505,-10.54,0
51.51,-13.8,0
51.515,16.32,0
51.52,7.5,0
51.525,7.5,0
51.53,14.29,0
51.535,14.29,0
51.54,12.83,0
51.545,-12.22,0
51.55,-12.22,0
51.555,18.51,0
51.56,-5.35,0
51.565,-5.35,0
51.57,-5.35,0
51.575,16.49,0
51.58,16.49,0
51.585,-12.73,0
51.59,-12.73,0
51.595,-0.97,0
51.6,-0.97,0
51.605,4.09,0
51.61,4.09,0
51.615,4.09,0
51.62,-13.05,0
51.625,-13.05,0
51.63,19.71,0
51.635,19.71,0
51.64,19.71,0
51.645,5.78,0
51.65,5.78,0
51.655,15.73,0
51.66,15.73,0
51.665,15.73,0
51.67,23.09,0
51.675,23.09,0
51.68,-0.47,0
51.685,-0.47,0
51.69,15.17,0
51.695,15.17,0
51.7,-8.0,0
51.705,-8.0,0
51.71,-8.0,0
51.715,-8.0,0
51.72,-5.1,0
51.725,20.16,0
51.73,20.4,0
51.735,-5.1,0
51.74,5.7,0
51.745,15.17,0
51.75,-10.79,0
51.755,-10.79,0
51.76,-2.89,0
51.765,-2.89,0
51.77,-2.89,0
51.775,15.9,0
51.78,15.9,0
51.785,12.91,0
51.79,24.0,0
51.795,24.0,0
51.8,-2.12,0
51.805,-2.12,0
51.81,-2.12,0
51.815,16.37,0
51.82,16.37,0
51.825,-12.38,0
51.83,-12.38,0
51.835,-12.38,0
51.84,-12.38,0
51.845,-4.51,0
51.85,-4.51,0
51.855,1.81,0
51.86,1.81,0
51.865,-11.83,0
51.87,-11.83,0
51.875,21.49,0
51.88,21.49,0
51.885,-1.99,0
51.89,-1.99,0
51.895,-1.99,0
51.9,-1.99,0
51.905,-1.99,0
51.91,14.03,0
51.915,-7.33,0
51.92,1.16,0
51.925,1.16,0
51.93,1.16,0
51.935,18.64,0
51.94,18.64,0
51.945,-12.27,0
51.95,-12.27,0
51.955,-12.27,0
51.96,-5.1,0
51.965,1.81,0
51.97,0.13,0
51.975,0.13,0
51.98,22.82,0
51.985,17.37,0
51.99,-10.13,0
51.995,-10.13,0
52.0,-10.13,0
52.005,13.79,0
52.01,-10.13,0
52.015,-10.13,0
52.02,4.63,0
52.025,4.63,0
52.03,22.38,0
52.035,22.38,0
52.04,-7.16,0
52.045,-7.16,0
52.05,-6.6,0
52.055,-5.48,0
52.06,5.28,0
52.065,-10.13,0
52.07,-10.18,0
52.075,-10.18,0
52.08,-10.18,0
52.085,15.36,0
52.09,-3.96,0
52.095,4.06,0
52.1,4.06,0
52.105,16.35,0
52.11,16.35,0
52.115,19.65,0
52.12,19.65,0
52.125,19.65,0
52.13,3.63,0
52.135,3.63,0
52.14,3.63,0
52.145,3.63,0
52.15,3.63,0
52.155,-12.87,0
52.16,-12.87,0
52.165,-2.89,0
52.17,18.7,0
52.175,-2.89,0
52.18,-2.89,0
52.185,6.45,0
52.19,-13.54,0
52.195,-13.54,0
52.2,-2.28,0
52.205,-2.28,0
52.21,6.11,0
52.215,6.11,0
52.22,6.11,0
52.225,6.11,0
52.23,-14.33,0
52.235,-14.33,0
52.24,-6.58,0
52.245,-6.58,0
52.25,19.93,0
52.255,19.93,0
52.26,13.34,0
52.265,13.34,0
52.27,4.7,0
52.275,4.7,0
52.28,4.7,0
52.285,4.7,0
52.29,21.9,0
52.295,21.9,0
52.3,-13.72,0
52.305,-13.72,0
52.31,7.99,0
52.315,7.99,0
52.32,7.99,0
52.325,-4.32,0
52.33,20.44,0
52.335,7.99,0
52.34,18.81,0
52.345,18.81,0
52.35,18.81,0
52.355,18.81,0
52.36,8.35,0
52.365,8.35,0
52.37,-4.32,0
52.375,24.73,0
52.38,24.73,0
52.385,24.73,0
52.39,24.73,0
52.395,24.73,0
52.4,24.73,0
52.405,11.16,0
52.41,11.16,0
52.415,19.78,0
52.42,19.78,0
52.425,19.78,0
52.43,19.78,0
52.435,19.78,0
52.44,19.78,0
52.445,19.78,0
52.45,19.78,0
52.455,14.1,0
52.46,-6.21,0
52.465,-6.74,0
52.47,-6.74,0
52.475,9.6,0
52.48,9.6,0
52.485,9.99,0
52.49,9.99,0
52.495,20.87,0
52.5,20.87,0
52.505,20.87,0
52.51,20.87,0
52.515,13.33,0
52.52,13.33,0
52.525,5.63,0
52.53,19.29,0
52.535,19.29,0
52.54,19.29,0
52.545,-10.53,0
52.55,-10.53,0
52.555,-10.53,0
52.56,5.96,0
52.565,5.96,0
52.57,5.96,0
52.575,-8.34,0
52.58,-9.89,0
52.585,-9.89,0
52.59,-9.89,0
52.595,12.6,0
52.6,12.6,0
52.605,-9.89,0
52.61,12.6,0
52.615,-6.89,0
52.62,-6.89,0
52.625,21.88,0
52.63,21.88,0
52.635,15.81,0
52.64,13.76,0
52.645,9.35,0
52.65,9.35,0
52.655,-7.55,0
52.66,-7.55,0
52.665,-8.2,0
52.67,-8.2,0
52.675,-8.2,0
52.68,-8.2,0
52.685,9.28,0
52.69,9.28,0
52.695,-6.06,0
52.7,-6.06,0
52.705,-5.33,0
52.71,-5.33,0
52.715,-5.33,0
52.72,-5.33,0
52.725,-2.88,0
52.73,-3.91,0
52.735,-10.08,0
52.74,19.21,0
52.745,19.21,0
52.75,13.9,0
52.755,13.9,0
52.76,9.87,0
52.765,9.87,0
52.77,9.87,0
52.775,3.09,0
52.78,9.87,0
52.785,21.48,0
52.79,21.48,0
52.795,21.48,0
52.8,21.48,0
52.805,21.48,0
52.81,-11.09,0
52.815,-11.09,0
52.82,-11.09,0
52.825,21.91,0
52.83,21.91,0
52.835,-10.29,0
52.84,9.75,0
52.845,9.75,0
52.85,-7.66,0
52.855,-7.66,0
52.86,-7.66,0
52.865,25.71,0
52.87,25.71,0
52.875,-7.83,0
52.88,12.76,0
52.885,-7.66,0
52.89,12.76,0
52.895,-7.63,0
52.9,20.55,0
52.905,22.31,0
52.91,-10.58,0
52.915,-10.58,1
52.92,13.61,0
52.925,13.61,0
52.93,-7.21,0
52.935,-7.21,0
52.94,-7.21,0
52.945,0.81,0
52.95,-7.21,0
52.955,-11.2,0
52.96,-11.2,0
52.965,7.9,0
52.97,7.9,0
52.975,-6.6,0
52.98,-6.6,0
52.985,20.67,0
52.99,20.67,0
52.995,20.67,0
53.0,20.67,0
53.005,10.5,0
53.01,10.5,0
53.015,7.21,0
53.02,7.21,0
53.025,23.75,0
53.03,-6.15,0
53.035,23.75,0
53.04,-6.15,0
53.045,-6.15,0
53.05,-6.15,0
53.055,-6.15,0
53.06,-13.59,0
53.065,0.1,0
53.07,1.63,0
53.075,1.63,0
53.08,15.21,0
53.085,-11.0,0
53.09,20.9,0
53.095,20.9,0
53.1,-2.36,0
53.105,-2.36,0
53.11,1.3,0
53.115,1.3,0
53.12,1.3,0
53.125,1.3,0
53.13,1.3,0
53.135,21.27,0
53.14,7.53,0
53.145,-3.1,0
53.15,-3.1,0
53.155,17.88,0
53.16,17.88,0
53.165,-13.77,0
53.17,19.82,0
53.175,-13.77,0
53.18,-13.77,0
53.185,0.53,0
53.19,0.53,0
53.195,0.08,0
53.2,0.08,0
53.205,-10.34,0
53.21,-10.34,0
53.215,19.97,0
53.22,19.97,0
53.225,19.97,0
53.23,19.97,0
53.235,18.61,0
53.24,1.77,0
53.245,1.77,0
53.25,21.29,0
53.255,21.29,0
53.26,21.29,0
53.265,-2.05,0
53.27,1.95,0
53.275,1.95,0
53.28,18.25,0
53.285,18.25,0
53.29,18.25,0
53.295,-12.36,0
53.3,-0.62,0
53.305,-0.62,0
53.31,-1.65,0
53.315,-1.65,0
53.32,-1.65,0
53.325,10.43,0
53.33,9.97,0
53.335,-10.11,0
53.34,-10.11,0
53.345,-10.11,0
53.35,-10.11,0
53.355,-1.01,0
53.36,-1.01,0
53.365,16.96,0
53.37,16.96,0
53.375,19.89,0
53.38,19.89,0
53.385,-3.35,0
53.39,-3.35,0
53.395,-3.35,0
53.4,21.38,0
53.405,21.38,0
53.41,-11.3,0
53.415,20.68,0
53.42,-2.77,0
53.425,-2.77,0
53.43,1.42,0
53.435,1.42,0
53.44,1.42,0
53.445,-8.11,0
53.45,-10.77,0
53.455,-10.77,0
53.46,24.58,0
53.465,24.58,0
53.47,-1.97,0
53.475,-1.97,0
53.48,17.35,0
53.485,17.35,0
53.49,-12.52,0
53.495,-12.52,0
53.5,19.12,0
53.505,19.12,0
53.51,-2.11,0
53.515,-2.11,0
53.52,19.31,0
53.525,24.58,0
53.53,-11.46,0
53.535,-11.46,0
53.54,-1.4,0
53.545,-1.4,0
53.55,-1.87,0
53.555,-1.87,0
53.56,-1.87,0
53.565,-1.87,0
53.57,-1.87,0
53.575,-1.87,0
53.58,18.43,0
53.585,18.43,0
53.59,-2.42,0
53.595,-2.42,0
53.6,13.56,0
53.605,13.56,0
53.61,-12.5,0
53.615,-9.04,0
53.62,19.16,0
53.625,19.16,0
53.63,-1.08,0
53.635,-1.08,0
53.64,18.4,0
53.645,19.34,0
53.65,-11.98,0
53.655,-11.98,0
53.66,18.57,0
53.665,18.57,0
53.67,0.4,0
53.675,0.4,0
53.68,0.81,0
53.685,0.81,0
53.69,0.81,0
53.695,0.81,0
53.7,-10.56,0
53.705,19.27,0
53.71,-0.58,0
53.715,-0.58,0
53.72,17.84,0
53.725,17.84,0
53.73,17.84,0
53.735,17.84,0
53.74,19.71,0
53.745,19.71,0
53.75,-0.15,0
53.755,-0.15,0
53.76,19.33,0
53.765,19.33,0
53.77,-12.5,0
53.775,-12.5,0
53.78,-12.5,0
53.785,-12.5,0
53.79,-12.5,0
53.795,-12.5,0
53.8,-0.4,0
53.805,-0.4,0
53.81,21.44,0
53.815,-11.28,0
53.82,22.42,0
53.825,-11.28,0
53.83,1.51,0
53.835,1.51,0
53.84,19.98,0
53.845,19.98,0
53.85,19.98,0
53.855,19.98,0
53.86,21.87,0
53.865,21.87,0
53.87,22.86,0
53.875,22.86,0
53.88,-8.08,0
53.885,12.13,0
53.89,6.43,0
53.895,6.43,0
53.9,-7.23,0
53.905,-7.23,0
53.91,-7.23,0
53.915,-0.41,0
53.92,-9.56,0
53.925,-4.49,0
53.93,-9.56,0
53.935,-0.45,0
53.94,8.85,0
53.945,-9.5,0
53.95,23.08,0
53.955,23.08,0
53.96,8.85,0
53.965,23.08,0
53.97,7.9,0
53.975,7.9,0
53.98,11.28,0
53.985,11.28,0
53.99,-13.27,0
53.995,-13.27,0
54.0,20.07,0
54.005,17.95,0
54.01,17.95,0
54.015,17.95,0
54.02,17.95,0
54.025,17.95,0
54.03,10.09,0
54.035,10.09,0
54.04,-7.03,0
54.045,-7.03,0
54.05,3.83,0
54.055,3.83,0
54.06,11.27,0
54.065,11.27,0
54.07,-10.53,0
54.075,-10.53,0
54.08,20.89,0
54.085,20.89,0
54.09,20.89,0
54.095,-4.37,0
54.1,10.92,0
54.105,10.92,0
54.11,-9.3,0
54.115,-9.3,0
54.12,-9.3,0
54.125,-10.67,0
54.13,-10.67,0
54.135,-10.67,0
54.14,-10.67,0
54.145,-10.67,0
54.15,-10.67,0
54.155,-8.29,0
54.16,13.97,0
54.165,-7.62,0
54.17,-7.62,0
54.175,9.27,0
54.18,9.27,0
54.185,17.49,0
54.19,9.27,0
54.195,-7.93,0
54.2,-7.93,0
54.205,21.55,0
54.21,21.55,0
54.215,9.83,0
54.22,9.83,0
54.225,10.21,0
54.23,9.27,0
54.235,10.21,0
54.24,10.21,0
54.245,10.21,0
54.25,10.21,0
54.255,-10.07,0
54.26,11.54,0
54.265,11.54,0
54.27,-10.42,0
54.275,-10.42,0
54.28,25.07,0
54.285,25.07,0
54.29,-7.93,0
54.295,-7.93,0
54.3,9.35,0
54.305,9.35,0
54.31,-10.25,0
54.315,-10.25,0
54.32,23.56,0
54.325,23.56,0
54.33,9.83,0
54.335,10.24,0
54.34,14.76,0
54.345,14.76,0
54.35,21.18,0
54.355,14.76,0
54.36,21.37,0
54.365,21.37,0
54.37,-9.82,0
54.375,-9.82,0
54.38,-9.82,0
54.385,12.47,0
54.39,1.68,0
54.395,-15.28,0
54.4,-15.28,0
54.405,23.69,0
54.41,23.69,0
54.415,-7.91,0
54.42,-7.91,0
54.425,8.07,0
54.43,-10.65,0
54.435,-10.65,0
54.44,23.35,0
54.445,23.35,0
54.45,23.35,0
54.455,23.53,0
54.46,7.95,0
54.465,11.7,0
54.47,11.7,0
54.475,7.95,0
54.48,11.7,0
54.485,25.13,0
54.49,12.47,0
54.495,-4.97,0
54.5,21.32,0
54.505,12.07,0
54.51,-8.73,0
54.515,-8.73,0
54.52,0.69,0
54.525,-8.73,0
54.53,-9.34,0
54.535,-9.34,0
54.54,11.11,0
54.545,11.11,0
54.55,-11.15,0
54.555,-11.15,0
54.56,20.88,0
54.565,-17.62,0
54.57,20.88,0
54.575,20.88,0
54.58,10.04,0
54.585,10.04,0
54.59,10.04,0
54.595,10.04,0
54.6,21.17,0
54.605,-9.34,0
54.61,-8.56,0
54.615,-8.56,0
54.62,6.05,0
54.625,13.3,0
54.63,-6.61,0
54.635,23.18,0
54.64,-6.61,0
54.645,-6.61,0
54.65,-6.61,0
54.655,-9.58,0
54.66,-9.58,0
54.665,8.78,0
54.67,8.25,0
54.675,-7.59,0
54.68,-7.59,0
54.685,-11.11,0
54.69,24.61,0
54.695,-1.54,0
54.7,6.05,0
54.705,19.98,0
54.71,19.98,0
54.715,19.98,0
54.72,19.98,0
54.725,18.39,0
54.73,18.39,0
54.735,23.13,0
54.74,-13.18,0
54.745,-9.83,0
54.75,-13.18,0
54.755,-13.18,0
54.76,1.1,0
54.765,1.1,0
54.77,1.1,0
54.775,-3.81,0
54.78,-3.81,0
54.785,-14.41,0
54.79,-14.41,0
54.795,19.87,0
54.8,4.24,0
54.805,4.24,0
54.81,4.24,0
54.815,-1.45,0
54.82,23.13,0
54.825,21.57,0
54.83,20.56,0
54.835,20.05,0
54.84,-0.24,0
54.845,-0.24,0
54.85,1.02,0
54.855,1.02,0
54.86,19.71,0
54.865,19.71,0
54.87,-14.76,0
54.875,-14.76,0
54.88,-14.76,0
54.885,4.07,0
54.89,4.07,0
54.895,-0.66,0
54.9,21.42,0
54.905,21.42,0
54.91,21.42,0
54.915,21.21,0
54.92,21.21,0
54.925,21.21,0
54.93,21.21,0
54.935,-1.82,0
54.94,-1.82,0
54.945,21.03,0
54.95,21.03,0
54.955,22.99,0
54.96,22.99,0
54.965,0.87,0
54.97,0.87,0
54.975,0.87,0
54.98,21.03,0
54.985,22.45,0
54.99,-15.48,0
54.995,-15.48,0
55.0,-15.48,0
55.005,-0.3,0
55.01,-0.3,0
55.015,-10.05,0
55.02,-2.57,0
55.025,24.63,0
55.03,-1.82,0
55.035,-13.25,0
55.04,-13.25,0
55.045,-13.25,0
55.05,-1.1,0
55.055,-1.1,0
55.06,23.75,0
55.065,23.75,0
55.07,-14.49,0
55.075,-14.49,0
55.08,-14.49,0
55.085,15.59,0
55.09,15.59,0
55.095,-1.18,0
55.1,20.61,0
55.105,20.61,0
55.11,-6.24,0
55.115,-15.23,0
55.12,21.87,0
55.125,21.87,0
55.13,21.87,0
55.135,-1.97,0
55.14,-1.97,0
55.145,0.46,0
55.15,-12.53,0
55.155,-17.06,0
55.16,18.35,0
55.165,-17.84,0
55.17,-2.81,0
55.175,-2.81,0
55.18,20.46,0
55.185,20.46,0
55.19,20.46,0
55.195,20.46,0
55.2,19.96,0
55.205,15.58,0
55.21,19.96,0
55.215,19.96,0
55.22,0.58,0
55.225,0.58,0
55.23,-14.33,0
55.235,-14.33,0
55.24,16.96,0
55.245,16.96,0
55.25,-11.94,0
55.255,2.06,0
55.26,-1.08,0
55.265,-1.08,0
55.27,-13.15,0
55.275,-13.15,0
55.28,20.23,0
55.285,20.23,0
55.29,1.18,0
55.295,20.47,0
55.3,18.43,0
55.305,18.43,0
55.31,18.43,0
55.315,18.43,0
55.32,18.63,0
55.325,18.63,0
55.33,3.04,0
55.335,3.04,0
55.34,3.04,0
55.345,21.69,0
55.35,-12.37,0
55.355,-16.44,0
55.36,-16.44,0
55.365,-16.44,0
55.37,-0.64,0
55.375,-0.64,0
55.38,-0.64,0
55.385,-9.06,0
55.39,1.19,0
55.395,-17.76,0
55.4,-17.76,0
55.405,20.56,0
55.41,20.56,0
55.415,3.02,0
55.42,3.02,0
55.425,21.69,0
55.43,-0.63,0
55.435,19.15,0
55.44,7.2,0
55.445,18.0,0
55.45,-0.53,0
55.455,-0.53,0
55.46,-2.26,0
55.465,-17.76,0
55.47,25.23,0
55.475,-13.17,0
55.48,-13.17,0
55.485,-13.17,0
55.49,2.74,0
55.495,-13.17,0
55.5,1.08,0
55.505,1.08,0
55.51,9.78,0
55.515,9.78,0
55.52,9.78,0
55.525,6.48,0
55.53,-10.59,0
55.535,-10.59,0
55.54,-10.59,0
55.545,-14.2,0
55.55,10.72,0
55.555,10.72,0
55.56,11.77,0
55.565,11.77,0
55.57,11.77,0
55.575,11.77,0
55.58,11.77,0
55.585,11.77,0
55.59,-8.37,0
55.595,-8.37,0
55.6,11.38,0
55.605,11.38,0
55.61,-9.77,0
55.615,-9.77,0
55.62,-8.32,0
55.625,-8.32,0
55.63,9.79,0
55.635,9.79,0
55.64,9.79,0
55.645,9.79,0
55.65,-10.08,0
55.655,-10.08,0
55.66,26.52,0
55.665,26.52,0
55.67,6.15,0
55.675,6.15,0
55.68,8.54,0
55.685,8.54,0
55.69,-9.77,0
55.695,-9.77,0
55.7,-7.12,0
55.705,-7.12,0
55.71,20.64,0
55.715,-7.12,0
55.72,9.91,0
55.725,9.91,0
55.73,9.91,0
55.735,-11.14,0
55.74,-10.88,0
55.745,-10.88,0
55.75,-10.88,0
55.755,10.01,0
55.76,9.47,0
55.765,9.47,0
55.77,9.47,0
55.775,-9.95,0
55.78,-9.95,0
55.785,24.25,0
55.79,24.25,0
55.795,10.28,0
55.8,9.47,0
55.805,9.47,0
55.81,9.47,0
55.815,9.47,0
55.82,26.65,0
55.825,26.65,0
55.83,26.65,0
55.835,-11.59,0
55.84,-11.59,0
55.845,10.89,0
55.85,10.89,0
55.855,-12.61,0
55.86,18.7,0
55.865,28.52,0
55.87,-8.64,0
55.875,-8.64,0
55.88,9.08,0
55.885,9.08,0
55.89,-10.58,0
55.895,-8.64,0
55.9,22.6,0
55.905,22.6,0
55.91,-7.53,0
55.915,-7.53,0
55.92,-7.53,0
55.925,8.51,0
55.93,8.51,0
55.935,8.51,0
55.94,8.51,0
55.945,8.51,0
55.95,8.51,0
55.955,-10.22,0
55.96,12.62,0
55.965,15.01,0
55.97,-8.63,0
55.975,-8.63,0
55.98,-8.63,0
55.985,-8.63,0
55.99,-12.58,0
55.995,15.01,0
56.0,9.37,0
56.005,9.37,0
56.01,-8.47,0
56.015,-8.47,0
56.02,-8.47,0
56.025,-8.47,0
56.03,-8.47,0
56.035,-8.47,0
56.04,9.61,0
56.045,9.61,0
56.05,9.53,0
56.055,9.53,0
56.06,28.74,0
56.065,28.74,0
56.07,-9.82,0
56.075,-12.71,0
56.08,11.46,0
56.085,9.37,0
56.09,-12.3,0
56.095,-12.3,0
56.1,-12.3,0
56.105,11.27,0
56.11,-7.61,0
56.115,12.36,0
56.12,12.66,0
56.125,12.66,0
56.13,-8.66,0
56.135,-8.66,0
56.14,21.54,0
56.145,22.59,0
56.15,22.59,0
56.155,22.59,0
56.16,28.74,0
56.165,9.63,0
56.17,9.01,0
56.175,9.01,0
56.18,24.3,0
56.185,24.3,0
56.19,-9.96,0
56.195,-9.96,0
56.2,10.03,0
56.205,10.03,0
56.21,22.52,0
56.215,-10.72,0
56.22,-10.72,0
56.225,-10.72,0
56.23,-10.38,0
56.235,-10.38,0
56.24,9.53,0
56.245,9.53,0
56.25,9.53,0
56.255,-11.18,0
56.26,-11.18,0
56.265,-11.18,0
56.27,-11.18,0
56.275,-10.72,0
56.28,9.83,0
56.285,9.83,0
56.29,11.58,0
56.295,11.58,0
56.3,21.97,0
56.305,21.97,0
56.31,21.44,0
56.315,20.93,0
56.32,20.93,0
56.325,-17.13,0
56.33,-17.13,0
56.335,-17.13,0
56.34,-2.2,0
56.345,1.62,0
56.35,-1.18,0
56.355,-1.18,0
56.36,-1.18,0
56.365,-14.93,0
56.37,-14.93,0
56.375,22.66,0
56.38,22.66,0
56.385,22.66,0
56.39,-0.38,0
56.395,-0.38,0
56.4,20.08,0
56.405,20.08,0
56.41,21.28,0
56.415,-10.65,0
56.42,1.43,0
56.425,1.43,0
56.43,1.43,0
56.435,21.31,0
56.44,21.2,0
56.445,-10.46,0
56.45,-19.33,0
56.455,-19.33,0
56.46,-0.25,0
56.465,-0.25,0
56.47,-0.25,0
56.475,-0.25,0
56.48,-0.25,0
56.485,-3.4,0
56.49,-3.4,0
56.495,-4.83,0
56.5,18.25,0
56.505,18.25,0
56.51,18.25,0
56.515,1.52,0
56.52,15.51,0
56.525,15.51,0
56.53,-14.33,0
56.535,-19.34,0
56.54,21.27,0
56.545,21.27,0
56.55,-0.93,0
56.555,8.61,0
56.56,18.87,0
56.565,18.87,0
56.57,-15.77,0
56.575,-15.77,0
56.58,18.91,0
56.585,-19.29,0
56.59,0.04,0
56.595,0.04,0
56.6,10.04,0
56.605,0.04,0
56.61,-12.06,0
56.615,-12.06,0
56.62,23.72,0
56.625,-12.6,0
56.63,0.44,0
56.635,0.44,0
56.64,21.28,0
56.645,21.28,0
56.65,-10.03,0
56.655,-10.03,0
56.66,21.24,0
56.665,21.24,0
56.67,21.24,0
56.675,-5.79,0
56.68,-5.79,0
56.685,21.08,0
56.69,21.08,0
56.695,-15.05,0
56.7,-15.05,0
56.705,24.65,0
56.71,24.65,0
56.715,-2.93,0
56.72,-2.93,0
56.725,10.23,0
56.73,21.28,0
56.735,-15.62,0
56.74,19.86,0
56.745,8.79,0
56.75,0.4,0
56.755,0.4,0
56.76,21.78,0
56.765,21.78,0
56.77,21.78,0
56.775,21.78,0
56.78,21.78,0
56.785,24.85,0
56.79,24.85,0
56.795,-5.99,0
56.8,-5.99,0
56.805,19.31,0
56.81,19.31,0
56.815,-15.1,0
56.82,-15.1,0
56.825,-15.1,0
56.83,-2.11,0
56.835,-2.11,0
56.84,19.5,0
56.845,-2.11,0
56.85,-14.07,0
56.855,6.93,0
56.86,21.3,0
56.865,21.3,0
56.87,-3.0,0
56.875,-3.0,0
56.88,-5.14,0
56.885,17.19,0
56.89,17.19,0
56.895,17.19,0
56.9,23.74,0
56.905,23.74,0
56.91,9.66,0
56.915,-0.79,0
56.92,-0.79,0
56.925,-0.79,0
56.93,1.73,0
56.935,1.73,0
56.94,-12.09,0
56.945,-12.09,0
56.95,-2.12,0
56.955,-2.12,0
56.96,-2.12,0
56.965,3.83,0
56.97,-0.79,0
56.975,-11.99,0
56.98,-11.99,0
56.985,22.2,0
56.99,22.2,0
56.995,-0.21,0
57.0,-0.21,0
57.005,0.41,0
57.01,0.41,0
57.015,0.41,0
57.02,25.31,0
57.025,-12.58,0
57.03,-2.63,0
57.035,-2.63,0
57.04,-2.63,0
57.045,19.61,0
57.05,19.61,0
57.055,19.61,0
57.06,9.53,0
57.065,19.61,0
57.07,19.61,0
57.075,19.61,0
57.08,19.61,0
57.085,-2.1,0
57.09,-2.1,0
57.095,-14.34,0
57.1,-11.94,0
57.105,20.21,0
57.11,20.21,0
57.115,20.21,0
57.12,-13.96,0
57.125,-0.37,0
57.13,19.07,0
57.135,19.07,0
57.14,19.07,0
57.145,19.07,0
57.15,7.34,0
57.155,-2.1,0
57.16,11.47,0
57.165,-11.81,0
57.17,-11.81,0
57.175,-11.81,0
57.18,8.98,0
57.185,26.61,0
57.19,-6.25,0
57.195,-0.37,0
57.2,-9.84,0
57.205,-9.84,0
57.21,-6.35,0
57.215,10.95,0
57.22,10.95,0
57.225,10.95,0
57.23,-9.21,0
57.235,-9.21,0
57.24,-3.29,0
57.245,18.7,0
57.25,10.78,0
57.255,12.27,0
57.26,12.27,0
57.265,5.59,0
57.27,-9.27,0
57.275,-9.27,0
57.28,-9.27,0
57.285,25.02,0
57.29,25.02,0
57.295,25.02,0
57.3,14.17,0
57.305,14.17,0
57.31,-5.6,0
57.315,-5.6,0
57.32,24.17,0
57.325,24.17,0
57.33,-12.55,0
57.335,-12.55,0
57.34,15.78,0
57.345,15.78,0
57.35,-8.32,0
57.355,-8.32,0
57.36,21.56,0
57.365,21.56,0
57.37,21.56,0
57.375,21.56,0
57.38,21.56,0
57.385,21.56,0
57.39,21.56,0
57.395,9.95,0
57.4,23.42,0
57.405,23.42,0
57.41,23.42,0
57.415,-9.79,0
57.42,13.48,0
57.425,3.17,0
57.43,-8.79,0
57.435,-18.05,0
57.44,-8.79,0
57.445,-8.79,0
57.45,-9.68,0
57.455,-9.68,0
57.46,-9.68,0
57.465,-9.68,0
57.47,8.14,0
57.475,8.14,0
57.48,8.14,0
57.485,22.75,0
57.49,22.75,0
57.495,6.41,0
57.5,-1.89,0
57.505,15.79,0
57.51,6.51,0
57.515,-16.0,0
57.52,24.17,0
57.525,24.17,0
57.53,24.17,0
57.535,-13.58,0
57.54,14.96,0
57.545,14.96,0
57.55,8.44,0
57.555,8.44,0
57.56,8.44,0
57.565,-6.61,0
57.57,-6.61,0
57.575,-15.39,0
57.58,-15.39,0
57.585,14.05,0
57.59,-0.6,0
57.595,14.05,0
57.6,14.05,0
57.605,5.17,0
57.61,5.17,0
57.615,-10.23,0
57.62,-6.61,0
57.625,16.35,0
57.63,16.35,0
57.635,10.52,0
57.64,10.52,0
57.645,24.0,0
57.65,24.0,0
57.655,-15.42,0
57.66,-6.02,0
57.665,-15.42,0
57.67,-15.42,0
57.675,10.17,0
57.68,10.17,0
57.685,-6.39,0
57.69,-10.02,0
57.695,-10.02,0
57.7,23.81,0
57.705,15.93,0
57.71,5.94,0
57.715,-5.9,0
57.72,-5.78,0
57.725,-5.78,0
57.73,21.06,0
57.735,21.06,0
57.74,-13.62,0
57.745,21.06,0
57.75,17.31,0
57.755,17.31,0
57.76,-5.55,0
57.765,25.45,0
57.77,-5.55,0
57.775,-15.11,0
57.78,19.07,0
57.785,-15.11,0
57.79,15.93,0
57.795,7.83,0
57.8,19.45,0
57.805,-7.53,0
57.81,-7.53,0
57.815,-12.34,0
57.82,-12.34,0
57.825,19.43,0
57.83,12.0,0
57.835,12.0,0
57.84,12.0,0
57.845,-4.54,0
57.85,-4.54,0
57.855,22.71,0
57.86,22.71,0
57.865,-9.31,0
57.87,-14.39,0
57.875,-14.39,0
57.88,-6.99,0
57.885,17.39,0
57.89,24.21,0
57.895,21.38,0
57.9,-13.27,0
57.905,-13.27,0
57.91,-13.27,0
57.915,-13.27,1
57.92,-13.27,0
57.925,-13.27,0
57.93,-13.27,0
57.935,-7.06,0
57.94,-7.06,0
57.945,15.67,0
57.95,15.67,0
57.955,22.54,0
57.96,22.54,0
57.965,22.54,0
57.97,22.54,0
57.975,22.54,0
57.98,22.54,0
57.985,13.71,0
57.99,13.71,0
57.995,-12.26,0
58.0,-12.26,0
58.005,25.75,0
58.01,-3.33,0
58.015,-3.33,0
58.02,13.79,0
58.025,13.79,0
58.03,13.79,0
58.035,-16.14,0
58.04,25.94,0
58.045,25.94,0
58.05,2.69,0
58.055,2.69,0
58.06,2.69,0
58.065,2.69,0
58.07,-11.26,0
58.075,-11.26,0
58.08,24.23,0
58.085,24.23,0
58.09,3.48,0
58.095,3.48,0
58.1,15.67,0
58.105,15.67,0
58.11,15.67,0
58.115,15.67,0
58.12,15.67,0
58.125,15.67,0
58.13,15.67,0
58.135,-10.68,0
58.14,15.67,0
58.145,12.22,0
58.15,12.22,0
58.155,-13.47,0
58.16,22.18,0
58.165,22.18,0
58.17,-4.99,0
58.175,-4.99,0
58.18,-4.99,0
58.185,5.25,0
58.19,11.37,0
58.195,11.37,0
58.2,5.25,0
58.205,20.84,0
58.21,20.84,0
58.215,-5.53,0
58.22,-5.53,0
58.225,12.98,0
58.23,15.96,0
58.235,12.98,0
58.24,12.98,0
58.245,22.68,0
58.25,22.68,0
58.255,22.18,0
58.26,-7.01,0
58.265,0.96,0
58.27,-13.69,0
58.275,-13.69,0
58.28,-13.69,0
58.285,-13.69,0
58.29,-7.7,0
58.295,-7.7,0
58.3,-7.7,0
58.305,5.14,0
58.31,5.14,0
58.315,16.18,0
58.32,16.18,0
58.325,-7.65,0
58.33,16.24,0
58.335,19.04,0
58.34,22.73,0
58.345,6.97,0
58.35,6.97,0
58.355,15.48,0
58.36,15.48,0
58.365,15.48,0
58.37,-10.36,0
58.375,-10.36,0
58.38,-8.67,0
58.385,-8.67,0
58.39,-8.67,0
58.395,-5.58,0
58.4,15.28,0
58.405,-9.74,0
58.41,-9.74,0
58.415,-8.25,0
58.42,-8.25,0
58.425,5.19,0
58.43,5.19,0
58.435,16.23,0
58.44,16.23,0
58.445,-10.92,0
58.45,-10.92,0
58.455,-10.92,0
58.46,-10.92,0
58.465,-9.46,0
58.47,-9.46,0
58.475,14.12,0
58.48,14.12,0
58.485,-12.57,0
58.49,-12.57,0
58.495,22.94,0
58.5,22.94,0
58.505,-7.43,0
58.51,-7.43,0
58.515,14.34,0
58.52,-12.52,0
58.525,-12.52,0
58.53,-12.52,0
58.535,23.67,0
58.54,23.67,0
58.545,-15.15,0
58.55,-5.72,0
58.555,6.48,0
58.56,6.48,0
58.565,-9.9,0
58.57,-9.9,0
58.575,24.87,0
58.58,24.87,0
58.585,-7.04,0
58.59,-7.04,0
58.595,13.38,0
58.6,13.38,0
58.605,13.38,0
58.61,-14.78,0
58.615,23.36,0
58.62,23.36,0
58.625,-9.08,0
58.63,-9.08,0
58.635,10.99,0
58.64,10.99,0
58.645,10.99,0
58.65,2.45,0
58.655,10.99,0
58.66,-4.68,0
58.665,-4.68,0
58.67,-4.68,0
58.675,7.86,0
58.68,7.86,0
58.685,-11.24,0
58.69,19.64,0
58.695,10.99,0
58.7,22.79,0
58.705,24.25,0
58.71,11.69,0
58.715,11.69,0
58.72,15.0,0
58.725,15.0,0
58.73,23.95,0
58.735,23.95,0
58.74,-9.1,0
58.745,-9.1,0
58.75,-9.1,0
58.755,-9.1,0
58.76,14.54,0
58.765,14.54,0
58.77,1.49,0
58.775,1.49,0
58.78,1.49,0
58.785,-3.37,0
58.79,-3.37,0
58.795,-13.74,0
58.8,-13.74,0
58.805,22.7,0
58.81,19.01,0
58.815,19.01,0
58.82,19.01,0
58.825,19.01,0
58.83,23.55,0
58.835,23.55,0
58.84,23.55,0
58.845,-1.88,0
58.85,22.48,0
58.855,0.61,0
58.86,0.61,0
58.865,0.61,0
58.87,20.55,0
58.875,20.55,0
58.88,-13.6,0
58.885,-13.6,0
58.89,-13.6,0
58.895,0.26,0
58.9,0.26,0
58.905,0.26,0
58.91,20.1,0
58.915,-4.39,0
58.92,-4.39,0
58.925,-18.15,0
58.93,-18.15,0
58.935,23.54,0
58.94,23.54,0
58.945,-0.12,0
58.95,-9.38,0
58.955,20.81,0
58.96,20.81,0
58.965,-12.51,0
58.97,-13.22,0
58.975,22.68,0
58.98,22.68,0
58.985,-2.54,0
58.99,-2.54,0
58.995,20.75,0
59.0,14.19,0
59.005,-13.15,0
59.01,-13.15,0
59.015,21.77,0
59.02,21.77,0
59.025,-0.1,0
59.03,-0.1,0
59.035,-0.1,0
59.04,-0.1,0
59.045,-9.95,0
59.05,-17.82,0
59.055,20.31,0
59.06,20.31,0
59.065,-0.99,0
59.07,1.59,0
59.075,18.23,0
59.08,18.23,0
59.085,18.23,0
59.09,18.23,0
59.095,21.32,0
59.1,-3.8,0
59.105,-3.8,0
59.11,-2.24,0
59.115,-2.24,0
59.12,-14.81,0
59.125,-14.81,0
59.13,-14.81,0
59.135,-14.81,0
59.14,-0.77,0
59.145,25.55,0
59.15,2.96,0
59.155,2.96,0
59.16,-18.6,0
59.165,-18.6,0
59.17,20.04,0
59.175,22.89,0
59.18,1.99,0
59.185,1.99,0
59.19,0.77,0
59.195,0.77,0
59.2,22.14,0
59.205,22.14,0
59.21,21.45,0
59.215,21.45,0
59.22,-3.7,0
59.225,-3.7,0
59.23,-2.41,0
59.235,-2.41,0
59.24,-12.77,0
59.245,-12.77,0
59.25,-12.77,0
59.255,-12.77,0
59.26,-12.77,0
59.265,-3.99,0
59.27,-8.7,0
59.275,-1.61,0
59.28,-1.61,0
59.285,-11.72,0
59.29,-11.72,0
59.295,20.41,0
59.3,20.41,0
59.305,20.41,0
59.31,20.41,0
59.315,0.75,0
59.32,0.75,0
59.325,18.97,0
59.33,20.32,0
59.335,20.32,0
59.34,-4.31,0
59.345,-4.31,0
59.35,8.81,0
59.355,-4.31,0
59.36,-4.31,0
59.365,-4.31,0
59.37,-4.31,0
59.375,-12.68,0
59.38,-12.68,0
59.385,-2.13,0
59.39,-2.13,0
59.395,2.27,0
59.4,2.27,0
59.405,-14.66,0
59.41,-14.66,0
59.415,22.02,0
59.42,22.02,0
59.425,22.02,0
59.43,2.39,0
59.435,2.39,0
59.44,20.32,0
59.445,2.39,0
59.45,-11.38,0
59.455,-11.38,0
59.46,-1.17,0
59.465,26.97,0
59.47,-1.17,0
59.475,-1.17,0
59.48,18.19,0
59.485,18.19,0
59.49,-15.19,0
59.495,-15.19,0
59.5,-11.36,0
59.505,-1.18,0
59.51,-1.28,0
59.515,-1.28,0
59.52,-1.28,0
59.525,-1.28,0
59.53,19.86,0
59.535,-12.54,0
59.54,20.09,0
59.545,12.8,0
59.55,20.09,0
59.555,-2.19,0
59.56,-2.19,0
59.565,17.75,0
59.57,17.75,0
59.575,17.75,0
59.58,22.66,0
59.585,22.66,0
59.59,22.79,0
59.595,22.79,0
59.6,-9.75,0
59.605,9.0,0
59.61,9.0,0
59.615,9.0,0
59.62,-10.33,0
59.625,-10.33,0
59.63,-10.33,0
59.635,-1.28,0
59.64,-8.33,0
59.645,14.56,0
59.65,14.56,0
59.655,-6.57,0
59.66,-6.57,0
59.665,19.72,0
59.67,19.72,0
59.675,19.72,0
59.68,19.72,0
59.685,13.25,0
59.69,13.25,0
59.695,4.57,0
59.7,4.57,0
59.705,25.19,0
59.71,25.19,0
59.715,-14.38,0
59.72,-14.38,0
59.725,13.84,0
59.73,13.84,0
59.735,4.69,0
59.74,4.69,0
59.745,-5.65,0
59.75,-5.65,0
59.755,-9.18,0
59.76,-9.18,0
59.765,13.01,0
59.77,13.01,0
59.775,7.32,0
59.78,7.32,0
59.785,-8.85,0
59.79,23.71,0
59.795,23.71,0
59.8,-1.29,0
59.805,23.71,0
59.81,23.71,0
59.815,10.56,0
59.82,10.56,0
59.825,0.22,0
59.83,22.44,0
59.835,-8.98,0
59.84,-8.98,0
59.845,17.03,0
59.85,17.03,0
59.855,9.87,0
59.86,9.87,0
59.865,-7.13,0
59.87,-7.13,0
59.875,-13.01,0
59.88,-13.01,0
59.885,-13.01,0
59.89,-13.01,0
59.895,12.59,0
59.9,12.59,0
59.905,16.41,0
59.91,16.41,0
59.915,5.56,0
59.92,16.41,0
59.925,16.41,0
59.93,17.97,0
59.935,17.97,0
59.94,3.45,0
59.945,0.31,0
59.95,21.15,0
59.955,21.15,0
59.96,-10.35,0
59.965,-13.01,0
59.97,-10.35,0
59.975,-10.35,0
59.98,-10.35,0
59.985,-4.58,0
59.99,-4.58,0
59.995,-4.58,0
60.0,-4.58,0
60.005,-14.19,0
60.01,-14.19,0
60.015,3.07,0
60.02,3.07,0
60.025,-14.19,0
60.03,-7.21,0
60.035,22.16,0
60.04,22.16,0
60.045,15.94,0
60.05,15.94,0
60.055,4.89,0
60.06,4.89,0
60.065,4.89,0
60.07,22.2,0
60.075,21.09,0
60.08,-15.35,0
60.085,-15.35,0
60.09,-15.35,0
60.095,9.03,0
60.1,15.94,0
60.105,9.03,0
60.11,-7.95,0
60.115,-13.1,0
60.12,-13.1,0
60.125,18.36,0
60.13,18.36,0
60.135,18.36,0
60.14,18.36,0
60.145,-6.02,0
60.15,-11.89,0
60.155,24.38,0
60.16,24.38,0
60.165,2.73,0
60.17,17.54,0
60.175,-14.21,0
60.18,3.76,0
60.185,-3.1,0
60.19,-3.1,0
60.195,33.51,0
60.2,23.88,0
60.205,-10.85,0
60.21,-10.85,0
60.215,2.29,0
60.22,6.28,0
60.225,-3.34,0
60.23,-3.34,0
60.235,-3.34,0
60.24,-3.34,0
60.245,-12.65,0
60.25,-12.65,0
60.255,-3.34,0
60.26,-12.65,0
60.265,3.42,0
60.27,23.73,0
60.275,5.12,0
60.28,-14.98,0
60.285,-14.98,0
60.29,-14.98,0
60.295,21.04,0
60.3,21.04,0
60.305,5.87,0
60.31,5.87,0
60.315,18.86,0
60.32,18.86,0
60.325,-20.1,0
60.33,-20.1,0
60.335,17.69,0
60.34,-20.1,0
60.345,-20.1,0
60.35,-20.1,0
60.355,-2.88,0
60.36,-2.88,0
60.365,-13.88,0
60.37,-13.88,0
60.375,15.53,0
60.38,-11.58,0
60.385,-3.42,0
60.39,21.12,0
60.395,17.91,0
60.4,-6.72,0
60.405,5.72,0
60.41,15.94,0
60.415,15.94,0
60.42,15.94,0
60.425,-11.3,0
60.43,-11.3,0
60.435,18.44,0
60.44,-10.35,0
60.445,-10.35,0
60.45,-10.35,0
60.455,-3.68,0
60.46,-10.35,0
60.465,-8.47,0
60.47,-6.24,0
60.475,-6.24,0
60.48,-6.24,0
60.485,8.52,0
60.49,8.52,0
60.495,15.94,0
60.5,28.9,0
60.505,14.64,0
60.51,14.64,0
60.515,21.24,0
60.52,6.95,0
60.525,6.95,0
60.53,11.27,0
60.535,11.27,0
60.54,11.27,0
60.545,11.27,0
60.55,11.27,0
60.555,11.27,0
60.56,-9.78,0
60.565,-9.78,0
60.57,9.43,0
60.575,9.43,0
60.58,-7.77,0
60.585,-7.77,0
60.59,-11.51,0
60.595,25.62,0
60.6,-10.22,0
60.605,10.61,0
60.61,3.04,0
60.615,10.61,0
60.62,10.61,0
60.625,-10.78,0
60.63,-10.78,0
60.635,-10.78,0
60.64,-10.78,0
60.645,-4.85,0
60.65,-10.78,0
60.655,11.65,0
60.66,11.65,0
60.665,24.86,0
60.67,24.86,0
60.675,24.86,0
60.68,-8.41,0
60.685,-8.41,0
60.69,11.09,0
60.695,11.09,0
60.7,14.1,0
60.705,11.09,0
60.71,11.09,0
60.715,11.09,0
60.72,-7.5,0
60.725,-7.5,0
60.73,10.82,0
60.735,10.82,0
60.74,-12.28,0
60.745,-12.28,0
60.75,-13.11,0
60.755,22.59,0
60.76,22.59,0
60.765,1.7,0
60.77,9.05,0
60.775,13.48,0
60.78,13.48,0
60.785,13.48,0
60.79,13.48,0
60.795,1.35,0
60.8,-9.61,0
60.805,-9.61,0
60.81,-7.76,0
60.815,7.45,0
60.82,11.05,0
60.825,-10.36,0
60.83,-10.36,0
60.835,-10.36,0
60.84,-10.84,0
60.845,-10.84,0
60.85,8.07,0
60.855,8.07,0
60.86,8.32,0
60.865,8.32,0
60.87,-10.87,0
60.875,-10.87,0
60.88,-10.87,0
60.885,-10.87,0
60.89,9.2,0
60.895,9.2,0
60.9,9.2,0
60.905,9.2,0
60.91,11.37,0
60.915,-10.36,0
60.92,-5.79,0
60.925,-5.79,0
60.93,24.43,0
60.935,-5.79,0
60.94,11.25,0
60.945,11.25,0
60.95,11.25,0
60.955,11.25,0
60.96,-8.64,0
60.965,-8.64,0
60.97,14.07,0
60.975,14.07,0
60.98,14.07,0
60.985,14.07,0
60.99,14.07,0
60.995,14.07,0
61.0,22.37,0
61.005,22.37,0
61.01,10.61,0
61.015,6.47,0
61.02,6.47,0
61.025,6.47,0
61.03,6.47,0
61.035,25.51,0
61.04,25.51,0
61.045,-11.6,0
61.05,-11.6,0
61.055,8.48,0
61.06,8.48,0
61.065,-9.97,0
61.07,-9.97,0
61.075,-9.97,0
61.08,22.63,0
61.085,-1.65,0
61.09,8.31,0
61.095,8.31,0
61.1,-9.97,0
61.105,8.31,0
61.11,-9.02,0
61.115,-9.02,0
61.12,-2.27,0
61.125,22.36,0
61.13,9.03,0
61.135,10.41,0
61.14,10.41,0
61.145,10.41,0
61.15,10.41,0
61.155,10.41,0
61.16,-9.45,0
61.165,-9.45,0
61.17,-7.5,0
61.175,-7.5,0
61.18,8.97,0
61.185,-7.57,0
61.19,-7.57,0
61.195,-7.57,0
61.2,-7.57,0
61.205,3.1,0
61.21,-9.44,0
61.215,-13.3,0
61.22,-13.3,0
61.225,20.06,0
61.23,20.06,0
61.235,19.31,0
61.24,20.06,0
61.245,20.06,0
61.25,20.06,0
61.255,-15.84,0
61.26,17.87,0
61.265,19.2,0
61.27,19.2,0
61.275,19.2,0
61.28,19.2,0
61.285,19.2,0
61.29,3.72,0
61.295,3.72,0
61.3,-9.52,0
61.305,-9.52,0
61.31,-9.52,0
61.315,-2.02,0
61.32,-2.02,0
61.325,-2.02,0
61.33,-2.02,0
61.335,-2.02,0
61.34,19.2,0
61.345,-15.34,0
61.35,-15.34,0
61.355,-15.34,0
61.36,-15.34,0
61.365,2.17,0
61.37,2.17,0
61.375,15.5,0
61.38,15.5,0
61.385,-9.65,0
61.39,19.88,0
61.395,17.76,0
61.4,-7.5,0
61.405,-1.24,0
61.41,-1.24,0
61.415,18.32,0
61.42,18.32,0
61.425,-15.3,0
61.43,-15.3,0
61.435,-15.3,0
61.44,-15.3,0
61.445,-15.3,0
61.45,23.35,0
61.455,-5.04,0
61.46,13.15,0
61.465,-26.44,0
61.47,-7.5,0
61.475,23.84,0
61.48,23.84,0
61.485,2.5,0
61.49,2.5,0
61.495,18.5,0
61.5,18.5,0
61.505,-10.39,0
61.51,-10.39,0
61.515,-5.94,0
61.52,-5.94,0
61.525,-5.94,0
61.53,-5.94,0
61.535,-5.94,0
61.54,11.74,0
61.545,18.03,0
61.55,-16.31,0
61.555,-16.31,0
61.56,-4.26,0
61.565,1.54,0
61.57,1.54,0
61.575,1.54,0
61.58,1.54,0
61.585,1.54,0
61.59,-10.68,0
61.595,17.88,0
61.6,17.88,0
61.605,17.88,0
61.61,2.24,0
61.615,18.65,0
61.62,18.65,0
61.625,18.65,0
61.63,18.65,0
61.635,22.42,0
61.64,22.42,0
61.645,17.28,0
61.65,-4.53,0
61.655,15.67,0
61.66,17.88,0
61.665,-15.49,0
61.67,-15.49,0
61.675,-15.49,0
61.68,-15.49,0
61.685,-3.71,0
61.69,-3.71,0
61.695,-15.03,0
61.7,4.29,0
61.705,4.29,0
61.71,-12.34,0
61.715,-12.34,0
61.72,4.29,0
61.725,23.31,0
61.73,-5.04,0
61.735,-5.04,0
61.74,2.64,0
61.745,18.08,0
61.75,18.08,0
61.755,18.08,0
61.76,25.98,0
61.765,25.98,0
61.77,-8.04,0
61.775,-8.04,0
61.78,-8.04,0
61.785,-8.04,0
61.79,25.11,0
61.795,-10.97,0
61.8,-10.97,0
61.805,-10.97,0
61.81,-10.97,0
61.815,-10.97,0
61.82,3.0,0
61.825,3.0,0
61.83,-14.57,0
61.835,19.93,0
61.84,19.93,0
61.845,19.93,0
61.85,19.93,0
61.855,19.93,0
61.86,5.93,0
61.865,5.93,0
61.87,17.06,0
61.875,14.44,0
61.88,23.45,0
61.885,23.45,0
61.89,14.89,0
61.895,3.0,0
61.9,7.17,0
61.905,7.17,0
61.91,7.17,0
61.915,7.17,0
61.92,-12.9,0
61.925,-12.9,0
61.93,-12.9,0
61.935,-12.9,0
61.94,-3.67,0
61.945,-3.67,0
61.95,15.06,0
61.955,15.06,0
61.96,22.1,0
61.965,22.1,0
61.97,-7.42,0
61.975,22.1,0
61.98,5.86,0
61.985,5.86,0
61.99,16.84,0
61.995,16.84,0
62.0,19.82,0
62.005,19.82,0
62.01,-7.67,0
62.015,5.58,0
62.02,-7.67,0
62.025,-7.67,0
62.03,13.6,0
62.035,4.64,0
62.04,2.64,0
62.045,2.64,0
62.05,-3.85,0
62.055,-14.47,0
62.06,-14.47,0
62.065,-4.74,0
62.07,13.03,0
62.075,13.03,0
62.08,13.03,0
62.085,13.03,0
62.09,-4.89,0
62.095,-4.0,0
62.1,22.11,0
62.105,22.11,0
62.11,17.49,0
62.115,18.4,0
62.12,7.86,0
62.125,7.86,0
62.13,7.86,0
62.135,7.86,0
62.14,7.86,0
62.145,7.86,0
62.15,-13.51,0
62.155,-13.51,0
62.16,4.55,0
62.165,-3.51,0
62.17,-3.51,0
62.175,-3.51,0
62.18,-3.51,0
62.185,-14.39,0
62.19,-14.39,0
62.195,16.61,0
62.2,16.61,0
62.205,-1.36,0
62.21,-1.36,0
62.215,18.7,0
62.22,18.7,0
62.225,18.7,0
62.23,18.7,0
62.235,18.7,0
62.24,18.7,0
62.245,17.48,0
62.25,6.92,0
62.255,6.92,0
62.26,6.92,0
62.265,22.21,0
62.27,22.21,0
62.275,16.6,0
62.28,16.6,0
62.285,-3.5,0
62.29,12.81,0
62.295,-3.5,0
62.3,-3.5,0
62.305,-13.01,0
62.31,-13.01,0
62.315,19.05,0
62.32,-13.75,0
62.325,-3.74,0
62.33,-3.74,0
62.335,-3.74,0
62.34,-3.74,0
62.345,-3.74,0
62.35,-3.74,0
62.355,-3.74,0
62.36,18.51,0
62.365,18.66,0
62.37,-0.85,0
62.375,-0.85,0
62.38,-15.37,0
62.385,25.43,0
62.39,-13.62,0
62.395,-13.62,0
62.4,18.17,0
62.405,18.17,0
62.41,-4.77,0
62.415,17.2,0
62.42,-4.77,0
62.425,-4.77,0
62.43,-13.82,0
62.435,-13.82,0
62.44,20.74,0
62.445,20.74,0
62.45,0.22,0
62.455,0.22,0
62.46,20.08,0
62.465,20.08,0
62.47,20.08,0
62.475,20.08,0
62.48,18.9,0
62.485,18.9,0
62.49,0.76,0
62.495,0.76,0
62.5,22.26,0
62.505,22.26,0
62.51,22.26,0
62.515,22.26,0
62.52,22.36,0
62.525,8.82,0
62.53,-0.04,0
62.535,-0.04,0
62.54,0.45,0
62.545,0.45,0
62.55,-12.55,0
62.555,24.93,0
62.56,-12.55,0
62.565,-12.55,0
62.57,-10.83,0
62.575,1.63,0
62.58,1.63,0
62.585,1.63,0
62.59,1.63,0
62.595,1.63,0
62.6,-15.0,0
62.605,0.22,0
62.61,-14.1,0
62.615,0.22,0
62.62,0.22,0
62.625,23.44,0
62.63,23.44,0
62.635,23.44,0
62.64,-18.64,0
62.645,-18.64,0
62.65,2.03,0
62.655,2.03,0
62.66,3.23,0
62.665,3.23,0
62.67,20.39,0
62.675,-5.89,0
62.68,-18.2,0
62.685,-18.2,0
62.69,8.26,0
62.695,-18.2,0
62.7,-2.23,0
62.705,-2.23,0
62.71,-2.23,0
62.715,-2.23,0
62.72,11.32,0
62.725,-12.85,0
62.73,-2.2,0
62.735,-2.2,0
62.74,-2.2,0
62.745,-2.2,0
62.75,12.01,0
62.755,-15.48,0
62.76,-15.48,0
62.765,21.86,0
62.77,21.86,0
62.775,-1.64,0
62.78,-1.64,0
62.785,-1.64,0
62.79,-1.64,0
62.795,-14.4,0
62.8,-14.4,0
62.805,19.2,0
62.81,19.2,0
62.815,-4.34,0
62.82,-4.34,0
62.825,-4.34,0
62.83,-4.34,0
62.835,0.02,0
62.84,-4.34,0
62.845,-4.34,0
62.85,22.41,0
62.855,22.41,0
62.86,24.25,0
62.865,19.2,0
62.87,-13.7,0
62.875,27.86,0
62.88,7.97,0
62.885,23.38,0
62.89,7.97,0
62.895,7.97,0
62.9,10.71,0
62.905,-10.68,0
62.91,-10.68,0
62.915,-10.68,1
62.92,18.71,0
62.925,10.2,0
62.93,10.2,0
62.935,23.63,0
62.94,23.63,0
62.945,23.63,0
62.95,8.07,0
62.955,24.34,0
62.96,13.04,0
62.965,13.04,0
62.97,13.04,0
62.975,13.04,0
62.98,-10.44,0
62.985,-8.93,0
62.99,-8.93,0
62.995,-8.93,0
63.0,-8.93,0
63.005,8.49,0
63.01,8.49,0
63.015,-11.15,0
63.02,-11.15,0
63.025,-8.51,0
63.03,8.07,0
63.035,7.89,0
63.04,-8.51,0
63.045,-8.51,0
63.05,12.99,0
63.055,-8.9,0
63.06,-8.9,0
63.065,-8.9,0
63.07,-21.01,0
63.075,-8.93,0
63.08,12.99,0
63.085,7.29,0
63.09,7.29,0
63.095,7.29,0
63.1,-5.49,0
63.105,-5.49,0
63.11,-12.86,0
63.115,-12.86,0
63.12,-12.86,0
63.125,-12.86,0
63.13,10.56,0
63.135,10.56,0
63.14,-8.69,0
63.145,-8.69,0
63.15,-11.34,0
63.155,-7.08,0
63.16,-7.08,0
63.165,-7.08,0
63.17,-7.08,0
63.175,-7.08,0
63.18,-4.78,0
63.185,-4.78,0
63.19,23.15,0
63.195,14.44,0
63.2,14.44,0
63.205,14.44,0
63.21,-13.65,0
63.215,6.29,0
63.22,6.29,0
63.225,24.02,0
63.23,-6.16,0
63.235,24.02,0
63.24,-7.93,0
63.245,-2.62,0
63.25,12.79,0
63.255,12.79,0
63.26,6.29,0
63.265,7.68,0
63.27,-7.08,0
63.275,-7.97,0
63.28,-12.62,0
63.285,-12.62,0
63.29,11.52,0
63.295,-6.66,0
63.3,-6.66,0
63.305,20.26,0
63.31,20.26,0
63.315,-6.66,0
63.32,20.26,0
63.325,16.89,0
63.33,16.89,0
63.335,5.37,0
63.34,5.37,0
63.345,25.55,0
63.35,25.55,0
63.355,-11.1,0
63.36,-11.1,0
63.365,15.54,0
63.37,15.54,0
63.375,10.89,0
63.38,10.89,0
63.385,-10.18,0
63.39,-10.18,0
63.395,-11.74,0
63.4,-11.74,0
63.405,15.18,0
63.41,15.18,0
63.415,7.3,0
63.42,7.3,0
63.425,-6.92,0
63.43,-6.92,0
63.435,4.11,0
63.44,23.53,0
63.445,15.75,0
63.45,15.75,0
63.455,16.38,0
63.46,5.3,0
63.465,5.3,0
63.47,5.3,0
63.475,21.06,0
63.48,-16.31,0
63.485,-16.31,0
63.49,16.96,0
63.495,-16.31,0
63.5,-16.31,0
63.505,5.0,0
63.51,23.98,0
63.515,23.98,0
63.52,-13.11,0
63.525,-13.11,0
63.53,15.73,0
63.535,15.73,0
63.54,-5.9,0
63.545,-5.9,0
63.55,5.3,0
63.555,20.87,0
63.56,20.87,0
63.565,-11.01,0
63.57,15.25,0
63.575,7.02,0
63.58,15.25,0
63.585,3.94,0
63.59,3.94,0
63.595,25.3,0
63.6,5.19,0
63.605,-14.51,0
63.61,-14.51,0
63.615,-14.51,0
63.62,-14.51,0
63.625,-14.51,0
63.63,-6.98,0
63.635,-13.11,0
63.64,-10.59,0
63.645,21.12,0
63.65,-10.59,0
63.655,13.83,0
63.66,7.79,0
63.665,7.79,0
63.67,-3.01,0
63.675,-3.01,0
63.68,6.48,0
63.685,6.48,0
63.69,14.67,0
63.695,14.15,0
63.7,25.81,0
63.705,25.81,0
63.71,-4.79,0
63.715,-4.84,0
63.72,-6.98,0
63.725,3.16,0
63.73,16.05,0
63.735,16.05,0
63.74,-9.19,0
63.745,-9.19,0
63.75,-3.77,0
63.755,-3.77,0
63.76,4.35,0
63.765,6.48,0
63.77,-11.61,0
63.775,-11.61,0
63.78,-11.61,0
63.785,-11.61,0
63.79,14.15,0
63.795,26.19,0
63.8,26.19,0
63.805,5.36,0
63.81,7.08,0
63.815,14.15,0
63.82,14.15,0
63.825,25.25,0
63.83,25.25,0
63.835,-10.59,0
63.84,-10.59,0
63.845,-7.62,0
63.85,-4.85,0
63.855,13.31,0
63.86,13.28,0
63.865,-15.26,0
63.87,-15.26,0
63.875,-9.49,0
63.88,-7.88,0
63.885,-7.88,0
63.89,16.48,0
63.895,16.48,0
63.9,21.15,0
63.905,20.82,0
63.91,21.15,0
63.915,21.15,0
63.92,21.15,0
63.925,-5.13,0
63.93,6.7,0
63.935,12.5,0
63.94,12.5,0
63.945,34.68,0
63.95,12.5,0
63.955,-11.44,0
63.96,-11.44,0
63.965,-6.74,0
63.97,-6.74,0
63.975,9.48,0
63.98,-11.76,0
63.985,-11.76,0
63.99,-11.76,0
63.995,-7.36,0
64.0,3.31,0
64.005,8.42,0
64.01,8.42,0
64.015,6.94,0
64.02,8.42,0
64.025,9.48,0
64.03,-9.29,0
64.035,-9.29,0
64.04,-9.29,0
64.045,-8.45,0
64.05,-8.45,0
64.055,14.46,0
64.06,14.46,0
64.065,14.46,0
64.07,14.46,0
64.075,14.46,0
64.08,14.46,0
64.085,22.45,0
64.09,-6.51,0
64.095,14.95,0
64.1,-12.95,0
64.105,-12.95,0
64.11,-12.95,0
64.115,9.67,0
64.12,7.06,0
64.125,-12.95,0
64.13,-12.95,0
64.135,6.67,0
64.14,6.67,0
64.145,-9.37,0
64.15,-9.37,0
64.155,-13.05,0
64.16,20.76,0
64.165,8.46,0
64.17,13.06,0
64.175,13.06,0
64.18,-13.46,0
64.185,13.06,0
64.19,13.06,0
64.195,6.67,0
64.2,-2.1,0
64.205,22.09,0
64.21,22.09,0
64.215,8.85,0
64.22,8.85,0
64.225,-10.79,0
64.23,14.19,0
64.235,-10.7,0
64.24,22.46,0
64.245,-7.55,0
64.25,-7.55,0
64.255,10.36,0
64.26,10.36,0
64.265,-8.63,0
64.27,-8.63,0
64.275,23.1,0
64.28,23.1,0
64.285,5.35,0
64.29,-8.76,0
64.295,9.96,0
64.3,9.96,0
64.305,13.31,0
64.31,13.31,0
64.315,26.21,0
64.32,-11.78,0
64.325,-11.78,0
64.33,-11.78,0
64.335,-11.78,0
64.34,12.33,0
64.345,12.33,0
64.35,-10.85,0
64.355,-10.85,0
64.36,-8.33,0
64.365,0.68,0
64.37,10.4,0
64.375,10.4,0
64.38,14.41,0
64.385,14.41,0
64.39,-11.7,0
64.395,-11.7,0
64.4,-11.7,0
64.405,-11.7,0
64.41,7.25,0
64.415,9.34,0
64.42,9.34,0
64.425,14.41,0
64.43,11.99,0
64.435,22.56,0
64.44,7.6,0
64.445,-11.83,0
64.45,-11.83,0
64.455,-11.83,0
64.46,10.88,0
64.465,10.88,0
64.47,10.88,0
64.475,-10.61,0
64.48,-2.93,0
64.485,-10.61,0
64.49,-10.61,0
64.495,22.26,0
64.5,-12.36,0
64.505,22.81,0
64.51,22.81,0
64.515,22.81,0
64.52,22.81,0
64.525,-0.4,0
64.53,-0.4,0
64.535,16.41,0
64.54,16.41,0
64.545,16.03,0
64.55,16.03,0
64.555,1.03,0
64.56,1.03,0
64.565,1.03,0
64.57,1.03,0
64.575,19.89,0
64.58,-11.55,0
64.585,-11.55,0
64.59,-1.85,0
64.595,-1.85,0
64.6,-1.85,0
64.605,-1.85,0
64.61,-1.85,0
64.615,-1.85,0
64.62,-10.68,0
64.625,22.14,0
64.63,22.8,0
64.635,22.34,0
64.64,22.34,0
64.645,0.31,0
64.65,14.27,0
64.655,14.27,0
64.66,14.27,0
64.665,10.32,0
64.67,-13.89,0
64.675,1.08,0
64.68,1.08,0
64.685,1.08,0
64.69,1.08,0
64.695,1.08,0
64.7,1.08,0
64.705,-12.31,0
64.71,10.93,0
64.715,-1.39,0
64.72,-1.39,0
64.725,-1.39,0
64.73,-1.39,0
64.735,-1.39,0
64.74,-1.39,0
64.745,-14.23,0
64.75,23.46,0
64.755,23.46,0
64.76,23.46,0
64.765,1.62,0
64.77,1.62,0
64.775,18.43,0
64.78,-1.39,0
64.785,18.43,0
64.79,18.43,0
64.795,19.47,0
64.8,-0.16,0
64.805,-0.16,0
64.81,19.28,0
64.815,19.28,0
64.82,11.59,0
64.825,-16.1,0
64.83,23.71,0
64.835,23.71,0
64.84,23.71,0
64.845,-1.4,0
64.85,-8.95,0
64.855,-1.4,0
64.86,-1.4,0
64.865,-10.58,0
64.87,-10.58,0
64.875,21.68,0
64.88,21.68,0
64.885,0.46,0
64.89,0.46,0
64.895,20.76,0
64.9,20.76,0
64.905,20.76,0
64.91,20.76,0
64.915,21.83,0
64.92,21.83,0
64.925,-2.73,0
64.93,-2.73,0
64.935,10.39,0
64.94,-2.73,0
64.945,0.67,0
64.95,-14.31,0
64.955,-14.31,0
64.96,-2.63,0
64.965,-2.63,0
64.97,-2.63,0
64.975,-2.63,0
64.98,19.5,0
64.985,19.5,0
64.99,-1.33,0
64.995,25.06,0
65.0,25.06,0
65.005,25.06,0
65.01,4.82,0
65.015,4.82,0
65.02,-2.63,0
65.025,19.06,0
65.03,24.98,0
65.035,24.98,0
65.04,-7.58,0
65.045,-7.58,0
65.05,1.26,0
65.055,1.26,0
65.06,15.02,0
65.065,15.02,0
65.07,-14.81,0
65.075,-14.81,0
65.08,0.15,0
65.085,-7.82,0
65.09,1.88,0
65.095,1.88,0
65.1,-10.34,0
65.105,-10.34,0
65.11,-10.34,0
65.115,25.61,0
65.12,25.61,0
65.125,25.61,0
65.13,25.61,0
65.135,3.89,0
65.14,17.29,0
65.145,17.29,0
65.15,23.79,0
65.155,23.79,0
65.16,-4.66,0
65.165,-4.66,0
65.17,4.06,0
65.175,4.06,0
65.18,4.06,0
65.185,15.36,0
65.19,15.36,0
65.195,-12.65,0
65.2,-5.62,0
65.205,-5.62,0
65.21,-0.49,0
65.215,-0.49,0
65.22,-0.49,0
65.225,-11.88,0
65.23,-11.88,0
65.235,21.19,0
65.24,21.19,0
65.245,21.19,0
65.25,21.19,0
65.255,3.43,0
65.26,3.43,0
65.265,17.54,0
65.27,17.54,0
65.275,24.51,0
65.28,-3.02,0
65.285,-3.02,0
65.29,3.18,0
65.295,3.18,0
65.3,3.18,0
65.305,3.18,0
65.31,3.18,0
65.315,3.18,0
65.32,3.18,0
65.325,-12.75,0
65.33,-12.75,0
65.335,-9.59,0
65.34,-9.59,0
65.345,11.01,0
65.35,11.01,0
65.355,11.01,0
65.36,-8.84,0
65.365,-7.75,0
65.37,-7.75,0
65.375,7.84,0
65.38,22.38,0
65.385,22.38,0
65.39,22.38,0
65.395,12.21,0
65.4,12.21,0
65.405,10.15,0
65.41,-7.05,0
65.415,24.82,0
65.42,24.82,0
65.425,-16.3,0
65.43,24.82,0
65.435,-15.11,0
65.44,-5.94,0
65.445,1.73,0
65.45,24.14,0
65.455,-7.05,0
65.46,-14.37,0
65.465,15.93,0
65.47,-14.37,0
65.475,-14.37,0
65.48,-14.37,0
65.485,-10.49,0
65.49,-10.49,0
65.495,22.83,0
65.5,-14.42,0
65.505,-14.42,0
65.51,7.28,0
65.515,7.28,0
65.52,7.28,0
65.525,7.28,0
65.53,21.46,0
65.535,21.46,0
65.54,21.46,0
65.545,21.46,0
65.55,-11.96,0
65.555,-11.96,0
65.56,23.65,0
65.565,-6.15,0
65.57,23.65,0
65.575,-6.15,0
65.58,-6.15,0
65.585,-20.94,0
65.59,-13.77,0
65.595,-11.77,0
65.6,-5.73,0
65.605,-5.73,0
65.61,22.06,0
65.615,22.06,0
65.62,22.06,0
65.625,22.06,0
65.63,-12.92,0
65.635,-12.92,0
65.64,6.33,0
65.645,-7.15,0
65.65,-7.15,0
65.655,23.52,0
65.66,23.52,0
65.665,6.03,0
65.67,-12.65,0
65.675,8.88,0
65.68,8.88,0
65.685,8.88,0
65.69,-8.3,0
65.695,-8.3,0
65.7,-11.08,0
65.705,19.22,0
65.71,19.22,0
65.715,19.22,0
65.72,19.22,0
65.725,19.22,0
65.73,-12.92,0
65.735,19.9,0
65.74,19.9,0
65.745,19.9,0
65.75,19.9,0
65.755,19.9,0
65.76,-9.07,0
65.765,-9.07,0
65.77,-6.52,0
65.775,-6.52,0
65.78,20.36,0
65.785,20.36,0
65.79,-14.28,0
65.795,5.5,0
65.8,15.38,0
65.805,5.5,0
65.81,-8.2,0
65.815,-9.93,0
65.82,22.59,0
65.825,22.59,0
65.83,-8.69,0
65.835,-8.69,0
65.84,-8.69,0
65.845,-6.95,0
65.85,-8.19,0
65.855,19.91,0
65.86,-7.41,0
65.865,19.91,0
65.87,19.91,0
65.875,19.91,0
65.88,19.91,0
65.885,3.86,0
65.89,3.86,0
65.895,22.43,0
65.9,18.25,0
65.905,-13.75,0
65.91,-13.75,0
65.915,-13.75,0
65.92,-13.75,0
65.925,22.18,0
65.93,22.18,0
65.935,-7.63,0
65.94,-7.63,0
65.945,-16.16,0
65.95,-16.16,0
65.955,13.24,0
65.96,13.24,0
65.965,-7.13,0
65.97,-7.13,0
65.975,-7.13,0
65.98,21.74,0
65.985,-11.28,0
65.99,-11.28,0
65.995,-11.28,0
66.0,16.32,0
66.005,7.26,0
66.01,7.26,0
66.015,23.36,0
66.02,23.36,0
66.025,-13.42,0
66.03,-13.42,0
66.035,-13.42,0
66.04,-13.42,0
66.045,-3.46,0
66.05,21.74,0
66.055,6.17,0
66.06,6.17,0
66.065,-15.7,0
66.07,16.0,0
66.075,16.0,0
66.08,16.0,0
66.085,16.0,0
66.09,16.0,0
66.095,-3.33,0
66.1,-3.33,0
66.105,21.29,0
66.11,21.29,0
66.115,16.21,0
66.12,16.21,0
66.125,16.21,0
66.13,24.98,0
66.135,24.98,0
66.14,-4.88,0
66.145,-4.88,0
66.15,12.78,0
66.155,12.78,0
66.16,2.49,0
66.165,-13.52,0
66.17,23.62,0
66.175,23.62,0
66.18,-7.63,0
66.185,4.46,0
66.19,7.98,0
66.195,7.98,0
66.2,7.98,0
66.205,-5.66,0
66.21,-10.52,0
66.215,-10.52,0
66.22,7.51,0
66.225,7.51,0
66.23,13.92,0
66.235,-14.82,0
66.24,13.92,0
66.245,13.92,0
66.25,13.92,0
66.255,13.92,0
66.26,-7.12,0
66.265,-7.12,0
66.27,12.82,0
66.275,12.82,0
66.28,-16.45,0
66.285,12.82,0
66.29,26.12,0
66.295,26.12,0
66.3,-5.5,0
66.305,-5.5,0
66.31,4.79,0
66.315,4.79,0
66.32,17.61,0
66.325,17.61,0
66.33,21.76,0
66.335,21.76,0
66.34,-11.8,0
66.345,3.8,0
66.35,3.8,0
66.355,17.49,0
66.36,17.49,0
66.365,17.49,0
66.37,17.49,0
66.375,17.49,0
66.38,21.78,0
66.385,25.79,0
66.39,4.72,0
66.395,2.59,0
66.4,12.18,0
66.405,21.79,0
66.41,-12.31,0
66.415,-12.31,0
66.42,-12.31,0
66.425,-12.31,0
66.43,4.13,0
66.435,20.78,0
66.44,-10.28,0
66.445,-10.28,0
66.45,27.52,0
66.455,27.52,0
66.46,27.52,0
66.465,27.52,0
66.47,7.05,0
66.475,7.05,0
66.48,12.16,0
66.485,12.16,0
66.49,23.34,0
66.495,23.34,0
66.5,-5.28,0
66.505,-5.28,0
66.51,-5.28,0
66.515,-5.28,0
66.52,21.68,0
66.525,14.21,0
66.53,-15.59,0
66.535,22.81,0
66.54,-6.34,0
66.545,14.21,0
66.55,3.42,0
66.555,3.42,0
66.56,16.12,0
66.565,16.12,0
66.57,-10.95,0
66.575,-10.95,0
66.58,22.02,0
66.585,22.02,0
66.59,3.7,0
66.595,3.7,0
66.6,-4.15,0
66.605,11.51,0
66.61,24.43,0
66.615,24.43,0
66.62,-12.1,0
66.625,-10.39,0
66.63,-10.39,0
66.635,-10.39,0
66.64,13.36,0
66.645,13.36,0
66.65,13.36,0
66.655,13.36,0
66.66,-3.36,0
66.665,13.9,0
66.67,13.9,0
66.675,13.9,0
66.68,13.9,0
66.685,-10.77,0
66.69,-10.77,0
66.695,-10.77,0
66.7,-10.77,0
66.705,21.53,0
66.71,21.53,0
66.715,14.1,0
66.72,-12.15,0
66.725,14.1,0
66.73,14.1,0
66.735,22.97,0
66.74,21.52,0
66.745,-9.65,0
66.75,-9.65,0
66.755,14.53,0
66.76,14.53,0
66.765,14.53,0
66.77,14.53,0
66.775,-10.58,0
66.78,-10.58,0
66.785,-9.57,0
66.79,21.53,0
66.795,5.73,0
66.8,5.73,0
66.805,-10.32,0
66.81,28.04,0
66.815,-10.32,0
66.82,-10.32,0
66.825,23.88,0
66.83,23.88,0
66.835,-9.42,0
66.84,-9.42,0
66.845,9.68,0
66.85,9.68,0
66.855,21.24,0
66.86,21.24,0
66.865,-8.61,0
66.87,-8.61,0
66.875,15.7,0
66.88,15.7,0
66.885,7.07,0
66.89,15.7,0
66.895,-13.14,0
66.9,-13.14,0
66.905,-13.14,0
66.91,-13.14,0
66.915,-13.14,0
66.92,7.92,0
66.925,-9.85,0
66.93,-11.0,0
66.935,-11.0,0
66.94,22.49,0
66.945,-14.5,0
66.95,-8.52,0
66.955,1.32,0
66.96,-15.43,0
66.965,19.08,0
66.97,19.08,0
66.975,1.06,0
66.98,1.06,0
66.985,20.64,0
66.99,22.63,0
66.995,20.64,0
67.0,-15.66,0
67.005,17.62,0
67.01,4.78,0
67.015,3.17,0
67.02,3.17,0
67.025,3.17,0
67.03,3.17,0
67.035,-13.53,0
67.04,-13.53,0
67.045,22.08,0
67.05,22.08,0
67.055,-6.26,0
67.06,-6.26,0
67.065,20.43,0
67.07,20.43,0
67.075,20.43,0
67.08,20.43,0
67.085,18.71,0
67.09,18.71,0
67.095,-1.7,0
67.1,-1.7,0
67.105,1.37,0
67.11,1.37,0
67.115,21.31,0
67.12,21.31,0
67.125,-11.68,0
67.13,-11.68,0
67.135,2.12,0
67.14,-5.85,0
67.145,-13.53,0
67.15,-5.85,0
67.155,-14.26,0
67.16,-17.78,0
67.165,-8.5,0
67.17,17.97,0
67.175,17.97,0
67.18,17.97,0
67.185,-4.28,0
67.19,-4.28,0
67.195,18.71,0
67.2,18.71,0
67.205,-5.85,0
67.21,15.61,0
67.215,4.33,0
67.22,4.33,0
67.225,-2.53,0
67.23,21.9,0
67.235,21.9,0
67.24,-13.4,0
67.245,-13.4,0
67.25,-4.28,0
67.255,1.82,0
67.26,1.82,0
67.265,1.82,0
67.27,-2.42,0
67.275,-2.42,0
67.28,22.16,0
67.285,22.16,0
67.29,22.16,0
67.295,22.16,0
67.3,22.16,0
67.305,-0.69,0
67.31,-0.69,0
67.315,20.64,0
67.32,20.64,0
67.325,18.11,0
67.33,18.11,0
67.335,18.11,0
67.34,18.11,0
67.345,18.11,0
67.35,18.11,0
67.355,18.11,0
67.36,18.11,0
67.365,22.42,0
67.37,22.42,0
67.375,2.24,0
67.38,2.24,0
67.385,-4.41,0
67.39,-4.41,0
67.395,23.75,0
67.4,23.75,0
67.405,2.24,0
67.41,20.14,0
67.415,20.14,0
67.42,20.14,0
67.425,-4.81,0
67.43,-4.81,0
67.435,8.09,0
67.44,20.97,0
67.445,21.63,0
67.45,21.63,0
67.455,0.29,0
67.46,0.29,0
67.465,0.29,0
67.47,0.29,0
67.475,0.29,0
67.48,20.06,0
67.485,-14.31,0
67.49,-14.31,0
67.495,-14.31,0
67.5,1.79,0
67.505,-4.18,0
67.51,-4.18,0
67.515,7.26,0
67.52,-4.18,0
67.525,-12.85,0
67.53,-7.01,0
67.535,18.07,0
67.54,18.07,0
67.545,0.29,0
67.55,2.17,0
67.555,21.17,0
67.56,21.17,0
67.565,-13.84,0
67.57,-13.84,0
67.575,21.35,0
67.58,3.46,0
67.585,3.46,0
67.59,3.46,0
67.595,3.46,0
67.6,25.15,0
67.605,25.15,0
67.61,-14.08,0
67.615,3.17,0
67.62,3.17,0
67.625,-3.38,0
67.63,-3.38,0
67.635,-3.38,0
67.64,-3.38,0
67.645,-10.22,0
67.65,-10.22,0
67.655,20.91,0
67.66,20.91,0
67.665,20.91,0
67.67,20.91,0
67.675,4.03,0
67.68,4.03,0
67.685,-11.57,0
67.69,-11.57,0
67.695,-3.38,0
67.7,18.16,0
67.705,-0.95,0
67.71,-0.95,0
67.715,20.45,0
67.72,20.45,0
67.725,-14.25,0
67.73,-14.25,0
67.735,20.72,0
67.74,-11.22,0
67.745,-0.55,0
67.75,-0.55,0
67.755,-0.55,0
67.76,-6.88,0
67.765,9.1,0
67.77,9.1,0
67.775,-9.08,0
67.78,-9.08,0
67.785,21.17,0
67.79,21.17,0
67.795,21.17,0
67.8,21.17,0
67.805,21.17,0
67.81,21.17,0
67.815,-9.6,0
67.82,11.96,0
67.825,11.96,0
67.83,22.0,0
67.835,-10.05,0
67.84,-10.05,0
67.845,7.25,0
67.85,7.25,0
67.855,7.25,0
67.86,-11.67,0
67.865,-11.67,0
67.87,-11.67,0
67.875,-9.67,0
67.88,-9.67,0
67.885,-9.67,0
67.89,-9.67,0
67.895,-9.67,0
67.9,8.92,0
