Time,fwEMG 3,Subject,MVC,Trial,Peak_Number,Is_Highest
229.51363636363635,0.06355304241559684,S01,10,1,1,False
237.1909090909091,0.045479900407452714,S01,10,1,2,False
244.03181818181818,0.04820966907854092,S01,10,1,3,False
246.37272727272727,0.06617920301807642,S01,10,1,4,False
251.55454545454546,0.049596738085487424,S01,10,1,5,False
253.95,0.06397474138913137,S01,10,1,6,False
256.15,0.044817867606542175,S01,10,1,7,False
258.4,0.07434986648246195,S01,10,1,8,False
260.55,0.04534845536776161,S01,10,1,9,False
262.9590909090909,0.04750739581358198,S01,10,1,10,False
265.9136363636364,0.06093026826474741,S01,10,1,11,False
269.80454545454546,0.05596665078149048,S01,10,1,12,False
273.5181818181818,0.06302190740273073,S01,10,1,13,False
279.0863636363636,0.060715567388473904,S01,10,1,14,False
281.15909090909093,0.04862063749533373,S01,10,1,15,False
283.46363636363634,0.06535289941795203,S01,10,1,16,False
288.05454545454546,0.05325412834381107,S01,10,1,17,False
290.27272727272725,0.04804655871852381,S01,10,1,18,False
292.57272727272726,0.05225387257021994,S01,10,1,19,False
294.66818181818184,0.059067827219752435,S01,10,1,20,False
297.8590909090909,0.05126166720389418,S01,10,1,21,False
303.09090909090907,0.0551461785845204,S01,10,1,22,False
306.15909090909093,0.04873866311135774,S01,10,1,23,False
308.4,0.05318624417973314,S01,10,1,24,False
310.6818181818182,0.04295998838158822,S01,10,1,25,False
312.9318181818182,0.042572107340499515,S01,10,1,26,False
318.30454545454546,0.053346838181809374,S01,10,1,27,False
322.0318181818182,0.04647117678150541,S01,10,1,28,False
325.0954545454546,0.09690799144855998,S01,10,1,29,False
328.20454545454544,0.05648372744768226,S01,10,1,30,False
330.3863636363636,0.09987675705924276,S01,10,1,31,True
334.9409090909091,0.05120149152051261,S01,10,1,32,False
339.4227272727273,0.08306499153233926,S01,10,1,33,False
343.24545454545455,0.07885637991188227,S01,10,1,34,False
346.9681818181818,0.0783016099176716,S01,10,1,35,False
350.82272727272726,0.05132837883965586,S01,10,1,36,False
353.1227272727273,0.049101993023697055,S01,10,1,37,False
355.4409090909091,0.08017157781161272,S01,10,1,38,False
357.6409090909091,0.05216272119962919,S01,10,1,39,False
361.4590909090909,0.05011911611456001,S01,10,1,40,False
363.7772727272727,0.07577585851209614,S01,10,1,41,False
366.6727272727273,0.09951264643943701,S01,10,1,42,False
368.93636363636364,0.06047967095256176,S01,10,1,43,False
372.06363636363636,0.09687121881028689,S01,10,1,44,False
375.8727272727273,0.06254620640953815,S01,10,1,45,False
379.7,0.0756771860858661,S01,10,1,46,False
382.5863636363636,0.053939035593496845,S01,10,1,47,False
385.71363636363634,0.09304125298977924,S01,10,1,48,False
388.66818181818184,0.06846179018440168,S01,10,1,49,False
392.53636363636366,0.05297004454970159,S01,10,1,50,False
396.2090909090909,0.07490822707473588,S01,10,1,51,False
399.3,0.057756898129656335,S01,10,1,52,False
403.8863636363636,0.0648658916037664,S01,10,1,53,False
406.93636363636364,0.08014607755829495,S01,10,1,54,False
409.93636363636364,0.05439336981187506,S01,10,1,55,False
414.53636363636366,0.047082266385458746,S01,10,1,56,False
416.6363636363636,0.06373607364085732,S01,10,1,57,False
420.4318181818182,0.05430184995660147,S01,10,1,58,False
423.5090909090909,0.06457148657351022,S01,10,1,59,False
428.1363636363636,0.05050603638339753,S01,10,1,60,False
431.94545454545454,0.05642077970755533,S01,10,1,61,False
436.48636363636365,0.07413979324770618,S01,10,1,62,False
438.7681818181818,0.050009755617592994,S01,10,1,63,False
442.53636363636366,0.05315132903184253,S01,10,1,64,False
445.5,0.07534623690423695,S01,10,1,65,False
449.2,0.06362207328746497,S01,10,1,66,False
451.6363636363636,0.0732453886651857,S01,10,1,67,False
456.9318181818182,0.04297237001362509,S01,10,1,68,False
460.07272727272726,0.061468294094731556,S01,10,1,69,False
462.1909090909091,0.05773422774918946,S01,10,1,70,False
466.68636363636364,0.0533975571010882,S01,10,1,71,False
469.81363636363636,0.046903554129422695,S01,10,1,72,False
472.01363636363635,0.0670894732121339,S01,10,1,73,False
474.16818181818184,0.04667685690619958,S01,10,1,74,False
477.5181818181818,0.048495180352154735,S01,10,1,75,False
480.42727272727274,0.05629047887235334,S01,10,1,76,False
484.2318181818182,0.05504809525377141,S01,10,1,77,False
488.68636363636364,0.05711916868745272,S01,10,1,78,False
491.1045454545455,0.058546076043387775,S01,10,1,79,False
494.71363636363634,0.08032889091022183,S01,10,1,80,False
499.32272727272726,0.04650756053985359,S01,10,1,81,False
235.95909090909092,0.059321179682755465,S01,10,2,1,False
240.43636363636364,0.03825798926927205,S01,10,2,2,False
242.6818181818182,0.04116438822048939,S01,10,2,3,False
246.58636363636364,0.062039938454715275,S01,10,2,4,False
249.5090909090909,0.04401969669278119,S01,10,2,5,False
251.7,0.043424925630636234,S01,10,2,6,False
254.8090909090909,0.052928591079653746,S01,10,2,7,False
258.6,0.06370908561396871,S01,10,2,8,False
260.8909090909091,0.039685354901116396,S01,10,2,9,False
264.44545454545454,0.05940188547731361,S01,10,2,10,False
267.7227272727273,0.06330709140771243,S01,10,2,11,False
270.6272727272727,0.07594412641568332,S01,10,2,12,False
277.6181818181818,0.043799436958553206,S01,10,2,13,False
280.5772727272727,0.04929871583411128,S01,10,2,14,False
282.85,0.037798044111791315,S01,10,2,15,False
285.1227272727273,0.05505557841846101,S01,10,2,16,False
287.4136363636364,0.06899312818730391,S01,10,2,17,False
289.6636363636364,0.09471172152292986,S01,10,2,18,False
291.95454545454544,0.08993857984000284,S01,10,2,19,False
294.9590909090909,0.04095647437727583,S01,10,2,20,False
298.2590909090909,0.04581410452324447,S01,10,2,21,False
301.05454545454546,0.03882692480637562,S01,10,2,22,False
303.20454545454544,0.08987337358529876,S01,10,2,23,False
312.21363636363634,0.06118760120933593,S01,10,2,24,False
316.0409090909091,0.06482467144785853,S01,10,2,25,False
319.20454545454544,0.04179644010188045,S01,10,2,26,False
321.35,0.07325096047698712,S01,10,2,27,False
325.9590909090909,0.0738346970434328,S01,10,2,28,False
329.1727272727273,0.06842695957140844,S01,10,2,29,False
332.05454545454546,0.057302625865401,S01,10,2,30,False
334.3590909090909,0.04013888270390864,S01,10,2,31,False
336.6409090909091,0.040043092293927614,S01,10,2,32,False
339.76363636363635,0.061696617141987195,S01,10,2,33,False
342.6636363636364,0.05585676975856883,S01,10,2,34,False
345.8,0.042111618783733526,S01,10,2,35,False
349.3681818181818,0.0688097602512771,S01,10,2,36,False
352.55454545454546,0.055002936524056044,S01,10,2,37,False
357.6727272727273,0.056443850249973185,S01,10,2,38,False
360.08181818181816,0.04046580286699755,S01,10,2,39,False
364.0181818181818,0.055595690253220295,S01,10,2,40,False
367.6,0.05695724430192099,S01,10,2,41,False
369.8863636363636,0.054388673113624816,S01,10,2,42,False
372.94545454545454,0.06505245255673478,S01,10,2,43,False
375.1818181818182,0.05467496848941541,S01,10,2,44,False
377.45454545454544,0.06567754743461177,S01,10,2,45,False
381.3181818181818,0.0690397803678218,S01,10,2,46,False
385.01363636363635,0.059774765849762476,S01,10,2,47,False
388.1090909090909,0.07989901323062876,S01,10,2,48,False
391.8272727272727,0.07031312151610006,S01,10,2,49,False
394.79545454545456,0.05415724987814742,S01,10,2,50,False
398.6045454545455,0.05268467424214092,S01,10,2,51,False
402.50454545454545,0.08785204224598847,S01,10,2,52,False
404.84090909090907,0.05480867068248883,S01,10,2,53,False
407.73636363636365,0.03872663584872726,S01,10,2,54,False
410.0772727272727,0.053608647294259945,S01,10,2,55,False
413.1409090909091,0.04908752087043155,S01,10,2,56,False
418.45454545454544,0.03770205986088471,S01,10,2,57,False
420.7818181818182,0.049302329584286556,S01,10,2,58,False
423.78636363636366,0.04668146286457951,S01,10,2,59,False
428.34090909090907,0.05858563448349442,S01,10,2,60,False
432.0590909090909,0.060247910860400315,S01,10,2,61,False
435.06363636363636,0.12243909379864433,S01,10,2,62,True
438.8909090909091,0.0531622935950732,S01,10,2,63,False
441.9227272727273,0.12099337103875014,S01,10,2,64,False
444.9681818181818,0.043392910034141335,S01,10,2,65,False
447.8772727272727,0.05751761076599008,S01,10,2,66,False
450.9909090909091,0.06938924495032947,S01,10,2,67,False
454.8727272727273,0.09578488795238213,S01,10,2,68,False
457.0090909090909,0.0428078754309156,S01,10,2,69,False
460.81363636363636,0.05340662911863127,S01,10,2,70,False
463.9045454545454,0.06658771297962726,S01,10,2,71,False
467.6090909090909,0.04668250809486614,S01,10,2,72,False
471.50454545454545,0.057821705848498293,S01,10,2,73,False
475.31363636363636,0.06163493928669242,S01,10,2,74,False
478.8545454545455,0.04874228549335308,S01,10,2,75,False
483.5272727272727,0.06716601114987984,S01,10,2,76,False
486.5772727272727,0.08111979076637202,S01,10,2,77,False
490.2,0.04833620009749685,S01,10,2,78,False
492.51363636363635,0.05238722162911347,S01,10,2,79,False
497.18636363636364,0.040278484703688985,S01,10,2,80,False
245.56363636363636,0.05549411669480347,S01,10,3,1,False
251.58636363636364,0.043514110242564595,S01,10,3,2,False
262.33181818181816,0.058467900217727985,S01,10,3,3,False
279.7227272727273,0.04757750570979467,S01,10,3,4,False
284.8681818181818,0.10152843370366584,S01,10,3,5,False
294.00454545454545,0.04151585706462132,S01,10,3,6,False
300.1727272727273,0.053795608793432474,S01,10,3,7,False
309.2,0.11537856721345974,S01,10,3,8,False
320.4818181818182,0.09487531527559284,S01,10,3,9,False
328.2318181818182,0.08896975172927826,S01,10,3,10,False
335.6818181818182,0.04801787129196691,S01,10,3,11,False
340.9227272727273,0.10065647776089769,S01,10,3,12,False
344.8181818181818,0.05011747790891514,S01,10,3,13,False
347.7590909090909,0.061513147885651695,S01,10,3,14,False
350.3545454545455,0.12481589536286951,S01,10,3,15,False
352.4409090909091,0.049335806619017986,S01,10,3,16,False
356.1818181818182,0.1424711682416488,S01,10,3,17,True
360.1727272727273,0.09057470888131669,S01,10,3,18,False
362.2590909090909,0.0403823572096033,S01,10,3,19,False
364.29545454545456,0.07113463940008959,S01,10,3,20,False
367.4818181818182,0.04685667876448838,S01,10,3,21,False
371.4,0.0584353380989451,S01,10,3,22,False
374.93636363636364,0.07382368470619079,S01,10,3,23,False
378.1318181818182,0.1375360253237055,S01,10,3,24,False
387.90909090909093,0.04145662099523108,S01,10,3,25,False
391.0409090909091,0.08133797366870045,S01,10,3,26,False
394.7227272727273,0.062312988759796045,S01,10,3,27,False
397.84090909090907,0.04333116118349624,S01,10,3,28,False
401.65,0.07607384841615114,S01,10,3,29,False
405.53636363636366,0.044415806834920635,S01,10,3,30,False
408.41818181818184,0.08849695153451387,S01,10,3,31,False
412.9727272727273,0.04143051675941781,S01,10,3,32,False
417.49545454545455,0.06453378961801925,S01,10,3,33,False
422.1136363636364,0.04664460256396372,S01,10,3,34,False
425.1454545454545,0.044454737803986115,S01,10,3,35,False
427.24545454545455,0.06564605029011436,S01,10,3,36,False
431.1090909090909,0.09801890243384342,S01,10,3,37,False
434.1545454545454,0.044817571258592044,S01,10,3,38,False
436.59090909090907,0.062164344151007134,S01,10,3,39,False
439.5590909090909,0.056589805286221324,S01,10,3,40,False
441.80454545454546,0.09172645680404728,S01,10,3,41,False
445.5681818181818,0.07889061655150531,S01,10,3,42,False
449.2,0.06565057426529738,S01,10,3,43,False
451.5954545454546,0.047996425147899396,S01,10,3,44,False
453.93636363636364,0.04531081173214514,S01,10,3,45,False
456.1090909090909,0.1260043058398633,S01,10,3,46,False
459.8636363636364,0.05149180609633191,S01,10,3,47,False
462.25,0.05137984602438973,S01,10,3,48,False
466.9045454545454,0.10381357840386796,S01,10,3,49,False
471.3,0.047317217181871346,S01,10,3,50,False
475.15,0.05427521695793408,S01,10,3,51,False
477.5181818181818,0.0754553578900771,S01,10,3,52,False
480.3363636363636,0.1211046859486787,S01,10,3,53,False
482.75,0.08500300086555906,S01,10,3,54,False
485.15,0.1003440899525133,S01,10,3,55,False
490.48636363636365,0.08458816832828524,S01,10,3,56,False
492.57272727272726,0.04657686438143935,S01,10,3,57,False
496.9,0.08222201278109026,S01,10,3,58,False
226.48181818181817,0.07890437830565039,S01,25,1,1,False
231.1909090909091,0.056218992323215304,S01,25,1,2,False
236.41363636363636,0.0906813591929141,S01,25,1,3,False
240.25454545454545,0.05863056864788038,S01,25,1,4,False
244.88181818181818,0.08859046261772419,S01,25,1,5,False
250.71363636363637,0.04438993948797821,S01,25,1,6,False
253.9227272727273,0.051329764132901905,S01,25,1,7,False
257.74545454545455,0.06193851549751281,S01,25,1,8,False
259.97727272727275,0.12442342534324767,S01,25,1,9,False
262.4318181818182,0.15003945537467164,S01,25,1,10,False
265.50454545454545,0.12479079523631242,S01,25,1,11,False
267.51363636363635,0.23131118879628448,S01,25,1,12,True
272.8636363636364,0.049888924639453214,S01,25,1,13,False
284.1454545454545,0.053029343879444434,S01,25,1,14,False
312.29545454545456,0.04848801525433284,S01,25,1,15,False
315.17727272727274,0.048985779806345955,S01,25,1,16,False
323.05,0.08801045737072995,S01,25,1,17,False
326.7772727272727,0.08209172410622557,S01,25,1,18,False
330.25454545454545,0.13917199664832494,S01,25,1,19,False
332.67727272727274,0.048934683103109756,S01,25,1,20,False
334.82272727272726,0.08416587597505336,S01,25,1,21,False
340.4045454545454,0.10679797153396009,S01,25,1,22,False
344.8181818181818,0.135048785612494,S01,25,1,23,False
348.27272727272725,0.0647557755817037,S01,25,1,24,False
352.33181818181816,0.0771568311675161,S01,25,1,25,False
356.01363636363635,0.0983800441493064,S01,25,1,26,False
359.04545454545456,0.10042893612370621,S01,25,1,27,False
361.74545454545455,0.071464277454994,S01,25,1,28,False
363.9909090909091,0.0770545134118884,S01,25,1,29,False
367.8454545454546,0.10488723022245573,S01,25,1,30,False
370.01363636363635,0.09275294010584206,S01,25,1,31,False
372.81363636363636,0.11461491214105951,S01,25,1,32,False
375.8272727272727,0.1295689435748312,S01,25,1,33,False
378.8454545454546,0.11213651563884974,S01,25,1,34,False
382.7772727272727,0.06726112348985784,S01,25,1,35,False
384.9681818181818,0.08284586665971842,S01,25,1,36,False
387.3772727272727,0.12222760778503257,S01,25,1,37,False
390.2818181818182,0.12124213983510894,S01,25,1,38,False
392.7590909090909,0.08961052187316285,S01,25,1,39,False
395.6,0.07936278276800585,S01,25,1,40,False
400.96363636363634,0.10662006081959113,S01,25,1,41,False
403.7090909090909,0.07373034788330021,S01,25,1,42,False
407.76363636363635,0.05277532746423158,S01,25,1,43,False
412.98636363636365,0.0734334705252483,S01,25,1,44,False
415.30454545454546,0.09639383788417871,S01,25,1,45,False
419.0681818181818,0.12369170378963329,S01,25,1,46,False
422.28636363636366,0.07714224274253678,S01,25,1,47,False
425.0,0.10750558302625214,S01,25,1,48,False
427.6181818181818,0.0671579103747091,S01,25,1,49,False
429.6272727272727,0.0480663252180452,S01,25,1,50,False
432.1227272727273,0.07783595805089669,S01,25,1,51,False
437.82272727272726,0.05590939176138782,S01,25,1,52,False
440.4227272727273,0.1066972459404442,S01,25,1,53,False
443.3636363636364,0.10942719629761467,S01,25,1,54,False
446.1454545454545,0.08662353489120389,S01,25,1,55,False
449.48636363636365,0.09686773840734686,S01,25,1,56,False
452.2227272727273,0.060794415030089574,S01,25,1,57,False
454.66818181818184,0.12254617334516546,S01,25,1,58,False
456.98636363636365,0.06094901520457992,S01,25,1,59,False
460.8090909090909,0.1007527682407518,S01,25,1,60,False
463.00454545454545,0.1203595342570576,S01,25,1,61,False
465.3181818181818,0.09834202180420515,S01,25,1,62,False
467.45,0.059342993749246134,S01,25,1,63,False
470.92727272727274,0.04545295645544592,S01,25,1,64,False
473.9818181818182,0.05026291538536349,S01,25,1,65,False
476.65909090909093,0.09036364363592847,S01,25,1,66,False
480.56363636363636,0.059247431967173574,S01,25,1,67,False
483.20454545454544,0.07202702984423098,S01,25,1,68,False
486.2590909090909,0.07217235215000431,S01,25,1,69,False
489.0181818181818,0.1352434143573391,S01,25,1,70,False
492.2409090909091,0.07959987958446807,S01,25,1,71,False
495.5863636363636,0.13500094549724695,S01,25,1,72,False
498.92727272727274,0.07998141046404753,S01,25,1,73,False
241.36818181818182,0.07877441767735298,S01,25,2,1,False
243.63636363636363,0.04597723120354279,S01,25,2,2,False
248.1727272727273,0.13368646754417274,S01,25,2,3,False
250.4409090909091,0.06480321170004091,S01,25,2,4,False
252.70454545454547,0.10805358639004745,S01,25,2,5,False
255.13181818181818,0.11918304824723056,S01,25,2,6,False
258.7818181818182,0.11290269810850694,S01,25,2,7,False
261.7772727272727,0.08816755239068273,S01,25,2,8,False
273.2772727272727,0.05299343274847411,S01,25,2,9,False
275.43636363636364,0.05660315192488123,S01,25,2,10,False
277.6454545454545,0.04481902795808497,S01,25,2,11,False
289.03636363636366,0.04437502168899796,S01,25,2,12,False
292.8090909090909,0.08156758338111156,S01,25,2,13,False
299.6318181818182,0.04615284839877079,S01,25,2,14,False
303.47727272727275,0.08029850741557838,S01,25,2,15,False
307.1545454545454,0.06937656275906628,S01,25,2,16,False
310.15909090909093,0.058200113933264574,S01,25,2,17,False
312.54545454545456,0.05467543907538236,S01,25,2,18,False
320.9227272727273,0.06025553144092668,S01,25,2,19,False
330.06363636363636,0.14075032146293515,S01,25,2,20,False
333.7,0.05574269375359306,S01,25,2,21,False
336.84090909090907,0.06927213239004769,S01,25,2,22,False
339.09090909090907,0.05915314409863076,S01,25,2,23,False
342.67727272727274,0.10047259316053322,S01,25,2,24,False
350.35,0.09857952466491782,S01,25,2,25,False
352.3772727272727,0.08072925358255129,S01,25,2,26,False
356.57272727272726,0.12321488967317086,S01,25,2,27,False
358.8363636363636,0.04978338160805469,S01,25,2,28,False
361.1454545454545,0.13976639693324866,S01,25,2,29,False
365.4045454545454,0.1177764668099168,S01,25,2,30,False
369.1909090909091,0.10173830408490266,S01,25,2,31,False
371.8454545454546,0.09021688818677201,S01,25,2,32,False
373.8954545454545,0.049345587515210086,S01,25,2,33,False
376.01363636363635,0.15508588526694353,S01,25,2,34,False
379.21363636363634,0.14258099121329537,S01,25,2,35,False
382.27272727272725,0.11970576060622347,S01,25,2,36,False
385.2090909090909,0.11413898042429681,S01,25,2,37,False
387.65,0.10045269389272476,S01,25,2,38,False
389.85,0.04375693787956569,S01,25,2,39,False
392.19545454545454,0.10272840759546331,S01,25,2,40,False
396.59090909090907,0.1219656279947601,S01,25,2,41,False
399.5590909090909,0.10675143081455851,S01,25,2,42,False
402.83181818181816,0.13793682553711942,S01,25,2,43,False
406.6409090909091,0.11440049215656403,S01,25,2,44,False
409.5590909090909,0.13112571239073828,S01,25,2,45,False
413.40909090909093,0.11938018239435269,S01,25,2,46,False
417.18636363636364,0.10516957221802845,S01,25,2,47,False
419.41818181818184,0.0537124221760945,S01,25,2,48,False
421.73636363636365,0.1201099694527972,S01,25,2,49,False
424.7318181818182,0.1278562006770626,S01,25,2,50,False
428.5863636363636,0.11982143726467168,S01,25,2,51,False
431.29545454545456,0.07326799687027023,S01,25,2,52,False
433.5318181818182,0.08709402179666331,S01,25,2,53,False
436.1818181818182,0.11991676347171573,S01,25,2,54,False
439.93636363636364,0.1356716381379631,S01,25,2,55,False
443.1227272727273,0.09402858489361987,S01,25,2,56,False
445.8545454545455,0.1293379000795467,S01,25,2,57,False
448.8545454545455,0.11662804208572554,S01,25,2,58,False
451.25,0.1414631474376512,S01,25,2,59,False
453.45,0.052489027263177765,S01,25,2,60,False
455.8454545454546,0.14866810309867035,S01,25,2,61,False
458.7818181818182,0.22800484347654376,S01,25,2,62,True
461.3181818181818,0.09865254595660862,S01,25,2,63,False
464.0590909090909,0.14591010286555725,S01,25,2,64,False
468.0318181818182,0.10992346679295786,S01,25,2,65,False
471.45,0.09861994259153219,S01,25,2,66,False
473.75,0.10409730059112005,S01,25,2,67,False
477.9,0.10947359563581882,S01,25,2,68,False
480.79545454545456,0.1060055052780249,S01,25,2,69,False
485.29545454545456,0.14306695774381306,S01,25,2,70,False
488.29545454545456,0.14094464239704838,S01,25,2,71,False
491.0863636363636,0.09351806829798681,S01,25,2,72,False
494.07272727272726,0.07142366885186464,S01,25,2,73,False
498.19545454545454,0.10091827778243233,S01,25,2,74,False
238.85,0.05055044525001078,S01,25,3,1,False
242.3909090909091,0.07339622152685597,S01,25,3,2,False
246.67727272727274,0.0935719663340467,S01,25,3,3,False
248.6909090909091,0.15443281285946994,S01,25,3,4,False
250.88181818181818,0.1301799947961345,S01,25,3,5,False
253.93636363636364,0.16855929651283685,S01,25,3,6,True
256.19545454545454,0.09467302295226954,S01,25,3,7,False
258.40909090909093,0.10546570164638662,S01,25,3,8,False
262.8818181818182,0.046786431597525525,S01,25,3,9,False
267.55454545454546,0.05560366556500491,S01,25,3,10,False
272.1090909090909,0.06406237952578608,S01,25,3,11,False
282.68636363636364,0.07068961469166662,S01,25,3,12,False
284.9590909090909,0.04687490800597927,S01,25,3,13,False
288.0409090909091,0.05373792910303217,S01,25,3,14,False
295.6181818181818,0.05801645487001268,S01,25,3,15,False
303.8727272727273,0.058510420470669865,S01,25,3,16,False
306.1545454545454,0.05500658452988702,S01,25,3,17,False
310.1363636363636,0.05621603479514552,S01,25,3,18,False
313.7318181818182,0.05156638936106255,S01,25,3,19,False
316.85,0.0677486749828751,S01,25,3,20,False
319.7909090909091,0.051635192595083264,S01,25,3,21,False
322.1227272727273,0.05246289857325027,S01,25,3,22,False
324.43636363636364,0.14985171192701247,S01,25,3,23,False
328.0863636363636,0.0597345818975975,S01,25,3,24,False
330.29545454545456,0.14389271706471013,S01,25,3,25,False
334.15909090909093,0.047856477934305454,S01,25,3,26,False
336.2590909090909,0.07844394134596583,S01,25,3,27,False
341.8272727272727,0.04815971231516684,S01,25,3,28,False
344.02272727272725,0.13981214875267306,S01,25,3,29,False
348.9318181818182,0.07049277945871132,S01,25,3,30,False
353.18636363636364,0.12595947242007788,S01,25,3,31,False
356.25,0.09082075609599177,S01,25,3,32,False
360.08181818181816,0.06850012175869843,S01,25,3,33,False
364.78636363636366,0.08492507347010717,S01,25,3,34,False
367.6136363636364,0.14015107278203576,S01,25,3,35,False
369.7681818181818,0.07103682141102358,S01,25,3,36,False
375.8863636363636,0.0773813569791827,S01,25,3,37,False
379.7,0.08088900947249952,S01,25,3,38,False
382.6272727272727,0.09148035870878385,S01,25,3,39,False
385.83181818181816,0.0707641512448709,S01,25,3,40,False
390.49545454545455,0.09053776871585209,S01,25,3,41,False
393.73636363636365,0.07285604756405382,S01,25,3,42,False
396.6045454545455,0.10065554843213935,S01,25,3,43,False
399.18636363636364,0.10259026746295219,S01,25,3,44,False
401.92727272727274,0.07885799397188271,S01,25,3,45,False
404.5954545454546,0.1491797921703739,S01,25,3,46,False
407.25,0.08923545533174515,S01,25,3,47,False
410.70454545454544,0.13146368951729967,S01,25,3,48,False
414.3590909090909,0.09387702380523433,S01,25,3,49,False
417.27272727272725,0.07113340502331955,S01,25,3,50,False
420.15909090909093,0.07940941759078879,S01,25,3,51,False
422.6454545454545,0.080126024659257,S01,25,3,52,False
425.04545454545456,0.06807255156151418,S01,25,3,53,False
428.93636363636364,0.07093648062558223,S01,25,3,54,False
433.82272727272726,0.07260506432076222,S01,25,3,55,False
436.65909090909093,0.11124440309316475,S01,25,3,56,False
439.4227272727273,0.08549873204725028,S01,25,3,57,False
442.72727272727275,0.0917398803293317,S01,25,3,58,False
445.57272727272726,0.0574846084531317,S01,25,3,59,False
449.47727272727275,0.1114536222959722,S01,25,3,60,False
452.3681818181818,0.12985573458934416,S01,25,3,61,False
455.2909090909091,0.0980959329046999,S01,25,3,62,False
458.41818181818184,0.12635453581719197,S01,25,3,63,False
460.8818181818182,0.11950968910912499,S01,25,3,64,False
463.32272727272726,0.0672804851280914,S01,25,3,65,False
466.1818181818182,0.12339112695914163,S01,25,3,66,False
468.3863636363636,0.06879068685938092,S01,25,3,67,False
470.67727272727274,0.11690810102514616,S01,25,3,68,False
472.7818181818182,0.07922736849516443,S01,25,3,69,False
476.15909090909093,0.13619810777859787,S01,25,3,70,False
479.08181818181816,0.0954356740279187,S01,25,3,71,False
481.3272727272727,0.06276688752453446,S01,25,3,72,False
483.3772727272727,0.07275013131855938,S01,25,3,73,False
486.3090909090909,0.11217842148832724,S01,25,3,74,False
489.3681818181818,0.06920979034120099,S01,25,3,75,False
491.75454545454545,0.16619228746133086,S01,25,3,76,False
494.79545454545456,0.13811191608487655,S01,25,3,77,False
497.6363636363636,0.08187708761183767,S01,25,3,78,False
238.46363636363637,0.07313227232726699,S01,50,1,1,False
240.73636363636365,0.05720518322408687,S01,50,1,2,False
246.02272727272728,0.07229543268057595,S01,50,1,3,False
249.08636363636364,0.06594300572507315,S01,50,1,4,False
252.04090909090908,0.1036466348730743,S01,50,1,5,False
254.4318181818182,0.06914154278118646,S01,50,1,6,False
257.1409090909091,0.08973670279086376,S01,50,1,7,False
259.6318181818182,0.11662068606467076,S01,50,1,8,False
262.6136363636364,0.10073436855148789,S01,50,1,9,False
264.9818181818182,0.08191457890441689,S01,50,1,10,False
267.7681818181818,0.12810120284861798,S01,50,1,11,False
270.27272727272725,0.08806314595339144,S01,50,1,12,False
274.3272727272727,0.146673232046655,S01,50,1,13,False
278.8636363636364,0.09869791619647345,S01,50,1,14,False
282.3954545454545,0.22006981922634689,S01,50,1,15,False
284.58181818181816,0.08774703264999983,S01,50,1,16,False
287.65909090909093,0.11960396995137715,S01,50,1,17,False
292.58181818181816,0.0728808706267626,S01,50,1,18,False
299.97727272727275,0.1336542619091741,S01,50,1,19,False
302.8636363636364,0.11389826145932491,S01,50,1,20,False
306.2818181818182,0.06290942983468162,S01,50,1,21,False
313.7409090909091,0.05911231463161441,S01,50,1,22,False
319.6045454545455,0.09362562989531673,S01,50,1,23,False
322.6272727272727,0.06509056838359363,S01,50,1,24,False
333.80454545454546,0.06649610468713907,S01,50,1,25,False
336.8772727272727,0.08188779603930305,S01,50,1,26,False
339.09090909090907,0.09927034643937932,S01,50,1,27,False
341.2772727272727,0.06731710268774188,S01,50,1,28,False
343.55454545454546,0.12038322156058795,S01,50,1,29,False
345.8818181818182,0.10491804344954644,S01,50,1,30,False
349.15909090909093,0.0793481382239657,S01,50,1,31,False
352.1227272727273,0.09239229313446874,S01,50,1,32,False
355.0272727272727,0.08673586815182782,S01,50,1,33,False
363.51363636363635,0.13078037217287578,S01,50,1,34,False
367.93636363636364,0.12214527441326833,S01,50,1,35,False
370.30454545454546,0.1166126895914763,S01,50,1,36,False
372.58181818181816,0.0646774102532812,S01,50,1,37,False
374.7590909090909,0.05712711945968309,S01,50,1,38,False
377.4727272727273,0.10081945689205604,S01,50,1,39,False
379.96363636363634,0.12695500402873325,S01,50,1,40,False
382.48636363636365,0.11901831046646083,S01,50,1,41,False
384.95,0.11375833416927883,S01,50,1,42,False
387.1136363636364,0.10940996500658645,S01,50,1,43,False
390.7318181818182,0.0843864689971766,S01,50,1,44,False
394.8681818181818,0.06974264533710287,S01,50,1,45,False
398.4045454545454,0.05966544880992497,S01,50,1,46,False
401.3181818181818,0.09474481894414843,S01,50,1,47,False
404.0863636363636,0.0884944470311042,S01,50,1,48,False
406.4590909090909,0.10435114857072877,S01,50,1,49,False
409.05,0.09703594507044415,S01,50,1,50,False
413.4045454545454,0.08063009309131317,S01,50,1,51,False
415.8,0.127261027369506,S01,50,1,52,False
417.8,0.06171365598985141,S01,50,1,53,False
420.0681818181818,0.10071609794740002,S01,50,1,54,False
422.46363636363634,0.08691204126859034,S01,50,1,55,False
426.2772727272727,0.1246002421995797,S01,50,1,56,False
428.6181818181818,0.09251820855986581,S01,50,1,57,False
430.83181818181816,0.1189364808501208,S01,50,1,58,False
433.04545454545456,0.058810806970728366,S01,50,1,59,False
437.2318181818182,0.12509319851715106,S01,50,1,60,False
439.42727272727274,0.10057520046419957,S01,50,1,61,False
441.5863636363636,0.1291669596311738,S01,50,1,62,False
443.5954545454546,0.08918430571802108,S01,50,1,63,False
447.6454545454545,0.11054531933583855,S01,50,1,64,False
449.8772727272727,0.1480548065373275,S01,50,1,65,False
453.8272727272727,0.14867773654279698,S01,50,1,66,False
456.4590909090909,0.17410507350382853,S01,50,1,67,False
460.49545454545455,0.17710562194510804,S01,50,1,68,False
462.7909090909091,0.12824665140019684,S01,50,1,69,False
467.29545454545456,0.11078838597658565,S01,50,1,70,False
469.5090909090909,0.08784911656955345,S01,50,1,71,False
472.7,0.13697440058287863,S01,50,1,72,False
474.8363636363636,0.13889678538606304,S01,50,1,73,False
477.0090909090909,0.09179546054817475,S01,50,1,74,False
479.6454545454545,0.07556114513809878,S01,50,1,75,False
482.1090909090909,0.12750942697394368,S01,50,1,76,False
486.3454545454546,0.13475252175872152,S01,50,1,77,False
489.5681818181818,0.2275027607338741,S01,50,1,78,True
492.0090909090909,0.09617390726465955,S01,50,1,79,False
494.55,0.125867759354134,S01,50,1,80,False
497.53636363636366,0.14564800368851094,S01,50,1,81,False
236.01363636363635,0.05406642828511436,S01,50,2,1,False
246.0090909090909,0.08686076209398226,S01,50,2,2,False
248.98636363636365,0.08015601005389392,S01,50,2,3,False
251.98636363636365,0.08241592024609512,S01,50,2,4,False
258.83181818181816,0.1122644409496685,S01,50,2,5,False
277.8272727272727,0.055347391118481144,S01,50,2,6,False
280.01363636363635,0.07155989689702134,S01,50,2,7,False
283.20454545454544,0.1437983422215856,S01,50,2,8,False
289.9727272727273,0.06783676191600505,S01,50,2,9,False
293.5272727272727,0.10976447827426815,S01,50,2,10,False
297.4,0.16411290790275102,S01,50,2,11,False
301.3909090909091,0.11978571586168157,S01,50,2,12,False
305.99545454545455,0.11387295346649759,S01,50,2,13,False
314.8818181818182,0.07827822120688441,S01,50,2,14,False
318.40909090909093,0.06832768338846365,S01,50,2,15,False
321.7227272727273,0.1001329084696803,S01,50,2,16,False
324.5090909090909,0.07778970770522213,S01,50,2,17,False
326.92727272727274,0.14732983122519328,S01,50,2,18,False
330.1227272727273,0.11690532442460515,S01,50,2,19,False
333.7181818181818,0.059265155366556875,S01,50,2,20,False
336.0772727272727,0.11529439589098094,S01,50,2,21,False
342.84090909090907,0.05572608991373955,S01,50,2,22,False
345.31363636363636,0.12193226798687705,S01,50,2,23,False
347.7681818181818,0.061254506097405355,S01,50,2,24,False
350.15,0.07999036700828507,S01,50,2,25,False
352.91818181818184,0.10988088227836901,S01,50,2,26,False
355.6272727272727,0.1224201062128162,S01,50,2,27,False
358.0863636363636,0.14300018592259395,S01,50,2,28,False
360.7090909090909,0.06741406892403082,S01,50,2,29,False
362.7227272727273,0.11156589986023115,S01,50,2,30,False
364.92727272727274,0.11632368609214931,S01,50,2,31,False
367.8681818181818,0.10744727806510572,S01,50,2,32,False
370.3,0.08141943597148067,S01,50,2,33,False
373.3818181818182,0.10402470901727917,S01,50,2,34,False
375.9318181818182,0.05753614171704742,S01,50,2,35,False
378.1636363636364,0.07080578382262083,S01,50,2,36,False
380.8181818181818,0.11478327843475972,S01,50,2,37,False
383.1454545454545,0.05924900963685456,S01,50,2,38,False
385.40909090909093,0.09769831479514697,S01,50,2,39,False
387.85,0.11398470790324426,S01,50,2,40,False
390.8090909090909,0.09619058499470887,S01,50,2,41,False
394.5,0.07481670304445837,S01,50,2,42,False
396.75,0.07180687988841342,S01,50,2,43,False
398.9681818181818,0.10590084319363252,S01,50,2,44,False
401.27272727272725,0.08526160987817627,S01,50,2,45,False
404.8954545454545,0.08871824250494256,S01,50,2,46,False
407.3727272727273,0.15780973104560456,S01,50,2,47,False
414.3,0.10715676951413122,S01,50,2,48,False
416.40909090909093,0.14513905794729032,S01,50,2,49,False
419.4681818181818,0.13431242207834587,S01,50,2,50,False
423.5409090909091,0.10044141532411272,S01,50,2,51,False
426.15,0.13182215372905995,S01,50,2,52,False
429.46363636363634,0.06946202336602184,S01,50,2,53,False
432.29545454545456,0.1679609348796595,S01,50,2,54,True
435.9727272727273,0.15183425185945754,S01,50,2,55,False
438.46363636363634,0.10591533875693017,S01,50,2,56,False
441.28636363636366,0.16048563548540462,S01,50,2,57,False
445.2318181818182,0.1140982169434817,S01,50,2,58,False
450.4045454545454,0.10100681009000546,S01,50,2,59,False
453.66818181818184,0.11324663559003534,S01,50,2,60,False
458.25454545454545,0.14185773920843048,S01,50,2,61,False
460.9818181818182,0.08141136080316153,S01,50,2,62,False
463.47727272727275,0.10640694083310732,S01,50,2,63,False
468.65909090909093,0.11211907888401319,S01,50,2,64,False
470.8454545454546,0.08411272294272143,S01,50,2,65,False
473.0590909090909,0.0850096555403196,S01,50,2,66,False
475.6318181818182,0.1141264245461913,S01,50,2,67,False
477.9409090909091,0.11799908234637203,S01,50,2,68,False
481.4227272727273,0.10070342821887157,S01,50,2,69,False
485.5181818181818,0.09995536860607324,S01,50,2,70,False
489.22727272727275,0.10454635630821722,S01,50,2,71,False
494.53636363636366,0.09453016292970928,S01,50,2,72,False
496.78636363636366,0.09515380261164909,S01,50,2,73,False
499.79545454545456,0.07461503303782338,S01,50,2,74,False
236.29545454545453,0.06614582996425178,S01,50,3,1,False
238.5681818181818,0.09743452324058981,S01,50,3,2,False
240.8318181818182,0.058619586178571624,S01,50,3,3,False
247.75,0.05680452257519202,S01,50,3,4,False
249.77727272727273,0.057211046762735404,S01,50,3,5,False
254.35454545454544,0.060766024543057094,S01,50,3,6,False
267.3636363636364,0.058436120539008984,S01,50,3,7,False
289.23636363636365,0.0567363846920028,S01,50,3,8,False
291.55454545454546,0.13015869303447913,S01,50,3,9,False
297.1909090909091,0.07356876503218032,S01,50,3,10,False
303.70454545454544,0.1440367752506783,S01,50,3,11,False
311.2227272727273,0.17482177221952977,S01,50,3,12,False
315.1090909090909,0.16195102255079813,S01,50,3,13,False
318.02272727272725,0.1585714310889279,S01,50,3,14,False
321.4909090909091,0.08028393899337828,S01,50,3,15,False
324.0272727272727,0.05178587446951691,S01,50,3,16,False
326.1363636363636,0.08989470387552928,S01,50,3,17,False
329.6454545454545,0.095392527033959,S01,50,3,18,False
333.1545454545454,0.12708995310818053,S01,50,3,19,False
336.0954545454546,0.11138573664394241,S01,50,3,20,False
339.4681818181818,0.10765405604184444,S01,50,3,21,False
342.4727272727273,0.07971236902345447,S01,50,3,22,False
345.0590909090909,0.07200841905114042,S01,50,3,23,False
348.1181818181818,0.12412670718254312,S01,50,3,24,False
350.7818181818182,0.131544730636132,S01,50,3,25,False
354.45454545454544,0.07606327399659,S01,50,3,26,False
356.70454545454544,0.15943450198787187,S01,50,3,27,False
359.5590909090909,0.14028771545485777,S01,50,3,28,False
362.3772727272727,0.08332453151445439,S01,50,3,29,False
364.9818181818182,0.1352687378763395,S01,50,3,30,False
369.74545454545455,0.08464130426447779,S01,50,3,31,False
372.6318181818182,0.13424477287411163,S01,50,3,32,False
375.1136363636364,0.12549123185480585,S01,50,3,33,False
377.7090909090909,0.10267997233434371,S01,50,3,34,False
380.28636363636366,0.11913850787790463,S01,50,3,35,False
382.6181818181818,0.0932978859292885,S01,50,3,36,False
385.22727272727275,0.06688016606210738,S01,50,3,37,False
387.85,0.12505169447229955,S01,50,3,38,False
390.6363636363636,0.08226167722696354,S01,50,3,39,False
393.41818181818184,0.05797245060691771,S01,50,3,40,False
397.6636363636364,0.10682691646343913,S01,50,3,41,False
400.45454545454544,0.09534041926921691,S01,50,3,42,False
403.1545454545454,0.07308775384780801,S01,50,3,43,False
405.29545454545456,0.10973127190269318,S01,50,3,44,False
407.4045454545454,0.12041984150073157,S01,50,3,45,False
409.98636363636365,0.06725381213563535,S01,50,3,46,False
412.0272727272727,0.1377727334852457,S01,50,3,47,False
414.18636363636364,0.15516299034800168,S01,50,3,48,False
416.51363636363635,0.1356064280618472,S01,50,3,49,False
418.8090909090909,0.18513135946785206,S01,50,3,50,True
420.95454545454544,0.08677545537116406,S01,50,3,51,False
423.3681818181818,0.12767199419251776,S01,50,3,52,False
427.1636363636364,0.11878423731632377,S01,50,3,53,False
429.4909090909091,0.05887627097996894,S01,50,3,54,False
431.83181818181816,0.14866871065635812,S01,50,3,55,False
434.77272727272725,0.13925116465342394,S01,50,3,56,False
436.9136363636364,0.133724384323964,S01,50,3,57,False
439.3727272727273,0.13746646716059388,S01,50,3,58,False
442.3454545454546,0.08266050643512202,S01,50,3,59,False
445.46363636363634,0.16230153960541713,S01,50,3,60,False
448.2681818181818,0.10387213837935856,S01,50,3,61,False
450.6545454545454,0.15012285392490046,S01,50,3,62,False
454.1409090909091,0.14397704925918908,S01,50,3,63,False
457.3636363636364,0.11559461496434688,S01,50,3,64,False
461.18636363636364,0.09515392636622665,S01,50,3,65,False
464.9,0.09946995610785206,S01,50,3,66,False
467.2818181818182,0.133366194299752,S01,50,3,67,False
470.3863636363636,0.09722397782385264,S01,50,3,68,False
474.1227272727273,0.07534824696445526,S01,50,3,69,False
476.23636363636365,0.1012034031337723,S01,50,3,70,False
479.7318181818182,0.05713740097332018,S01,50,3,71,False
482.4727272727273,0.11162289525097485,S01,50,3,72,False
484.6636363636364,0.11569302321394495,S01,50,3,73,False
486.8590909090909,0.12164882410589116,S01,50,3,74,False
489.25,0.06739093533932229,S01,50,3,75,False
491.43636363636364,0.16895487366588113,S01,50,3,76,False
493.8363636363636,0.1302772851575258,S01,50,3,77,False
496.16818181818184,0.1196148649075495,S01,50,3,78,False
498.9681818181818,0.09356419587990085,S01,50,3,79,False
1.3409090909090908,0.10031088499934675,S02,10,1,1,False
3.618181818181818,0.10097999805189693,S02,10,1,2,False
5.886363636363637,0.10152714654199936,S02,10,1,3,False
9.681818181818182,0.0972198330648495,S02,10,1,4,False
13.463636363636363,0.09816741203866086,S02,10,1,5,False
15.74090909090909,0.09908727550150019,S02,10,1,6,False
19.522727272727273,0.09807761891799797,S02,10,1,7,False
21.8,0.09749684641041306,S02,10,1,8,False
25.577272727272728,0.10013793284650306,S02,10,1,9,False
27.845454545454544,0.09648640134713994,S02,10,1,10,False
30.895454545454545,0.09763652378645984,S02,10,1,11,False
33.15909090909091,0.09746792636555118,S02,10,1,12,False
36.95,0.10061320476923612,S02,10,1,13,False
39.97727272727273,0.10037565209422072,S02,10,1,14,False
44.50909090909091,0.09807229904943031,S02,10,1,15,False
46.78181818181818,0.09695971883024027,S02,10,1,16,False
49.05909090909091,0.10213078685217396,S02,10,1,17,False
52.85,0.09943243691427084,S02,10,1,18,False
56.622727272727275,0.09610974652345947,S02,10,1,19,False
58.90909090909091,0.09280968672626642,S02,10,1,20,False
61.18636363636364,0.0967338088895205,S02,10,1,21,False
63.45,0.09811275812397302,S02,10,1,22,False
68.00454545454545,0.09928711688797963,S02,10,1,23,False
70.27272727272727,0.09737054073831886,S02,10,1,24,False
74.07272727272728,0.1006371769904958,S02,10,1,25,False
77.09545454545454,0.09778295886820676,S02,10,1,26,False
80.12727272727273,0.09456069438647251,S02,10,1,27,False
82.39090909090909,0.09867631182083658,S02,10,1,28,False
85.42272727272727,0.09636190564378051,S02,10,1,29,False
88.46818181818182,0.09364725198087108,S02,10,1,30,False
90.7090909090909,0.09768212357238133,S02,10,1,31,False
95.26363636363637,0.09691868730779803,S02,10,1,32,False
97.53181818181818,0.09926980694062154,S02,10,1,33,False
101.33181818181818,0.10079120115599258,S02,10,1,34,False
103.59545454545454,0.09985436360177972,S02,10,1,35,False
105.88181818181818,0.10000343937702363,S02,10,1,36,False
108.14545454545454,0.09527742482601362,S02,10,1,37,False
110.42272727272727,0.09953917392107213,S02,10,1,38,False
114.21363636363637,0.0994893156092406,S02,10,1,39,False
118.74545454545455,0.09838819320705537,S02,10,1,40,False
121.77727272727273,0.09831623580576952,S02,10,1,41,False
125.57727272727273,0.09668056275181089,S02,10,1,42,False
128.62272727272727,0.09910950432686833,S02,10,1,43,False
132.3909090909091,0.09696763534051898,S02,10,1,44,False
134.6681818181818,0.10030127871975512,S02,10,1,45,False
136.92727272727274,0.09643913884463198,S02,10,1,46,False
140.71818181818182,0.09914849425003465,S02,10,1,47,False
143.75,0.10008855661118668,S02,10,1,48,False
146.01818181818183,0.09686414050421027,S02,10,1,49,False
149.05,0.1002506060419678,S02,10,1,50,False
152.08636363636364,0.09524888244112954,S02,10,1,51,False
154.35454545454544,0.1024153111855623,S02,10,1,52,False
158.13636363636363,0.10194801947546159,S02,10,1,53,False
160.41363636363636,0.09729752458515839,S02,10,1,54,False
163.4318181818182,0.09574693008977965,S02,10,1,55,False
165.72272727272727,0.10071430507331233,S02,10,1,56,False
168.77272727272728,0.0964256139892859,S02,10,1,57,False
171.01818181818183,0.09635262838701446,S02,10,1,58,False
173.29090909090908,0.10027800286607903,S02,10,1,59,False
177.0772727272727,0.10479560389319091,S02,10,1,60,False
179.3590909090909,0.09886976262727173,S02,10,1,61,False
182.38636363636363,0.10040732258313921,S02,10,1,62,False
185.4181818181818,0.0997554005646454,S02,10,1,63,False
188.4409090909091,0.0973864558372414,S02,10,1,64,False
191.47272727272727,0.09870273655564783,S02,10,1,65,False
194.49545454545455,0.09951303560552949,S02,10,1,66,False
196.76818181818183,0.09387754865202452,S02,10,1,67,False
199.04545454545453,0.0996127833689491,S02,10,1,68,False
201.32272727272726,0.09586895675969172,S02,10,1,69,False
203.5909090909091,0.09691516126457857,S02,10,1,70,False
207.38181818181818,0.10069688148208034,S02,10,1,71,False
211.1590909090909,0.09812251229491023,S02,10,1,72,False
213.45,0.09789084419964177,S02,10,1,73,False
216.47272727272727,0.09488024544949804,S02,10,1,74,False
218.7409090909091,0.09564737649890913,S02,10,1,75,False
221.01363636363635,0.10198489093731412,S02,10,1,76,False
223.28181818181818,0.09923379731968202,S02,10,1,77,False
226.3181818181818,0.10037585404377675,S02,10,1,78,False
228.6090909090909,0.09994448413692449,S02,10,1,79,False
230.85454545454544,0.09473353618037923,S02,10,1,80,False
233.13636363636363,0.09792287979958923,S02,10,1,81,False
235.4090909090909,0.09909123533041174,S02,10,1,82,False
237.68636363636364,0.09946602655468524,S02,10,1,83,False
240.72272727272727,0.09396123363519227,S02,10,1,84,False
242.97272727272727,0.09850804514118813,S02,10,1,85,False
246.03181818181818,0.09968189479083482,S02,10,1,86,False
249.79090909090908,0.09592726728933954,S02,10,1,87,False
252.8272727272727,0.09695898512074197,S02,10,1,88,False
255.16363636363636,0.09492464684332964,S02,10,1,89,False
258.1318181818182,0.10044614175441115,S02,10,1,90,False
262.66818181818184,0.09767693411712759,S02,10,1,91,False
265.7181818181818,0.09999243748209173,S02,10,1,92,False
269.4909090909091,0.10302630525814718,S02,10,1,93,False
272.51363636363635,0.10269244871283087,S02,10,1,94,False
276.3090909090909,0.09839333133602941,S02,10,1,95,False
279.33181818181816,0.09601442394473055,S02,10,1,96,False
282.3772727272727,0.10026995335865817,S02,10,1,97,False
284.6409090909091,0.10114527322804218,S02,10,1,98,False
287.66818181818184,0.095319418491892,S02,10,1,99,False
289.95,0.10251665244853243,S02,10,1,100,False
292.2227272727273,0.10117003720670546,S02,10,1,101,False
295.24545454545455,0.09542668761718155,S02,10,1,102,False
297.5272727272727,0.09943273842588575,S02,10,1,103,False
299.7909090909091,0.10048248384506435,S02,10,1,104,False
302.05454545454546,0.0979960528908203,S02,10,1,105,False
305.0954545454546,0.10637048309609914,S02,10,1,106,False
308.1409090909091,0.09886576688964721,S02,10,1,107,False
311.91818181818184,0.10091457643270568,S02,10,1,108,False
315.7090909090909,0.10371286670923306,S02,10,1,109,False
319.4818181818182,0.10110345994209538,S02,10,1,110,False
323.2818181818182,0.09968489411016368,S02,10,1,111,False
327.0681818181818,0.09750522835535408,S02,10,1,112,False
330.1136363636364,0.09927583114977283,S02,10,1,113,False
332.3636363636364,0.10352080055389272,S02,10,1,114,False
335.3954545454545,0.09776532476875842,S02,10,1,115,False
337.6727272727273,0.09956547310593483,S02,10,1,116,False
339.9409090909091,0.0990676430947711,S02,10,1,117,False
343.73636363636365,0.0992124929537284,S02,10,1,118,False
348.2590909090909,0.10067517124317898,S02,10,1,119,False
350.55,0.09475594178359559,S02,10,1,120,False
352.8272727272727,0.09394157704378853,S02,10,1,121,False
355.5409090909091,0.22187764857622158,S02,10,1,122,False
358.1227272727273,0.1005390274453968,S02,10,1,123,False
361.9045454545454,0.1010540217275421,S02,10,1,124,False
364.8818181818182,0.40947411693506874,S02,10,1,125,False
368.75,0.1054501427762808,S02,10,1,126,False
370.9909090909091,0.09604255971227767,S02,10,1,127,False
373.24545454545455,0.40136025855767976,S02,10,1,128,False
377.05,0.09873974166210854,S02,10,1,129,False
379.1090909090909,0.3026429988571672,S02,10,1,130,False
381.6090909090909,0.10525589198338363,S02,10,1,131,False
383.98636363636365,0.3698651082020783,S02,10,1,132,False
386.1363636363636,0.10021233051109803,S02,10,1,133,False
388.5,0.4425937452293233,S02,10,1,134,False
391.49545454545455,0.12883799980570726,S02,10,1,135,False
393.80454545454546,0.4235461608329688,S02,10,1,136,False
396.01363636363635,0.11189231291818309,S02,10,1,137,False
398.41818181818184,0.36284891933887087,S02,10,1,138,False
403.1363636363636,0.23701230415756022,S02,10,1,139,False
408.1545454545454,0.4008974480375113,S02,10,1,140,False
411.1318181818182,0.09509062657843446,S02,10,1,141,False
413.35,0.4089045595063836,S02,10,1,142,False
417.5409090909091,0.2221657333861801,S02,10,1,143,False
421.81363636363636,0.39806958522944696,S02,10,1,144,False
426.24545454545455,0.39398778708243415,S02,10,1,145,False
430.2090909090909,0.3745826774634472,S02,10,1,146,False
434.1409090909091,0.36627776828782305,S02,10,1,147,False
438.98636363636365,0.340018974543436,S02,10,1,148,False
443.8090909090909,0.3766946577145826,S02,10,1,149,False
445.98636363636365,0.09547586269135683,S02,10,1,150,False
448.2181818181818,0.4434812198284992,S02,10,1,151,False
450.52272727272725,0.09297835206954982,S02,10,1,152,False
452.90909090909093,0.4410127314237851,S02,10,1,153,False
455.1409090909091,0.10250187179815778,S02,10,1,154,False
458.0409090909091,0.4332741637757497,S02,10,1,155,False
460.74545454545455,0.2650364067649165,S02,10,1,156,False
463.1409090909091,0.2990732905136589,S02,10,1,157,False
467.1818181818182,0.4344485294925422,S02,10,1,158,False
473.31363636363636,0.396952200137559,S02,10,1,159,False
477.9909090909091,0.40742280089766486,S02,10,1,160,False
481.6090909090909,0.4250860751074108,S02,10,1,161,False
485.54545454545456,0.3657836568689782,S02,10,1,162,False
489.8545454545455,0.4213082685121602,S02,10,1,163,False
492.18636363636364,0.09843966384440998,S02,10,1,164,False
494.4909090909091,0.46322241181303414,S02,10,1,165,True
496.8818181818182,0.3682049920646444,S02,10,1,166,False
499.2818181818182,0.3343364240761135,S02,10,1,167,False
2.109090909090909,0.0991821674986254,S02,10,2,1,False
4.368181818181818,0.10192121565451398,S02,10,2,2,False
8.163636363636364,0.10331714529296372,S02,10,2,3,False
11.95,0.10245145025783771,S02,10,2,4,False
14.227272727272727,0.10525605591419727,S02,10,2,5,False
16.490909090909092,0.10211468674028967,S02,10,2,6,False
21.8,0.10230111152381209,S02,10,2,7,False
24.095454545454544,0.10127827989299067,S02,10,2,8,False
26.345454545454544,0.10050305191078135,S02,10,2,9,False
28.618181818181817,0.09890099632666839,S02,10,2,10,False
31.64090909090909,0.10248270047294561,S02,10,2,11,False
34.67727272727273,0.10479368950219344,S02,10,2,12,False
36.96363636363636,0.10182490103238964,S02,10,2,13,False
39.22727272727273,0.10041390648012631,S02,10,2,14,False
43.013636363636365,0.10405684779023422,S02,10,2,15,False
45.28636363636364,0.09956809006488779,S02,10,2,16,False
47.56818181818182,0.10346065092348075,S02,10,2,17,False
49.82272727272727,0.10169179865557805,S02,10,2,18,False
52.11818181818182,0.10199030200553472,S02,10,2,19,False
55.16818181818182,0.09670007130880603,S02,10,2,20,False
57.40909090909091,0.10098011220076096,S02,10,2,21,False
59.68636363636364,0.10095987517031142,S02,10,2,22,False
63.481818181818184,0.09881153763066815,S02,10,2,23,False
67.27727272727273,0.10313371429094706,S02,10,2,24,False
70.28636363636363,0.09876460044688605,S02,10,2,25,False
72.55454545454545,0.102648982875237,S02,10,2,26,False
74.83636363636364,0.09673798162435226,S02,10,2,27,False
77.10454545454546,0.10139759444655544,S02,10,2,28,False
79.37272727272727,0.10204503444380496,S02,10,2,29,False
82.4090909090909,0.10081954631167339,S02,10,2,30,False
84.69090909090909,0.09806952214819792,S02,10,2,31,False
86.9590909090909,0.10148080132966847,S02,10,2,32,False
89.22272727272727,0.10058417513984487,S02,10,2,33,False
93.02272727272727,0.09942024142117087,S02,10,2,34,False
95.29545454545455,0.10406815602167442,S02,10,2,35,False
99.07272727272728,0.1024289272418617,S02,10,2,36,False
101.35,0.1010453136405781,S02,10,2,37,False
103.62727272727273,0.10418091081681452,S02,10,2,38,False
106.6590909090909,0.10381767532989276,S02,10,2,39,False
110.44090909090909,0.1020993753701609,S02,10,2,40,False
113.46363636363637,0.10155109982789916,S02,10,2,41,False
115.79545454545455,0.09850414988710499,S02,10,2,42,False
118.02272727272727,0.10220831320226495,S02,10,2,43,False
120.28636363636363,0.10190998339065947,S02,10,2,44,False
123.31363636363636,0.10094971322421767,S02,10,2,45,False
126.35454545454546,0.10344553307846419,S02,10,2,46,False
129.38636363636363,0.10851825302706583,S02,10,2,47,False
131.71363636363637,0.10289312655058501,S02,10,2,48,False
134.6909090909091,0.10571825248734236,S02,10,2,49,False
136.97272727272727,0.10157993237891885,S02,10,2,50,False
139.98181818181817,0.0987240535826315,S02,10,2,51,False
142.26363636363635,0.10039933925604815,S02,10,2,52,False
146.09545454545454,0.1030364785268466,S02,10,2,53,False
149.8409090909091,0.10029252449164479,S02,10,2,54,False
152.9090909090909,0.09990861695692688,S02,10,2,55,False
155.15454545454546,0.10246351804887015,S02,10,2,56,False
158.2,0.10365331510592454,S02,10,2,57,False
161.2,0.10412639627070887,S02,10,2,58,False
164.24545454545455,0.09958320198272656,S02,10,2,59,False
167.28636363636363,0.10035693011012634,S02,10,2,60,False
170.29090909090908,0.10304365143516366,S02,10,2,61,False
174.0909090909091,0.1008342216244807,S02,10,2,62,False
176.3590909090909,0.10197358052551057,S02,10,2,63,False
179.37727272727273,0.10284236040313174,S02,10,2,64,False
182.4090909090909,0.09826841361034777,S02,10,2,65,False
184.68636363636364,0.1039422906552291,S02,10,2,66,False
186.95454545454547,0.10299159387245305,S02,10,2,67,False
191.5090909090909,0.10075513889516505,S02,10,2,68,False
194.54090909090908,0.10447888802616309,S02,10,2,69,False
196.81363636363636,0.09891831672974787,S02,10,2,70,False
199.08636363636364,0.10098447081892338,S02,10,2,71,False
203.62272727272727,0.10237412291091431,S02,10,2,72,False
206.6590909090909,0.09771882429770454,S02,10,2,73,False
208.93636363636364,0.10605011450154891,S02,10,2,74,False
211.2,0.10161986439960426,S02,10,2,75,False
214.22727272727272,0.10067133194251612,S02,10,2,76,False
216.51818181818183,0.10103989004888732,S02,10,2,77,False
220.29090909090908,0.10083858469179519,S02,10,2,78,False
224.85,0.10076257760658253,S02,10,2,79,False
228.63636363636363,0.09781398828467612,S02,10,2,80,False
230.9,0.0988446381848351,S02,10,2,81,False
233.9409090909091,0.09949580464923068,S02,10,2,82,False
236.21363636363637,0.09892804450051473,S02,10,2,83,False
238.48181818181817,0.09897192512226817,S02,10,2,84,False
243.01363636363635,0.0988146520688958,S02,10,2,85,False
246.05454545454546,0.10165755611463326,S02,10,2,86,False
249.8409090909091,0.10186887497535241,S02,10,2,87,False
252.88181818181818,0.10066217688452588,S02,10,2,88,False
256.65909090909093,0.09902556515662898,S02,10,2,89,False
258.93636363636364,0.10215029804701849,S02,10,2,90,False
261.9727272727273,0.10682543521507037,S02,10,2,91,False
265.75,0.10072812762251283,S02,10,2,92,False
268.7909090909091,0.10181550314997546,S02,10,2,93,False
271.0590909090909,0.09684159020389538,S02,10,2,94,False
273.3363636363636,0.10136450112223852,S02,10,2,95,False
275.6136363636364,0.10242179213704387,S02,10,2,96,False
279.3954545454545,0.10181194702265432,S02,10,2,97,False
282.4227272727273,0.10482085331219117,S02,10,2,98,False
284.6909090909091,0.09949044143772462,S02,10,2,99,False
286.9909090909091,0.10429000233699763,S02,10,2,100,False
289.9909090909091,0.10286103986123109,S02,10,2,101,False
293.0181818181818,0.10259174995193333,S02,10,2,102,False
295.30454545454546,0.099258876603383,S02,10,2,103,False
297.58181818181816,0.10448930671857588,S02,10,2,104,False
300.6,0.10386368915296766,S02,10,2,105,False
303.6318181818182,0.10912875829165934,S02,10,2,106,False
306.6636363636364,0.10571818103158684,S02,10,2,107,False
310.45454545454544,0.10157581491807187,S02,10,2,108,False
313.4909090909091,0.10403216835906252,S02,10,2,109,False
316.5181818181818,0.10018422523880889,S02,10,2,110,False
318.78636363636366,0.10194176734467113,S02,10,2,111,False
321.05,0.10495289456051261,S02,10,2,112,False
323.34090909090907,0.09898654326188451,S02,10,2,113,False
326.3681818181818,0.10373591175401652,S02,10,2,114,False
329.4045454545454,0.1023982630479783,S02,10,2,115,False
332.42727272727274,0.10197192505433532,S02,10,2,116,False
334.6909090909091,0.10589691197769317,S02,10,2,117,False
338.4727272727273,0.10248904283909499,S02,10,2,118,False
341.50454545454545,0.10149342832082027,S02,10,2,119,False
345.3181818181818,0.10167848425113471,S02,10,2,120,False
349.0954545454546,0.10235259132815087,S02,10,2,121,False
351.3636363636364,0.09849469253662864,S02,10,2,122,False
353.6318181818182,0.09891233505090131,S02,10,2,123,False
355.9136363636364,0.10147235444918987,S02,10,2,124,False
358.1818181818182,0.10238641476613494,S02,10,2,125,False
361.9727272727273,0.10479572040676349,S02,10,2,126,False
364.25,0.10023789068274525,S02,10,2,127,False
367.27272727272725,0.10422455864215685,S02,10,2,128,False
371.0681818181818,0.10087290121023501,S02,10,2,129,False
373.3363636363636,0.10249410922239745,S02,10,2,130,False
375.6545454545454,0.10531604772358075,S02,10,2,131,False
377.8954545454545,0.09748503632938474,S02,10,2,132,False
380.15909090909093,0.10803560649914966,S02,10,2,133,False
383.95,0.10403960908604373,S02,10,2,134,False
386.2227272727273,0.10667731275982693,S02,10,2,135,False
388.4727272727273,0.10225710201197646,S02,10,2,136,False
390.75454545454545,0.10377236206366111,S02,10,2,137,False
393.05,0.10615372581544455,S02,10,2,138,False
396.0681818181818,0.1074188936035074,S02,10,2,139,False
398.3909090909091,0.09843653763987804,S02,10,2,140,False
400.6136363636364,0.107632247675586,S02,10,2,141,False
402.8909090909091,0.10354352454625457,S02,10,2,142,False
405.9136363636364,0.10866936578244538,S02,10,2,143,False
408.94545454545454,0.10021563319338635,S02,10,2,144,False
411.98636363636365,0.10023994817836679,S02,10,2,145,False
416.52272727272725,0.10242674302871065,S02,10,2,146,False
419.55,0.09803296081907106,S02,10,2,147,False
421.8272727272727,0.10305082408904957,S02,10,2,148,False
424.9045454545454,0.09885543290683352,S02,10,2,149,False
427.1318181818182,0.09976498931150105,S02,10,2,150,False
429.4045454545454,0.10599059638854676,S02,10,2,151,False
431.7090909090909,0.10272148055813475,S02,10,2,152,False
435.48636363636365,0.10390898193527515,S02,10,2,153,False
439.25454545454545,0.11005591216291137,S02,10,2,154,False
441.5318181818182,0.10250983604600367,S02,10,2,155,False
443.7909090909091,0.10305815059299007,S02,10,2,156,False
446.07272727272726,0.1051396317889304,S02,10,2,157,False
449.09090909090907,0.10492802807269874,S02,10,2,158,False
452.1363636363636,0.10361198033484272,S02,10,2,159,False
454.3909090909091,0.10199528168400124,S02,10,2,160,False
456.68636363636364,0.09945557448439873,S02,10,2,161,False
458.95,0.10552012139849229,S02,10,2,162,False
462.73636363636365,0.10437599295769293,S02,10,2,163,False
465.01363636363635,0.09893929138407109,S02,10,2,164,False
467.2818181818182,0.10096895834511121,S02,10,2,165,False
470.3272727272727,0.10172383834152782,S02,10,2,166,False
473.35,0.10141900455386381,S02,10,2,167,False
477.26363636363635,0.16127966977075398,S02,10,2,168,False
479.40909090909093,0.0990887376457021,S02,10,2,169,False
481.6818181818182,0.09987716813925437,S02,10,2,170,False
483.9590909090909,0.09948110912509112,S02,10,2,171,False
487.80454545454546,0.1896843447083535,S02,10,2,172,True
490.02272727272725,0.09728364638513816,S02,10,2,173,False
493.05,0.09920138725648438,S02,10,2,174,False
495.3181818181818,0.10033059238715925,S02,10,2,175,False
498.25454545454545,0.14143374164500316,S02,10,2,176,False
0.004545454545454545,0.10538303555826908,S02,10,3,1,False
2.3,0.09149564348572636,S02,10,3,2,False
4.55,0.09503437405702825,S02,10,3,3,False
6.822727272727272,0.0922310566322239,S02,10,3,4,False
9.10909090909091,0.09264775540531293,S02,10,3,5,False
11.377272727272727,0.09386585306511473,S02,10,3,6,False
14.4,0.09388970557786583,S02,10,3,7,False
16.672727272727272,0.0919972658448748,S02,10,3,8,False
19.704545454545453,0.09678586766420184,S02,10,3,9,False
23.490909090909092,0.09236648535876935,S02,10,3,10,False
25.772727272727273,0.09494854604012248,S02,10,3,11,False
29.55,0.09293250625127053,S02,10,3,12,False
32.595454545454544,0.0954051548763087,S02,10,3,13,False
34.86363636363637,0.0961168323006112,S02,10,3,14,False
37.90909090909091,0.09102393742905493,S02,10,3,15,False
40.92727272727273,0.09349615410599131,S02,10,3,16,False
45.472727272727276,0.09940624666629433,S02,10,3,17,False
47.75454545454546,0.09024069665251841,S02,10,3,18,False
52.29090909090909,0.09558449663775268,S02,10,3,19,False
55.34090909090909,0.09091571437896412,S02,10,3,20,False
59.16818181818182,0.08966062357216101,S02,10,3,21,False
62.14090909090909,0.09525532447765495,S02,10,3,22,False
65.93181818181819,0.0958011556331942,S02,10,3,23,False
68.96363636363637,0.09772035697707443,S02,10,3,24,False
72.74090909090908,0.08891899848940578,S02,10,3,25,False
75.01818181818182,0.09392511872231048,S02,10,3,26,False
78.04545454545455,0.0963369258794326,S02,10,3,27,False
81.10454545454546,0.09510100029838414,S02,10,3,28,False
83.36818181818182,0.09216992465115528,S02,10,3,29,False
85.63181818181818,0.09379057405631637,S02,10,3,30,False
87.93181818181819,0.09038003269836946,S02,10,3,31,False
90.17727272727272,0.09261946915804987,S02,10,3,32,False
93.21363636363637,0.0928945584899855,S02,10,3,33,False
96.99545454545455,0.09103749064309466,S02,10,3,34,False
99.2909090909091,0.09466941701493158,S02,10,3,35,False
102.30454545454545,0.09438374385629947,S02,10,3,36,False
105.35,0.09022318569313413,S02,10,3,37,False
108.38181818181818,0.09401474426744288,S02,10,3,38,False
110.65,0.09179050634501845,S02,10,3,39,False
112.92272727272727,0.09970917654274798,S02,10,3,40,False
115.99090909090908,0.0900067154121342,S02,10,3,41,False
118.21818181818182,0.09328861701230756,S02,10,3,42,False
120.49545454545455,0.09256029355712295,S02,10,3,43,False
122.76363636363637,0.09026075952190987,S02,10,3,44,False
125.05,0.09258643730937564,S02,10,3,45,False
127.32272727272728,0.09219841396234715,S02,10,3,46,False
130.3318181818182,0.09283197520093386,S02,10,3,47,False
133.36363636363637,0.09475575517852396,S02,10,3,48,False
136.39545454545456,0.09238106413272687,S02,10,3,49,False
138.6818181818182,0.09150606694034383,S02,10,3,50,False
142.46818181818182,0.094127822919702,S02,10,3,51,False
144.7409090909091,0.09414814668144561,S02,10,3,52,False
148.5818181818182,0.0950383533790205,S02,10,3,53,False
150.84545454545454,0.0893055522997499,S02,10,3,54,False
154.58636363636364,0.09162684262958919,S02,10,3,55,False
156.86818181818182,0.09078811709927496,S02,10,3,56,False
160.65454545454546,0.09632093036768212,S02,10,3,57,False
164.42727272727274,0.0935330863553352,S02,10,3,58,False
166.71818181818182,0.09256852050440297,S02,10,3,59,False
168.9909090909091,0.09610537870596961,S02,10,3,60,False
172.01818181818183,0.09377493860620495,S02,10,3,61,False
175.81363636363636,0.09247874745092617,S02,10,3,62,False
178.8590909090909,0.09398576087560337,S02,10,3,63,False
181.1090909090909,0.09554836674740237,S02,10,3,64,False
184.89545454545456,0.09414874765549872,S02,10,3,65,False
187.17727272727274,0.09475618376256241,S02,10,3,66,False
190.2,0.0941277292437378,S02,10,3,67,False
193.23181818181817,0.09637917775160515,S02,10,3,68,False
195.51818181818183,0.0953834643147564,S02,10,3,69,False
198.5818181818182,0.09017594078536308,S02,10,3,70,False
201.62272727272727,0.09300903570361925,S02,10,3,71,False
203.84545454545454,0.09290559280727108,S02,10,3,72,False
206.10454545454544,0.0890968243547271,S02,10,3,73,False
208.37727272727273,0.0973519907958853,S02,10,3,74,False
211.4181818181818,0.09469474423139537,S02,10,3,75,False
214.45454545454547,0.09871108317747716,S02,10,3,76,False
218.23181818181817,0.09851902323200591,S02,10,3,77,False
222.02727272727273,0.09670903754989163,S02,10,3,78,False
225.0590909090909,0.09545087886722178,S02,10,3,79,False
227.3909090909091,0.08997480195293245,S02,10,3,80,False
229.61363636363637,0.09271289240686932,S02,10,3,81,False
231.8909090909091,0.08938852942974684,S02,10,3,82,False
234.91363636363636,0.09225867599374502,S02,10,3,83,False
237.9318181818182,0.09687518112743966,S02,10,3,84,False
240.95909090909092,0.0916428078318183,S02,10,3,85,False
245.52727272727273,0.09461148739056087,S02,10,3,86,False
247.78636363636363,0.08899244720391478,S02,10,3,87,False
250.06363636363636,0.09733724815399077,S02,10,3,88,False
253.91363636363636,0.09304429186865787,S02,10,3,89,False
258.3954545454545,0.09123162147157801,S02,10,3,90,False
262.1818181818182,0.0954782015416298,S02,10,3,91,False
264.46363636363634,0.09312331947996835,S02,10,3,92,False
267.49545454545455,0.09561526582074037,S02,10,3,93,False
271.2818181818182,0.09497464207551563,S02,10,3,94,False
273.5590909090909,0.09417697891707215,S02,10,3,95,False
276.65,0.09992890603423563,S02,10,3,96,False
279.6545454545454,0.09681958222553969,S02,10,3,97,False
284.15,0.0952940937511195,S02,10,3,98,False
287.19545454545454,0.09615160122060501,S02,10,3,99,False
290.99545454545455,0.09005629611948233,S02,10,3,100,False
294.7681818181818,0.09241396866769228,S02,10,3,101,False
297.05,0.09324844143346717,S02,10,3,102,False
300.8272727272727,0.08955096071477935,S02,10,3,103,False
303.1,0.09302135321018272,S02,10,3,104,False
306.91818181818184,0.0909548713977856,S02,10,3,105,False
310.6727272727273,0.08927583494492647,S02,10,3,106,False
312.95,0.09318212377772293,S02,10,3,107,False
315.9818181818182,0.09024296048106806,S02,10,3,108,False
319.77272727272725,0.09229687814638586,S02,10,3,109,False
322.05454545454546,0.08947650217423003,S02,10,3,110,False
325.09090909090907,0.08784897389292082,S02,10,3,111,False
328.8818181818182,0.09727555764674771,S02,10,3,112,False
332.67727272727274,0.08921250153559557,S02,10,3,113,False
334.93636363636364,0.09445975749771608,S02,10,3,114,False
338.7318181818182,0.09296351631023322,S02,10,3,115,False
341.75454545454545,0.09581529348242329,S02,10,3,116,False
345.5318181818182,0.09281939549719005,S02,10,3,117,False
347.81363636363636,0.09054161958655584,S02,10,3,118,False
350.08181818181816,0.09478340546712681,S02,10,3,119,False
353.9045454545454,0.09288150871339816,S02,10,3,120,False
356.95,0.09562371391051198,S02,10,3,121,False
362.2090909090909,0.0922156423215305,S02,10,3,122,False
365.2318181818182,0.0916829259607798,S02,10,3,123,False
368.2772727272727,0.09199592759619792,S02,10,3,124,False
371.31363636363636,0.09565858358377378,S02,10,3,125,False
375.09090909090907,0.0932363341657938,S02,10,3,126,False
378.1227272727273,0.09248731425084616,S02,10,3,127,False
382.67727272727274,0.09288683194904035,S02,10,3,128,False
384.96363636363634,0.08899361798417904,S02,10,3,129,False
387.20454545454544,0.09465373707586322,S02,10,3,130,False
391.0,0.0927063728384221,S02,10,3,131,False
393.28636363636366,0.08825084415184711,S02,10,3,132,False
396.3181818181818,0.09322591782321107,S02,10,3,133,False
398.5863636363636,0.09119040254510495,S02,10,3,134,False
400.8545454545455,0.09200588603661561,S02,10,3,135,False
403.1318181818182,0.09532814446465004,S02,10,3,136,False
406.15909090909093,0.09004229371634048,S02,10,3,137,False
408.4318181818182,0.0944539593596889,S02,10,3,138,False
411.4681818181818,0.09254915313960958,S02,10,3,139,False
413.73636363636365,0.09072453330448936,S02,10,3,140,False
416.7909090909091,0.08839102282355257,S02,10,3,141,False
419.03636363636366,0.09102429222708414,S02,10,3,142,False
422.0681818181818,0.09509805703976845,S02,10,3,143,False
425.9136363636364,0.08981155890070296,S02,10,3,144,False
428.1363636363636,0.09341437378885341,S02,10,3,145,False
431.91818181818184,0.09492094794561179,S02,10,3,146,False
434.95454545454544,0.09020337028199359,S02,10,3,147,False
437.98636363636365,0.09897196606608526,S02,10,3,148,False
442.5318181818182,0.09799940519334581,S02,10,3,149,False
445.5681818181818,0.1007671814579248,S02,10,3,150,False
448.6454545454545,0.09595900915223567,S02,10,3,151,False
450.8727272727273,0.08968455457408298,S02,10,3,152,False
453.1636363636364,0.09438635706915648,S02,10,3,153,False
457.6909090909091,0.09481450451541047,S02,10,3,154,False
460.76363636363635,0.09197883504718454,S02,10,3,155,False
465.2590909090909,0.08816191530980173,S02,10,3,156,False
469.81363636363636,0.08957926159164484,S02,10,3,157,False
473.5954545454546,0.08982356458064698,S02,10,3,158,False
477.3818181818182,0.09282286100894808,S02,10,3,159,False
479.7181818181818,0.10158865772207101,S02,10,3,160,False
484.96363636363634,0.09276346672454563,S02,10,3,161,False
489.6227272727273,0.13240783024414055,S02,10,3,162,True
491.78636363636366,0.09216155558806692,S02,10,3,163,False
494.81363636363636,0.09812371920351604,S02,10,3,164,False
498.6227272727273,0.09277853646535825,S02,10,3,165,False
0.4681818181818182,0.07488220054579886,S02,25,1,1,False
3.5090909090909093,0.0814893070778018,S02,25,1,2,False
5.818181818181818,0.07865971469130877,S02,25,1,3,False
8.795454545454545,0.07850620820325628,S02,25,1,4,False
11.863636363636363,0.07858908357002412,S02,25,1,5,False
14.868181818181819,0.07887332501271058,S02,25,1,6,False
17.15909090909091,0.07722027141914915,S02,25,1,7,False
19.418181818181818,0.07905501440735957,S02,25,1,8,False
21.686363636363637,0.07927870356507669,S02,25,1,9,False
23.95909090909091,0.08066801427269168,S02,25,1,10,False
26.245454545454546,0.07896618218598705,S02,25,1,11,False
30.01818181818182,0.0791937811326878,S02,25,1,12,False
33.05,0.07885284573889945,S02,25,1,13,False
36.836363636363636,0.07836063389962578,S02,25,1,14,False
39.86818181818182,0.07572312389966732,S02,25,1,15,False
42.89545454545455,0.07784952752571175,S02,25,1,16,False
46.736363636363635,0.07720433889047529,S02,25,1,17,False
50.45909090909091,0.0800230813590719,S02,25,1,18,False
52.81363636363636,0.07582336743934656,S02,25,1,19,False
56.53636363636364,0.07584584665350051,S02,25,1,20,False
58.8,0.07670582964370615,S02,25,1,21,False
61.07727272727273,0.07984977126497442,S02,25,1,22,False
64.86363636363636,0.07927526836565758,S02,25,1,23,False
67.14545454545454,0.07705265830945723,S02,25,1,24,False
69.42272727272727,0.07631695803931363,S02,25,1,25,False
72.4590909090909,0.08031507337298262,S02,25,1,26,False
74.72727272727273,0.07815095912042347,S02,25,1,27,False
77.75909090909092,0.0785601737484654,S02,25,1,28,False
81.54545454545455,0.0779078182089894,S02,25,1,29,False
84.57272727272728,0.07718437790774746,S02,25,1,30,False
89.14545454545454,0.07863934660184527,S02,25,1,31,False
91.39545454545454,0.07605738415047736,S02,25,1,32,False
93.66818181818182,0.0770737736516325,S02,25,1,33,False
96.69090909090909,0.07807778762294076,S02,25,1,34,False
99.01363636363637,0.0754126638157348,S02,25,1,35,False
102.05,0.07692544439076357,S02,25,1,36,False
105.02727272727273,0.07957146215726933,S02,25,1,37,False
107.29545454545455,0.07775793371874148,S02,25,1,38,False
111.07727272727273,0.07937402980280583,S02,25,1,39,False
115.62727272727273,0.0790313690089905,S02,25,1,40,False
117.91363636363636,0.07589701416794847,S02,25,1,41,False
120.16818181818182,0.07705841001175869,S02,25,1,42,False
122.44090909090909,0.07725340861947902,S02,25,1,43,False
125.48181818181818,0.08100037848463452,S02,25,1,44,False
127.75909090909092,0.07836689229448598,S02,25,1,45,False
130.02727272727273,0.07720780444981284,S02,25,1,46,False
133.07272727272726,0.0785277697904278,S02,25,1,47,False
135.3181818181818,0.07545919220051095,S02,25,1,48,False
137.64545454545456,0.07861599200844843,S02,25,1,49,False
142.1590909090909,0.0805767541399289,S02,25,1,50,False
144.4181818181818,0.07530176878685674,S02,25,1,51,False
146.69545454545454,0.07820748538477151,S02,25,1,52,False
149.73181818181817,0.07812314987512814,S02,25,1,53,False
153.53181818181818,0.07622528767826198,S02,25,1,54,False
156.55454545454546,0.07879706424869831,S02,25,1,55,False
159.5681818181818,0.07858704010489193,S02,25,1,56,False
163.3590909090909,0.07635913224936969,S02,25,1,57,False
165.61363636363637,0.07651200336600791,S02,25,1,58,False
167.9,0.07893650593083276,S02,25,1,59,False
170.1681818181818,0.07667833259300029,S02,25,1,60,False
173.21363636363637,0.07884765080697834,S02,25,1,61,False
176.2409090909091,0.08133825280548271,S02,25,1,62,False
178.52272727272728,0.07882300468613691,S02,25,1,63,False
181.55,0.07515168645355902,S02,25,1,64,False
183.85454545454544,0.07839651807529882,S02,25,1,65,False
186.08636363636364,0.08028564826956713,S02,25,1,66,False
188.41363636363636,0.07693115581108029,S02,25,1,67,False
192.1727272727273,0.07731276378672577,S02,25,1,68,False
195.9318181818182,0.07783047773725106,S02,25,1,69,False
199.77272727272728,0.07668232769765299,S02,25,1,70,False
202.0,0.07776952536356088,S02,25,1,71,False
204.2590909090909,0.07842640711329749,S02,25,1,72,False
207.35,0.07957742953724731,S02,25,1,73,False
211.0909090909091,0.07838056175135011,S02,25,1,74,False
214.12272727272727,0.07603704313536933,S02,25,1,75,False
217.15,0.07586915220536958,S02,25,1,76,False
219.4181818181818,0.0794655575019865,S02,25,1,77,False
222.45454545454547,0.07975102354261927,S02,25,1,78,False
224.72727272727272,0.07563860045059709,S02,25,1,79,False
228.5090909090909,0.07947916718276321,S02,25,1,80,False
230.79090909090908,0.07485036216673337,S02,25,1,81,False
236.0909090909091,0.07629763596616557,S02,25,1,82,False
241.40454545454546,0.07617871288209749,S02,25,1,83,False
245.93636363636364,0.07817482530886599,S02,25,1,84,False
248.2,0.07520048725879447,S02,25,1,85,False
252.76363636363635,0.07752660471180617,S02,25,1,86,False
259.6272727272727,0.07667800830046485,S02,25,1,87,False
264.95,0.07448036270000236,S02,25,1,88,False
267.8954545454545,0.07589702193504219,S02,25,1,89,False
277.00454545454545,0.07757310571333437,S02,25,1,90,False
279.27272727272725,0.08125106997476894,S02,25,1,91,False
283.0681818181818,0.07998209931686956,S02,25,1,92,False
286.8772727272727,0.07860871317546742,S02,25,1,93,False
289.1318181818182,0.08112828811797185,S02,25,1,94,False
291.4045454545454,0.07652752086271211,S02,25,1,95,False
295.1818181818182,0.08054611243786348,S02,25,1,96,False
298.2090909090909,0.07449091367764499,S02,25,1,97,False
301.23636363636365,0.07802605938359941,S02,25,1,98,False
305.03636363636366,0.07714447071559166,S02,25,1,99,False
307.31363636363636,0.07499003862436512,S02,25,1,100,False
309.5863636363636,0.07558993794716587,S02,25,1,101,False
311.85,0.08337393507220581,S02,25,1,102,False
314.1318181818182,0.07594967652377455,S02,25,1,103,False
316.3863636363636,0.07777412832830909,S02,25,1,104,False
319.45,0.07850038661139609,S02,25,1,105,False
321.68636363636364,0.07513126130733788,S02,25,1,106,False
323.9727272727273,0.07792623805409354,S02,25,1,107,False
326.2318181818182,0.07544929495322665,S02,25,1,108,False
328.50454545454545,0.08094171218444088,S02,25,1,109,False
331.55,0.08144309038699353,S02,25,1,110,False
335.3272727272727,0.07954939829807209,S02,25,1,111,False
338.3590909090909,0.08354990413620803,S02,25,1,112,False
341.3954545454545,0.08056458451670293,S02,25,1,113,False
345.17727272727274,0.08179646504814148,S02,25,1,114,False
347.46363636363634,0.07979558983201551,S02,25,1,115,False
350.4909090909091,0.08102810352729867,S02,25,1,116,False
352.75454545454545,0.08086291293851798,S02,25,1,117,False
355.0772727272727,0.08301048141675224,S02,25,1,118,False
357.31363636363636,0.0777322962970591,S02,25,1,119,False
359.5863636363636,0.08356529518016925,S02,25,1,120,False
363.3681818181818,0.08083173002286308,S02,25,1,121,False
365.69545454545454,0.08793654343727642,S02,25,1,122,False
367.9590909090909,0.07666720205894025,S02,25,1,123,False
370.1909090909091,0.07869465736576989,S02,25,1,124,False
372.48636363636365,0.0817349109667074,S02,25,1,125,False
374.75454545454545,0.07593473171122395,S02,25,1,126,False
377.00454545454545,0.08049428712580237,S02,25,1,127,False
382.31363636363636,0.0846711820485193,S02,25,1,128,False
389.1318181818182,0.07607525363038901,S02,25,1,129,False
392.9227272727273,0.0802983450707527,S02,25,1,130,False
398.9681818181818,0.07979957949289387,S02,25,1,131,False
403.5272727272727,0.08152631936818816,S02,25,1,132,False
406.55454545454546,0.08217750790041167,S02,25,1,133,False
409.5863636363636,0.07685963620251685,S02,25,1,134,False
412.02272727272725,0.11068220607833883,S02,25,1,135,False
416.6181818181818,0.10655751214761205,S02,25,1,136,False
418.6727272727273,0.07485858854795224,S02,25,1,137,False
420.97727272727275,0.14755207998726977,S02,25,1,138,False
425.27272727272725,0.26848746609646323,S02,25,1,139,False
429.92727272727274,0.18120535989364123,S02,25,1,140,False
432.3772727272727,0.09971287185340588,S02,25,1,141,False
434.6181818181818,0.2940486266643343,S02,25,1,142,False
437.66818181818184,0.10000706191322574,S02,25,1,143,False
440.05,0.20466735318166257,S02,25,1,144,False
442.1545454545454,0.14632269560535943,S02,25,1,145,False
444.3181818181818,0.2394129508178946,S02,25,1,146,False
449.6,0.16167968930740842,S02,25,1,147,False
455.5590909090909,0.08531644801851013,S02,25,1,148,False
459.6045454545455,0.39550452967839184,S02,25,1,149,True
462.33181818181816,0.19641597869074426,S02,25,1,150,False
467.0863636363636,0.1224431884351098,S02,25,1,151,False
469.95454545454544,0.1401205917394156,S02,25,1,152,False
473.2772727272727,0.09996231601768234,S02,25,1,153,False
475.74545454545455,0.11392308667835935,S02,25,1,154,False
479.3590909090909,0.16759643532568735,S02,25,1,155,False
481.55,0.2430839760658824,S02,25,1,156,False
483.79545454545456,0.17635161336133248,S02,25,1,157,False
485.8545454545455,0.232890400813862,S02,25,1,158,False
489.94545454545454,0.1078919163047019,S02,25,1,159,False
492.8181818181818,0.1961824494905608,S02,25,1,160,False
494.8727272727273,0.17281827824240079,S02,25,1,161,False
498.0,0.281482464809211,S02,25,1,162,False
2.831818181818182,0.0726169817262152,S02,25,2,1,False
6.627272727272727,0.07279978176864554,S02,25,2,2,False
9.659090909090908,0.07490324425127257,S02,25,2,3,False
11.877272727272727,0.07482416642489259,S02,25,2,4,False
14.9,0.07368786935002172,S02,25,2,5,False
17.186363636363637,0.07173795165507418,S02,25,2,6,False
20.96818181818182,0.07331955360342074,S02,25,2,7,False
24.0,0.07506766807951173,S02,25,2,8,False
27.03181818181818,0.07163301385822296,S02,25,2,9,False
30.068181818181817,0.07283481114638435,S02,25,2,10,False
32.33181818181818,0.07780835577196303,S02,25,2,11,False
36.13181818181818,0.07360221484096706,S02,25,2,12,False
39.91818181818182,0.07332619205760324,S02,25,2,13,False
43.75909090909091,0.07686106670385118,S02,25,2,14,False
46.74545454545454,0.07210269322462853,S02,25,2,15,False
49.00454545454546,0.07283194497591344,S02,25,2,16,False
52.04090909090909,0.07704696199524877,S02,25,2,17,False
55.10909090909091,0.07389265386723418,S02,25,2,18,False
57.345454545454544,0.07535919994089055,S02,25,2,19,False
59.627272727272725,0.0707493429435582,S02,25,2,20,False
61.90909090909091,0.07457572637799251,S02,25,2,21,False
65.73181818181818,0.07370693375313428,S02,25,2,22,False
70.23181818181818,0.07339809080696584,S02,25,2,23,False
72.53636363636363,0.07232606171455776,S02,25,2,24,False
74.82272727272728,0.07645698934431006,S02,25,2,25,False
79.31818181818181,0.07561906500765402,S02,25,2,26,False
82.36363636363636,0.07238791360284846,S02,25,2,27,False
85.43181818181819,0.07478929387407653,S02,25,2,28,False
89.18181818181819,0.07406217983981325,S02,25,2,29,False
93.72272727272727,0.07479122926839116,S02,25,2,30,False
99.08181818181818,0.07383429602022235,S02,25,2,31,False
102.85454545454546,0.07567131447478115,S02,25,2,32,False
105.0909090909091,0.07297121808703029,S02,25,2,33,False
107.36363636363636,0.0730519514998291,S02,25,2,34,False
109.62727272727273,0.07248240175032529,S02,25,2,35,False
111.91363636363636,0.07360394323739583,S02,25,2,36,False
115.69545454545455,0.07369348178940283,S02,25,2,37,False
120.25,0.07423495639246183,S02,25,2,38,False
124.81818181818181,0.0722964866026016,S02,25,2,39,False
127.06818181818181,0.07387966053483112,S02,25,2,40,False
129.3318181818182,0.07244454886180456,S02,25,2,41,False
131.61363636363637,0.07504115722046792,S02,25,2,42,False
133.93636363636364,0.07388374666011273,S02,25,2,43,False
137.69545454545454,0.07475273460984286,S02,25,2,44,False
140.70909090909092,0.07352621291159528,S02,25,2,45,False
142.9909090909091,0.0718790638019878,S02,25,2,46,False
145.25454545454545,0.07455156626467063,S02,25,2,47,False
147.57272727272726,0.07188041413476207,S02,25,2,48,False
150.55454545454546,0.074538360887701,S02,25,2,49,False
152.8318181818182,0.0744857475760638,S02,25,2,50,False
155.86363636363637,0.07529669822494375,S02,25,2,51,False
158.12272727272727,0.07751681340993374,S02,25,2,52,False
160.4181818181818,0.07359383611811995,S02,25,2,53,False
163.43636363636364,0.07319087552572047,S02,25,2,54,False
168.03636363636363,0.07576812647948922,S02,25,2,55,False
171.01818181818183,0.07593838205350306,S02,25,2,56,False
174.05454545454546,0.0747113150521646,S02,25,2,57,False
177.83636363636364,0.07620041358285962,S02,25,2,58,False
180.1090909090909,0.07383922489458229,S02,25,2,59,False
182.4409090909091,0.07644099851817102,S02,25,2,60,False
184.6590909090909,0.07201458595056948,S02,25,2,61,False
186.9318181818182,0.07677034789373113,S02,25,2,62,False
191.48181818181817,0.07518533487645142,S02,25,2,63,False
193.79545454545453,0.0743117577054249,S02,25,2,64,False
196.77272727272728,0.07384031432277657,S02,25,2,65,False
199.82272727272726,0.07400871040800784,S02,25,2,66,False
202.84545454545454,0.0753524996656091,S02,25,2,67,False
205.15,0.07281801738640516,S02,25,2,68,False
207.4090909090909,0.07296802989273575,S02,25,2,69,False
209.71818181818182,0.07222689022539044,S02,25,2,70,False
212.0090909090909,0.07358094164646548,S02,25,2,71,False
215.72727272727272,0.07509821122052812,S02,25,2,72,False
220.27727272727273,0.07367478976199734,S02,25,2,73,False
224.07272727272726,0.07369101672132763,S02,25,2,74,False
227.1090909090909,0.07272279232597395,S02,25,2,75,False
230.13181818181818,0.07440628969880714,S02,25,2,76,False
232.43636363636364,0.06989812616482444,S02,25,2,77,False
234.6818181818182,0.07369358109579399,S02,25,2,78,False
236.95454545454547,0.07337217608018431,S02,25,2,79,False
239.21363636363637,0.07338395355505678,S02,25,2,80,False
244.52727272727273,0.07338281517480039,S02,25,2,81,False
246.79545454545453,0.07292014122425677,S02,25,2,82,False
250.5909090909091,0.07623044196087278,S02,25,2,83,False
254.38181818181818,0.07515428818252878,S02,25,2,84,False
258.1727272727273,0.07461915993969565,S02,25,2,85,False
261.95454545454544,0.089933776931014,S02,25,2,86,False
264.2227272727273,0.08123647283953905,S02,25,2,87,False
266.51363636363635,0.07466484966294001,S02,25,2,88,False
270.2909090909091,0.07862828547134694,S02,25,2,89,False
272.6272727272727,0.07326043921009434,S02,25,2,90,False
275.6,0.07625328572844155,S02,25,2,91,False
279.4409090909091,0.07588291387951726,S02,25,2,92,False
281.66818181818184,0.07153621938312074,S02,25,2,93,False
283.9909090909091,0.08547511919945602,S02,25,2,94,False
286.9681818181818,0.12017076171134049,S02,25,2,95,False
290.81363636363636,0.07424150217803416,S02,25,2,96,False
293.7909090909091,0.0762156584727515,S02,25,2,97,False
296.05454545454546,0.07883319518968579,S02,25,2,98,False
299.8636363636364,0.07599352426209345,S02,25,2,99,False
302.1409090909091,0.08005849196692699,S02,25,2,100,False
305.90909090909093,0.07381116505865214,S02,25,2,101,False
310.46363636363634,0.07638672896210706,S02,25,2,102,False
312.7181818181818,0.07154517586478772,S02,25,2,103,False
315.0,0.07750375311788643,S02,25,2,104,False
318.8,0.0792161711442537,S02,25,2,105,False
321.0681818181818,0.07006615903374548,S02,25,2,106,False
323.32272727272726,0.07520211977373278,S02,25,2,107,False
327.1272727272727,0.07949519791063542,S02,25,2,108,False
329.4045454545454,0.07584296650608649,S02,25,2,109,False
332.44545454545454,0.0716861139442885,S02,25,2,110,False
336.2227272727273,0.07539161595957039,S02,25,2,111,False
339.25454545454545,0.07247283796489287,S02,25,2,112,False
341.5272727272727,0.07295440499681621,S02,25,2,113,False
343.8545454545455,0.07840228929918487,S02,25,2,114,False
346.0772727272727,0.07523567679037294,S02,25,2,115,False
349.8636363636364,0.07469769001169588,S02,25,2,116,False
352.8909090909091,0.07923150423358254,S02,25,2,117,False
355.1636363636364,0.07909643298002855,S02,25,2,118,False
357.48636363636365,0.0726946293445454,S02,25,2,119,False
361.21363636363634,0.07609337555022155,S02,25,2,120,False
364.25454545454545,0.07960621123235284,S02,25,2,121,False
368.05,0.07435272647697802,S02,25,2,122,False
370.32272727272726,0.07843629167674092,S02,25,2,123,False
373.3545454545455,0.07420488332742792,S02,25,2,124,False
376.3772727272727,0.077884145454038,S02,25,2,125,False
378.6818181818182,0.07062253175616076,S02,25,2,126,False
380.9681818181818,0.07645514143463919,S02,25,2,127,False
383.2090909090909,0.07371572978419041,S02,25,2,128,False
385.4727272727273,0.07763519804735289,S02,25,2,129,False
389.26363636363635,0.07946031727930358,S02,25,2,130,False
391.53636363636366,0.07323351806672504,S02,25,2,131,False
394.56363636363636,0.07350518585776374,S02,25,2,132,False
397.5954545454546,0.07546996611228285,S02,25,2,133,False
400.6227272727273,0.07599094846419747,S02,25,2,134,False
402.95454545454544,0.07266553838443907,S02,25,2,135,False
405.2181818181818,0.07231927832462794,S02,25,2,136,False
407.43636363636364,0.07763477114116908,S02,25,2,137,False
411.23636363636365,0.08125098430437919,S02,25,2,138,False
414.27272727272725,0.07475461961507637,S02,25,2,139,False
418.9727272727273,0.12265619617913825,S02,25,2,140,False
425.8090909090909,0.10299339887485504,S02,25,2,141,False
428.66818181818184,0.07389163931736395,S02,25,2,142,False
430.93636363636364,0.1405383437975668,S02,25,2,143,False
433.9681818181818,0.07527547877860594,S02,25,2,144,False
437.0590909090909,0.15048603885596126,S02,25,2,145,False
440.0318181818182,0.08052848967678931,S02,25,2,146,False
442.25454545454545,0.13586074575127027,S02,25,2,147,False
445.33181818181816,0.07850759173855984,S02,25,2,148,False
447.6318181818182,0.071956988606945,S02,25,2,149,False
449.92727272727274,0.0914649594600154,S02,25,2,150,False
453.07272727272726,0.11400663103622255,S02,25,2,151,False
455.25454545454545,0.07292999784255268,S02,25,2,152,False
459.72727272727275,0.07686154133543427,S02,25,2,153,False
462.7772727272727,0.07506295312608673,S02,25,2,154,False
466.54545454545456,0.07773881904441461,S02,25,2,155,False
470.3954545454545,0.07331162874378674,S02,25,2,156,False
472.5954545454546,0.13677862483942876,S02,25,2,157,False
475.6363636363636,0.07384873884284449,S02,25,2,158,False
477.97727272727275,0.07372948048321534,S02,25,2,159,False
481.0954545454546,0.10956232609447719,S02,25,2,160,False
484.7909090909091,0.3484159346890429,S02,25,2,161,True
488.3909090909091,0.07424307708984618,S02,25,2,162,False
491.7772727272727,0.2438170915035034,S02,25,2,163,False
497.84090909090907,0.2701130966733236,S02,25,2,164,False
499.95454545454544,0.07172024197638452,S02,25,2,165,False
4.140909090909091,0.07187854148258763,S02,25,3,1,False
6.377272727272727,0.07239068958391678,S02,25,3,2,False
13.95,0.06950975047141061,S02,25,3,3,False
17.745454545454546,0.07145525035114836,S02,25,3,4,False
20.072727272727274,0.06940864708230124,S02,25,3,5,False
29.886363636363637,0.06928306916033586,S02,25,3,6,False
32.88636363636363,0.06939160453686538,S02,25,3,7,False
35.17272727272727,0.0691262540763101,S02,25,3,8,False
38.95454545454545,0.0700744584549495,S02,25,3,9,False
44.27272727272727,0.06959897182666251,S02,25,3,10,False
50.31818181818182,0.07022413400966324,S02,25,3,11,False
54.10909090909091,0.06984069678885918,S02,25,3,12,False
57.89090909090909,0.06998902319971237,S02,25,3,13,False
60.93636363636364,0.06862552953452403,S02,25,3,14,False
65.46818181818182,0.06873214730393604,S02,25,3,15,False
67.74545454545455,0.0698532993286018,S02,25,3,16,False
73.85909090909091,0.0705772821143518,S02,25,3,17,False
76.85909090909091,0.0686410798780542,S02,25,3,18,False
82.2090909090909,0.06848897495557581,S02,25,3,19,False
84.41818181818182,0.0704221990518488,S02,25,3,20,False
88.19090909090909,0.06901812739308766,S02,25,3,21,False
90.49090909090908,0.07001118053255052,S02,25,3,22,False
94.30909090909091,0.0689320402071171,S02,25,3,23,False
98.05454545454545,0.0741258608270842,S02,25,3,24,False
101.83636363636364,0.07200862633483679,S02,25,3,25,False
105.64545454545454,0.07174624392590725,S02,25,3,26,False
107.90454545454546,0.07077036595798245,S02,25,3,27,False
110.16818181818182,0.07041566585446182,S02,25,3,28,False
113.22727272727273,0.07194159258475155,S02,25,3,29,False
117.01363636363637,0.0738732621915919,S02,25,3,30,False
120.03636363636363,0.07052274461669503,S02,25,3,31,False
122.32727272727273,0.0730036551498087,S02,25,3,32,False
126.09545454545454,0.07220818357325064,S02,25,3,33,False
128.3909090909091,0.07141988700217886,S02,25,3,34,False
132.15454545454546,0.07146352769915025,S02,25,3,35,False
135.17727272727274,0.07318575167119679,S02,25,3,36,False
137.5,0.07030626046636432,S02,25,3,37,False
140.54090909090908,0.07533273974360599,S02,25,3,38,False
142.79545454545453,0.07379721805248803,S02,25,3,39,False
146.53636363636363,0.07483004441532162,S02,25,3,40,False
150.35454545454544,0.07197805092618309,S02,25,3,41,False
153.37727272727273,0.07219462334121325,S02,25,3,42,False
156.4227272727273,0.07125430870509546,S02,25,3,43,False
158.6727272727273,0.0698522415283136,S02,25,3,44,False
160.96818181818182,0.07004261597172495,S02,25,3,45,False
163.21818181818182,0.07055392247304915,S02,25,3,46,False
167.0090909090909,0.07538506782589599,S02,25,3,47,False
170.80454545454546,0.07181843948800826,S02,25,3,48,False
173.13636363636363,0.07279011454328459,S02,25,3,49,False
175.35,0.07090264677130019,S02,25,3,50,False
178.37272727272727,0.07262654297655963,S02,25,3,51,False
180.6727272727273,0.07034466217954519,S02,25,3,52,False
182.9181818181818,0.07191017802188839,S02,25,3,53,False
185.1909090909091,0.07583188014881109,S02,25,3,54,False
188.98636363636365,0.0729425530390277,S02,25,3,55,False
191.2409090909091,0.07095185276668556,S02,25,3,56,False
194.3590909090909,0.07161634978071685,S02,25,3,57,False
198.88636363636363,0.07295040427883168,S02,25,3,58,False
201.12727272727273,0.07132329225291756,S02,25,3,59,False
203.37727272727273,0.07196961016586478,S02,25,3,60,False
205.65,0.07242706294649515,S02,25,3,61,False
207.96363636363637,0.07249977412938453,S02,25,3,62,False
211.70909090909092,0.07193131533348346,S02,25,3,63,False
213.99545454545455,0.07263090936539254,S02,25,3,64,False
217.77727272727273,0.07266058014742457,S02,25,3,65,False
222.32272727272726,0.072530674151348,S02,25,3,66,False
226.05,0.11694911902145673,S02,25,3,67,False
228.45,0.10908752311239137,S02,25,3,68,False
232.0590909090909,0.08805901286633569,S02,25,3,69,False
235.1727272727273,0.08550218615199534,S02,25,3,70,False
244.3,0.07059161379042286,S02,25,3,71,False
246.6090909090909,0.08769043262747626,S02,25,3,72,False
249.59545454545454,0.08370486380802018,S02,25,3,73,False
252.69545454545454,0.07598591732548203,S02,25,3,74,False
255.75454545454545,0.1096015832892377,S02,25,3,75,False
258.75454545454545,0.07372727277339355,S02,25,3,76,False
261.02272727272725,0.07804357777644906,S02,25,3,77,False
263.1090909090909,0.07912861679391207,S02,25,3,78,False
266.27272727272725,0.07311505511666407,S02,25,3,79,False
269.45454545454544,0.0919229562459075,S02,25,3,80,False
271.6272727272727,0.07642838717591152,S02,25,3,81,False
273.95454545454544,0.08416074834888398,S02,25,3,82,False
276.1409090909091,0.07044564567675105,S02,25,3,83,False
278.3090909090909,0.09613824280719743,S02,25,3,84,False
280.8,0.08011213242177506,S02,25,3,85,False
283.8772727272727,0.07772398362061195,S02,25,3,86,False
285.9818181818182,0.07420001212690225,S02,25,3,87,False
289.00454545454545,0.07558692163977368,S02,25,3,88,False
292.06363636363636,0.07030886781731785,S02,25,3,89,False
294.95,0.08233793818246965,S02,25,3,90,False
297.3363636363636,0.07509419770690748,S02,25,3,91,False
299.6136363636364,0.07324252193750233,S02,25,3,92,False
301.8863636363636,0.07405487421595977,S02,25,3,93,False
305.59090909090907,0.10419070809213188,S02,25,3,94,False
307.9409090909091,0.0700061365201684,S02,25,3,95,False
310.3818181818182,0.08315031509460738,S02,25,3,96,False
314.0090909090909,0.07490837290906803,S02,25,3,97,False
316.3272727272727,0.07390544336218763,S02,25,3,98,False
320.19545454545454,0.104359437402721,S02,25,3,99,False
322.3954545454545,0.06848331065197774,S02,25,3,100,False
325.3363636363636,0.11633167007298761,S02,25,3,101,False
327.6363636363636,0.07330121080288218,S02,25,3,102,False
329.93636363636364,0.07528912720418815,S02,25,3,103,False
335.2181818181818,0.07286719838790177,S02,25,3,104,False
338.30454545454546,0.07095336026086743,S02,25,3,105,False
345.1727272727273,0.07751267449647609,S02,25,3,106,False
347.3363636363636,0.07381575520100399,S02,25,3,107,False
351.1181818181818,0.09358439572876534,S02,25,3,108,False
353.4590909090909,0.07188457852778506,S02,25,3,109,False
355.6818181818182,0.07060551070902471,S02,25,3,110,False
358.78636363636366,0.11673637723227977,S02,25,3,111,False
364.8272727272727,0.07034695982015443,S02,25,3,112,False
370.0,0.07359858682207965,S02,25,3,113,False
373.9136363636364,0.07654430529841051,S02,25,3,114,False
376.1363636363636,0.07168126982197698,S02,25,3,115,False
379.9227272727273,0.07528562091061117,S02,25,3,116,False
383.7681818181818,0.07127524085827139,S02,25,3,117,False
386.0181818181818,0.07238135173773146,S02,25,3,118,False
388.30454545454546,0.07190149483746008,S02,25,3,119,False
392.0863636363636,0.12013786946413524,S02,25,3,120,False
394.3272727272727,0.07168432770679864,S02,25,3,121,False
397.4409090909091,0.07275808761068953,S02,25,3,122,False
402.5681818181818,0.16917283830114624,S02,25,3,123,False
406.4227272727273,0.07974518760761598,S02,25,3,124,False
410.17727272727274,0.18589445466033172,S02,25,3,125,False
414.77272727272725,0.20468911797136055,S02,25,3,126,False
419.1636363636364,0.11035088858031142,S02,25,3,127,False
421.58181818181816,0.1036925180554215,S02,25,3,128,False
424.05454545454546,0.1635152216642335,S02,25,3,129,False
429.15,0.16781592780902238,S02,25,3,130,False
433.2318181818182,0.11063931492675498,S02,25,3,131,False
435.99545454545455,0.07656928787142446,S02,25,3,132,False
441.3772727272727,0.1951640407093916,S02,25,3,133,False
444.4045454545454,0.12239752759083479,S02,25,3,134,False
448.1454545454545,0.0710174831734472,S02,25,3,135,False
450.3363636363636,0.17904724095532232,S02,25,3,136,False
454.1090909090909,0.15141366676064452,S02,25,3,137,False
460.3,0.06980401432015709,S02,25,3,138,False
465.43636363636364,0.13212862418759663,S02,25,3,139,False
469.3454545454546,0.18259182900179993,S02,25,3,140,False
473.18636363636364,0.1597061524780063,S02,25,3,141,False
477.05,0.1668427146186568,S02,25,3,142,False
480.7318181818182,0.1832956144871698,S02,25,3,143,False
484.4590909090909,0.08824399402115451,S02,25,3,144,False
487.6045454545455,0.17164172231668184,S02,25,3,145,False
491.3363636363636,0.13888898285232393,S02,25,3,146,False
494.30454545454546,0.08084833694682741,S02,25,3,147,False
496.69545454545454,0.3580179080229956,S02,25,3,148,True
498.9,0.07619881025104731,S02,25,3,149,False
6.5,0.07355548799897092,S02,50,1,1,False
17.85,0.07230671147217298,S02,50,1,2,False
322.3727272727273,0.09848116495693299,S02,50,1,3,False
342.9909090909091,0.09957522877023364,S02,50,1,4,False
349.7181818181818,0.1279628183630284,S02,50,1,5,False
352.7,0.08384522588041834,S02,50,1,6,False
354.93636363636364,0.20380417131285689,S02,50,1,7,False
357.2,0.09948325289310053,S02,50,1,8,False
359.31363636363636,0.2915407715492322,S02,50,1,9,False
361.7,0.09822058286971581,S02,50,1,10,False
363.9727272727273,0.06999270949795866,S02,50,1,11,False
366.07272727272726,0.14855465132631113,S02,50,1,12,False
369.09090909090907,0.35410845544780534,S02,50,1,13,False
372.15909090909093,0.1401548614734512,S02,50,1,14,False
376.1136363636364,0.385219171728928,S02,50,1,15,True
378.58181818181816,0.2251574436986759,S02,50,1,16,False
380.6,0.1090105146196056,S02,50,1,17,False
383.2772727272727,0.23745697671724283,S02,50,1,18,False
386.8272727272727,0.08710780545041286,S02,50,1,19,False
389.71363636363634,0.30624801700925264,S02,50,1,20,False
394.2318181818182,0.10922481183903798,S02,50,1,21,False
396.5090909090909,0.2864610431275881,S02,50,1,22,False
398.95,0.0802146749086955,S02,50,1,23,False
401.1272727272727,0.2673664398985291,S02,50,1,24,False
404.8363636363636,0.22674277178092958,S02,50,1,25,False
408.81363636363636,0.2850796274833427,S02,50,1,26,False
412.5,0.2256084239209689,S02,50,1,27,False
416.1045454545455,0.17780480367724738,S02,50,1,28,False
418.57272727272726,0.20220333119557657,S02,50,1,29,False
422.2090909090909,0.24509617160356048,S02,50,1,30,False
425.41818181818184,0.276363601412366,S02,50,1,31,False
428.42727272727274,0.27772921146704244,S02,50,1,32,False
431.9727272727273,0.2297546847623112,S02,50,1,33,False
435.3363636363636,0.22166916885333884,S02,50,1,34,False
438.2409090909091,0.2628703697124699,S02,50,1,35,False
441.42727272727274,0.22551302918166133,S02,50,1,36,False
443.6045454545455,0.0826008510422258,S02,50,1,37,False
445.85,0.2275891721497183,S02,50,1,38,False
449.8590909090909,0.23452473806162516,S02,50,1,39,False
451.9818181818182,0.18885187823018162,S02,50,1,40,False
454.18636363636364,0.2883057778029499,S02,50,1,41,False
457.40909090909093,0.3273309906706411,S02,50,1,42,False
460.8954545454545,0.2250989540046555,S02,50,1,43,False
463.40909090909093,0.16664353967279136,S02,50,1,44,False
467.05454545454546,0.19938423288352183,S02,50,1,45,False
469.3545454545455,0.2751104674955309,S02,50,1,46,False
473.1727272727273,0.18511762363191575,S02,50,1,47,False
475.98636363636365,0.14261287569520592,S02,50,1,48,False
478.4590909090909,0.22364593769201396,S02,50,1,49,False
482.16818181818184,0.2370484477748416,S02,50,1,50,False
484.2818181818182,0.1179393699317609,S02,50,1,51,False
486.6909090909091,0.16531678892908597,S02,50,1,52,False
489.75454545454545,0.16099607022051102,S02,50,1,53,False
492.8636363636364,0.2042076269873945,S02,50,1,54,False
495.05454545454546,0.07479462940487625,S02,50,1,55,False
497.5272727272727,0.1814870893038532,S02,50,1,56,False
499.82272727272726,0.11336567282719977,S02,50,1,57,False
242.03181818181818,0.06713847427561381,S02,50,2,1,False
244.29545454545453,0.07416905425760748,S02,50,2,2,False
246.59545454545454,0.09368568428183142,S02,50,2,3,False
248.87272727272727,0.07495192814412212,S02,50,2,4,False
252.5818181818182,0.06155044428921714,S02,50,2,5,False
259.46363636363634,0.09256899470296957,S02,50,2,6,False
263.23636363636365,0.07833071344697962,S02,50,2,7,False
265.4681818181818,0.08881272600328523,S02,50,2,8,False
267.7772727272727,0.06865199573311365,S02,50,2,9,False
354.1318181818182,0.09136776709553292,S02,50,2,10,False
362.3590909090909,0.0700267445285628,S02,50,2,11,False
367.6636363636364,0.06604019531455671,S02,50,2,12,False
372.3363636363636,0.07834895325115272,S02,50,2,13,False
377.4590909090909,0.06068320388954275,S02,50,2,14,False
382.03636363636366,0.07807725948250605,S02,50,2,15,False
385.0590909090909,0.08163958802650613,S02,50,2,16,False
390.01363636363635,0.06855502430368583,S02,50,2,17,False
395.03636363636366,0.09935147353716205,S02,50,2,18,False
399.66818181818184,0.2666070370205321,S02,50,2,19,False
404.8454545454546,0.4746365656004128,S02,50,2,20,True
407.8772727272727,0.07526668349245928,S02,50,2,21,False
411.66818181818184,0.21147999783630253,S02,50,2,22,False
416.27272727272725,0.19812773226878802,S02,50,2,23,False
419.15,0.13902503691686113,S02,50,2,24,False
423.78636363636366,0.13320052627623294,S02,50,2,25,False
427.15909090909093,0.11353951896859349,S02,50,2,26,False
430.0090909090909,0.1896266025985043,S02,50,2,27,False
433.59090909090907,0.19867055309232032,S02,50,2,28,False
438.1818181818182,0.2189769414519604,S02,50,2,29,False
441.9681818181818,0.1793340555645976,S02,50,2,30,False
445.3090909090909,0.208097724078309,S02,50,2,31,False
448.9590909090909,0.2819736446659981,S02,50,2,32,False
451.96363636363634,0.26067850541417803,S02,50,2,33,False
455.4681818181818,0.23089923241424284,S02,50,2,34,False
457.84090909090907,0.13588470463226565,S02,50,2,35,False
460.29545454545456,0.1836617544522001,S02,50,2,36,False
462.90909090909093,0.21557458241622396,S02,50,2,37,False
465.76363636363635,0.15059782317468962,S02,50,2,38,False
467.80454545454546,0.16545113542453999,S02,50,2,39,False
470.8772727272727,0.20089039205946094,S02,50,2,40,False
473.0181818181818,0.15888591769398475,S02,50,2,41,False
475.9409090909091,0.21073065889852913,S02,50,2,42,False
478.4045454545454,0.2409606547902596,S02,50,2,43,False
480.6090909090909,0.17329063202173675,S02,50,2,44,False
483.5863636363636,0.2958790522848844,S02,50,2,45,False
486.7818181818182,0.18825869217366062,S02,50,2,46,False
489.8272727272727,0.1783891129483354,S02,50,2,47,False
492.02272727272725,0.13304569643093514,S02,50,2,48,False
494.03636363636366,0.15281147977053833,S02,50,2,49,False
496.5409090909091,0.19891663872090054,S02,50,2,50,False
498.6909090909091,0.1703901124768356,S02,50,2,51,False
233.0818181818182,0.09709149989836649,S02,50,3,1,False
235.28181818181818,0.07510972401075432,S02,50,3,2,False
238.34545454545454,0.07096159673184707,S02,50,3,3,False
240.6090909090909,0.06891746856130139,S02,50,3,4,False
320.0,0.08693557854105012,S02,50,3,5,False
363.4409090909091,0.07667177730052267,S02,50,3,6,False
367.8181818181818,0.18732118447127988,S02,50,3,7,False
374.17727272727274,0.1028659576794095,S02,50,3,8,False
377.8636363636364,0.3353019752856765,S02,50,3,9,False
380.1136363636364,0.29761259760695336,S02,50,3,10,False
387.9318181818182,0.10841342726134044,S02,50,3,11,False
392.8954545454545,0.1759240515910308,S02,50,3,12,False
395.9909090909091,0.09273804947325348,S02,50,3,13,False
398.22727272727275,0.14281183911353967,S02,50,3,14,False
402.8727272727273,0.22817370945938464,S02,50,3,15,False
404.8727272727273,0.15895227861796796,S02,50,3,16,False
407.3590909090909,0.10808048362765446,S02,50,3,17,False
409.40909090909093,0.13755134498963234,S02,50,3,18,False
413.40909090909093,0.25673104061995483,S02,50,3,19,False
415.77272727272725,0.1983742916588302,S02,50,3,20,False
418.74545454545455,0.3246035432610065,S02,50,3,21,False
422.55454545454546,0.23004089512442455,S02,50,3,22,False
426.4227272727273,0.22239506339849902,S02,50,3,23,False
428.4727272727273,0.25489547891631176,S02,50,3,24,False
430.8636363636364,0.31646302664206966,S02,50,3,25,False
433.7681818181818,0.26811640642350554,S02,50,3,26,False
436.73636363636365,0.24328094152295668,S02,50,3,27,False
439.99545454545455,0.2276649447261189,S02,50,3,28,False
442.55,0.16340613644594187,S02,50,3,29,False
445.1090909090909,0.32848259779172767,S02,50,3,30,False
447.4136363636364,0.09981181915641404,S02,50,3,31,False
449.6545454545454,0.31340856457013494,S02,50,3,32,False
452.5590909090909,0.20272809306253062,S02,50,3,33,False
456.3363636363636,0.17305793817820525,S02,50,3,34,False
459.15,0.1081734392236351,S02,50,3,35,False
462.6409090909091,0.2314200418680389,S02,50,3,36,False
465.69545454545454,0.2922258546170325,S02,50,3,37,False
468.82272727272726,0.15968713598257417,S02,50,3,38,False
471.0181818181818,0.22655542145049232,S02,50,3,39,False
473.8454545454546,0.20984004969793904,S02,50,3,40,False
476.55454545454546,0.18209053142767206,S02,50,3,41,False
478.58181818181816,0.1561114853365852,S02,50,3,42,False
480.84090909090907,0.16364083592710507,S02,50,3,43,False
483.1363636363636,0.22298820677586254,S02,50,3,44,False
485.3590909090909,0.10351133934997266,S02,50,3,45,False
487.48636363636365,0.18807705262300284,S02,50,3,46,False
490.6227272727273,0.1946951150159119,S02,50,3,47,False
493.48636363636365,0.3501083463626683,S02,50,3,48,True
496.5409090909091,0.21874875064191165,S02,50,3,49,False
499.30454545454546,0.23321441833142761,S02,50,3,50,False
1.2727272727272727,0.015364377419570259,S03,10,1,1,False
3.463636363636364,0.01274754238775869,S03,10,1,2,False
7.304545454545455,0.013901939178578694,S03,10,1,3,False
9.572727272727272,0.013518890631806398,S03,10,1,4,False
11.827272727272728,0.014566871172284189,S03,10,1,5,False
14.081818181818182,0.011920660721372784,S03,10,1,6,False
17.145454545454545,0.013169178011403361,S03,10,1,7,False
19.418181818181818,0.01449166585359599,S03,10,1,8,False
21.663636363636364,0.014226442793010595,S03,10,1,9,False
25.472727272727273,0.013548856195044444,S03,10,1,10,False
29.28181818181818,0.01567816709020868,S03,10,1,11,False
31.522727272727273,0.014813075438668681,S03,10,1,12,False
33.845454545454544,0.013444955649778972,S03,10,1,13,False
37.595454545454544,0.014328031132347239,S03,10,1,14,False
39.91818181818182,0.014487538829879232,S03,10,1,15,False
42.095454545454544,0.013218109156640056,S03,10,1,16,False
45.92272727272727,0.013848344128899504,S03,10,1,17,False
48.99090909090909,0.01288102524703198,S03,10,1,18,False
51.24090909090909,0.013491616928188795,S03,10,1,19,False
53.513636363636365,0.014148538686834727,S03,10,1,20,False
56.56818181818182,0.01263957526935216,S03,10,1,21,False
58.80909090909091,0.011593005822399804,S03,10,1,22,False
61.09090909090909,0.013639449939202915,S03,10,1,23,False
64.07272727272728,0.012997766744795556,S03,10,1,24,False
66.37272727272727,0.011958987247395126,S03,10,1,25,False
68.69545454545455,0.01342783391401891,S03,10,1,26,False
72.41818181818182,0.013076423527702859,S03,10,1,27,False
75.47727272727273,0.014016188309774993,S03,10,1,28,False
78.53636363636363,0.014238562173776968,S03,10,1,29,False
82.32727272727273,0.015215284768982044,S03,10,1,30,False
86.1,0.01660971805210806,S03,10,1,31,False
88.32727272727273,0.01506735891411987,S03,10,1,32,False
91.36818181818182,0.013098603145092143,S03,10,1,33,False
95.24545454545455,0.013052554413452676,S03,10,1,34,False
98.99545454545455,0.01678532132679985,S03,10,1,35,False
102.78636363636363,0.01272033556590167,S03,10,1,36,False
105.07272727272728,0.013214167162375903,S03,10,1,37,False
107.29545454545455,0.014028486625906592,S03,10,1,38,False
109.59545454545454,0.012134026860863895,S03,10,1,39,False
111.87272727272727,0.013308339452473842,S03,10,1,40,False
114.89545454545454,0.012824427836799792,S03,10,1,41,False
118.68636363636364,0.014140069616106702,S03,10,1,42,False
122.51363636363637,0.014455383045803447,S03,10,1,43,False
124.75909090909092,0.014168749179483117,S03,10,1,44,False
127.01818181818182,0.014161260462254306,S03,10,1,45,False
130.01363636363635,0.017897954754211527,S03,10,1,46,True
133.1090909090909,0.015036612007179881,S03,10,1,47,False
136.87272727272727,0.013494996628222341,S03,10,1,48,False
139.13636363636363,0.014948044579763887,S03,10,1,49,False
142.20454545454547,0.012584314854771333,S03,10,1,50,False
144.46363636363637,0.013235545195525274,S03,10,1,51,False
146.72727272727272,0.011609356777204014,S03,10,1,52,False
149.0090909090909,0.013872460580205127,S03,10,1,53,False
152.78636363636363,0.013081258735875184,S03,10,1,54,False
155.06363636363636,0.01252056534592464,S03,10,1,55,False
158.85454545454544,0.012618061196290581,S03,10,1,56,False
161.09545454545454,0.012970645788392982,S03,10,1,57,False
164.10454545454544,0.013107583631408194,S03,10,1,58,False
166.42727272727274,0.012806608554781508,S03,10,1,59,False
168.6590909090909,0.014233308233713635,S03,10,1,60,False
170.98636363636365,0.012875036218192023,S03,10,1,61,False
174.01818181818183,0.017149855558003226,S03,10,1,62,False
177.80454545454546,0.014001080558151718,S03,10,1,63,False
180.8318181818182,0.012675656809039716,S03,10,1,64,False
183.11818181818182,0.013875236235499092,S03,10,1,65,False
185.3318181818182,0.012222319979303824,S03,10,1,66,False
187.66363636363636,0.01667984652298125,S03,10,1,67,False
190.69545454545454,0.014253944165697077,S03,10,1,68,False
193.6909090909091,0.01360424517210758,S03,10,1,69,False
195.97272727272727,0.01335823216851905,S03,10,1,70,False
198.25,0.012993000888610558,S03,10,1,71,False
200.52727272727273,0.011672190228857366,S03,10,1,72,False
203.58636363636364,0.013166094743772295,S03,10,1,73,False
206.6090909090909,0.013513366145924303,S03,10,1,74,False
208.86818181818182,0.013749818118561597,S03,10,1,75,False
211.89545454545456,0.01279851045151575,S03,10,1,76,False
214.1590909090909,0.01351307584929324,S03,10,1,77,False
217.98181818181817,0.01594694443572677,S03,10,1,78,False
220.21818181818182,0.012127307437113558,S03,10,1,79,False
223.2590909090909,0.011932658466881707,S03,10,1,80,False
225.53181818181818,0.013119531660087115,S03,10,1,81,False
228.59545454545454,0.013272888721216843,S03,10,1,82,False
231.56363636363636,0.011668491450673734,S03,10,1,83,False
233.89545454545456,0.014620976805007338,S03,10,1,84,False
236.91363636363636,0.01222666025263861,S03,10,1,85,False
239.1909090909091,0.012578582516830996,S03,10,1,86,False
241.46363636363637,0.01520955326127257,S03,10,1,87,False
244.48181818181817,0.014091866165118086,S03,10,1,88,False
248.25454545454545,0.013286201399340026,S03,10,1,89,False
250.52272727272728,0.013066857683848968,S03,10,1,90,False
253.52272727272728,0.012139364482247877,S03,10,1,91,False
255.85,0.014573822818421645,S03,10,1,92,False
258.1181818181818,0.013118026955554005,S03,10,1,93,False
261.9409090909091,0.01686768360260662,S03,10,1,94,False
264.1409090909091,0.013996610028102874,S03,10,1,95,False
266.40909090909093,0.01324430190213443,S03,10,1,96,False
268.6909090909091,0.01280620951475015,S03,10,1,97,False
271.76363636363635,0.012686351357432152,S03,10,1,98,False
277.83181818181816,0.012647479129370948,S03,10,1,99,False
285.4136363636364,0.012249091689085854,S03,10,1,100,False
288.45454545454544,0.013936193350126764,S03,10,1,101,False
296.72727272727275,0.012395017524175973,S03,10,1,102,False
303.6272727272727,0.016500688938083437,S03,10,1,103,False
305.85,0.013771869198437843,S03,10,1,104,False
308.1272727272727,0.016264038875872106,S03,10,1,105,False
310.3909090909091,0.012366855022431775,S03,10,1,106,False
312.67727272727274,0.013698038366772143,S03,10,1,107,False
314.9045454545454,0.011938694709743975,S03,10,1,108,False
317.23636363636365,0.014178414963755876,S03,10,1,109,False
320.2681818181818,0.014271140949105959,S03,10,1,110,False
322.5409090909091,0.014500018595544013,S03,10,1,111,False
325.58181818181816,0.013582695084690306,S03,10,1,112,False
328.6,0.014351266042964581,S03,10,1,113,False
330.8818181818182,0.012543472772449708,S03,10,1,114,False
333.1363636363636,0.011823069964911503,S03,10,1,115,False
335.40909090909093,0.012948325601243427,S03,10,1,116,False
339.2227272727273,0.012620709509017074,S03,10,1,117,False
342.2090909090909,0.013096422455331578,S03,10,1,118,False
344.49545454545455,0.014106083479957825,S03,10,1,119,False
346.7181818181818,0.015251542199285404,S03,10,1,120,False
348.99545454545455,0.014789125841544778,S03,10,1,121,False
353.6181818181818,0.011753865653066875,S03,10,1,122,False
355.8954545454545,0.01449525315727493,S03,10,1,123,False
358.1090909090909,0.011727450000665985,S03,10,1,124,False
361.1818181818182,0.012752753684803851,S03,10,1,125,False
363.4409090909091,0.013671626557390551,S03,10,1,126,False
366.4909090909091,0.01261000557761573,S03,10,1,127,False
368.7681818181818,0.012560972374186234,S03,10,1,128,False
371.04545454545456,0.011596825389772688,S03,10,1,129,False
374.78636363636366,0.01174536817741622,S03,10,1,130,False
377.8363636363636,0.013170393388569767,S03,10,1,131,False
380.09090909090907,0.013215755294145112,S03,10,1,132,False
383.9136363636364,0.013095959326466232,S03,10,1,133,False
386.16818181818184,0.012641231340114087,S03,10,1,134,False
388.5,0.013918457047053532,S03,10,1,135,False
390.7409090909091,0.013340258404950029,S03,10,1,136,False
392.95454545454544,0.015372389597754957,S03,10,1,137,False
396.09090909090907,0.016651089197590587,S03,10,1,138,False
399.03636363636366,0.01605579238373323,S03,10,1,139,False
402.8545454545455,0.013880183303747509,S03,10,1,140,False
405.0954545454546,0.012457356046450754,S03,10,1,141,False
407.4136363636364,0.013053006334090112,S03,10,1,142,False
411.2090909090909,0.01590250686075042,S03,10,1,143,False
413.4727272727273,0.012985677974956172,S03,10,1,144,False
416.5,0.013369701571304016,S03,10,1,145,False
418.76363636363635,0.012463438117983866,S03,10,1,146,False
421.04545454545456,0.014740159797097929,S03,10,1,147,False
423.33181818181816,0.012375388716083038,S03,10,1,148,False
426.3681818181818,0.014665362593288234,S03,10,1,149,False
430.1545454545454,0.013957852102092232,S03,10,1,150,False
432.40909090909093,0.01358190153719442,S03,10,1,151,False
435.4590909090909,0.01539534736118074,S03,10,1,152,False
437.7318181818182,0.01339727566178367,S03,10,1,153,False
439.98636363636365,0.015115232821826863,S03,10,1,154,False
442.2409090909091,0.01383523927822826,S03,10,1,155,False
446.0181818181818,0.014472308908414017,S03,10,1,156,False
448.31363636363636,0.012737178833497804,S03,10,1,157,False
450.6,0.014963317361521112,S03,10,1,158,False
453.55454545454546,0.014698371092159535,S03,10,1,159,False
455.92727272727274,0.014470977149459847,S03,10,1,160,False
458.9136363636364,0.012343250099447044,S03,10,1,161,False
462.7090909090909,0.01420694135187245,S03,10,1,162,False
465.7590909090909,0.013334584094514643,S03,10,1,163,False
468.7818181818182,0.01587883015549301,S03,10,1,164,False
471.84090909090907,0.013831692394839817,S03,10,1,165,False
474.0954545454546,0.013994048134778357,S03,10,1,166,False
476.3681818181818,0.015569011504146387,S03,10,1,167,False
480.1909090909091,0.014385834526305893,S03,10,1,168,False
483.1454545454545,0.014824002606965144,S03,10,1,169,False
485.46363636363634,0.01576313553488133,S03,10,1,170,False
489.2590909090909,0.015690477347032245,S03,10,1,171,False
491.5181818181818,0.012765088639926769,S03,10,1,172,False
494.51363636363635,0.01453832400575938,S03,10,1,173,False
496.8181818181818,0.014490595953048638,S03,10,1,174,False
499.8363636363636,0.01445750367880501,S03,10,1,175,False
1.459090909090909,0.007682709044029713,S03,10,2,1,False
3.668181818181818,0.008116291584387744,S03,10,2,2,False
6.736363636363636,0.007917103527011176,S03,10,2,3,False
9.004545454545454,0.007909646356475633,S03,10,2,4,False
12.004545454545454,0.00866707375335141,S03,10,2,5,False
15.872727272727273,0.008004922942160885,S03,10,2,6,False
18.104545454545455,0.006649391675039093,S03,10,2,7,False
22.70909090909091,0.007909853090753453,S03,10,2,8,False
24.931818181818183,0.008893465796864859,S03,10,2,9,False
27.15,0.009667678316756136,S03,10,2,10,False
30.254545454545454,0.006693235184028654,S03,10,2,11,False
32.54545454545455,0.007354255125035443,S03,10,2,12,False
34.71818181818182,0.0074336294553160615,S03,10,2,13,False
37.04545454545455,0.008166294019483987,S03,10,2,14,False
40.845454545454544,0.006795660991216828,S03,10,2,15,False
43.127272727272725,0.008299788897479617,S03,10,2,16,False
45.28181818181818,0.006886242775292907,S03,10,2,17,False
47.60909090909091,0.008371352735317666,S03,10,2,18,False
50.69090909090909,0.010076632331430342,S03,10,2,19,False
52.92272727272727,0.011099129779956883,S03,10,2,20,False
55.16818181818182,0.006248868000273668,S03,10,2,21,False
57.377272727272725,0.008444874842698158,S03,10,2,22,False
59.78636363636364,0.00763396204085998,S03,10,2,23,False
62.05,0.006302606337129145,S03,10,2,24,False
64.3409090909091,0.007440424481800873,S03,10,2,25,False
66.47272727272727,0.0075437782541527875,S03,10,2,26,False
68.7909090909091,0.0071427082070172915,S03,10,2,27,False
71.07727272727273,0.008176569313766304,S03,10,2,28,False
73.42727272727272,0.00672923933167106,S03,10,2,29,False
75.66363636363636,0.0074177051886202845,S03,10,2,30,False
77.91818181818182,0.006097357970198,S03,10,2,31,False
80.16363636363636,0.008676287369542722,S03,10,2,32,False
83.2,0.009274641479634905,S03,10,2,33,False
85.53636363636363,0.008131160634752818,S03,10,2,34,False
90.03636363636363,0.008188434447911676,S03,10,2,35,False
93.81363636363636,0.006529804482252371,S03,10,2,36,False
96.10909090909091,0.008294649960056803,S03,10,2,37,False
99.15454545454546,0.008724625142840154,S03,10,2,38,False
101.42272727272727,0.009639351903947664,S03,10,2,39,False
103.57727272727273,0.008002706427730507,S03,10,2,40,False
107.45454545454545,0.008676887472663364,S03,10,2,41,False
110.44545454545455,0.0073418652846040135,S03,10,2,42,False
112.70454545454545,0.0074118783565493935,S03,10,2,43,False
114.97727272727273,0.0073182140819737715,S03,10,2,44,False
118.11818181818182,0.008800150409933772,S03,10,2,45,False
120.2909090909091,0.007271794175505426,S03,10,2,46,False
122.6,0.006887950962976983,S03,10,2,47,False
126.38181818181818,0.007472470012313727,S03,10,2,48,False
128.60454545454544,0.007938191642414683,S03,10,2,49,False
131.73181818181817,0.0064818202927328546,S03,10,2,50,False
134.01818181818183,0.008983245080380417,S03,10,2,51,False
137.02272727272728,0.008160329331398562,S03,10,2,52,False
139.29090909090908,0.009448196115381944,S03,10,2,53,False
142.24545454545455,0.00835191049752193,S03,10,2,54,False
144.4318181818182,0.0077246957599267346,S03,10,2,55,False
148.3409090909091,0.008037491728265534,S03,10,2,56,False
152.13636363636363,0.00805205187916782,S03,10,2,57,False
154.34545454545454,0.006892875084316279,S03,10,2,58,False
157.40454545454546,0.006888197861861613,S03,10,2,59,False
159.57272727272726,0.008175306059536,S03,10,2,60,False
163.54545454545453,0.009129127927741393,S03,10,2,61,False
165.74545454545455,0.006177222782633684,S03,10,2,62,False
168.06363636363636,0.008067256232546234,S03,10,2,63,False
170.24545454545455,0.006912529743789744,S03,10,2,64,False
173.30454545454546,0.007936128729189862,S03,10,2,65,False
175.5909090909091,0.007252945257526042,S03,10,2,66,False
177.9909090909091,0.007343756360588436,S03,10,2,67,False
180.8909090909091,0.008052390981736502,S03,10,2,68,False
184.75,0.009249111024628665,S03,10,2,69,False
188.47727272727272,0.012261941584098286,S03,10,2,70,False
192.26818181818183,0.007664228719727583,S03,10,2,71,False
196.03181818181818,0.007423934811074485,S03,10,2,72,False
199.13636363636363,0.008365620744180183,S03,10,2,73,False
202.15454545454546,0.0070242354652823484,S03,10,2,74,False
206.71363636363637,0.008188946928995633,S03,10,2,75,False
210.5,0.007673343876862818,S03,10,2,76,False
214.27727272727273,0.00825076415310032,S03,10,2,77,False
216.5818181818182,0.006513046546584153,S03,10,2,78,False
219.57272727272726,0.006600914163078494,S03,10,2,79,False
221.72272727272727,0.009247203573347169,S03,10,2,80,False
224.8909090909091,0.00704065301199013,S03,10,2,81,False
228.63636363636363,0.007177577922276306,S03,10,2,82,False
230.93636363636364,0.010632918343077622,S03,10,2,83,False
233.21363636363637,0.009564344493623459,S03,10,2,84,False
236.1727272727273,0.008823081566953696,S03,10,2,85,False
239.97272727272727,0.010843215713721738,S03,10,2,86,False
243.0818181818182,0.00811434388332449,S03,10,2,87,False
245.21818181818182,0.006058759215837109,S03,10,2,88,False
247.53636363636363,0.008896085056950805,S03,10,2,89,False
249.8272727272727,0.007670155241450611,S03,10,2,90,False
252.90454545454546,0.006786329625145745,S03,10,2,91,False
256.7,0.006927732841804678,S03,10,2,92,False
259.6136363636364,0.006841785322768773,S03,10,2,93,False
265.68636363636364,0.006349774166856152,S03,10,2,94,False
269.5318181818182,0.008915663589177624,S03,10,2,95,False
272.58181818181816,0.008648371715506784,S03,10,2,96,False
277.1727272727273,0.008542254423516818,S03,10,2,97,False
280.08181818181816,0.011441165128683917,S03,10,2,98,False
283.8590909090909,0.010341161359559885,S03,10,2,99,False
286.93636363636364,0.00950118254987711,S03,10,2,100,False
289.2681818181818,0.007741832220083908,S03,10,2,101,False
291.55454545454546,0.007865367840863889,S03,10,2,102,False
293.82272727272726,0.008460222110538701,S03,10,2,103,False
296.1045454545455,0.007199746247979734,S03,10,2,104,False
298.30454545454546,0.007682245482014133,S03,10,2,105,False
300.6272727272727,0.006562642715983089,S03,10,2,106,False
302.8681818181818,0.006617146999883286,S03,10,2,107,False
305.07272727272726,0.0070300028086769766,S03,10,2,108,False
307.31363636363636,0.00774181436388,S03,10,2,109,False
311.94545454545454,0.008160392760305656,S03,10,2,110,False
314.91818181818184,0.006674415916559453,S03,10,2,111,False
317.99545454545455,0.00886051215232304,S03,10,2,112,False
324.03636363636366,0.007160050853210919,S03,10,2,113,False
328.5590909090909,0.007721366842098724,S03,10,2,114,False
330.91818181818184,0.00833788636827963,S03,10,2,115,False
333.1636363636364,0.006950050933260352,S03,10,2,116,False
336.99545454545455,0.006584577092647831,S03,10,2,117,False
341.47727272727275,0.006664518710342316,S03,10,2,118,False
344.4909090909091,0.006081861237873611,S03,10,2,119,False
346.8181818181818,0.0075402326198714936,S03,10,2,120,False
349.04545454545456,0.007266281134870425,S03,10,2,121,False
351.2681818181818,0.007195732766628851,S03,10,2,122,False
355.9045454545454,0.0073332072887449425,S03,10,2,123,False
358.1818181818182,0.006100172498123151,S03,10,2,124,False
361.8590909090909,0.007572588468056567,S03,10,2,125,False
365.7590909090909,0.007860773025784026,S03,10,2,126,False
367.98636363636365,0.007910643060607046,S03,10,2,127,False
370.2681818181818,0.006309705121340481,S03,10,2,128,False
374.8681818181818,0.006895666594164424,S03,10,2,129,False
381.6454545454545,0.008319730352009846,S03,10,2,130,False
384.6227272727273,0.006232057146894766,S03,10,2,131,False
386.94545454545454,0.008415533413870444,S03,10,2,132,False
389.17727272727274,0.008559032830790084,S03,10,2,133,False
393.03636363636366,0.0071129175069552224,S03,10,2,134,False
395.29545454545456,0.007633299889489866,S03,10,2,135,False
399.0181818181818,0.008080550600966456,S03,10,2,136,False
402.05,0.00896255534385463,S03,10,2,137,False
405.00454545454545,0.007546773019892735,S03,10,2,138,False
407.3681818181818,0.00952488013307318,S03,10,2,139,False
409.6909090909091,0.006431552505611372,S03,10,2,140,False
411.9590909090909,0.009034158708923221,S03,10,2,141,False
414.23636363636365,0.008530662129241803,S03,10,2,142,False
416.46363636363634,0.0072449332758953945,S03,10,2,143,False
421.76363636363635,0.007420124561447223,S03,10,2,144,False
424.05454545454546,0.009537215021599422,S03,10,2,145,False
426.23636363636365,0.006576754066964306,S03,10,2,146,False
428.6454545454545,0.007818672358923452,S03,10,2,147,False
432.3590909090909,0.007719415648905394,S03,10,2,148,False
434.70454545454544,0.008352745087153399,S03,10,2,149,False
439.1545454545454,0.007496510743926788,S03,10,2,150,False
441.5181818181818,0.008425642044941613,S03,10,2,151,False
444.50454545454545,0.00783933066075674,S03,10,2,152,False
446.8272727272727,0.010626000032649132,S03,10,2,153,False
449.05,0.00744888073591865,S03,10,2,154,False
452.0954545454546,0.008799305385475336,S03,10,2,155,False
455.7681818181818,0.00817629575663931,S03,10,2,156,False
458.1818181818182,0.009156753754968602,S03,10,2,157,False
460.44545454545454,0.009356963056035773,S03,10,2,158,False
462.6818181818182,0.006504677888571454,S03,10,2,159,False
467.96363636363634,0.006722493385724143,S03,10,2,160,False
470.18636363636364,0.009505425895781202,S03,10,2,161,False
472.6,0.01420334692307078,S03,10,2,162,True
476.35,0.007453498246748139,S03,10,2,163,False
478.6318181818182,0.0065178072170048885,S03,10,2,164,False
480.8954545454545,0.006726031865200237,S03,10,2,165,False
483.0590909090909,0.009479085614549809,S03,10,2,166,False
486.1818181818182,0.01070949712652352,S03,10,2,167,False
488.41818181818184,0.007422812085475286,S03,10,2,168,False
490.6909090909091,0.00882318461108348,S03,10,2,169,False
492.94545454545454,0.0072498955512452085,S03,10,2,170,False
496.7818181818182,0.011144171141741162,S03,10,2,171,False
499.83181818181816,0.01016325940133043,S03,10,2,172,False
1.4227272727272726,0.0138423671217592,S03,10,3,1,False
4.5227272727272725,0.016014682596129183,S03,10,3,2,False
8.327272727272728,0.013892159218494718,S03,10,3,3,False
10.568181818181818,0.013436145619606238,S03,10,3,4,False
14.340909090909092,0.014941079117723667,S03,10,3,5,False
16.545454545454547,0.013832094957678646,S03,10,3,6,False
19.654545454545456,0.013820689681422978,S03,10,3,7,False
21.94090909090909,0.014466180755239174,S03,10,3,8,False
24.95909090909091,0.0147735178510414,S03,10,3,9,False
28.009090909090908,0.01433512914902221,S03,10,3,10,False
31.03181818181818,0.01340406062780885,S03,10,3,11,False
34.02272727272727,0.015123332095056643,S03,10,3,12,False
36.304545454545455,0.012666662885460766,S03,10,3,13,False
40.11363636363637,0.016033515142384838,S03,10,3,14,False
42.38181818181818,0.015177621559051691,S03,10,3,15,False
44.61363636363637,0.017001134086547007,S03,10,3,16,False
48.43181818181818,0.015953000098981245,S03,10,3,17,False
50.722727272727276,0.013659331993924065,S03,10,3,18,False
54.527272727272724,0.01358519714898368,S03,10,3,19,False
56.80909090909091,0.016301850577380917,S03,10,3,20,False
59.8,0.015105813345364,S03,10,3,21,False
62.095454545454544,0.011732297802104524,S03,10,3,22,False
64.35909090909091,0.01353844616693723,S03,10,3,23,False
68.1,0.012717032235557932,S03,10,3,24,False
71.96363636363637,0.014589689536752649,S03,10,3,25,False
75.75,0.015889431488835072,S03,10,3,26,False
77.99545454545455,0.012389605395010665,S03,10,3,27,False
80.26363636363637,0.014363095176980884,S03,10,3,28,False
82.53181818181818,0.012970408890315378,S03,10,3,29,False
84.8,0.01227317400640864,S03,10,3,30,False
87.02727272727273,0.016086767393112593,S03,10,3,31,False
90.89090909090909,0.016526411081153134,S03,10,3,32,False
94.64545454545454,0.011786702862061096,S03,10,3,33,False
96.89545454545454,0.011692426562751185,S03,10,3,34,False
99.16818181818182,0.014932379005154485,S03,10,3,35,False
101.46363636363637,0.013678202032519125,S03,10,3,36,False
103.69090909090909,0.013655110582993256,S03,10,3,37,False
106.05,0.012033577418278124,S03,10,3,38,False
108.27727272727273,0.014341973203144755,S03,10,3,39,False
110.56818181818181,0.013658388605837677,S03,10,3,40,False
112.81818181818181,0.014689075909410284,S03,10,3,41,False
115.10454545454546,0.014914363815179835,S03,10,3,42,False
117.38181818181818,0.0139363130591914,S03,10,3,43,False
121.16363636363636,0.014595500518136937,S03,10,3,44,False
123.43636363636364,0.01211102660943143,S03,10,3,45,False
125.69090909090909,0.012892142916778423,S03,10,3,46,False
127.94090909090909,0.011477024327993086,S03,10,3,47,False
130.21363636363637,0.014627762457175793,S03,10,3,48,False
133.29090909090908,0.014494217268725537,S03,10,3,49,False
135.52727272727273,0.01489092077123608,S03,10,3,50,False
137.85454545454544,0.013282323416148892,S03,10,3,51,False
140.11363636363637,0.012660588620113229,S03,10,3,52,False
142.40454545454546,0.014129729325609984,S03,10,3,53,False
146.91363636363636,0.01494369661504832,S03,10,3,54,False
149.22272727272727,0.014007619363855354,S03,10,3,55,False
151.45909090909092,0.012633748111727865,S03,10,3,56,False
153.73181818181817,0.012367447019705177,S03,10,3,57,False
156.77727272727273,0.013677726463579693,S03,10,3,58,False
160.56363636363636,0.015688648270225654,S03,10,3,59,False
162.8409090909091,0.012568206976239674,S03,10,3,60,False
165.8272727272727,0.012543441651385248,S03,10,3,61,False
168.1590909090909,0.014826502347933196,S03,10,3,62,False
170.4090909090909,0.012734920194454043,S03,10,3,63,False
172.62272727272727,0.015589441975924406,S03,10,3,64,False
174.95909090909092,0.014275653948999226,S03,10,3,65,False
177.20909090909092,0.016398878218376593,S03,10,3,66,False
180.21818181818182,0.014641544966859153,S03,10,3,67,False
182.55,0.012994968089362798,S03,10,3,68,False
184.76818181818183,0.013582304991888965,S03,10,3,69,False
188.61818181818182,0.012676631780962264,S03,10,3,70,False
190.86818181818182,0.013850811509447716,S03,10,3,71,False
193.13181818181818,0.014591259630937867,S03,10,3,72,False
196.16363636363636,0.01319790451347265,S03,10,3,73,False
199.9909090909091,0.012980876873073689,S03,10,3,74,False
203.01363636363635,0.013725536239464833,S03,10,3,75,False
205.27727272727273,0.01217349980911266,S03,10,3,76,False
207.54545454545453,0.014417464445472943,S03,10,3,77,False
209.8181818181818,0.012902366480824308,S03,10,3,78,False
212.0818181818182,0.016077889566041656,S03,10,3,79,False
215.13181818181818,0.015172878920692478,S03,10,3,80,False
218.17727272727274,0.011315696430030145,S03,10,3,81,False
220.44545454545454,0.012126104983930868,S03,10,3,82,False
223.36363636363637,0.013292940259222303,S03,10,3,83,False
225.71363636363637,0.011683563225895784,S03,10,3,84,False
227.9409090909091,0.012466784446645035,S03,10,3,85,False
230.27272727272728,0.011599049947773363,S03,10,3,86,False
234.05,0.012654069486132123,S03,10,3,87,False
236.29545454545453,0.013362484353649643,S03,10,3,88,False
239.33636363636364,0.012520874368629267,S03,10,3,89,False
256.0,0.012572944014513435,S03,10,3,90,False
258.2818181818182,0.011950481047070801,S03,10,3,91,False
260.5,0.01361547251289693,S03,10,3,92,False
264.3590909090909,0.011868421956329523,S03,10,3,93,False
266.6363636363636,0.013329030044402758,S03,10,3,94,False
277.2181818181818,0.011385882668041528,S03,10,3,95,False
279.50454545454545,0.01629986238916255,S03,10,3,96,False
283.99545454545455,0.013528245595524558,S03,10,3,97,False
287.8090909090909,0.01133108354021883,S03,10,3,98,False
290.1181818181818,0.012233544690885435,S03,10,3,99,False
292.4045454545454,0.01213287272410584,S03,10,3,100,False
295.4136363636364,0.012812353055515306,S03,10,3,101,False
298.41818181818184,0.0112700040801707,S03,10,3,102,False
302.2772727272727,0.012070344333401078,S03,10,3,103,False
305.27272727272725,0.011243328683103106,S03,10,3,104,False
309.09090909090907,0.01260093074506136,S03,10,3,105,False
314.2909090909091,0.012398521367966249,S03,10,3,106,False
318.1454545454545,0.01302465715394764,S03,10,3,107,False
320.3727272727273,0.012194520766785576,S03,10,3,108,False
323.47727272727275,0.012433414467678377,S03,10,3,109,False
327.25,0.012063225399729158,S03,10,3,110,False
329.5590909090909,0.011559878737585343,S03,10,3,111,False
332.55454545454546,0.014637305860768895,S03,10,3,112,False
337.80454545454546,0.011454057978786914,S03,10,3,113,False
340.1136363636364,0.011666593709025126,S03,10,3,114,False
343.90909090909093,0.015407769181387213,S03,10,3,115,False
346.1454545454545,0.011853710753186395,S03,10,3,116,False
348.46363636363634,0.015293593105230131,S03,10,3,117,False
352.23636363636365,0.014819370622822802,S03,10,3,118,False
354.55,0.013843156161063639,S03,10,3,119,False
357.50454545454545,0.013937134560178577,S03,10,3,120,False
362.8545454545455,0.011722172176359234,S03,10,3,121,False
367.3772727272727,0.015251440479479218,S03,10,3,122,False
369.6454545454545,0.013006345117231128,S03,10,3,123,False
372.66818181818184,0.013160496368306733,S03,10,3,124,False
374.9590909090909,0.011922986945719104,S03,10,3,125,False
377.9818181818182,0.01500200379723387,S03,10,3,126,False
381.00454545454545,0.014968238587729013,S03,10,3,127,False
383.28636363636366,0.011886722588395179,S03,10,3,128,False
388.5863636363636,0.012693124646140159,S03,10,3,129,False
390.8727272727273,0.01458177029523853,S03,10,3,130,False
394.65,0.016137999740572277,S03,10,3,131,False
398.4227272727273,0.014565771015601003,S03,10,3,132,False
401.4590909090909,0.01597591579943972,S03,10,3,133,False
404.50454545454545,0.014025288494069029,S03,10,3,134,False
406.7772727272727,0.013077609773580834,S03,10,3,135,False
409.06363636363636,0.0139408742137124,S03,10,3,136,False
412.84090909090907,0.014325257541698543,S03,10,3,137,False
416.65,0.012429224152174529,S03,10,3,138,False
419.6318181818182,0.012545546757207576,S03,10,3,139,False
421.9227272727273,0.014260315939163359,S03,10,3,140,False
424.92727272727274,0.014754832452016883,S03,10,3,141,False
427.99545454545455,0.013994367950212359,S03,10,3,142,False
430.26363636363635,0.01611136272974522,S03,10,3,143,False
433.2681818181818,0.015716970756625905,S03,10,3,144,False
435.53636363636366,0.013883225432889897,S03,10,3,145,False
437.83181818181816,0.018480540684823264,S03,10,3,146,False
441.56363636363636,0.017392706363508054,S03,10,3,147,False
443.8818181818182,0.016194529213615916,S03,10,3,148,False
446.1454545454545,0.012249031794227837,S03,10,3,149,False
449.1909090909091,0.014526657302842578,S03,10,3,150,False
452.2227272727273,0.015177953348046693,S03,10,3,151,False
456.03636363636366,0.012059211264716324,S03,10,3,152,False
458.20454545454544,0.013853415770838515,S03,10,3,153,False
461.3181818181818,0.01335253368837851,S03,10,3,154,False
463.5681818181818,0.012401592134573482,S03,10,3,155,False
465.8590909090909,0.013042773614805447,S03,10,3,156,False
468.1636363636364,0.014863708298506764,S03,10,3,157,False
471.1272727272727,0.014967722866217968,S03,10,3,158,False
474.92727272727274,0.013619156554316291,S03,10,3,159,False
477.1818181818182,0.014751009233317135,S03,10,3,160,False
480.25,0.018219748957382362,S03,10,3,161,False
482.47727272727275,0.01879341360197491,S03,10,3,162,True
485.56363636363636,0.017618131007285466,S03,10,3,163,False
488.54545454545456,0.01594753543915306,S03,10,3,164,False
490.83181818181816,0.013988284778051958,S03,10,3,165,False
493.1045454545455,0.014433077817091005,S03,10,3,166,False
495.3909090909091,0.015258060765641979,S03,10,3,167,False
497.6181818181818,0.016555585676442296,S03,10,3,168,False
499.90909090909093,0.01302360521520329,S03,10,3,169,False
351.45454545454544,0.05123765274263573,S03,25,1,1,False
363.41818181818184,0.056321472101906786,S03,25,1,2,False
372.1363636363636,0.027024850073086474,S03,25,1,3,False
374.8772727272727,0.026302871062942136,S03,25,1,4,False
379.9909090909091,0.03090995719106856,S03,25,1,5,False
383.20454545454544,0.024362310157207308,S03,25,1,6,False
386.24545454545455,0.049073811598893353,S03,25,1,7,False
391.1454545454545,0.03370886507230038,S03,25,1,8,False
395.8727272727273,0.030720119873280292,S03,25,1,9,False
402.4681818181818,0.027761103641517643,S03,25,1,10,False
406.6,0.06270993787830623,S03,25,1,11,False
413.55,0.02317728742122561,S03,25,1,12,False
418.8545454545455,0.044625879452941414,S03,25,1,13,False
422.7818181818182,0.03860646372973596,S03,25,1,14,False
426.1181818181818,0.023843478003645877,S03,25,1,15,False
432.99545454545455,0.03133456629315797,S03,25,1,16,False
438.6,0.026164834760867957,S03,25,1,17,False
447.33181818181816,0.041209821668404825,S03,25,1,18,False
450.49545454545455,0.06183329621200923,S03,25,1,19,False
455.0590909090909,0.022846558943027954,S03,25,1,20,False
457.1818181818182,0.034968767434789993,S03,25,1,21,False
459.5090909090909,0.04094090009892859,S03,25,1,22,False
464.3363636363636,0.04744230042405227,S03,25,1,23,False
467.7772727272727,0.033534791836358546,S03,25,1,24,False
474.2681818181818,0.049007591451666666,S03,25,1,25,False
476.3863636363636,0.0329667052087777,S03,25,1,26,False
479.3272727272727,0.053617603904085806,S03,25,1,27,False
483.4045454545454,0.06622094934366665,S03,25,1,28,True
486.7409090909091,0.03318493305755484,S03,25,1,29,False
489.9,0.0612672140670357,S03,25,1,30,False
496.28636363636366,0.059875241812616435,S03,25,1,31,False
499.6636363636364,0.01859371194466223,S03,25,1,32,False
66.38181818181818,0.018018607494586333,S03,25,2,1,False
326.95454545454544,0.018011482609372506,S03,25,2,2,False
332.22727272727275,0.01810958945046339,S03,25,2,3,False
334.5,0.018913788403244425,S03,25,2,4,False
373.8681818181818,0.018141879014161276,S03,25,2,5,False
388.8727272727273,0.048003162452770844,S03,25,2,6,False
396.6,0.02236093664016623,S03,25,2,7,False
398.8636363636364,0.03846653508202917,S03,25,2,8,False
401.8454545454546,0.03924429091842145,S03,25,2,9,False
408.66818181818184,0.03621579096167608,S03,25,2,10,False
423.3590909090909,0.021594124931061276,S03,25,2,11,False
431.6045454545455,0.05865631917951942,S03,25,2,12,False
435.59090909090907,0.02723351178590675,S03,25,2,13,False
442.1636363636364,0.03592186968472887,S03,25,2,14,False
448.1409090909091,0.052719477998797164,S03,25,2,15,False
455.59090909090907,0.03477909762598109,S03,25,2,16,False
458.58181818181816,0.028097067533502995,S03,25,2,17,False
462.46363636363634,0.05561687026659739,S03,25,2,18,False
470.1181818181818,0.020723463888115124,S03,25,2,19,False
474.6545454545454,0.03332228466715703,S03,25,2,20,False
476.9045454545454,0.02579299524660008,S03,25,2,21,False
483.70454545454544,0.05651296016660762,S03,25,2,22,False
486.70454545454544,0.08817637441319622,S03,25,2,23,True
490.6181818181818,0.027823544978944036,S03,25,2,24,False
494.55,0.04665609780913571,S03,25,2,25,False
499.6227272727273,0.04181739944226498,S03,25,2,26,False
18.98181818181818,0.01660287228319248,S03,25,3,1,False
21.98181818181818,0.017638751861921594,S03,25,3,2,False
24.3,0.01892303813071399,S03,25,3,3,False
27.259090909090908,0.01656836956218255,S03,25,3,4,False
62.9,0.016466902639307994,S03,25,3,5,False
75.76818181818182,0.015930958164564787,S03,25,3,6,False
83.35909090909091,0.01858597073105614,S03,25,3,7,False
110.62727272727273,0.01646949385638163,S03,25,3,8,False
118.17727272727272,0.016636046379518224,S03,25,3,9,False
290.1,0.01691645903488021,S03,25,3,10,False
293.1045454545455,0.019221633873521552,S03,25,3,11,False
337.78636363636366,0.01593801210793379,S03,25,3,12,False
346.08181818181816,0.018675347301739316,S03,25,3,13,False
355.21363636363634,0.019283695224034194,S03,25,3,14,False
358.97727272727275,0.016162851584234146,S03,25,3,15,False
361.2590909090909,0.016341924887286433,S03,25,3,16,False
363.55,0.016344984683841123,S03,25,3,17,False
373.3863636363636,0.01834436151091024,S03,25,3,18,False
375.65,0.019263627096061664,S03,25,3,19,False
380.8545454545455,0.042609329332848195,S03,25,3,20,False
389.18636363636364,0.023157040247491205,S03,25,3,21,False
396.6636363636364,0.051561633887797984,S03,25,3,22,False
399.8363636363636,0.020302592491821925,S03,25,3,23,False
407.7181818181818,0.03035908892314294,S03,25,3,24,False
412.7090909090909,0.049860162648457586,S03,25,3,25,False
428.24545454545455,0.017293445829373796,S03,25,3,26,False
433.1090909090909,0.017197773381810937,S03,25,3,27,False
442.3772727272727,0.038934997163510454,S03,25,3,28,False
445.2590909090909,0.06120530932457839,S03,25,3,29,False
449.31363636363636,0.02141100706549792,S03,25,3,30,False
453.4227272727273,0.03891558780554381,S03,25,3,31,False
457.34090909090907,0.03782648347331402,S03,25,3,32,False
462.1,0.07753697158690684,S03,25,3,33,False
464.9136363636364,0.035703743287258644,S03,25,3,34,False
468.81363636363636,0.05611487605752426,S03,25,3,35,False
471.5318181818182,0.04198707998291274,S03,25,3,36,False
474.8772727272727,0.041634677802363476,S03,25,3,37,False
478.0681818181818,0.07656057077237438,S03,25,3,38,False
481.3727272727273,0.04381100790721075,S03,25,3,39,False
484.7090909090909,0.08740701104714463,S03,25,3,40,True
486.8954545454545,0.040244647411583005,S03,25,3,41,False
490.95,0.030312932628888734,S03,25,3,42,False
494.54545454545456,0.07194113584757382,S03,25,3,43,False
499.06363636363636,0.06157164951945562,S03,25,3,44,False
324.15,0.05218731835355776,S03,50,1,1,False
337.0590909090909,0.042584485621503146,S03,50,1,2,False
346.41818181818184,0.2307128924562901,S03,50,1,3,True
348.4318181818182,0.07628926565659858,S03,50,1,4,False
356.6545454545454,0.06441818343805819,S03,50,1,5,False
364.1409090909091,0.05462037069659778,S03,50,1,6,False
376.45,0.04326724963496529,S03,50,1,7,False
381.0,0.06930654184689491,S03,50,1,8,False
384.9409090909091,0.044365144577314324,S03,50,1,9,False
387.1727272727273,0.06223397209521392,S03,50,1,10,False
393.1636363636364,0.061326475591248056,S03,50,1,11,False
397.20454545454544,0.0625055960210559,S03,50,1,12,False
400.83181818181816,0.06723381492156494,S03,50,1,13,False
404.4409090909091,0.04429752187336293,S03,50,1,14,False
407.1136363636364,0.04586969685814944,S03,50,1,15,False
411.28636363636366,0.06490944424336093,S03,50,1,16,False
415.42727272727274,0.06535260884280068,S03,50,1,17,False
419.0954545454546,0.11065327989309812,S03,50,1,18,False
422.6272727272727,0.07108394193127315,S03,50,1,19,False
425.7,0.11834784844047078,S03,50,1,20,False
430.4045454545454,0.054860548110100694,S03,50,1,21,False
432.58181818181816,0.11127276505991322,S03,50,1,22,False
435.5863636363636,0.055478886445913145,S03,50,1,23,False
438.0181818181818,0.12537187403509456,S03,50,1,24,False
442.1,0.09360837205242438,S03,50,1,25,False
444.1636363636364,0.04503509480285249,S03,50,1,26,False
446.54545454545456,0.11041873180647499,S03,50,1,27,False
449.06363636363636,0.07104233882111191,S03,50,1,28,False
452.15,0.05071473480476017,S03,50,1,29,False
455.3909090909091,0.0689598418496862,S03,50,1,30,False
458.49545454545455,0.10270349053325162,S03,50,1,31,False
461.7909090909091,0.08652586682516264,S03,50,1,32,False
465.27272727272725,0.07841440037335669,S03,50,1,33,False
467.5181818181818,0.08503982501733809,S03,50,1,34,False
469.8090909090909,0.15306998814336895,S03,50,1,35,False
472.18636363636364,0.12763760203737132,S03,50,1,36,False
475.40909090909093,0.0684676302356069,S03,50,1,37,False
477.7590909090909,0.1447979563853828,S03,50,1,38,False
480.03636363636366,0.06716085515896522,S03,50,1,39,False
482.1727272727273,0.13011077078044808,S03,50,1,40,False
485.5272727272727,0.18466703918638544,S03,50,1,41,False
489.4818181818182,0.08765939699966921,S03,50,1,42,False
492.6181818181818,0.09404884848192047,S03,50,1,43,False
496.33181818181816,0.08418730303160055,S03,50,1,44,False
499.3636363636364,0.10736959826512013,S03,50,1,45,False
352.4045454545454,0.09804544667267402,S03,50,2,1,False
354.6636363636364,0.05206842412167142,S03,50,2,2,False
359.1045454545455,0.04465501467958685,S03,50,2,3,False
361.40909090909093,0.03270727109685088,S03,50,2,4,False
364.80454545454546,0.026468581194968428,S03,50,2,5,False
366.9318181818182,0.02510542841459883,S03,50,2,6,False
370.6454545454545,0.03948289975893227,S03,50,2,7,False
374.2909090909091,0.060982439544557766,S03,50,2,8,False
379.9409090909091,0.035448975023774865,S03,50,2,9,False
383.16818181818184,0.055446934280993405,S03,50,2,10,False
386.94545454545454,0.053455843783829005,S03,50,2,11,False
390.22727272727275,0.03691980453502604,S03,50,2,12,False
392.4590909090909,0.06908139807176569,S03,50,2,13,False
395.5590909090909,0.06504980691548959,S03,50,2,14,False
399.33181818181816,0.04792981088423372,S03,50,2,15,False
401.41818181818184,0.04313884417642484,S03,50,2,16,False
403.8,0.03232013264182045,S03,50,2,17,False
406.92727272727274,0.06143097854069855,S03,50,2,18,False
410.7090909090909,0.04086394727944352,S03,50,2,19,False
416.2409090909091,0.03990794944597728,S03,50,2,20,False
419.9045454545454,0.04777079800518663,S03,50,2,21,False
424.3454545454546,0.06987593463135747,S03,50,2,22,False
428.9136363636364,0.047063002337888876,S03,50,2,23,False
433.47727272727275,0.07717026261064162,S03,50,2,24,False
438.0681818181818,0.042736035186940975,S03,50,2,25,False
440.8590909090909,0.03984803817124994,S03,50,2,26,False
443.4590909090909,0.03022039028247515,S03,50,2,27,False
446.53636363636366,0.0771330341174408,S03,50,2,28,False
450.9045454545454,0.039042181288552864,S03,50,2,29,False
453.8454545454546,0.054190659112198294,S03,50,2,30,False
457.55454545454546,0.07466237082155476,S03,50,2,31,False
460.55,0.08341747787933562,S03,50,2,32,False
463.77272727272725,0.05686340880511687,S03,50,2,33,False
465.7909090909091,0.11024625047680428,S03,50,2,34,False
468.9318181818182,0.0554705396238109,S03,50,2,35,False
472.0681818181818,0.048830216360073744,S03,50,2,36,False
475.3454545454546,0.044957242882889145,S03,50,2,37,False
478.29545454545456,0.11727783978853233,S03,50,2,38,True
483.35,0.05510637567016961,S03,50,2,39,False
485.9,0.05902192155005505,S03,50,2,40,False
487.9818181818182,0.03735117509514016,S03,50,2,41,False
491.15909090909093,0.05285598244282978,S03,50,2,42,False
494.02272727272725,0.09270619505639036,S03,50,2,43,False
496.40909090909093,0.045897239720251795,S03,50,2,44,False
499.30454545454546,0.04179754762024632,S03,50,2,45,False
333.7181818181818,0.06074263327542845,S03,50,3,1,False
341.84090909090907,0.046696083703509604,S03,50,3,2,False
348.0181818181818,0.17053434407839038,S03,50,3,3,True
351.3545454545455,0.09654825810341164,S03,50,3,4,False
355.6181818181818,0.05900953357318239,S03,50,3,5,False
357.94545454545454,0.05242435644616368,S03,50,3,6,False
360.22727272727275,0.05374035053202929,S03,50,3,7,False
364.6090909090909,0.05563328938627783,S03,50,3,8,False
370.5681818181818,0.055101741164908305,S03,50,3,9,False
377.5863636363636,0.07178955570168266,S03,50,3,10,False
382.3909090909091,0.056386567160568155,S03,50,3,11,False
386.83181818181816,0.07263500400928352,S03,50,3,12,False
389.2,0.05232780078619992,S03,50,3,13,False
396.41818181818184,0.0679728365822237,S03,50,3,14,False
399.47727272727275,0.052740983190892904,S03,50,3,15,False
402.69545454545454,0.054850935205935716,S03,50,3,16,False
405.65909090909093,0.0854141129216505,S03,50,3,17,False
409.75454545454545,0.05529434505624689,S03,50,3,18,False
414.01363636363635,0.05955067969609233,S03,50,3,19,False
417.8363636363636,0.059490709256678584,S03,50,3,20,False
420.8090909090909,0.05557692666169138,S03,50,3,21,False
423.0954545454546,0.05356801152045869,S03,50,3,22,False
426.3090909090909,0.048836269482292985,S03,50,3,23,False
428.4727272727273,0.051164867697325214,S03,50,3,24,False
432.0090909090909,0.08087008525740375,S03,50,3,25,False
435.16818181818184,0.06549633450920653,S03,50,3,26,False
438.1045454545455,0.0905455503445059,S03,50,3,27,False
441.2318181818182,0.08593814966627043,S03,50,3,28,False
444.06363636363636,0.0746963577010137,S03,50,3,29,False
447.3863636363636,0.10329959784770217,S03,50,3,30,False
449.54545454545456,0.08117250150956604,S03,50,3,31,False
454.41818181818184,0.08261460051308576,S03,50,3,32,False
457.24545454545455,0.05996430135088058,S03,50,3,33,False
460.46363636363634,0.0694407920913693,S03,50,3,34,False
463.74545454545455,0.07836510427416424,S03,50,3,35,False
465.74545454545455,0.05446034625192981,S03,50,3,36,False
471.65,0.06962752773780453,S03,50,3,37,False
474.76363636363635,0.07310208226300946,S03,50,3,38,False
479.1454545454545,0.08199531608679134,S03,50,3,39,False
481.4727272727273,0.09095671632734813,S03,50,3,40,False
484.32272727272726,0.10779078916114601,S03,50,3,41,False
489.1409090909091,0.09970646356042752,S03,50,3,42,False
491.9227272727273,0.05257908103202799,S03,50,3,43,False
495.02272727272725,0.08841305112122738,S03,50,3,44,False
497.3954545454545,0.05624657502553036,S03,50,3,45,False
499.52272727272725,0.04639447736264213,S03,50,3,46,False
233.25454545454545,0.07212094999842944,S04,10,1,1,False
235.88636363636363,0.014813252046622321,S04,10,1,2,False
239.2409090909091,0.06831022170337221,S04,10,1,3,False
243.07272727272726,0.07254295829556506,S04,10,1,4,False
250.0,0.07028123468603607,S04,10,1,5,False
260.5181818181818,0.010317208815973538,S04,10,1,6,False
262.84090909090907,0.06812435549974641,S04,10,1,7,False
266.98636363636365,0.020635476190466906,S04,10,1,8,False
269.1045454545455,0.06360843572622552,S04,10,1,9,False
273.1136363636364,0.019761320758868432,S04,10,1,10,False
275.5318181818182,0.06659907093778433,S04,10,1,11,False
278.90909090909093,0.01584968290311064,S04,10,1,12,False
281.78636363636366,0.058970277246539554,S04,10,1,13,False
284.2227272727273,0.013879900400412253,S04,10,1,14,False
286.2227272727273,0.06227310004596248,S04,10,1,15,False
290.7909090909091,0.03314575184076154,S04,10,1,16,False
294.0863636363636,0.06589969715856342,S04,10,1,17,False
296.8727272727273,0.025605590407950275,S04,10,1,18,False
299.05454545454546,0.06643939375531534,S04,10,1,19,False
303.99545454545455,0.06630002311733967,S04,10,1,20,False
307.9727272727273,0.07269393620735315,S04,10,1,21,False
313.6181818181818,0.07963787386826576,S04,10,1,22,False
318.18636363636364,0.06592580974068202,S04,10,1,23,False
322.76363636363635,0.0604438599893751,S04,10,1,24,False
326.7090909090909,0.07855567035727333,S04,10,1,25,False
330.6454545454545,0.07150895662611163,S04,10,1,26,False
332.8863636363636,0.006477341944938541,S04,10,1,27,False
334.91818181818184,0.19737498618735547,S04,10,1,28,False
337.49545454545455,0.010296811302297527,S04,10,1,29,False
340.8545454545455,0.06789108043784628,S04,10,1,30,False
345.3272727272727,0.07512071910740595,S04,10,1,31,False
350.5090909090909,0.08068482529863291,S04,10,1,32,False
354.6818181818182,0.05926303501690037,S04,10,1,33,False
359.6090909090909,0.06029021395338298,S04,10,1,34,False
363.2,0.06689817035958029,S04,10,1,35,False
367.77272727272725,0.06441549585315445,S04,10,1,36,False
370.0318181818182,0.005002388360565761,S04,10,1,37,False
372.6818181818182,0.07280097776098768,S04,10,1,38,False
377.02272727272725,0.20655232176255317,S04,10,1,39,True
379.04545454545456,0.05947528406475305,S04,10,1,40,False
381.6454545454545,0.15232436383016182,S04,10,1,41,False
383.74545454545455,0.009774413500635327,S04,10,1,42,False
386.03636363636366,0.0935107958949769,S04,10,1,43,False
390.0,0.05278135961316885,S04,10,1,44,False
392.00454545454545,0.052673707287719265,S04,10,1,45,False
394.3636363636364,0.05972844840888146,S04,10,1,46,False
396.6136363636364,0.04418138628856706,S04,10,1,47,False
398.7318181818182,0.06208268892522681,S04,10,1,48,False
400.7318181818182,0.034037141308230344,S04,10,1,49,False
404.0090909090909,0.0500290775354171,S04,10,1,50,False
407.73636363636365,0.18677034187515795,S04,10,1,51,False
410.0590909090909,0.053523345897582536,S04,10,1,52,False
412.8545454545455,0.050773739001738524,S04,10,1,53,False
415.0954545454546,0.1759818394750889,S04,10,1,54,False
417.4409090909091,0.00974239756352274,S04,10,1,55,False
420.7227272727273,0.06973820034321823,S04,10,1,56,False
422.8363636363636,0.010049120636994561,S04,10,1,57,False
246.03181818181818,0.0854084982962445,S04,10,2,1,False
249.25,0.03709945329632453,S04,10,2,2,False
251.97727272727272,0.05990515276803743,S04,10,2,3,False
254.53181818181818,0.015741227822111736,S04,10,2,4,False
257.33181818181816,0.05928594758126596,S04,10,2,5,False
261.2318181818182,0.011586899538581281,S04,10,2,6,False
265.8,0.054559884297088204,S04,10,2,7,False
271.01363636363635,0.04150270650393255,S04,10,2,8,False
277.9590909090909,0.054248463964759505,S04,10,2,9,False
282.5181818181818,0.051740827804024024,S04,10,2,10,False
286.17727272727274,0.258579116649196,S04,10,2,11,True
288.99545454545455,0.06287780413975602,S04,10,2,12,False
291.69545454545454,0.011112662047884466,S04,10,2,13,False
294.5590909090909,0.09409313079546616,S04,10,2,14,False
299.0772727272727,0.057404915458900176,S04,10,2,15,False
303.46363636363634,0.038211972084411905,S04,10,2,16,False
305.7681818181818,0.007302138932635362,S04,10,2,17,False
308.2772727272727,0.057708192594914026,S04,10,2,18,False
311.4727272727273,0.05378800704878146,S04,10,2,19,False
315.2181818181818,0.05461835349105848,S04,10,2,20,False
319.2090909090909,0.04763416830952941,S04,10,2,21,False
323.8272727272727,0.043697739259007155,S04,10,2,22,False
328.4727272727273,0.046766495539489736,S04,10,2,23,False
330.5272727272727,0.00797866054812164,S04,10,2,24,False
333.66818181818184,0.04155121533422644,S04,10,2,25,False
338.1090909090909,0.04724195160592442,S04,10,2,26,False
342.85,0.04249791671392552,S04,10,2,27,False
346.17727272727274,0.062322990437737216,S04,10,2,28,False
349.4318181818182,0.0553056246732825,S04,10,2,29,False
351.8636363636364,0.03194221604933374,S04,10,2,30,False
354.1363636363636,0.047867675343568575,S04,10,2,31,False
356.79545454545456,0.030382182332088246,S04,10,2,32,False
359.2590909090909,0.049357890321630016,S04,10,2,33,False
363.3954545454545,0.046850085212616625,S04,10,2,34,False
367.53636363636366,0.05426862250798964,S04,10,2,35,False
372.25454545454545,0.04375890259460874,S04,10,2,36,False
375.8818181818182,0.05102497362564456,S04,10,2,37,False
379.1181818181818,0.046418689910791705,S04,10,2,38,False
382.23636363636365,0.1784724485434545,S04,10,2,39,False
384.3590909090909,0.006330812642500946,S04,10,2,40,False
386.55,0.060099532326005796,S04,10,2,41,False
388.6181818181818,0.004671001617834719,S04,10,2,42,False
390.79545454545456,0.08841683836225175,S04,10,2,43,False
396.3863636363636,0.03787171333487743,S04,10,2,44,False
398.8681818181818,0.05361574910989837,S04,10,2,45,False
402.93636363636364,0.05343787691353849,S04,10,2,46,False
406.66818181818184,0.046337091329901284,S04,10,2,47,False
410.6636363636364,0.05973576434726785,S04,10,2,48,False
413.9727272727273,0.04445437667494331,S04,10,2,49,False
415.9909090909091,0.026300997841838588,S04,10,2,50,False
418.6090909090909,0.19182134487560698,S04,10,2,51,False
420.8,0.0544586842673747,S04,10,2,52,False
424.6727272727273,0.038836829973561526,S04,10,2,53,False
428.7181818181818,0.05264538858176716,S04,10,2,54,False
432.08181818181816,0.06378336974618676,S04,10,2,55,False
436.1409090909091,0.04115178806295133,S04,10,2,56,False
439.79545454545456,0.039955747536906096,S04,10,2,57,False
443.2409090909091,0.05478025237871459,S04,10,2,58,False
446.98636363636365,0.05093879714367404,S04,10,2,59,False
450.6090909090909,0.05352605729604448,S04,10,2,60,False
454.67727272727274,0.17708015347712075,S04,10,2,61,False
457.9909090909091,0.04940210989423936,S04,10,2,62,False
460.66818181818184,0.054517911812463654,S04,10,2,63,False
462.8727272727273,0.0047976787438181725,S04,10,2,64,False
465.2681818181818,0.0702092516776653,S04,10,2,65,False
468.8363636363636,0.04716507503183991,S04,10,2,66,False
472.1454545454545,0.0052617027821562756,S04,10,2,67,False
474.16818181818184,0.23656864493977903,S04,10,2,68,False
476.53636363636366,0.03741254210008055,S04,10,2,69,False
479.82272727272726,0.07787142610966252,S04,10,2,70,False
483.8909090909091,0.04936351198938484,S04,10,2,71,False
486.8545454545455,0.1989207418401549,S04,10,2,72,False
488.9227272727273,0.030248014799332833,S04,10,2,73,False
491.5318181818182,0.048211230816834164,S04,10,2,74,False
494.3772727272727,0.17809358700952135,S04,10,2,75,False
498.46363636363634,0.052940930793550445,S04,10,2,76,False
239.77727272727273,0.01030068983517763,S04,10,3,1,False
242.5772727272727,0.05310861839701535,S04,10,3,2,False
246.3090909090909,0.016432230050418842,S04,10,3,3,False
249.16363636363636,0.04426532456968306,S04,10,3,4,False
258.0954545454546,0.01753580908091764,S04,10,3,5,False
266.15,0.04594437345438052,S04,10,3,6,False
271.08181818181816,0.061060539596441005,S04,10,3,7,False
276.9590909090909,0.05365353467641476,S04,10,3,8,False
282.0681818181818,0.04947305131830092,S04,10,3,9,False
288.43636363636364,0.051605739338672414,S04,10,3,10,False
292.1636363636364,0.010686252677040979,S04,10,3,11,False
294.6136363636364,0.05653549020525681,S04,10,3,12,False
297.49545454545455,0.0148292252030422,S04,10,3,13,False
299.7318181818182,0.04748074266879361,S04,10,3,14,False
303.3181818181818,0.04698679064776412,S04,10,3,15,False
307.6409090909091,0.04704606020874212,S04,10,3,16,False
312.79545454545456,0.03401474034913466,S04,10,3,17,False
316.3,0.07027743446095831,S04,10,3,18,False
318.8772727272727,0.00794745220739285,S04,10,3,19,False
321.1363636363636,0.052794948423170965,S04,10,3,20,False
323.9318181818182,0.03441699384427267,S04,10,3,21,False
326.4818181818182,0.05765462958426082,S04,10,3,22,False
330.55,0.0435704564334215,S04,10,3,23,False
333.9227272727273,0.05489717492288966,S04,10,3,24,False
337.45454545454544,0.05835693335676272,S04,10,3,25,False
341.46363636363634,0.0548026068641638,S04,10,3,26,False
344.7909090909091,0.05849243954961386,S04,10,3,27,False
347.5272727272727,0.012216819078136213,S04,10,3,28,False
350.05454545454546,0.26423236842129505,S04,10,3,29,True
352.2818181818182,0.05312200242377102,S04,10,3,30,False
354.54545454545456,0.015991446163527642,S04,10,3,31,False
357.00454545454545,0.05653003397899879,S04,10,3,32,False
359.01363636363635,0.014225215645567096,S04,10,3,33,False
362.5090909090909,0.19254119160275315,S04,10,3,34,False
364.80454545454546,0.040967781226684166,S04,10,3,35,False
367.4136363636364,0.17417905546859386,S04,10,3,36,False
369.8090909090909,0.05533483998233567,S04,10,3,37,False
373.3818181818182,0.07830878376467672,S04,10,3,38,False
377.70454545454544,0.07887055016684207,S04,10,3,39,False
380.8727272727273,0.17454724957885814,S04,10,3,40,False
383.8181818181818,0.07727234566870608,S04,10,3,41,False
388.1090909090909,0.05529293452304905,S04,10,3,42,False
392.43636363636364,0.1667384054552907,S04,10,3,43,False
395.00454545454545,0.04526011704526279,S04,10,3,44,False
398.4818181818182,0.15497532717183882,S04,10,3,45,False
401.2181818181818,0.0632566935608691,S04,10,3,46,False
403.3954545454545,0.1753506281434882,S04,10,3,47,False
408.01363636363635,0.1667856998779327,S04,10,3,48,False
410.94545454545454,0.07466555115737757,S04,10,3,49,False
414.94545454545454,0.17563574006249394,S04,10,3,50,False
418.17727272727274,0.07384633398188575,S04,10,3,51,False
420.41818181818184,0.16910083886977945,S04,10,3,52,False
422.6318181818182,0.006277565565895683,S04,10,3,53,False
425.0409090909091,0.16145949136711357,S04,10,3,54,False
428.93636363636364,0.15484961933187252,S04,10,3,55,False
432.54545454545456,0.15417157695515515,S04,10,3,56,False
436.18636363636364,0.08944737733454189,S04,10,3,57,False
439.05454545454546,0.1656362137776547,S04,10,3,58,False
441.5272727272727,0.0468143286190664,S04,10,3,59,False
444.05,0.16750622538999388,S04,10,3,60,False
447.5272727272727,0.10673396045978002,S04,10,3,61,False
449.7181818181818,0.17364618020679495,S04,10,3,62,False
453.1909090909091,0.09360151916864554,S04,10,3,63,False
455.49545454545455,0.18445425874112004,S04,10,3,64,False
458.0272727272727,0.053471551273467255,S04,10,3,65,False
460.84090909090907,0.16443983353902258,S04,10,3,66,False
463.82272727272726,0.07372803173594397,S04,10,3,67,False
466.5590909090909,0.18279790483118966,S04,10,3,68,False
468.7409090909091,0.010096393011647546,S04,10,3,69,False
471.25,0.20145005883203965,S04,10,3,70,False
474.4318181818182,0.006762365318769393,S04,10,3,71,False
476.66818181818184,0.1611823253329367,S04,10,3,72,False
479.96363636363634,0.0735976493701809,S04,10,3,73,False
483.42727272727274,0.16218125643194653,S04,10,3,74,False
488.1636363636364,0.17920493783646232,S04,10,3,75,False
493.51363636363635,0.21202177896546548,S04,10,3,76,False
496.3,0.02669355175347661,S04,10,3,77,False
499.2681818181818,0.15745219112223535,S04,10,3,78,False
232.87727272727273,0.0633681404303148,S04,25,1,1,False
235.3909090909091,0.07989555663222436,S04,25,1,2,False
241.8409090909091,0.0704282976841179,S04,25,1,3,False
245.32272727272726,0.07111804500369162,S04,25,1,4,False
247.70454545454547,0.028828755205351043,S04,25,1,5,False
251.67727272727274,0.08618968170923691,S04,25,1,6,False
256.49545454545455,0.07257959524210071,S04,25,1,7,False
258.95454545454544,0.03252221408344728,S04,25,1,8,False
261.2227272727273,0.06951482029687572,S04,25,1,9,False
263.9318181818182,0.21578519647880495,S04,25,1,10,False
268.2590909090909,0.1057096273746815,S04,25,1,11,False
270.2590909090909,0.20107706668264808,S04,25,1,12,False
276.15909090909093,0.11234860690047219,S04,25,1,13,False
279.8272727272727,0.08278338119850397,S04,25,1,14,False
284.2,0.0710837949356503,S04,25,1,15,False
286.8772727272727,0.198191241014942,S04,25,1,16,False
291.3818181818182,0.2014605899337994,S04,25,1,17,False
294.4409090909091,0.173446193043659,S04,25,1,18,False
298.29545454545456,0.17864291298184964,S04,25,1,19,False
300.45,0.02396226969648589,S04,25,1,20,False
302.49545454545455,0.1508628567499958,S04,25,1,21,False
304.83181818181816,0.14593958824224657,S04,25,1,22,False
309.1818181818182,0.1465168795880099,S04,25,1,23,False
312.1636363636364,0.15982804374946138,S04,25,1,24,False
314.8,0.09768613475648885,S04,25,1,25,False
317.4590909090909,0.160605147949438,S04,25,1,26,False
319.4727272727273,0.04495540202625897,S04,25,1,27,False
321.80454545454546,0.15458951427591,S04,25,1,28,False
325.54545454545456,0.15903633597030123,S04,25,1,29,False
328.33181818181816,0.041959069478697236,S04,25,1,30,False
330.4909090909091,0.136377400619244,S04,25,1,31,False
333.75454545454545,0.13020903244423582,S04,25,1,32,False
336.7818181818182,0.16308409449636949,S04,25,1,33,False
341.1909090909091,0.14827658491904144,S04,25,1,34,False
343.45454545454544,0.13392484062530957,S04,25,1,35,False
346.4227272727273,0.154959293597967,S04,25,1,36,False
349.8727272727273,0.13851112778830812,S04,25,1,37,False
352.81363636363636,0.16355099117501967,S04,25,1,38,False
355.47727272727275,0.14990753424312342,S04,25,1,39,False
359.23636363636365,0.15168855605651388,S04,25,1,40,False
364.22727272727275,0.18455675066807042,S04,25,1,41,False
368.0,0.15706651492757978,S04,25,1,42,False
371.30454545454546,0.2138442439748977,S04,25,1,43,False
375.50454545454545,0.13852755200282715,S04,25,1,44,False
378.71363636363634,0.14194234080245136,S04,25,1,45,False
381.6318181818182,0.1638075612426651,S04,25,1,46,False
385.18636363636364,0.1503792756740024,S04,25,1,47,False
388.4681818181818,0.17029305833749603,S04,25,1,48,False
390.54545454545456,0.11420062528734942,S04,25,1,49,False
392.8681818181818,0.1488455453584041,S04,25,1,50,False
396.7590909090909,0.15037948157946457,S04,25,1,51,False
398.8,0.047680396146935845,S04,25,1,52,False
400.94545454545454,0.14679191284798174,S04,25,1,53,False
404.00454545454545,0.1625729875519224,S04,25,1,54,False
406.6272727272727,0.1628042702045066,S04,25,1,55,False
409.0863636363636,0.2507880520805188,S04,25,1,56,False
413.1454545454545,0.14644495687289158,S04,25,1,57,False
416.95454545454544,0.19431772266340328,S04,25,1,58,False
419.9318181818182,0.14187413152236983,S04,25,1,59,False
422.4318181818182,0.14198913976115093,S04,25,1,60,False
425.1409090909091,0.17140659568776173,S04,25,1,61,False
427.24545454545455,0.19467428709521495,S04,25,1,62,False
429.8636363636364,0.12661674249950103,S04,25,1,63,False
432.3363636363636,0.268065949269396,S04,25,1,64,True
435.2409090909091,0.16758708151206436,S04,25,1,65,False
437.53636363636366,0.1737130399585966,S04,25,1,66,False
440.48636363636365,0.16155480304394548,S04,25,1,67,False
443.7409090909091,0.17042014231581154,S04,25,1,68,False
446.7909090909091,0.1469577295236558,S04,25,1,69,False
449.4909090909091,0.15490976217621524,S04,25,1,70,False
453.45,0.13965250431975412,S04,25,1,71,False
456.5590909090909,0.14659151172823282,S04,25,1,72,False
458.95,0.06120189385585683,S04,25,1,73,False
461.20454545454544,0.15322235315812346,S04,25,1,74,False
464.4045454545454,0.14333847165485766,S04,25,1,75,False
467.3454545454546,0.1508355265554495,S04,25,1,76,False
470.9045454545454,0.20143219581108104,S04,25,1,77,False
473.72727272727275,0.13558145974122437,S04,25,1,78,False
476.3954545454545,0.17999832542669644,S04,25,1,79,False
480.0,0.14412300243966622,S04,25,1,80,False
482.59090909090907,0.15431585597801084,S04,25,1,81,False
485.8818181818182,0.18357783361503482,S04,25,1,82,False
488.22727272727275,0.16176321829803847,S04,25,1,83,False
491.05,0.14310272538117655,S04,25,1,84,False
493.8363636363636,0.16340919964256517,S04,25,1,85,False
495.9409090909091,0.12667163620081132,S04,25,1,86,False
499.2909090909091,0.16388626870414025,S04,25,1,87,False
240.76363636363635,0.04250232350959279,S04,25,2,1,False
245.9909090909091,0.04958412055093419,S04,25,2,2,False
248.25,0.0037585737267245845,S04,25,2,3,False
254.47727272727272,0.0433005294454358,S04,25,2,4,False
256.7818181818182,0.04604571980721503,S04,25,2,5,False
261.0681818181818,0.005432225155827468,S04,25,2,6,False
263.3818181818182,0.09995653439802468,S04,25,2,7,True
266.41818181818184,0.004026446782876535,S04,25,2,8,False
269.95,0.03749814334447099,S04,25,2,9,False
272.0772727272727,0.034010952239800975,S04,25,2,10,False
276.3,0.04368621485281099,S04,25,2,11,False
279.27272727272725,0.03763624883799897,S04,25,2,12,False
282.45,0.045947264442514485,S04,25,2,13,False
284.6409090909091,0.017684989852817024,S04,25,2,14,False
288.27272727272725,0.04811610458404597,S04,25,2,15,False
293.0954545454546,0.039951422207323575,S04,25,2,16,False
298.4318181818182,0.04277224148075416,S04,25,2,17,False
300.7227272727273,0.0352114333085689,S04,25,2,18,False
303.01363636363635,0.03124074655073459,S04,25,2,19,False
307.6409090909091,0.023534757843765915,S04,25,2,20,False
309.9590909090909,0.033188748106488836,S04,25,2,21,False
312.9681818181818,0.04121130644996797,S04,25,2,22,False
317.0409090909091,0.04903031549394626,S04,25,2,23,False
321.3636363636364,0.04698882735282489,S04,25,2,24,False
325.6045454545455,0.07329610780679609,S04,25,2,25,False
329.2772727272727,0.04167175096721079,S04,25,2,26,False
333.48636363636365,0.0444292909973083,S04,25,2,27,False
337.27272727272725,0.02077980019138971,S04,25,2,28,False
340.00454545454545,0.043425223713102576,S04,25,2,29,False
342.41818181818184,0.040146228900570194,S04,25,2,30,False
346.1545454545454,0.04010872141893233,S04,25,2,31,False
350.23636363636365,0.0422568421862841,S04,25,2,32,False
352.4,0.04045711575914725,S04,25,2,33,False
354.6318181818182,0.0423770455038455,S04,25,2,34,False
358.6363636363636,0.03892180109485705,S04,25,2,35,False
361.1909090909091,0.003422547085077405,S04,25,2,36,False
363.45,0.041866799421688417,S04,25,2,37,False
367.5772727272727,0.04020164593537042,S04,25,2,38,False
369.76363636363635,0.020808788388460255,S04,25,2,39,False
373.1909090909091,0.05592273733766917,S04,25,2,40,False
376.2772727272727,0.04650913665325362,S04,25,2,41,False
380.5181818181818,0.039476307920621206,S04,25,2,42,False
384.3863636363636,0.04126143914249854,S04,25,2,43,False
387.49545454545455,0.04170091880725649,S04,25,2,44,False
391.5681818181818,0.025332448231304427,S04,25,2,45,False
394.73636363636365,0.03710841467044369,S04,25,2,46,False
397.7772727272727,0.037089580082309406,S04,25,2,47,False
401.85,0.05777798312679296,S04,25,2,48,False
405.3818181818182,0.02851918783928628,S04,25,2,49,False
409.46363636363634,0.039499485315115795,S04,25,2,50,False
411.9909090909091,0.024871899288725283,S04,25,2,51,False
414.0409090909091,0.04944410646078329,S04,25,2,52,False
416.8863636363636,0.035175545312887836,S04,25,2,53,False
420.3636363636364,0.03598858092336705,S04,25,2,54,False
424.25,0.03965562947837378,S04,25,2,55,False
427.58181818181816,0.04162689347984345,S04,25,2,56,False
430.78636363636366,0.04428251154401942,S04,25,2,57,False
434.82272727272726,0.04458158124773861,S04,25,2,58,False
438.4681818181818,0.0671425613923761,S04,25,2,59,False
442.1636363636364,0.048318247256023475,S04,25,2,60,False
445.8181818181818,0.051079450695493675,S04,25,2,61,False
449.2181818181818,0.03929727792571905,S04,25,2,62,False
452.15909090909093,0.052107535734077975,S04,25,2,63,False
456.3545454545455,0.043155067966219644,S04,25,2,64,False
460.23636363636365,0.05184153887378394,S04,25,2,65,False
463.43636363636364,0.05029116284866156,S04,25,2,66,False
465.8863636363636,0.0201284998132174,S04,25,2,67,False
468.17727272727274,0.033395044725447895,S04,25,2,68,False
470.82272727272726,0.04533258948044927,S04,25,2,69,False
472.8727272727273,0.005398491345044238,S04,25,2,70,False
475.0863636363636,0.03717367434051426,S04,25,2,71,False
478.84090909090907,0.03664977966439187,S04,25,2,72,False
481.52272727272725,0.041594198326906195,S04,25,2,73,False
484.85,0.018994262110464538,S04,25,2,74,False
487.45454545454544,0.03647461854234096,S04,25,2,75,False
491.0318181818182,0.040090331480412314,S04,25,2,76,False
493.1545454545454,0.033025192982508986,S04,25,2,77,False
495.24545454545455,0.04400537419193848,S04,25,2,78,False
499.0181818181818,0.05030002094391578,S04,25,2,79,False
120.31818181818181,0.00328625724004814,S04,25,3,1,False
124.11818181818182,0.0032043563031641945,S04,25,3,2,False
183.2,0.0031769605394425674,S04,25,3,3,False
254.6681818181818,0.0330103571590467,S04,25,3,4,False
257.32272727272726,0.04304433775726314,S04,25,3,5,False
261.77272727272725,0.03142655752915,S04,25,3,6,False
264.3863636363636,0.033645597812863484,S04,25,3,7,False
267.34090909090907,0.0385308218009707,S04,25,3,8,False
269.75,0.03894231388119779,S04,25,3,9,False
272.02272727272725,0.04374535110351187,S04,25,3,10,False
275.0409090909091,0.03768240375624588,S04,25,3,11,False
279.35,0.04624456488160142,S04,25,3,12,False
283.1363636363636,0.03639165796433894,S04,25,3,13,False
286.3727272727273,0.028641694387025667,S04,25,3,14,False
288.45,0.03340153613844451,S04,25,3,15,False
291.85,0.032006106525684565,S04,25,3,16,False
295.1909090909091,0.0418216973733847,S04,25,3,17,False
297.3954545454545,0.03252308992422237,S04,25,3,18,False
303.5681818181818,0.03710233468149647,S04,25,3,19,False
308.2772727272727,0.03184979489094754,S04,25,3,20,False
311.2681818181818,0.05092126127661986,S04,25,3,21,False
315.78636363636366,0.03500655870172428,S04,25,3,22,False
318.1,0.03924401044800462,S04,25,3,23,False
321.2227272727273,0.012039217342082215,S04,25,3,24,False
324.1409090909091,0.040223107698947415,S04,25,3,25,False
327.90909090909093,0.03465831346039604,S04,25,3,26,False
330.2772727272727,0.03285599952832245,S04,25,3,27,False
334.75454545454545,0.03694647231723345,S04,25,3,28,False
339.28636363636366,0.033399627801493456,S04,25,3,29,False
343.28636363636366,0.02449117384998553,S04,25,3,30,False
346.9681818181818,0.03727867158602402,S04,25,3,31,False
350.05,0.031367103818964376,S04,25,3,32,False
355.02272727272725,0.03312050549099767,S04,25,3,33,False
359.56363636363636,0.03399353127347944,S04,25,3,34,False
362.48636363636365,0.02908162249803897,S04,25,3,35,False
365.5681818181818,0.014451316063158227,S04,25,3,36,False
367.9590909090909,0.0329031646089896,S04,25,3,37,False
370.95,0.0032014267486853228,S04,25,3,38,False
373.26363636363635,0.033058379158602685,S04,25,3,39,False
375.3636363636364,0.024617863717977105,S04,25,3,40,False
377.79545454545456,0.010853665397586068,S04,25,3,41,False
381.0409090909091,0.03455704943459264,S04,25,3,42,False
383.40909090909093,0.028612349996867487,S04,25,3,43,False
385.5090909090909,0.014272222082339907,S04,25,3,44,False
389.0954545454546,0.03575542996589241,S04,25,3,45,False
392.3,0.02851507140086939,S04,25,3,46,False
396.17727272727274,0.03311221437437785,S04,25,3,47,False
398.24545454545455,0.03351400081617534,S04,25,3,48,False
402.23636363636365,0.02659093311434695,S04,25,3,49,False
405.7681818181818,0.030558888196405974,S04,25,3,50,False
408.9318181818182,0.0360821676228897,S04,25,3,51,False
411.2818181818182,0.008361878052423808,S04,25,3,52,False
413.5,0.03519126470863339,S04,25,3,53,False
418.45454545454544,0.02932389160777124,S04,25,3,54,False
420.53636363636366,0.025064381330694295,S04,25,3,55,False
422.6272727272727,0.04164608875762732,S04,25,3,56,False
427.6,0.02785895065991194,S04,25,3,57,False
431.0,0.03857257758374601,S04,25,3,58,False
434.6409090909091,0.03367853152613037,S04,25,3,59,False
437.7909090909091,0.04574613487380312,S04,25,3,60,False
440.74545454545455,0.022304542398676165,S04,25,3,61,False
443.1,0.031406007335270096,S04,25,3,62,False
445.3454545454546,0.04092634312855358,S04,25,3,63,False
447.49545454545455,0.07945742060601614,S04,25,3,64,True
450.17727272727274,0.02791743689077384,S04,25,3,65,False
452.75454545454545,0.05543174309628696,S04,25,3,66,False
455.81363636363636,0.043548311499556125,S04,25,3,67,False
459.00454545454545,0.0471495373986419,S04,25,3,68,False
462.26363636363635,0.031941349358050354,S04,25,3,69,False
464.46363636363634,0.03866253179592468,S04,25,3,70,False
466.4681818181818,0.0038236743570615856,S04,25,3,71,False
469.0863636363636,0.0330663258767487,S04,25,3,72,False
472.70454545454544,0.035263655210505174,S04,25,3,73,False
475.8363636363636,0.05021743495751947,S04,25,3,74,False
478.1818181818182,0.05929474554348473,S04,25,3,75,False
480.6454545454545,0.009923736083928452,S04,25,3,76,False
483.33181818181816,0.03418756997849981,S04,25,3,77,False
486.93636363636364,0.039366269444302444,S04,25,3,78,False
491.4227272727273,0.043516550639025826,S04,25,3,79,False
494.41818181818184,0.031376235183447176,S04,25,3,80,False
498.1090909090909,0.04538937608072981,S04,25,3,81,False
276.0590909090909,0.2251635194022782,S04,50,1,1,False
280.4136363636364,0.0783263929159107,S04,50,1,2,False
285.0863636363636,0.2654632536346987,S04,50,1,3,False
290.82272727272726,0.16786509340464187,S04,50,1,4,False
294.1454545454545,0.08630861422769463,S04,50,1,5,False
296.7681818181818,0.18293694281337586,S04,50,1,6,False
300.93636363636364,0.18258106129850177,S04,50,1,7,False
304.5590909090909,0.22448887170191545,S04,50,1,8,False
308.53636363636366,0.25083183072875564,S04,50,1,9,False
312.1454545454545,0.09785034962329615,S04,50,1,10,False
314.41818181818184,0.14103789630335523,S04,50,1,11,False
319.01363636363635,0.1265661860604947,S04,50,1,12,False
321.6,0.13875323223057728,S04,50,1,13,False
326.0,0.17447298115124554,S04,50,1,14,False
330.2590909090909,0.13680262368214452,S04,50,1,15,False
333.27272727272725,0.13701720047305155,S04,50,1,16,False
335.58181818181816,0.11935804482246304,S04,50,1,17,False
338.2227272727273,0.29593836890701286,S04,50,1,18,False
342.0954545454546,0.11543567243652231,S04,50,1,19,False
344.20454545454544,0.1805608285408541,S04,50,1,20,False
348.03636363636366,0.1627855677259648,S04,50,1,21,False
351.3454545454546,0.2898771900166442,S04,50,1,22,False
353.7181818181818,0.17864687553909353,S04,50,1,23,False
356.75454545454545,0.21735862313436002,S04,50,1,24,False
360.17727272727274,0.21122262390662994,S04,50,1,25,False
362.71363636363634,0.11948474262125744,S04,50,1,26,False
365.2227272727273,0.27266523194542014,S04,50,1,27,False
368.3181818181818,0.1818698570520456,S04,50,1,28,False
371.8454545454546,0.19012817902162782,S04,50,1,29,False
374.3636363636364,0.230413889310615,S04,50,1,30,False
377.1636363636364,0.16842096723287198,S04,50,1,31,False
380.0772727272727,0.21539691963415958,S04,50,1,32,False
382.81363636363636,0.1571454367415525,S04,50,1,33,False
384.95,0.1441638893777275,S04,50,1,34,False
387.9818181818182,0.13037340745706708,S04,50,1,35,False
390.9227272727273,0.16950769147659328,S04,50,1,36,False
394.81363636363636,0.17353901694841453,S04,50,1,37,False
397.3863636363636,0.25202039878977717,S04,50,1,38,False
400.32272727272726,0.25463582355960424,S04,50,1,39,False
402.6227272727273,0.2799356035318753,S04,50,1,40,False
404.8363636363636,0.24248717487310834,S04,50,1,41,False
407.6909090909091,0.212411447869289,S04,50,1,42,False
410.0181818181818,0.09093280185460431,S04,50,1,43,False
412.15909090909093,0.3136073406435358,S04,50,1,44,False
416.9318181818182,0.3032274579538709,S04,50,1,45,False
420.6181818181818,0.2651320344720557,S04,50,1,46,False
423.16818181818184,0.2765061680834358,S04,50,1,47,False
425.9409090909091,0.3183974536839588,S04,50,1,48,False
428.54545454545456,0.2567808733306016,S04,50,1,49,False
431.0409090909091,0.22142323083068344,S04,50,1,50,False
434.35,0.2723154633031879,S04,50,1,51,False
437.22727272727275,0.28943312376370933,S04,50,1,52,False
439.70454545454544,0.27179368615575866,S04,50,1,53,False
443.57272727272726,0.2859029527545759,S04,50,1,54,False
447.46363636363634,0.24733840002465385,S04,50,1,55,False
450.94545454545454,0.4957760920396779,S04,50,1,56,False
453.1636363636364,0.41522452801640813,S04,50,1,57,False
456.5590909090909,0.4720833354055619,S04,50,1,58,False
459.9136363636364,0.575398792211143,S04,50,1,59,False
461.9818181818182,0.21089606889558812,S04,50,1,60,False
464.01363636363635,0.6102326047397613,S04,50,1,61,False
467.2409090909091,0.45604987280796366,S04,50,1,62,False
469.3681818181818,0.39850055703539605,S04,50,1,63,False
472.55454545454546,0.5853015224100008,S04,50,1,64,False
474.7318181818182,0.32182220074107404,S04,50,1,65,False
477.3772727272727,0.3271312227856184,S04,50,1,66,False
479.7409090909091,0.37332341246331574,S04,50,1,67,False
482.1181818181818,0.4935870551260353,S04,50,1,68,False
484.28636363636366,0.4276044841030321,S04,50,1,69,False
486.65909090909093,0.34086773608405485,S04,50,1,70,False
490.97727272727275,0.46687520939611105,S04,50,1,71,False
494.3181818181818,0.674457288158548,S04,50,1,72,True
498.02272727272725,0.4195921882409761,S04,50,1,73,False
227.80454545454546,0.05919972777029843,S04,50,2,1,False
253.28181818181818,0.06145097825272165,S04,50,2,2,False
261.03636363636366,0.24647602397605767,S04,50,2,3,False
265.4590909090909,0.09594431970758056,S04,50,2,4,False
270.16818181818184,0.2993497441858971,S04,50,2,5,False
273.58181818181816,0.16042433698910039,S04,50,2,6,False
275.6227272727273,0.2630425605623882,S04,50,2,7,False
277.8954545454545,0.05859230599498305,S04,50,2,8,False
280.8454545454546,0.2579189271792254,S04,50,2,9,False
283.4681818181818,0.14157129912323227,S04,50,2,10,False
286.8818181818182,0.2404438130963456,S04,50,2,11,False
290.83181818181816,0.21864700856613384,S04,50,2,12,False
293.3681818181818,0.16465018692781822,S04,50,2,13,False
296.6636363636364,0.22655938019983762,S04,50,2,14,False
298.8454545454546,0.08865876328941866,S04,50,2,15,False
301.4681818181818,0.2115435226438333,S04,50,2,16,False
304.8681818181818,0.2188101254897337,S04,50,2,17,False
310.2090909090909,0.2608786567502808,S04,50,2,18,False
314.55454545454546,0.08934363137489727,S04,50,2,19,False
317.0181818181818,0.22601199913469286,S04,50,2,20,False
319.2818181818182,0.08795737760879106,S04,50,2,21,False
321.70454545454544,0.23322065149057314,S04,50,2,22,False
323.97727272727275,0.07659029274911022,S04,50,2,23,False
326.07272727272726,0.25272801601283396,S04,50,2,24,False
330.3181818181818,0.2531204641654863,S04,50,2,25,False
333.9227272727273,0.26825181120068203,S04,50,2,26,False
337.3181818181818,0.25257361159375835,S04,50,2,27,False
341.1363636363636,0.2609154487171515,S04,50,2,28,False
343.98636363636365,0.0645695217384713,S04,50,2,29,False
346.5954545454546,0.27225292610486024,S04,50,2,30,False
350.65,0.2313447805752548,S04,50,2,31,False
354.4590909090909,0.27427748858386164,S04,50,2,32,False
358.1909090909091,0.25057193180029147,S04,50,2,33,False
361.1909090909091,0.25693167259686805,S04,50,2,34,False
363.56363636363636,0.24442547339190787,S04,50,2,35,False
366.8590909090909,0.28154812037829297,S04,50,2,36,False
370.5181818181818,0.2714499534083413,S04,50,2,37,False
373.6727272727273,0.2673581034070839,S04,50,2,38,False
377.1227272727273,0.24599339890749025,S04,50,2,39,False
379.8818181818182,0.27776217713116025,S04,50,2,40,False
383.03636363636366,0.21928656881218023,S04,50,2,41,False
386.35,0.22558466371615693,S04,50,2,42,False
388.9318181818182,0.2320096142946353,S04,50,2,43,False
391.7818181818182,0.23272638183133548,S04,50,2,44,False
393.9909090909091,0.2722826175680477,S04,50,2,45,False
396.6136363636364,0.22606033375364076,S04,50,2,46,False
399.1636363636364,0.2508671417632494,S04,50,2,47,False
401.6409090909091,0.2318790943425656,S04,50,2,48,False
405.6272727272727,0.4071807553565573,S04,50,2,49,False
409.3727272727273,0.4252696848313889,S04,50,2,50,False
411.78636363636366,0.2040918411601909,S04,50,2,51,False
414.3772727272727,0.6161809809525334,S04,50,2,52,True
416.55454545454546,0.19028640251248274,S04,50,2,53,False
419.00454545454545,0.30765806920200056,S04,50,2,54,False
422.6090909090909,0.384163930404246,S04,50,2,55,False
426.48636363636365,0.32156314218798226,S04,50,2,56,False
430.41818181818184,0.1959521794127832,S04,50,2,57,False
433.19545454545454,0.2710709835785524,S04,50,2,58,False
435.9409090909091,0.3140633740577067,S04,50,2,59,False
438.16818181818184,0.4871158395422237,S04,50,2,60,False
440.76363636363635,0.30585322282507454,S04,50,2,61,False
443.15,0.3267831506086263,S04,50,2,62,False
446.27272727272725,0.28133402024668974,S04,50,2,63,False
448.71363636363634,0.2988028962227851,S04,50,2,64,False
452.0590909090909,0.2951905233976687,S04,50,2,65,False
454.3863636363636,0.209034768201185,S04,50,2,66,False
456.3909090909091,0.19774203520756922,S04,50,2,67,False
459.8090909090909,0.2860885437441598,S04,50,2,68,False
462.7909090909091,0.24370943094970782,S04,50,2,69,False
465.81363636363636,0.2589776565218796,S04,50,2,70,False
469.0,0.38675913645660165,S04,50,2,71,False
471.25,0.23395668637741696,S04,50,2,72,False
474.2090909090909,0.28881180668579176,S04,50,2,73,False
476.6181818181818,0.3104975753254845,S04,50,2,74,False
478.6363636363636,0.41947561295591645,S04,50,2,75,False
480.72727272727275,0.29593917945041065,S04,50,2,76,False
483.7772727272727,0.25551070097610684,S04,50,2,77,False
487.2590909090909,0.2407466947384929,S04,50,2,78,False
490.0090909090909,0.3372010160500616,S04,50,2,79,False
492.2772727272727,0.2834163078069216,S04,50,2,80,False
494.33181818181816,0.4323968300390562,S04,50,2,81,False
496.45,0.2560011937225098,S04,50,2,82,False
499.42727272727274,0.19541516504511752,S04,50,2,83,False
229.4909090909091,0.08345524237795961,S04,50,3,1,False
237.24545454545455,0.08201099636774672,S04,50,3,2,False
241.9909090909091,0.09349199994123619,S04,50,3,3,False
246.96818181818182,0.2894522706699284,S04,50,3,4,False
251.09545454545454,0.08910401821417187,S04,50,3,5,False
256.1909090909091,0.322288884796925,S04,50,3,6,False
258.6272727272727,0.0937928561550718,S04,50,3,7,False
263.4727272727273,0.09126039412073463,S04,50,3,8,False
266.04545454545456,0.3229183306978976,S04,50,3,9,False
271.73636363636365,0.2860666143497577,S04,50,3,10,False
273.9409090909091,0.08845451344947666,S04,50,3,11,False
278.16818181818184,0.11842058052211381,S04,50,3,12,False
281.1909090909091,0.31838041378540716,S04,50,3,13,False
286.7681818181818,0.3067918945873073,S04,50,3,14,False
290.6909090909091,0.30084065312931735,S04,50,3,15,False
295.6227272727273,0.29056589530204835,S04,50,3,16,False
298.3909090909091,0.0966874568791636,S04,50,3,17,False
300.5318181818182,0.23280925752060458,S04,50,3,18,False
305.5318181818182,0.2790384485340899,S04,50,3,19,False
309.6454545454545,0.24955473674150924,S04,50,3,20,False
312.6727272727273,0.06481605001450633,S04,50,3,21,False
314.75,0.2403014217729215,S04,50,3,22,False
318.85,0.25096501662990944,S04,50,3,23,False
322.80454545454546,0.2632260942130261,S04,50,3,24,False
326.69545454545454,0.27970935585808493,S04,50,3,25,False
329.4409090909091,0.309029421557351,S04,50,3,26,False
331.7090909090909,0.09439408282304629,S04,50,3,27,False
334.00454545454545,0.24330195391006515,S04,50,3,28,False
337.71363636363634,0.22319915342508523,S04,50,3,29,False
340.8590909090909,0.2665199477264171,S04,50,3,30,False
344.6727272727273,0.21428881036310998,S04,50,3,31,False
348.9681818181818,0.2451434618323982,S04,50,3,32,False
352.3954545454545,0.20741846698648342,S04,50,3,33,False
355.7227272727273,0.2895704569987027,S04,50,3,34,False
358.4818181818182,0.23206342045546935,S04,50,3,35,False
361.58181818181816,0.2385862209857087,S04,50,3,36,False
363.85,0.18889408658017884,S04,50,3,37,False
366.9227272727273,0.19066219156797026,S04,50,3,38,False
369.6090909090909,0.21753639216131945,S04,50,3,39,False
372.8181818181818,0.16092792921319968,S04,50,3,40,False
376.0181818181818,0.19195476997704883,S04,50,3,41,False
378.95,0.2032943200404686,S04,50,3,42,False
381.43636363636364,0.26214710008188413,S04,50,3,43,False
383.8727272727273,0.16743041716033605,S04,50,3,44,False
386.7909090909091,0.23151038992749357,S04,50,3,45,False
390.3363636363636,0.17129561390521053,S04,50,3,46,False
393.73636363636365,0.2086446903513713,S04,50,3,47,False
397.5181818181818,0.21481403979867048,S04,50,3,48,False
399.6909090909091,0.5892849537270968,S04,50,3,49,True
402.3909090909091,0.33827627411940414,S04,50,3,50,False
405.0181818181818,0.38184687129196243,S04,50,3,51,False
408.1,0.18483674450195947,S04,50,3,52,False
410.7772727272727,0.37268039576046236,S04,50,3,53,False
413.67727272727274,0.32855123261515723,S04,50,3,54,False
416.93636363636364,0.2631629873826621,S04,50,3,55,False
419.7318181818182,0.423897847356188,S04,50,3,56,False
422.6636363636364,0.31530125962524796,S04,50,3,57,False
426.6454545454545,0.22236129515125294,S04,50,3,58,False
429.2909090909091,0.25329707629633563,S04,50,3,59,False
432.96363636363634,0.23805301979178087,S04,50,3,60,False
435.07272727272726,0.15520307701973418,S04,50,3,61,False
437.7318181818182,0.1694975369221453,S04,50,3,62,False
440.9,0.24335173334556162,S04,50,3,63,False
443.6636363636364,0.30766291244148536,S04,50,3,64,False
445.7590909090909,0.4404264864185423,S04,50,3,65,False
448.03636363636366,0.4570745332575257,S04,50,3,66,False
451.1136363636364,0.1943524934700917,S04,50,3,67,False
454.6454545454545,0.23897831605901576,S04,50,3,68,False
457.44545454545454,0.19164875515125157,S04,50,3,69,False
459.47727272727275,0.23521337392570282,S04,50,3,70,False
462.47727272727275,0.2927786547821621,S04,50,3,71,False
465.4136363636364,0.3214721450763553,S04,50,3,72,False
468.2772727272727,0.22847127368987663,S04,50,3,73,False
471.09090909090907,0.4002494297815171,S04,50,3,74,False
473.6227272727273,0.22381774919188008,S04,50,3,75,False
477.0272727272727,0.33831138613964434,S04,50,3,76,False
479.95454545454544,0.3125485716197106,S04,50,3,77,False
482.2818181818182,0.3316845360389059,S04,50,3,78,False
484.5409090909091,0.22516335181394292,S04,50,3,79,False
487.29545454545456,0.2095524173713602,S04,50,3,80,False
490.4318181818182,0.3439542823529392,S04,50,3,81,False
493.28636363636366,0.30651869541752985,S04,50,3,82,False
495.57272727272726,0.17001991719134343,S04,50,3,83,False
497.6818181818182,0.3465445538597388,S04,50,3,84,False
499.8636363636364,0.420939624903408,S04,50,3,85,False
0.1409090909090909,0.006229546348502418,S05,10,1,1,False
3.168181818181818,0.010632355522811986,S05,10,1,2,False
6.954545454545454,0.009037770314587695,S05,10,1,3,False
9.727272727272727,0.02006591867530591,S05,10,1,4,False
12.195454545454545,0.006272942433012572,S05,10,1,5,False
14.386363636363637,0.012584544581315948,S05,10,1,6,False
17.45,0.010166709221622362,S05,10,1,7,False
21.227272727272727,0.007998475429540724,S05,10,1,8,False
24.29090909090909,0.012217569662697547,S05,10,1,9,False
26.618181818181817,0.005774813890902256,S05,10,1,10,False
29.704545454545453,0.011899592980042476,S05,10,1,11,False
32.63636363636363,0.012129250002318022,S05,10,1,12,False
36.44090909090909,0.00819070990637464,S05,10,1,13,False
38.82272727272727,0.009885225262686714,S05,10,1,14,False
41.03636363636364,0.008877040130067848,S05,10,1,15,False
43.25454545454546,0.009264308236947023,S05,10,1,16,False
46.21818181818182,0.00909949080240814,S05,10,1,17,False
48.527272727272724,0.005594587190899468,S05,10,1,18,False
50.836363636363636,0.013207120411032806,S05,10,1,19,False
53.79090909090909,0.0070377246947399994,S05,10,1,20,False
56.17272727272727,0.008286805990629607,S05,10,1,21,False
59.904545454545456,0.011963166863970016,S05,10,1,22,False
62.89545454545455,0.009648482343616925,S05,10,1,23,False
66.05454545454545,0.009577890047693301,S05,10,1,24,False
68.19545454545455,0.005620181105835797,S05,10,1,25,False
71.28181818181818,0.006369499953424747,S05,10,1,26,False
74.39090909090909,0.0107372602934401,S05,10,1,27,False
77.35454545454546,0.011726050023377977,S05,10,1,28,False
79.55909090909091,0.005955712405685953,S05,10,1,29,False
81.85,0.007148111147284345,S05,10,1,30,False
84.9,0.007374181480847399,S05,10,1,31,False
87.95454545454545,0.011402514560647843,S05,10,1,32,False
91.00454545454545,0.009992740993030652,S05,10,1,33,False
94.78181818181818,0.008712923143293475,S05,10,1,34,False
97.10454545454546,0.011152301624404495,S05,10,1,35,False
100.15454545454546,0.010305396840289307,S05,10,1,36,False
103.20454545454545,0.010521217666508764,S05,10,1,37,False
105.34545454545454,0.008288300599034543,S05,10,1,38,False
109.15,0.007873936432096797,S05,10,1,39,False
111.44090909090909,0.01033844753033161,S05,10,1,40,False
113.58636363636364,0.0079790445047585,S05,10,1,41,False
116.63636363636364,0.011908906144715303,S05,10,1,42,False
119.68636363636364,0.009267006038312082,S05,10,1,43,False
122.73636363636363,0.010316680487041258,S05,10,1,44,False
126.69545454545455,0.008076834535342081,S05,10,1,45,False
130.2,0.009172872247554349,S05,10,1,46,False
133.25,0.009253676351607412,S05,10,1,47,False
135.84545454545454,0.007379674380764103,S05,10,1,48,False
139.51818181818183,0.007935522232566683,S05,10,1,49,False
141.6818181818182,0.013184521006508819,S05,10,1,50,False
144.1409090909091,0.008905269922317818,S05,10,1,51,False
147.70909090909092,0.01114501515170872,S05,10,1,52,False
150.04090909090908,0.011297590818733933,S05,10,1,53,False
153.77272727272728,0.006667418103561801,S05,10,1,54,False
157.6818181818182,0.012245519910073145,S05,10,1,55,False
159.8590909090909,0.00924044720204924,S05,10,1,56,False
162.1909090909091,0.005119758532778559,S05,10,1,57,False
166.1,0.008835117090505828,S05,10,1,58,False
168.14545454545456,0.007138453045084266,S05,10,1,59,False
170.55,0.014661604526667545,S05,10,1,60,False
172.8090909090909,0.005631264435197357,S05,10,1,61,False
175.09545454545454,0.012649932118398207,S05,10,1,62,False
177.36363636363637,0.0077481410658067264,S05,10,1,63,False
179.56363636363636,0.01058534490502797,S05,10,1,64,False
182.70909090909092,0.007659921992558419,S05,10,1,65,False
184.9318181818182,0.013281655446850825,S05,10,1,66,False
188.72272727272727,0.009569999570731279,S05,10,1,67,False
190.94545454545454,0.011649310287339183,S05,10,1,68,False
194.0909090909091,0.006876683215174081,S05,10,1,69,False
197.0909090909091,0.012928046530028929,S05,10,1,70,False
199.3409090909091,0.010928103734748507,S05,10,1,71,False
201.4909090909091,0.011152398650483302,S05,10,1,72,False
203.9909090909091,0.006733335054612665,S05,10,1,73,False
206.1909090909091,0.006641222027655899,S05,10,1,74,False
209.32272727272726,0.00850884872720142,S05,10,1,75,False
211.5,0.008385215588721557,S05,10,1,76,False
216.03181818181818,0.008047243495099353,S05,10,1,77,False
219.04090909090908,0.010389831646808855,S05,10,1,78,False
222.1409090909091,0.007049807412598764,S05,10,1,79,False
224.3409090909091,0.00773301360574066,S05,10,1,80,False
227.35454545454544,0.004574126155914392,S05,10,1,81,False
230.3318181818182,0.007226350605781081,S05,10,1,82,False
232.55454545454546,0.007511676195517448,S05,10,1,83,False
236.36818181818182,0.009609883197408485,S05,10,1,84,False
238.75454545454545,0.007797502949275254,S05,10,1,85,False
240.99545454545455,0.005167364887502327,S05,10,1,86,False
244.05454545454546,0.012467561842078879,S05,10,1,87,False
247.92727272727274,0.012188586743067211,S05,10,1,88,False
250.86818181818182,0.008207986142904303,S05,10,1,89,False
252.95909090909092,0.010677705298847841,S05,10,1,90,False
255.4090909090909,0.02014319372725741,S05,10,1,91,True
257.53636363636366,0.011371072853344405,S05,10,1,92,False
260.82272727272726,0.011470442214286307,S05,10,1,93,False
263.78636363636366,0.011158348710238698,S05,10,1,94,False
266.74545454545455,0.006059188891904765,S05,10,1,95,False
269.0681818181818,0.010004442994003368,S05,10,1,96,False
272.0318181818182,0.007380030027816706,S05,10,1,97,False
274.35,0.008393515234134202,S05,10,1,98,False
277.31363636363636,0.010315204115286239,S05,10,1,99,False
279.6090909090909,0.007573090324592857,S05,10,1,100,False
283.4045454545454,0.005532242434063387,S05,10,1,101,False
285.66818181818184,0.01189500821162947,S05,10,1,102,False
288.78636363636366,0.009411341583598626,S05,10,1,103,False
291.8818181818182,0.007709908701228318,S05,10,1,104,False
293.98636363636365,0.0106159179681137,S05,10,1,105,False
297.8818181818182,0.013058766005134613,S05,10,1,106,False
301.6272727272727,0.01063489123597722,S05,10,1,107,False
303.82272727272726,0.008927280083767168,S05,10,1,108,False
306.21363636363634,0.010089418915975288,S05,10,1,109,False
309.0954545454546,0.00808502604360457,S05,10,1,110,False
311.45,0.011720740462343544,S05,10,1,111,False
314.6181818181818,0.008271128309766902,S05,10,1,112,False
316.6636363636364,0.003707648736575954,S05,10,1,113,False
319.2090909090909,0.00531925246037405,S05,10,1,114,False
322.09090909090907,0.004598938813851681,S05,10,1,115,False
324.44545454545454,0.009947003304920031,S05,10,1,116,False
327.3272727272727,0.0070446761107551235,S05,10,1,117,False
329.6818181818182,0.010775866679832578,S05,10,1,118,False
332.6363636363636,0.004583252212419697,S05,10,1,119,False
334.91818181818184,0.009751414902556176,S05,10,1,120,False
338.0863636363636,0.009756925200479192,S05,10,1,121,False
340.32272727272726,0.005398078305837089,S05,10,1,122,False
342.52272727272725,0.0034442630574972556,S05,10,1,123,False
344.7409090909091,0.009354094321226154,S05,10,1,124,False
347.7590909090909,0.008310217092271732,S05,10,1,125,False
350.15,0.008830491442357803,S05,10,1,126,False
352.3909090909091,0.011940842450458814,S05,10,1,127,False
355.44545454545454,0.006502379840776246,S05,10,1,128,False
359.18636363636364,0.009305435215916745,S05,10,1,129,False
361.44545454545454,0.01012146107468647,S05,10,1,130,False
364.4818181818182,0.0052813684185309025,S05,10,1,131,False
368.3772727272727,0.010243744085972947,S05,10,1,132,False
370.6363636363636,0.012640398411778928,S05,10,1,133,False
372.8954545454545,0.010440099670921094,S05,10,1,134,False
376.6136363636364,0.012933322931822037,S05,10,1,135,False
380.45,0.014028092106933584,S05,10,1,136,False
382.68636363636364,0.006547447951031561,S05,10,1,137,False
384.94545454545454,0.01025030262204692,S05,10,1,138,False
388.65,0.01239156045662436,S05,10,1,139,False
392.52272727272725,0.013029019247565625,S05,10,1,140,False
394.7818181818182,0.00906028474208919,S05,10,1,141,False
397.2090909090909,0.005853527033002851,S05,10,1,142,False
399.3681818181818,0.00973852337721997,S05,10,1,143,False
402.3954545454545,0.012289503314934315,S05,10,1,144,False
405.3363636363636,0.00841817989496985,S05,10,1,145,False
407.75,0.011126977596056579,S05,10,1,146,False
411.4909090909091,0.0193160584427089,S05,10,1,147,False
415.2318181818182,0.01173624177883972,S05,10,1,148,False
417.6818181818182,0.008624345084278031,S05,10,1,149,False
420.6227272727273,0.011269286133031917,S05,10,1,150,False
423.7409090909091,0.009840741684595204,S05,10,1,151,False
425.8681818181818,0.008550719003221238,S05,10,1,152,False
428.1636363636364,0.01355906298366428,S05,10,1,153,False
431.1909090909091,0.012366010977824396,S05,10,1,154,False
433.40909090909093,0.013210243060946893,S05,10,1,155,False
437.34090909090907,0.01018844786813494,S05,10,1,156,False
440.95,0.011392170005855162,S05,10,1,157,False
443.3363636363636,0.005770341024922984,S05,10,1,158,False
445.5590909090909,0.005196615005487952,S05,10,1,159,False
447.8454545454546,0.007642004496953425,S05,10,1,160,False
450.1636363636364,0.01398694508222665,S05,10,1,161,False
453.96363636363634,0.01227391825259703,S05,10,1,162,False
456.2818181818182,0.005592089885649539,S05,10,1,163,False
458.44545454545454,0.006309407494102385,S05,10,1,164,False
460.76363636363635,0.009474540782790124,S05,10,1,165,False
463.04545454545456,0.006209050358656905,S05,10,1,166,False
465.28636363636366,0.01608883479121158,S05,10,1,167,False
467.45454545454544,0.010960645513187244,S05,10,1,168,False
470.57272727272726,0.009032421247276969,S05,10,1,169,False
472.8181818181818,0.012646173386373015,S05,10,1,170,False
475.84090909090907,0.010080668733358292,S05,10,1,171,False
479.7,0.012920319763045505,S05,10,1,172,False
482.71363636363634,0.012620703782269344,S05,10,1,173,False
485.7227272727273,0.00938415609354945,S05,10,1,174,False
488.06363636363636,0.013787826346860722,S05,10,1,175,False
491.06363636363636,0.010262841960690034,S05,10,1,176,False
493.34090909090907,0.0069439758886572405,S05,10,1,177,False
495.5681818181818,0.012543801007022154,S05,10,1,178,False
498.74545454545455,0.008564840524528375,S05,10,1,179,False
0.41818181818181815,0.007955405869294293,S05,10,2,1,False
3.4,0.013576398681872852,S05,10,2,2,False
5.863636363636363,0.007752203537956088,S05,10,2,3,False
7.872727272727273,0.009779523159653723,S05,10,2,4,False
10.181818181818182,0.005386675619552453,S05,10,2,5,False
12.513636363636364,0.009224635417068541,S05,10,2,6,False
16.422727272727272,0.006458789777754827,S05,10,2,7,False
18.6,0.00945963435155243,S05,10,2,8,False
20.954545454545453,0.010800075443655759,S05,10,2,9,False
23.931818181818183,0.011136477906842183,S05,10,2,10,False
27.554545454545455,0.006787342933276314,S05,10,2,11,False
29.922727272727272,0.010662097130162012,S05,10,2,12,False
32.14545454545455,0.01154691414786337,S05,10,2,13,False
35.95909090909091,0.009892201586214545,S05,10,2,14,False
38.35,0.011215740436139099,S05,10,2,15,False
41.38636363636363,0.012626272265487008,S05,10,2,16,False
45.06818181818182,0.012143000543729111,S05,10,2,17,False
48.75,0.009728916810629866,S05,10,2,18,False
51.95454545454545,0.01037921115683213,S05,10,2,19,False
54.04545454545455,0.008253579497849092,S05,10,2,20,False
57.986363636363635,0.008819021029997764,S05,10,2,21,False
61.122727272727275,0.0074084631668873205,S05,10,2,22,False
63.96818181818182,0.009521738452992062,S05,10,2,23,False
67.80454545454545,0.011807760828592508,S05,10,2,24,False
70.19545454545455,0.012376708204708691,S05,10,2,25,False
72.26363636363637,0.011466644463488539,S05,10,2,26,False
74.63181818181818,0.008769898761510611,S05,10,2,27,False
78.44545454545455,0.006312397712124049,S05,10,2,28,False
80.66818181818182,0.012584474094547651,S05,10,2,29,False
84.48181818181818,0.011294735720211432,S05,10,2,30,False
88.29545454545455,0.010837837550070352,S05,10,2,31,False
92.10909090909091,0.011990782951785003,S05,10,2,32,False
95.92272727272727,0.009916535393524956,S05,10,2,33,False
98.31363636363636,0.004921981940331789,S05,10,2,34,False
100.38181818181818,0.01172171156451254,S05,10,2,35,False
104.19545454545455,0.012491980736230592,S05,10,2,36,False
106.56363636363636,0.007389779775718194,S05,10,2,37,False
109.56363636363636,0.011897624673609821,S05,10,2,38,False
111.76363636363637,0.013167548941800025,S05,10,2,39,False
115.51818181818182,0.012727286296951221,S05,10,2,40,False
117.78636363636363,0.006548402119577847,S05,10,2,41,False
120.13181818181818,0.00905807508755381,S05,10,2,42,False
123.93636363636364,0.0069384887046754495,S05,10,2,43,False
126.24545454545455,0.009874301998129798,S05,10,2,44,False
128.44545454545454,0.0043924350037075665,S05,10,2,45,False
130.7409090909091,0.012634774172501001,S05,10,2,46,False
133.6590909090909,0.01035239988796091,S05,10,2,47,False
136.12272727272727,0.00626482999947638,S05,10,2,48,False
138.26363636363635,0.012656716784215583,S05,10,2,49,False
143.62272727272727,0.022034055121896483,S05,10,2,50,False
145.9181818181818,0.012208638752513198,S05,10,2,51,False
148.0590909090909,0.012675562260347686,S05,10,2,52,False
150.5,0.0058858336835028195,S05,10,2,53,False
152.66363636363636,0.008579526356679364,S05,10,2,54,False
155.5818181818182,0.009797243129582838,S05,10,2,55,False
158.82272727272726,0.00938512750301927,S05,10,2,56,False
162.55454545454546,0.010238288920262864,S05,10,2,57,False
164.79090909090908,0.006995346917861134,S05,10,2,58,False
167.11818181818182,0.004794777067351686,S05,10,2,59,False
169.38181818181818,0.023039484906635137,S05,10,2,60,False
172.41363636363636,0.011100958736164228,S05,10,2,61,False
174.5590909090909,0.007813633232414286,S05,10,2,62,False
177.70454545454547,0.00833743167558714,S05,10,2,63,False
179.92727272727274,0.007222217262632008,S05,10,2,64,False
182.26818181818183,0.012941974018692976,S05,10,2,65,False
184.51818181818183,0.008408807342535907,S05,10,2,66,False
187.53181818181818,0.011196826496136542,S05,10,2,67,False
190.72272727272727,0.008903245063620955,S05,10,2,68,False
192.79090909090908,0.01033407228687348,S05,10,2,69,False
195.1818181818182,0.013367978098972281,S05,10,2,70,False
198.21818181818182,0.012105658119820572,S05,10,2,71,False
200.45454545454547,0.012647744868323896,S05,10,2,72,False
203.51363636363635,0.006442284508450742,S05,10,2,73,False
205.77272727272728,0.006695052271516722,S05,10,2,74,False
208.03181818181818,0.02124564400833011,S05,10,2,75,False
211.10454545454544,0.008323332260619586,S05,10,2,76,False
213.36363636363637,0.011366136878571173,S05,10,2,77,False
216.29090909090908,0.01201258368978281,S05,10,2,78,False
219.38636363636363,0.014121373559949756,S05,10,2,79,False
221.51363636363635,0.00864817273538358,S05,10,2,80,False
225.45909090909092,0.010536342131272521,S05,10,2,81,False
229.2409090909091,0.010721843243276328,S05,10,2,82,False
231.5,0.007085494388887683,S05,10,2,83,False
233.79090909090908,0.009759874333368125,S05,10,2,84,False
236.77272727272728,0.010383511929103095,S05,10,2,85,False
239.1,0.013516274554173882,S05,10,2,86,False
242.91363636363636,0.008971290644953559,S05,10,2,87,False
245.12272727272727,0.013038013382568069,S05,10,2,88,False
247.36818181818182,0.006919684597948039,S05,10,2,89,False
250.48636363636365,0.0058540111088759405,S05,10,2,90,False
252.75,0.011760176155802157,S05,10,2,91,False
256.6,0.010585992496300151,S05,10,2,92,False
261.09090909090907,0.004741528044647569,S05,10,2,93,False
263.26363636363635,0.010175584680772521,S05,10,2,94,False
265.54545454545456,0.0113512993585826,S05,10,2,95,False
268.00454545454545,0.012373596938313934,S05,10,2,96,False
270.0954545454546,0.010567292732594111,S05,10,2,97,False
273.2590909090909,0.01388421874857201,S05,10,2,98,False
275.35,0.008638351379662523,S05,10,2,99,False
279.19545454545454,0.008017072011745433,S05,10,2,100,False
282.16818181818184,0.010547054299922512,S05,10,2,101,False
285.3090909090909,0.013291798244552146,S05,10,2,102,False
287.74545454545455,0.006210340107250727,S05,10,2,103,False
289.8681818181818,0.01674889659982905,S05,10,2,104,False
292.08181818181816,0.008764468613644633,S05,10,2,105,False
295.92727272727274,0.009224842899362276,S05,10,2,106,False
300.3818181818182,0.011037336979154965,S05,10,2,107,False
303.5,0.007176950327677483,S05,10,2,108,False
306.58181818181816,0.00631812931997669,S05,10,2,109,False
309.6272727272727,0.01165849676841772,S05,10,2,110,False
312.5181818181818,0.010077018878496605,S05,10,2,111,False
315.7318181818182,0.011777528251455397,S05,10,2,112,False
319.4590909090909,0.013121470776229036,S05,10,2,113,False
322.3272727272727,0.006387491656453871,S05,10,2,114,False
324.7227272727273,0.00981984716825033,S05,10,2,115,False
327.04545454545456,0.012392990179710142,S05,10,2,116,False
329.2318181818182,0.014966528590370405,S05,10,2,117,False
331.5863636363636,0.009198226875437459,S05,10,2,118,False
334.6318181818182,0.009016263624200646,S05,10,2,119,False
336.8181818181818,0.00940987515668909,S05,10,2,120,False
339.0409090909091,0.007471862421481306,S05,10,2,121,False
341.3818181818182,0.010679483090850426,S05,10,2,122,False
345.1090909090909,0.010452450324798928,S05,10,2,123,False
348.32272727272726,0.008065457063840554,S05,10,2,124,False
351.2409090909091,0.012128367560198309,S05,10,2,125,False
354.9409090909091,0.013282522832285803,S05,10,2,126,False
358.8181818181818,0.012648531662643254,S05,10,2,127,False
361.02272727272725,0.006173221027748907,S05,10,2,128,False
363.2318181818182,0.01383684511897057,S05,10,2,129,False
366.4227272727273,0.010054785658276428,S05,10,2,130,False
369.44545454545454,0.012213592571244866,S05,10,2,131,False
371.6318181818182,0.011563680162757588,S05,10,2,132,False
374.0090909090909,0.009091889948652957,S05,10,2,133,False
376.99545454545455,0.009955628494951903,S05,10,2,134,False
380.0181818181818,0.01620137340964655,S05,10,2,135,False
384.0681818181818,0.04662448632226385,S05,10,2,136,False
386.09090909090907,0.01437167946563521,S05,10,2,137,False
389.9227272727273,0.015489526631101029,S05,10,2,138,False
392.94545454545454,0.013145004418965357,S05,10,2,139,False
395.9681818181818,0.010030116731462764,S05,10,2,140,False
398.1545454545454,0.010794019151526835,S05,10,2,141,False
400.4909090909091,0.01324649620658949,S05,10,2,142,False
403.5318181818182,0.007407406663824409,S05,10,2,143,False
405.7181818181818,0.0070608222063580795,S05,10,2,144,False
409.5772727272727,0.011974881661797675,S05,10,2,145,False
412.6,0.008963278314338964,S05,10,2,146,False
415.6454545454545,0.01312245612641284,S05,10,2,147,False
419.4818181818182,0.008397965920633004,S05,10,2,148,False
422.3363636363636,0.00969099504214629,S05,10,2,149,False
424.65909090909093,0.0766757200391506,S05,10,2,150,True
427.71363636363634,0.009080857824725294,S05,10,2,151,False
430.55,0.06156035817350053,S05,10,2,152,False
433.7227272727273,0.010610900299300204,S05,10,2,153,False
435.90909090909093,0.00815825485356909,S05,10,2,154,False
438.0272727272727,0.04419011980231982,S05,10,2,155,False
440.6409090909091,0.008975656173794797,S05,10,2,156,False
442.9818181818182,0.010775259454437108,S05,10,2,157,False
445.3863636363636,0.045705544185323466,S05,10,2,158,False
447.54545454545456,0.010760203643083877,S05,10,2,159,False
451.3863636363636,0.04400163756796028,S05,10,2,160,False
454.15909090909093,0.00808220121464253,S05,10,2,161,False
456.53636363636366,0.013034686525073445,S05,10,2,162,False
459.4318181818182,0.0104972695065804,S05,10,2,163,False
462.4909090909091,0.0057817821887725575,S05,10,2,164,False
464.8909090909091,0.008377505799117975,S05,10,2,165,False
467.20454545454544,0.004101562129681507,S05,10,2,166,False
469.4909090909091,0.008469430021125527,S05,10,2,167,False
472.51363636363635,0.007619276677045268,S05,10,2,168,False
475.6409090909091,0.06224783068036122,S05,10,2,169,False
479.27272727272725,0.01328539113844664,S05,10,2,170,False
482.3545454545455,0.009258671363037516,S05,10,2,171,False
484.5772727272727,0.011078445815764459,S05,10,2,172,False
487.65909090909093,0.011466240788446307,S05,10,2,173,False
489.9045454545454,0.006597365055218258,S05,10,2,174,False
492.09090909090907,0.010156196383753069,S05,10,2,175,False
494.4681818181818,0.011166359223957378,S05,10,2,176,False
496.67727272727274,0.01272434273990901,S05,10,2,177,False
499.05454545454546,0.009090774750726597,S05,10,2,178,False
1.6863636363636363,0.010892302710067192,S05,10,3,1,False
3.9681818181818183,0.00721775305146084,S05,10,3,2,False
6.2318181818181815,0.00910546841687797,S05,10,3,3,False
9.981818181818182,0.012122754542144032,S05,10,3,4,False
13.840909090909092,0.009369326070650857,S05,10,3,5,False
16.14090909090909,0.007742336232126337,S05,10,3,6,False
19.04090909090909,0.008035631610102609,S05,10,3,7,False
21.304545454545455,0.011990657082098797,S05,10,3,8,False
24.37272727272727,0.010333802932106107,S05,10,3,9,False
27.427272727272726,0.010110753360229702,S05,10,3,10,False
29.704545454545453,0.005328889527142581,S05,10,3,11,False
32.736363636363635,0.01201243562336008,S05,10,3,12,False
35.79090909090909,0.01350013997142934,S05,10,3,13,False
39.518181818181816,0.00869209831526803,S05,10,3,14,False
42.518181818181816,0.004884418630554132,S05,10,3,15,False
44.79090909090909,0.009508858094227747,S05,10,3,16,False
47.163636363636364,0.008821038706830245,S05,10,3,17,False
49.4,0.004625087709379538,S05,10,3,18,False
52.45454545454545,0.005930692774860941,S05,10,3,19,False
54.7,0.014036362498263476,S05,10,3,20,False
56.94090909090909,0.009307483106906867,S05,10,3,21,False
59.25454545454546,0.011812150299564242,S05,10,3,22,False
61.59090909090909,0.006004205082468532,S05,10,3,23,False
63.8,0.009181806435549559,S05,10,3,24,False
67.58636363636364,0.012664513094270318,S05,10,3,25,False
69.78181818181818,0.011840954580671989,S05,10,3,26,False
72.85454545454546,0.007468689538193089,S05,10,3,27,False
75.88636363636364,0.008272937729399084,S05,10,3,28,False
78.15,0.012416563374976647,S05,10,3,29,False
81.21818181818182,0.011430851732001278,S05,10,3,30,False
84.99090909090908,0.013925079155679887,S05,10,3,31,False
87.28636363636363,0.011797116905221063,S05,10,3,32,False
89.55454545454545,0.012059286565189248,S05,10,3,33,False
91.75909090909092,0.007925866108187022,S05,10,3,34,False
94.88636363636364,0.008755751158347976,S05,10,3,35,False
97.2090909090909,0.011590973770811683,S05,10,3,36,False
100.20454545454545,0.009107192953712562,S05,10,3,37,False
102.37272727272727,0.008329398526424319,S05,10,3,38,False
104.69545454545455,0.01109794696592303,S05,10,3,39,False
107.69090909090909,0.00899055555816454,S05,10,3,40,False
110.7090909090909,0.008920736654702317,S05,10,3,41,False
113.82272727272728,0.012141788532419845,S05,10,3,42,False
117.63181818181818,0.01197113850414355,S05,10,3,43,False
121.44090909090909,0.010175086800421652,S05,10,3,44,False
123.60909090909091,0.01165421450555508,S05,10,3,45,False
125.77727272727273,0.00908462692424333,S05,10,3,46,False
128.0772727272727,0.008691545840488495,S05,10,3,47,False
130.5090909090909,0.011736152776386177,S05,10,3,48,False
132.75,0.006494194225655315,S05,10,3,49,False
135.1090909090909,0.010895795253986547,S05,10,3,50,False
137.93636363636364,0.008347815522124137,S05,10,3,51,False
141.0681818181818,0.005656061923751199,S05,10,3,52,False
143.3272727272727,0.009900390169551538,S05,10,3,53,False
145.7590909090909,0.008472271014320692,S05,10,3,54,False
147.92727272727274,0.011843525588497085,S05,10,3,55,False
150.09545454545454,0.010749759693025279,S05,10,3,56,False
153.94545454545454,0.013417326366617742,S05,10,3,57,False
156.21363636363637,0.009140040408046399,S05,10,3,58,False
158.47727272727272,0.007524345592883758,S05,10,3,59,False
160.64545454545456,0.004347367607927381,S05,10,3,60,False
162.97272727272727,0.013427167466681047,S05,10,3,61,False
166.78181818181818,0.013549236463956477,S05,10,3,62,False
170.72272727272727,0.008077379907410486,S05,10,3,63,False
172.75454545454545,0.011428671935154653,S05,10,3,64,False
175.88636363636363,0.006453971111151305,S05,10,3,65,False
178.20909090909092,0.013691365785492007,S05,10,3,66,False
180.48636363636365,0.005579819127498923,S05,10,3,67,False
182.71363636363637,0.007837350970826355,S05,10,3,68,False
184.9,0.010571200841732456,S05,10,3,69,False
188.05454545454546,0.012045781222613999,S05,10,3,70,False
190.2590909090909,0.007284357681722442,S05,10,3,71,False
192.5590909090909,0.009295905381443627,S05,10,3,72,False
195.6090909090909,0.00865072189978222,S05,10,3,73,False
198.59545454545454,0.008210664723697162,S05,10,3,74,False
200.82272727272726,0.005834572269381909,S05,10,3,75,False
203.8409090909091,0.007913493782232847,S05,10,3,76,False
206.16363636363636,0.012758877900567967,S05,10,3,77,False
208.4909090909091,0.003947607581327931,S05,10,3,78,False
210.6909090909091,0.013887954315329753,S05,10,3,79,False
213.57272727272726,0.005578995282870149,S05,10,3,80,False
216.04545454545453,0.00882738316735639,S05,10,3,81,False
218.27272727272728,0.004220064835158312,S05,10,3,82,False
220.59545454545454,0.01227987501456631,S05,10,3,83,False
224.46363636363637,0.010905572188452424,S05,10,3,84,False
228.0681818181818,0.009691779978556522,S05,10,3,85,False
234.99545454545455,0.009795300180307316,S05,10,3,86,False
237.95909090909092,0.009175318368969097,S05,10,3,87,False
240.22272727272727,0.006090359274409181,S05,10,3,88,False
242.5818181818182,0.007450505325462084,S05,10,3,89,False
245.55,0.005603048316209178,S05,10,3,90,False
247.96818181818182,0.009034167395244142,S05,10,3,91,False
250.25454545454545,0.009771875988957495,S05,10,3,92,False
253.97727272727272,0.009929003711728262,S05,10,3,93,False
256.7181818181818,0.005058547066504369,S05,10,3,94,False
259.2409090909091,0.011237304821447816,S05,10,3,95,False
261.35,0.008297256696129022,S05,10,3,96,False
264.54545454545456,0.012690688738199295,S05,10,3,97,False
266.8681818181818,0.008969700385899353,S05,10,3,98,False
269.0772727272727,0.006687434732479836,S05,10,3,99,False
271.2590909090909,0.01252803368297424,S05,10,3,100,False
273.6045454545455,0.01418932803669816,S05,10,3,101,False
277.4227272727273,0.008171057869701804,S05,10,3,102,False
281.1318181818182,0.00825003480924601,S05,10,3,103,False
283.4818181818182,0.014802834055833568,S05,10,3,104,False
285.8818181818182,0.004584643953935683,S05,10,3,105,False
288.1181818181818,0.009814469396802436,S05,10,3,106,False
291.8090909090909,0.010721653775443108,S05,10,3,107,False
295.57272727272726,0.009284278346309977,S05,10,3,108,False
298.7181818181818,0.011173217429208751,S05,10,3,109,False
300.9045454545454,0.013068038977124209,S05,10,3,110,False
303.2,0.014539721197475982,S05,10,3,111,False
305.4136363636364,0.005411522441930357,S05,10,3,112,False
307.7181818181818,0.010908251799814776,S05,10,3,113,False
309.9409090909091,0.008052105382662685,S05,10,3,114,False
312.3090909090909,0.014204681887731196,S05,10,3,115,False
316.05454545454546,0.009251269182728936,S05,10,3,116,False
318.4227272727273,0.006481811075844673,S05,10,3,117,False
320.50454545454545,0.011156340715895649,S05,10,3,118,False
324.3818181818182,0.01041320560270417,S05,10,3,119,False
326.48636363636365,0.008601844229559097,S05,10,3,120,False
328.8909090909091,0.015290939536795953,S05,10,3,121,False
332.65909090909093,0.012143158961402195,S05,10,3,122,False
334.9318181818182,0.011715583329486584,S05,10,3,123,False
338.7818181818182,0.011213266563331284,S05,10,3,124,False
341.0090909090909,0.009150811879882502,S05,10,3,125,False
344.21363636363634,0.007703402584805787,S05,10,3,126,False
346.3545454545455,0.013224634689822847,S05,10,3,127,False
350.1818181818182,0.012650070952757912,S05,10,3,128,False
352.32272727272726,0.012683002181864883,S05,10,3,129,False
354.76363636363635,0.01085264319942263,S05,10,3,130,False
357.0590909090909,0.009584214717345017,S05,10,3,131,False
359.2,0.014370157599657929,S05,10,3,132,False
362.25,0.011182514698187613,S05,10,3,133,False
365.3,0.0050026207437206495,S05,10,3,134,False
367.57272727272726,0.013782323797933177,S05,10,3,135,False
369.84090909090907,0.013671019832456159,S05,10,3,136,False
373.6136363636364,0.011907515210089165,S05,10,3,137,False
376.0181818181818,0.009637902634309432,S05,10,3,138,False
379.00454545454545,0.010500927010712565,S05,10,3,139,False
381.97727272727275,0.008449137425257085,S05,10,3,140,False
384.21363636363634,0.01084999709451814,S05,10,3,141,False
388.05,0.013020079836842374,S05,10,3,142,False
390.2681818181818,0.011481579070754581,S05,10,3,143,False
392.4818181818182,0.0071226654615733145,S05,10,3,144,False
394.76363636363635,0.005494538669305592,S05,10,3,145,False
397.0409090909091,0.013322136020442285,S05,10,3,146,False
400.8590909090909,0.01216602862074547,S05,10,3,147,False
403.1636363636364,0.0073664825383912315,S05,10,3,148,False
405.47727272727275,0.010143235332047073,S05,10,3,149,False
407.7181818181818,0.013497661707521133,S05,10,3,150,False
410.6818181818182,0.007304120352294177,S05,10,3,151,False
413.05,0.010551943929503567,S05,10,3,152,False
415.2681818181818,0.006270092387958565,S05,10,3,153,False
417.57272727272726,0.009463486594188641,S05,10,3,154,False
421.30454545454546,0.010429105426088358,S05,10,3,155,False
423.70454545454544,0.0094212451938142,S05,10,3,156,False
425.9,0.014000702679668454,S05,10,3,157,False
428.1727272727273,0.016715844312216517,S05,10,3,158,False
430.3727272727273,0.003964543493009719,S05,10,3,159,False
433.51363636363635,0.010391469794093987,S05,10,3,160,False
435.76363636363635,0.006380775036161498,S05,10,3,161,False
438.7772727272727,0.011052379665215573,S05,10,3,162,False
441.83181818181816,0.014933319810888905,S05,10,3,163,False
444.8590909090909,0.012761563878809078,S05,10,3,164,False
447.75,0.07005559732898786,S05,10,3,165,True
450.1363636363636,0.014277724219667434,S05,10,3,166,False
453.5181818181818,0.04704614349597629,S05,10,3,167,False
456.15,0.01022496609925024,S05,10,3,168,False
458.31363636363636,0.009666382627090906,S05,10,3,169,False
460.7772727272727,0.012423196222280223,S05,10,3,170,False
465.0681818181818,0.058460170649714455,S05,10,3,171,False
468.29545454545456,0.007097726861199405,S05,10,3,172,False
470.53636363636366,0.010835985129486969,S05,10,3,173,False
472.8681818181818,0.006822566835165328,S05,10,3,174,False
476.7818181818182,0.06427984320754687,S05,10,3,175,False
479.68636363636364,0.013212273687775649,S05,10,3,176,False
483.6409090909091,0.006729993365069369,S05,10,3,177,False
485.8590909090909,0.04975370798985777,S05,10,3,178,False
488.8181818181818,0.011329468561629084,S05,10,3,179,False
491.0181818181818,0.01363300779453407,S05,10,3,180,False
493.2181818181818,0.011266141792555388,S05,10,3,181,False
495.41818181818184,0.0038720737075000553,S05,10,3,182,False
497.8636363636364,0.01172782088049763,S05,10,3,183,False
499.97727272727275,0.06632181167435591,S05,10,3,184,False
5.95,0.01143783304304667,S05,25,1,1,False
9.713636363636363,0.010367208587856901,S05,25,1,2,False
15.036363636363637,0.009235866364619549,S05,25,1,3,False
20.4,0.015897340591661206,S05,25,1,4,False
23.46818181818182,0.012563234303916586,S05,25,1,5,False
25.78181818181818,0.00903354680092222,S05,25,1,6,False
29.5,0.017045398802512986,S05,25,1,7,False
40.095454545454544,0.00974850098128325,S05,25,1,8,False
43.872727272727275,0.00917055865730872,S05,25,1,9,False
46.07272727272727,0.011946609033952107,S05,25,1,10,False
48.44090909090909,0.009189988025051318,S05,25,1,11,False
51.43636363636364,0.010471642742447919,S05,25,1,12,False
55.25454545454546,0.013939726969241836,S05,25,1,13,False
59.71363636363636,0.014861861478422412,S05,25,1,14,False
62.74545454545454,0.012241486371229859,S05,25,1,15,False
71.78636363636363,0.010259550785178507,S05,25,1,16,False
75.52727272727273,0.009739210379050305,S05,25,1,17,False
77.97272727272727,0.009127018136997159,S05,25,1,18,False
82.51818181818182,0.011051984836571797,S05,25,1,19,False
84.87272727272727,0.009638482962267447,S05,25,1,20,False
87.19090909090909,0.008882632032387965,S05,25,1,21,False
91.50454545454545,0.0108377173517505,S05,25,1,22,False
95.4,0.01297475289737457,S05,25,1,23,False
99.16363636363636,0.012076322226161682,S05,25,1,24,False
102.16363636363636,0.009127644435041368,S05,25,1,25,False
105.18636363636364,0.01142877732198622,S05,25,1,26,False
109.06818181818181,0.011552403309883212,S05,25,1,27,False
111.2909090909091,0.009328735839649563,S05,25,1,28,False
115.87727272727273,0.013761219402404781,S05,25,1,29,False
118.1,0.010353632266534634,S05,25,1,30,False
120.34545454545454,0.010156723799730791,S05,25,1,31,False
124.85909090909091,0.009778087225735692,S05,25,1,32,False
128.70454545454547,0.01192795859983966,S05,25,1,33,False
133.95909090909092,0.013272900458979458,S05,25,1,34,False
138.5090909090909,0.011048945256609386,S05,25,1,35,False
141.65,0.01037777928075495,S05,25,1,36,False
145.39545454545456,0.010398761400406329,S05,25,1,37,False
147.6681818181818,0.010903019447337658,S05,25,1,38,False
152.97272727272727,0.008828177775216814,S05,25,1,39,False
155.21818181818182,0.010996651906422971,S05,25,1,40,False
159.02727272727273,0.010675302589439235,S05,25,1,41,False
161.25,0.008652479676916127,S05,25,1,42,False
163.49545454545455,0.011753003512526365,S05,25,1,43,False
165.89545454545456,0.012670597673485244,S05,25,1,44,False
168.11818181818182,0.010350277516822574,S05,25,1,45,False
171.2,0.008411093049496918,S05,25,1,46,False
175.63181818181818,0.01081948999444823,S05,25,1,47,False
179.38181818181818,0.008700159664390817,S05,25,1,48,False
182.51363636363635,0.01371850278583461,S05,25,1,49,False
184.8409090909091,0.012289723431011475,S05,25,1,50,False
187.73181818181817,0.008615173151424864,S05,25,1,51,False
190.1090909090909,0.013567773444688217,S05,25,1,52,False
193.11818181818182,0.012635602469107486,S05,25,1,53,False
196.1909090909091,0.010170147451516655,S05,25,1,54,False
199.21363636363637,0.010201667270633904,S05,25,1,55,False
202.20909090909092,0.010052885490805331,S05,25,1,56,False
204.38636363636363,0.012305014528493908,S05,25,1,57,False
206.70454545454547,0.01025067975204524,S05,25,1,58,False
209.6681818181818,0.011203117440695683,S05,25,1,59,False
214.37727272727273,0.01134420146237844,S05,25,1,60,False
221.73636363636365,0.010322237318067369,S05,25,1,61,False
228.72272727272727,0.009245848462988204,S05,25,1,62,False
232.51363636363635,0.008306055624922277,S05,25,1,63,False
234.73636363636365,0.00986796714657911,S05,25,1,64,False
239.3272727272727,0.010793740488413132,S05,25,1,65,False
242.3409090909091,0.01154215701202761,S05,25,1,66,False
246.15454545454546,0.008902631788047058,S05,25,1,67,False
249.02272727272728,0.009064248885835194,S05,25,1,68,False
251.41363636363636,0.016151932019764764,S05,25,1,69,False
254.45,0.012146361587270369,S05,25,1,70,False
257.4818181818182,0.012277153552660782,S05,25,1,71,False
262.8181818181818,0.01122731579589476,S05,25,1,72,False
265.8772727272727,0.013494455630064859,S05,25,1,73,False
268.9727272727273,0.011349583209655605,S05,25,1,74,False
271.1,0.009398775252954347,S05,25,1,75,False
274.8954545454545,0.012686773905050856,S05,25,1,76,False
277.2,0.012733915649498351,S05,25,1,77,False
279.4727272727273,0.0198583532594838,S05,25,1,78,False
282.5590909090909,0.01483421156365356,S05,25,1,79,False
285.5272727272727,0.009424074478334512,S05,25,1,80,False
288.6045454545455,0.014237826631530968,S05,25,1,81,False
292.3090909090909,0.013856007099229748,S05,25,1,82,False
294.5181818181818,0.010996027122467802,S05,25,1,83,False
297.7318181818182,0.01180557033402103,S05,25,1,84,False
301.4590909090909,0.01550854086495301,S05,25,1,85,False
304.4227272727273,0.008360259546999932,S05,25,1,86,False
312.04545454545456,0.011834555963080908,S05,25,1,87,False
318.05454545454546,0.013146981299590608,S05,25,1,88,False
321.2090909090909,0.009820947953862092,S05,25,1,89,False
324.44545454545454,0.06993053749206082,S05,25,1,90,False
327.1363636363636,0.010741105333131148,S05,25,1,91,False
330.59090909090907,0.05375288171332765,S05,25,1,92,False
333.3272727272727,0.008462029202497732,S05,25,1,93,False
335.40909090909093,0.06383607232912514,S05,25,1,94,False
339.30454545454546,0.012259295349768022,S05,25,1,95,False
342.8,0.03994185656313813,S05,25,1,96,False
347.00454545454545,0.06221385209120051,S05,25,1,97,False
351.0863636363636,0.04343390872107369,S05,25,1,98,False
353.70454545454544,0.010663115647572465,S05,25,1,99,False
355.83181818181816,0.04718720902688749,S05,25,1,100,False
359.52272727272725,0.04930232553928312,S05,25,1,101,False
363.6227272727273,0.051533067338243026,S05,25,1,102,False
366.93636363636364,0.05016954563473852,S05,25,1,103,False
370.1136363636364,0.07522782792502256,S05,25,1,104,False
373.3590909090909,0.06340218935125197,S05,25,1,105,False
376.73636363636365,0.03820177778575545,S05,25,1,106,False
381.7318181818182,0.047006327741721816,S05,25,1,107,False
385.2227272727273,0.04331746656058259,S05,25,1,108,False
388.7090909090909,0.043424058958958386,S05,25,1,109,False
392.4227272727273,0.045475276675055416,S05,25,1,110,False
395.94545454545454,0.048472345650373116,S05,25,1,111,False
399.00454545454545,0.05181181978937127,S05,25,1,112,False
402.4045454545454,0.034808283646949746,S05,25,1,113,False
406.45454545454544,0.061566896390261236,S05,25,1,114,False
408.81363636363636,0.011403095777408775,S05,25,1,115,False
411.8727272727273,0.03816670829298577,S05,25,1,116,False
414.2772727272727,0.06287510503238057,S05,25,1,117,False
417.3181818181818,0.04058620615052766,S05,25,1,118,False
420.7,0.024307558637515908,S05,25,1,119,False
425.05,0.02669555329295882,S05,25,1,120,False
427.9,0.014115390557517614,S05,25,1,121,False
430.00454545454545,0.0464287355752792,S05,25,1,122,False
434.02272727272725,0.04166623556382402,S05,25,1,123,False
436.1136363636364,0.016037312297272916,S05,25,1,124,False
438.75454545454545,0.04653153624441409,S05,25,1,125,False
442.1,0.06453794778961941,S05,25,1,126,False
446.03636363636366,0.051391750831257424,S05,25,1,127,False
449.79545454545456,0.05668711442834532,S05,25,1,128,False
453.67727272727274,0.06029440834432517,S05,25,1,129,False
457.0954545454546,0.036070638507346764,S05,25,1,130,False
459.1,0.014530346196389862,S05,25,1,131,False
461.19545454545454,0.04053789572265311,S05,25,1,132,False
464.65909090909093,0.046386003686553594,S05,25,1,133,False
468.55454545454546,0.06332271954451547,S05,25,1,134,False
472.5954545454546,0.07557149744704723,S05,25,1,135,False
475.71363636363634,0.060864108693208074,S05,25,1,136,False
477.91818181818184,0.09782129078226484,S05,25,1,137,True
481.90909090909093,0.055193291505577856,S05,25,1,138,False
484.07272727272726,0.08905326390122384,S05,25,1,139,False
487.6363636363636,0.08742679653326538,S05,25,1,140,False
490.7090909090909,0.05893179511243066,S05,25,1,141,False
494.8909090909091,0.07484586988582011,S05,25,1,142,False
497.65,0.05433264637429551,S05,25,1,143,False
499.8,0.011076916047277792,S05,25,1,144,False
2.4545454545454546,0.011517759737108673,S05,25,2,1,False
4.7318181818181815,0.011168731090100812,S05,25,2,2,False
10.790909090909091,0.011016459348510817,S05,25,2,3,False
13.063636363636364,0.011996289398380594,S05,25,2,4,False
19.836363636363636,0.01110494561979344,S05,25,2,5,False
24.463636363636365,0.011992117331126317,S05,25,2,6,False
29.713636363636365,0.015267746947423626,S05,25,2,7,False
44.11818181818182,0.01565731036264996,S05,25,2,8,False
50.086363636363636,0.011423605549535969,S05,25,2,9,False
53.99545454545454,0.013935175538260361,S05,25,2,10,False
59.945454545454545,0.013770318736951014,S05,25,2,11,False
63.78181818181818,0.011443247933804692,S05,25,2,12,False
66.80454545454545,0.011112276949247749,S05,25,2,13,False
69.01363636363637,0.01091612540498312,S05,25,2,14,False
75.81818181818181,0.011464103441439357,S05,25,2,15,False
79.71818181818182,0.01607361755274881,S05,25,2,16,False
81.99090909090908,0.01445647370797181,S05,25,2,17,False
89.48181818181818,0.012051650911693286,S05,25,2,18,False
91.92272727272727,0.01125883334178416,S05,25,2,19,False
94.10909090909091,0.015140158648051495,S05,25,2,20,False
100.10454545454546,0.010789199975828305,S05,25,2,21,False
102.43636363636364,0.011538119209056627,S05,25,2,22,False
106.21818181818182,0.01232119644008245,S05,25,2,23,False
111.45,0.010877621728784564,S05,25,2,24,False
119.86363636363636,0.011971640409648062,S05,25,2,25,False
135.6909090909091,0.012618231017815415,S05,25,2,26,False
151.70454545454547,0.010439573977645899,S05,25,2,27,False
157.85454545454544,0.010862849116538512,S05,25,2,28,False
163.1090909090909,0.011633902128895124,S05,25,2,29,False
166.95454545454547,0.010422990245173645,S05,25,2,30,False
172.8909090909091,0.013221394032939862,S05,25,2,31,False
178.18636363636364,0.012929696458542249,S05,25,2,32,False
180.45909090909092,0.012440987607164035,S05,25,2,33,False
185.70454545454547,0.0104747691451299,S05,25,2,34,False
188.0090909090909,0.01215734681389838,S05,25,2,35,False
191.01818181818183,0.010271139031917512,S05,25,2,36,False
193.33636363636364,0.01287609384426274,S05,25,2,37,False
197.12272727272727,0.015369992506611791,S05,25,2,38,False
200.77272727272728,0.011225522054045145,S05,25,2,39,False
205.45454545454547,0.01362626891576995,S05,25,2,40,False
207.72727272727272,0.013395830523962135,S05,25,2,41,False
210.06363636363636,0.012492063624725522,S05,25,2,42,False
220.60454545454544,0.014300272922982091,S05,25,2,43,False
222.87727272727273,0.011869391797549783,S05,25,2,44,False
230.46363636363637,0.012003433889166878,S05,25,2,45,False
235.79090909090908,0.010293003283831058,S05,25,2,46,False
247.86818181818182,0.01913141896614891,S05,25,2,47,False
251.57272727272726,0.010965060139523976,S05,25,2,48,False
253.91363636363636,0.01250259302772367,S05,25,2,49,False
256.2,0.014082862326097104,S05,25,2,50,False
258.47727272727275,0.0108657736361695,S05,25,2,51,False
262.19545454545454,0.012196287089829765,S05,25,2,52,False
264.53636363636366,0.01490960762819224,S05,25,2,53,False
267.4409090909091,0.012015840771913748,S05,25,2,54,False
270.53636363636366,0.013758528008536428,S05,25,2,55,False
274.25454545454545,0.010976345022755468,S05,25,2,56,False
278.1272727272727,0.010452237367358142,S05,25,2,57,False
281.18636363636364,0.013544368569776371,S05,25,2,58,False
288.07272727272726,0.012855489338311895,S05,25,2,59,False
293.95454545454544,0.012864256327912209,S05,25,2,60,False
296.95454545454544,0.014259960508130833,S05,25,2,61,False
305.3727272727273,0.014433017244754359,S05,25,2,62,False
307.6818181818182,0.011925362478876328,S05,25,2,63,False
311.5272727272727,0.011160486381290285,S05,25,2,64,False
313.6727272727273,0.015222476346794307,S05,25,2,65,False
315.9818181818182,0.019151022513064508,S05,25,2,66,False
318.40909090909093,0.012664083382870834,S05,25,2,67,False
324.3863636363636,0.0181864509713632,S05,25,2,68,False
328.92727272727274,0.022612948530219314,S05,25,2,69,False
331.1727272727273,0.017240434838066813,S05,25,2,70,False
333.46363636363634,0.013920469095390853,S05,25,2,71,False
336.5681818181818,0.023641859109139324,S05,25,2,72,False
345.5863636363636,0.017005785258247492,S05,25,2,73,False
349.3590909090909,0.01940839315163845,S05,25,2,74,False
352.3272727272727,0.016957956507382285,S05,25,2,75,False
355.42727272727274,0.024234467728447638,S05,25,2,76,False
357.80454545454546,0.015916595968122345,S05,25,2,77,False
360.4590909090909,0.0212544297393754,S05,25,2,78,False
363.0772727272727,0.01761311457372593,S05,25,2,79,False
366.47727272727275,0.032689196275643,S05,25,2,80,False
370.51363636363635,0.015578344639665183,S05,25,2,81,False
372.9045454545454,0.018129841548638934,S05,25,2,82,False
377.3590909090909,0.021323618932169965,S05,25,2,83,False
379.7090909090909,0.02475723859592223,S05,25,2,84,False
382.2681818181818,0.03829941605980326,S05,25,2,85,False
384.27272727272725,0.030233071918130995,S05,25,2,86,False
388.3590909090909,0.01815695718131882,S05,25,2,87,False
390.95,0.023876443461291606,S05,25,2,88,False
394.7590909090909,0.042589000354526445,S05,25,2,89,False
397.0590909090909,0.011502444094170377,S05,25,2,90,False
399.25454545454545,0.04193527671292859,S05,25,2,91,False
403.3272727272727,0.0429142253070114,S05,25,2,92,False
405.3454545454546,0.013622904535247303,S05,25,2,93,False
409.85,0.021590178049512382,S05,25,2,94,False
412.6545454545454,0.04546453436707171,S05,25,2,95,False
415.17727272727274,0.0264527960446842,S05,25,2,96,False
417.2409090909091,0.039862437485601435,S05,25,2,97,False
421.1363636363636,0.06698583298974223,S05,25,2,98,False
424.6409090909091,0.04128677472033215,S05,25,2,99,False
428.0681818181818,0.03030736248073636,S05,25,2,100,False
432.0590909090909,0.061663285349296,S05,25,2,101,False
436.4045454545454,0.15198809291103182,S05,25,2,102,False
439.3818181818182,0.05738530557293617,S05,25,2,103,False
443.0,0.19264647103230598,S05,25,2,104,True
447.04545454545456,0.06813477743339516,S05,25,2,105,False
451.19545454545454,0.16748007888531188,S05,25,2,106,False
455.2772727272727,0.1521257505315913,S05,25,2,107,False
458.8181818181818,0.16449727691045993,S05,25,2,108,False
462.6636363636364,0.11743182319260088,S05,25,2,109,False
465.0954545454546,0.16857931400589615,S05,25,2,110,False
467.98636363636365,0.08162802869609122,S05,25,2,111,False
470.23636363636365,0.13518751536320983,S05,25,2,112,False
474.71363636363634,0.12676381502975845,S05,25,2,113,False
477.15909090909093,0.16940107866490742,S05,25,2,114,False
480.3954545454545,0.12203489793139297,S05,25,2,115,False
484.44545454545454,0.1210262817887254,S05,25,2,116,False
487.7909090909091,0.16222830460271692,S05,25,2,117,False
490.4818181818182,0.16804653700537103,S05,25,2,118,False
493.42727272727274,0.16817840008451862,S05,25,2,119,False
496.74545454545455,0.143146266400821,S05,25,2,120,False
499.3909090909091,0.15641267723522734,S05,25,2,121,False
168.97727272727272,0.014007777051415583,S05,25,3,1,False
274.3,0.04981666896937967,S05,25,3,2,False
276.54545454545456,0.018638041330281768,S05,25,3,3,False
278.9409090909091,0.01344866840464783,S05,25,3,4,False
296.94545454545454,0.021004411012111018,S05,25,3,5,False
299.3818181818182,0.015205344731785687,S05,25,3,6,False
301.65,0.014096879125405524,S05,25,3,7,False
309.6727272727273,0.027857126513002265,S05,25,3,8,False
312.2181818181818,0.014673866079957385,S05,25,3,9,False
316.19545454545454,0.027503442106835203,S05,25,3,10,False
323.1409090909091,0.015629992080970094,S05,25,3,11,False
327.3454545454546,0.02965823895611102,S05,25,3,12,False
331.8863636363636,0.031094597039436078,S05,25,3,13,False
336.29545454545456,0.025021790322546186,S05,25,3,14,False
340.3545454545455,0.023994432206697617,S05,25,3,15,False
343.8727272727273,0.029459462275274694,S05,25,3,16,False
346.20454545454544,0.01733585547696076,S05,25,3,17,False
354.52272727272725,0.0193037351486596,S05,25,3,18,False
356.6181818181818,0.018958255939456423,S05,25,3,19,False
360.7227272727273,0.03408159139508594,S05,25,3,20,False
366.7318181818182,0.04503186505226343,S05,25,3,21,False
369.67727272727274,0.055459563209366694,S05,25,3,22,False
373.4909090909091,0.030950876652752143,S05,25,3,23,False
377.3,0.03718072411605181,S05,25,3,24,False
387.9909090909091,0.04152134404573121,S05,25,3,25,False
391.6454545454545,0.017200619490141206,S05,25,3,26,False
393.9727272727273,0.039886323443850735,S05,25,3,27,False
396.3545454545455,0.028528333207219005,S05,25,3,28,False
398.55454545454546,0.03993128365575635,S05,25,3,29,False
405.18636363636364,0.022728956532839423,S05,25,3,30,False
409.1181818181818,0.02397500309488289,S05,25,3,31,False
412.0181818181818,0.03469271483504208,S05,25,3,32,False
415.0590909090909,0.0347228069994738,S05,25,3,33,False
417.43636363636364,0.01727604550121102,S05,25,3,34,False
419.5409090909091,0.04352058230654926,S05,25,3,35,False
423.49545454545455,0.040047256159301416,S05,25,3,36,False
426.5090909090909,0.0396665036456973,S05,25,3,37,False
428.9409090909091,0.03902310594497869,S05,25,3,38,False
431.7590909090909,0.03536405964826625,S05,25,3,39,False
434.6136363636364,0.035152747656745864,S05,25,3,40,False
436.6818181818182,0.12704140894407917,S05,25,3,41,False
440.7090909090909,0.024877299208836322,S05,25,3,42,False
442.9681818181818,0.13745672611173348,S05,25,3,43,False
445.9136363636364,0.045007577170063345,S05,25,3,44,False
449.25,0.16126605675445438,S05,25,3,45,False
452.3727272727273,0.06842707578898943,S05,25,3,46,False
455.3681818181818,0.14061537321374148,S05,25,3,47,False
457.5954545454546,0.14216338979966983,S05,25,3,48,False
460.05454545454546,0.045982481508124465,S05,25,3,49,False
462.2,0.1478577150260653,S05,25,3,50,False
465.51363636363635,0.1213990891245373,S05,25,3,51,False
469.41818181818184,0.12470924262436436,S05,25,3,52,False
472.1409090909091,0.13980049421776866,S05,25,3,53,False
475.05,0.15127685931361162,S05,25,3,54,False
478.3454545454546,0.14405807093678374,S05,25,3,55,False
481.1727272727273,0.1285694606190773,S05,25,3,56,False
484.3,0.22742266128592625,S05,25,3,57,True
488.55,0.14745908223927195,S05,25,3,58,False
491.71363636363634,0.1451589093315795,S05,25,3,59,False
495.8909090909091,0.1315996638525352,S05,25,3,60,False
498.1409090909091,0.12708019855781147,S05,25,3,61,False
296.1363636363636,0.05301982131959565,S05,50,1,1,False
298.16818181818184,0.02949849750651585,S05,50,1,2,False
302.07272727272726,0.03630836981381224,S05,50,1,3,False
306.59090909090907,0.028387041921700443,S05,50,1,4,False
310.98636363636365,0.026375637721996123,S05,50,1,5,False
334.7590909090909,0.03928983241892879,S05,50,1,6,False
338.52272727272725,0.03842106412400603,S05,50,1,7,False
342.7681818181818,0.05850264188816023,S05,50,1,8,False
347.02272727272725,0.03671044438435415,S05,50,1,9,False
349.1136363636364,0.13703113430652492,S05,50,1,10,False
351.3545454545455,0.031150212778575905,S05,50,1,11,False
354.35,0.15670109385824563,S05,50,1,12,False
356.9045454545454,0.0354191592772586,S05,50,1,13,False
359.43636363636364,0.06966653495982586,S05,50,1,14,False
361.45454545454544,0.10082754632853227,S05,50,1,15,False
366.4681818181818,0.16057820850154217,S05,50,1,16,False
371.0318181818182,0.15420941225579549,S05,50,1,17,False
373.46363636363634,0.15002424972604145,S05,50,1,18,False
377.3727272727273,0.1447540053727569,S05,50,1,19,False
380.34090909090907,0.13891343827313732,S05,50,1,20,False
382.98636363636365,0.13818774207763218,S05,50,1,21,False
385.4818181818182,0.14502825412183762,S05,50,1,22,False
387.5409090909091,0.03336340300496836,S05,50,1,23,False
389.7,0.1497940970976184,S05,50,1,24,False
392.84090909090907,0.17132022805833325,S05,50,1,25,False
395.65909090909093,0.1405106532535498,S05,50,1,26,False
398.5318181818182,0.1649323855883053,S05,50,1,27,False
401.03636363636366,0.14455077676251893,S05,50,1,28,False
404.25454545454545,0.13496812730514787,S05,50,1,29,False
407.1136363636364,0.16152025699335437,S05,50,1,30,False
410.09090909090907,0.12323493957358064,S05,50,1,31,False
413.1090909090909,0.12010837210142711,S05,50,1,32,False
417.8818181818182,0.14128500698544358,S05,50,1,33,False
420.1318181818182,0.1889977340656261,S05,50,1,34,False
423.43636363636364,0.14477596312242552,S05,50,1,35,False
426.7318181818182,0.07983865621494064,S05,50,1,36,False
429.97727272727275,0.09493001491680063,S05,50,1,37,False
432.19545454545454,0.1436655785704708,S05,50,1,38,False
434.8636363636364,0.16893934853778414,S05,50,1,39,False
439.01363636363635,0.1415335266818215,S05,50,1,40,False
441.4727272727273,0.2016530716082977,S05,50,1,41,False
444.68636363636364,0.04502482571348979,S05,50,1,42,False
447.34090909090907,0.3129485419568617,S05,50,1,43,True
450.31363636363636,0.20279952874297666,S05,50,1,44,False
452.3590909090909,0.06250315802817065,S05,50,1,45,False
454.53636363636366,0.11723623419964652,S05,50,1,46,False
457.2681818181818,0.17361538501690751,S05,50,1,47,False
461.31363636363636,0.20384670128293464,S05,50,1,48,False
465.84090909090907,0.17870281842403182,S05,50,1,49,False
467.8545454545455,0.06181193928403151,S05,50,1,50,False
471.56363636363636,0.16734758930180488,S05,50,1,51,False
473.6318181818182,0.042227316697769746,S05,50,1,52,False
475.8772727272727,0.22910687101250976,S05,50,1,53,False
479.6909090909091,0.1497129627662188,S05,50,1,54,False
482.3772727272727,0.149595921415767,S05,50,1,55,False
485.1136363636364,0.1261287430431549,S05,50,1,56,False
487.31363636363636,0.16185761745084504,S05,50,1,57,False
489.9318181818182,0.16189405762279954,S05,50,1,58,False
492.0681818181818,0.03652932133854859,S05,50,1,59,False
494.23636363636365,0.133372181153312,S05,50,1,60,False
496.4909090909091,0.15502096784164351,S05,50,1,61,False
499.25454545454545,0.08117295601093336,S05,50,1,62,False
259.4227272727273,0.020908937506223784,S05,50,2,1,False
262.31363636363636,0.021969254632242436,S05,50,2,2,False
268.47727272727275,0.020964800410540788,S05,50,2,3,False
274.5090909090909,0.02496855872606868,S05,50,2,4,False
278.8454545454546,0.03290660014066697,S05,50,2,5,False
284.5590909090909,0.029262405439397142,S05,50,2,6,False
288.9045454545454,0.04549012232854083,S05,50,2,7,False
294.23636363636365,0.028532601809765197,S05,50,2,8,False
303.2227272727273,0.028392136395813988,S05,50,2,9,False
307.9136363636364,0.029807958921283177,S05,50,2,10,False
311.56363636363636,0.0319028071718594,S05,50,2,11,False
313.7681818181818,0.034445456588671014,S05,50,2,12,False
322.3,0.02248303390245581,S05,50,2,13,False
327.4818181818182,0.023979753038635906,S05,50,2,14,False
334.3272727272727,0.02292754907991687,S05,50,2,15,False
337.99545454545455,0.03401728815921523,S05,50,2,16,False
340.45454545454544,0.037159820122389726,S05,50,2,17,False
342.74545454545455,0.10530776492699068,S05,50,2,18,False
345.83181818181816,0.14788045684786622,S05,50,2,19,False
348.1045454545455,0.021704237971219432,S05,50,2,20,False
351.07272727272726,0.15095982793245932,S05,50,2,21,False
354.0272727272727,0.027928307442255124,S05,50,2,22,False
356.76363636363635,0.1375714707139678,S05,50,2,23,False
359.3818181818182,0.04103771949971772,S05,50,2,24,False
362.0318181818182,0.1207908230801103,S05,50,2,25,False
364.2181818181818,0.11636064571008412,S05,50,2,26,False
366.8818181818182,0.034649867670993484,S05,50,2,27,False
370.1181818181818,0.1315771672381552,S05,50,2,28,False
372.7,0.14690177317519693,S05,50,2,29,False
374.85,0.11926260986981672,S05,50,2,30,False
377.7909090909091,0.13039385384241028,S05,50,2,31,False
380.45454545454544,0.1622962951479674,S05,50,2,32,False
383.4045454545454,0.12874433393806378,S05,50,2,33,False
386.28636363636366,0.14475115790166249,S05,50,2,34,False
388.75,0.12853986581488805,S05,50,2,35,False
391.52272727272725,0.1292887501983477,S05,50,2,36,False
394.3181818181818,0.147139258073461,S05,50,2,37,False
396.9818181818182,0.1222355562674911,S05,50,2,38,False
399.6,0.15355561985825708,S05,50,2,39,False
402.3363636363636,0.13520853663928667,S05,50,2,40,False
404.99545454545455,0.13661882631892824,S05,50,2,41,False
407.5590909090909,0.12244428031653731,S05,50,2,42,False
409.6818181818182,0.11933228905942356,S05,50,2,43,False
411.8272727272727,0.08287778333298226,S05,50,2,44,False
414.70454545454544,0.10890146906355576,S05,50,2,45,False
417.5681818181818,0.13876753240003842,S05,50,2,46,False
420.24545454545455,0.12280952377259582,S05,50,2,47,False
424.20454545454544,0.1390769878338368,S05,50,2,48,False
426.42727272727274,0.1956639324258121,S05,50,2,49,False
429.53636363636366,0.2047929196170637,S05,50,2,50,False
433.6454545454545,0.09522635628751729,S05,50,2,51,False
436.6454545454545,0.1477498803531342,S05,50,2,52,False
439.9045454545454,0.1487574838949895,S05,50,2,53,False
442.0954545454546,0.12299990951329143,S05,50,2,54,False
444.3863636363636,0.0557114136402797,S05,50,2,55,False
446.67727272727274,0.12636221537820058,S05,50,2,56,False
448.8181818181818,0.11318512048950587,S05,50,2,57,False
450.92727272727274,0.13250646008792696,S05,50,2,58,False
453.5181818181818,0.12344582633153184,S05,50,2,59,False
457.0181818181818,0.13764047126478884,S05,50,2,60,False
459.23636363636365,0.1348905767487879,S05,50,2,61,False
461.29545454545456,0.0707539393896433,S05,50,2,62,False
463.41818181818184,0.1285569464754735,S05,50,2,63,False
465.6909090909091,0.12128200153575197,S05,50,2,64,False
467.79545454545456,0.1371687931379714,S05,50,2,65,False
469.9045454545454,0.02937161822478035,S05,50,2,66,False
472.5590909090909,0.1263352841065633,S05,50,2,67,False
474.9,0.07222767472662313,S05,50,2,68,False
477.48636363636365,0.1687760888528585,S05,50,2,69,False
479.6272727272727,0.12645574932383813,S05,50,2,70,False
481.9227272727273,0.13525381559029537,S05,50,2,71,False
484.33181818181816,0.1302211427457432,S05,50,2,72,False
486.48636363636365,0.1406667245202181,S05,50,2,73,False
489.9727272727273,0.06757619055818934,S05,50,2,74,False
493.0409090909091,0.13823140543440654,S05,50,2,75,False
495.0590909090909,0.03995178915777356,S05,50,2,76,False
497.81363636363636,0.21548905668480967,S05,50,2,77,True
499.9227272727273,0.16455070884294115,S05,50,2,78,False
48.4,0.019664164685056128,S05,50,3,1,False
103.69090909090909,0.025543716609827863,S05,50,3,2,False
108.23181818181818,0.019387161941316736,S05,50,3,3,False
114.29545454545455,0.02354109067741573,S05,50,3,4,False
249.11363636363637,0.02185191863416088,S05,50,3,5,False
261.9409090909091,0.019673508253751203,S05,50,3,6,False
266.53636363636366,0.024181214753034138,S05,50,3,7,False
291.5272727272727,0.019603297292083745,S05,50,3,8,False
314.9681818181818,0.020646010233161555,S05,50,3,9,False
320.95,0.02408260235589755,S05,50,3,10,False
324.3863636363636,0.08231671503729257,S05,50,3,11,False
327.1545454545454,0.11934784283821641,S05,50,3,12,False
329.4045454545454,0.029997295126852647,S05,50,3,13,False
331.50454545454545,0.09873453466461414,S05,50,3,14,False
335.5090909090909,0.13176426796219085,S05,50,3,15,False
338.4818181818182,0.12496956790736075,S05,50,3,16,False
340.7409090909091,0.0224335222673795,S05,50,3,17,False
343.1136363636364,0.11252984151098483,S05,50,3,18,False
346.6272727272727,0.09169660967936605,S05,50,3,19,False
349.8363636363636,0.11357071326860511,S05,50,3,20,False
353.01363636363635,0.0895853984495342,S05,50,3,21,False
355.57272727272726,0.10273270798173495,S05,50,3,22,False
358.3590909090909,0.10294220627862849,S05,50,3,23,False
362.98636363636365,0.09188873538414956,S05,50,3,24,False
366.30454545454546,0.10261002905270045,S05,50,3,25,False
369.55,0.12077691712658947,S05,50,3,26,False
372.8,0.0361132435747611,S05,50,3,27,False
374.9,0.11275511140848754,S05,50,3,28,False
377.8454545454546,0.025593174154759986,S05,50,3,29,False
380.05,0.11271134956279022,S05,50,3,30,False
382.5,0.08860074224845559,S05,50,3,31,False
384.75,0.10802392001530829,S05,50,3,32,False
387.15,0.1142607652566307,S05,50,3,33,False
389.26363636363635,0.11672700409906667,S05,50,3,34,False
391.65909090909093,0.08085688458182431,S05,50,3,35,False
394.9227272727273,0.08683331229339421,S05,50,3,36,False
397.44545454545454,0.10055187151512002,S05,50,3,37,False
400.05,0.08794565172934937,S05,50,3,38,False
402.4,0.09162298660331188,S05,50,3,39,False
404.5409090909091,0.10710924370948487,S05,50,3,40,False
407.3818181818182,0.036043535805341906,S05,50,3,41,False
410.3772727272727,0.1079559866026912,S05,50,3,42,False
412.9045454545454,0.09792827370463283,S05,50,3,43,False
415.45,0.09218991194671279,S05,50,3,44,False
418.3681818181818,0.09495079390293429,S05,50,3,45,False
420.8,0.09440759451106939,S05,50,3,46,False
425.3727272727273,0.10952424844721995,S05,50,3,47,False
427.94545454545454,0.07706339930992412,S05,50,3,48,False
430.84090909090907,0.10086917041294491,S05,50,3,49,False
434.21363636363634,0.11894479737675127,S05,50,3,50,False
436.5772727272727,0.18248730251785344,S05,50,3,51,True
440.07272727272726,0.11206271570457443,S05,50,3,52,False
443.9818181818182,0.09389288035626815,S05,50,3,53,False
447.5681818181818,0.1361047177069522,S05,50,3,54,False
449.84090909090907,0.10247316366034213,S05,50,3,55,False
451.9727272727273,0.06879594061425369,S05,50,3,56,False
454.00454545454545,0.09173702820871843,S05,50,3,57,False
456.3681818181818,0.11070806021898394,S05,50,3,58,False
458.8181818181818,0.09476677985515236,S05,50,3,59,False
461.1363636363636,0.027697262471456804,S05,50,3,60,False
463.32272727272726,0.09466557608509235,S05,50,3,61,False
465.6909090909091,0.10431759529333846,S05,50,3,62,False
468.7772727272727,0.07105126513822513,S05,50,3,63,False
472.67727272727274,0.11760561098725558,S05,50,3,64,False
476.22727272727275,0.1055765094826757,S05,50,3,65,False
478.90909090909093,0.0783461609197123,S05,50,3,66,False
481.1090909090909,0.0820044640173942,S05,50,3,67,False
484.4681818181818,0.08277637682387781,S05,50,3,68,False
486.65909090909093,0.0932799987825353,S05,50,3,69,False
488.6818181818182,0.07427249666586304,S05,50,3,70,False
491.6409090909091,0.07789171303173595,S05,50,3,71,False
493.6818181818182,0.025586145839385687,S05,50,3,72,False
495.7590909090909,0.09613512905635074,S05,50,3,73,False
498.3090909090909,0.09634792659811878,S05,50,3,74,False
224.5590909090909,0.04968795232669596,S07,10,1,1,False
227.06363636363636,0.028198262049341238,S07,10,1,2,False
232.53181818181818,0.07958043067769065,S07,10,1,3,False
240.34545454545454,0.13422768171167582,S07,10,1,4,False
243.02727272727273,0.02969866782570906,S07,10,1,5,False
248.88181818181818,0.10494018722327211,S07,10,1,6,False
254.27272727272728,0.1442754960023408,S07,10,1,7,False
259.32272727272726,0.11325711892313835,S07,10,1,8,False
264.2409090909091,0.11236541098846159,S07,10,1,9,False
269.24545454545455,0.1050047724793258,S07,10,1,10,False
274.1090909090909,0.11106580740243818,S07,10,1,11,False
279.45454545454544,0.12560106570787355,S07,10,1,12,False
283.8818181818182,0.1389191742200067,S07,10,1,13,False
288.44545454545454,0.13183239107556577,S07,10,1,14,False
293.05,0.10072857651840002,S07,10,1,15,False
297.84090909090907,0.10195921893995498,S07,10,1,16,False
302.3727272727273,0.12221882221411223,S07,10,1,17,False
306.90909090909093,0.12587797297421238,S07,10,1,18,False
310.8954545454545,0.11657081933693578,S07,10,1,19,False
314.8590909090909,0.1443242668919871,S07,10,1,20,False
317.30454545454546,0.07911057849582342,S07,10,1,21,False
319.43636363636364,0.10283509362566008,S07,10,1,22,False
323.3454545454546,0.10843264724832512,S07,10,1,23,False
327.03636363636366,0.15195863528036807,S07,10,1,24,False
330.7772727272727,0.17260750756219914,S07,10,1,25,False
334.56363636363636,0.12783634373231811,S07,10,1,26,False
338.2181818181818,0.11237150217260243,S07,10,1,27,False
341.5590909090909,0.3939496061429034,S07,10,1,28,True
344.5272727272727,0.11137698946932956,S07,10,1,29,False
349.9318181818182,0.10548287393062564,S07,10,1,30,False
352.15909090909093,0.08859865805516055,S07,10,1,31,False
354.22727272727275,0.13461050386440215,S07,10,1,32,False
358.17727272727274,0.14377807970301226,S07,10,1,33,False
362.1409090909091,0.11140858926870746,S07,10,1,34,False
366.27272727272725,0.12141965713129434,S07,10,1,35,False
369.8636363636364,0.10789846068664119,S07,10,1,36,False
374.43636363636364,0.10405185236377805,S07,10,1,37,False
378.45,0.19648093578663484,S07,10,1,38,False
381.9727272727273,0.10894592378844592,S07,10,1,39,False
385.58181818181816,0.09245513939722494,S07,10,1,40,False
388.1136363636364,0.14712167560726014,S07,10,1,41,False
390.6227272727273,0.10908474831057498,S07,10,1,42,False
394.3954545454545,0.0868865142103592,S07,10,1,43,False
398.06363636363636,0.08701219125457661,S07,10,1,44,False
400.8636363636364,0.08706294705870751,S07,10,1,45,False
404.72727272727275,0.1320854522375373,S07,10,1,46,False
408.49545454545455,0.13653056376203862,S07,10,1,47,False
412.59090909090907,0.10541168261109267,S07,10,1,48,False
415.8590909090909,0.11222887974186231,S07,10,1,49,False
418.2772727272727,0.06710514230588224,S07,10,1,50,False
420.92727272727274,0.1257423709719453,S07,10,1,51,False
424.03636363636366,0.10436752583147045,S07,10,1,52,False
427.2818181818182,0.1410973040494482,S07,10,1,53,False
430.15909090909093,0.11899191427379784,S07,10,1,54,False
433.97727272727275,0.10204285500475237,S07,10,1,55,False
438.1545454545454,0.11151616603587816,S07,10,1,56,False
442.8909090909091,0.13433925259192783,S07,10,1,57,False
446.9318181818182,0.10776179184148463,S07,10,1,58,False
451.1318181818182,0.10172643702751379,S07,10,1,59,False
455.1181818181818,0.1084418282878513,S07,10,1,60,False
458.77272727272725,0.094711761547875,S07,10,1,61,False
462.65909090909093,0.08908879170755962,S07,10,1,62,False
464.69545454545454,0.05515295464969462,S07,10,1,63,False
467.0409090909091,0.1042113006386616,S07,10,1,64,False
470.83181818181816,0.19309057312144315,S07,10,1,65,False
472.8636363636364,0.03882498824949231,S07,10,1,66,False
475.6545454545454,0.10712645908244724,S07,10,1,67,False
478.74545454545455,0.10556404652752227,S07,10,1,68,False
482.58181818181816,0.13421038916713168,S07,10,1,69,False
485.45,0.054654112341156434,S07,10,1,70,False
487.6090909090909,0.09552614634663739,S07,10,1,71,False
491.75454545454545,0.11071832215653833,S07,10,1,72,False
495.8772727272727,0.11643562174048347,S07,10,1,73,False
499.78636363636366,0.11856788483398838,S07,10,1,74,False
244.27272727272728,0.0640367819325034,S07,10,2,1,False
262.43636363636364,0.12810871564752088,S07,10,2,2,False
266.2,0.12263175871228324,S07,10,2,3,False
268.5,0.07591334987830388,S07,10,2,4,False
272.32272727272726,0.10067437289402545,S07,10,2,5,False
274.5,0.08388094129958579,S07,10,2,6,False
276.9136363636364,0.08514866086543171,S07,10,2,7,False
279.1045454545455,0.05835620493933629,S07,10,2,8,False
351.8454545454546,0.2640074577006582,S07,10,2,9,True
353.99545454545455,0.1011183827886161,S07,10,2,10,False
374.84090909090907,0.1900256340984229,S07,10,2,11,False
384.5318181818182,0.2239445677231409,S07,10,2,12,False
390.3818181818182,0.20493127477897038,S07,10,2,13,False
396.42727272727274,0.20990014300106202,S07,10,2,14,False
403.78636363636366,0.1306476534433168,S07,10,2,15,False
410.28636363636366,0.15139360926885145,S07,10,2,16,False
415.1045454545455,0.10850169929429161,S07,10,2,17,False
420.8,0.14723828413578205,S07,10,2,18,False
424.7318181818182,0.15492256162066007,S07,10,2,19,False
426.80454545454546,0.05844468131892185,S07,10,2,20,False
429.08181818181816,0.08903954693143104,S07,10,2,21,False
441.0681818181818,0.12509353553275487,S07,10,2,22,False
446.05,0.08640420650639197,S07,10,2,23,False
448.29545454545456,0.08249858164766555,S07,10,2,24,False
451.9318181818182,0.16275546117969886,S07,10,2,25,False
454.4590909090909,0.07908200853672295,S07,10,2,26,False
457.02272727272725,0.1335157712143969,S07,10,2,27,False
459.5318181818182,0.08794534093631098,S07,10,2,28,False
461.83181818181816,0.12822655585534165,S07,10,2,29,False
466.4409090909091,0.09692102937995925,S07,10,2,30,False
470.6363636363636,0.119469922072743,S07,10,2,31,False
473.8090909090909,0.10726168508568153,S07,10,2,32,False
476.3181818181818,0.1257936754819053,S07,10,2,33,False
478.35,0.0815951584784153,S07,10,2,34,False
481.6090909090909,0.13226036747122305,S07,10,2,35,False
486.8090909090909,0.12144131358443777,S07,10,2,36,False
490.8909090909091,0.11441339575285445,S07,10,2,37,False
494.76363636363635,0.12037459881869683,S07,10,2,38,False
498.0590909090909,0.12293860713829687,S07,10,2,39,False
246.31363636363636,0.06304764222132281,S07,10,3,1,False
248.53636363636363,0.09987742194598798,S07,10,3,2,False
250.7590909090909,0.07494447737030094,S07,10,3,3,False
253.1,0.043327489504144306,S07,10,3,4,False
255.38181818181818,0.02728698204296289,S07,10,3,5,False
259.19545454545454,0.040690492201831185,S07,10,3,6,False
262.1636363636364,0.03342052260986919,S07,10,3,7,False
265.98636363636365,0.041586231657252566,S07,10,3,8,False
268.2,0.035368215349318395,S07,10,3,9,False
271.2772727272727,0.03134381071714634,S07,10,3,10,False
273.6090909090909,0.1804098549219959,S07,10,3,11,False
275.8772727272727,0.036997050785619726,S07,10,3,12,False
278.83181818181816,0.031976895216409756,S07,10,3,13,False
289.1318181818182,0.1389233055752182,S07,10,3,14,False
291.6727272727273,0.03168854466809104,S07,10,3,15,False
295.3863636363636,0.16091841514377087,S07,10,3,16,False
300.4045454545454,0.0358749682821973,S07,10,3,17,False
302.45454545454544,0.16870245006228995,S07,10,3,18,False
306.8636363636364,0.03178193991267915,S07,10,3,19,False
309.0272727272727,0.16575468085603687,S07,10,3,20,False
312.73636363636365,0.032648848474357416,S07,10,3,21,False
315.81363636363636,0.15857862054170865,S07,10,3,22,False
318.3454545454546,0.041233216468565745,S07,10,3,23,False
320.73636363636365,0.026917649570296583,S07,10,3,24,False
323.49545454545455,0.17798263521927304,S07,10,3,25,False
325.8181818181818,0.028063650483425538,S07,10,3,26,False
328.82272727272726,0.1331697655799393,S07,10,3,27,False
334.65,0.16923282308308535,S07,10,3,28,False
337.8363636363636,0.044210901966862566,S07,10,3,29,False
341.7818181818182,0.12482346330284394,S07,10,3,30,False
347.16818181818184,0.12312576293747755,S07,10,3,31,False
351.08181818181816,0.1858726480977209,S07,10,3,32,True
356.43636363636364,0.1336881916016135,S07,10,3,33,False
361.16818181818184,0.15169093842453357,S07,10,3,34,False
366.30454545454546,0.1211547622485527,S07,10,3,35,False
370.5863636363636,0.14844569727538354,S07,10,3,36,False
375.2681818181818,0.11775459475977124,S07,10,3,37,False
380.43636363636364,0.15317539237096386,S07,10,3,38,False
384.8727272727273,0.16359498640871278,S07,10,3,39,False
389.4590909090909,0.13880073473411825,S07,10,3,40,False
394.55,0.13064284160516032,S07,10,3,41,False
399.4681818181818,0.1439326305766992,S07,10,3,42,False
403.9909090909091,0.16108791534790742,S07,10,3,43,False
408.3545454545455,0.14506103190606154,S07,10,3,44,False
412.65,0.13173025463417887,S07,10,3,45,False
417.0590909090909,0.15643987112940688,S07,10,3,46,False
421.3,0.15348486330069172,S07,10,3,47,False
426.3681818181818,0.14436781886021377,S07,10,3,48,False
430.94545454545454,0.11850580414482897,S07,10,3,49,False
435.22727272727275,0.11693425551690703,S07,10,3,50,False
439.5272727272727,0.07901424199779436,S07,10,3,51,False
442.77272727272725,0.04809415975119276,S07,10,3,52,False
446.6181818181818,0.043980778820514516,S07,10,3,53,False
450.7,0.11108814011383994,S07,10,3,54,False
454.90909090909093,0.10737450009017091,S07,10,3,55,False
457.27272727272725,0.062655164234538,S07,10,3,56,False
459.8363636363636,0.13314007313714643,S07,10,3,57,False
464.4681818181818,0.1329777632876663,S07,10,3,58,False
468.41818181818184,0.11465742248390648,S07,10,3,59,False
472.9818181818182,0.104434444477777,S07,10,3,60,False
477.3545454545455,0.12389334524110729,S07,10,3,61,False
479.67727272727274,0.059835925780580265,S07,10,3,62,False
481.8,0.10119559787676136,S07,10,3,63,False
486.0409090909091,0.11949310958243353,S07,10,3,64,False
489.93636363636364,0.13437208306863313,S07,10,3,65,False
494.42727272727274,0.13256419115328708,S07,10,3,66,False
498.65,0.11245362346366648,S07,10,3,67,False
227.1909090909091,0.08012421575594365,S07,25,1,1,False
229.39545454545456,0.05422152341653505,S07,25,1,2,False
254.3318181818182,0.17959674373507267,S07,25,1,3,False
260.18636363636364,0.18394121556899554,S07,25,1,4,False
266.4,0.18851314386359042,S07,25,1,5,False
271.7909090909091,0.13777754578794088,S07,25,1,6,False
276.79545454545456,0.1671680053094323,S07,25,1,7,False
281.5681818181818,0.1609764336055696,S07,25,1,8,False
286.74545454545455,0.15433278524646357,S07,25,1,9,False
291.55,0.14142775547679487,S07,25,1,10,False
295.8181818181818,0.16878980116109993,S07,25,1,11,False
300.6,0.1575516070789939,S07,25,1,12,False
305.0318181818182,0.13050060871202152,S07,25,1,13,False
309.21363636363634,0.15893578855300805,S07,25,1,14,False
314.01363636363635,0.1283241513944669,S07,25,1,15,False
318.3954545454545,0.12262372005808185,S07,25,1,16,False
322.6181818181818,0.15825387086451312,S07,25,1,17,False
326.00454545454545,0.08037679677412543,S07,25,1,18,False
329.90909090909093,0.09201846313289652,S07,25,1,19,False
334.7318181818182,0.1345156539579946,S07,25,1,20,False
338.65,0.10432036145960223,S07,25,1,21,False
342.31363636363636,0.10763394549062436,S07,25,1,22,False
346.35,0.11343374022938135,S07,25,1,23,False
348.3954545454545,0.05321769748441749,S07,25,1,24,False
350.96363636363634,0.12189215921468047,S07,25,1,25,False
353.2681818181818,0.082420307180942,S07,25,1,26,False
356.05,0.10026599670370473,S07,25,1,27,False
359.3818181818182,0.1007652838176189,S07,25,1,28,False
363.52272727272725,0.15189590811758913,S07,25,1,29,False
366.4818181818182,0.11259963079243972,S07,25,1,30,False
369.9590909090909,0.1318448403659213,S07,25,1,31,False
374.4909090909091,0.14872031294968244,S07,25,1,32,False
378.29545454545456,0.11456460584015521,S07,25,1,33,False
382.46363636363634,0.11278328184135875,S07,25,1,34,False
385.8272727272727,0.08899971808392405,S07,25,1,35,False
389.6136363636364,0.09835753451269935,S07,25,1,36,False
393.4727272727273,0.08879836007830386,S07,25,1,37,False
396.3681818181818,0.11334579834060626,S07,25,1,38,False
399.8545454545455,0.14141002382363763,S07,25,1,39,False
402.7681818181818,0.24006168863911823,S07,25,1,40,False
405.57272727272726,0.10750335042060047,S07,25,1,41,False
407.6409090909091,0.1653241172194295,S07,25,1,42,False
412.47727272727275,0.11695734489935207,S07,25,1,43,False
415.75,0.17036383746030084,S07,25,1,44,False
418.4590909090909,0.40545505498479645,S07,25,1,45,True
420.66818181818184,0.2036329716418098,S07,25,1,46,False
424.2227272727273,0.10096712175428513,S07,25,1,47,False
427.19545454545454,0.07011992473347978,S07,25,1,48,False
430.5590909090909,0.09867103572279333,S07,25,1,49,False
434.1363636363636,0.0748284310315577,S07,25,1,50,False
437.02272727272725,0.11111387377041851,S07,25,1,51,False
439.8863636363636,0.14034844362532478,S07,25,1,52,False
443.1272727272727,0.0760412225948085,S07,25,1,53,False
446.1818181818182,0.08799601096296895,S07,25,1,54,False
448.8454545454546,0.08387174437495297,S07,25,1,55,False
452.27272727272725,0.047308591094528854,S07,25,1,56,False
455.6909090909091,0.07447574186890343,S07,25,1,57,False
459.3181818181818,0.09443197920655567,S07,25,1,58,False
463.2818181818182,0.12392213425680526,S07,25,1,59,False
465.35,0.08535068551775969,S07,25,1,60,False
469.4227272727273,0.11518653816812933,S07,25,1,61,False
472.42727272727274,0.10875818668492242,S07,25,1,62,False
475.9,0.08930818388706603,S07,25,1,63,False
478.6409090909091,0.057173089154634614,S07,25,1,64,False
481.05,0.1705752915640235,S07,25,1,65,False
486.3363636363636,0.09301242688302525,S07,25,1,66,False
489.15,0.09134606286391003,S07,25,1,67,False
492.45454545454544,0.16718026246718012,S07,25,1,68,False
495.31363636363636,0.12287880394050432,S07,25,1,69,False
499.1409090909091,0.10201631452315435,S07,25,1,70,False
273.83181818181816,0.15141834846580934,S07,25,2,1,False
308.66818181818184,0.17035475422493146,S07,25,2,2,False
314.34090909090907,0.18792714704313676,S07,25,2,3,False
319.2090909090909,0.12243528223911836,S07,25,2,4,False
325.1909090909091,0.13403454057236772,S07,25,2,5,False
330.6727272727273,0.13013624043447242,S07,25,2,6,False
335.1818181818182,0.134830883267924,S07,25,2,7,False
341.00454545454545,0.11452999036931853,S07,25,2,8,False
345.48636363636365,0.10421060834778625,S07,25,2,9,False
349.5590909090909,0.11722027884046227,S07,25,2,10,False
353.96363636363634,0.11649044619757738,S07,25,2,11,False
358.5954545454546,0.12421866294759876,S07,25,2,12,False
362.2772727272727,0.09227665303324004,S07,25,2,13,False
366.4727272727273,0.10810040144745146,S07,25,2,14,False
372.3,0.09444497797681886,S07,25,2,15,False
374.31363636363636,0.10272196057979743,S07,25,2,16,False
378.5272727272727,0.14775711432635286,S07,25,2,17,False
382.46363636363634,0.14270098897799735,S07,25,2,18,False
386.1272727272727,0.0922412862656007,S07,25,2,19,False
390.8818181818182,0.12775164697064467,S07,25,2,20,False
394.6636363636364,0.11824998548225917,S07,25,2,21,False
398.3090909090909,0.13795634958263298,S07,25,2,22,False
402.1181818181818,0.11435472297934564,S07,25,2,23,False
405.33181818181816,0.10619784228341887,S07,25,2,24,False
409.1454545454545,0.20092129140312037,S07,25,2,25,False
411.70454545454544,0.2506426206316479,S07,25,2,26,True
415.70454545454544,0.13744719510842907,S07,25,2,27,False
418.78636363636366,0.13122914744569394,S07,25,2,28,False
422.5863636363636,0.16178806083768577,S07,25,2,29,False
426.26363636363635,0.10885361724227245,S07,25,2,30,False
428.6545454545454,0.06390730339422147,S07,25,2,31,False
432.0090909090909,0.1114182046374539,S07,25,2,32,False
434.1727272727273,0.07418307654264059,S07,25,2,33,False
437.4590909090909,0.0907642250750738,S07,25,2,34,False
440.7,0.09727780469115448,S07,25,2,35,False
444.5954545454546,0.08279055242640444,S07,25,2,36,False
447.8863636363636,0.0889452033231789,S07,25,2,37,False
451.4818181818182,0.06967099100555511,S07,25,2,38,False
455.4,0.16278871840616352,S07,25,2,39,False
459.54545454545456,0.08836962685062175,S07,25,2,40,False
461.6136363636364,0.1166306288169657,S07,25,2,41,False
466.6227272727273,0.08747699849891223,S07,25,2,42,False
469.9409090909091,0.08462915320119292,S07,25,2,43,False
473.6227272727273,0.1036294419435229,S07,25,2,44,False
476.1136363636364,0.06303084808969767,S07,25,2,45,False
478.7909090909091,0.10008938606104281,S07,25,2,46,False
480.93636363636364,0.1221860950514936,S07,25,2,47,False
484.3363636363636,0.0916310517645976,S07,25,2,48,False
487.99545454545455,0.09289848743447371,S07,25,2,49,False
491.65909090909093,0.1003920446014022,S07,25,2,50,False
494.6090909090909,0.10301868596350187,S07,25,2,51,False
497.7681818181818,0.10179901679672791,S07,25,2,52,False
499.97727272727275,0.07609226619582321,S07,25,2,53,False
330.3772727272727,0.1766749320967202,S07,25,3,1,False
334.40909090909093,0.024821247933079212,S07,25,3,2,False
339.9681818181818,0.17613054051379437,S07,25,3,3,False
345.97727272727275,0.1831948315567816,S07,25,3,4,False
352.75,0.13179106443178595,S07,25,3,5,False
358.15909090909093,0.10892651581138724,S07,25,3,6,False
364.21363636363634,0.14065639476086347,S07,25,3,7,False
369.6,0.08850577901634242,S07,25,3,8,False
374.66818181818184,0.14532069079707993,S07,25,3,9,False
380.09090909090907,0.1326406171059696,S07,25,3,10,False
384.94545454545454,0.1441689308338262,S07,25,3,11,False
390.3272727272727,0.14833348461007767,S07,25,3,12,False
394.6409090909091,0.12525149809506048,S07,25,3,13,False
399.49545454545455,0.11693395339859981,S07,25,3,14,False
403.7318181818182,0.11468538341465118,S07,25,3,15,False
407.5181818181818,0.127954859874164,S07,25,3,16,False
412.1136363636364,0.13326726026841368,S07,25,3,17,False
415.4136363636364,0.2558661517572543,S07,25,3,18,False
418.43636363636364,0.2683584556786006,S07,25,3,19,True
420.4727272727273,0.03086285753675664,S07,25,3,20,False
422.6727272727273,0.13570415607052963,S07,25,3,21,False
426.70454545454544,0.10485280507444243,S07,25,3,22,False
428.94545454545454,0.06062991823564077,S07,25,3,23,False
431.20454545454544,0.10023379435676087,S07,25,3,24,False
433.7681818181818,0.06397513674959505,S07,25,3,25,False
435.96363636363634,0.08647714900600009,S07,25,3,26,False
440.3545454545455,0.12224968641251817,S07,25,3,27,False
443.91818181818184,0.08873641309339189,S07,25,3,28,False
447.78636363636366,0.12307069833356069,S07,25,3,29,False
451.7090909090909,0.14510176136766997,S07,25,3,30,False
455.6045454545455,0.08876790902139357,S07,25,3,31,False
460.59090909090907,0.13836517704607607,S07,25,3,32,False
464.75,0.08561105756430187,S07,25,3,33,False
469.05454545454546,0.09235114444694228,S07,25,3,34,False
471.2090909090909,0.0956841720013388,S07,25,3,35,False
473.4136363636364,0.06806094355616349,S07,25,3,36,False
477.0863636363636,0.07845552763940994,S07,25,3,37,False
480.27272727272725,0.06023216501997431,S07,25,3,38,False
482.69545454545454,0.0814303784332419,S07,25,3,39,False
486.5954545454546,0.09274244028597481,S07,25,3,40,False
489.7590909090909,0.0776891915986663,S07,25,3,41,False
492.6818181818182,0.11164990873503887,S07,25,3,42,False
496.7681818181818,0.09509339747541802,S07,25,3,43,False
499.6818181818182,0.06247887465072692,S07,25,3,44,False
261.8727272727273,0.1043712833117048,S07,50,1,1,False
272.97727272727275,0.1685636800102372,S07,50,1,2,False
279.7818181818182,0.15536108375302093,S07,50,1,3,False
285.02272727272725,0.15348318077279335,S07,50,1,4,False
290.8590909090909,0.13391994916405875,S07,50,1,5,False
295.6,0.10456737496743401,S07,50,1,6,False
300.4909090909091,0.10717863556035359,S07,50,1,7,False
303.8272727272727,0.06662397629445665,S07,50,1,8,False
313.3772727272727,0.075588791906278,S07,50,1,9,False
318.01363636363635,0.1000169316937052,S07,50,1,10,False
321.84090909090907,0.133931784598459,S07,50,1,11,False
326.2227272727273,0.15738824811429392,S07,50,1,12,False
330.5409090909091,0.12288764581925665,S07,50,1,13,False
335.1136363636364,0.0937288317813632,S07,50,1,14,False
339.3727272727273,0.1102765783936452,S07,50,1,15,False
343.1909090909091,0.08458231538478725,S07,50,1,16,False
346.5,0.07040349785649788,S07,50,1,17,False
349.8636363636364,0.14039189280585995,S07,50,1,18,False
353.9,0.13656843264038815,S07,50,1,19,False
357.1045454545455,0.11456938469850905,S07,50,1,20,False
359.2181818181818,0.14310814229963034,S07,50,1,21,False
361.23636363636365,0.11719277910941878,S07,50,1,22,False
364.8590909090909,0.14851421313880725,S07,50,1,23,False
367.9590909090909,0.11966340092080813,S07,50,1,24,False
371.6363636363636,0.11377058859713954,S07,50,1,25,False
375.35,0.1389490474119241,S07,50,1,26,False
378.19545454545454,0.10397812001132088,S07,50,1,27,False
381.66818181818184,0.09571908018967851,S07,50,1,28,False
383.8363636363636,0.11765832996217235,S07,50,1,29,False
386.76363636363635,0.081755004690836,S07,50,1,30,False
389.0090909090909,0.10922284035399872,S07,50,1,31,False
392.6318181818182,0.09277112852590744,S07,50,1,32,False
396.78636363636366,0.0698484744726928,S07,50,1,33,False
400.5272727272727,0.11852895243279589,S07,50,1,34,False
403.56363636363636,0.12277470841983115,S07,50,1,35,False
407.3636363636364,0.1734343650770266,S07,50,1,36,False
409.7090909090909,0.07993960699617156,S07,50,1,37,False
413.2409090909091,0.10084246723429158,S07,50,1,38,False
416.33181818181816,0.09239988606100231,S07,50,1,39,False
419.76363636363635,0.101030055173122,S07,50,1,40,False
422.75454545454545,0.11155517053663015,S07,50,1,41,False
426.05,0.12233430817402258,S07,50,1,42,False
428.31363636363636,0.07251189779365116,S07,50,1,43,False
432.21363636363634,0.10137183510873342,S07,50,1,44,False
436.24545454545455,0.09636612131879066,S07,50,1,45,False
439.1272727272727,0.10193046519532552,S07,50,1,46,False
442.7909090909091,0.08619148868255694,S07,50,1,47,False
446.7909090909091,0.15188405294104396,S07,50,1,48,False
449.2,0.05819360602403159,S07,50,1,49,False
451.23636363636365,0.10657869332997777,S07,50,1,50,False
453.6909090909091,0.1063800440857407,S07,50,1,51,False
456.5,0.10417515892182519,S07,50,1,52,False
458.72727272727275,0.11813630416238062,S07,50,1,53,False
461.6636363636364,0.0993554431324651,S07,50,1,54,False
464.7318181818182,0.0928971008811643,S07,50,1,55,False
467.8954545454545,0.12862506889257563,S07,50,1,56,False
470.44545454545454,0.12066528251743228,S07,50,1,57,False
472.8909090909091,0.07706689308595716,S07,50,1,58,False
475.4727272727273,0.19107295103462407,S07,50,1,59,True
479.2227272727273,0.14243421435970344,S07,50,1,60,False
483.4227272727273,0.10099427314199197,S07,50,1,61,False
485.99545454545455,0.06807571024154221,S07,50,1,62,False
488.6045454545455,0.12489092115522275,S07,50,1,63,False
491.47727272727275,0.13194102089570658,S07,50,1,64,False
494.79545454545456,0.09041759890595984,S07,50,1,65,False
497.58181818181816,0.092834552198651,S07,50,1,66,False
226.3909090909091,0.10892941318882582,S07,50,2,1,False
235.90454545454546,0.11741435701104351,S07,50,2,2,False
241.46818181818182,0.16568096292296675,S07,50,2,3,False
245.24545454545455,0.07591071248947534,S07,50,2,4,False
247.56363636363636,0.07280386102495606,S07,50,2,5,False
262.1545454545454,0.0947789054476176,S07,50,2,6,False
267.3,0.11872056205097686,S07,50,2,7,False
273.45,0.13709416421653522,S07,50,2,8,False
278.58181818181816,0.10318025926191143,S07,50,2,9,False
283.70454545454544,0.10312730271859832,S07,50,2,10,False
289.24545454545455,0.10416500990930655,S07,50,2,11,False
293.0,0.08030961076974756,S07,50,2,12,False
295.8,0.11151838200710645,S07,50,2,13,False
299.4727272727273,0.11347083834672103,S07,50,2,14,False
303.1727272727273,0.11001386839060073,S07,50,2,15,False
307.23636363636365,0.15672573886538882,S07,50,2,16,False
311.15,0.1267048880792503,S07,50,2,17,False
314.5954545454546,0.11164129871095885,S07,50,2,18,False
318.06363636363636,0.10956981266815871,S07,50,2,19,False
321.7681818181818,0.12356093043339833,S07,50,2,20,False
325.49545454545455,0.09748214773271172,S07,50,2,21,False
328.9818181818182,0.1538578640661295,S07,50,2,22,False
332.83181818181816,0.09364155886175544,S07,50,2,23,False
336.3590909090909,0.11557385027085083,S07,50,2,24,False
340.47727272727275,0.09120703106539846,S07,50,2,25,False
342.65909090909093,0.07799451145834256,S07,50,2,26,False
344.6636363636364,0.10397581252457293,S07,50,2,27,False
349.41818181818184,0.09128275149206978,S07,50,2,28,False
352.5090909090909,0.07696508390243939,S07,50,2,29,False
355.4136363636364,0.09721603637872527,S07,50,2,30,False
358.95,0.17369344245522866,S07,50,2,31,True
362.2681818181818,0.08293392335055852,S07,50,2,32,False
367.04545454545456,0.14050661733017036,S07,50,2,33,False
369.77272727272725,0.10158486492845832,S07,50,2,34,False
374.8090909090909,0.12845330518325962,S07,50,2,35,False
377.4909090909091,0.05990776672231296,S07,50,2,36,False
379.77272727272725,0.09136642836243214,S07,50,2,37,False
382.9727272727273,0.11150814478343,S07,50,2,38,False
386.27272727272725,0.10686295909024542,S07,50,2,39,False
390.1545454545454,0.0854671323790458,S07,50,2,40,False
392.5409090909091,0.09275764909269066,S07,50,2,41,False
395.66818181818184,0.09195846582439228,S07,50,2,42,False
399.32272727272726,0.1124534803321966,S07,50,2,43,False
403.8181818181818,0.07905078370948307,S07,50,2,44,False
406.05,0.10209482693565307,S07,50,2,45,False
409.98636363636365,0.11374672256618516,S07,50,2,46,False
412.6818181818182,0.11019277148807714,S07,50,2,47,False
416.2,0.08397846817641279,S07,50,2,48,False
419.6181818181818,0.12483946558778451,S07,50,2,49,False
422.3909090909091,0.07788259554033718,S07,50,2,50,False
426.6090909090909,0.10926218787359726,S07,50,2,51,False
429.50454545454545,0.10533438927534909,S07,50,2,52,False
432.3545454545455,0.08242268802163293,S07,50,2,53,False
434.9909090909091,0.10771022037350916,S07,50,2,54,False
436.9909090909091,0.07387249244814059,S07,50,2,55,False
439.1227272727273,0.07500459797447195,S07,50,2,56,False
441.74545454545455,0.11746782323009927,S07,50,2,57,False
444.9,0.10071987160402113,S07,50,2,58,False
447.90909090909093,0.0845657931871999,S07,50,2,59,False
450.55,0.10266297466178662,S07,50,2,60,False
454.48636363636365,0.1049579400119346,S07,50,2,61,False
456.7909090909091,0.10535631107287687,S07,50,2,62,False
459.65909090909093,0.07241112700554064,S07,50,2,63,False
461.66818181818184,0.09350056005879621,S07,50,2,64,False
464.2590909090909,0.11498852659433254,S07,50,2,65,False
467.3636363636364,0.0870198928651105,S07,50,2,66,False
469.71363636363634,0.12350864171440003,S07,50,2,67,False
474.4318181818182,0.13444053198838274,S07,50,2,68,False
477.75454545454545,0.11864525487476181,S07,50,2,69,False
480.0954545454546,0.14489152104367506,S07,50,2,70,False
482.8545454545455,0.07980943894269123,S07,50,2,71,False
484.9909090909091,0.12801581763529812,S07,50,2,72,False
489.99545454545455,0.08411490113362653,S07,50,2,73,False
492.3272727272727,0.1436635102282723,S07,50,2,74,False
495.23636363636365,0.10337025624452677,S07,50,2,75,False
497.29545454545456,0.11917988576140658,S07,50,2,76,False
499.9045454545454,0.06607433720095529,S07,50,2,77,False
247.44545454545454,0.10876534798136443,S07,50,3,1,False
274.0318181818182,0.1604460582473317,S07,50,3,2,False
282.53636363636366,0.16802892640266653,S07,50,3,3,False
287.59090909090907,0.14640947373481175,S07,50,3,4,False
296.1272727272727,0.13889340456066246,S07,50,3,5,False
301.6,0.1490486806385483,S07,50,3,6,False
306.9681818181818,0.1580595397710599,S07,50,3,7,False
311.6136363636364,0.12007769536016642,S07,50,3,8,False
315.82272727272726,0.10531668649348382,S07,50,3,9,False
321.2,0.12665854020529185,S07,50,3,10,False
324.93636363636364,0.08383448147349458,S07,50,3,11,False
327.1909090909091,0.053401717836575865,S07,50,3,12,False
333.3,0.07852214733550023,S07,50,3,13,False
340.5954545454546,0.0651709204893296,S07,50,3,14,False
344.83181818181816,0.1224088763972119,S07,50,3,15,False
348.5863636363636,0.1348226245933891,S07,50,3,16,False
351.9,0.10911863385474084,S07,50,3,17,False
355.4909090909091,0.12325938874083933,S07,50,3,18,False
359.3681818181818,0.09645297446829448,S07,50,3,19,False
362.7772727272727,0.09487394556841863,S07,50,3,20,False
366.34090909090907,0.11564456385284345,S07,50,3,21,False
370.01363636363635,0.15312278892544967,S07,50,3,22,False
373.8,0.09190890136067519,S07,50,3,23,False
377.45,0.14594800143475023,S07,50,3,24,False
381.3181818181818,0.10137904462905924,S07,50,3,25,False
384.8909090909091,0.11198616137172683,S07,50,3,26,False
388.6409090909091,0.12021779773539867,S07,50,3,27,False
392.2681818181818,0.10217478439885427,S07,50,3,28,False
396.0681818181818,0.08752600205551392,S07,50,3,29,False
399.49545454545455,0.10047246562954483,S07,50,3,30,False
401.9318181818182,0.09198252732071344,S07,50,3,31,False
406.33181818181816,0.114864027343097,S07,50,3,32,False
409.93636363636364,0.13227380285337703,S07,50,3,33,False
412.96363636363634,0.10023160647348185,S07,50,3,34,False
416.30454545454546,0.10173623990436534,S07,50,3,35,False
419.46363636363634,0.09143090218271228,S07,50,3,36,False
421.99545454545455,0.09426082358406396,S07,50,3,37,False
426.1636363636364,0.4885821722044142,S07,50,3,38,True
429.8772727272727,0.12228323918885149,S07,50,3,39,False
432.4045454545454,0.11646785039440855,S07,50,3,40,False
434.47727272727275,0.08372384516133309,S07,50,3,41,False
437.82272727272726,0.06485532221653958,S07,50,3,42,False
440.19545454545454,0.08275124452064249,S07,50,3,43,False
444.1136363636364,0.14774850688517965,S07,50,3,44,False
448.1227272727273,0.10351891351742065,S07,50,3,45,False
451.76363636363635,0.09955114110325176,S07,50,3,46,False
454.8681818181818,0.09013751921517477,S07,50,3,47,False
458.2681818181818,0.1091550154837389,S07,50,3,48,False
462.1909090909091,0.086442204354308,S07,50,3,49,False
464.75454545454545,0.13431700820267,S07,50,3,50,False
466.8272727272727,0.0979425015096098,S07,50,3,51,False
469.9681818181818,0.10606704097866992,S07,50,3,52,False
473.5954545454546,0.11569597217554382,S07,50,3,53,False
475.94545454545454,0.12236938644759428,S07,50,3,54,False
478.01363636363635,0.1347901389583966,S07,50,3,55,False
481.3590909090909,0.12037529977677572,S07,50,3,56,False
483.6045454545455,0.1007666382955556,S07,50,3,57,False
486.91818181818184,0.16329437124727897,S07,50,3,58,False
490.7181818181818,0.09664336374055701,S07,50,3,59,False
494.0681818181818,0.1260914645269196,S07,50,3,60,False
497.05454545454546,0.11809460836117434,S07,50,3,61,False
499.9590909090909,0.06352601455550558,S07,50,3,62,False
