timestamp,ch1 (µV),event
14.2750,4951.75,0
14.2800,4951.75,0
14.2850,4928.38,0
14.2900,4951.75,0
14.2950,4913.64,0
14.3000,4918.77,0
14.3050,4923.87,0
14.3100,4929.64,0
14.3150,4929.64,0
14.3200,4909.60,0
14.3250,5007.16,0
14.3300,4909.98,0
14.3350,4909.98,0
14.3400,4931.94,0
14.3450,4931.94,0
14.3500,4871.24,0
14.3550,4871.24,0
14.3600,4867.75,0
14.3650,4867.75,0
14.3700,4872.81,0
14.3750,4872.81,0
14.3800,4871.84,0
14.3850,4871.84,0
14.3900,4919.60,0
14.3950,4867.75,0
14.4000,4919.60,0
14.4050,4919.60,0
14.4100,4903.38,0
14.4150,4992.18,0
14.4200,4912.56,0
14.4250,4912.56,0
14.4300,4901.14,0
14.4350,4901.14,0
14.4400,5013.36,0
14.4450,4891.87,0
14.4500,5013.36,0
14.4550,5013.36,0
14.4600,3752.47,0
14.4650,3752.47,0
14.4700,3959.85,0
14.4750,3959.85,0
14.4800,3960.20,0
14.4850,3960.20,0
14.4900,3938.37,0
14.4950,3938.37,0
14.5000,3938.37,0
14.5050,5013.36,0
14.5100,3973.57,0
14.5150,3914.54,0
14.5200,3950.61,0
14.5250,3950.61,0
14.5300,3945.56,0
14.5350,3969.53,0
14.5400,4961.10,0
14.5450,3969.53,0
14.5500,3969.53,0
14.5550,3969.53,0
14.5600,3969.53,0
14.5650,3969.53,0
14.5700,3945.59,0
14.5750,3945.59,0
14.5800,3977.61,0
14.5850,3977.61,0
14.5900,3937.56,0
14.5950,3937.56,0
14.6000,3964.44,0
14.6050,4045.16,0
14.6100,4045.16,0
14.6150,4045.16,0
14.6200,3999.28,0
14.6250,3989.16,0
14.6300,3989.16,0
14.6350,3929.80,0
14.6400,3917.66,0
14.6450,3387.95,0
14.6500,-154.34,0
14.6550,-154.34,0
14.6600,-154.34,0
14.6650,-154.34,0
14.6700,97.83,0
14.6750,97.83,0
14.6800,265.04,0
14.6850,-143.58,0
14.6900,-143.58,0
14.6950,-143.58,0
14.7000,-269.48,0
14.7050,3946.30,0
14.7100,3888.76,0
14.7150,-521.99,0
14.7200,-560.63,0
14.7250,-560.63,0
14.7300,-128.47,0
14.7350,-128.47,0
14.7400,-372.44,0
14.7450,-463.37,0
14.7500,4057.40,0
14.7550,-156.53,0
14.7600,394.54,0
14.7650,-156.53,0
14.7700,256.41,0
14.7750,256.41,0
14.7800,-357.79,0
14.7850,-357.79,0
14.7900,-290.97,0
14.7950,-290.97,0
14.8000,-273.89,0
14.8050,-273.89,0
14.8100,-730.07,0
14.8150,-730.07,0
14.8200,-263.00,0
14.8250,-263.00,0
14.8300,-263.00,0
14.8350,-263.00,0
14.8400,-422.17,0
14.8450,-357.16,0
14.8500,-870.71,0
14.8550,-870.71,0
14.8600,-1276.02,0
14.8650,-1276.02,0
14.8700,-1650.37,0
14.8750,-1650.37,0
14.8800,-1650.37,0
14.8850,-137.58,0
14.8900,-1650.37,0
14.8950,-1763.90,0
14.9000,-1763.90,0
14.9050,-1476.32,0
14.9100,-1476.32,0
14.9150,-1262.92,0
14.9200,-725.11,0
14.9250,-1262.92,0
14.9300,-1262.92,0
14.9350,-1262.92,0
14.9400,-544.18,0
14.9450,-544.18,0
14.9500,-305.37,0
14.9550,297.33,0
14.9600,-1763.90,0
14.9650,-364.30,0
14.9700,54.53,0
14.9750,54.53,0
14.9800,-483.06,0
14.9850,-483.06,0
14.9900,-483.06,0
14.9950,-483.06,0
15.0000,-594.09,0
15.0050,93.66,0
15.0100,93.66,0
15.0150,93.66,0
15.0200,211.77,0
15.0250,211.77,0
15.0300,211.77,0
15.0350,-544.18,0
15.0400,-1234.91,0
15.0450,-201.67,0
15.0500,-1258.82,0
15.0550,-857.03,0
15.0600,-857.03,0
15.0650,-857.03,0
15.0700,-1364.17,0
15.0750,93.66,0
15.0800,-666.60,0
15.0850,-666.60,0
15.0900,-88.65,0
15.0950,-88.65,0
15.1000,-88.65,0
15.1050,-88.65,0
15.1100,389.15,0
15.1150,-392.31,0
15.1200,267.98,0
15.1250,267.98,0
15.1300,16.58,0
15.1350,16.58,0
15.1400,36.48,0
15.1450,36.48,0
15.1500,-629.06,0
15.1550,36.48,0
15.1600,36.48,0
15.1650,-31.30,0
15.1700,-40.08,0
15.1750,-40.08,0
15.1800,-88.10,0
15.1850,-88.10,0
15.1900,-101.78,0
15.1950,-76.56,0
15.2000,-76.56,0
15.2050,-39.64,0
15.2100,89.48,0
15.2150,89.48,0
15.2200,209.79,0
15.2250,209.79,0
15.2300,36.48,0
15.2350,209.79,0
15.2400,183.45,0
15.2450,183.45,0
15.2500,93.87,0
15.2550,93.87,0
15.2600,93.87,0
15.2650,93.87,0
15.2700,128.23,0
15.2750,50.76,0
15.2800,-59.32,0
15.2850,80.63,0
15.2900,28.10,0
15.2950,-88.11,0
15.3000,-7.97,0
15.3050,-7.97,0
15.3100,68.84,0
15.3150,42.71,0
15.3200,-28.56,0
15.3250,-22.72,0
15.3300,-146.29,0
15.3350,-146.29,0
15.3400,-203.57,0
15.3450,-203.57,0
15.3500,-21.65,0
15.3550,216.76,0
15.3600,-21.65,0
15.3650,-21.65,0
15.3700,72.55,0
15.3750,72.55,0
15.3800,-175.93,0
15.3850,-175.93,0
15.3900,-57.39,0
15.3950,-57.39,0
15.4000,-95.90,0
15.4050,-95.90,0
15.4100,-124.79,0
15.4150,-124.79,0
15.4200,-124.79,0
15.4250,-124.79,0
15.4300,18.21,0
15.4350,18.21,0
15.4400,50.37,0
15.4450,50.37,0
15.4500,32.22,0
15.4550,95.96,0
15.4600,95.96,0
15.4650,95.96,0
15.4700,69.22,0
15.4750,55.80,0
15.4800,55.80,0
15.4850,-67.59,0
15.4900,-67.59,0
15.4950,-67.59,0
15.5000,-103.54,0
15.5050,-103.54,0
15.5100,-22.82,0
15.5150,103.86,0
15.5200,103.86,0
15.5250,69.22,0
15.5300,163.12,0
15.5350,163.12,0
15.5400,102.31,0
15.5450,264.58,0
15.5500,166.70,0
15.5550,166.70,0
15.5600,146.72,0
15.5650,146.72,0
15.5700,425.17,0
15.5750,425.17,0
15.5800,425.17,0
15.5850,425.17,0
15.5900,1322.46,0
15.5950,1322.46,0
15.6000,1188.48,0
15.6050,1188.48,0
15.6100,1188.48,0
15.6150,1188.48,0
15.6200,932.30,0
15.6250,-362.22,0
15.6300,1269.00,0
15.6350,1269.00,0
15.6400,1188.48,0
15.6450,899.27,0
15.6500,899.27,0
15.6550,1141.12,0
15.6600,1141.12,0
15.6650,1141.12,0
15.6700,713.87,0
15.6750,422.51,0
15.6800,422.51,0
15.6850,422.51,0
15.6900,422.51,0
15.6950,422.51,0
15.7000,353.10,0
15.7050,353.10,0
15.7100,497.49,0
15.7150,497.49,0
15.7200,481.10,0
15.7250,481.10,0
15.7300,1012.41,0
15.7350,514.93,0
15.7400,264.78,0
15.7450,264.78,0
15.7500,264.78,0
15.7550,210.47,0
15.7600,74.65,0
15.7650,90.09,0
15.7700,90.09,0
15.7750,93.87,0
15.7800,93.87,0
15.7850,67.05,0
15.7900,67.05,0
15.7950,67.05,0
15.8000,67.05,0
15.8050,210.48,0
15.8100,67.05,0
15.8150,-126.50,0
15.8200,-126.50,0
15.8250,-128.86,0
15.8300,-128.86,0
15.8350,-130.79,0
15.8400,435.31,0
15.8450,-130.79,0
15.8500,-130.79,0
15.8550,-130.79,0
15.8600,-130.79,0
15.8650,-128.86,0
15.8700,-24.39,0
15.8750,-74.09,0
15.8800,-74.09,0
15.8850,-18.53,0
15.8900,-18.53,0
15.8950,-18.53,0
15.9000,-247.50,0
15.9050,-247.50,0
15.9100,-145.80,0
15.9150,-145.80,0
15.9200,-384.75,0
15.9250,-384.75,0
15.9300,-384.75,0
15.9350,-3.54,0
15.9400,-3.54,0
15.9450,-3.54,0
15.9500,51.11,0
15.9550,51.11,0
15.9600,51.11,0
15.9650,51.11,0
15.9700,346.57,0
15.9750,346.57,0
15.9800,346.57,0
15.9850,622.62,0
15.9900,622.62,0
15.9950,-16.84,0
16.0000,-16.84,0
16.0050,-504.85,0
16.0100,-256.27,0
16.0150,-474.21,0
16.0200,-474.21,0
16.0250,-518.36,0
16.0300,-54.32,0
16.0350,-982.87,0
16.0400,-982.87,0
16.0450,-1168.64,0
16.0500,-1168.64,0
16.0550,-1471.82,0
16.0600,-1471.82,0
16.0650,-175.73,0
16.0700,-1641.68,0
16.0750,-1641.68,0
16.0800,99.31,0
16.0850,-1112.92,0
16.0900,-1112.92,0
16.0950,-1168.64,0
16.1000,-1740.73,0
16.1050,-1920.46,0
16.1100,-1920.46,0
16.1150,-1759.99,0
16.1200,-132.04,0
16.1250,-2437.57,0
16.1300,-2437.57,0
16.1350,-2437.57,0
16.1400,-2730.39,0
16.1450,-2730.39,0
16.1500,-2730.39,0
16.1550,-3176.67,0
16.1600,-3176.67,0
16.1650,-3176.67,0
16.1700,-3176.67,0
16.1750,-3256.81,0
16.1800,-3256.81,0
16.1850,-3016.85,0
16.1900,-3016.85,0
16.1950,-3370.42,0
16.2000,-3370.42,0
16.2050,-1631.12,0
16.2100,-2403.92,0
16.2150,-3738.20,0
16.2200,-3967.06,0
16.2250,-3967.06,0
16.2300,-3967.06,0
16.2350,-3967.06,0
16.2400,-1113.46,0
16.2450,-2989.84,0
16.2500,-3577.18,0
16.2550,-3017.87,0
16.2600,-3878.17,0
16.2650,-3878.17,0
16.2700,-3878.17,0
16.2750,-3765.81,0
16.2800,-3765.81,0
16.2850,129.35,0
16.2900,129.35,0
16.2950,211.73,0
16.3000,211.73,0
16.3050,-3000.84,0
16.3100,130.86,0
16.3150,94.93,0
16.3200,94.93,0
16.3250,94.93,0
16.3300,94.93,0
16.3350,-3678.70,0
16.3400,162.37,0
16.3450,213.83,0
16.3500,213.83,0
16.3550,133.39,0
16.3600,133.39,0
16.3650,107.39,0
16.3700,107.39,0
16.3750,107.39,0
16.3800,107.39,0
16.3850,6.16,0
16.3900,-23.48,0
16.3950,162.37,0
16.4000,-3819.32,0
16.4050,53.23,0
16.4100,95.02,0
16.4150,-45.04,0
16.4200,-45.04,0
16.4250,133.26,0
16.4300,-45.04,0
16.4350,-9.91,0
16.4400,-9.91,0
16.4450,-69.34,0
16.4500,-1889.59,0
16.4550,-79.50,0
16.4600,-79.50,0
16.4650,-42.28,0
16.4700,-42.28,0
16.4750,-57.07,0
16.4800,-38.46,0
16.4850,-24.03,0
16.4900,133.30,0
16.4950,118.27,0
16.5000,194.74,0
16.5050,83.78,0
16.5100,31.38,0
16.5150,-45.04,0
16.5200,139.22,0
16.5250,136.44,0
16.5300,136.44,0
16.5350,152.04,0
16.5400,152.04,0
16.5450,152.04,0
16.5500,59.84,0
16.5550,59.84,0
16.5600,7.81,0
16.5650,7.81,0
16.5700,148.19,0
16.5750,12.33,0
16.5800,-36.78,0
16.5850,-36.78,0
16.5900,-36.78,0
16.5950,-36.78,0
16.6000,178.39,0
16.6050,178.39,0
16.6100,26.93,0
16.6150,26.93,0
16.6200,-441.28,0
16.6250,-441.28,0
16.6300,-441.28,0
16.6350,-441.28,0
16.6400,-332.66,0
16.6450,-576.62,0
16.6500,56.28,0
16.6550,-80.21,0
16.6600,-926.57,0
16.6650,-926.57,0
16.6700,7.81,0
16.6750,-1250.06,0
16.6800,-875.75,0
16.6850,-875.75,0
16.6900,-1064.86,0
16.6950,-1064.86,0
16.7000,-865.60,0
16.7050,-1242.58,0
16.7100,-1242.58,0
16.7150,-672.28,0
16.7200,-672.28,0
16.7250,-1011.91,0
16.7300,-1011.91,0
16.7350,-913.88,0
16.7400,-913.88,0
16.7450,-1005.01,0
16.7500,-1005.01,0
16.7550,-913.88,0
16.7600,-798.59,0
16.7650,-798.59,0
16.7700,-1093.69,0
16.7750,-1093.69,0
16.7800,-1335.46,0
16.7850,-1335.46,0
16.7900,-1335.46,0
16.7950,-1335.46,0
16.8000,-1335.46,0
16.8050,-1335.46,0
16.8100,-535.06,0
16.8150,-535.06,0
16.8200,-212.38,0
16.8250,-212.38,0
16.8300,346.27,0
16.8350,346.27,0
16.8400,346.27,0
16.8450,1197.31,0
16.8500,1197.31,0
16.8550,1197.31,0
16.8600,1052.27,0
16.8650,1726.38,0
16.8700,1726.38,0
16.8750,1726.38,0
16.8800,1726.38,0
16.8850,1726.38,0
16.8900,1726.38,0
16.8950,843.84,0
16.9000,2638.23,0
16.9050,2575.40,0
16.9100,2575.40,0
16.9150,2807.59,0
16.9200,2807.59,0
16.9250,2886.15,0
16.9300,2886.15,0
16.9350,3430.26,0
16.9400,2486.02,0
16.9450,3430.26,0
16.9500,3252.47,0
16.9550,3243.90,0
16.9600,3243.90,0
16.9650,3802.03,0
16.9700,3802.03,0
16.9750,4353.25,0
16.9800,4353.25,0
16.9850,4353.25,0
16.9900,4271.54,0
16.9950,4271.54,0
17.0000,3430.26,0
17.0050,4553.95,0
17.0100,4553.95,0
17.0150,5240.77,0
17.0200,5240.77,0
17.0250,5072.32,0
17.0300,4143.51,0
17.0350,5064.24,0
17.0400,5064.24,0
17.0450,4915.86,0
17.0500,4915.86,0
17.0550,4915.86,0
17.0600,4915.86,0
17.0650,5055.96,0
17.0700,2888.42,0
17.0750,2458.49,0
17.0800,5003.37,0
17.0850,5003.37,0
17.0900,4783.28,0
17.0950,4783.28,0
17.1000,4084.46,0
17.1050,4084.46,0
17.1100,4959.93,0
17.1150,-522.08,0
17.1200,5064.23,0
17.1250,-522.08,0
17.1300,-1019.64,0
17.1350,2847.32,0
17.1400,-436.03,0
17.1450,-436.03,0
17.1500,-967.45,0
17.1550,5480.66,0
17.1600,-967.45,0
17.1650,-967.45,0
17.1700,4296.83,0
17.1750,-1642.25,0
17.1800,-1642.25,0
17.1850,-1642.25,0
17.1900,-1736.13,0
17.1950,-1736.13,0
17.2000,-1751.35,0
17.2050,5141.85,0
17.2100,-1746.69,0
17.2150,-1746.69,0
17.2200,-1746.69,0
17.2250,-1967.58,0
17.2300,-1967.58,0
17.2350,-1925.36,0
17.2400,-1925.36,0
17.2450,-1925.36,0
17.2500,-1987.77,0
17.2550,-1987.77,0
17.2600,-2063.71,0
17.2650,-2104.90,0
17.2700,-2104.90,0
17.2750,-1035.05,0
17.2800,-1990.95,0
17.2850,-1990.95,0
17.2900,-1925.36,0
17.2950,-1956.29,0
17.3000,-1863.44,0
17.3050,-1863.44,0
17.3100,-1931.59,0
17.3150,-1943.32,0
17.3200,-1943.32,0
17.3250,-1943.32,0
17.3300,-2030.79,0
17.3350,-2030.79,0
17.3400,-2030.79,0
17.3450,-2030.79,0
17.3500,-1904.64,0
17.3550,-1388.48,0
17.3600,-1879.60,0
17.3650,-1879.60,0
17.3700,-1913.21,0
17.3750,-1913.21,0
17.3800,-1975.47,0
17.3850,-1975.47,0
17.3900,-1975.47,0
17.3950,-2030.26,0
17.4000,-2030.26,0
17.4050,-2030.26,0
17.4100,-2119.54,0
17.4150,-2119.54,0
17.4200,-1984.88,0
17.4250,-1896.25,0
17.4300,-1950.60,0
17.4350,-1950.60,0
17.4400,-1971.77,0
17.4450,-1971.77,0
17.4500,-1975.22,0
17.4550,-1975.22,0
17.4600,-1897.82,0
17.4650,-1897.82,0
17.4700,-1899.02,0
17.4750,-1899.12,0
17.4800,-1899.12,0
17.4850,-1893.82,0
17.4900,-1893.82,0
17.4950,-1941.83,0
17.5000,-1961.78,0
17.5050,-1941.83,0
17.5100,-1941.83,0
17.5150,-1894.50,0
17.5200,-1928.57,0
17.5250,-1874.86,0
17.5300,-1874.86,0
17.5350,-1874.86,0
17.5400,-2265.45,0
17.5450,-2265.45,0
17.5500,-2143.79,0
17.5550,-2143.79,0
17.5600,-2512.24,0
17.5650,-2512.24,0
17.5700,-2143.79,0
17.5750,-2041.72,0
17.5800,-2041.72,0
17.5850,-2112.14,0
17.5900,-2112.14,0
17.5950,-2159.12,0
17.6000,-2159.12,0
17.6050,-1934.22,0
17.6100,-1934.22,0
17.6150,-1934.22,0
17.6200,-1934.22,0
17.6250,-1934.22,0
17.6300,-1946.16,0
17.6350,-1946.16,0
17.6400,-1166.54,0
17.6450,-1068.47,0
17.6500,-1068.47,0
17.6550,-1068.47,0
17.6600,-1117.70,0
17.6650,-692.70,0
17.6700,-1889.35,0
17.6750,-692.70,0
17.6800,-692.70,0
17.6850,-692.70,0
17.6900,-180.34,0
17.6950,-180.34,0
17.7000,-2137.65,0
17.7050,105.53,0
17.7100,7.89,0
17.7150,-2110.98,0
17.7200,7.89,0
17.7250,-216.72,0
17.7300,-216.72,0
17.7350,176.15,0
17.7400,176.15,0
17.7450,176.15,0
17.7500,213.32,0
17.7550,176.15,0
17.7600,-298.47,0
17.7650,-396.21,0
17.7700,-396.21,0
17.7750,-396.21,0
17.7800,-396.21,0
17.7850,-396.21,0
17.7900,-396.21,0
17.7950,-1117.75,0
17.8000,-1117.75,0
17.8050,-2657.50,0
17.8100,-2657.50,0
17.8150,-2892.16,0
17.8200,-2892.16,0
17.8250,-2892.16,0
17.8300,-2990.02,0
17.8350,-2990.02,0
17.8400,-3620.86,0
17.8450,-3620.86,0
17.8500,309.27,0
17.8550,-2983.14,0
17.8600,-3577.45,0
17.8650,-3577.45,0
17.8700,-3577.45,0
17.8750,-3577.45,0
17.8800,-3583.49,0
17.8850,213.02,0
17.8900,-4069.23,0
17.8950,-4069.23,0
17.9000,-4069.23,0
17.9050,-4069.23,0
17.9100,-4572.90,0
17.9150,-4572.90,0
17.9200,-175.95,0
17.9250,389.41,0
17.9300,389.41,0
17.9350,389.41,0
17.9400,534.61,0
17.9450,534.61,0
17.9500,52.65,0
17.9550,360.43,0
17.9600,99.70,0
17.9650,360.43,0
17.9700,360.43,0
17.9750,360.43,0
17.9800,1474.41,0
17.9850,1269.51,0
17.9900,1269.51,0
17.9950,698.46,0
18.0000,698.46,0
18.0050,698.46,0
18.0100,698.46,0
18.0150,1461.13,0
18.0200,1461.13,0
18.0250,1461.13,0
18.0300,882.45,0
18.0350,882.45,0
18.0400,1530.41,0
18.0450,1474.40,0
18.0500,2004.14,0
18.0550,52.48,0
18.0600,2004.14,0
18.0650,2281.64,0
18.0700,-4260.89,0
18.0750,2308.03,0
18.0800,2308.03,0
18.0850,2308.03,0
18.0900,3117.44,0
18.0950,1269.60,0
18.1000,3369.81,0
18.1050,3369.81,0
18.1100,3369.81,0
18.1150,3041.61,0
18.1200,1076.99,0
18.1250,3026.99,0
18.1300,3026.99,0
18.1350,2454.97,0
18.1400,929.62,0
18.1450,2143.13,0
18.1500,1934.78,0
18.1550,1934.78,0
18.1600,1934.78,0
18.1650,1635.11,0
18.1700,1635.11,0
18.1750,1566.79,0
18.1800,1566.79,0
18.1850,919.21,0
18.1900,1635.11,0
18.1950,2143.13,0
18.2000,757.87,0
18.2050,757.87,0
18.2100,757.87,0
18.2150,1873.38,0
18.2200,2264.33,0
18.2250,2264.33,0
18.2300,3035.32,0
18.2350,2264.33,0
18.2400,1730.47,0
18.2450,2264.33,0
18.2500,2199.11,0
18.2550,2199.11,0
18.2600,1588.58,0
18.2650,2356.27,0
18.2700,2356.27,0
18.2750,2356.27,0
18.2800,3034.21,0
18.2850,1394.45,0
18.2900,1394.45,0
18.2950,1440.28,0
18.3000,1091.68,0
18.3050,1091.68,0
18.3100,1032.47,0
18.3150,1032.47,0
18.3200,1032.47,0
18.3250,1032.47,0
18.3300,1256.41,0
18.3350,1256.41,0
18.3400,1256.41,0
18.3450,1436.25,0
18.3500,1436.25,0
18.3550,1436.25,0
18.3600,1408.43,0
18.3650,1408.43,0
18.3700,1240.55,0
18.3750,1240.55,0
18.3800,1183.66,0
18.3850,1183.66,0
18.3900,1032.47,0
18.3950,1183.66,0
18.4000,2225.07,0
18.4050,1183.66,0
18.4100,1080.14,0
18.4150,1080.14,0
18.4200,846.84,0
18.4250,1080.14,0
18.4300,725.44,0
18.4350,725.44,0
18.4400,917.92,0
18.4450,917.92,0
18.4500,928.71,0
18.4550,928.71,0
18.4600,1194.82,0
18.4650,1194.82,0
18.4700,1266.23,0
18.4750,1266.23,0
18.4800,1468.62,0
18.4850,1468.62,0
18.4900,1468.62,0
18.4950,1468.62,0
18.5000,1497.49,0
18.5050,550.58,0
18.5100,200.70,0
18.5150,200.70,0
18.5200,200.70,0
18.5250,200.70,0
18.5300,-218.30,0
18.5350,-218.30,0
18.5400,172.59,0
18.5450,1005.10,0
18.5500,149.00,0
18.5550,149.00,0
18.5600,527.96,0
18.5650,527.96,0
18.5700,527.96,0
18.5750,927.95,0
18.5800,1280.99,0
18.5850,1553.96,0
18.5900,1553.96,0
18.5950,1553.96,0
18.6000,1553.96,0
18.6050,1553.96,0
18.6100,299.62,0
18.6150,979.59,0
18.6200,1458.04,0
18.6250,1581.45,0
18.6300,527.96,0
18.6350,638.75,0
18.6400,993.58,0
18.6450,861.08,0
18.6500,861.08,0
18.6550,861.08,0
18.6600,1232.79,0
18.6650,1232.79,0
18.6700,1515.25,0
18.6750,1515.25,0
18.6800,1080.43,0
18.6850,1080.43,0
18.6900,1080.43,0
18.6950,1080.43,0
18.7000,1315.86,0
18.7050,1892.57,0
18.7100,1892.57,0
18.7150,1797.95,0
18.7200,1797.95,0
18.7250,1797.95,0
18.7300,950.16,0
18.7350,291.70,0
18.7400,-1191.28,0
18.7450,-1191.28,0
18.7500,1581.40,0
18.7550,-1283.44,0
18.7600,-1220.14,0
18.7650,-1220.14,0
18.7700,-1220.14,0
18.7750,-1220.14,0
18.7800,-962.07,0
18.7850,-962.07,0
18.7900,-1108.91,0
18.7950,1080.44,0
18.8000,-915.87,0
18.8050,-915.87,0
18.8100,-1103.31,0
18.8150,-1356.50,0
18.8200,-1256.04,0
18.8250,-1256.04,0
18.8300,-926.24,0
18.8350,-877.18,0
18.8400,-877.18,0
18.8450,-852.57,0
18.8500,-852.57,0
18.8550,-852.57,0
18.8600,-1248.81,0
18.8650,-1248.81,0
18.8700,-923.79,0
18.8750,-954.71,0
18.8800,-954.71,0
18.8850,-1176.39,0
18.8900,-1176.39,0
18.8950,1913.50,0
18.9000,-874.74,0
18.9050,-1176.39,0
18.9100,-1248.81,0
18.9150,-1924.46,0
18.9200,-1912.72,0
18.9250,-1912.72,0
18.9300,-2133.64,0
18.9350,-2133.64,0
18.9400,-2221.95,0
18.9450,-2221.95,0
18.9500,-2221.95,0
18.9550,-1095.75,0
18.9600,-1924.94,0
18.9650,-1924.94,0
18.9700,-1954.66,0
18.9750,-2100.18,0
18.9800,-2040.08,0
18.9850,-2040.08,0
18.9900,-1123.74,0
18.9950,-1927.16,0
19.0000,-1927.16,0
19.0050,-1927.16,0
19.0100,-2026.21,0
19.0150,-2026.21,0
19.0200,-2285.68,0
19.0250,-1091.65,0
19.0300,-2093.88,0
19.0350,-2093.88,0
19.0400,-2126.48,0
19.0450,-2126.48,0
19.0500,-2108.95,0
19.0550,-2108.95,0
19.0600,-2205.98,0
19.0650,-1951.44,0
19.0700,-1951.44,0
19.0750,-1231.35,0
19.0800,-1231.35,0
19.0850,-1231.35,0
19.0900,-1059.12,0
19.0950,-1059.12,0
19.1000,-1358.06,0
19.1050,-1358.06,0
19.1100,-1747.51,0
19.1150,-1968.67,0
19.1200,-2289.17,0
19.1250,-927.08,0
19.1300,-927.08,0
19.1350,-927.08,0
19.1400,-283.58,0
19.1450,-915.93,0
19.1500,-817.07,0
19.1550,-817.07,0
19.1600,-124.36,0
19.1650,-124.36,0
19.1700,134.82,0
19.1750,134.82,0
19.1800,102.17,0
19.1850,111.29,0
19.1900,111.29,0
19.1950,-30.45,0
19.2000,-30.45,0
19.2050,-2094.06,0
19.2100,-10.70,0
19.2150,-2292.29,0
19.2200,-1053.12,0
19.2250,90.77,0
19.2300,90.77,0
19.2350,90.77,0
19.2400,134.12,0
19.2450,15.25,0
19.2500,-10.70,0
19.2550,15.25,0
19.2600,102.17,0
19.2650,-1048.93,0
19.2700,68.82,0
19.2750,-74.65,0
19.2800,-74.65,0
19.2850,-105.07,1
19.2900,-105.07,0
19.2950,85.78,0
19.3000,85.78,0
19.3050,342.66,0
19.3100,342.66,0
19.3150,339.51,0
19.3200,73.27,0
19.3250,47.78,0
19.3300,21.07,0
19.3350,442.39,0
19.3400,442.39,0
19.3450,620.67,0
19.3500,620.67,0
19.3550,890.36,0
19.3600,890.36,0
19.3650,260.66,0
19.3700,890.36,0
19.3750,1346.37,0
19.3800,1346.37,0
19.3850,2072.35,0
19.3900,2072.35,0
19.3950,2508.18,0
19.4000,2508.18,0
19.4050,2492.37,0
19.4100,2492.37,0
19.4150,2492.37,0
19.4200,2492.37,0
19.4250,2492.37,0
19.4300,2492.37,0
19.4350,2390.88,0
19.4400,2390.88,0
19.4450,1676.76,0
19.4500,1676.76,0
19.4550,2142.56,0
19.4600,2142.56,0
19.4650,305.20,0
19.4700,2623.72,0
19.4750,2038.28,0
19.4800,2038.28,0
19.4850,2214.76,0
19.4900,927.36,0
19.4950,3008.76,0
19.5000,2122.88,0
19.5050,2655.08,0
19.5100,2655.08,0
19.5150,2655.08,0
19.5200,2655.08,0
19.5250,3170.70,0
19.5300,3170.70,0
19.5350,926.01,0
19.5400,2689.02,0
19.5450,2689.02,0
19.5500,2434.22,0
19.5550,2434.22,0
19.5600,2434.22,0
19.5650,173.09,0
19.5700,173.09,0
19.5750,185.16,0
19.5800,185.16,0
19.5850,-285.93,0
19.5900,-285.93,0
19.5950,-211.93,0
19.6000,-211.93,0
19.6050,123.91,0
19.6100,123.91,0
19.6150,123.91,0
19.6200,2727.96,0
19.6250,1040.00,0
19.6300,450.02,0
19.6350,1040.00,0
19.6400,1040.00,0
19.6450,629.10,0
19.6500,629.10,0
19.6550,402.75,0
19.6600,402.75,0
19.6650,31.71,0
19.6700,31.71,0
19.6750,31.71,0
19.6800,31.71,0
19.6850,31.71,0
19.6900,594.81,0
19.6950,123.95,0
19.7000,594.81,0
19.7050,921.57,0
19.7100,921.57,0
19.7150,873.26,0
19.7200,873.26,0
19.7250,873.26,0
19.7300,966.97,0
19.7350,966.97,0
19.7400,982.12,0
19.7450,982.12,0
19.7500,-266.83,0
19.7550,962.64,0
19.7600,962.64,0
19.7650,1069.21,0
19.7700,1069.21,0
19.7750,629.51,0
19.7800,1006.70,0
19.7850,1123.20,0
19.7900,1123.20,0
19.7950,1134.36,0
19.8000,1134.36,0
19.8050,1073.16,0
19.8100,1073.16,0
19.8150,1066.21,0
19.8200,513.41,0
19.8250,987.41,0
19.8300,987.41,0
19.8350,1022.32,0
19.8400,1022.32,0
19.8450,1022.32,0
19.8500,1022.32,0
19.8550,1679.02,0
19.8600,1491.06,0
19.8650,1491.06,0
19.8700,1951.34,0
19.8750,1951.34,0
19.8800,1615.48,0
19.8850,1615.48,0
19.8900,1384.56,0
19.8950,1780.00,0
19.9000,1630.86,0
19.9050,1630.86,0
19.9100,1791.27,0
19.9150,1791.27,0
19.9200,1216.26,0
19.9250,1216.26,0
19.9300,1400.37,0
19.9350,1400.37,0
19.9400,1764.58,0
19.9450,1400.37,0
19.9500,696.11,0
19.9550,696.11,0
19.9600,696.11,0
19.9650,696.11,0
19.9700,696.11,0
19.9750,610.14,0
19.9800,610.14,0
19.9850,233.00,0
19.9900,241.23,0
19.9950,241.23,0
20.0000,241.23,0
20.0050,241.23,0
20.0100,1615.35,0
20.0150,1764.59,0
20.0200,357.66,0
20.0250,-414.10,0
20.0300,-414.10,0
20.0350,-680.03,0
20.0400,-680.03,0
20.0450,-793.52,0
20.0500,-793.52,0
20.0550,-793.52,0
20.0600,-793.52,0
20.0650,-793.52,0
20.0700,-793.52,0
20.0750,-648.62,0
20.0800,-648.62,0
20.0850,-1176.83,0
20.0900,-1176.83,0
20.0950,-1694.49,0
20.1000,-1191.23,0
20.1050,-1191.23,0
20.1100,-1008.11,0
20.1150,-1191.23,0
20.1200,-840.82,0
20.1250,-840.82,0
20.1300,-840.82,0
20.1350,-840.82,0
20.1400,-1502.05,0
20.1450,-1502.05,0
20.1500,-1539.75,0
20.1550,-1539.75,0
20.1600,-1539.75,0
20.1650,-1539.75,0
20.1700,-1539.75,0
20.1750,-1672.37,0
20.1800,-1672.37,0
20.1850,-1663.51,0
20.1900,-1663.51,0
20.1950,-1882.27,0
20.2000,-2095.72,0
20.2050,-2095.72,0
20.2100,-1694.47,0
20.2150,-2095.72,0
20.2200,-2127.97,0
20.2250,-840.81,0
20.2300,-558.83,0
20.2350,-2194.69,0
20.2400,-2384.60,0
20.2450,-2384.60,0
20.2500,-2307.34,0
20.2550,-2307.34,0
20.2600,-2307.34,0
20.2650,-2307.34,0
20.2700,-2351.11,0
20.2750,-2351.11,0
20.2800,-2234.86,0
20.2850,-1663.48,0
20.2900,-2294.08,0
20.2950,-2294.08,0
20.3000,-2443.46,0
20.3050,-2443.46,0
20.3100,-2443.46,0
20.3150,-2443.46,0
20.3200,-2442.65,0
20.3250,-2442.65,0
20.3300,-2442.65,0
20.3350,-2251.37,0
20.3400,-2602.50,0
20.3450,-2602.50,0
20.3500,-2640.28,0
20.3550,-2640.28,0
20.3600,-2187.87,0
20.3650,-2640.28,0
20.3700,-2830.30,0
20.3750,-2830.30,0
20.3800,-1892.11,0
20.3850,-1743.96,0
20.3900,-1743.96,0
20.3950,-1855.34,0
20.4000,-1855.34,0
20.4050,-1855.34,0
20.4100,-1855.34,0
20.4150,-1855.34,0
20.4200,-1782.76,0
20.4250,-1782.76,0
20.4300,-1708.95,0
20.4350,-1708.95,0
20.4400,-1788.47,0
20.4450,-1788.47,0
20.4500,-1697.00,0
20.4550,-1697.00,0
20.4600,-1696.81,0
20.4650,-1696.81,0
20.4700,-1883.47,0
20.4750,-1852.14,0
20.4800,-1318.08,0
20.4850,-1318.08,0
20.4900,-939.86,0
20.4950,-939.86,0
20.5000,-796.67,0
20.5050,-857.91,0
20.5100,-1708.94,0
20.5150,-857.91,0
20.5200,-1072.25,0
20.5250,-1017.45,0
20.5300,-1017.45,0
20.5350,-1017.45,0
20.5400,-1924.96,0
20.5450,-879.12,0
20.5500,-1372.00,0
20.5550,-1837.00,0
20.5600,-1837.00,0
20.5650,-2443.14,0
20.5700,-1914.61,0
20.5750,-2384.31,0
20.5800,-1852.42,0
20.5850,-1989.64,0
20.5900,-1989.64,0
20.5950,-1321.93,0
20.6000,-901.84,0
20.6050,-2080.95,0
20.6100,-2080.95,0
20.6150,-2026.62,0
20.6200,-2026.62,0
20.6250,-1989.64,0
20.6300,-1563.89,0
20.6350,-1563.89,0
20.6400,-1563.89,0
20.6450,-2079.23,0
20.6500,-2079.23,0
20.6550,-2856.76,0
20.6600,-2856.76,0
20.6650,-2642.42,0
20.6700,-2642.42,0
20.6750,-2850.26,0
20.6800,-2850.26,0
20.6850,-3560.97,0
20.6900,-2642.42,0
20.6950,-3305.29,0
20.7000,-3305.29,0
20.7050,-2948.78,0
20.7100,-2948.78,0
20.7150,-3549.68,0
20.7200,-3193.41,0
20.7250,-3136.99,0
20.7300,-3136.99,0
20.7350,-3165.52,0
20.7400,-3165.52,0
20.7450,-2878.33,0
20.7500,-2878.33,0
20.7550,-3095.24,0
20.7600,-2878.33,0
20.7650,-3440.60,0
20.7700,-3440.60,0
20.7750,-3706.92,0
20.7800,-3706.92,0
20.7850,-4143.02,0
20.7900,-4143.02,0
20.7950,-4243.50,0
20.8000,-4243.50,0
20.8050,-4391.51,0
20.8100,-4391.51,0
20.8150,-4490.35,0
20.8200,-4490.35,0
20.8250,-3136.95,0
20.8300,-4088.38,0
20.8350,-3249.56,0
20.8400,-3249.56,0
20.8450,-3394.85,0
20.8500,-3394.85,0
20.8550,-2414.61,0
20.8600,-3394.85,0
20.8650,-3394.85,0
20.8700,-3394.85,0
20.8750,-3133.02,0
20.8800,-3133.02,0
20.8850,-3436.89,0
20.8900,-3436.89,0
20.8950,-3474.16,0
20.9000,-3098.07,0
20.9050,-3168.55,0
20.9100,-3168.55,0
20.9150,-2967.55,0
20.9200,-2967.55,0
20.9250,-2960.00,0
20.9300,-2960.00,0
20.9350,-2960.00,0
20.9400,-3153.35,0
20.9450,-2657.51,0
20.9500,-3002.10,0
20.9550,-3002.10,0
20.9600,-3815.02,0
20.9650,-3648.01,0
20.9700,-3412.95,0
20.9750,-3412.95,0
20.9800,-3341.85,0
20.9850,-3341.85,0
20.9900,-3341.85,0
20.9950,-3239.09,0
21.0000,-3205.78,0
21.0050,-3205.78,0
21.0100,-3049.04,0
21.0150,-3049.04,0
21.0200,-2987.45,0
21.0250,-3234.35,0
21.0300,-2987.45,0
21.0350,-3434.30,0
21.0400,-2987.45,0
21.0450,-3191.48,0
21.0500,-3191.48,0
21.0550,-3191.48,0
21.0600,-3127.16,0
21.0650,-3556.29,0
21.0700,-3580.01,0
21.0750,-3193.11,0
21.0800,-3033.56,0
21.0850,-3113.92,0
21.0900,-3032.44,0
21.0950,-3032.44,0
21.1000,-3060.02,0
21.1050,-3060.02,0
21.1100,-3122.09,0
21.1150,-3122.09,0
21.1200,-3033.29,0
21.1250,-3033.29,0
21.1300,-3076.99,0
21.1350,-3076.99,0
21.1400,-2977.62,0
21.1450,-2977.62,0
21.1500,-3099.92,0
21.1550,-2977.62,0
21.1600,-2678.37,0
21.1650,-2678.37,0
21.1700,-2173.95,0
21.1750,-2173.95,0
21.1800,-3115.27,0
21.1850,-2964.88,0
21.1900,-2703.85,0
21.1950,-2703.85,0
21.2000,-1003.22,0
21.2050,-1003.22,0
21.2100,-1208.35,0
21.2150,-1208.35,0
21.2200,-2825.75,0
21.2250,-2326.48,0
21.2300,-2225.22,0
21.2350,-2225.22,0
21.2400,-1972.15,0
21.2450,-3122.64,0
21.2500,-1493.45,0
21.2550,-1576.00,0
21.2600,-1576.00,0
21.2650,-1966.70,0
21.2700,-1966.70,0
21.2750,-1748.57,0
21.2800,-1748.57,0
21.2850,-1748.57,0
21.2900,-3045.63,0
21.2950,-1096.44,0
21.3000,-2032.84,0
21.3050,-2870.49,0
21.3100,-2032.84,0
21.3150,-2032.84,0
21.3200,-2040.23,0
21.3250,-2040.23,0
21.3300,-1510.29,0
21.3350,-1510.29,0
21.3400,-1295.49,0
21.3450,-2483.15,0
21.3500,-1043.80,0
21.3550,-1043.80,0
21.3600,-1043.80,0
21.3650,-1971.77,0
21.3700,-88.71,0
21.3750,-88.71,0
21.3800,-135.56,0
21.3850,-1174.49,0
21.3900,-586.31,0
21.3950,-586.31,0
21.4000,-557.98,0
21.4050,-557.98,0
21.4100,-557.98,0
21.4150,-557.98,0
21.4200,228.35,0
21.4250,228.35,0
21.4300,57.05,0
21.4350,57.05,0
21.4400,241.65,0
21.4450,-2070.39,0
21.4500,794.67,0
21.4550,794.67,0
21.4600,794.67,0
21.4650,794.67,0
21.4700,1135.23,0
21.4750,-1487.57,0
21.4800,1245.00,0
21.4850,1245.00,0
21.4900,1279.60,0
21.4950,-1045.08,0
21.5000,1226.11,0
21.5050,-1744.90,0
21.5100,1101.19,0
21.5150,1101.19,0
21.5200,1027.63,0
21.5250,1027.63,0
21.5300,1017.23,0
21.5350,1286.38,0
21.5400,228.09,0
21.5450,1286.38,0
21.5500,1094.09,0
21.5550,1094.09,0
21.5600,1094.09,0
21.5650,1094.09,0
21.5700,877.50,0
21.5750,877.50,0
21.5800,877.50,0
21.5850,877.50,0
21.5900,1923.73,0
21.5950,1923.73,0
21.6000,1404.16,0
21.6050,1404.16,0
21.6100,1404.16,0
21.6150,1404.16,0
21.6200,1404.16,0
21.6250,1404.16,0
21.6300,1842.55,0
21.6350,1842.55,0
21.6400,1538.43,0
21.6450,1270.69,0
21.6500,899.64,0
21.6550,899.64,0
21.6600,1269.42,0
21.6650,899.64,0
21.6700,899.64,0
21.6750,899.64,0
21.6800,1030.97,0
21.6850,998.82,0
21.6900,998.82,0
21.6950,1019.53,0
21.7000,1019.53,0
21.7050,1026.04,0
21.7100,1096.11,0
21.7150,884.88,0
21.7200,1035.51,0
21.7250,1035.51,0
21.7300,998.82,0
21.7350,988.31,0
21.7400,988.31,0
21.7450,1026.84,0
21.7500,1026.84,0
21.7550,1026.84,0
21.7600,989.09,0
21.7650,989.09,0
21.7700,989.09,0
21.7750,989.09,0
21.7800,989.09,0
21.7850,989.09,0
21.7900,1005.60,0
21.7950,1005.60,0
21.8000,986.69,0
21.8050,1017.99,0
21.8100,1019.50,0
21.8150,986.69,0
21.8200,983.18,0
21.8250,1748.16,0
21.8300,991.06,0
21.8350,991.06,0
21.8400,991.06,0
21.8450,991.06,0
21.8500,985.73,0
21.8550,985.73,0
21.8600,976.27,0
21.8650,976.27,0
21.8700,1007.79,0
21.8750,1007.79,0
21.8800,991.27,0
21.8850,931.34,0
21.8900,1013.85,0
21.8950,1013.85,0
21.9000,1013.85,0
21.9050,1014.82,0
21.9100,1007.32,0
21.9150,1007.32,0
21.9200,991.22,0
21.9250,983.53,0
21.9300,1015.49,0
21.9350,974.89,0
21.9400,974.89,0
21.9450,979.77,0
21.9500,974.89,0
21.9550,993.97,0
21.9600,993.97,0
21.9650,1011.65,0
21.9700,984.82,0
21.9750,971.85,0
21.9800,971.85,0
21.9850,1001.24,0
21.9900,1001.24,0
21.9950,1017.63,0
22.0000,1001.24,0
22.0050,973.54,0
22.0100,973.54,0
22.0150,984.82,0
22.0200,1015.50,0
22.0250,977.84,0
22.0300,1.64,0
22.0350,27.91,0
22.0400,27.91,0
22.0450,4.76,0
22.0500,4.76,0
22.0550,4.76,0
22.0600,4.76,0
22.0650,39.35,0
22.0700,39.35,0
22.0750,-7.63,0
22.0800,-7.63,0
22.0850,975.59,0
22.0900,10.83,0
22.0950,887.82,0
22.1000,15.50,0
22.1050,30.09,0
22.1100,30.09,0
22.1150,30.09,0
22.1200,34.95,0
22.1250,34.95,0
22.1300,34.95,0
22.1350,10.11,0
22.1400,39.00,0
22.1450,28.59,0
22.1500,28.59,0
22.1550,27.38,0
22.1600,27.38,0
22.1650,27.38,0
22.1700,5.05,0
22.1750,-5.69,0
22.1800,-5.69,0
22.1850,18.54,0
22.1900,18.54,0
22.1950,18.54,0
22.2000,-26.58,0
22.2050,-26.58,0
22.2100,-26.51,0
22.2150,-26.51,0
22.2200,-33.95,0
22.2250,-33.95,0
22.2300,-32.82,0
22.2350,-32.82,0
22.2400,-25.98,0
22.2450,-25.98,0
22.2500,76.55,0
22.2550,76.55,0
22.2600,-26.51,0
22.2650,17.75,0
22.2700,19.71,0
22.2750,19.71,0
22.2800,19.84,0
22.2850,-12.02,0
22.2900,-12.02,0
22.2950,-12.02,0
22.3000,-12.02,0
22.3050,-12.02,0
22.3100,13.01,0
22.3150,13.01,0
22.3200,-31.40,0
22.3250,15.71,0
22.3300,15.71,0
22.3350,-12.59,0
22.3400,-12.59,0
22.3450,-6.95,0
22.3500,-6.95,0
22.3550,-35.50,0
22.3600,-28.52,0
22.3650,16.78,0
22.3700,16.78,0
22.3750,-12.29,0
22.3800,-12.29,0
22.3850,18.75,0
22.3900,18.75,0
22.3950,18.75,0
22.4000,18.75,0
22.4050,17.55,0
22.4100,17.55,0
22.4150,-6.29,0
22.4200,-6.29,0
22.4250,-5.91,0
22.4300,-5.91,0
22.4350,15.68,0
22.4400,-27.95,0
22.4450,-27.95,0
22.4500,-27.95,0
22.4550,-8.86,0
22.4600,-8.86,0
22.4650,-5.84,0
22.4700,-5.84,0
22.4750,18.80,0
22.4800,18.80,0
22.4850,21.41,0
22.4900,21.41,0
22.4950,21.41,0
22.5000,21.41,0
22.5050,-7.83,0
22.5100,-7.83,0
22.5150,21.66,0
22.5200,21.66,0
22.5250,21.49,0
22.5300,-30.63,0
22.5350,-7.06,0
22.5400,-7.06,0
22.5450,-7.06,0
22.5500,-7.06,0
22.5550,-3.43,0
22.5600,-3.43,0
22.5650,-3.43,0
22.5700,-3.43,0
22.5750,-24.68,0
22.5800,-24.68,0
22.5850,-24.68,0
22.5900,-24.68,0
22.5950,-24.68,0
22.6000,18.35,0
22.6050,-21.80,0
22.6100,20.77,0
22.6150,19.27,0
22.6200,19.27,0
22.6250,-10.55,0
22.6300,-10.55,0
22.6350,19.95,0
22.6400,19.95,0
22.6450,8.53,0
22.6500,8.53,0
22.6550,21.46,0
22.6600,-27.45,0
22.6650,-27.45,0
22.6700,-27.45,0
22.6750,31.17,0
22.6800,31.17,0
22.6850,-24.97,0
22.6900,-24.97,0
22.6950,-5.33,0
22.7000,-5.33,0
22.7050,-1.55,0
22.7100,-1.55,0
22.7150,27.82,0
22.7200,27.82,0
22.7250,12.03,0
22.7300,27.60,0
22.7350,27.60,0
22.7400,27.60,0
22.7450,-2.10,0
22.7500,-2.10,0
22.7550,25.02,0
22.7600,25.02,0
22.7650,-2.10,0
22.7700,25.91,0
22.7750,-2.79,0
22.7800,-2.79,0
22.7850,-2.79,0
22.7900,-2.79,0
22.7950,28.80,0
22.8000,28.80,0
22.8050,12.57,0
22.8100,-23.47,0
22.8150,-23.47,0
22.8200,-2.12,0
22.8250,-2.12,0
22.8300,-19.38,0
22.8350,-19.38,0
22.8400,12.68,0
22.8450,12.68,0
22.8500,12.68,0
22.8550,12.68,0
22.8600,-21.48,0
22.8650,33.20,0
22.8700,33.20,0
22.8750,-16.85,0
22.8800,20.56,0
22.8850,13.75,0
22.8900,13.75,0
22.8950,13.75,0
22.9000,13.75,0
22.9050,13.75,0
22.9100,34.16,0
22.9150,34.16,0
22.9200,34.16,0
22.9250,34.16,0
22.9300,13.96,0
22.9350,13.96,0
22.9400,-19.08,0
22.9450,-2.09,0
22.9500,32.10,0
22.9550,32.10,0
22.9600,-17.14,0
22.9650,-17.14,0
22.9700,9.90,0
22.9750,9.90,0
22.9800,-21.58,0
22.9850,31.57,0
22.9900,31.57,0
22.9950,31.57,0
23.0000,31.57,0
23.0050,-23.21,0
23.0100,9.44,0
23.0150,9.44,0
23.0200,15.36,0
23.0250,15.36,0
23.0300,29.09,0
23.0350,29.09,0
23.0400,29.09,0
23.0450,29.09,0
23.0500,29.09,0
23.0550,9.44,0
23.0600,13.38,0
23.0650,13.38,0
23.0700,-22.52,0
23.0750,0.63,0
23.0800,-14.18,0
23.0850,-14.18,0
23.0900,-4.05,0
23.0950,12.41,0
23.1000,-24.17,0
23.1050,17.85,0
23.1100,-20.67,0
23.1150,-23.07,0
23.1200,33.84,0
23.1250,31.53,0
23.1300,-27.88,0
23.1350,15.36,0
23.1400,13.98,0
23.1450,13.98,0
23.1500,-18.85,0
23.1550,-18.85,0
23.1600,-11.58,0
23.1650,-11.58,0
23.1700,-11.58,0
23.1750,-11.58,0
23.1800,13.62,0
23.1850,-21.63,0
23.1900,-21.63,0
23.1950,-21.63,0
23.2000,-14.62,0
23.2050,-14.62,0
23.2100,5.64,0
23.2150,0.87,0
23.2200,5.64,0
23.2250,5.64,0
23.2300,-19.67,0
23.2350,31.07,0
23.2400,23.20,0
23.2450,-13.55,0
23.2500,-13.55,0
23.2550,39.13,0
23.2600,-14.53,0
23.2650,16.98,0
23.2700,16.98,0
23.2750,1.22,0
23.2800,27.84,0
23.2850,-10.46,0
23.2900,-10.46,0
23.2950,17.81,0
23.3000,17.81,0
23.3050,-18.38,0
23.3100,-18.38,0
23.3150,27.55,0
23.3200,27.55,0
23.3250,-11.94,0
23.3300,-8.87,0
23.3350,-11.94,0
23.3400,-8.87,0
23.3450,-8.87,0
23.3500,-8.87,0
23.3550,-8.87,0
23.3600,-8.87,0
23.3650,28.45,0
23.3700,28.45,0
23.3750,22.78,0
23.3800,28.45,0
23.3850,18.91,0
23.3900,18.91,0
23.3950,28.48,0
23.4000,-26.66,0
23.4050,-7.88,0
23.4100,26.75,0
23.4150,-7.88,0
23.4200,20.07,0
23.4250,20.07,0
23.4300,6.29,0
23.4350,-20.21,0
23.4400,-8.65,0
23.4450,-8.65,0
23.4500,4.95,0
23.4550,2.99,0
23.4600,4.98,0
23.4650,18.91,0
23.4700,-19.39,0
23.4750,-19.39,0
23.4800,20.07,0
23.4850,29.95,0
23.4900,-3.53,0
23.4950,-3.53,0
23.5000,-3.53,0
23.5050,-3.53,0
23.5100,-7.24,0
23.5150,23.31,0
23.5200,24.43,0
23.5250,24.43,0
23.5300,-4.75,0
23.5350,-4.75,0
23.5400,0.58,0
23.5450,0.58,0
23.5500,20.12,0
23.5550,20.12,0
23.5600,-18.42,0
23.5650,-18.42,0
23.5700,-7.26,0
23.5750,-7.26,0
23.5800,0.87,0
23.5850,0.87,0
23.5900,20.99,0
23.5950,25.65,0
23.6000,25.65,0
23.6050,-4.75,0
23.6100,-4.75,0
23.6150,25.65,0
23.6200,-2.44,0
23.6250,24.30,0
23.6300,24.30,0
23.6350,24.30,0
23.6400,23.37,0
23.6450,23.37,0
23.6500,-13.08,0
23.6550,31.33,0
23.6600,31.33,0
23.6650,-18.08,0
23.6700,-18.08,0
23.6750,-18.08,0
23.6800,-19.03,0
23.6850,-25.44,0
23.6900,8.91,0
23.6950,-14.34,0
23.7000,-14.34,0
23.7050,-14.34,0
23.7100,9.08,0
23.7150,9.08,0
23.7200,9.08,0
23.7250,9.08,0
23.7300,-4.14,0
23.7350,28.75,0
23.7400,28.75,0
23.7450,28.75,0
23.7500,10.57,0
23.7550,10.57,0
23.7600,6.61,0
23.7650,6.61,0
23.7700,8.88,0
23.7750,6.61,0
23.7800,-30.87,0
23.7850,27.44,0
23.7900,-16.22,0
23.7950,-16.22,0
23.8000,11.13,0
23.8050,7.58,0
23.8100,-11.73,0
23.8150,28.69,0
23.8200,28.69,0
23.8250,-15.51,0
23.8300,-15.51,0
23.8350,12.82,0
23.8400,25.49,0
23.8450,-13.30,0
23.8500,-13.30,0
23.8550,-2.45,0
23.8600,30.15,0
23.8650,-13.32,0
23.8700,-13.32,0
23.8750,11.06,0
23.8800,11.06,0
23.8850,13.79,0
23.8900,13.79,0
23.8950,30.73,0
23.9000,30.73,0
23.9050,30.73,0
23.9100,30.73,0
23.9150,24.27,0
23.9200,14.54,0
23.9250,-14.35,0
23.9300,-14.35,0
23.9350,-14.35,0
23.9400,-14.35,0
23.9450,-21.05,0
23.9500,-15.64,0
23.9550,-15.64,0
23.9600,10.45,0
23.9650,10.45,0
23.9700,-13.71,0
23.9750,-14.35,0
23.9800,29.60,0
23.9850,29.60,0
23.9900,29.60,0
23.9950,11.48,0
24.0000,11.48,0
24.0050,12.26,0
24.0100,12.26,0
24.0150,26.08,0
24.0200,26.08,0
24.0250,-13.10,0
24.0300,30.07,0
24.0350,-13.10,0
24.0400,10.34,0
24.0450,10.34,0
24.0500,12.22,0
24.0550,12.22,0
24.0600,-21.06,0
24.0650,-17.55,0
24.0700,-15.61,0
24.0750,-12.38,0
24.0800,12.59,0
24.0850,12.59,0
24.0900,13.05,0
24.0950,29.68,0
24.1000,0.03,0
24.1050,29.68,0
24.1100,29.68,0
24.1150,29.68,0
24.1200,-13.63,0
24.1250,-13.63,0
24.1300,14.09,0
24.1350,14.09,0
24.1400,31.72,0
24.1450,31.72,0
24.1500,-11.67,0
24.1550,-11.67,0
24.1600,-11.67,0
24.1650,-12.43,0
24.1700,12.17,0
24.1750,12.17,0
24.1800,-11.59,0
24.1850,-11.56,0
24.1900,-11.56,0
24.1950,-11.56,0
24.2000,-11.56,0
24.2050,-11.56,0
24.2100,11.92,0
24.2150,-16.99,0
24.2200,-16.99,0
24.2250,27.68,0
24.2300,27.68,0
24.2350,10.49,0
24.2400,10.49,0
24.2450,16.00,0
24.2500,16.00,0
24.2550,25.71,0
24.2600,16.00,0
24.2650,28.78,0
24.2700,28.78,0
24.2750,28.78,0
24.2800,28.78,0
24.2850,11.71,1
24.2900,11.71,0
24.2950,-13.47,0
24.3000,-13.47,0
24.3050,-13.47,0
24.3100,-13.47,0
24.3150,-17.61,0
24.3200,9.24,0
24.3250,9.24,0
24.3300,9.24,0
24.3350,-18.16,0
24.3400,-18.16,0
24.3450,31.95,0
24.3500,31.95,0
24.3550,31.95,0
24.3600,31.95,0
24.3650,20.49,0
24.3700,4.46,0
24.3750,4.46,0
24.3800,4.46,0
24.3850,-16.63,0
24.3900,-16.63,0
24.3950,-11.20,0
24.4000,-13.69,0
24.4050,8.04,0
24.4100,-1.15,0
24.4150,13.91,0
24.4200,13.91,0
24.4250,-14.16,0
24.4300,-14.16,0
24.4350,25.92,0
24.4400,-10.23,0
24.4450,8.82,0
24.4500,11.57,0
24.4550,14.36,0
24.4600,14.36,0
24.4650,-17.28,0
24.4700,-17.28,0
24.4750,-0.50,0
24.4800,28.36,0
24.4850,-0.50,0
24.4900,-0.50,0
24.4950,-18.40,0
24.5000,-18.40,0
24.5050,1.11,0
24.5100,-2.95,0
24.5150,-2.95,0
24.5200,-2.95,0
24.5250,26.54,0
24.5300,-17.65,0
24.5350,-17.65,0
24.5400,1.26,0
24.5450,1.26,0
24.5500,-3.12,0
24.5550,-3.12,0
24.5600,-3.12,0
24.5650,-3.12,0
24.5700,-20.40,0
24.5750,-20.40,0
24.5800,21.94,0
24.5850,21.08,0
24.5900,-7.32,0
24.5950,-7.32,0
24.6000,29.16,0
24.6050,29.16,0
24.6100,-17.65,0
24.6150,-20.40,0
24.6200,2.19,0
24.6250,-20.40,0
24.6300,20.73,0
24.6350,2.19,0
24.6400,21.08,0
24.6450,25.34,0
24.6500,-19.70,0
24.6550,-19.70,0
24.6600,19.47,0
24.6650,19.47,0
24.6700,-0.52,0
24.6750,4.36,0
24.6800,-6.43,0
24.6850,-6.43,0
24.6900,0.74,0
24.6950,-19.13,0
24.7000,21.06,0
24.7050,-19.70,0
24.7100,2.37,0
24.7150,-4.07,0
24.7200,-4.07,0
24.7250,28.34,0
24.7300,28.34,0
24.7350,16.71,0
24.7400,16.71,0
24.7450,3.48,0
24.7500,3.48,0
24.7550,-7.51,0
24.7600,-7.51,0
24.7650,-13.41,0
24.7700,-13.41,0
24.7750,-13.41,0
24.7800,-13.41,0
24.7850,1.96,0
24.7900,1.96,0
24.7950,-6.76,0
24.8000,-6.76,0
24.8050,-6.76,0
24.8100,-6.76,0
24.8150,-6.76,0
24.8200,-6.76,0
24.8250,-19.29,0
24.8300,-19.29,0
24.8350,-6.41,0
24.8400,-6.41,0
24.8450,-9.08,0
24.8500,-6.41,0
24.8550,27.26,0
24.8600,19.13,0
24.8650,4.17,0
24.8700,4.17,0
24.8750,4.17,0
24.8800,4.17,0
24.8850,26.35,0
24.8900,26.35,0
24.8950,-17.44,0
24.9000,-17.44,0
24.9050,-7.49,0
24.9100,-19.24,0
24.9150,-3.27,0
24.9200,-3.27,0
24.9250,-3.27,0
24.9300,-3.27,0
24.9350,26.72,0
24.9400,-15.02,0
24.9450,18.78,0
24.9500,18.78,0
24.9550,-3.70,0
24.9600,-3.70,0
24.9650,44.63,0
24.9700,24.74,0
24.9750,-16.41,0
24.9800,-16.41,0
24.9850,5.57,0
24.9900,5.57,0
24.9950,5.57,0
25.0000,5.57,0
25.0050,5.57,0
25.0100,21.08,0
25.0150,21.08,0
25.0200,-12.74,0
25.0250,-12.74,0
25.0300,16.07,0
25.0350,-7.89,0
25.0400,-3.47,0
25.0450,-3.47,0
25.0500,-3.47,0
25.0550,-3.47,0
25.0600,-13.00,0
25.0650,-13.00,0
25.0700,11.41,0
25.0750,11.41,0
25.0800,21.76,0
25.0850,23.59,0
25.0900,-4.33,0
25.0950,23.59,0
25.1000,23.59,0
25.1050,13.28,0
25.1100,13.28,0
25.1150,5.78,0
25.1200,5.78,0
25.1250,22.23,0
25.1300,22.23,0
25.1350,-8.45,0
25.1400,-8.45,0
25.1450,18.54,0
25.1500,18.54,0
25.1550,-2.74,0
25.1600,-2.74,0
25.1650,-2.74,0
25.1700,-44.56,0
25.1750,27.37,0
25.1800,-44.56,0
25.1850,-34.75,0
25.1900,-34.75,0
25.1950,-52.84,0
25.2000,-52.84,0
25.2050,-21.29,0
25.2100,-21.29,0
25.2150,-21.29,0
25.2200,-21.29,0
25.2250,-21.29,0
25.2300,-104.02,0
25.2350,-104.02,0
25.2400,-126.67,0
25.2450,-126.67,0
25.2500,-167.57,0
25.2550,-65.44,0
25.2600,-167.57,0
25.2650,-167.57,0
25.2700,-167.57,0
25.2750,-167.57,0
25.2800,114.48,0
25.2850,114.48,0
25.2900,136.41,0
25.2950,136.41,0
25.3000,-73.68,0
25.3050,-73.68,0
25.3100,-11.09,0
25.3150,-11.09,0
25.3200,34.16,0
25.3250,34.16,0
25.3300,34.16,0
25.3350,34.16,0
25.3400,44.75,0
25.3450,-104.03,0
25.3500,44.75,0
25.3550,87.08,0
25.3600,87.08,0
25.3650,87.08,0
25.3700,-11.55,0
25.3750,-11.55,0
25.3800,-11.55,0
25.3850,-11.55,0
25.3900,-11.55,0
25.3950,58.75,0
25.4000,58.75,0
25.4050,65.14,0
25.4100,65.14,0
25.4150,22.57,0
25.4200,22.57,0
25.4250,44.75,0
25.4300,22.57,0
25.4350,-20.75,0
25.4400,26.88,0
25.4450,26.88,0
25.4500,-18.27,0
25.4550,-18.27,0
25.4600,-31.38,0
25.4650,58.75,0
25.4700,-31.38,0
25.4750,-30.97,0
25.4800,-30.97,0
25.4850,-41.88,0
25.4900,-17.88,0
25.4950,-74.74,0
25.5000,-74.74,0
25.5050,-108.18,0
25.5100,-108.18,0
25.5150,-64.57,0
25.5200,-64.57,0
25.5250,-64.57,0
25.5300,-64.57,0
25.5350,1.50,0
25.5400,1.50,0
25.5450,-36.21,0
25.5500,-36.21,0
25.5550,-1.89,0
25.5600,-1.89,0
25.5650,4.38,0
25.5700,-83.32,0
25.5750,-33.57,0
25.5800,52.65,0
25.5850,-364.05,0
25.5900,-364.05,0
25.5950,-280.22,0
25.6000,-45.66,0
25.6050,-45.66,0
25.6100,-57.42,0
25.6150,-57.42,0
25.6200,-57.42,0
25.6250,-57.42,0
25.6300,-57.42,0
25.6350,-57.42,0
25.6400,-57.42,0
25.6450,153.60,0
25.6500,258.94,0
25.6550,258.94,0
25.6600,258.94,0
25.6650,260.43,0
25.6700,260.43,0
25.6750,178.83,0
25.6800,178.83,0
25.6850,179.26,0
25.6900,3.65,0
25.6950,3.65,0
25.7000,3.65,0
25.7050,-40.84,0
25.7100,-40.84,0
25.7150,-40.84,0
25.7200,-40.84,0
25.7250,-1.99,0
25.7300,-1.99,0
25.7350,-105.01,0
25.7400,-105.01,0
25.7450,-105.01,0
25.7500,-23.08,0
25.7550,-23.08,0
25.7600,-537.53,0
25.7650,-537.53,0
25.7700,-537.53,0
25.7750,-220.18,0
25.7800,-220.18,0
25.7850,-220.18,0
25.7900,-206.45,0
25.7950,-206.45,0
25.8000,216.74,0
25.8050,-206.45,0
25.8100,-272.72,0
25.8150,-272.72,0
25.8200,253.75,0
25.8250,63.28,0
25.8300,-39.56,0
25.8350,-39.56,0
25.8400,-39.56,0
25.8450,-39.56,0
25.8500,-39.56,0
25.8550,-68.91,0
25.8600,-68.91,0
25.8650,315.59,0
25.8700,315.59,0
25.8750,694.01,0
25.8800,694.01,0
25.8850,1329.12,0
25.8900,1329.12,0
25.8950,896.91,0
25.9000,539.42,0
25.9050,539.42,0
25.9100,315.59,0
25.9150,767.76,0
25.9200,428.64,0
25.9250,20.48,0
25.9300,3.09,0
25.9350,3.09,0
25.9400,-788.71,0
25.9450,-788.71,0
25.9500,-304.18,0
25.9550,-304.18,0
25.9600,-65.51,0
25.9650,-65.51,0
25.9700,-135.86,0
25.9750,-135.86,0
25.9800,-351.31,0
25.9850,-351.31,0
25.9900,-91.69,0
25.9950,-91.69,0
26.0000,-291.98,0
26.0050,-291.98,0
26.0100,-569.77,0
26.0150,-351.31,0
26.0200,-171.43,0
26.0250,-171.43,0
26.0300,-543.50,0
26.0350,586.59,0
26.0400,-1255.19,0
26.0450,-1255.19,0
26.0500,-804.68,0
26.0550,-804.68,0
26.0600,-804.68,0
26.0650,-804.68,0
26.0700,-377.02,0
26.0750,-377.02,0
26.0800,-788.17,0
26.0850,-788.17,0
26.0900,-951.75,0
26.0950,87.92,0
26.1000,216.94,0
26.1050,216.94,0
26.1100,216.94,0
26.1150,821.70,0
26.1200,-97.29,0
26.1250,1907.45,0
26.1300,1907.45,0
26.1350,1907.45,0
26.1400,1452.27,0
26.1450,1452.27,0
26.1500,1452.27,0
26.1550,809.20,0
26.1600,809.20,0
26.1650,809.20,0
26.1700,809.20,0
26.1750,1372.62,0
26.1800,1372.62,0
26.1850,1220.69,0
26.1900,1220.69,0
26.1950,1330.10,0
26.2000,1330.10,0
26.2050,1330.10,0
26.2100,2150.87,0
26.2150,2150.87,0
26.2200,2150.87,0
26.2250,2150.87,0
26.2300,2739.52,0
26.2350,2739.52,0
26.2400,2715.63,0
26.2450,2715.63,0
26.2500,2715.63,0
26.2550,2715.63,0
26.2600,2715.63,0
26.2650,3277.26,0
26.2700,1668.97,0
26.2750,1372.64,0
26.2800,3114.17,0
26.2850,3664.69,0
26.2900,3664.69,0
26.2950,3664.69,0
26.3000,3664.69,0
26.3050,4122.15,0
26.3100,4122.15,0
26.3150,4676.21,0
26.3200,4676.21,0
26.3250,4528.31,0
26.3300,4528.31,0
26.3350,4528.31,0
26.3400,4528.31,0
26.3450,4528.31,0
26.3500,4528.31,0
26.3550,5241.06,0
26.3600,4921.68,0
26.3650,4921.68,0
26.3700,4921.68,0
26.3750,5000.69,0
26.3800,4686.28,0
26.3850,5023.62,0
26.3900,5023.62,0
26.3950,5023.62,0
26.4000,5584.90,0
26.4050,5655.18,0
26.4100,5499.77,0
26.4150,4423.44,0
26.4200,5629.01,0
26.4250,5629.01,0
26.4300,5629.01,0
26.4350,6122.37,0
26.4400,6462.03,0
26.4450,6462.03,0
26.4500,6556.06,0
26.4550,6556.06,0
26.4600,5136.64,0
26.4650,6427.02,0
26.4700,5205.30,0
26.4750,328.74,0
26.4800,5993.15,0
26.4850,5993.15,0
26.4900,6145.42,0
26.4950,6145.42,0
26.5000,6434.17,0
26.5050,6434.17,0
26.5100,6035.93,0
26.5150,6035.93,0
26.5200,6070.05,0
26.5250,6070.05,0
26.5300,6177.82,0
26.5350,6177.82,0
26.5400,6230.53,0
26.5450,6230.53,0
26.5500,6233.89,0
26.5550,6233.89,0
26.5600,6233.89,0
26.5650,6197.88,0
26.5700,6501.21,0
26.5750,6501.21,0
26.5800,6018.94,0
26.5850,6018.94,0
26.5900,5454.96,0
26.5950,5454.96,0
26.6000,4961.85,0
26.6050,4961.85,0
26.6100,4594.27,0
26.6150,4594.27,0
26.6200,5176.67,0
26.6250,5176.67,0
26.6300,5135.98,0
26.6350,5135.98,0
26.6400,5844.20,0
26.6450,5844.20,0
26.6500,5844.20,0
26.6550,5626.65,0
26.6600,5626.65,0
26.6650,5662.38,0
26.6700,5662.38,0
26.6750,6574.56,0
26.6800,6574.56,0
26.6850,6574.56,0
26.6900,6574.56,0
26.6950,6412.98,0
26.7000,6412.98,0
26.7050,6412.98,0
26.7100,6683.02,0
26.7150,6683.02,0
26.7200,7356.38,0
26.7250,7356.38,0
26.7300,7178.59,0
26.7350,7178.59,0
26.7400,7178.59,0
26.7450,7178.59,0
26.7500,7519.59,0
26.7550,7519.59,0
26.7600,7992.16,0
26.7650,5885.46,0
26.7700,7992.16,0
26.7750,7992.16,0
26.7800,7944.84,0
26.7850,7944.84,0
26.7900,7633.87,0
26.7950,8043.08,0
26.8000,8043.08,0
26.8050,7955.47,0
26.8100,7955.47,0
26.8150,7955.47,0
26.8200,7955.47,0
26.8250,8166.42,0
26.8300,6559.15,0
26.8350,8788.49,0
26.8400,8788.49,0
26.8450,8703.30,0
26.8500,8703.30,0
26.8550,8703.30,0
26.8600,8280.03,0
26.8650,7230.24,0
26.8700,8442.63,0
26.8750,8442.63,0
26.8800,8071.08,0
26.8850,8581.50,0
26.8900,8871.16,0
26.8950,8877.70,0
26.9000,8877.70,0
26.9050,6647.57,0
26.9100,8801.04,0
26.9150,8442.63,0
26.9200,1190.41,0
26.9250,1190.41,0
26.9300,1190.41,0
26.9350,1060.09,0
26.9400,7925.83,0
26.9450,1234.99,0
26.9500,1234.99,0
26.9550,1234.99,0
26.9600,1190.14,0
26.9650,1124.63,0
26.9700,1124.63,0
26.9750,-128.92,0
26.9800,-128.92,0
26.9850,1190.41,0
26.9900,-128.92,0
26.9950,-346.85,0
27.0000,-346.85,0
27.0050,-925.53,0
27.0100,-925.53,0
27.0150,-1115.66,0
27.0200,-1115.66,0
27.0250,-1115.66,0
27.0300,-1115.66,0
27.0350,1235.01,0
27.0400,-1115.66,0
27.0450,-1530.18,0
27.0500,-1530.18,0
27.0550,1965.00,0
27.0600,-2047.74,0
27.0650,-2047.74,0
27.0700,-1290.49,0
27.0750,-1290.49,0
27.0800,-1059.40,0
27.0850,-1059.40,0
27.0900,-2047.74,0
27.0950,-653.20,0
27.1000,-810.66,0
27.1050,-810.66,0
27.1100,-810.66,0
27.1150,-810.66,0
27.1200,-423.42,0
27.1250,-423.42,0
27.1300,-925.35,0
27.1350,-91.69,0
27.1400,547.04,0
27.1450,-351.00,0
27.1500,-121.12,0
27.1550,-121.12,0
27.1600,-121.12,0
27.1650,-121.12,0
27.1700,736.22,0
27.1750,736.22,0
27.1800,359.80,0
27.1850,359.80,0
27.1900,744.82,0
27.1950,744.82,0
27.2000,1224.87,0
27.2050,1224.87,0
27.2100,1249.63,0
27.2150,1249.63,0
27.2200,1592.65,0
27.2250,1620.11,0
27.2300,1620.11,0
27.2350,1671.48,0
27.2400,1671.48,0
27.2450,-155.77,0
27.2500,1409.75,0
27.2550,1409.75,0
27.2600,1510.40,0
27.2650,1510.40,0
27.2700,1510.40,0
27.2750,1700.07,0
27.2800,1967.35,0
27.2850,1967.35,0
27.2900,2190.99,0
27.2950,2190.99,0
27.3000,1632.94,0
27.3050,1632.94,0
27.3100,1632.94,0
27.3150,1632.94,0
27.3200,1588.78,0
27.3250,1588.78,0
27.3300,1469.87,0
27.3350,1469.87,0
27.3400,762.99,0
27.3450,762.99,0
27.3500,762.99,0
27.3550,1588.78,0
27.3600,762.99,0
27.3650,762.99,0
27.3700,1455.52,0
27.3750,1455.52,0
27.3800,1528.80,0
27.3850,1390.90,0
27.3900,1277.25,0
27.3950,1277.25,0
27.4000,1149.08,0
27.4050,1149.08,0
27.4100,1494.80,0
27.4150,1109.19,0
27.4200,1109.19,0
27.4250,1261.90,0
27.4300,1469.86,0
27.4350,1261.90,0
27.4400,1261.90,0
27.4450,1228.49,0
27.4500,1228.49,0
27.4550,1414.23,0
27.4600,1878.16,0
27.4650,1825.04,0
27.4700,1825.04,0
27.4750,1825.04,0
27.4800,1825.04,0
27.4850,1815.29,0
27.4900,1815.29,0
27.4950,1399.50,0
27.5000,1399.50,0
27.5050,2363.17,0
27.5100,2363.17,0
27.5150,1913.41,0
27.5200,1913.41,0
27.5250,1913.41,0
27.5300,1913.41,0
27.5350,1605.19,0
27.5400,1605.19,0
27.5450,1644.06,0
27.5500,1644.06,0
27.5550,1311.85,0
27.5600,1311.85,0
27.5650,1341.66,0
27.5700,1825.06,0
27.5750,580.33,0
27.5800,580.33,0
27.5850,736.53,0
27.5900,736.53,0
27.5950,728.78,0
27.6000,1373.35,0
27.6050,1373.35,0
27.6100,443.44,0
27.6150,1779.49,0
27.6200,443.44,0
27.6250,647.39,0
27.6300,609.64,0
27.6350,609.64,0
27.6400,1436.15,0
27.6450,1966.96,0
27.6500,1293.11,0
27.6550,1293.11,0
27.6600,1290.31,0
27.6650,1290.31,0
27.6700,1290.31,0
27.6750,1290.31,0
27.6800,881.22,0
27.6850,1819.78,0
27.6900,881.22,0
27.6950,881.22,0
27.7000,804.03,0
27.7050,804.03,0
27.7100,1473.71,0
27.7150,1473.71,0
27.7200,1473.71,0
27.7250,1473.71,0
27.7300,647.77,0
27.7350,617.29,0
27.7400,213.10,0
27.7450,-410.33,0
27.7500,-410.33,0
27.7550,-410.33,0
27.7600,-821.72,0
27.7650,-821.72,0
27.7700,-1289.52,0
27.7750,-1289.52,0
27.7800,-1298.05,0
27.7850,-1298.05,0
27.7900,-1403.67,0
27.7950,-410.33,0
27.8000,-1789.52,0
27.8050,-1789.52,0
27.8100,-2232.61,0
27.8150,-2258.96,0
27.8200,-2258.96,0
27.8250,-1731.53,0
27.8300,-1731.53,0
27.8350,-1731.53,0
27.8400,-1882.50,0
27.8450,-2429.28,0
27.8500,-2429.28,0
27.8550,1327.25,0
27.8600,-2427.31,0
27.8650,-1687.34,0
27.8700,-1687.34,0
27.8750,-1687.34,0
27.8800,-1687.34,0
27.8850,-1687.34,0
27.8900,-1883.03,0
27.8950,-1731.53,0
27.9000,-1055.95,0
27.9050,-1902.75,0
27.9100,-1997.77,0
27.9150,-1883.03,0
27.9200,-1997.77,0
27.9250,-1997.77,0
27.9300,-1536.97,0
27.9350,-1536.97,0
27.9400,-1886.05,0
27.9450,-1886.05,0
27.9500,-1536.75,0
27.9550,-1536.75,0
27.9600,-1811.53,0
27.9650,-1811.53,0
27.9700,-1945.10,0
27.9750,-1945.10,0
27.9800,-1748.25,0
27.9850,-1945.10,0
27.9900,-1945.10,0
27.9950,-1952.10,0
28.0000,-1952.10,0
28.0050,-1952.10,0
28.0100,-1988.32,0
28.0150,-1988.32,0
28.0200,-1960.65,0
28.0250,-1960.65,0
28.0300,-1960.65,0
28.0350,-2134.01,0
28.0400,-2134.01,0
28.0450,-2195.18,0
28.0500,-2195.18,0
28.0550,-2338.95,0
28.0600,-2338.95,0
28.0650,-2223.87,0
28.0700,-2223.87,0
28.0750,-1963.28,0
28.0800,-1963.28,0
28.0850,-2012.61,0
28.0900,-2012.61,0
28.0950,-2012.61,0
28.1000,-1952.12,0
28.1050,-1292.02,0
28.1100,-1292.02,0
28.1150,-625.22,0
28.1200,-625.22,0
28.1250,-625.22,0
28.1300,-625.22,0
28.1350,-130.38,0
28.1400,-130.38,0
28.1450,-130.38,0
28.1500,262.61,0
28.1550,262.61,0
28.1600,18.32,0
28.1650,18.32,0
28.1700,18.32,0
28.1750,18.32,0
28.1800,-2097.63,0
28.1850,-435.33,0
28.1900,88.06,0
28.1950,-304.35,0
28.2000,228.47,0
28.2050,228.47,0
28.2100,-1024.90,0
28.2150,356.63,0
28.2200,356.63,0
28.2250,-2218.21,0
28.2300,262.59,0
28.2350,5.16,0
28.2400,-1885.78,0
28.2450,495.76,0
28.2500,135.63,0
28.2550,226.65,0
28.2600,176.93,0
28.2650,120.53,0
28.2700,48.86,0
28.2750,48.86,0
28.2800,48.86,0
28.2850,315.57,0
28.2900,-144.99,0
28.2950,1096.96,0
28.3000,213.51,0
28.3050,1398.91,0
28.3100,1346.19,0
28.3150,1346.19,0
28.3200,965.42,0
28.3250,965.42,0
28.3300,1126.37,0
28.3350,1126.37,0
28.3400,1349.68,0
28.3450,1349.68,0
28.3500,1059.55,0
28.3550,1059.55,0
28.3600,965.42,0
28.3650,1629.55,0
28.3700,1464.67,0
28.3750,1464.67,0
28.3800,786.41,0
28.3850,786.41,0
28.3900,786.41,0
28.3950,786.41,0
28.4000,1059.55,0
28.4050,1507.53,0
28.4100,1124.01,0
28.4150,1124.01,0
28.4200,181.32,0
28.4250,558.11,0
28.4300,1506.02,0
28.4350,925.10,0
28.4400,925.10,0
28.4450,515.04,0
28.4500,459.62,0
28.4550,-64.79,0
28.4600,-64.79,0
28.4650,184.24,0
28.4700,298.40,0
28.4750,298.40,0
28.4800,298.40,0
28.4850,-314.51,0
28.4900,-536.26,0
28.4950,1464.86,0
28.5000,-536.26,0
28.5050,60.61,0
28.5100,-777.29,0
28.5150,-858.02,0
28.5200,-858.02,0
28.5250,-969.89,0
28.5300,-969.89,0
28.5350,-1363.61,0
28.5400,-1363.61,0
28.5450,-1630.72,0
28.5500,-1561.35,0
28.5550,-1561.35,0
28.5600,-1561.35,0
28.5650,-1561.35,0
28.5700,-2170.44,0
28.5750,-2170.44,0
28.5800,-2808.60,0
28.5850,-2808.60,0
28.5900,-1630.72,0
28.5950,-2164.24,0
28.6000,-1916.37,0
28.6050,-1916.37,0
28.6100,-2498.44,0
28.6150,-2498.44,0
28.6200,-2498.44,0
28.6250,-2736.78,0
28.6300,-2164.24,0
28.6350,-2928.58,0
28.6400,-2170.44,0
28.6450,-969.92,0
28.6500,-3112.58,0
28.6550,-3233.29,0
28.6600,-3269.25,0
28.6650,-1887.73,0
28.6700,-1887.73,0
28.6750,-1887.73,0
28.6800,-2182.59,0
28.6850,-2182.59,0
28.6900,-2068.55,0
28.6950,-2068.55,0
28.7000,-1692.84,0
28.7050,-1692.84,0
28.7100,-1538.45,0
28.7150,-1538.45,0
28.7200,-1538.45,0
28.7250,-1538.45,0
28.7300,-937.99,0
28.7350,-3233.28,0
28.7400,-1229.68,0
28.7450,-1229.68,0
28.7500,-1670.77,0
28.7550,-1229.68,0
28.7600,-806.05,0
28.7650,-2489.64,0
28.7700,-2374.45,0
28.7750,-2374.45,0
28.7800,-1843.20,0
28.7850,-1843.20,0
28.7900,-1804.27,0
28.7950,-1804.27,0
28.8000,-1696.75,0
28.8050,-1696.75,0
28.8100,-3070.48,0
28.8150,-1412.79,0
28.8200,-2077.27,0
28.8250,-2077.27,0
28.8300,-2609.31,0
28.8350,-1641.87,0
28.8400,-2157.30,0
28.8450,-2157.30,0
28.8500,-1625.31,0
28.8550,-1625.31,0
28.8600,-2387.22,0
28.8650,-2387.22,0
28.8700,-2387.22,0
28.8750,-2387.22,0
28.8800,-1941.78,0
28.8850,-1941.78,0
28.8900,-2130.83,0
28.8950,-2130.83,0
28.9000,-1461.17,0
28.9050,-1431.79,0
28.9100,-1431.79,0
28.9150,-1431.79,0
28.9200,-1431.79,0
28.9250,-216.24,0
28.9300,-216.24,0
28.9350,-466.94,0
28.9400,-466.94,0
28.9450,-466.94,0
28.9500,370.52,0
28.9550,724.12,0
28.9600,724.12,0
28.9650,987.72,0
28.9700,878.30,0
28.9750,-2130.86,0
28.9800,592.17,0
28.9850,592.17,0
28.9900,264.35,0
28.9950,-2128.70,0
29.0000,231.36,0
29.0050,231.36,0
29.0100,1185.92,0
29.0150,1185.92,0
29.0200,1313.77,0
29.0250,1415.93,0
29.0300,1415.93,0
29.0350,1415.93,0
29.0400,1415.93,0
29.0450,1415.93,0
29.0500,-2517.56,0
29.0550,1059.19,0
29.0600,1248.71,0
29.0650,1248.71,0
29.0700,1279.85,0
29.0750,1279.85,0
29.0800,1441.22,0
29.0850,1441.22,0
29.0900,1441.22,0
29.0950,1441.22,0
29.1000,1520.64,0
29.1050,1501.07,0
29.1100,-941.94,0
29.1150,1309.16,0
29.1200,1309.16,0
29.1250,1309.16,0
29.1300,1441.22,0
29.1350,1239.86,0
29.1400,882.75,0
29.1450,1563.74,0
29.1500,1563.74,0
29.1550,123.43,0
29.1600,1532.96,0
29.1650,1497.30,0
29.1700,1497.30,0
29.1750,1559.89,0
29.1800,1559.89,0
29.1850,1564.89,0
29.1900,1564.89,0
29.1950,1539.36,0
29.2000,1539.36,0
29.2050,1565.42,0
29.2100,1565.42,0
29.2150,625.49,0
29.2200,1364.01,0
29.2250,1512.53,0
29.2300,1512.53,0
29.2350,1869.09,0
29.2400,1869.09,0
29.2450,1060.16,0
29.2500,1060.16,0
29.2550,1574.64,0
29.2600,1060.16,0
29.2650,1588.48,0
29.2700,1588.48,0
29.2750,1323.09,0
29.2800,1323.09,0
29.2850,1323.09,1
29.2900,1507.86,0
29.2950,1679.06,0
29.3000,1588.48,0
29.3050,1181.39,0
29.3100,1104.26,0
29.3150,1060.16,0
29.3200,1550.62,0
29.3250,1022.06,0
29.3300,1022.06,0
29.3350,1385.50,0
29.3400,1385.50,0
29.3450,1022.06,0
29.3500,894.15,0
29.3550,894.15,0
29.3600,894.15,0
29.3650,1432.16,0
29.3700,902.58,0
29.3750,-1512.63,0
29.3800,-1512.63,0
29.3850,-1855.16,0
29.3900,-1855.16,0
29.3950,-1855.16,0
29.4000,-1855.16,0
29.4050,-1572.67,0
29.4100,1679.04,0
29.4150,-1430.85,0
29.4200,-1331.84,0
29.4250,-1331.84,0
29.4300,1267.81,0
29.4350,-1788.19,0
29.4400,-1162.18,0
29.4450,-1788.19,0
29.4500,-1788.19,0
29.4550,1311.35,0
29.4600,-1176.12,0
29.4650,-1007.57,0
29.4700,-717.21,0
29.4750,-717.21,0
29.4800,-416.86,0
29.4850,-416.86,0
29.4900,-416.86,0
29.4950,-416.86,0
29.5000,-250.58,0
29.5050,-250.58,0
29.5100,-383.68,0
29.5150,-383.68,0
29.5200,-600.05,0
29.5250,-600.05,0
29.5300,-1034.80,0
29.5350,-1034.80,0
29.5400,-801.01,0
29.5450,-801.01,0
29.5500,-160.37,0
29.5550,-226.00,0
29.5600,537.07,0
29.5650,537.07,0
29.5700,-745.48,0
29.5750,-1412.71,0
29.5800,508.24,0
29.5850,508.24,0
29.5900,237.62,0
29.5950,237.62,0
29.6000,-455.88,0
29.6050,-455.88,0
29.6100,-455.88,0
29.6150,-455.88,0
29.6200,-376.61,0
29.6250,-376.61,0
29.6300,-100.57,0
29.6350,-100.57,0
29.6400,-827.12,0
29.6450,-523.22,0
29.6500,-1120.15,0
29.6550,-1120.15,0
29.6600,-1517.03,0
29.6650,-1517.03,0
29.6700,-1595.04,0
29.6750,-258.45,0
29.6800,-1244.77,0
29.6850,-1244.77,0
29.6900,-1244.77,0
29.6950,-1244.77,0
29.7000,-1228.56,0
29.7050,-1228.56,0
29.7100,-1907.59,0
29.7150,-1907.59,0
29.7200,-1224.41,0
29.7250,-1907.59,0
29.7300,-1986.36,0
29.7350,-1986.36,0
29.7400,-2167.49,0
29.7450,-2167.49,0
29.7500,8.24,0
29.7550,-1799.78,0
29.7600,-2049.72,0
29.7650,-2049.72,0
29.7700,-2170.38,0
29.7750,-2170.38,0
29.7800,-1228.57,0
29.7850,-1970.37,0
29.7900,-1665.46,0
29.7950,-1665.46,0
29.8000,-2130.48,0
29.8050,-2130.48,0
29.8100,-2176.92,0
29.8150,-2176.92,0
29.8200,-2418.78,0
29.8250,-2418.78,0
29.8300,-2584.38,0
29.8350,-2657.17,0
29.8400,-2657.17,0
29.8450,-1276.74,0
29.8500,-2495.74,0
29.8550,-2495.74,0
29.8600,-2495.74,0
29.8650,-2495.74,0
29.8700,-2495.74,0
29.8750,-1876.27,0
29.8800,-1876.27,0
29.8850,-1809.86,0
29.8900,-1809.86,0
29.8950,-2255.14,0
29.9000,-2255.14,0
29.9050,-2115.44,0
29.9100,-2115.44,0
29.9150,-1751.28,0
29.9200,-1751.28,0
29.9250,-1751.28,0
29.9300,-1751.28,0
29.9350,-2090.86,0
29.9400,-2090.86,0
29.9450,-1715.43,0
29.9500,-1715.43,0
29.9550,-1932.51,0
29.9600,-1932.51,0
29.9650,-1439.69,0
29.9700,-1439.69,0
29.9750,-1439.69,0
29.9800,-1439.69,0
29.9850,-660.68,0
29.9900,-660.68,0
29.9950,-978.49,0
30.0000,-978.49,0
30.0050,-545.98,0
30.0100,-545.98,0
30.0150,25.91,0
30.0200,25.91,0
30.0250,25.91,0
30.0300,25.91,0
30.0350,152.57,0
30.0400,152.57,0
30.0450,554.98,0
30.0500,1139.94,0
30.0550,1139.94,0
30.0600,1465.51,0
30.0650,1465.51,0
30.0700,1465.51,0
30.0750,1465.51,0
30.0800,1540.52,0
30.0850,1540.52,0
30.0900,1672.84,0
30.0950,1139.94,0
30.1000,-1450.47,0
30.1050,-867.27,0
30.1100,-1896.25,0
30.1150,1730.38,0
30.1200,1730.38,0
30.1250,1730.38,0
30.1300,1730.38,0
30.1350,1706.81,0
30.1400,1706.81,0
30.1450,1706.81,0
30.1500,1968.51,0
30.1550,1419.85,0
30.1600,1260.47,0
30.1650,1260.47,0
30.1700,1260.47,0
30.1750,1260.47,0
30.1800,899.95,0
30.1850,899.95,0
30.1900,-46.90,0
30.1950,-46.90,0
30.2000,-593.37,0
30.2050,-593.37,0
30.2100,-593.37,0
30.2150,-217.97,0
30.2200,-217.97,0
30.2250,-603.10,0
30.2300,-603.10,0
30.2350,-321.62,0
30.2400,-321.62,0
30.2450,-234.43,0
30.2500,1978.57,0
30.2550,-234.43,0
30.2600,-234.43,0
30.2650,-140.53,0
30.2700,-140.53,0
30.2750,-255.99,0
30.2800,-255.99,0
30.2850,900.05,0
30.2900,386.82,0
30.2950,501.29,0
30.3000,-97.76,0
30.3050,1125.74,0
30.3100,1125.74,0
30.3150,1765.69,0
30.3200,1765.69,0
30.3250,1909.16,0
30.3300,1821.00,0
30.3350,912.91,0
30.3400,1901.93,0
30.3450,-140.54,0
30.3500,1935.26,0
30.3550,1935.26,0
30.3600,1941.52,0
30.3650,1914.52,0
30.3700,2038.47,0
30.3750,1125.74,0
30.3800,2038.47,0
30.3850,2038.47,0
30.3900,1983.23,0
30.3950,1983.23,0
30.4000,1935.16,0
30.4050,1961.11,0
30.4100,1961.11,0
30.4150,1890.57,0
30.4200,2055.49,0
30.4250,1948.24,0
30.4300,1948.24,0
30.4350,2016.88,0
30.4400,1935.25,0
30.4450,1921.15,0
30.4500,1981.75,0
30.4550,2173.88,0
30.4600,1921.15,0
30.4650,2141.47,0
30.4700,2141.47,0
30.4750,2141.47,0
30.4800,2141.47,0
30.4850,2194.32,0
30.4900,2194.32,0
30.4950,2057.32,0
30.5000,1837.54,0
30.5050,2088.47,0
30.5100,2088.47,0
30.5150,2222.44,0
30.5200,2222.44,0
30.5250,2491.55,0
30.5300,2491.55,0
30.5350,2767.17,0
30.5400,2767.17,0
30.5450,2428.71,0
30.5500,2428.71,0
30.5550,1423.26,0
30.5600,1423.26,0
30.5650,1556.18,0
30.5700,1556.18,0
30.5750,1556.18,0
30.5800,1556.18,0
30.5850,1986.63,0
30.5900,1986.63,0
30.5950,2113.38,0
30.6000,2132.82,0
30.6050,2124.11,0
30.6100,2017.14,0
30.6150,2017.14,0
30.6200,2017.14,0
30.6250,2193.08,0
30.6300,2124.11,0
30.6350,2146.31,0
30.6400,2187.25,0
30.6450,2767.28,0
30.6500,2194.15,0
30.6550,2194.15,0
30.6600,2116.01,0
30.6650,2060.24,0
30.6700,2063.23,0
30.6750,2693.80,0
30.6800,1947.15,0
30.6850,1947.15,0
30.6900,1908.00,0
30.6950,1908.00,0
30.7000,2331.53,0
30.7050,2116.01,0
30.7100,1835.32,0
30.7150,1835.32,0
30.7200,1869.84,0
30.7250,1869.84,0
30.7300,1796.23,0
30.7350,1796.23,0
30.7400,1796.23,0
30.7450,1796.23,0
30.7500,1796.23,0
30.7550,1832.45,0
30.7600,1846.26,0
30.7650,1846.26,0
30.7700,1913.71,0
30.7750,1913.71,0
30.7800,1913.71,0
30.7850,1898.07,0
30.7900,1898.07,0
30.7950,1898.07,0
30.8000,1898.07,0
30.8050,1898.07,0
30.8100,1898.07,0
30.8150,1982.65,0
30.8200,1905.70,0
30.8250,1921.34,0
30.8300,1921.34,0
30.8350,1992.81,0
30.8400,1992.81,0
30.8450,1992.81,0
30.8500,1992.81,0
30.8550,2012.14,0
30.8600,2012.14,0
30.8650,1932.64,0
30.8700,1932.64,0
30.8750,1915.22,0
30.8800,1891.75,0
30.8850,1675.16,0
30.8900,1891.75,0
30.8950,1895.99,0
30.9000,1891.75,0
30.9050,1981.52,0
30.9100,1981.52,0
30.9150,1964.79,0
30.9200,1899.34,0
30.9250,1844.64,0
30.9300,1899.34,0
30.9350,1866.32,0
30.9400,1956.53,0
30.9450,1956.53,0
30.9500,2103.85,0
30.9550,2103.85,0
30.9600,2296.90,0
30.9650,2296.90,0
30.9700,2920.59,0
30.9750,2920.59,0
30.9800,2879.02,0
30.9850,2879.02,0
30.9900,3057.36,0
30.9950,3057.36,0
31.0000,2759.18,0
31.0050,2759.18,0
31.0100,2093.83,0
31.0150,2093.83,0
31.0200,2093.83,0
31.0250,2093.83,0
31.0300,2362.52,0
31.0350,1942.21,0
31.0400,2477.89,0
31.0450,2477.89,0
31.0500,2558.40,0
31.0550,2477.89,0
31.0600,3057.36,0
31.0650,2956.01,0
31.0700,3187.77,0
31.0750,3187.77,0
31.0800,3056.66,0
31.0850,3098.20,0
31.0900,3767.70,0
31.0950,3767.70,0
31.1000,2956.01,0
31.1050,3884.83,0
31.1100,3496.97,0
31.1150,3496.97,0
31.1200,2973.57,0
31.1250,2973.57,0
31.1300,3331.78,0
31.1350,3331.78,0
31.1400,3582.81,0
31.1450,3845.10,0
31.1500,3845.10,0
31.1550,4093.26,0
31.1600,4093.26,0
31.1650,4093.26,0
31.1700,4093.26,0
31.1750,4093.26,0
31.1800,3694.38,0
31.1850,3694.38,0
31.1900,4254.83,0
31.1950,4254.83,0
31.2000,4303.61,0
31.2050,3581.34,0
31.2100,3581.34,0
31.2150,3581.34,0
31.2200,3581.34,0
31.2250,3581.34,0
31.2300,3416.81,0
31.2350,3416.81,0
31.2400,3034.12,0
31.2450,3034.12,0
31.2500,2923.24,0
31.2550,2923.24,0
31.2600,3977.01,0
31.2650,2374.88,0
31.2700,2374.88,0
31.2750,2374.88,0
31.2800,2151.84,0
31.2850,3322.64,0
31.2900,2403.90,0
31.2950,2403.90,0
31.3000,2497.76,0
31.3050,2386.19,0
31.3100,2637.90,0
31.3150,2637.90,0
31.3200,2637.90,0
31.3250,2637.90,0
31.3300,3397.29,0
31.3350,2985.04,0
31.3400,2985.04,0
31.3450,2985.04,0
31.3500,2573.88,0
31.3550,3068.68,0
31.3600,3068.68,0
31.3650,3362.74,0
31.3700,3362.74,0
31.3750,3091.23,0
31.3800,3091.23,0
31.3850,3452.18,0
31.3900,3452.18,0
31.3950,3982.11,0
31.4000,3982.11,0
31.4050,4240.76,0
31.4100,4240.76,0
31.4150,4012.46,0
31.4200,4240.76,0
31.4250,4350.53,0
31.4300,4350.53,0
31.4350,4402.29,0
31.4400,4402.29,0
31.4450,4212.46,0
31.4500,2488.18,0
31.4550,4601.89,0
31.4600,4601.89,0
31.4650,4997.90,0
31.4700,4997.90,0
31.4750,4721.73,0
31.4800,4721.73,0
31.4850,4721.73,0
31.4900,4861.49,0
31.4950,4861.49,0
31.5000,4844.73,0
31.5050,4844.73,0
31.5100,4844.73,0
31.5150,4844.73,0
31.5200,4855.62,0
31.5250,4855.62,0
31.5300,4915.19,0
31.5350,4915.19,0
31.5400,4969.19,0
31.5450,4969.19,0
31.5500,4984.36,0
31.5550,4984.36,0
31.5600,5008.00,0
31.5650,5008.00,0
31.5700,5008.00,0
31.5750,5038.29,0
31.5800,5038.29,0
31.5850,3379.43,0
31.5900,4985.02,0
31.5950,5002.93,0
31.6000,5002.93,0
31.6050,5001.84,0
31.6100,5001.84,0
31.6150,5068.47,0
31.6200,5024.71,0
31.6250,5080.83,0
31.6300,4984.37,0
31.6350,5132.60,0
31.6400,5036.89,0
31.6450,5018.99,0
31.6500,5342.16,0
31.6550,5342.16,0
31.6600,5569.96,0
31.6650,5767.73,0
31.6700,5767.73,0
31.6750,5483.50,0
31.6800,5483.50,0
31.6850,5483.50,0
31.6900,5483.50,0
31.6950,4965.59,0
31.7000,4823.81,0
31.7050,4823.81,0
31.7100,4823.81,0
31.7150,4955.94,0
31.7200,4955.94,0
31.7250,4980.15,0
31.7300,4980.15,0
31.7350,4980.15,0
31.7400,4980.15,0
31.7450,4728.61,0
31.7500,4728.61,0
31.7550,4659.16,0
31.7600,4659.16,0
31.7650,4469.60,0
31.7700,4469.60,0
31.7750,4561.75,0
31.7800,4561.75,0
31.7850,4442.76,0
31.7900,4324.13,0
31.7950,4324.13,0
31.8000,4324.13,0
31.8050,5732.40,0
31.8100,4340.16,0
31.8150,4340.16,0
31.8200,4990.04,0
31.8250,4641.83,0
31.8300,4641.83,0
31.8350,4641.83,0
31.8400,4697.60,0
31.8450,543.66,0
31.8500,4426.22,0
31.8550,401.90,0
31.8600,401.90,0
31.8650,208.10,0
31.8700,5638.65,0
31.8750,-130.99,0
31.8800,-130.99,0
31.8850,-14.44,0
31.8900,-14.44,0
31.8950,-14.44,0
31.9000,4911.52,0
31.9050,41.66,0
31.9100,41.66,0
31.9150,9.68,0
31.9200,9.68,0
31.9250,-126.07,0
31.9300,-126.07,0
31.9350,-174.85,0
31.9400,-174.85,0
31.9450,-174.85,0
31.9500,-174.85,0
31.9550,-174.85,0
31.9600,-174.85,0
31.9650,29.67,0
31.9700,29.67,0
31.9750,49.74,0
31.9800,49.74,0
31.9850,4078.89,0
31.9900,-66.74,0
31.9950,-66.74,0
32.0000,-66.74,0
32.0050,-66.74,0
32.0100,-66.74,0
32.0150,22.26,0
32.0200,-74.41,0
32.0250,53.52,0
32.0300,53.52,0
32.0350,89.50,0
32.0400,89.50,0
32.0450,98.79,0
32.0500,98.79,0
32.0550,98.79,0
32.0600,98.79,0
32.0650,102.21,0
32.0700,142.27,0
32.0750,22.29,0
32.0800,197.19,0
32.0850,213.88,0
32.0900,119.80,0
32.0950,119.80,0
32.1000,119.80,0
32.1050,-53.38,0
32.1100,-53.38,0
32.1150,-53.38,0
32.1200,-53.38,0
32.1250,25.50,0
32.1300,15.98,0
32.1350,15.98,0
32.1400,0.58,0
32.1450,0.58,0
32.1500,-9.22,0
32.1550,-18.82,0
32.1600,-9.22,0
32.1650,-9.22,0
32.1700,-9.22,0
32.1750,-6.21,0
32.1800,66.76,0
32.1850,66.76,0
32.1900,107.10,0
32.1950,107.10,0
32.2000,-5.18,0
32.2050,-5.18,0
32.2100,13.18,0
32.2150,-5.18,0
32.2200,-138.80,0
32.2250,-138.80,0
32.2300,-345.26,0
32.2350,-345.26,0
32.2400,-345.26,0
32.2450,-461.50,0
32.2500,-461.50,0
32.2550,-359.80,0
32.2600,-604.38,0
32.2650,-604.38,0
32.2700,-604.38,0
32.2750,-777.66,0
32.2800,-777.66,0
32.2850,-892.42,0
32.2900,-892.42,0
32.2950,-407.05,0
32.3000,-407.05,0
32.3050,22.51,0
32.3100,-475.35,0
32.3150,-386.57,0
32.3200,-386.57,0
32.3250,-966.39,0
32.3300,-966.39,0
32.3350,-844.12,0
32.3400,-844.12,0
32.3450,-673.25,0
32.3500,-673.25,0
32.3550,-34.53,0
32.3600,-465.95,0
32.3650,-465.95,0
32.3700,-465.95,0
32.3750,-465.95,0
32.3800,-465.95,0
32.3850,-907.60,0
32.3900,-907.60,0
32.3950,-333.66,0
32.4000,-333.66,0
32.4050,-26.03,0
32.4100,-26.03,0
32.4150,396.49,0
32.4200,396.49,0
32.4250,303.28,0
32.4300,303.28,0
32.4350,303.28,0
32.4400,303.28,0
32.4450,880.88,0
32.4500,880.88,0
32.4550,-386.17,0
32.4600,1323.39,0
32.4650,1323.39,0
32.4700,1493.79,0
32.4750,1493.79,0
32.4800,1493.79,0
32.4850,1493.79,0
32.4900,1096.91,0
32.4950,1096.91,0
32.5000,1385.14,0
32.5050,1385.14,0
32.5100,1530.79,0
32.5150,1530.79,0
32.5200,977.84,0
32.5250,977.84,0
32.5300,977.84,0
32.5350,977.84,0
32.5400,1257.96,0
32.5450,1432.90,0
32.5500,1333.73,0
32.5550,1333.73,0
32.5600,1093.53,0
32.5650,1093.53,0
32.5700,1484.57,0
32.5750,1484.57,0
32.5800,1484.57,0
32.5850,1323.83,0
32.5900,2009.45,0
32.5950,2009.45,0
32.6000,1971.21,0
32.6050,1971.21,0
32.6100,1971.21,0
32.6150,1971.21,0
32.6200,1971.21,0
32.6250,1971.21,0
32.6300,2199.66,0
32.6350,291.69,0
32.6400,872.28,0
32.6450,1386.39,0
32.6500,1900.54,0
32.6550,1900.54,0
32.6600,1641.28,0
32.6650,556.88,0
32.6700,665.06,0
32.6750,665.06,0
32.6800,665.06,0
32.6850,1000.24,0
32.6900,1000.24,0
32.6950,2488.40,0
32.7000,2059.12,0
32.7050,2554.48,0
32.7100,2554.48,0
32.7150,2846.80,0
32.7200,2846.80,0
32.7250,3384.40,0
32.7300,3384.40,0
32.7350,3515.43,0
32.7400,3515.43,0
32.7450,3503.04,0
32.7500,3503.04,0
32.7550,3825.29,0
32.7600,2061.49,0
32.7650,3569.92,0
32.7700,3569.92,0
32.7750,3717.65,0
32.7800,3717.65,0
32.7850,3717.65,0
32.7900,2661.80,0
32.7950,2661.80,0
32.8000,2661.80,0
32.8050,3684.07,0
32.8100,3684.07,0
32.8150,3684.07,0
32.8200,2488.52,0
32.8250,499.49,0
32.8300,3684.07,0
32.8350,2752.72,0
32.8400,3676.95,0
32.8450,3676.95,0
32.8500,3676.95,0
32.8550,3676.95,0
32.8600,3676.95,0
32.8650,830.90,0
32.8700,3676.95,0
32.8750,3872.54,0
32.8800,3872.54,0
32.8850,4204.22,0
32.8900,4204.22,0
32.8950,4821.94,0
32.9000,4821.94,0
32.9050,4298.97,0
32.9100,4298.97,0
32.9150,3813.66,0
32.9200,3562.02,0
32.9250,3762.14,0
32.9300,4371.09,0
32.9350,4371.09,0
32.9400,5517.05,0
32.9450,5517.05,0
32.9500,2999.45,0
32.9550,5663.35,0
32.9600,4703.71,0
32.9650,5663.35,0
32.9700,4375.99,0
32.9750,4375.99,0
32.9800,4246.34,0
32.9850,4246.34,0
32.9900,3852.70,0
32.9950,3852.70,0
33.0000,3844.59,0
33.0050,3844.59,0
33.0100,4421.87,0
33.0150,2450.80,0
33.0200,4500.60,0
33.0250,4500.60,0
33.0300,4375.99,0
33.0350,4500.60,0
33.0400,4345.47,0
33.0450,4345.47,0
33.0500,4038.56,0
33.0550,4038.56,0
33.0600,3625.01,0
33.0650,3625.01,0
33.0700,3625.01,0
33.0750,4166.65,0
33.0800,3852.68,0
33.0850,4689.22,0
33.0900,3766.26,0
33.0950,3985.34,0
33.1000,3985.34,0
33.1050,4109.60,0
33.1100,4109.60,0
33.1150,3853.83,0
33.1200,5394.58,0
33.1250,5736.36,0
33.1300,5736.36,0
33.1350,5696.20,0
33.1400,5696.20,0
33.1450,5653.41,0
33.1500,5653.41,0
33.1550,5653.41,0
33.1600,5653.41,0
33.1650,3773.66,0
33.1700,4391.92,0
33.1750,5874.00,0
33.1800,5874.00,0
33.1850,5526.46,0
33.1900,5526.46,0
33.1950,5904.51,0
33.2000,5904.51,0
33.2050,5904.51,0
33.2100,5904.51,0
33.2150,5866.40,0
33.2200,5866.40,0
33.2250,3718.93,0
33.2300,6004.11,0
33.2350,5593.80,0
33.2400,5593.80,0
33.2450,6101.31,0
33.2500,5535.52,0
33.2550,6101.31,0
33.2600,6101.31,0
33.2650,6682.67,0
33.2700,6682.67,0
33.2750,6682.67,0
33.2800,6259.18,0
33.2850,6259.18,0
33.2900,6374.73,0
33.2950,6374.73,0
33.3000,6374.73,0
33.3050,6439.60,0
33.3100,6310.25,0
33.3150,6310.25,0
33.3200,6310.25,0
33.3250,5657.65,0
33.3300,5657.65,0
33.3350,6605.76,0
33.3400,6605.76,0
33.3450,5862.85,0
33.3500,6875.20,0
33.3550,6377.12,0
33.3600,6377.12,0
33.3650,5623.32,0
33.3700,5623.32,0
33.3750,6207.08,0
33.3800,6207.08,0
33.3850,6828.11,0
33.3900,5623.32,0
33.3950,6373.80,0
33.4000,6373.80,0
33.4050,6373.80,0
33.4100,6373.80,0
33.4150,5795.63,0
33.4200,6642.20,0
33.4250,6642.20,0
33.4300,6642.20,0
33.4350,6356.85,0
33.4400,6356.85,0
33.4450,5622.24,0
33.4500,5823.90,0
33.4550,6182.97,0
33.4600,6182.97,0
33.4650,5848.13,0
33.4700,5848.13,0
33.4750,-916.61,0
33.4800,-1305.44,0
33.4850,-1305.44,0
33.4900,-444.52,0
33.4950,-444.52,0
33.5000,-916.61,0
33.5050,-176.01,0
33.5100,-176.01,0
33.5150,-176.01,0
33.5200,-176.01,0
33.5250,-176.01,0
33.5300,104.88,0
33.5350,104.88,0
33.5400,766.45,0
33.5450,766.45,0
33.5500,1384.49,0
33.5550,1384.49,0
33.5600,1384.49,0
33.5650,1384.49,0
33.5700,880.67,0
33.5750,880.67,0
33.5800,1595.44,0
33.5850,1595.44,0
33.5900,1752.67,0
33.5950,1752.67,0
33.6000,2992.41,0
33.6050,2992.41,0
33.6100,2992.41,0
33.6150,2992.41,0
33.6200,3507.54,0
33.6250,3507.54,0
33.6300,3693.21,0
33.6350,3693.21,0
33.6400,3986.93,0
33.6450,3807.60,0
33.6500,3807.60,0
33.6550,3807.60,0
33.6600,3693.21,0
33.6650,4664.37,0
33.6700,4664.37,0
33.6750,4529.77,0
33.6800,5381.76,0
33.6850,5839.40,0
33.6900,5839.40,0
33.6950,6509.59,0
33.7000,6509.59,0
33.7050,6509.59,0
33.7100,3155.04,0
33.7150,6646.70,0
33.7200,7377.37,0
33.7250,1752.42,0
33.7300,7377.37,0
33.7350,7792.58,0
33.7400,4914.45,0
33.7450,8638.28,0
33.7500,1283.92,0
33.7550,9343.47,0
33.7600,9343.47,0
33.7650,9903.16,0
33.7700,9903.16,0
33.7750,9778.97,0
33.7800,3045.98,0
33.7850,10587.40,0
33.7900,10587.40,0
33.7950,11207.55,0
33.8000,6646.73,0
33.8050,10824.47,0
33.8100,11207.55,0
33.8150,11207.55,0
33.8200,11207.55,0
33.8250,11207.55,0
33.8300,11609.00,0
33.8350,11609.00,0
33.8400,12177.64,0
33.8450,12177.64,0
33.8500,11867.47,0
33.8550,11867.47,0
33.8600,11867.47,0
33.8650,11561.83,0
33.8700,12518.43,0
33.8750,12518.43,0
33.8800,12518.43,0
33.8850,12518.43,0
33.8900,12518.43,0
33.8950,12621.59,0
33.9000,12621.59,0
33.9050,12621.59,0
33.9100,13465.75,0
33.9150,13465.75,0
33.9200,14071.64,0
33.9250,14071.64,0
33.9300,13778.53,0
33.9350,13602.88,0
33.9400,13472.40,0
33.9450,13602.88,0
33.9500,10556.56,0
33.9550,15072.93,0
33.9600,15072.93,0
33.9650,14741.39,0
33.9700,14741.39,0
33.9750,14582.88,0
33.9800,14582.88,0
33.9850,15286.83,0
33.9900,15286.83,0
33.9950,15395.92,0
34.0000,15395.92,0
34.0050,12543.54,0
34.0100,15668.61,0
34.0150,15547.00,0
34.0200,15547.00,0
34.0250,16404.62,0
34.0300,16404.62,0
34.0350,13018.27,0
34.0400,17029.18,0
34.0450,17029.18,0
34.0500,17029.18,0
34.0550,17029.18,0
34.0600,16541.11,0
34.0650,16541.11,0
34.0700,17234.30,0
34.0750,17234.30,0
34.0800,13482.39,0
34.0850,16947.13,0
34.0900,15065.24,0
34.0950,17719.27,0
34.1000,17494.42,0
34.1050,17560.37,0
34.1100,18203.88,0
34.1150,18336.56,0
34.1200,18336.56,0
34.1250,18203.88,0
34.1300,17496.37,0
34.1350,17496.37,0
34.1400,19864.32,0
34.1450,19864.32,0
34.1500,19864.32,0
34.1550,20663.21,0
34.1600,20663.21,0
34.1650,20663.21,0
34.1700,20663.21,0
34.1750,20663.21,0
34.1800,20663.21,0
34.1850,20663.21,0
34.1900,20663.21,0
34.1950,20008.18,0
34.2000,15991.90,0
34.2050,15320.09,0
34.2100,19847.93,0
34.2150,19847.93,0
34.2200,20708.49,0
34.2250,20708.49,0
34.2300,20753.36,0
34.2350,16988.13,0
34.2400,20529.57,0
34.2450,20529.57,0
34.2500,20498.48,0
34.2550,20498.48,0
34.2600,20498.48,0
34.2650,20498.48,0
34.2700,20535.93,0
34.2750,20535.93,0
34.2800,168.04,0
34.2850,168.04,0
34.2900,168.04,1
34.2950,168.04,0
34.3000,-404.48,0
34.3050,-404.48,0
34.3100,-35.95,0
34.3150,-35.95,0
34.3200,1.44,0
34.3250,1.44,0
34.3300,220.30,0
34.3350,220.30,0
34.3400,296.39,0
34.3450,296.39,0
34.3500,296.39,0
34.3550,296.39,0
34.3600,10824.57,0
34.3650,-37.76,0
34.3700,-37.76,0
34.3750,-25.12,0
34.3800,-25.12,0
34.3850,16.56,0
34.3900,16.56,0
34.3950,80.07,0
34.4000,80.07,0
34.4050,8.14,0
34.4100,8.14,0
34.4150,80.79,0
34.4200,80.79,0
34.4250,3.71,0
34.4300,3.71,0
34.4350,104.42,0
34.4400,55.66,0
34.4450,2.55,0
34.4500,2.55,0
34.4550,1754.48,0
34.4600,16.61,0
34.4650,127.71,0
34.4700,61.13,0
34.4750,61.13,0
34.4800,32.67,0
34.4850,32.67,0
34.4900,116.01,0
34.4950,116.01,0
34.5000,2.55,0
34.5050,52.71,0
34.5100,48.91,0
34.5150,48.91,0
34.5200,48.91,0
34.5250,62.09,0
34.5300,62.09,0
34.5350,-24.76,0
34.5400,-12.72,0
34.5450,-53.91,0
34.5500,-53.91,0
34.5550,-27.46,0
34.5600,-31.22,0
34.5650,-31.22,0
34.5700,-31.22,0
34.5750,-31.22,0
34.5800,-31.22,0
34.5850,37.13,0
34.5900,78.53,0
34.5950,62.79,0
34.6000,52.25,0
34.6050,89.80,0
34.6100,89.80,0
34.6150,68.46,0
34.6200,88.54,0
34.6250,89.80,0
34.6300,275.57,0
34.6350,275.57,0
34.6400,275.57,0
34.6450,1929.52,0
34.6500,78.53,0
34.6550,1018.98,0
34.6600,1018.98,0
34.6650,863.75,0
34.6700,863.75,0
34.6750,1334.74,0
34.6800,1334.74,0
34.6850,1303.20,0
34.6900,1303.20,0
34.6950,1571.18,0
34.7000,1303.20,0
34.7050,-211.14,0
34.7100,-211.14,0
34.7150,-211.14,0
34.7200,-211.14,0
34.7250,75.36,0
34.7300,-557.79,0
34.7350,-557.79,0
34.7400,-557.79,0
34.7450,-557.79,0
34.7500,-557.79,0
34.7550,-654.47,0
34.7600,-654.47,0
34.7650,-267.34,0
34.7700,-267.34,0
34.7750,274.41,0
34.7800,274.41,0
34.7850,198.82,0
34.7900,198.82,0
34.7950,198.82,0
34.8000,367.40,0
34.8050,367.40,0
34.8100,491.64,0
34.8150,491.64,0
34.8200,205.94,0
34.8250,205.94,0
34.8300,384.73,0
34.8350,434.29,0
34.8400,434.29,0
34.8450,434.29,0
34.8500,944.23,0
34.8550,944.23,0
34.8600,1232.65,0
34.8650,1035.79,0
34.8700,1259.33,0
34.8750,741.65,0
34.8800,1245.91,0
34.8850,1245.91,0
34.8900,1245.91,0
34.8950,1245.91,0
34.9000,888.57,0
34.9050,375.35,0
34.9100,2214.30,0
34.9150,2214.30,0
34.9200,1281.99,0
34.9250,920.26,0
34.9300,920.26,0
34.9350,920.26,0
34.9400,920.26,0
34.9450,920.26,0
34.9500,1531.50,0
34.9550,660.57,0
34.9600,660.57,0
34.9650,523.13,0
34.9700,196.66,0
34.9750,-156.92,0
34.9800,-156.92,0
34.9850,-156.92,0
34.9900,-156.92,0
34.9950,1810.74,0
35.0000,-560.46,0
35.0050,-560.46,0
35.0100,-1004.16,0
35.0150,-1004.16,0
35.0200,-1592.32,0
35.0250,-1592.32,0
35.0300,-1255.20,0
35.0350,-1255.20,0
35.0400,-1255.20,0
35.0450,-1255.20,0
35.0500,-2615.40,0
35.0550,-2615.40,0
35.0600,-3192.12,0
35.0650,-3192.12,0
35.0700,-3192.12,0
35.0750,-3192.12,0
35.0800,-3814.36,0
35.0850,71.21,0
35.0900,-4721.72,0
35.0950,-4721.72,0
35.1000,-4721.72,0
35.1050,-4721.72,0
35.1100,79.81,0
35.1150,187.71,0
35.1200,402.80,0
35.1250,192.71,0
35.1300,519.13,0
35.1350,-3516.82,0
35.1400,943.55,0
35.1450,943.55,0
35.1500,943.55,0
35.1550,943.55,0
35.1600,535.38,0
35.1650,535.38,0
35.1700,535.38,0
35.1750,535.38,0
35.1800,104.52,0
35.1850,104.52,0
35.1900,-3516.84,0
35.1950,-192.69,0
35.2000,-192.69,0
35.2050,-192.69,0
35.2100,104.52,0
35.2150,-120.20,0
35.2200,-120.20,0
35.2250,-120.20,0
35.2300,573.38,0
35.2350,573.38,0
35.2400,597.90,0
35.2450,597.90,0
35.2500,597.90,0
35.2550,-2572.11,0
35.2600,597.90,0
35.2650,785.94,0
35.2700,785.94,0
35.2750,1525.40,0
35.2800,1525.40,0
35.2850,1525.40,0
35.2900,1693.73,0
35.2950,1693.73,0
35.3000,1640.38,0
35.3050,1721.62,0
35.3100,1721.62,0
35.3150,1721.62,0
35.3200,1527.57,0
35.3250,1527.57,0
35.3300,1691.73,0
35.3350,1691.73,0
35.3400,1598.86,0
35.3450,1598.86,0
35.3500,1736.97,0
35.3550,-201.74,0
35.3600,1900.83,0
35.3650,1549.41,0
35.3700,1549.41,0
35.3750,2330.11,0
35.3800,2330.11,0
35.3850,2136.79,0
35.3900,2136.79,0
35.3950,1943.14,0
35.4000,1943.14,0
35.4050,1926.29,0
35.4100,1926.29,0
35.4150,1926.29,0
35.4200,1926.29,0
35.4250,1926.29,0
35.4300,1926.29,0
35.4350,1740.38,0
35.4400,1080.42,0
35.4450,1691.90,0
35.4500,1500.35,0
35.4550,827.06,0
35.4600,827.06,0
35.4650,400.07,0
35.4700,400.07,0
35.4750,715.13,0
35.4800,715.13,0
35.4850,660.05,0
35.4900,660.05,0
35.4950,660.05,0
35.5000,-76.42,0
35.5050,-76.42,0
35.5100,-491.29,0
35.5150,-491.29,0
35.5200,-51.98,0
35.5250,-51.98,0
35.5300,508.19,0
35.5350,508.19,0
35.5400,508.19,0
35.5450,456.72,0
35.5500,508.19,0
35.5550,1189.68,0
35.5600,1068.27,0
35.5650,1068.27,0
35.5700,1172.00,0
35.5750,1172.00,0
35.5800,1172.00,0
35.5850,1023.83,0
35.5900,562.40,0
35.5950,1130.55,0
35.6000,1130.55,0
35.6050,1071.58,0
35.6100,1071.58,0
35.6150,1071.58,0
35.6200,1071.58,0
35.6250,1071.58,0
35.6300,1071.58,0
35.6350,153.39,0
35.6400,153.39,0
35.6450,-201.21,0
35.6500,-201.21,0
35.6550,-747.79,0
35.6600,-747.79,0
35.6650,-301.06,0
35.6700,-301.06,0
35.6750,-462.12,0
35.6800,-462.12,0
35.6850,-462.12,0
35.6900,-462.12,0
35.6950,562.41,0
35.7000,-801.13,0
35.7050,-801.13,0
35.7100,-910.96,0
35.7150,-910.96,0
35.7200,1535.49,0
35.7250,-1416.58,0
35.7300,-1344.51,0
35.7350,-608.72,0
35.7400,-608.72,0
35.7450,-1069.70,0
35.7500,-1069.70,0
35.7550,-1069.70,0
35.7600,-1069.70,0
35.7650,-1069.70,0
35.7700,-1336.67,0
35.7750,1165.46,0
35.7800,-894.52,0
35.7850,-689.62,0
35.7900,-1247.57,0
35.7950,-1167.59,0
35.8000,-1502.92,0
35.8050,-1392.16,0
35.8100,-1502.92,0
35.8150,-1502.92,0
35.8200,-1316.81,0
35.8250,-1316.81,0
35.8300,-1862.97,0
35.8350,-1316.81,0
35.8400,-2664.16,0
35.8450,-2664.16,0
35.8500,-2501.70,0
35.8550,-2501.70,0
35.8600,-2501.70,0
35.8650,-2501.70,0
35.8700,-3849.84,0
35.8750,-3849.84,0
35.8800,-3841.38,0
35.8850,-3447.01,0
35.8900,-3447.01,0
35.8950,-3311.66,0
35.9000,-3311.66,0
35.9050,-3311.66,0
35.9100,-3311.66,0
35.9150,-2808.18,0
35.9200,-2808.18,0
35.9250,-2808.18,0
35.9300,344.33,0
35.9350,344.33,0
35.9400,424.51,0
35.9450,-921.09,0
35.9500,1029.69,0
35.9550,1029.69,0
35.9600,1029.69,0
35.9650,720.16,0
35.9700,720.16,0
35.9750,-3454.03,0
35.9800,1270.31,0
35.9850,1270.31,0
35.9900,1576.24,0
35.9950,1634.83,0
36.0000,1634.83,0
36.0050,2182.92,0
36.0100,2182.92,0
36.0150,2182.92,0
36.0200,2182.92,0
36.0250,2182.92,0
36.0300,2182.92,0
36.0350,2166.15,0
36.0400,3077.61,0
36.0450,3077.61,0
36.0500,3077.61,0
36.0550,3077.61,0
36.0600,3077.61,0
36.0650,2469.94,0
36.0700,2631.27,0
36.0750,2631.27,0
36.0800,2631.27,0
36.0850,2630.91,0
36.0900,2630.91,0
36.0950,3056.77,0
36.1000,2974.49,0
36.1050,3114.54,0
36.1100,3114.54,0
36.1150,3431.59,0
36.1200,3431.59,0
36.1250,3537.91,0
36.1300,607.09,0
36.1350,4085.50,0
36.1400,4091.49,0
36.1450,4091.49,0
36.1500,3681.26,0
36.1550,4416.66,0
36.1600,1756.56,0
36.1650,2470.28,0
36.1700,2828.82,0
36.1750,5071.84,0
36.1800,5073.98,0
36.1850,5073.98,0
36.1900,5073.98,0
36.1950,5767.88,0
36.2000,5767.88,0
36.2050,5500.45,0
36.2100,2370.87,0
36.2150,5500.45,0
36.2200,5500.45,0
36.2250,6063.19,0
36.2300,6063.19,0
36.2350,6063.19,0
36.2400,6063.19,0
36.2450,6742.47,0
36.2500,6742.47,0
36.2550,7036.16,0
36.2600,7036.16,0
36.2650,7036.16,0
36.2700,7036.16,0
36.2750,7342.37,0
36.2800,7342.37,0
36.2850,7690.92,0
36.2900,5073.92,0
36.2950,6384.24,0
36.3000,8008.06,0
36.3050,8022.49,0
36.3100,8022.49,0
36.3150,8344.25,0
36.3200,8344.25,0
36.3250,8724.63,0
36.3300,8724.63,0
36.3350,8475.97,0
36.3400,8475.97,0
36.3450,9032.53,0
36.3500,9359.81,0
36.3550,9359.81,0
36.3600,9723.48,0
36.3650,5549.65,0
36.3700,9463.91,0
36.3750,9463.91,0
36.3800,10016.40,0
36.3850,10016.40,0
36.3900,10354.37,0
36.3950,10354.37,0
36.4000,10720.79,0
36.4050,10720.79,0
36.4100,11024.65,0
36.4150,10039.87,0
36.4200,8343.47,0
36.4250,11031.00,0
36.4300,11031.00,0
36.4350,11031.00,0
36.4400,8147.29,0
36.4450,11699.22,0
36.4500,8000.22,0
36.4550,11439.65,0
36.4600,12001.89,0
36.4650,12001.89,0
36.4700,11853.05,0
36.4750,8190.78,0
36.4800,8615.74,0
36.4850,11528.72,0
36.4900,11524.11,0
36.4950,11524.11,0
36.5000,11918.86,0
36.5050,779.88,0
36.5100,11844.40,0
36.5150,11844.40,0
36.5200,11535.68,0
36.5250,11535.68,0
36.5300,11932.76,0
36.5350,11932.76,0
36.5400,12046.47,0
36.5450,11157.47,0
36.5500,4486.96,0
36.5550,12046.47,0
36.5600,11521.66,0
36.5650,11521.66,0
36.5700,11521.66,0
36.5750,11587.16,0
36.5800,11587.16,0
36.5850,12071.55,0
36.5900,12004.74,0
36.5950,12071.55,0
36.6000,12071.55,0
36.6050,12071.55,0
36.6100,12071.55,0
36.6150,12071.55,0
36.6200,12071.55,0
36.6250,12509.36,0
36.6300,12509.36,0
36.6350,12378.88,0
36.6400,12603.66,0
36.6450,12603.66,0
36.6500,12603.66,0
36.6550,11760.04,0
36.6600,13156.55,0
36.6650,13587.98,0
36.6700,13156.55,0
36.6750,13274.17,0
36.6800,13274.17,0
36.6850,11586.85,0
36.6900,13274.17,0
36.6950,13274.17,0
36.7000,13274.17,0
36.7050,13380.03,0
36.7100,13380.03,0
36.7150,12346.09,0
36.7200,13770.49,0
36.7250,15323.99,0
36.7300,15323.99,0
36.7350,12378.58,0
36.7400,14247.73,0
36.7450,1556.37,0
36.7500,1556.37,0
36.7550,1737.69,0
36.7600,1737.69,0
36.7650,11473.83,0
36.7700,2998.57,0
36.7750,12903.33,0
36.7800,2998.57,0
36.7850,3533.39,0
36.7900,3839.00,0
36.7950,3839.00,0
36.8000,3453.20,0
36.8050,3453.20,0
36.8100,3562.56,0
36.8150,4132.67,0
36.8200,2291.21,0
36.8250,4343.17,0
36.8300,4496.31,0
36.8350,14699.55,0
36.8400,3971.30,0
36.8450,3971.30,0
36.8500,3971.30,0
36.8550,3846.27,0
36.8600,4003.10,0
36.8650,4003.10,0
36.8700,4330.78,0
36.8750,4330.78,0
36.8800,4330.78,0
36.8850,4132.65,0
36.8900,4596.19,0
36.8950,4596.19,0
36.9000,4777.78,0
36.9050,4777.78,0
36.9100,5050.82,0
36.9150,5050.82,0
36.9200,5050.82,0
36.9250,4583.78,0
36.9300,4583.78,0
36.9350,16600.19,0
36.9400,4583.78,0
36.9450,4744.83,0
36.9500,4744.83,0
36.9550,5030.59,0
36.9600,4631.89,0
36.9650,4618.89,0
36.9700,4618.89,0
36.9750,4544.10,0
36.9800,4708.87,0
36.9850,4708.87,0
36.9900,5019.69,0
36.9950,4718.41,0
37.0000,5116.14,0
37.0050,5116.14,0
37.0100,5483.98,0
37.0150,5483.98,0
37.0200,5643.07,0
37.0250,5643.07,0
37.0300,5964.94,0
37.0350,5964.94,0
37.0400,4584.22,0
37.0450,5997.43,0
37.0500,5586.95,0
37.0550,5586.95,0
37.0600,5586.95,0
37.0650,5586.95,0
37.0700,5506.57,0
37.0750,5506.57,0
37.0800,5600.63,0
37.0850,5600.63,0
37.0900,4552.62,0
37.0950,5600.63,0
37.1000,4976.82,0
37.1050,5530.74,0
37.1100,6022.52,0
37.1150,6022.52,0
37.1200,6007.28,0
37.1250,6007.28,0
37.1300,5602.05,0
37.1350,4500.31,0
37.1400,5493.54,0
37.1450,5493.54,0
37.1500,5493.54,0
37.1550,5493.54,0
37.1600,6020.83,0
37.1650,6020.83,0
37.1700,5618.41,0
37.1750,5618.41,0
37.1800,5731.92,0
37.1850,5731.92,0
37.1900,6022.11,0
37.1950,6022.11,0
37.2000,5724.98,0
37.2050,6022.11,0
37.2100,5646.41,0
37.2150,5646.41,0
37.2200,5566.72,0
37.2250,5566.72,0
37.2300,5566.72,0
37.2350,5566.72,0
37.2400,5566.72,0
37.2450,5911.26,0
37.2500,5753.33,0
37.2550,5753.33,0
37.2600,5835.97,0
37.2650,6065.90,0
37.2700,6065.90,0
37.2750,5565.24,0
37.2800,6215.62,0
37.2850,6144.51,0
37.2900,5744.97,0
37.2950,5744.97,0
37.3000,5744.97,0
37.3050,5855.00,0
37.3100,5855.00,0
37.3150,6138.75,0
37.3200,6138.75,0
37.3250,6705.46,0
37.3300,5662.51,0
37.3350,5582.48,0
37.3400,5713.58,0
37.3450,5680.01,0
37.3500,5635.97,0
37.3550,6111.42,0
37.3600,6111.42,0
37.3650,5642.29,0
37.3700,6221.89,0
37.3750,6659.18,0
37.3800,6626.80,0
37.3850,6626.80,0
37.3900,6626.80,0
37.3950,6778.13,0
37.4000,6052.81,0
37.4050,7085.96,0
37.4100,7085.96,0
37.4150,6722.35,0
37.4200,6148.44,0
37.4250,6662.27,0
37.4300,6856.91,0
37.4350,6856.91,0
37.4400,6856.91,0
37.4450,5713.92,0
37.4500,6856.91,0
37.4550,6945.00,0
37.4600,7006.59,0
37.4650,7479.14,0
37.4700,7301.86,0
37.4750,6991.89,0
37.4800,6667.33,0
37.4850,6585.48,0
37.4900,6585.48,0
37.4950,6585.48,0
37.5000,6585.48,0
37.5050,7381.39,0
37.5100,7381.39,0
37.5150,7381.39,0
37.5200,7381.39,0
37.5250,6955.47,0
37.5300,6955.47,0
37.5350,7562.58,0
37.5400,7562.58,0
37.5450,7562.58,0
37.5500,7562.58,0
37.5550,6268.44,0
37.5600,6268.44,0
37.5650,-174.48,0
37.5700,24.29,0
37.5750,24.29,0
37.5800,24.29,0
37.5850,601.80,0
37.5900,601.80,0
37.5950,601.80,0
37.6000,601.80,0
37.6050,601.80,0
37.6100,601.80,0
37.6150,-119.97,0
37.6200,-586.53,0
37.6250,-586.53,0
37.6300,-145.22,0
37.6350,-145.22,0
37.6400,-767.78,0
37.6450,7292.26,0
37.6500,-767.78,0
37.6550,-767.78,0
37.6600,-1556.72,0
37.6650,-1556.72,0
37.6700,-1646.17,0
37.6750,-1646.17,0
37.6800,-311.75,0
37.6850,-765.90,0
37.6900,-1057.41,0
37.6950,-1057.41,0
37.7000,-1517.50,0
37.7050,19.62,0
37.7100,-586.57,0
37.7150,7382.12,0
37.7200,611.69,0
37.7250,-139.81,0
37.7300,-912.64,0
37.7350,-979.41,0
37.7400,-1450.58,0
37.7450,-1450.58,0
37.7500,-1450.58,0
37.7550,-1443.22,0
37.7600,-1443.22,0
37.7650,-588.68,0
37.7700,-588.68,0
37.7750,-588.68,0
37.7800,-588.68,0
37.7850,-1428.24,0
37.7900,-1517.51,0
37.7950,-1379.61,0
37.8000,-1379.61,0
37.8050,-575.13,0
37.8100,-575.13,0
37.8150,-671.94,0
37.8200,-886.87,0
37.8250,-886.87,0
37.8300,-886.87,0
37.8350,-1312.23,0
37.8400,-1312.23,0
37.8450,-772.22,0
37.8500,-238.05,0
37.8550,-238.05,0
37.8600,-306.36,0
37.8650,-306.36,0
37.8700,-306.36,0
37.8750,-306.36,0
37.8800,-306.36,0
37.8850,-306.36,0
37.8900,558.51,0
37.8950,558.51,0
37.9000,106.38,0
37.9050,106.38,0
37.9100,-60.97,0
37.9150,-60.97,0
37.9200,-60.97,0
37.9250,-60.97,0
37.9300,95.99,0
37.9350,-50.66,0
37.9400,-192.55,0
37.9450,-192.55,0
37.9500,-157.17,0
37.9550,-157.17,0
37.9600,-157.17,0
37.9650,-157.17,0
37.9700,396.84,0
37.9750,396.84,0
37.9800,871.33,0
37.9850,871.33,0
37.9900,871.33,0
37.9950,871.33,0
38.0000,1149.06,0
38.0050,1149.06,0
38.0100,712.36,0
38.0150,712.36,0
38.0200,419.79,0
38.0250,419.79,0
38.0300,1021.93,0
38.0350,1021.93,0
38.0400,770.92,0
38.0450,770.92,0
38.0500,770.92,0
38.0550,770.92,0
38.0600,1292.36,0
38.0650,1292.36,0
38.0700,2233.13,0
38.0750,2233.13,0
38.0800,2233.13,0
38.0850,2233.13,0
38.0900,2904.16,0
38.0950,2804.46,0
38.1000,2804.46,0
38.1050,2317.89,0
38.1100,756.32,0
38.1150,2268.39,0
38.1200,832.32,0
38.1250,2184.07,0
38.1300,2184.07,0
38.1350,2184.07,0
38.1400,2184.07,0
38.1450,2493.05,0
38.1500,2493.05,0
38.1550,2493.05,0
38.1600,2493.05,0
38.1650,2493.05,0
38.1700,2553.63,0
38.1750,2553.63,0
38.1800,2268.38,0
38.1850,2512.03,0
38.1900,2512.03,0
38.1950,2407.31,0
38.2000,2407.31,0
38.2050,2141.12,0
38.2100,2141.12,0
38.2150,2103.04,0
38.2200,2407.31,0
38.2250,1613.67,0
38.2300,1613.67,0
38.2350,1613.67,0
38.2400,1613.67,0
38.2450,1613.67,0
38.2500,1053.30,0
38.2550,1012.11,0
38.2600,1012.11,0
38.2650,2407.31,0
38.2700,1403.72,0
38.2750,1403.72,0
38.2800,1878.72,0
38.2850,1878.72,0
38.2900,1878.72,0
38.2950,2263.11,0
38.3000,2263.11,0
38.3050,2363.97,0
38.3100,2612.31,0
38.3150,2718.51,0
38.3200,2718.51,0
38.3250,3212.20,0
38.3300,3212.20,0
38.3350,3212.20,0
38.3400,3266.21,0
38.3450,3266.21,0
38.3500,3602.84,0
38.3550,2386.19,0
38.3600,3948.95,0
38.3650,3948.95,0
38.3700,3212.20,0
38.3750,3777.43,0
38.3800,3777.43,0
38.3850,978.54,0
38.3900,-155.87,0
38.3950,-155.87,0
38.4000,1012.62,0
38.4050,-155.87,0
38.4100,-155.87,0
38.4150,444.31,0
38.4200,2011.28,0
38.4250,444.31,0
38.4300,953.71,0
38.4350,953.71,0
38.4400,889.17,0
38.4450,889.17,0
38.4500,889.17,0
38.4550,889.17,0
38.4600,889.17,0
38.4650,1368.69,0
38.4700,1368.69,0
38.4750,1854.27,0
38.4800,3214.26,0
38.4850,1854.27,0
38.4900,1946.93,0
38.4950,1946.93,0
38.5000,2290.89,0
38.5050,2290.89,0
38.5100,3857.07,0
38.5150,2330.08,0
38.5200,2757.46,0
38.5250,2757.46,0
38.5300,2817.77,0
38.5350,3174.97,0
38.5400,3174.97,0
38.5450,1757.63,0
38.5500,436.13,0
38.5550,3206.13,0
38.5600,3645.16,0
38.5650,3645.16,0
38.5700,1995.36,0
38.5750,4148.20,0
38.5800,4148.20,0
38.5850,1757.69,0
38.5900,4190.88,0
38.5950,4190.88,0
38.6000,4625.16,0
38.6050,4625.16,0
38.6100,4772.36,0
38.6150,4772.36,0
38.6200,4772.36,0
38.6250,5194.15,0
38.6300,5194.15,0
38.6350,5683.21,0
38.6400,5683.21,0
38.6450,5750.63,0
38.6500,5750.63,0
38.6550,6116.77,0
38.6600,6116.77,0
38.6650,6116.77,0
38.6700,6116.77,0
38.6750,6620.18,0
38.6800,6620.18,0
38.6850,6560.56,0
38.6900,4625.15,0
38.6950,7057.10,0
38.7000,7057.10,0
38.7050,7117.64,0
38.7100,7117.64,0
38.7150,7117.64,0
38.7200,7117.64,0
38.7250,7545.85,0
38.7300,7545.85,0
38.7350,7698.38,0
38.7400,7698.38,0
38.7450,7698.38,0
38.7500,7698.38,0
38.7550,8052.35,0
38.7600,8052.35,0
38.7650,7514.63,0
38.7700,7711.29,0
38.7750,7711.29,0
38.7800,7711.29,0
38.7850,8035.67,0
38.7900,8035.67,0
38.7950,8597.62,0
38.8000,7693.30,0
38.8050,6078.28,0
38.8100,7531.46,0
38.8150,8532.77,0
38.8200,8532.77,0
38.8250,9010.35,0
38.8300,7053.64,0
38.8350,6110.90,0
38.8400,8949.27,0
38.8450,8467.81,0
38.8500,8467.81,0
38.8550,8668.34,0
38.8600,8980.98,0
38.8650,8980.98,0
38.8700,7694.60,0
38.8750,8956.59,0
38.8800,8956.59,0
38.8850,8532.78,0
38.8900,8567.57,0
38.8950,8660.79,0
38.9000,8660.79,0
38.9050,9006.57,0
38.9100,9006.57,0
38.9150,8974.73,0
38.9200,8604.54,0
38.9250,8604.54,0
38.9300,8520.14,0
38.9350,8520.14,0
38.9400,9081.69,0
38.9450,9081.69,0
38.9500,9079.12,0
38.9550,9079.12,0
38.9600,8680.23,0
38.9650,8680.23,0
38.9700,8680.23,0
38.9750,8520.14,0
38.9800,8570.07,0
38.9850,8778.44,0
38.9900,8506.40,0
38.9950,9160.72,0
39.0000,8975.21,0
39.0050,8975.21,0
39.0100,8975.21,0
39.0150,10192.37,0
39.0200,10192.37,0
39.0250,10323.89,0
39.0300,10323.89,0
39.0350,10323.89,0
39.0400,8568.92,0
39.0450,11043.16,0
39.0500,11043.16,0
39.0550,4145.58,0
39.0600,11537.01,0
39.0650,11586.85,0
39.0700,11586.85,0
39.0750,11188.08,0
39.0800,10956.06,0
39.0850,10956.06,0
39.0900,11327.89,0
39.0950,11327.89,0
39.1000,10956.06,0
39.1050,10875.86,0
39.1100,9559.66,0
39.1150,9559.66,0
39.1200,9525.31,0
39.1250,11800.71,0
39.1300,11586.85,0
39.1350,9525.31,0
39.1400,4224.01,0
39.1450,9592.19,0
39.1500,9486.19,0
39.1550,9486.19,0
39.1600,9650.25,0
39.1650,9650.25,0
39.1700,9349.82,0
39.1750,9669.01,0
39.1800,11800.56,0
39.1850,9741.18,0
39.1900,9741.18,0
39.1950,19.27,0
39.2000,19.27,0
39.2050,10427.47,0
39.2100,19.27,0
39.2150,-227.13,0
39.2200,12136.22,0
39.2250,-71.72,0
39.2300,-86.75,0
39.2350,-86.75,0
39.2400,-86.75,0
39.2450,12189.19,0
39.2500,-94.01,0
39.2550,-94.01,0
39.2600,-79.72,0
39.2650,-207.16,0
39.2700,20.26,0
39.2750,20.26,0
39.2800,-3.79,0
39.2850,-3.79,0
39.2900,-11.95,1
39.2950,-39.51,0
39.3000,-44.68,0
39.3050,-44.68,0
39.3100,-44.68,0
39.3150,-44.68,0
39.3200,-44.68,0
39.3250,-34.08,0
39.3300,-34.08,0
39.3350,-13.32,0
39.3400,-13.32,0
39.3450,31.28,0
39.3500,31.28,0
39.3550,4.56,0
39.3600,4.56,0
39.3650,-84.12,0
39.3700,-3.28,0
39.3750,-3.28,0
39.3800,-7.60,0
39.3850,5358.94,0
39.3900,-7.60,0
39.3950,-7.60,0
39.4000,-4.03,0
39.4050,-756.09,0
39.4100,-7.60,0
39.4150,0.38,0
39.4200,-35.61,0
39.4250,-35.61,0
39.4300,-35.61,0
39.4350,-21.73,0
39.4400,-28.07,0
39.4450,-28.07,0
39.4500,-19.31,0
39.4550,-19.31,0
39.4600,-19.31,0
39.4650,-19.31,0
39.4700,-19.31,0
39.4750,-19.63,0
39.4800,-19.63,0
39.4850,-22.44,0
39.4900,-22.44,0
39.4950,-77.28,0
39.5000,-77.28,0
39.5050,-89.43,0
39.5100,-89.43,0
39.5150,-50.21,0
39.5200,-8.75,0
39.5250,-8.75,0
39.5300,-39.02,0
39.5350,-39.02,0
39.5400,62.19,0
39.5450,62.19,0
39.5500,53.06,0
39.5550,53.06,0
39.5600,53.06,0
39.5650,53.16,0
39.5700,53.16,0
39.5750,57.73,0
39.5800,57.73,0
39.5850,31.02,0
39.5900,31.02,0
39.5950,31.96,0
39.6000,31.96,0
39.6050,-19.59,0
39.6100,17.00,0
39.6150,17.00,0
39.6200,-25.03,0
39.6250,-25.03,0
39.6300,-25.03,0
39.6350,-25.03,0
39.6400,-25.03,0
39.6450,-22.12,0
39.6500,7.32,0
39.6550,7.32,0
39.6600,7.32,0
39.6650,-28.18,0
39.6700,-28.18,0
39.6750,138.82,0
39.6800,138.82,0
39.6850,29.46,0
39.6900,29.46,0
39.6950,29.46,0
39.7000,29.46,0
39.7050,-48.10,0
39.7100,-53.77,0
39.7150,9.46,0
39.7200,20.77,0
39.7250,20.77,0
39.7300,20.77,0
39.7350,48.92,0
39.7400,48.92,0
39.7450,7.32,0
39.7500,69.06,0
39.7550,71.49,0
39.7600,69.06,0
39.7650,69.06,0
39.7700,69.06,0
39.7750,-8.68,0
39.7800,-8.68,0
39.7850,-460.88,0
39.7900,-705.26,0
39.7950,-705.26,0
39.8000,-705.26,0
39.8050,-705.26,0
39.8100,-322.76,0
39.8150,-322.76,0
39.8200,-192.30,0
39.8250,-192.30,0
39.8300,220.19,0
39.8350,8.57,0
39.8400,220.19,0
39.8450,-50.05,0
39.8500,220.19,0
39.8550,220.19,0
39.8600,-362.29,0
39.8650,-362.29,0
39.8700,-397.68,0
39.8750,-397.68,0
39.8800,-322.76,0
39.8850,207.94,0
39.8900,207.94,0
39.8950,-352.54,0
39.9000,-352.54,0
39.9050,-352.54,0
39.9100,-397.68,0
39.9150,383.76,0
39.9200,100.88,0
39.9250,100.88,0
39.9300,-906.07,0
39.9350,-906.07,0
39.9400,-906.07,0
39.9450,-906.07,0
39.9500,-906.07,0
39.9550,-906.07,0
39.9600,-2043.65,0
39.9650,-2043.65,0
39.9700,-2385.57,0
39.9750,-2385.57,0
39.9800,-3251.48,0
39.9850,-3251.48,0
39.9900,-3805.00,0
39.9950,-3805.00,0
40.0000,442.99,0
40.0050,-3805.00,0
40.0100,-401.90,0
40.0150,-4196.74,0
40.0200,-185.28,0
40.0250,-185.28,0
40.0300,-456.87,0
40.0350,-456.87,0
40.0400,-1091.67,0
40.0450,-1091.67,0
40.0500,-1707.81,0
40.0550,-1707.81,0
40.0600,-1707.81,0
40.0650,-1707.81,0
40.0700,-2551.27,0
40.0750,-2971.94,0
40.0800,-2971.94,0
40.0850,-2971.94,0
40.0900,-2971.94,0
40.0950,-2971.94,0
40.1000,-2971.94,0
40.1050,-4196.73,0
40.1100,-3590.93,0
40.1150,-3924.12,0
40.1200,-3924.12,0
40.1250,-4109.75,0
40.1300,-4109.75,0
40.1350,-3829.44,0
40.1400,-3915.08,0
40.1450,-4639.99,0
40.1500,-4639.99,0
40.1550,-4639.99,0
40.1600,-4639.99,0
40.1650,-4734.09,0
40.1700,-4734.09,0
40.1750,-4734.09,0
40.1800,-4734.09,0
40.1850,-4734.09,0
40.1900,-3740.15,0
40.1950,-3740.15,0
40.2000,-4468.29,0
40.2050,-4468.29,0
40.2100,-4468.29,0
40.2150,-4468.29,0
40.2200,-4468.29,0
40.2250,-4468.29,0
40.2300,-4832.45,0
40.2350,-4832.45,0
40.2400,-4805.30,0
40.2450,-4795.93,0
40.2500,-2997.95,0
40.2550,-4795.93,0
40.2600,-4795.93,0
40.2650,-3841.25,0
40.2700,-4845.77,0
40.2750,-4947.81,0
40.2800,-4947.81,0
40.2850,-4889.53,0
40.2900,-4889.53,0
40.2950,-4889.53,0
40.3000,-4889.53,0
40.3050,-4947.81,0
40.3100,-4989.48,0
40.3150,-5005.91,0
40.3200,-5005.91,0
40.3250,-4973.87,0
40.3300,-4973.87,0
40.3350,-5046.45,0
40.3400,-5046.45,0
40.3450,-4995.17,0
40.3500,-4995.17,0
40.3550,-5039.98,0
40.3600,-5039.98,0
40.3650,-5086.55,0
40.3700,-5086.55,0
40.3750,-5086.55,0
40.3800,-5086.55,0
40.3850,-5168.75,0
40.3900,-5168.75,0
40.3950,-5112.41,0
40.4000,-5026.26,0
40.4050,-5000.87,0
40.4100,-5033.98,0
40.4150,-5041.72,0
40.4200,-4868.47,0
40.4250,-4868.47,0
40.4300,-4678.98,0
40.4350,-4678.98,0
40.4400,-4777.51,0
40.4450,-4931.71,0
40.4500,-4931.71,0
40.4550,-4946.19,0
40.4600,-4946.19,0
40.4650,-4890.91,0
40.4700,-4890.91,0
40.4750,-2292.67,0
40.4800,-4890.91,0
40.4850,-5023.79,0
40.4900,-4864.56,0
40.4950,-4825.53,0
40.5000,-4825.53,0
40.5050,-4834.96,0
40.5100,-4834.96,0
40.5150,-4834.96,0
40.5200,-4873.07,0
40.5250,-4858.49,0
40.5300,-4858.49,0
40.5350,-4906.31,0
40.5400,-4906.31,0
40.5450,-4906.31,0
40.5500,-5933.88,0
40.5550,-4868.90,0
40.5600,-4868.90,0
40.5650,-4868.90,0
40.5700,-4868.90,0
40.5750,-4868.90,0
40.5800,-4806.74,0
40.5850,-4806.74,0
40.5900,-4826.71,0
40.5950,-4936.82,0
40.6000,-4826.71,0
40.6050,-4864.09,0
40.6100,-4864.09,0
40.6150,-4847.03,0
40.6200,-4847.03,0
40.6250,-4875.77,0
40.6300,-4875.77,0
40.6350,-4932.92,0
40.6400,-4932.92,0
40.6450,-4932.92,0
40.6500,-4932.92,0
40.6550,-4908.33,0
40.6600,-4908.33,0
40.6650,-4966.72,0
40.6700,-4966.72,0
40.6750,-4864.10,0
40.6800,-4927.48,0
40.6850,-4966.86,0
40.6900,-4966.86,0
40.6950,-4966.86,0
40.7000,-4966.86,0
40.7050,-4977.83,0
40.7100,-4977.83,0
40.7150,-4972.89,0
40.7200,-4972.89,0
40.7250,-5036.14,0
40.7300,-5036.14,0
40.7350,-4967.33,0
40.7400,-4967.33,0
40.7450,-4967.33,0
40.7500,-4967.33,0
40.7550,-4967.33,0
40.7600,-4967.33,0
40.7650,-5235.14,0
40.7700,-4878.22,0
40.7750,-4878.22,0
40.7800,-4776.37,0
40.7850,-4776.37,0
40.7900,-4955.09,0
40.7950,-4955.09,0
40.8000,-4832.50,0
40.8050,-4832.50,0
40.8100,-4705.26,0
40.8150,-4705.26,0
40.8200,-4705.26,0
40.8250,-4705.26,0
40.8300,-4172.50,0
40.8350,-4172.50,0
40.8400,96.74,0
40.8450,193.88,0
40.8500,193.88,0
40.8550,193.88,0
40.8600,193.88,0
40.8650,-38.52,0
40.8700,-38.52,0
40.8750,-137.66,0
40.8800,-137.66,0
40.8850,-271.65,0
40.8900,-271.65,0
40.8950,-275.24,0
40.9000,-275.24,0
40.9050,-275.24,0
40.9100,-427.79,0
40.9150,-427.79,0
40.9200,-427.79,0
40.9250,-515.27,0
40.9300,-776.90,0
40.9350,-776.90,0
40.9400,-366.51,0
40.9450,-516.40,0
40.9500,-516.40,0
40.9550,-516.40,0
40.9600,-760.33,0
40.9650,-760.33,0
40.9700,-1513.19,0
40.9750,-1513.19,0
40.9800,-1033.01,0
40.9850,-1033.01,0
40.9900,-1377.69,0
40.9950,-1377.69,0
41.0000,-1839.11,0
41.0050,-1839.11,0
41.0100,-1486.94,0
41.0150,-1486.94,0
41.0200,-1297.91,0
41.0250,-1297.91,0
41.0300,-2017.77,0
41.0350,-2017.77,0
41.0400,-775.94,0
41.0450,-2482.82,0
41.0500,-2244.40,0
41.0550,-2244.40,0
41.0600,-2075.04,0
41.0650,-2075.04,0
41.0700,-2075.04,0
41.0750,-2075.04,0
41.0800,-1775.73,0
41.0850,-1775.73,0
41.0900,-1098.43,0
41.0950,-1098.43,0
41.1000,-1420.85,0
41.1050,-1420.85,0
41.1100,-955.93,0
41.1150,-955.93,0
41.1200,-1518.28,0
41.1250,-1184.60,0
41.1300,-1707.86,0
41.1350,-2607.84,0
41.1400,-1717.11,0
41.1450,-1717.11,0
41.1500,-1383.31,0
41.1550,-1383.31,0
41.1600,-1223.88,0
41.1650,-1223.88,0
41.1700,-1647.98,0
41.1750,-1647.98,0
41.1800,-1777.95,0
41.1850,-1777.95,0
41.1900,-1777.95,0
41.1950,-1777.95,0
41.2000,-1717.11,0
41.2050,-1352.05,0
41.2100,-195.76,0
41.2150,-195.76,0
41.2200,-195.76,0
41.2250,-456.64,0
41.2300,-456.64,0
41.2350,-640.57,0
41.2400,-991.57,0
41.2450,-626.87,0
41.2500,-626.87,0
41.2550,-226.09,0
41.2600,-1172.92,0
41.2650,335.52,0
41.2700,335.52,0
41.2750,484.01,0
41.2800,-1647.93,0
41.2850,356.61,0
41.2900,356.61,0
41.2950,356.61,0
41.3000,356.61,0
41.3050,42.94,0
41.3100,-1544.06,0
41.3150,105.95,0
41.3200,105.95,0
41.3250,188.55,0
41.3300,188.55,0
41.3350,84.05,0
41.3400,200.06,0
41.3450,200.06,0
41.3500,200.06,0
41.3550,220.57,0
41.3600,220.57,0
41.3650,248.74,0
41.3700,248.74,0
41.3750,196.31,0
41.3800,248.74,0
41.3850,203.81,0
41.3900,203.81,0
41.3950,366.06,0
41.4000,394.29,0
41.4050,394.29,0
41.4100,359.16,0
41.4150,359.16,0
41.4200,218.03,0
41.4250,218.03,0
41.4300,218.03,0
41.4350,151.41,0
41.4400,96.22,0
41.4450,802.23,0
41.4500,802.23,0
41.4550,253.29,0
41.4600,253.29,0
41.4650,19.67,0
41.4700,19.67,0
41.4750,-193.39,0
41.4800,143.19,0
41.4850,610.46,0
41.4900,610.46,0
41.4950,610.46,0
41.5000,610.46,0
41.5050,802.23,0
41.5100,829.61,0
41.5150,379.87,0
41.5200,379.87,0
41.5250,663.71,0
41.5300,663.71,0
41.5350,1064.54,0
41.5400,1064.54,0
41.5450,1064.54,0
41.5500,1064.54,0
41.5550,1064.54,0
41.5600,225.66,0
41.5650,660.86,0
41.5700,923.47,0
41.5750,923.47,0
41.5800,1181.79,0
41.5850,1181.79,0
41.5900,1353.59,0
41.5950,1353.59,0
41.6000,829.61,0
41.6050,1353.59,0
41.6100,1032.45,0
41.6150,1175.38,0
41.6200,1071.71,0
41.6250,1071.71,0
41.6300,493.16,0
41.6350,493.16,0
41.6400,363.49,0
41.6450,363.49,0
41.6500,363.49,0
41.6550,363.49,0
41.6600,605.07,0
41.6650,605.07,0
41.6700,747.29,0
41.6750,682.54,0
41.6800,682.54,0
41.6850,682.54,0
41.6900,682.54,0
41.6950,884.90,0
41.7000,884.90,0
41.7050,831.50,0
41.7100,831.50,0
41.7150,936.18,0
41.7200,936.18,0
41.7250,936.18,0
41.7300,936.18,0
41.7350,936.18,0
41.7400,493.17,0
41.7450,900.84,0
41.7500,962.38,0
41.7550,962.38,0
41.7600,962.38,0
41.7650,339.04,0
41.7700,1039.80,0
41.7750,1039.80,0
41.7800,1074.54,0
41.7850,1074.54,0
41.7900,1034.39,0
41.7950,1097.73,0
41.8000,1097.73,0
41.8050,1097.73,0
41.8100,1097.73,0
41.8150,1097.73,0
41.8200,1120.33,0
41.8250,1120.33,0
41.8300,1234.92,0
41.8350,1518.95,0
41.8400,1518.95,0
41.8450,1518.95,0
41.8500,1209.05,0
41.8550,935.59,0
41.8600,935.59,0
41.8650,1000.76,0
41.8700,1300.75,0
41.8750,1207.72,0
41.8800,1342.21,0
41.8850,765.46,0
41.8900,765.46,0
41.8950,616.36,0
41.9000,616.36,0
41.9050,616.36,0
41.9100,916.20,0
41.9150,989.53,0
41.9200,1467.48,0
41.9250,989.53,0
41.9300,989.53,0
41.9350,989.53,0
41.9400,682.72,0
41.9450,682.72,0
41.9500,1000.75,0
41.9550,460.99,0
41.9600,748.86,0
41.9650,916.20,0
41.9700,617.06,0
41.9750,617.06,0
41.9800,617.06,0
41.9850,617.06,0
41.9900,893.86,0
41.9950,893.86,0
42.0000,905.15,0
42.0050,905.15,0
42.0100,731.60,0
42.0150,731.60,0
42.0200,941.77,0
42.0250,941.77,0
42.0300,414.49,0
42.0350,322.09,0
42.0400,789.79,0
42.0450,324.76,0
42.0500,324.76,0
42.0550,1023.19,0
42.0600,1023.19,0
42.0650,1290.75,0
42.0700,1290.75,0
42.0750,1276.30,0
42.0800,1276.30,0
42.0850,1276.30,0
42.0900,1189.37,0
42.0950,1189.37,0
42.1000,197.75,0
42.1050,197.75,0
42.1100,-100.23,0
42.1150,432.84,0
42.1200,-232.02,0
42.1250,-232.02,0
42.1300,-478.37,0
42.1350,-252.60,0
42.1400,-252.60,0
42.1450,-380.44,0
42.1500,-380.44,0
42.1550,-380.44,0
42.1600,-307.76,0
42.1650,-307.76,0
42.1700,-166.82,0
42.1750,-166.82,0
42.1800,-166.82,0
42.1850,-166.82,0
42.1900,-90.16,0
42.1950,-90.16,0
42.2000,-156.09,0
42.2050,-156.09,0
42.2100,-51.72,0
42.2150,-51.72,0
42.2200,-64.87,0
42.2250,-64.87,0
42.2300,36.70,0
42.2350,716.97,0
42.2400,33.54,0
42.2450,33.54,0
42.2500,33.54,0
42.2550,21.67,0
42.2600,1332.61,0
42.2650,21.67,0
42.2700,21.67,0
42.2750,-22.04,0
42.2800,1369.74,0
42.2850,115.88,0
42.2900,115.88,0
42.2950,115.88,0
42.3000,99.98,0
42.3050,502.02,0
42.3100,502.02,0
42.3150,502.02,0
42.3200,502.02,0
42.3250,-26.80,0
42.3300,-26.80,0
42.3350,-155.27,0
42.3400,-155.27,0
42.3450,-139.23,0
42.3500,-139.23,0
42.3550,86.31,0
42.3600,86.31,0
42.3650,86.31,0
42.3700,86.31,0
42.3750,160.78,0
42.3800,160.78,0
42.3850,-17.12,0
42.3900,-17.12,0
42.3950,16.64,0
42.4000,16.64,0
42.4050,16.64,0
42.4100,36.44,0
42.4150,36.44,0
42.4200,36.44,0
42.4250,36.44,0
42.4300,29.72,0
42.4350,-76.67,0
42.4400,20.26,0
42.4450,277.02,0
42.4500,27.48,0
42.4550,277.02,0
42.4600,186.80,0
42.4650,186.80,0
42.4700,66.03,0
42.4750,66.03,0
42.4800,277.02,0
42.4850,-298.06,0
42.4900,247.78,0
42.4950,51.87,0
42.5000,-565.86,0
42.5050,-565.86,0
42.5100,-627.10,0
42.5150,-627.10,0
42.5200,-490.20,0
42.5250,177.74,0
42.5300,-490.20,0
42.5350,-561.96,0
42.5400,-341.49,0
42.5450,-341.49,0
42.5500,-220.76,0
42.5550,-220.76,0
42.5600,-620.67,0
42.5650,-149.22,0
42.5700,-140.39,0
42.5750,-140.39,0
42.5800,79.89,0
42.5850,104.74,0
42.5900,104.74,0
42.5950,67.07,0
42.6000,67.07,0
42.6050,18.34,0
42.6100,18.34,0
42.6150,-70.64,0
42.6200,-70.64,0
42.6250,-70.64,0
42.6300,-70.64,0
42.6350,-70.64,0
42.6400,-140.39,0
42.6450,-70.64,0
42.6500,-477.69,0
42.6550,-477.69,0
42.6600,-574.81,0
42.6650,-513.07,0
42.6700,-513.07,0
42.6750,26.40,0
42.6800,-278.78,0
42.6850,-199.43,0
42.6900,-110.12,0
42.6950,-110.12,0
42.7000,-110.12,0
42.7050,-110.12,0
42.7100,-6.87,0
42.7150,-6.87,0
42.7200,-6.87,0
42.7250,-6.87,0
42.7300,-146.60,0
42.7350,-146.60,0
42.7400,-561.41,0
42.7450,-561.41,0
42.7500,-561.41,0
42.7550,-561.41,0
42.7600,-810.21,0
42.7650,-810.21,0
42.7700,-460.25,0
42.7750,-460.25,0
42.7800,-806.52,0
42.7850,-806.52,0
42.7900,-806.52,0
42.7950,-890.45,0
42.8000,-890.45,0
42.8050,-890.45,0
42.8100,-921.71,0
42.8150,-921.71,0
42.8200,-981.97,0
42.8250,-981.97,0
42.8300,-146.62,0
42.8350,-812.26,0
42.8400,-646.11,0
42.8450,-646.11,0
42.8500,-468.43,0
42.8550,-485.65,0
42.8600,-914.82,0
42.8650,-914.82,0
42.8700,-914.82,0
42.8750,-1045.68,0
42.8800,-701.69,0
42.8850,-701.69,0
42.8900,-624.67,0
42.8950,-624.67,0
42.9000,-423.73,0
42.9050,-423.73,0
42.9100,-181.29,0
42.9150,-650.99,0
42.9200,-650.99,0
42.9250,-1119.83,0
42.9300,-912.88,0
42.9350,-1264.24,0
42.9400,-1264.24,0
42.9450,-1264.24,0
42.9500,-1264.24,0
42.9550,-1600.84,0
42.9600,-812.55,0
42.9650,-1661.04,0
42.9700,-1661.04,0
42.9750,-1889.36,0
42.9800,-517.41,0
42.9850,-2210.31,0
42.9900,-2210.31,0
42.9950,-2210.31,0
43.0000,-2210.31,0
43.0050,-2608.65,0
43.0100,-2510.34,0
43.0150,-2510.34,0
43.0200,-1047.85,0
43.0250,-2418.19,0
43.0300,-2453.71,0
43.0350,-2453.71,0
43.0400,-2453.71,0
43.0450,-2453.71,0
43.0500,-2484.47,0
43.0550,-2484.47,0
43.0600,-2977.41,0
43.0650,-2977.41,0
43.0700,-2977.41,0
43.0750,-2885.67,0
43.0800,-1649.24,0
43.0850,-2336.42,0
43.0900,-2336.42,0
43.0950,-2336.42,0
43.1000,-2336.42,0
43.1050,-1725.64,0
43.1100,-1725.64,0
43.1150,-1102.07,0
43.1200,-1102.07,0
43.1250,-500.03,0
43.1300,-500.03,0
43.1350,-109.87,0
43.1400,-109.87,0
43.1450,-50.12,0
43.1500,-50.12,0
43.1550,-144.72,0
43.1600,-144.72,0
43.1650,62.81,0
43.1700,62.81,0
43.1750,62.81,0
43.1800,62.81,0
43.1850,112.20,0
43.1900,112.20,0
43.1950,589.99,0
43.2000,-144.72,0
43.2050,350.37,0
43.2100,350.37,0
43.2150,350.37,0
43.2200,-383.51,0
43.2250,-383.51,0
43.2300,-363.87,0
43.2350,-363.87,0
43.2400,-8.69,0
43.2450,112.20,0
43.2500,-8.69,0
43.2550,337.15,0
43.2600,337.15,0
43.2650,22.45,0
43.2700,22.45,0
43.2750,-349.01,0
43.2800,-349.01,0
43.2850,-1556.05,0
43.2900,992.81,0
43.2950,1299.63,0
43.3000,1299.63,0
43.3050,998.94,0
43.3100,998.94,0
43.3150,-363.88,0
43.3200,1601.65,0
43.3250,1601.65,0
43.3300,1601.65,0
43.3350,1942.49,0
43.3400,1942.49,0
43.3450,1671.73,0
43.3500,1671.73,0
43.3550,1178.83,0
43.3600,1178.83,0
43.3650,1178.83,0
43.3700,1178.83,0
43.3750,1178.83,0
43.3800,544.01,0
43.3850,544.01,0
43.3900,-56.37,0
43.3950,710.50,0
43.4000,710.50,0
43.4050,17.00,0
43.4100,17.00,0
43.4150,-67.50,0
43.4200,-67.50,0
43.4250,188.15,0
43.4300,552.63,0
43.4350,78.71,0
43.4400,212.15,0
43.4450,212.15,0
43.4500,-323.55,0
43.4550,228.39,0
43.4600,388.17,0
43.4650,388.17,0
43.4700,388.17,0
43.4750,1262.05,0
43.4800,177.33,0
43.4850,177.33,0
43.4900,87.94,0
43.4950,87.94,0
43.5000,-99.09,0
43.5050,-99.09,0
43.5100,186.39,0
43.5150,186.39,0
43.5200,177.33,0
43.5250,186.39,0
43.5300,1681.36,0
43.5350,1681.36,0
43.5400,1681.36,0
43.5450,1907.33,0
43.5500,1907.33,0
43.5550,2085.75,0
43.5600,2085.75,0
43.5650,2085.75,0
43.5700,2085.75,0
43.5750,-75.49,0
43.5800,1669.67,0
43.5850,1444.24,0
43.5900,1444.24,0
43.5950,1541.59,0
43.6000,1541.59,0
43.6050,107.74,0
43.6100,1645.10,0
43.6150,1645.10,0
43.6200,1645.10,0
43.6250,1645.10,0
43.6300,1645.10,0
43.6350,1515.33,0
43.6400,1515.33,0
43.6450,1402.32,0
43.6500,1402.32,0
43.6550,1601.98,0
43.6600,1601.98,0
43.6650,1652.51,0
43.6700,1652.51,0
43.6750,1652.51,0
43.6800,1928.25,0
43.6850,1928.25,0
43.6900,2085.82,0
43.6950,1648.27,0
43.7000,2115.94,0
43.7050,2115.94,0
43.7100,2115.94,0
43.7150,2115.94,0
43.7200,1645.10,0
43.7250,1552.02,0
43.7300,1840.19,0
43.7350,1840.19,0
43.7400,1920.75,0
43.7450,1920.75,0
43.7500,1663.95,0
43.7550,1663.95,0
43.7600,1297.48,0
43.7650,1297.48,0
43.7700,750.83,0
43.7750,750.83,0
43.7800,606.95,0
43.7850,1552.01,0
43.7900,942.56,0
43.7950,942.56,0
43.8000,1412.37,0
43.8050,1749.80,0
43.8100,1277.33,0
43.8150,1391.40,0
43.8200,1391.40,0
43.8250,1126.03,0
43.8300,1548.06,0
43.8350,1126.03,0
43.8400,1262.49,0
43.8450,1262.49,0
43.8500,1298.50,0
43.8550,1298.50,0
43.8600,1295.16,0
43.8650,1295.16,0
43.8700,1295.16,0
43.8750,1295.16,0
43.8800,1277.34,0
43.8850,1277.34,0
43.8900,1519.57,0
43.8950,1519.57,0
43.9000,893.89,0
43.9050,1234.63,0
43.9100,1234.63,0
43.9150,771.11,0
43.9200,771.11,0
43.9250,1295.16,0
43.9300,926.34,0
43.9350,1060.13,0
43.9400,1060.13,0
43.9450,729.97,0
43.9500,729.97,0
43.9550,1262.30,0
43.9600,729.97,0
43.9650,776.86,0
43.9700,776.86,0
43.9750,776.86,0
43.9800,1078.72,0
43.9850,1454.34,0
43.9900,757.07,0
43.9950,757.07,0
44.0000,757.07,0
44.0050,757.07,0
44.0100,757.07,0
44.0150,757.07,0
44.0200,1076.24,0
44.0250,1076.24,0
44.0300,1071.89,0
44.0350,1071.89,0
44.0400,943.01,0
44.0450,943.01,0
44.0500,1247.73,0
44.0550,1247.73,0
44.0600,1247.73,0
44.0650,1247.73,0
44.0700,952.76,0
44.0750,952.76,0
44.0800,952.76,0
44.0850,1300.50,0
44.0900,940.22,0
44.0950,686.12,0
44.1000,-644.57,0
44.1050,993.03,0
44.1100,-644.57,0
44.1150,-644.57,0
44.1200,1223.62,0
44.1250,-644.57,0
44.1300,-25.73,0
44.1350,-25.73,0
44.1400,-53.31,0
44.1450,-53.31,0
44.1500,-124.47,0
44.1550,-124.47,0
44.1600,-178.45,0
44.1650,-178.45,0
44.1700,-178.45,0
44.1750,-113.16,0
44.1800,-113.16,0
44.1850,180.33,0
44.1900,-25.73,0
44.1950,376.82,0
44.2000,376.82,0
44.2050,315.59,0
44.2100,315.59,0
44.2150,34.86,0
44.2200,34.86,0
44.2250,-128.89,0
44.2300,-128.89,0
44.2350,-688.53,0
44.2400,-688.53,0
44.2450,-1054.41,0
44.2500,-1054.41,0
44.2550,-1061.35,0
44.2600,-1061.35,0
44.2650,-734.69,0
44.2700,-1117.73,0
44.2750,-1117.73,0
44.2800,-746.04,0
44.2850,-746.04,0
44.2900,-808.68,1
44.2950,-808.68,0
44.3000,-861.55,0
44.3050,-861.55,0
44.3100,-861.55,0
44.3150,-270.15,0
44.3200,-199.65,0
44.3250,-870.71,0
44.3300,-870.71,0
44.3350,-677.95,0
44.3400,-1033.39,0
44.3450,-615.38,0
44.3500,-1033.39,0
44.3550,-1277.12,0
44.3600,-1277.12,0
44.3650,-1277.12,0
44.3700,-1277.12,0
44.3750,-1308.40,0
44.3800,-1308.40,0
44.3850,-1257.76,0
44.3900,-1257.76,0
44.3950,-1973.48,0
44.4000,-100.55,0
44.4050,-2297.37,0
44.4100,-2297.37,0
44.4150,-2297.37,0
44.4200,-2297.37,0
44.4250,-2214.73,0
44.4300,-2214.73,0
44.4350,-2458.13,0
44.4400,-2458.13,0
44.4450,-3037.91,0
44.4500,-3037.91,0
44.4550,-3476.88,0
44.4600,-3476.88,0
44.4650,-4369.28,0
44.4700,-4369.28,0
44.4750,-4552.56,0
44.4800,-4552.56,0
44.4850,-4544.34,0
44.4900,-4544.34,0
44.4950,-4678.58,0
44.5000,-4678.58,0
44.5050,-4762.10,0
44.5100,-4805.02,0
44.5150,-4805.02,0
44.5200,-4814.98,0
44.5250,-4814.98,0
44.5300,-1138.61,0
44.5350,-4900.02,0
44.5400,-2586.71,0
44.5450,-4461.07,0
44.5500,-4337.11,0
44.5550,-4312.95,0
44.5600,-4312.95,0
44.5650,-4234.85,0
44.5700,-4234.85,0
44.5750,-4805.02,0
44.5800,-3624.47,0
44.5850,-3624.47,0
44.5900,-3624.47,0
44.5950,-4591.40,0
44.6000,-4200.22,0
44.6050,-4200.22,0
44.6100,-3778.11,0
44.6150,-4200.22,0
44.6200,-3778.11,0
44.6250,-3778.11,0
44.6300,-2236.96,0
44.6350,-4797.45,0
44.6400,-2147.40,0
44.6450,-2236.96,0
44.6500,-1971.81,0
44.6550,-1971.81,0
44.6600,-1944.96,0
44.6650,-1944.96,0
44.6700,-1465.19,0
44.6750,-2112.33,0
44.6800,-4795.93,0
44.6850,-1465.19,0
44.6900,-1465.19,0
44.6950,-998.53,0
44.7000,-998.53,0
44.7050,-3625.82,0
44.7100,-424.27,0
44.7150,-424.27,0
44.7200,-872.02,0
44.7250,-4597.89,0
44.7300,-265.25,0
44.7350,-160.58,0
44.7400,-160.58,0
44.7450,-208.20,0
44.7500,-208.20,0
44.7550,-208.20,0
44.7600,-3770.25,0
44.7650,665.32,0
44.7700,665.32,0
44.7750,898.36,0
44.7800,898.36,0
44.7850,960.88,0
44.7900,960.88,0
44.7950,-1101.99,0
44.8000,1137.72,0
44.8050,-2092.60,0
44.8100,1602.66,0
44.8150,1602.66,0
44.8200,1602.66,0
44.8250,1798.39,0
44.8300,-357.07,0
44.8350,2140.06,0
44.8400,2140.06,0
44.8450,1893.57,0
44.8500,1893.57,0
44.8550,1893.57,0
44.8600,1893.57,0
44.8650,1722.08,0
44.8700,-1060.63,0
44.8750,1802.62,0
44.8800,1802.62,0
44.8850,-251.52,0
44.8900,2523.35,0
44.8950,2671.62,0
44.9000,2671.62,0
44.9050,2671.62,0
44.9100,2671.62,0
44.9150,2652.50,0
44.9200,2652.50,0
44.9250,-1484.59,0
44.9300,-1484.59,0
44.9350,-1505.49,0
44.9400,-1505.49,0
44.9450,-1624.41,0
44.9500,-1543.51,0
44.9550,-1543.51,0
44.9600,-1505.49,0
44.9650,-1543.51,0
44.9700,-1543.51,0
44.9750,2671.30,0
44.9800,-1658.16,0
44.9850,-1605.03,0
44.9900,-1605.03,0
44.9950,1722.00,0
45.0000,-1720.94,0
45.0050,-2042.48,0
45.0100,2325.21,0
45.0150,-2042.48,0
45.0200,-2042.48,0
45.0250,-2042.48,0
45.0300,-2042.48,0
45.0350,-2123.80,0
45.0400,-1989.69,0
45.0450,-1989.69,0
45.0500,-1989.69,0
45.0550,-1925.71,0
45.0600,-1925.71,0
45.0650,-1925.71,0
45.0700,-1925.71,0
45.0750,-1925.71,0
45.0800,-1925.71,0
45.0850,-1607.24,0
45.0900,-1854.23,0
45.0950,-1916.48,0
45.1000,-1914.58,0
45.1050,-1914.58,0
45.1100,-1938.28,0
45.1150,-1782.34,0
45.1200,-1946.52,0
45.1250,-1951.74,0
45.1300,-1951.74,0
45.1350,-1655.60,0
45.1400,-1931.57,0
45.1450,-1931.57,0
45.1500,-1931.57,0
45.1550,-1931.57,0
45.1600,-1978.57,0
45.1650,-1978.57,0
45.1700,-1978.57,0
45.1750,-2157.64,0
45.1800,-2157.64,0
45.1850,-2157.64,0
45.1900,-2173.77,0
45.1950,-2173.77,0
45.2000,-2218.82,0
45.2050,-2218.82,0
45.2100,-2080.15,0
45.2150,-2080.15,0
45.2200,-2080.15,0
45.2250,-1998.01,0
45.2300,-1998.01,0
45.2350,-1809.80,0
45.2400,-2020.26,0
45.2450,-2020.26,0
45.2500,-2020.26,0
45.2550,-1858.87,0
45.2600,-1858.87,0
45.2650,-1858.87,0
45.2700,-1858.87,0
45.2750,-1858.87,0
45.2800,-1858.87,0
45.2850,-1887.84,0
45.2900,-1932.96,0
45.2950,-2049.89,0
45.3000,-1831.83,0
45.3050,-1273.29,0
45.3100,-1711.56,0
45.3150,-615.90,0
45.3200,-615.90,0
45.3250,-332.57,0
45.3300,-332.57,0
45.3350,-648.66,0
45.3400,-648.66,0
45.3450,-699.10,0
45.3500,-699.10,0
45.3550,-603.93,0
45.3600,-603.93,0
45.3650,-541.91,0
45.3700,-541.91,0
45.3750,-107.95,0
45.3800,-107.95,0
45.3850,-12.18,0
45.3900,-12.18,0
45.3950,27.96,0
45.4000,-771.06,0
45.4050,27.96,0
45.4100,27.96,0
45.4150,65.63,0
45.4200,65.63,0
45.4250,452.09,0
45.4300,452.09,0
45.4350,-178.90,0
45.4400,-1208.28,0
45.4450,-178.90,0
45.4500,-530.33,0
45.4550,-530.33,0
45.4600,-384.44,0
45.4650,361.15,0
45.4700,459.22,0
45.4750,459.22,0
45.4800,-830.34,0
45.4850,459.22,0
45.4900,962.23,0
45.4950,962.23,0
45.5000,852.39,0
45.5050,852.39,0
45.5100,1056.20,0
45.5150,1056.20,0
45.5200,-356.05,0
45.5250,1131.65,0
45.5300,1131.65,0
45.5350,1114.41,0
45.5400,1114.41,0
45.5450,1114.41,0
45.5500,1114.41,0
45.5550,887.19,0
45.5600,1097.58,0
45.5650,1110.02,0
45.5700,1110.02,0
45.5750,1355.57,0
45.5800,1355.57,0
45.5850,1555.72,0
45.5900,1555.72,0
45.5950,1420.58,0
45.6000,1420.58,0
45.6050,1117.54,0
45.6100,1117.54,0
45.6150,1117.54,0
45.6200,1117.54,0
45.6250,1091.24,0
45.6300,1091.24,0
45.6350,-398.42,0
45.6400,1053.07,0
45.6450,1018.04,0
45.6500,1018.04,0
45.6550,1022.00,0
45.6600,1022.00,0
45.6650,1052.56,0
45.6700,1052.56,0
45.6750,1004.27,0
45.6800,1004.27,0
45.6850,1049.86,0
45.6900,1049.86,0
45.6950,1154.55,0
45.7000,1154.55,0
45.7050,1020.64,0
45.7100,1085.80,0
45.7150,1085.80,0
45.7200,1085.80,0
45.7250,1085.80,0
45.7300,1037.34,0
45.7350,1037.34,0
45.7400,12.60,0
45.7450,12.60,0
45.7500,8.11,0
45.7550,8.11,0
45.7600,11.07,0
45.7650,11.07,0
45.7700,5.30,0
45.7750,5.30,0
45.7800,-322.30,0
45.7850,-322.30,0
45.7900,-131.43,0
45.7950,-131.43,0
45.8000,1037.34,0
45.8050,49.68,0
45.8100,-2.51,0
45.8150,-2.51,0
45.8200,-2.51,0
45.8250,-2.51,0
45.8300,-6.09,0
45.8350,-6.09,0
45.8400,-64.44,0
45.8450,-64.44,0
45.8500,-283.98,0
45.8550,-283.98,0
45.8600,-510.28,0
45.8650,-510.28,0
45.8700,-510.28,0
45.8750,-510.28,0
45.8800,-109.20,0
45.8850,-109.20,0
45.8900,187.04,0
45.8950,187.04,0
45.9000,-84.82,0
45.9050,-84.82,0
45.9100,-84.82,0
45.9150,-84.82,0
45.9200,-84.82,0
45.9250,10.65,0
45.9300,10.65,0
45.9350,-46.72,0
45.9400,5.57,0
45.9450,-149.55,0
45.9500,-149.55,0
45.9550,-149.55,0
45.9600,-714.55,0
45.9650,-714.55,0
45.9700,-714.55,0
45.9750,-495.78,0
45.9800,-495.78,0
45.9850,-485.54,0
45.9900,-485.54,0
45.9950,31.31,0
46.0000,31.31,0
46.0050,8.91,0
46.0100,8.91,0
46.0150,8.91,0
46.0200,8.91,0
46.0250,-490.22,0
46.0300,-809.46,0
46.0350,-302.37,0
46.0400,-302.37,0
46.0450,-302.37,0
46.0500,-709.83,0
46.0550,-302.37,0
46.0600,-302.37,0
46.0650,-302.37,0
46.0700,-302.37,0
46.0750,204.67,0
46.0800,204.67,0
46.0850,406.76,0
46.0900,8.91,0
46.0950,406.76,0
46.1000,104.22,0
46.1050,104.22,0
46.1100,-165.57,0
46.1150,-715.05,0
46.1200,-715.05,0
46.1250,-715.05,0
46.1300,-727.63,0
46.1350,-727.63,0
46.1400,-727.63,0
46.1450,-727.63,0
46.1500,543.37,0
46.1550,-1057.26,0
46.1600,-149.03,0
46.1650,-22.45,0
46.1700,-364.19,0
46.1750,173.24,0
46.1800,-313.56,0
46.1850,-119.89,0
46.1900,-299.90,0
46.1950,7.94,0
46.2000,7.94,0
46.2050,115.95,0
46.2100,115.95,0
46.2150,-782.98,0
46.2200,-782.98,0
46.2250,-782.98,0
46.2300,-22.44,0
46.2350,-690.47,0
46.2400,-690.47,0
46.2450,-690.47,0
46.2500,-1025.76,0
46.2550,-1025.76,0
46.2600,-957.35,0
46.2650,-957.35,0
46.2700,-941.10,0
46.2750,-874.59,0
46.2800,-874.59,0
46.2850,-724.27,0
46.2900,125.27,0
46.2950,-874.59,0
46.3000,-717.52,0
46.3050,-717.52,0
46.3100,-1025.76,0
46.3150,-752.39,0
46.3200,-1011.96,0
46.3250,188.08,0
46.3300,-1222.74,0
46.3350,-1222.74,0
46.3400,-1222.74,0
46.3450,-1222.74,0
46.3500,-993.10,0
46.3550,-993.10,0
46.3600,-913.95,0
46.3650,-913.95,0
46.3700,-1061.68,0
46.3750,-1061.68,0
46.3800,-980.60,0
46.3850,-980.60,0
46.3900,-980.60,0
46.3950,-980.60,0
46.4000,-622.87,0
46.4050,-795.20,0
46.4100,-795.20,0
46.4150,-1078.54,0
46.4200,-1078.54,0
46.4250,-1175.24,0
46.4300,-1175.24,0
46.4350,-1059.52,0
46.4400,-1059.52,0
46.4450,-728.58,0
46.4500,-1012.24,0
46.4550,-1062.37,0
46.4600,-1062.37,0
46.4650,-1062.37,0
46.4700,-1049.06,0
46.4750,-1049.06,0
46.4800,-1083.94,0
46.4850,-1034.14,0
46.4900,-1034.14,0
46.4950,-1034.14,0
46.5000,-1097.12,0
46.5050,-959.42,0
46.5100,-959.42,0
46.5150,-843.21,0
46.5200,-843.21,0
46.5250,-843.21,0
46.5300,-1062.37,0
46.5350,-981.06,0
46.5400,-1126.27,0
46.5450,-1126.27,0
46.5500,-1201.08,0
46.5550,-1201.08,0
46.5600,-1041.13,0
46.5650,-1041.13,0
46.5700,-169.37,0
46.5750,-978.81,0
46.5800,-201.97,0
46.5850,-201.97,0
46.5900,-201.97,0
46.5950,-201.97,0
46.6000,112.11,0
46.6050,112.11,0
46.6100,172.67,0
46.6150,172.67,0
46.6200,172.67,0
46.6250,172.67,0
46.6300,49.22,0
46.6350,49.22,0
46.6400,-36.20,0
46.6450,-74.55,0
46.6500,-32.55,0
46.6550,15.49,0
46.6600,-92.81,0
46.6650,-411.95,0
46.6700,-92.81,0
46.6750,-92.81,0
46.6800,-75.62,0
46.6850,-75.62,0
46.6900,-99.90,0
46.6950,-61.17,0
46.7000,-61.17,0
46.7050,-17.72,0
46.7100,-924.82,0
46.7150,8.52,0
46.7200,8.52,0
46.7250,-69.88,0
46.7300,-71.54,0
46.7350,-69.88,0
46.7400,-100.85,0
46.7450,108.52,0
46.7500,108.52,0
46.7550,108.52,0
46.7600,141.37,0
46.7650,141.37,0
46.7700,218.14,0
46.7750,498.73,0
46.7800,498.73,0
46.7850,-31.22,0
46.7900,145.47,0
46.7950,145.47,0
46.8000,-92.56,0
46.8050,351.20,0
46.8100,957.64,0
46.8150,957.64,0
46.8200,957.64,0
46.8250,957.64,0
46.8300,872.60,0
46.8350,872.60,0
46.8400,-37.18,0
46.8450,-37.18,0
46.8500,-475.45,0
46.8550,-475.45,0
46.8600,-848.26,0
46.8650,-848.26,0
46.8700,108.51,0
46.8750,428.57,0
46.8800,-848.26,0
46.8850,-602.20,0
46.8900,-306.02,0
46.8950,-735.91,0
46.9000,-735.91,0
46.9050,-537.44,0
46.9100,-537.44,0
46.9150,80.72,0
46.9200,-254.69,0
46.9250,-16.78,0
46.9300,-16.78,0
46.9350,-89.34,0
46.9400,-16.78,0
46.9450,-375.35,0
46.9500,-375.35,0
46.9550,0.80,0
46.9600,0.80,0
46.9650,-335.63,0
46.9700,-335.63,0
46.9750,-661.19,0
46.9800,-661.19,0
46.9850,-1515.20,0
46.9900,-1515.20,0
46.9950,-297.85,0
47.0000,-1596.34,0
47.0050,-1515.20,0
47.0100,-1588.44,0
47.0150,-1588.44,0
47.0200,-1515.30,0
47.0250,-1515.30,0
47.0300,-1917.06,0
47.0350,-1917.06,0
47.0400,-2065.90,0
47.0450,-2065.90,0
47.0500,-2065.90,0
47.0550,-2065.90,0
47.0600,-859.38,0
47.0650,-859.38,0
47.0700,-1422.58,0
47.0750,-1422.58,0
47.0800,-1515.62,0
47.0850,-1515.62,0
47.0900,-1994.22,0
47.0950,-1994.22,0
47.1000,-2173.23,0
47.1050,-2173.23,0
47.1100,-1695.38,0
47.1150,-1695.38,0
47.1200,-909.81,0
47.1250,-909.81,0
47.1300,-1276.18,0
47.1350,-1276.18,0
47.1400,-1631.56,0
47.1450,-1631.56,0
47.1500,-2451.46,0
47.1550,-2451.46,0
47.1600,-2419.44,0
47.1650,-3412.25,0
47.1700,-3412.25,0
47.1750,-2963.73,0
47.1800,-2963.73,0
47.1850,-2963.73,0
47.1900,-3515.83,0
47.1950,-3515.83,0
47.2000,-4036.54,0
47.2050,-4036.54,0
47.2100,-4036.54,0
47.2150,-4036.54,0
47.2200,-3807.01,0
47.2250,-3807.01,0
47.2300,-3983.30,0
47.2350,-2047.71,0
47.2400,-4262.32,0
47.2450,-910.44,0
47.2500,-3802.77,0
47.2550,-3802.77,0
47.2600,-3802.77,0
47.2650,-3802.77,0
47.2700,-3611.18,0
47.2750,-2999.45,0
47.2800,-3523.97,0
47.2850,-4261.51,0
47.2900,-4261.51,0
47.2950,-4460.67,0
47.3000,-4460.67,0
47.3050,-4460.67,0
47.3100,-4646.86,0
47.3150,-3802.77,0
47.3200,-3979.11,0
47.3250,-3979.11,0
47.3300,-3979.11,0
47.3350,-2970.04,0
47.3400,-3807.67,0
47.3450,-4772.96,0
47.3500,-4772.96,0
47.3550,-5096.36,0
47.3600,-5096.36,0
47.3650,-3922.65,0
47.3700,-4856.35,0
47.3750,-4856.35,0
47.3800,-5082.90,0
47.3850,-5082.90,0
47.3900,-741.22,0
47.3950,-821.52,0
47.4000,-3951.58,0
47.4050,-653.96,0
47.4100,-3524.78,0
47.4150,-816.91,0
47.4200,-4959.40,0
47.4250,-893.61,0
47.4300,-781.03,0
47.4350,-781.03,0
47.4400,-873.83,0
47.4450,-873.83,0
47.4500,-4856.36,0
47.4550,-897.85,0
47.4600,-729.46,0
47.4650,-729.46,0
47.4700,-729.46,0
47.4750,-694.68,0
47.4800,-694.68,0
47.4850,-797.03,0
47.4900,-797.03,0
47.4950,-726.53,0
47.5000,-726.53,0
47.5050,-771.29,0
47.5100,-771.29,0
47.5150,-593.51,0
47.5200,-593.51,0
47.5250,-4854.00,0
47.5300,-683.02,0
47.5350,-683.02,0
47.5400,-683.02,0
47.5450,-889.51,0
47.5500,-889.51,0
47.5550,-889.51,0
47.5600,-1007.64,0
47.5650,-1007.64,0
47.5700,-236.31,0
47.5750,-713.07,0
47.5800,-713.07,0
47.5850,-713.07,0
47.5900,-713.07,0
47.5950,-713.07,0
47.6000,-759.30,0
47.6050,-673.87,0
47.6100,-868.73,0
47.6150,-1025.83,0
47.6200,-1025.83,0
47.6250,-678.89,0
47.6300,-1086.87,0
47.6350,-852.65,0
47.6400,-1086.87,0
47.6450,-1086.87,0
47.6500,-1560.77,0
47.6550,-1560.77,0
47.6600,-1886.76,0
47.6650,-1886.76,0
47.6700,-1915.51,0
47.6750,-1915.51,0
47.6800,-1837.13,0
47.6850,-2416.75,0
47.6900,-2416.75,0
47.6950,-2276.91,0
47.7000,-2276.91,0
47.7050,-2904.71,0
47.7100,-2904.71,0
47.7150,-2919.80,0
47.7200,-2919.80,0
47.7250,-3171.83,0
47.7300,-3171.83,0
47.7350,-946.12,0
47.7400,-4154.69,0
47.7450,-884.42,0
47.7500,-4427.42,0
47.7550,-4491.14,0
47.7600,-4427.42,0
47.7650,-4427.42,0
47.7700,-4379.75,0
47.7750,-4379.75,0
47.7800,-4379.75,0
47.7850,-4379.75,0
47.7900,-3992.40,0
47.7950,-3290.96,0
47.8000,-2512.32,0
47.8050,-3496.77,0
47.8100,-3496.77,0
47.8150,-3496.77,0
47.8200,-3059.37,0
47.8250,-2940.68,0
47.8300,-2940.68,0
47.8350,-3170.84,0
47.8400,-3170.84,0
47.8450,-3241.80,0
47.8500,-3241.80,0
47.8550,-3241.80,0
47.8600,-3241.80,0
47.8650,-2528.24,0
47.8700,-2928.98,0
47.8750,-3042.07,0
47.8800,-3042.07,0
47.8850,-3042.07,0
47.8900,-3999.62,0
47.8950,-3999.62,0
47.9000,-4019.67,0
47.9050,-4019.67,0
47.9100,-3717.02,0
47.9150,-3717.02,0
47.9200,-3591.66,0
47.9250,-3749.98,0
47.9300,-3776.62,0
47.9350,-3841.27,0
47.9400,-3841.27,0
47.9450,-3841.27,0
47.9500,-3421.27,0
47.9550,-3421.27,0
47.9600,-3943.95,0
47.9650,-3943.95,0
47.9700,-4295.22,0
47.9750,-3961.58,0
47.9800,-3961.58,0
47.9850,-3961.58,0
47.9900,-4019.68,0
47.9950,-3961.58,0
48.0000,-3850.90,0
48.0050,-3954.31,0
48.0100,-4202.31,0
48.0150,-4093.88,0
48.0200,-4093.88,0
48.0250,-3632.64,0
48.0300,-3632.64,0
48.0350,-4123.78,0
48.0400,-4123.78,0
48.0450,-4123.78,0
48.0500,-4139.85,0
48.0550,-4139.85,0
48.0600,-3599.52,0
48.0650,-3599.52,0
48.0700,-3599.52,0
48.0750,-3599.52,0
48.0800,-3239.78,0
48.0850,-2494.44,0
48.0900,-2494.44,0
48.0950,-2494.44,0
48.1000,-3962.70,0
48.1050,-2806.47,0
48.1100,-2883.73,0
48.1150,-2883.73,0
48.1200,-3398.73,0
48.1250,-3398.73,0
48.1300,-3398.73,0
48.1350,-3595.53,0
48.1400,-3595.53,0
48.1450,-3595.53,0
48.1500,-3921.92,0
48.1550,-3921.92,0
48.1600,-3946.87,0
48.1650,-3949.65,0
48.1700,-4315.33,0
48.1750,-3949.65,0
48.1800,-3949.65,0
48.1850,-3949.65,0
48.1900,-4082.54,0
48.1950,-4341.03,0
48.2000,-3719.98,0
48.2050,-3760.17,0
48.2100,-379.32,0
48.2150,-1615.77,0
48.2200,-1615.77,0
48.2250,-1615.77,0
48.2300,-1615.77,0
48.2350,-1615.77,0
48.2400,-1615.77,0
48.2450,-1636.65,0
48.2500,-1636.65,0
48.2550,-1636.65,0
48.2600,-3920.37,0
48.2650,-1806.30,0
48.2700,-1806.30,0
48.2750,-1569.64,0
48.2800,-1569.64,0
48.2850,-1569.64,0
48.2900,-1569.64,0
48.2950,-1980.52,0
48.3000,-1980.52,0
48.3050,-2067.46,0
48.3100,-1821.53,0
48.3150,-2067.46,0
48.3200,-2067.46,0
48.3250,-2067.46,0
48.3300,-2067.46,0
48.3350,-2067.46,0
48.3400,-2067.46,0
48.3450,-2519.65,0
48.3500,-2519.65,0
48.3550,-2318.12,0
48.3600,-2318.12,0
48.3650,-2542.18,0
48.3700,-2542.18,0
48.3750,-3093.97,0
48.3800,-3093.97,0
48.3850,-3093.97,0
48.3900,-1851.11,0
48.3950,-2276.62,0
48.4000,-2276.62,0
48.4050,-2833.96,0
48.4100,-2833.96,0
48.4150,-2302.48,0
48.4200,-2646.68,0
48.4250,-1810.15,0
48.4300,-2646.68,0
48.4350,-2646.68,0
48.4400,-1556.48,0
48.4450,-2646.68,0
48.4500,-3108.12,0
48.4550,-2579.04,0
48.4600,-2579.04,0
48.4650,-2646.68,0
48.4700,-3110.31,0
48.4750,-2496.35,0
48.4800,-2496.35,0
48.4850,-2844.06,0
48.4900,-2852.12,0
48.4950,-3027.01,0
48.5000,-3264.30,0
48.5050,-3264.30,0
48.5100,-3264.30,0
48.5150,-3244.43,0
48.5200,-3067.85,0
48.5250,-3067.85,0
48.5300,-3213.32,0
48.5350,-3213.32,0
48.5400,-3919.20,0
48.5450,-3919.20,0
48.5500,-4206.96,0
48.5550,-4206.96,0
48.5600,-4206.96,0
48.5650,-3963.16,0
48.5700,-3887.10,0
48.5750,-3887.10,0
48.5800,-3887.10,0
48.5850,-3822.72,0
48.5900,-3822.72,0
48.5950,-3798.57,0
48.6000,-3879.46,0
48.6050,-3879.46,0
48.6100,-3879.46,0
48.6150,-4081.75,0
48.6200,-4081.19,0
48.6250,-4081.19,0
48.6300,-4081.19,0
48.6350,-3911.94,0
48.6400,-3911.94,0
48.6450,-3892.85,0
48.6500,-3892.85,0
48.6550,-3892.85,0
48.6600,-3892.85,0
48.6650,-4206.59,0
48.6700,-3835.22,0
48.6750,-4002.16,0
48.6800,-4002.16,0
48.6850,-4002.16,0
48.6900,-3910.67,0
48.6950,-3865.58,0
48.7000,-3091.45,0
48.7050,-3819.64,0
48.7100,-3819.64,0
48.7150,-3988.47,0
48.7200,-3691.50,0
48.7250,-3809.25,0
48.7300,-3809.25,0
48.7350,-3641.32,0
48.7400,-3641.32,0
48.7450,-4106.58,0
48.7500,-4106.58,0
48.7550,-3871.68,0
48.7600,-3871.68,0
48.7650,-3502.51,0
48.7700,-4086.60,0
48.7750,-3502.51,0
48.7800,-3502.51,0
48.7850,-3502.51,0
48.7900,-3502.51,0
48.7950,-3746.95,0
48.8000,-3746.95,0
48.8050,-3499.99,0
48.8100,-4057.89,0
48.8150,-4057.89,0
48.8200,-3762.79,0
48.8250,-3733.69,0
48.8300,-3578.07,0
48.8350,-3578.07,0
48.8400,-3294.52,0
48.8450,-3294.52,0
48.8500,-3526.69,0
48.8550,-3526.69,0
48.8600,-4085.63,0
48.8650,-4085.63,0
48.8700,-4085.63,0
48.8750,-4085.63,0
48.8800,-4461.23,0
48.8850,-4461.23,0
48.8900,-4461.23,0
48.8950,-4842.47,0
48.9000,-5246.27,0
48.9050,-5246.27,0
48.9100,-5341.43,0
48.9150,-4069.96,0
48.9200,-5341.43,0
48.9250,-5341.43,0
48.9300,-3482.85,0
48.9350,-4969.58,0
48.9400,-4969.58,0
48.9450,-4554.11,0
48.9500,-4554.11,0
48.9550,-4755.61,0
48.9600,-4755.61,0
48.9650,-4847.14,0
48.9700,-4847.14,0
48.9750,-4977.21,0
48.9800,-4977.21,0
48.9850,-4995.81,0
48.9900,-4995.81,0
48.9950,-4995.81,0
49.0000,-4995.81,0
49.0050,-4945.78,0
49.0100,-4733.24,0
49.0150,-4448.76,0
49.0200,-3782.15,0
49.0250,-50.87,0
49.0300,-50.87,0
49.0350,-50.87,0
49.0400,-50.87,0
49.0450,34.59,0
49.0500,34.59,0
49.0550,98.32,0
49.0600,270.97,0
49.0650,-5354.01,0
49.0700,5.84,0
49.0750,-4555.17,0
49.0800,30.27,0
49.0850,-2.28,0
49.0900,-2.28,0
49.0950,36.52,0
49.1000,36.52,0
49.1050,36.52,0
49.1100,31.42,0
49.1150,31.42,0
49.1200,64.29,0
49.1250,64.29,0
49.1300,48.93,0
49.1350,48.93,0
49.1400,158.23,0
49.1450,158.23,0
49.1500,82.31,0
49.1550,82.31,0
49.1600,-134.31,0
49.1650,-134.31,0
49.1700,-276.01,0
49.1750,-276.01,0
49.1800,-235.32,0
49.1850,-235.32,0
49.1900,30.88,0
49.1950,-725.06,0
49.2000,8.98,0
49.2050,-868.99,0
49.2100,-868.99,0
49.2150,-868.99,0
49.2200,-691.17,0
49.2250,-691.17,0
49.2300,-654.98,0
49.2350,-1180.01,0
49.2400,-1180.01,0
49.2450,-5.70,0
49.2500,64.57,0
49.2550,-795.40,0
49.2600,-795.40,0
49.2650,-676.66,0
49.2700,-676.66,0
49.2750,-676.66,0
49.2800,-899.84,0
49.2850,112.81,0
49.2900,-1197.52,1
49.2950,-1197.52,0
49.3000,-831.36,0
49.3050,-725.06,0
49.3100,-739.02,0
49.3150,-739.02,0
49.3200,-1277.34,0
49.3250,-1073.75,0
49.3300,-1277.34,0
49.3350,-905.24,0
49.3400,-359.00,0
49.3450,-800.10,0
49.3500,-800.10,0
49.3550,-800.10,0
49.3600,-1108.67,0
49.3650,-1108.67,0
49.3700,-744.20,0
49.3750,-1384.40,0
49.3800,-1842.70,0
49.3850,-1842.70,0
49.3900,-1977.52,0
49.3950,-1977.52,0
49.4000,-1660.77,0
49.4050,-1660.77,0
49.4100,-1751.21,0
49.4150,-1751.21,0
49.4200,-1894.14,0
49.4250,-1894.14,0
49.4300,-1894.14,0
49.4350,-1894.14,0
49.4400,-2009.67,0
49.4450,-1969.34,0
49.4500,-1969.34,0
49.4550,-1969.34,0
49.4600,-2015.47,0
49.4650,-1986.85,0
49.4700,-1986.85,0
49.4750,-1986.85,0
49.4800,-1986.85,0
49.4850,-1881.20,0
49.4900,-1881.20,0
49.4950,-1881.20,0
49.5000,-1791.70,0
49.5050,-1791.70,0
49.5100,-1987.25,0
49.5150,-2205.14,0
49.5200,-2078.61,0
49.5250,-2078.61,0
49.5300,-1807.06,0
49.5350,-2078.61,0
49.5400,-2132.11,0
49.5450,-1954.98,0
49.5500,-2475.16,0
49.5550,-1908.87,0
49.5600,-2920.43,0
49.5650,-2920.43,0
49.5700,-3060.46,0
49.5750,-3060.46,0
49.5800,-3153.59,0
49.5850,-3153.59,0
49.5900,-3603.73,0
49.5950,-3603.73,0
49.6000,-3603.73,0
49.6050,-3603.73,0
49.6100,-4108.01,0
49.6150,-4108.01,0
49.6200,-4129.45,0
49.6250,-4129.45,0
49.6300,-3957.81,0
49.6350,-3855.53,0
49.6400,-4581.44,0
49.6450,-2076.49,0
49.6500,-4581.44,0
49.6550,-1890.42,0
49.6600,-5131.55,0
49.6650,-5131.55,0
49.6700,-2485.93,0
49.6750,-4792.63,0
49.6800,-4792.63,0
49.6850,-4792.63,0
49.6900,-4792.63,0
49.6950,-4792.63,0
49.7000,-4935.76,0
49.7050,-1801.58,0
49.7100,-5287.34,0
49.7150,-5287.34,0
49.7200,-5287.34,0
49.7250,-5287.34,0
49.7300,-5854.72,0
49.7350,-5854.72,0
49.7400,-5217.90,0
49.7450,-6076.98,0
49.7500,-5325.57,0
49.7550,-5741.39,0
49.7600,-5741.39,0
49.7650,-5741.39,0
49.7700,-5741.39,0
49.7750,-5809.50,0
49.7800,-3833.67,0
49.7850,-5915.77,0
49.7900,-5915.77,0
49.7950,-5915.77,0
49.8000,-3830.67,0
49.8050,-5955.67,0
49.8100,-5955.67,0
49.8150,-5909.57,0
49.8200,-5909.57,0
49.8250,-5909.57,0
49.8300,-5909.57,0
49.8350,-5885.08,0
49.8400,-5885.08,0
49.8450,-6077.16,0
49.8500,-23.80,0
49.8550,-23.80,0
49.8600,-23.80,0
49.8650,224.28,0
49.8700,224.28,0
49.8750,-24.07,0
49.8800,-24.07,0
49.8850,-24.07,0
49.8900,-24.07,0
49.8950,-121.23,0
49.9000,-121.23,0
49.9050,245.00,0
49.9100,245.00,0
49.9150,875.48,0
49.9200,875.48,0
49.9250,181.57,0
49.9300,181.57,0
49.9350,181.57,0
49.9400,605.49,0
49.9450,-271.24,0
49.9500,81.94,0
49.9550,245.00,0
49.9600,-5943.20,0
49.9650,114.39,0
49.9700,114.39,0
49.9750,114.39,0
49.9800,114.39,0
49.9850,114.39,0
49.9900,114.39,0
49.9950,355.82,0
50.0000,355.82,0
50.0050,263.75,0
50.0100,263.75,0
50.0150,69.77,0
50.0200,69.77,0
50.0250,-316.09,0
50.0300,-316.09,0
50.0350,-270.75,0
50.0400,-270.75,0
50.0450,-82.54,0
50.0500,-226.68,0
50.0550,-471.61,0
50.0600,-471.61,0
50.0650,-218.88,0
50.0700,-218.88,0
50.0750,-452.98,0
50.0800,-822.29,0
50.0850,-14.15,0
50.0900,-14.15,0
50.0950,514.63,0
50.1000,514.63,0
50.1050,514.63,0
50.1100,514.63,0
50.1150,271.91,0
50.1200,271.91,0
50.1250,120.53,0
50.1300,120.53,0
50.1350,120.53,0
50.1400,120.53,0
50.1450,52.51,0
50.1500,52.51,0
50.1550,-204.40,0
50.1600,-822.29,0
50.1650,-229.42,0
50.1700,-229.42,0
50.1750,-178.75,0
50.1800,-14.15,0
50.1850,-212.05,0
50.1900,-212.05,0
50.1950,-212.88,0
50.2000,-212.88,0
50.2050,-162.55,0
50.2100,-162.55,0
50.2150,-162.55,0
50.2200,-162.55,0
50.2250,-162.55,0
50.2300,-162.55,0
50.2350,-154.09,0
50.2400,-823.11,0
50.2450,-160.52,0
50.2500,-212.05,0
50.2550,-160.52,0
50.2600,-109.46,0
50.2650,-109.46,0
50.2700,-32.91,0
50.2750,-32.91,0
50.2800,-111.46,0
50.2850,-111.46,0
50.2900,-153.34,0
50.2950,-153.34,0
50.3000,-250.77,0
50.3050,-250.77,0
50.3100,-83.06,0
50.3150,-83.06,0
50.3200,-143.31,0
50.3250,45.97,0
50.3300,45.97,0
50.3350,-327.30,0
50.3400,-923.17,0
50.3450,-923.17,0
50.3500,-923.17,0
50.3550,-923.17,0
50.3600,-654.59,0
50.3650,-654.59,0
50.3700,-47.60,0
50.3750,-47.60,0
50.3800,518.82,0
50.3850,518.82,0
50.3900,-200.83,0
50.3950,732.46,0
50.4000,732.46,0
50.4050,732.46,0
50.4100,862.69,0
50.4150,862.69,0
50.4200,990.50,0
50.4250,990.50,0
50.4300,1755.88,0
50.4350,1947.68,0
50.4400,1947.68,0
50.4450,1947.68,0
50.4500,-152.77,0
50.4550,1947.68,0
50.4600,1943.07,0
50.4650,1943.07,0
50.4700,-1069.76,0
50.4750,3365.71,0
50.4800,3365.71,0
50.4850,1215.13,0
50.4900,1497.30,0
50.4950,3812.64,0
50.5000,3812.64,0
50.5050,3812.64,0
50.5100,3812.64,0
50.5150,3812.64,0
50.5200,4136.75,0
50.5250,4136.75,0
50.5300,4136.75,0
50.5350,4105.20,0
50.5400,4105.20,0
50.5450,4105.20,0
50.5500,4020.61,0
50.5550,2650.46,0
50.5600,4011.05,0
50.5650,4011.05,0
50.5700,4011.05,0
50.5750,4011.05,0
50.5800,3985.78,0
50.5850,3931.44,0
50.5900,3931.44,0
50.5950,3945.72,0
50.6000,3945.72,0
50.6050,3918.78,0
50.6100,3918.78,0
50.6150,3918.78,0
50.6200,3918.78,0
50.6250,3918.78,0
50.6300,3971.65,0
50.6350,3971.65,0
50.6400,3950.64,0
50.6450,3944.33,0
50.6500,3944.33,0
50.6550,3992.54,0
50.6600,3992.54,0
50.6650,3992.54,0
50.6700,3590.57,0
50.6750,3590.57,0
50.6800,3590.57,0
50.6850,3590.57,0
50.6900,3590.57,0
50.6950,83.14,0
50.7000,-30.04,0
50.7050,-30.04,0
50.7100,-30.04,0
50.7150,-21.15,0
50.7200,-21.15,0
50.7250,-21.15,0
50.7300,-37.26,0
50.7350,-37.26,0
50.7400,141.34,0
50.7450,141.34,0
50.7500,421.45,0
50.7550,963.26,0
50.7600,3943.98,0
50.7650,963.26,0
50.7700,3992.47,0
50.7750,67.51,0
50.7800,1320.31,0
50.7850,1320.31,0
50.7900,845.01,0
50.7950,845.01,0
50.8000,464.90,0
50.8050,464.90,0
50.8100,1303.71,0
50.8150,1303.71,0
50.8200,1751.82,0
50.8250,1751.82,0
50.8300,2031.67,0
50.8350,2031.67,0
50.8400,2296.68,0
50.8450,2296.68,0
50.8500,2937.06,0
50.8550,2937.06,0
50.8600,60.40,0
50.8650,3245.13,0
50.8700,3260.02,0
50.8750,3260.02,0
50.8800,-23.05,0
50.8850,1073.75,0
50.8900,2719.90,0
50.8950,3532.80,0
50.9000,3366.10,0
50.9050,3366.10,0
50.9100,3388.35,0
50.9150,3388.35,0
50.9200,3989.80,0
50.9250,3522.26,0
50.9300,3522.26,0
50.9350,3522.26,0
50.9400,3522.26,0
50.9450,3522.26,0
50.9500,4062.59,0
50.9550,1937.06,0
50.9600,4874.89,0
50.9650,4874.89,0
50.9700,5123.19,0
50.9750,5123.19,0
50.9800,4974.30,0
50.9850,4974.30,0
50.9900,4944.94,0
50.9950,2982.56,0
51.0000,4944.94,0
51.0050,4944.94,0
51.0100,4889.98,0
51.0150,4816.81,0
51.0200,4816.81,0
51.0250,3531.76,0
51.0300,4816.81,0
51.0350,4816.81,0
51.0400,4816.81,0
51.0450,5102.18,0
51.0500,5102.18,0
51.0550,4642.21,0
51.0600,4642.21,0
51.0650,4642.21,0
51.0700,5033.98,0
51.0750,4583.88,0
51.0800,4486.10,0
51.0850,4968.07,0
51.0900,4968.07,0
51.0950,5131.96,0
51.1000,5131.96,0
51.1050,5131.96,0
51.1100,4804.99,0
51.1150,4804.99,0
51.1200,4634.18,0
51.1250,4634.18,0
51.1300,4634.18,0
51.1350,4634.18,0
51.1400,5163.51,0
51.1450,5163.51,0
51.1500,4780.38,0
51.1550,4814.34,0
51.1600,4847.69,0
51.1650,4847.69,0
51.1700,4847.69,0
51.1750,5170.21,0
51.1800,5170.21,0
51.1850,4992.17,0
51.1900,4757.67,0
51.1950,4625.47,0
51.2000,4625.47,0
51.2050,4824.61,0
51.2100,4824.61,0
51.2150,4824.61,0
51.2200,4824.61,0
51.2250,5086.77,0
51.2300,5086.77,0
51.2350,4437.20,0
51.2400,4437.20,0
51.2450,4437.20,0
51.2500,4437.20,0
51.2550,4347.78,0
51.2600,4347.78,0
51.2650,4073.02,0
51.2700,4073.02,0
51.2750,4217.91,0
51.2800,4967.31,0
51.2850,4623.51,0
51.2900,4623.51,0
51.2950,4740.92,0
51.3000,4740.92,0
51.3050,4587.58,0
51.3100,4587.58,0
51.3150,3986.73,0
51.3200,3986.73,0
51.3250,3661.54,0
51.3300,3661.54,0
51.3350,3661.54,0
51.3400,3661.54,0
51.3450,3949.33,0
51.3500,3949.33,0
51.3550,4663.12,0
51.3600,4725.47,0
51.3650,3191.60,0
51.3700,4126.96,0
51.3750,4126.96,0
51.3800,4532.87,0
51.3850,3966.12,0
51.3900,3966.12,0
51.3950,3987.54,0
51.4000,3907.25,0
51.4050,3907.25,0
51.4100,3907.25,0
51.4150,3907.25,0
51.4200,4043.29,0
51.4250,4043.29,0
51.4300,4060.01,0
51.4350,4070.24,0
51.4400,4087.57,0
51.4450,4087.57,0
51.4500,4035.67,0
51.4550,4035.67,0
51.4600,4100.46,0
51.4650,4070.12,0
51.4700,4096.82,0
51.4750,4305.01,0
51.4800,3810.10,0
51.4850,3810.10,0
51.4900,3810.10,0
51.4950,3810.10,0
51.5000,3810.10,0
51.5050,3810.10,0
51.5100,3263.61,0
51.5150,1346.91,0
51.5200,1638.45,0
51.5250,1638.45,0
51.5300,1658.63,0
51.5350,1658.63,0
51.5400,1051.90,0
51.5450,1051.90,0
51.5500,923.96,0
51.5550,923.96,0
51.5600,940.92,0
51.5650,940.92,0
51.5700,757.79,0
51.5750,757.79,0
51.5800,757.79,0
51.5850,957.80,0
51.5900,932.16,0
51.5950,956.67,0
51.6000,956.67,0
51.6050,1888.46,0
51.6100,946.35,0
51.6150,946.35,0
51.6200,1006.22,0
51.6250,1006.22,0
51.6300,-55.59,0
51.6350,594.72,0
51.6400,-57.85,0
51.6450,1869.81,0
51.6500,1899.20,0
51.6550,1352.55,0
51.6600,1790.09,0
51.6650,1790.09,0
51.6700,1790.09,0
51.6750,1790.09,0
51.6800,1909.31,0
51.6850,1909.31,0
51.6900,1875.59,0
51.6950,1875.59,0
51.7000,1828.76,0
51.7050,1904.76,0
51.7100,1904.76,0
51.7150,1904.76,0
51.7200,1904.76,0
51.7250,1967.83,0
51.7300,1967.83,0
51.7350,1949.30,0
51.7400,1949.30,0
51.7450,1978.21,0
51.7500,1978.21,0
51.7550,2000.89,0
51.7600,2000.89,0
51.7650,2000.89,0
51.7700,2000.89,0
51.7750,1966.71,0
51.7800,1961.54,0
51.7850,1961.54,0
51.7900,1964.68,0
51.7950,1964.68,0
51.8000,1947.17,0
51.8050,1947.17,0
51.8100,1914.19,0
51.8150,1914.19,0
51.8200,1899.00,0
51.8250,1899.00,0
51.8300,1866.24,0
51.8350,1866.24,0
51.8400,1971.32,0
51.8450,1866.24,0
51.8500,1893.88,0
51.8550,1893.88,0
51.8600,1937.68,0
51.8650,1937.68,0
51.8700,1915.86,0
51.8750,1915.86,0
51.8800,1966.81,0
51.8850,1881.97,0
51.8900,1964.70,0
51.8950,1964.70,0
51.9000,1985.10,0
51.9050,1985.10,0
51.9100,1996.03,0
51.9150,1985.44,0
51.9200,2004.45,0
51.9250,1866.27,0
51.9300,2004.45,0
51.9350,2004.45,0
51.9400,2004.45,0
51.9450,2004.45,0
51.9500,2004.45,0
51.9550,2004.45,0
51.9600,1866.27,0
51.9650,2018.78,0
51.9700,2639.29,0
51.9750,2828.14,0
51.9800,2828.14,0
51.9850,2828.14,0
51.9900,2525.30,0
51.9950,2002.55,0
52.0000,2571.85,0
52.0050,2571.85,0
52.0100,1964.45,0
52.0150,2781.78,0
52.0200,2781.78,0
52.0250,2586.68,0
52.0300,2586.68,0
52.0350,2961.43,0
52.0400,2961.43,0
52.0450,2908.87,0
52.0500,2908.87,0
52.0550,2609.54,0
52.0600,2609.54,0
52.0650,2609.54,0
52.0700,2609.54,0
52.0750,2609.54,0
52.0800,1901.88,0
52.0850,2283.44,0
52.0900,2818.33,0
52.0950,2957.16,0
52.1000,2374.82,0
52.1050,2374.82,0
52.1100,2618.43,0
52.1150,2618.43,0
52.1200,2618.43,0
52.1250,2571.96,0
52.1300,2592.00,0
52.1350,2592.00,0
52.1400,3296.15,0
52.1450,3296.15,0
52.1500,2734.71,0
52.1550,2865.66,0
52.1600,2945.65,0
52.1650,2945.65,0
52.1700,2945.65,0
52.1750,3090.80,0
52.1800,3090.80,0
52.1850,3090.80,0
52.1900,3121.20,0
52.1950,3121.20,0
52.2000,2971.06,0
52.2050,2910.93,0
52.2100,2910.93,0
52.2150,3059.96,0
52.2200,265.70,0
52.2250,3059.96,0
52.2300,3112.92,0
52.2350,2646.96,0
52.2400,3134.33,0
52.2450,3134.33,0
52.2500,3132.71,0
52.2550,3132.71,0
52.2600,3083.08,0
52.2650,2595.39,0
52.2700,3021.40,0
52.2750,3021.40,0
52.2800,3023.14,0
52.2850,3023.14,0
52.2900,3013.62,0
52.2950,3013.62,0
52.3000,3029.38,0
52.3050,3029.38,0
52.3100,2726.47,0
52.3150,2726.47,0
52.3200,3112.92,0
52.3250,2726.47,0
52.3300,-47.69,0
52.3350,-47.69,0
52.3400,-10.71,0
52.3450,-10.71,0
52.3500,-33.89,0
52.3550,2784.51,0
52.3600,-77.56,0
52.3650,-77.56,0
52.3700,-78.10,0
52.3750,-78.10,0
52.3800,-25.88,0
52.3850,-25.88,0
52.3900,23.61,0
52.3950,23.61,0
52.4000,-70.44,0
52.4050,41.61,0
52.4100,54.91,0
52.4150,54.91,0
52.4200,33.89,0
52.4250,33.89,0
52.4300,64.79,0
52.4350,168.05,0
52.4400,168.05,0
52.4450,184.67,0
52.4500,184.67,0
52.4550,14.11,0
52.4600,211.12,0
52.4650,211.12,0
52.4700,1624.59,0
52.4750,211.12,0
52.4800,114.10,0
52.4850,114.10,0
52.4900,162.98,0
52.4950,162.98,0
52.5000,109.50,0
52.5050,77.25,0
52.5100,77.25,0
52.5150,77.25,0
52.5200,77.25,0
52.5250,77.96,0
52.5300,137.37,0
52.5350,43.30,0
52.5400,43.30,0
52.5450,156.38,0
52.5500,156.38,0
52.5550,155.61,0
52.5600,155.61,0
52.5650,155.61,0
52.5700,150.34,0
52.5750,150.34,0
52.5800,111.51,0
52.5850,111.51,0
52.5900,70.98,0
52.5950,37.00,0
52.6000,-242.83,0
52.6050,77.96,0
52.6100,-126.75,0
52.6150,-126.75,0
52.6200,-178.71,0
52.6250,-165.35,0
52.6300,-38.96,0
52.6350,-91.97,0
52.6400,-91.97,0
52.6450,-57.34,0
52.6500,-57.34,0
52.6550,-45.89,0
52.6600,111.51,0
52.6650,16.09,0
52.6700,16.09,0
52.6750,-16.18,0
52.6800,-16.18,0
52.6850,63.47,0
52.6900,62.93,0
52.6950,14.58,0
52.7000,14.58,0
52.7050,14.58,0
52.7100,11.16,0
52.7150,11.16,0
52.7200,-10.16,0
52.7250,-38.96,0
52.7300,-38.96,0
52.7350,-38.96,0
52.7400,-38.96,0
52.7450,-38.96,0
52.7500,-0.27,0
52.7550,-0.27,0
52.7600,-37.87,0
52.7650,-29.60,0
52.7700,-29.60,0
52.7750,-95.74,0
52.7800,-29.60,0
52.7850,-29.60,0
52.7900,-29.60,0
52.7950,-29.60,0
52.8000,-19.72,0
52.8050,-19.72,0
52.8100,38.49,0
52.8150,38.49,0
52.8200,16.24,0
52.8250,16.24,0
52.8300,35.49,0
52.8350,35.49,0
52.8400,35.49,0
52.8450,-19.72,0
52.8500,57.75,0
52.8550,-4.72,0
52.8600,22.25,0
52.8650,-4.72,0
52.8700,28.37,0
52.8750,28.37,0
52.8800,-26.49,0
52.8850,-26.49,0
52.8900,69.20,0
52.8950,69.20,0
52.9000,-13.28,0
52.9050,-13.28,0
52.9100,37.01,0
52.9150,37.01,0
52.9200,-16.25,0
52.9250,-16.25,0
52.9300,-23.81,0
52.9350,86.69,0
52.9400,45.64,0
52.9450,45.64,0
52.9500,45.64,0
52.9550,38.92,0
52.9600,38.92,0
52.9650,79.50,0
52.9700,79.50,0
52.9750,16.31,0
52.9800,-28.91,0
52.9850,30.79,0
52.9900,30.79,0
52.9950,64.89,0
53.0000,-17.54,0
53.0050,-17.54,0
53.0100,-17.54,0
53.0150,-17.54,0
53.0200,-29.02,0
53.0250,-29.02,0
53.0300,-29.02,0
53.0350,-29.02,0
53.0400,25.43,0
53.0450,25.43,0
53.0500,67.53,0
53.0550,-29.02,0
53.0600,67.53,0
53.0650,31.10,0
53.0700,31.10,0
53.0750,33.28,0
53.0800,33.28,0
53.0850,33.28,0
53.0900,68.60,0
53.0950,68.60,0
53.1000,-19.94,0
53.1050,-19.94,0
53.1100,-19.94,0
53.1150,-19.94,0
53.1200,31.77,0
53.1250,31.77,0
53.1300,3.23,0
53.1350,3.23,0
53.1400,-2.85,0
53.1450,-2.85,0
53.1500,-33.79,0
53.1550,-33.79,0
53.1600,47.42,0
53.1650,47.42,0
53.1700,47.42,0
53.1750,47.42,0
53.1800,1.76,0
53.1850,1.76,0
53.1900,36.98,0
53.1950,36.98,0
53.2000,43.90,0
53.2050,-26.36,0
53.2100,-4.24,0
53.2150,-4.24,0
53.2200,-4.24,0
53.2250,-4.24,0
53.2300,40.31,0
53.2350,40.31,0
53.2400,-35.55,0
53.2450,-25.68,0
53.2500,1.13,0
53.2550,1.13,0
53.2600,-4.84,0
53.2650,-4.84,0
53.2700,-4.84,0
53.2750,-4.84,0
53.2800,-37.63,0
53.2850,41.41,0
53.2900,41.41,0
53.2950,1.92,0
53.3000,1.92,0
53.3050,41.56,0
53.3100,41.56,0
53.3150,1.92,0
53.3200,41.56,0
53.3250,36.39,0
53.3300,36.39,0
53.3350,1.62,0
53.3400,1.62,0
53.3450,-23.57,0
53.3500,-7.44,0
53.3550,36.83,0
53.3600,36.83,0
53.3650,-30.75,0
53.3700,-30.75,0
53.3750,4.14,0
53.3800,4.14,0
53.3850,-3.54,0
53.3900,-3.54,0
53.3950,-26.12,0
53.4000,-26.12,0
53.4050,-25.31,0
53.4100,41.27,0
53.4150,-7.44,0
53.4200,41.27,0
53.4250,-5.66,0
53.4300,-5.66,0
53.4350,-5.66,0
53.4400,42.43,0
53.4450,42.43,0
53.4500,42.43,0
53.4550,13.44,0
53.4600,30.04,0
53.4650,13.44,0
53.4700,42.57,0
53.4750,42.57,0
53.4800,-17.76,0
53.4850,-17.76,0
53.4900,-17.76,0
53.4950,29.32,0
53.5000,29.32,0
53.5050,-10.56,0
53.5100,-10.56,0
53.5150,-10.56,0
53.5200,-10.56,0
53.5250,-33.82,0
53.5300,-12.61,0
53.5350,29.80,0
53.5400,29.80,0
53.5450,-6.91,0
53.5500,-12.66,0
53.5550,51.87,0
53.5600,51.87,0
53.5650,51.87,0
53.5700,-14.22,0
53.5750,-14.22,0
53.5800,41.07,0
53.5850,41.07,0
53.5900,-14.22,0
53.5950,79.84,0
53.6000,7.06,0
53.6050,7.06,0
53.6100,-27.20,0
53.6150,7.06,0
53.6200,63.32,0
53.6250,63.32,0
53.6300,-14.90,0
53.6350,-13.51,0
53.6400,86.44,0
53.6450,86.44,0
53.6500,37.08,0
53.6550,37.08,0
53.6600,52.53,0
53.6650,52.53,0
53.6700,-32.90,0
53.6750,-32.90,0
53.6800,73.59,0
53.6850,73.59,0
53.6900,30.19,0
53.6950,30.19,0
53.7000,38.93,0
53.7050,38.93,0
53.7100,-40.11,0
53.7150,-40.11,0
53.7200,57.21,0
53.7250,57.21,0
53.7300,-50.66,0
53.7350,-14.89,0
53.7400,-14.74,0
53.7450,-14.74,0
53.7500,-85.58,0
53.7550,-85.58,0
53.7600,-43.34,0
53.7650,-43.34,0
53.7700,7.59,0
53.7750,7.59,0
53.7800,7.59,0
53.7850,7.59,0
53.7900,-38.54,0
53.7950,32.63,0
53.8000,32.63,0
53.8050,32.63,0
53.8100,32.63,0
53.8150,32.63,0
53.8200,32.63,0
53.8250,21.77,0
53.8300,-16.04,0
53.8350,2.51,0
53.8400,2.51,0
53.8450,2.51,0
53.8500,-43.77,0
53.8550,-23.86,0
53.8600,-23.86,0
53.8650,-23.86,0
53.8700,-74.85,0
53.8750,-74.85,0
53.8800,-25.46,0
53.8850,-74.85,0
53.8900,-74.85,0
53.8950,-74.85,0
53.9000,-4.11,0
53.9050,-4.11,0
53.9100,-9.28,0
53.9150,-62.17,0
53.9200,69.83,0
53.9250,69.83,0
53.9300,69.83,0
53.9350,69.83,0
53.9400,-97.01,0
53.9450,-97.01,0
53.9500,-1020.01,0
53.9550,-1020.01,0
53.9600,135.02,0
53.9650,-68.68,0
53.9700,807.92,0
53.9750,-20.36,0
53.9800,560.14,0
53.9850,560.14,0
53.9900,560.14,0
53.9950,-642.37,0
54.0000,161.95,0
54.0050,161.95,0
54.0100,775.07,0
54.0150,775.07,0
54.0200,592.89,0
54.0250,85.94,0
54.0300,-562.12,0
54.0350,-186.56,0
54.0400,-186.56,0
54.0450,-186.56,0
54.0500,784.73,0
54.0550,599.42,0
54.0600,599.42,0
54.0650,-194.59,0
54.0700,-194.59,0
54.0750,112.24,0
54.0800,112.24,0
54.0850,112.24,0
54.0900,112.24,0
54.0950,112.24,0
54.1000,528.40,0
54.1050,515.92,0
54.1100,515.92,0
54.1150,-651.81,0
54.1200,75.67,0
54.1250,75.67,0
54.1300,625.48,0
54.1350,625.48,0
54.1400,625.48,0
54.1450,625.48,0
54.1500,154.07,0
54.1550,-298.97,0
54.1600,-749.23,0
54.1650,-749.23,0
54.1700,-1065.20,0
54.1750,574.13,0
54.1800,-877.27,0
54.1850,-877.27,0
54.1900,638.56,0
54.1950,-1049.51,0
54.2000,-998.25,0
54.2050,-998.25,0
54.2100,-998.25,0
54.2150,-998.25,0
54.2200,-837.14,0
54.2250,-837.14,0
54.2300,-1024.60,0
54.2350,-1024.60,0
54.2400,-943.17,0
54.2450,-943.17,0
54.2500,-1015.91,0
54.2550,-1015.91,0
54.2600,-1030.78,0
54.2650,-964.09,0
54.2700,-1030.46,0
54.2750,-1030.46,0
54.2800,-976.95,0
54.2850,-976.95,0
54.2900,-1060.27,1
54.2950,-104.84,0
54.3000,-1083.59,0
54.3050,-1083.59,0
54.3100,-919.20,0
54.3150,-919.20,0
54.3200,-990.83,0
54.3250,-989.48,0
54.3300,-967.29,0
54.3350,-989.48,0
54.3400,-989.48,0
54.3450,-989.48,0
54.3500,-989.48,0
54.3550,-989.48,0
54.3600,-1034.85,0
54.3650,-1034.85,0
54.3700,-1034.85,0
54.3750,-1034.85,0
54.3800,-1034.85,0
54.3850,-951.68,0
54.3900,-1034.85,0
54.3950,-832.55,0
54.4000,-904.02,0
54.4050,-904.02,0
54.4100,-977.55,0
54.4150,-977.55,0
54.4200,-928.32,0
54.4250,-875.18,0
54.4300,-1082.81,0
54.4350,-875.18,0
54.4400,-945.18,0
54.4450,-945.18,0
54.4500,-945.34,0
54.4550,-945.34,0
54.4600,-920.07,0
54.4650,-920.07,0
54.4700,-992.66,0
54.4750,-992.66,0
54.4800,-992.66,0
54.4850,-992.66,0
54.4900,-943.05,0
54.4950,-943.05,0
54.5000,-983.38,0
54.5050,-983.38,0
54.5100,-998.26,0
54.5150,-998.26,0
54.5200,-998.59,0
54.5250,-1006.56,0
54.5300,-1006.56,0
54.5350,-1107.78,0
54.5400,-1107.78,0
54.5450,-1051.71,0
54.5500,-1051.71,0
54.5550,-1051.71,0
54.5600,-1022.48,0
54.5650,-904.87,0
54.5700,-1027.19,0
54.5750,-1027.19,0
54.5800,-920.12,0
54.5850,-949.17,0
54.5900,-949.17,0
54.5950,-949.17,0
54.6000,-1027.64,0
54.6050,-1027.64,0
54.6100,-935.77,0
54.6150,-935.77,0
54.6200,-1003.08,0
54.6250,-1003.08,0
54.6300,-941.13,0
54.6350,-879.06,0
54.6400,-981.25,0
54.6450,-981.25,0
54.6500,-1004.50,0
54.6550,-1004.50,0
54.6600,-1200.63,0
54.6650,-1200.63,0
54.6700,-992.74,0
54.6750,-1321.59,0
54.6800,-1321.59,0
54.6850,-931.65,0
54.6900,-1247.89,0
54.6950,-1325.37,0
54.7000,-1325.37,0
54.7050,-976.71,0
54.7100,-1020.84,0
54.7150,-1020.84,0
54.7200,-1020.84,0
54.7250,-1020.84,0
54.7300,-1325.37,0
54.7350,-890.24,0
54.7400,-890.24,0
54.7450,-1238.91,0
54.7500,-909.84,0
54.7550,-1325.37,0
54.7600,-1247.89,0
54.7650,-972.90,0
54.7700,-869.62,0
54.7750,-869.62,0
54.7800,29.42,0
54.7850,-1093.64,0
54.7900,29.42,0
54.7950,29.42,0
54.8000,38.91,0
54.8050,-982.84,0
54.8100,7.80,0
54.8150,7.80,0
54.8200,26.84,0
54.8250,26.84,0
54.8300,6.61,0
54.8350,6.61,0
54.8400,6.61,0
54.8450,6.61,0
54.8500,-9.35,0
54.8550,-9.35,0
54.8600,33.09,0
54.8650,-76.42,0
54.8700,-76.42,0
54.8750,-76.42,0
54.8800,-117.11,0
54.8850,-910.99,0
54.8900,-112.58,0
54.8950,-78.08,0
54.9000,-78.08,0
54.9050,-129.06,0
54.9100,-129.06,0
54.9150,-129.06,0
54.9200,-145.20,0
54.9250,-145.20,0
54.9300,-145.20,0
54.9350,-55.82,0
54.9400,-55.82,0
54.9450,-188.69,0
54.9500,32.78,0
54.9550,-463.15,0
54.9600,-463.15,0
54.9650,-279.79,0
54.9700,-279.79,0
54.9750,-279.79,0
54.9800,-279.79,0
54.9850,-13.03,0
54.9900,148.84,0
54.9950,148.84,0
55.0000,243.44,0
55.0050,-55.82,0
55.0100,-159.75,0
55.0150,86.09,0
55.0200,207.17,0
55.0250,207.17,0
55.0300,207.17,0
55.0350,207.17,0
55.0400,207.17,0
55.0450,207.17,0
55.0500,185.85,0
55.0550,185.85,0
55.0600,363.75,0
55.0650,363.75,0
55.0700,295.91,0
55.0750,295.91,0
55.0800,-46.27,0
55.0850,295.91,0
55.0900,336.12,0
55.0950,-150.37,0
55.1000,269.03,0
55.1050,317.01,0
55.1100,167.05,0
55.1150,167.05,0
55.1200,363.75,0
55.1250,199.92,0
55.1300,310.25,0
55.1350,199.92,0
55.1400,199.92,0
55.1450,199.92,0
55.1500,284.27,0
55.1550,284.27,0
55.1600,91.18,0
55.1650,91.18,0
55.1700,119.66,0
55.1750,199.92,0
55.1800,117.28,0
55.1850,247.20,0
55.1900,110.46,0
55.1950,110.46,0
55.2000,110.46,0
55.2050,110.46,0
55.2100,78.69,0
55.2150,299.34,0
55.2200,284.28,0
55.2250,168.07,0
55.2300,58.03,0
55.2350,58.03,0
55.2400,71.83,0
55.2450,71.83,0
55.2500,-15.30,0
55.2550,-15.30,0
55.2600,-55.90,0
55.2650,-55.90,0
55.2700,-27.73,0
55.2750,71.83,0
55.2800,-71.04,0
55.2850,193.47,0
55.2900,-25.00,0
55.2950,-25.00,0
55.3000,260.65,0
55.3050,-248.85,0
55.3100,-248.85,0
55.3150,75.26,0
55.3200,-47.59,0
55.3250,-764.50,0
55.3300,-764.50,0
55.3350,-1183.48,0
55.3400,-1183.48,0
55.3450,-1183.48,0
55.3500,-1183.48,0
55.3550,-1275.24,0
55.3600,-1275.24,0
55.3650,-1710.91,0
55.3700,-1710.91,0
55.3750,-2113.17,0
55.3800,-2113.17,0
55.3850,-1864.16,0
55.3900,260.65,0
55.3950,-1864.16,0
55.4000,-1864.16,0
55.4050,-2712.73,0
55.4100,-2712.73,0
55.4150,-970.36,0
55.4200,-2891.88,0
55.4250,-2895.70,0
55.4300,-2895.70,0
55.4350,-3242.59,0
55.4400,-3242.59,0
55.4450,-3722.98,0
55.4500,-3722.98,0
55.4550,-3387.26,0
55.4600,-3387.26,0
55.4650,-2957.15,0
55.4700,-2957.15,0
55.4750,-2827.03,0
55.4800,-1919.92,0
55.4850,-1919.92,0
55.4900,-1919.92,0
55.4950,-1919.92,0
55.5000,-1807.44,0
55.5050,-1807.44,0
55.5100,-370.08,0
55.5150,-370.08,0
55.5200,-370.08,0
55.5250,-370.08,0
55.5300,152.02,0
55.5350,152.02,0
55.5400,-193.71,0
55.5450,-193.71,0
55.5500,-1033.09,0
55.5550,-1807.44,0
55.5600,-2402.93,0
55.5650,-1787.79,0
55.5700,-2058.70,0
55.5750,-2058.70,0
55.5800,-12.94,0
55.5850,-1486.40,0
55.5900,-1772.38,0
55.5950,-1772.38,0
55.6000,-66.21,0
55.6050,-66.21,0
55.6100,37.90,0
55.6150,37.90,0
55.6200,-64.37,0
55.6250,-64.37,0
55.6300,2.59,0
55.6350,2.59,0
55.6400,-43.72,0
55.6450,-43.72,0
55.6500,8.67,0
55.6550,8.67,0
55.6600,8.67,0
55.6650,-17.61,0
55.6700,-17.61,0
55.6750,-12.55,0
55.6800,-12.55,0
55.6850,-36.88,0
55.6900,-36.88,0
55.6950,-97.96,0
55.7000,-97.96,0
55.7050,-38.51,0
55.7100,-38.51,0
55.7150,-50.12,0
55.7200,-50.12,0
55.7250,62.33,0
55.7300,62.33,0
55.7350,62.33,0
55.7400,62.33,0
55.7450,-1478.89,0
55.7500,62.33,0
55.7550,62.33,0
55.7600,-25.81,0
55.7650,-25.81,0
55.7700,-100.09,0
55.7750,-100.09,0
55.7800,65.93,0
55.7850,65.93,0
55.7900,106.32,0
55.7950,106.32,0
55.8000,65.93,0
55.8050,106.32,0
55.8100,29.26,0
55.8150,29.26,0
55.8200,-205.90,0
55.8250,-205.90,0
55.8300,-35.15,0
55.8350,-35.15,0
55.8400,-152.60,0
55.8450,-71.56,0
55.8500,-71.56,0
55.8550,-178.43,0
55.8600,-178.43,0
55.8650,-178.43,0
55.8700,-261.83,0
55.8750,-261.83,0
55.8800,-307.63,0
55.8850,66.44,0
55.8900,-394.85,0
55.8950,-31.15,0
55.9000,-31.15,0
55.9050,-31.15,0
55.9100,-31.15,0
55.9150,-31.15,0
55.9200,169.11,0
55.9250,169.11,0
55.9300,315.50,0
55.9350,315.50,0
55.9400,1466.65,0
55.9450,1466.65,0
55.9500,1466.65,0
55.9550,1508.53,0
55.9600,1508.53,0
55.9650,1508.53,0
55.9700,1683.82,0
55.9750,1683.82,0
55.9800,1411.56,0
55.9850,1411.56,0
55.9900,1846.21,0
55.9950,1846.21,0
56.0000,1846.21,0
56.0050,1846.21,0
56.0100,107.28,0
56.0150,2970.45,0
56.0200,3542.82,0
56.0250,3542.82,0
56.0300,3462.52,0
56.0350,3462.52,0
56.0400,3291.64,0
56.0450,3291.64,0
56.0500,3291.64,0
56.0550,3291.64,0
56.0600,3489.64,0
56.0650,3489.64,0
56.0700,3489.64,0
56.0750,3489.64,0
56.0800,4314.04,0
56.0850,4314.04,0
56.0900,4083.92,0
56.0950,4083.92,0
56.1000,4475.95,0
56.1050,4475.95,0
56.1100,5046.20,0
56.1150,5046.20,0
56.1200,5422.04,0
56.1250,5422.04,0
56.1300,5043.63,0
56.1350,5250.16,0
56.1400,1602.89,0
56.1450,5475.61,0
56.1500,6368.82,0
56.1550,6368.82,0
56.1600,6309.46,0
56.1650,6309.46,0
56.1700,6309.46,0
56.1750,6309.46,0
56.1800,6503.17,0
56.1850,6503.17,0
56.1900,5250.16,0
56.1950,7047.52,0
56.2000,7242.15,0
56.2050,7311.20,0
56.2100,7033.68,0
56.2150,7033.68,0
56.2200,7505.28,0
56.2250,7311.20,0
56.2300,8047.03,0
56.2350,8047.03,0
56.2400,8373.22,0
56.2450,8373.22,0
56.2500,8039.29,0
56.2550,8519.85,0
56.2600,8519.85,0
56.2650,8519.85,0
56.2700,8519.85,0
56.2750,8177.14,0
56.2800,9432.30,0
56.2850,9432.30,0
56.2900,9432.30,0
56.2950,9432.30,0
56.3000,9370.64,0
56.3050,9370.64,0
56.3100,9512.88,0
56.3150,9370.64,0
56.3200,10359.87,0
56.3250,10359.87,0
56.3300,10359.87,0
56.3350,10359.87,0
56.3400,10035.73,0
56.3450,10035.73,0
56.3500,10639.41,0
56.3550,10639.41,0
56.3600,10341.38,0
56.3650,10341.38,0
56.3700,10614.24,0
56.3750,10614.24,0
56.3800,10827.53,0
56.3850,10827.53,0
56.3900,10556.89,0
56.3950,10377.82,0
56.4000,10377.82,0
56.4050,10377.82,0
56.4100,9614.31,0
56.4150,9614.31,0
56.4200,2365.46,0
56.4250,2365.46,0
56.4300,2365.46,0
56.4350,2365.46,0
56.4400,3062.39,0
56.4450,3062.39,0
56.4500,2680.96,0
56.4550,2680.96,0
56.4600,2036.10,0
56.4650,2036.10,0
56.4700,2226.84,0
56.4750,2226.84,0
56.4800,2226.84,0
56.4850,2226.84,0
56.4900,10798.03,0
56.4950,2445.13,0
56.5000,2445.13,0
56.5050,2468.86,0
56.5100,2468.86,0
56.5150,2373.28,0
56.5200,2373.28,0
56.5250,2615.49,0
56.5300,2615.49,0
56.5350,2558.39,0
56.5400,2558.39,0
56.5450,2209.80,0
56.5500,9598.27,0
56.5550,2304.13,0
56.5600,3037.56,0
56.5650,3037.56,0
56.5700,8905.45,0
56.5750,3037.56,0
56.5800,2820.67,0
56.5850,6233.61,0
56.5900,2867.60,0
56.5950,2867.60,0
56.6000,2867.60,0
56.6050,2867.60,0
56.6100,2867.60,0
56.6150,2852.21,0
56.6200,2852.21,0
56.6250,2852.21,0
56.6300,2849.11,0
56.6350,2849.11,0
56.6400,2897.15,0
56.6450,2897.15,0
56.6500,2897.15,0
56.6550,2897.15,0
56.6600,2839.99,0
56.6650,2839.99,0
56.6700,2857.36,0
56.6750,2857.36,0
56.6800,2957.26,0
56.6850,2957.26,0
56.6900,2923.39,0
56.6950,2923.39,0
56.7000,2923.39,0
56.7050,2923.39,0
56.7100,2920.32,0
56.7150,2893.88,0
56.7200,2893.88,0
56.7250,2893.88,0
56.7300,2850.72,0
56.7350,2850.72,0
56.7400,2850.72,0
56.7450,2850.72,0
56.7500,2849.51,0
56.7550,2849.51,0
56.7600,2926.71,0
56.7650,2926.71,0
56.7700,2891.81,0
56.7750,2891.81,0
56.7800,2763.77,0
56.7850,2641.72,0
56.7900,2930.97,0
56.7950,2641.72,0
56.8000,2641.72,0
56.8050,2897.93,0
56.8100,2641.72,0
56.8150,2862.77,0
56.8200,2862.77,0
56.8250,2470.03,0
56.8300,2470.03,0
56.8350,2770.58,0
56.8400,2770.58,0
56.8450,3001.10,0
56.8500,3001.10,0
56.8550,3193.83,0
56.8600,3193.83,0
56.8650,3171.54,0
56.8700,3171.54,0
56.8750,3372.21,0
56.8800,3372.21,0
56.8850,3102.66,0
56.8900,3102.66,0
56.8950,2958.41,0
56.9000,2958.41,0
56.9050,2909.44,0
56.9100,2909.44,0
56.9150,3021.94,0
56.9200,3021.94,0
56.9250,3112.85,0
56.9300,3215.11,0
56.9350,3055.82,0
56.9400,3055.82,0
56.9450,2961.93,0
56.9500,2961.93,0
56.9550,2987.84,0
56.9600,2987.84,0
56.9650,3204.31,0
56.9700,3204.31,0
56.9750,3272.73,0
56.9800,3272.73,0
56.9850,3272.73,0
56.9900,3272.73,0
56.9950,3247.59,0
57.0000,3247.59,0
57.0050,3192.62,0
57.0100,3192.62,0
57.0150,3088.01,0
57.0200,3088.01,0
57.0250,3091.49,0
57.0300,3091.49,0
57.0350,2983.22,0
57.0400,2983.22,0
57.0450,2983.22,0
57.0500,3008.76,0
57.0550,3008.76,0
57.0600,2995.90,0
57.0650,2995.90,0
57.0700,3925.44,0
57.0750,3925.44,0
57.0800,4145.30,0
57.0850,4145.30,0
57.0900,3854.49,0
57.0950,3247.62,0
57.1000,3417.64,0
57.1050,3417.64,0
57.1100,3385.20,0
57.1150,3337.22,0
57.1200,3337.22,0
57.1250,2716.92,0
57.1300,2716.92,0
57.1350,2830.12,0
57.1400,2830.12,0
57.1450,2830.12,0
57.1500,2830.12,0
57.1550,2738.93,0
57.1600,2738.93,0
57.1650,2789.15,0
57.1700,3080.58,0
57.1750,3558.79,0
57.1800,2821.80,0
57.1850,2919.44,0
57.1900,2919.44,0
57.1950,3138.98,0
57.2000,3017.95,0
57.2050,3017.95,0
57.2100,3017.95,0
57.2150,3854.09,0
57.2200,3008.87,0
57.2250,3008.87,0
57.2300,3008.87,0
57.2350,2946.27,0
57.2400,2744.67,0
57.2450,2744.67,0
57.2500,3388.00,0
57.2550,2830.23,0
57.2600,40.39,0
57.2650,40.39,0
57.2700,40.39,0
57.2750,40.39,0
57.2800,2964.28,0
57.2850,73.30,0
57.2900,106.34,0
57.2950,106.34,0
57.3000,43.60,0
57.3050,43.60,0
57.3100,43.60,0
57.3150,43.60,0
57.3200,43.60,0
57.3250,19.67,0
57.3300,19.67,0
57.3350,-19.88,0
57.3400,-19.88,0
57.3450,1.71,0
57.3500,-386.05,0
57.3550,-456.22,0
57.3600,-70.51,0
57.3650,106.34,0
57.3700,-456.22,0
57.3750,-168.58,0
57.3800,-168.58,0
57.3850,-55.71,0
57.3900,-55.71,0
57.3950,-55.71,0
57.4000,-37.64,0
57.4050,93.23,0
57.4100,-57.02,0
57.4150,-57.02,0
57.4200,-42.79,0
57.4250,-42.79,0
57.4300,-171.67,0
57.4350,-195.21,0
57.4400,-15.36,0
57.4450,-195.21,0
57.4500,-218.43,0
57.4550,-218.43,0
57.4600,-253.06,0
57.4650,-117.10,0
57.4700,-154.87,0
57.4750,-57.95,0
57.4800,15.89,0
57.4850,60.02,0
57.4900,60.02,0
57.4950,79.77,0
57.5000,79.77,0
57.5050,-31.27,0
57.5100,-31.27,0
57.5150,-40.74,0
57.5200,-40.74,0
57.5250,-304.30,0
57.5300,-63.01,0
57.5350,-63.01,0
57.5400,-63.01,0
57.5450,-13.92,0
57.5500,-13.92,0
57.5550,23.77,0
57.5600,23.77,0
57.5650,23.77,0
57.5700,-4.06,0
57.5750,-73.14,0
57.5800,33.12,0
57.5850,33.12,0
57.5900,-37.41,0
57.5950,-37.41,0
57.6000,-53.16,0
57.6050,-53.16,0
57.6100,-3.94,0
57.6150,-3.94,0
57.6200,237.74,0
57.6250,237.74,0
57.6300,76.60,0
57.6350,76.60,0
57.6400,-13.78,0
57.6450,-13.78,0
57.6500,-14.21,0
57.6550,60.16,0
57.6600,104.48,0
57.6650,930.51,0
57.6700,8.32,0
57.6750,930.51,0
57.6800,775.58,0
57.6850,78.35,0
57.6900,1496.86,0
57.6950,1496.86,0
57.7000,1272.48,0
57.7050,669.09,0
57.7100,1272.48,0
57.7150,1272.48,0
57.7200,1272.48,0
57.7250,1272.48,0
57.7300,873.49,0
57.7350,1168.77,0
57.7400,380.14,0
57.7450,359.56,0
57.7500,359.56,0
57.7550,359.56,0
57.7600,964.39,0
57.7650,964.39,0
57.7700,689.58,0
57.7750,689.58,0
57.7800,466.16,0
57.7850,359.56,0
57.7900,571.39,0
57.7950,1066.18,0
57.8000,926.94,0
57.8050,-15.16,0
57.8100,1050.23,0
57.8150,1052.49,0
57.8200,99.34,0
57.8250,1080.04,0
57.8300,1080.04,0
57.8350,1080.04,0
57.8400,1080.04,0
57.8450,1001.66,0
57.8500,1001.66,0
57.8550,1496.92,0
57.8600,928.03,0
57.8650,1008.00,0
57.8700,1040.43,0
57.8750,988.55,0
57.8800,988.55,0
57.8850,988.55,0
57.8900,1028.91,0
57.8950,1028.91,0
57.9000,1002.56,0
57.9050,1002.56,0
57.9100,1007.88,0
57.9150,1075.27,0
57.9200,1075.27,0
57.9250,1075.27,0
57.9300,1075.27,0
57.9350,1383.75,0
57.9400,731.33,0
57.9450,1354.67,0
57.9500,1354.67,0
57.9550,1098.10,0
57.9600,1061.62,0
57.9650,848.34,0
57.9700,1017.92,0
57.9750,991.02,0
57.9800,991.02,0
57.9850,932.09,0
57.9900,932.09,0
57.9950,881.85,0
58.0000,1041.38,0
58.0050,1079.60,0
58.0100,2011.23,0
58.0150,2011.23,0
58.0200,2011.23,0
58.0250,2011.23,0
58.0300,2011.23,0
58.0350,1289.15,0
58.0400,2136.03,0
58.0450,1033.86,0
58.0500,11.69,0
58.0550,11.69,0
58.0600,11.69,0
58.0650,-114.81,0
58.0700,1882.95,0
58.0750,-310.87,0
58.0800,1164.98,0
58.0850,-144.97,0
58.0900,1098.08,0
58.0950,86.24,0
58.1000,86.24,0
58.1050,41.10,0
58.1100,41.10,0
58.1150,14.79,0
58.1200,14.79,0
58.1250,-382.30,0
58.1300,3.18,0
58.1350,-43.58,0
58.1400,931.38,0
58.1450,1.10,0
58.1500,1.10,0
58.1550,23.73,0
58.1600,23.73,0
58.1650,23.73,0
58.1700,-28.96,0
58.1750,51.72,0
58.1800,51.72,0
58.1850,5.69,0
58.1900,5.69,0
58.1950,13.14,0
58.2000,13.14,0
58.2050,2151.15,0
58.2100,30.59,0
58.2150,6.56,0
58.2200,30.59,0
58.2250,4.72,0
58.2300,4.72,0
58.2350,30.12,0
58.2400,30.12,0
58.2450,49.29,0
58.2500,22.30,0
58.2550,16.26,0
58.2600,49.29,0
58.2650,38.55,0
58.2700,38.55,0
58.2750,14.21,0
58.2800,14.21,0
58.2850,14.70,0
58.2900,48.39,0
58.2950,106.84,0
58.3000,106.84,0
58.3050,5.72,0
58.3100,52.11,0
58.3150,-23.32,0
58.3200,-23.32,0
58.3250,7.44,0
58.3300,7.44,0
58.3350,-34.38,0
58.3400,-34.38,0
58.3450,41.36,0
58.3500,-7.30,0
58.3550,-22.00,0
58.3600,-22.00,0
58.3650,-10.36,0
58.3700,-10.36,0
58.3750,50.93,0
58.3800,-3.17,0
58.3850,-252.15,0
58.3900,-252.15,0
58.3950,-252.15,0
58.4000,-320.00,0
58.4050,-321.36,0
58.4100,-3.70,0
58.4150,-252.15,0
58.4200,6.42,0
58.4250,43.66,0
58.4300,-7.79,0
58.4350,-7.79,0
58.4400,42.59,0
58.4450,42.59,0
58.4500,42.59,0
58.4550,42.59,0
58.4600,-172.70,0
58.4650,41.28,0
58.4700,-7.67,0
58.4750,-7.67,0
58.4800,36.92,0
58.4850,36.92,0
58.4900,-13.49,0
58.4950,-13.49,0
58.5000,-13.49,0
58.5050,42.41,0
58.5100,42.41,0
58.5150,5.15,0
58.5200,5.15,0
58.5250,18.74,0
58.5300,18.74,0
58.5350,-8.65,0
58.5400,-13.59,0
58.5450,37.32,0
58.5500,31.98,0
58.5550,0.88,0
58.5600,0.88,0
58.5650,32.58,0
58.5700,32.58,0
58.5750,32.58,0
58.5800,32.58,0
58.5850,58.35,0
58.5900,58.35,0
58.5950,8.21,0
58.6000,8.21,0
58.6050,15.42,0
58.6100,15.42,0
58.6150,15.42,0
58.6200,15.42,0
58.6250,15.42,0
58.6300,15.42,0
58.6350,-44.31,0
58.6400,-44.31,0
58.6450,-26.76,0
58.6500,46.33,0
58.6550,46.33,0
58.6600,46.33,0
58.6650,-44.31,0
58.6700,31.40,0
58.6750,31.40,0
58.6800,-12.65,0
58.6850,-457.25,0
58.6900,20.39,0
58.6950,-146.36,0
58.7000,-146.36,0
58.7050,-457.25,0
58.7100,-259.42,0
58.7150,-259.42,0
58.7200,-259.42,0
58.7250,391.64,0
58.7300,391.64,0
58.7350,202.85,0
58.7400,202.85,0
58.7450,237.19,0
58.7500,237.19,0
58.7550,237.19,0
58.7600,237.19,0
58.7650,-9.78,0
58.7700,251.41,0
58.7750,1255.25,0
58.7800,898.37,0
58.7850,898.37,0
58.7900,165.50,0
58.7950,959.82,0
58.8000,880.10,0
58.8050,880.10,0
58.8100,1040.58,0
58.8150,1226.77,0
58.8200,807.22,0
58.8250,1149.07,0
58.8300,1149.07,0
58.8350,494.63,0
58.8400,494.63,0
58.8450,494.63,0
58.8500,494.63,0
58.8550,413.97,0
58.8600,413.97,0
58.8650,-443.49,0
58.8700,413.97,0
58.8750,1040.58,0
58.8800,1011.77,0
58.8850,-512.37,0
58.8900,350.45,0
58.8950,-34.41,0
58.9000,-34.41,0
58.9050,378.73,0
58.9100,378.73,0
58.9150,464.09,0
58.9200,534.54,0
58.9250,659.25,0
58.9300,659.25,0
58.9350,463.84,0
58.9400,463.84,0
58.9450,20.22,0
58.9500,20.22,0
58.9550,546.47,0
58.9600,546.47,0
58.9650,1085.14,0
58.9700,1085.14,0
58.9750,1125.24,0
58.9800,1125.24,0
58.9850,755.63,0
58.9900,813.29,0
58.9950,792.86,0
59.0000,792.86,0
59.0050,792.86,0
59.0100,792.86,0
59.0150,703.69,0
59.0200,703.69,0
59.0250,1172.01,0
59.0300,1585.28,0
59.0350,1585.28,0
59.0400,1587.65,0
59.0450,1587.65,0
59.0500,1813.26,0
59.0550,1813.26,0
59.0600,1813.26,0
59.0650,1958.81,0
59.0700,2055.38,0
59.0750,2055.38,0
59.0800,2055.38,0
59.0850,2295.49,0
59.0900,2295.49,0
59.0950,1922.68,0
59.1000,2249.81,0
59.1050,2249.81,0
59.1100,2249.81,0
59.1150,1942.30,0
59.1200,792.79,0
59.1250,1920.64,0
59.1300,2146.42,0
59.1350,2021.67,0
59.1400,2021.67,0
59.1450,2084.77,0
59.1500,2084.77,0
59.1550,2084.77,0
59.1600,2084.77,0
59.1650,2084.77,0
59.1700,1951.18,0
59.1750,1167.87,0
59.1800,2239.62,0
59.1850,832.17,0
59.1900,2249.79,0
59.1950,1558.83,0
59.2000,2595.67,0
59.2050,2595.67,0
59.2100,2595.67,0
59.2150,2595.67,0
59.2200,2327.58,0
59.2250,3117.89,0
59.2300,2850.55,0
59.2350,2878.52,0
59.2400,2775.87,0
59.2450,2775.87,0
59.2500,2653.39,0
59.2550,2653.39,0
59.2600,2329.90,0
59.2650,2329.90,0
59.2700,2884.57,0
59.2750,2884.57,0
59.2800,3619.94,0
59.2850,3656.88,0
59.2900,3656.88,1
59.2950,3656.88,0
59.3000,3656.88,0
59.3050,3245.67,0
59.3100,3245.67,0
59.3150,3245.67,0
59.3200,3271.37,0
59.3250,3271.37,0
59.3300,3814.67,0
59.3350,3663.54,0
59.3400,3855.66,0
59.3450,2246.80,0
59.3500,3076.46,0
59.3550,3224.36,0
59.3600,3224.36,0
59.3650,3051.35,0
59.3700,3051.35,0
59.3750,3728.31,0
59.3800,2179.59,0
59.3850,1746.24,0
59.3900,1746.24,0
59.3950,3271.36,0
59.4000,2741.83,0
59.4050,1638.40,0
59.4100,1638.40,0
59.4150,1692.86,0
59.4200,1692.86,0
59.4250,1394.05,0
59.4300,1394.05,0
59.4350,1875.36,0
59.4400,1179.66,0
59.4450,962.53,0
59.4500,1293.48,0
59.4550,1016.79,0
59.4600,1016.79,0
59.4650,1016.79,0
59.4700,1016.79,0
59.4750,995.77,0
59.4800,995.77,0
59.4850,995.77,0
59.4900,470.04,0
59.4950,470.04,0
59.5000,60.88,0
59.5050,60.88,0
59.5100,905.80,0
59.5150,905.80,0
59.5200,905.80,0
59.5250,905.80,0
59.5300,905.80,0
59.5350,1460.89,0
59.5400,1460.89,0
59.5450,1460.89,0
59.5500,1031.11,0
59.5550,1244.49,0
59.5600,1353.49,0
59.5650,1353.49,0
59.5700,1353.49,0
59.5750,1353.49,0
59.5800,421.53,0
59.5850,858.66,0
59.5900,906.89,0
59.5950,906.89,0
59.6000,206.91,0
59.6050,206.91,0
59.6100,206.91,0
59.6150,206.91,0
59.6200,60.98,0
59.6250,31.96,0
59.6300,-936.50,0
59.6350,-936.50,0
59.6400,-936.50,0
59.6450,-936.50,0
59.6500,-388.31,0
59.6550,-333.89,0
59.6600,73.57,0
59.6650,73.57,0
59.6700,-777.93,0
59.6750,-777.93,0
59.6800,-953.62,0
59.6850,-953.62,0
59.6900,-960.18,0
59.6950,-960.18,0
59.7000,-960.18,0
59.7050,-960.18,0
59.7100,-108.24,0
59.7150,-108.24,0
59.7200,-448.04,0
59.7250,-936.51,0
59.7300,-51.47,0
59.7350,-51.47,0
59.7400,12.05,0
59.7450,71.72,0
59.7500,-89.93,0
59.7550,40.74,0
59.7600,40.74,0
59.7650,-487.76,0
59.7700,-487.76,0
59.7750,-487.76,0
59.7800,-487.76,0
59.7850,134.65,0
59.7900,-51.47,0
59.7950,359.72,0
59.8000,359.72,0
59.8050,-936.72,0
59.8100,-936.72,0
59.8150,-107.04,0
59.8200,-989.88,0
59.8250,-1014.90,0
59.8300,-1014.90,0
59.8350,-1356.36,0
59.8400,-1356.36,0
59.8450,-1301.40,0
59.8500,-1301.40,0
59.8550,-44.22,0
59.8600,-1282.23,0
59.8650,-920.97,0
59.8700,-920.97,0
59.8750,-1357.17,0
59.8800,-1357.17,0
59.8850,-1357.17,0
59.8900,-1417.37,0
59.8950,199.14,0
59.9000,-822.74,0
59.9050,42.86,0
59.9100,-822.74,0
59.9150,-116.25,0
59.9200,-116.25,0
59.9250,136.03,0
59.9300,382.65,0
59.9350,126.06,0
59.9400,-1422.12,0
59.9450,373.33,0
59.9500,548.26,0
59.9550,548.26,0
59.9600,489.73,0
59.9650,489.73,0
59.9700,259.49,0
59.9750,259.49,0
59.9800,61.44,0
59.9850,61.44,0
59.9900,-50.85,0
59.9950,-1305.66,0
60.0000,-90.23,0
60.0050,-90.23,0
60.0100,-90.23,0
60.0150,-90.23,0
60.0200,-90.23,0
60.0250,-90.23,0
60.0300,-121.19,0
60.0350,-121.19,0
60.0400,-69.54,0
60.0450,-69.54,0
60.0500,-40.55,0
60.0550,-40.55,0
60.0600,-40.55,0
60.0650,-40.55,0
60.0700,-27.71,0
60.0750,-27.71,0
60.0800,-35.45,0
60.0850,-9.41,0
60.0900,-60.36,0
60.0950,-60.36,0
60.1000,-60.36,0
60.1050,25.38,0
60.1100,25.38,0
60.1150,482.01,0
60.1200,254.72,0
60.1250,254.72,0
60.1300,536.96,0
60.1350,76.79,0
60.1400,-138.04,0
60.1450,-138.04,0
60.1500,-138.04,0
60.1550,-138.04,0
60.1600,25.38,0
60.1650,-440.72,0
60.1700,-573.52,0
60.1750,-573.52,0
60.1800,-1040.95,0
60.1850,-1040.95,0
60.1900,-988.32,0
60.1950,-988.32,0
60.2000,-138.04,0
60.2050,-477.03,0
60.2100,-359.52,0
60.2150,-138.04,0
60.2200,-359.52,0
60.2250,-359.52,0
60.2300,-544.16,0
60.2350,-544.16,0
60.2400,-442.21,0
60.2450,-442.21,0
60.2500,-649.51,0
60.2550,-649.51,0
60.2600,-323.82,0
60.2650,-323.82,0
60.2700,-580.04,0
60.2750,-412.58,0
60.2800,-412.58,0
60.2850,-412.58,0
60.2900,-296.58,0
60.2950,480.70,0
60.3000,480.70,0
60.3050,390.74,0
60.3100,-566.28,0
60.3150,118.46,0
60.3200,118.46,0
60.3250,-128.91,0
60.3300,669.50,0
60.3350,699.42,0
60.3400,699.42,0
60.3450,9.13,0
60.3500,9.13,0
60.3550,179.03,0
60.3600,179.03,0
60.3650,332.72,0
60.3700,332.72,0
60.3750,267.05,0
60.3800,281.59,0
60.3850,281.59,0
60.3900,281.59,0
60.3950,158.45,0
60.4000,158.45,0
60.4050,158.45,0
60.4100,118.19,0
60.4150,118.19,0
60.4200,5.43,0
60.4250,332.72,0
60.4300,-613.45,0
60.4350,6.86,0
60.4400,-83.55,0
60.4450,-83.55,0
60.4500,-26.98,0
60.4550,-26.98,0
60.4600,-61.23,0
60.4650,6.78,0
60.4700,6.78,0
60.4750,6.78,0
60.4800,-24.52,0
60.4850,-24.52,0
60.4900,-26.98,0
60.4950,38.96,0
60.5000,-3.99,0
60.5050,-3.99,0
60.5100,-28.13,0
60.5150,-28.13,0
60.5200,-28.13,0
60.5250,-60.80,0
60.5300,-60.80,0
60.5350,-19.97,0
60.5400,-19.97,0
60.5450,-72.93,0
60.5500,-72.93,0
60.5550,-22.57,0
60.5600,-22.57,0
60.5650,-22.57,0
60.5700,-22.57,0
60.5750,-40.23,0
60.5800,-40.23,0
60.5850,-33.40,0
60.5900,-33.40,0
60.5950,-33.40,0
60.6000,-33.40,0
60.6050,-33.40,0
60.6100,-33.40,0
60.6150,-139.42,0
60.6200,-139.42,0
60.6250,-77.71,0
60.6300,-77.71,0
60.6350,-16.31,0
60.6400,-16.31,0
60.6450,11.93,0
60.6500,-30.62,0
60.6550,-7.54,0
60.6600,-7.54,0
60.6650,-5.90,0
60.6700,-5.90,0
60.6750,8.11,0
60.6800,8.11,0
60.6850,8.11,0
60.6900,8.11,0
60.6950,-43.69,0
60.7000,0.70,0
60.7050,0.70,0
60.7100,0.70,0
60.7150,0.70,0
60.7200,-33.73,0
60.7250,3.55,0
60.7300,3.55,0
60.7350,-16.31,0
60.7400,23.47,0
60.7450,-29.37,0
60.7500,-29.37,0
60.7550,-5.43,0
60.7600,-5.43,0
60.7650,-5.43,0
60.7700,-88.06,0
60.7750,14.08,0
60.7800,-5.13,0
60.7850,143.17,0
60.7900,143.17,0
60.7950,53.54,0
60.8000,53.54,0
60.8050,41.76,0
60.8100,41.76,0
60.8150,42.37,0
60.8200,42.37,0
60.8250,7.15,0
60.8300,8.90,0
60.8350,8.90,0
60.8400,19.58,0
60.8450,27.45,0
60.8500,53.84,0
60.8550,53.84,0
60.8600,53.84,0
60.8650,77.72,0
60.8700,77.72,0
60.8750,116.59,0
60.8800,116.59,0
60.8850,132.42,0
60.8900,132.42,0
60.8950,255.02,0
60.9000,143.17,0
60.9050,625.90,0
60.9100,625.90,0
60.9150,657.42,0
60.9200,657.42,0
60.9250,632.91,0
60.9300,346.95,0
60.9350,632.91,0
60.9400,632.91,0
60.9450,1239.68,0
60.9500,1239.68,0
60.9550,1241.46,0
60.9600,1241.46,0
60.9650,754.94,0
60.9700,754.94,0
60.9750,1087.63,0
60.9800,1087.63,0
60.9850,1087.63,0
60.9900,411.61,0
60.9950,292.54,0
61.0000,527.72,0
61.0050,527.72,0
61.0100,1205.35,0
61.0150,916.14,0
61.0200,722.10,0
61.0250,722.10,0
61.0300,722.10,0
61.0350,722.10,0
61.0400,46.76,0
61.0450,126.49,0
61.0500,126.49,0
61.0550,126.49,0
61.0600,-98.56,0
61.0650,-98.56,0
61.0700,-491.80,0
61.0750,-491.80,0
61.0800,-491.80,0
61.0850,-491.80,0
61.0900,631.20,0
61.0950,-491.80,0
61.1000,126.49,0
61.1050,-217.89,0
61.1100,-217.89,0
61.1150,522.29,0
61.1200,522.29,0
61.1250,242.65,0
61.1300,242.65,0
61.1350,407.26,0
61.1400,407.26,0
61.1450,407.26,0
61.1500,-663.01,0
61.1550,831.56,0
61.1600,1099.48,0
61.1650,1099.48,0
61.1700,983.81,0
61.1750,983.81,0
61.1800,961.38,0
61.1850,961.38,0
61.1900,1051.76,0
61.1950,961.64,0
61.2000,961.64,0
61.2050,961.64,0
61.2100,868.99,0
61.2150,868.99,0
61.2200,895.76,0
61.2250,895.76,0
61.2300,913.37,0
61.2350,913.37,0
61.2400,943.66,0
61.2450,943.66,0
61.2500,-75.49,0
61.2550,955.95,0
61.2600,908.57,0
61.2650,927.05,0
61.2700,927.05,0
61.2750,1121.47,0
61.2800,1121.47,0
61.2850,1119.36,0
61.2900,1119.36,0
61.2950,1036.10,0
61.3000,1036.10,0
61.3050,1008.16,0
61.3100,1030.62,0
61.3150,786.46,0
61.3200,786.46,0
61.3250,529.67,0
61.3300,542.24,0
61.3350,542.24,0
61.3400,542.24,0
61.3450,-27.71,0
61.3500,-27.71,0
61.3550,47.20,0
61.3600,47.20,0
61.3650,1008.16,0
61.3700,3.45,0
61.3750,3.45,0
61.3800,3.45,0
61.3850,29.55,0
61.3900,29.55,0
61.3950,-165.34,0
61.4000,1063.07,0
61.4050,74.47,0
61.4100,74.47,0
61.4150,74.47,0
61.4200,45.44,0
61.4250,74.47,0
61.4300,74.47,0
61.4350,-288.33,0
61.4400,-288.33,0
61.4450,-1117.55,0
61.4500,-1117.55,0
61.4550,-909.25,0
61.4600,-909.25,0
61.4650,-909.25,0
61.4700,-20.23,0
61.4750,-909.25,0
61.4800,-909.25,0
61.4850,-1081.03,0
61.4900,-1081.03,0
61.4950,-1081.03,0
61.5000,-1081.03,0
61.5050,-1081.03,0
61.5100,-1111.52,0
61.5150,-1111.52,0
61.5200,-1111.52,0
61.5250,-1065.22,0
61.5300,-1065.22,0
61.5350,-1408.67,0
61.5400,-1435.27,0
61.5450,-1435.27,0
61.5500,-989.90,0
61.5550,-989.90,0
61.5600,-1089.80,0
61.5650,-1089.80,0
61.5700,-1670.53,0
61.5750,-1670.53,0
61.5800,-1670.53,0
61.5850,-1670.53,0
61.5900,-2565.52,0
61.5950,-2565.52,0
61.6000,-2577.11,0
61.6050,-2577.11,0
61.6100,-3072.02,0
61.6150,-3072.02,0
61.6200,-2872.73,0
61.6250,-1166.37,0
61.6300,-3408.29,0
61.6350,-3408.29,0
61.6400,-1166.35,0
61.6450,-3222.40,0
61.6500,-2982.23,0
61.6550,-2939.99,0
61.6600,-2939.99,0
61.6650,-2467.77,0
61.6700,-2467.77,0
61.6750,-2400.77,0
61.6800,-2400.77,0
61.6850,-2999.72,0
61.6900,-2999.72,0
61.6950,-3094.27,0
61.7000,-3094.27,0
61.7050,-3094.27,0
61.7100,-3094.27,0
61.7150,-2807.47,0
61.7200,-2807.47,0
61.7250,-2560.79,0
61.7300,-2560.79,0
61.7350,-2313.27,0
61.7400,-3203.07,0
61.7450,-2440.35,0
61.7500,-2440.35,0
61.7550,-2440.35,0
61.7600,-2440.35,0
61.7650,-2554.70,0
61.7700,-2554.70,0
61.7750,-2329.53,0
61.7800,-2329.53,0
61.7850,-1749.56,0
61.7900,-1749.56,0
61.7950,-1994.43,0
61.8000,-2991.14,0
61.8050,-1994.43,0
61.8100,-1994.43,0
61.8150,-2193.21,0
61.8200,-3000.64,0
61.8250,-2215.07,0
61.8300,-2215.07,0
61.8350,-1324.73,0
61.8400,-1324.73,0
61.8450,-575.02,0
61.8500,-575.02,0
61.8550,-2215.07,0
61.8600,-26.93,0
61.8650,-318.81,0
61.8700,-318.81,0
61.8750,-1124.53,0
61.8800,-1303.18,0
61.8850,-1303.18,0
61.8900,-1303.18,0
61.8950,-2435.81,0
61.9000,-1733.32,0
61.9050,-2054.14,0
61.9100,-2054.14,0
61.9150,-2198.33,0
61.9200,-2198.33,0
61.9250,-2198.33,0
61.9300,-2489.08,0
61.9350,-2489.08,0
61.9400,-2489.08,0
61.9450,-2489.08,0
61.9500,-2489.08,0
61.9550,-3377.69,0
61.9600,-3377.69,0
61.9650,-2822.49,0
61.9700,-1191.31,0
61.9750,-2822.49,0
61.9800,-3155.12,0
61.9850,-2459.14,0
61.9900,-2528.30,0
61.9950,-3341.91,0
62.0000,-2333.08,0
62.0050,-2763.16,0
62.0100,-2787.19,0
62.0150,-2787.19,0
62.0200,-2787.19,0
62.0250,-2787.19,0
62.0300,-2787.19,0
62.0350,-3120.96,0
62.0400,-3120.96,0
62.0450,-3120.96,0
62.0500,-3120.96,0
62.0550,-2479.49,0
62.0600,-2924.98,0
62.0650,-1995.15,0
62.0700,-2822.49,0
62.0750,-2822.46,0
62.0800,-2535.32,0
62.0850,-3096.46,0
62.0900,-3046.66,0
62.0950,-3096.46,0
62.1000,-3072.16,0
62.1050,-3072.16,0
62.1100,-2998.42,0
62.1150,-2998.42,0
62.1200,-2988.64,0
62.1250,-2988.64,0
62.1300,-2953.71,0
62.1350,-2953.71,0
62.1400,-2670.01,0
62.1450,-2670.01,0
62.1500,-58.15,0
62.1550,-58.15,0
62.1600,93.40,0
62.1650,-2856.50,0
62.1700,95.20,0
62.1750,95.20,0
62.1800,95.20,0
62.1850,95.20,0
62.1900,142.58,0
62.1950,176.78,0
62.2000,176.78,0
62.2050,548.03,0
62.2100,-2492.58,0
62.2150,-498.36,0
62.2200,-498.36,0
62.2250,-498.36,0
62.2300,-498.36,0
62.2350,-498.36,0
62.2400,-1165.06,0
62.2450,-1452.86,0
62.2500,-1452.86,0
62.2550,-745.59,0
62.2600,-745.59,0
62.2650,-951.60,0
62.2700,-951.60,0
62.2750,237.80,0
62.2800,-951.60,0
62.2850,-44.36,0
62.2900,-440.88,0
62.2950,-440.88,0
62.3000,-219.71,0
62.3050,-679.91,0
62.3100,-679.91,0
62.3150,-2186.15,0
62.3200,-2186.15,0
62.3250,-2186.15,0
62.3300,-2186.15,0
62.3350,-2341.60,0
62.3400,-2341.60,0
62.3450,-2891.56,0
62.3500,-2891.56,0
62.3550,-2858.99,0
62.3600,-2858.99,0
62.3650,-3098.70,0
62.3700,-3098.70,0
62.3750,-3098.70,0
62.3800,-3098.70,0
62.3850,-3623.50,0
62.3900,-3623.50,0
62.3950,-4113.79,0
62.4000,-568.40,0
62.4050,-4851.52,0
62.4100,-4851.52,0
62.4150,-4547.33,0
62.4200,-4547.33,0
62.4250,-4547.33,0
62.4300,-4547.33,0
62.4350,-3764.05,0
62.4400,-3764.05,0
62.4450,-3642.27,0
62.4500,-3642.27,0
62.4550,-3610.33,0
62.4600,-3610.33,0
62.4650,-3608.47,0
62.4700,-3608.47,0
62.4750,-3529.84,0
62.4800,-3529.84,0
62.4850,-3510.97,0
62.4900,-3510.97,0
62.4950,-3848.82,0
62.5000,-3848.82,0
62.5050,-4652.70,0
62.5100,-2197.87,0
62.5150,-4764.30,0
62.5200,-4303.67,0
62.5250,-4303.67,0
62.5300,-4303.67,0
62.5350,-4530.34,0
62.5400,-4530.34,0
62.5450,-4530.34,0
62.5500,-4530.34,0
62.5550,-3493.74,0
62.5600,-4240.92,0
62.5650,-4474.31,0
62.5700,-4474.31,0
62.5750,-3249.71,0
62.5800,-2589.92,0
62.5850,-2589.92,0
62.5900,-2589.92,0
62.5950,-2589.92,0
62.6000,-2589.92,0
62.6050,-2472.68,0
62.6100,-2472.68,0
62.6150,-2843.13,0
62.6200,-2917.11,0
62.6250,-2624.21,0
62.6300,-2624.21,0
62.6350,-2277.46,0
62.6400,-2277.46,0
62.6450,-2277.46,0
62.6500,-2724.70,0
62.6550,-4813.76,0
62.6600,-2345.50,0
62.6650,-2345.50,0
62.6700,-2345.50,0
62.6750,-2187.86,0
62.6800,-2187.86,0
62.6850,-2187.86,0
62.6900,-2187.86,0
62.6950,-2516.52,0
62.7000,-1645.29,0
62.7050,-1645.29,0
62.7100,-2450.73,0
62.7150,-2450.73,0
62.7200,-2355.99,0
62.7250,-2355.99,0
62.7300,-2355.99,0
62.7350,-3878.71,0
62.7400,-2479.91,0
62.7450,-2646.70,0
62.7500,-2646.70,0
62.7550,-2522.96,0
62.7600,-2556.96,0
62.7650,-2556.96,0
62.7700,-2556.96,0
62.7750,-2672.75,0
62.7800,-2672.75,0
62.7850,-2018.05,0
62.7900,-2899.07,0
62.7950,-2610.68,0
62.8000,-2699.63,0
62.8050,-2619.45,0
62.8100,-2619.45,0
62.8150,-2165.33,0
62.8200,-2165.33,0
62.8250,-2812.06,0
62.8300,-2812.06,0
62.8350,-2765.77,0
62.8400,-2564.48,0
62.8450,-2621.95,0
62.8500,-2446.85,0
62.8550,-2446.85,0
62.8600,-2446.85,0
62.8650,-3247.83,0
62.8700,-3247.83,0
62.8750,-3567.10,0
62.8800,-3567.10,0
62.8850,-3426.60,0
62.8900,-3426.60,0
62.8950,-4258.86,0
62.9000,-3426.60,0
62.9050,-4456.64,0
62.9100,-4456.64,0
62.9150,-4456.64,0
62.9200,-4456.64,0
62.9250,-2488.58,0
62.9300,-3918.95,0
62.9350,-3918.95,0
62.9400,-4459.47,0
62.9450,-4459.47,0
62.9500,-4459.47,0
62.9550,-4934.76,0
62.9600,-4772.84,0
62.9650,-4772.84,0
62.9700,-2867.86,0
62.9750,-1082.23,0
62.9800,-3563.56,0
62.9850,-726.42,0
62.9900,-726.42,0
62.9950,-1000.32,0
63.0000,-1000.32,0
63.0050,-1170.30,0
63.0100,-618.79,0
63.0150,-618.79,0
63.0200,-618.79,0
63.0250,-618.79,0
63.0300,-565.76,0
63.0350,-995.29,0
63.0400,-145.18,0
63.0450,-145.18,0
63.0500,-207.44,0
63.0550,-207.44,0
63.0600,-569.50,0
63.0650,-569.50,0
63.0700,-569.50,0
63.0750,-569.50,0
63.0800,-569.50,0
63.0850,-534.40,0
63.0900,-534.40,0
63.0950,-685.13,0
63.1000,-685.13,0
63.1050,-863.84,0
63.1100,-673.49,0
63.1150,-1921.28,0
63.1200,-673.49,0
63.1250,-559.61,0
63.1300,-559.61,0
63.1350,-724.27,0
63.1400,-724.27,0
63.1450,-1261.84,0
63.1500,-1496.01,0
63.1550,-1496.01,0
63.1600,-836.46,0
63.1650,-836.46,0
63.1700,-836.46,0
63.1750,-836.46,0
63.1800,-1196.40,0
63.1850,-1196.40,0
63.1900,-1334.22,0
63.1950,-1334.22,0
63.2000,-1334.22,0
63.2050,-1334.22,0
63.2100,-1334.22,0
63.2150,-1334.22,0
63.2200,-1196.40,0
63.2250,217.25,0
63.2300,-1196.40,0
63.2350,1075.89,0
63.2400,1419.16,0
63.2450,-724.27,0
63.2500,805.31,0
63.2550,-1350.07,0
63.2600,6.39,0
63.2650,6.39,0
63.2700,6.39,0
63.2750,-633.11,0
63.2800,6.39,0
63.2850,6.39,0
63.2900,33.25,0
63.2950,-579.26,0
63.3000,-726.45,0
63.3050,-726.45,0
63.3100,-793.78,0
63.3150,-793.78,0
63.3200,-301.93,0
63.3250,-301.93,0
63.3300,-678.77,0
63.3350,-678.77,0
63.3400,-737.69,0
63.3450,-737.69,0
63.3500,-920.95,0
63.3550,-920.95,0
63.3600,-760.51,0
63.3650,-808.97,0
63.3700,-760.51,0
63.3750,-760.51,0
63.3800,-657.49,0
63.3850,-228.52,0
63.3900,-228.52,0
63.3950,-228.52,0
63.4000,-771.15,0
63.4050,-771.15,0
63.4100,-707.16,0
63.4150,-707.16,0
63.4200,-707.16,0
63.4250,-707.16,0
63.4300,-864.59,0
63.4350,-522.12,0
63.4400,-880.06,0
63.4450,-989.69,0
63.4500,-1007.31,0
63.4550,-1007.31,0
63.4600,-970.10,0
63.4650,-970.10,0
63.4700,-1019.36,0
63.4750,-1019.36,0
63.4800,-933.58,0
63.4850,-933.58,0
63.4900,-967.51,0
63.4950,-682.79,0
63.5000,-917.05,0
63.5050,-917.05,0
63.5100,-988.97,0
63.5150,-988.97,0
63.5200,-908.14,0
63.5250,-908.14,0
63.5300,-908.14,0
63.5350,-343.25,0
63.5400,-815.54,0
63.5450,-1433.11,0
63.5500,-1433.11,0
63.5550,-2005.08,0
63.5600,-2005.08,0
63.5650,-2249.62,0
63.5700,-2249.62,0
63.5750,-2102.39,0
63.5800,-2102.39,0
63.5850,-2102.39,0
63.5900,-2102.39,0
63.5950,-326.06,0
63.6000,-2205.78,0
63.6050,-2205.78,0
63.6100,-2768.67,0
63.6150,-3156.65,0
63.6200,-3156.65,0
63.6250,-3156.65,0
63.6300,-3156.65,0
63.6350,-3156.65,0
63.6400,-3156.65,0
63.6450,-3156.65,0
63.6500,-1139.54,0
63.6550,-4177.05,0
63.6600,-3280.72,0
63.6650,-3956.55,0
63.6700,-3883.11,0
63.6750,-3883.11,0
63.6800,-3883.11,0
63.6850,-4017.25,0
63.6900,-3844.22,0
63.6950,-4207.57,0
63.7000,-3827.21,0
63.7050,-3883.11,0
63.7100,-3864.22,0
63.7150,-3827.21,0
63.7200,-4412.97,0
63.7250,-4412.97,0
63.7300,-4412.97,0
63.7350,-4412.97,0
63.7400,-4583.54,0
63.7450,-4583.54,0
63.7500,-4164.33,0
63.7550,-3973.61,0
63.7600,-3730.20,0
63.7650,-3730.20,0
63.7700,-3730.20,0
63.7750,-4175.72,0
63.7800,-3437.20,0
63.7850,-3437.20,0
63.7900,644.44,0
63.7950,-2225.90,0
63.8000,333.85,0
63.8050,337.99,0
63.8100,337.99,0
63.8150,-4400.09,0
63.8200,337.99,0
63.8250,337.99,0
63.8300,90.00,0
63.8350,90.00,0
63.8400,35.80,0
63.8450,154.38,0
63.8500,47.46,0
63.8550,2.54,0
63.8600,2.54,0
63.8650,-3973.21,0
63.8700,20.87,0
63.8750,20.87,0
63.8800,-13.50,0
63.8850,-3972.62,0
63.8900,-49.33,0
63.8950,-54.66,0
63.9000,-54.66,0
63.9050,-10.32,0
63.9100,-10.32,0
63.9150,-10.32,0
63.9200,-4042.02,0
63.9250,-24.07,0
63.9300,-43.45,0
63.9350,-43.45,0
63.9400,-43.45,0
63.9450,3.22,0
63.9500,3.22,0
63.9550,3.22,0
63.9600,-10.17,0
63.9650,-10.17,0
63.9700,-26.27,0
63.9750,-26.27,0
63.9800,-36.77,0
63.9850,-36.77,0
63.9900,64.06,0
63.9950,-8.84,0
64.0000,-8.84,0
64.0050,-8.84,0
64.0100,-8.84,0
64.0150,-8.84,0
64.0200,-30.14,0
64.0250,-30.14,0
64.0300,-41.31,0
64.0350,-41.31,0
64.0400,4.39,0
64.0450,4.39,0
64.0500,-45.91,0
64.0550,-45.91,0
64.0600,51.71,0
64.0650,-43.39,0
64.0700,2.65,0
64.0750,4.39,0
64.0800,-9.08,0
64.0850,-9.08,0
64.0900,11.78,0
64.0950,-8.84,0
64.1000,35.40,0
64.1050,35.40,0
64.1100,-25.72,0
64.1150,-25.72,0
64.1200,1.54,0
64.1250,-3.36,0
64.1300,-26.06,0
64.1350,-26.06,0
64.1400,-26.06,0
64.1450,-33.24,0
64.1500,-33.24,0
64.1550,11.60,0
64.1600,11.60,0
64.1650,-22.31,0
64.1700,22.22,0
64.1750,31.68,0
64.1800,31.68,0
64.1850,-26.06,0
64.1900,-23.15,0
64.1950,24.11,0
64.2000,24.11,0
64.2050,24.11,0
64.2100,24.11,0
64.2150,35.61,0
64.2200,35.61,0
64.2250,-31.93,0
64.2300,-31.93,0
64.2350,-21.92,0
64.2400,-21.92,0
64.2450,-18.50,0
64.2500,2.69,0
64.2550,-117.78,0
64.2600,-117.78,0
64.2650,-93.64,0
64.2700,-93.64,0
64.2750,-84.49,0
64.2800,-84.49,0
64.2850,-84.49,0
64.2900,-84.49,1
64.2950,-84.49,0
64.3000,-135.20,0
64.3050,-135.20,0
64.3100,-73.57,0
64.3150,-73.57,0
64.3200,-73.57,0
64.3250,-112.34,0
64.3300,-112.34,0
64.3350,-70.78,0
64.3400,-70.78,0
64.3450,-179.90,0
64.3500,-100.10,0
64.3550,-100.10,0
64.3600,28.03,0
64.3650,-268.30,0
64.3700,-268.30,0
64.3750,-57.02,0
64.3800,-880.74,0
64.3850,-706.56,0
64.3900,-706.56,0
64.3950,-701.70,0
64.4000,-701.70,0
64.4050,-701.70,0
64.4100,-93.58,0
64.4150,-682.06,0
64.4200,-682.06,0
64.4250,-671.90,0
64.4300,-671.90,0
64.4350,-682.06,0
64.4400,-1141.91,0
64.4450,-1364.82,0
64.4500,-1364.82,0
64.4550,-1570.30,0
64.4600,-1570.30,0
64.4650,-1643.66,0
64.4700,-1643.66,0
64.4750,-1443.56,0
64.4800,-1018.50,0
64.4850,-1730.62,0
64.4900,-864.07,0
64.4950,-882.58,0
64.5000,-882.58,0
64.5050,-882.58,0
64.5100,-105.09,0
64.5150,-887.80,0
64.5200,-887.80,0
64.5250,-906.91,0
64.5300,-906.91,0
64.5350,-906.91,0
64.5400,-906.91,0
64.5450,-879.99,0
64.5500,-879.99,0
64.5550,-901.96,0
64.5600,-764.98,0
64.5650,-847.99,0
64.5700,-847.99,0
64.5750,-723.72,0
64.5800,-723.72,0
64.5850,-454.38,0
64.5900,-454.38,0
64.5950,-613.77,0
64.6000,-901.96,0
64.6050,-581.16,0
64.6100,-1527.69,0
64.6150,145.74,0
64.6200,145.74,0
64.6250,36.25,0
64.6300,36.25,0
64.6350,13.45,0
64.6400,13.45,0
64.6450,-116.03,0
64.6500,-1021.52,0
64.6550,-332.60,0
64.6600,-332.60,0
64.6650,-895.52,0
64.6700,-332.60,0
64.6750,716.24,0
64.6800,833.82,0
64.6850,-78.17,0
64.6900,951.03,0
64.6950,951.03,0
64.7000,382.43,0
64.7050,382.43,0
64.7100,382.43,0
64.7150,382.43,0
64.7200,378.01,0
64.7250,378.01,0
64.7300,715.89,0
64.7350,715.89,0
64.7400,715.89,0
64.7450,715.89,0
64.7500,715.89,0
64.7550,715.89,0
64.7600,1327.87,0
64.7650,1327.87,0
64.7700,651.31,0
64.7750,1779.58,0
64.7800,2625.16,0
64.7850,2625.16,0
64.7900,2686.21,0
64.7950,2686.21,0
64.8000,2298.04,0
64.8050,2298.04,0
64.8100,2298.04,0
64.8150,2298.04,0
64.8200,2298.04,0
64.8250,3695.00,0
64.8300,3733.45,0
64.8350,3733.45,0
64.8400,3762.12,0
64.8450,3762.12,0
64.8500,4095.27,0
64.8550,4095.27,0
64.8600,4095.27,0
64.8650,4095.27,0
64.8700,1332.64,0
64.8750,4032.27,0
64.8800,4032.27,0
64.8850,3945.32,0
64.8900,3945.32,0
64.8950,4121.15,0
64.9000,4121.15,0
64.9050,4272.71,0
64.9100,4272.71,0
64.9150,4272.71,0
64.9200,4272.71,0
64.9250,4272.71,0
64.9300,4272.71,0
64.9350,4193.49,0
64.9400,4054.44,0
64.9450,4037.72,0
64.9500,3912.71,0
64.9550,3912.71,0
64.9600,3900.82,0
64.9650,3900.82,0
64.9700,3893.71,0
64.9750,3893.71,0
64.9800,3829.87,0
64.9850,3829.87,0
64.9900,3820.88,0
64.9950,3820.88,0
65.0000,3863.98,0
65.0050,4054.44,0
65.0100,3858.75,0
65.0150,3833.02,0
65.0200,3833.02,0
65.0250,3890.69,0
65.0300,3890.69,0
65.0350,3890.69,0
65.0400,3890.69,0
65.0450,3908.02,0
65.0500,1872.14,0
65.0550,3916.31,0
65.0600,3916.31,0
65.0650,3940.21,0
65.0700,3883.32,0
65.0750,3905.67,0
65.0800,3905.67,0
65.0850,3905.67,0
65.0900,3913.64,0
65.0950,3913.64,0
65.1000,3877.49,0
65.1050,3877.49,0
65.1100,3877.49,0
65.1150,3877.49,0
65.1200,3931.30,0
65.1250,3931.30,0
65.1300,3926.63,0
65.1350,3926.63,0
65.1400,3940.21,0
65.1450,3898.66,0
65.1500,3943.16,0
65.1550,3943.16,0
65.1600,3928.00,0
65.1650,3893.60,0
65.1700,3928.00,0
65.1750,3923.58,0
65.1800,3979.25,0
65.1850,3903.75,0
65.1900,3949.12,0
65.1950,3881.02,0
65.2000,3949.12,0
65.2050,3949.12,0
65.2100,3949.12,0
65.2150,3928.92,0
65.2200,3928.92,0
65.2250,3832.07,0
65.2300,3903.52,0
65.2350,3942.17,0
65.2400,3942.17,0
65.2450,3930.63,0
65.2500,3930.63,0
65.2550,3930.63,0
65.2600,3930.63,0
65.2650,3905.73,0
65.2700,3905.73,0
65.2750,3941.74,0
65.2800,3930.63,0
65.2850,3949.16,0
65.2900,3922.52,0
65.2950,3942.08,0
65.3000,3922.52,0
65.3050,3916.83,0
65.3100,3928.25,0
65.3150,3914.53,0
65.3200,3887.27,0
65.3250,3887.27,0
65.3300,3887.27,0
65.3350,3907.02,0
65.3400,3907.02,0
65.3450,3905.71,0
65.3500,3884.58,0
65.3550,3923.32,0
65.3600,3923.32,0
65.3650,3939.67,0
65.3700,3887.08,0
65.3750,3910.70,0
65.3800,3947.57,0
65.3850,3906.00,0
65.3900,3906.00,0
65.3950,3942.70,0
65.4000,3942.70,0
65.4050,3914.15,0
65.4100,3914.15,0
65.4150,3935.02,0
65.4200,3582.45,0
65.4250,3582.45,0
65.4300,56.15,0
65.4350,56.15,0
65.4400,-84.63,0
65.4450,-84.63,0
65.4500,56.08,0
65.4550,3921.12,0
65.4600,56.08,0
65.4650,-37.02,0
65.4700,9.77,0
65.4750,9.77,0
65.4800,3905.80,0
65.4850,20.11,0
65.4900,20.11,0
65.4950,-14.19,0
65.5000,-14.19,0
65.5050,45.34,0
65.5100,45.34,0
65.5150,45.34,0
65.5200,45.34,0
65.5250,7.81,0
65.5300,32.89,0
65.5350,32.89,0
65.5400,-40.67,0
65.5450,-40.67,0
65.5500,-6.26,0
65.5550,-6.26,0
65.5600,-6.26,0
65.5650,-6.26,0
65.5700,3933.60,0
65.5750,207.98,0
65.5800,207.98,0
65.5850,137.05,0
65.5900,137.05,0
65.5950,7.81,0
65.6000,-74.34,0
65.6050,-74.34,0
65.6100,2.65,0
65.6150,2.65,0
65.6200,2.65,0
65.6250,80.37,0
65.6300,158.72,0
65.6350,158.72,0
65.6400,-43.59,0
65.6450,-43.59,0
65.6500,-43.59,0
65.6550,-43.59,0
65.6600,1.78,0
65.6650,1.78,0
65.6700,-35.00,0
65.6750,-35.00,0
65.6800,-37.97,0
65.6850,-37.97,0
65.6900,-6.37,0
65.6950,-3.16,0
65.7000,20.58,0
65.7050,20.58,0
65.7100,20.58,0
65.7150,-21.93,0
65.7200,-21.93,0
65.7250,3.69,0
65.7300,3.69,0
65.7350,3.69,0
65.7400,3.69,0
65.7450,3.69,0
65.7500,3.69,0
65.7550,3.69,0
65.7600,3.69,0
65.7650,-121.72,0
65.7700,-84.69,0
65.7750,-146.50,0
65.7800,457.01,0
65.7850,457.01,0
65.7900,-84.59,0
65.7950,845.92,0
65.8000,312.50,0
65.8050,312.50,0
65.8100,-605.14,0
65.8150,-605.14,0
65.8200,-605.14,0
65.8250,-170.73,0
65.8300,-849.93,0
65.8350,-849.93,0
65.8400,-849.93,0
65.8450,-1171.87,0
65.8500,-37.78,0
65.8550,-986.40,0
65.8600,-813.67,0
65.8650,-853.65,0
65.8700,-853.65,0
65.8750,-1085.80,0
65.8800,-1085.80,0
65.8850,755.15,0
65.8900,-1079.97,0
65.8950,-1079.97,0
65.9000,-1122.75,0
65.9050,-1122.75,0
65.9100,-297.09,0
65.9150,-1228.92,0
65.9200,-183.31,0
65.9250,-183.31,0
65.9300,-183.31,0
65.9350,-183.31,0
65.9400,405.82,0
65.9450,-87.45,0
65.9500,427.36,0
65.9550,427.36,0
65.9600,862.08,0
65.9650,862.08,0
65.9700,855.09,0
65.9750,855.09,0
65.9800,1038.82,0
65.9850,117.17,0
65.9900,832.40,0
65.9950,1579.77,0
66.0000,1579.77,0
66.0050,2007.53,0
66.0100,2007.53,0
66.0150,2072.51,0
66.0200,2072.51,0
66.0250,2055.70,0
66.0300,2055.70,0
66.0350,2205.65,0
66.0400,2205.65,0
66.0450,2203.42,0
66.0500,2157.38,0
66.0550,-1306.28,0
66.0600,2203.42,0
66.0650,2421.56,0
66.0700,2421.56,0
66.0750,2220.34,0
66.0800,2220.34,0
66.0850,2561.16,0
66.0900,2561.16,0
66.0950,2560.70,0
66.1000,2560.70,0
66.1050,-181.29,0
66.1100,2560.70,0
66.1150,2560.70,0
66.1200,2560.70,0
66.1250,2288.80,0
66.1300,2288.80,0
66.1350,2171.51,0
66.1400,2171.51,0
66.1450,1580.39,0
66.1500,1580.39,0
66.1550,1528.23,0
66.1600,1528.23,0
66.1650,1655.80,0
66.1700,1655.80,0
66.1750,1932.09,0
66.1800,1281.47,0
66.1850,857.24,0
66.1900,857.24,0
66.1950,857.24,0
66.2000,857.24,0
66.2050,855.98,0
66.2100,855.98,0
66.2150,1414.77,0
66.2200,2223.16,0
66.2250,1227.14,0
66.2300,893.27,0
66.2350,893.27,0
66.2400,1172.75,0
66.2450,1236.01,0
66.2500,1172.75,0
66.2550,-521.28,0
66.2600,-521.28,0
66.2650,2102.03,0
66.2700,-521.28,0
66.2750,-1072.23,0
66.2800,-1072.23,0
66.2850,1528.19,0
66.2900,-1458.64,0
66.2950,-1554.59,0
66.3000,2331.22,0
66.3050,-1994.98,0
66.3100,-1994.98,0
66.3150,-1994.98,0
66.3200,-2408.32,0
66.3250,-2408.32,0
66.3300,-2685.91,0
66.3350,-2685.91,0
66.3400,-3011.34,0
66.3450,-3011.34,0
66.3500,-3011.34,0
66.3550,-3011.34,0
66.3600,-3011.34,0
66.3650,-3011.34,0
66.3700,-3711.63,0
66.3750,-3711.63,0
66.3800,-2061.30,0
66.3850,-3578.83,0
66.3900,-4091.06,0
66.3950,-4091.06,0
66.4000,-4436.56,0
66.4050,-4436.56,0
66.4100,-4436.56,0
66.4150,-4700.35,0
66.4200,-1459.54,0
66.4250,-4577.30,0
66.4300,-4577.30,0
66.4350,-5003.14,0
66.4400,-5003.14,0
66.4450,-2407.95,0
66.4500,-5437.56,0
66.4550,-3157.05,0
66.4600,-5696.04,0
66.4650,-5555.05,0
66.4700,-5555.05,0
66.4750,-6065.44,0
66.4800,-6065.44,0
66.4850,-6065.44,0
66.4900,-6001.70,0
66.4950,-6690.38,0
66.5000,-6690.38,0
66.5050,-6592.56,0
66.5100,-2621.71,0
66.5150,-7126.83,0
66.5200,-7126.83,0
66.5250,-6916.19,0
66.5300,-6916.19,0
66.5350,-2793.75,0
66.5400,-7466.27,0
66.5450,-5600.93,0
66.5500,-7561.79,0
66.5550,-7561.79,0
66.5600,-7646.41,0
66.5650,-7646.41,0
66.5700,-7646.41,0
66.5750,-7840.85,0
66.5800,-7840.85,0
66.5850,-7840.85,0
66.5900,-7840.85,0
66.5950,-7883.78,0
66.6000,-7883.78,0
66.6050,-7866.73,0
66.6100,-7866.73,0
66.6150,-7847.16,0
66.6200,-7827.67,0
66.6250,-7827.67,0
66.6300,-7827.67,0
66.6350,-7890.78,0
66.6400,-7877.05,0
66.6450,-7561.85,0
66.6500,-7877.05,0
66.6550,-7877.05,0
66.6600,-7875.67,0
66.6650,-7875.67,0
66.6700,-8132.02,0
66.6750,-8132.02,0
66.6800,-8237.35,0
66.6850,-8237.35,0
66.6900,-7816.66,0
66.6950,-7816.66,0
66.7000,-7444.14,0
66.7050,-7847.13,0
66.7100,-7960.93,0
66.7150,-7647.03,0
66.7200,-8062.97,0
66.7250,-8062.97,0
66.7300,-7846.47,0
66.7350,-7890.61,0
66.7400,-7444.14,0
66.7450,-7788.35,0
66.7500,-8459.45,0
66.7550,-8459.45,0
66.7600,-9035.98,0
66.7650,-9035.98,0
66.7700,-9387.04,0
66.7750,-9387.04,0
66.7800,-9639.90,0
66.7850,-9639.90,0
66.7900,-9523.96,0
66.7950,-9523.96,0
66.8000,-9984.95,0
66.8050,-9984.95,0
66.8100,-10414.07,0
66.8150,-8143.03,0
66.8200,-10701.70,0
66.8250,-10701.70,0
66.8300,-11071.34,0
66.8350,-7419.58,0
66.8400,-11181.24,0
66.8450,-11181.24,0
66.8500,-7419.58,0
66.8550,-11548.80,0
66.8600,-11548.80,0
66.8650,-11548.80,0
66.8700,-11575.86,0
66.8750,-11575.86,0
66.8800,-12341.46,0
66.8850,-12582.40,0
66.8900,-12582.40,0
66.8950,-12582.40,0
66.9000,-12582.40,0
66.9050,-12582.40,0
66.9100,-12582.40,0
66.9150,-11783.81,0
66.9200,-12742.19,0
66.9250,-12742.19,0
66.9300,-12742.19,0
66.9350,-12726.83,0
66.9400,-12726.83,0
66.9450,-12726.83,0
66.9500,-12756.62,0
66.9550,-12756.62,0
66.9600,-12784.35,0
66.9650,-12784.35,0
66.9700,-12782.02,0
66.9750,-12782.02,0
66.9800,-12788.17,0
66.9850,-12788.17,0
66.9900,-12772.63,0
66.9950,-12772.63,0
67.0000,-12776.83,0
67.0050,-12771.22,0
67.0100,-12758.47,0
67.0150,-12758.47,0
67.0200,-12758.47,0
67.0250,-12756.04,0
67.0300,-12768.03,0
67.0350,-12768.03,0
67.0400,-12807.67,0
67.0450,-12807.67,0
67.0500,-12904.67,0
67.0550,-12904.67,0
67.0600,-12825.15,0
67.0650,-12825.15,0
67.0700,-11729.05,0
67.0750,-11729.05,0
67.0800,-200.24,0
67.0850,-200.24,0
67.0900,-432.60,0
67.0950,-432.60,0
67.1000,-132.45,0
67.1050,-432.60,0
67.1100,-411.81,0
67.1150,-689.03,0
67.1200,-689.03,0
67.1250,-689.03,0
67.1300,-1054.01,0
67.1350,-1054.01,0
67.1400,-698.67,0
67.1450,-698.67,0
67.1500,-752.23,0
67.1550,-752.23,0
67.1600,-1199.12,0
67.1650,-1199.12,0
67.1700,-380.35,0
67.1750,-380.35,0
67.1800,-380.35,0
67.1850,-380.35,0
67.1900,-380.35,0
67.1950,-380.35,0
67.2000,-1007.60,0
67.2050,-1576.77,0
67.2100,-1576.77,0
67.2150,-1576.77,0
67.2200,-1576.77,0
67.2250,-1576.77,0
67.2300,-1964.45,0
67.2350,-1964.45,0
67.2400,-1964.45,0
67.2450,-362.31,0
67.2500,-2317.66,0
67.2550,-2317.66,0
67.2600,-2757.06,0
67.2650,-2757.06,0
67.2700,-2810.60,0
67.2750,-2810.60,0
67.2800,-2851.92,0
67.2850,-2851.92,0
67.2900,-2920.61,0
67.2950,-2317.66,0
67.3000,-2920.61,0
67.3050,-2920.61,0
67.3100,-2980.14,0
67.3150,-827.19,0
67.3200,-2981.97,0
67.3250,-2981.97,0
67.3300,-2944.50,0
67.3350,-2944.50,0
67.3400,-2968.47,0
67.3450,-2968.47,0
67.3500,-2971.66,0
67.3550,-2975.51,0
67.3600,-2975.51,0
67.3650,-2975.51,0
67.3700,-2764.38,0
67.3750,-2989.13,0
67.3800,-2966.88,0
67.3850,-2971.97,0
67.3900,-2971.97,0
67.3950,-2971.97,0
67.4000,-2971.97,0
67.4050,-2971.97,0
67.4100,-3098.01,0
67.4150,-3098.01,0
67.4200,-3252.03,0
67.4250,-3252.03,0
67.4300,-3319.89,0
67.4350,-3319.89,0
67.4400,-2974.11,0
67.4450,-2974.11,0
67.4500,-2974.11,0
67.4550,-2974.11,0
67.4600,-2948.53,0
67.4650,-2971.55,0
67.4700,-3506.43,0
67.4750,-3506.43,0
67.4800,-3743.40,0
67.4850,-2988.78,0
67.4900,-3002.14,0
67.4950,-4015.82,0
67.5000,-3242.08,0
67.5050,-3242.08,0
67.5100,-3624.39,0
67.5150,-4163.13,0
67.5200,-4163.13,0
67.5250,-5001.65,0
67.5300,-5001.65,0
67.5350,-5001.65,0
67.5400,-4325.04,0
67.5450,-4325.04,0
67.5500,-4116.93,0
67.5550,-4116.93,0
67.5600,-4692.05,0
67.5650,-4692.05,0
67.5700,-4692.05,0
67.5750,-3989.78,0
67.5800,-3989.78,0
67.5850,-3989.78,0
67.5900,-3908.48,0
67.5950,-3908.48,0
67.6000,-3970.49,0
67.6050,-3970.49,0
67.6100,-4022.08,0
67.6150,-4022.08,0
67.6200,-3236.52,0
67.6250,-3236.52,0
67.6300,-3581.46,0
67.6350,-3581.46,0
67.6400,-3581.46,0
67.6450,-4880.13,0
67.6500,-4880.13,0
67.6550,-4219.91,0
67.6600,-4219.91,0
67.6650,-4159.33,0
67.6700,-4566.06,0
67.6750,-4566.06,0
67.6800,-4253.96,0
67.6850,-5074.18,0
67.6900,-5796.59,0
67.6950,-5796.59,0
67.7000,-5406.97,0
67.7050,-5406.97,0
67.7100,-5406.97,0
67.7150,-5397.41,0
67.7200,-5074.18,0
67.7250,-5104.96,0
67.7300,-5104.96,0
67.7350,-5883.38,0
67.7400,-6046.88,0
67.7450,-5496.45,0
67.7500,-5496.45,0
67.7550,-5692.85,0
67.7600,-3594.89,0
67.7650,-5692.85,0
67.7700,-5796.60,0
67.7750,-5812.81,0
67.7800,-5812.81,0
67.7850,-5823.57,0
67.7900,-5823.57,0
67.7950,-5830.58,0
67.8000,-5830.58,0
67.8050,-5104.94,0
67.8100,-5830.58,0
67.8150,-5770.76,0
67.8200,-5791.96,0
67.8250,-5749.53,0
67.8300,-5749.53,0
67.8350,-5699.84,0
67.8400,-5699.84,0
67.8450,-5656.60,0
67.8500,-5656.60,0
67.8550,-5697.23,0
67.8600,-5697.23,0
67.8650,-5817.09,0
67.8700,-5817.09,0
67.8750,-5817.09,0
67.8800,-5869.31,0
67.8850,-5869.31,0
67.8900,-5335.99,0
67.8950,-5335.99,0
67.9000,-115.24,0
67.9050,-162.80,0
67.9100,-162.80,0
67.9150,-120.48,0
67.9200,-120.48,0
67.9250,-120.48,0
67.9300,-120.48,0
67.9350,-5796.09,0
67.9400,-140.30,0
67.9450,-140.30,0
67.9500,-7.21,0
67.9550,-7.21,0
67.9600,-390.32,0
67.9650,-390.32,0
67.9700,-247.38,0
67.9750,-247.38,0
67.9800,48.41,0
67.9850,48.41,0
67.9900,200.75,0
67.9950,762.60,0
68.0000,-7.21,0
68.0050,-115.09,0
68.0100,762.60,0
68.0150,880.88,0
68.0200,880.88,0
68.0250,876.01,0
68.0300,876.01,0
68.0350,876.01,0
68.0400,944.30,0
68.0450,1683.55,0
68.0500,1872.30,0
68.0550,1872.30,0
68.0600,2809.01,0
68.0650,2809.01,0
68.0700,3231.08,0
68.0750,3231.08,0
68.0800,3612.79,0
68.0850,3612.79,0
68.0900,3853.06,0
68.0950,3783.04,0
68.1000,3853.06,0
68.1050,3853.06,0
68.1100,4779.54,0
68.1150,5127.74,0
68.1200,5500.58,0
68.1250,5500.58,0
68.1300,5691.87,0
68.1350,5691.87,0
68.1400,5647.73,0
68.1450,5647.73,0
68.1500,5647.73,0
68.1550,5647.73,0
68.1600,5855.35,0
68.1650,5855.35,0
68.1700,5.99,0
68.1750,5735.89,0
68.1800,5826.84,0
68.1850,5826.84,0
68.1900,5874.62,0
68.1950,5874.62,0
68.2000,5874.62,0
68.2050,5874.62,0
68.2100,5871.86,0
68.2150,5763.55,0
68.2200,5912.77,0
68.2250,5912.77,0
68.2300,5922.96,0
68.2350,5922.96,0
68.2400,5908.74,0
68.2450,5900.69,0
68.2500,5924.84,0
68.2550,5871.84,0
68.2600,5902.47,0
68.2650,3143.44,0
68.2700,5902.47,0
68.2750,5912.21,0
68.2800,5912.21,0
68.2850,5902.15,0
68.2900,5902.15,0
68.2950,5902.15,0
68.3000,5902.15,0
68.3050,5902.53,0
68.3100,5902.53,0
68.3150,5917.54,0
68.3200,5876.15,0
68.3250,5920.94,0
68.3300,5905.84,0
68.3350,5920.94,0
68.3400,5925.03,0
68.3450,5928.97,0
68.3500,5909.66,0
68.3550,5916.34,0
68.3600,5903.09,0
68.3650,5903.09,0
68.3700,5958.72,0
68.3750,5958.72,0
68.3800,6011.40,0
68.3850,6011.40,0
68.3900,5966.54,0
68.3950,5966.54,0
68.4000,5868.14,0
68.4050,5868.14,0
68.4100,5898.53,0
68.4150,5874.23,0
68.4200,6297.28,0
68.4250,6828.74,0
68.4300,6828.74,0
68.4350,6828.74,0
68.4400,7020.46,0
68.4450,7020.46,0
68.4500,7666.47,0
68.4550,7666.47,0
68.4600,7812.15,0
68.4650,7812.15,0
68.4700,7812.15,0
68.4750,7812.15,0
68.4800,8080.60,0
68.4850,8080.60,0
68.4900,8535.26,0
68.4950,8535.26,0
68.5000,8744.24,0
68.5050,8744.24,0
68.5100,8615.88,0
68.5150,8615.88,0
68.5200,8615.88,0
68.5250,9428.97,0
68.5300,9428.97,0
68.5350,9428.97,0
68.5400,9582.56,0
68.5450,9582.56,0
68.5500,9582.56,0
68.5550,9582.56,0
68.5600,9604.72,0
68.5650,9604.72,0
68.5700,9636.46,0
68.5750,9636.46,0
68.5800,9636.46,0
68.5850,9636.46,0
68.5900,9414.98,0
68.5950,5401.66,0
68.6000,8967.14,0
68.6050,8967.14,0
68.6100,8995.08,0
68.6150,8995.08,0
68.6200,8999.74,0
68.6250,8999.74,0
68.6300,8999.74,0
68.6350,8999.74,0
68.6400,8999.74,0
68.6450,8999.74,0
68.6500,8886.23,0
68.6550,8886.85,0
68.6600,8886.85,0
68.6650,8886.85,0
68.6700,8870.28,0
68.6750,8870.28,0
68.6800,8839.92,0
68.6850,8839.92,0
68.6900,8839.92,0
68.6950,8870.28,0
68.7000,8824.02,0
68.7050,8824.02,0
68.7100,8003.79,0
68.7150,8003.79,0
68.7200,110.48,0
68.7250,8870.28,0
68.7300,110.48,0
68.7350,8834.94,0
68.7400,105.44,0
68.7450,-28.61,0
68.7500,-28.61,0
68.7550,-28.61,0
68.7600,105.44,0
68.7650,45.52,0
68.7700,81.72,0
68.7750,81.72,0
68.7800,19.61,0
68.7850,19.61,0
68.7900,37.80,0
68.7950,9024.99,0
68.8000,33.94,0
68.8050,33.94,0
68.8100,5.43,0
68.8150,5.43,0
68.8200,5.43,0
68.8250,19.30,0
68.8300,19.30,0
68.8350,110.35,0
68.8400,110.35,0
68.8450,104.05,0
68.8500,4166.76,0
68.8550,34.46,0
68.8600,34.46,0
68.8650,4.01,0
68.8700,4.01,0
68.8750,43.48,0
68.8800,43.48,0
68.8850,-5.94,0
68.8900,15.84,0
68.8950,18.66,0
68.9000,43.48,0
68.9050,-4.74,0
68.9100,-4.74,0
68.9150,20.69,0
68.9200,20.69,0
68.9250,-12.39,0
68.9300,10.37,0
68.9350,10.37,0
68.9400,1.69,0
68.9450,1.69,0
68.9500,1.69,0
68.9550,14.11,0
68.9600,-20.73,0
68.9650,-20.73,0
68.9700,-20.73,0
68.9750,76.16,0
68.9800,-9.62,0
68.9850,-7.59,0
68.9900,-7.59,0
68.9950,-31.12,0
69.0000,-31.12,0
69.0050,22.07,0
69.0100,22.07,0
69.0150,71.07,0
69.0200,71.07,0
69.0250,8.87,0
69.0300,1.64,0
69.0350,86.25,0
69.0400,86.25,0
69.0450,-29.05,0
69.0500,-29.05,0
69.0550,42.20,0
69.0600,42.20,0
69.0650,10.21,0
69.0700,10.21,0
69.0750,38.53,0
69.0800,38.53,0
69.0850,38.53,0
69.0900,38.53,0
69.0950,38.53,0
69.1000,38.53,0
69.1050,36.09,0
69.1100,36.09,0
69.1150,-7.34,0
69.1200,-7.34,0
69.1250,-12.67,0
69.1300,-12.67,0
69.1350,-26.55,0
69.1400,-26.55,0
69.1450,5.20,0
69.1500,5.20,0
69.1550,-96.45,0
69.1600,-96.45,0
69.1650,25.77,0
69.1700,25.77,0
69.1750,25.77,0
69.1800,25.77,0
69.1850,-793.79,0
69.1900,-793.79,0
69.1950,-214.33,0
69.2000,-501.69,0
69.2050,-501.69,0
69.2100,-501.69,0
69.2150,-501.69,0
69.2200,-1401.03,0
69.2250,-1401.03,0
69.2300,-1401.03,0
69.2350,-927.92,0
69.2400,-523.29,0
69.2450,-1901.34,0
69.2500,-1901.34,0
69.2550,-793.79,0
69.2600,-7.48,0
69.2650,-1545.46,0
69.2700,-1176.37,0
69.2750,-1176.37,0
69.2800,-1176.37,0
69.2850,-1176.37,0
69.2900,-1232.81,1
69.2950,-1232.81,0
69.3000,-1069.05,0
69.3050,-1069.05,0
69.3100,-36.04,0
69.3150,-1095.68,0
69.3200,-1590.42,0
69.3250,-1590.42,0
69.3300,-1659.44,0
69.3350,-1659.44,0
69.3400,-1921.76,0
69.3450,-1921.76,0
69.3500,-515.59,0
69.3550,-1678.30,0
69.3600,-1678.30,0
69.3650,-1678.30,0
69.3700,-1640.93,0
69.3750,-1640.93,0
69.3800,-2207.04,0
69.3850,-2207.04,0
69.3900,-1901.04,0
69.3950,-725.51,0
69.4000,-725.51,0
69.4050,-725.51,0
69.4100,-725.51,0
69.4150,-905.32,0
69.4200,-905.32,0
69.4250,-798.91,0
69.4300,-1590.46,0
69.4350,-833.63,0
69.4400,-833.63,0
69.4450,-826.03,0
69.4500,-833.63,0
69.4550,-833.63,0
69.4600,-833.63,0
69.4650,-833.63,0
69.4700,-771.29,0
69.4750,-1209.99,0
69.4800,-1116.14,0
69.4850,-771.29,0
69.4900,-690.32,0
69.4950,-771.29,0
69.5000,-624.45,0
69.5050,-624.45,0
69.5100,-580.49,0
69.5150,-580.49,0
69.5200,-548.84,0
69.5250,-548.84,0
69.5300,-515.90,0
69.5350,-515.90,0
69.5400,-580.49,0
69.5450,-692.19,0
69.5500,-467.59,0
69.5550,-467.59,0
69.5600,-431.99,0
69.5650,-431.99,0
69.5700,-418.44,0
69.5750,-418.44,0
69.5800,-410.96,0
69.5850,-410.96,0
69.5900,-375.94,0
69.5950,-375.94,0
69.6000,-317.24,0
69.6050,-317.24,0
69.6100,-310.10,0
69.6150,-310.10,0
69.6200,-312.11,0
69.6250,-312.11,0
69.6300,-257.34,0
69.6350,-260.85,0
69.6400,-260.85,0
69.6450,-260.85,0
69.6500,-235.40,0
69.6550,-257.34,0
69.6600,-467.49,0
69.6650,-335.05,0
69.6700,-240.47,0
69.6750,-240.47,0
69.6800,-621.83,0
69.6850,-262.02,0
69.6900,-262.02,0
69.6950,-307.24,0
69.7000,-270.77,0
69.7050,-307.24,0
69.7100,-789.75,0
69.7150,-872.11,0
69.7200,-872.11,0
69.7250,-1198.59,0
69.7300,-304.21,0
69.7350,-1600.70,0
69.7400,-270.77,0
69.7450,-297.50,0
69.7500,-1208.98,0
69.7550,-1463.40,0
69.7600,-1463.40,0
69.7650,-873.57,0
69.7700,-873.57,0
69.7750,-776.80,0
69.7800,-776.80,0
69.7850,-39.70,0
69.7900,-517.77,0
69.7950,-517.77,0
69.8000,-285.31,0
69.8050,-881.87,0
69.8100,-881.87,0
69.8150,-881.87,0
69.8200,-79.68,0
69.8250,-79.68,0
69.8300,-431.36,0
69.8350,-431.36,0
69.8400,-431.36,0
69.8450,-641.68,0
69.8500,-381.29,0
69.8550,-309.02,0
69.8600,-281.67,0
69.8650,-281.67,0
69.8700,276.49,0
69.8750,276.49,0
69.8800,-67.88,0
69.8850,-67.88,0
69.8900,-67.88,0
69.8950,0.18,0
69.9000,0.18,0
69.9050,24.90,0
69.9100,-13.44,0
69.9150,-22.69,0
69.9200,-22.69,0
69.9250,-33.35,0
69.9300,-33.35,0
69.9350,-33.35,0
69.9400,-33.35,0
69.9450,-92.69,0
69.9500,-92.69,0
69.9550,-112.53,0
69.9600,-112.53,0
69.9650,-140.68,0
69.9700,-140.68,0
69.9750,-137.72,0
69.9800,-137.72,0
69.9850,-137.72,0
69.9900,-137.72,0
69.9950,-140.42,0
70.0000,-140.42,0
70.0050,0.14,0
70.0100,-88.41,0
70.0150,-32.26,0
70.0200,-123.45,0
70.0250,-39.22,0
70.0300,-39.22,0
70.0350,-39.22,0
70.0400,-39.22,0
70.0450,-53.98,0
70.0500,-53.98,0
70.0550,-45.81,0
70.0600,-45.81,0
70.0650,-62.44,0
70.0700,-62.44,0
70.0750,-112.57,0
70.0800,-39.91,0
70.0850,-39.91,0
70.0900,-39.91,0
70.0950,11.34,0
70.1000,18.60,0
70.1050,18.60,0
70.1100,112.53,0
70.1150,112.53,0
70.1200,112.53,0
70.1250,-4.95,0
70.1300,-4.95,0
70.1350,11.63,0
70.1400,-6.02,0
70.1450,-6.02,0
70.1500,-28.09,0
70.1550,-28.09,0
70.1600,-51.14,0
70.1650,-51.14,0
70.1700,-51.14,0
70.1750,-21.64,0
70.1800,-21.64,0
70.1850,-50.69,0
70.1900,-53.57,0
70.1950,-35.05,0
70.2000,6.68,0
70.2050,6.68,0
70.2100,-127.62,0
70.2150,-127.62,0
70.2200,-23.41,0
70.2250,-23.41,0
70.2300,-23.41,0
70.2350,-23.41,0
70.2400,-121.15,0
70.2450,-36.26,0
70.2500,-48.24,0
70.2550,-49.14,0
70.2600,-2.01,0
70.2650,-2.01,0
70.2700,-77.42,0
70.2750,-77.42,0
70.2800,-10.96,0
70.2850,-77.42,0
70.2900,-51.14,0
70.2950,-77.42,0
70.3000,-42.05,0
70.3050,-42.05,0
70.3100,58.76,0
70.3150,58.76,0
70.3200,85.10,0
70.3250,85.10,0
70.3300,85.10,0
70.3350,85.10,0
70.3400,-31.59,0
70.3450,-31.59,0
70.3500,185.76,0
70.3550,284.91,0
70.3600,284.91,0
70.3650,284.91,0
70.3700,284.91,0
70.3750,-48.94,0
70.3800,-48.94,0
70.3850,109.45,0
70.3900,109.45,0
70.3950,156.22,0
70.4000,156.22,0
70.4050,716.65,0
70.4100,-50.13,0
70.4150,658.98,0
70.4200,658.98,0
70.4250,716.65,0
70.4300,172.30,0
70.4350,172.30,0
70.4400,172.30,0
70.4450,172.30,0
70.4500,520.52,0
70.4550,888.48,0
70.4600,888.48,0
70.4650,888.48,0
70.4700,1243.65,0
70.4750,1243.65,0
70.4800,1750.53,0
70.4850,-46.72,0
70.4900,1730.36,0
70.4950,2709.48,0
70.5000,2709.48,0
70.5050,2708.70,0
70.5100,110.81,0
70.5150,2571.58,0
70.5200,2571.58,0
70.5250,2828.87,0
70.5300,2828.87,0
70.5350,2828.87,0
70.5400,2828.87,0
70.5450,2571.58,0
70.5500,2730.65,0
70.5550,4329.55,0
70.5600,4329.55,0
70.5650,2606.12,0
70.5700,4774.18,0
70.5750,4963.31,0
70.5800,4963.31,0
70.5850,4963.31,0
70.5900,4963.31,0
70.5950,4877.35,0
70.6000,4877.35,0
70.6050,2708.70,0
70.6100,5379.24,0
70.6150,5379.24,0
70.6200,5861.89,0
70.6250,5861.89,0
70.6300,6091.43,0
70.6350,6470.86,0
70.6400,6470.86,0
70.6450,6470.86,0
70.6500,6781.27,0
70.6550,6781.27,0
70.6600,6268.75,0
70.6650,6763.05,0
70.6700,6763.05,0
70.6750,6505.34,0
70.6800,6505.34,0
70.6850,6505.34,0
70.6900,6505.34,0
70.6950,5817.60,0
70.7000,5817.60,0
70.7050,5549.93,0
70.7100,5549.93,0
70.7150,6385.18,0
70.7200,4041.88,0
70.7250,5884.14,0
70.7300,6139.50,0
70.7350,5402.60,0
70.7400,4158.39,0
70.7450,4158.39,0
70.7500,4343.44,0
70.7550,6741.36,0
70.7600,4237.12,0
70.7650,4237.12,0
70.7700,5288.41,0
70.7750,6784.07,0
70.7800,3914.03,0
70.7850,6075.98,0
70.7900,3910.58,0
70.7950,3910.58,0
70.8000,3873.81,0
70.8050,3873.81,0
70.8100,4066.90,0
70.8150,4066.90,0
70.8200,4343.96,0
70.8250,4343.96,0
70.8300,4343.96,0
70.8350,4343.96,0
70.8400,4812.06,0
70.8450,4812.06,0
70.8500,4626.17,0
70.8550,5597.55,0
70.8600,4875.24,0
70.8650,4875.24,0
70.8700,5215.16,0
70.8750,5215.16,0
70.8800,5173.10,0
70.8850,5215.16,0
70.8900,5215.16,0
70.8950,5215.16,0
70.9000,5690.20,0
70.9050,5690.20,0
70.9100,5158.30,0
70.9150,5158.30,0
70.9200,5147.60,0
70.9250,3889.36,0
70.9300,5147.60,0
70.9350,5147.60,0
70.9400,4626.21,0
70.9450,5228.81,0
70.9500,5348.20,0
70.9550,5348.20,0
70.9600,5741.06,0
70.9650,5741.06,0
70.9700,5687.39,0
70.9750,5687.39,0
70.9800,5687.39,0
70.9850,5687.39,0
70.9900,5142.14,0
70.9950,5687.39,0
71.0000,5059.09,0
71.0050,5059.09,0
71.0100,5289.65,0
71.0150,5289.65,0
71.0200,5421.31,0
71.0250,5421.31,0
71.0300,5421.31,0
71.0350,5613.48,0
71.0400,5613.48,0
71.0450,5613.48,0
71.0500,5503.41,0
71.0550,5362.58,0
71.0600,5939.09,0
71.0650,6064.31,0
71.0700,6064.31,0
71.0750,6064.31,0
71.0800,6064.31,0
71.0850,6206.49,0
71.0900,6206.49,0
71.0950,6206.49,0
71.1000,6111.25,0
71.1050,5560.17,0
71.1100,5560.17,0
71.1150,5468.24,0
71.1200,5468.24,0
71.1250,5468.24,0
71.1300,5334.83,0
71.1350,5334.83,0
71.1400,5566.08,0
71.1450,5406.80,0
71.1500,5684.42,0
71.1550,5468.24,0
71.1600,5715.76,0
71.1650,5715.76,0
71.1700,4954.67,0
71.1750,-424.15,0
71.1800,-424.15,0
71.1850,-457.92,0
71.1900,-457.92,0
71.1950,-457.92,0
71.2000,6.08,0
71.2050,6.08,0
71.2100,35.17,0
71.2150,35.17,0
71.2200,60.23,0
71.2250,60.23,0
71.2300,64.31,0
71.2350,64.31,0
71.2400,64.31,0
71.2450,64.31,0
71.2500,64.31,0
71.2550,62.46,0
71.2600,6095.83,0
71.2650,38.70,0
71.2700,38.70,0
71.2750,118.29,0
71.2800,6259.40,0
71.2850,64.32,0
71.2900,181.80,0
71.2950,181.80,0
71.3000,177.38,0
71.3050,177.38,0
71.3100,177.38,0
71.3150,420.18,0
71.3200,-39.06,0
71.3250,420.18,0
71.3300,555.06,0
71.3350,555.06,0
71.3400,555.06,0
71.3450,555.06,0
71.3500,555.06,0
71.3550,555.06,0
71.3600,795.75,0
71.3650,795.75,0
71.3700,-22.41,0
71.3750,-22.41,0
71.3800,-47.53,0
71.3850,-660.97,0
71.3900,-660.97,0
71.3950,-302.07,0
71.4000,-302.07,0
71.4050,-302.07,0
71.4100,-302.07,0
71.4150,-302.07,0
71.4200,319.74,0
71.4250,151.15,0
71.4300,424.69,0
71.4350,424.69,0
71.4400,424.69,0
71.4450,424.69,0
71.4500,81.81,0
71.4550,81.81,0
71.4600,-213.43,0
71.4650,-213.43,0
71.4700,-30.05,0
71.4750,-30.05,0
71.4800,-107.53,0
71.4850,-107.53,0
71.4900,-77.55,0
71.4950,-77.55,0
71.5000,-57.09,0
71.5050,-57.09,0
71.5100,-40.49,0
71.5150,-40.49,0
71.5200,6.54,0
71.5250,6.54,0
71.5300,6.54,0
71.5350,6.54,0
71.5400,-19.65,0
71.5450,-19.65,0
71.5500,-50.96,0
71.5550,6.63,0
71.5600,6.63,0
71.5650,-6.73,0
71.5700,-6.73,0
71.5750,-6.73,0
71.5800,-659.05,0
71.5850,18.69,0
71.5900,18.69,0
71.5950,18.69,0
71.6000,18.23,0
71.6050,-23.71,0
71.6100,-23.71,0
71.6150,35.95,0
71.6200,35.95,0
71.6250,35.95,0
71.6300,35.95,0
71.6350,35.95,0
71.6400,12.25,0
71.6450,12.25,0
71.6500,55.35,0
71.6550,55.35,0
71.6600,77.73,0
71.6650,77.73,0
71.6700,48.49,0
71.6750,48.49,0
71.6800,48.49,0
71.6850,48.49,0
71.6900,110.58,0
71.6950,47.79,0
71.7000,86.59,0
71.7050,86.59,0
71.7100,143.05,0
71.7150,143.05,0
71.7200,220.48,0
71.7250,220.48,0
71.7300,320.35,0
71.7350,320.35,0
71.7400,366.55,0
71.7450,366.55,0
71.7500,0.98,0
71.7550,658.22,0
71.7600,509.60,0
71.7650,509.60,0
71.7700,77.73,0
71.7750,184.99,0
71.7800,55.19,0
71.7850,55.19,0
71.7900,239.26,0
71.7950,513.23,0
71.8000,239.26,0
71.8050,239.26,0
71.8100,535.87,0
71.8150,535.87,0
71.8200,277.94,0
71.8250,277.94,0
71.8300,12.62,0
71.8350,12.62,0
71.8400,450.77,0
71.8450,-38.09,0
71.8500,-38.09,0
71.8550,106.42,0
71.8600,-29.03,0
71.8650,-29.03,0
71.8700,2.34,0
71.8750,2.34,0
71.8800,471.16,0
71.8850,450.77,0
71.8900,277.94,0
71.8950,650.31,0
71.9000,650.31,0
71.9050,650.31,0
71.9100,650.31,0
71.9150,-214.50,0
71.9200,759.86,0
71.9250,759.86,0
71.9300,471.16,0
71.9350,851.17,0
71.9400,929.02,0
71.9450,12.54,0
71.9500,-38.06,0
71.9550,905.88,0
71.9600,990.72,0
71.9650,990.72,0
71.9700,986.17,0
71.9750,1020.66,0
71.9800,1020.66,0
71.9850,949.37,0
71.9900,949.37,0
71.9950,949.37,0
72.0000,58.41,0
72.0050,58.41,0
72.0100,58.41,0
72.0150,-112.64,0
72.0200,-112.64,0
72.0250,582.49,0
72.0300,-156.88,0
72.0350,-156.88,0
72.0400,-70.81,0
72.0450,-70.81,0
72.0500,-3.66,0
72.0550,-3.66,0
72.0600,-3.66,0
72.0650,-3.66,0
72.0700,194.43,0
72.0750,194.43,0
72.0800,191.95,0
72.0850,191.95,0
72.0900,455.08,0
72.0950,455.08,0
72.1000,611.67,0
72.1050,611.67,0
72.1100,657.08,0
72.1150,657.08,0
72.1200,-235.37,0
72.1250,-235.37,0
72.1300,-235.37,0
72.1350,1.51,0
72.1400,1.51,0
72.1450,1.51,0
72.1500,-142.69,0
72.1550,-142.69,0
72.1600,-3.88,0
72.1650,-3.88,0
72.1700,470.98,0
72.1750,-150.37,0
72.1800,-113.02,0
72.1850,-27.63,0
72.1900,117.86,0
72.1950,-38.30,0
72.2000,45.16,0
72.2050,45.16,0
72.2100,39.43,0
72.2150,39.43,0
72.2200,39.43,0
72.2250,39.43,0
72.2300,-33.34,0
72.2350,-33.34,0
72.2400,-55.56,0
72.2450,-55.56,0
72.2500,-55.56,0
72.2550,-55.56,0
72.2600,-55.56,0
72.2650,1.51,0
72.2700,-55.56,0
72.2750,-29.08,0
72.2800,-29.08,0
72.2850,99.13,0
72.2900,99.13,0
72.2950,99.13,0
72.3000,99.13,0
72.3050,99.13,0
72.3100,102.25,0
72.3150,102.25,0
72.3200,52.29,0
72.3250,52.29,0
72.3300,13.41,0
72.3350,13.41,0
72.3400,41.11,0
72.3450,41.11,0
72.3500,41.11,0
72.3550,41.11,0
72.3600,16.86,0
72.3650,16.86,0
72.3700,-39.81,0
72.3750,-39.81,0
72.3800,-22.57,0
72.3850,-22.57,0
72.3900,-12.77,0
72.3950,-12.77,0
72.4000,-12.77,0
72.4050,-124.30,0
72.4100,-124.30,0
72.4150,-167.44,0
72.4200,-167.44,0
72.4250,-3.79,0
72.4300,38.72,0
72.4350,-7.74,0
72.4400,-7.74,0
72.4450,-7.74,0
72.4500,-7.74,0
72.4550,-7.74,0
72.4600,-17.04,0
72.4650,-17.04,0
72.4700,-77.14,0
72.4750,-216.42,0
72.4800,-216.42,0
72.4850,-216.42,0
72.4900,-216.42,0
72.4950,-216.42,0
72.5000,113.98,0
72.5050,-216.42,0
72.5100,-1520.84,0
72.5150,-39.93,0
72.5200,-1986.76,0
72.5250,-2949.15,0
72.5300,-2949.15,0
72.5350,-3479.20,0
72.5400,-3479.20,0
72.5450,-3158.76,0
72.5500,-3158.76,0
72.5550,-3158.76,0
72.5600,-3400.07,0
72.5650,-3400.07,0
72.5700,-3869.67,0
72.5750,-3479.20,0
72.5800,-3537.57,0
72.5850,-3371.68,0
72.5900,-3732.04,0
72.5950,-3371.68,0
72.6000,-3641.26,0
72.6050,-3641.26,0
72.6100,-3705.91,0
72.6150,-3377.05,0
72.6200,-3377.05,0
72.6250,-3377.05,0
72.6300,-3377.05,0
72.6350,-3377.05,0
72.6400,-3329.05,0
72.6450,-3140.53,0
72.6500,-3140.53,0
72.6550,-3149.19,0
72.6600,-3149.19,0
72.6650,-3149.19,0
72.6700,-3149.19,0
72.6750,-2972.84,0
72.6800,-2972.84,0
72.6850,-2938.69,0
72.6900,-2938.69,0
72.6950,-2938.69,0
72.7000,-2900.88,0
72.7050,-2900.88,0
72.7100,-2792.34,0
72.7150,-2656.14,0
72.7200,-2656.14,0
72.7250,-2640.98,0
72.7300,-2640.98,0
72.7350,-3803.10,0
72.7400,-2662.50,0
72.7450,-2662.50,0
72.7500,-2662.50,0
72.7550,-2551.32,0
72.7600,-3395.49,0
72.7650,-2551.32,0
72.7700,-2712.59,0
72.7750,-2871.65,0
72.7800,-2963.31,0
72.7850,-2963.31,0
72.7900,-2963.31,0
72.7950,-2963.31,0
72.8000,-3027.56,0
72.8050,-3027.56,0
72.8100,-2864.01,0
72.8150,-2640.96,0
72.8200,-2625.73,0
72.8250,-2625.73,0
72.8300,-2625.73,0
72.8350,-2625.73,0
72.8400,455.59,0
72.8450,455.59,0
72.8500,311.46,0
72.8550,463.88,0
72.8600,236.29,0
72.8650,275.82,0
72.8700,275.82,0
72.8750,-127.98,0
72.8800,-127.98,0
72.8850,-292.19,0
72.8900,-292.19,0
72.8950,-315.19,0
72.9000,-315.19,0
72.9050,-319.94,0
72.9100,-2703.67,0
72.9150,311.46,0
72.9200,-319.94,0
72.9250,78.83,0
72.9300,-312.58,0
72.9350,-312.58,0
72.9400,-312.58,0
72.9450,-312.58,0
72.9500,-312.58,0
72.9550,236.62,0
72.9600,310.66,0
72.9650,310.66,0
72.9700,310.66,0
72.9750,449.35,0
72.9800,449.35,0
72.9850,-305.19,0
72.9900,-305.19,0
72.9950,-100.67,0
73.0000,126.86,0
73.0050,126.86,0
73.0100,126.86,0
73.0150,204.91,0
73.0200,204.91,0
73.0250,-235.78,0
73.0300,-235.78,0
73.0350,-89.11,0
73.0400,45.84,0
73.0450,109.61,0
73.0500,109.61,0
73.0550,343.34,0
73.0600,739.36,0
73.0650,739.36,0
73.0700,806.26,0
73.0750,-350.31,0
73.0800,806.26,0
73.0850,1776.88,0
73.0900,1908.35,0
73.0950,-399.97,0
73.1000,2048.82,0
73.1050,2048.82,0
73.1100,2140.40,0
73.1150,2140.40,0
73.1200,-516.86,0
73.1250,2140.40,0
73.1300,2325.67,0
73.1350,2048.82,0
73.1400,2234.76,0
73.1450,2234.76,0
73.1500,2234.76,0
73.1550,2234.76,0
73.1600,2234.76,0
73.1650,2234.76,0
73.1700,1188.24,0
73.1750,1188.24,0
73.1800,1830.35,0
73.1850,1830.35,0
73.1900,1972.04,0
73.1950,1820.23,0
73.2000,1820.23,0
73.2050,1820.23,0
73.2100,2110.07,0
73.2150,742.96,0
73.2200,2300.39,0
73.2250,2300.39,0
73.2300,3214.16,0
73.2350,1188.24,0
73.2400,3214.16,0
73.2450,3214.16,0
73.2500,3214.16,0
73.2550,1777.67,0
73.2600,3132.32,0
73.2650,2598.82,0
73.2700,2598.82,0
73.2750,1830.35,0
73.2800,1879.79,0
73.2850,1879.79,0
73.2900,2115.47,0
73.2950,2115.47,0
73.3000,2280.32,0
73.3050,2280.32,0
73.3100,1757.84,0
73.3150,1651.66,0
73.3200,1651.66,0
73.3250,1206.68,0
73.3300,1206.68,0
73.3350,1402.40,0
73.3400,1402.40,0
73.3450,1402.40,0
73.3500,1402.40,0
73.3550,544.50,0
73.3600,544.50,0
73.3650,544.50,0
73.3700,544.50,0
73.3750,2639.34,0
73.3800,418.28,0
73.3850,1098.60,0
73.3900,1098.60,0
73.3950,1782.62,0
73.4000,1549.32,0
73.4050,1826.90,0
73.4100,1826.90,0
73.4150,1833.56,0
73.4200,3147.58,0
73.4250,2325.21,0
73.4300,2325.21,0
73.4350,2459.59,0
73.4400,2427.79,0
73.4450,2427.79,0
73.4500,2319.79,0
73.4550,1404.16,0
73.4600,739.41,0
73.4650,2319.79,0
73.4700,2319.79,0
73.4750,1933.35,0
73.4800,1933.35,0
73.4850,1915.85,0
73.4900,1915.85,0
73.4950,1944.57,0
73.5000,1944.57,0
73.5050,1965.47,0
73.5100,1965.47,0
73.5150,1965.47,0
73.5200,1965.47,0
73.5250,1856.79,0
73.5300,1856.79,0
73.5350,1856.79,0
73.5400,1856.79,0
73.5450,1507.66,0
73.5500,1507.66,0
73.5550,2032.26,0
73.5600,2032.26,0
73.5650,2099.38,0
73.5700,2099.38,0
73.5750,1915.70,0
73.5800,1915.70,0
73.5850,2408.19,0
73.5900,2408.19,0
73.5950,1859.31,0
73.6000,2056.07,0
73.6050,2360.99,0
73.6100,2360.99,0
73.6150,2360.99,0
73.6200,2433.14,0
73.6250,1401.65,0
73.6300,1079.67,0
73.6350,1079.67,0
73.6400,840.51,0
73.6450,840.51,0
73.6500,490.74,0
73.6550,490.74,0
73.6600,1155.61,0
73.6650,1155.61,0
73.6700,675.00,0
73.6750,675.00,0
73.6800,1401.65,0
73.6850,840.51,0
73.6900,1037.16,0
73.6950,1037.16,0
73.7000,1037.16,0
73.7050,1359.68,0
73.7100,1120.27,0
73.7150,1120.27,0
73.7200,1404.80,0
73.7250,1037.16,0
73.7300,1057.90,0
73.7350,1057.90,0
73.7400,984.37,0
73.7450,1155.61,0
73.7500,984.37,0
73.7550,984.37,0
73.7600,929.44,0
73.7650,929.44,0
73.7700,966.42,0
73.7750,978.03,0
73.7800,949.24,0
73.7850,949.24,0
73.7900,1009.70,0
73.7950,967.09,0
73.8000,967.09,0
73.8050,1025.57,0
73.8100,1025.57,0
73.8150,928.50,0
73.8200,1025.57,0
73.8250,1025.57,0
73.8300,999.70,0
73.8350,999.70,0
73.8400,952.12,0
73.8450,952.12,0
73.8500,965.83,0
73.8550,992.64,0
73.8600,992.64,0
73.8650,974.49,0
73.8700,992.64,0
73.8750,1002.51,0
73.8800,1021.59,0
73.8850,1021.59,0
73.8900,1016.94,0
73.8950,1230.99,0
73.9000,1016.94,0
73.9050,1016.94,0
73.9100,874.63,0
73.9150,874.63,0
73.9200,821.53,0
73.9250,821.53,0
73.9300,979.61,0
73.9350,979.61,0
73.9400,805.43,0
73.9450,805.43,0
73.9500,341.28,0
73.9550,341.28,0
73.9600,506.50,0
73.9650,506.50,0
73.9700,506.50,0
73.9750,506.50,0
73.9800,619.48,0
73.9850,969.43,0
73.9900,391.45,0
73.9950,391.45,0
74.0000,815.22,0
74.0050,-217.65,0
74.0100,-217.65,0
74.0150,-217.65,0
74.0200,-217.65,0
74.0250,-666.24,0
74.0300,-666.24,0
74.0350,-802.88,0
74.0400,610.67,0
74.0450,43.81,0
74.0500,43.81,0
74.0550,341.26,0
74.0600,43.81,0
74.0650,43.81,0
74.0700,43.81,0
74.0750,-697.88,0
74.0800,-697.88,0
74.0850,-1014.31,0
74.0900,-1014.31,0
74.0950,-888.75,0
74.1000,-888.75,0
74.1050,-775.51,0
74.1100,-775.51,0
74.1150,-775.51,0
74.1200,-775.51,0
74.1250,-435.75,0
74.1300,-435.75,0
74.1350,-572.91,0
74.1400,-409.40,0
74.1450,-572.91,0
74.1500,-572.91,0
74.1550,-758.95,0
74.1600,-758.95,0
74.1650,-758.95,0
74.1700,234.33,0
74.1750,-1007.89,0
74.1800,-1007.89,0
74.1850,-1030.93,0
74.1900,-1030.93,0
74.1950,-969.80,0
74.2000,-969.80,0
74.2050,-1007.68,0
74.2100,-1002.47,0
74.2150,-966.37,0
74.2200,-966.37,0
74.2250,-997.68,0
74.2300,-997.68,0
74.2350,611.77,0
74.2400,-1024.36,0
74.2450,-1024.36,0
74.2500,-983.37,0
74.2550,-983.37,0
74.2600,-983.37,0
74.2650,-983.37,0
74.2700,-983.37,0
74.2750,-983.37,0
74.2800,-983.37,0
74.2850,-1093.65,0
74.2900,-981.27,1
74.2950,-1027.14,0
74.3000,-1027.14,0
74.3050,-1027.14,0
74.3100,-997.91,0
74.3150,-1061.49,0
74.3200,-955.53,0
74.3250,-924.50,0
74.3300,-1012.94,0
74.3350,-1890.39,0
74.3400,-1890.39,0
74.3450,-1890.39,0
74.3500,-1890.39,0
74.3550,-1867.42,0
74.3600,-1867.42,0
74.3650,-1971.24,0
74.3700,-1971.24,0
74.3750,-1897.29,0
74.3800,-1897.29,0
74.3850,-1880.04,0
74.3900,-1880.04,0
74.3950,-1017.17,0
74.4000,-1880.04,0
74.4050,-1671.54,0
74.4100,-1671.54,0
74.4150,-1428.09,0
74.4200,-1428.09,0
74.4250,90.88,0
74.4300,90.88,0
74.4350,-54.02,0
74.4400,-54.02,0
74.4450,-23.61,0
74.4500,-23.61,0
74.4550,-23.61,0
74.4600,-23.61,0
74.4650,-66.19,0
74.4700,-66.19,0
74.4750,-66.19,0
74.4800,-5.79,0
74.4850,-66.19,0
74.4900,-12.60,0
74.4950,-12.60,0
74.5000,-2035.93,0
74.5050,0.26,0
74.5100,0.26,0
74.5150,0.26,0
74.5200,16.59,0
74.5250,-101.85,0
74.5300,-23.80,0
74.5350,-23.80,0
74.5400,7.08,0
74.5450,7.08,0
74.5500,-31.28,0
74.5550,-31.28,0
74.5600,-31.28,0
74.5650,-31.28,0
74.5700,-31.28,0
74.5750,-31.28,0
74.5800,-31.28,0
74.5850,18.34,0
74.5900,4.97,0
74.5950,4.97,0
74.6000,23.76,0
74.6050,23.76,0
74.6100,2.56,0
74.6150,2.56,0
74.6200,9.49,0
74.6250,9.49,0
74.6300,9.49,0
74.6350,9.49,0
74.6400,9.49,0
74.6450,9.49,0
74.6500,9.49,0
74.6550,9.49,0
74.6600,-73.22,0
74.6650,-1.82,0
74.6700,-1.82,0
74.6750,-22.72,0
74.6800,-21.32,0
74.6850,-15.42,0
74.6900,-15.42,0
74.6950,5.14,0
74.7000,5.14,0
74.7050,9.96,0
74.7100,5.14,0
74.7150,-24.93,0
74.7200,-24.93,0
74.7250,26.39,0
74.7300,26.39,0
74.7350,-6.04,0
74.7400,1.55,0
74.7450,1.55,0
74.7500,1.55,0
74.7550,1.55,0
74.7600,16.53,0
74.7650,16.53,0
74.7700,6.87,0
74.7750,-19.59,0
74.7800,13.83,0
74.7850,12.33,0
74.7900,-21.17,0
74.7950,1.55,0
74.8000,-21.17,0
74.8050,9.46,0
74.8100,-17.92,0
74.8150,-17.92,0
74.8200,-1.48,0
74.8250,6.29,0
74.8300,37.03,0
74.8350,37.03,0
74.8400,29.28,0
74.8450,-141.74,0
74.8500,-141.74,0
74.8550,-125.07,0
74.8600,1.55,0
74.8650,-108.12,0
74.8700,-108.12,0
74.8750,37.03,0
74.8800,11.08,0
74.8850,11.08,0
74.8900,-26.89,0
74.8950,-26.89,0
74.9000,-58.93,0
74.9050,109.73,0
74.9100,-21.13,0
74.9150,109.73,0
74.9200,109.73,0
74.9250,109.73,0
74.9300,-44.76,0
74.9350,-19.93,0
74.9400,-772.03,0
74.9450,-772.03,0
74.9500,636.68,0
74.9550,636.68,0
74.9600,1114.91,0
74.9650,-32.00,0
74.9700,884.01,0
74.9750,884.01,0
74.9800,110.10,0
74.9850,110.10,0
74.9900,-76.51,0
74.9950,-76.51,0
75.0000,-46.39,0
75.0050,-46.39,0
75.0100,52.13,0
75.0150,52.13,0
75.0200,63.97,0
75.0250,63.97,0
75.0300,-44.76,0
75.0350,78.16,0
75.0400,87.85,0
75.0450,87.85,0
75.0500,55.30,0
75.0550,-40.97,0
75.0600,92.28,0
75.0650,92.28,0
75.0700,84.07,0
75.0750,100.63,0
75.0800,52.13,0
75.0850,100.63,0
75.0900,100.63,0
75.0950,100.63,0
75.1000,100.63,0
75.1050,35.64,0
75.1100,35.64,0
75.1150,35.64,0
75.1200,-6.30,0
75.1250,-6.30,0
75.1300,-71.36,0
75.1350,-71.36,0
75.1400,-71.36,0
75.1450,-71.36,0
75.1500,-24.76,0
75.1550,-24.76,0
75.1600,-47.96,0
75.1650,-47.96,0
75.1700,-156.88,0
75.1750,-156.88,0
75.1800,-254.28,0
75.1850,-254.28,0
75.1900,-127.66,0
75.1950,-66.11,0
75.2000,-37.26,0
75.2050,-66.11,0
75.2100,-29.82,0
75.2150,-29.82,0
75.2200,10.31,0
75.2250,10.31,0
75.2300,-42.19,0
75.2350,-42.19,0
75.2400,-33.73,0
75.2450,-33.73,0
75.2500,-33.73,0
75.2550,15.66,0
75.2600,-28.62,0
75.2650,11.66,0
75.2700,11.66,0
75.2750,-18.30,0
75.2800,-18.30,0
75.2850,36.84,0
75.2900,36.84,0
75.2950,21.17,0
75.3000,36.84,0
75.3050,10.52,0
75.3100,38.79,0
75.3150,22.89,0
75.3200,22.89,0
75.3250,22.89,0
75.3300,35.98,0
75.3350,-11.09,0
75.3400,-11.09,0
75.3450,-11.09,0
75.3500,11.62,0
75.3550,24.90,0
75.3600,24.90,0
75.3650,22.33,0
75.3700,-7.75,0
75.3750,4.66,0
75.3800,4.66,0
75.3850,44.80,0
75.3900,44.80,0
75.3950,44.80,0
75.4000,44.80,0
75.4050,-18.12,0
75.4100,43.75,0
75.4150,92.94,0
75.4200,92.94,0
75.4250,92.94,0
75.4300,92.94,0
75.4350,103.60,0
75.4400,38.93,0
75.4450,76.79,0
75.4500,76.79,0
75.4550,2.68,0
75.4600,2.68,0
75.4650,2.68,0
75.4700,2.68,0
75.4750,-16.61,0
75.4800,-16.61,0
75.4850,-8.04,0
75.4900,-8.04,0
75.4950,-8.04,0
75.5000,-8.04,0
75.5050,95.15,0
75.5100,6.75,0
75.5150,-37.63,0
75.5200,-37.63,0
75.5250,-18.80,0
75.5300,-18.80,0
75.5350,-21.85,0
75.5400,-21.85,0
75.5450,-21.85,0
75.5500,-21.85,0
75.5550,-21.85,0
75.5600,-21.85,0
75.5650,16.33,0
75.5700,16.33,0
75.5750,-7.57,0
75.5800,-7.57,0
75.5850,23.15,0
75.5900,23.15,0
75.5950,-22.37,0
75.6000,-22.37,0
75.6050,2.58,0
75.6100,2.58,0
75.6150,2.58,0
75.6200,2.58,0
75.6250,28.27,0
75.6300,28.27,0
75.6350,28.27,0
75.6400,14.57,0
75.6450,14.57,0
75.6500,14.57,0
75.6550,-13.74,0
75.6600,28.13,0
75.6650,-13.74,0
75.6700,-13.74,0
75.6750,-25.48,0
75.6800,-25.48,0
75.6850,-21.44,0
75.6900,17.14,0
75.6950,-25.64,0
75.7000,-13.44,0
75.7050,30.26,0
75.7100,30.26,0
75.7150,-22.35,0
75.7200,30.26,0
75.7250,20.07,0
75.7300,20.07,0
75.7350,7.42,0
75.7400,3.54,0
75.7450,32.30,0
75.7500,32.30,0
75.7550,-16.28,0
75.7600,-17.82,0
75.7650,-17.82,0
75.7700,4.55,0
75.7750,4.55,0
75.7800,-12.78,0
75.7850,-17.58,0
75.7900,-21.40,0
75.7950,25.61,0
75.8000,12.54,0
75.8050,12.54,0
75.8100,12.54,0
75.8150,12.54,0
75.8200,-18.44,0
75.8250,-18.44,0
75.8300,34.67,0
75.8350,34.67,0
75.8400,20.07,0
75.8450,34.67,0
75.8500,13.98,0
75.8550,13.98,0
75.8600,-20.78,0
75.8650,-20.78,0
75.8700,35.52,0
75.8750,35.52,0
75.8800,35.52,0
75.8850,-10.58,0
75.8900,-28.82,0
75.8950,5.81,0
75.9000,5.81,0
75.9050,-19.51,0
75.9100,-19.51,0
75.9150,-23.75,0
75.9200,-23.75,0
75.9250,18.13,0
75.9300,18.13,0
75.9350,-11.00,0
75.9400,18.13,0
75.9450,-19.38,0
75.9500,-19.38,0
75.9550,-19.38,0
75.9600,-19.38,0
75.9650,-26.26,0
75.9700,-26.26,0
75.9750,11.26,0
75.9800,11.26,0
75.9850,-24.00,0
75.9900,-24.00,0
75.9950,33.87,0
76.0000,33.87,0
76.0050,33.87,0
76.0100,33.87,0
76.0150,16.61,0
76.0200,16.61,0
76.0250,-19.54,0
76.0300,-19.54,0
76.0350,-19.54,0
76.0400,-19.54,0
76.0450,-24.07,0
76.0500,-24.07,0
76.0550,-27.90,0
76.0600,-27.90,0
76.0650,27.31,0
76.0700,27.31,0
76.0750,38.88,0
76.0800,27.31,0
76.0850,27.31,0
76.0900,27.31,0
76.0950,27.31,0
76.1000,27.31,0
76.1050,30.43,0
76.1100,30.43,0
76.1150,-8.02,0
76.1200,-8.02,0
76.1250,27.02,0
76.1300,27.02,0
76.1350,-26.02,0
76.1400,-26.02,0
76.1450,-26.02,0
76.1500,-26.02,0
76.1550,-7.94,0
76.1600,-3.06,0
76.1650,-3.06,0
76.1700,-28.78,0
76.1750,-28.78,0
76.1800,28.71,0
76.1850,28.71,0
76.1900,-9.72,0
76.1950,-9.72,0
76.2000,-9.72,0
76.2050,-2.28,0
76.2100,28.71,0
76.2150,29.26,0
76.2200,28.21,0
76.2250,28.21,0
76.2300,-4.63,0
76.2350,-4.63,0
76.2400,-2.30,0
76.2450,-2.30,0
76.2500,-23.01,0
76.2550,-25.97,0
76.2600,-25.97,0
76.2650,-25.97,0
76.2700,-25.97,0
76.2750,-4.18,0
76.2800,-4.18,0
76.2850,-4.18,0
76.2900,-4.18,0
76.2950,30.88,0
76.3000,30.88,0
76.3050,35.03,0
76.3100,35.03,0
76.3150,35.03,0
76.3200,35.03,0
76.3250,-1.06,0
76.3300,28.21,0
76.3350,29.28,0
76.3400,29.28,0
76.3450,29.28,0
76.3500,-4.99,0
76.3550,-4.99,0
76.3600,-4.99,0
76.3650,29.28,0
76.3700,-4.99,0
76.3750,-4.99,0
76.3800,-30.06,0
76.3850,16.57,0
76.3900,-3.46,0
76.3950,-5.52,0
76.4000,-3.46,0
76.4050,-3.46,0
76.4100,-3.46,0
76.4150,-3.46,0
76.4200,-29.07,0
76.4250,-29.07,0
76.4300,33.87,0
76.4350,33.87,0
76.4400,-3.89,0
76.4450,-3.89,0
76.4500,-0.99,0
76.4550,28.10,0
76.4600,28.10,0
76.4650,28.10,0
76.4700,-10.46,0
76.4750,30.10,0
76.4800,-4.12,0
76.4850,-0.59,0
76.4900,34.60,0
76.4950,31.47,0
76.5000,-24.85,0
76.5050,-24.85,0
76.5100,32.25,0
76.5150,32.25,0
76.5200,-3.06,0
76.5250,-3.06,0
76.5300,-3.06,0
76.5350,-3.06,0
76.5400,-3.06,0
76.5450,15.10,0
76.5500,31.87,0
76.5550,31.87,0
76.5600,-3.02,0
76.5650,-3.02,0
76.5700,28.74,0
76.5750,28.74,0
76.5800,28.74,0
76.5850,28.74,0
76.5900,27.78,0
76.5950,-3.70,0
76.6000,-3.70,0
76.6050,32.42,0
76.6100,32.42,0
76.6150,32.42,0
76.6200,-21.69,0
76.6250,-25.91,0
76.6300,28.80,0
76.6350,28.80,0
76.6400,-3.92,0
76.6450,-5.51,0
76.6500,28.80,0
76.6550,-28.47,0
76.6600,-28.47,0
76.6650,-28.47,0
76.6700,28.48,0
76.6750,28.48,0
76.6800,-8.16,0
76.6850,-8.16,0
76.6900,-6.19,0
76.6950,-6.19,0
76.7000,33.91,0
76.7050,33.91,0
76.7100,29.96,0
76.7150,29.96,0
76.7200,-0.67,0
76.7250,-0.67,0
76.7300,-7.98,0
76.7350,-7.98,0
76.7400,-28.59,0
76.7450,-28.59,0
76.7500,-28.59,0
76.7550,-3.85,0
76.7600,-3.85,0
76.7650,-6.92,0
76.7700,-6.92,0
76.7750,15.93,0
76.7800,30.96,0
76.7850,-30.77,0
76.7900,-30.77,0
76.7950,-30.77,0
76.8000,35.75,0
76.8050,-6.17,0
76.8100,-6.17,0
76.8150,-6.17,0
76.8200,34.92,0
76.8250,34.92,0
76.8300,27.94,0
76.8350,27.94,0
76.8400,-2.27,0
76.8450,-2.27,0
76.8500,-2.27,0
76.8550,-2.27,0
76.8600,-23.96,0
76.8650,35.28,0
76.8700,14.99,0
76.8750,14.99,0
76.8800,29.42,0
76.8850,-20.43,0
76.8900,39.35,0
76.8950,39.35,0
76.9000,14.37,0
76.9050,14.37,0
76.9100,14.37,0
76.9150,-23.75,0
76.9200,-23.75,0
76.9250,38.67,0
76.9300,38.67,0
76.9350,-20.95,0
76.9400,-20.95,0
76.9450,18.09,0
76.9500,18.09,0
76.9550,18.09,0
76.9600,18.09,0
76.9650,18.09,0
76.9700,18.09,0
76.9750,-24.52,0
76.9800,-24.52,0
76.9850,-24.52,0
76.9900,-24.52,0
76.9950,-24.52,0
77.0000,-36.29,0
77.0050,15.81,0
77.0100,15.81,0
77.0150,-20.96,0
77.0200,-20.96,0
77.0250,13.10,0
77.0300,-14.81,0
77.0350,-26.55,0
77.0400,-26.55,0
77.0450,40.88,0
77.0500,30.59,0
77.0550,-17.41,0
77.0600,-19.74,0
77.0650,-19.74,0
77.0700,12.52,0
77.0750,12.52,0
77.0800,16.25,0
77.0850,16.25,0
77.0900,36.19,0
77.0950,36.19,0
77.1000,-2.49,0
77.1050,-17.38,0
77.1100,13.18,0
77.1150,-16.59,0
77.1200,21.86,0
77.1250,21.86,0
77.1300,-20.49,0
77.1350,-20.49,0
77.1400,-16.61,0
77.1450,-16.61,0
77.1500,12.76,0
77.1550,12.76,0
77.1600,18.99,0
77.1650,18.99,0
77.1700,-23.35,0
77.1750,38.04,0
77.1800,38.04,0
77.1850,10.40,0
77.1900,10.40,0
77.1950,10.40,0
77.2000,19.57,0
77.2050,19.57,0
77.2100,-23.98,0
77.2150,-23.98,0
77.2200,-15.64,0
77.2250,-19.56,0
77.2300,-15.64,0
77.2350,-15.64,0
77.2400,19.27,0
77.2450,19.27,0
77.2500,-25.19,0
77.2550,-25.19,0
77.2600,-18.08,0
77.2650,19.00,0
77.2700,12.00,0
77.2750,12.00,0
77.2800,12.00,0
77.2850,12.00,0
77.2900,12.00,0
77.2950,-0.11,0
77.3000,37.22,0
77.3050,37.22,0
77.3100,11.48,0
77.3150,11.48,0
77.3200,15.96,0
77.3250,19.56,0
77.3300,15.96,0
77.3350,35.62,0
77.3400,35.62,0
77.3450,-17.03,0
77.3500,-17.03,0
77.3550,-17.03,0
77.3600,-22.45,0
77.3650,9.86,0
77.3700,9.86,0
77.3750,-27.34,0
77.3800,-27.34,0
77.3850,-17.57,0
77.3900,-17.57,0
77.3950,1.85,0
77.4000,1.85,0
77.4050,-30.74,0
77.4100,-30.74,0
77.4150,29.13,0
77.4200,38.18,0
77.4250,-11.11,0
77.4300,-18.95,0
77.4350,11.69,0
77.4400,11.69,0
77.4450,11.69,0
77.4500,11.69,0
77.4550,37.43,0
77.4600,37.43,0
77.4650,-17.67,0
77.4700,-17.67,0
77.4750,39.36,0
77.4800,8.33,0
77.4850,17.66,0
77.4900,17.66,0
77.4950,16.70,0
77.5000,17.66,0
77.5050,-30.75,0
77.5100,-18.02,0
77.5150,17.64,0
77.5200,17.64,0
77.5250,15.35,0
77.5300,-23.54,0
77.5350,-23.54,0
77.5400,39.86,0
77.5450,39.86,0
77.5500,10.90,0
77.5550,10.90,0
77.5600,-26.13,0
77.5650,23.33,0
77.5700,39.40,0
77.5750,39.40,0
77.5800,39.40,0
77.5850,-11.91,0
77.5900,-11.91,0
77.5950,-11.91,0
77.6000,21.03,0
77.6050,21.03,0
77.6100,-23.37,0
77.6150,-23.37,0
77.6200,-16.30,0
77.6250,-16.30,0
77.6300,-16.30,0
77.6350,10.56,0
77.6400,10.56,0
77.6450,10.56,0
77.6500,10.56,0
77.6550,-26.01,0
77.6600,-26.01,0
77.6650,37.89,0
77.6700,11.80,0
77.6750,11.80,0
77.6800,17.59,0
77.6850,17.59,0
77.6900,-0.77,0
77.6950,-0.77,0
77.7000,-0.77,0
77.7050,-0.77,0
77.7100,-0.77,0
77.7150,32.65,0
77.7200,32.65,0
77.7250,-25.94,0
77.7300,-25.94,0
77.7350,-25.94,0
77.7400,-25.94,0
77.7450,24.56,0
77.7500,24.56,0
77.7550,-25.94,0
77.7600,-10.40,0
77.7650,-25.72,0
77.7700,-25.72,0
77.7750,-4.22,0
77.7800,23.00,0
77.7850,-12.76,0
77.7900,-12.76,0
77.7950,40.14,0
77.8000,-28.11,0
77.8050,-28.11,0
77.8100,-28.11,0
77.8150,-29.81,0
77.8200,26.54,0
77.8250,0.38,0
77.8300,39.15,0
77.8350,3.75,0
77.8400,-29.42,0
77.8450,-29.42,0
77.8500,-29.42,0
77.8550,27.52,0
77.8600,27.52,0
77.8650,19.55,0
77.8700,-10.67,0
77.8750,-10.67,0
77.8800,-10.67,0
77.8850,-26.57,0
77.8900,-26.57,0
77.8950,27.54,0
77.9000,27.54,0
77.9050,-12.76,0
77.9100,-15.92,0
77.9150,38.08,0
77.9200,38.08,0
77.9250,38.08,0
77.9300,38.08,0
77.9350,26.41,0
77.9400,26.41,0
77.9450,4.36,0
77.9500,4.36,0
77.9550,36.09,0
77.9600,36.09,0
77.9650,-25.95,0
77.9700,-25.95,0
77.9750,24.68,0
77.9800,24.68,0
77.9850,24.68,0
77.9900,-13.05,0
77.9950,-13.05,0
78.0000,-13.05,0
78.0050,-13.05,0
78.0100,-30.46,0
78.0150,-30.46,0
78.0200,-30.46,0
78.0250,-30.46,0
78.0300,-0.80,0
78.0350,-0.80,0
78.0400,38.20,0
78.0450,38.20,0
78.0500,38.04,0
78.0550,38.20,0
78.0600,25.17,0
78.0650,25.17,0
78.0700,25.17,0
78.0750,25.17,0
78.0800,-15.10,0
78.0850,-15.10,0
78.0900,-25.47,0
78.0950,-25.47,0
78.1000,21.58,0
78.1050,21.58,0
78.1100,-0.31,0
78.1150,1.83,0
78.1200,-9.69,0
78.1250,-30.92,0
78.1300,-30.92,0
78.1350,26.35,0
78.1400,26.35,0
78.1450,3.07,0
78.1500,3.07,0
78.1550,-13.63,0
78.1600,-13.63,0
78.1650,38.44,0
78.1700,38.44,0
78.1750,23.38,0
78.1800,23.38,0
78.1850,2.95,0
78.1900,2.95,0
78.1950,2.95,0
78.2000,-12.55,0
78.2050,-12.55,0
78.2100,9.16,0
78.2150,-25.74,0
78.2200,-25.74,0
78.2250,-25.74,0
78.2300,4.59,0
78.2350,4.59,0
78.2400,-11.71,0
78.2450,-11.71,0
78.2500,-28.43,0
78.2550,-28.43,0
78.2600,-28.43,0
78.2650,-28.43,0
78.2700,-28.43,0
78.2750,-28.43,0
78.2800,25.19,0
78.2850,42.33,0
78.2900,42.33,0
78.2950,-30.33,0
78.3000,-30.33,0
78.3050,25.56,0
78.3100,25.56,0
78.3150,25.56,0
78.3200,25.56,0
78.3250,-11.38,0
78.3300,-11.38,0
78.3350,-17.89,0
78.3400,-17.89,0
78.3450,27.43,0
78.3500,27.43,0
78.3550,5.78,0
78.3600,-8.72,0
78.3650,-8.72,0
78.3700,-27.18,0
78.3750,-27.18,0
78.3800,27.39,0
78.3850,27.39,0
78.3900,4.91,0
78.3950,4.91,0
78.4000,-11.76,0
78.4050,-11.76,0
78.4100,42.69,0
78.4150,42.69,0
78.4200,25.49,0
78.4250,10.02,0
78.4300,5.06,0
78.4350,-13.29,0
78.4400,-12.35,0
78.4450,-12.35,0
78.4500,-25.70,0
78.4550,-25.70,0
78.4600,-25.70,0
78.4650,-25.70,0
78.4700,3.71,0
78.4750,3.71,0
78.4800,-13.66,0
78.4850,-13.66,0
78.4900,-25.55,0
78.4950,-25.55,0
78.5000,27.02,0
78.5050,38.71,0
78.5100,39.93,0
78.5150,39.93,0
78.5200,39.93,0
78.5250,39.93,0
78.5300,7.79,0
78.5350,7.79,0
78.5400,31.12,0
78.5450,25.05,0
78.5500,36.07,0
78.5550,36.07,0
78.5600,-7.66,0
78.5650,-7.66,0
78.5700,-7.66,0
78.5750,6.71,0
78.5800,25.81,0
78.5850,25.81,0
78.5900,25.81,0
78.5950,-29.72,0
78.6000,-29.72,0
78.6050,-14.15,0
78.6100,-14.15,0
78.6150,8.26,0
78.6200,8.26,0
78.6250,24.02,0
78.6300,24.02,0
78.6350,41.16,0
78.6400,-34.71,0
78.6450,41.16,0
78.6500,41.07,0
78.6550,6.77,0
78.6600,26.12,0
78.6650,26.12,0
78.6700,26.12,0
78.6750,40.38,0
78.6800,-15.17,0
78.6850,-15.17,0
78.6900,-15.17,0
78.6950,-15.17,0
78.7000,3.00,0
78.7050,6.62,0
78.7100,-28.14,0
78.7150,-28.14,0
78.7200,-26.41,0
78.7250,-15.77,0
78.7300,6.34,0
78.7350,6.34,0
78.7400,6.34,0
78.7450,6.34,0
78.7500,26.35,0
78.7550,-15.77,0
78.7600,39.77,0
78.7650,-13.18,0
78.7700,-15.34,0
78.7750,-15.17,0
78.7800,24.77,0
78.7850,24.77,0
78.7900,24.77,0
78.7950,24.77,0
78.8000,36.32,0
78.8050,36.32,0
78.8100,-15.50,0
78.8150,2.44,0
78.8200,2.44,0
78.8250,2.44,0
78.8300,-29.99,0
78.8350,-29.99,0
78.8400,-29.99,0
78.8450,-15.53,0
78.8500,-15.53,0
78.8550,7.25,0
78.8600,7.25,0
78.8650,24.88,0
78.8700,24.88,0
78.8750,-33.64,0
78.8800,-33.64,0
78.8850,-33.64,0
78.8900,-33.64,0
78.8950,37.77,0
78.9000,37.77,0
78.9050,29.44,0
78.9100,-18.36,0
78.9150,40.76,0
78.9200,40.03,0
78.9250,-35.21,0
78.9300,-18.63,0
78.9350,-18.63,0
78.9400,4.45,0
78.9450,37.85,0
78.9500,26.42,0
78.9550,26.42,0
78.9600,-30.67,0
78.9650,-30.67,0
78.9700,-15.18,0
78.9750,-15.18,0
78.9800,4.90,0
78.9850,4.90,0
78.9900,4.90,0
78.9950,-32.34,0
79.0000,39.71,0
79.0050,40.36,0
79.0100,40.36,0
79.0150,3.81,0
79.0200,3.81,0
79.0250,-29.88,0
79.0300,29.63,0
79.0350,-31.54,0
79.0400,-31.54,0
79.0450,38.28,0
79.0500,38.28,0
79.0550,-12.04,0
79.0600,-12.04,0
79.0650,29.36,0
79.0700,29.36,0
79.0750,29.36,0
79.0800,29.36,0
79.0850,-17.35,0
79.0900,38.48,0
79.0950,5.56,0
79.1000,5.56,0
79.1050,5.56,0
79.1100,5.56,0
79.1150,5.56,0
79.1200,-33.61,0
79.1250,-33.61,0
79.1300,41.32,0
79.1350,41.32,0
79.1400,3.76,0
79.1450,3.76,0
79.1500,29.53,0
79.1550,29.53,0
79.1600,-31.62,0
79.1650,-31.62,0
79.1700,39.00,0
79.1750,39.00,0
79.1800,-15.38,0
79.1850,-15.38,0
79.1900,28.18,0
79.1950,28.18,0
79.2000,-33.65,0
79.2050,-33.65,0
79.2100,39.31,0
79.2150,39.31,0
79.2200,-16.36,0
79.2250,-16.36,0
79.2300,5.42,0
79.2350,5.42,0
79.2400,-30.71,0
79.2450,-31.05,0
79.2500,43.54,0
79.2550,39.29,0
79.2600,-14.78,0
79.2650,-14.78,0
79.2700,28.76,0
79.2750,28.76,0
79.2800,28.76,0
79.2850,39.51,0
79.2900,39.51,1
79.2950,-10.31,0
79.3000,-10.31,0
79.3050,27.43,0
79.3100,27.43,0
79.3150,-29.57,0
79.3200,-29.57,0
79.3250,-30.72,0
79.3300,-29.57,0
79.3350,-18.33,0
79.3400,-18.33,0
79.3450,-28.36,0
79.3500,-28.36,0
79.3550,22.95,0
79.3600,22.95,0
79.3650,22.95,0
79.3700,22.95,0
79.3750,-15.52,0
79.3800,-15.52,0
79.3850,42.80,0
79.3900,42.80,0
79.3950,-28.36,0
79.4000,42.80,0
79.4050,-30.12,0
79.4100,-30.12,0
79.4150,-13.88,0
79.4200,9.41,0
79.4250,9.41,0
79.4300,9.41,0
79.4350,-29.91,0
79.4400,-29.91,0
79.4450,-29.91,0
79.4500,-29.91,0
79.4550,7.58,0
79.4600,7.58,0
79.4650,42.90,0
79.4700,42.90,0
79.4750,19.68,0
79.4800,19.68,0
79.4850,19.68,0
79.4900,19.68,0
79.4950,-19.93,0
79.5000,-19.93,0
79.5050,41.80,0
79.5100,41.80,0
79.5150,23.23,0
79.5200,23.23,0
79.5250,-20.99,0
79.5300,8.16,0
79.5350,8.16,0
79.5400,8.16,0
79.5450,44.01,0
79.5500,44.01,0
79.5550,-27.38,0
79.5600,-27.38,0
79.5650,41.80,0
79.5700,-27.38,0
79.5750,20.44,0
79.5800,20.44,0
79.5850,42.03,0
79.5900,-27.03,0
79.5950,-27.03,0
79.6000,-27.03,0
79.6050,-30.32,0
79.6100,41.80,0
79.6150,-19.52,0
79.6200,-19.52,0
79.6250,43.91,0
79.6300,43.91,0
79.6350,10.84,0
79.6400,-28.08,0
79.6450,1.35,0
79.6500,10.48,0
79.6550,10.48,0
79.6600,41.21,0
79.6650,41.21,0
79.6700,-28.22,0
79.6750,-28.22,0
79.6800,22.49,0
79.6850,22.49,0
79.6900,22.49,0
79.6950,22.49,0
79.7000,22.49,0
79.7050,-17.98,0
79.7100,-17.98,0
79.7150,-26.87,0
79.7200,23.09,0
79.7250,23.09,0
79.7300,7.95,0
79.7350,7.95,0
79.7400,45.69,0
79.7450,45.69,0
79.7500,45.69,0
79.7550,45.69,0
79.7600,45.69,0
79.7650,23.85,0
79.7700,23.85,0
79.7750,10.38,0
79.7800,-20.88,0
79.7850,-20.88,0
79.7900,1.50,0
79.7950,-26.10,0
79.8000,-26.10,0
79.8050,-26.10,0
79.8100,-26.10,0
79.8150,38.13,0
79.8200,9.18,0
79.8250,-9.99,0
79.8300,-13.31,0
79.8350,-16.77,0
79.8400,-27.97,0
79.8450,23.85,0
79.8500,47.82,0
79.8550,7.03,0
79.8600,7.03,0
79.8650,-20.23,0
79.8700,7.03,0
79.8750,44.31,0
79.8800,23.18,0
79.8850,23.18,0
79.8900,23.18,0
79.8950,23.18,0
79.9000,23.18,0
79.9050,23.18,0
79.9100,23.18,0
79.9150,42.58,0
79.9200,42.58,0
79.9250,5.36,0
79.9300,-20.50,0
79.9350,-20.50,0
79.9400,46.09,0
79.9450,46.09,0
79.9500,-45.18,0
79.9550,-30.85,0
79.9600,-30.85,0
79.9650,23.78,0
79.9700,23.78,0
79.9750,5.36,0
79.9800,6.87,0
79.9850,-21.76,0
79.9900,32.10,0
79.9950,45.93,0
80.0000,22.49,0
80.0050,22.49,0
80.0100,10.49,0
80.0150,10.49,0
80.0200,41.56,0
80.0250,41.56,0
80.0300,-28.11,0
80.0350,-28.11,0
80.0400,22.08,0
80.0450,22.08,0
80.0500,-17.66,0
80.0550,38.47,0
80.0600,-17.66,0
80.0650,-17.66,0
80.0700,0.18,0
80.0750,0.18,0
80.0800,115.21,0
80.0850,115.21,0
80.0900,115.21,0
80.0950,-138.12,0
80.1000,-34.67,0
80.1050,40.14,0
80.1100,22.08,0
80.1150,-30.35,0
80.1200,40.14,0
80.1250,-579.46,0
80.1300,44.27,0
80.1350,44.63,0
80.1400,-263.33,0
80.1450,-263.33,0
80.1500,0.18,0
80.1550,641.01,0
80.1600,641.01,0
80.1650,629.63,0
80.1700,629.63,0
80.1750,629.63,0
80.1800,629.63,0
80.1850,-288.92,0
80.1900,-288.92,0
80.1950,-56.81,0
80.2000,-56.81,0
80.2050,701.90,0
80.2100,647.78,0
80.2150,647.78,0
80.2200,647.78,0
80.2250,647.78,0
80.2300,647.78,0
80.2350,10.19,0
80.2400,10.19,0
80.2450,747.57,0
80.2500,747.57,0
80.2550,48.50,0
80.2600,-194.36,0
80.2650,-194.36,0
80.2700,-194.36,0
80.2750,-194.36,0
80.2800,795.47,0
80.2850,795.47,0
80.2900,708.39,0
80.2950,804.62,0
80.3000,811.96,0
80.3050,811.96,0
80.3100,747.57,0
80.3150,566.51,0
80.3200,566.51,0
80.3250,566.51,0
80.3300,1221.82,0
80.3350,1221.82,0
80.3400,1371.07,0
80.3450,1371.07,0
80.3500,1280.30,0
80.3550,1280.30,0
80.3600,1278.90,0
80.3650,1278.90,0
80.3700,1278.90,0
80.3750,1278.90,0
80.3800,1066.93,0
80.3850,1066.93,0
80.3900,811.96,0
80.3950,885.58,0
80.4000,885.58,0
80.4050,1171.57,0
80.4100,1282.77,0
80.4150,800.99,0
80.4200,800.99,0
80.4250,800.99,0
80.4300,845.77,0
80.4350,845.77,0
80.4400,898.40,0
80.4450,935.47,0
80.4500,935.47,0
80.4550,949.29,0
80.4600,949.29,0
80.4650,949.29,0
80.4700,949.29,0
80.4750,401.50,0
80.4800,938.26,0
80.4850,947.38,0
80.4900,947.38,0
80.4950,869.80,0
80.5000,869.80,0
80.5050,869.80,0
80.5100,869.80,0
80.5150,869.80,0
80.5200,869.80,0
80.5250,901.52,0
80.5300,901.52,0
80.5350,901.52,0
80.5400,899.25,0
80.5450,951.58,0
80.5500,899.25,0
80.5550,879.33,0
80.5600,38.30,0
80.5650,38.30,0
80.5700,38.30,0
80.5750,1481.34,0
80.5800,1481.34,0
80.5850,1474.62,0
80.5900,1474.62,0
80.5950,1402.81,0
80.6000,1402.81,0
80.6050,1075.24,0
80.6100,1075.24,0
80.6150,604.56,0
80.6200,604.56,0
80.6250,653.75,0
80.6300,653.75,0
80.6350,1165.33,0
80.6400,1165.33,0
80.6450,1094.33,0
80.6500,1574.11,0
80.6550,664.46,0
80.6600,664.46,0
80.6650,1103.79,0
80.6700,1103.79,0
80.6750,517.07,0
80.6800,517.07,0
80.6850,292.80,0
80.6900,517.07,0
80.6950,-281.29,0
80.7000,-281.29,0
80.7050,-352.64,0
80.7100,-352.64,0
80.7150,-350.10,0
80.7200,-350.10,0
80.7250,50.35,0
80.7300,50.35,0
80.7350,-250.33,0
80.7400,-250.33,0
80.7450,-845.60,0
80.7500,-845.60,0
80.7550,-990.81,0
80.7600,1181.46,0
80.7650,-992.76,0
80.7700,-992.76,0
80.7750,-743.98,0
80.7800,-743.98,0
80.7850,-714.71,0
80.7900,-714.71,0
80.7950,-1088.86,0
80.8000,-1088.86,0
80.8050,-1213.35,0
80.8100,1465.90,0
80.8150,-907.13,0
80.8200,-699.45,0
80.8250,-701.41,0
80.8300,-701.41,0
80.8350,-701.41,0
80.8400,-701.41,0
80.8450,-1054.06,0
80.8500,-714.71,0
80.8550,-775.37,0
80.8600,-775.37,0
80.8650,-775.37,0
80.8700,-701.41,0
80.8750,-751.38,0
80.8800,-1054.06,0
80.8850,-976.28,0
80.8900,-879.48,0
80.8950,-879.48,0
80.9000,-1186.13,0
80.9050,-1186.13,0
80.9100,-1277.78,0
80.9150,-1277.78,0
80.9200,-1401.19,0
80.9250,-1401.19,0
80.9300,-1401.19,0
80.9350,-1401.19,0
80.9400,-2129.27,0
80.9450,-2129.27,0
80.9500,-2235.61,0
80.9550,-2235.61,0
80.9600,-470.95,0
80.9650,-470.95,0
80.9700,-1036.75,0
80.9750,-1128.14,0
80.9800,-1128.14,0
80.9850,-1128.14,0
80.9900,-1286.45,0
80.9950,-1286.45,0
81.0000,-1286.45,0
81.0050,-1286.45,0
81.0100,-802.11,0
81.0150,-1634.16,0
81.0200,-687.16,0
81.0250,-687.16,0
81.0300,-694.61,0
81.0350,-694.61,0
81.0400,-694.61,0
81.0450,-506.03,0
81.0500,-1559.13,0
81.0550,-506.03,0
81.0600,-205.92,0
81.0650,-205.92,0
81.0700,-674.87,0
81.0750,-674.87,0
81.0800,-794.61,0
81.0850,-794.61,0
81.0900,-406.90,0
81.0950,-794.61,0
81.1000,-1264.98,0
81.1050,-1492.46,0
81.1100,-1492.46,0
81.1150,-205.91,0
81.1200,-1492.46,0
81.1250,-1703.26,0
81.1300,-1703.26,0
81.1350,-1884.18,0
81.1400,-1884.18,0
81.1450,-1351.18,0
81.1500,-1351.18,0
81.1550,-1351.18,0
81.1600,-2029.92,0
81.1650,-694.78,0
81.1700,-3120.27,0
81.1750,-3120.27,0
81.1800,-2845.63,0
81.1850,-2845.63,0
81.1900,-2680.55,0
81.1950,-2680.55,0
81.2000,-2339.18,0
81.2050,-2339.18,0
81.2100,-2339.18,0
81.2150,-2339.18,0
81.2200,-1542.58,0
81.2250,-2866.30,0
81.2300,-3040.07,0
81.2350,-1836.62,0
81.2400,-3040.07,0
81.2450,-3073.91,0
81.2500,-3073.91,0
81.2550,-2979.06,0
81.2600,-2979.06,0
81.2650,-2888.32,0
81.2700,-2888.32,0
81.2750,-2895.87,0
81.2800,-2895.87,0
81.2850,-2870.47,0
81.2900,-2680.54,0
81.2950,-2913.21,0
81.3000,-2913.21,0
81.3050,-2882.05,0
81.3100,-2882.05,0
81.3150,-2937.73,0
81.3200,-2937.73,0
81.3250,-2736.75,0
81.3300,-2891.92,0
81.3350,-2933.04,0
81.3400,-2891.92,0
81.3450,-2924.12,0
81.3500,-2244.88,0
81.3550,-2945.53,0
81.3600,-2945.53,0
81.3650,-2920.99,0
81.3700,-2988.39,0
81.3750,-2988.39,0
81.3800,-2988.39,0
81.3850,-2972.83,0
81.3900,-2918.19,0
81.3950,-2991.04,0
81.4000,-2898.22,0
81.4050,-2998.61,0
81.4100,-2998.61,0
81.4150,-3004.04,0
81.4200,-2958.92,0
81.4250,-2958.92,0
81.4300,-3055.66,0
81.4350,-2992.62,0
81.4400,-2992.62,0
81.4450,-2873.07,0
81.4500,-2953.59,0
81.4550,-2953.59,0
81.4600,-2953.59,0
81.4650,-2967.45,0
81.4700,-2967.45,0
81.4750,-2985.76,0
81.4800,-2985.76,0
81.4850,-3012.05,0
81.4900,-3011.20,0
81.4950,-3003.84,0
81.5000,-3003.84,0
81.5050,-2719.58,0
81.5100,-3003.84,0
81.5150,-2959.26,0
81.5200,-2959.26,0
81.5250,-2958.16,0
81.5300,-2958.16,0
81.5350,-2983.83,0
81.5400,-2983.83,0
81.5450,-2955.80,0
81.5500,-2955.80,0
81.5550,-2955.80,0
81.5600,-2955.80,0
81.5650,-2989.73,0
81.5700,-2943.81,0
81.5750,-2943.81,0
81.5800,-2929.50,0
81.5850,-2929.50,0
81.5900,-2949.79,0
81.5950,-2949.79,0
81.6000,-2944.49,0
81.6050,-2949.79,0
81.6100,-2897.14,0
81.6150,-2897.14,0
81.6200,-2935.65,0
81.6250,-2935.65,0
81.6300,-2935.65,0
81.6350,-2940.15,0
81.6400,-2940.15,0
81.6450,-2950.64,0
81.6500,-2950.64,0
81.6550,-2950.64,0
81.6600,-2950.64,0
81.6650,-2950.64,0
81.6700,-2961.76,0
81.6750,-2961.76,0
81.6800,-2961.76,0
81.6850,-2948.52,0
81.6900,-2919.60,0
81.6950,-2919.60,0
81.7000,-2919.60,0
81.7050,-2969.38,0
81.7100,-2907.52,0
81.7150,-2923.14,0
81.7200,-2923.14,0
81.7250,-2935.21,0
81.7300,-2923.14,0
81.7350,-2905.65,0
81.7400,-2905.65,0
81.7450,-2890.03,0
81.7500,-2890.03,0
81.7550,-2848.79,0
81.7600,-2567.24,0
81.7650,-2909.98,0
81.7700,-2905.65,0
81.7750,9.26,0
81.7800,9.26,0
81.7850,9.26,0
81.7900,9.26,0
81.7950,-2856.45,0
81.8000,-50.83,0
81.8050,47.24,0
81.8100,-11.10,0
81.8150,-37.88,0
81.8200,-88.53,0
81.8250,-88.53,0
81.8300,-220.30,0
81.8350,-220.30,0
81.8400,-214.34,0
81.8450,-214.34,0
81.8500,-214.34,0
81.8550,-314.56,0
81.8600,-314.56,0
81.8650,-294.45,0
81.8700,-294.45,0
81.8750,9.33,0
81.8800,-307.12,0
81.8850,690.06,0
81.8900,690.06,0
81.8950,1023.91,0
81.9000,1023.91,0
81.9050,1023.91,0
81.9100,1023.91,0
81.9150,1117.19,0
81.9200,1117.19,0
81.9250,-207.85,0
81.9300,1052.84,0
81.9350,1636.98,0
81.9400,1636.98,0
81.9450,1569.61,0
81.9500,1569.61,0
81.9550,1569.61,0
81.9600,1931.32,0
81.9650,1931.32,0
81.9700,1768.89,0
81.9750,1768.89,0
81.9800,1768.89,0
81.9850,1508.48,0
81.9900,1819.81,0
81.9950,1819.81,0
82.0000,1819.81,0
82.0050,1819.81,0
82.0100,1819.81,0
82.0150,1824.00,0
82.0200,1824.00,0
82.0250,1848.89,0
82.0300,1848.89,0
82.0350,1226.00,0
82.0400,-84.94,0
82.0450,1843.46,0
82.0500,1879.01,0
82.0550,1843.46,0
82.0600,1754.62,0
82.0650,1754.62,0
82.0700,1916.64,0
82.0750,1916.64,0
82.0800,1753.63,0
82.0850,1753.63,0
82.0900,1686.28,0
82.0950,1423.93,0
82.1000,1686.28,0
82.1050,1686.28,0
82.1100,1686.28,0
82.1150,1686.28,0
82.1200,1904.29,0
82.1250,1698.27,0
82.1300,1738.76,0
82.1350,1738.76,0
82.1400,1867.07,0
82.1450,1867.07,0
82.1500,1867.07,0
82.1550,1867.07,0
82.1600,1926.48,0
82.1650,1926.48,0
82.1700,1695.56,0
82.1750,2165.82,0
82.1800,1983.21,0
82.1850,1983.21,0
82.1900,2002.45,0
82.1950,2002.45,0
82.2000,1999.58,0
82.2050,1999.58,0
82.2100,2063.28,0
82.2150,2063.28,0
82.2200,2165.82,0
82.2250,1687.36,0
82.2300,1916.69,0
82.2350,1916.69,0
82.2400,1926.71,0
82.2450,1926.71,0
82.2500,1985.04,0
82.2550,1985.04,0
82.2600,2027.32,0
82.2650,2027.32,0
82.2700,2027.32,0
82.2750,2027.32,0
82.2800,2059.23,0
82.2850,2059.23,0
82.2900,2058.14,0
82.2950,2096.96,0
82.3000,2046.22,0
82.3050,2046.22,0
82.3100,2047.48,0
82.3150,2047.48,0
82.3200,1940.02,0
82.3250,1940.02,0
82.3300,1952.71,0
82.3350,1952.71,0
82.3400,2114.24,0
82.3450,2114.24,0
82.3500,2114.24,0
82.3550,2114.24,0
82.3600,2515.45,0
82.3650,3196.63,0
82.3700,3196.63,0
82.3750,3242.38,0
82.3800,3242.38,0
82.3850,3242.38,0
82.3900,3242.38,0
82.3950,3021.74,0
82.4000,3021.74,0
82.4050,3021.74,0
82.4100,2957.96,0
82.4150,2957.96,0
82.4200,3653.20,0
82.4250,3653.20,0
82.4300,3508.63,0
82.4350,3508.63,0
82.4400,4360.97,0
82.4450,4360.97,0
82.4500,5021.83,0
82.4550,5021.83,0
82.4600,5473.87,0
82.4650,4949.94,0
82.4700,4949.94,0
82.4750,4949.94,0
82.4800,5153.18,0
82.4850,5153.18,0
82.4900,5537.82,0
82.4950,5537.82,0
82.5000,5412.08,0
82.5050,5412.08,0
82.5100,2785.40,0
82.5150,5732.91,0
82.5200,6357.95,0
82.5250,6357.95,0
82.5300,6170.26,0
82.5350,6170.26,0
82.5400,6541.58,0
82.5450,5476.84,0
82.5500,6725.10,0
82.5550,6725.10,0
82.5600,6725.10,0
82.5650,7184.15,0
82.5700,7184.15,0
82.5750,7184.15,0
82.5800,7090.70,0
82.5850,7090.70,0
82.5900,-1063.74,0
82.5950,-1063.74,0
82.6000,-1799.24,0
82.6050,-1194.44,0
82.6100,7184.15,0
82.6150,6357.94,0
82.6200,-1335.21,0
82.6250,-984.91,0
82.6300,-984.91,0
82.6350,-984.91,0
82.6400,5353.72,0
82.6450,-261.00,0
82.6500,-261.00,0
82.6550,343.65,0
82.6600,343.65,0
82.6650,343.65,0
82.6700,948.92,0
82.6750,948.92,0
82.6800,1440.20,0
82.6850,1440.20,0
82.6900,2004.10,0
82.6950,2004.10,0
82.7000,1774.28,0
82.7050,1774.28,0
82.7100,1774.28,0
82.7150,1856.89,0
82.7200,1856.89,0
82.7250,2798.19,0
82.7300,2798.19,0
82.7350,3078.89,0
82.7400,3078.89,0
82.7450,3078.89,0
82.7500,3847.63,0
82.7550,3847.63,0
82.7600,4260.80,0
82.7650,4260.80,0
82.7700,4260.80,0
82.7750,3453.42,0
82.7800,3453.42,0
82.7850,3453.42,0
82.7900,1945.66,0
82.7950,3292.22,0
82.8000,2451.15,0
82.8050,2155.46,0
82.8100,2401.98,0
82.8150,2401.98,0
82.8200,2424.56,0
82.8250,2424.56,0
82.8300,2872.73,0
82.8350,2610.85,0
82.8400,2610.85,0
82.8450,2483.48,0
82.8500,2483.48,0
82.8550,2483.48,0
82.8600,1760.13,0
82.8650,2417.94,0
82.8700,2920.21,0
82.8750,2170.36,0
82.8800,2170.36,0
82.8850,2170.36,0
82.8900,908.75,0
82.8950,2170.36,0
82.9000,3523.95,0
82.9050,2898.25,0
82.9100,2898.25,0
82.9150,2178.26,0
82.9200,2449.42,0
82.9250,2484.40,0
82.9300,2484.40,0
82.9350,2484.40,0
82.9400,2484.40,0
82.9450,2963.27,0
82.9500,2963.27,0
82.9550,2680.79,0
82.9600,2680.79,0
82.9650,2528.56,0
82.9700,2528.56,0
82.9750,2540.36,0
82.9800,2540.36,0
82.9850,3019.60,0
82.9900,3019.60,0
82.9950,2748.90,0
83.0000,2748.90,0
83.0050,2748.90,0
83.0100,2748.90,0
83.0150,2677.07,0
83.0200,2540.36,0
83.0250,2884.11,0
83.0300,2884.11,0
83.0350,1544.98,0
83.0400,1544.98,0
83.0450,1544.98,0
83.0500,2647.31,0
83.0550,1689.53,0
83.0600,1689.53,0
83.0650,1689.53,0
83.0700,1987.62,0
83.0750,1987.62,0
83.0800,1605.94,0
83.0850,1605.94,0
83.0900,1605.94,0
83.0950,1605.94,0
83.1000,1110.48,0
83.1050,1110.48,0
83.1100,1347.96,0
83.1150,1525.02,0
83.1200,1525.02,0
83.1250,1113.50,0
83.1300,1113.50,0
83.1350,2531.91,0
83.1400,1372.25,0
83.1450,1372.25,0
83.1500,1849.57,0
83.1550,1603.23,0
83.1600,1603.23,0
83.1650,1603.23,0
83.1700,1256.16,0
83.1750,1183.57,0
83.1800,1521.40,0
83.1850,1521.40,0
83.1900,1899.59,0
83.1950,1899.59,0
83.2000,2448.08,0
83.2050,2448.08,0
83.2100,2390.70,0
83.2150,2390.70,0
83.2200,2506.41,0
83.2250,2506.41,0
83.2300,1576.03,0
83.2350,1269.10,0
83.2400,1042.28,0
83.2450,1042.28,0
83.2500,1042.28,0
83.2550,1476.40,0
83.2600,1476.40,0
83.2650,303.70,0
83.2700,303.70,0
83.2750,303.70,0
83.2800,1284.42,0
83.2850,548.95,0
83.2900,548.95,0
83.2950,548.95,0
83.3000,-130.87,0
83.3050,-130.87,0
83.3100,-942.15,0
83.3150,1533.73,0
83.3200,-1115.98,0
83.3250,-1193.44,0
83.3300,-1193.44,0
83.3350,60.18,0
83.3400,-2019.84,0
83.3450,-2372.04,0
83.3500,-1023.27,0
83.3550,-2372.04,0
83.3600,-2736.33,0
83.3650,-2736.33,0
83.3700,-3054.76,0
83.3750,-3054.76,0
83.3800,-4254.21,0
83.3850,-4254.21,0
83.3900,-4254.21,0
83.3950,-4228.57,0
83.4000,-4228.57,0
83.4050,304.60,0
83.4100,329.58,0
83.4150,-2736.33,0
83.4200,870.43,0
83.4250,440.57,0
83.4300,440.57,0
83.4350,172.37,0
83.4400,172.37,0
83.4450,15.68,0
83.4500,15.68,0
83.4550,97.22,0
83.4600,97.22,0
83.4650,-2965.16,0
83.4700,-525.76,0
83.4750,-738.31,0
83.4800,-738.31,0
83.4850,-909.43,0
83.4900,-909.43,0
83.4950,-829.95,0
83.5000,-829.95,0
83.5050,13.76,0
83.5100,-906.14,0
83.5150,-1677.90,0
83.5200,-1677.90,0
83.5250,-1849.40,0
83.5300,-1849.40,0
83.5350,-1849.40,0
83.5400,-1849.40,0
83.5450,-1771.21,0
83.5500,-1771.21,0
83.5550,-2601.79,0
83.5600,-2601.79,0
83.5650,-2807.08,0
83.5700,-2807.08,0
83.5750,-3251.33,0
83.5800,-3251.33,0
83.5850,-4357.05,0
83.5900,584.28,0
83.5950,-4711.13,0
83.6000,-4711.13,0
83.6050,-3251.33,0
83.6100,-4903.42,0
83.6150,-1822.15,0
83.6200,-5289.33,0
83.6250,-5289.33,0
83.6300,-5289.33,0
83.6350,-6618.86,0
83.6400,-6618.86,0
83.6450,-6643.82,0
83.6500,-1830.83,0
83.6550,-6643.82,0
83.6600,-6643.82,0
83.6650,-2504.70,0
83.6700,-4826.81,0
83.6750,-7339.32,0
83.6800,-7339.32,0
83.6850,-7657.61,0
83.6900,-7808.95,0
83.6950,-7290.55,0
83.7000,-8320.93,0
83.7050,-8320.93,0
83.7100,-8607.45,0
83.7150,-7290.55,0
83.7200,-8607.45,0
83.7250,-8607.45,0
83.7300,-8285.39,0
83.7350,-8285.39,0
83.7400,-8929.11,0
83.7450,-8929.11,0
83.7500,-8929.11,0
83.7550,-9653.30,0
83.7600,-9653.30,0
83.7650,-9671.53,0
83.7700,-9259.65,0
83.7750,-9259.65,0
83.7800,-9259.65,0
83.7850,-9923.56,0
83.7900,-9923.56,0
83.7950,-10281.78,0
83.8000,-10281.78,0
83.8050,-10583.35,0
83.8100,-10583.35,0
83.8150,-10207.85,0
83.8200,-10207.85,0
83.8250,-8676.89,0
83.8300,-11245.36,0
83.8350,-11245.36,0
83.8400,-11245.36,0
83.8450,-11520.69,0
83.8500,-11520.69,0
83.8550,-11134.98,0
83.8600,-11134.98,0
83.8650,-11314.34,0
83.8700,-11314.34,0
83.8750,-11115.82,0
83.8800,-11115.82,0
83.8850,-10352.00,0
83.8900,-10352.00,0
83.8950,-10352.00,0
83.9000,-10737.17,0
83.9050,-8587.45,0
83.9100,-11259.85,0
83.9150,-11259.85,0
83.9200,-10393.47,0
83.9250,-10393.47,0
83.9300,-10393.47,0
83.9350,-10393.47,0
83.9400,-10293.02,0
83.9450,-10393.47,0
83.9500,-8512.77,0
83.9550,-10142.81,0
83.9600,-10142.81,0
83.9650,-10146.23,0
83.9700,-10146.23,0
83.9750,-10217.18,0
83.9800,-9288.26,0
83.9850,-9288.26,0
83.9900,-9288.26,0
83.9950,-9288.26,0
84.0000,-11305.92,0
84.0050,-10011.94,0
84.0100,-10011.94,0
84.0150,-9955.07,0
84.0200,-9955.07,0
84.0250,-10215.20,0
84.0300,-9530.38,0
84.0350,-9553.38,0
84.0400,-9553.38,0
84.0450,-9925.29,0
84.0500,-10101.08,0
84.0550,-10101.08,0
84.0600,-10101.08,0
84.0650,-9925.29,0
84.0700,-10101.08,0
84.0750,-10471.74,0
84.0800,-10671.30,0
84.0850,-10671.30,0
84.0900,-10671.30,0
84.0950,-10161.32,0
84.1000,-10161.32,0
84.1050,-10456.14,0
84.1100,-10456.14,0
84.1150,-10456.14,0
84.1200,-10552.79,0
84.1250,-10552.79,0
84.1300,-10552.79,0
84.1350,-10336.42,0
84.1400,-10336.42,0
84.1450,-9351.82,0
84.1500,-10336.42,0
84.1550,-10185.24,0
84.1600,-10327.39,0
84.1650,-9841.41,0
84.1700,-9841.41,0
84.1750,-10236.82,0
84.1800,-10236.82,0
84.1850,-9675.07,0
84.1900,-9675.07,0
84.1950,-10543.36,0
84.2000,-10543.36,0
84.2050,-8805.45,0
84.2100,-8805.45,0
84.2150,-266.21,0
84.2200,-266.21,0
84.2250,-9850.55,0
84.2300,-10669.33,0
84.2350,-365.24,0
84.2400,-365.24,0
84.2450,56.93,0
84.2500,56.93,0
84.2550,-41.05,0
84.2600,97.13,0
84.2650,97.13,0
84.2700,97.13,0
84.2750,97.13,0
84.2800,97.13,0
84.2850,-283.69,0
84.2900,-283.69,1
84.2950,282.71,0
84.3000,1046.77,0
84.3050,1046.77,0
84.3100,668.96,0
84.3150,668.96,0
84.3200,668.96,0
84.3250,668.96,0
84.3300,706.27,0
84.3350,56.82,0
84.3400,734.41,0
84.3450,734.41,0
84.3500,897.21,0
84.3550,717.83,0
84.3600,717.83,0
84.3650,1138.61,0
84.3700,1138.61,0
84.3750,2209.73,0
84.3800,2209.73,0
84.3850,2844.91,0
84.3900,2844.91,0
84.3950,3009.43,0
84.4000,3009.43,0
84.4050,2142.42,0
84.4100,2142.42,0
84.4150,2624.37,0
84.4200,1088.78,0
84.4250,2298.23,0
84.4300,1689.15,0
84.4350,1689.15,0
84.4400,1689.15,0
84.4450,1138.61,0
84.4500,1399.26,0
84.4550,1399.26,0
84.4600,1035.52,0
84.4650,1035.52,0
84.4700,1010.67,0
84.4750,1010.67,0
84.4800,1046.99,0
84.4850,1046.99,0
84.4900,939.46,0
84.4950,939.46,0
84.5000,939.46,0
84.5050,915.47,0
84.5100,915.47,0
84.5150,991.38,0
84.5200,2880.07,0
84.5250,991.38,0
84.5300,991.38,0
84.5350,991.38,0
84.5400,991.38,0
84.5450,1134.15,0
84.5500,2139.74,0
84.5550,1048.90,0
84.5600,1090.79,0
84.5650,1090.79,0
84.5700,1090.79,0
84.5750,1391.11,0
84.5800,1107.53,0
84.5850,1049.66,0
84.5900,1049.66,0
84.5950,1049.66,0
84.6000,1049.66,0
84.6050,932.20,0
84.6100,1049.66,0
84.6150,1049.66,0
84.6200,1049.66,0
84.6250,1109.08,0
84.6300,1109.08,0
84.6350,1031.32,0
84.6400,1031.32,0
84.6450,1031.32,0
84.6500,1022.64,0
84.6550,1008.94,0
84.6600,1105.22,0
84.6650,951.48,0
84.6700,1068.65,0
84.6750,1068.65,0
84.6800,1014.71,0
84.6850,1014.71,0
84.6900,902.59,0
84.6950,902.59,0
84.7000,984.13,0
84.7050,984.13,0
84.7100,938.75,0
84.7150,938.75,0
84.7200,960.95,0
84.7250,960.95,0
84.7300,925.90,0
84.7350,925.90,0
84.7400,925.90,0
84.7450,925.90,0
84.7500,938.55,0
84.7550,943.72,0
84.7600,943.72,0
84.7650,916.99,0
84.7700,957.86,0
84.7750,976.54,0
84.7800,976.54,0
84.7850,976.54,0
84.7900,927.07,0
84.7950,927.07,0
84.8000,974.21,0
84.8050,974.21,0
84.8100,974.21,0
84.8150,974.21,0
84.8200,1007.32,0
84.8250,952.95,0
84.8300,952.95,0
84.8350,952.95,0
84.8400,952.95,0
84.8450,952.95,0
84.8500,952.95,0
84.8550,917.78,0
84.8600,917.78,0
84.8650,953.85,0
84.8700,910.96,0
84.8750,961.15,0
84.8800,961.15,0
84.8850,1032.11,0
84.8900,1032.11,0
84.8950,1002.61,0
84.9000,907.89,0
84.9050,1033.50,0
84.9100,870.20,0
84.9150,870.20,0
84.9200,870.20,0
84.9250,870.20,0
84.9300,870.20,0
84.9350,108.29,0
84.9400,108.29,0
84.9450,1073.87,0
84.9500,1073.87,0
84.9550,863.48,0
84.9600,863.48,0
84.9650,100.87,0
84.9700,100.87,0
84.9750,100.87,0
84.9800,100.87,0
84.9850,839.95,0
84.9900,839.95,0
84.9950,529.13,0
85.0000,529.13,0
85.0050,529.13,0
85.0100,529.13,0
85.0150,581.81,0
85.0200,1421.05,0
85.0250,1421.05,0
85.0300,21.78,0
85.0350,21.78,0
85.0400,1000.14,0
85.0450,21.78,0
85.0500,21.78,0
85.0550,21.78,0
85.0600,21.78,0
85.0650,21.78,0
85.0700,21.78,0
85.0750,-884.97,0
85.0800,-884.97,0
85.0850,-901.53,0
85.0900,-880.28,0
85.0950,-985.12,0
85.1000,-880.28,0
85.1050,-723.30,0
85.1100,-723.30,0
85.1150,-723.30,0
85.1200,-606.20,0
85.1250,-875.80,0
85.1300,-573.63,0
85.1350,-573.63,0
85.1400,-740.36,0
85.1450,-185.73,0
85.1500,-192.74,0
85.1550,-192.74,0
85.1600,-192.74,0
85.1650,-192.74,0
85.1700,490.94,0
85.1750,490.94,0
85.1800,855.75,0
85.1850,840.79,0
85.1900,840.79,0
85.1950,-243.42,0
85.2000,773.70,0
85.2050,773.70,0
85.2100,709.78,0
85.2150,773.70,0
85.2200,1746.61,0
85.2250,1746.61,0
85.2300,1711.25,0
85.2350,1711.25,0
85.2400,2232.31,0
85.2450,2232.31,0
85.2500,2209.41,0
85.2550,-185.79,0
85.2600,2209.41,0
85.2650,2507.57,0
85.2700,2748.47,0
85.2750,2772.43,0
85.2800,2772.43,0
85.2850,2772.43,0
85.2900,2772.43,0
85.2950,2322.89,0
85.3000,2322.89,0
85.3050,1931.90,0
85.3100,1931.90,0
85.3150,1196.45,0
85.3200,1196.45,0
85.3250,1196.45,0
85.3300,1662.60,0
85.3350,1662.60,0
85.3400,2548.30,0
85.3450,2548.30,0
85.3500,2682.71,0
85.3550,2295.51,0
85.3600,2295.51,0
85.3650,2633.56,0
85.3700,2633.56,0
85.3750,2962.19,0
85.3800,2962.19,0
85.3850,3511.19,0
85.3900,3511.19,0
85.3950,3117.14,0
85.4000,3117.14,0
85.4050,3117.14,0
85.4100,2734.90,0
85.4150,3947.43,0
85.4200,3947.43,0
85.4250,3947.43,0
85.4300,3947.43,0
85.4350,4519.86,0
85.4400,5492.69,0
85.4450,5492.69,0
85.4500,5492.69,0
85.4550,5492.69,0
85.4600,1663.14,0
85.4650,3117.14,0
85.4700,6500.81,0
85.4750,7068.08,0
85.4800,7068.08,0
85.4850,7466.45,0
85.4900,7466.45,0
85.4950,3511.30,0
85.5000,7466.45,0
85.5050,7466.45,0
85.5100,7466.45,0
85.5150,9041.33,0
85.5200,9010.62,0
85.5250,9010.62,0
85.5300,9828.69,0
85.5350,9828.69,0
85.5400,10430.65,0
85.5450,2096.86,0
85.5500,10430.65,0
85.5550,10430.65,0
85.5600,10974.66,0
85.5650,10974.66,0
85.5700,11399.89,0
85.5750,11399.89,0
85.5800,12289.42,0
85.5850,12289.42,0
85.5900,12033.80,0
85.5950,12033.80,0
85.6000,12033.80,0
85.6050,5884.91,0
85.6100,12033.80,0
85.6150,12378.62,0
85.6200,12810.95,0
85.6250,12810.95,0
85.6300,13040.01,0
85.6350,13040.01,0
85.6400,12433.25,0
85.6450,12433.25,0
85.6500,12433.25,0
85.6550,10974.64,0
85.6600,11901.29,0
85.6650,11901.29,0
85.6700,11780.08,0
85.6750,11780.08,0
85.6800,11660.15,0
85.6850,7877.94,0
85.6900,11660.15,0
85.6950,12810.97,0
85.7000,11079.72,0
85.7050,10980.68,0
85.7100,10980.68,0
85.7150,10706.25,0
85.7200,10706.25,0
85.7250,10499.24,0
85.7300,10499.24,0
85.7350,10589.44,0
85.7400,10589.44,0
85.7450,11208.19,0
85.7500,11208.19,0
85.7550,11555.02,0
85.7600,11555.02,0
85.7650,11513.20,0
85.7700,11513.20,0
85.7750,11513.20,0
85.7800,11422.49,0
85.7850,12198.21,0
85.7900,12198.21,0
85.7950,12535.55,0
85.8000,12535.55,0
85.8050,12493.96,0
85.8100,12493.96,0
85.8150,12571.12,0
85.8200,12571.12,0
85.8250,13142.99,0
85.8300,13142.99,0
85.8350,12512.40,0
85.8400,13513.39,0
85.8450,12194.61,0
85.8500,12194.61,0
85.8550,-94.46,0
85.8600,-94.46,0
85.8650,836.47,0
85.8700,10596.80,0
85.8750,676.46,0
85.8800,676.46,0
85.8850,676.46,0
85.8900,676.46,0
85.8950,718.11,0
85.9000,718.11,0
85.9050,1015.13,0
85.9100,1722.71,0
85.9150,1722.71,0
85.9200,1722.71,0
85.9250,1723.17,0
85.9300,1723.17,0
85.9350,-94.44,0
85.9400,1723.17,0
85.9450,12490.41,0
85.9500,2006.44,0
85.9550,2006.44,0
85.9600,1748.49,0
85.9650,2006.44,0
85.9700,2006.44,0
85.9750,2664.57,0
85.9800,2664.57,0
85.9850,2692.40,0
85.9900,2692.40,0
85.9950,2692.40,0
86.0000,2692.40,0
86.0050,3707.24,0
86.0100,2006.45,0
86.0150,3707.24,0
86.0200,3692.53,0
86.0250,4011.79,0
86.0300,4011.79,0
86.0350,1361.70,0
86.0400,4641.07,0
86.0450,4684.41,0
86.0500,4736.52,0
86.0550,4736.52,0
86.0600,2739.30,0
86.0650,4904.54,0
86.0700,4904.54,0
86.0750,4673.77,0
86.0800,4670.40,0
86.0850,4670.40,0
86.0900,3355.42,0
86.0950,4654.58,0
86.1000,4654.58,0
86.1050,4654.58,0
86.1100,4646.83,0
86.1150,4646.83,0
86.1200,4341.88,0
86.1250,4673.49,0
86.1300,4673.49,0
86.1350,4631.83,0
86.1400,4631.83,0
86.1450,4906.87,0
86.1500,4906.87,0
86.1550,4653.70,0
86.1600,4649.93,0
86.1650,4649.93,0
86.1700,4649.93,0
86.1750,4735.86,0
86.1800,4582.14,0
86.1850,4909.25,0
86.1900,4909.25,0
86.1950,4652.54,0
86.2000,4652.54,0
86.2050,4652.54,0
86.2100,4652.54,0
86.2150,4734.30,0
86.2200,4776.84,0
86.2250,4639.89,0
86.2300,4639.89,0
86.2350,4785.07,0
86.2400,4657.79,0
86.2450,4657.79,0
86.2500,4657.79,0
86.2550,4657.79,0
86.2600,4641.39,0
86.2650,4641.39,0
86.2700,4641.39,0
86.2750,4641.39,0
86.2800,4641.63,0
86.2850,4641.63,0
86.2900,4641.63,0
86.2950,4715.25,0
86.3000,4715.25,0
86.3050,4596.39,0
86.3100,4596.39,0
86.3150,4869.90,0
86.3200,4622.17,0
86.3250,4782.26,0
86.3300,4701.22,0
86.3350,4701.22,0
86.3400,4751.37,0
86.3450,4608.82,0
86.3500,4844.32,0
86.3550,4844.32,0
86.3600,4606.04,0
86.3650,4606.04,0
86.3700,4606.04,0
86.3750,4741.51,0
86.3800,4717.87,0
86.3850,4581.18,0
86.3900,4854.07,0
86.3950,4854.07,0
86.4000,4854.07,0
86.4050,4561.65,0
86.4100,4590.71,0
86.4150,4695.06,0
86.4200,4695.06,0
86.4250,4695.06,0
86.4300,4695.06,0
86.4350,4590.71,0
86.4400,4851.51,0
86.4450,4851.51,0
86.4500,4684.23,0
86.4550,4684.23,0
86.4600,4572.87,0
86.4650,4572.87,0
86.4700,4572.87,0
86.4750,4862.05,0
86.4800,4862.05,0
86.4850,4576.83,0
86.4900,4576.83,0
86.4950,4601.29,0
86.5000,4574.19,0
86.5050,4572.87,0
86.5100,4686.87,0
86.5150,4861.52,0
86.5200,4861.52,0
86.5250,4591.53,0
86.5300,4591.53,0
86.5350,4618.49,0
86.5400,4707.52,0
86.5450,4707.52,0
86.5500,4927.56,0
86.5550,4927.56,0
86.5600,4637.45,0
86.5650,4637.45,0
86.5700,4637.45,0
86.5750,4637.45,0
86.5800,4637.45,0
86.5850,4637.45,0
86.5900,4672.52,0
86.5950,4672.52,0
86.6000,4702.72,0
86.6050,4702.72,0
86.6100,4724.05,0
86.6150,4724.05,0
86.6200,4800.13,0
86.6250,4800.13,0
86.6300,4986.02,0
86.6350,4986.02,0
86.6400,4986.02,0
86.6450,4324.43,0
86.6500,4986.02,0
86.6550,4986.02,0
86.6600,4747.13,0
86.6650,4637.50,0
86.6700,1958.27,0
86.6750,2400.91,0
86.6800,2400.91,0
86.6850,2873.58,0
86.6900,2873.58,0
86.6950,4672.47,0
86.7000,2786.61,0
86.7050,2848.17,0
86.7100,4642.04,0
86.7150,3405.26,0
86.7200,3405.26,0
86.7250,3759.91,0
86.7300,3759.91,0
86.7350,3778.43,0
86.7400,3778.43,0
86.7450,3686.88,0
86.7500,3686.88,0
86.7550,4373.68,0
86.7600,4373.68,0
86.7650,4719.71,0
86.7700,3405.26,0
86.7750,4719.71,0
86.7800,4719.71,0
86.7850,4719.71,0
86.7900,4719.71,0
86.7950,3626.58,0
86.8000,3626.58,0
86.8050,4678.62,0
86.8100,4678.62,0
86.8150,4751.47,0
86.8200,4751.47,0
86.8250,4168.53,0
86.8300,4168.53,0
86.8350,3619.38,0
86.8400,3619.38,0
86.8450,4434.31,0
86.8500,4434.31,0
86.8550,4434.31,0
86.8600,4434.31,0
86.8650,4739.37,0
86.8700,4739.37,0
86.8750,3610.48,0
86.8800,4403.18,0
86.8850,4403.18,0
86.8900,4403.18,0
86.8950,4651.75,0
86.9000,4651.75,0
86.9050,4143.62,0
86.9100,3612.53,0
86.9150,4335.95,0
86.9200,4410.76,0
86.9250,4410.76,0
86.9300,4738.54,0
86.9350,4738.54,0
86.9400,4738.54,0
86.9450,4738.54,0
86.9500,3609.48,0
86.9550,3609.48,0
86.9600,4399.10,0
86.9650,4399.10,0
86.9700,4659.72,0
86.9750,4732.16,0
86.9800,4146.80,0
86.9850,4146.80,0
86.9900,4171.32,0
86.9950,4146.80,0
87.0000,4404.51,0
87.0050,4393.02,0
87.0100,4625.46,0
87.0150,4625.46,0
87.0200,4111.35,0
87.0250,4111.35,0
87.0300,3549.41,0
87.0350,3549.41,0
87.0400,3947.62,0
87.0450,4347.13,0
87.0500,4687.35,0
87.0550,3549.41,0
87.0600,4687.35,0
87.0650,4687.35,0
87.0700,4687.35,0
87.0750,4687.35,0
87.0800,3603.85,0
87.0850,3721.54,0
87.0900,3603.85,0
87.0950,4731.89,0
87.1000,4731.89,0
87.1050,4633.60,0
87.1100,4633.60,0
87.1150,4633.60,0
87.1200,4890.65,0
87.1250,4890.65,0
87.1300,4644.68,0
87.1350,4644.68,0
87.1400,4865.86,0
87.1450,4865.86,0
87.1500,3793.19,0
87.1550,3793.19,0
87.1600,3793.19,0
87.1650,4383.94,0
87.1700,4383.98,0
87.1750,3818.25,0
87.1800,4044.47,0
87.1850,4044.47,0
87.1900,3945.47,0
87.1950,3945.47,0
87.2000,3967.95,0
87.2050,3967.95,0
87.2100,3967.95,0
87.2150,3604.23,0
87.2200,3967.95,0
87.2250,3967.95,0
87.2300,3967.95,0
87.2350,3945.47,0
87.2400,2023.85,0
87.2450,2023.85,0
87.2500,2023.85,0
87.2550,1579.93,0
87.2600,1579.93,0
87.2650,1050.76,0
87.2700,1050.76,0
87.2750,-210.09,0
87.2800,-210.09,0
87.2850,-210.09,0
87.2900,-210.09,0
87.2950,807.81,0
87.3000,807.81,0
87.3050,713.83,0
87.3100,713.83,0
87.3150,1525.18,0
87.3200,4837.62,0
87.3250,1525.18,0
87.3300,1747.04,0
87.3350,1747.04,0
87.3400,1701.71,0
87.3450,1701.71,0
87.3500,1781.10,0
87.3550,1781.10,0
87.3600,2065.14,0
87.3650,2065.14,0
87.3700,2495.03,0
87.3750,2495.03,0
87.3800,2495.03,0
87.3850,2495.03,0
87.3900,3199.93,0
87.3950,3199.93,0
87.4000,3199.93,0
87.4050,3199.93,0
87.4100,3816.87,0
87.4150,3816.87,0
87.4200,3897.66,0
87.4250,3897.66,0
87.4300,3864.49,0
87.4350,3864.49,0
87.4400,3880.15,0
87.4450,3880.15,0
87.4500,3991.57,0
87.4550,3991.57,0
87.4600,1701.85,0
87.4650,4030.26,0
87.4700,19.78,0
87.4750,3844.99,0
87.4800,816.53,0
87.4850,816.53,0
87.4900,723.14,0
87.4950,723.14,0
87.5000,935.16,0
87.5050,935.16,0
87.5100,879.85,0
87.5150,879.85,0
87.5200,879.85,0
87.5250,879.85,0
87.5300,834.97,0
87.5350,841.29,0
87.5400,1501.11,0
87.5450,1501.11,0
87.5500,1485.89,0
87.5550,172.56,0
87.5600,439.84,0
87.5650,439.84,0
87.5700,502.45,0
87.5750,502.45,0
87.5800,-27.35,0
87.5850,-27.35,0
87.5900,-674.91,0
87.5950,-674.91,0
87.6000,-1358.63,0
87.6050,968.37,0
87.6100,-1279.28,0
87.6150,-1820.00,0
87.6200,-1820.00,0
87.6250,-2302.35,0
87.6300,-2302.35,0
87.6350,88.09,0
87.6400,-2933.33,0
87.6450,-3735.56,0
87.6500,-3735.56,0
87.6550,-3735.56,0
87.6600,-3735.56,0
87.6650,-4207.57,0
87.6700,-4207.57,0
87.6750,-3967.49,0
87.6800,-3967.49,0
87.6850,-3893.05,0
87.6900,-3893.05,0
87.6950,-3596.54,0
87.7000,-3596.54,0
87.7050,-3715.66,0
87.7100,-3715.66,0
87.7150,-3715.66,0
87.7200,-3496.90,0
87.7250,-3496.90,0
87.7300,-2745.62,0
87.7350,-2745.62,0
87.7400,-2133.44,0
87.7450,-2133.44,0
87.7500,-2133.44,0
87.7550,-2133.44,0
87.7600,-2133.44,0
87.7650,-1290.69,0
87.7700,-1024.37,0
87.7750,-268.54,0
87.7800,-268.54,0
87.7850,-3134.20,0
87.7900,-3495.43,0
87.7950,-1196.85,0
87.8000,-1196.85,0
87.8050,-971.33,0
87.8100,-971.33,0
87.8150,-1307.09,0
87.8200,-1307.09,0
87.8250,-1307.09,0
87.8300,-1307.09,0
87.8350,-266.84,0
87.8400,-1366.06,0
87.8450,-1046.74,0
87.8500,-4250.25,0
87.8550,-1046.74,0
87.8600,-361.87,0
87.8650,-276.90,0
87.8700,-276.90,0
87.8750,-276.90,0
87.8800,-561.05,0
87.8850,-561.05,0
87.8900,-610.14,0
87.8950,-554.47,0
87.9000,-554.47,0
87.9050,62.07,0
87.9100,-383.16,0
87.9150,34.45,0
87.9200,34.45,0
87.9250,34.45,0
87.9300,143.08,0
87.9350,-561.05,0
87.9400,-23.89,0
87.9450,-23.89,0
87.9500,-23.89,0
87.9550,-135.53,0
87.9600,-135.53,0
87.9650,-127.91,0
87.9700,-127.91,0
87.9750,-136.62,0
87.9800,-216.03,0
87.9850,41.31,0
87.9900,41.31,0
87.9950,34.46,0
88.0000,-175.57,0
88.0050,-529.19,0
88.0100,-312.77,0
88.0150,-312.77,0
88.0200,119.83,0
88.0250,-136.62,0
88.0300,-267.88,0
88.0350,509.90,0
88.0400,509.90,0
88.0450,509.90,0
88.0500,-404.45,0
88.0550,522.43,0
88.0600,522.43,0
88.0650,-23.97,0
88.0700,133.36,0
88.0750,83.02,0
88.0800,83.02,0
88.0850,80.73,0
88.0900,80.73,0
88.0950,35.00,0
88.1000,225.72,0
88.1050,225.72,0
88.1100,555.12,0
88.1150,555.12,0
88.1200,544.64,0
88.1250,544.64,0
88.1300,-216.65,0
88.1350,454.04,0
88.1400,454.04,0
88.1450,454.04,0
88.1500,414.48,0
88.1550,639.30,0
88.1600,35.00,0
88.1650,751.44,0
88.1700,751.44,0
88.1750,737.47,0
88.1800,737.47,0
88.1850,737.47,0
88.1900,737.47,0
88.1950,737.47,0
88.2000,774.65,0
88.2050,774.65,0
88.2100,733.33,0
88.2150,733.33,0
88.2200,907.99,0
88.2250,907.99,0
88.2300,1079.95,0
88.2350,78.93,0
88.2400,1079.95,0
88.2450,1079.95,0
88.2500,1073.13,0
88.2550,1137.14,0
88.2600,866.90,0
88.2650,731.64,0
88.2700,731.64,0
88.2750,723.93,0
88.2800,723.93,0
88.2850,754.57,0
88.2900,754.57,0
88.2950,687.55,0
88.3000,687.55,0
88.3050,638.16,0
88.3100,638.16,0
88.3150,575.83,0
88.3200,575.83,0
88.3250,413.30,0
88.3300,413.30,0
88.3350,502.92,0
88.3400,1079.95,0
88.3450,502.92,0
88.3500,502.92,0
88.3550,696.67,0
88.3600,696.67,0
88.3650,595.06,0
88.3700,595.06,0
88.3750,89.12,0
88.3800,89.12,0
88.3850,53.44,0
88.3900,53.44,0
88.3950,-330.58,0
88.4000,-330.58,0
88.4050,-406.75,0
88.4100,-406.75,0
88.4150,595.06,0
88.4200,-84.94,0
88.4250,-84.94,0
88.4300,-827.10,0
88.4350,-295.61,0
88.4400,-295.61,0
88.4450,595.07,0
88.4500,-866.01,0
88.4550,-1003.38,0
88.4600,-1003.38,0
88.4650,-1003.38,0
88.4700,-1003.38,0
88.4750,-869.13,0
88.4800,-869.13,0
88.4850,-869.13,0
88.4900,-869.13,0
88.4950,-869.13,0
88.5000,-1965.47,0
88.5050,-252.07,0
88.5100,-2917.12,0
88.5150,-2917.12,0
88.5200,-3306.23,0
88.5250,-3306.23,0
88.5300,-2558.75,0
88.5350,-3471.66,0
88.5400,-3177.72,0
88.5450,-3177.72,0
88.5500,-3174.57,0
88.5550,-3167.22,0
88.5600,-3167.22,0
88.5650,-3167.22,0
88.5700,-3167.22,0
88.5750,-3358.29,0
88.5800,-3358.29,0
88.5850,-3329.39,0
88.5900,-2397.96,0
88.5950,-3203.47,0
88.6000,-3203.47,0
88.6050,-3287.58,0
88.6100,-800.45,0
88.6150,-3156.67,0
88.6200,-3156.67,0
88.6250,-3199.04,0
88.6300,-3199.04,0
88.6350,-3199.04,0
88.6400,-3199.04,0
88.6450,-3199.04,0
88.6500,-3199.04,0
88.6550,-3361.38,0
88.6600,-3361.38,0
88.6650,-3494.62,0
88.6700,-3276.92,0
88.6750,-3494.88,0
88.6800,-3494.88,0
88.6850,-3494.88,0
88.6900,-3494.88,0
88.6950,-3252.49,0
88.7000,-3252.49,0
88.7050,-3252.49,0
88.7100,-3341.99,0
88.7150,-3341.99,0
88.7200,-2486.56,0
88.7250,-2625.06,0
88.7300,-2625.06,0
88.7350,-2625.06,0
88.7400,-2625.06,0
88.7450,-2625.06,0
88.7500,-2561.77,0
88.7550,-2561.77,0
88.7600,-2895.79,0
88.7650,-2598.57,0
88.7700,-2598.57,0
88.7750,-2598.57,0
88.7800,-2378.92,0
88.7850,-2378.92,0
88.7900,-2460.72,0
88.7950,-2460.72,0
88.8000,-3142.46,0
88.8050,-3215.51,0
88.8100,-2456.47,0
88.8150,-2456.47,0
88.8200,-2732.48,0
88.8250,-2732.48,0
88.8300,-3491.63,0
88.8350,-3491.63,0
88.8400,-3990.21,0
88.8450,-3990.21,0
88.8500,-2732.48,0
88.8550,-3515.28,0
88.8600,-3515.28,0
88.8650,-2584.03,0
88.8700,-4382.89,0
88.8750,-4382.89,0
88.8800,-3605.02,0
88.8850,-4890.56,0
88.8900,-4367.93,0
88.8950,-4367.93,0
88.9000,-4455.27,0
88.9050,-4534.48,0
88.9100,-4534.48,0
88.9150,-5830.75,0
88.9200,-5830.75,0
88.9250,-5300.72,0
88.9300,-5300.72,0
88.9350,-5371.02,0
88.9400,-5371.02,0
88.9450,-5490.50,0
88.9500,-5490.50,0
88.9550,-5831.86,0
88.9600,-5831.86,0
88.9650,-5325.55,0
88.9700,-5325.55,0
88.9750,-5245.47,0
88.9800,-5245.47,0
88.9850,-6075.72,0
88.9900,-2461.85,0
88.9950,-5325.55,0
89.0000,-6485.06,0
89.0050,-5244.41,0
89.0100,-6485.06,0
89.0150,-6485.06,0
89.0200,-6485.06,0
89.0250,-6066.99,0
89.0300,-6066.99,0
89.0350,-4392.24,0
89.0400,-5389.63,0
89.0450,-5171.78,0
89.0500,-5301.70,0
89.0550,-5171.78,0
89.0600,-5171.78,0
89.0650,-5171.78,0
89.0700,-5171.78,0
89.0750,-5691.94,0
89.0800,-4602.91,0
89.0850,-4258.80,0
89.0900,-4258.80,0
89.0950,-4258.80,0
89.1000,-4258.80,0
89.1050,-4258.80,0
89.1100,-4258.80,0
89.1150,846.60,0
89.1200,1407.02,0
89.1250,1407.02,0
89.1300,1889.05,0
89.1350,1889.05,0
89.1400,1619.50,0
89.1450,1619.50,0
89.1500,2480.60,0
89.1550,2480.60,0
89.1600,2480.60,0
89.1650,2480.60,0
89.1700,2829.16,0
89.1750,2829.16,0
89.1800,2637.73,0
89.1850,2637.73,0
89.1900,3502.81,0
89.1950,2880.95,0
89.2000,3511.43,0
89.2050,3511.43,0
89.2100,3511.43,0
89.2150,3915.47,0
89.2200,3728.46,0
89.2250,3728.46,0
89.2300,3728.46,0
89.2350,3728.46,0
89.2400,3954.19,0
89.2450,-6114.74,0
89.2500,4478.91,0
89.2550,4870.34,0
89.2600,4870.34,0
89.2650,4639.54,0
89.2700,4907.09,0
89.2750,4907.09,0
89.2800,4907.09,0
89.2850,5485.18,0
89.2900,5485.18,1
89.2950,1825.94,0
89.3000,5824.91,0
89.3050,5595.63,0
89.3100,5837.12,0
89.3150,5837.12,0
89.3200,4521.17,0
89.3250,3745.36,0
89.3300,6446.67,0
89.3350,6419.90,0
89.3400,6419.90,0
89.3450,6567.87,0
89.3500,6567.87,0
89.3550,6806.46,0
89.3600,5651.50,0
89.3650,7389.03,0
89.3700,7389.03,0
89.3750,7762.37,0
89.3800,7762.37,0
89.3850,7762.37,0
89.3900,7762.37,0
89.3950,7762.37,0
89.4000,7762.37,0
89.4050,7209.12,0
89.4100,7209.12,0
89.4150,7706.72,0
89.4200,7706.72,0
89.4250,5001.80,0
89.4300,7539.72,0
89.4350,7276.78,0
89.4400,7276.78,0
89.4450,7210.64,0
89.4500,7210.64,0
89.4550,7435.70,0
89.4600,7542.57,0
89.4650,7542.57,0
89.4700,7277.80,0
89.4750,7277.80,0
89.4800,7277.80,0
89.4850,7177.74,0
89.4900,7416.01,0
89.4950,7416.01,0
89.5000,2638.36,0
89.5050,7671.80,0
89.5100,7163.36,0
89.5150,7236.77,0
89.5200,7198.30,0
89.5250,7622.55,0
89.5300,7671.80,0
89.5350,7198.30,0
89.5400,7644.29,0
89.5450,7538.91,0
89.5500,7644.29,0
89.5550,7644.29,0
89.5600,7416.01,0
89.5650,7204.59,0
89.5700,7416.61,0
89.5750,7416.61,0
89.5800,7416.61,0
89.5850,7416.61,0
89.5900,7554.80,0
89.5950,7221.75,0
89.6000,7221.75,0
89.6050,7221.75,0
89.6100,7396.24,0
89.6150,7396.24,0
89.6200,7627.12,0
89.6250,7627.12,0
89.6300,7627.12,0
89.6350,7627.12,0
89.6400,7627.12,0
89.6450,7627.12,0
89.6500,7154.36,0
89.6550,7154.36,0
89.6600,7650.04,0
89.6650,7650.04,0
89.6700,7577.88,0
89.6750,7256.54,0
89.6800,7650.04,0
89.6850,7222.40,0
89.6900,7222.40,0
89.6950,7470.90,0
89.7000,7423.29,0
89.7050,7578.67,0
89.7100,7604.54,0
89.7150,7261.87,0
89.7200,7261.87,0
89.7250,7123.58,0
89.7300,7428.95,0
89.7350,7431.27,0
89.7400,7211.60,0
89.7450,7679.68,0
89.7500,7679.68,0
89.7550,7199.74,0
89.7600,7649.86,0
89.7650,7199.74,0
89.7700,7134.51,0
89.7750,7329.12,0
89.7800,7329.12,0
89.7850,7134.51,0
89.7900,7433.23,0
89.7950,7433.23,0
89.8000,7433.23,0
89.8050,7160.05,0
89.8100,7070.79,0
89.8150,7070.79,0
89.8200,7310.28,0
89.8250,7310.28,0
89.8300,7408.37,0
89.8350,7408.37,0
89.8400,7122.78,0
89.8450,7122.78,0
89.8500,7122.78,0
89.8550,7122.78,0
89.8600,7288.63,0
89.8650,7310.20,0
89.8700,7559.36,0
89.8750,7070.79,0
89.8800,7424.47,0
89.8850,7094.49,0
89.8900,7094.49,0
89.8950,7559.36,0
89.9000,7071.07,0
89.9050,7071.07,0
89.9100,7516.33,0
89.9150,7424.47,0
89.9200,7421.19,0
89.9250,7421.19,0
89.9300,227.07,0
89.9350,227.07,0
89.9400,118.13,0
89.9450,118.13,0
89.9500,492.64,0
89.9550,492.64,0
89.9600,492.64,0
89.9650,492.64,0
89.9700,355.12,0
89.9750,355.12,0
89.9800,115.45,0
89.9850,115.45,0
89.9900,457.48,0
89.9950,457.48,0
90.0000,457.48,0
90.0050,457.48,0
90.0100,457.48,0
90.0150,457.48,0
90.0200,484.17,0
90.0250,7129.28,0
90.0300,115.45,0
90.0350,6675.51,0
90.0400,761.45,0
90.0450,398.56,0
90.0500,282.27,0
90.0550,-216.66,0
90.0600,-736.53,0
90.0650,-220.43,0
90.0700,-220.43,0
90.0750,-305.92,0
90.0800,-305.92,0
90.0850,-1241.14,0
90.0900,-1241.14,0
90.0950,-1241.14,0
90.1000,-1241.14,0
90.1050,-1749.42,0
90.1100,-1749.42,0
90.1150,-1302.02,0
90.1200,-1302.02,0
90.1250,-1420.09,0
90.1300,-1420.09,0
90.1350,-2720.37,0
90.1400,-2720.37,0
90.1450,-2720.37,0
90.1500,-2212.24,0
90.1550,-2212.24,0
90.1600,-2401.75,0
90.1650,-2401.75,0
90.1700,-3192.81,0
90.1750,-216.60,0
90.1800,-3192.81,0
90.1850,-3139.60,0
90.1900,561.45,0
90.1950,573.81,0
90.2000,-3217.17,0
90.2050,-4136.71,0
90.2100,-4136.71,0
90.2150,-4619.29,0
90.2200,-4619.29,0
90.2250,-4619.29,0
90.2300,-4619.29,0
90.2350,-4197.96,0
90.2400,-4197.96,0
90.2450,-4295.53,0
90.2500,-4295.53,0
90.2550,-5612.69,0
90.2600,-5612.69,0
90.2650,-5101.35,0
90.2700,-5101.35,0
90.2750,-5101.35,0
90.2800,-5101.35,0
90.2850,-5305.95,0
90.2900,-5305.95,0
90.2950,-6119.51,0
90.3000,-6119.51,0
90.3050,-6090.82,0
90.3100,-6090.82,0
90.3150,-6131.20,0
90.3200,-6131.20,0
90.3250,-6131.20,0
90.3300,-6131.20,0
90.3350,-7037.47,0
90.3400,-7037.47,0
90.3450,-2325.64,0
90.3500,-7037.47,0
90.3550,-6954.24,0
90.3600,-6131.20,0
90.3650,-6257.09,0
90.3700,-6257.09,0
90.3750,-6257.09,0
90.3800,-6257.09,0
90.3850,-7589.36,0
90.3900,-7589.36,0
90.3950,-7119.12,0
90.4000,-6224.63,0
90.4050,-6224.63,0
90.4100,-7031.16,0
90.4150,-7031.16,0
90.4200,-7031.16,0
90.4250,-7031.16,0
90.4300,-6076.24,0
90.4350,-6076.24,0
90.4400,-6204.60,0
90.4450,-6204.60,0
90.4500,-5246.14,0
90.4550,-6204.60,0
90.4600,-6524.91,0
90.4650,-6276.99,0
90.4700,-6117.27,0
90.4750,-6294.66,0
90.4800,-6227.59,0
90.4850,-6227.59,0
90.4900,-6325.64,0
90.4950,-6325.64,0
90.5000,-6672.45,0
90.5050,-6672.45,0
90.5100,-6672.45,0
90.5150,-6119.27,0
90.5200,-6417.48,0
90.5250,-6233.60,0
90.5300,-6233.60,0
90.5350,-6233.60,0
90.5400,-6233.60,0
90.5450,-6233.60,0
90.5500,-7373.63,0
90.5550,-6642.23,0
90.5600,-6642.23,0
90.5650,-5273.03,0
90.5700,-5273.03,0
90.5750,-6185.36,0
90.5800,-6185.36,0
90.5850,-6628.44,0
90.5900,-6628.44,0
90.5950,-6039.49,0
90.6000,-6039.49,0
90.6050,-5270.24,0
90.6100,-5270.24,0
90.6150,-5294.81,0
90.6200,-6135.32,0
90.6250,-6614.46,0
90.6300,-6614.46,0
90.6350,-6023.39,0
90.6400,-6023.39,0
90.6450,-5218.62,0
90.6500,-5218.62,0
90.6550,-6123.70,0
90.6600,-5274.88,0
90.6650,-6123.70,0
90.6700,-6123.70,0
90.6750,-5995.55,0
90.6800,-5995.55,0
90.6850,-5215.45,0
90.6900,-6445.98,0
90.6950,-5104.57,0
90.7000,-5270.07,0
90.7050,-6591.81,0
90.7100,-6591.81,0
90.7150,-6591.81,0
90.7200,-6447.77,0
90.7250,-5271.95,0
90.7300,-5118.26,0
90.7350,-5118.26,0
90.7400,-196.60,0
90.7450,-196.60,0
90.7500,-196.60,0
90.7550,1158.93,0
90.7600,1158.93,0
90.7650,1829.59,0
90.7700,1829.59,0
90.7750,1829.59,0
90.7800,1829.59,0
90.7850,-2816.42,0
90.7900,854.08,0
90.7950,-5410.84,0
90.8000,1582.52,0
90.8050,1582.52,0
90.8100,1582.52,0
90.8150,1582.52,0
90.8200,1582.52,0
90.8250,1582.52,0
90.8300,1530.16,0
90.8350,1530.16,0
90.8400,2161.30,0
90.8450,2161.30,0
90.8500,2520.94,0
90.8550,2082.76,0
90.8600,1198.29,0
90.8650,1801.45,0
90.8700,2056.94,0
90.8750,2056.94,0
90.8800,-5102.44,0
90.8850,1998.56,0
90.8900,2809.68,0
90.8950,2809.68,0
90.9000,1815.09,0
90.9050,1355.50,0
90.9100,1850.48,0
90.9150,1371.74,0
90.9200,2723.98,0
90.9250,2723.98,0
90.9300,2723.98,0
90.9350,2108.04,0
90.9400,2108.04,0
90.9450,2108.04,0
90.9500,1530.09,0
90.9550,1380.34,0
90.9600,2267.63,0
90.9650,2267.63,0
90.9700,2104.15,0
90.9750,2104.15,0
90.9800,2104.15,0
90.9850,2104.15,0
90.9900,1528.41,0
90.9950,2104.15,0
91.0000,2104.15,0
91.0050,2104.15,0
91.0100,2104.15,0
91.0150,2278.88,0
91.0200,2126.30,0
91.0250,2108.04,0
91.0300,2556.57,0
91.0350,2556.57,0
91.0400,3182.15,0
91.0450,3182.15,0
91.0500,3751.16,0
91.0550,2560.72,0
91.0600,3091.26,0
91.0650,3091.26,0
91.0700,3091.26,0
91.0750,3091.26,0
91.0800,3534.53,0
91.0850,3534.53,0
91.0900,4732.61,0
91.0950,4732.61,0
91.1000,3797.03,0
91.1050,3797.03,0
91.1100,3797.03,0
91.1150,3797.03,0
91.1200,2461.00,0
91.1250,5141.13,0
91.1300,5722.30,0
91.1350,5722.30,0
91.1400,5722.30,0
91.1450,5722.30,0
91.1500,5722.30,0
91.1550,5498.76,0
91.1600,5498.76,0
91.1650,5498.76,0
91.1700,6698.93,0
91.1750,6698.93,0
91.1800,6025.91,0
91.1850,2551.76,0
91.1900,6470.44,0
91.1950,6470.44,0
91.2000,7106.04,0
91.2050,7106.04,0
91.2100,7106.04,0
91.2150,7106.04,0
91.2200,7007.27,0
91.2250,7007.27,0
91.2300,4152.57,0
91.2350,6744.09,0
91.2400,8074.09,0
91.2450,3731.50,0
91.2500,8664.84,0
91.2550,8664.84,0
91.2600,8664.84,0
91.2650,7980.20,0
91.2700,7980.20,0
91.2750,8436.90,0
91.2800,8436.90,0
91.2850,9650.74,0
91.2900,9650.74,0
91.2950,8940.20,0
91.3000,8940.20,0
91.3050,8940.20,0
91.3100,8940.20,0
91.3150,8221.65,0
91.3200,8221.65,0
91.3250,9132.13,0
91.3300,9132.13,0
91.3350,9132.13,0
91.3400,9132.13,0
91.3450,9571.12,0
91.3500,8683.01,0
91.3550,8683.01,0
91.3600,10027.98,0
91.3650,10027.98,0
91.3700,10592.67,0
91.3750,8453.02,0
91.3800,10592.67,0
91.3850,8067.20,0
91.3900,9658.13,0
91.3950,10376.21,0
91.4000,11001.43,0
91.4050,11001.43,0
91.4100,11001.43,0
91.4150,11575.10,0
91.4200,10915.42,0
91.4250,10915.42,0
91.4300,10915.42,0
91.4350,10915.42,0
91.4400,10915.42,0
91.4450,11362.01,0
91.4500,11362.01,0
91.4550,12563.39,0
91.4600,7794.94,0
91.4650,11626.53,0
91.4700,11626.53,0
91.4750,11626.53,0
91.4800,11626.53,0
91.4850,12964.50,0
91.4900,12964.50,0
91.4950,12360.95,0
91.5000,12563.39,0
91.5050,12604.10,0
91.5100,12604.10,0
91.5150,12604.10,0
91.5200,12604.10,0
91.5250,12604.10,0
91.5300,12604.10,0
91.5350,14525.87,0
91.5400,13538.20,0
91.5450,12243.80,0
91.5500,12243.80,0
91.5550,379.31,0
91.5600,379.31,0
91.5650,1731.92,0
91.5700,1731.92,0
91.5750,1518.56,0
91.5800,1518.56,0
91.5850,1518.56,0
91.5900,1518.56,0
91.5950,815.86,0
91.6000,12958.76,0
91.6050,1850.71,0
91.6100,2540.39,0
91.6150,2540.39,0
91.6200,2540.39,0
91.6250,1748.28,0
91.6300,1748.28,0
91.6350,1748.28,0
91.6400,2807.20,0
91.6450,2807.20,0
91.6500,2807.20,0
91.6550,3538.67,0
91.6600,2736.84,0
91.6650,2736.84,0
91.6700,2736.84,0
91.6750,3139.13,0
91.6800,3139.13,0
91.6850,3139.13,0
91.6900,3139.13,0
91.6950,3058.74,0
91.7000,3139.13,0
91.7050,4496.26,0
91.7100,4496.26,0
91.7150,4118.05,0
91.7200,4118.05,0
91.7250,4775.58,0
91.7300,4775.58,0
91.7350,5474.11,0
91.7400,5474.11,0
91.7450,4689.37,0
91.7500,4689.37,0
91.7550,4689.37,0
91.7600,4689.37,0
91.7650,5750.84,0
91.7700,5750.84,0
91.7750,6468.62,0
91.7800,5668.84,0
91.7850,2574.73,0
91.7900,5668.84,0
91.7950,6072.97,0
91.8000,6072.97,0
91.8050,3057.17,0
91.8100,6729.49,0
91.8150,7450.37,0
91.8200,7450.37,0
91.8250,7433.34,0
91.8300,7433.34,0
91.8350,6646.14,0
91.8400,7712.79,0
91.8450,7712.79,0
91.8500,3742.31,0
91.8550,3929.89,0
91.8600,7649.60,0
91.8650,7649.60,0
91.8700,7649.60,0
91.8750,7649.60,0
91.8800,8622.43,0
91.8850,8622.43,0
91.8900,7967.77,0
91.8950,7967.77,0
91.9000,6756.66,0
91.9050,8633.40,0
91.9100,7006.78,0
91.9150,4764.34,0
91.9200,6987.72,0
91.9250,6987.72,0
91.9300,6987.72,0
91.9350,6976.40,0
91.9400,6976.40,0
91.9450,6256.30,0
91.9500,7057.91,0
91.9550,6006.55,0
91.9600,6006.55,0
91.9650,6006.55,0
91.9700,6006.55,0
91.9750,6006.55,0
91.9800,5271.78,0
91.9850,5271.78,0
91.9900,5271.78,0
91.9950,4790.13,0
92.0000,4790.13,0
92.0050,4790.13,0
92.0100,5693.98,0
92.0150,5008.08,0
92.0200,5008.08,0
92.0250,4290.00,0
92.0300,4290.00,0
92.0350,3806.69,0
92.0400,3806.69,0
92.0450,7986.33,0
92.0500,3806.69,0
92.0550,4711.96,0
92.0600,4711.96,0
92.0650,3302.05,0
92.0700,2808.61,0
92.0750,2808.61,0
92.0800,2808.61,0
92.0850,3719.73,0
92.0900,3719.73,0
92.0950,3719.73,0
92.1000,7034.22,0
92.1050,2317.71,0
92.1100,2317.71,0
92.1150,1827.76,0
92.1200,1827.76,0
92.1250,2742.77,0
92.1300,2742.77,0
92.1350,2066.37,0
92.1400,2066.37,0
92.1450,2066.37,0
92.1500,2066.37,0
92.1550,843.10,0
92.1600,843.10,0
92.1650,1106.46,0
92.1700,4914.49,0
92.1750,2052.81,0
92.1800,2052.81,0
92.1850,1371.54,0
92.1900,4513.79,0
92.1950,1371.54,0
92.2000,1371.54,0
92.2050,1371.54,0
92.2100,1371.54,0
92.2150,1860.94,0
92.2200,1860.94,0
92.2250,1397.72,0
92.2300,1397.72,0
92.2350,824.70,0
92.2400,824.70,0
92.2450,1860.94,0
92.2500,1115.01,0
92.2550,1115.01,0
92.2600,1115.01,0
92.2650,2037.71,0
92.2700,2037.71,0
92.2750,820.17,0
92.2800,801.94,0
92.2850,1119.40,0
92.2900,1348.59,0
92.2950,1830.63,0
92.3000,1830.63,0
92.3050,2047.51,0
92.3100,2047.51,0
92.3150,1822.90,0
92.3200,2010.63,0
92.3250,1397.65,0
92.3300,2846.01,0
92.3350,2846.01,0
92.3400,2846.01,0
92.3450,2846.01,0
92.3500,2846.01,0
92.3550,2846.01,0
92.3600,2846.01,0
92.3650,2533.85,0
92.3700,2533.85,0
92.3750,550.24,0
92.3800,550.24,0
92.3850,1865.20,0
92.3900,2027.20,0
92.3950,2027.20,0
92.4000,1824.19,0
92.4050,1824.19,0
92.4100,1824.19,0
92.4150,2499.60,0
92.4200,2826.27,0
92.4250,2499.60,0
92.4300,2499.60,0
92.4350,4005.06,0
92.4400,3998.58,0
92.4450,3799.12,0
92.4500,3799.12,0
92.4550,4463.22,0
92.4600,4633.67,0
92.4650,4633.67,0
92.4700,4633.67,0
92.4750,4541.46,0
92.4800,4541.46,0
92.4850,3764.57,0
92.4900,3764.57,0
92.4950,4715.32,0
92.5000,4031.18,0
92.5050,4031.18,0
92.5100,4031.18,0
92.5150,3955.42,0
92.5200,3955.42,0
92.5250,3995.91,0
92.5300,3995.91,0
92.5350,4017.17,0
92.5400,4017.17,0
92.5450,3876.79,0
92.5500,3876.79,0
92.5550,3005.97,0
92.5600,896.15,0
92.5650,2837.56,0
92.5700,2837.56,0
92.5750,2837.56,0
92.5800,2880.87,0
92.5850,2880.87,0
92.5900,2880.87,0
92.5950,2854.41,0
92.6000,2854.41,0
92.6050,1850.30,0
92.6100,1850.30,0
92.6150,1850.30,0
92.6200,1850.30,0
92.6250,2518.02,0
92.6300,2518.02,0
92.6350,2865.16,0
92.6400,2865.16,0
92.6450,3004.61,0
92.6500,1888.50,0
92.6550,3473.58,0
92.6600,3473.58,0
92.6650,4049.58,0
92.6700,2518.02,0
92.6750,3835.16,0
92.6800,3835.16,0
92.6850,3826.21,0
92.6900,3987.46,0
92.6950,2881.11,0
92.7000,3826.21,0
92.7050,3826.21,0
92.7100,5122.81,0
92.7150,5122.81,0
92.7200,5985.06,0
92.7250,5761.78,0
92.7300,5761.78,0
92.7350,6439.37,0
92.7400,6439.37,0
92.7450,6439.37,0
92.7500,6439.37,0
92.7550,7755.35,0
92.7600,2394.66,0
92.7650,7944.89,0
92.7700,7944.89,0
92.7750,8407.69,0
92.7800,8407.69,0
92.7850,7933.09,0
92.7900,9042.28,0
92.7950,9042.28,0
92.8000,2836.69,0
92.8050,9908.70,0
92.8100,9712.36,0
92.8150,3975.98,0
92.8200,3825.88,0
92.8250,10372.18,0
92.8300,11605.81,0
92.8350,7418.71,0
92.8400,4049.65,0
92.8450,11605.81,0
92.8500,10671.61,0
92.8550,10671.61,0
92.8600,11367.36,0
92.8650,11367.36,0
92.8700,11367.36,0
92.8750,11394.14,0
92.8800,11893.31,0
92.8850,11394.14,0
92.8900,10887.82,0
92.8950,10887.82,0
92.9000,11367.12,0
92.9050,11367.12,0
92.9100,11902.65,0
92.9150,11902.65,0
92.9200,10892.33,0
92.9250,10892.33,0
92.9300,10687.24,0
92.9350,10687.24,0
92.9400,10687.24,0
92.9450,10687.24,0
92.9500,10687.24,0
92.9550,10687.24,0
92.9600,9714.10,0
92.9650,10907.47,0
92.9700,9446.86,0
92.9750,11394.46,0
92.9800,11360.01,0
92.9850,11360.01,0
92.9900,11618.91,0
92.9950,11618.91,0
93.0000,10885.49,0
93.0050,10885.49,0
93.0100,10885.49,0
93.0150,10885.49,0
93.0200,11362.73,0
93.0250,11362.73,0
93.0300,11903.54,0
93.0350,11903.54,0
93.0400,11903.54,0
93.0450,11903.54,0
93.0500,10886.89,0
93.0550,10886.89,0
93.0600,11366.47,0
93.0650,11366.47,0
93.0700,11904.09,0
93.0750,11904.09,0
93.0800,11620.61,0
93.0850,11620.61,0
93.0900,10665.78,0
93.0950,10665.78,0
93.1000,11317.30,0
93.1050,11317.30,0
93.1100,10686.31,0
93.1150,11680.99,0
93.1200,11810.56,0
93.1250,11810.56,0
93.1300,10962.09,0
93.1350,11810.56,0
93.1400,11836.02,0
93.1450,11836.02,0
93.1500,11836.02,0
93.1550,11836.02,0
93.1600,11749.63,0
93.1650,11190.46,0
93.1700,10604.00,0
93.1750,10604.00,0
93.1800,60.04,0
93.1850,60.04,0
93.1900,11735.09,0
93.1950,60.04,0
93.2000,60.04,0
93.2050,8.92,0
93.2100,8.92,0
93.2150,-32.96,0
93.2200,-32.96,0
93.2250,-59.60,0
93.2300,-59.60,0
93.2350,54.27,0
93.2400,54.27,0
93.2450,-96.29,0
93.2500,-96.29,0
93.2550,-96.29,0
93.2600,-96.29,0
93.2650,37.14,0
93.2700,37.14,0
93.2750,46.80,0
93.2800,-23.85,0
93.2850,-87.90,0
93.2900,-29.58,0
93.2950,-28.66,0
93.3000,35.45,0
93.3050,-8.49,0
93.3100,-50.52,0
93.3150,11481.33,0
93.3200,-22.63,0
93.3250,-26.10,0
93.3300,889.22,0
93.3350,139.59,0
93.3400,90.81,0
93.3450,151.49,0
93.3500,869.60,0
93.3550,264.03,0
93.3600,264.03,0
93.3650,264.03,0
93.3700,264.03,0
93.3750,285.05,0
93.3800,285.05,0
93.3850,225.83,0
93.3900,225.83,0
93.3950,208.60,0
93.4000,208.60,0
93.4050,208.60,0
93.4100,208.60,0
93.4150,208.60,0
93.4200,208.60,0
93.4250,181.08,0
93.4300,181.08,0
93.4350,156.04,0
93.4400,156.04,0
93.4450,156.04,0
93.4500,156.04,0
93.4550,81.31,0
93.4600,81.31,0
93.4650,91.62,0
93.4700,91.62,0
93.4750,171.82,0
93.4800,171.82,0
93.4850,171.82,0
93.4900,171.82,0
93.4950,156.46,0
93.5000,156.46,0
93.5050,156.46,0
93.5100,156.46,0
93.5150,69.40,0
93.5200,69.40,0
93.5250,10.23,0
93.5300,10.23,0
93.5350,10.23,0
93.5400,10.23,0
93.5450,58.74,0
93.5500,58.74,0
93.5550,171.82,0
93.5600,36.58,0
93.5650,128.74,0
93.5700,-20.14,0
93.5750,286.32,0
93.5800,100.83,0
93.5850,29.46,0
93.5900,29.46,0
93.5950,109.31,0
93.6000,97.89,0
93.6050,97.89,0
93.6100,97.89,0
93.6150,69.62,0
93.6200,69.62,0
93.6250,4.82,0
93.6300,-20.37,0
93.6350,61.69,0
93.6400,-92.52,0
93.6450,-92.52,0
93.6500,-92.52,0
93.6550,-92.52,0
93.6600,-92.52,0
93.6650,-74.35,0
93.6700,-74.35,0
93.6750,4.28,0
93.6800,-182.25,0
93.6850,-182.25,0
93.6900,-55.35,0
93.6950,29.48,0
93.7000,-55.35,0
93.7050,-55.35,0
93.7100,-125.05,0
93.7150,-125.05,0
93.7200,-33.52,0
93.7250,-33.52,0
93.7300,-43.19,0
93.7350,-43.19,0
93.7400,-43.19,0
93.7450,-43.19,0
93.7500,-43.19,0
93.7550,-75.23,0
93.7600,24.25,0
93.7650,24.25,0
93.7700,-108.16,0
93.7750,-108.16,0
93.7800,-108.16,0
93.7850,-42.03,0
93.7900,-91.86,0
93.7950,-48.88,0
93.8000,-48.88,0
93.8050,44.30,0
93.8100,5.59,0
93.8150,33.13,0
93.8200,33.13,0
93.8250,33.13,0
93.8300,-45.87,0
93.8350,-45.87,0
93.8400,-89.88,0
93.8450,48.99,0
93.8500,48.99,0
93.8550,48.99,0
93.8600,-95.41,0
93.8650,-95.41,0
93.8700,19.65,0
93.8750,-51.80,0
93.8800,-51.80,0
93.8850,39.94,0
93.8900,39.94,0
93.8950,-48.89,0
93.9000,31.41,0
93.9050,31.41,0
93.9100,31.41,0
93.9150,-44.87,0
93.9200,-44.87,0
93.9250,52.44,0
93.9300,-84.07,0
93.9350,-84.07,0
93.9400,-84.07,0
93.9450,44.60,0
93.9500,44.60,0
93.9550,-32.02,0
93.9600,59.90,0
93.9650,61.65,0
93.9700,61.65,0
93.9750,-73.50,0
93.9800,-73.50,0
93.9850,65.05,0
93.9900,65.05,0
93.9950,86.71,0
94.0000,48.48,0
94.0050,-36.18,0
94.0100,-36.18,0
94.0150,38.45,0
94.0200,38.45,0
94.0250,-51.26,0
94.0300,-51.26,0
94.0350,82.79,0
94.0400,82.79,0
94.0450,-43.56,0
94.0500,-43.56,0
94.0550,23.12,0
94.0600,-52.74,0
94.0650,-83.71,0
94.0700,-52.74,0
94.0750,88.00,0
94.0800,88.00,0
94.0850,-35.35,0
94.0900,-35.35,0
94.0950,55.72,0
94.1000,55.72,0
94.1050,55.72,0
94.1100,105.29,0
94.1150,105.29,0
94.1200,105.29,0
94.1250,-19.90,0
94.1300,-19.90,0
94.1350,53.38,0
94.1400,23.12,0
94.1450,88.75,0
94.1500,-34.65,0
94.1550,-34.65,0
94.1600,-34.65,0
94.1650,34.78,0
94.1700,-29.15,0
94.1750,-67.13,0
94.1800,44.37,0
94.1850,44.37,0
94.1900,44.37,0
94.1950,95.09,0
94.2000,95.09,0
94.2050,95.09,0
94.2100,95.09,0
94.2150,42.76,0
94.2200,-38.39,0
94.2250,42.76,0
94.2300,-27.32,0
94.2350,-27.32,0
94.2400,-27.32,0
94.2450,-29.28,0
94.2500,-29.28,0
94.2550,23.77,0
94.2600,23.77,0
94.2650,1.76,0
94.2700,1.76,0
94.2750,-72.47,0
94.2800,-72.47,0
94.2850,-50.65,0
94.2900,-55.74,1
94.2950,67.07,0
94.3000,67.07,0
94.3050,-0.09,0
94.3100,65.02,0
94.3150,178.68,0
94.3200,178.68,0
94.3250,178.68,0
94.3300,-945.61,0
94.3350,-945.61,0
94.3400,-647.62,0
94.3450,-647.62,0
94.3500,-647.62,0
94.3550,772.95,0
94.3600,772.95,0
94.3650,801.31,0
94.3700,-945.61,0
94.3750,801.31,0
94.3800,801.31,0
94.3850,289.30,0
94.3900,289.30,0
94.3950,289.30,0
94.4000,289.30,0
94.4050,289.30,0
94.4100,289.30,0
94.4150,1026.89,0
94.4200,1026.89,0
94.4250,1568.69,0
94.4300,165.39,0
94.4350,165.39,0
94.4400,1611.16,0
94.4450,1611.16,0
94.4500,611.27,0
94.4550,611.27,0
94.4600,121.43,0
94.4650,121.43,0
94.4700,1330.24,0
94.4750,708.76,0
94.4800,1481.43,0
94.4850,1481.43,0
94.4900,1407.65,0
94.4950,1407.65,0
94.5000,1407.65,0
94.5050,1407.65,0
94.5100,199.52,0
94.5150,801.35,0
94.5200,1608.16,0
94.5250,1608.16,0
94.5300,1912.09,0
94.5350,1912.09,0
94.5400,1912.09,0
94.5450,1912.09,0
94.5500,1823.92,0
94.5550,1823.92,0
94.5600,1643.01,0
94.5650,1066.96,0
94.5700,627.93,0
94.5750,199.52,0
94.5800,873.19,0
94.5850,320.40,0
94.5900,320.40,0
94.5950,320.40,0
94.6000,320.40,0
94.6050,320.40,0
94.6100,372.71,0
94.6150,333.85,0
94.6200,333.85,0
94.6250,333.85,0
94.6300,333.85,0
94.6350,707.70,0
94.6400,707.70,0
94.6450,685.11,0
94.6500,685.11,0
94.6550,722.01,0
94.6600,722.01,0
94.6650,722.01,0
94.6700,627.93,0
94.6750,1639.96,0
94.6800,862.50,0
94.6850,862.50,0
94.6900,790.92,0
94.6950,875.76,0
94.7000,875.76,0
94.7050,707.70,0
94.7100,846.80,0
94.7150,846.80,0
94.7200,846.80,0
94.7250,818.46,0
94.7300,818.46,0
94.7350,910.25,0
94.7400,874.69,0
94.7450,874.69,0
94.7500,864.24,0
94.7550,864.24,0
94.7600,928.87,0
94.7650,928.87,0
94.7700,934.20,0
94.7750,934.20,0
94.7800,293.06,0
94.7850,885.65,0
94.7900,885.65,0
94.7950,885.65,0
94.8000,867.10,0
94.8050,867.10,0
94.8100,793.53,0
94.8150,793.53,0
94.8200,-136.40,0
94.8250,-136.40,0
94.8300,-136.40,0
94.8350,-56.64,0
94.8400,-56.64,0
94.8450,-56.64,0
94.8500,-56.64,0
94.8550,-56.64,0
94.8600,-160.80,0
94.8650,-160.80,0
94.8700,-160.80,0
94.8750,-160.80,0
94.8800,-128.91,0
94.8850,-128.91,0
94.8900,-896.09,0
94.8950,-167.67,0
94.9000,-167.67,0
94.9050,-167.67,0
94.9100,554.01,0
94.9150,554.01,0
94.9200,997.12,0
94.9250,974.32,0
94.9300,974.32,0
94.9350,974.32,0
94.9400,900.31,0
94.9450,900.31,0
94.9500,1007.18,0
94.9550,1007.18,0
94.9600,1007.18,0
94.9650,1007.18,0
94.9700,974.24,0
94.9750,974.24,0
94.9800,927.91,0
94.9850,927.91,0
94.9900,1008.76,0
94.9950,865.40,0
95.0000,865.40,0
95.0050,865.40,0
95.0100,972.18,0
95.0150,972.18,0
95.0200,972.18,0
95.0250,972.18,0
95.0300,1001.23,0
95.0350,1001.23,0
95.0400,934.90,0
95.0450,914.97,0
95.0500,956.60,0
95.0550,956.60,0
95.0600,956.53,0
95.0650,956.53,0
95.0700,916.91,0
95.0750,916.91,0
95.0800,946.68,0
95.0850,946.68,0
95.0900,1012.47,0
95.0950,1012.47,0
95.1000,958.83,0
95.1050,999.22,0
95.1100,999.22,0
95.1150,910.52,0
95.1200,967.58,0
95.1250,967.58,0
95.1300,967.58,0
95.1350,967.58,0
95.1400,251.61,0
95.1450,1038.41,0
95.1500,148.08,0
95.1550,148.08,0
95.1600,148.08,0
95.1650,148.08,0
95.1700,-148.96,0
95.1750,-148.96,0
95.1800,62.44,0
95.1850,62.44,0
95.1900,93.36,0
95.1950,62.44,0
95.2000,62.41,0
95.2050,62.41,0
95.2100,43.58,0
95.2150,8.07,0
95.2200,8.07,0
95.2250,26.47,0
95.2300,26.47,0
95.2350,32.52,0
95.2400,32.52,0
95.2450,32.52,0
95.2500,25.61,0
95.2550,25.61,0
95.2600,58.61,0
95.2650,391.04,0
95.2700,29.35,0
95.2750,29.35,0
95.2800,9.06,0
95.2850,9.06,0
95.2900,9.06,0
95.2950,9.06,0
95.3000,17.30,0
95.3050,17.30,0
95.3100,23.95,0
95.3150,23.95,0
95.3200,44.14,0
95.3250,22.06,0
95.3300,22.06,0
95.3350,46.42,0
95.3400,46.42,0
95.3450,6.11,0
95.3500,6.11,0
95.3550,14.47,0
95.3600,14.47,0
95.3650,-5.59,0
95.3700,-5.59,0
95.3750,-12.85,0
95.3800,-12.85,0
95.3850,-37.93,0
95.3900,-37.93,0
95.3950,-10.88,0
95.4000,-10.88,0
95.4050,-10.88,0
95.4100,17.29,0
95.4150,29.50,0
95.4200,-20.03,0
95.4250,29.67,0
95.4300,-58.99,0
95.4350,2.24,0
95.4400,2.24,0
95.4450,-64.39,0
95.4500,-64.39,0
95.4550,12.51,0
95.4600,44.30,0
95.4650,-43.68,0
95.4700,3.99,0
95.4750,-11.21,0
95.4800,-11.21,0
95.4850,-53.05,0
95.4900,-53.05,0
95.4950,-49.82,0
95.5000,-49.82,0
95.5050,-49.82,0
95.5100,-49.82,0
95.5150,-32.94,0
95.5200,-32.94,0
95.5250,-83.70,0
95.5300,-83.70,0
95.5350,-102.01,0
95.5400,-102.01,0
95.5450,-160.40,0
95.5500,-160.40,0
95.5550,-156.74,0
95.5600,-29.15,0
95.5650,-229.20,0
95.5700,-229.20,0
95.5750,-229.20,0
95.5800,-229.20,0
95.5850,-229.20,0
95.5900,-178.62,0
95.5950,-30.61,0
95.6000,-30.61,0
95.6050,6.26,0
95.6100,6.26,0
95.6150,-65.50,0
95.6200,36.94,0
95.6250,53.13,0
95.6300,53.13,0
95.6350,44.39,0
95.6400,44.39,0
95.6450,44.39,0
95.6500,44.39,0
95.6550,60.78,0
95.6600,60.78,0
95.6650,74.80,0
95.6700,74.80,0
95.6750,57.93,0
95.6800,36.94,0
95.6850,57.93,0
95.6900,47.09,0
95.6950,25.31,0
95.7000,25.31,0
95.7050,25.31,0
95.7100,41.35,0
95.7150,41.35,0
95.7200,2.33,0
95.7250,12.92,0
95.7300,12.92,0
95.7350,12.92,0
95.7400,12.92,0
95.7450,12.92,0
95.7500,-5.69,0
95.7550,-5.69,0
95.7600,20.94,0
95.7650,20.94,0
95.7700,37.38,0
95.7750,1.17,0
95.7800,1.17,0
95.7850,43.72,0
95.7900,6.13,0
95.7950,43.72,0
95.8000,29.39,0
95.8050,32.51,0
95.8100,32.51,0
95.8150,32.51,0
95.8200,10.77,0
95.8250,53.88,0
95.8300,53.88,0
95.8350,27.29,0
95.8400,27.29,0
95.8450,27.29,0
95.8500,27.29,0
95.8550,27.29,0
95.8600,27.29,0
95.8650,27.29,0
95.8700,43.16,0
95.8750,43.16,0
95.8800,22.63,0
95.8850,46.71,0
95.8900,46.71,0
95.8950,2.42,0
95.9000,2.42,0
95.9050,4.45,0
95.9100,40.23,0
95.9150,22.79,0
95.9200,22.79,0
95.9250,22.79,0
95.9300,17.99,0
95.9350,17.99,0
95.9400,-1.07,0
95.9450,40.93,0
95.9500,53.91,0
95.9550,51.65,0
95.9600,51.65,0
95.9650,143.73,0
95.9700,143.73,0
95.9750,103.03,0
95.9800,103.03,0
95.9850,106.91,0
95.9900,106.91,0
95.9950,106.91,0
96.0000,77.66,0
96.0050,40.23,0
96.0100,65.72,0
96.0150,28.03,0
96.0200,28.03,0
96.0250,28.03,0
96.0300,28.03,0
96.0350,28.03,0
96.0400,28.52,0
96.0450,52.56,0
96.0500,26.70,0
96.0550,26.70,0
96.0600,28.76,0
96.0650,28.76,0
96.0700,30.78,0
96.0750,97.05,0
96.0800,25.26,0
96.0850,-0.55,0
96.0900,24.35,0
96.0950,24.35,0
96.1000,24.35,0
96.1050,25.98,0
96.1100,25.98,0
96.1150,21.39,0
96.1200,21.39,0
96.1250,21.39,0
96.1300,20.18,0
96.1350,20.18,0
96.1400,22.09,0
96.1450,22.09,0
96.1500,11.60,0
96.1550,11.40,0
96.1600,11.40,0
96.1650,11.40,0
96.1700,11.40,0
96.1750,13.56,0
96.1800,13.56,0
96.1850,13.56,0
96.1900,45.51,0
96.1950,45.51,0
96.2000,45.51,0
96.2050,27.46,0
96.2100,12.36,0
96.2150,39.16,0
96.2200,25.28,0
96.2250,25.28,0
96.2300,-23.81,0
96.2350,-23.81,0
96.2400,52.12,0
96.2450,-35.97,0
96.2500,-43.42,0
96.2550,-43.42,0
96.2600,-45.32,0
96.2650,-47.14,0
96.2700,-47.14,0
96.2750,45.92,0
96.2800,-41.85,0
96.2850,17.34,0
96.2900,-45.32,0
96.2950,-12.40,0
96.3000,-12.40,0
96.3050,-12.40,0
96.3100,-12.40,0
96.3150,-12.40,0
96.3200,-12.40,0
96.3250,-12.40,0
96.3300,-1.16,0
96.3350,-1.16,0
96.3400,5.40,0
96.3450,5.40,0
96.3500,17.35,0
96.3550,17.35,0
96.3600,10.78,0
96.3650,-22.96,0
96.3700,13.08,0
96.3750,-3.50,0
96.3800,-3.50,0
96.3850,29.70,0
96.3900,29.70,0
96.3950,-5.85,0
96.4000,-5.85,0
96.4050,0.05,0
96.4100,21.41,0
96.4150,-47.22,0
96.4200,21.41,0
96.4250,10.31,0
96.4300,21.41,0
96.4350,6.85,0
96.4400,20.53,0
96.4450,-7.50,0
96.4500,-7.50,0
96.4550,-0.07,0
96.4600,-0.07,0
96.4650,4.42,0
96.4700,4.42,0
96.4750,14.06,0
96.4800,14.06,0
96.4850,14.06,0
96.4900,-13.97,0
96.4950,-13.97,0
96.5000,15.47,0
96.5050,15.47,0
96.5100,-1.02,0
96.5150,23.48,0
96.5200,23.48,0
96.5250,23.48,0
96.5300,-14.76,0
96.5350,19.06,0
96.5400,19.06,0
96.5450,19.06,0
96.5500,19.06,0
96.5550,-0.24,0
96.5600,-0.24,0
96.5650,-18.17,0
96.5700,-18.17,0
96.5750,-4.38,0
96.5800,-4.38,0
96.5850,-4.38,0
96.5900,-4.38,0
96.5950,-4.38,0
96.6000,-4.38,0
96.6050,-4.38,0
96.6100,-7.95,0
96.6150,-7.95,0
96.6200,8.83,0
96.6250,8.83,0
96.6300,3.08,0
96.6350,-7.67,0
96.6400,3.08,0
96.6450,3.08,0
96.6500,3.08,0
96.6550,3.08,0
96.6600,7.66,0
96.6650,7.66,0
96.6700,-8.05,0
96.6750,-8.05,0
96.6800,-19.02,0
96.6850,-5.56,0
96.6900,-8.04,0
96.6950,-10.12,0
96.7000,-10.12,0
96.7050,19.90,0
96.7100,-12.65,0
96.7150,-12.65,0
96.7200,-8.30,0
96.7250,-8.30,0
96.7300,-16.23,0
96.7350,-5.19,0
96.7400,-9.57,0
96.7450,-16.78,0
96.7500,-5.02,0
96.7550,-16.78,0
96.7600,-16.78,0
96.7650,-16.78,0
96.7700,-5.90,0
96.7750,-5.90,0
96.7800,7.23,0
96.7850,7.23,0
96.7900,16.15,0
96.7950,16.15,0
96.8000,21.46,0
96.8050,21.46,0
96.8100,22.77,0
96.8150,22.77,0
96.8200,22.77,0
96.8250,22.77,0
96.8300,18.13,0
96.8350,18.13,0
96.8400,18.13,0
96.8450,18.13,0
96.8500,19.95,0
96.8550,19.95,0
96.8600,12.50,0
96.8650,13.18,0
96.8700,23.10,0
96.8750,23.10,0
96.8800,15.31,0
96.8850,10.83,0
96.8900,10.83,0
96.8950,10.83,0
96.9000,9.67,0
96.9050,4.05,0
96.9100,4.05,0
96.9150,4.83,0
96.9200,6.71,0
96.9250,6.71,0
96.9300,7.88,0
96.9350,-11.82,0
96.9400,8.77,0
96.9450,8.77,0
96.9500,6.44,0
96.9550,13.50,0
96.9600,13.50,0
96.9650,7.32,0
96.9700,7.32,0
96.9750,7.32,0
96.9800,18.63,0
96.9850,18.63,0
96.9900,18.63,0
96.9950,18.63,0
97.0000,18.63,0
97.0050,18.63,0
97.0100,15.53,0
97.0150,15.53,0
97.0200,21.87,0
97.0250,21.87,0
97.0300,8.82,0
97.0350,8.82,0
97.0400,8.82,0
97.0450,8.82,0
97.0500,11.36,0
97.0550,4.90,0
97.0600,25.26,0
97.0650,25.26,0
97.0700,9.25,0
97.0750,9.25,0
97.0800,9.25,0
97.0850,9.25,0
97.0900,9.25,0
97.0950,9.25,0
97.1000,7.77,0
97.1050,7.77,0
97.1100,24.79,0
97.1150,16.98,0
97.1200,24.79,0
97.1250,11.90,0
97.1300,50.69,0
97.1350,50.69,0
97.1400,20.33,0
97.1450,51.52,0
97.1500,40.07,0
97.1550,51.52,0
97.1600,25.92,0
97.1650,51.81,0
97.1700,2.51,0
97.1750,50.50,0
97.1800,0.99,0
97.1850,0.99,0
97.1900,2.16,0
97.1950,44.26,0
97.2000,116.77,0
97.2050,116.77,0
97.2100,116.77,0
97.2150,-26.41,0
97.2200,-26.41,0
97.2250,-26.41,0
97.2300,-57.27,0
97.2350,-57.27,0
97.2400,-135.04,0
97.2450,-135.04,0
97.2500,-176.33,0
97.2550,-176.33,0
97.2600,51.81,0
97.2650,-84.54,0
97.2700,50.50,0
97.2750,-84.54,0
97.2800,29.08,0
97.2850,-189.22,0
97.2900,41.39,0
97.2950,-104.41,0
97.3000,-104.41,0
97.3050,-104.41,0
97.3100,-104.41,0
97.3150,-104.41,0
97.3200,-57.27,0
97.3250,-1799.75,0
97.3300,-1818.84,0
97.3350,-1818.84,0
97.3400,-2252.16,0
97.3450,-2252.16,0
97.3500,-3499.00,0
97.3550,-3499.00,0
97.3600,117.26,0
97.3650,-3768.65,0
97.3700,-3768.65,0
97.3750,-2074.00,0
97.3800,-4059.19,0
97.3850,-4059.19,0
97.3900,-4431.54,0
97.3950,-4431.54,0
97.4000,-4730.09,0
97.4050,-4417.84,0
97.4100,-4417.84,0
97.4150,-4417.84,0
97.4200,-4417.84,0
97.4250,-4417.84,0
97.4300,-4736.55,0
97.4350,-4736.55,0
97.4400,-4748.28,0
97.4450,-4748.28,0
97.4500,-4748.28,0
97.4550,-5076.39,0
97.4600,-5076.39,0
97.4650,-6165.72,0
97.4700,-6165.72,0
97.4750,-6165.72,0
97.4800,-6241.52,0
97.4850,-1950.05,0
97.4900,-5839.66,0
97.4950,-5839.66,0
97.5000,-6114.87,0
97.5050,-4736.55,0
97.5100,-6494.06,0
97.5150,-6241.52,0
97.5200,-3788.56,0
97.5250,-7579.41,0
97.5300,-7644.64,0
97.5350,-7644.64,0
97.5400,-7644.64,0
97.5450,-7644.64,0
97.5500,-7644.64,0
97.5550,-7684.69,0
97.5600,-7684.69,0
97.5650,-3625.09,0
97.5700,-7984.38,0
97.5750,-8399.43,0
97.5800,-8399.43,0
97.5850,-5179.01,0
97.5900,-8399.43,0
97.5950,-7955.68,0
97.6000,-7658.99,0
97.6050,-8032.68,0
97.6100,-8032.68,0
97.6150,-5840.87,0
97.6200,-8032.68,0
97.6250,-8220.86,0
97.6300,-8467.18,0
97.6350,-8943.45,0
97.6400,-8943.45,0
97.6450,-8943.45,0
97.6500,-9267.85,0
97.6550,-9267.85,0
97.6600,-8764.06,0
97.6650,-9062.11,0
97.6700,-9062.11,0
97.6750,-9382.29,0
97.6800,-9382.29,0
97.6850,-9428.07,0
97.6900,-9428.07,0
97.6950,-8705.22,0
97.7000,-9428.07,0
97.7050,-8524.53,0
97.7100,-8524.53,0
97.7150,-8539.67,0
97.7200,-8539.67,0
97.7250,-8539.67,0
97.7300,-9540.13,0
97.7350,-8447.71,0
97.7400,-8447.71,0
97.7450,-8598.89,0
97.7500,-8598.89,0
97.7550,-8598.89,0
97.7600,-8598.89,0
97.7650,-8735.25,0
97.7700,-8735.25,0
97.7750,-8735.25,0
97.7800,-8725.77,0
97.7850,-8604.91,0
97.7900,-8604.91,0
97.7950,-8604.91,0
97.8000,-8214.32,0
97.8050,-8554.34,0
97.8100,-8296.66,0
97.8150,-8751.24,0
97.8200,-8751.24,0
97.8250,-8751.24,0
97.8300,-8679.80,0
97.8350,-8730.09,0
97.8400,-8777.09,0
97.8450,-8725.76,0
97.8500,-8766.42,0
97.8550,-8788.68,0
97.8600,-8695.17,0
97.8650,-8695.17,0
97.8700,-8674.25,0
97.8750,-8674.25,0
97.8800,-8810.67,0
97.8850,-8810.67,0
97.8900,-8839.78,0
97.8950,-8839.78,0
97.9000,-8903.54,0
97.9050,-8903.54,0
97.9100,-8872.95,0
97.9150,-8872.95,0
97.9200,-8809.04,0
97.9250,-8809.04,0
97.9300,-8809.04,0
97.9350,-8920.78,0
97.9400,-8920.78,0
97.9450,-8920.78,0
97.9500,-8920.78,0
97.9550,-8845.04,0
97.9600,-8845.04,0
97.9650,-8712.81,0
97.9700,-8712.81,0
97.9750,-8712.81,0
97.9800,-8712.81,0
97.9850,-8712.81,0
97.9900,-8712.81,0
97.9950,-8920.31,0
98.0000,-8920.31,0
98.0050,-8920.31,0
98.0100,-8216.53,0
98.0150,-8216.53,0
98.0200,-8216.53,0
98.0250,-8216.53,0
98.0300,-8216.53,0
98.0350,-8216.53,0
98.0400,-7587.60,0
98.0450,-7587.60,0
98.0500,-7763.67,0
98.0550,-7047.37,0
98.0600,-7047.37,0
98.0650,-7124.93,0
98.0700,-7124.93,0
98.0750,-6356.17,0
98.0800,-6356.17,0
98.0850,-8354.84,0
98.0900,-746.48,0
98.0950,-746.48,0
98.1000,-842.35,0
98.1050,-842.35,0
98.1100,-641.49,0
98.1150,-641.49,0
98.1200,-940.31,0
98.1250,-940.31,0
98.1300,-993.56,0
98.1350,-906.01,0
98.1400,-906.01,0
98.1450,-906.01,0
98.1500,-926.22,0
98.1550,-926.22,0
98.1600,-1013.83,0
98.1650,-1013.83,0
98.1700,-758.31,0
98.1750,-758.31,0
98.1800,-771.24,0
98.1850,-771.24,0
98.1900,-826.12,0
98.1950,-826.12,0
98.2000,-901.41,0
98.2050,-901.41,0
98.2100,-7659.95,0
98.2150,-901.41,0
98.2200,-882.32,0
98.2250,-948.56,0
98.2300,-948.56,0
98.2350,-1141.33,0
98.2400,-1141.33,0
98.2450,-1206.63,0
98.2500,-5803.14,0
98.2550,-1206.63,0
98.2600,-1206.63,0
98.2650,-1206.63,0
98.2700,-1588.56,0
98.2750,-1588.56,0
98.2800,-1808.23,0
98.2850,-1808.23,0
98.2900,-2497.14,0
98.2950,-2497.14,0
98.3000,-2131.86,0
98.3050,-757.97,0
98.3100,-2005.49,0
98.3150,-501.28,0
98.3200,-1909.84,0
98.3250,-1657.84,0
98.3300,-1657.84,0
98.3350,-1357.38,0
98.3400,-1357.38,0
98.3450,-1419.53,0
98.3500,-1419.53,0
98.3550,-1419.53,0
98.3600,-1560.09,0
98.3650,-1560.09,0
98.3700,-978.00,0
98.3750,-1240.31,0
98.3800,-1240.31,0
98.3850,-1286.64,0
98.3900,-1286.64,0
98.3950,-1286.64,0
98.4000,-1244.58,0
98.4050,-1146.50,0
98.4100,-1146.50,0
98.4150,-1146.50,0
98.4200,-1185.37,0
98.4250,-1185.37,0
98.4300,-1185.37,0
98.4350,-1185.37,0
98.4400,-1185.37,0
98.4450,-1185.37,0
98.4500,-1185.37,0
98.4550,-1805.17,0
98.4600,-1275.55,0
98.4650,-1275.55,0
98.4700,-996.40,0
98.4750,-996.40,0
98.4800,-878.41,0
98.4850,-878.41,0
98.4900,-979.64,0
98.4950,-979.64,0
98.5000,-1073.13,0
98.5050,-1073.13,0
98.5100,-1064.72,0
98.5150,-1064.72,0
98.5200,-1064.72,0
98.5250,-1064.72,0
98.5300,-1064.72,0
98.5350,-1127.78,0
98.5400,-1127.78,0
98.5450,-1134.78,0
98.5500,-1134.78,0
98.5550,-1163.47,0
98.5600,-1163.47,0
98.5650,-1163.47,0
98.5700,-1125.21,0
98.5750,-1125.21,0
98.5800,-1125.21,0
98.5850,-1125.21,0
98.5900,-1122.47,0
98.5950,-1122.47,0
98.6000,-1085.91,0
98.6050,-1085.91,0
98.6100,-1046.87,0
98.6150,-1046.87,0
98.6200,-1088.24,0
98.6250,-1088.24,0
98.6300,-1048.79,0
98.6350,-1048.79,0
98.6400,-1016.64,0
98.6450,-1016.64,0
98.6500,-1057.91,0
98.6550,-1125.22,0
98.6600,-1034.11,0
98.6650,-1034.11,0
98.6700,-995.46,0
98.6750,-995.46,0
98.6800,-976.00,0
98.6850,-1048.79,0
98.6900,-1049.78,0
98.6950,-1049.78,0
98.7000,-1049.78,0
98.7050,-1049.78,0
98.7100,-1113.01,0
98.7150,-1153.20,0
98.7200,-1005.92,0
98.7250,-1005.92,0
98.7300,-621.98,0
98.7350,-621.98,0
98.7400,-994.87,0
98.7450,-46.20,0
98.7500,-46.20,0
98.7550,-46.20,0
98.7600,412.77,0
98.7650,412.77,0
98.7700,-1097.20,0
98.7750,-621.98,0
98.7800,-80.71,0
98.7850,316.18,0
98.7900,316.18,0
98.7950,18.71,0
98.8000,18.71,0
98.8050,544.64,0
98.8100,544.64,0
98.8150,273.37,0
98.8200,273.37,0
98.8250,273.37,0
98.8300,-171.50,0
98.8350,-795.07,0
98.8400,-51.20,0
98.8450,-51.20,0
98.8500,-208.21,0
98.8550,-208.21,0
98.8600,-332.96,0
98.8650,-332.96,0
98.8700,-332.96,0
98.8750,-46.44,0
98.8800,-54.69,0
98.8850,-54.69,0
98.8900,-54.69,0
98.8950,-90.89,0
98.9000,-38.17,0
98.9050,-38.17,0
98.9100,56.02,0
98.9150,80.14,0
98.9200,80.14,0
98.9250,80.14,0
98.9300,131.26,0
98.9350,131.26,0
98.9400,236.11,0
98.9450,236.11,0
98.9500,284.46,0
98.9550,284.46,0
98.9600,249.99,0
98.9650,249.99,0
98.9700,872.73,0
98.9750,872.73,0
98.9800,872.73,0
98.9850,872.73,0
98.9900,1738.20,0
98.9950,1738.20,0
99.0000,1534.76,0
99.0050,1534.76,0
99.0100,1390.13,0
99.0150,1390.13,0
99.0200,1598.92,0
99.0250,1598.92,0
99.0300,1382.06,0
99.0350,1382.06,0
99.0400,788.80,0
99.0450,891.08,0
99.0500,891.08,0
99.0550,891.08,0
99.0600,1085.23,0
99.0650,1377.94,0
99.0700,1377.94,0
99.0750,1377.94,0
99.0800,1377.94,0
99.0850,1067.15,0
99.0900,1067.15,0
99.0950,1491.59,0
99.1000,1491.59,0
99.1050,1824.12,0
99.1100,1824.12,0
99.1150,1352.12,0
99.1200,1680.58,0
99.1250,1352.12,0
99.1300,683.97,0
99.1350,1149.23,0
99.1400,1266.71,0
99.1450,1266.71,0
99.1500,1800.05,0
99.1550,1800.05,0
99.1600,1563.65,0
99.1650,1824.12,0
99.1700,1391.63,0
99.1750,1391.63,0
99.1800,1190.96,0
99.1850,1162.83,0
99.1900,1005.31,0
99.1950,1005.31,0
99.2000,1005.31,0
99.2050,1149.23,0
99.2100,1629.06,0
99.2150,2241.25,0
99.2200,2241.25,0
99.2250,2241.25,0
99.2300,2352.22,0
99.2350,2352.22,0
99.2400,2420.95,0
99.2450,2420.95,0
99.2500,2420.95,0
99.2550,2420.95,0
99.2600,2420.95,0
99.2650,1909.66,0
99.2700,1909.66,0
99.2750,1741.50,0
99.2800,1741.50,0
99.2850,1741.50,0
99.2900,1746.65,1
99.2950,1746.65,0
99.3000,1746.65,0
99.3050,1746.65,0
99.3100,1746.65,0
99.3150,1746.65,0
99.3200,1867.86,0
99.3250,2171.90,0
99.3300,1928.76,0
99.3350,1928.76,0
99.3400,1867.81,0
99.3450,1867.81,0
99.3500,1590.30,0
99.3550,1590.30,0
99.3600,2143.40,0
99.3650,2055.22,0
99.3700,2055.22,0
99.3750,1486.23,0
99.3800,1486.23,0
99.3850,2400.92,0
99.3900,2400.92,0
99.3950,2606.75,0
99.4000,2606.75,0
99.4050,2924.47,0
99.4100,2924.47,0
99.4150,2924.47,0
99.4200,2924.47,0
99.4250,2924.47,0
99.4300,2924.47,0
99.4350,3586.46,0
99.4400,3586.46,0
99.4450,2486.40,0
99.4500,3953.30,0
99.4550,4192.12,0
99.4600,4192.12,0
99.4650,4066.90,0
99.4700,4066.90,0
99.4750,4654.07,0
99.4800,4654.07,0
99.4850,4795.91,0
99.4900,4795.91,0
99.4950,4931.16,0
99.5000,1689.86,0
99.5050,4931.16,0
99.5100,4931.16,0
99.5150,5668.65,0
99.5200,5668.65,0
99.5250,6430.17,0
99.5300,6430.17,0
99.5350,6430.17,0
99.5400,6430.17,0
99.5450,6130.49,0
99.5500,6130.49,0
99.5550,5725.46,0
99.5600,5725.46,0
99.5650,5880.01,0
99.5700,5880.01,0
99.5750,5899.24,0
99.5800,5899.24,0
99.5850,5968.82,0
99.5900,5968.82,0
99.5950,5950.71,0
99.6000,5950.71,0
99.6050,5952.49,0
99.6100,5952.49,0
99.6150,6107.81,0
99.6200,6107.81,0
99.6250,5895.72,0
99.6300,5972.82,0
99.6350,5805.42,0
99.6400,5805.42,0
99.6450,5666.80,0
99.6500,5666.80,0
99.6550,6156.14,0
99.6600,5666.80,0
99.6650,5666.80,0
99.6700,5714.64,0
99.6750,5714.64,0
99.6800,5966.89,0
99.6850,5966.89,0
99.6900,4690.38,0
99.6950,4454.92,0
99.7000,4454.92,0
99.7050,3991.25,0
99.7100,3991.25,0
99.7150,3991.25,0
99.7200,-594.85,0
99.7250,-594.85,0
99.7300,-502.06,0
99.7350,-529.32,0
99.7400,-529.32,0
99.7450,-488.73,0
99.7500,-488.73,0
99.7550,4690.38,0
99.7600,-600.65,0
99.7650,-1135.78,0
99.7700,5896.80,0
99.7750,-885.03,0
99.7800,-885.03,0
99.7850,7011.30,0
99.7900,-885.03,0
99.7950,-885.03,0
99.8000,-885.03,0
99.8050,-885.03,0
99.8100,-955.04,0
99.8150,5502.96,0
99.8200,-776.47,0
99.8250,-776.47,0
99.8300,-950.10,0
99.8350,-850.82,0
99.8400,-1460.37,0
99.8450,-770.17,0
99.8500,-1149.40,0
99.8550,-1149.40,0
99.8600,-1027.07,0
99.8650,-1027.07,0
99.8700,-1027.07,0
99.8750,-1027.07,0
99.8800,-1027.07,0
99.8850,-928.78,0
99.8900,-928.78,0
99.8950,-928.78,0
99.9000,-873.18,0
99.9050,-873.18,0
99.9100,-750.33,0
99.9150,-674.97,0
99.9200,-1389.72,0
99.9250,-750.81,0
99.9300,-750.81,0
99.9350,-61.73,0
99.9400,-799.63,0
99.9450,-799.63,0
99.9500,-950.44,0
99.9550,-950.44,0
99.9600,-950.44,0
99.9650,-950.44,0
99.9700,-1272.67,0
99.9750,-842.99,0
99.9800,-620.46,0
99.9850,-1179.25,0
99.9900,-1179.25,0
99.9950,-338.13,0
100.0000,-338.13,0
100.0050,-883.26,0
100.0100,-1134.86,0
100.0150,-417.04,0
100.0200,-417.04,0
100.0250,-741.44,0
100.0300,-741.44,0
100.0350,-741.44,0
100.0400,-741.44,0
100.0450,-741.44,0
100.0500,-819.51,0
100.0550,-819.51,0
100.0600,-508.27,0
100.0650,-508.27,0
100.0700,-388.12,0
100.0750,-106.50,0
100.0800,-417.04,0
100.0850,-106.50,0
100.0900,-201.76,0
100.0950,-279.46,0
100.1000,-279.46,0
100.1050,-799.03,0
100.1100,-557.62,0
100.1150,-557.62,0
100.1200,-258.17,0
100.1250,-258.17,0
100.1300,-152.54,0
100.1350,-152.54,0
100.1400,-340.65,0
100.1450,-340.65,0
100.1500,-340.65,0
100.1550,-340.65,0
100.1600,-273.04,0
100.1650,-273.04,0
100.1700,-67.49,0
100.1750,-160.31,0
100.1800,-160.31,0
100.1850,-160.31,0
100.1900,-449.79,0
100.1950,-449.79,0
100.2000,-715.34,0
100.2050,-715.34,0
100.2100,-715.34,0
100.2150,-715.34,0
100.2200,-493.24,0
100.2250,-493.24,0
100.2300,-51.10,0
100.2350,-787.12,0
100.2400,-812.83,0
100.2450,-812.83,0
100.2500,-812.83,0
100.2550,-178.56,0
100.2600,-812.83,0
100.2650,-496.34,0
100.2700,-909.46,0
100.2750,-909.46,0
100.2800,-879.53,0
100.2850,-879.53,0
100.2900,-911.28,0
100.2950,-911.28,0
100.3000,-888.01,0
100.3050,-888.01,0
100.3100,-893.19,0
100.3150,-893.19,0
100.3200,-203.33,0
100.3250,-801.58,0
100.3300,-801.58,0
100.3350,-801.58,0
100.3400,-899.10,0
100.3450,-899.10,0
100.3500,-715.53,0
100.3550,-1271.96,0
100.3600,-1271.96,0
100.3650,-1271.96,0
100.3700,-1271.96,0
100.3750,-1948.53,0
100.3800,-1948.53,0
100.3850,-888.01,0
100.3900,-2095.57,0
100.3950,-2381.12,0
100.4000,-2381.12,0
100.4050,-2381.12,0
100.4100,-2381.12,0
100.4150,-2381.12,0
100.4200,-2381.12,0
100.4250,-2996.63,0
100.4300,-2996.63,0
100.4350,-3875.85,0
100.4400,-3875.85,0
100.4450,-824.04,0
100.4500,-3901.52,0
100.4550,-4076.97,0
100.4600,-4076.97,0
100.4650,-4076.97,0
100.4700,-3974.49,0
100.4750,-918.32,0
100.4800,-3974.49,0
100.4850,-3974.49,0
100.4900,-3155.18,0
100.4950,-2841.58,0
100.5000,-2841.58,0
100.5050,-2841.58,0
100.5100,-3588.71,0
100.5150,-3389.46,0
100.5200,-4016.33,0
100.5250,-4016.33,0
100.5300,-3594.47,0
100.5350,-3594.47,0
100.5400,1086.53,0
100.5450,1086.53,0
100.5500,1656.51,0
100.5550,2102.74,0
100.5600,2102.74,0
100.5650,2102.74,0
100.5700,1804.22,0
100.5750,2127.48,0
100.5800,2127.48,0
100.5850,2127.48,0
100.5900,2660.42,0
100.5950,2660.42,0
100.6000,2094.79,0
100.6050,2094.79,0
100.6100,2094.79,0
100.6150,2094.79,0
100.6200,1704.55,0
100.6250,1704.55,0
100.6300,2621.47,0
100.6350,2474.80,0
100.6400,2474.80,0
100.6450,2364.57,0
100.6500,2364.57,0
100.6550,2364.57,0
100.6600,1962.31,0
100.6650,1972.95,0
100.6700,1972.95,0
100.6750,1504.80,0
100.6800,1504.80,0
100.6850,1504.80,0
100.6900,1504.80,0
100.6950,1504.80,0
100.7000,1619.53,0
100.7050,-3695.03,0
100.7100,1713.50,0
100.7150,1713.50,0
100.7200,1720.25,0
100.7250,1880.93,0
100.7300,1880.93,0
100.7350,1880.93,0
100.7400,1880.93,0
100.7450,2209.10,0
100.7500,2209.10,0
100.7550,2209.10,0
100.7600,1944.76,0
100.7650,2787.94,0
100.7700,2787.94,0
100.7750,2726.21,0
100.7800,2726.21,0
100.7850,2726.21,0
100.7900,2372.82,0
100.7950,3345.56,0
100.8000,2039.47,0
100.8050,3380.26,0
100.8100,3380.26,0
100.8150,4037.83,0
100.8200,4037.83,0
100.8250,3643.87,0
100.8300,3643.87,0
100.8350,3328.14,0
100.8400,3328.14,0
100.8450,2726.21,0
100.8500,2929.48,0
100.8550,2929.48,0
100.8600,2808.17,0
100.8650,2808.17,0
100.8700,2808.17,0
100.8750,2754.68,0
100.8800,2754.68,0
100.8850,2906.33,0
100.8900,2906.33,0
100.8950,2963.56,0
100.9000,2963.56,0
100.9050,2963.56,0
100.9100,2963.56,0
100.9150,2963.56,0
100.9200,2708.50,0
100.9250,2708.50,0
100.9300,2919.78,0
100.9350,3268.96,0
100.9400,3268.96,0
100.9450,3268.96,0
100.9500,3057.43,0
100.9550,3057.43,0
100.9600,3057.43,0
100.9650,3057.43,0
100.9700,3093.39,0
100.9750,3093.39,0
100.9800,3110.72,0
100.9850,3282.25,0
100.9900,2809.65,0
100.9950,2809.65,0
101.0000,2685.36,0
101.0050,2707.78,0
101.0100,2707.78,0
101.0150,2783.30,0
101.0200,2783.30,0
101.0250,2870.97,0
101.0300,2707.78,0
101.0350,2870.97,0
101.0400,3255.20,0
101.0450,3398.94,0
101.0500,3398.94,0
101.0550,3398.94,0
101.0600,3398.94,0
101.0650,3398.94,0
101.0700,3398.94,0
101.0750,3398.94,0
101.0800,3569.50,0
101.0850,3569.50,0
101.0900,3604.53,0
101.0950,4430.97,0
101.1000,4430.97,0
101.1050,4430.97,0
101.1100,4406.53,0
101.1150,4406.53,0
101.1200,4572.23,0
101.1250,4572.23,0
101.1300,4572.23,0
101.1350,4572.23,0
101.1400,4540.27,0
101.1450,4540.27,0
101.1500,4622.90,0
101.1550,4622.90,0
101.1600,4638.80,0
101.1650,3338.12,0
101.1700,4579.96,0
101.1750,4579.96,0
101.1800,4579.96,0
101.1850,4579.96,0
101.1900,4671.36,0
101.1950,4671.36,0
101.2000,4594.72,0
101.2050,4597.81,0
101.2100,4649.03,0
101.2150,4649.03,0
101.2200,4666.13,0
101.2250,4666.13,0
101.2300,4744.27,0
101.2350,4744.27,0
101.2400,4673.30,0
101.2450,4673.30,0
101.2500,4793.17,0
101.2550,4766.99,0
101.2600,4670.25,0
101.2650,4670.25,0
101.2700,4670.25,0
101.2750,4670.25,0
101.2800,4762.15,0
101.2850,4762.15,0
101.2900,4700.07,0
101.2950,4700.07,0
101.3000,4670.25,0
101.3050,4700.07,0
101.3100,4700.07,0
101.3150,4700.07,0
101.3200,4779.35,0
101.3250,4700.07,0
101.3300,4642.85,0
101.3350,4691.50,0
101.3400,4742.66,0
101.3450,4742.66,0
101.3500,4247.05,0
101.3550,4247.05,0
101.3600,-59.25,0
101.3650,-59.25,0
101.3700,-137.95,0
101.3750,-117.27,0
101.3800,4750.19,0
101.3850,-117.27,0
101.3900,-99.02,0
101.3950,-99.02,0
101.4000,-30.70,0
101.4050,-30.70,0
101.4100,-30.70,0
101.4150,3.38,0
101.4200,3.38,0
101.4250,-77.67,0
101.4300,-77.67,0
101.4350,-28.03,0
101.4400,-28.03,0
101.4450,-154.32,0
101.4500,-154.32,0
101.4550,-154.32,0
101.4600,4686.34,0
101.4650,-172.81,0
101.4700,-172.81,0
101.4750,-119.88,0
101.4800,-119.88,0
101.4850,-171.22,0
101.4900,-171.22,0
101.4950,-34.11,0
101.5000,-34.11,0
101.5050,-136.28,0
101.5100,-136.28,0
101.5150,-81.44,0
101.5200,4459.78,0
101.5250,-34.63,0
101.5300,-34.63,0
101.5350,61.07,0
101.5400,61.07,0
101.5450,14.86,0
101.5500,14.86,0
101.5550,61.07,0
101.5600,23.65,0
101.5650,-111.47,0
101.5700,-111.47,0
101.5750,-111.47,0
101.5800,-111.47,0
101.5850,-68.69,0
101.5900,-68.69,0
101.5950,-51.55,0
101.6000,-51.55,0
101.6050,-287.53,0
101.6100,-156.69,0
101.6150,-300.71,0
101.6200,85.17,0
101.6250,-439.63,0
101.6300,-439.63,0
101.6350,-294.90,0
101.6400,-294.90,0
101.6450,-174.00,0
101.6500,-174.00,0
101.6550,-3.69,0
101.6600,-3.69,0
101.6650,-23.52,0
101.6700,-23.52,0
101.6750,7.98,0
101.6800,7.98,0
101.6850,-317.18,0
101.6900,1.58,0
101.6950,1.58,0
101.7000,1.58,0
101.7050,-262.48,0
101.7100,-262.48,0
101.7150,-262.48,0
101.7200,229.16,0
101.7250,229.16,0
101.7300,7.98,0
101.7350,432.79,0
101.7400,459.85,0
101.7450,-26.65,0
101.7500,459.85,0
101.7550,37.26,0
101.7600,-69.73,0
101.7650,351.81,0
101.7700,351.81,0
101.7750,351.81,0
101.7800,677.02,0
101.7850,465.42,0
101.7900,141.88,0
101.7950,102.46,0
101.8000,102.46,0
101.8050,102.46,0
101.8100,226.34,0
101.8150,226.34,0
101.8200,-252.32,0
101.8250,-252.32,0
101.8300,-819.24,0
101.8350,303.91,0
101.8400,-488.06,0
101.8450,-488.06,0
101.8500,-962.19,0
101.8550,-540.56,0
101.8600,-226.76,0
101.8650,-226.76,0
101.8700,-226.76,0
101.8750,-226.76,0
101.8800,-293.74,0
101.8850,-293.74,0
101.8900,-13.64,0
101.8950,99.49,0
101.9000,538.88,0
101.9050,-268.78,0
101.9100,-268.78,0
101.9150,-268.78,0
101.9200,-268.78,0
101.9250,274.98,0
101.9300,-359.08,0
101.9350,-540.56,0
101.9400,-83.63,0
101.9450,61.75,0
101.9500,61.75,0
101.9550,61.75,0
101.9600,61.75,0
101.9650,104.05,0
101.9700,104.05,0
101.9750,104.05,0
101.9800,229.27,0
101.9850,229.27,0
101.9900,111.22,0
101.9950,146.51,0
102.0000,24.07,0
102.0050,-206.30,0
102.0100,22.82,0
102.0150,22.82,0
102.0200,13.68,0
102.0250,13.68,0
102.0300,-161.47,0
102.0350,-161.47,0
102.0400,-161.47,0
102.0450,0.06,0
102.0500,95.52,0
102.0550,95.52,0
102.0600,53.95,0
102.0650,53.95,0
102.0700,-291.73,0
102.0750,-6.47,0
102.0800,18.81,0
102.0850,18.81,0
102.0900,18.81,0
102.0950,18.81,0
102.1000,-0.42,0
102.1050,12.17,0
102.1100,12.17,0
102.1150,12.17,0
102.1200,65.02,0
102.1250,65.02,0
102.1300,44.58,0
102.1350,44.58,0
102.1400,44.58,0
102.1450,44.58,0
102.1500,44.58,0
102.1550,-17.48,0
102.1600,89.58,0
102.1650,89.58,0
102.1700,109.93,0
102.1750,109.93,0
102.1800,163.15,0
102.1850,7.96,0
102.1900,17.97,0
102.1950,17.97,0
102.2000,17.97,0
102.2050,17.97,0
102.2100,12.67,0
102.2150,98.27,0
102.2200,20.34,0
102.2250,20.34,0
102.2300,-38.11,0
102.2350,-55.37,0
102.2400,-55.37,0
102.2450,-55.37,0
102.2500,-55.37,0
102.2550,22.82,0
102.2600,17.97,0
102.2650,-44.52,0
102.2700,242.83,0
102.2750,-23.41,0
102.2800,98.91,0
102.2850,67.19,0
102.2900,67.19,0
102.2950,56.42,0
102.3000,56.42,0
102.3050,71.55,0
102.3100,71.55,0
102.3150,35.92,0
102.3200,35.92,0
102.3250,67.19,0
102.3300,-84.72,0
102.3350,-84.72,0
102.3400,-5.70,0
102.3450,-5.70,0
102.3500,7.86,0
102.3550,-39.36,0
102.3600,-39.36,0
102.3650,-39.36,0
102.3700,-39.36,0
102.3750,-70.80,0
102.3800,-247.05,0
102.3850,-247.05,0
102.3900,-555.47,0
102.3950,-555.47,0
102.4000,-555.47,0
102.4050,-555.47,0
102.4100,-555.47,0
102.4150,-555.47,0
102.4200,-555.47,0
102.4250,-783.92,0
102.4300,-783.92,0
102.4350,-783.92,0
102.4400,-809.13,0
102.4450,-1098.70,0
102.4500,145.82,0
102.4550,-555.47,0
102.4600,-134.05,0
102.4650,-134.05,0
102.4700,395.21,0
102.4750,395.21,0
102.4800,260.49,0
102.4850,260.49,0
102.4900,374.79,0
102.4950,-555.47,0
102.5000,1200.34,0
102.5050,1200.34,0
102.5100,929.25,0
102.5150,1200.34,0
102.5200,1727.22,0
102.5250,1727.22,0
102.5300,-1232.28,0
102.5350,138.44,0
102.5400,1278.00,0
102.5450,1278.00,0
102.5500,-36.30,0
102.5550,1919.90,0
102.5600,1899.39,0
102.5650,-617.04,0
102.5700,1658.05,0
102.5750,1658.05,0
102.5800,2127.10,0
102.5850,2127.10,0
102.5900,2127.10,0
102.5950,488.54,0
102.6000,1654.05,0
102.6050,1654.05,0
102.6100,2396.00,0
102.6150,2396.00,0
102.6200,2851.71,0
102.6250,2851.71,0
102.6300,2708.37,0
102.6350,2904.66,0
102.6400,2904.66,0
102.6450,2012.26,0
102.6500,2012.26,0
102.6550,1945.11,0
102.6600,1857.77,0
102.6650,1945.11,0
102.6700,1941.81,0
102.6750,1941.81,0
102.6800,1961.93,0
102.6850,1961.93,0
102.6900,1269.95,0
102.6950,1594.05,0
102.7000,2026.88,0
102.7050,1750.67,0
102.7100,1492.18,0
102.7150,1359.87,0
102.7200,1359.87,0
102.7250,1465.15,0
102.7300,1465.15,0
102.7350,1465.15,0
102.7400,1651.96,0
102.7450,797.68,0
102.7500,797.68,0
102.7550,185.56,0
102.7600,797.68,0
102.7650,-354.54,0
102.7700,-354.54,0
102.7750,-651.10,0
102.7800,-651.10,0
102.7850,-651.10,0
102.7900,-1417.55,0
102.7950,-1417.55,0
102.8000,-1192.06,0
102.8050,-1192.06,0
102.8100,-1192.06,0
102.8150,-1192.06,0
102.8200,-960.44,0
102.8250,-1119.44,0
102.8300,-1119.44,0
102.8350,-1068.66,0
102.8400,-1068.66,0
102.8450,1607.11,0
102.8500,-1322.33,0
102.8550,-1322.33,0
102.8600,-1322.33,0
102.8650,-1322.33,0
102.8700,-1322.33,0
102.8750,-225.66,0
102.8800,-225.66,0
102.8850,-225.66,0
102.8900,-593.48,0
102.8950,-593.48,0
102.9000,180.19,0
102.9050,-400.03,0
102.9100,-400.03,0
102.9150,-400.03,0
102.9200,-380.95,0
102.9250,-380.95,0
102.9300,-288.04,0
102.9350,-288.04,0
102.9400,-203.56,0
102.9450,-203.56,0
102.9500,-1061.79,0
102.9550,-258.12,0
102.9600,-219.99,0
102.9650,-219.99,0
102.9700,-219.99,0
102.9750,-162.31,0
102.9800,-162.31,0
102.9850,-162.31,0
102.9900,-437.84,0
102.9950,-474.47,0
103.0000,-1499.58,0
103.0050,-1499.58,0
103.0100,-1544.20,0
103.0150,-1544.20,0
103.0200,-1365.93,0
103.0250,-1365.93,0
103.0300,-1365.93,0
103.0350,-1365.93,0
103.0400,-1365.93,0
103.0450,-1058.14,0
103.0500,-1448.71,0
103.0550,-1058.14,0
103.0600,-242.84,0
103.0650,-242.84,0
103.0700,122.86,0
103.0750,122.86,0
103.0800,122.86,0
103.0850,122.86,0
103.0900,129.54,0
103.0950,129.54,0
103.1000,-357.84,0
103.1050,-357.84,0
103.1100,275.72,0
103.1150,275.72,0
103.1200,342.73,0
103.1250,236.99,0
103.1300,236.99,0
103.1350,384.49,0
103.1400,384.49,0
103.1450,45.06,0
103.1500,45.06,0
103.1550,349.55,0
103.1600,349.55,0
103.1650,555.74,0
103.1700,555.74,0
103.1750,422.23,0
103.1800,422.23,0
103.1850,422.23,0
103.1900,422.23,0
103.1950,422.23,0
103.2000,383.24,0
103.2050,383.24,0
103.2100,792.61,0
103.2150,792.61,0
103.2200,346.19,0
103.2250,29.71,0
103.2300,29.71,0
103.2350,-386.07,0
103.2400,-386.07,0
103.2450,-386.07,0
103.2500,-158.55,0
103.2550,-158.55,0
103.2600,-363.16,0
103.2650,-547.52,0
103.2700,-283.50,0
103.2750,343.70,0
103.2800,-657.74,0
103.2850,-657.74,0
103.2900,-372.20,0
103.2950,-372.20,0
103.3000,-629.10,0
103.3050,-629.10,0
103.3100,616.59,0
103.3150,-688.78,0
103.3200,-688.78,0
103.3250,-393.00,0
103.3300,-393.00,0
103.3350,-827.00,0
103.3400,-864.17,0
103.3450,-613.27,0
103.3500,-613.27,0
103.3550,-613.27,0
103.3600,-613.27,0
103.3650,-613.27,0
103.3700,-571.24,0
103.3750,-571.24,0
103.3800,-941.58,0
103.3850,-1127.83,0
103.3900,-1127.83,0
103.3950,-593.31,0
103.4000,-593.31,0
103.4050,-550.59,0
103.4100,-550.59,0
103.4150,-772.82,0
103.4200,-772.82,0
103.4250,-772.82,0
103.4300,-734.06,0
103.4350,-734.06,0
103.4400,-1229.82,0
103.4450,-1542.78,0
103.4500,-1542.78,0
103.4550,-1687.70,0
103.4600,-1687.70,0
103.4650,-1699.62,0
103.4700,-1699.62,0
103.4750,-1325.69,0
103.4800,-1325.69,0
103.4850,-2289.80,0
103.4900,-2289.80,0
103.4950,-2900.12,0
103.5000,-2900.12,0
103.5050,-3403.17,0
103.5100,-3403.17,0
103.5150,-3403.17,0
103.5200,-2886.03,0
103.5250,-2886.03,0
103.5300,-2886.03,0
103.5350,-2886.03,0
103.5400,-2844.67,0
103.5450,-2844.67,0
103.5500,-2811.95,0
103.5550,-2811.95,0
103.5600,-2804.90,0
103.5650,-793.33,0
103.5700,-2374.70,0
103.5750,-2374.70,0
103.5800,-2374.70,0
103.5850,-2374.70,0
103.5900,-1686.79,0
103.5950,-471.94,0
103.6000,-1689.65,0
103.6050,-2489.81,0
103.6100,-2489.81,0
103.6150,-2031.31,0
103.6200,-2031.31,0
103.6250,-2034.94,0
103.6300,-2034.94,0
103.6350,-2034.94,0
103.6400,-2088.62,0
103.6450,-2088.62,0
103.6500,-2103.22,0
103.6550,-2099.44,0
103.6600,-2087.56,0
103.6650,-2099.44,0
103.6700,-2088.50,0
103.6750,-2088.50,0
103.6800,-2138.82,0
103.6850,-2138.82,0
103.6900,-2142.03,0
103.6950,-2142.03,0
103.7000,-2098.92,0
103.7050,-2005.09,0
103.7100,-2005.09,0
103.7150,-1978.36,0
103.7200,-1978.36,0
103.7250,-2019.16,0
103.7300,-2019.16,0
103.7350,-2019.16,0
103.7400,-1948.60,0
103.7450,-1948.60,0
103.7500,-1972.67,0
103.7550,-1972.67,0
103.7600,-1912.52,0
103.7650,-1912.52,0
103.7700,-1931.51,0
103.7750,-1820.19,0
103.7800,-1820.19,0
103.7850,-1820.19,0
103.7900,-1885.00,0
103.7950,-1885.00,0
103.8000,-1766.85,0
103.8050,12.42,0
103.8100,12.42,0
103.8150,-15.35,0
103.8200,-15.35,0
103.8250,65.53,0
103.8300,65.53,0
103.8350,-1.88,0
103.8400,-1.88,0
103.8450,-1978.42,0
103.8500,65.53,0
103.8550,-0.07,0
103.8600,-0.07,0
103.8650,-0.07,0
103.8700,-41.58,0
103.8750,-41.58,0
103.8800,-65.97,0
103.8850,-65.97,0
103.8900,-40.29,0
103.8950,-40.29,0
103.9000,-1956.25,0
103.9050,-615.52,0
103.9100,-615.52,0
103.9150,-1480.97,0
103.9200,-1480.97,0
103.9250,36.26,0
103.9300,-1618.04,0
103.9350,-1618.04,0
103.9400,-1494.50,0
103.9450,-1995.38,0
103.9500,-1995.38,0
103.9550,-1995.38,0
103.9600,-1995.38,0
103.9650,-1871.77,0
103.9700,-1871.77,0
103.9750,-1779.31,0
103.9800,-1779.31,0
103.9850,-2490.03,0
103.9900,-2490.03,0
103.9950,-50.45,0
104.0000,-2678.07,0
104.0050,-2678.07,0
104.0100,-2596.20,0
104.0150,-2596.20,0
104.0200,-2208.89,0
104.0250,-0.49,0
104.0300,-3099.96,0
104.0350,-3650.07,0
104.0400,-3650.07,0
104.0450,-615.07,0
104.0500,-1617.03,0
104.0550,-2902.52,0
104.0600,-2413.12,0
104.0650,-2253.22,0
104.0700,-2875.24,0
104.0750,-2875.24,0
104.0800,-2875.24,0
104.0850,-2875.24,0
104.0900,-2481.92,0
104.0950,-1616.39,0
104.1000,-2591.33,0
104.1050,-2591.33,0
104.1100,-2642.72,0
104.1150,-3495.25,0
104.1200,-2180.06,0
104.1250,-2180.06,0
104.1300,-2180.06,0
104.1350,-1703.45,0
104.1400,-1703.45,0
104.1450,-1703.45,0
104.1500,-1928.49,0
104.1550,-1928.49,0
104.1600,-1065.37,0
104.1650,-1065.37,0
104.1700,-1379.88,0
104.1750,-1379.88,0
104.1800,-1379.88,0
104.1850,-1379.88,0
104.1900,-1652.39,0
104.1950,-1767.56,0
104.2000,-1767.56,0
104.2050,-1767.56,0
104.2100,-1244.10,0
104.2150,-1244.10,0
104.2200,-1191.30,0
104.2250,-1191.30,0
104.2300,-1275.18,0
104.2350,-1275.18,0
104.2400,-1339.56,0
104.2450,-1254.76,0
104.2500,-1138.44,0
104.2550,-1138.44,0
104.2600,-818.08,0
104.2650,-818.08,0
104.2700,-210.28,0
104.2750,-210.28,0
104.2800,0.29,0
104.2850,-1315.04,0
104.2900,320.43,1
104.2950,320.43,0
104.3000,535.97,0
104.3050,535.97,0
104.3100,455.49,0
104.3150,523.34,0
104.3200,455.49,0
104.3250,489.23,0
104.3300,-1934.98,0
104.3350,489.23,0
104.3400,456.51,0
104.3450,456.51,0
104.3500,-1254.11,0
104.3550,282.37,0
104.3600,290.31,0
104.3650,290.31,0
104.3700,172.64,0
104.3750,9.11,0
104.3800,9.11,0
104.3850,9.11,0
104.3900,-57.83,0
104.3950,-57.83,0
104.4000,-57.83,0
104.4050,-263.39,0
104.4100,-263.39,0
104.4150,-263.39,0
104.4200,-206.89,0
104.4250,-302.92,0
104.4300,-302.92,0
104.4350,-302.92,0
104.4400,-341.92,0
104.4450,-301.61,0
104.4500,-301.61,0
104.4550,-489.09,0
104.4600,-489.09,0
104.4650,-613.45,0
104.4700,-613.45,0
104.4750,-443.05,0
104.4800,-443.05,0
104.4850,-472.54,0
104.4900,-472.54,0
104.4950,-472.54,0
104.5000,-347.57,0
104.5050,-690.29,0
104.5100,-690.29,0
104.5150,-690.29,0
104.5200,-690.29,0
104.5250,-680.50,0
104.5300,-489.09,0
104.5350,231.87,0
104.5400,-570.76,0
104.5450,-583.94,0
104.5500,-583.94,0
104.5550,-583.94,0
104.5600,-640.31,0
104.5650,-640.31,0
104.5700,-640.31,0
104.5750,-640.31,0
104.5800,-677.95,0
104.5850,-677.95,0
104.5900,-650.41,0
104.5950,-650.41,0
104.6000,-459.15,0
104.6050,-459.15,0
104.6100,-300.94,0
104.6150,223.05,0
104.6200,223.05,0
104.6250,223.05,0
104.6300,223.05,0
104.6350,-67.02,0
104.6400,-67.02,0
104.6450,-67.02,0
104.6500,-173.15,0
104.6550,-173.15,0
104.6600,-375.98,0
104.6650,-375.98,0
104.6700,-524.78,0
104.6750,-573.11,0
104.6800,-524.78,0
104.6850,-524.78,0
104.6900,-761.87,0
104.6950,-761.87,0
104.7000,-795.12,0
104.7050,-795.12,0
104.7100,-920.47,0
104.7150,-920.47,0
104.7200,-920.47,0
104.7250,-920.47,0
104.7300,-920.47,0
104.7350,-920.47,0
104.7400,-1085.39,0
104.7450,-1085.39,0
104.7500,-831.53,0
104.7550,-831.53,0
104.7600,-573.52,0
104.7650,-573.52,0
104.7700,-832.52,0
104.7750,-832.52,0
104.7800,-832.52,0
104.7850,-832.52,0
104.7900,-1105.55,0
104.7950,-1105.55,0
104.8000,-1105.55,0
104.8050,-1105.55,0
104.8100,-862.67,0
104.8150,-862.67,0
104.8200,-769.94,0
104.8250,-769.94,0
104.8300,-512.74,0
104.8350,-512.74,0
104.8400,-870.61,0
104.8450,-870.61,0
104.8500,-945.45,0
104.8550,-945.45,0
104.8600,-81.08,0
104.8650,-81.08,0
104.8700,-282.30,0
104.8750,-282.30,0
104.8800,-680.25,0
104.8850,-1007.62,0
104.8900,-1007.62,0
104.8950,-1645.20,0
104.9000,-1645.20,0
104.9050,-1645.20,0
104.9100,-1462.24,0
104.9150,-1139.57,0
104.9200,-1338.08,0
104.9250,-707.43,0
104.9300,-1270.24,0
104.9350,-1270.24,0
104.9400,-550.71,0
104.9450,-550.71,0
104.9500,-550.71,0
104.9550,-550.71,0
104.9600,-509.71,0
104.9650,-509.71,0
104.9700,-509.71,0
104.9750,-860.88,0
104.9800,-1265.55,0
104.9850,-1265.55,0
104.9900,-710.00,0
104.9950,-710.00,0
105.0000,-710.00,0
105.0050,-710.00,0
105.0100,-710.00,0
105.0150,-710.00,0
105.0200,-1659.60,0
105.0250,-1659.60,0
105.0300,-1603.40,0
105.0350,-1677.90,0
105.0400,-1677.90,0
105.0450,-1677.90,0
105.0500,-2001.27,0
105.0550,-2001.27,0
105.0600,-1644.01,0
105.0650,-2327.92,0
105.0700,-1712.99,0
105.0750,-1712.99,0
105.0800,-2092.01,0
105.0850,-2092.01,0
105.0900,-2501.48,0
105.0950,-2850.40,0
105.1000,-2850.40,0
105.1050,-2850.40,0
105.1100,-2189.78,0
105.1150,-2355.12,0
105.1200,-2355.12,0
105.1250,-2724.80,0
105.1300,-2724.80,0
105.1350,-2724.80,0
105.1400,-2933.38,0
105.1450,-2160.43,0
105.1500,-2160.43,0
105.1550,-2160.43,0
105.1600,-2822.58,0
105.1650,-2822.58,0
105.1700,-2822.58,0
105.1750,-2822.58,0
105.1800,-2779.84,0
105.1850,-2189.78,0
105.1900,-2805.51,0
105.1950,-3212.80,0
105.2000,-3212.80,0
105.2050,-3212.80,0
105.2100,-3730.39,0
105.2150,-3730.39,0
105.2200,-3730.39,0
105.2250,-1690.35,0
105.2300,-3730.39,0
105.2350,-4075.39,0
105.2400,-4075.39,0
105.2450,-3868.66,0
105.2500,-3212.80,0
105.2550,-4242.21,0
105.2600,-3855.41,0
105.2650,-3855.41,0
105.2700,-3839.02,0
105.2750,-3839.02,0
105.2800,-3992.46,0
105.2850,-3992.46,0
105.2900,-3767.01,0
105.2950,-2898.15,0
105.3000,-3465.17,0
105.3050,-3465.17,0
105.3100,-3187.67,0
105.3150,-3187.67,0
105.3200,-3187.67,0
105.3250,-3187.67,0
105.3300,-1967.86,0
105.3350,-1967.86,0
105.3400,-1639.76,0
105.3450,-1639.76,0
105.3500,-1646.15,0
105.3550,-1646.15,0
105.3600,-1399.84,0
105.3650,-1399.84,0
105.3700,-1399.84,0
105.3750,-1399.84,0
105.3800,-1399.84,0
105.3850,-1399.84,0
105.3900,-631.72,0
105.3950,-3837.09,0
105.4000,-777.08,0
105.4050,-1386.15,0
105.4100,-1386.15,0
105.4150,-1380.98,0
105.4200,-1380.98,0
105.4250,-1460.50,0
105.4300,-1460.50,0
105.4350,-732.15,0
105.4400,-732.15,0
105.4450,2658.91,0
105.4500,2658.91,0
105.4550,2402.62,0
105.4600,2402.62,0
105.4650,3205.77,0
105.4700,3205.77,0
105.4750,3205.77,0
105.4800,3205.77,0
105.4850,3046.95,0
105.4900,3046.95,0
105.4950,3714.77,0
105.5000,3603.21,0
105.5050,3603.21,0
105.5100,3603.21,0
105.5150,3965.50,0
105.5200,-1397.06,0
105.5250,3965.50,0
105.5300,-1460.50,0
105.5350,3142.02,0
105.5400,3706.64,0
105.5450,3706.64,0
105.5500,3706.64,0
105.5550,3557.70,0
105.5600,3557.70,0
105.5650,3765.73,0
105.5700,3656.64,0
105.5750,3258.86,0
105.5800,3656.64,0
105.5850,3555.94,0
105.5900,3555.94,0
105.5950,3597.29,0
105.6000,3597.29,0
105.6050,3452.10,0
105.6100,3452.10,0
105.6150,3472.99,0
105.6200,3472.99,0
105.6250,3472.99,0
105.6300,3472.99,0
105.6350,3472.99,0
105.6400,3394.69,0
105.6450,3288.31,0
105.6500,3394.69,0
105.6550,3353.33,0
105.6600,3123.20,0
105.6650,3123.20,0
105.6700,3123.20,0
105.6750,3123.20,0
105.6800,3031.65,0
105.6850,3031.65,0
105.6900,3011.49,0
105.6950,3011.49,0
105.7000,3519.72,0
105.7050,2932.17,0
105.7100,2956.53,0
105.7150,2956.53,0
105.7200,2784.70,0
105.7250,2784.70,0
105.7300,2798.49,0
105.7350,2798.49,0
105.7400,2763.85,0
105.7450,2763.85,0
105.7500,2738.39,0
105.7550,2738.39,0
105.7600,3006.64,0
105.7650,3006.64,0
105.7700,3048.53,0
105.7750,3053.57,0
105.7800,3048.53,0
105.7850,3048.53,0
105.7900,3048.53,0
105.7950,3048.53,0
105.8000,3771.59,0
105.8050,3771.59,0
105.8100,4071.51,0
105.8150,4071.51,0
105.8200,4645.32,0
105.8250,4645.32,0
105.8300,4042.09,0
105.8350,4042.09,0
105.8400,3549.61,0
105.8450,3549.61,0
105.8500,3107.85,0
105.8550,3107.85,0
105.8600,3057.41,0
105.8650,4042.09,0
105.8700,3057.41,0
105.8750,3438.91,0
105.8800,3438.91,0
105.8850,3203.88,0
105.8900,3203.88,0
105.8950,2644.48,0
105.9000,2644.48,0
105.9050,2214.92,0
105.9100,2214.92,0
105.9150,2214.92,0
105.9200,2214.92,0
105.9250,809.62,0
105.9300,809.62,0
105.9350,536.19,0
105.9400,669.80,0
105.9450,669.80,0
105.9500,669.80,0
105.9550,201.46,0
105.9600,201.46,0
105.9650,201.46,0
105.9700,201.46,0
105.9750,-22.93,0
105.9800,3955.99,0
105.9850,469.23,0
105.9900,469.23,0
105.9950,469.23,0
106.0000,469.23,0
106.0050,606.97,0
106.0100,-495.95,0
106.0150,-495.95,0
106.0200,-495.95,0
106.0250,456.97,0
106.0300,469.23,0
106.0350,706.82,0
106.0400,706.82,0
106.0450,456.97,0
106.0500,-197.35,0
106.0550,98.76,0
106.0600,98.76,0
106.0650,98.76,0
106.0700,98.76,0
106.0750,983.51,0
106.0800,983.51,0
106.0850,376.81,0
106.0900,376.81,0
106.0950,-826.20,0
106.1000,-382.62,0
106.1050,-382.62,0
106.1100,-382.62,0
106.1150,-101.79,0
106.1200,-101.79,0
106.1250,-763.18,0
106.1300,-763.18,0
106.1350,-763.18,0
106.1400,-763.18,0
106.1450,-1155.50,0
106.1500,-389.57,0
106.1550,-1406.02,0
106.1600,-1406.02,0
106.1650,-1837.00,0
106.1700,-984.23,0
106.1750,-446.05,0
106.1800,-984.23,0
106.1850,-984.23,0
106.1900,-1943.89,0
106.1950,-1943.89,0
106.2000,-1943.89,0
106.2050,-1943.89,0
106.2100,-1879.57,0
106.2150,-1879.57,0
106.2200,-1879.57,0
106.2250,-1859.69,0
106.2300,-1859.69,0
106.2350,-1859.69,0
106.2400,-1879.57,0
106.2450,-1859.69,0
106.2500,-1861.22,0
106.2550,-1861.22,0
106.2600,-1863.19,0
106.2650,68.62,0
106.2700,-1879.57,0
106.2750,58.56,0
106.2800,-181.33,0
106.2850,-2198.52,0
106.2900,97.92,0
106.2950,97.92,0
106.3000,97.92,0
106.3050,101.31,0
106.3100,101.31,0
106.3150,82.32,0
106.3200,82.32,0
106.3250,107.93,0
106.3300,107.93,0
106.3350,37.32,0
106.3400,37.32,0
106.3450,37.32,0
106.3500,37.32,0
106.3550,-8.39,0
106.3600,-8.39,0
106.3650,-8.39,0
106.3700,-65.47,0
106.3750,-65.47,0
106.3800,-65.47,0
106.3850,-224.67,0
106.3900,-224.67,0
106.3950,-224.67,0
106.4000,-296.92,0
106.4050,-296.92,0
106.4100,-86.99,0
106.4150,-86.99,0
106.4200,-86.99,0
106.4250,0.25,0
106.4300,0.25,0
106.4350,-61.51,0
106.4400,70.82,0
106.4450,-13.75,0
106.4500,-13.75,0
106.4550,-13.75,0
106.4600,-309.31,0
106.4650,28.79,0
106.4700,28.79,0
106.4750,107.77,0
106.4800,107.77,0
106.4850,-299.66,0
106.4900,72.68,0
106.4950,-8.30,0
106.5000,-8.30,0
106.5050,-8.30,0
106.5100,-8.30,0
106.5150,7.35,0
106.5200,91.59,0
106.5250,91.59,0
106.5300,91.59,0
106.5350,48.71,0
106.5400,48.71,0
106.5450,206.10,0
106.5500,206.10,0
106.5550,291.78,0
106.5600,291.78,0
106.5650,291.78,0
106.5700,291.78,0
106.5750,58.80,0
106.5800,58.80,0
106.5850,41.03,0
106.5900,-6.20,0
106.5950,-6.20,0
106.6000,65.13,0
106.6050,65.13,0
106.6100,65.13,0
106.6150,65.13,0
106.6200,38.74,0
106.6250,38.74,0
106.6300,90.64,0
106.6350,90.64,0
106.6400,116.11,0
106.6450,116.11,0
106.6500,116.11,0
106.6550,46.23,0
106.6600,46.23,0
106.6650,39.39,0
106.6700,169.66,0
106.6750,169.66,0
106.6800,169.66,0
106.6850,374.17,0
106.6900,374.17,0
106.6950,373.64,0
106.7000,91.88,0
106.7050,564.70,0
106.7100,564.70,0
106.7150,559.95,0
106.7200,937.66,0
106.7250,937.66,0
106.7300,937.66,0
106.7350,937.66,0
106.7400,1030.02,0
106.7450,1030.02,0
106.7500,1030.02,0
106.7550,246.15,0
106.7600,766.78,0
106.7650,766.78,0
106.7700,745.98,0
106.7750,745.98,0
106.7800,745.98,0
106.7850,745.98,0
106.7900,745.98,0
106.7950,1040.64,0
106.8000,1696.14,0
106.8050,1696.14,0
106.8100,1696.14,0
106.8150,1805.84,0
106.8200,1805.84,0
106.8250,2002.34,0
106.8300,2002.34,0
106.8350,1285.97,0
106.8400,1285.97,0
106.8450,1869.31,0
106.8500,1869.31,0
106.8550,1916.84,0
106.8600,1916.84,0
106.8650,2189.03,0
106.8700,2189.03,0
106.8750,2290.82,0
106.8800,2905.77,0
106.8850,2905.77,0
106.8900,2905.77,0
106.8950,2804.33,0
106.9000,2804.33,0
106.9050,2804.33,0
106.9100,2600.19,0
106.9150,2804.33,0
106.9200,2804.33,0
106.9250,2964.55,0
106.9300,2964.55,0
106.9350,2701.21,0
106.9400,2701.21,0
106.9450,3019.30,0
106.9500,3019.30,0
106.9550,3019.30,0
106.9600,3019.30,0
106.9650,3789.73,0
106.9700,3789.73,0
106.9750,3932.37,0
106.9800,3932.37,0
106.9850,3932.37,0
106.9900,3932.37,0
106.9950,2087.92,0
107.0000,4099.78,0
107.0050,2629.27,0
107.0100,3067.38,0
107.0150,5318.06,0
107.0200,5318.06,0
107.0250,5242.75,0
107.0300,5242.75,0
107.0350,4587.59,0
107.0400,5167.97,0
107.0450,5167.97,0
107.0500,5167.97,0
107.0550,2855.32,0
107.0600,5167.97,0
107.0650,4897.14,0
107.0700,4129.30,0
107.0750,4129.30,0
107.0800,4963.41,0
107.0850,-81.74,0
107.0900,-81.74,0
107.0950,-413.91,0
107.1000,-413.91,0
107.1050,-595.66,0
107.1100,-595.66,0
107.1150,-595.66,0
107.1200,-595.66,0
107.1250,-310.76,0
107.1300,-210.07,0
107.1350,-210.07,0
107.1400,-210.07,0
107.1450,-84.72,0
107.1500,5409.85,0
107.1550,-50.84,0
107.1600,-35.93,0
107.1650,-35.93,0
107.1700,128.00,0
107.1750,128.00,0
107.1800,128.00,0
107.1850,105.96,0
107.1900,-0.89,0
107.1950,-0.89,0
107.2000,-0.89,0
107.2050,9.86,0
107.2100,9.86,0
107.2150,-106.28,0
107.2200,-15.39,0
107.2250,-15.39,0
107.2300,-594.21,0
107.2350,-17.92,0
107.2400,-17.92,0
107.2450,89.07,0
107.2500,89.07,0
107.2550,110.18,0
107.2600,110.18,0
107.2650,-187.87,0
107.2700,-62.37,0
107.2750,-19.79,0
107.2800,-19.79,0
107.2850,-19.79,0
107.2900,-19.79,0
107.2950,689.40,0
107.3000,689.40,0
107.3050,950.87,0
107.3100,950.87,0
107.3150,1460.72,0
107.3200,1460.72,0
107.3250,1363.95,0
107.3300,1363.95,0
107.3350,2051.90,0
107.3400,2051.90,0
107.3450,2290.14,0
107.3500,-14.48,0
107.3550,2290.14,0
107.3600,2290.14,0
107.3650,2585.30,0
107.3700,2585.30,0
107.3750,2288.82,0
107.3800,2288.82,0
107.3850,1745.73,0
107.3900,1745.73,0
107.3950,2128.79,0
107.4000,2128.79,0
107.4050,-8.39,0
107.4100,2288.82,0
107.4150,2116.08,0
107.4200,1473.73,0
107.4250,2763.22,0
107.4300,2763.22,0
107.4350,2763.22,0
107.4400,2763.22,0
107.4450,2581.02,0
107.4500,2581.02,0
107.4550,2699.21,0
107.4600,2989.88,0
107.4650,3147.48,0
107.4700,3147.48,0
107.4750,3247.80,0
107.4800,3247.80,0
107.4850,3122.00,0
107.4900,3656.27,0
107.4950,2321.24,0
107.5000,3656.27,0
107.5050,3892.26,0
107.5100,3892.26,0
107.5150,3493.45,0
107.5200,3572.65,0
107.5250,3572.65,0
107.5300,3656.27,0
107.5350,3447.97,0
107.5400,3625.29,0
107.5450,3625.29,0
107.5500,3625.29,0
107.5550,3489.63,0
107.5600,3493.45,0
107.5650,3305.93,0
107.5700,3305.93,0
107.5750,3305.93,0
107.5800,3305.93,0
107.5850,3057.30,0
107.5900,3057.30,0
107.5950,3285.97,0
107.6000,3285.97,0
107.6050,2259.12,0
107.6100,2259.12,0
107.6150,2036.04,0
107.6200,2036.04,0
107.6250,2036.04,0
107.6300,2054.17,0
107.6350,3225.89,0
107.6400,2054.17,0
107.6450,1988.08,0
107.6500,3285.97,0
107.6550,1032.90,0
107.6600,1032.90,0
107.6650,1070.48,0
107.6700,1070.48,0
107.6750,1292.57,0
107.6800,1292.57,0
107.6850,986.93,0
107.6900,986.93,0
107.6950,265.67,0
107.7000,2240.28,0
107.7050,3561.85,0
107.7100,37.95,0
107.7150,234.06,0
107.7200,50.64,0
107.7250,50.64,0
107.7300,77.15,0
107.7350,77.15,0
107.7400,237.65,0
107.7450,237.65,0
107.7500,237.65,0
107.7550,276.46,0
107.7600,113.87,0
107.7650,113.87,0
107.7700,-110.00,0
107.7750,-110.00,0
107.7800,-110.00,0
107.7850,3573.58,0
107.7900,-89.62,0
107.7950,-89.62,0
107.8000,217.28,0
107.8050,34.44,0
107.8100,34.44,0
107.8150,-75.50,0
107.8200,-75.50,0
107.8250,-87.48,0
107.8300,-87.48,0
107.8350,-87.48,0
107.8400,618.64,0
107.8450,-87.48,0
107.8500,-87.48,0
107.8550,-172.41,0
107.8600,-172.41,0
107.8650,-163.25,0
107.8700,-184.01,0
107.8750,-184.01,0
107.8800,-184.01,0
107.8850,-184.01,0
107.8900,-184.01,0
107.8950,-184.01,0
107.9000,-184.01,0
107.9050,-159.31,0
107.9100,-172.41,0
107.9150,-73.75,0
107.9200,-73.75,0
107.9250,-57.03,0
107.9300,-57.03,0
107.9350,481.15,0
107.9400,481.15,0
107.9450,64.83,0
107.9500,64.83,0
107.9550,9.51,0
107.9600,64.83,0
107.9650,362.62,0
107.9700,362.62,0
107.9750,292.49,0
107.9800,292.49,0
107.9850,-863.04,0
107.9900,-863.04,0
107.9950,-764.62,0
108.0000,481.15,0
108.0050,-681.02,0
108.0100,-1305.76,0
108.0150,-1305.76,0
108.0200,-1843.80,0
108.0250,-1843.80,0
108.0300,-1843.80,0
108.0350,-1735.00,0
108.0400,-1735.00,0
108.0450,-1650.92,0
108.0500,-1650.92,0
108.0550,-2306.47,0
108.0600,-2306.47,0
108.0650,-2903.76,0
108.0700,-2903.76,0
108.0750,-2903.76,0
108.0800,-2903.76,0
108.0850,-2652.65,0
108.0900,-2652.65,0
108.0950,-3019.32,0
108.1000,-3019.32,0
108.1050,-2616.86,0
108.1100,-2616.86,0
108.1150,-2834.19,0
108.1200,-2495.45,0
108.1250,-2495.45,0
108.1300,-2495.45,0
108.1350,-2630.33,0
108.1400,-2630.33,0
108.1450,-2821.22,0
108.1500,-695.53,0
108.1550,-2822.87,0
108.1600,-2975.75,0
108.1650,-2975.75,0
108.1700,-2975.75,0
108.1750,-2975.75,0
108.1800,-3005.05,0
108.1850,-3005.05,0
108.1900,-3007.27,0
108.1950,-2821.22,0
108.2000,-3084.67,0
108.2050,-3084.67,0
108.2100,-2981.60,0
108.2150,-2981.60,0
108.2200,-2805.58,0
108.2250,-3040.01,0
108.2300,-2630.29,0
108.2350,-3034.18,0
108.2400,-3004.95,0
108.2450,-3004.95,0
108.2500,-3424.55,0
108.2550,-3197.97,0
108.2600,-3281.15,0
108.2650,-3281.15,0
108.2700,-3169.67,0
108.2750,-3169.67,0
108.2800,-3198.00,0
108.2850,-3198.00,0
108.2900,-3198.00,0
108.2950,-3198.00,0
108.3000,-3091.27,0
108.3050,-3091.27,0
108.3100,-3019.14,0
108.3150,-3007.95,0
108.3200,-3012.77,0
108.3250,-3012.77,0
108.3300,-3012.77,0
108.3350,-3012.77,0
108.3400,-3011.60,0
108.3450,-3011.60,0
108.3500,-2973.15,0
108.3550,-3034.96,0
108.3600,-2664.83,0
108.3650,-2664.83,0
108.3700,-3242.16,0
108.3750,-3242.16,0
108.3800,-3242.16,0
108.3850,-3798.55,0
108.3900,-3798.55,0
108.3950,-3692.46,0
108.4000,-3692.46,0
108.4050,-3590.82,0
108.4100,-3590.82,0
108.4150,-3604.97,0
108.4200,-3590.82,0
108.4250,-3590.82,0
108.4300,-3590.82,0
108.4350,-4782.21,0
108.4400,-4782.21,0
108.4450,-4299.32,0
108.4500,-2603.36,0
108.4550,-4409.41,0
108.4600,-4409.41,0
108.4650,-4522.91,0
108.4700,-4426.63,0
108.4750,-4426.63,0
108.4800,-4603.48,0
108.4850,-4603.48,0
108.4900,-4603.48,0
108.4950,-4864.24,0
108.5000,-4234.31,0
108.5050,-4854.57,0
108.5100,-4854.57,0
108.5150,-4854.57,0
108.5200,-4674.64,0
108.5250,-4709.92,0
108.5300,-4709.92,0
108.5350,-5034.63,0
108.5400,-4373.72,0
108.5450,-3750.42,0
108.5500,-4739.21,0
108.5550,-4373.72,0
108.5600,-5059.60,0
108.5650,-5123.93,0
108.5700,-5123.93,0
108.5750,-5164.57,0
108.5800,-4945.79,0
108.5850,-5156.09,0
108.5900,-5156.09,0
108.5950,-5156.09,0
108.6000,-4993.60,0
108.6050,-4993.60,0
108.6100,-5037.84,0
108.6150,-5037.84,0
108.6200,-5037.84,0
108.6250,-5104.10,0
108.6300,-5104.10,0
108.6350,-5104.10,0
108.6400,-5104.10,0
108.6450,-4963.73,0
108.6500,-5109.86,0
108.6550,-4508.52,0
108.6600,-5109.86,0
108.6650,-4958.35,0
108.6700,-4958.35,0
108.6750,-4763.86,0
108.6800,-4763.86,0
108.6850,-4763.86,0
108.6900,-4763.86,0
108.6950,-4740.82,0
108.7000,-4740.82,0
108.7050,-5061.30,0
108.7100,-3933.56,0
108.7150,-5156.28,0
108.7200,-1634.45,0
108.7250,-2648.94,0
108.7300,-2735.46,0
108.7350,-2735.46,0
108.7400,-2735.46,0
108.7450,-2735.46,0
108.7500,-2735.46,0
108.7550,-1551.76,0
108.7600,-1551.76,0
108.7650,-1482.54,0
108.7700,-1482.54,0
108.7750,-905.44,0
108.7800,-905.44,0
108.7850,-272.22,0
108.7900,235.08,0
108.7950,235.08,0
108.8000,235.08,0
108.8050,-533.23,0
108.8100,745.20,0
108.8150,-464.55,0
108.8200,2451.70,0
108.8250,2451.70,0
108.8300,2175.98,0
108.8350,2175.98,0
108.8400,2175.98,0
108.8450,1417.99,0
108.8500,1417.99,0
108.8550,1321.90,0
108.8600,-4503.81,0
108.8650,1995.20,0
108.8700,1995.20,0
108.8750,1995.20,0
108.8800,2818.69,0
108.8850,2818.69,0
108.8900,-2634.60,0
108.8950,2580.69,0
108.9000,2580.69,0
108.9050,2817.10,0
108.9100,2817.10,0
108.9150,2817.10,0
108.9200,2817.10,0
108.9250,3124.99,0
108.9300,3124.99,0
108.9350,3092.12,0
108.9400,3092.12,0
108.9450,3131.32,0
108.9500,3003.63,0
108.9550,3131.96,0
108.9600,3131.96,0
108.9650,3131.96,0
108.9700,3145.82,0
108.9750,3145.82,0
108.9800,706.79,0
108.9850,3099.09,0
108.9900,3105.58,0
108.9950,3105.58,0
109.0000,3105.58,0
109.0050,3067.85,0
109.0100,3090.29,0
109.0150,1242.79,0
109.0200,3090.29,0
109.0250,3158.56,0
109.0300,3158.56,0
109.0350,3137.58,0
109.0400,3137.58,0
109.0450,3011.89,0
109.0500,3011.89,0
109.0550,2996.50,0
109.0600,2997.88,0
109.0650,2997.88,0
109.0700,3005.74,0
109.0750,3005.74,0
109.0800,2988.73,0
109.0850,2988.73,0
109.0900,3036.71,0
109.0950,3212.72,0
109.1000,3036.71,0
109.1050,3020.39,0
109.1100,3020.39,0
109.1150,2991.39,0
109.1200,2988.42,0
109.1250,2988.42,0
109.1300,2988.42,0
109.1350,2999.02,0
109.1400,3069.26,0
109.1450,3069.26,0
109.1500,3074.08,0
109.1550,3069.26,0
109.1600,3128.51,0
109.1650,3128.51,0
109.1700,3128.51,0
109.1750,3225.40,0
109.1800,3225.40,0
109.1850,3225.40,0
109.1900,3225.40,0
109.1950,3225.40,0
109.2000,2988.68,0
109.2050,2988.68,0
109.2100,2948.63,0
109.2150,2948.63,0
109.2200,2939.42,0
109.2250,2939.42,0
109.2300,3549.74,0
109.2350,3549.74,0
109.2400,3217.84,0
109.2450,3217.84,0
109.2500,3217.84,0
109.2550,3217.84,0
109.2600,3217.84,0
109.2650,4275.43,0
109.2700,4275.43,0
109.2750,3840.68,0
109.2800,3840.68,0
109.2850,3217.84,0
109.2900,4475.13,1
109.2950,4679.98,0
109.3000,4679.98,0
109.3050,4679.98,0
109.3100,4679.98,0
109.3150,4416.03,0
109.3200,4416.03,0
109.3250,4416.03,0
109.3300,4510.86,0
109.3350,4510.86,0
109.3400,4849.78,0
109.3450,4849.78,0
109.3500,4849.78,0
109.3550,4849.78,0
109.3600,4640.12,0
109.3650,4640.12,0
109.3700,5085.07,0
109.3750,2931.48,0
109.3800,4669.76,0
109.3850,4669.76,0
109.3900,4421.33,0
109.3950,4421.33,0
109.4000,4421.33,0
109.4050,4421.33,0
109.4100,4230.01,0
109.4150,4488.66,0
109.4200,4887.26,0
109.4250,5085.07,0
109.4300,4435.36,0
109.4350,4435.36,0
109.4400,4961.90,0
109.4450,4961.90,0
109.4500,4961.90,0
109.4550,6050.90,0
109.4600,6050.90,0
109.4650,5906.21,0
109.4700,5906.21,0
109.4750,5874.20,0
109.4800,5874.20,0
109.4850,5867.50,0
109.4900,5867.50,0
109.4950,5867.50,0
109.5000,5867.50,0
109.5050,5794.30,0
109.5100,5794.30,0
109.5150,5206.83,0
109.5200,5206.83,0
109.5250,-10.33,0
109.5300,-10.33,0
109.5350,-10.11,0
109.5400,-10.11,0
109.5450,-48.99,0
109.5500,-48.99,0
109.5550,-48.99,0
109.5600,4649.27,0
109.5650,-48.99,0
109.5700,-85.76,0
109.5750,5862.81,0
109.5800,-95.00,0
109.5850,-95.00,0
109.5900,-39.81,0
109.5950,5206.84,0
109.6000,-204.97,0
109.6050,-204.97,0
109.6100,-204.97,0
109.6150,-204.97,0
109.6200,90.28,0
109.6250,90.28,0
109.6300,-45.68,0
109.6350,-45.68,0
109.6400,544.65,0
109.6450,544.65,0
109.6500,1420.87,0
109.6550,1420.87,0
109.6600,1966.13,0
109.6650,1966.13,0
109.6700,1772.58,0
109.6750,1702.42,0
109.6800,1702.42,0
109.6850,2392.51,0
109.6900,2392.51,0
109.6950,2392.51,0
109.7000,2031.31,0
109.7050,1734.42,0
109.7100,1734.42,0
109.7150,1734.42,0
109.7200,1308.91,0
109.7250,1308.91,0
109.7300,1308.91,0
109.7350,1308.91,0
109.7400,1039.90,0
109.7450,1039.90,0
109.7500,722.89,0
109.7550,746.33,0
109.7600,773.98,0
109.7650,773.98,0
109.7700,-88.13,0
109.7750,773.98,0
109.7800,773.98,0
109.7850,904.79,0
109.7900,904.79,0
109.7950,904.79,0
109.8000,904.79,0
109.8050,904.79,0
109.8100,1176.82,0
109.8150,1176.82,0
109.8200,1089.20,0
109.8250,1089.20,0
109.8300,1114.35,0
109.8350,1114.35,0
109.8400,1121.27,0
109.8450,1891.88,0
109.8500,1026.89,0
109.8550,896.13,0
109.8600,896.13,0
109.8650,902.70,0
109.8700,902.70,0
109.8750,1031.02,0
109.8800,1031.02,0
109.8850,1031.02,0
109.8900,1144.73,0
109.8950,1027.11,0
109.9000,1027.11,0
109.9050,993.02,0
109.9100,993.02,0
109.9150,1047.41,0
109.9200,1047.41,0
109.9250,1016.87,0
109.9300,1016.87,0
109.9350,1019.81,0
109.9400,1019.81,0
109.9450,1019.98,0
109.9500,1019.98,0
109.9550,978.14,0
109.9600,978.14,0
109.9650,896.63,0
109.9700,896.63,0
109.9750,1050.45,0
109.9800,1050.45,0
109.9850,980.89,0
109.9900,980.89,0
109.9950,980.89,0
110.0000,1060.53,0
110.0050,943.57,0
110.0100,943.57,0
110.0150,965.86,0
110.0200,965.86,0
110.0250,542.29,0
110.0300,542.29,0
110.0350,175.71,0
110.0400,175.71,0
110.0450,345.75,0
110.0500,345.75,0
110.0550,345.75,0
110.0600,468.13,0
110.0650,139.49,0
110.0700,139.49,0
110.0750,139.49,0
110.0800,345.75,0
110.0850,194.62,0
110.0900,-659.55,0
110.0950,-659.55,0
110.1000,-595.23,0
110.1050,-595.23,0
110.1100,-835.40,0
110.1150,1032.36,0
110.1200,-835.40,0
110.1250,-835.40,0
110.1300,-1158.73,0
110.1350,-398.73,0
110.1400,-763.42,0
110.1450,-398.73,0
110.1500,-783.01,0
110.1550,-783.01,0
110.1600,-763.63,0
110.1650,-763.63,0
110.1700,-763.63,0
110.1750,-763.63,0
110.1800,-413.01,0
110.1850,-413.01,0
110.1900,-870.34,0
110.1950,-870.34,0
110.2000,-763.20,0
110.2050,-763.20,0
110.2100,-1141.80,0
110.2150,-1141.80,0
110.2200,-1141.80,0
110.2250,-1141.80,0
110.2300,-1141.80,0
110.2350,-781.73,0
110.2400,-765.77,0
110.2450,-765.77,0
110.2500,-1124.09,0
110.2550,-572.64,0
110.2600,-407.75,0
110.2650,-407.75,0
110.2700,-872.55,0
110.2750,-551.32,0
110.2800,-773.45,0
110.2850,-773.45,0
110.2900,-775.06,0
110.2950,-875.00,0
110.3000,-401.79,0
110.3050,-401.79,0
110.3100,-401.79,0
110.3150,-401.79,0
110.3200,-874.40,0
110.3250,-874.40,0
110.3300,-1108.12,0
110.3350,-1108.12,0
110.3400,-669.59,0
110.3450,-669.59,0
110.3500,506.86,0
110.3550,422.48,0
110.3600,422.48,0
110.3650,-108.97,0
110.3700,-401.79,0
110.3750,281.39,0
110.3800,281.39,0
110.3850,281.39,0
110.3900,983.76,0
110.3950,1320.35,0
110.4000,1320.35,0
110.4050,1320.35,0
110.4100,1033.88,0
110.4150,983.76,0
110.4200,1081.94,0
110.4250,1081.94,0
110.4300,1024.65,0
110.4350,1024.65,0
110.4400,929.93,0
110.4450,929.93,0
110.4500,929.93,0
110.4550,1060.22,0
110.4600,149.64,0
110.4650,1029.30,0
110.4700,1029.30,0
110.4750,1020.73,0
110.4800,1020.73,0
110.4850,1020.73,0
110.4900,1027.29,0
110.4950,1027.29,0
110.5000,1041.02,0
110.5050,1041.02,0
110.5100,984.34,0
110.5150,984.34,0
110.5200,1040.68,0
110.5250,1040.68,0
110.5300,315.21,0
110.5350,1017.63,0
110.5400,1017.63,0
110.5450,1013.52,0
110.5500,1013.52,0
110.5550,1056.23,0
110.5600,1056.23,0
110.5650,1056.23,0
110.5700,1056.23,0
110.5750,1033.95,0
110.5800,1033.95,0
110.5850,1033.95,0
110.5900,1015.44,0
110.5950,1015.44,0
110.6000,1011.93,0
110.6050,1011.93,0
110.6100,974.69,0
110.6150,974.69,0
110.6200,974.69,0
110.6250,938.35,0
110.6300,938.35,0
110.6350,952.38,0
110.6400,952.38,0
110.6450,943.61,0
110.6500,971.22,0
110.6550,991.21,0
110.6600,919.21,0
110.6650,1010.11,0
110.6700,1010.11,0
110.6750,1031.80,0
110.6800,1031.80,0
110.6850,1016.97,0
110.6900,1037.07,0
110.6950,1092.55,0
110.7000,835.41,0
110.7050,835.41,0
110.7100,470.65,0
110.7150,470.65,0
110.7200,964.66,0
110.7250,637.48,0
110.7300,637.48,0
110.7350,637.48,0
110.7400,242.20,0
110.7450,1068.03,0
110.7500,1068.03,0
110.7550,1068.03,0
110.7600,1031.80,0
110.7650,1455.23,0
110.7700,945.62,0
110.7750,568.42,0
110.7800,568.42,0
110.7850,568.42,0
110.7900,107.51,0
110.7950,945.44,0
110.8000,271.06,0
110.8050,271.06,0
110.8100,996.85,0
110.8150,652.44,0
110.8200,44.26,0
110.8250,677.74,0
110.8300,677.74,0
110.8350,677.74,0
110.8400,677.74,0
110.8450,677.74,0
110.8500,271.06,0
110.8550,921.90,0
110.8600,59.14,0
110.8650,59.14,0
110.8700,-345.50,0
110.8750,-345.50,0
110.8800,-464.91,0
110.8850,-464.91,0
110.8900,-464.91,0
110.8950,-464.91,0
110.9000,-446.95,0
110.9050,109.64,0
110.9100,-413.96,0
110.9150,-413.96,0
110.9200,-426.23,0
110.9250,-426.23,0
110.9300,-857.87,0
110.9350,-857.87,0
110.9400,-857.87,0
110.9450,-857.87,0
110.9500,333.46,0
110.9550,-629.14,0
110.9600,-724.75,0
110.9650,-724.75,0
110.9700,-341.72,0
110.9750,-341.72,0
110.9800,-1554.63,0
110.9850,-1554.63,0
110.9900,-1554.63,0
110.9950,-413.96,0
111.0000,-1554.63,0
111.0050,-1554.63,0
111.0100,-857.87,0
111.0150,-1281.89,0
111.0200,-2523.99,0
111.0250,-2523.99,0
111.0300,-466.88,0
111.0350,-2675.85,0
111.0400,-2675.85,0
111.0450,-2675.85,0
111.0500,-426.20,0
111.0550,-2675.85,0
111.0600,-364.54,0
111.0650,-1906.80,0
111.0700,-1808.61,0
111.0750,-1808.61,0
111.0800,-1808.61,0
111.0850,-1808.61,0
111.0900,-1923.82,0
111.0950,-1923.82,0
111.1000,-2798.12,0
111.1050,-1736.31,0
111.1100,-1736.31,0
111.1150,-1736.31,0
111.1200,-2003.29,0
111.1250,-2003.29,0
111.1300,-2003.29,0
111.1350,-2003.29,0
111.1400,-1401.93,0
111.1450,-1401.93,0
111.1500,-2319.30,0
111.1550,-2319.30,0
111.1600,-918.62,0
111.1650,-918.62,0
111.1700,-918.62,0
111.1750,-918.62,0
111.1800,-60.25,0
111.1850,-1995.92,0
111.1900,48.06,0
111.1950,48.06,0
111.2000,451.52,0
111.2050,451.52,0
111.2100,-37.13,0
111.2150,-37.13,0
111.2200,-2085.59,0
111.2250,-1523.72,0
111.2300,-87.08,0
111.2350,-87.08,0
111.2400,-72.07,0
111.2450,431.35,0
111.2500,-145.58,0
111.2550,569.40,0
111.2600,-270.97,0
111.2650,-270.97,0
111.2700,-571.78,0
111.2750,-124.02,0
111.2800,-124.02,0
111.2850,-124.02,0
111.2900,-118.62,0
111.2950,-118.62,0
111.3000,54.43,0
111.3050,54.43,0
111.3100,-184.22,0
111.3150,-184.22,0
111.3200,-184.22,0
111.3250,-184.22,0
111.3300,-184.22,0
111.3350,-184.22,0
111.3400,-695.38,0
111.3450,-695.38,0
111.3500,-1585.70,0
111.3550,-1585.70,0
111.3600,-1348.13,0
111.3650,-383.60,0
111.3700,-1280.30,0
111.3750,-1280.30,0
111.3800,-1428.27,0
111.3850,-290.86,0
111.3900,-1176.55,0
111.3950,-1176.55,0
111.4000,-1527.91,0
111.4050,-1527.91,0
111.4100,-871.13,0
111.4150,406.34,0
111.4200,-2132.23,0
111.4250,406.34,0
111.4300,526.48,0
111.4350,526.48,0
111.4400,315.67,0
111.4450,-261.39,0
111.4500,-225.48,0
111.4550,-225.48,0
111.4600,-181.82,0
111.4650,-1621.93,0
111.4700,714.96,0
111.4750,356.34,0
111.4800,356.34,0
111.4850,356.34,0
111.4900,363.22,0
111.4950,363.22,0
111.5000,760.69,0
111.5050,760.69,0
111.5100,760.69,0
111.5150,349.49,0
111.5200,349.49,0
111.5250,349.49,0
111.5300,214.57,0
111.5350,214.57,0
111.5400,641.62,0
111.5450,-2198.31,0
111.5500,443.67,0
111.5550,659.18,0
111.5600,443.67,0
111.5650,363.22,0
111.5700,606.90,0
111.5750,-1374.54,0
111.5800,68.08,0
111.5850,743.86,0
111.5900,382.92,0
111.5950,336.46,0
111.6000,336.46,0
111.6050,336.46,0
111.6100,336.46,0
111.6150,336.46,0
111.6200,336.46,0
111.6250,263.34,0
111.6300,661.08,0
111.6350,661.08,0
111.6400,308.50,0
111.6450,308.50,0
111.6500,308.50,0
111.6550,308.50,0
111.6600,308.50,0
111.6650,947.80,0
111.6700,947.80,0
111.6750,947.80,0
111.6800,1111.81,0
111.6850,1298.13,0
111.6900,1298.13,0
111.6950,1298.13,0
111.7000,817.73,0
111.7050,606.31,0
111.7100,760.97,0
111.7150,760.97,0
111.7200,385.36,0
111.7250,385.36,0
111.7300,385.36,0
111.7350,385.36,0
111.7400,1042.99,0
111.7450,1042.99,0
111.7500,1471.85,0
111.7550,1471.85,0
111.7600,-159.02,0
111.7650,-159.02,0
111.7700,-1.00,0
111.7750,-1.00,0
111.7800,565.39,0
111.7850,-1.00,0
111.7900,380.50,0
111.7950,380.50,0
111.8000,-356.51,0
111.8050,1112.76,0
111.8100,-1032.60,0
111.8150,-1032.60,0
111.8200,-929.31,0
111.8250,-929.31,0
111.8300,-403.19,0
111.8350,-403.19,0
111.8400,-820.26,0
111.8450,1180.36,0
111.8500,-820.26,0
111.8550,-820.26,0
111.8600,799.64,0
111.8650,-342.13,0
111.8700,-283.79,0
111.8750,-283.79,0
111.8800,-1075.02,0
111.8850,-1075.02,0
111.8900,876.03,0
111.8950,-502.34,0
111.9000,-502.34,0
111.9050,-502.34,0
111.9100,1271.27,0
111.9150,-747.35,0
111.9200,-1514.29,0
111.9250,-1514.29,0
111.9300,-1050.43,0
111.9350,-1050.43,0
111.9400,-1050.43,0
111.9450,-1050.43,0
111.9500,-910.59,0
111.9550,-910.59,0
111.9600,-529.48,0
111.9650,-529.48,0
111.9700,-747.35,0
111.9750,-282.65,0
111.9800,285.08,0
111.9850,285.08,0
111.9900,622.31,0
111.9950,622.31,0
112.0000,-818.13,0
112.0050,720.45,0
112.0100,720.45,0
112.0150,720.45,0
112.0200,-502.32,0
112.0250,-89.44,0
112.0300,19.51,0
112.0350,19.51,0
112.0400,19.51,0
112.0450,675.58,0
112.0500,675.58,0
112.0550,675.58,0
112.0600,675.58,0
112.0650,632.64,0
112.0700,632.64,0
112.0750,-467.35,0
112.0800,-467.35,0
112.0850,-467.35,0
112.0900,-467.35,0
112.0950,-153.36,0
112.1000,-153.36,0
112.1050,-153.36,0
112.1100,-153.36,0
112.1150,-733.54,0
112.1200,-566.66,0
112.1250,-566.66,0
112.1300,-566.66,0
112.1350,-566.66,0
112.1400,-814.85,0
112.1450,-814.85,0
112.1500,329.36,0
112.1550,-1540.59,0
112.1600,-1316.29,0
112.1650,-1316.29,0
112.1700,-1502.24,0
112.1750,-1502.24,0
112.1800,-1707.37,0
112.1850,-1707.37,0
112.1900,-1707.37,0
112.1950,-1552.72,0
112.2000,-1552.72,0
112.2050,-1552.72,0
112.2100,-1552.72,0
112.2150,-1387.14,0
112.2200,-1554.37,0
112.2250,-1387.14,0
112.2300,-1722.18,0
112.2350,806.89,0
112.2400,-1540.64,0
112.2450,-1540.64,0
112.2500,-1252.11,0
112.2550,-1252.11,0
112.2600,-1759.69,0
112.2650,-1759.69,0
112.2700,-2572.75,0
112.2750,-2572.75,0
112.2800,-2892.49,0
112.2850,-2892.49,0
112.2900,-2870.30,0
112.2950,-2870.30,0
112.3000,-2870.30,0
112.3050,-2870.30,0
112.3100,-2912.79,0
112.3150,-2912.79,0
112.3200,-2880.63,0
112.3250,-2880.63,0
112.3300,-2864.61,0
112.3350,-2864.61,0
112.3400,-3062.44,0
112.3450,-3062.44,0
112.3500,-3246.89,0
112.3550,-3246.89,0
112.3600,-3226.99,0
112.3650,-3226.99,0
112.3700,-3226.99,0
112.3750,-3226.99,0
112.3800,-3176.50,0
112.3850,-3176.50,0
112.3900,-2972.04,0
112.3950,-2972.04,0
112.4000,-3048.11,0
112.4050,-3048.11,0
112.4100,-3048.11,0
112.4150,-3175.75,0
112.4200,-3175.75,0
112.4250,-3175.75,0
112.4300,-3226.98,0
112.4350,-3099.52,0
112.4400,-2963.57,0
112.4450,-2963.57,0
112.4500,-2979.10,0
112.4550,-2945.53,0
112.4600,-2979.10,0
112.4650,-2979.10,0
112.4700,-2930.59,0
112.4750,-2930.59,0
112.4800,-2930.59,0
112.4850,-2944.13,0
112.4900,-2944.13,0
112.4950,-3012.88,0
112.5000,-2981.35,0
112.5050,-2981.35,0
112.5100,-2930.59,0
112.5150,-3138.73,0
112.5200,-2971.79,0
112.5250,-2971.79,0
112.5300,-3054.19,0
112.5350,-2944.13,0
112.5400,-2950.66,0
112.5450,-2950.66,0
112.5500,-2950.66,0
112.5550,-2950.66,0
112.5600,-2950.66,0
112.5650,-2860.26,0
112.5700,-2777.30,0
112.5750,-2777.30,0
112.5800,-2739.85,0
112.5850,-2739.85,0
112.5900,-2739.85,0
112.5950,-2739.85,0
112.6000,-2739.85,0
112.6050,-2974.64,0
112.6100,-2980.00,0
112.6150,-2901.68,0
112.6200,-2940.71,0
112.6250,-2837.65,0
112.6300,-2848.87,0
112.6350,-2848.87,0
112.6400,-2848.87,0
112.6450,-2848.87,0
112.6500,-2848.87,0
112.6550,-2848.87,0
112.6600,-2927.16,0
112.6650,-2927.16,0
112.6700,-2986.52,0
112.6750,-2986.52,0
112.6800,-2983.68,0
112.6850,-2983.68,0
112.6900,-3003.38,0
112.6950,-3003.38,0
112.7000,-2993.94,0
112.7050,-2993.94,0
112.7100,-3005.36,0
112.7150,-3005.36,0
112.7200,-3092.95,0
112.7250,-3092.95,0
112.7300,-3116.89,0
112.7350,-3116.89,0
112.7400,-3673.80,0
112.7450,-3673.80,0
112.7500,-3355.16,0
112.7550,-3355.16,0
112.7600,-3355.16,0
112.7650,-3355.16,0
112.7700,-3053.70,0
112.7750,-3053.70,0
112.7800,-2754.14,0
112.7850,-2754.14,0
112.7900,-470.88,0
112.7950,-470.88,0
112.8000,-2972.09,0
112.8050,855.72,0
112.8100,632.31,0
112.8150,632.31,0
112.8200,632.31,0
112.8250,632.31,0
112.8300,-470.88,0
112.8350,60.73,0
112.8400,-150.40,0
112.8450,-150.40,0
112.8500,-150.40,0
112.8550,-613.20,0
112.8600,-613.20,0
112.8650,-721.58,0
112.8700,-721.58,0
112.8750,-933.60,0
112.8800,-613.20,0
112.8850,-933.60,0
112.8900,-933.60,0
112.8950,-1218.47,0
112.9000,-1218.47,0
112.9050,-1614.14,0
112.9100,245.67,0
112.9150,-1614.14,0
112.9200,-1614.14,0
112.9250,-1322.49,0
112.9300,-1322.49,0
112.9350,-1067.69,0
112.9400,-1067.69,0
112.9450,-933.60,0
112.9500,-1067.69,0
112.9550,-792.23,0
112.9600,-792.23,0
112.9650,481.64,0
112.9700,-1067.78,0
112.9750,-381.40,0
112.9800,-381.40,0
112.9850,-273.53,0
112.9900,-273.53,0
112.9950,-273.53,0
113.0000,-273.53,0
113.0050,-273.53,0
113.0100,-273.53,0
113.0150,188.74,0
113.0200,188.74,0
113.0250,-1067.78,0
113.0300,230.89,0
113.0350,367.06,0
113.0400,71.37,0
113.0450,280.92,0
113.0500,280.92,0
113.0550,273.07,0
113.0600,338.09,0
113.0650,338.09,0
113.0700,282.01,0
113.0750,282.01,0
113.0800,-885.97,0
113.0850,258.68,0
113.0900,217.53,0
113.0950,217.53,0
113.1000,217.53,0
113.1050,-159.34,0
113.1100,-159.34,0
113.1150,-159.34,0
113.1200,-159.34,0
113.1250,233.65,0
113.1300,233.65,0
113.1350,645.39,0
113.1400,645.39,0
113.1450,387.40,0
113.1500,387.40,0
113.1550,283.17,0
113.1600,283.17,0
113.1650,283.17,0
113.1700,509.18,0
113.1750,509.18,0
113.1800,509.18,0
113.1850,167.37,0
113.1900,167.37,0
113.1950,115.88,0
113.2000,204.50,0
113.2050,509.18,0
113.2100,204.50,0
113.2150,542.66,0
113.2200,542.66,0
113.2250,288.40,0
113.2300,288.40,0
113.2350,317.82,0
113.2400,289.28,0
113.2450,-385.64,0
113.2500,-385.64,0
113.2550,114.03,0
113.2600,116.29,0
113.2650,116.29,0
113.2700,645.37,0
113.2750,266.33,0
113.2800,266.33,0
113.2850,201.94,0
113.2900,201.94,0
113.2950,531.09,0
113.3000,502.05,0
113.3050,545.24,0
113.3100,545.24,0
113.3150,62.71,0
113.3200,62.71,0
113.3250,628.05,0
113.3300,628.05,0
113.3350,628.05,0
113.3400,289.26,0
113.3450,1234.70,0
113.3500,1234.70,0
113.3550,515.25,0
113.3600,515.25,0
113.3650,515.25,0
113.3700,515.25,0
113.3750,509.82,0
113.3800,509.82,0
113.3850,1239.17,0
113.3900,1239.17,0
113.3950,1561.54,0
113.4000,1466.68,0
113.4050,1466.68,0
113.4100,1466.68,0
113.4150,906.61,0
113.4200,906.61,0
113.4250,1106.62,0
113.4300,1106.62,0
113.4350,1106.62,0
113.4400,1289.90,0
113.4450,772.41,0
113.4500,849.50,0
113.4550,771.22,0
113.4600,752.96,0
113.4650,689.87,0
113.4700,808.38,0
113.4750,574.46,0
113.4800,589.86,0
113.4850,589.86,0
113.4900,589.86,0
113.4950,572.69,0
113.5000,572.69,0
113.5050,544.18,0
113.5100,544.18,0
113.5150,563.90,0
113.5200,563.90,0
113.5250,531.36,0
113.5300,531.36,0
113.5350,771.23,0
113.5400,774.27,0
113.5450,820.25,0
113.5500,820.25,0
113.5550,820.25,0
113.5600,820.25,0
113.5650,319.47,0
113.5700,1451.39,0
113.5750,163.08,0
113.5800,-232.63,0
113.5850,-232.63,0
113.5900,-232.63,0
113.5950,572.78,0
113.6000,322.78,0
113.6050,277.90,0
113.6100,277.90,0
113.6150,590.51,0
113.6200,590.51,0
113.6250,445.97,0
113.6300,752.25,0
113.6350,409.73,0
113.6400,409.73,0
113.6450,381.37,0
113.6500,381.37,0
113.6550,317.99,0
113.6600,312.95,0
113.6650,312.95,0
113.6700,312.95,0
113.6750,260.09,0
113.6800,260.09,0
113.6850,299.15,0
113.6900,299.15,0
113.6950,299.15,0
113.7000,299.15,0
113.7050,283.54,0
113.7100,260.23,0
113.7150,260.23,0
113.7200,235.74,0
113.7250,235.74,0
113.7300,105.37,0
113.7350,105.37,0
113.7400,-696.22,0
113.7450,-696.22,0
113.7500,-1324.89,0
113.7550,-1324.89,0
113.7600,-1324.89,0
113.7650,-1324.89,0
113.7700,-1935.01,0
113.7750,-1935.01,0
113.7800,-2440.82,0
113.7850,-2440.82,0
113.7900,-2440.82,0
113.7950,-2826.13,0
113.8000,-2826.13,0
113.8050,-2845.68,0
113.8100,-2845.68,0
113.8150,-2978.92,0
113.8200,-3492.07,0
113.8250,-3492.07,0
113.8300,-2837.70,0
113.8350,-3680.99,0
113.8400,-3680.99,0
113.8450,300.41,0
113.8500,-3679.88,0
113.8550,-3883.65,0
113.8600,-3883.65,0
113.8650,-4375.08,0
113.8700,-4375.08,0
113.8750,-4632.13,0
113.8800,-4632.13,0
113.8850,-4632.13,0
113.8900,-4596.85,0
113.8950,-4596.85,0
113.9000,-5393.10,0
113.9050,-5393.10,0
113.9100,-5657.70,0
113.9150,-5657.70,0
113.9200,-1310.26,0
113.9250,-5525.25,0
113.9300,-5525.25,0
113.9350,-5525.25,0
113.9400,-4911.92,0
113.9450,-4911.92,0
113.9500,-5566.83,0
113.9550,-5566.83,0
113.9600,-3683.43,0
113.9650,-5624.37,0
113.9700,-5882.62,0
113.9750,-5882.62,0
113.9800,-5882.62,0
113.9850,-5882.62,0
113.9900,-3245.27,0
113.9950,-5882.62,0
114.0000,-6574.87,0
114.0050,-6574.87,0
114.0100,-5828.32,0
114.0150,-5828.32,0
114.0200,-6342.44,0
114.0250,-6342.44,0
114.0300,-4658.90,0
114.0350,-4658.90,0
114.0400,-6581.65,0
114.0450,-6617.14,0
114.0500,-7086.92,0
114.0550,-7086.92,0
114.0600,-6668.27,0
114.0650,-6668.27,0
114.0700,-6668.27,0
114.0750,-6668.27,0
114.0800,-6794.73,0
114.0850,-6794.73,0
114.0900,-6828.60,0
114.0950,-6828.60,0
114.1000,-6828.60,0
114.1050,-6828.60,0
114.1100,-6845.70,0
114.1150,-6845.70,0
114.1200,-6901.62,0
114.1250,-6901.62,0
114.1300,-6887.70,0
114.1350,-6887.70,0
114.1400,-6842.44,0
114.1450,-6842.44,0
114.1500,-6854.52,0
114.1550,-6854.52,0
114.1600,-6857.64,0
114.1650,-6857.64,0
114.1700,-6826.62,0
114.1750,-6645.56,0
114.1800,-6833.31,0
114.1850,-6833.31,0
114.1900,-6804.37,0
114.1950,-6804.37,0
114.2000,-6838.74,0
114.2050,-6838.74,0
114.2100,-6840.41,0
114.2150,-6806.59,0
114.2200,-6806.59,0
114.2250,-6812.44,0
114.2300,-6758.72,0
114.2350,-6826.99,0
114.2400,-6826.99,0
114.2450,-6822.65,0
114.2500,-6822.65,0
114.2550,-6821.16,0
114.2600,-6821.16,0
114.2650,-6855.25,0
114.2700,-6855.25,0
114.2750,-6855.25,0
114.2800,-6835.91,0
114.2850,-6852.83,0
114.2900,-6852.83,1
114.2950,-6892.42,0
114.3000,-6822.65,0
114.3050,-7024.88,0
114.3100,-7024.88,0
114.3150,-6980.00,0
114.3200,-6980.00,0
114.3250,-6974.42,0
114.3300,-7005.45,0
114.3350,-6897.32,0
114.3400,-7208.83,0
114.3450,-7208.83,0
114.3500,-7208.83,0
114.3550,-7208.83,0
114.3600,-7592.51,0
114.3650,-7592.51,0
114.3700,-7592.51,0
114.3750,-7624.55,0
114.3800,-7624.55,0
114.3850,-6987.02,0
114.3900,-6987.02,0
114.3950,-6987.02,0
114.4000,-7617.37,0
114.4050,-6957.82,0
114.4100,-6855.27,0
114.4150,-6479.35,0
114.4200,719.59,0
114.4250,719.59,0
114.4300,719.59,0
114.4350,719.59,0
114.4400,184.93,0
114.4450,184.93,0
114.4500,188.03,0
114.4550,188.03,0
114.4600,-241.88,0
114.4650,-241.88,0
114.4700,-642.28,0
114.4750,-642.28,0
114.4800,-642.28,0
114.4850,-717.14,0
114.4900,212.41,0
114.4950,-818.59,0
114.5000,-8272.31,0
114.5050,-739.70,0
114.5100,-898.23,0
114.5150,-898.23,0
114.5200,-898.23,0
114.5250,-898.23,0
114.5300,-898.23,0
114.5350,-933.61,0
114.5400,-933.61,0
114.5450,-923.20,0
114.5500,-923.20,0
114.5550,-923.20,0
114.5600,-923.20,0
114.5650,-921.94,0
114.5700,-8676.07,0
114.5750,-938.27,0
114.5800,-938.27,0
114.5850,-908.56,0
114.5900,-933.60,0
114.5950,-912.62,0
114.6000,-912.62,0
114.6050,-912.62,0
114.6100,-912.62,0
114.6150,-901.59,0
114.6200,-901.59,0
114.6250,-939.42,0
114.6300,-939.42,0
114.6350,-938.96,0
114.6400,-938.96,0
114.6450,-961.30,0
114.6500,-961.30,0
114.6550,-938.96,0
114.6600,-933.33,0
114.6650,-1003.15,0
114.6700,-923.47,0
114.6750,-939.65,0
114.6800,-973.72,0
114.6850,-979.60,0
114.6900,-920.21,0
114.6950,-950.02,0
114.7000,-950.02,0
114.7050,-1003.40,0
114.7100,-1003.40,0
114.7150,-954.32,0
114.7200,-954.32,0
114.7250,-966.44,0
114.7300,-974.72,0
114.7350,-940.36,0
114.7400,-940.36,0
114.7450,-1005.99,0
114.7500,-1005.99,0
114.7550,-976.98,0
114.7600,-979.56,0
114.7650,-999.17,0
114.7700,-917.04,0
114.7750,-999.17,0
114.7800,-976.43,0
114.7850,-1028.25,0
114.7900,-1028.25,0
114.7950,-976.76,0
114.8000,-976.76,0
114.8050,-1010.96,0
114.8100,-976.76,0
114.8150,-976.76,0
114.8200,-1021.96,0
114.8250,-991.32,0
114.8300,-960.64,0
114.8350,-968.63,0
114.8400,-995.13,0
114.8450,-995.13,0
114.8500,-995.13,0
114.8550,-975.59,0
114.8600,-1008.05,0
114.8650,-1031.80,0
114.8700,-1031.80,0
114.8750,-1031.80,0
114.8800,-989.22,0
114.8850,-1023.46,0
114.8900,-1023.46,0
114.8950,-1023.46,0
114.9000,-1023.46,0
114.9050,-1023.46,0
114.9100,-1023.46,0
114.9150,-996.03,0
114.9200,-996.03,0
114.9250,-965.69,0
114.9300,-965.69,0
114.9350,-957.35,0
114.9400,-957.35,0
114.9450,-996.35,0
114.9500,-996.35,0
114.9550,-962.14,0
114.9600,-1048.75,0
114.9650,-1677.15,0
114.9700,-1677.15,0
114.9750,-1677.15,0
114.9800,-1677.15,0
114.9850,-1677.15,0
114.9900,-1981.66,0
114.9950,-1981.66,0
115.0000,-1139.45,0
115.0050,-1025.88,0
115.0100,-996.29,0
115.0150,-614.08,0
115.0200,-614.08,0
115.0250,-992.41,0
115.0300,-1256.00,0
115.0350,-1256.00,0
115.0400,-1256.00,0
115.0450,-984.02,0
115.0500,-1747.10,0
115.0550,-1747.10,0
115.0600,-1747.10,0
115.0650,-1930.68,0
115.0700,-1930.68,0
115.0750,-2262.92,0
115.0800,-2262.92,0
115.0850,-2494.37,0
115.0900,-2229.55,0
115.0950,-2229.55,0
115.1000,-2229.55,0
115.1050,-2103.75,0
115.1100,-2261.76,0
115.1150,-2261.76,0
115.1200,-2195.41,0
115.1250,-2195.41,0
115.1300,-1269.19,0
115.1350,-1588.44,0
115.1400,-1588.44,0
115.1450,-1588.44,0
115.1500,-2212.57,0
115.1550,-1260.58,0
115.1600,-2307.30,0
115.1650,-2307.30,0
115.1700,-2307.30,0
115.1750,-2307.30,0
115.1800,-2195.41,0
115.1850,-2022.13,0
115.1900,-1949.77,0
115.1950,-1949.77,0
115.2000,-1949.77,0
115.2050,-1887.45,0
115.2100,-1887.45,0
115.2150,-1891.33,0
115.2200,-1844.13,0
115.2250,-1844.13,0
115.2300,-1648.42,0
115.2350,-1648.42,0
115.2400,95.56,0
115.2450,95.56,0
115.2500,-1861.68,0
115.2550,-1648.42,0
115.2600,95.56,0
115.2650,93.24,0
115.2700,93.24,0
115.2750,123.99,0
115.2800,123.99,0
115.2850,61.03,0
115.2900,61.03,0
115.2950,54.98,0
115.3000,54.98,0
115.3050,54.98,0
115.3100,54.98,0
115.3150,-113.14,0
115.3200,-113.14,0
115.3250,-1089.21,0
115.3300,-74.05,0
115.3350,-39.19,0
115.3400,-25.32,0
115.3450,-25.32,0
115.3500,-25.32,0
115.3550,-34.35,0
115.3600,-34.35,0
115.3650,-34.35,0
115.3700,-34.35,0
115.3750,-38.63,0
115.3800,-38.63,0
115.3850,-31.21,0
115.3900,-31.21,0
115.3950,-32.04,0
115.4000,-32.04,0
115.4050,-25.64,0
115.4100,-6.65,0
115.4150,-6.65,0
115.4200,-6.65,0
115.4250,-6.65,0
115.4300,-6.65,0
115.4350,-27.16,0
115.4400,-2.46,0
115.4450,-2.46,0
115.4500,9.85,0
115.4550,9.85,0
115.4600,-6.57,0
115.4650,-6.57,0
115.4700,-6.57,0
115.4750,-6.57,0
115.4800,5.48,0
115.4850,5.48,0
115.4900,-11.60,0
115.4950,-11.60,0
115.5000,-27.82,0
115.5050,-18.99,0
115.5100,-21.92,0
115.5150,-20.08,0
115.5200,-20.98,0
115.5250,-20.98,0
115.5300,-34.22,0
115.5350,-34.22,0
115.5400,-12.81,0
115.5450,-12.81,0
115.5500,-25.37,0
115.5550,-25.37,0
115.5600,-25.37,0
115.5650,-14.08,0
115.5700,15.14,0
115.5750,-20.48,0
115.5800,14.07,0
115.5850,14.07,0
115.5900,14.07,0
115.5950,14.07,0
115.6000,-52.00,0
115.6050,-52.00,0
115.6100,-52.00,0
115.6150,-81.31,0
115.6200,-42.16,0
115.6250,-42.16,0
115.6300,-18.15,0
115.6350,-18.15,0
115.6400,-45.76,0
115.6450,-45.76,0
115.6500,-45.76,0
115.6550,-15.12,0
115.6600,-9.97,0
115.6650,-9.97,0
115.6700,98.08,0
115.6750,98.08,0
115.6800,497.53,0
115.6850,497.53,0
115.6900,649.15,0
115.6950,649.15,0
115.7000,241.04,0
115.7050,241.04,0
115.7100,241.04,0
115.7150,241.04,0
115.7200,924.35,0
115.7250,924.35,0
115.7300,924.35,0
115.7350,-67.36,0
115.7400,237.45,0
115.7450,25.62,0
115.7500,194.29,0
115.7550,-11.27,0
115.7600,176.65,0
115.7650,176.65,0
115.7700,-53.74,0
115.7750,-53.74,0
115.7800,-133.47,0
115.7850,68.98,0
115.7900,68.98,0
115.7950,68.98,0
115.8000,68.98,0
115.8050,561.25,0
115.8100,561.25,0
115.8150,613.15,0
115.8200,405.82,0
115.8250,-16.48,0
115.8300,-289.22,0
115.8350,-289.22,0
115.8400,-1106.60,0
115.8450,235.23,0
115.8500,-1341.12,0
115.8550,-1341.12,0
115.8600,-1244.22,0
115.8650,-1640.93,0
115.8700,-1641.62,0
115.8750,-1641.62,0
115.8800,-1641.62,0
115.8850,-1641.62,0
115.8900,-1422.37,0
115.8950,-1640.93,0
115.9000,-1654.47,0
115.9050,-1654.47,0
115.9100,-1617.16,0
115.9150,-1617.16,0
115.9200,-959.08,0
115.9250,-959.08,0
115.9300,-959.08,0
115.9350,-959.08,0
115.9400,-1653.70,0
115.9450,-1653.70,0
115.9500,-1653.70,0
115.9550,-1653.70,0
115.9600,-1630.73,0
115.9650,-1630.73,0
115.9700,-1458.97,0
115.9750,-1458.97,0
115.9800,-1690.21,0
115.9850,-697.83,0
115.9900,-1700.15,0
115.9950,-1700.15,0
116.0000,-2119.35,0
116.0050,-2119.35,0
116.0100,-2119.35,0
116.0150,-2392.01,0
116.0200,-2392.01,0
116.0250,-2568.35,0
116.0300,-2568.35,0
116.0350,-1867.23,0
116.0400,-1867.23,0
116.0450,-1867.23,0
116.0500,-1867.23,0
116.0550,-1867.23,0
116.0600,-1867.23,0
116.0650,40.53,0
116.0700,40.53,0
116.0750,40.53,0
116.0800,174.54,0
116.0850,174.54,0
116.0900,-776.29,0
116.0950,116.44,0
116.1000,54.37,0
116.1050,75.24,0
116.1100,58.78,0
116.1150,58.78,0
116.1200,-2222.55,0
116.1250,32.26,0
116.1300,-2231.97,0
116.1350,68.29,0
116.1400,24.98,0
116.1450,24.98,0
116.1500,31.90,0
116.1550,-1049.80,0
116.1600,54.99,0
116.1650,31.90,0
116.1700,40.12,0
116.1750,40.12,0
116.1800,-4.17,0
116.1850,-4.17,0
116.1900,-4.17,0
116.1950,-6.26,0
116.2000,-6.26,0
116.2050,29.89,0
116.2100,29.89,0
116.2150,29.89,0
116.2200,29.89,0
116.2250,312.65,0
116.2300,312.65,0
116.2350,104.50,0
116.2400,104.50,0
116.2450,104.50,0
116.2500,31.91,0
116.2550,83.07,0
116.2600,228.76,0
116.2650,-699.21,0
116.2700,-694.86,0
116.2750,-694.86,0
116.2800,-694.86,0
116.2850,-841.95,0
116.2900,-841.95,0
116.2950,-1205.37,0
116.3000,-1205.37,0
116.3050,-1205.37,0
116.3100,-1205.37,0
116.3150,-1734.56,0
116.3200,-1734.56,0
116.3250,-1501.00,0
116.3300,-1501.00,0
116.3350,-1501.00,0
116.3400,-1501.00,0
116.3450,-1632.33,0
116.3500,-1632.33,0
116.3550,-1903.56,0
116.3600,-2190.90,0
116.3650,-2190.90,0
116.3700,-2190.90,0
116.3750,-1922.16,0
116.3800,-1922.16,0
116.3850,-1922.16,0
116.3900,-1922.16,0
116.3950,-1994.19,0
116.4000,-1994.19,0
116.4050,-2480.06,0
116.4100,-2480.06,0
116.4150,-2790.86,0
116.4200,-2790.86,0
116.4250,-2925.78,0
116.4300,-2925.78,0
116.4350,-2925.78,0
116.4400,-2925.78,0
116.4450,-2886.19,0
116.4500,-2790.86,0
116.4550,-2177.49,0
116.4600,-2929.05,0
116.4650,-2929.05,0
116.4700,-2929.05,0
116.4750,-2875.36,0
116.4800,-2875.36,0
116.4850,-2910.33,0
116.4900,-2910.33,0
116.4950,-2917.82,0
116.5000,-2917.82,0
116.5050,-2896.70,0
116.5100,-2896.70,0
116.5150,-2872.14,0
116.5200,-2915.48,0
116.5250,-2915.48,0
116.5300,-2895.61,0
116.5350,-2895.61,0
116.5400,-2913.71,0
116.5450,-2913.71,0
116.5500,-2913.71,0
116.5550,-2913.71,0
116.5600,-2913.71,0
116.5650,-2948.80,0
116.5700,-2982.33,0
116.5750,-2982.33,0
116.5800,-2957.69,0
116.5850,-2957.69,0
116.5900,-2940.17,0
116.5950,-2891.51,0
116.6000,-2940.17,0
116.6050,-2915.49,0
116.6100,-2940.17,0
116.6150,-2924.67,0
116.6200,-2924.67,0
116.6250,-2894.96,0
116.6300,-2848.29,0
116.6350,-2913.74,0
116.6400,-2884.18,0
116.6450,-2884.18,0
116.6500,-2884.18,0
116.6550,-2884.18,0
116.6600,-2904.25,0
116.6650,-2904.25,0
116.6700,-2904.25,0
116.6750,-3088.13,0
116.6800,-3220.11,0
116.6850,-2941.82,0
116.6900,-3220.11,0
116.6950,-2926.20,0
116.7000,-3220.11,0
116.7050,-3220.11,0
116.7100,-3220.11,0
116.7150,-2877.90,0
116.7200,-2488.85,0
116.7250,-2405.21,0
116.7300,-2405.21,0
116.7350,-2659.26,0
116.7400,-2659.26,0
116.7450,-2554.87,0
116.7500,-2554.12,0
116.7550,-2554.12,0
116.7600,-2554.12,0
116.7650,-2488.48,0
116.7700,-2488.48,0
116.7750,-2785.19,0
116.7800,-2785.19,0
116.7850,-2945.21,0
116.7900,-2785.19,0
116.7950,-2677.19,0
116.8000,-3067.02,0
116.8050,-3067.02,0
116.8100,-3067.02,0
116.8150,-3067.02,0
116.8200,-2370.14,0
116.8250,-2370.14,0
116.8300,-1965.33,0
116.8350,-1965.33,0
116.8400,-1965.33,0
116.8450,-1232.50,0
116.8500,-1232.50,0
116.8550,-1232.50,0
116.8600,-1232.50,0
116.8650,-2869.06,0
116.8700,-941.40,0
116.8750,-711.46,0
116.8800,1569.08,0
116.8850,1569.08,0
116.8900,1569.08,0
116.8950,1115.87,0
116.9000,1115.87,0
116.9050,1458.13,0
116.9100,1458.13,0
116.9150,1226.30,0
116.9200,1226.30,0
116.9250,1515.34,0
116.9300,1515.34,0
116.9350,1515.34,0
116.9400,1515.34,0
116.9450,1307.40,0
116.9500,1399.00,0
116.9550,1307.40,0
116.9600,1185.34,0
116.9650,1185.34,0
116.9700,1185.34,0
116.9750,2161.03,0
116.9800,2161.03,0
116.9850,2161.03,0
116.9900,1023.39,0
116.9950,2199.72,0
117.0000,2101.10,0
117.0050,1185.34,0
117.0100,2401.71,0
117.0150,2061.64,0
117.0200,-947.61,0
117.0250,2357.91,0
117.0300,801.64,0
117.0350,2168.43,0
117.0400,2168.43,0
117.0450,2382.97,0
117.0500,2382.97,0
117.0550,2301.57,0
117.0600,2301.57,0
117.0650,1835.94,0
117.0700,1835.94,0
117.0750,1986.91,0
117.0800,2020.49,0
117.0850,2020.49,0
117.0900,1934.39,0
117.0950,1934.39,0
117.1000,2720.86,0
117.1050,2780.20,0
117.1100,2780.20,0
117.1150,2780.20,0
117.1200,3332.90,0
117.1250,3332.90,0
117.1300,3129.40,0
117.1350,3129.40,0
117.1400,2548.85,0
117.1450,3309.83,0
117.1500,3309.83,0
117.1550,3926.35,0
117.1600,3926.35,0
117.1650,3926.35,0
117.1700,4598.05,0
117.1750,4598.05,0
117.1800,4598.05,0
117.1850,4598.05,0
117.1900,5153.86,0
117.1950,5153.86,0
117.2000,5785.22,0
117.2050,5785.22,0
117.2100,6637.51,0
117.2150,6637.51,0
117.2200,6581.41,0
117.2250,6581.41,0
117.2300,2626.08,0
117.2350,6581.41,0
117.2400,6581.41,0
117.2450,6581.41,0
117.2500,7848.46,0
117.2550,8655.04,0
117.2600,3039.44,0
117.2650,8916.65,0
117.2700,8916.65,0
117.2750,8916.65,0
117.2800,8916.65,0
117.2850,9460.79,0
117.2900,9460.79,0
117.2950,9438.55,0
117.3000,9438.55,0
117.3050,9568.89,0
117.3100,9568.89,0
117.3150,9329.55,0
117.3200,9329.55,0
117.3250,9378.96,0
117.3300,9378.96,0
117.3350,9808.60,0
117.3400,9808.60,0
117.3450,10542.23,0
117.3500,10542.23,0
117.3550,10542.23,0
117.3600,10542.23,0
117.3650,10542.23,0
117.3700,10269.01,0
117.3750,10269.01,0
117.3800,9999.22,0
117.3850,10269.01,0
117.3900,8687.46,0
117.3950,8687.46,0
117.4000,8687.46,0
117.4050,8687.46,0
117.4100,8965.13,0
117.4150,9257.21,0
117.4200,9257.21,0
117.4250,9257.21,0
117.4300,10186.99,0
117.4350,10186.99,0
117.4400,10337.76,0
117.4450,10337.76,0
117.4500,10337.76,0
117.4550,10467.54,0
117.4600,10467.54,0
117.4650,10467.54,0
117.4700,10209.17,0
117.4750,10209.17,0
117.4800,9978.16,0
117.4850,9978.16,0
117.4900,9689.44,0
117.4950,9689.44,0
117.5000,9681.31,0
117.5050,9681.31,0
117.5100,9763.24,0
117.5150,9763.24,0
117.5200,9763.24,0
117.5250,9763.24,0
117.5300,9938.75,0
117.5350,9921.67,0
117.5400,9921.67,0
117.5450,9921.67,0
117.5500,9952.03,0
117.5550,9952.03,0
117.5600,9659.68,0
117.5650,9952.03,0
117.5700,9900.66,0
117.5750,9968.43,0
117.5800,9894.36,0
117.5850,9894.36,0
117.5900,9885.76,0
117.5950,9885.76,0
117.6000,9920.00,0
117.6050,9938.70,0
117.6100,9905.45,0
117.6150,9905.45,0
117.6200,9905.45,0
117.6250,9905.45,0
117.6300,9935.64,0
117.6350,9935.64,0
117.6400,9922.01,0
117.6450,9922.01,0
117.6500,9932.72,0
117.6550,9932.72,0
117.6600,9911.16,0
117.6650,9911.16,0
117.6700,9951.51,0
117.6750,9951.51,0
117.6800,9987.93,0
117.6850,9987.93,0
117.6900,9987.93,0
117.6950,9987.93,0
117.7000,9902.46,0
117.7050,243.26,0
117.7100,-122.97,0
117.7150,-122.97,0
117.7200,52.12,0
117.7250,52.12,0
117.7300,52.12,0
117.7350,52.12,0
117.7400,156.27,0
117.7450,156.27,0
117.7500,226.08,0
117.7550,226.08,0
117.7600,226.08,0
117.7650,226.08,0
117.7700,256.99,0
117.7750,256.99,0
117.7800,256.99,0
117.7850,256.99,0
117.7900,-219.03,0
117.7950,-219.03,0
117.8000,-807.08,0
117.8050,-807.08,0
117.8100,-25.03,0
117.8150,-67.92,0
117.8200,-67.92,0
117.8250,-67.92,0
117.8300,-188.48,0
117.8350,9956.07,0
117.8400,1.38,0
117.8450,1.38,0
117.8500,23.70,0
117.8550,567.33,0
117.8600,567.33,0
117.8650,184.70,0
117.8700,597.20,0
117.8750,597.20,0
117.8800,-118.65,0
117.8850,664.62,0
117.8900,649.59,0
117.8950,649.59,0
117.9000,649.59,0
117.9050,649.59,0
117.9100,422.45,0
117.9150,712.78,0
117.9200,848.84,0
117.9250,848.84,0
117.9300,1639.33,0
117.9350,1639.33,0
117.9400,-584.86,0
117.9450,1674.39,0
117.9500,1674.39,0
117.9550,1674.39,0
117.9600,1942.66,0
117.9650,1942.66,0
117.9700,848.84,0
117.9750,2047.63,0
117.9800,1842.96,0
117.9850,1842.96,0
117.9900,1991.79,0
117.9950,1991.79,0
118.0000,1991.79,0
118.0050,1991.79,0
118.0100,2416.37,0
118.0150,2416.37,0
118.0200,2453.44,0
118.0250,2453.44,0
118.0300,1792.57,0
118.0350,2117.53,0
118.0400,2508.09,0
118.0450,2508.09,0
118.0500,2113.65,0
118.0550,2030.76,0
118.0600,2030.76,0
118.0650,1638.32,0
118.0700,1638.32,0
118.0750,1264.89,0
118.0800,1264.89,0
118.0850,1264.89,0
118.0900,811.80,0
118.0950,118.78,0
118.1000,118.78,0
118.1050,118.78,0
118.1100,39.99,0
118.1150,1327.58,0
118.1200,351.76,0
118.1250,351.76,0
118.1300,-666.71,0
118.1350,-666.71,0
118.1400,1099.52,0
118.1450,-176.83,0
118.1500,-629.32,0
118.1550,-1496.30,0
118.1600,-1496.30,0
118.1650,-1642.28,0
118.1700,-1642.28,0
118.1750,-1642.28,0
118.1800,-1601.62,0
118.1850,-1601.62,0
118.1900,-1835.85,0
118.1950,-1090.40,0
118.2000,-1090.40,0
118.2050,-895.34,0
118.2100,-895.34,0
118.2150,-895.34,0
118.2200,-895.34,0
118.2250,-895.34,0
118.2300,-895.34,0
118.2350,-32.49,0
118.2400,-1160.33,0
118.2450,-1160.33,0
118.2500,-850.15,0
118.2550,-850.15,0
118.2600,-1422.51,0
118.2650,-1039.89,0
118.2700,-1422.51,0
118.2750,-1422.51,0
118.2800,-1597.64,0
118.2850,-1597.64,0
118.2900,-1641.99,0
118.2950,-1160.86,0
118.3000,-1190.13,0
118.3050,-1652.59,0
118.3100,-1144.08,0
118.3150,-1751.47,0
118.3200,-1751.47,0
118.3250,-1423.89,0
118.3300,-1423.89,0
118.3350,-1423.89,0
118.3400,-1806.05,0
118.3450,-1806.05,0
118.3500,-2106.81,0
118.3550,-2106.81,0
118.3600,-1452.61,0
118.3650,-1452.61,0
118.3700,-1366.31,0
118.3750,-1366.31,0
118.3800,-1366.31,0
118.3850,-1366.31,0
118.3900,-1456.61,0
118.3950,-1456.61,0
118.4000,-589.48,0
118.4050,-365.91,0
118.4100,-365.91,0
118.4150,-437.07,0
118.4200,-437.07,0
118.4250,-437.07,0
118.4300,-129.92,0
118.4350,-129.92,0
118.4400,-129.92,0
118.4450,-129.92,0
118.4500,-18.00,0
118.4550,-18.00,0
118.4600,393.30,0
118.4650,44.16,0
118.4700,44.16,0
118.4750,44.16,0
118.4800,-281.19,0
118.4850,-281.19,0
118.4900,-281.19,0
118.4950,-281.19,0
118.5000,-1163.03,0
118.5050,-1163.03,0
118.5100,-1434.46,0
118.5150,-2286.95,0
118.5200,35.36,0
118.5250,35.36,0
118.5300,112.09,0
118.5350,122.41,0
118.5400,122.41,0
118.5450,122.41,0
118.5500,122.41,0
118.5550,122.41,0
118.5600,84.40,0
118.5650,142.50,0
118.5700,142.50,0
118.5750,-784.84,0
118.5800,68.18,0
118.5850,68.18,0
118.5900,174.22,0
118.5950,174.22,0
118.6000,45.22,0
118.6050,45.22,0
118.6100,124.65,0
118.6150,124.65,0
118.6200,170.24,0
118.6250,-1042.64,0
118.6300,1525.74,0
118.6350,1525.74,0
118.6400,1555.16,0
118.6450,1555.16,0
118.6500,1396.52,0
118.6550,1396.52,0
118.6600,6.61,0
118.6650,72.90,0
118.6700,1627.14,0
118.6750,-1187.19,0
118.6800,1627.14,0
118.6850,1627.14,0
118.6900,2219.30,0
118.6950,2219.30,0
118.7000,2599.81,0
118.7050,2599.81,0
118.7100,2176.53,0
118.7150,2176.53,0
118.7200,2176.53,0
118.7250,2176.53,0
118.7300,2099.23,0
118.7350,2099.23,0
118.7400,2099.23,0
118.7450,2099.23,0
118.7500,2099.23,0
118.7550,2099.23,0
118.7600,1627.14,0
118.7650,561.93,0
118.7700,1997.87,0
118.7750,1997.87,0
118.7800,2065.29,0
118.7850,2045.22,0
118.7900,2012.74,0
118.7950,1998.61,0
118.8000,1998.61,0
118.8050,2078.98,0
118.8100,2078.98,0
118.8150,2078.98,0
118.8200,2037.70,0
118.8250,2037.70,0
118.8300,1959.84,0
118.8350,2094.88,0
118.8400,2094.88,0
118.8450,2094.88,0
118.8500,2128.33,0
118.8550,2039.14,0
118.8600,2120.61,0
118.8650,2120.61,0
118.8700,2918.69,0
118.8750,2918.69,0
118.8800,2918.69,0
118.8850,2918.69,0
118.8900,3571.39,0
118.8950,3571.39,0
118.9000,3177.60,0
118.9050,3177.60,0
118.9100,3813.42,0
118.9150,3822.14,0
118.9200,3822.14,0
118.9250,3822.14,0
118.9300,3978.77,0
118.9350,3978.77,0
118.9400,3978.77,0
118.9450,3891.75,0
118.9500,3891.75,0
118.9550,4015.26,0
118.9600,4015.26,0
118.9650,3978.62,0
118.9700,3978.62,0
118.9750,3978.62,0
118.9800,3930.34,0
118.9850,3930.34,0
118.9900,3571.34,0
118.9950,3976.99,0
119.0000,3976.99,0
119.0050,3976.99,0
119.0100,3886.00,0
119.0150,3886.00,0
119.0200,3940.88,0
119.0250,3940.88,0
119.0300,3923.79,0
119.0350,3923.79,0
119.0400,3923.79,0
119.0450,3923.79,0
119.0500,3923.79,0
119.0550,3923.79,0
119.0600,3928.91,0
119.0650,3928.91,0
119.0700,3909.39,0
119.0750,3909.39,0
119.0800,3996.94,0
119.0850,3996.94,0
119.0900,3921.37,0
119.0950,3909.39,0
119.1000,3940.89,0
119.1050,3872.63,0
119.1100,3964.96,0
119.1150,3964.96,0
119.1200,3964.96,0
119.1250,3964.96,0
119.1300,3990.30,0
119.1350,3672.24,0
119.1400,3996.94,0
119.1450,3672.24,0
119.1500,4055.64,0
119.1550,4055.64,0
119.1600,4055.64,0
119.1650,4536.39,0
119.1700,4536.39,0
119.1750,4305.17,0
119.1800,3950.39,0
119.1850,4405.00,0
119.1900,4405.00,0
119.1950,4189.47,0
119.2000,4189.47,0
119.2050,4189.47,0
119.2100,4189.47,0
119.2150,3992.95,0
119.2200,4324.44,0
119.2250,5024.62,0
119.2300,4405.00,0
119.2350,5276.12,0
119.2400,5276.12,0
119.2450,5276.12,0
119.2500,6132.22,0
119.2550,6132.22,0
119.2600,6545.55,0
119.2650,7148.07,0
119.2700,7148.07,0
119.2750,7148.07,0
119.2800,7301.21,0
119.2850,6803.62,0
119.2900,6803.62,1
119.2950,7175.77,0
119.3000,7175.77,0
119.3050,7363.54,0
119.3100,7363.54,0
119.3150,7743.72,0
119.3200,7743.72,0
119.3250,7743.72,0
119.3300,7743.72,0
119.3350,1449.14,0
119.3400,1449.14,0
119.3450,716.64,0
119.3500,716.64,0
119.3550,716.64,0
119.3600,716.64,0
119.3650,716.64,0
119.3700,716.64,0
119.3750,789.03,0
119.3800,789.03,0
119.3850,733.30,0
119.3900,733.30,0
119.3950,654.76,0
119.4000,654.76,0
119.4050,604.49,0
119.4100,604.49,0
119.4150,680.93,0
119.4200,680.93,0
119.4250,680.93,0
119.4300,761.20,0
119.4350,761.20,0
119.4400,761.20,0
119.4450,880.67,0
119.4500,880.67,0
119.4550,751.82,0
119.4600,751.82,0
119.4650,941.91,0
119.4700,941.91,0
119.4750,741.46,0
119.4800,741.46,0
119.4850,834.21,0
119.4900,741.46,0
119.4950,889.83,0
119.5000,4418.48,0
119.5050,888.17,0
119.5100,784.33,0
119.5150,595.65,0
119.5200,897.71,0
119.5250,898.09,0
119.5300,898.09,0
119.5350,898.09,0
119.5400,898.09,0
119.5450,824.88,0
119.5500,824.88,0
119.5550,862.95,0
119.5600,862.95,0
119.5650,921.94,0
119.5700,921.94,0
119.5750,936.97,0
119.5800,936.97,0
119.5850,952.33,0
119.5900,952.33,0
119.5950,931.15,0
119.6000,931.15,0
119.6050,1001.37,0
119.6100,1001.37,0
119.6150,1081.05,0
119.6200,1081.05,0
119.6250,933.60,0
119.6300,933.60,0
119.6350,994.66,0
119.6400,994.66,0
119.6450,975.25,0
119.6500,975.25,0
119.6550,975.25,0
119.6600,975.25,0
119.6650,824.92,0
119.6700,910.27,0
119.6750,987.42,0
119.6800,987.42,0
119.6850,900.02,0
119.6900,900.02,0
119.6950,874.84,0
119.7000,845.19,0
119.7050,845.19,0
119.7100,875.64,0
119.7150,875.64,0
119.7200,862.32,0
119.7250,875.26,0
119.7300,969.71,0
119.7350,932.92,0
119.7400,932.92,0
119.7450,930.59,0
119.7500,983.72,0
119.7550,866.60,0
119.7600,983.72,0
119.7650,1011.97,0
119.7700,1011.97,0
119.7750,1011.97,0
119.7800,1011.97,0
119.7850,1044.09,0
119.7900,1044.09,0
119.7950,1010.83,0
119.8000,1010.83,0
119.8050,1056.91,0
119.8100,1056.91,0
119.8150,1057.39,0
119.8200,1057.39,0
119.8250,971.59,0
119.8300,1014.95,0
119.8350,1065.59,0
119.8400,1065.59,0
119.8450,959.54,0
119.8500,1082.96,0
119.8550,1088.52,0
119.8600,1088.52,0
119.8650,982.81,0
119.8700,1067.58,0
119.8750,1067.58,0
119.8800,1067.58,0
119.8850,1058.72,0
119.8900,1058.72,0
119.8950,1056.92,0
119.9000,1082.24,0
119.9050,892.26,0
119.9100,892.26,0
119.9150,927.76,0
119.9200,927.76,0
119.9250,785.76,0
119.9300,785.76,0
119.9350,844.70,0
119.9400,844.70,0
119.9450,844.70,0
119.9500,844.70,0
119.9550,985.22,0
119.9600,985.22,0
119.9650,949.66,0
119.9700,949.66,0
119.9750,1004.85,0
119.9800,1004.85,0
119.9850,777.50,0
119.9900,777.50,0
119.9950,777.50,0
120.0000,777.50,0
120.0050,872.79,0
120.0100,872.79,0
120.0150,872.79,0
120.0200,872.79,0
120.0250,872.79,0
120.0300,964.27,0
120.0350,964.27,0
120.0400,1027.68,0
120.0450,1027.68,0
120.0500,896.49,0
120.0550,896.49,0
120.0600,862.97,0
120.0650,862.97,0
120.0700,862.97,0
120.0750,970.70,0
120.0800,1032.70,0
120.0850,978.82,0
120.0900,805.97,0
120.0950,921.29,0
120.1000,921.29,0
120.1050,921.29,0
120.1100,895.17,0
120.1150,895.17,0
120.1200,895.17,0
120.1250,895.17,0
120.1300,886.67,0
120.1350,893.36,0
120.1400,893.36,0
120.1450,893.36,0
120.1500,-28.57,0
120.1550,-71.09,0
120.1600,-71.09,0
120.1650,-71.09,0
120.1700,10.21,0
120.1750,10.21,0
120.1800,10.21,0
120.1850,10.21,0
120.1900,-63.14,0
120.1950,863.00,0
120.2000,-40.45,0
120.2050,-40.45,0
120.2100,-121.20,0
120.2150,-49.94,0
120.2200,-121.20,0
120.2250,-121.20,0
120.2300,-121.20,0
120.2350,931.34,0
120.2400,-545.99,0
120.2450,-49.94,0
120.2500,-366.90,0
120.2550,-366.90,0
120.2600,615.37,0
120.2650,615.37,0
120.2700,297.16,0
120.2750,297.16,0
120.2800,430.40,0
120.2850,430.40,0
120.2900,276.59,0
120.2950,276.59,0
120.3000,67.51,0
120.3050,67.51,0
120.3100,155.66,0
120.3150,155.66,0
120.3200,-597.75,0
120.3250,-597.75,0
120.3300,-857.26,0
120.3350,-857.26,0
120.3400,-857.26,0
120.3450,-857.26,0
120.3500,-857.26,0
120.3550,-1530.93,0
120.3600,-1530.93,0
120.3650,-1530.93,0
120.3700,-1624.62,0
120.3750,-1624.62,0
120.3800,-1481.26,0
120.3850,-1481.26,0
120.3900,-1816.88,0
120.3950,-1816.88,0
120.4000,-2542.65,0
120.4050,-2603.08,0
120.4100,-2679.58,0
120.4150,-2838.85,0
120.4200,-2838.85,0
120.4250,-2838.85,0
120.4300,-2770.10,0
120.4350,-3518.52,0
120.4400,-3518.52,0
120.4450,-3518.52,0
120.4500,483.94,0
120.4550,-3769.66,0
120.4600,-3769.66,0
120.4650,-3769.66,0
120.4700,-3769.66,0
120.4750,-3363.96,0
120.4800,-3363.96,0
120.4850,-596.80,0
120.4900,-3682.50,0
120.4950,-3793.15,0
120.5000,-3793.15,0
120.5050,-3793.15,0
120.5100,-2779.98,0
120.5150,-4254.95,0
120.5200,-4254.95,0
120.5250,-3622.25,0
120.5300,-3622.25,0
120.5350,-3622.25,0
120.5400,-3695.77,0
120.5450,-4286.13,0
120.5500,-4286.13,0
120.5550,-4286.13,0
120.5600,-4286.13,0
120.5650,-4286.13,0
120.5700,-3938.36,0
120.5750,-4286.13,0
120.5800,-4584.93,0
120.5850,-4584.93,0
120.5900,-4788.92,0
120.5950,-4788.92,0
120.6000,-5112.97,0
120.6050,-5112.97,0
120.6100,-5485.14,0
120.6150,-5485.14,0
120.6200,-5523.78,0
120.6250,-5523.78,0
120.6300,-5523.78,0
120.6350,-5523.78,0
120.6400,-5523.78,0
120.6450,-5075.10,0
120.6500,-5075.10,0
120.6550,-4584.93,0
120.6600,-4801.43,0
120.6650,-4801.43,0
120.6700,-5073.86,0
120.6750,-5073.86,0
120.6800,-5804.41,0
120.6850,-5804.41,0
120.6900,-5804.41,0
120.6950,-5804.41,0
120.7000,-6551.58,0
120.7050,-6551.58,0
120.7100,-6859.54,0
120.7150,-6859.54,0
120.7200,-5432.56,0
120.7250,-7116.98,0
120.7300,-7622.88,0
120.7350,-7622.88,0
120.7400,-7622.88,0
120.7450,-7622.88,0
120.7500,-7386.95,0
120.7550,-7386.95,0
120.7600,-6920.66,0
120.7650,-6716.88,0
120.7700,-6716.88,0
120.7750,-6532.49,0
120.7800,-6532.49,0
120.7850,-6532.49,0
120.7900,-7166.17,0
120.7950,-6769.10,0
120.8000,-6769.10,0
120.8050,-4774.46,0
120.8100,-6392.93,0
120.8150,-6702.33,0
120.8200,-6702.33,0
120.8250,-5784.51,0
120.8300,-7076.48,0
120.8350,-6819.34,0
120.8400,-6819.34,0
120.8450,-7107.65,0
120.8500,-7107.65,0
120.8550,-7424.90,0
120.8600,-7424.90,0
120.8650,-6734.70,0
120.8700,-6734.70,0
120.8750,-6031.71,0
120.8800,-6031.71,0
120.8850,-5924.01,0
120.8900,-5924.01,0
120.8950,-5774.32,0
120.9000,-7259.50,0
120.9050,-5774.32,0
120.9100,-5774.32,0
120.9150,-5279.73,0
120.9200,-5279.73,0
120.9250,-5178.89,0
120.9300,-5178.89,0
120.9350,-5842.92,0
120.9400,-6619.73,0
120.9450,-4927.88,0
120.9500,-4927.88,0
120.9550,-4927.88,0
120.9600,-511.66,0
120.9650,-511.66,0
120.9700,-511.66,0
120.9750,-511.66,0
120.9800,-248.84,0
120.9850,-188.71,0
120.9900,-188.71,0
120.9950,-77.91,0
121.0000,-6986.94,0
121.0050,-77.91,0
121.0100,-446.34,0
121.0150,-835.67,0
121.0200,-835.67,0
121.0250,-1538.52,0
121.0300,-1538.52,0
121.0350,-1600.20,0
121.0400,-1600.20,0
121.0450,-1600.20,0
121.0500,-1473.08,0
121.0550,-1363.82,0
121.0600,-1363.82,0
121.0650,-5876.75,0
121.0700,-1667.14,0
121.0750,-1373.15,0
121.0800,-1373.15,0
121.0850,-1385.68,0
121.0900,-1385.68,0
121.0950,-1385.68,0
121.1000,-1330.85,0
121.1050,-907.88,0
121.1100,-907.88,0
121.1150,-1506.37,0
121.1200,-1506.37,0
121.1250,-1506.37,0
121.1300,-1794.77,0
121.1350,-1794.77,0
121.1400,-1794.77,0
121.1450,-1794.77,0
121.1500,-1777.35,0
121.1550,-1777.35,0
121.1600,-1628.13,0
121.1650,-1628.13,0
121.1700,-1979.32,0
121.1750,-1979.32,0
121.1800,-1963.61,0
121.1850,-1963.61,0
121.1900,-1963.61,0
121.1950,-1651.18,0
121.2000,-1651.18,0
121.2050,-1651.18,0
121.2100,-1811.17,0
121.2150,-1866.98,0
121.2200,-1558.65,0
121.2250,-1807.91,0
121.2300,-1807.91,0
121.2350,-1807.91,0
121.2400,-1634.28,0
121.2450,-1634.28,0
121.2500,-1843.56,0
121.2550,-1987.16,0
121.2600,-2026.91,0
121.2650,-2026.91,0
121.2700,-1874.50,0
121.2750,-1990.41,0
121.2800,-1719.21,0
121.2850,-1719.21,0
121.2900,-1719.21,0
121.2950,-1988.94,0
121.3000,-1988.94,0
121.3050,-1807.91,0
121.3100,-1840.03,0
121.3150,-1500.50,0
121.3200,-1500.50,0
121.3250,-1144.73,0
121.3300,-1144.73,0
121.3350,-1912.28,0
121.3400,-163.67,0
121.3450,-163.67,0
121.3500,-1143.53,0
121.3550,-1143.53,0
121.3600,-1143.53,0
121.3650,-1143.53,0
121.3700,-1143.53,0
121.3750,-1660.87,0
121.3800,-1005.23,0
121.3850,-956.30,0
121.3900,-956.30,0
121.3950,-956.30,0
121.4000,-971.56,0
121.4050,-971.56,0
121.4100,-971.56,0
121.4150,-971.56,0
121.4200,-957.87,0
121.4250,-1009.79,0
121.4300,-1009.79,0
121.4350,-930.73,0
121.4400,-930.73,0
121.4450,-947.12,0
121.4500,-1009.79,0
121.4550,-947.12,0
121.4600,-907.09,0
121.4650,-623.16,0
121.4700,-623.16,0
121.4750,-346.13,0
121.4800,-346.13,0
121.4850,-999.36,0
121.4900,-999.36,0
121.4950,-944.95,0
121.5000,-944.95,0
121.5050,-956.08,0
121.5100,-1048.88,0
121.5150,-997.43,0
121.5200,-997.43,0
121.5250,-444.00,0
121.5300,-932.13,0
121.5350,-643.12,0
121.5400,-643.12,0
121.5450,-1020.08,0
121.5500,-1020.08,0
121.5550,-1287.61,0
121.5600,-1287.61,0
121.5650,-1317.33,0
121.5700,-1317.33,0
121.5750,-1317.33,0
121.5800,-1317.33,0
121.5850,-1018.95,0
121.5900,-1161.32,0
121.5950,-1115.64,0
121.6000,-1115.64,0
121.6050,-1115.64,0
121.6100,-1115.64,0
121.6150,-1057.34,0
121.6200,-1057.34,0
121.6250,-1049.43,0
121.6300,-1049.43,0
121.6350,-1048.46,0
121.6400,-1020.39,0
121.6450,-951.52,0
121.6500,-951.52,0
121.6550,-1088.58,0
121.6600,-1088.58,0
121.6650,-1567.03,0
121.6700,-1567.03,0
121.6750,-1027.20,0
121.6800,-1027.20,0
121.6850,-1060.19,0
121.6900,-1060.19,0
121.6950,-1060.19,0
121.7000,-1031.92,0
121.7050,-1133.45,0
121.7100,-1133.45,0
121.7150,-1133.45,0
121.7200,-1042.45,0
121.7250,-1099.54,0
121.7300,-1099.54,0
121.7350,-1099.54,0
121.7400,-1001.92,0
121.7450,-1001.92,0
121.7500,-1001.92,0
121.7550,-961.26,0
121.7600,-961.26,0
121.7650,-961.26,0
121.7700,-836.51,0
121.7750,-836.51,0
121.7800,23.09,0
121.7850,23.09,0
121.7900,72.21,0
121.7950,72.21,0
121.8000,-15.88,0
121.8050,-1168.18,0
121.8100,-15.88,0
121.8150,-15.88,0
121.8200,93.28,0
121.8250,93.28,0
121.8300,159.53,0
121.8350,159.53,0
121.8400,310.37,0
121.8450,310.37,0
121.8500,435.75,0
121.8550,435.75,0
121.8600,473.04,0
121.8650,473.04,0
121.8700,510.73,0
121.8750,510.73,0
121.8800,763.95,0
121.8850,763.95,0
121.8900,1287.27,0
121.8950,1287.27,0
121.9000,1287.27,0
121.9050,1287.27,0
121.9100,1223.65,0
121.9150,907.47,0
121.9200,907.47,0
121.9250,907.47,0
121.9300,907.47,0
121.9350,-931.40,0
121.9400,175.80,0
121.9450,725.99,0
121.9500,554.04,0
121.9550,523.75,0
121.9600,523.75,0
121.9650,677.24,0
121.9700,677.24,0
121.9750,75.45,0
121.9800,677.24,0
121.9850,677.24,0
121.9900,495.27,0
121.9950,684.95,0
122.0000,607.98,0
122.0050,607.98,0
122.0100,224.60,0
122.0150,224.60,0
122.0200,224.60,0
122.0250,224.60,0
122.0300,405.73,0
122.0350,224.60,0
122.0400,628.05,0
122.0450,1181.15,0
122.0500,1181.15,0
122.0550,726.02,0
122.0600,1205.76,0
122.0650,1205.76,0
122.0700,1.96,0
122.0750,1.96,0
122.0800,359.06,0
122.0850,359.06,0
122.0900,624.59,0
122.0950,624.59,0
122.1000,624.59,0
122.1050,624.59,0
122.1100,555.51,0
122.1150,555.51,0
122.1200,1448.03,0
122.1250,1448.03,0
122.1300,628.35,0
122.1350,1619.61,0
122.1400,1630.86,0
122.1450,1630.86,0
122.1500,1630.86,0
122.1550,1630.86,0
122.1600,2413.36,0
122.1650,2413.36,0
122.1700,2552.87,0
122.1750,2593.09,0
122.1800,2593.09,0
122.1850,2593.09,0
122.1900,2474.64,0
122.1950,2413.36,0
122.2000,2474.64,0
122.2050,2474.64,0
122.2100,3524.04,0
122.2150,3524.04,0
122.2200,3544.20,0
122.2250,3544.20,0
122.2300,3458.24,0
122.2350,4353.54,0
122.2400,1448.37,0
122.2450,4353.54,0
122.2500,4353.54,0
122.2550,4353.54,0
122.2600,4524.96,0
122.2650,4546.24,0
122.2700,4546.24,0
122.2750,4372.21,0
122.2800,4372.21,0
122.2850,4478.61,0
122.2900,4478.61,0
122.2950,4543.54,0
122.3000,4543.54,0
122.3050,4543.54,0
122.3100,4536.99,0
122.3150,4536.99,0
122.3200,4339.11,0
122.3250,4339.11,0
122.3300,4467.25,0
122.3350,4467.25,0
122.3400,4534.08,0
122.3450,4534.08,0
122.3500,4534.08,0
122.3550,4534.08,0
122.3600,4530.53,0
122.3650,4530.53,0
122.3700,4327.47,0
122.3750,4522.02,0
122.3800,4522.02,0
122.3850,4522.02,0
122.3900,3416.53,0
122.3950,4508.57,0
122.4000,4359.05,0
122.4050,4359.05,0
122.4100,4450.11,0
122.4150,4450.11,0
122.4200,4523.07,0
122.4250,4523.07,0
122.4300,4516.95,0
122.4350,4516.95,0
122.4400,4516.95,0
122.4450,4510.56,0
122.4500,4105.51,0
122.4550,4105.51,0
122.4600,4201.94,0
122.4650,4201.94,0
122.4700,3830.33,0
122.4750,3830.33,0
122.4800,3830.33,0
122.4850,3830.33,0
122.4900,3852.74,0
122.4950,3852.74,0
122.5000,4173.00,0
122.5050,4173.00,0
122.5100,3809.86,0
122.5150,4206.55,0
122.5200,3362.87,0
122.5250,3362.87,0
122.5300,3070.52,0
122.5350,3070.52,0
122.5400,3070.52,0
122.5450,2794.34,0
122.5500,2794.34,0
122.5550,2700.62,0
122.5600,2700.62,0
122.5650,2700.62,0
122.5700,2072.40,0
122.5750,2265.33,0
122.5800,3623.47,0
122.5850,4508.81,0
122.5900,1815.10,0
122.5950,-1214.17,0
122.6000,-1214.17,0
122.6050,-1761.59,0
122.6100,-1761.59,0
122.6150,-1728.98,0
122.6200,-1728.98,0
122.6250,-1728.98,0
122.6300,5021.60,0
122.6350,-2270.01,0
122.6400,-2270.01,0
122.6450,-2270.01,0
122.6500,-2270.01,0
122.6550,-2728.30,0
122.6600,-2728.30,0
122.6650,-2728.30,0
122.6700,-2792.67,0
122.6750,-3246.67,0
122.6800,-3246.67,0
122.6850,-3246.67,0
122.6900,2380.00,0
122.6950,-3744.89,0
122.7000,-4191.43,0
122.7050,-4191.43,0
122.7100,-4429.01,0
122.7150,-4429.01,0
122.7200,-4450.45,0
122.7250,2881.56,0
122.7300,-5591.08,0
122.7350,-5723.32,0
122.7400,-5723.32,0
122.7450,-5690.86,0
122.7500,-5690.86,0
122.7550,-1814.49,0
122.7600,-6209.92,0
122.7650,-6209.92,0
122.7700,-6135.01,0
122.7750,-6571.92,0
122.7800,-6571.92,0
122.7850,-6723.81,0
122.7900,-6723.81,0
122.7950,-6723.81,0
122.8000,-6723.81,0
122.8050,-6723.81,0
122.8100,-6723.81,0
122.8150,-6781.26,0
122.8200,-2786.94,0
122.8250,-6781.26,0
122.8300,-6656.45,0
122.8350,-6656.45,0
122.8400,-3138.98,0
122.8450,-6676.57,0
122.8500,-6671.57,0
122.8550,-6567.70,0
122.8600,-6567.70,0
122.8650,-6567.70,0
122.8700,-6567.70,0
122.8750,-6530.71,0
122.8800,-6530.71,0
122.8850,-6530.71,0
122.8900,-6530.71,0
122.8950,-6530.71,0
122.9000,-6364.33,0
122.9050,-6835.10,0
122.9100,-6530.71,0
122.9150,-6781.27,0
122.9200,-6781.27,0
122.9250,-6917.81,0
122.9300,-6917.81,0
122.9350,-6732.63,0
122.9400,-6467.63,0
122.9450,-7402.94,0
122.9500,-7402.94,0
122.9550,-7163.17,0
122.9600,-7163.17,0
122.9650,-7180.27,0
122.9700,-7180.27,0
122.9750,-7039.02,0
122.9800,-7039.02,0
122.9850,-7039.02,0
122.9900,-7039.02,0
122.9950,-7053.05,0
123.0000,-7053.05,0
123.0050,-7053.05,0
123.0100,-6515.32,0
123.0150,-7112.56,0
123.0200,-7137.66,0
123.0250,-7137.66,0
123.0300,-7176.17,0
123.0350,-7176.17,0
123.0400,-7176.17,0
123.0450,-7176.17,0
123.0500,-7054.96,0
123.0550,-7054.96,0
123.0600,-7032.23,0
123.0650,-7032.23,0
123.0700,-6930.99,0
123.0750,-6887.87,0
123.0800,-6887.87,0
123.0850,-6887.87,0
123.0900,-6887.87,0
123.0950,-6887.87,0
123.1000,-6887.87,0
123.1050,-6932.16,0
123.1100,-6932.16,0
123.1150,-7050.32,0
123.1200,-6885.20,0
123.1250,-6885.20,0
123.1300,-6857.07,0
123.1350,-6857.07,0
123.1400,-6834.23,0
123.1450,-6834.23,0
123.1500,-6843.40,0
123.1550,-6843.40,0
123.1600,-6830.01,0
123.1650,-6830.01,0
123.1700,-6952.90,0
123.1750,-6952.90,0
123.1800,-6935.28,0
123.1850,-6935.28,0
123.1900,-7032.89,0
123.1950,-7032.89,0
123.2000,-6807.64,0
123.2050,-6807.64,0
123.2100,-6807.64,0
123.2150,-6826.84,0
123.2200,-6826.84,0
123.2250,-6826.84,0
123.2300,-6805.08,0
123.2350,-6805.08,0
123.2400,-6758.56,0
123.2450,-6758.56,0
123.2500,-6758.56,0
123.2550,-6758.56,0
123.2600,-6758.56,0
123.2650,-6958.61,0
123.2700,-6758.56,0
123.2750,-6758.56,0
123.2800,-6675.70,0
123.2850,-6675.70,0
123.2900,-6750.00,0
123.2950,-6820.44,0
123.3000,-6820.44,0
123.3050,-6820.44,0
123.3100,-6820.44,0
123.3150,-6820.44,0
123.3200,-7319.75,0
123.3250,-6790.77,0
123.3300,-7753.93,0
123.3350,-7753.93,0
123.3400,-7753.93,0
123.3450,-6913.91,0
123.3500,-6991.20,0
123.3550,-8608.25,0
123.3600,-6950.25,0
123.3650,-7621.97,0
123.3700,-7692.83,0
123.3750,-6810.46,0
123.3800,-7572.08,0
123.3850,-7572.08,0
123.3900,-7243.09,0
123.3950,-6610.16,0
123.4000,-6227.34,0
123.4050,-6227.34,0
123.4100,-6774.14,0
123.4150,-1857.21,0
123.4200,-1857.21,0
123.4250,-1857.21,0
123.4300,-1598.46,0
123.4350,-1070.59,0
123.4400,-6227.34,0
123.4450,-7630.20,0
123.4500,-827.13,0
123.4550,-827.13,0
123.4600,-685.26,0
123.4650,-685.26,0
123.4700,-6227.33,0
123.4750,-917.09,0
123.4800,-114.98,0
123.4850,-114.98,0
123.4900,153.69,0
123.4950,245.64,0
123.5000,245.64,0
123.5050,377.26,0
123.5100,377.26,0
123.5150,929.40,0
123.5200,929.40,0
123.5250,929.40,0
123.5300,1162.35,0
123.5350,1162.35,0
123.5400,1162.35,0
123.5450,1162.35,0
123.5500,1470.83,0
123.5550,1965.41,0
123.5600,1965.41,0
123.5650,1724.10,0
123.5700,1724.10,0
123.5750,1724.10,0
123.5800,2035.89,0
123.5850,1864.52,0
123.5900,2035.89,0
123.5950,2035.89,0
123.6000,2787.94,0
123.6050,2787.94,0
123.6100,2777.69,0
123.6150,2836.87,0
123.6200,2836.87,0
123.6250,151.18,0
123.6300,2718.20,0
123.6350,2718.20,0
123.6400,1153.54,0
123.6450,2799.42,0
123.6500,2706.52,0
123.6550,2706.52,0
123.6600,2758.04,0
123.6650,2758.04,0
123.6700,2584.37,0
123.6750,2584.37,0
123.6800,2916.54,0
123.6850,2916.54,0
123.6900,3461.51,0
123.6950,3461.51,0
123.7000,3698.60,0
123.7050,3698.60,0
123.7100,4328.91,0
123.7150,4328.91,0
123.7200,4328.91,0
123.7250,4328.91,0
123.7300,4796.95,0
123.7350,4839.91,0
123.7400,5335.60,0
123.7450,5334.47,0
123.7500,207.12,0
123.7550,5334.47,0
123.7600,5334.47,0
123.7650,5334.47,0
123.7700,6157.46,0
123.7750,5790.96,0
123.7800,5790.96,0
123.7850,5790.96,0
123.7900,5790.96,0
123.7950,5790.96,0
123.8000,5869.46,0
123.8050,5898.62,0
123.8100,2810.78,0
123.8150,5898.62,0
123.8200,5321.76,0
123.8250,5111.96,0
123.8300,4849.33,0
123.8350,4849.33,0
123.8400,5352.70,0
123.8450,5352.70,0
123.8500,5466.73,0
123.8550,5466.73,0
123.8600,5353.81,0
123.8650,5353.81,0
123.8700,5399.28,0
123.8750,4789.13,0
123.8800,5399.28,0
123.8850,5399.28,0
123.8900,5975.53,0
123.8950,6254.50,0
123.9000,6254.50,0
123.9050,6245.16,0
123.9100,6245.16,0
123.9150,5352.70,0
123.9200,6397.58,0
123.9250,6397.58,0
123.9300,6888.38,0
123.9350,6888.38,0
123.9400,7136.21,0
123.9450,7132.01,0
123.9500,5975.52,0
123.9550,7132.01,0
123.9600,7305.47,0
123.9650,7305.47,0
123.9700,8029.60,0
123.9750,8029.60,0
123.9800,8029.60,0
123.9850,8029.60,0
123.9900,8100.53,0
123.9950,8279.49,0
124.0000,2869.32,0
124.0050,8998.29,0
124.0100,8998.29,0
124.0150,8998.29,0
124.0200,9064.17,0
124.0250,9064.17,0
124.0300,9064.17,0
124.0350,9064.17,0
124.0400,9242.34,0
124.0450,8502.64,0
124.0500,9756.25,0
124.0550,9756.25,0
124.0600,9756.25,0
124.0650,10027.84,0
124.0700,10047.10,0
124.0750,10047.10,0
124.0800,10047.10,0
124.0850,10047.10,0
124.0900,9768.55,0
124.0950,9768.55,0
124.1000,9908.17,0
124.1050,9908.17,0
124.1100,10109.93,0
124.1150,10109.93,0
124.1200,10275.12,0
124.1250,9960.49,0
124.1300,3298.72,0
124.1350,8439.97,0
124.1400,9979.40,0
124.1450,9979.40,0
124.1500,9445.76,0
124.1550,9445.76,0
124.1600,8972.87,0
124.1650,8972.87,0
124.1700,8993.97,0
124.1750,8993.97,0
124.1800,9062.63,0
124.1850,9062.63,0
124.1900,9099.08,0
124.1950,9099.08,0
124.2000,9577.96,0
124.2050,8982.39,0
124.2100,10109.70,0
124.2150,8170.38,0
124.2200,8170.38,0
124.2250,8170.38,0
124.2300,158.75,0
124.2350,158.75,0
124.2400,158.75,0
124.2450,158.75,0
124.2500,158.75,0
124.2550,-78.17,0
124.2600,-78.17,0
124.2650,-81.92,0
124.2700,-81.92,0
124.2750,-81.92,0
124.2800,20.70,0
124.2850,20.70,0
124.2900,-48.85,1
124.2950,-131.91,0
124.3000,-131.91,0
124.3050,17.64,0
124.3100,17.64,0
124.3150,-68.34,0
124.3200,-68.34,0
124.3250,-68.34,0
124.3300,-68.34,0
124.3350,-42.91,0
124.3400,-42.91,0
124.3450,-135.09,0
124.3500,-135.09,0
124.3550,-135.09,0
124.3600,-135.09,0
124.3650,-142.89,0
124.3700,-142.89,0
124.3750,-211.61,0
124.3800,-142.89,0
124.3850,165.28,0
124.3900,165.28,0
124.3950,53.24,0
124.4000,53.24,0
124.4050,165.28,0
124.4100,53.24,0
124.4150,-214.98,0
124.4200,-214.98,0
124.4250,-198.07,0
124.4300,-85.62,0
124.4350,-76.94,0
124.4400,-76.94,0
124.4450,-147.43,0
124.4500,-147.43,0
124.4550,-92.06,0
124.4600,-92.06,0
124.4650,-65.45,0
124.4700,-65.45,0
124.4750,-50.56,0
124.4800,-50.56,0
124.4850,68.47,0
124.4900,-94.85,0
124.4950,142.73,0
124.5000,142.73,0
124.5050,-200.24,0
124.5100,-200.24,0
124.5150,126.59,0
124.5200,-200.24,0
124.5250,-200.24,0
124.5300,-200.24,0
124.5350,-18.62,0
124.5400,-18.62,0
124.5450,9.16,0
124.5500,9.16,0
124.5550,15.80,0
124.5600,15.80,0
124.5650,7.09,0
124.5700,7.09,0
124.5750,-25.61,0
124.5800,-25.61,0
124.5850,10.75,0
124.5900,142.73,0
124.5950,10.75,0
124.6000,-31.50,0
124.6050,-21.33,0
124.6100,10.85,0
124.6150,10.85,0
124.6200,-7.97,0
124.6250,-9.82,0
124.6300,5.81,0
124.6350,-3.14,0
124.6400,-3.14,0
124.6450,-0.97,0
124.6500,-3.14,0
124.6550,-3.14,0
124.6600,13.59,0
124.6650,13.59,0
124.6700,72.87,0
124.6750,72.87,0
124.6800,53.78,0
124.6850,53.78,0
124.6900,53.78,0
124.6950,53.78,0
124.7000,53.78,0
124.7050,53.78,0
124.7100,-91.44,0
124.7150,-91.44,0
124.7200,-98.31,0
124.7250,-98.31,0
124.7300,-57.32,0
124.7350,12.85,0
124.7400,-15.78,0
124.7450,-15.78,0
124.7500,74.10,0
124.7550,74.10,0
124.7600,100.93,0
124.7650,27.63,0
124.7700,27.63,0
124.7750,27.63,0
124.7800,27.63,0
124.7850,-122.11,0
124.7900,-122.11,0
124.7950,-190.00,0
124.8000,-190.00,0
124.8050,80.07,0
124.8100,33.98,0
124.8150,80.07,0
124.8200,80.07,0
124.8250,80.07,0
124.8300,81.73,0
124.8350,81.73,0
124.8400,12.18,0
124.8450,12.18,0
124.8500,-39.26,0
124.8550,-1.65,0
124.8600,81.73,0
124.8650,-73.35,0
124.8700,-73.35,0
124.8750,-73.35,0
124.8800,-141.41,0
124.8850,-31.15,0
124.8900,-20.60,0
124.8950,-20.60,0
124.9000,-1.95,0
124.9050,-1.95,0
124.9100,5.70,0
124.9150,98.84,0
124.9200,-27.28,0
124.9250,-27.28,0
124.9300,12.16,0
124.9350,-51.17,0
124.9400,-3.50,0
124.9450,14.56,0
124.9500,-96.39,0
124.9550,-3.98,0
124.9600,-2.86,0
124.9650,6.58,0
124.9700,6.58,0
124.9750,6.58,0
124.9800,17.95,0
124.9850,13.16,0
124.9900,-23.31,0
124.9950,20.28,0
125.0000,20.28,0
125.0050,16.46,0
125.0100,16.46,0
125.0150,-27.28,0
125.0200,25.57,0
125.0250,10.50,0
125.0300,10.50,0
125.0350,10.42,0
125.0400,10.42,0
125.0450,17.11,0
125.0500,17.11,0
125.0550,17.76,0
125.0600,17.76,0
125.0650,8.97,0
125.0700,8.97,0
125.0750,9.70,0
125.0800,9.70,0
125.0850,3.65,0
125.0900,3.65,0
125.0950,3.65,0
125.1000,3.65,0
125.1050,10.96,0
125.1100,10.96,0
125.1150,2.01,0
125.1200,2.01,0
125.1250,-0.24,0
125.1300,-0.24,0
125.1350,11.26,0
125.1400,11.26,0
125.1450,11.26,0
125.1500,11.26,0
125.1550,3.51,0
125.1600,3.51,0
125.1650,20.88,0
125.1700,20.88,0
125.1750,-1.24,0
125.1800,-1.24,0
125.1850,9.08,0
125.1900,21.70,0
125.1950,2.86,0
125.2000,2.86,0
125.2050,29.06,0
125.2100,29.06,0
125.2150,-1.99,0
125.2200,-1.99,0
125.2250,-1.99,0
125.2300,17.60,0
125.2350,18.38,0
125.2400,18.38,0
125.2450,45.99,0
125.2500,45.99,0
125.2550,55.78,0
125.2600,55.78,0
125.2650,55.78,0
125.2700,55.78,0
125.2750,46.84,0
125.2800,46.84,0
125.2850,28.29,0
125.2900,23.53,0
125.2950,48.85,0
125.3000,48.85,0
125.3050,38.37,0
125.3100,38.37,0
125.3150,-5.05,0
125.3200,38.37,0
125.3250,44.33,0
125.3300,44.33,0
125.3350,18.55,0
125.3400,18.55,0
125.3450,21.04,0
125.3500,21.04,0
125.3550,21.04,0
125.3600,0.67,0
125.3650,23.53,0
125.3700,6.83,0
125.3750,48.85,0
125.3800,33.44,0
125.3850,2.10,0
125.3900,-15.12,0
125.3950,-15.12,0
125.4000,71.97,0
125.4050,12.03,0
125.4100,6.67,0
125.4150,2.32,0
125.4200,9.20,0
125.4250,20.61,0
125.4300,20.61,0
125.4350,20.61,0
125.4400,20.61,0
125.4450,-9.51,0
125.4500,-9.51,0
125.4550,-33.14,0
125.4600,54.86,0
125.4650,-33.14,0
125.4700,-56.36,0
125.4750,28.98,0
125.4800,28.98,0
125.4850,28.98,0
125.4900,78.09,0
125.4950,6.99,0
125.5000,57.56,0
125.5050,70.62,0
125.5100,70.62,0
125.5150,70.62,0
125.5200,6.66,0
125.5250,88.79,0
125.5300,64.96,0
125.5350,105.48,0
125.5400,105.48,0
125.5450,105.48,0
125.5500,281.60,0
125.5550,281.60,0
125.5600,281.60,0
125.5650,281.60,0
125.5700,190.16,0
125.5750,190.16,0
125.5800,-234.39,0
125.5850,-33.58,0
125.5900,-418.68,0
125.5950,281.60,0
125.6000,-163.53,0
125.6050,-163.53,0
125.6100,-163.53,0
125.6150,-163.53,0
125.6200,-3.76,0
125.6250,-3.76,0
125.6300,99.51,0
125.6350,99.51,0
125.6400,78.04,0
125.6450,78.04,0
125.6500,152.78,0
125.6550,26.92,0
125.6600,152.78,0
125.6650,152.78,0
125.6700,88.94,0
125.6750,-163.53,0
125.6800,39.73,0
125.6850,39.73,0
125.6900,-23.09,0
125.6950,-23.09,0
125.7000,-16.55,0
125.7050,-234.39,0
125.7100,43.13,0
125.7150,43.13,0
125.7200,96.12,0
125.7250,-549.20,0
125.7300,-667.22,0
125.7350,-667.22,0
125.7400,-1285.09,0
125.7450,-1285.09,0
125.7500,-1133.79,0
125.7550,-513.34,0
125.7600,-513.34,0
125.7650,-513.34,0
125.7700,-73.14,0
125.7750,-73.14,0
125.7800,589.42,0
125.7850,520.36,0
125.7900,520.36,0
125.7950,520.36,0
125.8000,195.90,0
125.8050,195.90,0
125.8100,37.62,0
125.8150,37.62,0
125.8200,159.39,0
125.8250,524.14,0
125.8300,524.14,0
125.8350,-711.88,0
125.8400,-711.88,0
125.8450,-650.06,0
125.8500,-650.06,0
125.8550,-96.74,0
125.8600,-96.74,0
125.8650,-96.74,0
125.8700,-266.42,0
125.8750,-1572.37,0
125.8800,-1572.37,0
125.8850,-1812.27,0
125.8900,71.88,0
125.8950,-1797.61,0
125.9000,-1797.61,0
125.9050,-1629.17,0
125.9100,-1629.17,0
125.9150,-1724.43,0
125.9200,-1724.43,0
125.9250,-1276.20,0
125.9300,-266.42,0
125.9350,-1066.80,0
125.9400,-1066.80,0
125.9450,-1066.80,0
125.9500,-631.85,0
125.9550,-794.83,0
125.9600,-794.83,0
125.9650,-265.16,0
125.9700,-265.16,0
125.9750,-102.81,0
125.9800,-102.81,0
125.9850,103.39,0
125.9900,103.39,0
125.9950,190.54,0
126.0000,190.54,0
126.0050,190.54,0
126.0100,179.18,0
126.0150,673.23,0
126.0200,673.23,0
126.0250,1193.60,0
126.0300,1193.60,0
126.0350,1193.60,0
126.0400,1193.60,0
126.0450,1193.60,0
126.0500,1193.60,0
126.0550,177.47,0
126.0600,177.47,0
126.0650,-1015.79,0
126.0700,-1015.79,0
126.0750,-869.21,0
126.0800,-1581.00,0
126.0850,-1581.00,0
126.0900,-1851.61,0
126.0950,-1851.61,0
126.1000,-1666.98,0
126.1050,-1162.30,0
126.1100,-1162.30,0
126.1150,-1162.30,0
126.1200,-1717.37,0
126.1250,-1717.37,0
126.1300,-1330.79,0
126.1350,-1097.20,0
126.1400,-1097.20,0
126.1450,-927.55,0
126.1500,-927.55,0
126.1550,-1864.50,0
126.1600,-623.38,0
126.1650,-1581.00,0
126.1700,-1203.79,0
126.1750,-1166.42,0
126.1800,177.43,0
126.1850,-836.45,0
126.1900,-836.45,0
126.1950,-836.45,0
126.2000,-915.61,0
126.2050,-915.61,0
126.2100,-915.61,0
126.2150,-263.04,0
126.2200,-263.04,0
126.2250,-362.29,0
126.2300,-362.29,0
126.2350,-621.69,0
126.2400,-621.69,0
126.2450,-621.69,0
126.2500,-621.69,0
126.2550,-621.69,0
126.2600,-621.69,0
126.2650,392.14,0
126.2700,-348.77,0
126.2750,-836.45,0
126.2800,516.69,0
126.2850,205.71,0
126.2900,205.71,0
126.2950,438.95,0
126.3000,438.95,0
126.3050,354.08,0
126.3100,354.08,0
126.3150,178.19,0
126.3200,178.19,0
126.3250,178.19,0
126.3300,178.19,0
126.3350,-148.60,0
126.3400,-148.60,0
126.3450,-106.05,0
126.3500,-106.05,0
126.3550,-242.56,0
126.3600,-242.56,0
126.3650,-242.56,0
126.3700,-135.37,0
126.3750,354.08,0
126.3800,-60.35,0
126.3850,-60.35,0
126.3900,-242.56,0
126.3950,-34.45,0
126.4000,-106.05,0
126.4050,-57.18,0
126.4100,370.54,0
126.4150,-411.55,0
126.4200,-411.55,0
126.4250,-216.76,0
126.4300,-216.76,0
126.4350,-216.76,0
126.4400,47.68,0
126.4450,47.68,0
126.4500,-232.89,0
126.4550,-232.89,0
126.4600,-944.92,0
126.4650,-944.92,0
126.4700,-1436.92,0
126.4750,-1436.92,0
126.4800,-1298.55,0
126.4850,-944.92,0
126.4900,48.60,0
126.4950,-1338.45,0
126.5000,-1338.45,0
126.5050,-1338.45,0
126.5100,-1416.28,0
126.5150,-1347.97,0
126.5200,-1347.97,0
126.5250,-1347.97,0
126.5300,-1347.97,0
126.5350,-1347.97,0
126.5400,-1347.97,0
126.5450,-1347.97,0
126.5500,-1413.01,0
126.5550,-77.54,0
126.5600,-1355.23,0
126.5650,-1355.23,0
126.5700,-1530.05,0
126.5750,-1530.05,0
126.5800,-1625.11,0
126.5850,-501.38,0
126.5900,-281.72,0
126.5950,-281.72,0
126.6000,-465.21,0
126.6050,-465.21,0
126.6100,-498.90,0
126.6150,-498.90,0
126.6200,-458.95,0
126.6250,-1299.08,0
126.6300,493.67,0
126.6350,-1355.23,0
126.6400,499.61,0
126.6450,499.61,0
126.6500,72.71,0
126.6550,72.71,0
126.6600,290.98,0
126.6650,290.98,0
126.6700,798.76,0
126.6750,798.76,0
126.6800,1506.71,0
126.6850,1506.71,0
126.6900,1176.77,0
126.6950,1176.77,0
126.7000,1003.80,0
126.7050,1003.80,0
126.7100,1530.15,0
126.7150,1530.15,0
126.7200,1496.75,0
126.7250,1496.75,0
126.7300,-1364.70,0
126.7350,1496.75,0
126.7400,1496.75,0
126.7450,1932.17,0
126.7500,1932.17,0
126.7550,2686.57,0
126.7600,2490.99,0
126.7650,2490.99,0
126.7700,2309.23,0
126.7750,2309.23,0
126.7800,2309.23,0
126.7850,2309.23,0
126.7900,2528.56,0
126.7950,2528.56,0
126.8000,2556.01,0
126.8050,2556.01,0
126.8100,2320.22,0
126.8150,2320.22,0
126.8200,2915.87,0
126.8250,2915.87,0
126.8300,2915.87,0
126.8350,2915.87,0
126.8400,3454.46,0
126.8450,3454.46,0
126.8500,3483.18,0
126.8550,3483.18,0
126.8600,3899.28,0
126.8650,3899.28,0
126.8700,3899.28,0
126.8750,3899.28,0
126.8800,4634.02,0
126.8850,4634.02,0
126.8900,4287.02,0
126.8950,4287.02,0
126.9000,4287.02,0
126.9050,4287.02,0
126.9100,4287.02,0
126.9150,4495.78,0
126.9200,4495.78,0
126.9250,4493.46,0
126.9300,4493.46,0
126.9350,4288.16,0
126.9400,4288.16,0
126.9450,4403.72,0
126.9500,4403.72,0
126.9550,4403.72,0
126.9600,4403.72,0
126.9650,4489.50,0
126.9700,4489.50,0
126.9750,4432.19,0
126.9800,4390.00,0
126.9850,3618.04,0
126.9900,4465.18,0
126.9950,4465.18,0
127.0000,4486.44,0
127.0050,4493.45,0
127.0100,4381.14,0
127.0150,3498.58,0
127.0200,4381.14,0
127.0250,4268.67,0
127.0300,4398.30,0
127.0350,4423.87,0
127.0400,4380.07,0
127.0450,4380.07,0
127.0500,4380.07,0
127.0550,4655.90,0
127.0600,4655.90,0
127.0650,5165.52,0
127.0700,5165.52,0
127.0750,5165.52,0
127.0800,5165.52,0
127.0850,4879.70,0
127.0900,4879.70,0
127.0950,5558.18,0
127.1000,5558.18,0
127.1050,5333.40,0
127.1100,5255.63,0
127.1150,5255.63,0
127.1200,5255.63,0
127.1250,5385.75,0
127.1300,5584.08,0
127.1350,5584.08,0
127.1400,5186.52,0
127.1450,5186.52,0
127.1500,5540.84,0
127.1550,5540.84,0
127.1600,5540.84,0
127.1650,5255.02,0
127.1700,5255.02,0
127.1750,6042.24,0
127.1800,6250.99,0
127.1850,6250.99,0
127.1900,6166.36,0
127.1950,6166.36,0
127.2000,7109.86,0
127.2050,7109.86,0
127.2100,8002.24,0
127.2150,8002.24,0
127.2200,8153.24,0
127.2250,8153.24,0
127.2300,8153.24,0
127.2350,8606.63,0
127.2400,8318.73,0
127.2450,8606.63,0
127.2500,10031.72,0
127.2550,10031.72,0
127.2600,10237.65,0
127.2650,10237.65,0
127.2700,10237.65,0
127.2750,10701.73,0
127.2800,10701.73,0
127.2850,10424.67,0
127.2900,10424.67,0
127.2950,10424.67,0
127.3000,10424.67,0
127.3050,11163.69,0
127.3100,11163.69,0
127.3150,11037.27,0
127.3200,5264.40,0
127.3250,11132.74,0
127.3300,11132.74,0
127.3350,6150.31,0
127.3400,11102.78,0
127.3450,11102.78,0
127.3500,10984.31,0
127.3550,10984.31,0
127.3600,11385.86,0
127.3650,11385.86,0
127.3700,11385.86,0
127.3750,11437.64,0
127.3800,11437.64,0
127.3850,11437.64,0
127.3900,11437.64,0
127.3950,11437.64,0
127.4000,11591.45,0
127.4050,11591.45,0
127.4100,11591.45,0
127.4150,11680.49,0
127.4200,11680.49,0
127.4250,11739.96,0
127.4300,11739.96,0
127.4350,11736.86,0
127.4400,11736.86,0
127.4450,11669.73,0
127.4500,11669.73,0
127.4550,11822.95,0
127.4600,11681.73,0
127.4650,9885.41,0
127.4700,12904.56,0
127.4750,11906.51,0
127.4800,11480.87,0
127.4850,11480.87,0
127.4900,11480.87,0
127.4950,228.99,0
127.5000,228.99,0
127.5050,12646.24,0
127.5100,-265.88,0
127.5150,131.74,0
127.5200,131.74,0
127.5250,-48.06,0
127.5300,-48.06,0
127.5350,-40.96,0
127.5400,-40.96,0
127.5450,11822.91,0
127.5500,-40.74,0
127.5550,-40.74,0
127.5600,11738.61,0
127.5650,-40.96,0
127.5700,-20.83,0
127.5750,-20.83,0
127.5800,-20.83,0
127.5850,-76.98,0
127.5900,11796.31,0
127.5950,-189.35,0
127.6000,11869.93,0
127.6050,-621.43,0
127.6100,-621.43,0
127.6150,-820.48,0
127.6200,-820.48,0
127.6250,-820.48,0
127.6300,-820.48,0
127.6350,-735.81,0
127.6400,-735.81,0
127.6450,-310.45,0
127.6500,-49.13,0
127.6550,-49.13,0
127.6600,-49.13,0
127.6650,70.85,0
127.6700,70.85,0
127.6750,-73.65,0
127.6800,-73.65,0
127.6850,107.21,0
127.6900,-28.52,0
127.6950,-19.66,0
127.7000,-168.67,0
127.7050,32.01,0
127.7100,32.01,0
127.7150,-53.08,0
127.7200,-53.08,0
127.7250,65.72,0
127.7300,65.72,0
127.7350,2.74,0
127.7400,2.74,0
127.7450,2.74,0
127.7500,-28.52,0
127.7550,-59.90,0
127.7600,-59.90,0
127.7650,-59.90,0
127.7700,-59.90,0
127.7750,-59.90,0
127.7800,-0.07,0
127.7850,54.14,0
127.7900,54.14,0
127.7950,-26.03,0
127.8000,29.35,0
127.8050,-49.14,0
127.8100,262.06,0
127.8150,262.06,0
127.8200,262.06,0
127.8250,81.40,0
127.8300,81.40,0
127.8350,-1.47,0
127.8400,-1.47,0
127.8450,-1.47,0
127.8500,-1.47,0
127.8550,-4.33,0
127.8600,-4.33,0
127.8650,-0.32,0
127.8700,-0.32,0
127.8750,-41.05,0
127.8800,-41.05,0
127.8850,-41.05,0
127.8900,239.01,0
127.8950,-46.96,0
127.9000,-46.96,0
127.9050,-230.66,0
127.9100,-197.79,0
127.9150,28.79,0
127.9200,-197.79,0
127.9250,0.92,0
127.9300,-108.15,0
127.9350,-141.36,0
127.9400,237.29,0
127.9450,292.69,0
127.9500,-260.08,0
127.9550,-260.08,0
127.9600,-260.08,0
127.9650,73.54,0
127.9700,73.54,0
127.9750,267.83,0
127.9800,267.83,0
127.9850,312.99,0
127.9900,312.99,0
127.9950,599.25,0
128.0000,599.25,0
128.0050,1069.25,0
128.0100,1069.25,0
128.0150,1069.25,0
128.0200,1069.25,0
128.0250,1337.30,0
128.0300,1337.30,0
128.0350,1730.32,0
128.0400,1730.32,0
128.0450,918.72,0
128.0500,918.72,0
128.0550,1235.13,0
128.0600,1235.13,0
128.0650,917.55,0
128.0700,917.55,0
128.0750,1266.81,0
128.0800,-260.09,0
128.0850,885.31,0
128.0900,1053.81,0
128.0950,1053.81,0
128.1000,1053.81,0
128.1050,1040.15,0
128.1100,1040.15,0
128.1150,1052.42,0
128.1200,1019.73,0
128.1250,-214.64,0
128.1300,1019.73,0
128.1350,1019.73,0
128.1400,1019.73,0
128.1450,1227.16,0
128.1500,1227.16,0
128.1550,1032.21,0
128.1600,1032.21,0
128.1650,977.92,0
128.1700,977.92,0
128.1750,971.22,0
128.1800,885.31,0
128.1850,971.22,0
128.1900,971.22,0
128.1950,209.68,0
128.2000,209.68,0
128.2050,197.56,0
128.2100,197.56,0
128.2150,574.97,0
128.2200,28.93,0
128.2250,1028.53,0
128.2300,28.93,0
128.2350,28.93,0
128.2400,-321.01,0
128.2450,-321.01,0
128.2500,-61.24,0
128.2550,-61.24,0
128.2600,-61.24,0
128.2650,-184.11,0
128.2700,-184.11,0
128.2750,-299.39,0
128.2800,-299.39,0
128.2850,58.24,0
128.2900,-578.62,0
128.2950,-578.62,0
128.3000,1229.04,0
128.3050,-92.62,0
128.3100,1761.96,0
128.3150,1761.96,0
128.3200,1761.96,0
128.3250,968.08,0
128.3300,1623.22,0
128.3350,2276.95,0
128.3400,2276.95,0
128.3450,2276.95,0
128.3500,2276.95,0
128.3550,2976.63,0
128.3600,2713.41,0
128.3650,2713.41,0
128.3700,2741.98,0
128.3750,2741.98,0
128.3800,2741.98,0
128.3850,2678.50,0
128.3900,2678.50,0
128.3950,2704.94,0
128.4000,2704.94,0
128.4050,2630.33,0
128.4100,2629.63,0
128.4150,2629.63,0
128.4200,2629.63,0
128.4250,2612.59,0
128.4300,2612.59,0
128.4350,2619.48,0
128.4400,2619.48,0
128.4450,2588.94,0
128.4500,2549.57,0
128.4550,2624.48,0
128.4600,2624.48,0
128.4650,2681.19,0
128.4700,2681.19,0
128.4750,2802.19,0
128.4800,2802.19,0
128.4850,2870.23,0
128.4900,-98.50,0
128.4950,2796.92,0
128.5000,2796.92,0
128.5050,1491.49,0
128.5100,2818.75,0
128.5150,2818.75,0
128.5200,2818.75,0
128.5250,2969.86,0
128.5300,2940.71,0
128.5350,2940.71,0
128.5400,2947.30,0
128.5450,2947.30,0
128.5500,2947.30,0
128.5550,3029.06,0
128.5600,3029.06,0
128.5650,3029.06,0
128.5700,2940.71,0
128.5750,3167.73,0
128.5800,2954.28,0
128.5850,2954.28,0
128.5900,2961.18,0
128.5950,2961.18,0
128.6000,3059.93,0
128.6050,3059.93,0
128.6100,3059.93,0
128.6150,2870.99,0
128.6200,3028.05,0
128.6250,3028.05,0
128.6300,2932.35,0
128.6350,2932.35,0
128.6400,2656.06,0
128.6450,2656.06,0
128.6500,2822.52,0
128.6550,2822.52,0
128.6600,2822.52,0
128.6650,2822.52,0
128.6700,2762.31,0
128.6750,2762.31,0
128.6800,2762.31,0
128.6850,2953.86,0
128.6900,3167.38,0
128.6950,2657.19,0
128.7000,2961.80,0
128.7050,2961.80,0
128.7100,2961.80,0
128.7150,3141.83,0
128.7200,3141.83,0
128.7250,3892.00,0
128.7300,3892.00,0
128.7350,4299.03,0
128.7400,4299.03,0
128.7450,4328.71,0
128.7500,4328.71,0
128.7550,4504.84,0
128.7600,4504.84,0
128.7650,4114.31,0
128.7700,4114.31,0
128.7750,4300.94,0
128.7800,4300.94,0
128.7850,4300.94,0
128.7900,4300.94,0
128.7950,4223.88,0
128.8000,4223.88,0
128.8050,3447.31,0
128.8100,4300.94,0
128.8150,3327.01,0
128.8200,3406.89,0
128.8250,1414.78,0
128.8300,3406.89,0
128.8350,3406.89,0
128.8400,3162.60,0
128.8450,3162.60,0
128.8500,3765.73,0
128.8550,3765.73,0
128.8600,2847.42,0
128.8650,2847.42,0
128.8700,2847.42,0
128.8750,2455.84,0
128.8800,2455.84,0
128.8850,2455.84,0
128.8900,2455.84,0
128.8950,2264.31,0
128.9000,2362.54,0
128.9050,1696.22,0
128.9100,1696.22,0
128.9150,1514.12,0
128.9200,1514.12,0
128.9250,1600.93,0
128.9300,1600.93,0
128.9350,4286.07,0
128.9400,1600.93,0
128.9450,1677.02,0
128.9500,1677.02,0
128.9550,1681.70,0
128.9600,1681.70,0
128.9650,1474.68,0
128.9700,1474.68,0
128.9750,1239.56,0
128.9800,1202.00,0
128.9850,1202.00,0
128.9900,1202.00,0
128.9950,1597.43,0
129.0000,1597.43,0
129.0050,1600.94,0
129.0100,2197.52,0
129.0150,2300.75,0
129.0200,2300.75,0
129.0250,1202.00,0
129.0300,2114.55,0
129.0350,1224.95,0
129.0400,1224.95,0
129.0450,720.56,0
129.0500,720.56,0
129.0550,2334.73,0
129.0600,394.13,0
129.0650,2334.73,0
129.0700,1306.18,0
129.0750,178.88,0
129.0800,178.88,0
129.0850,1481.53,0
129.0900,1536.49,0
129.0950,-654.36,0
129.1000,-654.36,0
129.1050,-541.82,0
129.1100,-541.82,0
129.1150,-658.44,0
129.1200,-658.44,0
129.1250,-432.92,0
129.1300,1241.48,0
129.1350,1319.93,0
129.1400,1319.93,0
129.1450,1599.05,0
129.1500,1415.25,0
129.1550,1503.95,0
129.1600,1503.95,0
129.1650,1503.95,0
129.1700,1482.35,0
129.1750,301.68,0
129.1800,291.02,0
129.1850,393.49,0
129.1900,393.49,0
129.1950,488.97,0
129.2000,488.97,0
129.2050,-151.95,0
129.2100,-151.95,0
129.2150,-651.50,0
129.2200,-651.50,0
129.2250,-472.46,0
129.2300,-472.46,0
129.2350,-488.93,0
129.2400,-488.93,0
129.2450,-1244.76,0
129.2500,-1244.76,0
129.2550,-1244.76,0
129.2600,-1830.58,0
129.2650,-1830.58,0
129.2700,-2482.38,0
129.2750,-2482.38,0
129.2800,-2482.38,0
129.2850,-2261.94,0
129.2900,-2261.94,0
129.2950,-2854.01,1
129.3000,-2854.01,0
129.3050,-2183.27,0
129.3100,-2183.27,0
129.3150,-2183.27,0
129.3200,-2357.68,0
129.3250,-2357.68,0
129.3300,-2357.68,0
129.3350,-2512.99,0
129.3400,-2328.13,0
129.3450,-2328.13,0
129.3500,-2253.12,0
129.3550,-2253.12,0
129.3600,-2253.12,0
129.3650,-2253.12,0
129.3700,-1876.05,0
129.3750,-1876.05,0
129.3800,-2478.53,0
129.3850,-2478.53,0
129.3900,-2404.84,0
129.3950,-2478.53,0
129.4000,-2849.21,0
129.4050,-2849.21,0
129.4100,-2849.21,0
129.4150,-2849.21,0
129.4200,-2920.08,0
129.4250,-2920.08,0
129.4300,-1725.53,0
129.4350,-2934.10,0
129.4400,-2982.99,0
129.4450,-2982.99,0
129.4500,-3201.45,0
129.4550,-3201.45,0
129.4600,-2746.71,0
129.4650,-2746.71,0
129.4700,-2183.16,0
129.4750,-2183.16,0
129.4800,-2095.57,0
129.4850,-2095.57,0
129.4900,-2095.57,0
129.4950,-1914.71,0
129.5000,-1847.51,0
129.5050,-1847.51,0
129.5100,-1885.27,0
129.5150,-1885.27,0
129.5200,-1852.46,0
129.5250,-1868.84,0
129.5300,-1852.46,0
129.5350,-1852.46,0
129.5400,-1852.46,0
129.5450,-1869.70,0
129.5500,-1869.70,0
129.5550,-1920.19,0
129.5600,-2909.96,0
129.5650,-1949.07,0
129.5700,-1961.93,0
129.5750,-1961.93,0
129.5800,-1961.93,0
129.5850,-1878.86,0
129.5900,-1878.86,0
129.5950,-1840.87,0
129.6000,-1840.87,0
129.6050,-1878.90,0
129.6100,-1878.90,0
129.6150,-1824.18,0
129.6200,-1824.18,0
129.6250,-1802.82,0
129.6300,-1802.82,0
129.6350,-1834.01,0
129.6400,-1834.01,0
129.6450,-1957.96,0
129.6500,-1957.96,0
129.6550,-1564.13,0
129.6600,-1564.13,0
129.6650,-1210.57,0
129.6700,-1210.57,0
129.6750,-1891.01,0
129.6800,-1771.52,0
129.6850,-1771.52,0
129.6900,-1618.02,0
129.6950,-1618.02,0
129.7000,-1618.02,0
129.7050,-1618.02,0
129.7100,-1618.02,0
129.7150,-1944.46,0
129.7200,-1944.46,0
129.7250,-2402.97,0
129.7300,-2402.97,0
129.7350,-1672.59,0
129.7400,-1672.59,0
129.7450,-1854.25,0
129.7500,-1854.25,0
129.7550,-1350.52,0
129.7600,-1350.52,0
129.7650,-2117.21,0
129.7700,-2117.21,0
129.7750,-2096.28,0
129.7800,-2096.28,0
129.7850,-2392.09,0
129.7900,-2392.09,0
129.7950,-2269.62,0
129.8000,-2269.62,0
129.8050,-2734.22,0
129.8100,-2132.03,0
129.8150,-2132.03,0
129.8200,-2132.03,0
129.8250,-1944.25,0
129.8300,-2132.03,0
129.8350,-1996.94,0
129.8400,-1996.94,0
129.8450,-2011.16,0
129.8500,-2011.16,0
129.8550,-2041.80,0
129.8600,-2041.80,0
129.8650,-1880.32,0
129.8700,-1880.32,0
129.8750,-1880.32,0
129.8800,-1841.71,0
129.8850,-1670.36,0
129.8900,-1670.36,0
129.8950,-1771.73,0
129.9000,-1771.73,0
129.9050,-1771.73,0
129.9100,-1771.73,0
129.9150,-1315.55,0
129.9200,-1315.55,0
129.9250,-1987.09,0
129.9300,-1056.51,0
129.9350,-1196.83,0
129.9400,-2564.55,0
129.9450,-1699.12,0
129.9500,-2059.08,0
129.9550,583.24,0
129.9600,583.24,0
129.9650,198.21,0
129.9700,198.21,0
129.9750,-56.42,0
129.9800,-56.42,0
129.9850,305.16,0
129.9900,305.16,0
129.9950,115.31,0
130.0000,115.31,0
130.0050,307.36,0
130.0100,307.36,0
130.0150,943.53,0
130.0200,252.90,0
130.0250,484.60,0
130.0300,484.60,0
130.0350,-53.86,0
130.0400,-576.43,0
130.0450,-576.43,0
130.0500,-393.57,0
130.0550,-393.57,0
130.0600,-393.57,0
130.0650,-571.93,0
130.0700,-275.86,0
130.0750,-1016.97,0
130.0800,-1016.97,0
130.0850,-1623.09,0
130.0900,-1623.09,0
130.0950,-1211.23,0
130.1000,-1763.05,0
130.1050,-1763.05,0
130.1100,-1763.05,0
130.1150,-1671.83,0
130.1200,-1679.74,0
130.1250,200.41,0
130.1300,-1640.25,0
130.1350,-1620.86,0
130.1400,-1593.35,0
130.1450,-1593.35,0
130.1500,-1593.35,0
130.1550,-1593.35,0
130.1600,-1466.74,0
130.1650,-1466.74,0
130.1700,589.13,0
130.1750,-1440.18,0
130.1800,-1623.81,0
130.1850,-1623.81,0
130.1900,-1446.39,0
130.1950,-1446.39,0
130.2000,-1565.03,0
130.2050,-1391.49,0
130.2100,-1391.49,0
130.2150,-1322.70,0
130.2200,-1565.03,0
130.2250,-2066.69,0
130.2300,-2066.69,0
130.2350,-1971.63,0
130.2400,-1971.63,0
130.2450,-1585.37,0
130.2500,-1491.32,0
130.2550,-1524.81,0
130.2600,-1583.29,0
130.2650,-1478.93,0
130.2700,-1478.93,0
130.2750,-1478.93,0
130.2800,-1478.93,0
130.2850,-1969.17,0
130.2900,-1969.17,0
130.2950,-2145.86,0
130.3000,-2145.86,0
130.3050,-2064.73,0
130.3100,-2064.73,0
130.3150,-2085.94,0
130.3200,-2085.94,0
130.3250,-2085.94,0
130.3300,-2097.48,0
130.3350,-2097.48,0
130.3400,-2243.31,0
130.3450,-2243.31,0
130.3500,-2243.31,0
130.3550,-143.81,0
130.3600,-1312.61,0
130.3650,-2590.08,0
130.3700,-2243.62,0
130.3750,-2243.62,0
130.3800,-1651.61,0
130.3850,-1651.61,0
130.3900,-1844.36,0
130.3950,-2065.25,0
130.4000,-1611.81,0
130.4050,-1611.81,0
130.4100,-1980.83,0
130.4150,-1980.83,0
130.4200,-1980.83,0
130.4250,-2028.64,0
130.4300,-2028.64,0
130.4350,-1799.75,0
130.4400,-1799.75,0
130.4450,-1416.17,0
130.4500,-1849.20,0
130.4550,-1849.20,0
130.4600,-1849.20,0
130.4650,-1849.20,0
130.4700,-2248.23,0
130.4750,-2248.23,0
130.4800,-2347.82,0
130.4850,-1694.13,0
130.4900,-1694.13,0
130.4950,-1694.13,0
130.5000,-1694.13,0
130.5050,-2171.78,0
130.5100,-2530.84,0
130.5150,-1646.82,0
130.5200,-2611.64,0
130.5250,-2611.64,0
130.5300,-2611.64,0
130.5350,-3093.93,0
130.5400,-3093.93,0
130.5450,-3093.93,0
130.5500,-3093.93,0
130.5550,-1934.24,0
130.5600,-4535.92,0
130.5650,-4653.54,0
130.5700,-4653.54,0
130.5750,-3671.95,0
130.5800,-3671.95,0
130.5850,-3896.07,0
130.5900,-3896.07,0
130.5950,-4654.10,0
130.6000,-4654.10,0
130.6050,-4642.97,0
130.6100,-4642.97,0
130.6150,-4584.64,0
130.6200,-4584.64,0
130.6250,-3916.61,0
130.6300,-2611.59,0
130.6350,-3916.61,0
130.6400,-3916.61,0
130.6450,-4680.39,0
130.6500,-4680.39,0
130.6550,-4658.95,0
130.6600,-4658.95,0
130.6650,-4658.95,0
130.6700,-4658.95,0
130.6750,-4658.79,0
130.6800,-4658.79,0
130.6850,-4627.50,0
130.6900,-4627.50,0
130.6950,-4615.11,0
130.7000,-4848.03,0
130.7050,-4747.47,0
130.7100,-4848.03,0
130.7150,-4848.03,0
130.7200,-4848.03,0
130.7250,-4692.72,0
130.7300,-4638.93,0
130.7350,-4723.08,0
130.7400,-4723.08,0
130.7450,-4972.73,0
130.7500,-4972.73,0
130.7550,-5619.64,0
130.7600,-5619.64,0
130.7650,-831.52,0
130.7700,-831.52,0
130.7750,-831.52,0
130.7800,-831.52,0
130.7850,-4752.48,0
130.7900,-5619.64,0
130.7950,-4972.73,0
130.8000,-901.57,0
130.8050,-901.57,0
130.8100,-901.57,0
130.8150,-551.84,0
130.8200,-551.84,0
130.8250,-650.74,0
130.8300,-650.74,0
130.8350,-892.81,0
130.8400,-1075.58,0
130.8450,-1075.58,0
130.8500,-1075.58,0
130.8550,-1578.89,0
130.8600,-1578.89,0
130.8650,-2003.61,0
130.8700,-2003.61,0
130.8750,-2003.61,0
130.8800,-2003.61,0
130.8850,-2146.05,0
130.8900,-2146.05,0
130.8950,-2214.49,0
130.9000,-2214.49,0
130.9050,-3069.97,0
130.9100,-3069.97,0
130.9150,-2988.78,0
130.9200,-2988.78,0
130.9250,-3402.83,0
130.9300,-3402.83,0
130.9350,-3865.95,0
130.9400,-3865.95,0
130.9450,-2214.49,0
130.9500,-3667.31,0
130.9550,-3667.31,0
130.9600,-3667.31,0
130.9650,-3667.31,0
130.9700,-3667.31,0
130.9750,-3238.58,0
130.9800,-3238.58,0
130.9850,-2841.97,0
130.9900,-2841.97,0
130.9950,-2511.06,0
131.0000,-2511.06,0
131.0050,-2677.49,0
131.0100,-2677.49,0
131.0150,-2677.49,0
131.0200,-3213.77,0
131.0250,-3213.77,0
131.0300,-2762.69,0
131.0350,-2762.69,0
131.0400,-2762.69,0
131.0450,-2833.23,0
131.0500,-2978.72,0
131.0550,-2677.49,0
131.0600,-2978.72,0
131.0650,-3047.97,0
131.0700,-2623.63,0
131.0750,-3136.90,0
131.0800,-3136.90,0
131.0850,-3115.69,0
131.0900,-2833.23,0
131.0950,-3115.69,0
131.1000,-3115.69,0
131.1050,-2936.40,0
131.1100,-2936.40,0
131.1150,-2836.67,0
131.1200,-2836.67,0
131.1250,-3378.45,0
131.1300,-3378.45,0
131.1350,-3378.45,0
131.1400,-3378.45,0
131.1450,-3378.45,0
131.1500,-3378.45,0
131.1550,-3113.42,0
131.1600,-3113.42,0
131.1650,-3079.90,0
131.1700,-3079.90,0
131.1750,-3087.73,0
131.1800,-3087.73,0
131.1850,-3102.80,0
131.1900,-3102.80,0
131.1950,-3124.67,0
131.2000,-3138.49,0
131.2050,-3138.49,0
131.2100,-3138.49,0
131.2150,-3111.29,0
131.2200,-3111.29,0
131.2250,-3201.81,0
131.2300,-3201.81,0
131.2350,-3335.87,0
131.2400,-3215.52,0
131.2450,-3215.52,0
131.2500,-3052.24,0
131.2550,-3120.30,0
131.2600,-3052.24,0
131.2650,-3120.30,0
131.2700,-3120.30,0
131.2750,-3083.38,0
131.2800,-3083.38,0
131.2850,-2985.82,0
131.2900,-2972.20,0
131.2950,-2972.20,0
131.3000,-2972.20,0
131.3050,-3014.62,0
131.3100,-3014.62,0
131.3150,-2926.41,0
131.3200,-2926.41,0
131.3250,-2957.85,0
131.3300,-2957.85,0
131.3350,-2976.75,0
131.3400,-3004.17,0
131.3450,-2976.75,0
131.3500,-2976.75,0
131.3550,-2969.55,0
131.3600,-3048.43,0
131.3650,-2808.07,0
131.3700,-3010.85,0
131.3750,-2808.07,0
131.3800,-3277.80,0
131.3850,-2890.74,0
131.3900,-2890.74,0
131.3950,-2907.58,0
131.4000,-2813.59,0
131.4050,-2813.59,0
131.4100,-2813.59,0
131.4150,-2833.96,0
131.4200,-2799.47,0
131.4250,-2844.59,0
131.4300,-3015.48,0
131.4350,-2887.92,0
131.4400,-2751.93,0
131.4450,-2936.07,0
131.4500,-2751.93,0
131.4550,-3018.19,0
131.4600,-2873.94,0
131.4650,-2858.87,0
131.4700,-2858.87,0
131.4750,-2911.18,0
131.4800,-2956.70,0
131.4850,-2956.70,0
131.4900,-2949.86,0
131.4950,-2949.86,0
131.5000,-2949.86,0
131.5050,-3011.10,0
131.5100,-2887.93,0
131.5150,-3004.84,0
131.5200,-3004.84,0
131.5250,-2989.31,0
131.5300,-2989.31,0
131.5350,-2989.31,0
131.5400,-2989.31,0
131.5450,-3042.65,0
131.5500,-3042.65,0
131.5550,-3066.59,0
131.5600,-3039.84,0
131.5650,-3039.84,0
131.5700,-3018.32,0
131.5750,-3018.32,0
131.5800,-2732.78,0
131.5850,-2991.18,0
131.5900,-97.09,0
131.5950,-97.09,0
131.6000,-3039.84,0
131.6050,-148.99,0
131.6100,-68.74,0
131.6150,-68.74,0
131.6200,-17.80,0
131.6250,-17.80,0
131.6300,-2989.33,0
131.6350,-18.31,0
131.6400,-3062.78,0
131.6450,-18.31,0
131.6500,-2975.47,0
131.6550,-33.24,0
131.6600,-33.24,0
131.6650,-77.99,0
131.6700,-77.99,0
131.6750,-77.99,0
131.6800,-2985.98,0
131.6850,-30.37,0
131.6900,-3094.03,0
131.6950,-144.92,0
131.7000,-144.92,0
131.7050,-174.80,0
131.7100,-174.80,0
131.7150,-174.80,0
131.7200,-3167.40,0
131.7250,-156.29,0
131.7300,-156.29,0
131.7350,-194.83,0
131.7400,-257.07,0
131.7450,-257.07,0
131.7500,-257.07,0
131.7550,-250.91,0
131.7600,-285.43,0
131.7650,-285.43,0
131.7700,-154.73,0
131.7750,-154.73,0
131.7800,-157.86,0
131.7850,-157.86,0
131.7900,-193.55,0
131.7950,-83.62,0
131.8000,-157.86,0
131.8050,-157.86,0
131.8100,-157.86,0
131.8150,54.01,0
131.8200,54.01,0
131.8250,-0.20,0
131.8300,-0.20,0
131.8350,-233.70,0
131.8400,-65.97,0
131.8450,-139.61,0
131.8500,-158.96,0
131.8550,-155.01,0
131.8600,-201.16,0
131.8650,-201.16,0
131.8700,-60.62,0
131.8750,-281.38,0
131.8800,-232.13,0
131.8850,-232.13,0
131.8900,-103.51,0
131.8950,-103.51,0
131.9000,-103.51,0
131.9050,-103.51,0
131.9100,-190.38,0
131.9150,-103.51,0
131.9200,-158.01,0
131.9250,227.32,0
131.9300,146.89,0
131.9350,146.89,0
131.9400,146.89,0
131.9450,194.78,0
131.9500,189.64,0
131.9550,189.64,0
131.9600,22.63,0
131.9650,100.17,0
131.9700,96.90,0
131.9750,96.90,0
131.9800,96.90,0
131.9850,-65.34,0
131.9900,139.63,0
131.9950,139.63,0
132.0000,90.09,0
132.0050,96.90,0
132.0100,60.58,0
132.0150,60.58,0
132.0200,-69.00,0
132.0250,-69.00,0
132.0300,-72.50,0
132.0350,-69.00,0
132.0400,-89.68,0
132.0450,-77.07,0
132.0500,-153.81,0
132.0550,153.14,0
132.0600,153.14,0
132.0650,370.58,0
132.0700,370.58,0
132.0750,502.86,0
132.0800,502.86,0
132.0850,502.86,0
132.0900,75.18,0
132.0950,-325.53,0
132.1000,203.74,0
132.1050,-348.86,0
132.1100,100.11,0
132.1150,-465.56,0
132.1200,-694.04,0
132.1250,-694.04,0
132.1300,83.42,0
132.1350,-1548.52,0
132.1400,-1548.52,0
132.1450,-1576.55,0
132.1500,-1576.55,0
132.1550,-1464.41,0
132.1600,-1464.41,0
132.1650,-1663.61,0
132.1700,-1663.61,0
132.1750,-2497.15,0
132.1800,-2497.15,0
132.1850,-2431.67,0
132.1900,-2808.99,0
132.1950,-2808.99,0
132.2000,-2808.99,0
132.2050,-2808.99,0
132.2100,-1563.51,0
132.2150,-3732.46,0
132.2200,354.42,0
132.2250,-3807.96,0
132.2300,-3807.96,0
132.2350,-4122.13,0
132.2400,-4122.13,0
132.2450,-4122.13,0
132.2500,-4122.13,0
132.2550,-4122.13,0
132.2600,-4122.13,0
132.2650,-4221.89,0
132.2700,-3867.26,0
132.2750,-3867.26,0
132.2800,-3607.20,0
132.2850,-3607.20,0
132.2900,-4018.53,0
132.2950,-4018.53,0
132.3000,-4430.17,0
132.3050,-4430.17,0
132.3100,-4290.41,0
132.3150,-4290.41,0
132.3200,-4290.41,0
132.3250,-4471.57,0
132.3300,-1640.62,0
132.3350,-4417.81,0
132.3400,-3675.34,0
132.3450,-4657.95,0
132.3500,-4657.95,0
132.3550,-4552.05,0
132.3600,-4532.70,0
132.3650,-4532.70,0
132.3700,-4532.70,0
132.3750,-4528.65,0
132.3800,-4528.65,0
132.3850,-4636.28,0
132.3900,-4636.28,0
132.3950,-3994.75,0
132.4000,-3994.75,0
132.4050,-3994.75,0
132.4100,-3994.75,0
132.4150,-3994.75,0
132.4200,-3994.75,0
132.4250,402.58,0
132.4300,469.23,0
132.4350,398.58,0
132.4400,398.58,0
132.4450,426.26,0
132.4500,426.26,0
132.4550,332.68,0
132.4600,332.68,0
132.4650,212.01,0
132.4700,212.01,0
132.4750,164.50,0
132.4800,164.50,0
132.4850,99.99,0
132.4900,99.99,0
132.4950,188.09,0
132.5000,188.09,0
132.5050,207.36,0
132.5100,365.56,0
132.5150,-4247.22,0
132.5200,234.21,0
132.5250,234.21,0
132.5300,234.21,0
132.5350,234.21,0
132.5400,234.21,0
132.5450,672.32,0
132.5500,672.32,0
132.5550,1212.25,0
132.5600,1212.25,0
132.5650,1497.65,0
132.5700,1497.65,0
132.5750,1477.53,0
132.5800,92.89,0
132.5850,1477.53,0
132.5900,2038.96,0
132.5950,2038.96,0
132.6000,2038.96,0
132.6050,2246.04,0
132.6100,2246.04,0
132.6150,3579.66,0
132.6200,4214.27,0
132.6250,4214.27,0
132.6300,4214.27,0
132.6350,4413.09,0
132.6400,4413.09,0
132.6450,4583.89,0
132.6500,4583.89,0
132.6550,4583.89,0
132.6600,4583.89,0
132.6650,1212.21,0
132.6700,4139.00,0
132.6750,4810.77,0
132.6800,5421.04,0
132.6850,5421.04,0
132.6900,5373.91,0
132.6950,3246.04,0
132.7000,5373.91,0
132.7050,5373.91,0
132.7100,5373.91,0
132.7150,5791.00,0
132.7200,5989.52,0
132.7250,5989.52,0
132.7300,5583.35,0
132.7350,890.48,0
132.7400,5711.82,0
132.7450,5623.38,0
132.7500,1295.50,0
132.7550,3921.47,0
132.7600,2223.26,0
132.7650,6671.38,0
132.7700,6477.35,0
132.7750,6477.35,0
132.7800,6477.35,0
132.7850,4415.37,0
132.7900,6611.05,0
132.7950,6611.05,0
132.8000,6496.57,0
132.8050,6496.57,0
132.8100,5898.29,0
132.8150,5898.29,0
132.8200,5439.00,0
132.8250,5439.00,0
132.8300,5313.43,0
132.8350,5313.43,0
132.8400,4989.17,0
132.8450,4989.17,0
132.8500,4989.17,0
132.8550,4989.17,0
132.8600,4989.17,0
132.8650,4989.17,0
132.8700,4427.34,0
132.8750,4427.34,0
132.8800,4198.91,0
132.8850,4198.91,0
132.8900,5654.35,0
132.8950,4103.37,0
132.9000,6807.30,0
132.9050,3869.28,0
132.9100,3869.28,0
132.9150,3451.34,0
132.9200,3451.34,0
132.9250,3451.34,0
132.9300,3451.34,0
132.9350,3292.58,0
132.9400,4657.78,0
132.9450,3236.30,0
132.9500,4167.06,0
132.9550,4167.06,0
132.9600,4167.06,0
132.9650,4770.99,0
132.9700,4770.99,0
132.9750,4770.99,0
132.9800,4770.99,0
132.9850,4973.80,0
132.9900,4973.80,0
132.9950,4177.86,0
133.0000,5944.18,0
133.0050,5944.18,0
133.0100,6103.02,0
133.0150,6103.02,0
133.0200,6103.02,0
133.0250,6103.02,0
133.0300,6103.02,0
133.0350,6746.70,0
133.0400,6746.70,0
133.0450,5821.57,0
133.0500,3235.73,0
133.0550,6103.02,0
133.0600,5919.06,0
133.0650,5919.06,0
133.0700,6035.48,0
133.0750,6035.48,0
133.0800,5615.02,0
133.0850,5709.25,0
133.0900,4484.73,0
133.0950,5769.85,0
133.1000,6035.48,0
133.1050,5691.91,0
133.1100,5691.91,0
133.1150,5508.69,0
133.1200,5508.69,0
133.1250,5508.69,0
133.1300,6071.45,0
133.1350,5508.69,0
133.1400,5508.69,0
133.1450,4439.84,0
133.1500,6137.29,0
133.1550,6137.29,0
133.1600,6072.74,0
133.1650,6072.74,0
133.1700,5903.60,0
133.1750,6042.99,0
133.1800,6064.82,0
133.1850,6064.82,0
133.1900,6064.82,0
133.1950,6064.82,0
133.2000,6011.89,0
133.2050,6011.89,0
133.2100,6066.84,0
133.2150,6066.84,0
133.2200,6066.84,0
133.2250,219.20,0
133.2300,219.20,0
133.2350,219.20,0
133.2400,219.20,0
133.2450,219.20,0
133.2500,109.16,0
133.2550,109.16,0
133.2600,133.45,0
133.2650,133.45,0
133.2700,133.45,0
133.2750,207.26,0
133.2800,207.26,0
133.2850,217.86,0
133.2900,217.86,0
133.2950,168.31,0
133.3000,168.31,0
133.3050,198.38,0
133.3100,6083.03,0
133.3150,429.18,0
133.3200,429.18,0
133.3250,154.33,0
133.3300,154.33,0
133.3350,417.25,0
133.3400,417.25,0
133.3450,601.65,0
133.3500,601.65,0
133.3550,601.65,0
133.3600,2847.77,0
133.3650,549.41,0
133.3700,549.41,0
133.3750,1198.72,0
133.3800,1198.72,0
133.3850,1091.90,0
133.3900,1091.90,0
133.3950,677.90,0
133.4000,677.90,0
133.4050,677.90,0
133.4100,631.22,0
133.4150,631.22,0
133.4200,242.22,0
133.4250,242.22,0
133.4300,969.92,0
133.4350,969.92,0
133.4400,633.24,0
133.4450,633.24,0
133.4500,633.24,0
133.4550,592.57,0
133.4600,429.59,0
133.4650,737.08,0
133.4700,846.32,0
133.4750,846.32,0
133.4800,846.32,0
133.4850,731.60,0
133.4900,737.08,0
133.4950,262.90,0
133.5000,262.90,0
133.5050,135.92,0
133.5100,135.92,0
133.5150,471.09,0
133.5200,-321.92,0
133.5250,-321.92,0
133.5300,-321.92,0
133.5350,-695.73,0
133.5400,-695.73,0
133.5450,-741.66,0
133.5500,-741.66,0
133.5550,-160.29,0
133.5600,-160.29,0
133.5650,-259.96,0
133.5700,-259.96,0
133.5750,-259.96,0
133.5800,113.36,0
133.5850,-626.13,0
133.5900,-626.13,0
133.5950,-467.10,0
133.6000,-467.10,0
133.6050,-467.10,0
133.6100,-467.10,0
133.6150,-244.49,0
133.6200,-244.49,0
133.6250,-1695.65,0
133.6300,-1695.65,0
133.6350,-1695.65,0
133.6400,-710.09,0
133.6450,-928.76,0
133.6500,-928.76,0
133.6550,377.10,0
133.6600,45.36,0
133.6650,479.78,0
133.6700,479.78,0
133.6750,479.78,0
133.6800,479.78,0
133.6850,694.86,0
133.6900,694.86,0
133.6950,694.86,0
133.7000,528.26,0
133.7050,528.26,0
133.7100,616.21,0
133.7150,616.21,0
133.7200,616.21,0
133.7250,724.52,0
133.7300,724.52,0
133.7350,682.19,0
133.7400,520.83,0
133.7450,520.83,0
133.7500,613.67,0
133.7550,613.67,0
133.7600,679.04,0
133.7650,679.04,0
133.7700,642.55,0
133.7750,642.55,0
133.7800,642.55,0
133.7850,484.74,0
133.7900,484.74,0
133.7950,484.74,0
133.8000,484.74,0
133.8050,655.23,0
133.8100,655.23,0
133.8150,597.19,0
133.8200,597.19,0
133.8250,497.39,0
133.8300,443.47,0
133.8350,569.12,0
133.8400,569.12,0
133.8450,569.12,0
133.8500,569.12,0
133.8550,611.34,0
133.8600,611.34,0
133.8650,424.37,0
133.8700,424.37,0
133.8750,567.41,0
133.8800,424.37,0
133.8850,602.70,0
133.8900,602.70,0
133.8950,613.41,0
133.9000,613.41,0
133.9050,512.71,0
133.9100,393.53,0
133.9150,446.22,0
133.9200,446.22,0
133.9250,597.36,0
133.9300,532.70,0
133.9350,591.07,0
133.9400,654.94,0
133.9450,361.28,0
133.9500,361.28,0
133.9550,427.92,0
133.9600,509.47,0
133.9650,509.47,0
133.9700,509.47,0
133.9750,561.37,0
133.9800,561.37,0
133.9850,250.44,0
133.9900,250.44,0
133.9950,-74.31,0
134.0000,-74.31,0
134.0050,61.86,0
134.0100,521.14,0
134.0150,61.86,0
134.0200,61.86,0
134.0250,602.84,0
134.0300,-44.80,0
134.0350,646.41,0
134.0400,746.17,0
134.0450,1445.63,0
134.0500,1445.63,0
134.0550,1638.50,0
134.0600,1638.50,0
134.0650,1497.22,0
134.0700,1497.22,0
134.0750,428.04,0
134.0800,1497.22,0
134.0850,1239.06,0
134.0900,1239.06,0
134.0950,1270.59,0
134.1000,1270.59,0
134.1050,1245.68,0
134.1100,1245.68,0
134.1150,1313.87,0
134.1200,1313.87,0
134.1250,1313.87,0
134.1300,1313.87,0
134.1350,2068.78,0
134.1400,2068.78,0
134.1450,2068.78,0
134.1500,2068.78,0
134.1550,2241.75,0
134.1600,2241.75,0
134.1650,2514.68,0
134.1700,2514.68,0
134.1750,2514.68,0
134.1800,2514.68,0
134.1850,2514.68,0
134.1900,3125.20,0
134.1950,3125.20,0
134.2000,3697.71,0
134.2050,3697.71,0
134.2100,4251.16,0
134.2150,4251.16,0
134.2200,4251.16,0
134.2250,4251.16,0
134.2300,4251.16,0
134.2350,4251.16,0
134.2400,3585.33,0
134.2450,3585.33,0
134.2500,3735.78,0
134.2550,3735.78,0
134.2600,3779.06,0
134.2650,3779.06,0
134.2700,3242.95,0
134.2750,3242.95,0
134.2800,3714.95,0
134.2850,3714.95,0
134.2900,3714.95,0
134.2950,3714.95,1
134.3000,4262.81,0
134.3050,4262.81,0
134.3100,4184.90,0
134.3150,4184.90,0
134.3200,3831.67,0
134.3250,2202.34,0
134.3300,4236.89,0
134.3350,4236.89,0
134.3400,4236.89,0
134.3450,4348.70,0
134.3500,3114.55,0
134.3550,3114.55,0
134.3600,3242.98,0
134.3650,3440.67,0
134.3700,3048.70,0
134.3750,3048.70,0
134.3800,2743.28,0
134.3850,2743.28,0
134.3900,2743.28,0
134.3950,2743.28,0
134.4000,2438.32,0
134.4050,2438.32,0
134.4100,2129.84,0
134.4150,2129.84,0
134.4200,2223.50,0
134.4250,2223.50,0
134.4300,4306.56,0
134.4350,2466.66,0
134.4400,2466.66,0
134.4450,2466.66,0
134.4500,2209.06,0
134.4550,2209.06,0
134.4600,2041.27,0
134.4650,2874.90,0
134.4700,2874.90,0
134.4750,2782.61,0
134.4800,2782.61,0
134.4850,2782.61,0
134.4900,3058.11,0
134.4950,3058.11,0
134.5000,3097.30,0
134.5050,2041.27,0
134.5100,3097.30,0
134.5150,3097.30,0
134.5200,2258.09,0
134.5250,2836.87,0
134.5300,2747.57,0
134.5350,2869.43,0
134.5400,2616.24,0
134.5450,2869.43,0
134.5500,3360.76,0
134.5550,3360.76,0
134.5600,3360.76,0
134.5650,3360.76,0
134.5700,4625.17,0
134.5750,4625.17,0
134.5800,4076.65,0
134.5850,4076.65,0
134.5900,4076.65,0
134.5950,4076.65,0
134.6000,4076.65,0
134.6050,4076.65,0
134.6100,4639.33,0
134.6150,2729.94,0
134.6200,4192.43,0
134.6250,4192.43,0
134.6300,4187.38,0
134.6350,4187.38,0
134.6400,4656.56,0
134.6450,4656.56,0
134.6500,4493.67,0
134.6550,4493.67,0
134.6600,4493.67,0
134.6650,4493.67,0
134.6700,4236.78,0
134.6750,4402.60,0
134.6800,4149.58,0
134.6850,4402.60,0
134.6900,4740.81,0
134.6950,4740.81,0
134.7000,3970.69,0
134.7050,4402.59,0
134.7100,3804.56,0
134.7150,4480.33,0
134.7200,4480.33,0
134.7250,4480.33,0
134.7300,4525.07,0
134.7350,4525.07,0
134.7400,3214.60,0
134.7450,3214.60,0
134.7500,3233.35,0
134.7550,3233.35,0
134.7600,3412.09,0
134.7650,3412.09,0
134.7700,3412.09,0
134.7750,4480.33,0
134.7800,3989.49,0
134.7850,3989.49,0
134.7900,3956.76,0
134.7950,3956.76,0
134.8000,3779.73,0
134.8050,3779.73,0
134.8100,4202.06,0
134.8150,4202.06,0
134.8200,5522.20,0
134.8250,5522.20,0
134.8300,5522.20,0
134.8350,5522.20,0
134.8400,5778.62,0
134.8450,5709.66,0
134.8500,5577.94,0
134.8550,1190.59,0
134.8600,1190.59,0
134.8650,832.83,0
134.8700,832.83,0
134.8750,832.83,0
134.8800,898.73,0
134.8850,898.73,0
134.8900,934.76,0
134.8950,934.76,0
134.9000,282.58,0
134.9050,282.58,0
134.9100,-3.55,0
134.9150,-3.55,0
134.9200,3519.42,0
134.9250,3.01,0
134.9300,152.09,0
134.9350,152.09,0
134.9400,152.09,0
134.9450,152.09,0
134.9500,-54.61,0
134.9550,-54.61,0
134.9600,-82.90,0
134.9650,-82.90,0
134.9700,19.28,0
134.9750,152.78,0
134.9800,-777.51,0
134.9850,-777.51,0
134.9900,-777.51,0
134.9950,-777.51,0
135.0000,-777.51,0
135.0050,-777.51,0
135.0100,-1057.89,0
135.0150,-1057.89,0
135.0200,-246.26,0
135.0250,-246.26,0
135.0300,-27.73,0
135.0350,-27.73,0
135.0400,-27.73,0
135.0450,-27.73,0
135.0500,-762.31,0
135.0550,-27.73,0
135.0600,-78.88,0
135.0650,960.99,0
135.0700,-70.81,0
135.0750,-18.13,0
135.0800,-18.13,0
135.0850,-18.13,0
135.0900,-7.97,0
135.0950,-7.97,0
135.1000,-47.44,0
135.1050,-47.44,0
135.1100,6.30,0
135.1150,6.30,0
135.1200,-38.29,0
135.1250,-38.29,0
135.1300,-54.43,0
135.1350,-99.67,0
135.1400,-85.22,0
135.1450,-85.22,0
135.1500,-29.03,0
135.1550,-29.03,0
135.1600,-29.03,0
135.1650,-29.03,0
135.1700,86.02,0
135.1750,58.99,0
135.1800,58.99,0
135.1850,10.37,0
135.1900,10.37,0
135.1950,74.02,0
135.2000,74.02,0
135.2050,-234.76,0
135.2100,-234.76,0
135.2150,-431.20,0
135.2200,-431.20,0
135.2250,-431.20,0
135.2300,12.24,0
135.2350,-366.01,0
135.2400,-969.33,0
135.2450,-296.34,0
135.2500,-296.34,0
135.2550,-296.34,0
135.2600,-406.66,0
135.2650,-406.66,0
135.2700,-454.27,0
135.2750,-454.27,0
135.2800,-687.48,0
135.2850,-687.48,0
135.2900,-89.32,0
135.2950,-280.80,0
135.3000,-419.47,0
135.3050,-457.88,0
135.3100,-457.88,0
135.3150,-717.61,0
135.3200,-717.61,0
135.3250,-974.28,0
135.3300,-974.28,0
135.3350,-424.43,0
135.3400,-424.43,0
135.3450,-479.47,0
135.3500,-479.47,0
135.3550,-479.47,0
135.3600,-479.47,0
135.3650,-479.47,0
135.3700,-479.47,0
135.3750,-307.32,0
135.3800,-307.32,0
135.3850,-468.46,0
135.3900,-468.46,0
135.3950,-531.30,0
135.4000,-728.77,0
135.4050,-634.76,0
135.4100,-728.77,0
135.4150,-728.77,0
135.4200,-728.77,0
135.4250,-439.33,0
135.4300,-439.33,0
135.4350,-746.00,0
135.4400,-717.94,0
135.4450,-984.25,0
135.4500,-501.81,0
135.4550,-459.19,0
135.4600,-459.19,0
135.4650,-438.31,0
135.4700,-444.24,0
135.4750,-444.24,0
135.4800,-444.24,0
135.4850,-439.33,0
135.4900,-979.77,0
135.4950,-330.39,0
135.5000,-330.39,0
135.5050,-478.39,0
135.5100,-478.39,0
135.5150,-779.94,0
135.5200,-779.94,0
135.5250,-1471.77,0
135.5300,-1471.77,0
135.5350,-1453.41,0
135.5400,-1453.41,0
135.5450,-1355.88,0
135.5500,-1355.88,0
135.5550,-1683.45,0
135.5600,-1683.45,0
135.5650,-1683.45,0
135.5700,-1683.45,0
135.5750,-2437.45,0
135.5800,-2437.45,0
135.5850,-2458.46,0
135.5900,-2458.46,0
135.5950,-2458.46,0
135.6000,-2029.58,0
135.6050,-2458.46,0
135.6100,-2600.88,0
135.6150,-2600.88,0
135.6200,-3337.01,0
135.6250,-4729.41,0
135.6300,-4729.41,0
135.6350,-779.87,0
135.6400,-5332.87,0
135.6450,-5332.87,0
135.6500,-5332.87,0
135.6550,-5656.30,0
135.6600,-5656.30,0
135.6650,-5656.30,0
135.6700,-5656.30,0
135.6750,-5656.30,0
135.6800,780.79,0
135.6850,780.79,0
135.6900,453.47,0
135.6950,453.47,0
135.7000,123.66,0
135.7050,123.66,0
135.7100,248.53,0
135.7150,248.53,0
135.7200,861.00,0
135.7250,861.00,0
135.7300,378.42,0
135.7350,-543.67,0
135.7400,-543.67,0
135.7450,-378.93,0
135.7500,-378.93,0
135.7550,-628.82,0
135.7600,-628.82,0
135.7650,-649.45,0
135.7700,-534.56,0
135.7750,497.91,0
135.7800,-528.30,0
135.7850,343.23,0
135.7900,-1360.08,0
135.7950,-1597.19,0
135.8000,-1597.19,0
135.8050,-1597.19,0
135.8100,-1521.39,0
135.8150,455.77,0
135.8200,705.29,0
135.8250,-2514.77,0
135.8300,-2514.77,0
135.8350,-2581.94,0
135.8400,-2581.94,0
135.8450,-598.09,0
135.8500,-2514.85,0
135.8550,-2514.85,0
135.8600,-2514.85,0
135.8650,-1612.68,0
135.8700,-2422.59,0
135.8750,-2422.59,0
135.8800,-2385.22,0
135.8850,-2385.22,0
135.8900,-2507.26,0
135.8950,-2507.26,0
135.9000,-2908.27,0
135.9050,-2908.27,0
135.9100,-3308.24,0
135.9150,-3308.24,0
135.9200,78.86,0
135.9250,-3573.39,0
135.9300,-3573.39,0
135.9350,-3573.39,0
135.9400,-3470.18,0
135.9450,-3427.46,0
135.9500,-4481.09,0
135.9550,-4481.09,0
135.9600,-4549.71,0
135.9650,-4549.71,0
135.9700,-2391.34,0
135.9750,-4481.09,0
135.9800,-4857.37,0
135.9850,-4857.37,0
135.9900,-5263.06,0
135.9950,-5263.06,0
136.0000,-5263.06,0
136.0050,-5263.06,0
136.0100,-5432.89,0
136.0150,-5432.89,0
136.0200,-5853.20,0
136.0250,-5853.20,0
136.0300,-6245.66,0
136.0350,-6245.66,0
136.0400,-6513.09,0
136.0450,-6513.09,0
136.0500,-6513.09,0
136.0550,-6513.09,0
136.0600,-6819.62,0
136.0650,-6819.62,0
136.0700,-7420.97,0
136.0750,-7420.97,0
136.0800,-7486.02,0
136.0850,-7486.02,0
136.0900,-7392.15,0
136.0950,-7815.63,0
136.1000,-7815.63,0
136.1050,-8405.94,0
136.1100,-8405.94,0
136.1150,-8405.94,0
136.1200,-5459.24,0
136.1250,-7463.49,0
136.1300,-8465.24,0
136.1350,-8465.24,0
136.1400,-8360.16,0
136.1450,-8360.16,0
136.1500,-8790.20,0
136.1550,-8790.20,0
136.1600,-9181.28,0
136.1650,-9453.66,0
136.1700,-9453.66,0
136.1750,-9453.66,0
136.1800,-9762.32,0
136.1850,-9762.32,0
136.1900,-10364.84,0
136.1950,-10364.84,0
136.2000,-10425.09,0
136.2050,-10425.09,0
136.2100,-10329.01,0
136.2150,-10329.01,0
136.2200,-9453.66,0
136.2250,-9453.66,0
136.2300,-11347.84,0
136.2350,-11347.84,0
136.2400,-11347.84,0
136.2450,-11347.84,0
136.2500,-11421.65,0
136.2550,-11421.65,0
136.2600,-11746.46,0
136.2650,-10414.42,0
136.2700,-11746.46,0
136.2750,-11746.46,0
136.2800,-12118.37,0
136.2850,-12407.49,0
136.2900,-12407.49,0
136.2950,-12407.49,0
136.3000,-12721.73,0
136.3050,-12721.73,0
136.3100,-13309.66,0
136.3150,-13309.66,0
136.3200,-13309.66,0
136.3250,-13309.66,0
136.3300,-9473.85,0
136.3350,-13374.44,0
136.3400,-13258.96,0
136.3450,-13258.96,0
136.3500,-14287.19,0
136.3550,-14287.19,0
136.3600,-14075.59,0
136.3650,-14366.42,0
136.3700,-14366.42,0
136.3750,-14366.42,0
136.3800,-14235.43,0
136.3850,-14235.43,0
136.3900,-14235.43,0
136.3950,-14235.43,0
136.4000,-15281.52,0
136.4050,-15281.52,0
136.4100,-15354.46,0
136.4150,-15354.46,0
136.4200,-15566.19,0
136.4250,-15566.19,0
136.4300,-15285.55,0
136.4350,-15285.55,0
136.4400,-15285.55,0
136.4450,-15285.55,0
136.4500,-15361.32,0
136.4550,-15361.32,0
136.4600,-15195.52,0
136.4650,-15195.52,0
136.4700,-15573.25,0
136.4750,-15573.25,0
136.4800,-15289.69,0
136.4850,-14235.24,0
136.4900,-13757.60,0
136.4950,228.24,0
136.5000,228.24,0
136.5050,228.24,0
136.5100,-45.90,0
136.5150,-45.90,0
136.5200,726.86,0
136.5250,726.86,0
136.5300,421.85,0
136.5350,421.85,0
136.5400,437.69,0
136.5450,437.69,0
136.5500,324.06,0
136.5550,324.06,0
136.5600,653.47,0
136.5650,-15254.31,0
136.5700,439.12,0
136.5750,439.12,0
136.5800,337.32,0
136.5850,337.32,0
136.5900,112.36,0
136.5950,112.36,0
136.6000,112.36,0
136.6050,112.36,0
136.6100,451.51,0
136.6150,451.51,0
136.6200,427.73,0
136.6250,427.73,0
136.6300,124.89,0
136.6350,124.89,0
136.6400,645.71,0
136.6450,645.71,0
136.6500,645.71,0
136.6550,645.71,0
136.6600,428.40,0
136.6650,428.40,0
136.6700,318.61,0
136.6750,645.14,0
136.6800,645.14,0
136.6850,645.14,0
136.6900,318.61,0
136.6950,445.17,0
136.7000,445.77,0
136.7050,445.77,0
136.7100,112.34,0
136.7150,311.32,0
136.7200,135.79,0
136.7250,135.79,0
136.7300,351.79,0
136.7350,351.79,0
136.7400,-529.11,0
136.7450,-529.11,0
136.7500,-688.65,0
136.7550,-688.65,0
136.7600,-829.35,0
136.7650,-829.35,0
136.7700,-343.71,0
136.7750,-343.71,0
136.7800,-1493.51,0
136.7850,-1493.51,0
136.7900,-1690.07,0
136.7950,-1690.07,0
136.8000,-1690.07,0
136.8050,-1690.07,0
136.8100,-1798.18,0
136.8150,-1798.18,0
136.8200,-1331.25,0
136.8250,-2664.31,0
136.8300,-2664.31,0
136.8350,-2664.31,0
136.8400,-2664.31,0
136.8450,-2311.81,0
136.8500,-2311.81,0
136.8550,-2217.38,0
136.8600,-3448.76,0
136.8650,-163.81,0
136.8700,461.01,0
136.8750,-3752.42,0
136.8800,-3752.42,0
136.8850,-3757.61,0
136.8900,-1626.21,0
136.8950,-3757.61,0
136.9000,-5324.89,0
136.9050,-5324.89,0
136.9100,-3654.87,0
136.9150,-5664.69,0
136.9200,-5698.92,0
136.9250,-5698.92,0
136.9300,-5644.98,0
136.9350,-5644.98,0
136.9400,-5762.00,0
136.9450,-5762.00,0
136.9500,-6678.16,0
136.9550,-1610.09,0
136.9600,-6657.28,0
136.9650,-6657.28,0
136.9700,-6657.28,0
136.9750,-6657.28,0
136.9800,-6657.28,0
136.9850,-7240.99,0
136.9900,-7240.99,0
136.9950,-7240.99,0
137.0000,-7626.07,0
137.0050,-7626.07,0
137.0100,-7600.60,0
137.0150,-7600.60,0
137.0200,-7600.60,0
137.0250,-7600.60,0
137.0300,-7600.60,0
137.0350,-7600.60,0
137.0400,-8629.16,0
137.0450,-6662.07,0
137.0500,-8588.63,0
137.0550,-8588.63,0
137.0600,-8659.90,0
137.0650,-8659.90,0
137.0700,-9616.01,0
137.0750,-7241.03,0
137.0800,-9588.39,0
137.0850,-9588.39,0
137.0900,-9588.39,0
137.0950,-9588.39,0
137.1000,-9588.39,0
137.1050,-9588.39,0
137.1100,-10177.17,0
137.1150,-10606.70,0
137.1200,-6597.03,0
137.1250,-10606.70,0
137.1300,-10564.70,0
137.1350,-10617.44,0
137.1400,-10617.44,0
137.1450,-11162.89,0
137.1500,-7610.07,0
137.1550,-7579.54,0
137.1600,-9609.83,0
137.1650,-11537.64,0
137.1700,-11537.64,0
137.1750,-11597.48,0
137.1800,-11597.48,0
137.1850,-11597.48,0
137.1900,-12133.12,0
137.1950,-12133.12,0
137.2000,-10475.12,0
137.2050,-12515.94,0
137.2100,-12515.94,0
137.2150,-12515.94,0
137.2200,-12571.33,0
137.2250,-13119.66,0
137.2300,-13119.66,0
137.2350,-13492.35,0
137.2400,-13492.35,0
137.2450,-13492.35,0
137.2500,-13492.35,0
137.2550,-13492.35,0
137.2600,-13492.35,0
137.2650,-9646.46,0
137.2700,-13511.04,0
137.2750,-14533.02,0
137.2800,-10525.91,0
137.2850,-14533.02,0
137.2900,-14533.02,0
137.2950,-14472.57,0
137.3000,-14472.57,0
137.3050,-1804.87,0
137.3100,-1804.87,0
137.3150,-1804.87,0
137.3200,-1804.87,0
137.3250,-1915.04,0
137.3300,-1915.04,0
137.3350,-1645.90,0
137.3400,-12518.12,0
137.3450,-2158.29,0
137.3500,-2158.29,0
137.3550,-1562.10,0
137.3600,-1562.10,0
137.3650,-1562.10,0
137.3700,-1562.10,0
137.3750,-1562.10,0
137.3800,-1562.10,0
137.3850,-2966.28,0
137.3900,-2966.28,0
137.3950,-2540.96,0
137.4000,-2540.96,0
137.4050,-1270.61,0
137.4100,-3313.90,0
137.4150,-3769.53,0
137.4200,-3769.53,0
137.4250,-3769.53,0
137.4300,-4145.29,0
137.4350,-4145.29,0
137.4400,-4145.29,0
137.4450,-4145.29,0
137.4500,-3338.61,0
137.4550,-3338.61,0
137.4600,-3748.50,0
137.4650,-3748.50,0
137.4700,-4240.48,0
137.4750,-4328.44,0
137.4800,-4413.93,0
137.4850,-4413.93,0
137.4900,-4413.93,0
137.4950,-4360.04,0
137.5000,-4360.04,0
137.5050,-4890.68,0
137.5100,-4890.68,0
137.5150,-4385.83,0
137.5200,-4385.83,0
137.5250,-4385.83,0
137.5300,-4361.60,0
137.5350,-4361.60,0
137.5400,-4591.78,0
137.5450,-4007.86,0
137.5500,-4007.86,0
137.5550,-4180.83,0
137.5600,-4180.83,0
137.5650,-4399.29,0
137.5700,-4342.86,0
137.5750,-4342.86,0
137.5800,-4617.59,0
137.5850,-4617.59,0
137.5900,-4166.06,0
137.5950,-4166.06,0
137.6000,-4437.76,0
137.6050,-3886.72,0
137.6100,-4437.76,0
137.6150,-4437.76,0
137.6200,-4597.86,0
137.6250,-4335.98,0
137.6300,-4021.29,0
137.6350,-4021.29,0
137.6400,-4435.62,0
137.6450,-4435.62,0
137.6500,-4334.61,0
137.6550,-4334.61,0
137.6600,-4334.61,0
137.6650,-4015.56,0
137.6700,-4015.56,0
137.6750,-4158.60,0
137.6800,-4158.60,0
137.6850,-4158.60,0
137.6900,-4328.43,0
137.6950,-4604.61,0
137.7000,-4604.61,0
137.7050,-4604.61,0
137.7100,-4002.41,0
137.7150,-4170.69,0
137.7200,-4170.69,0
137.7250,-4170.69,0
137.7300,-4435.48,0
137.7350,-4435.48,0
137.7400,-4435.48,0
137.7450,-4598.82,0
137.7500,-4598.82,0
137.7550,-4598.82,0
137.7600,-4096.84,0
137.7650,-4154.88,0
137.7700,-4344.31,0
137.7750,-4344.31,0
137.7800,-4344.31,0
137.7850,-4344.31,0
137.7900,-4393.08,0
137.7950,-4321.51,0
137.8000,-4321.51,0
137.8050,-4321.51,0
137.8100,-4387.10,0
137.8150,-4387.10,0
137.8200,-4387.10,0
137.8250,-4387.10,0
137.8300,-4000.73,0
137.8350,-5295.48,0
137.8400,-5295.48,0
137.8450,-5295.48,0
137.8500,-5334.53,0
137.8550,-5334.53,0
137.8600,-5525.60,0
137.8650,-5525.60,0
137.8700,-5490.13,0
137.8750,-5490.13,0
137.8800,-6276.20,0
137.8850,-6276.20,0
137.8900,-6315.43,0
137.8950,-6315.43,0
137.9000,-6360.58,0
137.9050,-6360.58,0
137.9100,-6360.58,0
137.9150,-6360.58,0
137.9200,-6377.84,0
137.9250,-6377.84,0
137.9300,-6302.03,0
137.9350,-6302.03,0
137.9400,-6502.29,0
137.9450,-6502.29,0
137.9500,-6502.29,0
137.9550,-6502.29,0
137.9600,-7247.00,0
137.9650,-7247.00,0
137.9700,-7303.03,0
137.9750,-7482.89,0
137.9800,-6421.24,0
137.9850,-6377.85,0
137.9900,-7457.41,0
137.9950,-7457.41,0
138.0000,-7457.41,0
138.0050,-7457.41,0
138.0100,-8285.72,0
138.0150,-8285.72,0
138.0200,-8309.10,0
138.0250,-8438.40,0
138.0300,-8438.40,0
138.0350,-8438.40,0
138.0400,-9214.22,0
138.0450,-9214.22,0
138.0500,-9271.00,0
138.0550,-9288.97,0
138.0600,-6426.15,0
138.0650,-9288.97,0
138.0700,-9288.97,0
138.0750,-9288.97,0
138.0800,-10188.58,0
138.0850,-6819.42,0
138.0900,-10257.92,0
138.0950,-10349.41,0
138.1000,-10257.92,0
138.1050,-7393.44,0
138.1100,-10438.16,0
138.1150,-8882.59,0
138.1200,-8882.59,0
138.1250,-615.39,0
138.1300,-9349.92,0
138.1350,-8882.59,0
138.1400,-703.20,0
138.1450,-389.05,0
138.1500,-389.05,0
138.1550,-7247.24,0
138.1600,-389.05,0
138.1650,-472.71,0
138.1700,-472.71,0
138.1750,-422.52,0
138.1800,-422.52,0
138.1850,-422.52,0
138.1900,-422.52,0
138.1950,-430.54,0
138.2000,-430.54,0
138.2050,-488.75,0
138.2100,-488.75,0
138.2150,-594.77,0
138.2200,-225.41,0
138.2250,-594.77,0
138.2300,-594.77,0
138.2350,-19.65,0
138.2400,-564.11,0
138.2450,-491.65,0
138.2500,-491.65,0
138.2550,-592.87,0
138.2600,-592.87,0
138.2650,-592.87,0
138.2700,-592.87,0
138.2750,-592.87,0
138.2800,-592.87,0
138.2850,-544.41,0
138.2900,-430.85,0
138.2950,-430.85,0
138.3000,-418.68,0
138.3050,-418.68,0
138.3100,-427.86,0
138.3150,-427.86,0
138.3200,-12.37,0
138.3250,-483.12,0
138.3300,-483.12,0
138.3350,-220.80,0
138.3400,-409.83,0
138.3450,-409.83,0
138.3500,-604.07,0
138.3550,-604.07,0
138.3600,-90.56,0
138.3650,-483.12,0
138.3700,-14.92,0
138.3750,-14.92,0
138.3800,-591.26,0
138.3850,-418.69,0
138.3900,-425.08,0
138.3950,-425.08,0
138.4000,-425.08,0
138.4050,-14.92,0
138.4100,-488.79,0
138.4150,-488.79,0
138.4200,-222.58,0
138.4250,-413.48,0
138.4300,-426.57,0
138.4350,-410.82,0
138.4400,-13.08,0
138.4450,-13.08,0
138.4500,-13.08,0
138.4550,-406.99,0
138.4600,-425.08,0
138.4650,-406.99,0
138.4700,-12.94,0
138.4750,-605.04,0
138.4800,-605.04,0
138.4850,-605.04,0
138.4900,-426.57,0
138.4950,-418.23,0
138.5000,-401.60,0
138.5050,-401.60,0
138.5100,-604.80,0
138.5150,-13.08,0
138.5200,-418.68,0
138.5250,-418.68,0
138.5300,-507.81,0
138.5350,-401.46,0
138.5400,-401.46,0
138.5450,-516.82,0
138.5500,-524.68,0
138.5550,-516.82,0
138.5600,-967.33,0
138.5650,-967.33,0
138.5700,-967.33,0
138.5750,-1357.60,0
138.5800,-1357.60,0
138.5850,-1596.96,0
138.5900,-1596.96,0
138.5950,-1947.75,0
138.6000,-1947.75,0
138.6050,-1947.75,0
138.6100,-158.19,0
138.6150,-2496.91,0
138.6200,-2496.91,0
138.6250,-2496.91,0
138.6300,-2496.91,0
138.6350,-2496.91,0
138.6400,-2362.94,0
138.6450,-2362.94,0
138.6500,-2472.24,0
138.6550,-2472.24,0
138.6600,-2349.03,0
138.6650,-2349.03,0
138.6700,-2577.90,0
138.6750,-2577.90,0
138.6800,-2463.72,0
138.6850,-2463.72,0
138.6900,-2941.59,0
138.6950,-2941.59,0
138.7000,-3313.64,0
138.7050,-3313.64,0
138.7100,-3316.95,0
138.7150,-3414.87,0
138.7200,-3567.73,0
138.7250,-3567.73,0
138.7300,-405.34,0
138.7350,-3567.73,0
138.7400,-4462.28,0
138.7450,-4462.28,0
138.7500,-1614.02,0
138.7550,-4547.15,0
138.7600,-4423.30,0
138.7650,-4423.30,0
138.7700,-5460.94,0
138.7750,-5460.94,0
138.7800,-5286.18,0
138.7850,-5286.18,0
138.7900,-3917.18,0
138.7950,-5492.04,0
138.8000,-5422.56,0
138.8050,-5422.56,0
138.8100,-5422.56,0
138.8150,-5422.56,0
138.8200,-5510.62,0
138.8250,-5510.62,0
138.8300,-5566.62,0
138.8350,-4547.13,0
138.8400,-5364.43,0
138.8450,-5761.31,0
138.8500,-5761.31,0
138.8550,-3320.34,0
138.8600,-5496.07,0
138.8650,-5576.11,0
138.8700,-5576.11,0
138.8750,-3936.25,0
138.8800,-5410.46,0
138.8850,-5774.90,0
138.8900,-5774.90,0
138.8950,-5774.90,0
138.9000,-5226.84,0
138.9050,-5226.84,0
138.9100,-5226.84,0
138.9150,-5226.84,0
138.9200,-5378.95,0
138.9250,-5378.95,0
138.9300,-5492.55,0
138.9350,-5546.81,0
138.9400,1371.20,0
138.9450,1371.20,0
138.9500,1684.95,0
138.9550,1684.95,0
138.9600,1267.24,0
138.9650,1684.95,0
138.9700,1383.51,0
138.9750,-5761.53,0
138.9800,490.14,0
138.9850,542.18,0
138.9900,542.18,0
138.9950,542.18,0
139.0000,373.25,0
139.0050,373.25,0
139.0100,-360.04,0
139.0150,-360.04,0
139.0200,-360.04,0
139.0250,-431.20,0
139.0300,-431.20,0
139.0350,-431.20,0
139.0400,-619.23,0
139.0450,-5469.85,0
139.0500,-602.73,0
139.0550,-360.04,0
139.0600,-327.86,0
139.0650,-327.86,0
139.0700,-327.86,0
139.0750,-327.86,0
139.0800,-580.41,0
139.0850,-626.91,0
139.0900,482.74,0
139.0950,-1489.67,0
139.1000,-1489.67,0
139.1050,-1411.85,0
139.1100,-1411.85,0
139.1150,-5962.20,0
139.1200,-1411.85,0
139.1250,-1585.29,0
139.1300,-1585.29,0
139.1350,-1585.29,0
139.1400,-1857.56,0
139.1450,-1857.56,0
139.1500,340.12,0
139.1550,-1560.85,0
139.1600,-1560.85,0
139.1650,-1560.85,0
139.1700,-1560.85,0
139.1750,-1560.85,0
139.1800,918.97,0
139.1850,-1560.85,0
139.1900,-1313.76,0
139.1950,-1313.76,0
139.2000,-1554.46,0
139.2050,-1612.32,0
139.2100,-1612.32,0
139.2150,-1612.32,0
139.2200,-1851.27,0
139.2250,-1851.27,0
139.2300,-1311.79,0
139.2350,-1496.89,0
139.2400,-1496.89,0
139.2450,-1496.89,0
139.2500,-1615.87,0
139.2550,-1615.87,0
139.2600,-1615.87,0
139.2650,-1615.87,0
139.2700,-1841.20,0
139.2750,-1841.20,0
139.2800,-1551.47,0
139.2850,-1551.47,0
139.2900,-1551.47,0
139.2950,-1551.47,1
139.3000,-1837.42,0
139.3050,-1837.42,0
139.3100,-1634.58,0
139.3150,-1323.42,0
139.3200,-1553.32,0
139.3250,-1621.57,0
139.3300,-1627.00,0
139.3350,-1627.00,0
139.3400,-1627.00,0
139.3450,-1324.08,0
139.3500,-1324.08,0
139.3550,-1496.41,0
139.3600,-1496.41,0
139.3650,-1496.41,0
139.3700,-1496.41,0
139.3750,-1551.46,0
139.3800,-1836.00,0
139.3850,-1536.57,0
139.3900,-1831.13,0
139.3950,-1831.13,0
139.4000,-1553.53,0
139.4050,-1627.00,0
139.4100,-1540.31,0
139.4150,-1540.31,0
139.4200,-1836.01,0
139.4250,-1830.39,0
139.4300,-1830.39,0
139.4350,-1328.25,0
139.4400,-1328.25,0
139.4450,-1538.55,0
139.4500,-1538.55,0
139.4550,-1634.39,0
139.4600,-1634.39,0
139.4650,-1827.83,0
139.4700,-1827.83,0
139.4750,-1309.84,0
139.4800,-1497.88,0
139.4850,-1528.26,0
139.4900,-1528.26,0
139.4950,-1637.43,0
139.5000,-1637.43,0
139.5050,-1637.43,0
139.5100,-1637.43,0
139.5150,-1489.62,0
139.5200,-1489.62,0
139.5250,-1489.62,0
139.5300,-1489.62,0
139.5350,-1537.19,0
139.5400,-1876.43,0
139.5450,-1335.90,0
139.5500,-1335.90,0
139.5550,-1335.90,0
139.5600,-1335.90,0
139.5650,-1537.28,0
139.5700,-1489.76,0
139.5750,-1642.68,0
139.5800,-1642.68,0
139.5850,-1333.21,0
139.5900,-1333.21,0
139.5950,-1495.23,0
139.6000,-1495.23,0
139.6050,-1526.26,0
139.6100,-1489.76,0
139.6150,-1643.11,0
139.6200,-1842.31,0
139.6250,-1643.11,0
139.6300,-1822.43,0
139.6350,-1822.43,0
139.6400,-1028.54,0
139.6450,-1028.54,0
139.6500,-1437.57,0
139.6550,-370.93,0
139.6600,-740.23,0
139.6650,-740.23,0
139.6700,-373.62,0
139.6750,-373.62,0
139.6800,-373.62,0
139.6850,-1530.25,0
139.6900,-1530.25,0
139.6950,-1530.25,0
139.7000,-1877.05,0
139.7050,-1441.83,0
139.7100,-1702.12,0
139.7150,-1702.12,0
139.7200,-1836.55,0
139.7250,-1869.72,0
139.7300,-1869.72,0
139.7350,-2839.22,0
139.7400,-2839.22,0
139.7450,-2944.63,0
139.7500,-2944.63,0
139.7550,158.98,0
139.7600,158.98,0
139.7650,873.15,0
139.7700,873.15,0
139.7750,1059.76,0
139.7800,1059.76,0
139.7850,835.30,0
139.7900,835.30,0
139.7950,-1523.47,0
139.8000,-1869.72,0
139.8050,1008.66,0
139.8100,-1765.67,0
139.8150,-806.86,0
139.8200,1027.07,0
139.8250,1131.00,0
139.8300,-1868.45,0
139.8350,1131.00,0
139.8400,1131.00,0
139.8450,-1769.49,0
139.8500,1343.91,0
139.8550,1379.45,0
139.8600,1379.45,0
139.8650,1057.66,0
139.8700,1057.66,0
139.8750,1057.66,0
139.8800,1035.98,0
139.8850,-1772.74,0
139.8900,961.86,0
139.8950,1075.95,0
139.9000,979.87,0
139.9050,1004.67,0
139.9100,953.43,0
139.9150,953.43,0
139.9200,953.43,0
139.9250,953.43,0
139.9300,952.87,0
139.9350,952.58,0
139.9400,951.61,0
139.9450,951.61,0
139.9500,1012.39,0
139.9550,1012.39,0
139.9600,1012.39,0
139.9650,1012.39,0
139.9700,1028.01,0
139.9750,1028.01,0
139.9800,1043.31,0
139.9850,1043.31,0
139.9900,1088.74,0
139.9950,978.65,0
140.0000,978.65,0
140.0050,978.65,0
140.0100,978.65,0
140.0150,978.65,0
140.0200,996.16,0
140.0250,953.31,0
140.0300,899.40,0
140.0350,899.40,0
140.0400,904.43,0
140.0450,911.91,0
140.0500,911.91,0
140.0550,927.64,0
140.0600,927.64,0
140.0650,897.80,0
140.0700,897.80,0
140.0750,997.62,0
140.0800,960.18,0
140.0850,948.67,0
140.0900,961.14,0
140.0950,977.25,0
140.1000,977.25,0
140.1050,974.50,0
140.1100,974.50,0
140.1150,870.05,0
140.1200,897.80,0
140.1250,644.85,0
140.1300,644.85,0
140.1350,870.39,0
140.1400,870.39,0
140.1450,937.36,0
140.1500,937.36,0
140.1550,937.36,0
140.1600,937.36,0
140.1650,937.36,0
140.1700,937.36,0
140.1750,919.76,0
140.1800,919.76,0
140.1850,929.09,0
140.1900,929.09,0
140.1950,872.49,0
140.2000,872.49,0
140.2050,1563.10,0
140.2100,924.22,0
140.2150,1289.30,0
140.2200,1289.30,0
140.2250,686.18,0
140.2300,1072.81,0
140.2350,1072.81,0
140.2400,1072.81,0
140.2450,1072.81,0
140.2500,1280.00,0
140.2550,1072.81,0
140.2600,1252.03,0
140.2650,1252.03,0
140.2700,1360.84,0
140.2750,690.86,0
140.2800,569.79,0
140.2850,569.79,0
140.2900,569.79,0
140.2950,211.74,0
140.3000,211.74,0
140.3050,475.62,0
140.3100,475.62,0
140.3150,692.08,0
140.3200,692.08,0
140.3250,692.08,0
140.3300,692.08,0
140.3350,1246.93,0
140.3400,1670.54,0
140.3450,1670.54,0
140.3500,1281.76,0
140.3550,1281.76,0
140.3600,1495.69,0
140.3650,1495.69,0
140.3700,1495.69,0
140.3750,1495.69,0
140.3800,1859.83,0
140.3850,1859.83,0
140.3900,1975.46,0
140.3950,1975.46,0
140.4000,1975.46,0
140.4050,3043.69,0
140.4100,2923.41,0
140.4150,2923.41,0
140.4200,2923.41,0
140.4250,2923.41,0
140.4300,2923.41,0
140.4350,3023.04,0
140.4400,1165.14,0
140.4450,3025.46,0
140.4500,3306.47,0
140.4550,3306.47,0
140.4600,3270.32,0
140.4650,3270.32,0
140.4700,696.93,0
140.4750,3086.12,0
140.4800,3086.12,0
140.4850,3086.12,0
140.4900,2958.73,0
140.4950,2958.73,0
140.5000,2854.67,0
140.5050,2984.82,0
140.5100,2854.67,0
140.5150,2744.85,0
140.5200,2744.85,0
140.5250,2658.86,0
140.5300,2658.86,0
140.5350,2807.20,0
140.5400,2807.20,0
140.5450,1137.57,0
140.5500,2839.29,0
140.5550,2839.29,0
140.5600,2839.29,0
140.5650,2648.68,0
140.5700,2648.68,0
140.5750,-8.70,0
140.5800,-59.07,0
140.5850,-59.07,0
140.5900,-59.07,0
140.5950,4.94,0
140.6000,4.94,0
140.6050,-49.09,0
140.6100,-49.09,0
140.6150,-24.22,0
140.6200,-24.22,0
140.6250,15.95,0
140.6300,3327.57,0
140.6350,3280.69,0
140.6400,-533.61,0
140.6450,27.43,0
140.6500,27.43,0
140.6550,27.43,0
140.6600,27.43,0
140.6650,44.67,0
140.6700,3055.24,0
140.6750,28.18,0
140.6800,28.18,0
140.6850,98.41,0
140.6900,98.41,0
140.6950,98.41,0
140.7000,98.41,0
140.7050,98.41,0
140.7100,1561.06,0
140.7150,1561.06,0
140.7200,1484.04,0
140.7250,1484.04,0
140.7300,2101.64,0
140.7350,2101.64,0
140.7400,2101.64,0
140.7450,2613.00,0
140.7500,2306.69,0
140.7550,2306.69,0
140.7600,2521.23,0
140.7650,2521.23,0
140.7700,2521.23,0
140.7750,2430.97,0
140.7800,2430.97,0
140.7850,1739.73,0
140.7900,1739.73,0
140.7950,1478.76,0
140.8000,2306.69,0
140.8050,925.87,0
140.8100,925.87,0
140.8150,838.05,0
140.8200,838.05,0
140.8250,838.05,0
140.8300,838.05,0
140.8350,-276.24,0
140.8400,-276.24,0
140.8450,-124.60,0
140.8500,-124.60,0
140.8550,1457.25,0
140.8600,-119.69,0
140.8650,-119.69,0
140.8700,-119.69,0
140.8750,-747.92,0
140.8800,-1214.90,0
140.8850,1461.05,0
140.8900,-72.49,0
140.8950,-1063.90,0
140.9000,-1063.90,0
140.9050,-1229.64,0
140.9100,-1229.64,0
140.9150,2457.07,0
140.9200,-1038.14,0
140.9250,-1038.14,0
140.9300,-1038.14,0
140.9350,-1771.54,0
140.9400,-1771.54,0
140.9450,-1797.59,0
140.9500,-1797.59,0
140.9550,-1128.95,0
140.9600,-1128.95,0
140.9650,-516.18,0
140.9700,-516.18,0
140.9750,1129.52,0
140.9800,-953.25,0
140.9850,-953.25,0
140.9900,-559.61,0
140.9950,-1363.92,0
141.0000,-559.61,0
141.0050,-655.23,0
141.0100,-637.73,0
141.0150,-679.57,0
141.0200,-637.73,0
141.0250,-559.23,0
141.0300,-637.73,0
141.0350,-516.75,0
141.0400,-516.75,0
141.0450,-663.30,0
141.0500,-1647.22,0
141.0550,-575.59,0
141.0600,-749.75,0
141.0650,-882.53,0
141.0700,-882.53,0
141.0750,-470.49,0
141.0800,-877.41,0
141.0850,-596.52,0
141.0900,-596.52,0
141.0950,-596.52,0
141.1000,-596.52,0
141.1050,-536.62,0
141.1100,-843.86,0
141.1150,-575.59,0
141.1200,-464.93,0
141.1250,-626.51,0
141.1300,-609.46,0
141.1350,-579.87,0
141.1400,-579.87,0
141.1450,-553.80,0
141.1500,-553.80,0
141.1550,-553.80,0
141.1600,-553.80,0
141.1650,-439.34,0
141.1700,-696.10,0
141.1750,-520.44,0
141.1800,-553.80,0
141.1850,97.76,0
141.1900,97.76,0
141.1950,97.76,0
141.2000,97.76,0
141.2050,596.94,0
141.2100,500.66,0
141.2150,500.66,0
141.2200,500.66,0
141.2250,500.66,0
141.2300,500.66,0
141.2350,500.66,0
141.2400,500.66,0
141.2450,500.66,0
141.2500,-537.33,0
141.2550,596.94,0
141.2600,1533.13,0
141.2650,1533.13,0
141.2700,2576.70,0
141.2750,2576.70,0
141.2800,2303.17,0
141.2850,2303.17,0
141.2900,2303.17,0
141.2950,2303.17,0
141.3000,2303.17,0
141.3050,-315.00,0
141.3100,3051.27,0
141.3150,3051.27,0
141.3200,3268.30,0
141.3250,3268.30,0
141.3300,3473.33,0
141.3350,3473.33,0
141.3400,3490.02,0
141.3450,3490.02,0
141.3500,4032.63,0
141.3550,323.63,0
141.3600,4032.63,0
141.3650,318.36,0
141.3700,4548.26,0
141.3750,4446.92,0
141.3800,4446.92,0
141.3850,4085.36,0
141.3900,4085.36,0
141.3950,1533.09,0
141.4000,3651.04,0
141.4050,-631.29,0
141.4100,-551.65,0
141.4150,-551.65,0
141.4200,-551.65,0
141.4250,-459.50,0
141.4300,-459.50,0
141.4350,487.13,0
141.4400,487.13,0
141.4450,492.56,0
141.4500,2430.02,0
141.4550,374.21,0
141.4600,374.21,0
141.4650,699.60,0
141.4700,699.60,0
141.4750,699.60,0
141.4800,699.60,0
141.4850,1430.75,0
141.4900,1430.75,0
141.4950,228.11,0
141.5000,1339.49,0
141.5050,1689.28,0
141.5100,1967.85,0
141.5150,1967.85,0
141.5200,1967.85,0
141.5250,1967.85,0
141.5300,1967.85,0
141.5350,1967.85,0
141.5400,1474.04,0
141.5450,1474.04,0
141.5500,1961.98,0
141.5550,488.39,0
141.5600,-674.59,0
141.5650,1291.02,0
141.5700,1291.02,0
141.5750,1291.02,0
141.5800,1473.69,0
141.5850,536.08,0
141.5900,1720.55,0
141.5950,1720.55,0
141.6000,1720.55,0
141.6050,1720.55,0
141.6100,1720.55,0
141.6150,1293.03,0
141.6200,1293.03,0
141.6250,1470.20,0
141.6300,1729.31,0
141.6350,581.08,0
141.6400,1257.06,0
141.6450,1729.31,0
141.6500,1729.31,0
141.6550,1432.57,0
141.6600,1432.57,0
141.6650,1466.45,0
141.6700,1730.17,0
141.6750,1730.17,0
141.6800,1730.17,0
141.6850,1730.17,0
141.6900,1730.17,0
141.6950,1730.17,0
141.7000,1473.18,0
141.7050,1433.63,0
141.7100,1729.06,0
141.7150,1729.06,0
141.7200,1729.06,0
141.7250,1296.50,0
141.7300,1296.50,0
141.7350,1729.40,0
141.7400,1421.76,0
141.7450,1421.76,0
141.7500,1421.76,0
141.7550,1726.18,0
141.7600,1726.18,0
141.7650,1730.18,0
141.7700,1958.92,0
141.7750,1431.65,0
141.7800,1634.76,0
141.7850,1431.65,0
141.7900,1431.65,0
141.7950,1468.13,0
141.8000,1956.89,0
141.8050,1523.02,0
141.8100,1293.73,0
141.8150,1293.73,0
141.8200,1468.48,0
141.8250,1468.48,0
141.8300,1431.65,0
141.8350,1725.75,0
141.8400,1725.75,0
141.8450,1954.26,0
141.8500,1954.26,0
141.8550,690.34,0
141.8600,1429.44,0
141.8650,1429.44,0
141.8700,1734.63,0
141.8750,1734.63,0
141.8800,1734.63,0
141.8850,1493.31,0
141.8900,1951.71,0
141.8950,1254.75,0
141.9000,1501.58,0
141.9050,1453.39,0
141.9100,1453.39,0
141.9150,1453.39,0
141.9200,1953.75,0
141.9250,1953.75,0
141.9300,1283.72,0
141.9350,1529.12,0
141.9400,1458.83,0
141.9450,1458.83,0
141.9500,1733.42,0
141.9550,1733.42,0
141.9600,1955.74,0
141.9650,1955.74,0
141.9700,1284.34,0
141.9750,1284.34,0
141.9800,1441.67,0
141.9850,1441.67,0
141.9900,1734.54,0
141.9950,1734.54,0
142.0000,1734.54,0
142.0050,1954.31,0
142.0100,1954.31,0
142.0150,1438.77,0
142.0200,1438.77,0
142.0250,1454.11,0
142.0300,1454.11,0
142.0350,1454.11,0
142.0400,1956.75,0
142.0450,1956.75,0
142.0500,1454.11,0
142.0550,1281.85,0
142.0600,1465.44,0
142.0650,1465.44,0
142.0700,1465.44,0
142.0750,1726.21,0
142.0800,1726.21,0
142.0850,1726.21,0
142.0900,1286.06,0
142.0950,1286.06,0
142.1000,1286.06,0
142.1050,1444.24,0
142.1100,1444.24,0
142.1150,1732.48,0
142.1200,1726.21,0
142.1250,1967.79,0
142.1300,1732.48,0
142.1350,1732.48,0
142.1400,1438.71,0
142.1450,1732.48,0
142.1500,1732.48,0
142.1550,1526.34,0
142.1600,1443.26,0
142.1650,1956.49,0
142.1700,1956.49,0
142.1750,1956.49,0
142.1800,1636.98,0
142.1850,1282.72,0
142.1900,1282.72,0
142.1950,1460.91,0
142.2000,1513.49,0
142.2050,1680.55,0
142.2100,-1269.03,0
142.2150,-1269.03,0
142.2200,-1389.12,0
142.2250,-1389.12,0
142.2300,-1456.69,0
142.2350,-1456.69,0
142.2400,-1456.69,0
142.2450,-1456.69,0
142.2500,-1456.69,0
142.2550,-1314.00,0
142.2600,-1314.00,0
142.2650,-1684.72,0
142.2700,-1684.72,0
142.2750,-1431.22,0
142.2800,-1431.22,0
142.2850,1524.89,0
142.2900,-1299.43,0
142.2950,-1299.43,0
142.3000,1809.80,0
142.3050,-1692.97,0
142.3100,-1692.97,0
142.3150,-1420.87,0
142.3200,-1420.87,0
142.3250,-979.08,0
142.3300,-979.08,0
142.3350,-979.08,0
142.3400,1621.68,0
142.3450,-1315.32,0
142.3500,-1315.32,0
142.3550,-1432.69,0
142.3600,-1432.69,0
142.3650,-1432.69,0
142.3700,-1432.69,0
142.3750,-1302.30,0
142.3800,-1680.86,0
142.3850,-1680.86,0
142.3900,-993.50,0
142.3950,-1420.98,0
142.4000,-984.17,0
142.4050,-984.17,0
142.4100,-984.17,0
142.4150,-984.17,0
142.4200,-984.17,0
142.4250,-1676.13,0
142.4300,-1676.13,0
142.4350,-1406.42,0
142.4400,-1406.42,0
142.4450,-838.25,0
142.4500,-838.25,0
142.4550,-364.14,0
142.4600,-364.14,0
142.4650,-364.14,0
142.4700,-452.26,0
142.4750,-452.26,0
142.4800,-452.26,0
142.4850,-1484.85,0
142.4900,-373.24,0
142.4950,724.20,0
142.5000,724.20,0
142.5050,724.20,0
142.5100,724.20,0
142.5150,-976.19,0
142.5200,724.20,0
142.5250,-1214.31,0
142.5300,-215.69,0
142.5350,740.24,0
142.5400,740.24,0
142.5450,809.01,0
142.5500,809.01,0
142.5550,678.10,0
142.5600,885.99,0
142.5650,885.99,0
142.5700,885.99,0
142.5750,714.20,0
142.5800,257.66,0
142.5850,257.66,0
142.5900,742.74,0
142.5950,678.10,0
142.6000,816.27,0
142.6050,816.27,0
142.6100,613.59,0
142.6150,613.59,0
142.6200,613.59,0
142.6250,590.72,0
142.6300,590.72,0
142.6350,590.72,0
142.6400,581.25,0
142.6450,581.25,0
142.6500,581.25,0
142.6550,579.92,0
142.6600,579.92,0
142.6650,349.04,0
142.6700,582.01,0
142.6750,390.92,0
142.6800,389.47,0
142.6850,369.93,0
142.6900,369.93,0
142.6950,76.06,0
142.7000,500.66,0
142.7050,500.66,0
142.7100,500.66,0
142.7150,1042.89,0
142.7200,1042.89,0
142.7250,671.17,0
142.7300,671.17,0
142.7350,815.38,0
142.7400,1028.06,0
142.7450,1028.06,0
142.7500,1028.06,0
142.7550,1028.06,0
142.7600,1028.06,0
142.7650,911.01,0
142.7700,911.01,0
142.7750,920.85,0
142.7800,920.85,0
142.7850,976.40,0
142.7900,976.40,0
142.7950,955.66,0
142.8000,955.66,0
142.8050,478.55,0
142.8100,955.66,0
142.8150,1082.85,0
142.8200,1196.83,0
142.8250,1196.83,0
142.8300,1331.87,0
142.8350,1331.87,0
142.8400,292.75,0
142.8450,1211.62,0
142.8500,1027.96,0
142.8550,1027.96,0
142.8600,1027.96,0
142.8650,882.00,0
142.8700,915.48,0
142.8750,1028.40,0
142.8800,915.48,0
142.8850,867.86,0
142.8900,853.04,0
142.8950,853.04,0
142.9000,853.04,0
142.9050,790.00,0
142.9100,790.00,0
142.9150,839.60,0
142.9200,839.60,0
142.9250,839.60,0
142.9300,839.60,0
142.9350,889.95,0
142.9400,889.95,0
142.9450,852.65,0
142.9500,889.13,0
142.9550,889.13,0
142.9600,889.13,0
142.9650,868.27,0
142.9700,868.27,0
142.9750,868.27,0
142.9800,868.27,0
142.9850,873.89,0
142.9900,873.89,0
142.9950,895.35,0
143.0000,895.35,0
143.0050,902.70,0
143.0100,913.34,0
143.0150,913.34,0
143.0200,826.10,0
143.0250,826.10,0
143.0300,826.10,0
143.0350,826.10,0
143.0400,-34.60,0
143.0450,-34.60,0
143.0500,-34.60,0
143.0550,-52.35,0
143.0600,-35.01,0
143.0650,-35.01,0
143.0700,895.35,0
143.0750,-37.24,0
143.0800,-37.24,0
143.0850,-37.24,0
143.0900,-37.24,0
143.0950,-16.35,0
143.1000,-16.35,0
143.1050,-10.84,0
143.1100,-10.84,0
143.1150,-45.16,0
143.1200,-45.16,0
143.1250,-0.86,0
143.1300,-5.72,0
143.1350,-0.86,0
143.1400,-0.86,0
143.1450,11.92,0
143.1500,89.80,0
143.1550,-52.37,0
143.1600,-86.24,0
143.1650,226.71,0
143.1700,-73.82,0
143.1750,-73.82,0
143.1800,-73.82,0
143.1850,-73.82,0
143.1900,-73.82,0
143.1950,-114.35,0
143.2000,-94.69,0
143.2050,-94.69,0
143.2100,-94.69,0
143.2150,-99.28,0
143.2200,-99.28,0
143.2250,-92.48,0
143.2300,-92.48,0
143.2350,-113.50,0
143.2400,-113.50,0
143.2450,-65.39,0
143.2500,-65.39,0
143.2550,290.98,0
143.2600,290.98,0
143.2650,666.43,0
143.2700,666.43,0
143.2750,666.43,0
143.2800,-169.16,0
143.2850,-169.16,0
143.2900,-1954.00,0
143.2950,-1954.00,0
143.3000,-1954.00,0
143.3050,-1954.00,0
143.3100,-3015.71,0
143.3150,-3015.71,0
143.3200,-3774.39,0
143.3250,-3774.39,0
143.3300,-4444.94,0
143.3350,-4444.94,0
143.3400,-4329.28,0
143.3450,-92.31,0
143.3500,-4329.28,0
143.3550,-4329.28,0
143.3600,-3774.39,0
143.3650,-5723.63,0
143.3700,-5723.63,0
143.3750,-6100.98,0
143.3800,-5636.31,0
143.3850,-3436.73,0
143.3900,-5636.31,0
143.3950,-6035.28,0
143.4000,-6035.28,0
143.4050,-5821.40,0
143.4100,-5821.40,0
143.4150,-5911.83,0
143.4200,-5911.83,0
143.4250,-5814.87,0
143.4300,-5420.29,0
143.4350,-5420.29,0
143.4400,-5420.29,0
143.4450,-5420.29,0
143.4500,-5803.39,0
143.4550,-5803.39,0
143.4600,-5803.39,0
143.4650,-5947.80,0
143.4700,-6055.97,0
143.4750,-6055.97,0
143.4800,-4464.07,0
143.4850,-6245.37,0
143.4900,-6245.37,0
143.4950,-6172.79,0
143.5000,-6172.79,0
143.5050,-6016.77,0
143.5100,-5844.74,0
143.5150,-5972.77,0
143.5200,-5972.77,0
143.5250,-5972.77,0
143.5300,-6100.11,0
143.5350,-5140.28,0
143.5400,-5067.63,0
143.5450,-5067.63,0
143.5500,-5067.63,0
143.5550,-5903.89,0
143.5600,-5947.43,0
143.5650,-5799.35,0
143.5700,-5799.35,0
143.5750,-5904.27,0
143.5800,-5799.35,0
143.5850,-6861.73,0
143.5900,-7383.09,0
143.5950,-7383.09,0
143.6000,-7383.09,0
143.6050,-7726.91,0
143.6100,-6017.09,0
143.6150,-7932.08,0
143.6200,-7932.08,0
143.6250,-5896.89,0
143.6300,-7932.08,0
143.6350,-7819.30,0
143.6400,-7819.30,0
143.6450,-7844.48,0
143.6500,-7774.44,0
143.6550,-7774.44,0
143.6600,-7774.44,0
143.6650,-7753.67,0
143.6700,-7753.67,0
143.6750,-7594.35,0
143.6800,-7467.94,0
143.6850,-7467.94,0
143.6900,-7467.94,0
143.6950,-7716.13,0
143.7000,-7872.96,0
143.7050,-7872.96,0
143.7100,-7872.96,0
143.7150,-7904.24,0
143.7200,-7904.24,0
143.7250,-7974.92,0
143.7300,-8233.21,0
143.7350,-8233.21,0
143.7400,-7764.71,0
143.7450,-8233.21,0
143.7500,-7921.46,0
143.7550,-7921.46,0
143.7600,-7921.46,0
143.7650,-7892.11,0
143.7700,-7892.11,0
143.7750,-7827.36,0
143.7800,-7149.53,0
143.7850,-6963.15,0
143.7900,-6963.15,0
143.7950,-6963.15,0
143.8000,-6963.15,0
143.8050,-7852.75,0
143.8100,-7852.75,0
143.8150,-7747.09,0
143.8200,-8834.55,0
143.8250,-8834.55,0
143.8300,-8834.55,0
143.8350,-8516.68,0
143.8400,-8516.68,0
143.8450,402.72,0
143.8500,402.72,0
143.8550,402.72,0
143.8600,402.72,0
143.8650,-7197.69,0
143.8700,-234.46,0
143.8750,92.37,0
143.8800,92.37,0
143.8850,-9379.73,0
143.8900,31.38,0
143.8950,29.25,0
143.9000,29.25,0
143.9050,67.11,0
143.9100,67.11,0
143.9150,54.45,0
143.9200,136.77,0
143.9250,136.77,0
143.9300,-8275.61,0
143.9350,199.98,0
143.9400,283.58,0
143.9450,283.58,0
143.9500,125.86,0
143.9550,-234.54,0
143.9600,-34.93,0
143.9650,-34.93,0
143.9700,5.19,0
143.9750,5.19,0
143.9800,-63.52,0
143.9850,-63.52,0
143.9900,-37.86,0
143.9950,-37.86,0
144.0000,1.27,0
144.0050,-72.03,0
144.0100,-72.03,0
144.0150,-134.38,0
144.0200,-134.38,0
144.0250,-134.38,0
144.0300,-117.40,0
144.0350,-130.13,0
144.0400,-179.13,0
144.0450,-179.13,0
144.0500,-114.75,0
144.0550,-114.75,0
144.0600,-114.75,0
144.0650,55.54,0
144.0700,-73.00,0
144.0750,-73.00,0
144.0800,-73.00,0
144.0850,-65.23,0
144.0900,-65.23,0
144.0950,-61.86,0
144.1000,283.36,0
144.1050,-14.42,0
144.1100,-14.42,0
144.1150,-57.29,0
144.1200,-57.29,0
144.1250,-57.29,0
144.1300,-57.29,0
144.1350,-21.92,0
144.1400,-21.92,0
144.1450,-21.92,0
144.1500,-21.92,0
144.1550,-123.89,0
144.1600,-30.89,0
144.1650,27.62,0
144.1700,27.62,0
144.1750,-4.07,0
144.1800,-4.07,0
144.1850,-4.07,0
144.1900,-4.07,0
144.1950,33.02,0
144.2000,33.02,0
144.2050,-9.30,0
144.2100,49.24,0
144.2150,10.09,0
144.2200,26.31,0
144.2250,26.31,0
144.2300,26.31,0
144.2350,17.20,0
144.2400,17.20,0
144.2450,17.20,0
144.2500,17.20,0
144.2550,81.62,0
144.2600,150.32,0
144.2650,150.32,0
144.2700,131.73,0
144.2750,131.73,0
144.2800,66.67,0
144.2850,66.67,0
144.2900,66.67,0
144.2950,66.67,1
144.3000,66.67,0
144.3050,6.13,0
144.3100,-31.91,0
144.3150,12.31,0
144.3200,9.75,0
144.3250,-5.82,0
144.3300,-5.82,0
144.3350,-0.19,0
144.3400,-5.84,0
144.3450,-5.84,0
144.3500,-5.84,0
144.3550,-20.98,0
144.3600,21.59,0
144.3650,-38.35,0
144.3700,-0.09,0
144.3750,-10.82,0
144.3800,-0.09,0
144.3850,-0.09,0
144.3900,-0.09,0
144.3950,-0.09,0
144.4000,-6.41,0
144.4050,-6.41,0
144.4100,-39.37,0
144.4150,-39.37,0
144.4200,-40.97,0
144.4250,-40.97,0
144.4300,-47.92,0
144.4350,-47.92,0
144.4400,-47.92,0
144.4450,-47.92,0
144.4500,-32.33,0
144.4550,-6.81,0
144.4600,-6.81,0
144.4650,-5.92,0
144.4700,-29.43,0
144.4750,-29.43,0
144.4800,-35.33,0
144.4850,-35.33,0
144.4900,-35.33,0
144.4950,-35.33,0
144.5000,-16.90,0
144.5050,-8.54,0
144.5100,-91.66,0
144.5150,-91.66,0
144.5200,-312.38,0
144.5250,-312.38,0
144.5300,-644.74,0
144.5350,-644.74,0
144.5400,-85.57,0
144.5450,-296.37,0
144.5500,-296.37,0
144.5550,-296.37,0
144.5600,109.72,0
144.5650,411.77,0
144.5700,735.00,0
144.5750,735.00,0
144.5800,605.98,0
144.5850,605.98,0
144.5900,-273.36,0
144.5950,-273.36,0
144.6000,-1415.47,0
144.6050,-1415.47,0
144.6100,-1415.47,0
144.6150,-1415.47,0
144.6200,-2477.29,0
144.6250,-2477.29,0
144.6300,-3036.95,0
144.6350,-4262.01,0
144.6400,-33.34,0
144.6450,-4674.79,0
144.6500,-4674.79,0
144.6550,-1883.14,0
144.6600,-1883.14,0
144.6650,-4485.61,0
144.6700,-1883.14,0
144.6750,-2971.36,0
144.6800,-2971.36,0
144.6850,-3471.26,0
144.6900,-3471.26,0
144.6950,-4477.18,0
144.7000,-4477.18,0
144.7050,-4477.18,0
144.7100,-4072.71,0
144.7150,-4072.71,0
144.7200,-4072.71,0
144.7250,-4072.71,0
144.7300,-3990.32,0
144.7350,-3985.45,0
144.7400,-3985.45,0
144.7450,-3985.45,0
144.7500,-4051.93,0
144.7550,-4051.93,0
144.7600,-3155.27,0
144.7650,-3155.27,0
144.7700,-3155.27,0
144.7750,-2779.18,0
144.7800,-2779.18,0
144.7850,-3079.90,0
144.7900,-3079.90,0
144.7950,-3079.90,0
144.8000,-3079.90,0
144.8050,-2120.28,0
144.8100,-2120.28,0
144.8150,-1101.54,0
144.8200,-1101.54,0
144.8250,-1101.54,0
144.8300,-1219.94,0
144.8350,-1219.94,0
144.8400,-1219.94,0
144.8450,-1003.42,0
144.8500,-1003.42,0
144.8550,-1875.88,0
144.8600,-1875.88,0
144.8650,-1768.06,0
144.8700,-1768.06,0
144.8750,-2132.30,0
144.8800,-2132.30,0
144.8850,-1884.72,0
144.8900,-1884.72,0
144.8950,-1627.61,0
144.9000,-2690.66,0
144.9050,-1355.57,0
144.9100,-1355.57,0
144.9150,-1317.15,0
144.9200,-1317.15,0
144.9250,-2090.99,0
144.9300,-2090.99,0
144.9350,-2090.99,0
144.9400,-2090.99,0
144.9450,-2090.99,0
144.9500,-2174.92,0
144.9550,-1375.11,0
144.9600,-1102.92,0
144.9650,-2158.16,0
144.9700,-2154.08,0
144.9750,-2222.81,0
144.9800,-2222.81,0
144.9850,-2222.81,0
144.9900,-2222.81,0
144.9950,-1243.40,0
145.0000,-2403.81,0
145.0050,-2403.81,0
145.0100,-2314.44,0
145.0150,-2314.44,0
145.0200,-2191.49,0
145.0250,-2191.49,0
145.0300,-2157.40,0
145.0350,-2157.40,0
145.0400,-2157.40,0
145.0450,-2157.40,0
145.0500,-2157.40,0
145.0550,-2157.40,0
145.0600,-2083.56,0
145.0650,-2027.24,0
145.0700,-2027.24,0
145.0750,-2226.72,0
145.0800,-2226.72,0
145.0850,-1635.02,0
145.0900,-2389.19,0
145.0950,-2027.24,0
145.1000,-2297.92,0
145.1050,-2297.92,0
145.1100,-2297.92,0
145.1150,-2118.81,0
145.1200,-2660.95,0
145.1250,-2660.95,0
145.1300,-2815.91,0
145.1350,-2815.91,0
145.1400,-3192.59,0
145.1450,-2098.79,0
145.1500,-2961.63,0
145.1550,-2961.63,0
145.1600,-2961.63,0
145.1650,-2561.78,0
145.1700,-2965.04,0
145.1750,-2965.04,0
145.1800,-1987.20,0
145.1850,-2859.08,0
145.1900,-2859.08,0
145.1950,-2859.08,0
145.2000,-2921.25,0
145.2050,-2921.25,0
145.2100,-2793.61,0
145.2150,-2793.61,0
145.2200,-2819.81,0
145.2250,-2819.81,0
145.2300,-2897.14,0
145.2350,-2719.14,0
145.2400,-2719.14,0
145.2450,-2594.77,0
145.2500,-2594.77,0
145.2550,-2640.93,0
145.2600,-2640.93,0
145.2650,-2801.50,0
145.2700,-2801.50,0
145.2750,-2801.50,0
145.2800,-2926.50,0
145.2850,-2926.50,0
145.2900,-2859.10,0
145.2950,-2962.25,0
145.3000,-2962.25,0
145.3050,-3021.02,0
145.3100,-3021.02,0
145.3150,-2991.67,0
145.3200,-2991.67,0
145.3250,-2991.67,0
145.3300,-2991.67,0
145.3350,-2983.89,0
145.3400,-3020.46,0
145.3450,-2998.10,0
145.3500,-2998.10,0
145.3550,-2972.77,0
145.3600,-2972.77,0
145.3650,-3035.47,0
145.3700,-3035.47,0
145.3750,-3035.47,0
145.3800,-3035.47,0
145.3850,-2993.07,0
145.3900,-2993.07,0
145.3950,-3025.87,0
145.4000,-3025.87,0
145.4050,-3016.32,0
145.4100,-3016.32,0
145.4150,-2961.18,0
145.4200,-2961.18,0
145.4250,-2978.86,0
145.4300,-2978.86,0
145.4350,-3002.03,0
145.4400,-3002.03,0
145.4450,-2922.33,0
145.4500,-2963.43,0
145.4550,-2963.43,0
145.4600,-3002.07,0
145.4650,-2968.49,0
145.4700,-2968.49,0
145.4750,-23.75,0
145.4800,-23.75,0
145.4850,-23.75,0
145.4900,-23.75,0
145.4950,65.62,0
145.5000,-65.49,0
145.5050,-65.49,0
145.5100,-3001.31,0
145.5150,-95.61,0
145.5200,-2997.00,0
145.5250,-147.63,0
145.5300,-147.63,0
145.5350,-147.63,0
145.5400,-3016.42,0
145.5450,-150.30,0
145.5500,-150.30,0
145.5550,-153.28,0
145.5600,-153.28,0
145.5650,-107.56,0
145.5700,-107.56,0
145.5750,-53.58,0
145.5800,-112.78,0
145.5850,-62.83,0
145.5900,-147.63,0
145.5950,-51.98,0
145.6000,-51.98,0
145.6050,17.17,0
145.6100,17.17,0
145.6150,-115.04,0
145.6200,-115.04,0
145.6250,-60.93,0
145.6300,-60.93,0
145.6350,-89.72,0
145.6400,-89.72,0
145.6450,-70.22,0
145.6500,-70.22,0
145.6550,-70.22,0
145.6600,-70.22,0
145.6650,-70.22,0
145.6700,47.94,0
145.6750,-81.08,0
145.6800,58.52,0
145.6850,-20.76,0
145.6900,-3.60,0
145.6950,-3.60,0
145.7000,7.68,0
145.7050,-3.60,0
145.7100,18.33,0
145.7150,18.33,0
145.7200,101.28,0
145.7250,101.28,0
145.7300,101.28,0
145.7350,101.28,0
145.7400,101.28,0
145.7450,50.64,0
145.7500,50.64,0
145.7550,-94.85,0
145.7600,-69.15,0
145.7650,-69.15,0
145.7700,-69.15,0
145.7750,-115.99,0
145.7800,-31.94,0
145.7850,-19.61,0
145.7900,16.78,0
145.7950,85.46,0
145.8000,149.55,0
145.8050,149.55,0
145.8100,191.84,0
145.8150,191.84,0
145.8200,191.84,0
145.8250,191.84,0
145.8300,253.98,0
145.8350,253.98,0
145.8400,253.98,0
145.8450,-261.58,0
145.8500,-261.58,0
145.8550,-401.34,0
145.8600,-605.81,0
145.8650,-605.81,0
145.8700,-857.47,0
145.8750,-857.47,0
145.8800,-454.84,0
145.8850,-454.84,0
145.8900,-332.22,0
145.8950,-332.22,0
145.9000,-203.48,0
145.9050,-203.48,0
145.9100,226.61,0
145.9150,226.61,0
145.9200,229.29,0
145.9250,229.29,0
145.9300,-464.27,0
145.9350,-448.58,0
145.9400,-682.23,0
145.9450,-682.23,0
145.9500,-686.97,0
145.9550,-672.26,0
145.9600,-961.96,0
145.9650,-961.96,0
145.9700,-958.16,0
145.9750,-958.16,0
145.9800,-835.83,0
145.9850,-835.83,0
145.9900,-852.03,0
145.9950,-852.03,0
146.0000,-1053.55,0
146.0050,-1053.55,0
146.0100,-1107.64,0
146.0150,-1107.64,0
146.0200,-1107.64,0
146.0250,-1010.48,0
146.0300,-1010.48,0
146.0350,-1782.49,0
146.0400,-1782.49,0
146.0450,-1782.49,0
146.0500,-1782.49,0
146.0550,-1172.82,0
146.0600,-1172.82,0
146.0650,-1661.78,0
146.0700,-1432.12,0
146.0750,-1432.12,0
146.0800,-1432.12,0
146.0850,-1428.36,0
146.0900,-1428.36,0
146.0950,-1428.36,0
146.1000,-1428.36,0
146.1050,-1295.66,0
146.1100,-1295.66,0
146.1150,-1226.18,0
146.1200,-1029.63,0
146.1250,-1228.75,0
146.1300,-1619.17,0
146.1350,-1241.88,0
146.1400,-1241.88,0
146.1450,-1278.45,0
146.1500,-1199.92,0
146.1550,-1187.94,0
146.1600,-1083.97,0
146.1650,-1150.66,0
146.1700,-1150.66,0
146.1750,-1071.31,0
146.1800,-1071.31,0
146.1850,-1109.63,0
146.1900,-1109.63,0
146.1950,-1040.26,0
146.2000,-1190.44,0
146.2050,-1040.26,0
146.2100,-712.90,0
146.2150,-712.90,0
146.2200,-803.21,0
146.2250,-803.21,0
146.2300,-755.65,0
146.2350,-755.65,0
146.2400,-755.65,0
146.2450,-960.79,0
146.2500,-950.70,0
146.2550,-950.70,0
146.2600,-950.70,0
146.2650,-950.70,0
146.2700,-950.70,0
146.2750,-950.70,0
146.2800,-987.48,0
146.2850,-890.82,0
146.2900,-890.82,0
146.2950,-39.32,0
146.3000,-39.32,0
146.3050,49.88,0
146.3100,-945.64,0
146.3150,49.88,0
146.3200,49.88,0
146.3250,36.35,0
146.3300,116.75,0
146.3350,-1140.46,0
146.3400,116.75,0
146.3450,716.41,0
146.3500,716.41,0
146.3550,566.86,0
146.3600,-929.15,0
146.3650,26.14,0
146.3700,26.14,0
146.3750,26.14,0
146.3800,-173.93,0
146.3850,-173.93,0
146.3900,-173.93,0
146.3950,90.23,0
146.4000,-43.40,0
146.4050,-43.40,0
146.4100,-43.40,0
146.4150,-315.67,0
146.4200,-315.67,0
146.4250,-301.90,0
146.4300,-301.90,0
146.4350,-55.17,0
146.4400,-55.17,0
146.4450,125.35,0
146.4500,85.50,0
146.4550,-318.37,0
146.4600,-318.37,0
146.4650,-372.14,0
146.4700,-372.14,0
146.4750,-415.40,0
146.4800,-650.80,0
146.4850,-357.19,0
146.4900,-357.19,0
146.4950,-357.19,0
146.5000,-357.19,0
146.5050,-568.35,0
146.5100,-568.35,0
146.5150,-927.70,0
146.5200,-927.70,0
146.5250,-927.70,0
146.5300,-927.70,0
146.5350,-927.70,0
146.5400,-1567.57,0
146.5450,-1567.57,0
146.5500,-208.70,0
146.5550,-1782.89,0
146.5600,-1782.89,0
146.5650,-1782.23,0
146.5700,-1782.23,0
146.5750,-2315.67,0
146.5800,-2315.67,0
146.5850,-1935.81,0
146.5900,-2048.64,0
146.5950,-307.07,0
146.6000,-3077.85,0
146.6050,-635.04,0
146.6100,-2540.51,0
146.6150,-2457.18,0
146.6200,-2457.18,0
146.6250,-2335.01,0
146.6300,-2335.01,0
146.6350,-2041.74,0
146.6400,-2041.74,0
146.6450,-2156.97,0
146.6500,-2601.87,0
146.6550,-2601.87,0
146.6600,-2601.87,0
146.6650,-2624.26,0
146.6700,-2624.26,0
146.6750,-3563.64,0
146.6800,-3563.64,0
146.6850,-3906.23,0
146.6900,-3906.23,0
146.6950,-3634.48,0
146.7000,-3634.48,0
146.7050,-2980.87,0
146.7100,-2980.87,0
146.7150,-2980.87,0
146.7200,-2980.87,0
146.7250,-2980.87,0
146.7300,-2980.87,0
146.7350,-2163.11,0
146.7400,-3634.48,0
146.7450,-1237.12,0
146.7500,-1758.23,0
146.7550,-1758.23,0
146.7600,-1758.23,0
146.7650,-1758.23,0
146.7700,-1758.23,0
146.7750,-1070.32,0
146.7800,-1070.32,0
146.7850,-1539.84,0
146.7900,-2014.65,0
146.7950,-2014.65,0
146.8000,-1618.06,0
146.8050,-1618.06,0
146.8100,-1618.06,0
146.8150,-1618.06,0
146.8200,-1378.79,0
146.8250,-1378.79,0
146.8300,-1508.26,0
146.8350,-1508.26,0
146.8400,-2206.22,0
146.8450,-2206.22,0
146.8500,-2276.81,0
146.8550,-2276.81,0
146.8600,-2421.19,0
146.8650,-2421.19,0
146.8700,-2421.19,0
146.8750,-3968.44,0
146.8800,-2282.85,0
146.8850,-2182.14,0
146.8900,-2182.14,0
146.8950,-2167.43,0
146.9000,-2014.57,0
146.9050,-1757.57,0
146.9100,-1757.57,0
146.9150,-1396.08,0
146.9200,-2206.21,0
146.9250,-1051.03,0
146.9300,-1051.03,0
146.9350,-800.25,0
146.9400,-1051.03,0
146.9450,-889.60,0
146.9500,-1661.01,0
146.9550,-299.45,0
146.9600,325.08,0
146.9650,325.08,0
146.9700,-889.60,0
146.9750,379.04,0
146.9800,379.04,0
146.9850,379.04,0
146.9900,764.00,0
146.9950,764.00,0
147.0000,-2265.00,0
147.0050,1145.66,0
147.0100,-889.60,0
147.0150,2147.02,0
147.0200,-1835.58,0
147.0250,1922.71,0
147.0300,1922.71,0
147.0350,1799.57,0
147.0400,1799.57,0
147.0450,1518.91,0
147.0500,1518.91,0
147.0550,1610.99,0
147.0600,1610.99,0
147.0650,1909.48,0
147.0700,325.14,0
147.0750,1660.62,0
147.0800,1660.62,0
147.0850,1660.62,0
147.0900,1660.62,0
147.0950,288.70,0
147.1000,1660.62,0
147.1050,941.98,0
147.1100,941.98,0
147.1150,1900.39,0
147.1200,117.17,0
147.1250,-373.50,0
147.1300,-373.50,0
147.1350,-302.95,0
147.1400,-302.95,0
147.1450,517.90,0
147.1500,517.90,0
147.1550,1055.72,0
147.1600,1055.72,0
147.1650,1144.10,0
147.1700,1144.10,0
147.1750,1144.10,0
147.1800,1144.10,0
147.1850,517.90,0
147.1900,1213.37,0
147.1950,1213.37,0
147.2000,1213.37,0
147.2050,1215.12,0
147.2100,1064.77,0
147.2150,1215.12,0
147.2200,1049.41,0
147.2250,1049.41,0
147.2300,1030.32,0
147.2350,1030.32,0
147.2400,1030.32,0
147.2450,1030.32,0
147.2500,1030.32,0
147.2550,-441.96,0
147.2600,1030.32,0
147.2650,1030.32,0
147.2700,1030.32,0
147.2750,835.59,0
147.2800,835.59,0
147.2850,614.68,0
147.2900,493.89,0
147.2950,493.89,0
147.3000,493.89,0
147.3050,453.48,0
147.3100,453.48,0
147.3150,967.03,0
147.3200,967.03,0
147.3250,1055.56,0
147.3300,1055.56,0
147.3350,385.08,0
147.3400,385.08,0
147.3450,759.69,0
147.3500,1211.68,0
147.3550,1211.68,0
147.3600,1149.77,0
147.3650,1149.77,0
147.3700,1142.85,0
147.3750,1142.85,0
147.3800,1142.85,0
147.3850,1079.95,0
147.3900,1149.01,0
147.3950,1149.01,0
147.4000,1118.83,0
147.4050,1118.83,0
147.4100,1116.70,0
147.4150,1116.70,0
147.4200,1116.70,0
147.4250,1177.50,0
147.4300,1177.50,0
147.4350,1177.50,0
147.4400,1220.58,0
147.4450,1220.58,0
147.4500,1484.98,0
147.4550,1484.98,0
147.4600,1059.66,0
147.4650,1059.66,0
147.4700,1032.87,0
147.4750,1032.87,0
147.4800,621.94,0
147.4850,586.78,0
147.4900,758.33,0
147.4950,956.96,0
147.5000,932.27,0
147.5050,932.27,0
147.5100,932.27,0
147.5150,972.13,0
147.5200,972.13,0
147.5250,960.62,0
147.5300,946.25,0
147.5350,946.25,0
147.5400,946.25,0
147.5450,1001.62,0
147.5500,1001.62,0
147.5550,988.41,0
147.5600,988.41,0
147.5650,897.70,0
147.5700,897.70,0
147.5750,894.94,0
147.5800,894.94,0
147.5850,824.43,0
147.5900,824.43,0
147.5950,494.41,0
147.6000,494.41,0
147.6050,932.24,0
147.6100,801.97,0
147.6150,801.97,0
147.6200,801.97,0
147.6250,801.97,0
147.6300,1045.01,0
147.6350,1045.01,0
147.6400,605.53,0
147.6450,1347.84,0
147.6500,1347.84,0
147.6550,1347.84,0
147.6600,1347.84,0
147.6650,1559.74,0
147.6700,1559.74,0
147.6750,1679.60,0
147.6800,1679.60,0
147.6850,1838.44,0
147.6900,1838.44,0
147.6950,1559.74,0
147.7000,1703.46,0
147.7050,1703.46,0
147.7100,1703.46,0
147.7150,1703.46,0
147.7200,1703.46,0
147.7250,2644.62,0
147.7300,2334.11,0
147.7350,2334.11,0
147.7400,2334.11,0
147.7450,2346.61,0
147.7500,2346.61,0
147.7550,2507.61,0
147.7600,2507.61,0
147.7650,2241.87,0
147.7700,2368.30,0
147.7750,2368.30,0
147.7800,2986.72,0
147.7850,2986.72,0
147.7900,2986.72,0
147.7950,2680.50,0
147.8000,2680.50,0
147.8050,2638.56,0
147.8100,2638.56,0
147.8150,2375.91,0
147.8200,2375.91,0
147.8250,2375.91,0
147.8300,2375.91,0
147.8350,2124.58,0
147.8400,2124.58,0
147.8450,2459.71,0
147.8500,2459.71,0
147.8550,1895.66,0
147.8600,1737.08,0
147.8650,2813.96,0
147.8700,2262.11,0
147.8750,2822.57,0
147.8800,2822.57,0
147.8850,2822.57,0
147.8900,3158.20,0
147.8950,3158.20,0
147.9000,3170.24,0
147.9050,2755.85,0
147.9100,3197.59,0
147.9150,2376.56,0
147.9200,2922.73,0
147.9250,2922.73,0
147.9300,388.65,0
147.9350,388.65,0
147.9400,604.26,0
147.9450,755.03,0
147.9500,2300.16,0
147.9550,585.36,0
147.9600,585.36,0
147.9650,558.30,0
147.9700,558.30,0
147.9750,326.71,0
147.9800,326.71,0
147.9850,326.71,0
147.9900,326.71,0
147.9950,558.30,0
148.0000,324.90,0
148.0050,169.92,0
148.0100,169.92,0
148.0150,18.85,0
148.0200,18.85,0
148.0250,2997.32,0
148.0300,313.51,0
148.0350,313.51,0
148.0400,313.51,0
148.0450,-976.11,0
148.0500,-976.11,0
148.0550,-982.39,0
148.0600,-982.39,0
148.0650,-1344.17,0
148.0700,-1344.17,0
148.0750,-1860.09,0
148.0800,-1860.09,0
148.0850,-1860.09,0
148.0900,-1860.09,0
148.0950,-2356.73,0
148.1000,-2257.85,0
148.1050,121.56,0
148.1100,-2257.85,0
148.1150,-3040.76,0
148.1200,325.77,0
148.1250,-2794.44,0
148.1300,-2810.92,0
148.1350,-2810.92,0
148.1400,-2810.92,0
148.1450,-2430.38,0
148.1500,-2131.85,0
148.1550,-2131.85,0
148.1600,-2608.03,0
148.1650,-2608.03,0
148.1700,-3116.47,0
148.1750,-3116.47,0
148.1800,-3116.47,0
148.1850,-3116.47,0
148.1900,-3116.47,0
148.1950,-3116.47,0
148.2000,-3116.47,0
148.2050,-2795.82,0
148.2100,-2795.82,0
148.2150,-3290.41,0
148.2200,-3979.62,0
148.2250,-4233.64,0
148.2300,-4233.64,0
148.2350,-3837.33,0
148.2400,-3837.33,0
148.2450,-3561.28,0
148.2500,-3561.28,0
148.2550,-3561.28,0
148.2600,-2857.06,0
148.2650,-2857.06,0
148.2700,-3295.04,0
148.2750,-3295.04,0
148.2800,-2985.83,0
148.2850,-2985.83,0
148.2900,-2985.83,0
148.2950,-2332.59,0
148.3000,-2288.61,0
148.3050,-2288.61,0
148.3100,-2288.61,0
148.3150,-2696.58,0
148.3200,-2696.58,0
148.3250,-2421.30,0
148.3300,-2421.30,0
148.3350,-2997.39,0
148.3400,-2997.39,0
148.3450,-3526.02,0
148.3500,-3526.02,0
148.3550,-3507.18,0
148.3600,-3507.18,0
148.3650,-3933.73,0
148.3700,-3933.73,0
148.3750,-3933.73,0
148.3800,-3933.73,0
148.3850,-4943.32,0
148.3900,-4883.38,0
148.3950,-4883.38,0
148.4000,-4895.30,0
148.4050,-4895.30,0
148.4100,-3976.51,0
148.4150,-4724.28,0
148.4200,-4724.28,0
148.4250,-4724.28,0
148.4300,-5347.72,0
148.4350,-5347.72,0
148.4400,-5347.72,0
148.4450,-5347.72,0
148.4500,-5347.72,0
148.4550,-4740.49,0
148.4600,-4740.49,0
148.4650,-3801.86,0
148.4700,-3801.86,0
148.4750,-4092.57,0
148.4800,-4092.57,0
148.4850,-4953.37,0
148.4900,-4953.37,0
148.4950,-4953.37,0
148.5000,-4953.37,0
148.5050,-4879.95,0
148.5100,-4773.66,0
148.5150,-4773.66,0
148.5200,-4773.66,0
148.5250,-5079.09,0
148.5300,-4723.86,0
148.5350,-5021.95,0
148.5400,-5079.00,0
148.5450,-4452.52,0
148.5500,-4452.52,0
148.5550,-4426.44,0
148.5600,-4426.44,0
148.5650,-4461.69,0
148.5700,-4461.69,0
148.5750,-4332.71,0
148.5800,-4332.71,0
148.5850,-4426.04,0
148.5900,-4290.88,0
148.5950,-4426.04,0
148.6000,-4426.04,0
148.6050,-4268.10,0
148.6100,-4268.10,0
148.6150,-4268.10,0
148.6200,-4268.10,0
148.6250,-4023.51,0
148.6300,-4188.72,0
148.6350,-4341.91,0
148.6400,-4188.72,0
148.6450,-4188.72,0
148.6500,-4188.72,0
148.6550,-3446.74,0
148.6600,-3446.74,0
148.6650,-2888.09,0
148.6700,-2888.09,0
148.6750,-2684.62,0
148.6800,-2684.62,0
148.6850,-2583.41,0
148.6900,-2487.57,0
148.6950,-2583.41,0
148.7000,-2583.41,0
148.7050,-2583.41,0
148.7100,-2583.41,0
148.7150,-2480.68,0
148.7200,-2480.68,0
148.7250,-2499.44,0
148.7300,-2499.44,0
148.7350,-2224.82,0
148.7400,-2224.82,0
148.7450,665.79,0
148.7500,665.79,0
148.7550,665.79,0
148.7600,834.82,0
148.7650,834.82,0
148.7700,466.01,0
148.7750,466.01,0
148.7800,849.38,0
148.7850,849.38,0
148.7900,594.88,0
148.7950,-3445.85,0
148.8000,594.88,0
148.8050,862.35,0
148.8100,862.35,0
148.8150,1017.25,0
148.8200,1017.25,0
148.8250,1017.25,0
148.8300,-2377.35,0
148.8350,1826.44,0
148.8400,1826.44,0
148.8450,1948.00,0
148.8500,1948.00,0
148.8550,-2749.72,0
148.8600,2151.78,0
148.8650,2919.13,0
148.8700,2915.08,0
148.8750,2915.08,0
148.8800,-2162.37,0
148.8850,3143.55,0
148.8900,3143.55,0
148.8950,1755.60,0
148.9000,2801.61,0
148.9050,2905.83,0
148.9100,2905.83,0
148.9150,2943.95,0
148.9200,2943.95,0
148.9250,2943.95,0
148.9300,2943.95,0
148.9350,2872.30,0
148.9400,2872.30,0
148.9450,3085.74,0
148.9500,3085.74,0
148.9550,3170.88,0
148.9600,3170.88,0
148.9650,3481.53,0
148.9700,3481.53,0
148.9750,3014.83,0
148.9800,3342.57,0
148.9850,3540.72,0
148.9900,3540.72,0
148.9950,3932.23,0
149.0000,1819.28,0
149.0050,3989.27,0
149.0100,3989.27,0
149.0150,4232.97,0
149.0200,4232.97,0
149.0250,3837.58,0
149.0300,3837.58,0
149.0350,3542.66,0
149.0400,3542.66,0
149.0450,3542.66,0
149.0500,3542.66,0
149.0550,3476.71,0
149.0600,3476.71,0
149.0650,3435.45,0
149.0700,3476.71,0
149.0750,3476.71,0
149.0800,3302.52,0
149.0850,3466.45,0
149.0900,3466.45,0
149.0950,3466.45,0
149.1000,3466.45,0
149.1050,3466.45,0
149.1100,3466.45,0
149.1150,3682.14,0
149.1200,3682.14,0
149.1250,3229.66,0
149.1300,3692.74,0
149.1350,3692.74,0
149.1400,3724.83,0
149.1450,3724.83,0
149.1500,3724.83,0
149.1550,3724.83,0
149.1600,3724.83,0
149.1650,3724.83,0
149.1700,3705.66,0
149.1750,4156.94,0
149.1800,3872.37,0
149.1850,3872.37,0
149.1900,3784.85,0
149.1950,3784.85,0
149.2000,3747.82,0
149.2050,3747.82,0
149.2100,3822.18,0
149.2150,3822.18,0
149.2200,3822.18,0
149.2250,4269.36,0
149.2300,4269.36,0
149.2350,3992.93,0
149.2400,4401.85,0
149.2450,3252.14,0
149.2500,3252.14,0
149.2550,3252.14,0
149.2600,3233.13,0
149.2650,3233.13,0
149.2700,3233.13,0
149.2750,3233.13,0
149.2800,3652.00,0
149.2850,3652.00,0
149.2900,3692.37,0
149.2950,3692.37,1
149.3000,5221.90,0
149.3050,5221.90,0
149.3100,5518.92,0
149.3150,5518.92,0
149.3200,5537.87,0
149.3250,5537.87,0
149.3300,5441.89,0
149.3350,5441.89,0
149.3400,5578.48,0
149.3450,5578.48,0
149.3500,6451.99,0
149.3550,6344.59,0
149.3600,6353.74,0
149.3650,6552.04,0
149.3700,6552.04,0
149.3750,7066.23,0
149.3800,7066.23,0
149.3850,7066.23,0
149.3900,7066.23,0
149.3950,6581.70,0
149.4000,6581.70,0
149.4050,6031.05,0
149.4100,6031.05,0
149.4150,6342.89,0
149.4200,5519.14,0
149.4250,3387.66,0
149.4300,2905.20,0
149.4350,4084.77,0
149.4400,6094.91,0
149.4450,6091.49,0
149.4500,6091.49,0
149.4550,6091.49,0
149.4600,6091.49,0
149.4650,6358.99,0
149.4700,3797.81,0
149.4750,6262.41,0
149.4800,6262.41,0
149.4850,6262.41,0
149.4900,6262.41,0
149.4950,6337.75,0
149.5000,6337.75,0
149.5050,6337.75,0
149.5100,7377.80,0
149.5150,6112.27,0
149.5200,6112.27,0
149.5250,6107.04,0
149.5300,6107.04,0
149.5350,6107.04,0
149.5400,6107.04,0
149.5450,6008.57,0
149.5500,6008.57,0
149.5550,5860.09,0
149.5600,5860.09,0
149.5650,6331.34,0
149.5700,485.84,0
149.5750,505.21,0
149.5800,6378.04,0
149.5850,-407.27,0
149.5900,-407.27,0
149.5950,-407.27,0
149.6000,-407.27,0
149.6050,-407.27,0
149.6100,-407.27,0
149.6150,-268.32,0
149.6200,6220.64,0
149.6250,-127.43,0
149.6300,-127.43,0
149.6350,-99.60,0
149.6400,-99.60,0
149.6450,13.06,0
149.6500,13.06,0
149.6550,69.26,0
149.6600,69.26,0
149.6650,10.87,0
149.6700,10.87,0
149.6750,113.43,0
149.6800,113.43,0
149.6850,102.53,0
149.6900,102.53,0
149.6950,90.20,0
149.7000,90.20,0
149.7050,45.82,0
149.7100,45.82,0
149.7150,-9.61,0
149.7200,69.26,0
149.7250,-307.47,0
149.7300,-12.35,0
149.7350,-17.10,0
149.7400,-17.10,0
149.7450,-38.62,0
149.7500,-38.62,0
149.7550,-171.77,0
149.7600,-171.77,0
149.7650,-171.77,0
149.7700,-171.77,0
149.7750,-228.03,0
149.7800,-151.57,0
149.7850,-191.65,0
149.7900,-191.65,0
149.7950,-289.42,0
149.8000,-289.42,0
149.8050,-21.46,0
149.8100,-21.46,0
149.8150,241.72,0
149.8200,241.72,0
149.8250,276.03,0
149.8300,276.03,0
149.8350,-7.56,0
149.8400,276.06,0
149.8450,74.54,0
149.8500,36.35,0
149.8550,36.35,0
149.8600,36.35,0
149.8650,36.35,0
149.8700,-157.58,0
149.8750,14.66,0
149.8800,14.66,0
149.8850,-77.59,0
149.8900,-77.59,0
149.8950,74.54,0
149.9000,-36.34,0
149.9050,-36.34,0
149.9100,-45.11,0
149.9150,-45.11,0
149.9200,-45.11,0
149.9250,-100.52,0
149.9300,-100.52,0
149.9350,-100.52,0
149.9400,-117.22,0
149.9450,-159.59,0
149.9500,-117.22,0
149.9550,-145.24,0
149.9600,-145.24,0
149.9650,-145.24,0
149.9700,-145.24,0
149.9750,-145.24,0
149.9800,-168.84,0
149.9850,-168.84,0
149.9900,-168.84,0
149.9950,-2.20,0
150.0000,-2.20,0
150.0050,-114.99,0
150.0100,-114.99,0
150.0150,-57.57,0
150.0200,-57.57,0
150.0250,-46.87,0
150.0300,-144.75,0
150.0350,-46.87,0
150.0400,36.84,0
150.0450,36.84,0
150.0500,-117.23,0
150.0550,36.84,0
150.0600,36.84,0
150.0650,-144.74,0
150.0700,-100.53,0
150.0750,44.00,0
150.0800,44.00,0
150.0850,44.00,0
150.0900,44.00,0
150.0950,-30.99,0
150.1000,-90.80,0
150.1050,82.67,0
150.1100,82.67,0
150.1150,164.45,0
150.1200,164.45,0
150.1250,85.42,0
150.1300,85.42,0
150.1350,65.01,0
150.1400,65.01,0
150.1450,59.37,0
150.1500,59.37,0
150.1550,32.04,0
150.1600,32.04,0
150.1650,16.62,0
150.1700,-157.18,0
150.1750,16.62,0
150.1800,16.62,0
150.1850,42.53,0
150.1900,42.53,0
150.1950,28.07,0
150.2000,69.33,0
150.2050,28.07,0
150.2100,28.07,0
150.2150,16.01,0
150.2200,28.07,0
150.2250,39.78,0
150.2300,-46.82,0
150.2350,0.48,0
150.2400,-64.53,0
150.2450,-92.15,0
150.2500,-92.15,0
150.2550,-92.15,0
150.2600,-92.15,0
150.2650,-121.42,0
150.2700,-121.42,0
150.2750,-211.94,0
150.2800,-211.94,0
150.2850,-255.80,0
150.2900,-255.80,0
150.2950,-284.25,0
150.3000,-102.26,0
150.3050,-281.83,0
150.3100,-281.83,0
150.3150,-178.54,0
150.3200,-211.94,0
150.3250,-4.99,0
150.3300,56.06,0
150.3350,72.39,0
150.3400,72.39,0
150.3450,-4.99,0
150.3500,72.39,0
150.3550,72.39,0
150.3600,153.09,0
150.3650,1.24,0
150.3700,290.28,0
150.3750,290.28,0
150.3800,164.83,0
150.3850,164.83,0
150.3900,-76.25,0
150.3950,116.96,0
150.4000,112.66,0
150.4050,112.66,0
150.4100,-306.75,0
150.4150,112.66,0
150.4200,28.50,0
150.4250,28.50,0
150.4300,3.76,0
150.4350,3.76,0
150.4400,43.51,0
150.4450,3.76,0
150.4500,-104.40,0
150.4550,-104.40,0
150.4600,-104.40,0
150.4650,-104.40,0
150.4700,-191.33,0
150.4750,-124.86,0
150.4800,47.67,0
150.4850,-124.86,0
150.4900,-233.28,0
150.4950,-233.28,0
150.5000,-497.30,0
150.5050,-497.30,0
150.5100,-497.30,0
150.5150,-497.30,0
150.5200,-145.60,0
150.5250,-145.60,0
150.5300,-55.23,0
150.5350,-55.23,0
150.5400,-55.23,0
150.5450,-55.23,0
150.5500,-55.23,0
150.5550,-55.23,0
150.5600,-55.23,0
150.5650,-54.38,0
150.5700,-54.38,0
150.5750,0.18,0
150.5800,0.18,0
150.5850,-5.02,0
150.5900,-5.02,0
150.5950,19.46,0
150.6000,4.41,0
150.6050,-105.84,0
150.6100,89.78,0
150.6150,89.78,0
150.6200,83.70,0
150.6250,83.70,0
150.6300,78.45,0
150.6350,78.45,0
150.6400,127.53,0
150.6450,147.89,0
150.6500,83.70,0
150.6550,147.89,0
150.6600,127.67,0
150.6650,191.76,0
150.6700,191.76,0
150.6750,191.76,0
150.6800,327.46,0
150.6850,-213.98,0
150.6900,-144.92,0
150.6950,-144.92,0
150.7000,-144.92,0
150.7050,-144.92,0
150.7100,252.50,0
150.7150,360.50,0
150.7200,-125.10,0
150.7250,-125.10,0
150.7300,-103.89,0
150.7350,-103.89,0
150.7400,-473.72,0
150.7450,-473.72,0
150.7500,-501.40,0
150.7550,-501.40,0
150.7600,-993.41,0
150.7650,-1492.29,0
150.7700,-1492.29,0
150.7750,-1492.29,0
150.7800,-1492.29,0
150.7850,-1492.29,0
150.7900,-1492.29,0
150.7950,-1282.72,0
150.8000,-1282.72,0
150.8050,-473.72,0
150.8100,-1315.16,0
150.8150,-1315.16,0
150.8200,-1315.16,0
150.8250,129.03,0
150.8300,-1315.16,0
150.8350,-1315.16,0
150.8400,-1292.23,0
150.8450,-1292.23,0
150.8500,-1319.59,0
150.8550,-1319.59,0
150.8600,-1599.72,0
150.8650,-1599.72,0
150.8700,-1623.42,0
150.8750,-1968.77,0
150.8800,-1968.77,0
150.8850,-1081.05,0
150.8900,-1081.05,0
150.8950,-1081.05,0
150.9000,-1474.02,0
150.9050,-1474.02,0
150.9100,-1635.17,0
150.9150,-1635.17,0
150.9200,-1950.85,0
150.9250,-2511.61,0
150.9300,-2511.61,0
150.9350,-2511.61,0
150.9400,-2400.57,0
150.9450,-2400.57,0
150.9500,-2400.57,0
150.9550,-2400.57,0
150.9600,-1967.09,0
150.9650,-1474.02,0
150.9700,-2155.75,0
150.9750,-2155.75,0
150.9800,-1295.51,0
150.9850,-1295.51,0
150.9900,-821.08,0
150.9950,-1623.70,0
151.0000,-987.77,0
151.0050,-987.77,0
151.0100,-1144.68,0
151.0150,-1144.68,0
151.0200,-620.14,0
151.0250,-620.14,0
151.0300,-821.08,0
151.0350,190.04,0
151.0400,-81.92,0
151.0450,-81.92,0
151.0500,-1722.10,0
151.0550,-1967.11,0
151.0600,-245.15,0
151.0650,-525.86,0
151.0700,-525.86,0
151.0750,-245.15,0
151.0800,-1010.82,0
151.0850,-383.61,0
151.0900,-170.70,0
151.0950,-170.70,0
151.1000,-170.70,0
151.1050,-737.48,0
151.1100,-737.48,0
151.1150,-781.89,0
151.1200,-781.89,0
151.1250,-1228.85,0
151.1300,-881.40,0
151.1350,-1709.22,0
151.1400,-1709.22,0
151.1450,-1638.03,0
151.1500,-1638.03,0
151.1550,-1766.76,0
151.1600,-1766.76,0
151.1650,-652.42,0
151.1700,-2217.27,0
151.1750,-2704.06,0
151.1800,-2704.06,0
151.1850,-572.98,0
151.1900,-2296.83,0
151.1950,-128.18,0
151.2000,-128.18,0
151.2050,-52.92,0
151.2100,-1227.88,0
151.2150,-468.76,0
151.2200,-468.76,0
151.2250,-777.54,0
151.2300,-699.16,0
151.2350,-777.54,0
151.2400,-995.85,0
151.2450,-1106.85,0
151.2500,-1106.85,0
151.2550,-1106.85,0
151.2600,-664.41,0
151.2650,-664.41,0
151.2700,-664.41,0
151.2750,-664.41,0
151.2800,-664.41,0
151.2850,-664.41,0
151.2900,-155.84,0
151.2950,-155.84,0
151.3000,-606.53,0
151.3050,-606.53,0
151.3100,-69.53,0
151.3150,-69.53,0
151.3200,-69.53,0
151.3250,-69.53,0
151.3300,-69.53,0
151.3350,-69.53,0
151.3400,547.65,0
151.3450,547.65,0
151.3500,-2031.78,0
151.3550,1433.66,0
151.3600,1433.66,0
151.3650,1777.97,0
151.3700,1433.66,0
151.3750,1777.97,0
151.3800,1777.97,0
151.3850,1866.67,0
151.3900,1866.67,0
151.3950,1959.14,0
151.4000,1959.14,0
151.4050,2743.68,0
151.4100,2743.68,0
151.4150,2522.43,0
151.4200,2522.43,0
151.4250,2853.95,0
151.4300,2853.95,0
151.4350,2974.72,0
151.4400,2974.72,0
151.4450,2974.72,0
151.4500,2974.72,0
151.4550,2974.72,0
151.4600,2634.74,0
151.4650,2634.74,0
151.4700,2792.78,0
151.4750,2792.78,0
151.4800,2023.72,0
151.4850,2023.72,0
151.4900,1635.26,0
151.4950,1434.14,0
151.5000,139.67,0
151.5050,1635.26,0
151.5100,1857.04,0
151.5150,1857.04,0
151.5200,2464.31,0
151.5250,2464.31,0
151.5300,2119.02,0
151.5350,1976.74,0
151.5400,1977.03,0
151.5450,1977.03,0
151.5500,1977.03,0
151.5550,1977.03,0
151.5600,2753.70,0
151.5650,1408.37,0
151.5700,1028.41,0
151.5750,1028.41,0
151.5800,1028.41,0
151.5850,1028.41,0
151.5900,746.07,0
151.5950,1684.75,0
151.6000,2535.23,0
151.6050,1145.29,0
151.6100,1064.11,0
151.6150,1064.11,0
151.6200,1096.06,0
151.6250,1096.06,0
151.6300,1215.38,0
151.6350,1215.38,0
151.6400,1329.19,0
151.6450,1329.19,0
151.6500,1373.13,0
151.6550,1423.10,0
151.6600,1423.10,0
151.6650,1105.61,0
151.6700,1429.98,0
151.6750,1459.89,0
151.6800,1459.89,0
151.6850,1487.11,0
151.6900,1487.11,0
151.6950,1497.38,0
151.7000,1497.38,0
151.7050,1497.38,0
151.7100,1498.73,0
151.7150,1498.73,0
151.7200,1606.62,0
151.7250,1606.62,0
151.7300,1631.61,0
151.7350,1686.14,0
151.7400,783.88,0
151.7450,1686.14,0
151.7500,740.78,0
151.7550,1105.78,0
151.7600,1753.55,0
151.7650,1753.55,0
151.7700,1045.20,0
151.7750,1753.55,0
151.7800,1758.96,0
151.7850,1758.96,0
151.7900,1735.99,0
151.7950,1735.99,0
151.8000,1772.58,0
151.8050,1613.50,0
151.8100,1812.06,0
151.8150,1812.06,0
151.8200,1812.06,0
151.8250,1812.06,0
151.8300,1838.37,0
151.8350,1838.37,0
151.8400,1891.43,0
151.8450,1891.43,0
151.8500,1901.21,0
151.8550,1901.21,0
151.8600,1901.21,0
151.8650,1901.21,0
151.8700,1913.77,0
151.8750,2198.24,0
151.8800,2198.24,0
151.8850,2682.47,0
151.8900,2682.47,0
151.8950,2682.47,0
151.9000,1749.55,0
151.9050,2123.07,0
151.9100,1860.00,0
151.9150,1860.00,0
151.9200,1537.25,0
151.9250,1537.25,0
151.9300,1225.17,0
151.9350,1225.17,0
151.9400,1225.17,0
151.9450,2216.41,0
151.9500,1851.20,0
151.9550,1738.72,0
151.9600,1519.31,0
151.9650,1519.31,0
151.9700,1183.93,0
151.9750,1183.93,0
151.9800,1561.14,0
151.9850,1561.14,0
151.9900,1561.14,0
151.9950,1561.14,0
152.0000,1757.65,0
152.0050,1757.65,0
152.0100,1630.41,0
152.0150,2095.10,0
152.0200,1652.58,0
152.0250,1652.58,0
152.0300,1407.64,0
152.0350,1876.12,0
152.0400,458.37,0
152.0450,458.37,0
152.0500,596.90,0
152.0550,596.90,0
152.0600,596.90,0
152.0650,1689.10,0
152.0700,1689.10,0
152.0750,1689.10,0
152.0800,1663.86,0
152.0850,1663.86,0
152.0900,255.64,0
152.0950,1698.68,0
152.1000,1698.68,0
152.1050,596.89,0
152.1100,748.01,0
152.1150,106.45,0
152.1200,106.45,0
152.1250,1028.97,0
152.1300,850.40,0
152.1350,850.40,0
152.1400,1367.84,0
152.1450,1367.84,0
152.1500,1793.24,0
152.1550,380.70,0
152.1600,1980.03,0
152.1650,1980.03,0
152.1700,1388.38,0
152.1750,2608.83,0
152.1800,2608.83,0
152.1850,1717.14,0
152.1900,2792.87,0
152.1950,1475.04,0
152.2000,2792.87,0
152.2050,2792.87,0
152.2100,2192.30,0
152.2150,658.14,0
152.2200,602.56,0
152.2250,2423.99,0
152.2300,1807.06,0
152.2350,2729.65,0
152.2400,1670.21,0
152.2450,2608.83,0
152.2500,1676.51,0
152.2550,1676.51,0
152.2600,2549.28,0
152.2650,1612.37,0
152.2700,1208.45,0
152.2750,1208.45,0
152.2800,1650.34,0
152.2850,1650.34,0
152.2900,1573.26,0
152.2950,1573.26,0
152.3000,1573.26,0
152.3050,1573.26,0
152.3100,2192.29,0
152.3150,1916.11,0
152.3200,1916.11,0
152.3250,1916.11,0
152.3300,2033.18,0
152.3350,2033.18,0
152.3400,2048.38,0
152.3450,2048.38,0
152.3500,2726.90,0
152.3550,1963.87,0
152.3600,1980.37,0
152.3650,1980.37,0
152.3700,1980.37,0
152.3750,1980.37,0
152.3800,1974.17,0
152.3850,3051.61,0
152.3900,2033.18,0
152.3950,3051.61,0
152.4000,3156.51,0
152.4050,2858.98,0
152.4100,2858.98,0
152.4150,2858.98,0
152.4200,3072.78,0
152.4250,3072.78,0
152.4300,2909.60,0
152.4350,2909.60,0
152.4400,3020.36,0
152.4450,3072.78,0
152.4500,2944.45,0
152.4550,2944.45,0
152.4600,2967.53,0
152.4650,2967.53,0
152.4700,2971.02,0
152.4750,2909.60,0
152.4800,3112.57,0
152.4850,3112.57,0
152.4900,2343.94,0
152.4950,3112.57,0
152.5000,3415.37,0
152.5050,3415.37,0
152.5100,3257.68,0
152.5150,2903.95,0
152.5200,3054.62,0
152.5250,3054.62,0
152.5300,3069.13,0
152.5350,3013.21,0
152.5400,2970.32,0
152.5450,2970.32,0
152.5500,2940.86,0
152.5550,2940.86,0
152.5600,2920.14,0
152.5650,3100.71,0
152.5700,2887.27,0
152.5750,2904.07,0
152.5800,2900.31,0
152.5850,2900.31,0
152.5900,2912.22,0
152.5950,2912.22,0
152.6000,2912.22,0
152.6050,2912.22,0
152.6100,2912.22,0
152.6150,2912.22,0
152.6200,2859.40,0
152.6250,2859.40,0
152.6300,2721.10,0
152.6350,3013.13,0
152.6400,2844.59,0
152.6450,2844.59,0
152.6500,2894.89,0
152.6550,2903.52,0
152.6600,2968.97,0
152.6650,2920.29,0
152.6700,2920.29,0
152.6750,2887.30,0
152.6800,2968.97,0
152.6850,2844.59,0
152.6900,2984.01,0
152.6950,2916.83,0
152.7000,2916.83,0
152.7050,2861.83,0
152.7100,3066.10,0
152.7150,2879.85,0
152.7200,2625.20,0
152.7250,3448.64,0
152.7300,3448.64,0
152.7350,3177.62,0
152.7400,3177.62,0
152.7450,3371.80,0
152.7500,3371.80,0
152.7550,3842.07,0
152.7600,3842.07,0
152.7650,3160.10,0
152.7700,3160.10,0
152.7750,3475.49,0
152.7800,3475.49,0
152.7850,3475.49,0
152.7900,1347.92,0
152.7950,3498.50,0
152.8000,3498.50,0
152.8050,3223.58,0
152.8100,3223.58,0
152.8150,2871.55,0
152.8200,2871.55,0
152.8250,2657.98,0
152.8300,2657.98,0
152.8350,141.40,0
152.8400,141.40,0
152.8450,141.40,0
152.8500,141.40,0
152.8550,2749.24,0
152.8600,198.07,0
152.8650,126.60,0
152.8700,126.60,0
152.8750,232.81,0
152.8800,232.81,0
152.8850,122.01,0
152.8900,122.01,0
152.8950,80.38,0
152.9000,80.38,0
152.9050,42.19,0
152.9100,3562.00,0
152.9150,28.59,0
152.9200,-8.51,0
152.9250,-8.51,0
152.9300,-8.51,0
152.9350,2.67,0
152.9400,-3.59,0
152.9450,-3.59,0
152.9500,-3.59,0
152.9550,-3.01,0
152.9600,-3.01,0
152.9650,-7.07,0
152.9700,5.08,0
152.9750,-8.51,0
152.9800,-24.67,0
152.9850,-1.01,0
152.9900,-31.72,0
152.9950,-31.72,0
153.0000,-31.72,0
153.0050,-24.42,0
153.0100,-24.42,0
153.0150,-42.44,0
153.0200,-42.44,0
153.0250,-5.11,0
153.0300,-33.72,0
153.0350,215.04,0
153.0400,67.84,0
153.0450,67.84,0
153.0500,67.84,0
153.0550,67.84,0
153.0600,-23.58,0
153.0650,13.23,0
153.0700,13.23,0
153.0750,13.23,0
153.0800,37.11,0
153.0850,37.11,0
153.0900,-22.25,0
153.0950,-22.25,0
153.1000,12.35,0
153.1050,12.35,0
153.1100,15.70,0
153.1150,34.68,0
153.1200,43.25,0
153.1250,-8.83,0
153.1300,-8.83,0
153.1350,13.72,0
153.1400,13.72,0
153.1450,32.20,0
153.1500,32.20,0
153.1550,32.20,0
153.1600,32.20,0
153.1650,67.84,0
153.1700,52.44,0
153.1750,52.44,0
153.1800,44.66,0
153.1850,44.66,0
153.1900,69.44,0
153.1950,69.44,0
153.2000,22.78,0
153.2050,72.66,0
153.2100,48.17,0
153.2150,72.66,0
153.2200,72.66,0
153.2250,72.66,0
153.2300,138.90,0
153.2350,138.90,0
153.2400,51.63,0
153.2450,51.63,0
153.2500,84.05,0
153.2550,84.05,0
153.2600,36.03,0
153.2650,36.03,0
153.2700,36.03,0
153.2750,-5.55,0
153.2800,-5.55,0
153.2850,-5.55,0
153.2900,-2.73,0
153.2950,28.65,0
153.3000,-28.96,0
153.3050,24.30,0
153.3100,24.30,0
153.3150,-2.20,0
153.3200,24.30,0
153.3250,24.30,0
153.3300,42.09,0
153.3350,42.09,0
153.3400,26.54,0
153.3450,26.54,0
153.3500,41.61,0
153.3550,41.61,0
153.3600,-40.16,0
153.3650,-40.16,0
153.3700,8.61,0
153.3750,8.61,0
153.3800,-56.14,0
153.3850,-56.14,0
153.3900,-56.14,0
153.3950,21.23,0
153.4000,-57.09,0
153.4050,-57.09,0
153.4100,-56.14,0
153.4150,8.10,0
153.4200,-25.94,0
153.4250,30.38,0
153.4300,30.38,0
153.4350,30.38,0
153.4400,41.61,0
153.4450,38.09,0
153.4500,38.09,0
153.4550,-4.34,0
153.4600,-4.34,0
153.4650,54.11,0
153.4700,54.11,0
153.4750,54.11,0
153.4800,-33.89,0
153.4850,3.04,0
153.4900,-33.89,0
153.4950,-33.89,0
153.5000,57.56,0
153.5050,57.56,0
153.5100,56.12,0
153.5150,57.56,0
153.5200,78.79,0
153.5250,78.79,0
153.5300,66.05,0
153.5350,-73.93,0
153.5400,26.52,0
153.5450,26.52,0
153.5500,-26.69,0
153.5550,-74.51,0
153.5600,-74.51,0
153.5650,-131.16,0
153.5700,-47.31,0
153.5750,-131.16,0
153.5800,-1.62,0
153.5850,-1.62,0
153.5900,-34.73,0
153.5950,-80.45,0
153.6000,-99.66,0
153.6050,-99.66,0
153.6100,-99.66,0
153.6150,-99.66,0
153.6200,3.33,0
153.6250,-5.31,0
153.6300,-41.97,0
153.6350,-41.97,0
153.6400,64.13,0
153.6450,64.13,0
153.6500,4.37,0
153.6550,4.37,0
153.6600,29.09,0
153.6650,98.98,0
153.6700,98.98,0
153.6750,107.73,0
153.6800,107.73,0
153.6850,-47.14,0
153.6900,-47.14,0
153.6950,-47.14,0
153.7000,-87.53,0
153.7050,29.09,0
153.7100,-34.43,0
153.7150,-34.43,0
153.7200,-34.43,0
153.7250,-10.56,0
153.7300,-10.56,0
153.7350,-18.94,0
153.7400,-18.94,0
153.7450,-25.93,0
153.7500,-25.93,0
153.7550,5.84,0
153.7600,5.84,0
153.7650,-1.95,0
153.7700,5.84,0
153.7750,-18.07,0
153.7800,-18.07,0
153.7850,-0.38,0
153.7900,-0.38,0
153.7950,-0.00,0
153.8000,-0.00,0
153.8050,18.10,0
153.8100,18.10,0
153.8150,-24.68,0
153.8200,18.10,0
153.8250,27.09,0
153.8300,44.30,0
153.8350,0.56,0
153.8400,0.56,0
153.8450,-8.00,0
153.8500,18.68,0
153.8550,-17.58,0
153.8600,-17.58,0
153.8650,18.93,0
153.8700,18.93,0
153.8750,9.37,0
153.8800,9.37,0
153.8850,-9.31,0
153.8900,9.37,0
153.8950,19.84,0
153.9000,40.17,0
153.9050,40.17,0
153.9100,40.17,0
153.9150,40.17,0
153.9200,14.20,0
153.9250,40.17,0
153.9300,40.17,0
153.9350,19.79,0
153.9400,19.79,0
153.9450,8.43,0
153.9500,8.43,0
153.9550,-35.12,0
153.9600,-35.12,0
153.9650,-35.12,0
153.9700,15.94,0
153.9750,-35.12,0
153.9800,-35.12,0
153.9850,-30.68,0
153.9900,21.66,0
153.9950,-9.99,0
154.0000,-9.99,0
154.0050,81.94,0
154.0100,81.94,0
154.0150,48.27,0
154.0200,48.27,0
154.0250,87.29,0
154.0300,87.29,0
154.0350,40.07,0
154.0400,40.07,0
154.0450,113.86,0
154.0500,113.86,0
154.0550,34.87,0
154.0600,34.87,0
154.0650,-60.89,0
154.0700,-83.05,0
154.0750,-83.05,0
154.0800,-83.05,0
154.0850,-32.84,0
154.0900,-32.84,0
154.0950,-27.93,0
154.1000,-27.93,0
154.1050,24.87,0
154.1100,-4.84,0
154.1150,-4.84,0
154.1200,13.73,0
154.1250,13.73,0
154.1300,13.73,0
154.1350,13.73,0
154.1400,-11.50,0
154.1450,-11.50,0
154.1500,12.83,0
154.1550,10.58,0
154.1600,10.58,0
154.1650,10.58,0
154.1700,-23.74,0
154.1750,-23.74,0
154.1800,-23.74,0
154.1850,19.83,0
154.1900,19.83,0
154.1950,-47.65,0
154.2000,-47.65,0
154.2050,-47.83,0
154.2100,-16.51,0
154.2150,-16.51,0
154.2200,-16.51,0
154.2250,-16.51,0
154.2300,45.38,0
154.2350,45.38,0
154.2400,69.48,0
154.2450,69.48,0
154.2500,133.50,0
154.2550,133.50,0
154.2600,182.38,0
154.2650,182.38,0
154.2700,16.05,0
154.2750,202.22,0
154.2800,197.05,0
154.2850,197.05,0
154.2900,178.67,0
154.2950,178.67,1
154.3000,-14.67,0
154.3050,178.67,0
154.3100,14.65,0
154.3150,14.65,0
154.3200,-174.38,0
154.3250,73.98,0
154.3300,73.98,0
154.3350,182.38,0
154.3400,154.02,0
154.3450,154.02,0
154.3500,154.02,0
154.3550,-20.46,0
154.3600,69.52,0
154.3650,220.07,0
154.3700,-50.46,0
154.3750,-2.64,0
154.3800,-2.64,0
154.3850,11.56,0
154.3900,11.56,0
154.3950,77.98,0
154.4000,11.56,0
154.4050,-44.34,0
154.4100,154.39,0
154.4150,-44.34,0
154.4200,-44.34,0
154.4250,110.28,0
154.4300,-46.70,0
154.4350,-103.69,0
154.4400,-103.69,0
154.4450,-59.26,0
154.4500,-59.26,0
154.4550,-45.79,0
154.4600,-59.59,0
154.4650,-59.59,0
154.4700,-144.23,0
154.4750,-144.23,0
154.4800,13.98,0
154.4850,-124.43,0
154.4900,-173.60,0
154.4950,-90.46,0
154.5000,-200.33,0
154.5050,-200.33,0
154.5100,-41.74,0
154.5150,-184.12,0
154.5200,-184.12,0
154.5250,-51.80,0
154.5300,-88.09,0
154.5350,-45.79,0
154.5400,-18.12,0
154.5450,-148.10,0
154.5500,36.97,0
154.5550,36.97,0
154.5600,36.97,0
154.5650,-67.87,0
154.5700,-103.70,0
154.5750,-106.91,0
154.5800,-47.88,0
154.5850,-47.88,0
154.5900,-47.88,0
154.5950,-130.86,0
154.6000,-130.86,0
154.6050,-130.86,0
154.6100,-130.86,0
154.6150,-70.62,0
154.6200,-106.17,0
154.6250,-106.17,0
154.6300,-164.64,0
154.6350,-164.64,0
154.6400,-164.64,0
154.6450,-178.16,0
154.6500,-178.16,0
154.6550,-178.16,0
154.6600,-178.16,0
154.6650,-174.53,0
154.6700,-174.53,0
154.6750,-174.53,0
154.6800,-174.53,0
154.6850,-97.81,0
154.6900,-123.01,0
154.6950,-30.94,0
154.7000,-30.94,0
154.7050,-30.94,0
154.7100,-30.94,0
154.7150,-30.94,0
154.7200,44.62,0
154.7250,44.62,0
154.7300,28.61,0
154.7350,21.80,0
154.7400,69.60,0
154.7450,69.60,0
154.7500,27.32,0
154.7550,27.32,0
154.7600,69.33,0
154.7650,69.33,0
154.7700,69.33,0
154.7750,-42.42,0
154.7800,33.44,0
154.7850,45.49,0
154.7900,-69.78,0
154.7950,22.50,0
154.8000,22.50,0
154.8050,139.68,0
154.8100,160.77,0
154.8150,160.77,0
154.8200,160.77,0
154.8250,160.77,0
154.8300,118.41,0
154.8350,118.41,0
154.8400,118.41,0
154.8450,0.66,0
154.8500,0.66,0
154.8550,-10.39,0
154.8600,-10.39,0
154.8650,-10.39,0
154.8700,19.75,0
154.8750,18.83,0
154.8800,-10.39,0
154.8850,-10.39,0
154.8900,-10.39,0
154.8950,58.66,0
154.9000,58.66,0
154.9050,37.13,0
154.9100,-48.99,0
154.9150,-17.62,0
154.9200,-17.62,0
154.9250,0.66,0
154.9300,-5.54,0
154.9350,14.90,0
154.9400,14.90,0
154.9450,-10.82,0
154.9500,-10.82,0
154.9550,19.74,0
154.9600,19.74,0
154.9650,-6.59,0
154.9700,26.76,0
154.9750,26.76,0
154.9800,12.21,0
154.9850,15.16,0
154.9900,15.16,0
154.9950,15.16,0
155.0000,15.16,0
155.0050,-2.66,0
155.0100,-2.66,0
155.0150,23.58,0
155.0200,12.04,0
155.0250,12.04,0
155.0300,12.04,0
155.0350,24.75,0
155.0400,24.75,0
155.0450,24.75,0
155.0500,24.75,0
155.0550,29.80,0
155.0600,29.80,0
155.0650,8.72,0
155.0700,20.94,0
155.0750,20.94,0
155.0800,-1.63,0
155.0850,-1.63,0
155.0900,-1.63,0
155.0950,-1.63,0
155.1000,6.28,0
155.1050,6.28,0
155.1100,10.36,0
155.1150,10.36,0
155.1200,10.36,0
155.1250,0.95,0
155.1300,20.72,0
155.1350,20.72,0
155.1400,20.72,0
155.1450,6.21,0
155.1500,8.41,0
155.1550,8.41,0
155.1600,17.00,0
155.1650,8.41,0
155.1700,8.41,0
155.1750,8.41,0
155.1800,8.41,0
155.1850,25.16,0
155.1900,21.18,0
155.1950,1.15,0
155.2000,20.57,0
155.2050,20.57,0
155.2100,20.57,0
155.2150,-1.35,0
155.2200,7.69,0
155.2250,5.00,0
155.2300,5.00,0
155.2350,3.60,0
155.2400,12.57,0
155.2450,18.31,0
155.2500,18.31,0
155.2550,-5.33,0
155.2600,-5.33,0
155.2650,24.52,0
155.2700,24.52,0
155.2750,5.00,0
155.2800,24.52,0
155.2850,16.87,0
155.2900,16.87,0
155.2950,0.54,0
155.3000,11.81,0
155.3050,24.73,0
155.3100,24.73,0
155.3150,-4.19,0
155.3200,-4.19,0
155.3250,-4.19,0
155.3300,-4.19,0
155.3350,12.64,0
155.3400,26.25,0
155.3450,1.02,0
155.3500,1.02,0
155.3550,-0.91,0
155.3600,-0.91,0
155.3650,14.41,0
155.3700,14.41,0
155.3750,7.88,0
155.3800,0.33,0
155.3850,0.33,0
155.3900,22.77,0
155.3950,22.77,0
155.4000,22.77,0
155.4050,22.77,0
155.4100,22.77,0
155.4150,-5.35,0
155.4200,-5.35,0
155.4250,7.32,0
155.4300,21.14,0
155.4350,0.40,0
155.4400,7.32,0
155.4450,1.59,0
155.4500,1.59,0
155.4550,-1.48,0
155.4600,15.89,0
155.4650,2.67,0
155.4700,2.67,0
155.4750,22.26,0
155.4800,22.26,0
155.4850,-5.37,0
155.4900,-5.37,0
155.4950,13.08,0
155.5000,13.08,0
155.5050,13.08,0
155.5100,13.08,0
155.5150,-1.87,0
155.5200,-1.87,0
155.5250,18.57,0
155.5300,18.57,0
155.5350,3.39,0
155.5400,3.39,0
155.5450,3.39,0
155.5500,3.39,0
155.5550,18.61,0
155.5600,-13.42,0
155.5650,-4.75,0
155.5700,-4.75,0
155.5750,-7.51,0
155.5800,-1.36,0
155.5850,-1.36,0
155.5900,-1.36,0
155.5950,-1.36,0
155.6000,5.72,0
155.6050,-6.51,0
155.6100,-6.51,0
155.6150,-6.51,0
155.6200,9.47,0
155.6250,9.47,0
155.6300,15.82,0
155.6350,15.82,0
155.6400,15.82,0
155.6450,-4.29,0
155.6500,-4.29,0
155.6550,15.85,0
155.6600,13.87,0
155.6650,5.62,0
155.6700,5.62,0
155.6750,0.68,0
155.6800,-6.36,0
155.6850,-6.36,0
155.6900,-6.36,0
155.6950,-6.36,0
155.7000,-6.36,0
155.7050,-6.36,0
155.7100,0.06,0
155.7150,0.06,0
155.7200,0.06,0
155.7250,5.62,0
155.7300,-7.19,0
155.7350,16.34,0
155.7400,16.34,0
155.7450,5.85,0
155.7500,5.85,0
155.7550,18.90,0
155.7600,9.40,0
155.7650,18.90,0
155.7700,18.90,0
155.7750,-7.76,0
155.7800,5.22,0
155.7850,-9.65,0
155.7900,-1.08,0
155.7950,18.35,0
155.8000,18.35,0
155.8050,-6.19,0
155.8100,-6.19,0
155.8150,-6.19,0
155.8200,-6.19,0
155.8250,-6.34,0
155.8300,5.33,0
155.8350,-1.94,0
155.8400,-7.76,0
155.8450,-7.90,0
155.8500,-7.90,0
155.8550,-7.90,0
155.8600,13.37,0
155.8650,13.37,0
155.8700,13.37,0
155.8750,-8.63,0
155.8800,5.18,0
155.8850,15.76,0
155.8900,15.76,0
155.8950,15.40,0
155.9000,15.40,0
155.9050,4.10,0
155.9100,4.10,0
155.9150,19.35,0
155.9200,15.93,0
155.9250,-8.00,0
155.9300,-8.00,0
155.9350,-8.00,0
155.9400,-8.00,0
155.9450,7.50,0
155.9500,7.50,0
155.9550,-3.35,0
155.9600,-3.35,0
155.9650,-7.00,0
155.9700,-7.00,0
155.9750,13.55,0
155.9800,13.55,0
155.9850,13.55,0
155.9900,13.55,0
155.9950,-1.21,0
156.0000,-1.21,0
156.0050,17.86,0
156.0100,19.35,0
156.0150,12.46,0
156.0200,-0.53,0
156.0250,4.36,0
156.0300,4.36,0
156.0350,0.80,0
156.0400,0.80,0
156.0450,17.61,0
156.0500,17.61,0
156.0550,-6.39,0
156.0600,-6.39,0
156.0650,-6.39,0
156.0700,17.54,0
156.0750,7.50,0
156.0800,3.57,0
156.0850,3.57,0
156.0900,3.57,0
156.0950,3.57,0
156.1000,-9.45,0
156.1050,-3.05,0
156.1100,4.36,0
156.1150,21.06,0
156.1200,2.90,0
156.1250,2.90,0
156.1300,10.68,0
156.1350,10.68,0
156.1400,10.68,0
156.1450,10.68,0
156.1500,10.68,0
156.1550,10.68,0
156.1600,10.68,0
156.1650,-1.51,0
156.1700,-1.51,0
156.1750,-1.51,0
156.1800,21.85,0
156.1850,3.61,0
156.1900,26.44,0
156.1950,-4.24,0
156.2000,-4.24,0
156.2050,-4.24,0
156.2100,-4.24,0
156.2150,17.43,0
156.2200,-7.49,0
156.2250,-7.49,0
156.2300,20.27,0
156.2350,-9.01,0
156.2400,20.27,0
156.2450,20.27,0
156.2500,16.42,0
156.2550,5.72,0
156.2600,11.81,0
156.2650,11.81,0
156.2700,21.37,0
156.2750,21.37,0
156.2800,-3.57,0
156.2850,-3.57,0
156.2900,6.06,0
156.2950,6.06,0
156.3000,11.90,0
156.3050,11.90,0
156.3100,11.90,0
156.3150,11.90,0
156.3200,11.90,0
156.3250,-4.57,0
156.3300,-4.57,0
156.3350,-4.57,0
156.3400,14.57,0
156.3450,14.57,0
156.3500,14.57,0
156.3550,-9.33,0
156.3600,-9.33,0
156.3650,20.28,0
156.3700,4.00,0
156.3750,16.75,0
156.3800,4.22,0
156.3850,-7.63,0
156.3900,21.92,0
156.3950,21.92,0
156.4000,-6.34,0
156.4050,-6.34,0
156.4100,-6.34,0
156.4150,-6.34,0
156.4200,11.00,0
156.4250,11.00,0
156.4300,-6.50,0
156.4350,-6.50,0
156.4400,-4.51,0
156.4450,-4.51,0
156.4500,11.00,0
156.4550,5.21,0
156.4600,13.87,0
156.4650,13.87,0
156.4700,13.87,0
156.4750,11.05,0
156.4800,8.93,0
156.4850,19.34,0
156.4900,19.34,0
156.4950,8.71,0
156.5000,8.71,0
156.5050,9.65,0
156.5100,9.65,0
156.5150,-5.63,0
156.5200,-5.63,0
156.5250,19.25,0
156.5300,19.25,0
156.5350,19.25,0
156.5400,21.35,0
156.5450,11.17,0
156.5500,11.17,0
156.5550,-6.22,0
156.5600,-6.22,0
156.5650,-5.07,0
156.5700,-5.07,0
156.5750,8.93,0
156.5800,8.93,0
156.5850,8.93,0
156.5900,8.93,0
156.5950,-7.77,0
156.6000,-7.77,0
156.6050,-7.77,0
156.6100,-7.77,0
156.6150,-5.79,0
156.6200,-5.79,0
156.6250,10.20,0
156.6300,10.20,0
156.6350,-6.03,0
156.6400,18.36,0
156.6450,18.36,0
156.6500,18.36,0
156.6550,18.36,0
156.6600,8.73,0
156.6650,8.73,0
156.6700,-7.31,0
156.6750,-7.31,0
156.6800,-7.31,0
156.6850,-7.31,0
156.6900,-7.31,0
156.6950,-7.31,0
156.7000,5.87,0
156.7050,5.87,0
156.7100,-9.11,0
156.7150,18.85,0
156.7200,-9.11,0
156.7250,16.99,0
156.7300,21.91,0
156.7350,21.91,0
156.7400,12.22,0
156.7450,12.22,0
156.7500,12.22,0
156.7550,12.22,0
156.7600,12.22,0
156.7650,18.90,0
156.7700,18.90,0
156.7750,-4.86,0
156.7800,-4.86,0
156.7850,11.02,0
156.7900,11.02,0
156.7950,-8.39,0
156.8000,-8.39,0
156.8050,19.71,0
156.8100,-3.50,0
156.8150,-3.50,0
156.8200,-3.50,0
156.8250,9.25,0
156.8300,9.25,0
156.8350,-6.99,0
156.8400,-6.99,0
156.8450,20.03,0
156.8500,20.03,0
156.8550,-2.30,0
156.8600,-2.30,0
156.8650,11.69,0
156.8700,11.69,0
156.8750,11.69,0
156.8800,11.69,0
156.8850,15.14,0
156.8900,11.69,0
156.8950,17.56,0
156.9000,17.56,0
156.9050,-11.29,0
156.9100,17.81,0
156.9150,17.81,0
156.9200,3.55,0
156.9250,3.55,0
156.9300,3.55,0
156.9350,-0.05,0
156.9400,18.00,0
156.9450,-8.76,0
156.9500,-8.76,0
156.9550,15.25,0
156.9600,16.60,0
156.9650,16.60,0
156.9700,16.60,0
156.9750,16.60,0
156.9800,16.60,0
156.9850,17.62,0
156.9900,17.62,0
156.9950,8.58,0
157.0000,14.03,0
157.0050,2.31,0
157.0100,1.70,0
157.0150,1.70,0
157.0200,7.23,0
157.0250,18.43,0
157.0300,-9.78,0
157.0350,-9.78,0
157.0400,3.83,0
157.0450,3.83,0
157.0500,3.83,0
157.0550,3.83,0
157.0600,-0.09,0
157.0650,-0.09,0
157.0700,15.05,0
157.0750,15.05,0
157.0800,15.05,0
157.0850,15.05,0
157.0900,-1.15,0
157.0950,-1.15,0
157.1000,-9.14,0
157.1050,17.94,0
157.1100,14.97,0
157.1150,14.97,0
157.1200,-0.18,0
157.1250,-0.18,0
157.1300,1.46,0
157.1350,1.46,0
157.1400,-8.99,0
157.1450,15.06,0
157.1500,19.94,0
157.1550,-10.45,0
157.1600,0.03,0
157.1650,0.03,0
157.1700,0.03,0
157.1750,-1.74,0
157.1800,-1.74,0
157.1850,-9.56,0
157.1900,-9.56,0
157.1950,15.90,0
157.2000,15.90,0
157.2050,15.90,0
157.2100,15.90,0
157.2150,2.90,0
157.2200,2.90,0
157.2250,16.67,0
157.2300,16.67,0
157.2350,8.52,0
157.2400,16.06,0
157.2450,-0.88,0
157.2500,-0.88,0
157.2550,-0.88,0
157.2600,-0.88,0
157.2650,15.83,0
157.2700,15.83,0
157.2750,-14.05,0
157.2800,2.09,0
157.2850,2.09,0
157.2900,1.29,0
157.2950,1.29,0
157.3000,1.29,0
157.3050,1.29,0
157.3100,18.15,0
157.3150,-7.73,0
157.3200,15.31,0
157.3250,15.31,0
157.3300,-9.16,0
157.3350,0.58,0
157.3400,15.19,0
157.3450,15.19,0
157.3500,-8.88,0
157.3550,15.19,0
157.3600,17.53,0
157.3650,17.53,0
157.3700,-6.79,0
157.3750,21.36,0
157.3800,17.54,0
157.3850,17.54,0
157.3900,-8.68,0
157.3950,-8.68,0
157.4000,19.70,0
157.4050,19.70,0
157.4100,-0.24,0
157.4150,-0.24,0
157.4200,-0.24,0
157.4250,-0.24,0
157.4300,-11.71,0
157.4350,-11.71,0
157.4400,13.82,0
157.4450,13.82,0
157.4500,-0.70,0
157.4550,-0.70,0
157.4600,16.18,0
157.4650,16.18,0
157.4700,16.18,0
157.4750,-4.96,0
157.4800,16.07,0
157.4850,16.07,0
157.4900,2.58,0
157.4950,2.58,0
157.5000,2.58,0
157.5050,2.58,0
157.5100,15.74,0
157.5150,15.74,0
157.5200,16.59,0
157.5250,16.59,0
157.5300,-0.08,0
157.5350,-0.08,0
157.5400,-0.08,0
157.5450,-0.08,0
157.5500,-0.08,0
157.5550,-0.08,0
157.5600,15.59,0
157.5650,15.59,0
157.5700,-0.72,0
157.5750,-0.72,0
157.5800,-0.72,0
157.5850,21.40,0
157.5900,-0.72,0
157.5950,-0.72,0
157.6000,-5.83,0
157.6050,18.20,0
157.6100,18.20,0
157.6150,-4.95,0
157.6200,0.58,0
157.6250,18.29,0
157.6300,18.29,0
157.6350,-10.14,0
157.6400,-10.14,0
157.6450,18.25,0
157.6500,18.25,0
157.6550,1.43,0
157.6600,1.43,0
157.6650,1.43,0
