timestamp,ch1 (µV),event
74.28,-983.37,0
74.285,-1093.65,0
74.29,-981.27,1
74.295,-1027.14,0
74.3,-1027.14,0
74.305,-1027.14,0
74.31,-997.91,0
74.315,-1061.49,0
74.32,-955.53,0
74.325,-924.5,0
74.33,-1012.94,0
74.335,-1890.39,0
74.34,-1890.39,0
74.345,-1890.39,0
74.35,-1890.39,0
74.355,-1867.42,0
74.36,-1867.42,0
74.365,-1971.24,0
74.37,-1971.24,0
74.375,-1897.29,0
74.38,-1897.29,0
74.385,-1880.04,0
74.39,-1880.04,0
74.395,-1017.17,0
74.4,-1880.04,0
74.405,-1671.54,0
74.41,-1671.54,0
74.415,-1428.09,0
74.42,-1428.09,0
74.425,90.88,0
74.43,90.88,0
74.435,-54.02,0
74.44,-54.02,0
74.445,-23.61,0
74.45,-23.61,0
74.455,-23.61,0
74.46,-23.61,0
74.465,-66.19,0
74.47,-66.19,0
74.475,-66.19,0
74.48,-5.79,0
74.485,-66.19,0
74.49,-12.6,0
74.495,-12.6,0
74.5,-2035.93,0
74.505,0.26,0
74.51,0.26,0
74.515,0.26,0
74.52,16.59,0
74.525,-101.85,0
74.53,-23.8,0
74.535,-23.8,0
74.54,7.08,0
74.545,7.08,0
74.55,-31.28,0
74.555,-31.28,0
74.56,-31.28,0
74.565,-31.28,0
74.57,-31.28,0
74.575,-31.28,0
74.58,-31.28,0
74.585,18.34,0
74.59,4.97,0
74.595,4.97,0
74.6,23.76,0
74.605,23.76,0
74.61,2.56,0
74.615,2.56,0
74.62,9.49,0
74.625,9.49,0
74.63,9.49,0
74.635,9.49,0
74.64,9.49,0
74.645,9.49,0
74.65,9.49,0
74.655,9.49,0
74.66,-73.22,0
74.665,-1.82,0
74.67,-1.82,0
74.675,-22.72,0
74.68,-21.32,0
74.685,-15.42,0
74.69,-15.42,0
74.695,5.14,0
74.7,5.14,0
74.705,9.96,0
74.71,5.14,0
74.715,-24.93,0
74.72,-24.93,0
74.725,26.39,0
74.73,26.39,0
74.735,-6.04,0
74.74,1.55,0
74.745,1.55,0
74.75,1.55,0
74.755,1.55,0
74.76,16.53,0
74.765,16.53,0
74.77,6.87,0
74.775,-19.59,0
74.78,13.83,0
74.785,12.33,0
74.79,-21.17,0
74.795,1.55,0
74.8,-21.17,0
74.805,9.46,0
74.81,-17.92,0
74.815,-17.92,0
74.82,-1.48,0
74.825,6.29,0
74.83,37.03,0
74.835,37.03,0
74.84,29.28,0
74.845,-141.74,0
74.85,-141.74,0
74.855,-125.07,0
74.86,1.55,0
74.865,-108.12,0
74.87,-108.12,0
74.875,37.03,0
74.88,11.08,0
74.885,11.08,0
74.89,-26.89,0
74.895,-26.89,0
74.9,-58.93,0
74.905,109.73,0
74.91,-21.13,0
74.915,109.73,0
74.92,109.73,0
74.925,109.73,0
74.93,-44.76,0
74.935,-19.93,0
74.94,-772.03,0
74.945,-772.03,0
74.95,636.68,0
74.955,636.68,0
74.96,1114.91,0
74.965,-32.0,0
74.97,884.01,0
74.975,884.01,0
74.98,110.1,0
74.985,110.1,0
74.99,-76.51,0
74.995,-76.51,0
75.0,-46.39,0
75.005,-46.39,0
75.01,52.13,0
75.015,52.13,0
75.02,63.97,0
75.025,63.97,0
75.03,-44.76,0
75.035,78.16,0
75.04,87.85,0
75.045,87.85,0
75.05,55.3,0
75.055,-40.97,0
75.06,92.28,0
75.065,92.28,0
75.07,84.07,0
75.075,100.63,0
75.08,52.13,0
75.085,100.63,0
75.09,100.63,0
75.095,100.63,0
75.1,100.63,0
75.105,35.64,0
75.11,35.64,0
75.115,35.64,0
75.12,-6.3,0
75.125,-6.3,0
75.13,-71.36,0
75.135,-71.36,0
75.14,-71.36,0
75.145,-71.36,0
75.15,-24.76,0
75.155,-24.76,0
75.16,-47.96,0
75.165,-47.96,0
75.17,-156.88,0
75.175,-156.88,0
75.18,-254.28,0
75.185,-254.28,0
75.19,-127.66,0
75.195,-66.11,0
75.2,-37.26,0
75.205,-66.11,0
75.21,-29.82,0
75.215,-29.82,0
75.22,10.31,0
75.225,10.31,0
75.23,-42.19,0
75.235,-42.19,0
75.24,-33.73,0
75.245,-33.73,0
75.25,-33.73,0
75.255,15.66,0
75.26,-28.62,0
75.265,11.66,0
75.27,11.66,0
75.275,-18.3,0
75.28,-18.3,0
75.285,36.84,0
75.29,36.84,0
75.295,21.17,0
75.3,36.84,0
75.305,10.52,0
75.31,38.79,0
75.315,22.89,0
75.32,22.89,0
75.325,22.89,0
75.33,35.98,0
75.335,-11.09,0
75.34,-11.09,0
75.345,-11.09,0
75.35,11.62,0
75.355,24.9,0
75.36,24.9,0
75.365,22.33,0
75.37,-7.75,0
75.375,4.66,0
75.38,4.66,0
75.385,44.8,0
75.39,44.8,0
75.395,44.8,0
75.4,44.8,0
75.405,-18.12,0
75.41,43.75,0
75.415,92.94,0
75.42,92.94,0
75.425,92.94,0
75.43,92.94,0
75.435,103.6,0
75.44,38.93,0
75.445,76.79,0
75.45,76.79,0
75.455,2.68,0
75.46,2.68,0
75.465,2.68,0
75.47,2.68,0
75.475,-16.61,0
75.48,-16.61,0
75.485,-8.04,0
75.49,-8.04,0
75.495,-8.04,0
75.5,-8.04,0
75.505,95.15,0
75.51,6.75,0
75.515,-37.63,0
75.52,-37.63,0
75.525,-18.8,0
75.53,-18.8,0
75.535,-21.85,0
75.54,-21.85,0
75.545,-21.85,0
75.55,-21.85,0
75.555,-21.85,0
75.56,-21.85,0
75.565,16.33,0
75.57,16.33,0
75.575,-7.57,0
75.58,-7.57,0
75.585,23.15,0
75.59,23.15,0
75.595,-22.37,0
75.6,-22.37,0
75.605,2.58,0
75.61,2.58,0
75.615,2.58,0
75.62,2.58,0
75.625,28.27,0
75.63,28.27,0
75.635,28.27,0
75.64,14.57,0
75.645,14.57,0
75.65,14.57,0
75.655,-13.74,0
75.66,28.13,0
75.665,-13.74,0
75.67,-13.74,0
75.675,-25.48,0
75.68,-25.48,0
75.685,-21.44,0
75.69,17.14,0
75.695,-25.64,0
75.7,-13.44,0
75.705,30.26,0
75.71,30.26,0
75.715,-22.35,0
75.72,30.26,0
75.725,20.07,0
75.73,20.07,0
75.735,7.42,0
75.74,3.54,0
75.745,32.3,0
75.75,32.3,0
75.755,-16.28,0
75.76,-17.82,0
75.765,-17.82,0
75.77,4.55,0
75.775,4.55,0
75.78,-12.78,0
75.785,-17.58,0
75.79,-21.4,0
75.795,25.61,0
75.8,12.54,0
75.805,12.54,0
75.81,12.54,0
75.815,12.54,0
75.82,-18.44,0
75.825,-18.44,0
75.83,34.67,0
75.835,34.67,0
75.84,20.07,0
75.845,34.67,0
75.85,13.98,0
75.855,13.98,0
75.86,-20.78,0
75.865,-20.78,0
75.87,35.52,0
75.875,35.52,0
75.88,35.52,0
75.885,-10.58,0
75.89,-28.82,0
75.895,5.81,0
75.9,5.81,0
75.905,-19.51,0
75.91,-19.51,0
75.915,-23.75,0
75.92,-23.75,0
75.925,18.13,0
75.93,18.13,0
75.935,-11.0,0
75.94,18.13,0
75.945,-19.38,0
75.95,-19.38,0
75.955,-19.38,0
75.96,-19.38,0
75.965,-26.26,0
75.97,-26.26,0
75.975,11.26,0
75.98,11.26,0
75.985,-24.0,0
75.99,-24.0,0
75.995,33.87,0
76.0,33.87,0
76.005,33.87,0
76.01,33.87,0
76.015,16.61,0
76.02,16.61,0
76.025,-19.54,0
76.03,-19.54,0
76.035,-19.54,0
76.04,-19.54,0
76.045,-24.07,0
76.05,-24.07,0
76.055,-27.9,0
76.06,-27.9,0
76.065,27.31,0
76.07,27.31,0
76.075,38.88,0
76.08,27.31,0
76.085,27.31,0
76.09,27.31,0
76.095,27.31,0
76.1,27.31,0
76.105,30.43,0
76.11,30.43,0
76.115,-8.02,0
76.12,-8.02,0
76.125,27.02,0
76.13,27.02,0
76.135,-26.02,0
76.14,-26.02,0
76.145,-26.02,0
76.15,-26.02,0
76.155,-7.94,0
76.16,-3.06,0
76.165,-3.06,0
76.17,-28.78,0
76.175,-28.78,0
76.18,28.71,0
76.185,28.71,0
76.19,-9.72,0
76.195,-9.72,0
76.2,-9.72,0
76.205,-2.28,0
76.21,28.71,0
76.215,29.26,0
76.22,28.21,0
76.225,28.21,0
76.23,-4.63,0
76.235,-4.63,0
76.24,-2.3,0
76.245,-2.3,0
76.25,-23.01,0
76.255,-25.97,0
76.26,-25.97,0
76.265,-25.97,0
76.27,-25.97,0
76.275,-4.18,0
76.28,-4.18,0
76.285,-4.18,0
76.29,-4.18,0
76.295,30.88,0
76.3,30.88,0
76.305,35.03,0
76.31,35.03,0
76.315,35.03,0
76.32,35.03,0
76.325,-1.06,0
76.33,28.21,0
76.335,29.28,0
76.34,29.28,0
76.345,29.28,0
76.35,-4.99,0
76.355,-4.99,0
76.36,-4.99,0
76.365,29.28,0
76.37,-4.99,0
76.375,-4.99,0
76.38,-30.06,0
76.385,16.57,0
76.39,-3.46,0
76.395,-5.52,0
76.4,-3.46,0
76.405,-3.46,0
76.41,-3.46,0
76.415,-3.46,0
76.42,-29.07,0
76.425,-29.07,0
76.43,33.87,0
76.435,33.87,0
76.44,-3.89,0
76.445,-3.89,0
76.45,-0.99,0
76.455,28.1,0
76.46,28.1,0
76.465,28.1,0
76.47,-10.46,0
76.475,30.1,0
76.48,-4.12,0
76.485,-0.59,0
76.49,34.6,0
76.495,31.47,0
76.5,-24.85,0
76.505,-24.85,0
76.51,32.25,0
76.515,32.25,0
76.52,-3.06,0
76.525,-3.06,0
76.53,-3.06,0
76.535,-3.06,0
76.54,-3.06,0
76.545,15.1,0
76.55,31.87,0
76.555,31.87,0
76.56,-3.02,0
76.565,-3.02,0
76.57,28.74,0
76.575,28.74,0
76.58,28.74,0
76.585,28.74,0
76.59,27.78,0
76.595,-3.7,0
76.6,-3.7,0
76.605,32.42,0
76.61,32.42,0
76.615,32.42,0
76.62,-21.69,0
76.625,-25.91,0
76.63,28.8,0
76.635,28.8,0
76.64,-3.92,0
76.645,-5.51,0
76.65,28.8,0
76.655,-28.47,0
76.66,-28.47,0
76.665,-28.47,0
76.67,28.48,0
76.675,28.48,0
76.68,-8.16,0
76.685,-8.16,0
76.69,-6.19,0
76.695,-6.19,0
76.7,33.91,0
76.705,33.91,0
76.71,29.96,0
76.715,29.96,0
76.72,-0.67,0
76.725,-0.67,0
76.73,-7.98,0
76.735,-7.98,0
76.74,-28.59,0
76.745,-28.59,0
76.75,-28.59,0
76.755,-3.85,0
76.76,-3.85,0
76.765,-6.92,0
76.77,-6.92,0
76.775,15.93,0
76.78,30.96,0
76.785,-30.77,0
76.79,-30.77,0
76.795,-30.77,0
76.8,35.75,0
76.805,-6.17,0
76.81,-6.17,0
76.815,-6.17,0
76.82,34.92,0
76.825,34.92,0
76.83,27.94,0
76.835,27.94,0
76.84,-2.27,0
76.845,-2.27,0
76.85,-2.27,0
76.855,-2.27,0
76.86,-23.96,0
76.865,35.28,0
76.87,14.99,0
76.875,14.99,0
76.88,29.42,0
76.885,-20.43,0
76.89,39.35,0
76.895,39.35,0
76.9,14.37,0
76.905,14.37,0
76.91,14.37,0
76.915,-23.75,0
76.92,-23.75,0
76.925,38.67,0
76.93,38.67,0
76.935,-20.95,0
76.94,-20.95,0
76.945,18.09,0
76.95,18.09,0
76.955,18.09,0
76.96,18.09,0
76.965,18.09,0
76.97,18.09,0
76.975,-24.52,0
76.98,-24.52,0
76.985,-24.52,0
76.99,-24.52,0
76.995,-24.52,0
77.0,-36.29,0
77.005,15.81,0
77.01,15.81,0
77.015,-20.96,0
77.02,-20.96,0
77.025,13.1,0
77.03,-14.81,0
77.035,-26.55,0
77.04,-26.55,0
77.045,40.88,0
77.05,30.59,0
77.055,-17.41,0
77.06,-19.74,0
77.065,-19.74,0
77.07,12.52,0
77.075,12.52,0
77.08,16.25,0
77.085,16.25,0
77.09,36.19,0
77.095,36.19,0
77.1,-2.49,0
77.105,-17.38,0
77.11,13.18,0
77.115,-16.59,0
77.12,21.86,0
77.125,21.86,0
77.13,-20.49,0
77.135,-20.49,0
77.14,-16.61,0
77.145,-16.61,0
77.15,12.76,0
77.155,12.76,0
77.16,18.99,0
77.165,18.99,0
77.17,-23.35,0
77.175,38.04,0
77.18,38.04,0
77.185,10.4,0
77.19,10.4,0
77.195,10.4,0
77.2,19.57,0
77.205,19.57,0
77.21,-23.98,0
77.215,-23.98,0
77.22,-15.64,0
77.225,-19.56,0
77.23,-15.64,0
77.235,-15.64,0
77.24,19.27,0
77.245,19.27,0
77.25,-25.19,0
77.255,-25.19,0
77.26,-18.08,0
77.265,19.0,0
77.27,12.0,0
77.275,12.0,0
77.28,12.0,0
77.285,12.0,0
77.29,12.0,0
77.295,-0.11,0
77.3,37.22,0
77.305,37.22,0
77.31,11.48,0
77.315,11.48,0
77.32,15.96,0
77.325,19.56,0
77.33,15.96,0
77.335,35.62,0
77.34,35.62,0
77.345,-17.03,0
77.35,-17.03,0
77.355,-17.03,0
77.36,-22.45,0
77.365,9.86,0
77.37,9.86,0
77.375,-27.34,0
77.38,-27.34,0
77.385,-17.57,0
77.39,-17.57,0
77.395,1.85,0
77.4,1.85,0
77.405,-30.74,0
77.41,-30.74,0
77.415,29.13,0
77.42,38.18,0
77.425,-11.11,0
77.43,-18.95,0
77.435,11.69,0
77.44,11.69,0
77.445,11.69,0
77.45,11.69,0
77.455,37.43,0
77.46,37.43,0
77.465,-17.67,0
77.47,-17.67,0
77.475,39.36,0
77.48,8.33,0
77.485,17.66,0
77.49,17.66,0
77.495,16.7,0
77.5,17.66,0
77.505,-30.75,0
77.51,-18.02,0
77.515,17.64,0
77.52,17.64,0
77.525,15.35,0
77.53,-23.54,0
77.535,-23.54,0
77.54,39.86,0
77.545,39.86,0
77.55,10.9,0
77.555,10.9,0
77.56,-26.13,0
77.565,23.33,0
77.57,39.4,0
77.575,39.4,0
77.58,39.4,0
77.585,-11.91,0
77.59,-11.91,0
77.595,-11.91,0
77.6,21.03,0
77.605,21.03,0
77.61,-23.37,0
77.615,-23.37,0
77.62,-16.3,0
77.625,-16.3,0
77.63,-16.3,0
77.635,10.56,0
77.64,10.56,0
77.645,10.56,0
77.65,10.56,0
77.655,-26.01,0
77.66,-26.01,0
77.665,37.89,0
77.67,11.8,0
77.675,11.8,0
77.68,17.59,0
77.685,17.59,0
77.69,-0.77,0
77.695,-0.77,0
77.7,-0.77,0
77.705,-0.77,0
77.71,-0.77,0
77.715,32.65,0
77.72,32.65,0
77.725,-25.94,0
77.73,-25.94,0
77.735,-25.94,0
77.74,-25.94,0
77.745,24.56,0
77.75,24.56,0
77.755,-25.94,0
77.76,-10.4,0
77.765,-25.72,0
77.77,-25.72,0
77.775,-4.22,0
77.78,23.0,0
77.785,-12.76,0
77.79,-12.76,0
77.795,40.14,0
77.8,-28.11,0
77.805,-28.11,0
77.81,-28.11,0
77.815,-29.81,0
77.82,26.54,0
77.825,0.38,0
77.83,39.15,0
77.835,3.75,0
77.84,-29.42,0
77.845,-29.42,0
77.85,-29.42,0
77.855,27.52,0
77.86,27.52,0
77.865,19.55,0
77.87,-10.67,0
77.875,-10.67,0
77.88,-10.67,0
77.885,-26.57,0
77.89,-26.57,0
77.895,27.54,0
77.9,27.54,0
77.905,-12.76,0
77.91,-15.92,0
77.915,38.08,0
77.92,38.08,0
77.925,38.08,0
77.93,38.08,0
77.935,26.41,0
77.94,26.41,0
77.945,4.36,0
77.95,4.36,0
77.955,36.09,0
77.96,36.09,0
77.965,-25.95,0
77.97,-25.95,0
77.975,24.68,0
77.98,24.68,0
77.985,24.68,0
77.99,-13.05,0
77.995,-13.05,0
78.0,-13.05,0
78.005,-13.05,0
78.01,-30.46,0
78.015,-30.46,0
78.02,-30.46,0
78.025,-30.46,0
78.03,-0.8,0
78.035,-0.8,0
78.04,38.2,0
78.045,38.2,0
78.05,38.04,0
78.055,38.2,0
78.06,25.17,0
78.065,25.17,0
78.07,25.17,0
78.075,25.17,0
78.08,-15.1,0
78.085,-15.1,0
78.09,-25.47,0
78.095,-25.47,0
78.1,21.58,0
78.105,21.58,0
78.11,-0.31,0
78.115,1.83,0
78.12,-9.69,0
78.125,-30.92,0
78.13,-30.92,0
78.135,26.35,0
78.14,26.35,0
78.145,3.07,0
78.15,3.07,0
78.155,-13.63,0
78.16,-13.63,0
78.165,38.44,0
78.17,38.44,0
78.175,23.38,0
78.18,23.38,0
78.185,2.95,0
78.19,2.95,0
78.195,2.95,0
78.2,-12.55,0
78.205,-12.55,0
78.21,9.16,0
78.215,-25.74,0
78.22,-25.74,0
78.225,-25.74,0
78.23,4.59,0
78.235,4.59,0
78.24,-11.71,0
78.245,-11.71,0
78.25,-28.43,0
78.255,-28.43,0
78.26,-28.43,0
78.265,-28.43,0
78.27,-28.43,0
78.275,-28.43,0
78.28,25.19,0
78.285,42.33,0
78.29,42.33,0
78.295,-30.33,0
78.3,-30.33,0
78.305,25.56,0
78.31,25.56,0
78.315,25.56,0
78.32,25.56,0
78.325,-11.38,0
78.33,-11.38,0
78.335,-17.89,0
78.34,-17.89,0
78.345,27.43,0
78.35,27.43,0
78.355,5.78,0
78.36,-8.72,0
78.365,-8.72,0
78.37,-27.18,0
78.375,-27.18,0
78.38,27.39,0
78.385,27.39,0
78.39,4.91,0
78.395,4.91,0
78.4,-11.76,0
78.405,-11.76,0
78.41,42.69,0
78.415,42.69,0
78.42,25.49,0
78.425,10.02,0
78.43,5.06,0
78.435,-13.29,0
78.44,-12.35,0
78.445,-12.35,0
78.45,-25.7,0
78.455,-25.7,0
78.46,-25.7,0
78.465,-25.7,0
78.47,3.71,0
78.475,3.71,0
78.48,-13.66,0
78.485,-13.66,0
78.49,-25.55,0
78.495,-25.55,0
78.5,27.02,0
78.505,38.71,0
78.51,39.93,0
78.515,39.93,0
78.52,39.93,0
78.525,39.93,0
78.53,7.79,0
78.535,7.79,0
78.54,31.12,0
78.545,25.05,0
78.55,36.07,0
78.555,36.07,0
78.56,-7.66,0
78.565,-7.66,0
78.57,-7.66,0
78.575,6.71,0
78.58,25.81,0
78.585,25.81,0
78.59,25.81,0
78.595,-29.72,0
78.6,-29.72,0
78.605,-14.15,0
78.61,-14.15,0
78.615,8.26,0
78.62,8.26,0
78.625,24.02,0
78.63,24.02,0
78.635,41.16,0
78.64,-34.71,0
78.645,41.16,0
78.65,41.07,0
78.655,6.77,0
78.66,26.12,0
78.665,26.12,0
78.67,26.12,0
78.675,40.38,0
78.68,-15.17,0
78.685,-15.17,0
78.69,-15.17,0
78.695,-15.17,0
78.7,3.0,0
78.705,6.62,0
78.71,-28.14,0
78.715,-28.14,0
78.72,-26.41,0
78.725,-15.77,0
78.73,6.34,0
78.735,6.34,0
78.74,6.34,0
78.745,6.34,0
78.75,26.35,0
78.755,-15.77,0
78.76,39.77,0
78.765,-13.18,0
78.77,-15.34,0
78.775,-15.17,0
78.78,24.77,0
78.785,24.77,0
78.79,24.77,0
78.795,24.77,0
78.8,36.32,0
78.805,36.32,0
78.81,-15.5,0
78.815,2.44,0
78.82,2.44,0
78.825,2.44,0
78.83,-29.99,0
78.835,-29.99,0
78.84,-29.99,0
78.845,-15.53,0
78.85,-15.53,0
78.855,7.25,0
78.86,7.25,0
78.865,24.88,0
78.87,24.88,0
78.875,-33.64,0
78.88,-33.64,0
78.885,-33.64,0
78.89,-33.64,0
78.895,37.77,0
78.9,37.77,0
78.905,29.44,0
78.91,-18.36,0
78.915,40.76,0
78.92,40.03,0
78.925,-35.21,0
78.93,-18.63,0
78.935,-18.63,0
78.94,4.45,0
78.945,37.85,0
78.95,26.42,0
78.955,26.42,0
78.96,-30.67,0
78.965,-30.67,0
78.97,-15.18,0
78.975,-15.18,0
78.98,4.9,0
78.985,4.9,0
78.99,4.9,0
78.995,-32.34,0
79.0,39.71,0
79.005,40.36,0
79.01,40.36,0
79.015,3.81,0
79.02,3.81,0
79.025,-29.88,0
79.03,29.63,0
79.035,-31.54,0
79.04,-31.54,0
79.045,38.28,0
79.05,38.28,0
79.055,-12.04,0
79.06,-12.04,0
79.065,29.36,0
79.07,29.36,0
79.075,29.36,0
79.08,29.36,0
79.085,-17.35,0
79.09,38.48,0
79.095,5.56,0
79.1,5.56,0
79.105,5.56,0
79.11,5.56,0
79.115,5.56,0
79.12,-33.61,0
79.125,-33.61,0
79.13,41.32,0
79.135,41.32,0
79.14,3.76,0
79.145,3.76,0
79.15,29.53,0
79.155,29.53,0
79.16,-31.62,0
79.165,-31.62,0
79.17,39.0,0
79.175,39.0,0
79.18,-15.38,0
79.185,-15.38,0
79.19,28.18,0
79.195,28.18,0
79.2,-33.65,0
79.205,-33.65,0
79.21,39.31,0
79.215,39.31,0
79.22,-16.36,0
79.225,-16.36,0
79.23,5.42,0
79.235,5.42,0
79.24,-30.71,0
79.245,-31.05,0
79.25,43.54,0
79.255,39.29,0
79.26,-14.78,0
79.265,-14.78,0
79.27,28.76,0
79.275,28.76,0
79.28,28.76,0
79.285,39.51,0
79.29,39.51,1
79.295,-10.31,0
79.3,-10.31,0
79.305,27.43,0
79.31,27.43,0
79.315,-29.57,0
79.32,-29.57,0
79.325,-30.72,0
79.33,-29.57,0
79.335,-18.33,0
79.34,-18.33,0
79.345,-28.36,0
79.35,-28.36,0
79.355,22.95,0
79.36,22.95,0
79.365,22.95,0
79.37,22.95,0
79.375,-15.52,0
79.38,-15.52,0
79.385,42.8,0
79.39,42.8,0
79.395,-28.36,0
79.4,42.8,0
79.405,-30.12,0
79.41,-30.12,0
79.415,-13.88,0
79.42,9.41,0
79.425,9.41,0
79.43,9.41,0
79.435,-29.91,0
79.44,-29.91,0
79.445,-29.91,0
79.45,-29.91,0
79.455,7.58,0
79.46,7.58,0
79.465,42.9,0
79.47,42.9,0
79.475,19.68,0
79.48,19.68,0
79.485,19.68,0
79.49,19.68,0
79.495,-19.93,0
79.5,-19.93,0
79.505,41.8,0
79.51,41.8,0
79.515,23.23,0
79.52,23.23,0
79.525,-20.99,0
79.53,8.16,0
79.535,8.16,0
79.54,8.16,0
79.545,44.01,0
79.55,44.01,0
79.555,-27.38,0
79.56,-27.38,0
79.565,41.8,0
79.57,-27.38,0
79.575,20.44,0
79.58,20.44,0
79.585,42.03,0
79.59,-27.03,0
79.595,-27.03,0
79.6,-27.03,0
79.605,-30.32,0
79.61,41.8,0
79.615,-19.52,0
79.62,-19.52,0
79.625,43.91,0
79.63,43.91,0
79.635,10.84,0
79.64,-28.08,0
79.645,1.35,0
79.65,10.48,0
79.655,10.48,0
79.66,41.21,0
79.665,41.21,0
79.67,-28.22,0
79.675,-28.22,0
79.68,22.49,0
79.685,22.49,0
79.69,22.49,0
79.695,22.49,0
79.7,22.49,0
79.705,-17.98,0
79.71,-17.98,0
79.715,-26.87,0
79.72,23.09,0
79.725,23.09,0
79.73,7.95,0
79.735,7.95,0
79.74,45.69,0
79.745,45.69,0
79.75,45.69,0
79.755,45.69,0
79.76,45.69,0
79.765,23.85,0
79.77,23.85,0
79.775,10.38,0
79.78,-20.88,0
79.785,-20.88,0
79.79,1.5,0
79.795,-26.1,0
79.8,-26.1,0
79.805,-26.1,0
79.81,-26.1,0
79.815,38.13,0
79.82,9.18,0
79.825,-9.99,0
79.83,-13.31,0
79.835,-16.77,0
79.84,-27.97,0
79.845,23.85,0
79.85,47.82,0
79.855,7.03,0
79.86,7.03,0
79.865,-20.23,0
79.87,7.03,0
79.875,44.31,0
79.88,23.18,0
79.885,23.18,0
79.89,23.18,0
79.895,23.18,0
79.9,23.18,0
79.905,23.18,0
79.91,23.18,0
79.915,42.58,0
79.92,42.58,0
79.925,5.36,0
79.93,-20.5,0
79.935,-20.5,0
79.94,46.09,0
79.945,46.09,0
79.95,-45.18,0
79.955,-30.85,0
79.96,-30.85,0
79.965,23.78,0
79.97,23.78,0
79.975,5.36,0
79.98,6.87,0
79.985,-21.76,0
79.99,32.1,0
79.995,45.93,0
80.0,22.49,0
80.005,22.49,0
80.01,10.49,0
80.015,10.49,0
80.02,41.56,0
80.025,41.56,0
80.03,-28.11,0
80.035,-28.11,0
80.04,22.08,0
80.045,22.08,0
80.05,-17.66,0
80.055,38.47,0
80.06,-17.66,0
80.065,-17.66,0
80.07,0.18,0
80.075,0.18,0
80.08,115.21,0
80.085,115.21,0
80.09,115.21,0
80.095,-138.12,0
80.1,-34.67,0
80.105,40.14,0
80.11,22.08,0
80.115,-30.35,0
80.12,40.14,0
80.125,-579.46,0
80.13,44.27,0
80.135,44.63,0
80.14,-263.33,0
80.145,-263.33,0
80.15,0.18,0
80.155,641.01,0
80.16,641.01,0
80.165,629.63,0
80.17,629.63,0
80.175,629.63,0
80.18,629.63,0
80.185,-288.92,0
80.19,-288.92,0
80.195,-56.81,0
80.2,-56.81,0
80.205,701.9,0
80.21,647.78,0
80.215,647.78,0
80.22,647.78,0
80.225,647.78,0
80.23,647.78,0
80.235,10.19,0
80.24,10.19,0
80.245,747.57,0
80.25,747.57,0
80.255,48.5,0
80.26,-194.36,0
80.265,-194.36,0
80.27,-194.36,0
80.275,-194.36,0
80.28,795.47,0
80.285,795.47,0
80.29,708.39,0
80.295,804.62,0
80.3,811.96,0
80.305,811.96,0
80.31,747.57,0
80.315,566.51,0
80.32,566.51,0
80.325,566.51,0
80.33,1221.82,0
80.335,1221.82,0
80.34,1371.07,0
80.345,1371.07,0
80.35,1280.3,0
80.355,1280.3,0
80.36,1278.9,0
80.365,1278.9,0
80.37,1278.9,0
80.375,1278.9,0
80.38,1066.93,0
80.385,1066.93,0
80.39,811.96,0
80.395,885.58,0
80.4,885.58,0
80.405,1171.57,0
80.41,1282.77,0
80.415,800.99,0
80.42,800.99,0
80.425,800.99,0
80.43,845.77,0
80.435,845.77,0
80.44,898.4,0
80.445,935.47,0
80.45,935.47,0
80.455,949.29,0
80.46,949.29,0
80.465,949.29,0
80.47,949.29,0
80.475,401.5,0
80.48,938.26,0
80.485,947.38,0
80.49,947.38,0
80.495,869.8,0
80.5,869.8,0
80.505,869.8,0
80.51,869.8,0
80.515,869.8,0
80.52,869.8,0
80.525,901.52,0
80.53,901.52,0
80.535,901.52,0
80.54,899.25,0
80.545,951.58,0
80.55,899.25,0
80.555,879.33,0
80.56,38.3,0
80.565,38.3,0
80.57,38.3,0
80.575,1481.34,0
80.58,1481.34,0
80.585,1474.62,0
80.59,1474.62,0
80.595,1402.81,0
80.6,1402.81,0
80.605,1075.24,0
80.61,1075.24,0
80.615,604.56,0
80.62,604.56,0
80.625,653.75,0
80.63,653.75,0
80.635,1165.33,0
80.64,1165.33,0
80.645,1094.33,0
80.65,1574.11,0
80.655,664.46,0
80.66,664.46,0
80.665,1103.79,0
80.67,1103.79,0
80.675,517.07,0
80.68,517.07,0
80.685,292.8,0
80.69,517.07,0
80.695,-281.29,0
80.7,-281.29,0
80.705,-352.64,0
80.71,-352.64,0
80.715,-350.1,0
80.72,-350.1,0
80.725,50.35,0
80.73,50.35,0
80.735,-250.33,0
80.74,-250.33,0
80.745,-845.6,0
80.75,-845.6,0
80.755,-990.81,0
80.76,1181.46,0
80.765,-992.76,0
80.77,-992.76,0
80.775,-743.98,0
80.78,-743.98,0
80.785,-714.71,0
80.79,-714.71,0
80.795,-1088.86,0
80.8,-1088.86,0
80.805,-1213.35,0
80.81,1465.9,0
80.815,-907.13,0
80.82,-699.45,0
80.825,-701.41,0
80.83,-701.41,0
80.835,-701.41,0
80.84,-701.41,0
80.845,-1054.06,0
80.85,-714.71,0
80.855,-775.37,0
80.86,-775.37,0
80.865,-775.37,0
80.87,-701.41,0
80.875,-751.38,0
80.88,-1054.06,0
80.885,-976.28,0
80.89,-879.48,0
80.895,-879.48,0
80.9,-1186.13,0
80.905,-1186.13,0
80.91,-1277.78,0
80.915,-1277.78,0
80.92,-1401.19,0
80.925,-1401.19,0
80.93,-1401.19,0
80.935,-1401.19,0
80.94,-2129.27,0
80.945,-2129.27,0
80.95,-2235.61,0
80.955,-2235.61,0
80.96,-470.95,0
80.965,-470.95,0
80.97,-1036.75,0
80.975,-1128.14,0
80.98,-1128.14,0
80.985,-1128.14,0
80.99,-1286.45,0
80.995,-1286.45,0
81.0,-1286.45,0
81.005,-1286.45,0
81.01,-802.11,0
81.015,-1634.16,0
81.02,-687.16,0
81.025,-687.16,0
81.03,-694.61,0
81.035,-694.61,0
81.04,-694.61,0
81.045,-506.03,0
81.05,-1559.13,0
81.055,-506.03,0
81.06,-205.92,0
81.065,-205.92,0
81.07,-674.87,0
81.075,-674.87,0
81.08,-794.61,0
81.085,-794.61,0
81.09,-406.9,0
81.095,-794.61,0
81.1,-1264.98,0
81.105,-1492.46,0
81.11,-1492.46,0
81.115,-205.91,0
81.12,-1492.46,0
81.125,-1703.26,0
81.13,-1703.26,0
81.135,-1884.18,0
81.14,-1884.18,0
81.145,-1351.18,0
81.15,-1351.18,0
81.155,-1351.18,0
81.16,-2029.92,0
81.165,-694.78,0
81.17,-3120.27,0
81.175,-3120.27,0
81.18,-2845.63,0
81.185,-2845.63,0
81.19,-2680.55,0
81.195,-2680.55,0
81.2,-2339.18,0
81.205,-2339.18,0
81.21,-2339.18,0
81.215,-2339.18,0
81.22,-1542.58,0
81.225,-2866.3,0
81.23,-3040.07,0
81.235,-1836.62,0
81.24,-3040.07,0
81.245,-3073.91,0
81.25,-3073.91,0
81.255,-2979.06,0
81.26,-2979.06,0
81.265,-2888.32,0
81.27,-2888.32,0
81.275,-2895.87,0
81.28,-2895.87,0
81.285,-2870.47,0
81.29,-2680.54,0
81.295,-2913.21,0
81.3,-2913.21,0
81.305,-2882.05,0
81.31,-2882.05,0
81.315,-2937.73,0
81.32,-2937.73,0
81.325,-2736.75,0
81.33,-2891.92,0
81.335,-2933.04,0
81.34,-2891.92,0
81.345,-2924.12,0
81.35,-2244.88,0
81.355,-2945.53,0
81.36,-2945.53,0
81.365,-2920.99,0
81.37,-2988.39,0
81.375,-2988.39,0
81.38,-2988.39,0
81.385,-2972.83,0
81.39,-2918.19,0
81.395,-2991.04,0
81.4,-2898.22,0
81.405,-2998.61,0
81.41,-2998.61,0
81.415,-3004.04,0
81.42,-2958.92,0
81.425,-2958.92,0
81.43,-3055.66,0
81.435,-2992.62,0
81.44,-2992.62,0
81.445,-2873.07,0
81.45,-2953.59,0
81.455,-2953.59,0
81.46,-2953.59,0
81.465,-2967.45,0
81.47,-2967.45,0
81.475,-2985.76,0
81.48,-2985.76,0
81.485,-3012.05,0
81.49,-3011.2,0
81.495,-3003.84,0
81.5,-3003.84,0
81.505,-2719.58,0
81.51,-3003.84,0
81.515,-2959.26,0
81.52,-2959.26,0
81.525,-2958.16,0
81.53,-2958.16,0
81.535,-2983.83,0
81.54,-2983.83,0
81.545,-2955.8,0
81.55,-2955.8,0
81.555,-2955.8,0
81.56,-2955.8,0
81.565,-2989.73,0
81.57,-2943.81,0
81.575,-2943.81,0
81.58,-2929.5,0
81.585,-2929.5,0
81.59,-2949.79,0
81.595,-2949.79,0
81.6,-2944.49,0
81.605,-2949.79,0
81.61,-2897.14,0
81.615,-2897.14,0
81.62,-2935.65,0
81.625,-2935.65,0
81.63,-2935.65,0
81.635,-2940.15,0
81.64,-2940.15,0
81.645,-2950.64,0
81.65,-2950.64,0
81.655,-2950.64,0
81.66,-2950.64,0
81.665,-2950.64,0
81.67,-2961.76,0
81.675,-2961.76,0
81.68,-2961.76,0
81.685,-2948.52,0
81.69,-2919.6,0
81.695,-2919.6,0
81.7,-2919.6,0
81.705,-2969.38,0
81.71,-2907.52,0
81.715,-2923.14,0
81.72,-2923.14,0
81.725,-2935.21,0
81.73,-2923.14,0
81.735,-2905.65,0
81.74,-2905.65,0
81.745,-2890.03,0
81.75,-2890.03,0
81.755,-2848.79,0
81.76,-2567.24,0
81.765,-2909.98,0
81.77,-2905.65,0
81.775,9.26,0
81.78,9.26,0
81.785,9.26,0
81.79,9.26,0
81.795,-2856.45,0
81.8,-50.83,0
81.805,47.24,0
81.81,-11.1,0
81.815,-37.88,0
81.82,-88.53,0
81.825,-88.53,0
81.83,-220.3,0
81.835,-220.3,0
81.84,-214.34,0
81.845,-214.34,0
81.85,-214.34,0
81.855,-314.56,0
81.86,-314.56,0
81.865,-294.45,0
81.87,-294.45,0
81.875,9.33,0
81.88,-307.12,0
81.885,690.06,0
81.89,690.06,0
81.895,1023.91,0
81.9,1023.91,0
81.905,1023.91,0
81.91,1023.91,0
81.915,1117.19,0
81.92,1117.19,0
81.925,-207.85,0
81.93,1052.84,0
81.935,1636.98,0
81.94,1636.98,0
81.945,1569.61,0
81.95,1569.61,0
81.955,1569.61,0
81.96,1931.32,0
81.965,1931.32,0
81.97,1768.89,0
81.975,1768.89,0
81.98,1768.89,0
81.985,1508.48,0
81.99,1819.81,0
81.995,1819.81,0
82.0,1819.81,0
82.005,1819.81,0
82.01,1819.81,0
82.015,1824.0,0
82.02,1824.0,0
82.025,1848.89,0
82.03,1848.89,0
82.035,1226.0,0
82.04,-84.94,0
82.045,1843.46,0
82.05,1879.01,0
82.055,1843.46,0
82.06,1754.62,0
82.065,1754.62,0
82.07,1916.64,0
82.075,1916.64,0
82.08,1753.63,0
82.085,1753.63,0
82.09,1686.28,0
82.095,1423.93,0
82.1,1686.28,0
82.105,1686.28,0
82.11,1686.28,0
82.115,1686.28,0
82.12,1904.29,0
82.125,1698.27,0
82.13,1738.76,0
82.135,1738.76,0
82.14,1867.07,0
82.145,1867.07,0
82.15,1867.07,0
82.155,1867.07,0
82.16,1926.48,0
82.165,1926.48,0
82.17,1695.56,0
82.175,2165.82,0
82.18,1983.21,0
82.185,1983.21,0
82.19,2002.45,0
82.195,2002.45,0
82.2,1999.58,0
82.205,1999.58,0
82.21,2063.28,0
82.215,2063.28,0
82.22,2165.82,0
82.225,1687.36,0
82.23,1916.69,0
82.235,1916.69,0
82.24,1926.71,0
82.245,1926.71,0
82.25,1985.04,0
82.255,1985.04,0
82.26,2027.32,0
82.265,2027.32,0
82.27,2027.32,0
82.275,2027.32,0
82.28,2059.23,0
82.285,2059.23,0
82.29,2058.14,0
82.295,2096.96,0
82.3,2046.22,0
82.305,2046.22,0
82.31,2047.48,0
82.315,2047.48,0
82.32,1940.02,0
82.325,1940.02,0
82.33,1952.71,0
82.335,1952.71,0
82.34,2114.24,0
82.345,2114.24,0
82.35,2114.24,0
82.355,2114.24,0
82.36,2515.45,0
82.365,3196.63,0
82.37,3196.63,0
82.375,3242.38,0
82.38,3242.38,0
82.385,3242.38,0
82.39,3242.38,0
82.395,3021.74,0
82.4,3021.74,0
82.405,3021.74,0
82.41,2957.96,0
82.415,2957.96,0
82.42,3653.2,0
82.425,3653.2,0
82.43,3508.63,0
82.435,3508.63,0
82.44,4360.97,0
82.445,4360.97,0
82.45,5021.83,0
82.455,5021.83,0
82.46,5473.87,0
82.465,4949.94,0
82.47,4949.94,0
82.475,4949.94,0
82.48,5153.18,0
82.485,5153.18,0
82.49,5537.82,0
82.495,5537.82,0
82.5,5412.08,0
82.505,5412.08,0
82.51,2785.4,0
82.515,5732.91,0
82.52,6357.95,0
82.525,6357.95,0
82.53,6170.26,0
82.535,6170.26,0
82.54,6541.58,0
82.545,5476.84,0
82.55,6725.1,0
82.555,6725.1,0
82.56,6725.1,0
82.565,7184.15,0
82.57,7184.15,0
82.575,7184.15,0
82.58,7090.7,0
82.585,7090.7,0
82.59,-1063.74,0
82.595,-1063.74,0
82.6,-1799.24,0
82.605,-1194.44,0
82.61,7184.15,0
82.615,6357.94,0
82.62,-1335.21,0
82.625,-984.91,0
82.63,-984.91,0
82.635,-984.91,0
82.64,5353.72,0
82.645,-261.0,0
82.65,-261.0,0
82.655,343.65,0
82.66,343.65,0
82.665,343.65,0
82.67,948.92,0
82.675,948.92,0
82.68,1440.2,0
82.685,1440.2,0
82.69,2004.1,0
82.695,2004.1,0
82.7,1774.28,0
82.705,1774.28,0
82.71,1774.28,0
82.715,1856.89,0
82.72,1856.89,0
82.725,2798.19,0
82.73,2798.19,0
82.735,3078.89,0
82.74,3078.89,0
82.745,3078.89,0
82.75,3847.63,0
82.755,3847.63,0
82.76,4260.8,0
82.765,4260.8,0
82.77,4260.8,0
82.775,3453.42,0
82.78,3453.42,0
82.785,3453.42,0
82.79,1945.66,0
82.795,3292.22,0
82.8,2451.15,0
82.805,2155.46,0
82.81,2401.98,0
82.815,2401.98,0
82.82,2424.56,0
82.825,2424.56,0
82.83,2872.73,0
82.835,2610.85,0
82.84,2610.85,0
82.845,2483.48,0
82.85,2483.48,0
82.855,2483.48,0
82.86,1760.13,0
82.865,2417.94,0
82.87,2920.21,0
82.875,2170.36,0
82.88,2170.36,0
82.885,2170.36,0
82.89,908.75,0
82.895,2170.36,0
82.9,3523.95,0
82.905,2898.25,0
82.91,2898.25,0
82.915,2178.26,0
82.92,2449.42,0
82.925,2484.4,0
82.93,2484.4,0
82.935,2484.4,0
82.94,2484.4,0
82.945,2963.27,0
82.95,2963.27,0
82.955,2680.79,0
82.96,2680.79,0
82.965,2528.56,0
82.97,2528.56,0
82.975,2540.36,0
82.98,2540.36,0
82.985,3019.6,0
82.99,3019.6,0
82.995,2748.9,0
83.0,2748.9,0
83.005,2748.9,0
83.01,2748.9,0
83.015,2677.07,0
83.02,2540.36,0
83.025,2884.11,0
83.03,2884.11,0
83.035,1544.98,0
83.04,1544.98,0
83.045,1544.98,0
83.05,2647.31,0
83.055,1689.53,0
83.06,1689.53,0
83.065,1689.53,0
83.07,1987.62,0
83.075,1987.62,0
83.08,1605.94,0
83.085,1605.94,0
83.09,1605.94,0
83.095,1605.94,0
83.1,1110.48,0
83.105,1110.48,0
83.11,1347.96,0
83.115,1525.02,0
83.12,1525.02,0
83.125,1113.5,0
83.13,1113.5,0
83.135,2531.91,0
83.14,1372.25,0
83.145,1372.25,0
83.15,1849.57,0
83.155,1603.23,0
83.16,1603.23,0
83.165,1603.23,0
83.17,1256.16,0
83.175,1183.57,0
83.18,1521.4,0
83.185,1521.4,0
83.19,1899.59,0
83.195,1899.59,0
83.2,2448.08,0
83.205,2448.08,0
83.21,2390.7,0
83.215,2390.7,0
83.22,2506.41,0
83.225,2506.41,0
83.23,1576.03,0
83.235,1269.1,0
83.24,1042.28,0
83.245,1042.28,0
83.25,1042.28,0
83.255,1476.4,0
83.26,1476.4,0
83.265,303.7,0
83.27,303.7,0
83.275,303.7,0
83.28,1284.42,0
83.285,548.95,0
83.29,548.95,0
83.295,548.95,0
83.3,-130.87,0
83.305,-130.87,0
83.31,-942.15,0
83.315,1533.73,0
83.32,-1115.98,0
83.325,-1193.44,0
83.33,-1193.44,0
83.335,60.18,0
83.34,-2019.84,0
83.345,-2372.04,0
83.35,-1023.27,0
83.355,-2372.04,0
83.36,-2736.33,0
83.365,-2736.33,0
83.37,-3054.76,0
83.375,-3054.76,0
83.38,-4254.21,0
83.385,-4254.21,0
83.39,-4254.21,0
83.395,-4228.57,0
83.4,-4228.57,0
83.405,304.6,0
83.41,329.58,0
83.415,-2736.33,0
83.42,870.43,0
83.425,440.57,0
83.43,440.57,0
83.435,172.37,0
83.44,172.37,0
83.445,15.68,0
83.45,15.68,0
83.455,97.22,0
83.46,97.22,0
83.465,-2965.16,0
83.47,-525.76,0
83.475,-738.31,0
83.48,-738.31,0
83.485,-909.43,0
83.49,-909.43,0
83.495,-829.95,0
83.5,-829.95,0
83.505,13.76,0
83.51,-906.14,0
83.515,-1677.9,0
83.52,-1677.9,0
83.525,-1849.4,0
83.53,-1849.4,0
83.535,-1849.4,0
83.54,-1849.4,0
83.545,-1771.21,0
83.55,-1771.21,0
83.555,-2601.79,0
83.56,-2601.79,0
83.565,-2807.08,0
83.57,-2807.08,0
83.575,-3251.33,0
83.58,-3251.33,0
83.585,-4357.05,0
83.59,584.28,0
83.595,-4711.13,0
83.6,-4711.13,0
83.605,-3251.33,0
83.61,-4903.42,0
83.615,-1822.15,0
83.62,-5289.33,0
83.625,-5289.33,0
83.63,-5289.33,0
83.635,-6618.86,0
83.64,-6618.86,0
83.645,-6643.82,0
83.65,-1830.83,0
83.655,-6643.82,0
83.66,-6643.82,0
83.665,-2504.7,0
83.67,-4826.81,0
83.675,-7339.32,0
83.68,-7339.32,0
83.685,-7657.61,0
83.69,-7808.95,0
83.695,-7290.55,0
83.7,-8320.93,0
83.705,-8320.93,0
83.71,-8607.45,0
83.715,-7290.55,0
83.72,-8607.45,0
83.725,-8607.45,0
83.73,-8285.39,0
83.735,-8285.39,0
83.74,-8929.11,0
83.745,-8929.11,0
83.75,-8929.11,0
83.755,-9653.3,0
83.76,-9653.3,0
83.765,-9671.53,0
83.77,-9259.65,0
83.775,-9259.65,0
83.78,-9259.65,0
83.785,-9923.56,0
83.79,-9923.56,0
83.795,-10281.78,0
83.8,-10281.78,0
83.805,-10583.35,0
83.81,-10583.35,0
83.815,-10207.85,0
83.82,-10207.85,0
83.825,-8676.89,0
83.83,-11245.36,0
83.835,-11245.36,0
83.84,-11245.36,0
83.845,-11520.69,0
83.85,-11520.69,0
83.855,-11134.98,0
83.86,-11134.98,0
83.865,-11314.34,0
83.87,-11314.34,0
83.875,-11115.82,0
83.88,-11115.82,0
83.885,-10352.0,0
83.89,-10352.0,0
83.895,-10352.0,0
83.9,-10737.17,0
83.905,-8587.45,0
83.91,-11259.85,0
83.915,-11259.85,0
83.92,-10393.47,0
83.925,-10393.47,0
83.93,-10393.47,0
83.935,-10393.47,0
83.94,-10293.02,0
83.945,-10393.47,0
83.95,-8512.77,0
83.955,-10142.81,0
83.96,-10142.81,0
83.965,-10146.23,0
83.97,-10146.23,0
83.975,-10217.18,0
83.98,-9288.26,0
83.985,-9288.26,0
83.99,-9288.26,0
83.995,-9288.26,0
84.0,-11305.92,0
84.005,-10011.94,0
84.01,-10011.94,0
84.015,-9955.07,0
84.02,-9955.07,0
84.025,-10215.2,0
84.03,-9530.38,0
84.035,-9553.38,0
84.04,-9553.38,0
84.045,-9925.29,0
84.05,-10101.08,0
84.055,-10101.08,0
84.06,-10101.08,0
84.065,-9925.29,0
84.07,-10101.08,0
84.075,-10471.74,0
84.08,-10671.3,0
84.085,-10671.3,0
84.09,-10671.3,0
84.095,-10161.32,0
84.1,-10161.32,0
84.105,-10456.14,0
84.11,-10456.14,0
84.115,-10456.14,0
84.12,-10552.79,0
84.125,-10552.79,0
84.13,-10552.79,0
84.135,-10336.42,0
84.14,-10336.42,0
84.145,-9351.82,0
84.15,-10336.42,0
84.155,-10185.24,0
84.16,-10327.39,0
84.165,-9841.41,0
84.17,-9841.41,0
84.175,-10236.82,0
84.18,-10236.82,0
84.185,-9675.07,0
84.19,-9675.07,0
84.195,-10543.36,0
84.2,-10543.36,0
84.205,-8805.45,0
84.21,-8805.45,0
84.215,-266.21,0
84.22,-266.21,0
84.225,-9850.55,0
84.23,-10669.33,0
84.235,-365.24,0
84.24,-365.24,0
84.245,56.93,0
84.25,56.93,0
84.255,-41.05,0
84.26,97.13,0
84.265,97.13,0
84.27,97.13,0
84.275,97.13,0
84.28,97.13,0
84.285,-283.69,0
84.29,-283.69,1
84.295,282.71,0
84.3,1046.77,0
84.305,1046.77,0
84.31,668.96,0
84.315,668.96,0
84.32,668.96,0
84.325,668.96,0
84.33,706.27,0
84.335,56.82,0
84.34,734.41,0
84.345,734.41,0
84.35,897.21,0
84.355,717.83,0
84.36,717.83,0
84.365,1138.61,0
84.37,1138.61,0
84.375,2209.73,0
84.38,2209.73,0
84.385,2844.91,0
84.39,2844.91,0
84.395,3009.43,0
84.4,3009.43,0
84.405,2142.42,0
84.41,2142.42,0
84.415,2624.37,0
84.42,1088.78,0
84.425,2298.23,0
84.43,1689.15,0
84.435,1689.15,0
84.44,1689.15,0
84.445,1138.61,0
84.45,1399.26,0
84.455,1399.26,0
84.46,1035.52,0
84.465,1035.52,0
84.47,1010.67,0
84.475,1010.67,0
84.48,1046.99,0
84.485,1046.99,0
84.49,939.46,0
84.495,939.46,0
84.5,939.46,0
84.505,915.47,0
84.51,915.47,0
84.515,991.38,0
84.52,2880.07,0
84.525,991.38,0
84.53,991.38,0
84.535,991.38,0
84.54,991.38,0
84.545,1134.15,0
84.55,2139.74,0
84.555,1048.9,0
84.56,1090.79,0
84.565,1090.79,0
84.57,1090.79,0
84.575,1391.11,0
84.58,1107.53,0
84.585,1049.66,0
84.59,1049.66,0
84.595,1049.66,0
84.6,1049.66,0
84.605,932.2,0
84.61,1049.66,0
84.615,1049.66,0
84.62,1049.66,0
84.625,1109.08,0
84.63,1109.08,0
84.635,1031.32,0
84.64,1031.32,0
84.645,1031.32,0
84.65,1022.64,0
84.655,1008.94,0
84.66,1105.22,0
84.665,951.48,0
84.67,1068.65,0
84.675,1068.65,0
84.68,1014.71,0
84.685,1014.71,0
84.69,902.59,0
84.695,902.59,0
84.7,984.13,0
84.705,984.13,0
84.71,938.75,0
84.715,938.75,0
84.72,960.95,0
84.725,960.95,0
84.73,925.9,0
84.735,925.9,0
84.74,925.9,0
84.745,925.9,0
84.75,938.55,0
84.755,943.72,0
84.76,943.72,0
84.765,916.99,0
84.77,957.86,0
84.775,976.54,0
84.78,976.54,0
84.785,976.54,0
84.79,927.07,0
84.795,927.07,0
84.8,974.21,0
84.805,974.21,0
84.81,974.21,0
84.815,974.21,0
84.82,1007.32,0
84.825,952.95,0
84.83,952.95,0
84.835,952.95,0
84.84,952.95,0
84.845,952.95,0
84.85,952.95,0
84.855,917.78,0
84.86,917.78,0
84.865,953.85,0
84.87,910.96,0
84.875,961.15,0
84.88,961.15,0
84.885,1032.11,0
84.89,1032.11,0
84.895,1002.61,0
84.9,907.89,0
84.905,1033.5,0
84.91,870.2,0
84.915,870.2,0
84.92,870.2,0
84.925,870.2,0
84.93,870.2,0
84.935,108.29,0
84.94,108.29,0
84.945,1073.87,0
84.95,1073.87,0
84.955,863.48,0
84.96,863.48,0
84.965,100.87,0
84.97,100.87,0
84.975,100.87,0
84.98,100.87,0
84.985,839.95,0
84.99,839.95,0
84.995,529.13,0
85.0,529.13,0
85.005,529.13,0
85.01,529.13,0
85.015,581.81,0
85.02,1421.05,0
85.025,1421.05,0
85.03,21.78,0
85.035,21.78,0
85.04,1000.14,0
85.045,21.78,0
85.05,21.78,0
85.055,21.78,0
85.06,21.78,0
85.065,21.78,0
85.07,21.78,0
85.075,-884.97,0
85.08,-884.97,0
85.085,-901.53,0
85.09,-880.28,0
85.095,-985.12,0
85.1,-880.28,0
85.105,-723.3,0
85.11,-723.3,0
85.115,-723.3,0
85.12,-606.2,0
85.125,-875.8,0
85.13,-573.63,0
85.135,-573.63,0
85.14,-740.36,0
85.145,-185.73,0
85.15,-192.74,0
85.155,-192.74,0
85.16,-192.74,0
85.165,-192.74,0
85.17,490.94,0
85.175,490.94,0
85.18,855.75,0
85.185,840.79,0
85.19,840.79,0
85.195,-243.42,0
85.2,773.7,0
85.205,773.7,0
85.21,709.78,0
85.215,773.7,0
85.22,1746.61,0
85.225,1746.61,0
85.23,1711.25,0
85.235,1711.25,0
85.24,2232.31,0
85.245,2232.31,0
85.25,2209.41,0
85.255,-185.79,0
85.26,2209.41,0
85.265,2507.57,0
85.27,2748.47,0
85.275,2772.43,0
85.28,2772.43,0
85.285,2772.43,0
85.29,2772.43,0
85.295,2322.89,0
85.3,2322.89,0
85.305,1931.9,0
85.31,1931.9,0
85.315,1196.45,0
85.32,1196.45,0
85.325,1196.45,0
85.33,1662.6,0
85.335,1662.6,0
85.34,2548.3,0
85.345,2548.3,0
85.35,2682.71,0
85.355,2295.51,0
85.36,2295.51,0
85.365,2633.56,0
85.37,2633.56,0
85.375,2962.19,0
85.38,2962.19,0
85.385,3511.19,0
85.39,3511.19,0
85.395,3117.14,0
85.4,3117.14,0
85.405,3117.14,0
85.41,2734.9,0
85.415,3947.43,0
85.42,3947.43,0
85.425,3947.43,0
85.43,3947.43,0
85.435,4519.86,0
85.44,5492.69,0
85.445,5492.69,0
85.45,5492.69,0
85.455,5492.69,0
85.46,1663.14,0
85.465,3117.14,0
85.47,6500.81,0
85.475,7068.08,0
85.48,7068.08,0
85.485,7466.45,0
85.49,7466.45,0
85.495,3511.3,0
85.5,7466.45,0
85.505,7466.45,0
85.51,7466.45,0
85.515,9041.33,0
85.52,9010.62,0
85.525,9010.62,0
85.53,9828.69,0
85.535,9828.69,0
85.54,10430.65,0
85.545,2096.86,0
85.55,10430.65,0
85.555,10430.65,0
85.56,10974.66,0
85.565,10974.66,0
85.57,11399.89,0
85.575,11399.89,0
85.58,12289.42,0
85.585,12289.42,0
85.59,12033.8,0
85.595,12033.8,0
85.6,12033.8,0
85.605,5884.91,0
85.61,12033.8,0
85.615,12378.62,0
85.62,12810.95,0
85.625,12810.95,0
85.63,13040.01,0
85.635,13040.01,0
85.64,12433.25,0
85.645,12433.25,0
85.65,12433.25,0
85.655,10974.64,0
85.66,11901.29,0
85.665,11901.29,0
85.67,11780.08,0
85.675,11780.08,0
85.68,11660.15,0
85.685,7877.94,0
85.69,11660.15,0
85.695,12810.97,0
85.7,11079.72,0
85.705,10980.68,0
85.71,10980.68,0
85.715,10706.25,0
85.72,10706.25,0
85.725,10499.24,0
85.73,10499.24,0
85.735,10589.44,0
85.74,10589.44,0
85.745,11208.19,0
85.75,11208.19,0
85.755,11555.02,0
85.76,11555.02,0
85.765,11513.2,0
85.77,11513.2,0
85.775,11513.2,0
85.78,11422.49,0
85.785,12198.21,0
85.79,12198.21,0
85.795,12535.55,0
85.8,12535.55,0
85.805,12493.96,0
85.81,12493.96,0
85.815,12571.12,0
85.82,12571.12,0
85.825,13142.99,0
85.83,13142.99,0
85.835,12512.4,0
85.84,13513.39,0
85.845,12194.61,0
85.85,12194.61,0
85.855,-94.46,0
85.86,-94.46,0
85.865,836.47,0
85.87,10596.8,0
85.875,676.46,0
85.88,676.46,0
85.885,676.46,0
85.89,676.46,0
85.895,718.11,0
85.9,718.11,0
85.905,1015.13,0
85.91,1722.71,0
85.915,1722.71,0
85.92,1722.71,0
85.925,1723.17,0
85.93,1723.17,0
85.935,-94.44,0
85.94,1723.17,0
85.945,12490.41,0
85.95,2006.44,0
85.955,2006.44,0
85.96,1748.49,0
85.965,2006.44,0
85.97,2006.44,0
85.975,2664.57,0
85.98,2664.57,0
85.985,2692.4,0
85.99,2692.4,0
85.995,2692.4,0
86.0,2692.4,0
86.005,3707.24,0
86.01,2006.45,0
86.015,3707.24,0
86.02,3692.53,0
86.025,4011.79,0
86.03,4011.79,0
86.035,1361.7,0
86.04,4641.07,0
86.045,4684.41,0
86.05,4736.52,0
86.055,4736.52,0
86.06,2739.3,0
86.065,4904.54,0
86.07,4904.54,0
86.075,4673.77,0
86.08,4670.4,0
86.085,4670.4,0
86.09,3355.42,0
86.095,4654.58,0
86.1,4654.58,0
86.105,4654.58,0
86.11,4646.83,0
86.115,4646.83,0
86.12,4341.88,0
86.125,4673.49,0
86.13,4673.49,0
86.135,4631.83,0
86.14,4631.83,0
86.145,4906.87,0
86.15,4906.87,0
86.155,4653.7,0
86.16,4649.93,0
86.165,4649.93,0
86.17,4649.93,0
86.175,4735.86,0
86.18,4582.14,0
86.185,4909.25,0
86.19,4909.25,0
86.195,4652.54,0
86.2,4652.54,0
86.205,4652.54,0
86.21,4652.54,0
86.215,4734.3,0
86.22,4776.84,0
86.225,4639.89,0
86.23,4639.89,0
86.235,4785.07,0
86.24,4657.79,0
86.245,4657.79,0
86.25,4657.79,0
86.255,4657.79,0
86.26,4641.39,0
86.265,4641.39,0
86.27,4641.39,0
86.275,4641.39,0
86.28,4641.63,0
86.285,4641.63,0
86.29,4641.63,0
86.295,4715.25,0
86.3,4715.25,0
86.305,4596.39,0
86.31,4596.39,0
86.315,4869.9,0
86.32,4622.17,0
86.325,4782.26,0
86.33,4701.22,0
86.335,4701.22,0
86.34,4751.37,0
86.345,4608.82,0
86.35,4844.32,0
86.355,4844.32,0
86.36,4606.04,0
86.365,4606.04,0
86.37,4606.04,0
86.375,4741.51,0
86.38,4717.87,0
86.385,4581.18,0
86.39,4854.07,0
86.395,4854.07,0
86.4,4854.07,0
86.405,4561.65,0
86.41,4590.71,0
86.415,4695.06,0
86.42,4695.06,0
86.425,4695.06,0
86.43,4695.06,0
86.435,4590.71,0
86.44,4851.51,0
86.445,4851.51,0
86.45,4684.23,0
86.455,4684.23,0
86.46,4572.87,0
86.465,4572.87,0
86.47,4572.87,0
86.475,4862.05,0
86.48,4862.05,0
86.485,4576.83,0
86.49,4576.83,0
86.495,4601.29,0
86.5,4574.19,0
86.505,4572.87,0
86.51,4686.87,0
86.515,4861.52,0
86.52,4861.52,0
86.525,4591.53,0
86.53,4591.53,0
86.535,4618.49,0
86.54,4707.52,0
86.545,4707.52,0
86.55,4927.56,0
86.555,4927.56,0
86.56,4637.45,0
86.565,4637.45,0
86.57,4637.45,0
86.575,4637.45,0
86.58,4637.45,0
86.585,4637.45,0
86.59,4672.52,0
86.595,4672.52,0
86.6,4702.72,0
86.605,4702.72,0
86.61,4724.05,0
86.615,4724.05,0
86.62,4800.13,0
86.625,4800.13,0
86.63,4986.02,0
86.635,4986.02,0
86.64,4986.02,0
86.645,4324.43,0
86.65,4986.02,0
86.655,4986.02,0
86.66,4747.13,0
86.665,4637.5,0
86.67,1958.27,0
86.675,2400.91,0
86.68,2400.91,0
86.685,2873.58,0
86.69,2873.58,0
86.695,4672.47,0
86.7,2786.61,0
86.705,2848.17,0
86.71,4642.04,0
86.715,3405.26,0
86.72,3405.26,0
86.725,3759.91,0
86.73,3759.91,0
86.735,3778.43,0
86.74,3778.43,0
86.745,3686.88,0
86.75,3686.88,0
86.755,4373.68,0
86.76,4373.68,0
86.765,4719.71,0
86.77,3405.26,0
86.775,4719.71,0
86.78,4719.71,0
86.785,4719.71,0
86.79,4719.71,0
86.795,3626.58,0
86.8,3626.58,0
86.805,4678.62,0
86.81,4678.62,0
86.815,4751.47,0
86.82,4751.47,0
86.825,4168.53,0
86.83,4168.53,0
86.835,3619.38,0
86.84,3619.38,0
86.845,4434.31,0
86.85,4434.31,0
86.855,4434.31,0
86.86,4434.31,0
86.865,4739.37,0
86.87,4739.37,0
86.875,3610.48,0
86.88,4403.18,0
86.885,4403.18,0
86.89,4403.18,0
86.895,4651.75,0
86.9,4651.75,0
86.905,4143.62,0
86.91,3612.53,0
86.915,4335.95,0
86.92,4410.76,0
86.925,4410.76,0
86.93,4738.54,0
86.935,4738.54,0
86.94,4738.54,0
86.945,4738.54,0
86.95,3609.48,0
86.955,3609.48,0
86.96,4399.1,0
86.965,4399.1,0
86.97,4659.72,0
86.975,4732.16,0
86.98,4146.8,0
86.985,4146.8,0
86.99,4171.32,0
86.995,4146.8,0
87.0,4404.51,0
87.005,4393.02,0
87.01,4625.46,0
87.015,4625.46,0
87.02,4111.35,0
87.025,4111.35,0
87.03,3549.41,0
87.035,3549.41,0
87.04,3947.62,0
87.045,4347.13,0
87.05,4687.35,0
87.055,3549.41,0
87.06,4687.35,0
87.065,4687.35,0
87.07,4687.35,0
87.075,4687.35,0
87.08,3603.85,0
87.085,3721.54,0
87.09,3603.85,0
87.095,4731.89,0
87.1,4731.89,0
87.105,4633.6,0
87.11,4633.6,0
87.115,4633.6,0
87.12,4890.65,0
87.125,4890.65,0
87.13,4644.68,0
87.135,4644.68,0
87.14,4865.86,0
87.145,4865.86,0
87.15,3793.19,0
87.155,3793.19,0
87.16,3793.19,0
87.165,4383.94,0
87.17,4383.98,0
87.175,3818.25,0
87.18,4044.47,0
87.185,4044.47,0
87.19,3945.47,0
87.195,3945.47,0
87.2,3967.95,0
87.205,3967.95,0
87.21,3967.95,0
87.215,3604.23,0
87.22,3967.95,0
87.225,3967.95,0
87.23,3967.95,0
87.235,3945.47,0
87.24,2023.85,0
87.245,2023.85,0
87.25,2023.85,0
87.255,1579.93,0
87.26,1579.93,0
87.265,1050.76,0
87.27,1050.76,0
87.275,-210.09,0
87.28,-210.09,0
87.285,-210.09,0
87.29,-210.09,0
87.295,807.81,0
87.3,807.81,0
87.305,713.83,0
87.31,713.83,0
87.315,1525.18,0
87.32,4837.62,0
87.325,1525.18,0
87.33,1747.04,0
87.335,1747.04,0
87.34,1701.71,0
87.345,1701.71,0
87.35,1781.1,0
87.355,1781.1,0
87.36,2065.14,0
87.365,2065.14,0
87.37,2495.03,0
87.375,2495.03,0
87.38,2495.03,0
87.385,2495.03,0
87.39,3199.93,0
87.395,3199.93,0
87.4,3199.93,0
87.405,3199.93,0
87.41,3816.87,0
87.415,3816.87,0
87.42,3897.66,0
87.425,3897.66,0
87.43,3864.49,0
87.435,3864.49,0
87.44,3880.15,0
87.445,3880.15,0
87.45,3991.57,0
87.455,3991.57,0
87.46,1701.85,0
87.465,4030.26,0
87.47,19.78,0
87.475,3844.99,0
87.48,816.53,0
87.485,816.53,0
87.49,723.14,0
87.495,723.14,0
87.5,935.16,0
87.505,935.16,0
87.51,879.85,0
87.515,879.85,0
87.52,879.85,0
87.525,879.85,0
87.53,834.97,0
87.535,841.29,0
87.54,1501.11,0
87.545,1501.11,0
87.55,1485.89,0
87.555,172.56,0
87.56,439.84,0
87.565,439.84,0
87.57,502.45,0
87.575,502.45,0
87.58,-27.35,0
87.585,-27.35,0
87.59,-674.91,0
87.595,-674.91,0
87.6,-1358.63,0
87.605,968.37,0
87.61,-1279.28,0
87.615,-1820.0,0
87.62,-1820.0,0
87.625,-2302.35,0
87.63,-2302.35,0
87.635,88.09,0
87.64,-2933.33,0
87.645,-3735.56,0
87.65,-3735.56,0
87.655,-3735.56,0
87.66,-3735.56,0
87.665,-4207.57,0
87.67,-4207.57,0
87.675,-3967.49,0
87.68,-3967.49,0
87.685,-3893.05,0
87.69,-3893.05,0
87.695,-3596.54,0
87.7,-3596.54,0
87.705,-3715.66,0
87.71,-3715.66,0
87.715,-3715.66,0
87.72,-3496.9,0
87.725,-3496.9,0
87.73,-2745.62,0
87.735,-2745.62,0
87.74,-2133.44,0
87.745,-2133.44,0
87.75,-2133.44,0
87.755,-2133.44,0
87.76,-2133.44,0
87.765,-1290.69,0
87.77,-1024.37,0
87.775,-268.54,0
87.78,-268.54,0
87.785,-3134.2,0
87.79,-3495.43,0
87.795,-1196.85,0
87.8,-1196.85,0
87.805,-971.33,0
87.81,-971.33,0
87.815,-1307.09,0
87.82,-1307.09,0
87.825,-1307.09,0
87.83,-1307.09,0
87.835,-266.84,0
87.84,-1366.06,0
87.845,-1046.74,0
87.85,-4250.25,0
87.855,-1046.74,0
87.86,-361.87,0
87.865,-276.9,0
87.87,-276.9,0
87.875,-276.9,0
87.88,-561.05,0
87.885,-561.05,0
87.89,-610.14,0
87.895,-554.47,0
87.9,-554.47,0
87.905,62.07,0
87.91,-383.16,0
87.915,34.45,0
87.92,34.45,0
87.925,34.45,0
87.93,143.08,0
87.935,-561.05,0
87.94,-23.89,0
87.945,-23.89,0
87.95,-23.89,0
87.955,-135.53,0
87.96,-135.53,0
87.965,-127.91,0
87.97,-127.91,0
87.975,-136.62,0
87.98,-216.03,0
87.985,41.31,0
87.99,41.31,0
87.995,34.46,0
88.0,-175.57,0
88.005,-529.19,0
88.01,-312.77,0
88.015,-312.77,0
88.02,119.83,0
88.025,-136.62,0
88.03,-267.88,0
88.035,509.9,0
88.04,509.9,0
88.045,509.9,0
88.05,-404.45,0
88.055,522.43,0
88.06,522.43,0
88.065,-23.97,0
88.07,133.36,0
88.075,83.02,0
88.08,83.02,0
88.085,80.73,0
88.09,80.73,0
88.095,35.0,0
88.1,225.72,0
88.105,225.72,0
88.11,555.12,0
88.115,555.12,0
88.12,544.64,0
88.125,544.64,0
88.13,-216.65,0
88.135,454.04,0
88.14,454.04,0
88.145,454.04,0
88.15,414.48,0
88.155,639.3,0
88.16,35.0,0
88.165,751.44,0
88.17,751.44,0
88.175,737.47,0
88.18,737.47,0
88.185,737.47,0
88.19,737.47,0
88.195,737.47,0
88.2,774.65,0
88.205,774.65,0
88.21,733.33,0
88.215,733.33,0
88.22,907.99,0
88.225,907.99,0
88.23,1079.95,0
88.235,78.93,0
88.24,1079.95,0
88.245,1079.95,0
88.25,1073.13,0
88.255,1137.14,0
88.26,866.9,0
88.265,731.64,0
88.27,731.64,0
88.275,723.93,0
88.28,723.93,0
88.285,754.57,0
88.29,754.57,0
88.295,687.55,0
88.3,687.55,0
88.305,638.16,0
88.31,638.16,0
88.315,575.83,0
88.32,575.83,0
88.325,413.3,0
88.33,413.3,0
88.335,502.92,0
88.34,1079.95,0
88.345,502.92,0
88.35,502.92,0
88.355,696.67,0
88.36,696.67,0
88.365,595.06,0
88.37,595.06,0
88.375,89.12,0
88.38,89.12,0
88.385,53.44,0
88.39,53.44,0
88.395,-330.58,0
88.4,-330.58,0
88.405,-406.75,0
88.41,-406.75,0
88.415,595.06,0
88.42,-84.94,0
88.425,-84.94,0
88.43,-827.1,0
88.435,-295.61,0
88.44,-295.61,0
88.445,595.07,0
88.45,-866.01,0
88.455,-1003.38,0
88.46,-1003.38,0
88.465,-1003.38,0
88.47,-1003.38,0
88.475,-869.13,0
88.48,-869.13,0
88.485,-869.13,0
88.49,-869.13,0
88.495,-869.13,0
88.5,-1965.47,0
88.505,-252.07,0
88.51,-2917.12,0
88.515,-2917.12,0
88.52,-3306.23,0
88.525,-3306.23,0
88.53,-2558.75,0
88.535,-3471.66,0
88.54,-3177.72,0
88.545,-3177.72,0
88.55,-3174.57,0
88.555,-3167.22,0
88.56,-3167.22,0
88.565,-3167.22,0
88.57,-3167.22,0
88.575,-3358.29,0
88.58,-3358.29,0
88.585,-3329.39,0
88.59,-2397.96,0
88.595,-3203.47,0
88.6,-3203.47,0
88.605,-3287.58,0
88.61,-800.45,0
88.615,-3156.67,0
88.62,-3156.67,0
88.625,-3199.04,0
88.63,-3199.04,0
88.635,-3199.04,0
88.64,-3199.04,0
88.645,-3199.04,0
88.65,-3199.04,0
88.655,-3361.38,0
88.66,-3361.38,0
88.665,-3494.62,0
88.67,-3276.92,0
88.675,-3494.88,0
88.68,-3494.88,0
88.685,-3494.88,0
88.69,-3494.88,0
88.695,-3252.49,0
88.7,-3252.49,0
88.705,-3252.49,0
88.71,-3341.99,0
88.715,-3341.99,0
88.72,-2486.56,0
88.725,-2625.06,0
88.73,-2625.06,0
88.735,-2625.06,0
88.74,-2625.06,0
88.745,-2625.06,0
88.75,-2561.77,0
88.755,-2561.77,0
88.76,-2895.79,0
88.765,-2598.57,0
88.77,-2598.57,0
88.775,-2598.57,0
88.78,-2378.92,0
88.785,-2378.92,0
88.79,-2460.72,0
88.795,-2460.72,0
88.8,-3142.46,0
88.805,-3215.51,0
88.81,-2456.47,0
88.815,-2456.47,0
88.82,-2732.48,0
88.825,-2732.48,0
88.83,-3491.63,0
88.835,-3491.63,0
88.84,-3990.21,0
88.845,-3990.21,0
88.85,-2732.48,0
88.855,-3515.28,0
88.86,-3515.28,0
88.865,-2584.03,0
88.87,-4382.89,0
88.875,-4382.89,0
88.88,-3605.02,0
88.885,-4890.56,0
88.89,-4367.93,0
88.895,-4367.93,0
88.9,-4455.27,0
88.905,-4534.48,0
88.91,-4534.48,0
88.915,-5830.75,0
88.92,-5830.75,0
88.925,-5300.72,0
88.93,-5300.72,0
88.935,-5371.02,0
88.94,-5371.02,0
88.945,-5490.5,0
88.95,-5490.5,0
88.955,-5831.86,0
88.96,-5831.86,0
88.965,-5325.55,0
88.97,-5325.55,0
88.975,-5245.47,0
88.98,-5245.47,0
88.985,-6075.72,0
88.99,-2461.85,0
88.995,-5325.55,0
89.0,-6485.06,0
89.005,-5244.41,0
89.01,-6485.06,0
89.015,-6485.06,0
89.02,-6485.06,0
89.025,-6066.99,0
89.03,-6066.99,0
89.035,-4392.24,0
89.04,-5389.63,0
89.045,-5171.78,0
89.05,-5301.7,0
89.055,-5171.78,0
89.06,-5171.78,0
89.065,-5171.78,0
89.07,-5171.78,0
89.075,-5691.94,0
89.08,-4602.91,0
89.085,-4258.8,0
89.09,-4258.8,0
89.095,-4258.8,0
89.1,-4258.8,0
89.105,-4258.8,0
89.11,-4258.8,0
89.115,846.6,0
89.12,1407.02,0
89.125,1407.02,0
89.13,1889.05,0
89.135,1889.05,0
89.14,1619.5,0
89.145,1619.5,0
89.15,2480.6,0
89.155,2480.6,0
89.16,2480.6,0
89.165,2480.6,0
89.17,2829.16,0
89.175,2829.16,0
89.18,2637.73,0
89.185,2637.73,0
89.19,3502.81,0
89.195,2880.95,0
89.2,3511.43,0
89.205,3511.43,0
89.21,3511.43,0
89.215,3915.47,0
89.22,3728.46,0
89.225,3728.46,0
89.23,3728.46,0
89.235,3728.46,0
89.24,3954.19,0
89.245,-6114.74,0
89.25,4478.91,0
89.255,4870.34,0
89.26,4870.34,0
89.265,4639.54,0
89.27,4907.09,0
89.275,4907.09,0
89.28,4907.09,0
89.285,5485.18,0
89.29,5485.18,1
89.295,1825.94,0
89.3,5824.91,0
89.305,5595.63,0
89.31,5837.12,0
89.315,5837.12,0
89.32,4521.17,0
89.325,3745.36,0
89.33,6446.67,0
89.335,6419.9,0
89.34,6419.9,0
89.345,6567.87,0
89.35,6567.87,0
89.355,6806.46,0
89.36,5651.5,0
89.365,7389.03,0
89.37,7389.03,0
89.375,7762.37,0
89.38,7762.37,0
89.385,7762.37,0
89.39,7762.37,0
89.395,7762.37,0
89.4,7762.37,0
89.405,7209.12,0
89.41,7209.12,0
89.415,7706.72,0
89.42,7706.72,0
89.425,5001.8,0
89.43,7539.72,0
89.435,7276.78,0
89.44,7276.78,0
89.445,7210.64,0
89.45,7210.64,0
89.455,7435.7,0
89.46,7542.57,0
89.465,7542.57,0
89.47,7277.8,0
89.475,7277.8,0
89.48,7277.8,0
89.485,7177.74,0
89.49,7416.01,0
89.495,7416.01,0
89.5,2638.36,0
89.505,7671.8,0
89.51,7163.36,0
89.515,7236.77,0
89.52,7198.3,0
89.525,7622.55,0
89.53,7671.8,0
89.535,7198.3,0
89.54,7644.29,0
89.545,7538.91,0
89.55,7644.29,0
89.555,7644.29,0
89.56,7416.01,0
89.565,7204.59,0
89.57,7416.61,0
89.575,7416.61,0
89.58,7416.61,0
89.585,7416.61,0
89.59,7554.8,0
89.595,7221.75,0
89.6,7221.75,0
89.605,7221.75,0
89.61,7396.24,0
89.615,7396.24,0
89.62,7627.12,0
89.625,7627.12,0
89.63,7627.12,0
89.635,7627.12,0
89.64,7627.12,0
89.645,7627.12,0
89.65,7154.36,0
89.655,7154.36,0
89.66,7650.04,0
89.665,7650.04,0
89.67,7577.88,0
89.675,7256.54,0
89.68,7650.04,0
89.685,7222.4,0
89.69,7222.4,0
89.695,7470.9,0
89.7,7423.29,0
89.705,7578.67,0
89.71,7604.54,0
89.715,7261.87,0
89.72,7261.87,0
89.725,7123.58,0
89.73,7428.95,0
89.735,7431.27,0
89.74,7211.6,0
89.745,7679.68,0
89.75,7679.68,0
89.755,7199.74,0
89.76,7649.86,0
89.765,7199.74,0
89.77,7134.51,0
89.775,7329.12,0
89.78,7329.12,0
89.785,7134.51,0
89.79,7433.23,0
89.795,7433.23,0
89.8,7433.23,0
89.805,7160.05,0
89.81,7070.79,0
89.815,7070.79,0
89.82,7310.28,0
89.825,7310.28,0
89.83,7408.37,0
89.835,7408.37,0
89.84,7122.78,0
89.845,7122.78,0
89.85,7122.78,0
89.855,7122.78,0
89.86,7288.63,0
89.865,7310.2,0
89.87,7559.36,0
89.875,7070.79,0
89.88,7424.47,0
89.885,7094.49,0
89.89,7094.49,0
89.895,7559.36,0
89.9,7071.07,0
89.905,7071.07,0
89.91,7516.33,0
89.915,7424.47,0
89.92,7421.19,0
89.925,7421.19,0
89.93,227.07,0
89.935,227.07,0
89.94,118.13,0
89.945,118.13,0
89.95,492.64,0
89.955,492.64,0
89.96,492.64,0
89.965,492.64,0
89.97,355.12,0
89.975,355.12,0
89.98,115.45,0
89.985,115.45,0
89.99,457.48,0
89.995,457.48,0
90.0,457.48,0
90.005,457.48,0
90.01,457.48,0
90.015,457.48,0
90.02,484.17,0
90.025,7129.28,0
90.03,115.45,0
90.035,6675.51,0
90.04,761.45,0
90.045,398.56,0
90.05,282.27,0
90.055,-216.66,0
90.06,-736.53,0
90.065,-220.43,0
90.07,-220.43,0
90.075,-305.92,0
90.08,-305.92,0
90.085,-1241.14,0
90.09,-1241.14,0
90.095,-1241.14,0
90.1,-1241.14,0
90.105,-1749.42,0
90.11,-1749.42,0
90.115,-1302.02,0
90.12,-1302.02,0
90.125,-1420.09,0
90.13,-1420.09,0
90.135,-2720.37,0
90.14,-2720.37,0
90.145,-2720.37,0
90.15,-2212.24,0
90.155,-2212.24,0
90.16,-2401.75,0
90.165,-2401.75,0
90.17,-3192.81,0
90.175,-216.6,0
90.18,-3192.81,0
90.185,-3139.6,0
90.19,561.45,0
90.195,573.81,0
90.2,-3217.17,0
90.205,-4136.71,0
90.21,-4136.71,0
90.215,-4619.29,0
90.22,-4619.29,0
90.225,-4619.29,0
90.23,-4619.29,0
90.235,-4197.96,0
90.24,-4197.96,0
90.245,-4295.53,0
90.25,-4295.53,0
90.255,-5612.69,0
90.26,-5612.69,0
90.265,-5101.35,0
90.27,-5101.35,0
90.275,-5101.35,0
90.28,-5101.35,0
90.285,-5305.95,0
90.29,-5305.95,0
90.295,-6119.51,0
90.3,-6119.51,0
90.305,-6090.82,0
90.31,-6090.82,0
90.315,-6131.2,0
90.32,-6131.2,0
90.325,-6131.2,0
90.33,-6131.2,0
90.335,-7037.47,0
90.34,-7037.47,0
90.345,-2325.64,0
90.35,-7037.47,0
90.355,-6954.24,0
90.36,-6131.2,0
90.365,-6257.09,0
90.37,-6257.09,0
90.375,-6257.09,0
90.38,-6257.09,0
90.385,-7589.36,0
90.39,-7589.36,0
90.395,-7119.12,0
90.4,-6224.63,0
90.405,-6224.63,0
90.41,-7031.16,0
90.415,-7031.16,0
90.42,-7031.16,0
90.425,-7031.16,0
90.43,-6076.24,0
90.435,-6076.24,0
90.44,-6204.6,0
90.445,-6204.6,0
90.45,-5246.14,0
90.455,-6204.6,0
90.46,-6524.91,0
90.465,-6276.99,0
90.47,-6117.27,0
90.475,-6294.66,0
90.48,-6227.59,0
90.485,-6227.59,0
90.49,-6325.64,0
90.495,-6325.64,0
90.5,-6672.45,0
90.505,-6672.45,0
90.51,-6672.45,0
90.515,-6119.27,0
90.52,-6417.48,0
90.525,-6233.6,0
90.53,-6233.6,0
90.535,-6233.6,0
90.54,-6233.6,0
90.545,-6233.6,0
90.55,-7373.63,0
90.555,-6642.23,0
90.56,-6642.23,0
90.565,-5273.03,0
90.57,-5273.03,0
90.575,-6185.36,0
90.58,-6185.36,0
90.585,-6628.44,0
90.59,-6628.44,0
90.595,-6039.49,0
90.6,-6039.49,0
90.605,-5270.24,0
90.61,-5270.24,0
90.615,-5294.81,0
90.62,-6135.32,0
90.625,-6614.46,0
90.63,-6614.46,0
90.635,-6023.39,0
90.64,-6023.39,0
90.645,-5218.62,0
90.65,-5218.62,0
90.655,-6123.7,0
90.66,-5274.88,0
90.665,-6123.7,0
90.67,-6123.7,0
90.675,-5995.55,0
90.68,-5995.55,0
90.685,-5215.45,0
90.69,-6445.98,0
90.695,-5104.57,0
90.7,-5270.07,0
90.705,-6591.81,0
90.71,-6591.81,0
90.715,-6591.81,0
90.72,-6447.77,0
90.725,-5271.95,0
90.73,-5118.26,0
90.735,-5118.26,0
90.74,-196.6,0
90.745,-196.6,0
90.75,-196.6,0
90.755,1158.93,0
90.76,1158.93,0
90.765,1829.59,0
90.77,1829.59,0
90.775,1829.59,0
90.78,1829.59,0
90.785,-2816.42,0
90.79,854.08,0
90.795,-5410.84,0
90.8,1582.52,0
90.805,1582.52,0
90.81,1582.52,0
90.815,1582.52,0
90.82,1582.52,0
90.825,1582.52,0
90.83,1530.16,0
90.835,1530.16,0
90.84,2161.3,0
90.845,2161.3,0
90.85,2520.94,0
90.855,2082.76,0
90.86,1198.29,0
90.865,1801.45,0
90.87,2056.94,0
90.875,2056.94,0
90.88,-5102.44,0
90.885,1998.56,0
90.89,2809.68,0
90.895,2809.68,0
90.9,1815.09,0
90.905,1355.5,0
90.91,1850.48,0
90.915,1371.74,0
90.92,2723.98,0
90.925,2723.98,0
90.93,2723.98,0
90.935,2108.04,0
90.94,2108.04,0
90.945,2108.04,0
90.95,1530.09,0
90.955,1380.34,0
90.96,2267.63,0
90.965,2267.63,0
90.97,2104.15,0
90.975,2104.15,0
90.98,2104.15,0
90.985,2104.15,0
90.99,1528.41,0
90.995,2104.15,0
91.0,2104.15,0
91.005,2104.15,0
91.01,2104.15,0
91.015,2278.88,0
91.02,2126.3,0
91.025,2108.04,0
91.03,2556.57,0
91.035,2556.57,0
91.04,3182.15,0
91.045,3182.15,0
91.05,3751.16,0
91.055,2560.72,0
91.06,3091.26,0
91.065,3091.26,0
91.07,3091.26,0
91.075,3091.26,0
91.08,3534.53,0
91.085,3534.53,0
91.09,4732.61,0
91.095,4732.61,0
91.1,3797.03,0
91.105,3797.03,0
91.11,3797.03,0
91.115,3797.03,0
91.12,2461.0,0
91.125,5141.13,0
91.13,5722.3,0
91.135,5722.3,0
91.14,5722.3,0
91.145,5722.3,0
91.15,5722.3,0
91.155,5498.76,0
91.16,5498.76,0
91.165,5498.76,0
91.17,6698.93,0
91.175,6698.93,0
91.18,6025.91,0
91.185,2551.76,0
91.19,6470.44,0
91.195,6470.44,0
91.2,7106.04,0
91.205,7106.04,0
91.21,7106.04,0
91.215,7106.04,0
91.22,7007.27,0
91.225,7007.27,0
91.23,4152.57,0
91.235,6744.09,0
91.24,8074.09,0
91.245,3731.5,0
91.25,8664.84,0
91.255,8664.84,0
91.26,8664.84,0
91.265,7980.2,0
91.27,7980.2,0
91.275,8436.9,0
91.28,8436.9,0
91.285,9650.74,0
91.29,9650.74,0
91.295,8940.2,0
91.3,8940.2,0
91.305,8940.2,0
91.31,8940.2,0
91.315,8221.65,0
91.32,8221.65,0
91.325,9132.13,0
91.33,9132.13,0
91.335,9132.13,0
91.34,9132.13,0
91.345,9571.12,0
91.35,8683.01,0
91.355,8683.01,0
91.36,10027.98,0
91.365,10027.98,0
91.37,10592.67,0
91.375,8453.02,0
91.38,10592.67,0
91.385,8067.2,0
91.39,9658.13,0
91.395,10376.21,0
91.4,11001.43,0
91.405,11001.43,0
91.41,11001.43,0
91.415,11575.1,0
91.42,10915.42,0
91.425,10915.42,0
91.43,10915.42,0
91.435,10915.42,0
91.44,10915.42,0
91.445,11362.01,0
91.45,11362.01,0
91.455,12563.39,0
91.46,7794.94,0
91.465,11626.53,0
91.47,11626.53,0
91.475,11626.53,0
91.48,11626.53,0
91.485,12964.5,0
91.49,12964.5,0
91.495,12360.95,0
91.5,12563.39,0
91.505,12604.1,0
91.51,12604.1,0
91.515,12604.1,0
91.52,12604.1,0
91.525,12604.1,0
91.53,12604.1,0
91.535,14525.87,0
91.54,13538.2,0
91.545,12243.8,0
91.55,12243.8,0
91.555,379.31,0
91.56,379.31,0
91.565,1731.92,0
91.57,1731.92,0
91.575,1518.56,0
91.58,1518.56,0
91.585,1518.56,0
91.59,1518.56,0
91.595,815.86,0
91.6,12958.76,0
91.605,1850.71,0
91.61,2540.39,0
91.615,2540.39,0
91.62,2540.39,0
91.625,1748.28,0
91.63,1748.28,0
91.635,1748.28,0
91.64,2807.2,0
91.645,2807.2,0
91.65,2807.2,0
91.655,3538.67,0
91.66,2736.84,0
91.665,2736.84,0
91.67,2736.84,0
91.675,3139.13,0
91.68,3139.13,0
91.685,3139.13,0
91.69,3139.13,0
91.695,3058.74,0
91.7,3139.13,0
91.705,4496.26,0
91.71,4496.26,0
91.715,4118.05,0
91.72,4118.05,0
91.725,4775.58,0
91.73,4775.58,0
91.735,5474.11,0
91.74,5474.11,0
91.745,4689.37,0
91.75,4689.37,0
91.755,4689.37,0
91.76,4689.37,0
91.765,5750.84,0
91.77,5750.84,0
91.775,6468.62,0
91.78,5668.84,0
91.785,2574.73,0
91.79,5668.84,0
91.795,6072.97,0
91.8,6072.97,0
91.805,3057.17,0
91.81,6729.49,0
91.815,7450.37,0
91.82,7450.37,0
91.825,7433.34,0
91.83,7433.34,0
91.835,6646.14,0
91.84,7712.79,0
91.845,7712.79,0
91.85,3742.31,0
91.855,3929.89,0
91.86,7649.6,0
91.865,7649.6,0
91.87,7649.6,0
91.875,7649.6,0
91.88,8622.43,0
91.885,8622.43,0
91.89,7967.77,0
91.895,7967.77,0
91.9,6756.66,0
91.905,8633.4,0
91.91,7006.78,0
91.915,4764.34,0
91.92,6987.72,0
91.925,6987.72,0
91.93,6987.72,0
91.935,6976.4,0
91.94,6976.4,0
91.945,6256.3,0
91.95,7057.91,0
91.955,6006.55,0
91.96,6006.55,0
91.965,6006.55,0
91.97,6006.55,0
91.975,6006.55,0
91.98,5271.78,0
91.985,5271.78,0
91.99,5271.78,0
91.995,4790.13,0
92.0,4790.13,0
92.005,4790.13,0
92.01,5693.98,0
92.015,5008.08,0
92.02,5008.08,0
92.025,4290.0,0
92.03,4290.0,0
92.035,3806.69,0
92.04,3806.69,0
92.045,7986.33,0
92.05,3806.69,0
92.055,4711.96,0
92.06,4711.96,0
92.065,3302.05,0
92.07,2808.61,0
92.075,2808.61,0
92.08,2808.61,0
92.085,3719.73,0
92.09,3719.73,0
92.095,3719.73,0
92.1,7034.22,0
92.105,2317.71,0
92.11,2317.71,0
92.115,1827.76,0
92.12,1827.76,0
92.125,2742.77,0
92.13,2742.77,0
92.135,2066.37,0
92.14,2066.37,0
92.145,2066.37,0
92.15,2066.37,0
92.155,843.1,0
92.16,843.1,0
92.165,1106.46,0
92.17,4914.49,0
92.175,2052.81,0
92.18,2052.81,0
92.185,1371.54,0
92.19,4513.79,0
92.195,1371.54,0
92.2,1371.54,0
92.205,1371.54,0
92.21,1371.54,0
92.215,1860.94,0
92.22,1860.94,0
92.225,1397.72,0
92.23,1397.72,0
92.235,824.7,0
92.24,824.7,0
92.245,1860.94,0
92.25,1115.01,0
92.255,1115.01,0
92.26,1115.01,0
92.265,2037.71,0
92.27,2037.71,0
92.275,820.17,0
92.28,801.94,0
92.285,1119.4,0
92.29,1348.59,0
92.295,1830.63,0
92.3,1830.63,0
92.305,2047.51,0
92.31,2047.51,0
92.315,1822.9,0
92.32,2010.63,0
92.325,1397.65,0
92.33,2846.01,0
92.335,2846.01,0
92.34,2846.01,0
92.345,2846.01,0
92.35,2846.01,0
92.355,2846.01,0
92.36,2846.01,0
92.365,2533.85,0
92.37,2533.85,0
92.375,550.24,0
92.38,550.24,0
92.385,1865.2,0
92.39,2027.2,0
92.395,2027.2,0
92.4,1824.19,0
92.405,1824.19,0
92.41,1824.19,0
92.415,2499.6,0
92.42,2826.27,0
92.425,2499.6,0
92.43,2499.6,0
92.435,4005.06,0
92.44,3998.58,0
92.445,3799.12,0
92.45,3799.12,0
92.455,4463.22,0
92.46,4633.67,0
92.465,4633.67,0
92.47,4633.67,0
92.475,4541.46,0
92.48,4541.46,0
92.485,3764.57,0
92.49,3764.57,0
92.495,4715.32,0
92.5,4031.18,0
92.505,4031.18,0
92.51,4031.18,0
92.515,3955.42,0
92.52,3955.42,0
92.525,3995.91,0
92.53,3995.91,0
92.535,4017.17,0
92.54,4017.17,0
92.545,3876.79,0
92.55,3876.79,0
92.555,3005.97,0
92.56,896.15,0
92.565,2837.56,0
92.57,2837.56,0
92.575,2837.56,0
92.58,2880.87,0
92.585,2880.87,0
92.59,2880.87,0
92.595,2854.41,0
92.6,2854.41,0
92.605,1850.3,0
92.61,1850.3,0
92.615,1850.3,0
92.62,1850.3,0
92.625,2518.02,0
92.63,2518.02,0
92.635,2865.16,0
92.64,2865.16,0
92.645,3004.61,0
92.65,1888.5,0
92.655,3473.58,0
92.66,3473.58,0
92.665,4049.58,0
92.67,2518.02,0
92.675,3835.16,0
92.68,3835.16,0
92.685,3826.21,0
92.69,3987.46,0
92.695,2881.11,0
92.7,3826.21,0
92.705,3826.21,0
92.71,5122.81,0
92.715,5122.81,0
92.72,5985.06,0
92.725,5761.78,0
92.73,5761.78,0
92.735,6439.37,0
92.74,6439.37,0
92.745,6439.37,0
92.75,6439.37,0
92.755,7755.35,0
92.76,2394.66,0
92.765,7944.89,0
92.77,7944.89,0
92.775,8407.69,0
92.78,8407.69,0
92.785,7933.09,0
92.79,9042.28,0
92.795,9042.28,0
92.8,2836.69,0
92.805,9908.7,0
92.81,9712.36,0
92.815,3975.98,0
92.82,3825.88,0
92.825,10372.18,0
92.83,11605.81,0
92.835,7418.71,0
92.84,4049.65,0
92.845,11605.81,0
92.85,10671.61,0
92.855,10671.61,0
92.86,11367.36,0
92.865,11367.36,0
92.87,11367.36,0
92.875,11394.14,0
92.88,11893.31,0
92.885,11394.14,0
92.89,10887.82,0
92.895,10887.82,0
92.9,11367.12,0
92.905,11367.12,0
92.91,11902.65,0
92.915,11902.65,0
92.92,10892.33,0
92.925,10892.33,0
92.93,10687.24,0
92.935,10687.24,0
92.94,10687.24,0
92.945,10687.24,0
92.95,10687.24,0
92.955,10687.24,0
92.96,9714.1,0
92.965,10907.47,0
92.97,9446.86,0
92.975,11394.46,0
92.98,11360.01,0
92.985,11360.01,0
92.99,11618.91,0
92.995,11618.91,0
93.0,10885.49,0
93.005,10885.49,0
93.01,10885.49,0
93.015,10885.49,0
93.02,11362.73,0
93.025,11362.73,0
93.03,11903.54,0
93.035,11903.54,0
93.04,11903.54,0
93.045,11903.54,0
93.05,10886.89,0
93.055,10886.89,0
93.06,11366.47,0
93.065,11366.47,0
93.07,11904.09,0
93.075,11904.09,0
93.08,11620.61,0
93.085,11620.61,0
93.09,10665.78,0
93.095,10665.78,0
93.1,11317.3,0
93.105,11317.3,0
93.11,10686.31,0
93.115,11680.99,0
93.12,11810.56,0
93.125,11810.56,0
93.13,10962.09,0
93.135,11810.56,0
93.14,11836.02,0
93.145,11836.02,0
93.15,11836.02,0
93.155,11836.02,0
93.16,11749.63,0
93.165,11190.46,0
93.17,10604.0,0
93.175,10604.0,0
93.18,60.04,0
93.185,60.04,0
93.19,11735.09,0
93.195,60.04,0
93.2,60.04,0
93.205,8.92,0
93.21,8.92,0
93.215,-32.96,0
93.22,-32.96,0
93.225,-59.6,0
93.23,-59.6,0
93.235,54.27,0
93.24,54.27,0
93.245,-96.29,0
93.25,-96.29,0
93.255,-96.29,0
93.26,-96.29,0
93.265,37.14,0
93.27,37.14,0
93.275,46.8,0
93.28,-23.85,0
93.285,-87.9,0
93.29,-29.58,0
93.295,-28.66,0
93.3,35.45,0
93.305,-8.49,0
93.31,-50.52,0
93.315,11481.33,0
93.32,-22.63,0
93.325,-26.1,0
93.33,889.22,0
93.335,139.59,0
93.34,90.81,0
93.345,151.49,0
93.35,869.6,0
93.355,264.03,0
93.36,264.03,0
93.365,264.03,0
93.37,264.03,0
93.375,285.05,0
93.38,285.05,0
93.385,225.83,0
93.39,225.83,0
93.395,208.6,0
93.4,208.6,0
93.405,208.6,0
93.41,208.6,0
93.415,208.6,0
93.42,208.6,0
93.425,181.08,0
93.43,181.08,0
93.435,156.04,0
93.44,156.04,0
93.445,156.04,0
93.45,156.04,0
93.455,81.31,0
93.46,81.31,0
93.465,91.62,0
93.47,91.62,0
93.475,171.82,0
93.48,171.82,0
93.485,171.82,0
93.49,171.82,0
93.495,156.46,0
93.5,156.46,0
93.505,156.46,0
93.51,156.46,0
93.515,69.4,0
93.52,69.4,0
93.525,10.23,0
93.53,10.23,0
93.535,10.23,0
93.54,10.23,0
93.545,58.74,0
93.55,58.74,0
93.555,171.82,0
93.56,36.58,0
93.565,128.74,0
93.57,-20.14,0
93.575,286.32,0
93.58,100.83,0
93.585,29.46,0
93.59,29.46,0
93.595,109.31,0
93.6,97.89,0
93.605,97.89,0
93.61,97.89,0
93.615,69.62,0
93.62,69.62,0
93.625,4.82,0
93.63,-20.37,0
93.635,61.69,0
93.64,-92.52,0
93.645,-92.52,0
93.65,-92.52,0
93.655,-92.52,0
93.66,-92.52,0
93.665,-74.35,0
93.67,-74.35,0
93.675,4.28,0
93.68,-182.25,0
93.685,-182.25,0
93.69,-55.35,0
93.695,29.48,0
93.7,-55.35,0
93.705,-55.35,0
93.71,-125.05,0
93.715,-125.05,0
93.72,-33.52,0
93.725,-33.52,0
93.73,-43.19,0
93.735,-43.19,0
93.74,-43.19,0
93.745,-43.19,0
93.75,-43.19,0
93.755,-75.23,0
93.76,24.25,0
93.765,24.25,0
93.77,-108.16,0
93.775,-108.16,0
93.78,-108.16,0
93.785,-42.03,0
93.79,-91.86,0
93.795,-48.88,0
93.8,-48.88,0
93.805,44.3,0
93.81,5.59,0
93.815,33.13,0
93.82,33.13,0
93.825,33.13,0
93.83,-45.87,0
93.835,-45.87,0
93.84,-89.88,0
93.845,48.99,0
93.85,48.99,0
93.855,48.99,0
93.86,-95.41,0
93.865,-95.41,0
93.87,19.65,0
93.875,-51.8,0
93.88,-51.8,0
93.885,39.94,0
93.89,39.94,0
93.895,-48.89,0
93.9,31.41,0
93.905,31.41,0
93.91,31.41,0
93.915,-44.87,0
93.92,-44.87,0
93.925,52.44,0
93.93,-84.07,0
93.935,-84.07,0
93.94,-84.07,0
93.945,44.6,0
93.95,44.6,0
93.955,-32.02,0
93.96,59.9,0
93.965,61.65,0
93.97,61.65,0
93.975,-73.5,0
93.98,-73.5,0
93.985,65.05,0
93.99,65.05,0
93.995,86.71,0
94.0,48.48,0
94.005,-36.18,0
94.01,-36.18,0
94.015,38.45,0
94.02,38.45,0
94.025,-51.26,0
94.03,-51.26,0
94.035,82.79,0
94.04,82.79,0
94.045,-43.56,0
94.05,-43.56,0
94.055,23.12,0
94.06,-52.74,0
94.065,-83.71,0
94.07,-52.74,0
94.075,88.0,0
94.08,88.0,0
94.085,-35.35,0
94.09,-35.35,0
94.095,55.72,0
94.1,55.72,0
94.105,55.72,0
94.11,105.29,0
94.115,105.29,0
94.12,105.29,0
94.125,-19.9,0
94.13,-19.9,0
94.135,53.38,0
94.14,23.12,0
94.145,88.75,0
94.15,-34.65,0
94.155,-34.65,0
94.16,-34.65,0
94.165,34.78,0
94.17,-29.15,0
94.175,-67.13,0
94.18,44.37,0
94.185,44.37,0
94.19,44.37,0
94.195,95.09,0
94.2,95.09,0
94.205,95.09,0
94.21,95.09,0
94.215,42.76,0
94.22,-38.39,0
94.225,42.76,0
94.23,-27.32,0
94.235,-27.32,0
94.24,-27.32,0
94.245,-29.28,0
94.25,-29.28,0
94.255,23.77,0
94.26,23.77,0
94.265,1.76,0
94.27,1.76,0
94.275,-72.47,0
94.28,-72.47,0
94.285,-50.65,0
94.29,-55.74,1
94.295,67.07,0
94.3,67.07,0
94.305,-0.09,0
94.31,65.02,0
94.315,178.68,0
94.32,178.68,0
94.325,178.68,0
94.33,-945.61,0
94.335,-945.61,0
94.34,-647.62,0
94.345,-647.62,0
94.35,-647.62,0
94.355,772.95,0
94.36,772.95,0
94.365,801.31,0
94.37,-945.61,0
94.375,801.31,0
94.38,801.31,0
94.385,289.3,0
94.39,289.3,0
94.395,289.3,0
94.4,289.3,0
94.405,289.3,0
94.41,289.3,0
94.415,1026.89,0
94.42,1026.89,0
94.425,1568.69,0
94.43,165.39,0
94.435,165.39,0
94.44,1611.16,0
94.445,1611.16,0
94.45,611.27,0
94.455,611.27,0
94.46,121.43,0
94.465,121.43,0
94.47,1330.24,0
94.475,708.76,0
94.48,1481.43,0
94.485,1481.43,0
94.49,1407.65,0
94.495,1407.65,0
94.5,1407.65,0
94.505,1407.65,0
94.51,199.52,0
94.515,801.35,0
94.52,1608.16,0
94.525,1608.16,0
94.53,1912.09,0
94.535,1912.09,0
94.54,1912.09,0
94.545,1912.09,0
94.55,1823.92,0
94.555,1823.92,0
94.56,1643.01,0
94.565,1066.96,0
94.57,627.93,0
94.575,199.52,0
94.58,873.19,0
94.585,320.4,0
94.59,320.4,0
94.595,320.4,0
94.6,320.4,0
94.605,320.4,0
94.61,372.71,0
94.615,333.85,0
94.62,333.85,0
94.625,333.85,0
94.63,333.85,0
94.635,707.7,0
94.64,707.7,0
94.645,685.11,0
94.65,685.11,0
94.655,722.01,0
94.66,722.01,0
94.665,722.01,0
94.67,627.93,0
94.675,1639.96,0
94.68,862.5,0
94.685,862.5,0
94.69,790.92,0
94.695,875.76,0
94.7,875.76,0
94.705,707.7,0
94.71,846.8,0
94.715,846.8,0
94.72,846.8,0
94.725,818.46,0
94.73,818.46,0
94.735,910.25,0
94.74,874.69,0
94.745,874.69,0
94.75,864.24,0
94.755,864.24,0
94.76,928.87,0
94.765,928.87,0
94.77,934.2,0
94.775,934.2,0
94.78,293.06,0
94.785,885.65,0
94.79,885.65,0
94.795,885.65,0
94.8,867.1,0
94.805,867.1,0
94.81,793.53,0
94.815,793.53,0
94.82,-136.4,0
94.825,-136.4,0
94.83,-136.4,0
94.835,-56.64,0
94.84,-56.64,0
94.845,-56.64,0
94.85,-56.64,0
94.855,-56.64,0
94.86,-160.8,0
94.865,-160.8,0
94.87,-160.8,0
94.875,-160.8,0
94.88,-128.91,0
94.885,-128.91,0
94.89,-896.09,0
94.895,-167.67,0
94.9,-167.67,0
94.905,-167.67,0
94.91,554.01,0
94.915,554.01,0
94.92,997.12,0
94.925,974.32,0
94.93,974.32,0
94.935,974.32,0
94.94,900.31,0
94.945,900.31,0
94.95,1007.18,0
94.955,1007.18,0
94.96,1007.18,0
94.965,1007.18,0
94.97,974.24,0
94.975,974.24,0
94.98,927.91,0
94.985,927.91,0
94.99,1008.76,0
94.995,865.4,0
95.0,865.4,0
95.005,865.4,0
95.01,972.18,0
95.015,972.18,0
95.02,972.18,0
95.025,972.18,0
95.03,1001.23,0
95.035,1001.23,0
95.04,934.9,0
95.045,914.97,0
95.05,956.6,0
95.055,956.6,0
95.06,956.53,0
95.065,956.53,0
95.07,916.91,0
95.075,916.91,0
95.08,946.68,0
95.085,946.68,0
95.09,1012.47,0
95.095,1012.47,0
95.1,958.83,0
95.105,999.22,0
95.11,999.22,0
95.115,910.52,0
95.12,967.58,0
95.125,967.58,0
95.13,967.58,0
95.135,967.58,0
95.14,251.61,0
95.145,1038.41,0
95.15,148.08,0
95.155,148.08,0
95.16,148.08,0
95.165,148.08,0
95.17,-148.96,0
95.175,-148.96,0
95.18,62.44,0
95.185,62.44,0
95.19,93.36,0
95.195,62.44,0
95.2,62.41,0
95.205,62.41,0
95.21,43.58,0
95.215,8.07,0
95.22,8.07,0
95.225,26.47,0
95.23,26.47,0
95.235,32.52,0
95.24,32.52,0
95.245,32.52,0
95.25,25.61,0
95.255,25.61,0
95.26,58.61,0
95.265,391.04,0
95.27,29.35,0
95.275,29.35,0
95.28,9.06,0
95.285,9.06,0
95.29,9.06,0
95.295,9.06,0
95.3,17.3,0
95.305,17.3,0
95.31,23.95,0
95.315,23.95,0
95.32,44.14,0
95.325,22.06,0
95.33,22.06,0
95.335,46.42,0
95.34,46.42,0
95.345,6.11,0
95.35,6.11,0
95.355,14.47,0
95.36,14.47,0
95.365,-5.59,0
95.37,-5.59,0
95.375,-12.85,0
95.38,-12.85,0
95.385,-37.93,0
95.39,-37.93,0
95.395,-10.88,0
95.4,-10.88,0
95.405,-10.88,0
95.41,17.29,0
95.415,29.5,0
95.42,-20.03,0
95.425,29.67,0
95.43,-58.99,0
95.435,2.24,0
95.44,2.24,0
95.445,-64.39,0
95.45,-64.39,0
95.455,12.51,0
95.46,44.3,0
95.465,-43.68,0
95.47,3.99,0
95.475,-11.21,0
95.48,-11.21,0
95.485,-53.05,0
95.49,-53.05,0
95.495,-49.82,0
95.5,-49.82,0
95.505,-49.82,0
95.51,-49.82,0
95.515,-32.94,0
95.52,-32.94,0
95.525,-83.7,0
95.53,-83.7,0
95.535,-102.01,0
95.54,-102.01,0
95.545,-160.4,0
95.55,-160.4,0
95.555,-156.74,0
95.56,-29.15,0
95.565,-229.2,0
95.57,-229.2,0
95.575,-229.2,0
95.58,-229.2,0
95.585,-229.2,0
95.59,-178.62,0
95.595,-30.61,0
95.6,-30.61,0
95.605,6.26,0
95.61,6.26,0
95.615,-65.5,0
95.62,36.94,0
95.625,53.13,0
95.63,53.13,0
95.635,44.39,0
95.64,44.39,0
95.645,44.39,0
95.65,44.39,0
95.655,60.78,0
95.66,60.78,0
95.665,74.8,0
95.67,74.8,0
95.675,57.93,0
95.68,36.94,0
95.685,57.93,0
95.69,47.09,0
95.695,25.31,0
95.7,25.31,0
95.705,25.31,0
95.71,41.35,0
95.715,41.35,0
95.72,2.33,0
95.725,12.92,0
95.73,12.92,0
95.735,12.92,0
95.74,12.92,0
95.745,12.92,0
95.75,-5.69,0
95.755,-5.69,0
95.76,20.94,0
95.765,20.94,0
95.77,37.38,0
95.775,1.17,0
95.78,1.17,0
95.785,43.72,0
95.79,6.13,0
95.795,43.72,0
95.8,29.39,0
95.805,32.51,0
95.81,32.51,0
95.815,32.51,0
95.82,10.77,0
95.825,53.88,0
95.83,53.88,0
95.835,27.29,0
95.84,27.29,0
95.845,27.29,0
95.85,27.29,0
95.855,27.29,0
95.86,27.29,0
95.865,27.29,0
95.87,43.16,0
95.875,43.16,0
95.88,22.63,0
95.885,46.71,0
95.89,46.71,0
95.895,2.42,0
95.9,2.42,0
95.905,4.45,0
95.91,40.23,0
95.915,22.79,0
95.92,22.79,0
95.925,22.79,0
95.93,17.99,0
95.935,17.99,0
95.94,-1.07,0
95.945,40.93,0
95.95,53.91,0
95.955,51.65,0
95.96,51.65,0
95.965,143.73,0
95.97,143.73,0
95.975,103.03,0
95.98,103.03,0
95.985,106.91,0
95.99,106.91,0
95.995,106.91,0
96.0,77.66,0
96.005,40.23,0
96.01,65.72,0
96.015,28.03,0
96.02,28.03,0
96.025,28.03,0
96.03,28.03,0
96.035,28.03,0
96.04,28.52,0
96.045,52.56,0
96.05,26.7,0
96.055,26.7,0
96.06,28.76,0
96.065,28.76,0
96.07,30.78,0
96.075,97.05,0
96.08,25.26,0
96.085,-0.55,0
96.09,24.35,0
96.095,24.35,0
96.1,24.35,0
96.105,25.98,0
96.11,25.98,0
96.115,21.39,0
96.12,21.39,0
96.125,21.39,0
96.13,20.18,0
96.135,20.18,0
96.14,22.09,0
96.145,22.09,0
96.15,11.6,0
96.155,11.4,0
96.16,11.4,0
96.165,11.4,0
96.17,11.4,0
96.175,13.56,0
96.18,13.56,0
96.185,13.56,0
96.19,45.51,0
96.195,45.51,0
96.2,45.51,0
96.205,27.46,0
96.21,12.36,0
96.215,39.16,0
96.22,25.28,0
96.225,25.28,0
96.23,-23.81,0
96.235,-23.81,0
96.24,52.12,0
96.245,-35.97,0
96.25,-43.42,0
96.255,-43.42,0
96.26,-45.32,0
96.265,-47.14,0
96.27,-47.14,0
96.275,45.92,0
96.28,-41.85,0
96.285,17.34,0
96.29,-45.32,0
96.295,-12.4,0
96.3,-12.4,0
96.305,-12.4,0
96.31,-12.4,0
96.315,-12.4,0
96.32,-12.4,0
96.325,-12.4,0
96.33,-1.16,0
96.335,-1.16,0
96.34,5.4,0
96.345,5.4,0
96.35,17.35,0
96.355,17.35,0
96.36,10.78,0
96.365,-22.96,0
96.37,13.08,0
96.375,-3.5,0
96.38,-3.5,0
96.385,29.7,0
96.39,29.7,0
96.395,-5.85,0
96.4,-5.85,0
96.405,0.05,0
96.41,21.41,0
96.415,-47.22,0
96.42,21.41,0
96.425,10.31,0
96.43,21.41,0
96.435,6.85,0
96.44,20.53,0
96.445,-7.5,0
96.45,-7.5,0
96.455,-0.07,0
96.46,-0.07,0
96.465,4.42,0
96.47,4.42,0
96.475,14.06,0
96.48,14.06,0
96.485,14.06,0
96.49,-13.97,0
96.495,-13.97,0
96.5,15.47,0
96.505,15.47,0
96.51,-1.02,0
96.515,23.48,0
96.52,23.48,0
96.525,23.48,0
96.53,-14.76,0
96.535,19.06,0
96.54,19.06,0
96.545,19.06,0
96.55,19.06,0
96.555,-0.24,0
96.56,-0.24,0
96.565,-18.17,0
96.57,-18.17,0
96.575,-4.38,0
96.58,-4.38,0
96.585,-4.38,0
96.59,-4.38,0
96.595,-4.38,0
96.6,-4.38,0
96.605,-4.38,0
96.61,-7.95,0
96.615,-7.95,0
96.62,8.83,0
96.625,8.83,0
96.63,3.08,0
96.635,-7.67,0
96.64,3.08,0
96.645,3.08,0
96.65,3.08,0
96.655,3.08,0
96.66,7.66,0
96.665,7.66,0
96.67,-8.05,0
96.675,-8.05,0
96.68,-19.02,0
96.685,-5.56,0
96.69,-8.04,0
96.695,-10.12,0
96.7,-10.12,0
96.705,19.9,0
96.71,-12.65,0
96.715,-12.65,0
96.72,-8.3,0
96.725,-8.3,0
96.73,-16.23,0
96.735,-5.19,0
96.74,-9.57,0
96.745,-16.78,0
96.75,-5.02,0
96.755,-16.78,0
96.76,-16.78,0
96.765,-16.78,0
96.77,-5.9,0
96.775,-5.9,0
96.78,7.23,0
96.785,7.23,0
96.79,16.15,0
96.795,16.15,0
96.8,21.46,0
96.805,21.46,0
96.81,22.77,0
96.815,22.77,0
96.82,22.77,0
96.825,22.77,0
96.83,18.13,0
96.835,18.13,0
96.84,18.13,0
96.845,18.13,0
96.85,19.95,0
96.855,19.95,0
96.86,12.5,0
96.865,13.18,0
96.87,23.1,0
96.875,23.1,0
96.88,15.31,0
96.885,10.83,0
96.89,10.83,0
96.895,10.83,0
96.9,9.67,0
96.905,4.05,0
96.91,4.05,0
96.915,4.83,0
96.92,6.71,0
96.925,6.71,0
96.93,7.88,0
96.935,-11.82,0
96.94,8.77,0
96.945,8.77,0
96.95,6.44,0
96.955,13.5,0
96.96,13.5,0
96.965,7.32,0
96.97,7.32,0
96.975,7.32,0
96.98,18.63,0
96.985,18.63,0
96.99,18.63,0
96.995,18.63,0
97.0,18.63,0
97.005,18.63,0
97.01,15.53,0
97.015,15.53,0
97.02,21.87,0
97.025,21.87,0
97.03,8.82,0
97.035,8.82,0
97.04,8.82,0
97.045,8.82,0
97.05,11.36,0
97.055,4.9,0
97.06,25.26,0
97.065,25.26,0
97.07,9.25,0
97.075,9.25,0
97.08,9.25,0
97.085,9.25,0
97.09,9.25,0
97.095,9.25,0
97.1,7.77,0
97.105,7.77,0
97.11,24.79,0
97.115,16.98,0
97.12,24.79,0
97.125,11.9,0
97.13,50.69,0
97.135,50.69,0
97.14,20.33,0
97.145,51.52,0
97.15,40.07,0
97.155,51.52,0
97.16,25.92,0
97.165,51.81,0
97.17,2.51,0
97.175,50.5,0
97.18,0.99,0
97.185,0.99,0
97.19,2.16,0
97.195,44.26,0
97.2,116.77,0
97.205,116.77,0
97.21,116.77,0
97.215,-26.41,0
97.22,-26.41,0
97.225,-26.41,0
97.23,-57.27,0
97.235,-57.27,0
97.24,-135.04,0
97.245,-135.04,0
97.25,-176.33,0
97.255,-176.33,0
97.26,51.81,0
97.265,-84.54,0
97.27,50.5,0
97.275,-84.54,0
97.28,29.08,0
97.285,-189.22,0
97.29,41.39,0
97.295,-104.41,0
97.3,-104.41,0
97.305,-104.41,0
97.31,-104.41,0
97.315,-104.41,0
97.32,-57.27,0
97.325,-1799.75,0
97.33,-1818.84,0
97.335,-1818.84,0
97.34,-2252.16,0
97.345,-2252.16,0
97.35,-3499.0,0
97.355,-3499.0,0
97.36,117.26,0
97.365,-3768.65,0
97.37,-3768.65,0
97.375,-2074.0,0
97.38,-4059.19,0
97.385,-4059.19,0
97.39,-4431.54,0
97.395,-4431.54,0
97.4,-4730.09,0
97.405,-4417.84,0
97.41,-4417.84,0
97.415,-4417.84,0
97.42,-4417.84,0
97.425,-4417.84,0
97.43,-4736.55,0
97.435,-4736.55,0
97.44,-4748.28,0
97.445,-4748.28,0
97.45,-4748.28,0
97.455,-5076.39,0
97.46,-5076.39,0
97.465,-6165.72,0
97.47,-6165.72,0
97.475,-6165.72,0
97.48,-6241.52,0
97.485,-1950.05,0
97.49,-5839.66,0
97.495,-5839.66,0
97.5,-6114.87,0
97.505,-4736.55,0
97.51,-6494.06,0
97.515,-6241.52,0
97.52,-3788.56,0
97.525,-7579.41,0
97.53,-7644.64,0
97.535,-7644.64,0
97.54,-7644.64,0
97.545,-7644.64,0
97.55,-7644.64,0
97.555,-7684.69,0
97.56,-7684.69,0
97.565,-3625.09,0
97.57,-7984.38,0
97.575,-8399.43,0
97.58,-8399.43,0
97.585,-5179.01,0
97.59,-8399.43,0
97.595,-7955.68,0
97.6,-7658.99,0
97.605,-8032.68,0
97.61,-8032.68,0
97.615,-5840.87,0
97.62,-8032.68,0
97.625,-8220.86,0
97.63,-8467.18,0
97.635,-8943.45,0
97.64,-8943.45,0
97.645,-8943.45,0
97.65,-9267.85,0
97.655,-9267.85,0
97.66,-8764.06,0
97.665,-9062.11,0
97.67,-9062.11,0
97.675,-9382.29,0
97.68,-9382.29,0
97.685,-9428.07,0
97.69,-9428.07,0
97.695,-8705.22,0
97.7,-9428.07,0
97.705,-8524.53,0
97.71,-8524.53,0
97.715,-8539.67,0
97.72,-8539.67,0
97.725,-8539.67,0
97.73,-9540.13,0
97.735,-8447.71,0
97.74,-8447.71,0
97.745,-8598.89,0
97.75,-8598.89,0
97.755,-8598.89,0
97.76,-8598.89,0
97.765,-8735.25,0
97.77,-8735.25,0
97.775,-8735.25,0
97.78,-8725.77,0
97.785,-8604.91,0
97.79,-8604.91,0
97.795,-8604.91,0
97.8,-8214.32,0
97.805,-8554.34,0
97.81,-8296.66,0
97.815,-8751.24,0
97.82,-8751.24,0
97.825,-8751.24,0
97.83,-8679.8,0
97.835,-8730.09,0
97.84,-8777.09,0
97.845,-8725.76,0
97.85,-8766.42,0
97.855,-8788.68,0
97.86,-8695.17,0
97.865,-8695.17,0
97.87,-8674.25,0
97.875,-8674.25,0
97.88,-8810.67,0
97.885,-8810.67,0
97.89,-8839.78,0
97.895,-8839.78,0
97.9,-8903.54,0
97.905,-8903.54,0
97.91,-8872.95,0
97.915,-8872.95,0
97.92,-8809.04,0
97.925,-8809.04,0
97.93,-8809.04,0
97.935,-8920.78,0
97.94,-8920.78,0
97.945,-8920.78,0
97.95,-8920.78,0
97.955,-8845.04,0
97.96,-8845.04,0
97.965,-8712.81,0
97.97,-8712.81,0
97.975,-8712.81,0
97.98,-8712.81,0
97.985,-8712.81,0
97.99,-8712.81,0
97.995,-8920.31,0
98.0,-8920.31,0
98.005,-8920.31,0
98.01,-8216.53,0
98.015,-8216.53,0
98.02,-8216.53,0
98.025,-8216.53,0
98.03,-8216.53,0
98.035,-8216.53,0
98.04,-7587.6,0
98.045,-7587.6,0
98.05,-7763.67,0
98.055,-7047.37,0
98.06,-7047.37,0
98.065,-7124.93,0
98.07,-7124.93,0
98.075,-6356.17,0
98.08,-6356.17,0
98.085,-8354.84,0
98.09,-746.48,0
98.095,-746.48,0
98.1,-842.35,0
98.105,-842.35,0
98.11,-641.49,0
98.115,-641.49,0
98.12,-940.31,0
98.125,-940.31,0
98.13,-993.56,0
98.135,-906.01,0
98.14,-906.01,0
98.145,-906.01,0
98.15,-926.22,0
98.155,-926.22,0
98.16,-1013.83,0
98.165,-1013.83,0
98.17,-758.31,0
98.175,-758.31,0
98.18,-771.24,0
98.185,-771.24,0
98.19,-826.12,0
98.195,-826.12,0
98.2,-901.41,0
98.205,-901.41,0
98.21,-7659.95,0
98.215,-901.41,0
98.22,-882.32,0
98.225,-948.56,0
98.23,-948.56,0
98.235,-1141.33,0
98.24,-1141.33,0
98.245,-1206.63,0
98.25,-5803.14,0
98.255,-1206.63,0
98.26,-1206.63,0
98.265,-1206.63,0
98.27,-1588.56,0
98.275,-1588.56,0
98.28,-1808.23,0
98.285,-1808.23,0
98.29,-2497.14,0
98.295,-2497.14,0
98.3,-2131.86,0
98.305,-757.97,0
98.31,-2005.49,0
98.315,-501.28,0
98.32,-1909.84,0
98.325,-1657.84,0
98.33,-1657.84,0
98.335,-1357.38,0
98.34,-1357.38,0
98.345,-1419.53,0
98.35,-1419.53,0
98.355,-1419.53,0
98.36,-1560.09,0
98.365,-1560.09,0
98.37,-978.0,0
98.375,-1240.31,0
98.38,-1240.31,0
98.385,-1286.64,0
98.39,-1286.64,0
98.395,-1286.64,0
98.4,-1244.58,0
98.405,-1146.5,0
98.41,-1146.5,0
98.415,-1146.5,0
98.42,-1185.37,0
98.425,-1185.37,0
98.43,-1185.37,0
98.435,-1185.37,0
98.44,-1185.37,0
98.445,-1185.37,0
98.45,-1185.37,0
98.455,-1805.17,0
98.46,-1275.55,0
98.465,-1275.55,0
98.47,-996.4,0
98.475,-996.4,0
98.48,-878.41,0
98.485,-878.41,0
98.49,-979.64,0
98.495,-979.64,0
98.5,-1073.13,0
98.505,-1073.13,0
98.51,-1064.72,0
98.515,-1064.72,0
98.52,-1064.72,0
98.525,-1064.72,0
98.53,-1064.72,0
98.535,-1127.78,0
98.54,-1127.78,0
98.545,-1134.78,0
98.55,-1134.78,0
98.555,-1163.47,0
98.56,-1163.47,0
98.565,-1163.47,0
98.57,-1125.21,0
98.575,-1125.21,0
98.58,-1125.21,0
98.585,-1125.21,0
98.59,-1122.47,0
98.595,-1122.47,0
98.6,-1085.91,0
98.605,-1085.91,0
98.61,-1046.87,0
98.615,-1046.87,0
98.62,-1088.24,0
98.625,-1088.24,0
98.63,-1048.79,0
98.635,-1048.79,0
98.64,-1016.64,0
98.645,-1016.64,0
98.65,-1057.91,0
98.655,-1125.22,0
98.66,-1034.11,0
98.665,-1034.11,0
98.67,-995.46,0
98.675,-995.46,0
98.68,-976.0,0
98.685,-1048.79,0
98.69,-1049.78,0
98.695,-1049.78,0
98.7,-1049.78,0
98.705,-1049.78,0
98.71,-1113.01,0
98.715,-1153.2,0
98.72,-1005.92,0
98.725,-1005.92,0
98.73,-621.98,0
98.735,-621.98,0
98.74,-994.87,0
98.745,-46.2,0
98.75,-46.2,0
98.755,-46.2,0
98.76,412.77,0
98.765,412.77,0
98.77,-1097.2,0
98.775,-621.98,0
98.78,-80.71,0
98.785,316.18,0
98.79,316.18,0
98.795,18.71,0
98.8,18.71,0
98.805,544.64,0
98.81,544.64,0
98.815,273.37,0
98.82,273.37,0
98.825,273.37,0
98.83,-171.5,0
98.835,-795.07,0
98.84,-51.2,0
98.845,-51.2,0
98.85,-208.21,0
98.855,-208.21,0
98.86,-332.96,0
98.865,-332.96,0
98.87,-332.96,0
98.875,-46.44,0
98.88,-54.69,0
98.885,-54.69,0
98.89,-54.69,0
98.895,-90.89,0
98.9,-38.17,0
98.905,-38.17,0
98.91,56.02,0
98.915,80.14,0
98.92,80.14,0
98.925,80.14,0
98.93,131.26,0
98.935,131.26,0
98.94,236.11,0
98.945,236.11,0
98.95,284.46,0
98.955,284.46,0
98.96,249.99,0
98.965,249.99,0
98.97,872.73,0
98.975,872.73,0
98.98,872.73,0
98.985,872.73,0
98.99,1738.2,0
98.995,1738.2,0
99.0,1534.76,0
99.005,1534.76,0
99.01,1390.13,0
99.015,1390.13,0
99.02,1598.92,0
99.025,1598.92,0
99.03,1382.06,0
99.035,1382.06,0
99.04,788.8,0
99.045,891.08,0
99.05,891.08,0
99.055,891.08,0
99.06,1085.23,0
99.065,1377.94,0
99.07,1377.94,0
99.075,1377.94,0
99.08,1377.94,0
99.085,1067.15,0
99.09,1067.15,0
99.095,1491.59,0
99.1,1491.59,0
99.105,1824.12,0
99.11,1824.12,0
99.115,1352.12,0
99.12,1680.58,0
99.125,1352.12,0
99.13,683.97,0
99.135,1149.23,0
99.14,1266.71,0
99.145,1266.71,0
99.15,1800.05,0
99.155,1800.05,0
99.16,1563.65,0
99.165,1824.12,0
99.17,1391.63,0
99.175,1391.63,0
99.18,1190.96,0
99.185,1162.83,0
99.19,1005.31,0
99.195,1005.31,0
99.2,1005.31,0
99.205,1149.23,0
99.21,1629.06,0
99.215,2241.25,0
99.22,2241.25,0
99.225,2241.25,0
99.23,2352.22,0
99.235,2352.22,0
99.24,2420.95,0
99.245,2420.95,0
99.25,2420.95,0
99.255,2420.95,0
99.26,2420.95,0
99.265,1909.66,0
99.27,1909.66,0
99.275,1741.5,0
99.28,1741.5,0
99.285,1741.5,0
99.29,1746.65,1
99.295,1746.65,0
99.3,1746.65,0
99.305,1746.65,0
99.31,1746.65,0
99.315,1746.65,0
99.32,1867.86,0
99.325,2171.9,0
99.33,1928.76,0
99.335,1928.76,0
99.34,1867.81,0
99.345,1867.81,0
99.35,1590.3,0
99.355,1590.3,0
99.36,2143.4,0
99.365,2055.22,0
99.37,2055.22,0
99.375,1486.23,0
99.38,1486.23,0
99.385,2400.92,0
99.39,2400.92,0
99.395,2606.75,0
99.4,2606.75,0
99.405,2924.47,0
99.41,2924.47,0
99.415,2924.47,0
99.42,2924.47,0
99.425,2924.47,0
99.43,2924.47,0
99.435,3586.46,0
99.44,3586.46,0
99.445,2486.4,0
99.45,3953.3,0
99.455,4192.12,0
99.46,4192.12,0
99.465,4066.9,0
99.47,4066.9,0
99.475,4654.07,0
99.48,4654.07,0
99.485,4795.91,0
99.49,4795.91,0
99.495,4931.16,0
99.5,1689.86,0
99.505,4931.16,0
99.51,4931.16,0
99.515,5668.65,0
99.52,5668.65,0
99.525,6430.17,0
99.53,6430.17,0
99.535,6430.17,0
99.54,6430.17,0
99.545,6130.49,0
99.55,6130.49,0
99.555,5725.46,0
99.56,5725.46,0
99.565,5880.01,0
99.57,5880.01,0
99.575,5899.24,0
99.58,5899.24,0
99.585,5968.82,0
99.59,5968.82,0
99.595,5950.71,0
99.6,5950.71,0
99.605,5952.49,0
99.61,5952.49,0
99.615,6107.81,0
99.62,6107.81,0
99.625,5895.72,0
99.63,5972.82,0
99.635,5805.42,0
99.64,5805.42,0
99.645,5666.8,0
99.65,5666.8,0
99.655,6156.14,0
99.66,5666.8,0
99.665,5666.8,0
99.67,5714.64,0
99.675,5714.64,0
99.68,5966.89,0
99.685,5966.89,0
99.69,4690.38,0
99.695,4454.92,0
99.7,4454.92,0
99.705,3991.25,0
99.71,3991.25,0
99.715,3991.25,0
99.72,-594.85,0
99.725,-594.85,0
99.73,-502.06,0
99.735,-529.32,0
99.74,-529.32,0
99.745,-488.73,0
99.75,-488.73,0
99.755,4690.38,0
99.76,-600.65,0
99.765,-1135.78,0
99.77,5896.8,0
99.775,-885.03,0
99.78,-885.03,0
99.785,7011.3,0
99.79,-885.03,0
99.795,-885.03,0
99.8,-885.03,0
99.805,-885.03,0
99.81,-955.04,0
99.815,5502.96,0
99.82,-776.47,0
99.825,-776.47,0
99.83,-950.1,0
99.835,-850.82,0
99.84,-1460.37,0
99.845,-770.17,0
99.85,-1149.4,0
99.855,-1149.4,0
99.86,-1027.07,0
99.865,-1027.07,0
99.87,-1027.07,0
99.875,-1027.07,0
99.88,-1027.07,0
99.885,-928.78,0
99.89,-928.78,0
99.895,-928.78,0
99.9,-873.18,0
99.905,-873.18,0
99.91,-750.33,0
99.915,-674.97,0
99.92,-1389.72,0
99.925,-750.81,0
99.93,-750.81,0
99.935,-61.73,0
99.94,-799.63,0
99.945,-799.63,0
99.95,-950.44,0
99.955,-950.44,0
99.96,-950.44,0
99.965,-950.44,0
99.97,-1272.67,0
99.975,-842.99,0
99.98,-620.46,0
99.985,-1179.25,0
99.99,-1179.25,0
99.995,-338.13,0
100.0,-338.13,0
100.005,-883.26,0
100.01,-1134.86,0
100.015,-417.04,0
100.02,-417.04,0
100.025,-741.44,0
100.03,-741.44,0
100.035,-741.44,0
100.04,-741.44,0
100.045,-741.44,0
100.05,-819.51,0
100.055,-819.51,0
100.06,-508.27,0
100.065,-508.27,0
100.07,-388.12,0
100.075,-106.5,0
100.08,-417.04,0
100.085,-106.5,0
100.09,-201.76,0
100.095,-279.46,0
100.1,-279.46,0
100.105,-799.03,0
100.11,-557.62,0
100.115,-557.62,0
100.12,-258.17,0
100.125,-258.17,0
100.13,-152.54,0
100.135,-152.54,0
100.14,-340.65,0
100.145,-340.65,0
100.15,-340.65,0
100.155,-340.65,0
100.16,-273.04,0
100.165,-273.04,0
100.17,-67.49,0
100.175,-160.31,0
100.18,-160.31,0
100.185,-160.31,0
100.19,-449.79,0
100.195,-449.79,0
100.2,-715.34,0
100.205,-715.34,0
100.21,-715.34,0
100.215,-715.34,0
100.22,-493.24,0
100.225,-493.24,0
100.23,-51.1,0
100.235,-787.12,0
100.24,-812.83,0
100.245,-812.83,0
100.25,-812.83,0
100.255,-178.56,0
100.26,-812.83,0
100.265,-496.34,0
100.27,-909.46,0
100.275,-909.46,0
100.28,-879.53,0
100.285,-879.53,0
100.29,-911.28,0
100.295,-911.28,0
100.3,-888.01,0
100.305,-888.01,0
100.31,-893.19,0
100.315,-893.19,0
100.32,-203.33,0
100.325,-801.58,0
100.33,-801.58,0
100.335,-801.58,0
100.34,-899.1,0
100.345,-899.1,0
100.35,-715.53,0
100.355,-1271.96,0
100.36,-1271.96,0
100.365,-1271.96,0
100.37,-1271.96,0
100.375,-1948.53,0
100.38,-1948.53,0
100.385,-888.01,0
100.39,-2095.57,0
100.395,-2381.12,0
100.4,-2381.12,0
100.405,-2381.12,0
100.41,-2381.12,0
100.415,-2381.12,0
100.42,-2381.12,0
100.425,-2996.63,0
100.43,-2996.63,0
100.435,-3875.85,0
100.44,-3875.85,0
100.445,-824.04,0
100.45,-3901.52,0
100.455,-4076.97,0
100.46,-4076.97,0
100.465,-4076.97,0
100.47,-3974.49,0
100.475,-918.32,0
100.48,-3974.49,0
100.485,-3974.49,0
100.49,-3155.18,0
100.495,-2841.58,0
100.5,-2841.58,0
100.505,-2841.58,0
100.51,-3588.71,0
100.515,-3389.46,0
100.52,-4016.33,0
100.525,-4016.33,0
100.53,-3594.47,0
100.535,-3594.47,0
100.54,1086.53,0
100.545,1086.53,0
100.55,1656.51,0
100.555,2102.74,0
100.56,2102.74,0
100.565,2102.74,0
100.57,1804.22,0
100.575,2127.48,0
100.58,2127.48,0
100.585,2127.48,0
100.59,2660.42,0
100.595,2660.42,0
100.6,2094.79,0
100.605,2094.79,0
100.61,2094.79,0
100.615,2094.79,0
100.62,1704.55,0
100.625,1704.55,0
100.63,2621.47,0
100.635,2474.8,0
100.64,2474.8,0
100.645,2364.57,0
100.65,2364.57,0
100.655,2364.57,0
100.66,1962.31,0
100.665,1972.95,0
100.67,1972.95,0
100.675,1504.8,0
100.68,1504.8,0
100.685,1504.8,0
100.69,1504.8,0
100.695,1504.8,0
100.7,1619.53,0
100.705,-3695.03,0
100.71,1713.5,0
100.715,1713.5,0
100.72,1720.25,0
100.725,1880.93,0
100.73,1880.93,0
100.735,1880.93,0
100.74,1880.93,0
100.745,2209.1,0
100.75,2209.1,0
100.755,2209.1,0
100.76,1944.76,0
100.765,2787.94,0
100.77,2787.94,0
100.775,2726.21,0
100.78,2726.21,0
100.785,2726.21,0
100.79,2372.82,0
100.795,3345.56,0
100.8,2039.47,0
100.805,3380.26,0
100.81,3380.26,0
100.815,4037.83,0
100.82,4037.83,0
100.825,3643.87,0
100.83,3643.87,0
100.835,3328.14,0
100.84,3328.14,0
100.845,2726.21,0
100.85,2929.48,0
100.855,2929.48,0
100.86,2808.17,0
100.865,2808.17,0
100.87,2808.17,0
100.875,2754.68,0
100.88,2754.68,0
100.885,2906.33,0
100.89,2906.33,0
100.895,2963.56,0
100.9,2963.56,0
100.905,2963.56,0
100.91,2963.56,0
100.915,2963.56,0
100.92,2708.5,0
100.925,2708.5,0
100.93,2919.78,0
100.935,3268.96,0
100.94,3268.96,0
100.945,3268.96,0
100.95,3057.43,0
100.955,3057.43,0
100.96,3057.43,0
100.965,3057.43,0
100.97,3093.39,0
100.975,3093.39,0
100.98,3110.72,0
100.985,3282.25,0
100.99,2809.65,0
100.995,2809.65,0
101.0,2685.36,0
101.005,2707.78,0
101.01,2707.78,0
101.015,2783.3,0
101.02,2783.3,0
101.025,2870.97,0
101.03,2707.78,0
101.035,2870.97,0
101.04,3255.2,0
101.045,3398.94,0
101.05,3398.94,0
101.055,3398.94,0
101.06,3398.94,0
101.065,3398.94,0
101.07,3398.94,0
101.075,3398.94,0
101.08,3569.5,0
101.085,3569.5,0
101.09,3604.53,0
101.095,4430.97,0
101.1,4430.97,0
101.105,4430.97,0
101.11,4406.53,0
101.115,4406.53,0
101.12,4572.23,0
101.125,4572.23,0
101.13,4572.23,0
101.135,4572.23,0
101.14,4540.27,0
101.145,4540.27,0
101.15,4622.9,0
101.155,4622.9,0
101.16,4638.8,0
101.165,3338.12,0
101.17,4579.96,0
101.175,4579.96,0
101.18,4579.96,0
101.185,4579.96,0
101.19,4671.36,0
101.195,4671.36,0
101.2,4594.72,0
101.205,4597.81,0
101.21,4649.03,0
101.215,4649.03,0
101.22,4666.13,0
101.225,4666.13,0
101.23,4744.27,0
101.235,4744.27,0
101.24,4673.3,0
101.245,4673.3,0
101.25,4793.17,0
101.255,4766.99,0
101.26,4670.25,0
101.265,4670.25,0
101.27,4670.25,0
101.275,4670.25,0
101.28,4762.15,0
101.285,4762.15,0
101.29,4700.07,0
101.295,4700.07,0
101.3,4670.25,0
101.305,4700.07,0
101.31,4700.07,0
101.315,4700.07,0
101.32,4779.35,0
101.325,4700.07,0
101.33,4642.85,0
101.335,4691.5,0
101.34,4742.66,0
101.345,4742.66,0
101.35,4247.05,0
101.355,4247.05,0
101.36,-59.25,0
101.365,-59.25,0
101.37,-137.95,0
101.375,-117.27,0
101.38,4750.19,0
101.385,-117.27,0
101.39,-99.02,0
101.395,-99.02,0
101.4,-30.7,0
101.405,-30.7,0
101.41,-30.7,0
101.415,3.38,0
101.42,3.38,0
101.425,-77.67,0
101.43,-77.67,0
101.435,-28.03,0
101.44,-28.03,0
101.445,-154.32,0
101.45,-154.32,0
101.455,-154.32,0
101.46,4686.34,0
101.465,-172.81,0
101.47,-172.81,0
101.475,-119.88,0
101.48,-119.88,0
101.485,-171.22,0
101.49,-171.22,0
101.495,-34.11,0
101.5,-34.11,0
101.505,-136.28,0
101.51,-136.28,0
101.515,-81.44,0
101.52,4459.78,0
101.525,-34.63,0
101.53,-34.63,0
101.535,61.07,0
101.54,61.07,0
101.545,14.86,0
101.55,14.86,0
101.555,61.07,0
101.56,23.65,0
101.565,-111.47,0
101.57,-111.47,0
101.575,-111.47,0
101.58,-111.47,0
101.585,-68.69,0
101.59,-68.69,0
101.595,-51.55,0
101.6,-51.55,0
101.605,-287.53,0
101.61,-156.69,0
101.615,-300.71,0
101.62,85.17,0
101.625,-439.63,0
101.63,-439.63,0
101.635,-294.9,0
101.64,-294.9,0
101.645,-174.0,0
101.65,-174.0,0
101.655,-3.69,0
101.66,-3.69,0
101.665,-23.52,0
101.67,-23.52,0
101.675,7.98,0
101.68,7.98,0
101.685,-317.18,0
101.69,1.58,0
101.695,1.58,0
101.7,1.58,0
101.705,-262.48,0
101.71,-262.48,0
101.715,-262.48,0
101.72,229.16,0
101.725,229.16,0
101.73,7.98,0
101.735,432.79,0
101.74,459.85,0
101.745,-26.65,0
101.75,459.85,0
101.755,37.26,0
101.76,-69.73,0
101.765,351.81,0
101.77,351.81,0
101.775,351.81,0
101.78,677.02,0
101.785,465.42,0
101.79,141.88,0
101.795,102.46,0
101.8,102.46,0
101.805,102.46,0
101.81,226.34,0
101.815,226.34,0
101.82,-252.32,0
101.825,-252.32,0
101.83,-819.24,0
101.835,303.91,0
101.84,-488.06,0
101.845,-488.06,0
101.85,-962.19,0
101.855,-540.56,0
101.86,-226.76,0
101.865,-226.76,0
101.87,-226.76,0
101.875,-226.76,0
101.88,-293.74,0
101.885,-293.74,0
101.89,-13.64,0
101.895,99.49,0
101.9,538.88,0
101.905,-268.78,0
101.91,-268.78,0
101.915,-268.78,0
101.92,-268.78,0
101.925,274.98,0
101.93,-359.08,0
101.935,-540.56,0
101.94,-83.63,0
101.945,61.75,0
101.95,61.75,0
101.955,61.75,0
101.96,61.75,0
101.965,104.05,0
101.97,104.05,0
101.975,104.05,0
101.98,229.27,0
101.985,229.27,0
101.99,111.22,0
101.995,146.51,0
102.0,24.07,0
102.005,-206.3,0
102.01,22.82,0
102.015,22.82,0
102.02,13.68,0
102.025,13.68,0
102.03,-161.47,0
102.035,-161.47,0
102.04,-161.47,0
102.045,0.06,0
102.05,95.52,0
102.055,95.52,0
102.06,53.95,0
102.065,53.95,0
102.07,-291.73,0
102.075,-6.47,0
102.08,18.81,0
102.085,18.81,0
102.09,18.81,0
102.095,18.81,0
102.1,-0.42,0
102.105,12.17,0
102.11,12.17,0
102.115,12.17,0
102.12,65.02,0
102.125,65.02,0
102.13,44.58,0
102.135,44.58,0
102.14,44.58,0
102.145,44.58,0
102.15,44.58,0
102.155,-17.48,0
102.16,89.58,0
102.165,89.58,0
102.17,109.93,0
102.175,109.93,0
102.18,163.15,0
102.185,7.96,0
102.19,17.97,0
102.195,17.97,0
102.2,17.97,0
102.205,17.97,0
102.21,12.67,0
102.215,98.27,0
102.22,20.34,0
102.225,20.34,0
102.23,-38.11,0
102.235,-55.37,0
102.24,-55.37,0
102.245,-55.37,0
102.25,-55.37,0
102.255,22.82,0
102.26,17.97,0
102.265,-44.52,0
102.27,242.83,0
102.275,-23.41,0
102.28,98.91,0
102.285,67.19,0
102.29,67.19,0
102.295,56.42,0
102.3,56.42,0
102.305,71.55,0
102.31,71.55,0
102.315,35.92,0
102.32,35.92,0
102.325,67.19,0
102.33,-84.72,0
102.335,-84.72,0
102.34,-5.7,0
102.345,-5.7,0
102.35,7.86,0
102.355,-39.36,0
102.36,-39.36,0
102.365,-39.36,0
102.37,-39.36,0
102.375,-70.8,0
102.38,-247.05,0
102.385,-247.05,0
102.39,-555.47,0
102.395,-555.47,0
102.4,-555.47,0
102.405,-555.47,0
102.41,-555.47,0
102.415,-555.47,0
102.42,-555.47,0
102.425,-783.92,0
102.43,-783.92,0
102.435,-783.92,0
102.44,-809.13,0
102.445,-1098.7,0
102.45,145.82,0
102.455,-555.47,0
102.46,-134.05,0
102.465,-134.05,0
102.47,395.21,0
102.475,395.21,0
102.48,260.49,0
102.485,260.49,0
102.49,374.79,0
102.495,-555.47,0
102.5,1200.34,0
102.505,1200.34,0
102.51,929.25,0
102.515,1200.34,0
102.52,1727.22,0
102.525,1727.22,0
102.53,-1232.28,0
102.535,138.44,0
102.54,1278.0,0
102.545,1278.0,0
102.55,-36.3,0
102.555,1919.9,0
102.56,1899.39,0
102.565,-617.04,0
102.57,1658.05,0
102.575,1658.05,0
102.58,2127.1,0
102.585,2127.1,0
102.59,2127.1,0
102.595,488.54,0
102.6,1654.05,0
102.605,1654.05,0
102.61,2396.0,0
102.615,2396.0,0
102.62,2851.71,0
102.625,2851.71,0
102.63,2708.37,0
102.635,2904.66,0
102.64,2904.66,0
102.645,2012.26,0
102.65,2012.26,0
102.655,1945.11,0
102.66,1857.77,0
102.665,1945.11,0
102.67,1941.81,0
102.675,1941.81,0
102.68,1961.93,0
102.685,1961.93,0
102.69,1269.95,0
102.695,1594.05,0
102.7,2026.88,0
102.705,1750.67,0
102.71,1492.18,0
102.715,1359.87,0
102.72,1359.87,0
102.725,1465.15,0
102.73,1465.15,0
102.735,1465.15,0
102.74,1651.96,0
102.745,797.68,0
102.75,797.68,0
102.755,185.56,0
102.76,797.68,0
102.765,-354.54,0
102.77,-354.54,0
102.775,-651.1,0
102.78,-651.1,0
102.785,-651.1,0
102.79,-1417.55,0
102.795,-1417.55,0
102.8,-1192.06,0
102.805,-1192.06,0
102.81,-1192.06,0
102.815,-1192.06,0
102.82,-960.44,0
102.825,-1119.44,0
102.83,-1119.44,0
102.835,-1068.66,0
102.84,-1068.66,0
102.845,1607.11,0
102.85,-1322.33,0
102.855,-1322.33,0
102.86,-1322.33,0
102.865,-1322.33,0
102.87,-1322.33,0
102.875,-225.66,0
102.88,-225.66,0
102.885,-225.66,0
102.89,-593.48,0
102.895,-593.48,0
102.9,180.19,0
102.905,-400.03,0
102.91,-400.03,0
102.915,-400.03,0
102.92,-380.95,0
102.925,-380.95,0
102.93,-288.04,0
102.935,-288.04,0
102.94,-203.56,0
102.945,-203.56,0
102.95,-1061.79,0
102.955,-258.12,0
102.96,-219.99,0
102.965,-219.99,0
102.97,-219.99,0
102.975,-162.31,0
102.98,-162.31,0
102.985,-162.31,0
102.99,-437.84,0
102.995,-474.47,0
103.0,-1499.58,0
103.005,-1499.58,0
103.01,-1544.2,0
103.015,-1544.2,0
103.02,-1365.93,0
103.025,-1365.93,0
103.03,-1365.93,0
103.035,-1365.93,0
103.04,-1365.93,0
103.045,-1058.14,0
103.05,-1448.71,0
103.055,-1058.14,0
103.06,-242.84,0
103.065,-242.84,0
103.07,122.86,0
103.075,122.86,0
103.08,122.86,0
103.085,122.86,0
103.09,129.54,0
103.095,129.54,0
103.1,-357.84,0
103.105,-357.84,0
103.11,275.72,0
103.115,275.72,0
103.12,342.73,0
103.125,236.99,0
103.13,236.99,0
103.135,384.49,0
103.14,384.49,0
103.145,45.06,0
103.15,45.06,0
103.155,349.55,0
103.16,349.55,0
103.165,555.74,0
103.17,555.74,0
103.175,422.23,0
103.18,422.23,0
103.185,422.23,0
103.19,422.23,0
103.195,422.23,0
103.2,383.24,0
103.205,383.24,0
103.21,792.61,0
103.215,792.61,0
103.22,346.19,0
103.225,29.71,0
103.23,29.71,0
103.235,-386.07,0
103.24,-386.07,0
103.245,-386.07,0
103.25,-158.55,0
103.255,-158.55,0
103.26,-363.16,0
103.265,-547.52,0
103.27,-283.5,0
103.275,343.7,0
103.28,-657.74,0
103.285,-657.74,0
103.29,-372.2,0
103.295,-372.2,0
103.3,-629.1,0
103.305,-629.1,0
103.31,616.59,0
103.315,-688.78,0
103.32,-688.78,0
103.325,-393.0,0
103.33,-393.0,0
103.335,-827.0,0
103.34,-864.17,0
103.345,-613.27,0
103.35,-613.27,0
103.355,-613.27,0
103.36,-613.27,0
103.365,-613.27,0
103.37,-571.24,0
103.375,-571.24,0
103.38,-941.58,0
103.385,-1127.83,0
103.39,-1127.83,0
103.395,-593.31,0
103.4,-593.31,0
103.405,-550.59,0
103.41,-550.59,0
103.415,-772.82,0
103.42,-772.82,0
103.425,-772.82,0
103.43,-734.06,0
103.435,-734.06,0
103.44,-1229.82,0
103.445,-1542.78,0
103.45,-1542.78,0
103.455,-1687.7,0
103.46,-1687.7,0
103.465,-1699.62,0
103.47,-1699.62,0
103.475,-1325.69,0
103.48,-1325.69,0
103.485,-2289.8,0
103.49,-2289.8,0
103.495,-2900.12,0
103.5,-2900.12,0
103.505,-3403.17,0
103.51,-3403.17,0
103.515,-3403.17,0
103.52,-2886.03,0
103.525,-2886.03,0
103.53,-2886.03,0
103.535,-2886.03,0
103.54,-2844.67,0
103.545,-2844.67,0
103.55,-2811.95,0
103.555,-2811.95,0
103.56,-2804.9,0
103.565,-793.33,0
103.57,-2374.7,0
103.575,-2374.7,0
103.58,-2374.7,0
103.585,-2374.7,0
103.59,-1686.79,0
103.595,-471.94,0
103.6,-1689.65,0
103.605,-2489.81,0
103.61,-2489.81,0
103.615,-2031.31,0
103.62,-2031.31,0
103.625,-2034.94,0
103.63,-2034.94,0
103.635,-2034.94,0
103.64,-2088.62,0
103.645,-2088.62,0
103.65,-2103.22,0
103.655,-2099.44,0
103.66,-2087.56,0
103.665,-2099.44,0
103.67,-2088.5,0
103.675,-2088.5,0
103.68,-2138.82,0
103.685,-2138.82,0
103.69,-2142.03,0
103.695,-2142.03,0
103.7,-2098.92,0
103.705,-2005.09,0
103.71,-2005.09,0
103.715,-1978.36,0
103.72,-1978.36,0
103.725,-2019.16,0
103.73,-2019.16,0
103.735,-2019.16,0
103.74,-1948.6,0
103.745,-1948.6,0
103.75,-1972.67,0
103.755,-1972.67,0
103.76,-1912.52,0
103.765,-1912.52,0
103.77,-1931.51,0
103.775,-1820.19,0
103.78,-1820.19,0
103.785,-1820.19,0
103.79,-1885.0,0
103.795,-1885.0,0
103.8,-1766.85,0
103.805,12.42,0
103.81,12.42,0
103.815,-15.35,0
103.82,-15.35,0
103.825,65.53,0
103.83,65.53,0
103.835,-1.88,0
103.84,-1.88,0
103.845,-1978.42,0
103.85,65.53,0
103.855,-0.07,0
103.86,-0.07,0
103.865,-0.07,0
103.87,-41.58,0
103.875,-41.58,0
103.88,-65.97,0
103.885,-65.97,0
103.89,-40.29,0
103.895,-40.29,0
103.9,-1956.25,0
103.905,-615.52,0
103.91,-615.52,0
103.915,-1480.97,0
103.92,-1480.97,0
103.925,36.26,0
103.93,-1618.04,0
103.935,-1618.04,0
103.94,-1494.5,0
103.945,-1995.38,0
103.95,-1995.38,0
103.955,-1995.38,0
103.96,-1995.38,0
103.965,-1871.77,0
103.97,-1871.77,0
103.975,-1779.31,0
103.98,-1779.31,0
103.985,-2490.03,0
103.99,-2490.03,0
103.995,-50.45,0
104.0,-2678.07,0
104.005,-2678.07,0
104.01,-2596.2,0
104.015,-2596.2,0
104.02,-2208.89,0
104.025,-0.49,0
104.03,-3099.96,0
104.035,-3650.07,0
104.04,-3650.07,0
104.045,-615.07,0
104.05,-1617.03,0
104.055,-2902.52,0
104.06,-2413.12,0
104.065,-2253.22,0
104.07,-2875.24,0
104.075,-2875.24,0
104.08,-2875.24,0
104.085,-2875.24,0
104.09,-2481.92,0
104.095,-1616.39,0
104.1,-2591.33,0
104.105,-2591.33,0
104.11,-2642.72,0
104.115,-3495.25,0
104.12,-2180.06,0
104.125,-2180.06,0
104.13,-2180.06,0
104.135,-1703.45,0
104.14,-1703.45,0
104.145,-1703.45,0
104.15,-1928.49,0
104.155,-1928.49,0
104.16,-1065.37,0
104.165,-1065.37,0
104.17,-1379.88,0
104.175,-1379.88,0
104.18,-1379.88,0
104.185,-1379.88,0
104.19,-1652.39,0
104.195,-1767.56,0
104.2,-1767.56,0
104.205,-1767.56,0
104.21,-1244.1,0
104.215,-1244.1,0
104.22,-1191.3,0
104.225,-1191.3,0
104.23,-1275.18,0
104.235,-1275.18,0
104.24,-1339.56,0
104.245,-1254.76,0
104.25,-1138.44,0
104.255,-1138.44,0
104.26,-818.08,0
104.265,-818.08,0
104.27,-210.28,0
104.275,-210.28,0
104.28,0.29,0
104.285,-1315.04,0
104.29,320.43,1
104.295,320.43,0
104.3,535.97,0
104.305,535.97,0
104.31,455.49,0
104.315,523.34,0
104.32,455.49,0
104.325,489.23,0
104.33,-1934.98,0
104.335,489.23,0
104.34,456.51,0
104.345,456.51,0
104.35,-1254.11,0
104.355,282.37,0
104.36,290.31,0
104.365,290.31,0
104.37,172.64,0
104.375,9.11,0
104.38,9.11,0
104.385,9.11,0
104.39,-57.83,0
104.395,-57.83,0
104.4,-57.83,0
104.405,-263.39,0
104.41,-263.39,0
104.415,-263.39,0
104.42,-206.89,0
104.425,-302.92,0
104.43,-302.92,0
104.435,-302.92,0
104.44,-341.92,0
104.445,-301.61,0
104.45,-301.61,0
104.455,-489.09,0
104.46,-489.09,0
104.465,-613.45,0
104.47,-613.45,0
104.475,-443.05,0
104.48,-443.05,0
104.485,-472.54,0
104.49,-472.54,0
104.495,-472.54,0
104.5,-347.57,0
104.505,-690.29,0
104.51,-690.29,0
104.515,-690.29,0
104.52,-690.29,0
104.525,-680.5,0
104.53,-489.09,0
104.535,231.87,0
104.54,-570.76,0
104.545,-583.94,0
104.55,-583.94,0
104.555,-583.94,0
104.56,-640.31,0
104.565,-640.31,0
104.57,-640.31,0
104.575,-640.31,0
104.58,-677.95,0
104.585,-677.95,0
104.59,-650.41,0
104.595,-650.41,0
104.6,-459.15,0
104.605,-459.15,0
104.61,-300.94,0
104.615,223.05,0
104.62,223.05,0
104.625,223.05,0
104.63,223.05,0
104.635,-67.02,0
104.64,-67.02,0
104.645,-67.02,0
104.65,-173.15,0
104.655,-173.15,0
104.66,-375.98,0
104.665,-375.98,0
104.67,-524.78,0
104.675,-573.11,0
104.68,-524.78,0
104.685,-524.78,0
104.69,-761.87,0
104.695,-761.87,0
104.7,-795.12,0
104.705,-795.12,0
104.71,-920.47,0
104.715,-920.47,0
104.72,-920.47,0
104.725,-920.47,0
104.73,-920.47,0
104.735,-920.47,0
104.74,-1085.39,0
104.745,-1085.39,0
104.75,-831.53,0
104.755,-831.53,0
104.76,-573.52,0
104.765,-573.52,0
104.77,-832.52,0
104.775,-832.52,0
104.78,-832.52,0
104.785,-832.52,0
104.79,-1105.55,0
104.795,-1105.55,0
104.8,-1105.55,0
104.805,-1105.55,0
104.81,-862.67,0
104.815,-862.67,0
104.82,-769.94,0
104.825,-769.94,0
104.83,-512.74,0
104.835,-512.74,0
104.84,-870.61,0
104.845,-870.61,0
104.85,-945.45,0
104.855,-945.45,0
104.86,-81.08,0
104.865,-81.08,0
104.87,-282.3,0
104.875,-282.3,0
104.88,-680.25,0
104.885,-1007.62,0
104.89,-1007.62,0
104.895,-1645.2,0
104.9,-1645.2,0
104.905,-1645.2,0
104.91,-1462.24,0
104.915,-1139.57,0
104.92,-1338.08,0
104.925,-707.43,0
104.93,-1270.24,0
104.935,-1270.24,0
104.94,-550.71,0
104.945,-550.71,0
104.95,-550.71,0
104.955,-550.71,0
104.96,-509.71,0
104.965,-509.71,0
104.97,-509.71,0
104.975,-860.88,0
104.98,-1265.55,0
104.985,-1265.55,0
104.99,-710.0,0
104.995,-710.0,0
105.0,-710.0,0
105.005,-710.0,0
105.01,-710.0,0
105.015,-710.0,0
105.02,-1659.6,0
105.025,-1659.6,0
105.03,-1603.4,0
105.035,-1677.9,0
105.04,-1677.9,0
105.045,-1677.9,0
105.05,-2001.27,0
105.055,-2001.27,0
105.06,-1644.01,0
105.065,-2327.92,0
105.07,-1712.99,0
105.075,-1712.99,0
105.08,-2092.01,0
105.085,-2092.01,0
105.09,-2501.48,0
105.095,-2850.4,0
105.1,-2850.4,0
105.105,-2850.4,0
105.11,-2189.78,0
105.115,-2355.12,0
105.12,-2355.12,0
105.125,-2724.8,0
105.13,-2724.8,0
105.135,-2724.8,0
105.14,-2933.38,0
105.145,-2160.43,0
105.15,-2160.43,0
105.155,-2160.43,0
105.16,-2822.58,0
105.165,-2822.58,0
105.17,-2822.58,0
105.175,-2822.58,0
105.18,-2779.84,0
105.185,-2189.78,0
105.19,-2805.51,0
105.195,-3212.8,0
105.2,-3212.8,0
105.205,-3212.8,0
105.21,-3730.39,0
105.215,-3730.39,0
105.22,-3730.39,0
105.225,-1690.35,0
105.23,-3730.39,0
105.235,-4075.39,0
105.24,-4075.39,0
105.245,-3868.66,0
105.25,-3212.8,0
105.255,-4242.21,0
105.26,-3855.41,0
105.265,-3855.41,0
105.27,-3839.02,0
105.275,-3839.02,0
105.28,-3992.46,0
105.285,-3992.46,0
105.29,-3767.01,0
105.295,-2898.15,0
105.3,-3465.17,0
105.305,-3465.17,0
105.31,-3187.67,0
105.315,-3187.67,0
105.32,-3187.67,0
105.325,-3187.67,0
105.33,-1967.86,0
105.335,-1967.86,0
105.34,-1639.76,0
105.345,-1639.76,0
105.35,-1646.15,0
105.355,-1646.15,0
105.36,-1399.84,0
105.365,-1399.84,0
105.37,-1399.84,0
105.375,-1399.84,0
105.38,-1399.84,0
105.385,-1399.84,0
105.39,-631.72,0
105.395,-3837.09,0
105.4,-777.08,0
105.405,-1386.15,0
105.41,-1386.15,0
105.415,-1380.98,0
105.42,-1380.98,0
105.425,-1460.5,0
105.43,-1460.5,0
105.435,-732.15,0
105.44,-732.15,0
105.445,2658.91,0
105.45,2658.91,0
105.455,2402.62,0
105.46,2402.62,0
105.465,3205.77,0
105.47,3205.77,0
105.475,3205.77,0
105.48,3205.77,0
105.485,3046.95,0
105.49,3046.95,0
105.495,3714.77,0
105.5,3603.21,0
105.505,3603.21,0
105.51,3603.21,0
105.515,3965.5,0
105.52,-1397.06,0
105.525,3965.5,0
105.53,-1460.5,0
105.535,3142.02,0
105.54,3706.64,0
105.545,3706.64,0
105.55,3706.64,0
105.555,3557.7,0
105.56,3557.7,0
105.565,3765.73,0
105.57,3656.64,0
105.575,3258.86,0
105.58,3656.64,0
105.585,3555.94,0
105.59,3555.94,0
105.595,3597.29,0
105.6,3597.29,0
105.605,3452.1,0
105.61,3452.1,0
105.615,3472.99,0
105.62,3472.99,0
105.625,3472.99,0
105.63,3472.99,0
105.635,3472.99,0
105.64,3394.69,0
105.645,3288.31,0
105.65,3394.69,0
105.655,3353.33,0
105.66,3123.2,0
105.665,3123.2,0
105.67,3123.2,0
105.675,3123.2,0
105.68,3031.65,0
105.685,3031.65,0
105.69,3011.49,0
105.695,3011.49,0
105.7,3519.72,0
105.705,2932.17,0
105.71,2956.53,0
105.715,2956.53,0
105.72,2784.7,0
105.725,2784.7,0
105.73,2798.49,0
105.735,2798.49,0
105.74,2763.85,0
105.745,2763.85,0
105.75,2738.39,0
105.755,2738.39,0
105.76,3006.64,0
105.765,3006.64,0
105.77,3048.53,0
105.775,3053.57,0
105.78,3048.53,0
105.785,3048.53,0
105.79,3048.53,0
105.795,3048.53,0
105.8,3771.59,0
105.805,3771.59,0
105.81,4071.51,0
105.815,4071.51,0
105.82,4645.32,0
105.825,4645.32,0
105.83,4042.09,0
105.835,4042.09,0
105.84,3549.61,0
105.845,3549.61,0
105.85,3107.85,0
105.855,3107.85,0
105.86,3057.41,0
105.865,4042.09,0
105.87,3057.41,0
105.875,3438.91,0
105.88,3438.91,0
105.885,3203.88,0
105.89,3203.88,0
105.895,2644.48,0
105.9,2644.48,0
105.905,2214.92,0
105.91,2214.92,0
105.915,2214.92,0
105.92,2214.92,0
105.925,809.62,0
105.93,809.62,0
105.935,536.19,0
105.94,669.8,0
105.945,669.8,0
105.95,669.8,0
105.955,201.46,0
105.96,201.46,0
105.965,201.46,0
105.97,201.46,0
105.975,-22.93,0
105.98,3955.99,0
105.985,469.23,0
105.99,469.23,0
105.995,469.23,0
106.0,469.23,0
106.005,606.97,0
106.01,-495.95,0
106.015,-495.95,0
106.02,-495.95,0
106.025,456.97,0
106.03,469.23,0
106.035,706.82,0
106.04,706.82,0
106.045,456.97,0
106.05,-197.35,0
106.055,98.76,0
106.06,98.76,0
106.065,98.76,0
106.07,98.76,0
106.075,983.51,0
106.08,983.51,0
106.085,376.81,0
106.09,376.81,0
106.095,-826.2,0
106.1,-382.62,0
106.105,-382.62,0
106.11,-382.62,0
106.115,-101.79,0
106.12,-101.79,0
106.125,-763.18,0
106.13,-763.18,0
106.135,-763.18,0
106.14,-763.18,0
106.145,-1155.5,0
106.15,-389.57,0
106.155,-1406.02,0
106.16,-1406.02,0
106.165,-1837.0,0
106.17,-984.23,0
106.175,-446.05,0
106.18,-984.23,0
106.185,-984.23,0
106.19,-1943.89,0
106.195,-1943.89,0
106.2,-1943.89,0
106.205,-1943.89,0
106.21,-1879.57,0
106.215,-1879.57,0
106.22,-1879.57,0
106.225,-1859.69,0
106.23,-1859.69,0
106.235,-1859.69,0
106.24,-1879.57,0
106.245,-1859.69,0
106.25,-1861.22,0
106.255,-1861.22,0
106.26,-1863.19,0
106.265,68.62,0
106.27,-1879.57,0
106.275,58.56,0
106.28,-181.33,0
106.285,-2198.52,0
106.29,97.92,0
106.295,97.92,0
106.3,97.92,0
106.305,101.31,0
106.31,101.31,0
106.315,82.32,0
106.32,82.32,0
106.325,107.93,0
106.33,107.93,0
106.335,37.32,0
106.34,37.32,0
106.345,37.32,0
106.35,37.32,0
106.355,-8.39,0
106.36,-8.39,0
106.365,-8.39,0
106.37,-65.47,0
106.375,-65.47,0
106.38,-65.47,0
106.385,-224.67,0
106.39,-224.67,0
106.395,-224.67,0
106.4,-296.92,0
106.405,-296.92,0
106.41,-86.99,0
106.415,-86.99,0
106.42,-86.99,0
106.425,0.25,0
106.43,0.25,0
106.435,-61.51,0
106.44,70.82,0
106.445,-13.75,0
106.45,-13.75,0
106.455,-13.75,0
106.46,-309.31,0
106.465,28.79,0
106.47,28.79,0
106.475,107.77,0
106.48,107.77,0
106.485,-299.66,0
106.49,72.68,0
106.495,-8.3,0
106.5,-8.3,0
106.505,-8.3,0
106.51,-8.3,0
106.515,7.35,0
106.52,91.59,0
106.525,91.59,0
106.53,91.59,0
106.535,48.71,0
106.54,48.71,0
106.545,206.1,0
106.55,206.1,0
106.555,291.78,0
106.56,291.78,0
106.565,291.78,0
106.57,291.78,0
106.575,58.8,0
106.58,58.8,0
106.585,41.03,0
106.59,-6.2,0
106.595,-6.2,0
106.6,65.13,0
106.605,65.13,0
106.61,65.13,0
106.615,65.13,0
106.62,38.74,0
106.625,38.74,0
106.63,90.64,0
106.635,90.64,0
106.64,116.11,0
106.645,116.11,0
106.65,116.11,0
106.655,46.23,0
106.66,46.23,0
106.665,39.39,0
106.67,169.66,0
106.675,169.66,0
106.68,169.66,0
106.685,374.17,0
106.69,374.17,0
106.695,373.64,0
106.7,91.88,0
106.705,564.7,0
106.71,564.7,0
106.715,559.95,0
106.72,937.66,0
106.725,937.66,0
106.73,937.66,0
106.735,937.66,0
106.74,1030.02,0
106.745,1030.02,0
106.75,1030.02,0
106.755,246.15,0
106.76,766.78,0
106.765,766.78,0
106.77,745.98,0
106.775,745.98,0
106.78,745.98,0
106.785,745.98,0
106.79,745.98,0
106.795,1040.64,0
106.8,1696.14,0
106.805,1696.14,0
106.81,1696.14,0
106.815,1805.84,0
106.82,1805.84,0
106.825,2002.34,0
106.83,2002.34,0
106.835,1285.97,0
106.84,1285.97,0
106.845,1869.31,0
106.85,1869.31,0
106.855,1916.84,0
106.86,1916.84,0
106.865,2189.03,0
106.87,2189.03,0
106.875,2290.82,0
106.88,2905.77,0
106.885,2905.77,0
106.89,2905.77,0
106.895,2804.33,0
106.9,2804.33,0
106.905,2804.33,0
106.91,2600.19,0
106.915,2804.33,0
106.92,2804.33,0
106.925,2964.55,0
106.93,2964.55,0
106.935,2701.21,0
106.94,2701.21,0
106.945,3019.3,0
106.95,3019.3,0
106.955,3019.3,0
106.96,3019.3,0
106.965,3789.73,0
106.97,3789.73,0
106.975,3932.37,0
106.98,3932.37,0
106.985,3932.37,0
106.99,3932.37,0
106.995,2087.92,0
107.0,4099.78,0
107.005,2629.27,0
107.01,3067.38,0
107.015,5318.06,0
107.02,5318.06,0
107.025,5242.75,0
107.03,5242.75,0
107.035,4587.59,0
107.04,5167.97,0
107.045,5167.97,0
107.05,5167.97,0
107.055,2855.32,0
107.06,5167.97,0
107.065,4897.14,0
107.07,4129.3,0
107.075,4129.3,0
107.08,4963.41,0
107.085,-81.74,0
107.09,-81.74,0
107.095,-413.91,0
107.1,-413.91,0
107.105,-595.66,0
107.11,-595.66,0
107.115,-595.66,0
107.12,-595.66,0
107.125,-310.76,0
107.13,-210.07,0
107.135,-210.07,0
107.14,-210.07,0
107.145,-84.72,0
107.15,5409.85,0
107.155,-50.84,0
107.16,-35.93,0
107.165,-35.93,0
107.17,128.0,0
107.175,128.0,0
107.18,128.0,0
107.185,105.96,0
107.19,-0.89,0
107.195,-0.89,0
107.2,-0.89,0
107.205,9.86,0
107.21,9.86,0
107.215,-106.28,0
107.22,-15.39,0
107.225,-15.39,0
107.23,-594.21,0
107.235,-17.92,0
107.24,-17.92,0
107.245,89.07,0
107.25,89.07,0
107.255,110.18,0
107.26,110.18,0
107.265,-187.87,0
107.27,-62.37,0
107.275,-19.79,0
107.28,-19.79,0
107.285,-19.79,0
107.29,-19.79,0
107.295,689.4,0
107.3,689.4,0
107.305,950.87,0
107.31,950.87,0
107.315,1460.72,0
107.32,1460.72,0
107.325,1363.95,0
107.33,1363.95,0
107.335,2051.9,0
107.34,2051.9,0
107.345,2290.14,0
107.35,-14.48,0
107.355,2290.14,0
107.36,2290.14,0
107.365,2585.3,0
107.37,2585.3,0
107.375,2288.82,0
107.38,2288.82,0
107.385,1745.73,0
107.39,1745.73,0
107.395,2128.79,0
107.4,2128.79,0
107.405,-8.39,0
107.41,2288.82,0
107.415,2116.08,0
107.42,1473.73,0
107.425,2763.22,0
107.43,2763.22,0
107.435,2763.22,0
107.44,2763.22,0
107.445,2581.02,0
107.45,2581.02,0
107.455,2699.21,0
107.46,2989.88,0
107.465,3147.48,0
107.47,3147.48,0
107.475,3247.8,0
107.48,3247.8,0
107.485,3122.0,0
107.49,3656.27,0
107.495,2321.24,0
107.5,3656.27,0
107.505,3892.26,0
107.51,3892.26,0
107.515,3493.45,0
107.52,3572.65,0
107.525,3572.65,0
107.53,3656.27,0
107.535,3447.97,0
107.54,3625.29,0
107.545,3625.29,0
107.55,3625.29,0
107.555,3489.63,0
107.56,3493.45,0
107.565,3305.93,0
107.57,3305.93,0
107.575,3305.93,0
107.58,3305.93,0
107.585,3057.3,0
107.59,3057.3,0
107.595,3285.97,0
107.6,3285.97,0
107.605,2259.12,0
107.61,2259.12,0
107.615,2036.04,0
107.62,2036.04,0
107.625,2036.04,0
107.63,2054.17,0
107.635,3225.89,0
107.64,2054.17,0
107.645,1988.08,0
107.65,3285.97,0
107.655,1032.9,0
107.66,1032.9,0
107.665,1070.48,0
107.67,1070.48,0
107.675,1292.57,0
107.68,1292.57,0
107.685,986.93,0
107.69,986.93,0
107.695,265.67,0
107.7,2240.28,0
107.705,3561.85,0
107.71,37.95,0
107.715,234.06,0
107.72,50.64,0
107.725,50.64,0
107.73,77.15,0
107.735,77.15,0
107.74,237.65,0
107.745,237.65,0
107.75,237.65,0
107.755,276.46,0
107.76,113.87,0
107.765,113.87,0
107.77,-110.0,0
107.775,-110.0,0
107.78,-110.0,0
107.785,3573.58,0
107.79,-89.62,0
107.795,-89.62,0
107.8,217.28,0
107.805,34.44,0
107.81,34.44,0
107.815,-75.5,0
107.82,-75.5,0
107.825,-87.48,0
107.83,-87.48,0
107.835,-87.48,0
107.84,618.64,0
107.845,-87.48,0
107.85,-87.48,0
107.855,-172.41,0
107.86,-172.41,0
107.865,-163.25,0
107.87,-184.01,0
107.875,-184.01,0
107.88,-184.01,0
107.885,-184.01,0
107.89,-184.01,0
107.895,-184.01,0
107.9,-184.01,0
107.905,-159.31,0
107.91,-172.41,0
107.915,-73.75,0
107.92,-73.75,0
107.925,-57.03,0
107.93,-57.03,0
107.935,481.15,0
107.94,481.15,0
107.945,64.83,0
107.95,64.83,0
107.955,9.51,0
107.96,64.83,0
107.965,362.62,0
107.97,362.62,0
107.975,292.49,0
107.98,292.49,0
107.985,-863.04,0
107.99,-863.04,0
107.995,-764.62,0
108.0,481.15,0
108.005,-681.02,0
108.01,-1305.76,0
108.015,-1305.76,0
108.02,-1843.8,0
108.025,-1843.8,0
108.03,-1843.8,0
108.035,-1735.0,0
108.04,-1735.0,0
108.045,-1650.92,0
108.05,-1650.92,0
108.055,-2306.47,0
108.06,-2306.47,0
108.065,-2903.76,0
108.07,-2903.76,0
108.075,-2903.76,0
108.08,-2903.76,0
108.085,-2652.65,0
108.09,-2652.65,0
108.095,-3019.32,0
108.1,-3019.32,0
108.105,-2616.86,0
108.11,-2616.86,0
108.115,-2834.19,0
108.12,-2495.45,0
108.125,-2495.45,0
108.13,-2495.45,0
108.135,-2630.33,0
108.14,-2630.33,0
108.145,-2821.22,0
108.15,-695.53,0
108.155,-2822.87,0
108.16,-2975.75,0
108.165,-2975.75,0
108.17,-2975.75,0
108.175,-2975.75,0
108.18,-3005.05,0
108.185,-3005.05,0
108.19,-3007.27,0
108.195,-2821.22,0
108.2,-3084.67,0
108.205,-3084.67,0
108.21,-2981.6,0
108.215,-2981.6,0
108.22,-2805.58,0
108.225,-3040.01,0
108.23,-2630.29,0
108.235,-3034.18,0
108.24,-3004.95,0
108.245,-3004.95,0
108.25,-3424.55,0
108.255,-3197.97,0
108.26,-3281.15,0
108.265,-3281.15,0
108.27,-3169.67,0
108.275,-3169.67,0
108.28,-3198.0,0
108.285,-3198.0,0
108.29,-3198.0,0
108.295,-3198.0,0
108.3,-3091.27,0
108.305,-3091.27,0
108.31,-3019.14,0
108.315,-3007.95,0
108.32,-3012.77,0
108.325,-3012.77,0
108.33,-3012.77,0
108.335,-3012.77,0
108.34,-3011.6,0
108.345,-3011.6,0
108.35,-2973.15,0
108.355,-3034.96,0
108.36,-2664.83,0
108.365,-2664.83,0
108.37,-3242.16,0
108.375,-3242.16,0
108.38,-3242.16,0
108.385,-3798.55,0
108.39,-3798.55,0
108.395,-3692.46,0
108.4,-3692.46,0
108.405,-3590.82,0
108.41,-3590.82,0
108.415,-3604.97,0
108.42,-3590.82,0
108.425,-3590.82,0
108.43,-3590.82,0
108.435,-4782.21,0
108.44,-4782.21,0
108.445,-4299.32,0
108.45,-2603.36,0
108.455,-4409.41,0
108.46,-4409.41,0
108.465,-4522.91,0
108.47,-4426.63,0
108.475,-4426.63,0
108.48,-4603.48,0
108.485,-4603.48,0
108.49,-4603.48,0
108.495,-4864.24,0
108.5,-4234.31,0
108.505,-4854.57,0
108.51,-4854.57,0
108.515,-4854.57,0
108.52,-4674.64,0
108.525,-4709.92,0
108.53,-4709.92,0
108.535,-5034.63,0
108.54,-4373.72,0
108.545,-3750.42,0
108.55,-4739.21,0
108.555,-4373.72,0
108.56,-5059.6,0
108.565,-5123.93,0
108.57,-5123.93,0
108.575,-5164.57,0
108.58,-4945.79,0
108.585,-5156.09,0
108.59,-5156.09,0
108.595,-5156.09,0
108.6,-4993.6,0
108.605,-4993.6,0
108.61,-5037.84,0
108.615,-5037.84,0
108.62,-5037.84,0
108.625,-5104.1,0
108.63,-5104.1,0
108.635,-5104.1,0
108.64,-5104.1,0
108.645,-4963.73,0
108.65,-5109.86,0
108.655,-4508.52,0
108.66,-5109.86,0
108.665,-4958.35,0
108.67,-4958.35,0
108.675,-4763.86,0
108.68,-4763.86,0
108.685,-4763.86,0
108.69,-4763.86,0
108.695,-4740.82,0
108.7,-4740.82,0
108.705,-5061.3,0
108.71,-3933.56,0
108.715,-5156.28,0
108.72,-1634.45,0
108.725,-2648.94,0
108.73,-2735.46,0
108.735,-2735.46,0
108.74,-2735.46,0
108.745,-2735.46,0
108.75,-2735.46,0
108.755,-1551.76,0
108.76,-1551.76,0
108.765,-1482.54,0
108.77,-1482.54,0
108.775,-905.44,0
108.78,-905.44,0
108.785,-272.22,0
108.79,235.08,0
108.795,235.08,0
108.8,235.08,0
108.805,-533.23,0
108.81,745.2,0
108.815,-464.55,0
108.82,2451.7,0
108.825,2451.7,0
108.83,2175.98,0
108.835,2175.98,0
108.84,2175.98,0
108.845,1417.99,0
108.85,1417.99,0
108.855,1321.9,0
108.86,-4503.81,0
108.865,1995.2,0
108.87,1995.2,0
108.875,1995.2,0
108.88,2818.69,0
108.885,2818.69,0
108.89,-2634.6,0
108.895,2580.69,0
108.9,2580.69,0
108.905,2817.1,0
108.91,2817.1,0
108.915,2817.1,0
108.92,2817.1,0
108.925,3124.99,0
108.93,3124.99,0
108.935,3092.12,0
108.94,3092.12,0
108.945,3131.32,0
108.95,3003.63,0
108.955,3131.96,0
108.96,3131.96,0
108.965,3131.96,0
108.97,3145.82,0
108.975,3145.82,0
108.98,706.79,0
108.985,3099.09,0
108.99,3105.58,0
108.995,3105.58,0
109.0,3105.58,0
109.005,3067.85,0
109.01,3090.29,0
109.015,1242.79,0
109.02,3090.29,0
109.025,3158.56,0
109.03,3158.56,0
109.035,3137.58,0
109.04,3137.58,0
109.045,3011.89,0
109.05,3011.89,0
109.055,2996.5,0
109.06,2997.88,0
109.065,2997.88,0
109.07,3005.74,0
109.075,3005.74,0
109.08,2988.73,0
109.085,2988.73,0
109.09,3036.71,0
109.095,3212.72,0
109.1,3036.71,0
109.105,3020.39,0
109.11,3020.39,0
109.115,2991.39,0
109.12,2988.42,0
109.125,2988.42,0
109.13,2988.42,0
109.135,2999.02,0
109.14,3069.26,0
109.145,3069.26,0
109.15,3074.08,0
109.155,3069.26,0
109.16,3128.51,0
109.165,3128.51,0
109.17,3128.51,0
109.175,3225.4,0
109.18,3225.4,0
109.185,3225.4,0
109.19,3225.4,0
109.195,3225.4,0
109.2,2988.68,0
109.205,2988.68,0
109.21,2948.63,0
109.215,2948.63,0
109.22,2939.42,0
109.225,2939.42,0
109.23,3549.74,0
109.235,3549.74,0
109.24,3217.84,0
109.245,3217.84,0
109.25,3217.84,0
109.255,3217.84,0
109.26,3217.84,0
109.265,4275.43,0
109.27,4275.43,0
109.275,3840.68,0
109.28,3840.68,0
109.285,3217.84,0
109.29,4475.13,1
109.295,4679.98,0
109.3,4679.98,0
109.305,4679.98,0
109.31,4679.98,0
109.315,4416.03,0
109.32,4416.03,0
109.325,4416.03,0
109.33,4510.86,0
109.335,4510.86,0
109.34,4849.78,0
109.345,4849.78,0
109.35,4849.78,0
109.355,4849.78,0
109.36,4640.12,0
109.365,4640.12,0
109.37,5085.07,0
109.375,2931.48,0
109.38,4669.76,0
109.385,4669.76,0
109.39,4421.33,0
109.395,4421.33,0
109.4,4421.33,0
109.405,4421.33,0
109.41,4230.01,0
109.415,4488.66,0
109.42,4887.26,0
109.425,5085.07,0
109.43,4435.36,0
109.435,4435.36,0
109.44,4961.9,0
109.445,4961.9,0
109.45,4961.9,0
109.455,6050.9,0
109.46,6050.9,0
109.465,5906.21,0
109.47,5906.21,0
109.475,5874.2,0
109.48,5874.2,0
109.485,5867.5,0
109.49,5867.5,0
109.495,5867.5,0
109.5,5867.5,0
109.505,5794.3,0
109.51,5794.3,0
109.515,5206.83,0
109.52,5206.83,0
109.525,-10.33,0
109.53,-10.33,0
109.535,-10.11,0
109.54,-10.11,0
109.545,-48.99,0
109.55,-48.99,0
109.555,-48.99,0
109.56,4649.27,0
109.565,-48.99,0
109.57,-85.76,0
109.575,5862.81,0
109.58,-95.0,0
109.585,-95.0,0
109.59,-39.81,0
109.595,5206.84,0
109.6,-204.97,0
109.605,-204.97,0
109.61,-204.97,0
109.615,-204.97,0
109.62,90.28,0
109.625,90.28,0
109.63,-45.68,0
109.635,-45.68,0
109.64,544.65,0
109.645,544.65,0
109.65,1420.87,0
109.655,1420.87,0
109.66,1966.13,0
109.665,1966.13,0
109.67,1772.58,0
109.675,1702.42,0
109.68,1702.42,0
109.685,2392.51,0
109.69,2392.51,0
109.695,2392.51,0
109.7,2031.31,0
109.705,1734.42,0
109.71,1734.42,0
109.715,1734.42,0
109.72,1308.91,0
109.725,1308.91,0
109.73,1308.91,0
109.735,1308.91,0
109.74,1039.9,0
109.745,1039.9,0
109.75,722.89,0
109.755,746.33,0
109.76,773.98,0
109.765,773.98,0
109.77,-88.13,0
109.775,773.98,0
109.78,773.98,0
109.785,904.79,0
109.79,904.79,0
109.795,904.79,0
109.8,904.79,0
109.805,904.79,0
109.81,1176.82,0
109.815,1176.82,0
109.82,1089.2,0
109.825,1089.2,0
109.83,1114.35,0
109.835,1114.35,0
109.84,1121.27,0
109.845,1891.88,0
109.85,1026.89,0
109.855,896.13,0
109.86,896.13,0
109.865,902.7,0
109.87,902.7,0
109.875,1031.02,0
109.88,1031.02,0
109.885,1031.02,0
109.89,1144.73,0
109.895,1027.11,0
109.9,1027.11,0
109.905,993.02,0
109.91,993.02,0
109.915,1047.41,0
109.92,1047.41,0
109.925,1016.87,0
109.93,1016.87,0
109.935,1019.81,0
109.94,1019.81,0
109.945,1019.98,0
109.95,1019.98,0
109.955,978.14,0
109.96,978.14,0
109.965,896.63,0
109.97,896.63,0
109.975,1050.45,0
109.98,1050.45,0
109.985,980.89,0
109.99,980.89,0
109.995,980.89,0
110.0,1060.53,0
110.005,943.57,0
110.01,943.57,0
110.015,965.86,0
110.02,965.86,0
110.025,542.29,0
110.03,542.29,0
110.035,175.71,0
110.04,175.71,0
110.045,345.75,0
110.05,345.75,0
110.055,345.75,0
110.06,468.13,0
110.065,139.49,0
110.07,139.49,0
110.075,139.49,0
110.08,345.75,0
110.085,194.62,0
110.09,-659.55,0
110.095,-659.55,0
110.1,-595.23,0
110.105,-595.23,0
110.11,-835.4,0
110.115,1032.36,0
110.12,-835.4,0
110.125,-835.4,0
110.13,-1158.73,0
110.135,-398.73,0
110.14,-763.42,0
110.145,-398.73,0
110.15,-783.01,0
110.155,-783.01,0
110.16,-763.63,0
110.165,-763.63,0
110.17,-763.63,0
110.175,-763.63,0
110.18,-413.01,0
110.185,-413.01,0
110.19,-870.34,0
110.195,-870.34,0
110.2,-763.2,0
110.205,-763.2,0
110.21,-1141.8,0
110.215,-1141.8,0
110.22,-1141.8,0
110.225,-1141.8,0
110.23,-1141.8,0
110.235,-781.73,0
110.24,-765.77,0
110.245,-765.77,0
110.25,-1124.09,0
110.255,-572.64,0
110.26,-407.75,0
110.265,-407.75,0
110.27,-872.55,0
110.275,-551.32,0
110.28,-773.45,0
110.285,-773.45,0
110.29,-775.06,0
110.295,-875.0,0
110.3,-401.79,0
110.305,-401.79,0
110.31,-401.79,0
110.315,-401.79,0
110.32,-874.4,0
110.325,-874.4,0
110.33,-1108.12,0
110.335,-1108.12,0
110.34,-669.59,0
110.345,-669.59,0
110.35,506.86,0
110.355,422.48,0
110.36,422.48,0
110.365,-108.97,0
110.37,-401.79,0
110.375,281.39,0
110.38,281.39,0
110.385,281.39,0
110.39,983.76,0
110.395,1320.35,0
110.4,1320.35,0
110.405,1320.35,0
110.41,1033.88,0
110.415,983.76,0
110.42,1081.94,0
110.425,1081.94,0
110.43,1024.65,0
110.435,1024.65,0
110.44,929.93,0
110.445,929.93,0
110.45,929.93,0
110.455,1060.22,0
110.46,149.64,0
110.465,1029.3,0
110.47,1029.3,0
110.475,1020.73,0
110.48,1020.73,0
110.485,1020.73,0
110.49,1027.29,0
110.495,1027.29,0
110.5,1041.02,0
110.505,1041.02,0
110.51,984.34,0
110.515,984.34,0
110.52,1040.68,0
110.525,1040.68,0
110.53,315.21,0
110.535,1017.63,0
110.54,1017.63,0
110.545,1013.52,0
110.55,1013.52,0
110.555,1056.23,0
110.56,1056.23,0
110.565,1056.23,0
110.57,1056.23,0
110.575,1033.95,0
110.58,1033.95,0
110.585,1033.95,0
110.59,1015.44,0
110.595,1015.44,0
110.6,1011.93,0
110.605,1011.93,0
110.61,974.69,0
110.615,974.69,0
110.62,974.69,0
110.625,938.35,0
110.63,938.35,0
110.635,952.38,0
110.64,952.38,0
110.645,943.61,0
110.65,971.22,0
110.655,991.21,0
110.66,919.21,0
110.665,1010.11,0
110.67,1010.11,0
110.675,1031.8,0
110.68,1031.8,0
110.685,1016.97,0
110.69,1037.07,0
110.695,1092.55,0
110.7,835.41,0
110.705,835.41,0
110.71,470.65,0
110.715,470.65,0
110.72,964.66,0
110.725,637.48,0
110.73,637.48,0
110.735,637.48,0
110.74,242.2,0
110.745,1068.03,0
110.75,1068.03,0
110.755,1068.03,0
110.76,1031.8,0
110.765,1455.23,0
110.77,945.62,0
110.775,568.42,0
110.78,568.42,0
110.785,568.42,0
110.79,107.51,0
110.795,945.44,0
110.8,271.06,0
110.805,271.06,0
110.81,996.85,0
110.815,652.44,0
110.82,44.26,0
110.825,677.74,0
110.83,677.74,0
110.835,677.74,0
110.84,677.74,0
110.845,677.74,0
110.85,271.06,0
110.855,921.9,0
110.86,59.14,0
110.865,59.14,0
110.87,-345.5,0
110.875,-345.5,0
110.88,-464.91,0
110.885,-464.91,0
110.89,-464.91,0
110.895,-464.91,0
110.9,-446.95,0
110.905,109.64,0
110.91,-413.96,0
110.915,-413.96,0
110.92,-426.23,0
110.925,-426.23,0
110.93,-857.87,0
110.935,-857.87,0
110.94,-857.87,0
110.945,-857.87,0
110.95,333.46,0
110.955,-629.14,0
110.96,-724.75,0
110.965,-724.75,0
110.97,-341.72,0
110.975,-341.72,0
110.98,-1554.63,0
110.985,-1554.63,0
110.99,-1554.63,0
110.995,-413.96,0
111.0,-1554.63,0
111.005,-1554.63,0
111.01,-857.87,0
111.015,-1281.89,0
111.02,-2523.99,0
111.025,-2523.99,0
111.03,-466.88,0
111.035,-2675.85,0
111.04,-2675.85,0
111.045,-2675.85,0
111.05,-426.2,0
111.055,-2675.85,0
111.06,-364.54,0
111.065,-1906.8,0
111.07,-1808.61,0
111.075,-1808.61,0
111.08,-1808.61,0
111.085,-1808.61,0
111.09,-1923.82,0
111.095,-1923.82,0
111.1,-2798.12,0
111.105,-1736.31,0
111.11,-1736.31,0
111.115,-1736.31,0
111.12,-2003.29,0
111.125,-2003.29,0
111.13,-2003.29,0
111.135,-2003.29,0
111.14,-1401.93,0
111.145,-1401.93,0
111.15,-2319.3,0
111.155,-2319.3,0
111.16,-918.62,0
111.165,-918.62,0
111.17,-918.62,0
111.175,-918.62,0
111.18,-60.25,0
111.185,-1995.92,0
111.19,48.06,0
111.195,48.06,0
111.2,451.52,0
111.205,451.52,0
111.21,-37.13,0
111.215,-37.13,0
111.22,-2085.59,0
111.225,-1523.72,0
111.23,-87.08,0
111.235,-87.08,0
111.24,-72.07,0
111.245,431.35,0
111.25,-145.58,0
111.255,569.4,0
111.26,-270.97,0
111.265,-270.97,0
111.27,-571.78,0
111.275,-124.02,0
111.28,-124.02,0
111.285,-124.02,0
111.29,-118.62,0
111.295,-118.62,0
111.3,54.43,0
111.305,54.43,0
111.31,-184.22,0
111.315,-184.22,0
111.32,-184.22,0
111.325,-184.22,0
111.33,-184.22,0
111.335,-184.22,0
111.34,-695.38,0
111.345,-695.38,0
111.35,-1585.7,0
111.355,-1585.7,0
111.36,-1348.13,0
111.365,-383.6,0
111.37,-1280.3,0
111.375,-1280.3,0
111.38,-1428.27,0
111.385,-290.86,0
111.39,-1176.55,0
111.395,-1176.55,0
111.4,-1527.91,0
111.405,-1527.91,0
111.41,-871.13,0
111.415,406.34,0
111.42,-2132.23,0
111.425,406.34,0
111.43,526.48,0
111.435,526.48,0
111.44,315.67,0
111.445,-261.39,0
111.45,-225.48,0
111.455,-225.48,0
111.46,-181.82,0
111.465,-1621.93,0
111.47,714.96,0
111.475,356.34,0
111.48,356.34,0
111.485,356.34,0
111.49,363.22,0
111.495,363.22,0
111.5,760.69,0
111.505,760.69,0
111.51,760.69,0
111.515,349.49,0
111.52,349.49,0
111.525,349.49,0
111.53,214.57,0
111.535,214.57,0
111.54,641.62,0
111.545,-2198.31,0
111.55,443.67,0
111.555,659.18,0
111.56,443.67,0
111.565,363.22,0
111.57,606.9,0
111.575,-1374.54,0
111.58,68.08,0
111.585,743.86,0
111.59,382.92,0
111.595,336.46,0
111.6,336.46,0
111.605,336.46,0
111.61,336.46,0
111.615,336.46,0
111.62,336.46,0
111.625,263.34,0
111.63,661.08,0
111.635,661.08,0
111.64,308.5,0
111.645,308.5,0
111.65,308.5,0
111.655,308.5,0
111.66,308.5,0
111.665,947.8,0
111.67,947.8,0
111.675,947.8,0
111.68,1111.81,0
111.685,1298.13,0
111.69,1298.13,0
111.695,1298.13,0
111.7,817.73,0
111.705,606.31,0
111.71,760.97,0
111.715,760.97,0
111.72,385.36,0
111.725,385.36,0
111.73,385.36,0
111.735,385.36,0
111.74,1042.99,0
111.745,1042.99,0
111.75,1471.85,0
111.755,1471.85,0
111.76,-159.02,0
111.765,-159.02,0
111.77,-1.0,0
111.775,-1.0,0
111.78,565.39,0
111.785,-1.0,0
111.79,380.5,0
111.795,380.5,0
111.8,-356.51,0
111.805,1112.76,0
111.81,-1032.6,0
111.815,-1032.6,0
111.82,-929.31,0
111.825,-929.31,0
111.83,-403.19,0
111.835,-403.19,0
111.84,-820.26,0
111.845,1180.36,0
111.85,-820.26,0
111.855,-820.26,0
111.86,799.64,0
111.865,-342.13,0
111.87,-283.79,0
111.875,-283.79,0
111.88,-1075.02,0
111.885,-1075.02,0
111.89,876.03,0
111.895,-502.34,0
111.9,-502.34,0
111.905,-502.34,0
111.91,1271.27,0
111.915,-747.35,0
111.92,-1514.29,0
111.925,-1514.29,0
111.93,-1050.43,0
111.935,-1050.43,0
111.94,-1050.43,0
111.945,-1050.43,0
111.95,-910.59,0
111.955,-910.59,0
111.96,-529.48,0
111.965,-529.48,0
111.97,-747.35,0
111.975,-282.65,0
111.98,285.08,0
111.985,285.08,0
111.99,622.31,0
111.995,622.31,0
112.0,-818.13,0
112.005,720.45,0
112.01,720.45,0
112.015,720.45,0
112.02,-502.32,0
112.025,-89.44,0
112.03,19.51,0
112.035,19.51,0
112.04,19.51,0
112.045,675.58,0
112.05,675.58,0
112.055,675.58,0
112.06,675.58,0
112.065,632.64,0
112.07,632.64,0
112.075,-467.35,0
112.08,-467.35,0
112.085,-467.35,0
112.09,-467.35,0
112.095,-153.36,0
112.1,-153.36,0
112.105,-153.36,0
112.11,-153.36,0
112.115,-733.54,0
112.12,-566.66,0
112.125,-566.66,0
112.13,-566.66,0
112.135,-566.66,0
112.14,-814.85,0
112.145,-814.85,0
112.15,329.36,0
112.155,-1540.59,0
112.16,-1316.29,0
112.165,-1316.29,0
112.17,-1502.24,0
112.175,-1502.24,0
112.18,-1707.37,0
112.185,-1707.37,0
112.19,-1707.37,0
112.195,-1552.72,0
112.2,-1552.72,0
112.205,-1552.72,0
112.21,-1552.72,0
112.215,-1387.14,0
112.22,-1554.37,0
112.225,-1387.14,0
112.23,-1722.18,0
112.235,806.89,0
112.24,-1540.64,0
112.245,-1540.64,0
112.25,-1252.11,0
112.255,-1252.11,0
112.26,-1759.69,0
112.265,-1759.69,0
112.27,-2572.75,0
112.275,-2572.75,0
112.28,-2892.49,0
112.285,-2892.49,0
112.29,-2870.3,0
112.295,-2870.3,0
112.3,-2870.3,0
112.305,-2870.3,0
112.31,-2912.79,0
112.315,-2912.79,0
112.32,-2880.63,0
112.325,-2880.63,0
112.33,-2864.61,0
112.335,-2864.61,0
112.34,-3062.44,0
112.345,-3062.44,0
112.35,-3246.89,0
112.355,-3246.89,0
112.36,-3226.99,0
112.365,-3226.99,0
112.37,-3226.99,0
112.375,-3226.99,0
112.38,-3176.5,0
112.385,-3176.5,0
112.39,-2972.04,0
112.395,-2972.04,0
112.4,-3048.11,0
112.405,-3048.11,0
112.41,-3048.11,0
112.415,-3175.75,0
112.42,-3175.75,0
112.425,-3175.75,0
112.43,-3226.98,0
112.435,-3099.52,0
112.44,-2963.57,0
112.445,-2963.57,0
112.45,-2979.1,0
112.455,-2945.53,0
112.46,-2979.1,0
112.465,-2979.1,0
112.47,-2930.59,0
112.475,-2930.59,0
112.48,-2930.59,0
112.485,-2944.13,0
112.49,-2944.13,0
112.495,-3012.88,0
112.5,-2981.35,0
112.505,-2981.35,0
112.51,-2930.59,0
112.515,-3138.73,0
112.52,-2971.79,0
112.525,-2971.79,0
112.53,-3054.19,0
112.535,-2944.13,0
112.54,-2950.66,0
112.545,-2950.66,0
112.55,-2950.66,0
112.555,-2950.66,0
112.56,-2950.66,0
112.565,-2860.26,0
112.57,-2777.3,0
112.575,-2777.3,0
112.58,-2739.85,0
112.585,-2739.85,0
112.59,-2739.85,0
112.595,-2739.85,0
112.6,-2739.85,0
112.605,-2974.64,0
112.61,-2980.0,0
112.615,-2901.68,0
112.62,-2940.71,0
112.625,-2837.65,0
112.63,-2848.87,0
112.635,-2848.87,0
112.64,-2848.87,0
112.645,-2848.87,0
112.65,-2848.87,0
112.655,-2848.87,0
112.66,-2927.16,0
112.665,-2927.16,0
112.67,-2986.52,0
112.675,-2986.52,0
112.68,-2983.68,0
112.685,-2983.68,0
112.69,-3003.38,0
112.695,-3003.38,0
112.7,-2993.94,0
112.705,-2993.94,0
112.71,-3005.36,0
112.715,-3005.36,0
112.72,-3092.95,0
112.725,-3092.95,0
112.73,-3116.89,0
112.735,-3116.89,0
112.74,-3673.8,0
112.745,-3673.8,0
112.75,-3355.16,0
112.755,-3355.16,0
112.76,-3355.16,0
112.765,-3355.16,0
112.77,-3053.7,0
112.775,-3053.7,0
112.78,-2754.14,0
112.785,-2754.14,0
112.79,-470.88,0
112.795,-470.88,0
112.8,-2972.09,0
112.805,855.72,0
112.81,632.31,0
112.815,632.31,0
112.82,632.31,0
112.825,632.31,0
112.83,-470.88,0
112.835,60.73,0
112.84,-150.4,0
112.845,-150.4,0
112.85,-150.4,0
112.855,-613.2,0
112.86,-613.2,0
112.865,-721.58,0
112.87,-721.58,0
112.875,-933.6,0
112.88,-613.2,0
112.885,-933.6,0
112.89,-933.6,0
112.895,-1218.47,0
112.9,-1218.47,0
112.905,-1614.14,0
112.91,245.67,0
112.915,-1614.14,0
112.92,-1614.14,0
112.925,-1322.49,0
112.93,-1322.49,0
112.935,-1067.69,0
112.94,-1067.69,0
112.945,-933.6,0
112.95,-1067.69,0
112.955,-792.23,0
112.96,-792.23,0
112.965,481.64,0
112.97,-1067.78,0
112.975,-381.4,0
112.98,-381.4,0
112.985,-273.53,0
112.99,-273.53,0
112.995,-273.53,0
113.0,-273.53,0
113.005,-273.53,0
113.01,-273.53,0
113.015,188.74,0
113.02,188.74,0
113.025,-1067.78,0
113.03,230.89,0
113.035,367.06,0
113.04,71.37,0
113.045,280.92,0
113.05,280.92,0
113.055,273.07,0
113.06,338.09,0
113.065,338.09,0
113.07,282.01,0
113.075,282.01,0
113.08,-885.97,0
113.085,258.68,0
113.09,217.53,0
113.095,217.53,0
113.1,217.53,0
113.105,-159.34,0
113.11,-159.34,0
113.115,-159.34,0
113.12,-159.34,0
113.125,233.65,0
113.13,233.65,0
113.135,645.39,0
113.14,645.39,0
113.145,387.4,0
113.15,387.4,0
113.155,283.17,0
113.16,283.17,0
113.165,283.17,0
113.17,509.18,0
113.175,509.18,0
113.18,509.18,0
113.185,167.37,0
113.19,167.37,0
113.195,115.88,0
113.2,204.5,0
113.205,509.18,0
113.21,204.5,0
113.215,542.66,0
113.22,542.66,0
113.225,288.4,0
113.23,288.4,0
113.235,317.82,0
113.24,289.28,0
113.245,-385.64,0
113.25,-385.64,0
113.255,114.03,0
113.26,116.29,0
113.265,116.29,0
113.27,645.37,0
113.275,266.33,0
113.28,266.33,0
113.285,201.94,0
113.29,201.94,0
113.295,531.09,0
113.3,502.05,0
113.305,545.24,0
113.31,545.24,0
113.315,62.71,0
113.32,62.71,0
113.325,628.05,0
113.33,628.05,0
113.335,628.05,0
113.34,289.26,0
113.345,1234.7,0
113.35,1234.7,0
113.355,515.25,0
113.36,515.25,0
113.365,515.25,0
113.37,515.25,0
113.375,509.82,0
113.38,509.82,0
113.385,1239.17,0
113.39,1239.17,0
113.395,1561.54,0
113.4,1466.68,0
113.405,1466.68,0
113.41,1466.68,0
113.415,906.61,0
113.42,906.61,0
113.425,1106.62,0
113.43,1106.62,0
113.435,1106.62,0
113.44,1289.9,0
113.445,772.41,0
113.45,849.5,0
113.455,771.22,0
113.46,752.96,0
113.465,689.87,0
113.47,808.38,0
113.475,574.46,0
113.48,589.86,0
113.485,589.86,0
113.49,589.86,0
113.495,572.69,0
113.5,572.69,0
113.505,544.18,0
113.51,544.18,0
113.515,563.9,0
113.52,563.9,0
113.525,531.36,0
113.53,531.36,0
113.535,771.23,0
113.54,774.27,0
113.545,820.25,0
113.55,820.25,0
113.555,820.25,0
113.56,820.25,0
113.565,319.47,0
113.57,1451.39,0
113.575,163.08,0
113.58,-232.63,0
113.585,-232.63,0
113.59,-232.63,0
113.595,572.78,0
113.6,322.78,0
113.605,277.9,0
113.61,277.9,0
113.615,590.51,0
113.62,590.51,0
113.625,445.97,0
113.63,752.25,0
113.635,409.73,0
113.64,409.73,0
113.645,381.37,0
113.65,381.37,0
113.655,317.99,0
113.66,312.95,0
113.665,312.95,0
113.67,312.95,0
113.675,260.09,0
113.68,260.09,0
113.685,299.15,0
113.69,299.15,0
113.695,299.15,0
113.7,299.15,0
113.705,283.54,0
113.71,260.23,0
113.715,260.23,0
113.72,235.74,0
113.725,235.74,0
113.73,105.37,0
113.735,105.37,0
113.74,-696.22,0
113.745,-696.22,0
113.75,-1324.89,0
113.755,-1324.89,0
113.76,-1324.89,0
113.765,-1324.89,0
113.77,-1935.01,0
113.775,-1935.01,0
113.78,-2440.82,0
113.785,-2440.82,0
113.79,-2440.82,0
113.795,-2826.13,0
113.8,-2826.13,0
113.805,-2845.68,0
113.81,-2845.68,0
113.815,-2978.92,0
113.82,-3492.07,0
113.825,-3492.07,0
113.83,-2837.7,0
113.835,-3680.99,0
113.84,-3680.99,0
113.845,300.41,0
113.85,-3679.88,0
113.855,-3883.65,0
113.86,-3883.65,0
113.865,-4375.08,0
113.87,-4375.08,0
113.875,-4632.13,0
113.88,-4632.13,0
113.885,-4632.13,0
113.89,-4596.85,0
113.895,-4596.85,0
113.9,-5393.1,0
113.905,-5393.1,0
113.91,-5657.7,0
113.915,-5657.7,0
113.92,-1310.26,0
113.925,-5525.25,0
113.93,-5525.25,0
113.935,-5525.25,0
113.94,-4911.92,0
113.945,-4911.92,0
113.95,-5566.83,0
113.955,-5566.83,0
113.96,-3683.43,0
113.965,-5624.37,0
113.97,-5882.62,0
113.975,-5882.62,0
113.98,-5882.62,0
113.985,-5882.62,0
113.99,-3245.27,0
113.995,-5882.62,0
114.0,-6574.87,0
114.005,-6574.87,0
114.01,-5828.32,0
114.015,-5828.32,0
114.02,-6342.44,0
114.025,-6342.44,0
114.03,-4658.9,0
114.035,-4658.9,0
114.04,-6581.65,0
114.045,-6617.14,0
114.05,-7086.92,0
114.055,-7086.92,0
114.06,-6668.27,0
114.065,-6668.27,0
114.07,-6668.27,0
114.075,-6668.27,0
114.08,-6794.73,0
114.085,-6794.73,0
114.09,-6828.6,0
114.095,-6828.6,0
114.1,-6828.6,0
114.105,-6828.6,0
114.11,-6845.7,0
114.115,-6845.7,0
114.12,-6901.62,0
114.125,-6901.62,0
114.13,-6887.7,0
114.135,-6887.7,0
114.14,-6842.44,0
114.145,-6842.44,0
114.15,-6854.52,0
114.155,-6854.52,0
114.16,-6857.64,0
114.165,-6857.64,0
114.17,-6826.62,0
114.175,-6645.56,0
114.18,-6833.31,0
114.185,-6833.31,0
114.19,-6804.37,0
114.195,-6804.37,0
114.2,-6838.74,0
114.205,-6838.74,0
114.21,-6840.41,0
114.215,-6806.59,0
114.22,-6806.59,0
114.225,-6812.44,0
114.23,-6758.72,0
114.235,-6826.99,0
114.24,-6826.99,0
114.245,-6822.65,0
114.25,-6822.65,0
114.255,-6821.16,0
114.26,-6821.16,0
114.265,-6855.25,0
114.27,-6855.25,0
114.275,-6855.25,0
114.28,-6835.91,0
114.285,-6852.83,0
114.29,-6852.83,1
114.295,-6892.42,0
114.3,-6822.65,0
114.305,-7024.88,0
114.31,-7024.88,0
114.315,-6980.0,0
114.32,-6980.0,0
114.325,-6974.42,0
114.33,-7005.45,0
114.335,-6897.32,0
114.34,-7208.83,0
114.345,-7208.83,0
114.35,-7208.83,0
114.355,-7208.83,0
114.36,-7592.51,0
114.365,-7592.51,0
114.37,-7592.51,0
114.375,-7624.55,0
114.38,-7624.55,0
114.385,-6987.02,0
114.39,-6987.02,0
114.395,-6987.02,0
114.4,-7617.37,0
114.405,-6957.82,0
114.41,-6855.27,0
114.415,-6479.35,0
114.42,719.59,0
114.425,719.59,0
114.43,719.59,0
114.435,719.59,0
114.44,184.93,0
114.445,184.93,0
114.45,188.03,0
114.455,188.03,0
114.46,-241.88,0
114.465,-241.88,0
114.47,-642.28,0
114.475,-642.28,0
114.48,-642.28,0
114.485,-717.14,0
114.49,212.41,0
114.495,-818.59,0
114.5,-8272.31,0
114.505,-739.7,0
114.51,-898.23,0
114.515,-898.23,0
114.52,-898.23,0
114.525,-898.23,0
114.53,-898.23,0
114.535,-933.61,0
114.54,-933.61,0
114.545,-923.2,0
114.55,-923.2,0
114.555,-923.2,0
114.56,-923.2,0
114.565,-921.94,0
114.57,-8676.07,0
114.575,-938.27,0
114.58,-938.27,0
114.585,-908.56,0
114.59,-933.6,0
114.595,-912.62,0
114.6,-912.62,0
114.605,-912.62,0
114.61,-912.62,0
114.615,-901.59,0
114.62,-901.59,0
114.625,-939.42,0
114.63,-939.42,0
114.635,-938.96,0
114.64,-938.96,0
114.645,-961.3,0
114.65,-961.3,0
114.655,-938.96,0
114.66,-933.33,0
114.665,-1003.15,0
114.67,-923.47,0
114.675,-939.65,0
114.68,-973.72,0
114.685,-979.6,0
114.69,-920.21,0
114.695,-950.02,0
114.7,-950.02,0
114.705,-1003.4,0
114.71,-1003.4,0
114.715,-954.32,0
114.72,-954.32,0
114.725,-966.44,0
114.73,-974.72,0
114.735,-940.36,0
114.74,-940.36,0
114.745,-1005.99,0
114.75,-1005.99,0
114.755,-976.98,0
114.76,-979.56,0
114.765,-999.17,0
114.77,-917.04,0
114.775,-999.17,0
114.78,-976.43,0
114.785,-1028.25,0
114.79,-1028.25,0
114.795,-976.76,0
114.8,-976.76,0
114.805,-1010.96,0
114.81,-976.76,0
114.815,-976.76,0
114.82,-1021.96,0
114.825,-991.32,0
114.83,-960.64,0
114.835,-968.63,0
114.84,-995.13,0
114.845,-995.13,0
114.85,-995.13,0
114.855,-975.59,0
114.86,-1008.05,0
114.865,-1031.8,0
114.87,-1031.8,0
114.875,-1031.8,0
114.88,-989.22,0
114.885,-1023.46,0
114.89,-1023.46,0
114.895,-1023.46,0
114.9,-1023.46,0
114.905,-1023.46,0
114.91,-1023.46,0
114.915,-996.03,0
114.92,-996.03,0
114.925,-965.69,0
114.93,-965.69,0
114.935,-957.35,0
114.94,-957.35,0
114.945,-996.35,0
114.95,-996.35,0
114.955,-962.14,0
114.96,-1048.75,0
114.965,-1677.15,0
114.97,-1677.15,0
114.975,-1677.15,0
114.98,-1677.15,0
114.985,-1677.15,0
114.99,-1981.66,0
114.995,-1981.66,0
115.0,-1139.45,0
115.005,-1025.88,0
115.01,-996.29,0
115.015,-614.08,0
115.02,-614.08,0
115.025,-992.41,0
115.03,-1256.0,0
115.035,-1256.0,0
115.04,-1256.0,0
115.045,-984.02,0
115.05,-1747.1,0
115.055,-1747.1,0
115.06,-1747.1,0
115.065,-1930.68,0
115.07,-1930.68,0
115.075,-2262.92,0
115.08,-2262.92,0
115.085,-2494.37,0
115.09,-2229.55,0
115.095,-2229.55,0
115.1,-2229.55,0
115.105,-2103.75,0
115.11,-2261.76,0
115.115,-2261.76,0
115.12,-2195.41,0
115.125,-2195.41,0
115.13,-1269.19,0
115.135,-1588.44,0
115.14,-1588.44,0
115.145,-1588.44,0
115.15,-2212.57,0
115.155,-1260.58,0
115.16,-2307.3,0
115.165,-2307.3,0
115.17,-2307.3,0
115.175,-2307.3,0
115.18,-2195.41,0
115.185,-2022.13,0
115.19,-1949.77,0
115.195,-1949.77,0
115.2,-1949.77,0
115.205,-1887.45,0
115.21,-1887.45,0
115.215,-1891.33,0
115.22,-1844.13,0
115.225,-1844.13,0
115.23,-1648.42,0
115.235,-1648.42,0
115.24,95.56,0
115.245,95.56,0
115.25,-1861.68,0
115.255,-1648.42,0
115.26,95.56,0
115.265,93.24,0
115.27,93.24,0
115.275,123.99,0
115.28,123.99,0
115.285,61.03,0
115.29,61.03,0
115.295,54.98,0
115.3,54.98,0
115.305,54.98,0
115.31,54.98,0
115.315,-113.14,0
115.32,-113.14,0
115.325,-1089.21,0
115.33,-74.05,0
115.335,-39.19,0
115.34,-25.32,0
115.345,-25.32,0
115.35,-25.32,0
115.355,-34.35,0
115.36,-34.35,0
115.365,-34.35,0
115.37,-34.35,0
115.375,-38.63,0
115.38,-38.63,0
115.385,-31.21,0
115.39,-31.21,0
115.395,-32.04,0
115.4,-32.04,0
115.405,-25.64,0
115.41,-6.65,0
115.415,-6.65,0
115.42,-6.65,0
115.425,-6.65,0
115.43,-6.65,0
115.435,-27.16,0
115.44,-2.46,0
115.445,-2.46,0
115.45,9.85,0
115.455,9.85,0
115.46,-6.57,0
115.465,-6.57,0
115.47,-6.57,0
115.475,-6.57,0
115.48,5.48,0
115.485,5.48,0
115.49,-11.6,0
115.495,-11.6,0
115.5,-27.82,0
115.505,-18.99,0
115.51,-21.92,0
115.515,-20.08,0
115.52,-20.98,0
115.525,-20.98,0
115.53,-34.22,0
115.535,-34.22,0
115.54,-12.81,0
115.545,-12.81,0
115.55,-25.37,0
115.555,-25.37,0
115.56,-25.37,0
115.565,-14.08,0
115.57,15.14,0
115.575,-20.48,0
115.58,14.07,0
115.585,14.07,0
115.59,14.07,0
115.595,14.07,0
115.6,-52.0,0
115.605,-52.0,0
115.61,-52.0,0
115.615,-81.31,0
115.62,-42.16,0
115.625,-42.16,0
115.63,-18.15,0
115.635,-18.15,0
115.64,-45.76,0
115.645,-45.76,0
115.65,-45.76,0
115.655,-15.12,0
115.66,-9.97,0
115.665,-9.97,0
115.67,98.08,0
115.675,98.08,0
115.68,497.53,0
115.685,497.53,0
115.69,649.15,0
115.695,649.15,0
115.7,241.04,0
115.705,241.04,0
115.71,241.04,0
115.715,241.04,0
115.72,924.35,0
115.725,924.35,0
115.73,924.35,0
115.735,-67.36,0
115.74,237.45,0
115.745,25.62,0
115.75,194.29,0
115.755,-11.27,0
115.76,176.65,0
115.765,176.65,0
115.77,-53.74,0
115.775,-53.74,0
115.78,-133.47,0
115.785,68.98,0
115.79,68.98,0
115.795,68.98,0
115.8,68.98,0
115.805,561.25,0
115.81,561.25,0
115.815,613.15,0
115.82,405.82,0
115.825,-16.48,0
115.83,-289.22,0
115.835,-289.22,0
115.84,-1106.6,0
115.845,235.23,0
115.85,-1341.12,0
115.855,-1341.12,0
115.86,-1244.22,0
115.865,-1640.93,0
115.87,-1641.62,0
115.875,-1641.62,0
115.88,-1641.62,0
115.885,-1641.62,0
115.89,-1422.37,0
115.895,-1640.93,0
115.9,-1654.47,0
115.905,-1654.47,0
115.91,-1617.16,0
115.915,-1617.16,0
115.92,-959.08,0
115.925,-959.08,0
115.93,-959.08,0
115.935,-959.08,0
115.94,-1653.7,0
115.945,-1653.7,0
115.95,-1653.7,0
115.955,-1653.7,0
115.96,-1630.73,0
115.965,-1630.73,0
115.97,-1458.97,0
115.975,-1458.97,0
115.98,-1690.21,0
115.985,-697.83,0
115.99,-1700.15,0
115.995,-1700.15,0
116.0,-2119.35,0
116.005,-2119.35,0
116.01,-2119.35,0
116.015,-2392.01,0
116.02,-2392.01,0
116.025,-2568.35,0
116.03,-2568.35,0
116.035,-1867.23,0
116.04,-1867.23,0
116.045,-1867.23,0
116.05,-1867.23,0
116.055,-1867.23,0
116.06,-1867.23,0
116.065,40.53,0
116.07,40.53,0
116.075,40.53,0
116.08,174.54,0
116.085,174.54,0
116.09,-776.29,0
116.095,116.44,0
116.1,54.37,0
116.105,75.24,0
116.11,58.78,0
116.115,58.78,0
116.12,-2222.55,0
116.125,32.26,0
116.13,-2231.97,0
116.135,68.29,0
116.14,24.98,0
116.145,24.98,0
116.15,31.9,0
116.155,-1049.8,0
116.16,54.99,0
116.165,31.9,0
116.17,40.12,0
116.175,40.12,0
116.18,-4.17,0
116.185,-4.17,0
116.19,-4.17,0
116.195,-6.26,0
116.2,-6.26,0
116.205,29.89,0
116.21,29.89,0
116.215,29.89,0
116.22,29.89,0
116.225,312.65,0
116.23,312.65,0
116.235,104.5,0
116.24,104.5,0
116.245,104.5,0
116.25,31.91,0
116.255,83.07,0
116.26,228.76,0
116.265,-699.21,0
116.27,-694.86,0
116.275,-694.86,0
116.28,-694.86,0
116.285,-841.95,0
116.29,-841.95,0
116.295,-1205.37,0
116.3,-1205.37,0
116.305,-1205.37,0
116.31,-1205.37,0
116.315,-1734.56,0
116.32,-1734.56,0
116.325,-1501.0,0
116.33,-1501.0,0
116.335,-1501.0,0
116.34,-1501.0,0
116.345,-1632.33,0
116.35,-1632.33,0
116.355,-1903.56,0
116.36,-2190.9,0
116.365,-2190.9,0
116.37,-2190.9,0
116.375,-1922.16,0
116.38,-1922.16,0
116.385,-1922.16,0
116.39,-1922.16,0
116.395,-1994.19,0
116.4,-1994.19,0
116.405,-2480.06,0
116.41,-2480.06,0
116.415,-2790.86,0
116.42,-2790.86,0
116.425,-2925.78,0
116.43,-2925.78,0
116.435,-2925.78,0
116.44,-2925.78,0
116.445,-2886.19,0
116.45,-2790.86,0
116.455,-2177.49,0
116.46,-2929.05,0
116.465,-2929.05,0
116.47,-2929.05,0
116.475,-2875.36,0
116.48,-2875.36,0
116.485,-2910.33,0
116.49,-2910.33,0
116.495,-2917.82,0
116.5,-2917.82,0
116.505,-2896.7,0
116.51,-2896.7,0
116.515,-2872.14,0
116.52,-2915.48,0
116.525,-2915.48,0
116.53,-2895.61,0
116.535,-2895.61,0
116.54,-2913.71,0
116.545,-2913.71,0
116.55,-2913.71,0
116.555,-2913.71,0
116.56,-2913.71,0
116.565,-2948.8,0
116.57,-2982.33,0
116.575,-2982.33,0
116.58,-2957.69,0
116.585,-2957.69,0
116.59,-2940.17,0
116.595,-2891.51,0
116.6,-2940.17,0
116.605,-2915.49,0
116.61,-2940.17,0
116.615,-2924.67,0
116.62,-2924.67,0
116.625,-2894.96,0
116.63,-2848.29,0
116.635,-2913.74,0
116.64,-2884.18,0
116.645,-2884.18,0
116.65,-2884.18,0
116.655,-2884.18,0
116.66,-2904.25,0
116.665,-2904.25,0
116.67,-2904.25,0
116.675,-3088.13,0
116.68,-3220.11,0
116.685,-2941.82,0
116.69,-3220.11,0
116.695,-2926.2,0
116.7,-3220.11,0
116.705,-3220.11,0
116.71,-3220.11,0
116.715,-2877.9,0
116.72,-2488.85,0
116.725,-2405.21,0
116.73,-2405.21,0
116.735,-2659.26,0
116.74,-2659.26,0
116.745,-2554.87,0
116.75,-2554.12,0
116.755,-2554.12,0
116.76,-2554.12,0
116.765,-2488.48,0
116.77,-2488.48,0
116.775,-2785.19,0
116.78,-2785.19,0
116.785,-2945.21,0
116.79,-2785.19,0
116.795,-2677.19,0
116.8,-3067.02,0
116.805,-3067.02,0
116.81,-3067.02,0
116.815,-3067.02,0
116.82,-2370.14,0
116.825,-2370.14,0
116.83,-1965.33,0
116.835,-1965.33,0
116.84,-1965.33,0
116.845,-1232.5,0
116.85,-1232.5,0
116.855,-1232.5,0
116.86,-1232.5,0
116.865,-2869.06,0
116.87,-941.4,0
116.875,-711.46,0
116.88,1569.08,0
116.885,1569.08,0
116.89,1569.08,0
116.895,1115.87,0
116.9,1115.87,0
116.905,1458.13,0
116.91,1458.13,0
116.915,1226.3,0
116.92,1226.3,0
116.925,1515.34,0
116.93,1515.34,0
116.935,1515.34,0
116.94,1515.34,0
116.945,1307.4,0
116.95,1399.0,0
116.955,1307.4,0
116.96,1185.34,0
116.965,1185.34,0
116.97,1185.34,0
116.975,2161.03,0
116.98,2161.03,0
116.985,2161.03,0
116.99,1023.39,0
116.995,2199.72,0
117.0,2101.1,0
117.005,1185.34,0
117.01,2401.71,0
117.015,2061.64,0
117.02,-947.61,0
117.025,2357.91,0
117.03,801.64,0
117.035,2168.43,0
117.04,2168.43,0
117.045,2382.97,0
117.05,2382.97,0
117.055,2301.57,0
117.06,2301.57,0
117.065,1835.94,0
117.07,1835.94,0
117.075,1986.91,0
117.08,2020.49,0
117.085,2020.49,0
117.09,1934.39,0
117.095,1934.39,0
117.1,2720.86,0
117.105,2780.2,0
117.11,2780.2,0
117.115,2780.2,0
117.12,3332.9,0
117.125,3332.9,0
117.13,3129.4,0
117.135,3129.4,0
117.14,2548.85,0
117.145,3309.83,0
117.15,3309.83,0
117.155,3926.35,0
117.16,3926.35,0
117.165,3926.35,0
117.17,4598.05,0
117.175,4598.05,0
117.18,4598.05,0
117.185,4598.05,0
117.19,5153.86,0
117.195,5153.86,0
117.2,5785.22,0
117.205,5785.22,0
117.21,6637.51,0
117.215,6637.51,0
117.22,6581.41,0
117.225,6581.41,0
117.23,2626.08,0
117.235,6581.41,0
117.24,6581.41,0
117.245,6581.41,0
117.25,7848.46,0
117.255,8655.04,0
117.26,3039.44,0
117.265,8916.65,0
117.27,8916.65,0
117.275,8916.65,0
117.28,8916.65,0
117.285,9460.79,0
117.29,9460.79,0
117.295,9438.55,0
117.3,9438.55,0
117.305,9568.89,0
117.31,9568.89,0
117.315,9329.55,0
117.32,9329.55,0
117.325,9378.96,0
117.33,9378.96,0
117.335,9808.6,0
117.34,9808.6,0
117.345,10542.23,0
117.35,10542.23,0
117.355,10542.23,0
117.36,10542.23,0
117.365,10542.23,0
117.37,10269.01,0
117.375,10269.01,0
117.38,9999.22,0
117.385,10269.01,0
117.39,8687.46,0
117.395,8687.46,0
117.4,8687.46,0
117.405,8687.46,0
117.41,8965.13,0
117.415,9257.21,0
117.42,9257.21,0
117.425,9257.21,0
117.43,10186.99,0
117.435,10186.99,0
117.44,10337.76,0
117.445,10337.76,0
117.45,10337.76,0
117.455,10467.54,0
117.46,10467.54,0
117.465,10467.54,0
117.47,10209.17,0
117.475,10209.17,0
117.48,9978.16,0
117.485,9978.16,0
117.49,9689.44,0
117.495,9689.44,0
117.5,9681.31,0
117.505,9681.31,0
117.51,9763.24,0
117.515,9763.24,0
117.52,9763.24,0
117.525,9763.24,0
117.53,9938.75,0
117.535,9921.67,0
117.54,9921.67,0
117.545,9921.67,0
117.55,9952.03,0
117.555,9952.03,0
117.56,9659.68,0
117.565,9952.03,0
117.57,9900.66,0
117.575,9968.43,0
117.58,9894.36,0
117.585,9894.36,0
117.59,9885.76,0
117.595,9885.76,0
117.6,9920.0,0
117.605,9938.7,0
117.61,9905.45,0
117.615,9905.45,0
117.62,9905.45,0
117.625,9905.45,0
117.63,9935.64,0
117.635,9935.64,0
117.64,9922.01,0
117.645,9922.01,0
117.65,9932.72,0
117.655,9932.72,0
117.66,9911.16,0
117.665,9911.16,0
117.67,9951.51,0
117.675,9951.51,0
117.68,9987.93,0
117.685,9987.93,0
117.69,9987.93,0
117.695,9987.93,0
117.7,9902.46,0
117.705,243.26,0
117.71,-122.97,0
117.715,-122.97,0
117.72,52.12,0
117.725,52.12,0
117.73,52.12,0
117.735,52.12,0
117.74,156.27,0
117.745,156.27,0
117.75,226.08,0
117.755,226.08,0
117.76,226.08,0
117.765,226.08,0
117.77,256.99,0
117.775,256.99,0
117.78,256.99,0
117.785,256.99,0
117.79,-219.03,0
117.795,-219.03,0
117.8,-807.08,0
117.805,-807.08,0
117.81,-25.03,0
117.815,-67.92,0
117.82,-67.92,0
117.825,-67.92,0
117.83,-188.48,0
117.835,9956.07,0
117.84,1.38,0
117.845,1.38,0
117.85,23.7,0
117.855,567.33,0
117.86,567.33,0
117.865,184.7,0
117.87,597.2,0
117.875,597.2,0
117.88,-118.65,0
117.885,664.62,0
117.89,649.59,0
117.895,649.59,0
117.9,649.59,0
117.905,649.59,0
117.91,422.45,0
117.915,712.78,0
117.92,848.84,0
117.925,848.84,0
117.93,1639.33,0
117.935,1639.33,0
117.94,-584.86,0
117.945,1674.39,0
117.95,1674.39,0
117.955,1674.39,0
117.96,1942.66,0
117.965,1942.66,0
117.97,848.84,0
117.975,2047.63,0
117.98,1842.96,0
117.985,1842.96,0
117.99,1991.79,0
117.995,1991.79,0
118.0,1991.79,0
118.005,1991.79,0
118.01,2416.37,0
118.015,2416.37,0
118.02,2453.44,0
118.025,2453.44,0
118.03,1792.57,0
118.035,2117.53,0
118.04,2508.09,0
118.045,2508.09,0
118.05,2113.65,0
118.055,2030.76,0
118.06,2030.76,0
118.065,1638.32,0
118.07,1638.32,0
118.075,1264.89,0
118.08,1264.89,0
118.085,1264.89,0
118.09,811.8,0
118.095,118.78,0
118.1,118.78,0
118.105,118.78,0
118.11,39.99,0
118.115,1327.58,0
118.12,351.76,0
118.125,351.76,0
118.13,-666.71,0
118.135,-666.71,0
118.14,1099.52,0
118.145,-176.83,0
118.15,-629.32,0
118.155,-1496.3,0
118.16,-1496.3,0
118.165,-1642.28,0
118.17,-1642.28,0
118.175,-1642.28,0
118.18,-1601.62,0
118.185,-1601.62,0
118.19,-1835.85,0
118.195,-1090.4,0
118.2,-1090.4,0
118.205,-895.34,0
118.21,-895.34,0
118.215,-895.34,0
118.22,-895.34,0
118.225,-895.34,0
118.23,-895.34,0
118.235,-32.49,0
118.24,-1160.33,0
118.245,-1160.33,0
118.25,-850.15,0
118.255,-850.15,0
118.26,-1422.51,0
118.265,-1039.89,0
118.27,-1422.51,0
118.275,-1422.51,0
118.28,-1597.64,0
118.285,-1597.64,0
118.29,-1641.99,0
118.295,-1160.86,0
118.3,-1190.13,0
118.305,-1652.59,0
118.31,-1144.08,0
118.315,-1751.47,0
118.32,-1751.47,0
118.325,-1423.89,0
118.33,-1423.89,0
118.335,-1423.89,0
118.34,-1806.05,0
118.345,-1806.05,0
118.35,-2106.81,0
118.355,-2106.81,0
118.36,-1452.61,0
118.365,-1452.61,0
118.37,-1366.31,0
118.375,-1366.31,0
118.38,-1366.31,0
118.385,-1366.31,0
118.39,-1456.61,0
118.395,-1456.61,0
118.4,-589.48,0
118.405,-365.91,0
118.41,-365.91,0
118.415,-437.07,0
118.42,-437.07,0
118.425,-437.07,0
118.43,-129.92,0
118.435,-129.92,0
118.44,-129.92,0
118.445,-129.92,0
118.45,-18.0,0
118.455,-18.0,0
118.46,393.3,0
118.465,44.16,0
118.47,44.16,0
118.475,44.16,0
118.48,-281.19,0
118.485,-281.19,0
118.49,-281.19,0
118.495,-281.19,0
118.5,-1163.03,0
118.505,-1163.03,0
118.51,-1434.46,0
118.515,-2286.95,0
118.52,35.36,0
118.525,35.36,0
118.53,112.09,0
118.535,122.41,0
118.54,122.41,0
118.545,122.41,0
118.55,122.41,0
118.555,122.41,0
118.56,84.4,0
118.565,142.5,0
118.57,142.5,0
118.575,-784.84,0
118.58,68.18,0
118.585,68.18,0
118.59,174.22,0
118.595,174.22,0
118.6,45.22,0
118.605,45.22,0
118.61,124.65,0
118.615,124.65,0
118.62,170.24,0
118.625,-1042.64,0
118.63,1525.74,0
118.635,1525.74,0
118.64,1555.16,0
118.645,1555.16,0
118.65,1396.52,0
118.655,1396.52,0
118.66,6.61,0
118.665,72.9,0
118.67,1627.14,0
118.675,-1187.19,0
118.68,1627.14,0
118.685,1627.14,0
118.69,2219.3,0
118.695,2219.3,0
118.7,2599.81,0
118.705,2599.81,0
118.71,2176.53,0
118.715,2176.53,0
118.72,2176.53,0
118.725,2176.53,0
118.73,2099.23,0
118.735,2099.23,0
118.74,2099.23,0
118.745,2099.23,0
118.75,2099.23,0
118.755,2099.23,0
118.76,1627.14,0
118.765,561.93,0
118.77,1997.87,0
118.775,1997.87,0
118.78,2065.29,0
118.785,2045.22,0
118.79,2012.74,0
118.795,1998.61,0
118.8,1998.61,0
118.805,2078.98,0
118.81,2078.98,0
118.815,2078.98,0
118.82,2037.7,0
118.825,2037.7,0
118.83,1959.84,0
118.835,2094.88,0
118.84,2094.88,0
118.845,2094.88,0
118.85,2128.33,0
118.855,2039.14,0
118.86,2120.61,0
118.865,2120.61,0
118.87,2918.69,0
118.875,2918.69,0
118.88,2918.69,0
118.885,2918.69,0
118.89,3571.39,0
118.895,3571.39,0
118.9,3177.6,0
118.905,3177.6,0
118.91,3813.42,0
118.915,3822.14,0
118.92,3822.14,0
118.925,3822.14,0
118.93,3978.77,0
118.935,3978.77,0
118.94,3978.77,0
118.945,3891.75,0
118.95,3891.75,0
118.955,4015.26,0
118.96,4015.26,0
118.965,3978.62,0
118.97,3978.62,0
118.975,3978.62,0
118.98,3930.34,0
118.985,3930.34,0
118.99,3571.34,0
118.995,3976.99,0
119.0,3976.99,0
119.005,3976.99,0
119.01,3886.0,0
119.015,3886.0,0
119.02,3940.88,0
119.025,3940.88,0
119.03,3923.79,0
119.035,3923.79,0
119.04,3923.79,0
119.045,3923.79,0
119.05,3923.79,0
119.055,3923.79,0
119.06,3928.91,0
119.065,3928.91,0
119.07,3909.39,0
119.075,3909.39,0
119.08,3996.94,0
119.085,3996.94,0
119.09,3921.37,0
119.095,3909.39,0
119.1,3940.89,0
119.105,3872.63,0
119.11,3964.96,0
119.115,3964.96,0
119.12,3964.96,0
119.125,3964.96,0
119.13,3990.3,0
119.135,3672.24,0
119.14,3996.94,0
119.145,3672.24,0
119.15,4055.64,0
119.155,4055.64,0
119.16,4055.64,0
119.165,4536.39,0
119.17,4536.39,0
119.175,4305.17,0
119.18,3950.39,0
119.185,4405.0,0
119.19,4405.0,0
119.195,4189.47,0
119.2,4189.47,0
119.205,4189.47,0
119.21,4189.47,0
119.215,3992.95,0
119.22,4324.44,0
119.225,5024.62,0
119.23,4405.0,0
119.235,5276.12,0
119.24,5276.12,0
119.245,5276.12,0
119.25,6132.22,0
119.255,6132.22,0
119.26,6545.55,0
119.265,7148.07,0
119.27,7148.07,0
119.275,7148.07,0
119.28,7301.21,0
119.285,6803.62,0
119.29,6803.62,1
119.295,7175.77,0
119.3,7175.77,0
119.305,7363.54,0
119.31,7363.54,0
119.315,7743.72,0
119.32,7743.72,0
119.325,7743.72,0
119.33,7743.72,0
119.335,1449.14,0
119.34,1449.14,0
119.345,716.64,0
119.35,716.64,0
119.355,716.64,0
119.36,716.64,0
119.365,716.64,0
119.37,716.64,0
119.375,789.03,0
119.38,789.03,0
119.385,733.3,0
119.39,733.3,0
119.395,654.76,0
119.4,654.76,0
119.405,604.49,0
119.41,604.49,0
119.415,680.93,0
119.42,680.93,0
119.425,680.93,0
119.43,761.2,0
119.435,761.2,0
119.44,761.2,0
119.445,880.67,0
119.45,880.67,0
119.455,751.82,0
119.46,751.82,0
119.465,941.91,0
119.47,941.91,0
119.475,741.46,0
119.48,741.46,0
119.485,834.21,0
119.49,741.46,0
119.495,889.83,0
119.5,4418.48,0
119.505,888.17,0
119.51,784.33,0
119.515,595.65,0
119.52,897.71,0
119.525,898.09,0
119.53,898.09,0
119.535,898.09,0
119.54,898.09,0
119.545,824.88,0
119.55,824.88,0
119.555,862.95,0
119.56,862.95,0
119.565,921.94,0
119.57,921.94,0
119.575,936.97,0
119.58,936.97,0
119.585,952.33,0
119.59,952.33,0
119.595,931.15,0
119.6,931.15,0
119.605,1001.37,0
119.61,1001.37,0
119.615,1081.05,0
119.62,1081.05,0
119.625,933.6,0
119.63,933.6,0
119.635,994.66,0
119.64,994.66,0
119.645,975.25,0
119.65,975.25,0
119.655,975.25,0
119.66,975.25,0
119.665,824.92,0
119.67,910.27,0
119.675,987.42,0
119.68,987.42,0
119.685,900.02,0
119.69,900.02,0
119.695,874.84,0
119.7,845.19,0
119.705,845.19,0
119.71,875.64,0
119.715,875.64,0
119.72,862.32,0
119.725,875.26,0
119.73,969.71,0
119.735,932.92,0
119.74,932.92,0
119.745,930.59,0
119.75,983.72,0
119.755,866.6,0
119.76,983.72,0
119.765,1011.97,0
119.77,1011.97,0
119.775,1011.97,0
119.78,1011.97,0
119.785,1044.09,0
119.79,1044.09,0
119.795,1010.83,0
119.8,1010.83,0
119.805,1056.91,0
119.81,1056.91,0
119.815,1057.39,0
119.82,1057.39,0
119.825,971.59,0
119.83,1014.95,0
119.835,1065.59,0
119.84,1065.59,0
119.845,959.54,0
119.85,1082.96,0
119.855,1088.52,0
119.86,1088.52,0
119.865,982.81,0
119.87,1067.58,0
119.875,1067.58,0
119.88,1067.58,0
119.885,1058.72,0
119.89,1058.72,0
119.895,1056.92,0
119.9,1082.24,0
119.905,892.26,0
119.91,892.26,0
119.915,927.76,0
119.92,927.76,0
119.925,785.76,0
119.93,785.76,0
119.935,844.7,0
119.94,844.7,0
119.945,844.7,0
119.95,844.7,0
119.955,985.22,0
119.96,985.22,0
119.965,949.66,0
119.97,949.66,0
119.975,1004.85,0
119.98,1004.85,0
119.985,777.5,0
119.99,777.5,0
119.995,777.5,0
120.0,777.5,0
120.005,872.79,0
120.01,872.79,0
120.015,872.79,0
120.02,872.79,0
120.025,872.79,0
120.03,964.27,0
120.035,964.27,0
120.04,1027.68,0
120.045,1027.68,0
120.05,896.49,0
120.055,896.49,0
120.06,862.97,0
120.065,862.97,0
120.07,862.97,0
120.075,970.7,0
120.08,1032.7,0
120.085,978.82,0
120.09,805.97,0
120.095,921.29,0
120.1,921.29,0
120.105,921.29,0
120.11,895.17,0
120.115,895.17,0
120.12,895.17,0
120.125,895.17,0
120.13,886.67,0
120.135,893.36,0
120.14,893.36,0
120.145,893.36,0
120.15,-28.57,0
120.155,-71.09,0
120.16,-71.09,0
120.165,-71.09,0
120.17,10.21,0
120.175,10.21,0
120.18,10.21,0
120.185,10.21,0
120.19,-63.14,0
120.195,863.0,0
120.2,-40.45,0
120.205,-40.45,0
120.21,-121.2,0
120.215,-49.94,0
120.22,-121.2,0
120.225,-121.2,0
120.23,-121.2,0
120.235,931.34,0
120.24,-545.99,0
120.245,-49.94,0
120.25,-366.9,0
120.255,-366.9,0
120.26,615.37,0
120.265,615.37,0
120.27,297.16,0
120.275,297.16,0
120.28,430.4,0
120.285,430.4,0
120.29,276.59,0
120.295,276.59,0
120.3,67.51,0
120.305,67.51,0
120.31,155.66,0
120.315,155.66,0
120.32,-597.75,0
120.325,-597.75,0
120.33,-857.26,0
120.335,-857.26,0
120.34,-857.26,0
120.345,-857.26,0
120.35,-857.26,0
120.355,-1530.93,0
120.36,-1530.93,0
120.365,-1530.93,0
120.37,-1624.62,0
120.375,-1624.62,0
120.38,-1481.26,0
120.385,-1481.26,0
120.39,-1816.88,0
120.395,-1816.88,0
120.4,-2542.65,0
120.405,-2603.08,0
120.41,-2679.58,0
120.415,-2838.85,0
120.42,-2838.85,0
120.425,-2838.85,0
120.43,-2770.1,0
120.435,-3518.52,0
120.44,-3518.52,0
120.445,-3518.52,0
120.45,483.94,0
120.455,-3769.66,0
120.46,-3769.66,0
120.465,-3769.66,0
120.47,-3769.66,0
120.475,-3363.96,0
120.48,-3363.96,0
120.485,-596.8,0
120.49,-3682.5,0
120.495,-3793.15,0
120.5,-3793.15,0
120.505,-3793.15,0
120.51,-2779.98,0
120.515,-4254.95,0
120.52,-4254.95,0
120.525,-3622.25,0
120.53,-3622.25,0
120.535,-3622.25,0
120.54,-3695.77,0
120.545,-4286.13,0
120.55,-4286.13,0
120.555,-4286.13,0
120.56,-4286.13,0
120.565,-4286.13,0
120.57,-3938.36,0
120.575,-4286.13,0
120.58,-4584.93,0
120.585,-4584.93,0
120.59,-4788.92,0
120.595,-4788.92,0
120.6,-5112.97,0
120.605,-5112.97,0
120.61,-5485.14,0
120.615,-5485.14,0
120.62,-5523.78,0
120.625,-5523.78,0
120.63,-5523.78,0
120.635,-5523.78,0
120.64,-5523.78,0
120.645,-5075.1,0
120.65,-5075.1,0
120.655,-4584.93,0
120.66,-4801.43,0
120.665,-4801.43,0
120.67,-5073.86,0
120.675,-5073.86,0
120.68,-5804.41,0
120.685,-5804.41,0
120.69,-5804.41,0
120.695,-5804.41,0
120.7,-6551.58,0
120.705,-6551.58,0
120.71,-6859.54,0
120.715,-6859.54,0
120.72,-5432.56,0
120.725,-7116.98,0
120.73,-7622.88,0
120.735,-7622.88,0
120.74,-7622.88,0
120.745,-7622.88,0
120.75,-7386.95,0
120.755,-7386.95,0
120.76,-6920.66,0
120.765,-6716.88,0
120.77,-6716.88,0
120.775,-6532.49,0
120.78,-6532.49,0
120.785,-6532.49,0
120.79,-7166.17,0
120.795,-6769.1,0
120.8,-6769.1,0
120.805,-4774.46,0
120.81,-6392.93,0
120.815,-6702.33,0
120.82,-6702.33,0
120.825,-5784.51,0
120.83,-7076.48,0
120.835,-6819.34,0
120.84,-6819.34,0
120.845,-7107.65,0
120.85,-7107.65,0
120.855,-7424.9,0
120.86,-7424.9,0
120.865,-6734.7,0
120.87,-6734.7,0
120.875,-6031.71,0
120.88,-6031.71,0
120.885,-5924.01,0
120.89,-5924.01,0
120.895,-5774.32,0
120.9,-7259.5,0
120.905,-5774.32,0
120.91,-5774.32,0
120.915,-5279.73,0
120.92,-5279.73,0
120.925,-5178.89,0
120.93,-5178.89,0
120.935,-5842.92,0
120.94,-6619.73,0
120.945,-4927.88,0
120.95,-4927.88,0
120.955,-4927.88,0
120.96,-511.66,0
120.965,-511.66,0
120.97,-511.66,0
120.975,-511.66,0
120.98,-248.84,0
120.985,-188.71,0
120.99,-188.71,0
120.995,-77.91,0
121.0,-6986.94,0
121.005,-77.91,0
121.01,-446.34,0
121.015,-835.67,0
121.02,-835.67,0
121.025,-1538.52,0
121.03,-1538.52,0
121.035,-1600.2,0
121.04,-1600.2,0
121.045,-1600.2,0
121.05,-1473.08,0
121.055,-1363.82,0
121.06,-1363.82,0
121.065,-5876.75,0
121.07,-1667.14,0
121.075,-1373.15,0
121.08,-1373.15,0
121.085,-1385.68,0
121.09,-1385.68,0
121.095,-1385.68,0
121.1,-1330.85,0
121.105,-907.88,0
121.11,-907.88,0
121.115,-1506.37,0
121.12,-1506.37,0
121.125,-1506.37,0
121.13,-1794.77,0
121.135,-1794.77,0
121.14,-1794.77,0
121.145,-1794.77,0
121.15,-1777.35,0
121.155,-1777.35,0
121.16,-1628.13,0
121.165,-1628.13,0
121.17,-1979.32,0
121.175,-1979.32,0
121.18,-1963.61,0
121.185,-1963.61,0
121.19,-1963.61,0
121.195,-1651.18,0
121.2,-1651.18,0
121.205,-1651.18,0
121.21,-1811.17,0
121.215,-1866.98,0
121.22,-1558.65,0
121.225,-1807.91,0
121.23,-1807.91,0
121.235,-1807.91,0
121.24,-1634.28,0
121.245,-1634.28,0
121.25,-1843.56,0
121.255,-1987.16,0
121.26,-2026.91,0
121.265,-2026.91,0
121.27,-1874.5,0
121.275,-1990.41,0
121.28,-1719.21,0
121.285,-1719.21,0
121.29,-1719.21,0
121.295,-1988.94,0
121.3,-1988.94,0
121.305,-1807.91,0
121.31,-1840.03,0
121.315,-1500.5,0
121.32,-1500.5,0
121.325,-1144.73,0
121.33,-1144.73,0
121.335,-1912.28,0
121.34,-163.67,0
121.345,-163.67,0
121.35,-1143.53,0
121.355,-1143.53,0
121.36,-1143.53,0
121.365,-1143.53,0
121.37,-1143.53,0
121.375,-1660.87,0
121.38,-1005.23,0
121.385,-956.3,0
121.39,-956.3,0
121.395,-956.3,0
121.4,-971.56,0
121.405,-971.56,0
121.41,-971.56,0
121.415,-971.56,0
121.42,-957.87,0
121.425,-1009.79,0
121.43,-1009.79,0
121.435,-930.73,0
121.44,-930.73,0
121.445,-947.12,0
121.45,-1009.79,0
121.455,-947.12,0
121.46,-907.09,0
121.465,-623.16,0
121.47,-623.16,0
121.475,-346.13,0
121.48,-346.13,0
121.485,-999.36,0
121.49,-999.36,0
121.495,-944.95,0
121.5,-944.95,0
121.505,-956.08,0
121.51,-1048.88,0
121.515,-997.43,0
121.52,-997.43,0
121.525,-444.0,0
121.53,-932.13,0
121.535,-643.12,0
121.54,-643.12,0
121.545,-1020.08,0
121.55,-1020.08,0
121.555,-1287.61,0
121.56,-1287.61,0
121.565,-1317.33,0
121.57,-1317.33,0
121.575,-1317.33,0
121.58,-1317.33,0
121.585,-1018.95,0
121.59,-1161.32,0
121.595,-1115.64,0
121.6,-1115.64,0
121.605,-1115.64,0
121.61,-1115.64,0
121.615,-1057.34,0
121.62,-1057.34,0
121.625,-1049.43,0
121.63,-1049.43,0
121.635,-1048.46,0
121.64,-1020.39,0
121.645,-951.52,0
121.65,-951.52,0
121.655,-1088.58,0
121.66,-1088.58,0
121.665,-1567.03,0
121.67,-1567.03,0
121.675,-1027.2,0
121.68,-1027.2,0
121.685,-1060.19,0
121.69,-1060.19,0
121.695,-1060.19,0
121.7,-1031.92,0
121.705,-1133.45,0
121.71,-1133.45,0
121.715,-1133.45,0
121.72,-1042.45,0
121.725,-1099.54,0
121.73,-1099.54,0
121.735,-1099.54,0
121.74,-1001.92,0
121.745,-1001.92,0
121.75,-1001.92,0
121.755,-961.26,0
121.76,-961.26,0
121.765,-961.26,0
121.77,-836.51,0
121.775,-836.51,0
121.78,23.09,0
121.785,23.09,0
121.79,72.21,0
121.795,72.21,0
121.8,-15.88,0
121.805,-1168.18,0
121.81,-15.88,0
121.815,-15.88,0
121.82,93.28,0
121.825,93.28,0
121.83,159.53,0
121.835,159.53,0
121.84,310.37,0
121.845,310.37,0
121.85,435.75,0
121.855,435.75,0
121.86,473.04,0
121.865,473.04,0
121.87,510.73,0
121.875,510.73,0
121.88,763.95,0
121.885,763.95,0
121.89,1287.27,0
121.895,1287.27,0
121.9,1287.27,0
121.905,1287.27,0
121.91,1223.65,0
121.915,907.47,0
121.92,907.47,0
121.925,907.47,0
121.93,907.47,0
121.935,-931.4,0
121.94,175.8,0
121.945,725.99,0
121.95,554.04,0
121.955,523.75,0
121.96,523.75,0
121.965,677.24,0
121.97,677.24,0
121.975,75.45,0
121.98,677.24,0
121.985,677.24,0
121.99,495.27,0
121.995,684.95,0
122.0,607.98,0
122.005,607.98,0
122.01,224.6,0
122.015,224.6,0
122.02,224.6,0
122.025,224.6,0
122.03,405.73,0
122.035,224.6,0
122.04,628.05,0
122.045,1181.15,0
122.05,1181.15,0
122.055,726.02,0
122.06,1205.76,0
122.065,1205.76,0
122.07,1.96,0
122.075,1.96,0
122.08,359.06,0
122.085,359.06,0
122.09,624.59,0
122.095,624.59,0
122.1,624.59,0
122.105,624.59,0
122.11,555.51,0
122.115,555.51,0
122.12,1448.03,0
122.125,1448.03,0
122.13,628.35,0
122.135,1619.61,0
122.14,1630.86,0
122.145,1630.86,0
122.15,1630.86,0
122.155,1630.86,0
122.16,2413.36,0
122.165,2413.36,0
122.17,2552.87,0
122.175,2593.09,0
122.18,2593.09,0
122.185,2593.09,0
122.19,2474.64,0
122.195,2413.36,0
122.2,2474.64,0
122.205,2474.64,0
122.21,3524.04,0
122.215,3524.04,0
122.22,3544.2,0
122.225,3544.2,0
122.23,3458.24,0
122.235,4353.54,0
122.24,1448.37,0
122.245,4353.54,0
122.25,4353.54,0
122.255,4353.54,0
122.26,4524.96,0
122.265,4546.24,0
122.27,4546.24,0
122.275,4372.21,0
122.28,4372.21,0
122.285,4478.61,0
122.29,4478.61,0
122.295,4543.54,0
122.3,4543.54,0
122.305,4543.54,0
122.31,4536.99,0
122.315,4536.99,0
122.32,4339.11,0
122.325,4339.11,0
122.33,4467.25,0
122.335,4467.25,0
122.34,4534.08,0
122.345,4534.08,0
122.35,4534.08,0
122.355,4534.08,0
122.36,4530.53,0
122.365,4530.53,0
122.37,4327.47,0
122.375,4522.02,0
122.38,4522.02,0
122.385,4522.02,0
122.39,3416.53,0
122.395,4508.57,0
122.4,4359.05,0
122.405,4359.05,0
122.41,4450.11,0
122.415,4450.11,0
122.42,4523.07,0
122.425,4523.07,0
122.43,4516.95,0
122.435,4516.95,0
122.44,4516.95,0
122.445,4510.56,0
122.45,4105.51,0
122.455,4105.51,0
122.46,4201.94,0
122.465,4201.94,0
122.47,3830.33,0
122.475,3830.33,0
122.48,3830.33,0
122.485,3830.33,0
122.49,3852.74,0
122.495,3852.74,0
122.5,4173.0,0
122.505,4173.0,0
122.51,3809.86,0
122.515,4206.55,0
122.52,3362.87,0
122.525,3362.87,0
122.53,3070.52,0
122.535,3070.52,0
122.54,3070.52,0
122.545,2794.34,0
122.55,2794.34,0
122.555,2700.62,0
122.56,2700.62,0
122.565,2700.62,0
122.57,2072.4,0
122.575,2265.33,0
122.58,3623.47,0
122.585,4508.81,0
122.59,1815.1,0
122.595,-1214.17,0
122.6,-1214.17,0
122.605,-1761.59,0
122.61,-1761.59,0
122.615,-1728.98,0
122.62,-1728.98,0
122.625,-1728.98,0
122.63,5021.6,0
122.635,-2270.01,0
122.64,-2270.01,0
122.645,-2270.01,0
122.65,-2270.01,0
122.655,-2728.3,0
122.66,-2728.3,0
122.665,-2728.3,0
122.67,-2792.67,0
122.675,-3246.67,0
122.68,-3246.67,0
122.685,-3246.67,0
122.69,2380.0,0
122.695,-3744.89,0
122.7,-4191.43,0
122.705,-4191.43,0
122.71,-4429.01,0
122.715,-4429.01,0
122.72,-4450.45,0
122.725,2881.56,0
122.73,-5591.08,0
122.735,-5723.32,0
122.74,-5723.32,0
122.745,-5690.86,0
122.75,-5690.86,0
122.755,-1814.49,0
122.76,-6209.92,0
122.765,-6209.92,0
122.77,-6135.01,0
122.775,-6571.92,0
122.78,-6571.92,0
122.785,-6723.81,0
122.79,-6723.81,0
122.795,-6723.81,0
122.8,-6723.81,0
122.805,-6723.81,0
122.81,-6723.81,0
122.815,-6781.26,0
122.82,-2786.94,0
122.825,-6781.26,0
122.83,-6656.45,0
122.835,-6656.45,0
122.84,-3138.98,0
122.845,-6676.57,0
122.85,-6671.57,0
122.855,-6567.7,0
122.86,-6567.7,0
122.865,-6567.7,0
122.87,-6567.7,0
122.875,-6530.71,0
122.88,-6530.71,0
122.885,-6530.71,0
122.89,-6530.71,0
122.895,-6530.71,0
122.9,-6364.33,0
122.905,-6835.1,0
122.91,-6530.71,0
122.915,-6781.27,0
122.92,-6781.27,0
122.925,-6917.81,0
122.93,-6917.81,0
122.935,-6732.63,0
122.94,-6467.63,0
122.945,-7402.94,0
122.95,-7402.94,0
122.955,-7163.17,0
122.96,-7163.17,0
122.965,-7180.27,0
122.97,-7180.27,0
122.975,-7039.02,0
122.98,-7039.02,0
122.985,-7039.02,0
122.99,-7039.02,0
122.995,-7053.05,0
123.0,-7053.05,0
123.005,-7053.05,0
123.01,-6515.32,0
123.015,-7112.56,0
123.02,-7137.66,0
123.025,-7137.66,0
123.03,-7176.17,0
123.035,-7176.17,0
123.04,-7176.17,0
123.045,-7176.17,0
123.05,-7054.96,0
123.055,-7054.96,0
123.06,-7032.23,0
123.065,-7032.23,0
123.07,-6930.99,0
123.075,-6887.87,0
123.08,-6887.87,0
123.085,-6887.87,0
123.09,-6887.87,0
123.095,-6887.87,0
123.1,-6887.87,0
123.105,-6932.16,0
123.11,-6932.16,0
123.115,-7050.32,0
123.12,-6885.2,0
123.125,-6885.2,0
123.13,-6857.07,0
123.135,-6857.07,0
123.14,-6834.23,0
123.145,-6834.23,0
123.15,-6843.4,0
123.155,-6843.4,0
123.16,-6830.01,0
123.165,-6830.01,0
123.17,-6952.9,0
123.175,-6952.9,0
123.18,-6935.28,0
123.185,-6935.28,0
123.19,-7032.89,0
123.195,-7032.89,0
123.2,-6807.64,0
123.205,-6807.64,0
123.21,-6807.64,0
123.215,-6826.84,0
123.22,-6826.84,0
123.225,-6826.84,0
123.23,-6805.08,0
123.235,-6805.08,0
123.24,-6758.56,0
123.245,-6758.56,0
123.25,-6758.56,0
123.255,-6758.56,0
123.26,-6758.56,0
123.265,-6958.61,0
123.27,-6758.56,0
123.275,-6758.56,0
123.28,-6675.7,0
123.285,-6675.7,0
123.29,-6750.0,0
123.295,-6820.44,0
123.3,-6820.44,0
123.305,-6820.44,0
123.31,-6820.44,0
123.315,-6820.44,0
123.32,-7319.75,0
123.325,-6790.77,0
123.33,-7753.93,0
123.335,-7753.93,0
123.34,-7753.93,0
123.345,-6913.91,0
123.35,-6991.2,0
123.355,-8608.25,0
123.36,-6950.25,0
123.365,-7621.97,0
123.37,-7692.83,0
123.375,-6810.46,0
123.38,-7572.08,0
123.385,-7572.08,0
123.39,-7243.09,0
123.395,-6610.16,0
123.4,-6227.34,0
123.405,-6227.34,0
123.41,-6774.14,0
123.415,-1857.21,0
123.42,-1857.21,0
123.425,-1857.21,0
123.43,-1598.46,0
123.435,-1070.59,0
123.44,-6227.34,0
123.445,-7630.2,0
123.45,-827.13,0
123.455,-827.13,0
123.46,-685.26,0
123.465,-685.26,0
123.47,-6227.33,0
123.475,-917.09,0
123.48,-114.98,0
123.485,-114.98,0
123.49,153.69,0
123.495,245.64,0
123.5,245.64,0
123.505,377.26,0
123.51,377.26,0
123.515,929.4,0
123.52,929.4,0
123.525,929.4,0
123.53,1162.35,0
123.535,1162.35,0
123.54,1162.35,0
123.545,1162.35,0
123.55,1470.83,0
123.555,1965.41,0
123.56,1965.41,0
123.565,1724.1,0
123.57,1724.1,0
123.575,1724.1,0
123.58,2035.89,0
123.585,1864.52,0
123.59,2035.89,0
123.595,2035.89,0
123.6,2787.94,0
123.605,2787.94,0
123.61,2777.69,0
123.615,2836.87,0
123.62,2836.87,0
123.625,151.18,0
123.63,2718.2,0
123.635,2718.2,0
123.64,1153.54,0
123.645,2799.42,0
123.65,2706.52,0
123.655,2706.52,0
123.66,2758.04,0
123.665,2758.04,0
123.67,2584.37,0
123.675,2584.37,0
123.68,2916.54,0
123.685,2916.54,0
123.69,3461.51,0
123.695,3461.51,0
123.7,3698.6,0
123.705,3698.6,0
123.71,4328.91,0
123.715,4328.91,0
123.72,4328.91,0
123.725,4328.91,0
123.73,4796.95,0
123.735,4839.91,0
123.74,5335.6,0
123.745,5334.47,0
123.75,207.12,0
123.755,5334.47,0
123.76,5334.47,0
123.765,5334.47,0
123.77,6157.46,0
123.775,5790.96,0
123.78,5790.96,0
123.785,5790.96,0
123.79,5790.96,0
123.795,5790.96,0
123.8,5869.46,0
123.805,5898.62,0
123.81,2810.78,0
123.815,5898.62,0
123.82,5321.76,0
123.825,5111.96,0
123.83,4849.33,0
123.835,4849.33,0
123.84,5352.7,0
123.845,5352.7,0
123.85,5466.73,0
123.855,5466.73,0
123.86,5353.81,0
123.865,5353.81,0
123.87,5399.28,0
123.875,4789.13,0
123.88,5399.28,0
123.885,5399.28,0
123.89,5975.53,0
123.895,6254.5,0
123.9,6254.5,0
123.905,6245.16,0
123.91,6245.16,0
123.915,5352.7,0
123.92,6397.58,0
123.925,6397.58,0
123.93,6888.38,0
123.935,6888.38,0
123.94,7136.21,0
123.945,7132.01,0
123.95,5975.52,0
123.955,7132.01,0
123.96,7305.47,0
123.965,7305.47,0
123.97,8029.6,0
123.975,8029.6,0
123.98,8029.6,0
123.985,8029.6,0
123.99,8100.53,0
123.995,8279.49,0
124.0,2869.32,0
124.005,8998.29,0
124.01,8998.29,0
124.015,8998.29,0
124.02,9064.17,0
124.025,9064.17,0
124.03,9064.17,0
124.035,9064.17,0
124.04,9242.34,0
124.045,8502.64,0
124.05,9756.25,0
124.055,9756.25,0
124.06,9756.25,0
124.065,10027.84,0
124.07,10047.1,0
124.075,10047.1,0
124.08,10047.1,0
124.085,10047.1,0
124.09,9768.55,0
124.095,9768.55,0
124.1,9908.17,0
124.105,9908.17,0
124.11,10109.93,0
124.115,10109.93,0
124.12,10275.12,0
124.125,9960.49,0
124.13,3298.72,0
124.135,8439.97,0
124.14,9979.4,0
124.145,9979.4,0
124.15,9445.76,0
124.155,9445.76,0
124.16,8972.87,0
124.165,8972.87,0
124.17,8993.97,0
124.175,8993.97,0
124.18,9062.63,0
124.185,9062.63,0
124.19,9099.08,0
124.195,9099.08,0
124.2,9577.96,0
124.205,8982.39,0
124.21,10109.7,0
124.215,8170.38,0
124.22,8170.38,0
124.225,8170.38,0
124.23,158.75,0
124.235,158.75,0
124.24,158.75,0
124.245,158.75,0
124.25,158.75,0
124.255,-78.17,0
124.26,-78.17,0
124.265,-81.92,0
124.27,-81.92,0
124.275,-81.92,0
124.28,20.7,0
124.285,20.7,0
124.29,-48.85,1
124.295,-131.91,0
124.3,-131.91,0
124.305,17.64,0
124.31,17.64,0
124.315,-68.34,0
124.32,-68.34,0
124.325,-68.34,0
124.33,-68.34,0
124.335,-42.91,0
124.34,-42.91,0
124.345,-135.09,0
124.35,-135.09,0
124.355,-135.09,0
124.36,-135.09,0
124.365,-142.89,0
124.37,-142.89,0
124.375,-211.61,0
124.38,-142.89,0
124.385,165.28,0
124.39,165.28,0
124.395,53.24,0
124.4,53.24,0
124.405,165.28,0
124.41,53.24,0
124.415,-214.98,0
124.42,-214.98,0
124.425,-198.07,0
124.43,-85.62,0
124.435,-76.94,0
124.44,-76.94,0
124.445,-147.43,0
124.45,-147.43,0
124.455,-92.06,0
124.46,-92.06,0
124.465,-65.45,0
124.47,-65.45,0
124.475,-50.56,0
124.48,-50.56,0
124.485,68.47,0
124.49,-94.85,0
124.495,142.73,0
124.5,142.73,0
124.505,-200.24,0
124.51,-200.24,0
124.515,126.59,0
124.52,-200.24,0
124.525,-200.24,0
124.53,-200.24,0
124.535,-18.62,0
124.54,-18.62,0
124.545,9.16,0
124.55,9.16,0
124.555,15.8,0
124.56,15.8,0
124.565,7.09,0
124.57,7.09,0
124.575,-25.61,0
124.58,-25.61,0
124.585,10.75,0
124.59,142.73,0
124.595,10.75,0
124.6,-31.5,0
124.605,-21.33,0
124.61,10.85,0
124.615,10.85,0
124.62,-7.97,0
124.625,-9.82,0
124.63,5.81,0
124.635,-3.14,0
124.64,-3.14,0
124.645,-0.97,0
124.65,-3.14,0
124.655,-3.14,0
124.66,13.59,0
124.665,13.59,0
124.67,72.87,0
124.675,72.87,0
124.68,53.78,0
124.685,53.78,0
124.69,53.78,0
124.695,53.78,0
124.7,53.78,0
124.705,53.78,0
124.71,-91.44,0
124.715,-91.44,0
124.72,-98.31,0
124.725,-98.31,0
124.73,-57.32,0
124.735,12.85,0
124.74,-15.78,0
124.745,-15.78,0
124.75,74.1,0
124.755,74.1,0
124.76,100.93,0
124.765,27.63,0
124.77,27.63,0
124.775,27.63,0
124.78,27.63,0
124.785,-122.11,0
124.79,-122.11,0
124.795,-190.0,0
124.8,-190.0,0
124.805,80.07,0
124.81,33.98,0
124.815,80.07,0
124.82,80.07,0
124.825,80.07,0
124.83,81.73,0
124.835,81.73,0
124.84,12.18,0
124.845,12.18,0
124.85,-39.26,0
124.855,-1.65,0
124.86,81.73,0
124.865,-73.35,0
124.87,-73.35,0
124.875,-73.35,0
124.88,-141.41,0
124.885,-31.15,0
124.89,-20.6,0
124.895,-20.6,0
124.9,-1.95,0
124.905,-1.95,0
124.91,5.7,0
124.915,98.84,0
124.92,-27.28,0
124.925,-27.28,0
124.93,12.16,0
124.935,-51.17,0
124.94,-3.5,0
124.945,14.56,0
124.95,-96.39,0
124.955,-3.98,0
124.96,-2.86,0
124.965,6.58,0
124.97,6.58,0
124.975,6.58,0
124.98,17.95,0
124.985,13.16,0
124.99,-23.31,0
124.995,20.28,0
125.0,20.28,0
125.005,16.46,0
125.01,16.46,0
125.015,-27.28,0
125.02,25.57,0
125.025,10.5,0
125.03,10.5,0
125.035,10.42,0
125.04,10.42,0
125.045,17.11,0
125.05,17.11,0
125.055,17.76,0
125.06,17.76,0
125.065,8.97,0
125.07,8.97,0
125.075,9.7,0
125.08,9.7,0
125.085,3.65,0
125.09,3.65,0
125.095,3.65,0
125.1,3.65,0
125.105,10.96,0
125.11,10.96,0
125.115,2.01,0
125.12,2.01,0
125.125,-0.24,0
125.13,-0.24,0
125.135,11.26,0
125.14,11.26,0
125.145,11.26,0
125.15,11.26,0
125.155,3.51,0
125.16,3.51,0
125.165,20.88,0
125.17,20.88,0
125.175,-1.24,0
125.18,-1.24,0
125.185,9.08,0
125.19,21.7,0
125.195,2.86,0
125.2,2.86,0
125.205,29.06,0
125.21,29.06,0
125.215,-1.99,0
125.22,-1.99,0
125.225,-1.99,0
125.23,17.6,0
125.235,18.38,0
125.24,18.38,0
125.245,45.99,0
125.25,45.99,0
125.255,55.78,0
125.26,55.78,0
125.265,55.78,0
125.27,55.78,0
125.275,46.84,0
125.28,46.84,0
125.285,28.29,0
125.29,23.53,0
125.295,48.85,0
125.3,48.85,0
125.305,38.37,0
125.31,38.37,0
125.315,-5.05,0
125.32,38.37,0
125.325,44.33,0
125.33,44.33,0
125.335,18.55,0
125.34,18.55,0
125.345,21.04,0
125.35,21.04,0
125.355,21.04,0
125.36,0.67,0
125.365,23.53,0
125.37,6.83,0
125.375,48.85,0
125.38,33.44,0
125.385,2.1,0
125.39,-15.12,0
125.395,-15.12,0
125.4,71.97,0
125.405,12.03,0
125.41,6.67,0
125.415,2.32,0
125.42,9.2,0
125.425,20.61,0
125.43,20.61,0
125.435,20.61,0
125.44,20.61,0
125.445,-9.51,0
125.45,-9.51,0
125.455,-33.14,0
125.46,54.86,0
125.465,-33.14,0
125.47,-56.36,0
125.475,28.98,0
125.48,28.98,0
125.485,28.98,0
125.49,78.09,0
125.495,6.99,0
125.5,57.56,0
125.505,70.62,0
125.51,70.62,0
125.515,70.62,0
125.52,6.66,0
125.525,88.79,0
125.53,64.96,0
125.535,105.48,0
125.54,105.48,0
125.545,105.48,0
125.55,281.6,0
125.555,281.6,0
125.56,281.6,0
125.565,281.6,0
125.57,190.16,0
125.575,190.16,0
125.58,-234.39,0
125.585,-33.58,0
125.59,-418.68,0
125.595,281.6,0
125.6,-163.53,0
125.605,-163.53,0
125.61,-163.53,0
125.615,-163.53,0
125.62,-3.76,0
125.625,-3.76,0
125.63,99.51,0
125.635,99.51,0
125.64,78.04,0
125.645,78.04,0
125.65,152.78,0
125.655,26.92,0
125.66,152.78,0
125.665,152.78,0
125.67,88.94,0
125.675,-163.53,0
125.68,39.73,0
125.685,39.73,0
125.69,-23.09,0
125.695,-23.09,0
125.7,-16.55,0
125.705,-234.39,0
125.71,43.13,0
125.715,43.13,0
125.72,96.12,0
125.725,-549.2,0
125.73,-667.22,0
125.735,-667.22,0
125.74,-1285.09,0
125.745,-1285.09,0
125.75,-1133.79,0
125.755,-513.34,0
125.76,-513.34,0
125.765,-513.34,0
125.77,-73.14,0
125.775,-73.14,0
125.78,589.42,0
125.785,520.36,0
125.79,520.36,0
125.795,520.36,0
125.8,195.9,0
125.805,195.9,0
125.81,37.62,0
125.815,37.62,0
125.82,159.39,0
125.825,524.14,0
125.83,524.14,0
125.835,-711.88,0
125.84,-711.88,0
125.845,-650.06,0
125.85,-650.06,0
125.855,-96.74,0
125.86,-96.74,0
125.865,-96.74,0
125.87,-266.42,0
125.875,-1572.37,0
125.88,-1572.37,0
125.885,-1812.27,0
125.89,71.88,0
125.895,-1797.61,0
125.9,-1797.61,0
125.905,-1629.17,0
125.91,-1629.17,0
125.915,-1724.43,0
125.92,-1724.43,0
125.925,-1276.2,0
125.93,-266.42,0
125.935,-1066.8,0
125.94,-1066.8,0
125.945,-1066.8,0
125.95,-631.85,0
125.955,-794.83,0
125.96,-794.83,0
125.965,-265.16,0
125.97,-265.16,0
125.975,-102.81,0
125.98,-102.81,0
125.985,103.39,0
125.99,103.39,0
125.995,190.54,0
126.0,190.54,0
126.005,190.54,0
126.01,179.18,0
126.015,673.23,0
126.02,673.23,0
126.025,1193.6,0
126.03,1193.6,0
126.035,1193.6,0
126.04,1193.6,0
126.045,1193.6,0
126.05,1193.6,0
126.055,177.47,0
126.06,177.47,0
126.065,-1015.79,0
126.07,-1015.79,0
126.075,-869.21,0
126.08,-1581.0,0
126.085,-1581.0,0
126.09,-1851.61,0
126.095,-1851.61,0
126.1,-1666.98,0
126.105,-1162.3,0
126.11,-1162.3,0
126.115,-1162.3,0
126.12,-1717.37,0
126.125,-1717.37,0
126.13,-1330.79,0
126.135,-1097.2,0
126.14,-1097.2,0
126.145,-927.55,0
126.15,-927.55,0
126.155,-1864.5,0
126.16,-623.38,0
126.165,-1581.0,0
126.17,-1203.79,0
126.175,-1166.42,0
126.18,177.43,0
126.185,-836.45,0
126.19,-836.45,0
126.195,-836.45,0
126.2,-915.61,0
126.205,-915.61,0
126.21,-915.61,0
126.215,-263.04,0
126.22,-263.04,0
126.225,-362.29,0
126.23,-362.29,0
126.235,-621.69,0
126.24,-621.69,0
126.245,-621.69,0
126.25,-621.69,0
126.255,-621.69,0
126.26,-621.69,0
126.265,392.14,0
126.27,-348.77,0
126.275,-836.45,0
126.28,516.69,0
126.285,205.71,0
126.29,205.71,0
126.295,438.95,0
126.3,438.95,0
126.305,354.08,0
126.31,354.08,0
126.315,178.19,0
126.32,178.19,0
126.325,178.19,0
126.33,178.19,0
126.335,-148.6,0
126.34,-148.6,0
126.345,-106.05,0
126.35,-106.05,0
126.355,-242.56,0
126.36,-242.56,0
126.365,-242.56,0
126.37,-135.37,0
126.375,354.08,0
126.38,-60.35,0
126.385,-60.35,0
126.39,-242.56,0
126.395,-34.45,0
126.4,-106.05,0
126.405,-57.18,0
126.41,370.54,0
126.415,-411.55,0
126.42,-411.55,0
126.425,-216.76,0
126.43,-216.76,0
126.435,-216.76,0
126.44,47.68,0
126.445,47.68,0
126.45,-232.89,0
126.455,-232.89,0
126.46,-944.92,0
126.465,-944.92,0
126.47,-1436.92,0
126.475,-1436.92,0
126.48,-1298.55,0
126.485,-944.92,0
126.49,48.6,0
126.495,-1338.45,0
126.5,-1338.45,0
126.505,-1338.45,0
126.51,-1416.28,0
126.515,-1347.97,0
126.52,-1347.97,0
126.525,-1347.97,0
126.53,-1347.97,0
126.535,-1347.97,0
126.54,-1347.97,0
126.545,-1347.97,0
126.55,-1413.01,0
126.555,-77.54,0
126.56,-1355.23,0
126.565,-1355.23,0
126.57,-1530.05,0
126.575,-1530.05,0
126.58,-1625.11,0
126.585,-501.38,0
126.59,-281.72,0
126.595,-281.72,0
126.6,-465.21,0
126.605,-465.21,0
126.61,-498.9,0
126.615,-498.9,0
126.62,-458.95,0
126.625,-1299.08,0
126.63,493.67,0
126.635,-1355.23,0
126.64,499.61,0
126.645,499.61,0
126.65,72.71,0
126.655,72.71,0
126.66,290.98,0
126.665,290.98,0
126.67,798.76,0
126.675,798.76,0
126.68,1506.71,0
126.685,1506.71,0
126.69,1176.77,0
126.695,1176.77,0
126.7,1003.8,0
126.705,1003.8,0
126.71,1530.15,0
126.715,1530.15,0
126.72,1496.75,0
126.725,1496.75,0
126.73,-1364.7,0
126.735,1496.75,0
126.74,1496.75,0
126.745,1932.17,0
126.75,1932.17,0
126.755,2686.57,0
126.76,2490.99,0
126.765,2490.99,0
126.77,2309.23,0
126.775,2309.23,0
126.78,2309.23,0
126.785,2309.23,0
126.79,2528.56,0
126.795,2528.56,0
126.8,2556.01,0
126.805,2556.01,0
126.81,2320.22,0
126.815,2320.22,0
126.82,2915.87,0
126.825,2915.87,0
126.83,2915.87,0
126.835,2915.87,0
126.84,3454.46,0
126.845,3454.46,0
126.85,3483.18,0
126.855,3483.18,0
126.86,3899.28,0
126.865,3899.28,0
126.87,3899.28,0
126.875,3899.28,0
126.88,4634.02,0
126.885,4634.02,0
126.89,4287.02,0
126.895,4287.02,0
126.9,4287.02,0
126.905,4287.02,0
126.91,4287.02,0
126.915,4495.78,0
126.92,4495.78,0
126.925,4493.46,0
126.93,4493.46,0
126.935,4288.16,0
126.94,4288.16,0
126.945,4403.72,0
126.95,4403.72,0
126.955,4403.72,0
126.96,4403.72,0
126.965,4489.5,0
126.97,4489.5,0
126.975,4432.19,0
126.98,4390.0,0
126.985,3618.04,0
126.99,4465.18,0
126.995,4465.18,0
127.0,4486.44,0
127.005,4493.45,0
127.01,4381.14,0
127.015,3498.58,0
127.02,4381.14,0
127.025,4268.67,0
127.03,4398.3,0
127.035,4423.87,0
127.04,4380.07,0
127.045,4380.07,0
127.05,4380.07,0
127.055,4655.9,0
127.06,4655.9,0
127.065,5165.52,0
127.07,5165.52,0
127.075,5165.52,0
127.08,5165.52,0
127.085,4879.7,0
127.09,4879.7,0
127.095,5558.18,0
127.1,5558.18,0
127.105,5333.4,0
127.11,5255.63,0
127.115,5255.63,0
127.12,5255.63,0
127.125,5385.75,0
127.13,5584.08,0
127.135,5584.08,0
127.14,5186.52,0
127.145,5186.52,0
127.15,5540.84,0
127.155,5540.84,0
127.16,5540.84,0
127.165,5255.02,0
127.17,5255.02,0
127.175,6042.24,0
127.18,6250.99,0
127.185,6250.99,0
127.19,6166.36,0
127.195,6166.36,0
127.2,7109.86,0
127.205,7109.86,0
127.21,8002.24,0
127.215,8002.24,0
127.22,8153.24,0
127.225,8153.24,0
127.23,8153.24,0
127.235,8606.63,0
127.24,8318.73,0
127.245,8606.63,0
127.25,10031.72,0
127.255,10031.72,0
127.26,10237.65,0
127.265,10237.65,0
127.27,10237.65,0
127.275,10701.73,0
127.28,10701.73,0
127.285,10424.67,0
127.29,10424.67,0
127.295,10424.67,0
127.3,10424.67,0
127.305,11163.69,0
127.31,11163.69,0
127.315,11037.27,0
127.32,5264.4,0
127.325,11132.74,0
127.33,11132.74,0
127.335,6150.31,0
127.34,11102.78,0
127.345,11102.78,0
127.35,10984.31,0
127.355,10984.31,0
127.36,11385.86,0
127.365,11385.86,0
127.37,11385.86,0
127.375,11437.64,0
127.38,11437.64,0
127.385,11437.64,0
127.39,11437.64,0
127.395,11437.64,0
127.4,11591.45,0
127.405,11591.45,0
127.41,11591.45,0
127.415,11680.49,0
127.42,11680.49,0
127.425,11739.96,0
127.43,11739.96,0
127.435,11736.86,0
127.44,11736.86,0
127.445,11669.73,0
127.45,11669.73,0
127.455,11822.95,0
127.46,11681.73,0
127.465,9885.41,0
127.47,12904.56,0
127.475,11906.51,0
127.48,11480.87,0
127.485,11480.87,0
127.49,11480.87,0
127.495,228.99,0
127.5,228.99,0
127.505,12646.24,0
127.51,-265.88,0
127.515,131.74,0
127.52,131.74,0
127.525,-48.06,0
127.53,-48.06,0
127.535,-40.96,0
127.54,-40.96,0
127.545,11822.91,0
127.55,-40.74,0
127.555,-40.74,0
127.56,11738.61,0
127.565,-40.96,0
127.57,-20.83,0
127.575,-20.83,0
127.58,-20.83,0
127.585,-76.98,0
127.59,11796.31,0
127.595,-189.35,0
127.6,11869.93,0
127.605,-621.43,0
127.61,-621.43,0
127.615,-820.48,0
127.62,-820.48,0
127.625,-820.48,0
127.63,-820.48,0
127.635,-735.81,0
127.64,-735.81,0
127.645,-310.45,0
127.65,-49.13,0
127.655,-49.13,0
127.66,-49.13,0
127.665,70.85,0
127.67,70.85,0
127.675,-73.65,0
127.68,-73.65,0
127.685,107.21,0
127.69,-28.52,0
127.695,-19.66,0
127.7,-168.67,0
127.705,32.01,0
127.71,32.01,0
127.715,-53.08,0
127.72,-53.08,0
127.725,65.72,0
127.73,65.72,0
127.735,2.74,0
127.74,2.74,0
127.745,2.74,0
127.75,-28.52,0
127.755,-59.9,0
127.76,-59.9,0
127.765,-59.9,0
127.77,-59.9,0
127.775,-59.9,0
127.78,-0.07,0
127.785,54.14,0
127.79,54.14,0
127.795,-26.03,0
127.8,29.35,0
127.805,-49.14,0
127.81,262.06,0
127.815,262.06,0
127.82,262.06,0
127.825,81.4,0
127.83,81.4,0
127.835,-1.47,0
127.84,-1.47,0
127.845,-1.47,0
127.85,-1.47,0
127.855,-4.33,0
127.86,-4.33,0
127.865,-0.32,0
127.87,-0.32,0
127.875,-41.05,0
127.88,-41.05,0
127.885,-41.05,0
127.89,239.01,0
127.895,-46.96,0
127.9,-46.96,0
127.905,-230.66,0
127.91,-197.79,0
127.915,28.79,0
127.92,-197.79,0
127.925,0.92,0
127.93,-108.15,0
127.935,-141.36,0
127.94,237.29,0
127.945,292.69,0
127.95,-260.08,0
127.955,-260.08,0
127.96,-260.08,0
127.965,73.54,0
127.97,73.54,0
127.975,267.83,0
127.98,267.83,0
127.985,312.99,0
127.99,312.99,0
127.995,599.25,0
128.0,599.25,0
128.005,1069.25,0
128.01,1069.25,0
128.015,1069.25,0
128.02,1069.25,0
128.025,1337.3,0
128.03,1337.3,0
128.035,1730.32,0
128.04,1730.32,0
128.045,918.72,0
128.05,918.72,0
128.055,1235.13,0
128.06,1235.13,0
128.065,917.55,0
128.07,917.55,0
128.075,1266.81,0
128.08,-260.09,0
128.085,885.31,0
128.09,1053.81,0
128.095,1053.81,0
128.1,1053.81,0
128.105,1040.15,0
128.11,1040.15,0
128.115,1052.42,0
128.12,1019.73,0
128.125,-214.64,0
128.13,1019.73,0
128.135,1019.73,0
128.14,1019.73,0
128.145,1227.16,0
128.15,1227.16,0
128.155,1032.21,0
128.16,1032.21,0
128.165,977.92,0
128.17,977.92,0
128.175,971.22,0
128.18,885.31,0
128.185,971.22,0
128.19,971.22,0
128.195,209.68,0
128.2,209.68,0
128.205,197.56,0
128.21,197.56,0
128.215,574.97,0
128.22,28.93,0
128.225,1028.53,0
128.23,28.93,0
128.235,28.93,0
128.24,-321.01,0
128.245,-321.01,0
128.25,-61.24,0
128.255,-61.24,0
128.26,-61.24,0
128.265,-184.11,0
128.27,-184.11,0
128.275,-299.39,0
128.28,-299.39,0
128.285,58.24,0
128.29,-578.62,0
128.295,-578.62,0
128.3,1229.04,0
128.305,-92.62,0
128.31,1761.96,0
128.315,1761.96,0
128.32,1761.96,0
128.325,968.08,0
128.33,1623.22,0
128.335,2276.95,0
128.34,2276.95,0
128.345,2276.95,0
128.35,2276.95,0
128.355,2976.63,0
128.36,2713.41,0
128.365,2713.41,0
128.37,2741.98,0
128.375,2741.98,0
128.38,2741.98,0
128.385,2678.5,0
128.39,2678.5,0
128.395,2704.94,0
128.4,2704.94,0
128.405,2630.33,0
128.41,2629.63,0
128.415,2629.63,0
128.42,2629.63,0
128.425,2612.59,0
128.43,2612.59,0
128.435,2619.48,0
128.44,2619.48,0
128.445,2588.94,0
128.45,2549.57,0
128.455,2624.48,0
128.46,2624.48,0
128.465,2681.19,0
128.47,2681.19,0
128.475,2802.19,0
128.48,2802.19,0
128.485,2870.23,0
128.49,-98.5,0
128.495,2796.92,0
128.5,2796.92,0
128.505,1491.49,0
128.51,2818.75,0
128.515,2818.75,0
128.52,2818.75,0
128.525,2969.86,0
128.53,2940.71,0
128.535,2940.71,0
128.54,2947.3,0
128.545,2947.3,0
128.55,2947.3,0
128.555,3029.06,0
128.56,3029.06,0
128.565,3029.06,0
128.57,2940.71,0
128.575,3167.73,0
128.58,2954.28,0
128.585,2954.28,0
128.59,2961.18,0
128.595,2961.18,0
128.6,3059.93,0
128.605,3059.93,0
128.61,3059.93,0
128.615,2870.99,0
128.62,3028.05,0
128.625,3028.05,0
128.63,2932.35,0
128.635,2932.35,0
128.64,2656.06,0
128.645,2656.06,0
128.65,2822.52,0
128.655,2822.52,0
128.66,2822.52,0
128.665,2822.52,0
128.67,2762.31,0
128.675,2762.31,0
128.68,2762.31,0
128.685,2953.86,0
128.69,3167.38,0
128.695,2657.19,0
128.7,2961.8,0
128.705,2961.8,0
128.71,2961.8,0
128.715,3141.83,0
128.72,3141.83,0
128.725,3892.0,0
128.73,3892.0,0
128.735,4299.03,0
128.74,4299.03,0
128.745,4328.71,0
128.75,4328.71,0
128.755,4504.84,0
128.76,4504.84,0
128.765,4114.31,0
128.77,4114.31,0
128.775,4300.94,0
128.78,4300.94,0
128.785,4300.94,0
128.79,4300.94,0
128.795,4223.88,0
128.8,4223.88,0
128.805,3447.31,0
128.81,4300.94,0
128.815,3327.01,0
128.82,3406.89,0
128.825,1414.78,0
128.83,3406.89,0
128.835,3406.89,0
128.84,3162.6,0
128.845,3162.6,0
128.85,3765.73,0
128.855,3765.73,0
128.86,2847.42,0
128.865,2847.42,0
128.87,2847.42,0
128.875,2455.84,0
128.88,2455.84,0
128.885,2455.84,0
128.89,2455.84,0
128.895,2264.31,0
128.9,2362.54,0
128.905,1696.22,0
128.91,1696.22,0
128.915,1514.12,0
128.92,1514.12,0
128.925,1600.93,0
128.93,1600.93,0
128.935,4286.07,0
128.94,1600.93,0
128.945,1677.02,0
128.95,1677.02,0
128.955,1681.7,0
128.96,1681.7,0
128.965,1474.68,0
128.97,1474.68,0
128.975,1239.56,0
128.98,1202.0,0
128.985,1202.0,0
128.99,1202.0,0
128.995,1597.43,0
129.0,1597.43,0
129.005,1600.94,0
129.01,2197.52,0
129.015,2300.75,0
129.02,2300.75,0
129.025,1202.0,0
129.03,2114.55,0
129.035,1224.95,0
129.04,1224.95,0
129.045,720.56,0
129.05,720.56,0
129.055,2334.73,0
129.06,394.13,0
129.065,2334.73,0
129.07,1306.18,0
129.075,178.88,0
129.08,178.88,0
129.085,1481.53,0
129.09,1536.49,0
129.095,-654.36,0
129.1,-654.36,0
129.105,-541.82,0
129.11,-541.82,0
129.115,-658.44,0
129.12,-658.44,0
129.125,-432.92,0
129.13,1241.48,0
129.135,1319.93,0
129.14,1319.93,0
129.145,1599.05,0
129.15,1415.25,0
129.155,1503.95,0
129.16,1503.95,0
129.165,1503.95,0
129.17,1482.35,0
129.175,301.68,0
129.18,291.02,0
129.185,393.49,0
129.19,393.49,0
129.195,488.97,0
129.2,488.97,0
129.205,-151.95,0
129.21,-151.95,0
129.215,-651.5,0
129.22,-651.5,0
129.225,-472.46,0
129.23,-472.46,0
129.235,-488.93,0
129.24,-488.93,0
129.245,-1244.76,0
129.25,-1244.76,0
129.255,-1244.76,0
129.26,-1830.58,0
129.265,-1830.58,0
129.27,-2482.38,0
129.275,-2482.38,0
129.28,-2482.38,0
129.285,-2261.94,0
129.29,-2261.94,0
129.295,-2854.01,1
129.3,-2854.01,0
129.305,-2183.27,0
129.31,-2183.27,0
129.315,-2183.27,0
129.32,-2357.68,0
129.325,-2357.68,0
129.33,-2357.68,0
129.335,-2512.99,0
129.34,-2328.13,0
129.345,-2328.13,0
129.35,-2253.12,0
129.355,-2253.12,0
129.36,-2253.12,0
129.365,-2253.12,0
129.37,-1876.05,0
129.375,-1876.05,0
129.38,-2478.53,0
129.385,-2478.53,0
129.39,-2404.84,0
129.395,-2478.53,0
129.4,-2849.21,0
129.405,-2849.21,0
129.41,-2849.21,0
129.415,-2849.21,0
129.42,-2920.08,0
129.425,-2920.08,0
129.43,-1725.53,0
129.435,-2934.1,0
129.44,-2982.99,0
129.445,-2982.99,0
129.45,-3201.45,0
129.455,-3201.45,0
129.46,-2746.71,0
129.465,-2746.71,0
129.47,-2183.16,0
129.475,-2183.16,0
129.48,-2095.57,0
129.485,-2095.57,0
129.49,-2095.57,0
129.495,-1914.71,0
129.5,-1847.51,0
129.505,-1847.51,0
129.51,-1885.27,0
129.515,-1885.27,0
129.52,-1852.46,0
129.525,-1868.84,0
129.53,-1852.46,0
129.535,-1852.46,0
129.54,-1852.46,0
129.545,-1869.7,0
129.55,-1869.7,0
129.555,-1920.19,0
129.56,-2909.96,0
129.565,-1949.07,0
129.57,-1961.93,0
129.575,-1961.93,0
129.58,-1961.93,0
129.585,-1878.86,0
129.59,-1878.86,0
129.595,-1840.87,0
129.6,-1840.87,0
129.605,-1878.9,0
129.61,-1878.9,0
129.615,-1824.18,0
129.62,-1824.18,0
129.625,-1802.82,0
129.63,-1802.82,0
129.635,-1834.01,0
129.64,-1834.01,0
129.645,-1957.96,0
129.65,-1957.96,0
129.655,-1564.13,0
129.66,-1564.13,0
129.665,-1210.57,0
129.67,-1210.57,0
129.675,-1891.01,0
129.68,-1771.52,0
129.685,-1771.52,0
129.69,-1618.02,0
129.695,-1618.02,0
129.7,-1618.02,0
129.705,-1618.02,0
129.71,-1618.02,0
129.715,-1944.46,0
129.72,-1944.46,0
129.725,-2402.97,0
129.73,-2402.97,0
129.735,-1672.59,0
129.74,-1672.59,0
129.745,-1854.25,0
129.75,-1854.25,0
129.755,-1350.52,0
129.76,-1350.52,0
129.765,-2117.21,0
129.77,-2117.21,0
129.775,-2096.28,0
129.78,-2096.28,0
129.785,-2392.09,0
129.79,-2392.09,0
129.795,-2269.62,0
129.8,-2269.62,0
129.805,-2734.22,0
129.81,-2132.03,0
129.815,-2132.03,0
129.82,-2132.03,0
129.825,-1944.25,0
129.83,-2132.03,0
129.835,-1996.94,0
129.84,-1996.94,0
129.845,-2011.16,0
129.85,-2011.16,0
129.855,-2041.8,0
129.86,-2041.8,0
129.865,-1880.32,0
129.87,-1880.32,0
129.875,-1880.32,0
129.88,-1841.71,0
129.885,-1670.36,0
129.89,-1670.36,0
129.895,-1771.73,0
129.9,-1771.73,0
129.905,-1771.73,0
129.91,-1771.73,0
129.915,-1315.55,0
129.92,-1315.55,0
129.925,-1987.09,0
129.93,-1056.51,0
129.935,-1196.83,0
129.94,-2564.55,0
129.945,-1699.12,0
129.95,-2059.08,0
129.955,583.24,0
129.96,583.24,0
129.965,198.21,0
129.97,198.21,0
129.975,-56.42,0
129.98,-56.42,0
129.985,305.16,0
129.99,305.16,0
129.995,115.31,0
130.0,115.31,0
130.005,307.36,0
130.01,307.36,0
130.015,943.53,0
130.02,252.9,0
130.025,484.6,0
130.03,484.6,0
130.035,-53.86,0
130.04,-576.43,0
130.045,-576.43,0
130.05,-393.57,0
130.055,-393.57,0
130.06,-393.57,0
130.065,-571.93,0
130.07,-275.86,0
130.075,-1016.97,0
130.08,-1016.97,0
130.085,-1623.09,0
130.09,-1623.09,0
130.095,-1211.23,0
130.1,-1763.05,0
130.105,-1763.05,0
130.11,-1763.05,0
130.115,-1671.83,0
130.12,-1679.74,0
130.125,200.41,0
130.13,-1640.25,0
130.135,-1620.86,0
130.14,-1593.35,0
130.145,-1593.35,0
130.15,-1593.35,0
130.155,-1593.35,0
130.16,-1466.74,0
130.165,-1466.74,0
130.17,589.13,0
130.175,-1440.18,0
130.18,-1623.81,0
130.185,-1623.81,0
130.19,-1446.39,0
130.195,-1446.39,0
130.2,-1565.03,0
130.205,-1391.49,0
130.21,-1391.49,0
130.215,-1322.7,0
130.22,-1565.03,0
130.225,-2066.69,0
130.23,-2066.69,0
130.235,-1971.63,0
130.24,-1971.63,0
130.245,-1585.37,0
130.25,-1491.32,0
130.255,-1524.81,0
130.26,-1583.29,0
130.265,-1478.93,0
130.27,-1478.93,0
130.275,-1478.93,0
130.28,-1478.93,0
130.285,-1969.17,0
130.29,-1969.17,0
130.295,-2145.86,0
130.3,-2145.86,0
130.305,-2064.73,0
130.31,-2064.73,0
130.315,-2085.94,0
130.32,-2085.94,0
130.325,-2085.94,0
130.33,-2097.48,0
130.335,-2097.48,0
130.34,-2243.31,0
130.345,-2243.31,0
130.35,-2243.31,0
130.355,-143.81,0
130.36,-1312.61,0
130.365,-2590.08,0
130.37,-2243.62,0
130.375,-2243.62,0
130.38,-1651.61,0
130.385,-1651.61,0
130.39,-1844.36,0
130.395,-2065.25,0
130.4,-1611.81,0
130.405,-1611.81,0
130.41,-1980.83,0
130.415,-1980.83,0
130.42,-1980.83,0
130.425,-2028.64,0
130.43,-2028.64,0
130.435,-1799.75,0
130.44,-1799.75,0
130.445,-1416.17,0
130.45,-1849.2,0
130.455,-1849.2,0
130.46,-1849.2,0
130.465,-1849.2,0
130.47,-2248.23,0
130.475,-2248.23,0
130.48,-2347.82,0
130.485,-1694.13,0
130.49,-1694.13,0
130.495,-1694.13,0
130.5,-1694.13,0
130.505,-2171.78,0
130.51,-2530.84,0
130.515,-1646.82,0
130.52,-2611.64,0
130.525,-2611.64,0
130.53,-2611.64,0
130.535,-3093.93,0
130.54,-3093.93,0
130.545,-3093.93,0
130.55,-3093.93,0
130.555,-1934.24,0
130.56,-4535.92,0
130.565,-4653.54,0
130.57,-4653.54,0
130.575,-3671.95,0
130.58,-3671.95,0
130.585,-3896.07,0
130.59,-3896.07,0
130.595,-4654.1,0
130.6,-4654.1,0
130.605,-4642.97,0
130.61,-4642.97,0
130.615,-4584.64,0
130.62,-4584.64,0
130.625,-3916.61,0
130.63,-2611.59,0
130.635,-3916.61,0
130.64,-3916.61,0
130.645,-4680.39,0
130.65,-4680.39,0
130.655,-4658.95,0
130.66,-4658.95,0
130.665,-4658.95,0
130.67,-4658.95,0
130.675,-4658.79,0
130.68,-4658.79,0
130.685,-4627.5,0
130.69,-4627.5,0
130.695,-4615.11,0
130.7,-4848.03,0
130.705,-4747.47,0
130.71,-4848.03,0
130.715,-4848.03,0
130.72,-4848.03,0
130.725,-4692.72,0
130.73,-4638.93,0
130.735,-4723.08,0
130.74,-4723.08,0
130.745,-4972.73,0
130.75,-4972.73,0
130.755,-5619.64,0
130.76,-5619.64,0
130.765,-831.52,0
130.77,-831.52,0
130.775,-831.52,0
130.78,-831.52,0
130.785,-4752.48,0
130.79,-5619.64,0
130.795,-4972.73,0
130.8,-901.57,0
130.805,-901.57,0
130.81,-901.57,0
130.815,-551.84,0
130.82,-551.84,0
130.825,-650.74,0
130.83,-650.74,0
130.835,-892.81,0
130.84,-1075.58,0
130.845,-1075.58,0
130.85,-1075.58,0
130.855,-1578.89,0
130.86,-1578.89,0
130.865,-2003.61,0
130.87,-2003.61,0
130.875,-2003.61,0
130.88,-2003.61,0
130.885,-2146.05,0
130.89,-2146.05,0
130.895,-2214.49,0
130.9,-2214.49,0
130.905,-3069.97,0
130.91,-3069.97,0
130.915,-2988.78,0
130.92,-2988.78,0
130.925,-3402.83,0
130.93,-3402.83,0
130.935,-3865.95,0
130.94,-3865.95,0
130.945,-2214.49,0
130.95,-3667.31,0
130.955,-3667.31,0
130.96,-3667.31,0
130.965,-3667.31,0
130.97,-3667.31,0
130.975,-3238.58,0
130.98,-3238.58,0
130.985,-2841.97,0
130.99,-2841.97,0
130.995,-2511.06,0
131.0,-2511.06,0
131.005,-2677.49,0
131.01,-2677.49,0
131.015,-2677.49,0
131.02,-3213.77,0
131.025,-3213.77,0
131.03,-2762.69,0
131.035,-2762.69,0
131.04,-2762.69,0
131.045,-2833.23,0
131.05,-2978.72,0
131.055,-2677.49,0
131.06,-2978.72,0
131.065,-3047.97,0
131.07,-2623.63,0
131.075,-3136.9,0
131.08,-3136.9,0
131.085,-3115.69,0
131.09,-2833.23,0
131.095,-3115.69,0
131.1,-3115.69,0
131.105,-2936.4,0
131.11,-2936.4,0
131.115,-2836.67,0
131.12,-2836.67,0
131.125,-3378.45,0
131.13,-3378.45,0
131.135,-3378.45,0
131.14,-3378.45,0
131.145,-3378.45,0
131.15,-3378.45,0
131.155,-3113.42,0
131.16,-3113.42,0
131.165,-3079.9,0
131.17,-3079.9,0
131.175,-3087.73,0
131.18,-3087.73,0
131.185,-3102.8,0
131.19,-3102.8,0
131.195,-3124.67,0
131.2,-3138.49,0
131.205,-3138.49,0
131.21,-3138.49,0
131.215,-3111.29,0
131.22,-3111.29,0
131.225,-3201.81,0
131.23,-3201.81,0
131.235,-3335.87,0
131.24,-3215.52,0
131.245,-3215.52,0
131.25,-3052.24,0
131.255,-3120.3,0
131.26,-3052.24,0
131.265,-3120.3,0
131.27,-3120.3,0
131.275,-3083.38,0
131.28,-3083.38,0
131.285,-2985.82,0
131.29,-2972.2,0
131.295,-2972.2,0
131.3,-2972.2,0
131.305,-3014.62,0
131.31,-3014.62,0
131.315,-2926.41,0
131.32,-2926.41,0
131.325,-2957.85,0
131.33,-2957.85,0
131.335,-2976.75,0
131.34,-3004.17,0
131.345,-2976.75,0
131.35,-2976.75,0
131.355,-2969.55,0
131.36,-3048.43,0
131.365,-2808.07,0
131.37,-3010.85,0
131.375,-2808.07,0
131.38,-3277.8,0
131.385,-2890.74,0
131.39,-2890.74,0
131.395,-2907.58,0
131.4,-2813.59,0
131.405,-2813.59,0
131.41,-2813.59,0
131.415,-2833.96,0
131.42,-2799.47,0
131.425,-2844.59,0
131.43,-3015.48,0
131.435,-2887.92,0
131.44,-2751.93,0
131.445,-2936.07,0
131.45,-2751.93,0
131.455,-3018.19,0
131.46,-2873.94,0
131.465,-2858.87,0
131.47,-2858.87,0
131.475,-2911.18,0
131.48,-2956.7,0
131.485,-2956.7,0
131.49,-2949.86,0
131.495,-2949.86,0
131.5,-2949.86,0
131.505,-3011.1,0
131.51,-2887.93,0
131.515,-3004.84,0
131.52,-3004.84,0
131.525,-2989.31,0
131.53,-2989.31,0
131.535,-2989.31,0
131.54,-2989.31,0
131.545,-3042.65,0
131.55,-3042.65,0
131.555,-3066.59,0
131.56,-3039.84,0
131.565,-3039.84,0
131.57,-3018.32,0
131.575,-3018.32,0
131.58,-2732.78,0
131.585,-2991.18,0
131.59,-97.09,0
131.595,-97.09,0
131.6,-3039.84,0
131.605,-148.99,0
131.61,-68.74,0
131.615,-68.74,0
131.62,-17.8,0
131.625,-17.8,0
131.63,-2989.33,0
131.635,-18.31,0
131.64,-3062.78,0
131.645,-18.31,0
131.65,-2975.47,0
131.655,-33.24,0
131.66,-33.24,0
131.665,-77.99,0
131.67,-77.99,0
131.675,-77.99,0
131.68,-2985.98,0
131.685,-30.37,0
131.69,-3094.03,0
131.695,-144.92,0
131.7,-144.92,0
131.705,-174.8,0
131.71,-174.8,0
131.715,-174.8,0
131.72,-3167.4,0
131.725,-156.29,0
131.73,-156.29,0
131.735,-194.83,0
131.74,-257.07,0
131.745,-257.07,0
131.75,-257.07,0
131.755,-250.91,0
131.76,-285.43,0
131.765,-285.43,0
131.77,-154.73,0
131.775,-154.73,0
131.78,-157.86,0
131.785,-157.86,0
131.79,-193.55,0
131.795,-83.62,0
131.8,-157.86,0
131.805,-157.86,0
131.81,-157.86,0
131.815,54.01,0
131.82,54.01,0
131.825,-0.2,0
131.83,-0.2,0
131.835,-233.7,0
131.84,-65.97,0
131.845,-139.61,0
131.85,-158.96,0
131.855,-155.01,0
131.86,-201.16,0
131.865,-201.16,0
131.87,-60.62,0
131.875,-281.38,0
131.88,-232.13,0
131.885,-232.13,0
131.89,-103.51,0
131.895,-103.51,0
131.9,-103.51,0
131.905,-103.51,0
131.91,-190.38,0
131.915,-103.51,0
131.92,-158.01,0
131.925,227.32,0
131.93,146.89,0
131.935,146.89,0
131.94,146.89,0
131.945,194.78,0
131.95,189.64,0
131.955,189.64,0
131.96,22.63,0
131.965,100.17,0
131.97,96.9,0
131.975,96.9,0
131.98,96.9,0
131.985,-65.34,0
131.99,139.63,0
131.995,139.63,0
132.0,90.09,0
132.005,96.9,0
132.01,60.58,0
132.015,60.58,0
132.02,-69.0,0
132.025,-69.0,0
132.03,-72.5,0
132.035,-69.0,0
132.04,-89.68,0
132.045,-77.07,0
132.05,-153.81,0
132.055,153.14,0
132.06,153.14,0
132.065,370.58,0
132.07,370.58,0
132.075,502.86,0
132.08,502.86,0
132.085,502.86,0
132.09,75.18,0
132.095,-325.53,0
132.1,203.74,0
132.105,-348.86,0
132.11,100.11,0
132.115,-465.56,0
132.12,-694.04,0
132.125,-694.04,0
132.13,83.42,0
132.135,-1548.52,0
132.14,-1548.52,0
132.145,-1576.55,0
132.15,-1576.55,0
132.155,-1464.41,0
132.16,-1464.41,0
132.165,-1663.61,0
132.17,-1663.61,0
132.175,-2497.15,0
132.18,-2497.15,0
132.185,-2431.67,0
132.19,-2808.99,0
132.195,-2808.99,0
132.2,-2808.99,0
132.205,-2808.99,0
132.21,-1563.51,0
132.215,-3732.46,0
132.22,354.42,0
132.225,-3807.96,0
132.23,-3807.96,0
132.235,-4122.13,0
132.24,-4122.13,0
132.245,-4122.13,0
132.25,-4122.13,0
132.255,-4122.13,0
132.26,-4122.13,0
132.265,-4221.89,0
132.27,-3867.26,0
132.275,-3867.26,0
132.28,-3607.2,0
132.285,-3607.2,0
132.29,-4018.53,0
132.295,-4018.53,0
132.3,-4430.17,0
132.305,-4430.17,0
132.31,-4290.41,0
132.315,-4290.41,0
132.32,-4290.41,0
132.325,-4471.57,0
132.33,-1640.62,0
132.335,-4417.81,0
132.34,-3675.34,0
132.345,-4657.95,0
132.35,-4657.95,0
132.355,-4552.05,0
132.36,-4532.7,0
132.365,-4532.7,0
132.37,-4532.7,0
132.375,-4528.65,0
132.38,-4528.65,0
132.385,-4636.28,0
132.39,-4636.28,0
132.395,-3994.75,0
132.4,-3994.75,0
132.405,-3994.75,0
132.41,-3994.75,0
132.415,-3994.75,0
132.42,-3994.75,0
132.425,402.58,0
132.43,469.23,0
132.435,398.58,0
132.44,398.58,0
132.445,426.26,0
132.45,426.26,0
132.455,332.68,0
132.46,332.68,0
132.465,212.01,0
132.47,212.01,0
132.475,164.5,0
132.48,164.5,0
132.485,99.99,0
132.49,99.99,0
132.495,188.09,0
132.5,188.09,0
132.505,207.36,0
132.51,365.56,0
132.515,-4247.22,0
132.52,234.21,0
132.525,234.21,0
132.53,234.21,0
132.535,234.21,0
132.54,234.21,0
132.545,672.32,0
132.55,672.32,0
132.555,1212.25,0
132.56,1212.25,0
132.565,1497.65,0
132.57,1497.65,0
132.575,1477.53,0
132.58,92.89,0
132.585,1477.53,0
132.59,2038.96,0
132.595,2038.96,0
132.6,2038.96,0
132.605,2246.04,0
132.61,2246.04,0
132.615,3579.66,0
132.62,4214.27,0
132.625,4214.27,0
132.63,4214.27,0
132.635,4413.09,0
132.64,4413.09,0
132.645,4583.89,0
132.65,4583.89,0
132.655,4583.89,0
132.66,4583.89,0
132.665,1212.21,0
132.67,4139.0,0
132.675,4810.77,0
132.68,5421.04,0
132.685,5421.04,0
132.69,5373.91,0
132.695,3246.04,0
132.7,5373.91,0
132.705,5373.91,0
132.71,5373.91,0
132.715,5791.0,0
132.72,5989.52,0
132.725,5989.52,0
132.73,5583.35,0
132.735,890.48,0
132.74,5711.82,0
132.745,5623.38,0
132.75,1295.5,0
132.755,3921.47,0
132.76,2223.26,0
132.765,6671.38,0
132.77,6477.35,0
132.775,6477.35,0
132.78,6477.35,0
132.785,4415.37,0
132.79,6611.05,0
132.795,6611.05,0
132.8,6496.57,0
132.805,6496.57,0
132.81,5898.29,0
132.815,5898.29,0
132.82,5439.0,0
132.825,5439.0,0
132.83,5313.43,0
132.835,5313.43,0
132.84,4989.17,0
132.845,4989.17,0
132.85,4989.17,0
132.855,4989.17,0
132.86,4989.17,0
132.865,4989.17,0
132.87,4427.34,0
132.875,4427.34,0
132.88,4198.91,0
132.885,4198.91,0
132.89,5654.35,0
132.895,4103.37,0
132.9,6807.3,0
132.905,3869.28,0
132.91,3869.28,0
132.915,3451.34,0
132.92,3451.34,0
132.925,3451.34,0
132.93,3451.34,0
132.935,3292.58,0
132.94,4657.78,0
132.945,3236.3,0
132.95,4167.06,0
132.955,4167.06,0
132.96,4167.06,0
132.965,4770.99,0
132.97,4770.99,0
132.975,4770.99,0
132.98,4770.99,0
132.985,4973.8,0
132.99,4973.8,0
132.995,4177.86,0
133.0,5944.18,0
133.005,5944.18,0
133.01,6103.02,0
133.015,6103.02,0
133.02,6103.02,0
133.025,6103.02,0
133.03,6103.02,0
133.035,6746.7,0
133.04,6746.7,0
133.045,5821.57,0
133.05,3235.73,0
133.055,6103.02,0
133.06,5919.06,0
133.065,5919.06,0
133.07,6035.48,0
133.075,6035.48,0
133.08,5615.02,0
133.085,5709.25,0
133.09,4484.73,0
133.095,5769.85,0
133.1,6035.48,0
133.105,5691.91,0
133.11,5691.91,0
133.115,5508.69,0
133.12,5508.69,0
133.125,5508.69,0
133.13,6071.45,0
133.135,5508.69,0
133.14,5508.69,0
133.145,4439.84,0
133.15,6137.29,0
133.155,6137.29,0
133.16,6072.74,0
133.165,6072.74,0
133.17,5903.6,0
133.175,6042.99,0
133.18,6064.82,0
133.185,6064.82,0
133.19,6064.82,0
133.195,6064.82,0
133.2,6011.89,0
133.205,6011.89,0
133.21,6066.84,0
133.215,6066.84,0
133.22,6066.84,0
133.225,219.2,0
133.23,219.2,0
133.235,219.2,0
133.24,219.2,0
133.245,219.2,0
133.25,109.16,0
133.255,109.16,0
133.26,133.45,0
133.265,133.45,0
133.27,133.45,0
133.275,207.26,0
133.28,207.26,0
133.285,217.86,0
133.29,217.86,0
133.295,168.31,0
133.3,168.31,0
133.305,198.38,0
133.31,6083.03,0
133.315,429.18,0
133.32,429.18,0
133.325,154.33,0
133.33,154.33,0
133.335,417.25,0
133.34,417.25,0
133.345,601.65,0
133.35,601.65,0
133.355,601.65,0
133.36,2847.77,0
133.365,549.41,0
133.37,549.41,0
133.375,1198.72,0
133.38,1198.72,0
133.385,1091.9,0
133.39,1091.9,0
133.395,677.9,0
133.4,677.9,0
133.405,677.9,0
133.41,631.22,0
133.415,631.22,0
133.42,242.22,0
133.425,242.22,0
133.43,969.92,0
133.435,969.92,0
133.44,633.24,0
133.445,633.24,0
133.45,633.24,0
133.455,592.57,0
133.46,429.59,0
133.465,737.08,0
133.47,846.32,0
133.475,846.32,0
133.48,846.32,0
133.485,731.6,0
133.49,737.08,0
133.495,262.9,0
133.5,262.9,0
133.505,135.92,0
133.51,135.92,0
133.515,471.09,0
133.52,-321.92,0
133.525,-321.92,0
133.53,-321.92,0
133.535,-695.73,0
133.54,-695.73,0
133.545,-741.66,0
133.55,-741.66,0
133.555,-160.29,0
133.56,-160.29,0
133.565,-259.96,0
133.57,-259.96,0
133.575,-259.96,0
133.58,113.36,0
133.585,-626.13,0
133.59,-626.13,0
133.595,-467.1,0
133.6,-467.1,0
133.605,-467.1,0
133.61,-467.1,0
133.615,-244.49,0
133.62,-244.49,0
133.625,-1695.65,0
133.63,-1695.65,0
133.635,-1695.65,0
133.64,-710.09,0
133.645,-928.76,0
133.65,-928.76,0
133.655,377.1,0
133.66,45.36,0
133.665,479.78,0
133.67,479.78,0
133.675,479.78,0
133.68,479.78,0
133.685,694.86,0
133.69,694.86,0
133.695,694.86,0
133.7,528.26,0
133.705,528.26,0
133.71,616.21,0
133.715,616.21,0
133.72,616.21,0
133.725,724.52,0
133.73,724.52,0
133.735,682.19,0
133.74,520.83,0
133.745,520.83,0
133.75,613.67,0
133.755,613.67,0
133.76,679.04,0
133.765,679.04,0
133.77,642.55,0
133.775,642.55,0
133.78,642.55,0
133.785,484.74,0
133.79,484.74,0
133.795,484.74,0
133.8,484.74,0
133.805,655.23,0
133.81,655.23,0
133.815,597.19,0
133.82,597.19,0
133.825,497.39,0
133.83,443.47,0
133.835,569.12,0
133.84,569.12,0
133.845,569.12,0
133.85,569.12,0
133.855,611.34,0
133.86,611.34,0
133.865,424.37,0
133.87,424.37,0
133.875,567.41,0
133.88,424.37,0
133.885,602.7,0
133.89,602.7,0
133.895,613.41,0
133.9,613.41,0
133.905,512.71,0
133.91,393.53,0
133.915,446.22,0
133.92,446.22,0
133.925,597.36,0
133.93,532.7,0
133.935,591.07,0
133.94,654.94,0
133.945,361.28,0
133.95,361.28,0
133.955,427.92,0
133.96,509.47,0
133.965,509.47,0
133.97,509.47,0
133.975,561.37,0
133.98,561.37,0
133.985,250.44,0
133.99,250.44,0
133.995,-74.31,0
134.0,-74.31,0
134.005,61.86,0
134.01,521.14,0
134.015,61.86,0
134.02,61.86,0
134.025,602.84,0
134.03,-44.8,0
134.035,646.41,0
134.04,746.17,0
134.045,1445.63,0
134.05,1445.63,0
134.055,1638.5,0
134.06,1638.5,0
134.065,1497.22,0
134.07,1497.22,0
134.075,428.04,0
134.08,1497.22,0
134.085,1239.06,0
134.09,1239.06,0
134.095,1270.59,0
134.1,1270.59,0
134.105,1245.68,0
134.11,1245.68,0
134.115,1313.87,0
134.12,1313.87,0
134.125,1313.87,0
134.13,1313.87,0
134.135,2068.78,0
134.14,2068.78,0
134.145,2068.78,0
134.15,2068.78,0
134.155,2241.75,0
134.16,2241.75,0
134.165,2514.68,0
134.17,2514.68,0
134.175,2514.68,0
134.18,2514.68,0
134.185,2514.68,0
134.19,3125.2,0
134.195,3125.2,0
134.2,3697.71,0
134.205,3697.71,0
134.21,4251.16,0
134.215,4251.16,0
134.22,4251.16,0
134.225,4251.16,0
134.23,4251.16,0
134.235,4251.16,0
134.24,3585.33,0
134.245,3585.33,0
134.25,3735.78,0
134.255,3735.78,0
134.26,3779.06,0
134.265,3779.06,0
134.27,3242.95,0
134.275,3242.95,0
134.28,3714.95,0
